query_id,parent_count,representation,condition,method,component_accuracy,parent_precision,parent_recall,parent_f1,parent_set_exact,component_set_exact
Q0092,2,OPCODE_3GRAM,CLEAN,B1_INDEPENDENT,0.16666666666666666,0.2,0.5,0.28571428571428575,False,False
Q0092,2,OPCODE_3GRAM,CLEAN,B2_EXACT_GLOBAL,0.3333333333333333,0.5,0.5,0.5,False,False
Q0092,2,OPCODE_3GRAM,CLEAN,B3_HARD_COMPONENT,0.5,0.5,0.5,0.5,False,False
Q0092,2,OPCODE_3GRAM,CLEAN,B4_SOFT_GRAPH,0.3333333333333333,0.5,0.5,0.5,False,False
Q0092,2,OPCODE_3GRAM,DROP30,B1_INDEPENDENT,0.16666666666666666,0.2,0.5,0.28571428571428575,False,False
Q0092,2,OPCODE_3GRAM,DROP30,B2_EXACT_GLOBAL,0.3333333333333333,0.5,0.5,0.5,False,False
Q0092,2,OPCODE_3GRAM,DROP30,B3_HARD_COMPONENT,0.16666666666666666,0.25,0.5,0.3333333333333333,False,False
Q0092,2,OPCODE_3GRAM,DROP30,B4_SOFT_GRAPH,0.16666666666666666,0.25,0.5,0.3333333333333333,False,False
Q0092,2,OPCODE_3GRAM,BRIDGE,B1_INDEPENDENT,0.16666666666666666,0.2,0.5,0.28571428571428575,False,False
Q0092,2,OPCODE_3GRAM,BRIDGE,B2_EXACT_GLOBAL,0.3333333333333333,0.5,0.5,0.5,False,False
Q0092,2,OPCODE_3GRAM,BRIDGE,B3_HARD_COMPONENT,0.5,1.0,0.5,0.6666666666666666,False,False
Q0092,2,OPCODE_3GRAM,BRIDGE,B4_SOFT_GRAPH,0.3333333333333333,0.5,0.5,0.5,False,False
Q0092,2,OPCODE_3GRAM,DROP30_BRIDGE,B1_INDEPENDENT,0.16666666666666666,0.2,0.5,0.28571428571428575,False,False
Q0092,2,OPCODE_3GRAM,DROP30_BRIDGE,B2_EXACT_GLOBAL,0.3333333333333333,0.5,0.5,0.5,False,False
Q0092,2,OPCODE_3GRAM,DROP30_BRIDGE,B3_HARD_COMPONENT,0.3333333333333333,0.5,0.5,0.5,False,False
Q0092,2,OPCODE_3GRAM,DROP30_BRIDGE,B4_SOFT_GRAPH,0.16666666666666666,0.3333333333333333,0.5,0.4,False,False
Q0092,2,OPCODE_STRUCT,CLEAN,B1_INDEPENDENT,0.16666666666666666,0.25,0.5,0.3333333333333333,False,False
Q0092,2,OPCODE_STRUCT,CLEAN,B2_EXACT_GLOBAL,0.16666666666666666,0.5,0.5,0.5,False,False
Q0092,2,OPCODE_STRUCT,CLEAN,B3_HARD_COMPONENT,0.5,0.5,0.5,0.5,False,False
Q0092,2,OPCODE_STRUCT,CLEAN,B4_SOFT_GRAPH,0.16666666666666666,0.5,0.5,0.5,False,False
Q0092,2,OPCODE_STRUCT,DROP30,B1_INDEPENDENT,0.16666666666666666,0.25,0.5,0.3333333333333333,False,False
Q0092,2,OPCODE_STRUCT,DROP30,B2_EXACT_GLOBAL,0.16666666666666666,0.5,0.5,0.5,False,False
Q0092,2,OPCODE_STRUCT,DROP30,B3_HARD_COMPONENT,0.16666666666666666,0.25,0.5,0.3333333333333333,False,False
Q0092,2,OPCODE_STRUCT,DROP30,B4_SOFT_GRAPH,0.16666666666666666,0.3333333333333333,0.5,0.4,False,False
Q0092,2,OPCODE_STRUCT,BRIDGE,B1_INDEPENDENT,0.16666666666666666,0.25,0.5,0.3333333333333333,False,False
Q0092,2,OPCODE_STRUCT,BRIDGE,B2_EXACT_GLOBAL,0.16666666666666666,0.5,0.5,0.5,False,False
Q0092,2,OPCODE_STRUCT,BRIDGE,B3_HARD_COMPONENT,0.5,1.0,0.5,0.6666666666666666,False,False
Q0092,2,OPCODE_STRUCT,BRIDGE,B4_SOFT_GRAPH,0.16666666666666666,0.5,0.5,0.5,False,False
Q0092,2,OPCODE_STRUCT,DROP30_BRIDGE,B1_INDEPENDENT,0.16666666666666666,0.25,0.5,0.3333333333333333,False,False
Q0092,2,OPCODE_STRUCT,DROP30_BRIDGE,B2_EXACT_GLOBAL,0.16666666666666666,0.5,0.5,0.5,False,False
Q0092,2,OPCODE_STRUCT,DROP30_BRIDGE,B3_HARD_COMPONENT,0.3333333333333333,0.3333333333333333,0.5,0.4,False,False
Q0092,2,OPCODE_STRUCT,DROP30_BRIDGE,B4_SOFT_GRAPH,0.16666666666666666,0.25,0.5,0.3333333333333333,False,False
Q0092,2,OPCODE_CONTEXT,CLEAN,B1_INDEPENDENT,0.3333333333333333,0.2,0.5,0.28571428571428575,False,False
Q0092,2,OPCODE_CONTEXT,CLEAN,B2_EXACT_GLOBAL,0.5,0.5,0.5,0.5,False,False
Q0092,2,OPCODE_CONTEXT,CLEAN,B3_HARD_COMPONENT,0.5,0.5,0.5,0.5,False,False
Q0092,2,OPCODE_CONTEXT,CLEAN,B4_SOFT_GRAPH,0.3333333333333333,0.2,0.5,0.28571428571428575,False,False
Q0092,2,OPCODE_CONTEXT,DROP30,B1_INDEPENDENT,0.3333333333333333,0.2,0.5,0.28571428571428575,False,False
Q0092,2,OPCODE_CONTEXT,DROP30,B2_EXACT_GLOBAL,0.5,0.5,0.5,0.5,False,False
Q0092,2,OPCODE_CONTEXT,DROP30,B3_HARD_COMPONENT,0.3333333333333333,0.3333333333333333,0.5,0.4,False,False
Q0092,2,OPCODE_CONTEXT,DROP30,B4_SOFT_GRAPH,0.3333333333333333,0.2,0.5,0.28571428571428575,False,False
Q0092,2,OPCODE_CONTEXT,BRIDGE,B1_INDEPENDENT,0.3333333333333333,0.2,0.5,0.28571428571428575,False,False
Q0092,2,OPCODE_CONTEXT,BRIDGE,B2_EXACT_GLOBAL,0.5,0.5,0.5,0.5,False,False
Q0092,2,OPCODE_CONTEXT,BRIDGE,B3_HARD_COMPONENT,0.5,1.0,0.5,0.6666666666666666,False,False
Q0092,2,OPCODE_CONTEXT,BRIDGE,B4_SOFT_GRAPH,0.3333333333333333,0.2,0.5,0.28571428571428575,False,False
Q0092,2,OPCODE_CONTEXT,DROP30_BRIDGE,B1_INDEPENDENT,0.3333333333333333,0.2,0.5,0.28571428571428575,False,False
Q0092,2,OPCODE_CONTEXT,DROP30_BRIDGE,B2_EXACT_GLOBAL,0.5,0.5,0.5,0.5,False,False
Q0092,2,OPCODE_CONTEXT,DROP30_BRIDGE,B3_HARD_COMPONENT,0.3333333333333333,0.3333333333333333,0.5,0.4,False,False
Q0092,2,OPCODE_CONTEXT,DROP30_BRIDGE,B4_SOFT_GRAPH,0.3333333333333333,0.2,0.5,0.28571428571428575,False,False
Q0048,2,OPCODE_3GRAM,CLEAN,B1_INDEPENDENT,0.5,0.25,0.5,0.3333333333333333,False,False
Q0048,2,OPCODE_3GRAM,CLEAN,B2_EXACT_GLOBAL,0.5,0.5,0.5,0.5,False,False
Q0048,2,OPCODE_3GRAM,CLEAN,B3_HARD_COMPONENT,0.5,0.5,0.5,0.5,False,False
Q0048,2,OPCODE_3GRAM,CLEAN,B4_SOFT_GRAPH,0.5,0.3333333333333333,0.5,0.4,False,False
Q0048,2,OPCODE_3GRAM,DROP30,B1_INDEPENDENT,0.5,0.25,0.5,0.3333333333333333,False,False
Q0048,2,OPCODE_3GRAM,DROP30,B2_EXACT_GLOBAL,0.5,0.5,0.5,0.5,False,False
Q0048,2,OPCODE_3GRAM,DROP30,B3_HARD_COMPONENT,0.5,0.5,0.5,0.5,False,False
Q0048,2,OPCODE_3GRAM,DROP30,B4_SOFT_GRAPH,0.5,0.3333333333333333,0.5,0.4,False,False
Q0048,2,OPCODE_3GRAM,BRIDGE,B1_INDEPENDENT,0.5,0.25,0.5,0.3333333333333333,False,False
Q0048,2,OPCODE_3GRAM,BRIDGE,B2_EXACT_GLOBAL,0.5,0.5,0.5,0.5,False,False
Q0048,2,OPCODE_3GRAM,BRIDGE,B3_HARD_COMPONENT,0.5,1.0,0.5,0.6666666666666666,False,False
Q0048,2,OPCODE_3GRAM,BRIDGE,B4_SOFT_GRAPH,0.5,0.3333333333333333,0.5,0.4,False,False
Q0048,2,OPCODE_3GRAM,DROP30_BRIDGE,B1_INDEPENDENT,0.5,0.25,0.5,0.3333333333333333,False,False
Q0048,2,OPCODE_3GRAM,DROP30_BRIDGE,B2_EXACT_GLOBAL,0.5,0.5,0.5,0.5,False,False
Q0048,2,OPCODE_3GRAM,DROP30_BRIDGE,B3_HARD_COMPONENT,0.5,0.5,0.5,0.5,False,False
Q0048,2,OPCODE_3GRAM,DROP30_BRIDGE,B4_SOFT_GRAPH,0.5,0.3333333333333333,0.5,0.4,False,False
Q0048,2,OPCODE_STRUCT,CLEAN,B1_INDEPENDENT,0.5,0.3333333333333333,0.5,0.4,False,False
Q0048,2,OPCODE_STRUCT,CLEAN,B2_EXACT_GLOBAL,0.5,0.5,0.5,0.5,False,False
Q0048,2,OPCODE_STRUCT,CLEAN,B3_HARD_COMPONENT,0.5,0.5,0.5,0.5,False,False
Q0048,2,OPCODE_STRUCT,CLEAN,B4_SOFT_GRAPH,0.5,0.5,0.5,0.5,False,False
Q0048,2,OPCODE_STRUCT,DROP30,B1_INDEPENDENT,0.5,0.3333333333333333,0.5,0.4,False,False
Q0048,2,OPCODE_STRUCT,DROP30,B2_EXACT_GLOBAL,0.5,0.5,0.5,0.5,False,False
Q0048,2,OPCODE_STRUCT,DROP30,B3_HARD_COMPONENT,0.5,0.5,0.5,0.5,False,False
Q0048,2,OPCODE_STRUCT,DROP30,B4_SOFT_GRAPH,0.5,0.5,0.5,0.5,False,False
Q0048,2,OPCODE_STRUCT,BRIDGE,B1_INDEPENDENT,0.5,0.3333333333333333,0.5,0.4,False,False
Q0048,2,OPCODE_STRUCT,BRIDGE,B2_EXACT_GLOBAL,0.5,0.5,0.5,0.5,False,False
Q0048,2,OPCODE_STRUCT,BRIDGE,B3_HARD_COMPONENT,0.5,1.0,0.5,0.6666666666666666,False,False
Q0048,2,OPCODE_STRUCT,BRIDGE,B4_SOFT_GRAPH,0.5,0.5,0.5,0.5,False,False
Q0048,2,OPCODE_STRUCT,DROP30_BRIDGE,B1_INDEPENDENT,0.5,0.3333333333333333,0.5,0.4,False,False
Q0048,2,OPCODE_STRUCT,DROP30_BRIDGE,B2_EXACT_GLOBAL,0.5,0.5,0.5,0.5,False,False
Q0048,2,OPCODE_STRUCT,DROP30_BRIDGE,B3_HARD_COMPONENT,0.5,0.5,0.5,0.5,False,False
Q0048,2,OPCODE_STRUCT,DROP30_BRIDGE,B4_SOFT_GRAPH,0.5,0.3333333333333333,0.5,0.4,False,False
Q0048,2,OPCODE_CONTEXT,CLEAN,B1_INDEPENDENT,0.5,0.3333333333333333,0.5,0.4,False,False
Q0048,2,OPCODE_CONTEXT,CLEAN,B2_EXACT_GLOBAL,0.5,0.5,0.5,0.5,False,False
Q0048,2,OPCODE_CONTEXT,CLEAN,B3_HARD_COMPONENT,0.5,0.5,0.5,0.5,False,False
Q0048,2,OPCODE_CONTEXT,CLEAN,B4_SOFT_GRAPH,0.5,0.3333333333333333,0.5,0.4,False,False
Q0048,2,OPCODE_CONTEXT,DROP30,B1_INDEPENDENT,0.5,0.3333333333333333,0.5,0.4,False,False
Q0048,2,OPCODE_CONTEXT,DROP30,B2_EXACT_GLOBAL,0.5,0.5,0.5,0.5,False,False
Q0048,2,OPCODE_CONTEXT,DROP30,B3_HARD_COMPONENT,0.5,0.5,0.5,0.5,False,False
Q0048,2,OPCODE_CONTEXT,DROP30,B4_SOFT_GRAPH,0.5,0.3333333333333333,0.5,0.4,False,False
Q0048,2,OPCODE_CONTEXT,BRIDGE,B1_INDEPENDENT,0.5,0.3333333333333333,0.5,0.4,False,False
Q0048,2,OPCODE_CONTEXT,BRIDGE,B2_EXACT_GLOBAL,0.5,0.5,0.5,0.5,False,False
Q0048,2,OPCODE_CONTEXT,BRIDGE,B3_HARD_COMPONENT,0.5,1.0,0.5,0.6666666666666666,False,False
Q0048,2,OPCODE_CONTEXT,BRIDGE,B4_SOFT_GRAPH,0.5,0.3333333333333333,0.5,0.4,False,False
Q0048,2,OPCODE_CONTEXT,DROP30_BRIDGE,B1_INDEPENDENT,0.5,0.3333333333333333,0.5,0.4,False,False
Q0048,2,OPCODE_CONTEXT,DROP30_BRIDGE,B2_EXACT_GLOBAL,0.5,0.5,0.5,0.5,False,False
Q0048,2,OPCODE_CONTEXT,DROP30_BRIDGE,B3_HARD_COMPONENT,0.5,0.5,0.5,0.5,False,False
Q0048,2,OPCODE_CONTEXT,DROP30_BRIDGE,B4_SOFT_GRAPH,0.5,0.3333333333333333,0.5,0.4,False,False
Q0080,2,OPCODE_3GRAM,CLEAN,B1_INDEPENDENT,0.3333333333333333,0.2,0.5,0.28571428571428575,False,False
Q0080,2,OPCODE_3GRAM,CLEAN,B2_EXACT_GLOBAL,0.3333333333333333,0.5,0.5,0.5,False,False
Q0080,2,OPCODE_3GRAM,CLEAN,B3_HARD_COMPONENT,0.5,0.5,0.5,0.5,False,False
Q0080,2,OPCODE_3GRAM,CLEAN,B4_SOFT_GRAPH,0.3333333333333333,0.3333333333333333,0.5,0.4,False,False
Q0080,2,OPCODE_3GRAM,DROP30,B1_INDEPENDENT,0.3333333333333333,0.2,0.5,0.28571428571428575,False,False
Q0080,2,OPCODE_3GRAM,DROP30,B2_EXACT_GLOBAL,0.3333333333333333,0.5,0.5,0.5,False,False
Q0080,2,OPCODE_3GRAM,DROP30,B3_HARD_COMPONENT,0.5,0.3333333333333333,0.5,0.4,False,False
Q0080,2,OPCODE_3GRAM,DROP30,B4_SOFT_GRAPH,0.3333333333333333,0.25,0.5,0.3333333333333333,False,False
Q0080,2,OPCODE_3GRAM,BRIDGE,B1_INDEPENDENT,0.3333333333333333,0.2,0.5,0.28571428571428575,False,False
Q0080,2,OPCODE_3GRAM,BRIDGE,B2_EXACT_GLOBAL,0.3333333333333333,0.5,0.5,0.5,False,False
Q0080,2,OPCODE_3GRAM,BRIDGE,B3_HARD_COMPONENT,0.5,1.0,0.5,0.6666666666666666,False,False
Q0080,2,OPCODE_3GRAM,BRIDGE,B4_SOFT_GRAPH,0.3333333333333333,0.5,0.5,0.5,False,False
Q0080,2,OPCODE_3GRAM,DROP30_BRIDGE,B1_INDEPENDENT,0.3333333333333333,0.2,0.5,0.28571428571428575,False,False
Q0080,2,OPCODE_3GRAM,DROP30_BRIDGE,B2_EXACT_GLOBAL,0.3333333333333333,0.5,0.5,0.5,False,False
Q0080,2,OPCODE_3GRAM,DROP30_BRIDGE,B3_HARD_COMPONENT,0.5,0.3333333333333333,0.5,0.4,False,False
Q0080,2,OPCODE_3GRAM,DROP30_BRIDGE,B4_SOFT_GRAPH,0.3333333333333333,0.2,0.5,0.28571428571428575,False,False
Q0080,2,OPCODE_STRUCT,CLEAN,B1_INDEPENDENT,0.3333333333333333,0.2,0.5,0.28571428571428575,False,False
Q0080,2,OPCODE_STRUCT,CLEAN,B2_EXACT_GLOBAL,0.3333333333333333,0.5,0.5,0.5,False,False
Q0080,2,OPCODE_STRUCT,CLEAN,B3_HARD_COMPONENT,0.5,0.5,0.5,0.5,False,False
Q0080,2,OPCODE_STRUCT,CLEAN,B4_SOFT_GRAPH,0.3333333333333333,0.3333333333333333,0.5,0.4,False,False
Q0080,2,OPCODE_STRUCT,DROP30,B1_INDEPENDENT,0.3333333333333333,0.2,0.5,0.28571428571428575,False,False
Q0080,2,OPCODE_STRUCT,DROP30,B2_EXACT_GLOBAL,0.3333333333333333,0.5,0.5,0.5,False,False
Q0080,2,OPCODE_STRUCT,DROP30,B3_HARD_COMPONENT,0.5,0.3333333333333333,0.5,0.4,False,False
Q0080,2,OPCODE_STRUCT,DROP30,B4_SOFT_GRAPH,0.3333333333333333,0.25,0.5,0.3333333333333333,False,False
Q0080,2,OPCODE_STRUCT,BRIDGE,B1_INDEPENDENT,0.3333333333333333,0.2,0.5,0.28571428571428575,False,False
Q0080,2,OPCODE_STRUCT,BRIDGE,B2_EXACT_GLOBAL,0.3333333333333333,0.5,0.5,0.5,False,False
Q0080,2,OPCODE_STRUCT,BRIDGE,B3_HARD_COMPONENT,0.5,1.0,0.5,0.6666666666666666,False,False
Q0080,2,OPCODE_STRUCT,BRIDGE,B4_SOFT_GRAPH,0.3333333333333333,0.3333333333333333,0.5,0.4,False,False
Q0080,2,OPCODE_STRUCT,DROP30_BRIDGE,B1_INDEPENDENT,0.3333333333333333,0.2,0.5,0.28571428571428575,False,False
Q0080,2,OPCODE_STRUCT,DROP30_BRIDGE,B2_EXACT_GLOBAL,0.3333333333333333,0.5,0.5,0.5,False,False
Q0080,2,OPCODE_STRUCT,DROP30_BRIDGE,B3_HARD_COMPONENT,0.5,0.3333333333333333,0.5,0.4,False,False
Q0080,2,OPCODE_STRUCT,DROP30_BRIDGE,B4_SOFT_GRAPH,0.3333333333333333,0.2,0.5,0.28571428571428575,False,False
Q0080,2,OPCODE_CONTEXT,CLEAN,B1_INDEPENDENT,0.3333333333333333,0.25,0.5,0.3333333333333333,False,False
Q0080,2,OPCODE_CONTEXT,CLEAN,B2_EXACT_GLOBAL,0.3333333333333333,0.5,0.5,0.5,False,False
Q0080,2,OPCODE_CONTEXT,CLEAN,B3_HARD_COMPONENT,0.5,0.5,0.5,0.5,False,False
Q0080,2,OPCODE_CONTEXT,CLEAN,B4_SOFT_GRAPH,0.3333333333333333,0.25,0.5,0.3333333333333333,False,False
Q0080,2,OPCODE_CONTEXT,DROP30,B1_INDEPENDENT,0.3333333333333333,0.25,0.5,0.3333333333333333,False,False
Q0080,2,OPCODE_CONTEXT,DROP30,B2_EXACT_GLOBAL,0.3333333333333333,0.5,0.5,0.5,False,False
Q0080,2,OPCODE_CONTEXT,DROP30,B3_HARD_COMPONENT,0.5,0.3333333333333333,0.5,0.4,False,False
Q0080,2,OPCODE_CONTEXT,DROP30,B4_SOFT_GRAPH,0.3333333333333333,0.25,0.5,0.3333333333333333,False,False
Q0080,2,OPCODE_CONTEXT,BRIDGE,B1_INDEPENDENT,0.3333333333333333,0.25,0.5,0.3333333333333333,False,False
Q0080,2,OPCODE_CONTEXT,BRIDGE,B2_EXACT_GLOBAL,0.3333333333333333,0.5,0.5,0.5,False,False
Q0080,2,OPCODE_CONTEXT,BRIDGE,B3_HARD_COMPONENT,0.5,1.0,0.5,0.6666666666666666,False,False
Q0080,2,OPCODE_CONTEXT,BRIDGE,B4_SOFT_GRAPH,0.3333333333333333,0.25,0.5,0.3333333333333333,False,False
Q0080,2,OPCODE_CONTEXT,DROP30_BRIDGE,B1_INDEPENDENT,0.3333333333333333,0.25,0.5,0.3333333333333333,False,False
Q0080,2,OPCODE_CONTEXT,DROP30_BRIDGE,B2_EXACT_GLOBAL,0.3333333333333333,0.5,0.5,0.5,False,False
Q0080,2,OPCODE_CONTEXT,DROP30_BRIDGE,B3_HARD_COMPONENT,0.5,0.3333333333333333,0.5,0.4,False,False
Q0080,2,OPCODE_CONTEXT,DROP30_BRIDGE,B4_SOFT_GRAPH,0.3333333333333333,0.25,0.5,0.3333333333333333,False,False
Q0094,2,OPCODE_3GRAM,CLEAN,B1_INDEPENDENT,0.6666666666666666,0.5,1.0,0.6666666666666666,False,False
Q0094,2,OPCODE_3GRAM,CLEAN,B2_EXACT_GLOBAL,1.0,1.0,1.0,1.0,True,True
Q0094,2,OPCODE_3GRAM,CLEAN,B3_HARD_COMPONENT,1.0,1.0,1.0,1.0,True,True
Q0094,2,OPCODE_3GRAM,CLEAN,B4_SOFT_GRAPH,1.0,1.0,1.0,1.0,True,True
Q0094,2,OPCODE_3GRAM,DROP30,B1_INDEPENDENT,0.6666666666666666,0.5,1.0,0.6666666666666666,False,False
Q0094,2,OPCODE_3GRAM,DROP30,B2_EXACT_GLOBAL,1.0,1.0,1.0,1.0,True,True
Q0094,2,OPCODE_3GRAM,DROP30,B3_HARD_COMPONENT,0.8333333333333334,0.6666666666666666,1.0,0.8,False,False
Q0094,2,OPCODE_3GRAM,DROP30,B4_SOFT_GRAPH,0.8333333333333334,0.6666666666666666,1.0,0.8,False,False
Q0094,2,OPCODE_3GRAM,BRIDGE,B1_INDEPENDENT,0.6666666666666666,0.5,1.0,0.6666666666666666,False,False
Q0094,2,OPCODE_3GRAM,BRIDGE,B2_EXACT_GLOBAL,1.0,1.0,1.0,1.0,True,True
Q0094,2,OPCODE_3GRAM,BRIDGE,B3_HARD_COMPONENT,0.5,1.0,0.5,0.6666666666666666,False,False
Q0094,2,OPCODE_3GRAM,BRIDGE,B4_SOFT_GRAPH,1.0,1.0,1.0,1.0,True,True
Q0094,2,OPCODE_3GRAM,DROP30_BRIDGE,B1_INDEPENDENT,0.6666666666666666,0.5,1.0,0.6666666666666666,False,False
Q0094,2,OPCODE_3GRAM,DROP30_BRIDGE,B2_EXACT_GLOBAL,1.0,1.0,1.0,1.0,True,True
Q0094,2,OPCODE_3GRAM,DROP30_BRIDGE,B3_HARD_COMPONENT,0.5,1.0,0.5,0.6666666666666666,False,False
Q0094,2,OPCODE_3GRAM,DROP30_BRIDGE,B4_SOFT_GRAPH,1.0,1.0,1.0,1.0,True,True
Q0094,2,OPCODE_STRUCT,CLEAN,B1_INDEPENDENT,0.6666666666666666,0.5,1.0,0.6666666666666666,False,False
Q0094,2,OPCODE_STRUCT,CLEAN,B2_EXACT_GLOBAL,1.0,1.0,1.0,1.0,True,True
Q0094,2,OPCODE_STRUCT,CLEAN,B3_HARD_COMPONENT,1.0,1.0,1.0,1.0,True,True
Q0094,2,OPCODE_STRUCT,CLEAN,B4_SOFT_GRAPH,0.6666666666666666,0.6666666666666666,1.0,0.8,False,False
Q0094,2,OPCODE_STRUCT,DROP30,B1_INDEPENDENT,0.6666666666666666,0.5,1.0,0.6666666666666666,False,False
Q0094,2,OPCODE_STRUCT,DROP30,B2_EXACT_GLOBAL,1.0,1.0,1.0,1.0,True,True
Q0094,2,OPCODE_STRUCT,DROP30,B3_HARD_COMPONENT,0.8333333333333334,0.6666666666666666,1.0,0.8,False,False
Q0094,2,OPCODE_STRUCT,DROP30,B4_SOFT_GRAPH,0.6666666666666666,0.5,1.0,0.6666666666666666,False,False
Q0094,2,OPCODE_STRUCT,BRIDGE,B1_INDEPENDENT,0.6666666666666666,0.5,1.0,0.6666666666666666,False,False
Q0094,2,OPCODE_STRUCT,BRIDGE,B2_EXACT_GLOBAL,1.0,1.0,1.0,1.0,True,True
Q0094,2,OPCODE_STRUCT,BRIDGE,B3_HARD_COMPONENT,0.5,1.0,0.5,0.6666666666666666,False,False
Q0094,2,OPCODE_STRUCT,BRIDGE,B4_SOFT_GRAPH,0.6666666666666666,0.6666666666666666,1.0,0.8,False,False
Q0094,2,OPCODE_STRUCT,DROP30_BRIDGE,B1_INDEPENDENT,0.6666666666666666,0.5,1.0,0.6666666666666666,False,False
Q0094,2,OPCODE_STRUCT,DROP30_BRIDGE,B2_EXACT_GLOBAL,1.0,1.0,1.0,1.0,True,True
Q0094,2,OPCODE_STRUCT,DROP30_BRIDGE,B3_HARD_COMPONENT,0.5,1.0,0.5,0.6666666666666666,False,False
Q0094,2,OPCODE_STRUCT,DROP30_BRIDGE,B4_SOFT_GRAPH,0.6666666666666666,0.6666666666666666,1.0,0.8,False,False
Q0094,2,OPCODE_CONTEXT,CLEAN,B1_INDEPENDENT,0.6666666666666666,0.5,1.0,0.6666666666666666,False,False
Q0094,2,OPCODE_CONTEXT,CLEAN,B2_EXACT_GLOBAL,0.5,0.5,0.5,0.5,False,False
Q0094,2,OPCODE_CONTEXT,CLEAN,B3_HARD_COMPONENT,0.5,0.5,0.5,0.5,False,False
Q0094,2,OPCODE_CONTEXT,CLEAN,B4_SOFT_GRAPH,0.6666666666666666,0.5,1.0,0.6666666666666666,False,False
Q0094,2,OPCODE_CONTEXT,DROP30,B1_INDEPENDENT,0.6666666666666666,0.5,1.0,0.6666666666666666,False,False
Q0094,2,OPCODE_CONTEXT,DROP30,B2_EXACT_GLOBAL,0.5,0.5,0.5,0.5,False,False
Q0094,2,OPCODE_CONTEXT,DROP30,B3_HARD_COMPONENT,0.5,0.3333333333333333,0.5,0.4,False,False
Q0094,2,OPCODE_CONTEXT,DROP30,B4_SOFT_GRAPH,0.6666666666666666,0.5,1.0,0.6666666666666666,False,False
Q0094,2,OPCODE_CONTEXT,BRIDGE,B1_INDEPENDENT,0.6666666666666666,0.5,1.0,0.6666666666666666,False,False
Q0094,2,OPCODE_CONTEXT,BRIDGE,B2_EXACT_GLOBAL,0.5,0.5,0.5,0.5,False,False
Q0094,2,OPCODE_CONTEXT,BRIDGE,B3_HARD_COMPONENT,0.5,1.0,0.5,0.6666666666666666,False,False
Q0094,2,OPCODE_CONTEXT,BRIDGE,B4_SOFT_GRAPH,0.6666666666666666,0.5,1.0,0.6666666666666666,False,False
Q0094,2,OPCODE_CONTEXT,DROP30_BRIDGE,B1_INDEPENDENT,0.6666666666666666,0.5,1.0,0.6666666666666666,False,False
Q0094,2,OPCODE_CONTEXT,DROP30_BRIDGE,B2_EXACT_GLOBAL,0.5,0.5,0.5,0.5,False,False
Q0094,2,OPCODE_CONTEXT,DROP30_BRIDGE,B3_HARD_COMPONENT,0.5,1.0,0.5,0.6666666666666666,False,False
Q0094,2,OPCODE_CONTEXT,DROP30_BRIDGE,B4_SOFT_GRAPH,0.6666666666666666,0.5,1.0,0.6666666666666666,False,False
Q0090,2,OPCODE_3GRAM,CLEAN,B1_INDEPENDENT,0.5,0.25,0.5,0.3333333333333333,False,False
Q0090,2,OPCODE_3GRAM,CLEAN,B2_EXACT_GLOBAL,0.5,0.5,0.5,0.5,False,False
Q0090,2,OPCODE_3GRAM,CLEAN,B3_HARD_COMPONENT,0.5,0.5,0.5,0.5,False,False
Q0090,2,OPCODE_3GRAM,CLEAN,B4_SOFT_GRAPH,0.5,0.5,0.5,0.5,False,False
Q0090,2,OPCODE_3GRAM,DROP30,B1_INDEPENDENT,0.5,0.25,0.5,0.3333333333333333,False,False
Q0090,2,OPCODE_3GRAM,DROP30,B2_EXACT_GLOBAL,0.5,0.5,0.5,0.5,False,False
Q0090,2,OPCODE_3GRAM,DROP30,B3_HARD_COMPONENT,0.5,0.5,0.5,0.5,False,False
Q0090,2,OPCODE_3GRAM,DROP30,B4_SOFT_GRAPH,0.5,0.5,0.5,0.5,False,False
Q0090,2,OPCODE_3GRAM,BRIDGE,B1_INDEPENDENT,0.5,0.25,0.5,0.3333333333333333,False,False
Q0090,2,OPCODE_3GRAM,BRIDGE,B2_EXACT_GLOBAL,0.5,0.5,0.5,0.5,False,False
Q0090,2,OPCODE_3GRAM,BRIDGE,B3_HARD_COMPONENT,0.5,1.0,0.5,0.6666666666666666,False,False
Q0090,2,OPCODE_3GRAM,BRIDGE,B4_SOFT_GRAPH,0.5,0.5,0.5,0.5,False,False
Q0090,2,OPCODE_3GRAM,DROP30_BRIDGE,B1_INDEPENDENT,0.5,0.25,0.5,0.3333333333333333,False,False
Q0090,2,OPCODE_3GRAM,DROP30_BRIDGE,B2_EXACT_GLOBAL,0.5,0.5,0.5,0.5,False,False
Q0090,2,OPCODE_3GRAM,DROP30_BRIDGE,B3_HARD_COMPONENT,0.5,1.0,0.5,0.6666666666666666,False,False
Q0090,2,OPCODE_3GRAM,DROP30_BRIDGE,B4_SOFT_GRAPH,0.5,0.5,0.5,0.5,False,False
Q0090,2,OPCODE_STRUCT,CLEAN,B1_INDEPENDENT,0.5,0.25,0.5,0.3333333333333333,False,False
Q0090,2,OPCODE_STRUCT,CLEAN,B2_EXACT_GLOBAL,0.5,0.5,0.5,0.5,False,False
Q0090,2,OPCODE_STRUCT,CLEAN,B3_HARD_COMPONENT,0.5,0.5,0.5,0.5,False,False
Q0090,2,OPCODE_STRUCT,CLEAN,B4_SOFT_GRAPH,0.5,0.5,0.5,0.5,False,False
Q0090,2,OPCODE_STRUCT,DROP30,B1_INDEPENDENT,0.5,0.25,0.5,0.3333333333333333,False,False
Q0090,2,OPCODE_STRUCT,DROP30,B2_EXACT_GLOBAL,0.5,0.5,0.5,0.5,False,False
Q0090,2,OPCODE_STRUCT,DROP30,B3_HARD_COMPONENT,0.5,0.5,0.5,0.5,False,False
Q0090,2,OPCODE_STRUCT,DROP30,B4_SOFT_GRAPH,0.5,0.5,0.5,0.5,False,False
Q0090,2,OPCODE_STRUCT,BRIDGE,B1_INDEPENDENT,0.5,0.25,0.5,0.3333333333333333,False,False
Q0090,2,OPCODE_STRUCT,BRIDGE,B2_EXACT_GLOBAL,0.5,0.5,0.5,0.5,False,False
Q0090,2,OPCODE_STRUCT,BRIDGE,B3_HARD_COMPONENT,0.5,1.0,0.5,0.6666666666666666,False,False
Q0090,2,OPCODE_STRUCT,BRIDGE,B4_SOFT_GRAPH,0.5,0.5,0.5,0.5,False,False
Q0090,2,OPCODE_STRUCT,DROP30_BRIDGE,B1_INDEPENDENT,0.5,0.25,0.5,0.3333333333333333,False,False
Q0090,2,OPCODE_STRUCT,DROP30_BRIDGE,B2_EXACT_GLOBAL,0.5,0.5,0.5,0.5,False,False
Q0090,2,OPCODE_STRUCT,DROP30_BRIDGE,B3_HARD_COMPONENT,0.5,1.0,0.5,0.6666666666666666,False,False
Q0090,2,OPCODE_STRUCT,DROP30_BRIDGE,B4_SOFT_GRAPH,0.5,0.5,0.5,0.5,False,False
Q0090,2,OPCODE_CONTEXT,CLEAN,B1_INDEPENDENT,0.5,0.25,0.5,0.3333333333333333,False,False
Q0090,2,OPCODE_CONTEXT,CLEAN,B2_EXACT_GLOBAL,0.5,0.5,0.5,0.5,False,False
Q0090,2,OPCODE_CONTEXT,CLEAN,B3_HARD_COMPONENT,0.5,0.5,0.5,0.5,False,False
Q0090,2,OPCODE_CONTEXT,CLEAN,B4_SOFT_GRAPH,0.5,0.25,0.5,0.3333333333333333,False,False
Q0090,2,OPCODE_CONTEXT,DROP30,B1_INDEPENDENT,0.5,0.25,0.5,0.3333333333333333,False,False
Q0090,2,OPCODE_CONTEXT,DROP30,B2_EXACT_GLOBAL,0.5,0.5,0.5,0.5,False,False
Q0090,2,OPCODE_CONTEXT,DROP30,B3_HARD_COMPONENT,0.5,0.5,0.5,0.5,False,False
Q0090,2,OPCODE_CONTEXT,DROP30,B4_SOFT_GRAPH,0.5,0.25,0.5,0.3333333333333333,False,False
Q0090,2,OPCODE_CONTEXT,BRIDGE,B1_INDEPENDENT,0.5,0.25,0.5,0.3333333333333333,False,False
Q0090,2,OPCODE_CONTEXT,BRIDGE,B2_EXACT_GLOBAL,0.5,0.5,0.5,0.5,False,False
Q0090,2,OPCODE_CONTEXT,BRIDGE,B3_HARD_COMPONENT,0.5,1.0,0.5,0.6666666666666666,False,False
Q0090,2,OPCODE_CONTEXT,BRIDGE,B4_SOFT_GRAPH,0.5,0.25,0.5,0.3333333333333333,False,False
Q0090,2,OPCODE_CONTEXT,DROP30_BRIDGE,B1_INDEPENDENT,0.5,0.25,0.5,0.3333333333333333,False,False
Q0090,2,OPCODE_CONTEXT,DROP30_BRIDGE,B2_EXACT_GLOBAL,0.5,0.5,0.5,0.5,False,False
Q0090,2,OPCODE_CONTEXT,DROP30_BRIDGE,B3_HARD_COMPONENT,0.5,1.0,0.5,0.6666666666666666,False,False
Q0090,2,OPCODE_CONTEXT,DROP30_BRIDGE,B4_SOFT_GRAPH,0.5,0.25,0.5,0.3333333333333333,False,False
Q0069,2,OPCODE_3GRAM,CLEAN,B1_INDEPENDENT,0.5,0.4,1.0,0.5714285714285715,False,False
Q0069,2,OPCODE_3GRAM,CLEAN,B2_EXACT_GLOBAL,0.8333333333333334,1.0,1.0,1.0,True,False
Q0069,2,OPCODE_3GRAM,CLEAN,B3_HARD_COMPONENT,1.0,1.0,1.0,1.0,True,True
Q0069,2,OPCODE_3GRAM,CLEAN,B4_SOFT_GRAPH,0.16666666666666666,0.3333333333333333,0.5,0.4,False,False
Q0069,2,OPCODE_3GRAM,DROP30,B1_INDEPENDENT,0.5,0.4,1.0,0.5714285714285715,False,False
Q0069,2,OPCODE_3GRAM,DROP30,B2_EXACT_GLOBAL,0.8333333333333334,1.0,1.0,1.0,True,False
Q0069,2,OPCODE_3GRAM,DROP30,B3_HARD_COMPONENT,0.8333333333333334,0.6666666666666666,1.0,0.8,False,False
Q0069,2,OPCODE_3GRAM,DROP30,B4_SOFT_GRAPH,0.16666666666666666,0.25,0.5,0.3333333333333333,False,False
Q0069,2,OPCODE_3GRAM,BRIDGE,B1_INDEPENDENT,0.5,0.4,1.0,0.5714285714285715,False,False
Q0069,2,OPCODE_3GRAM,BRIDGE,B2_EXACT_GLOBAL,0.8333333333333334,1.0,1.0,1.0,True,False
Q0069,2,OPCODE_3GRAM,BRIDGE,B3_HARD_COMPONENT,0.5,1.0,0.5,0.6666666666666666,False,False
Q0069,2,OPCODE_3GRAM,BRIDGE,B4_SOFT_GRAPH,0.16666666666666666,0.5,0.5,0.5,False,False
Q0069,2,OPCODE_3GRAM,DROP30_BRIDGE,B1_INDEPENDENT,0.5,0.4,1.0,0.5714285714285715,False,False
Q0069,2,OPCODE_3GRAM,DROP30_BRIDGE,B2_EXACT_GLOBAL,0.8333333333333334,1.0,1.0,1.0,True,False
Q0069,2,OPCODE_3GRAM,DROP30_BRIDGE,B3_HARD_COMPONENT,0.3333333333333333,0.5,0.5,0.5,False,False
Q0069,2,OPCODE_3GRAM,DROP30_BRIDGE,B4_SOFT_GRAPH,0.16666666666666666,0.3333333333333333,0.5,0.4,False,False
Q0069,2,OPCODE_STRUCT,CLEAN,B1_INDEPENDENT,0.5,0.4,1.0,0.5714285714285715,False,False
Q0069,2,OPCODE_STRUCT,CLEAN,B2_EXACT_GLOBAL,0.3333333333333333,0.5,0.5,0.5,False,False
Q0069,2,OPCODE_STRUCT,CLEAN,B3_HARD_COMPONENT,1.0,1.0,1.0,1.0,True,True
Q0069,2,OPCODE_STRUCT,CLEAN,B4_SOFT_GRAPH,0.16666666666666666,0.5,0.5,0.5,False,False
Q0069,2,OPCODE_STRUCT,DROP30,B1_INDEPENDENT,0.5,0.4,1.0,0.5714285714285715,False,False
Q0069,2,OPCODE_STRUCT,DROP30,B2_EXACT_GLOBAL,0.3333333333333333,0.5,0.5,0.5,False,False
Q0069,2,OPCODE_STRUCT,DROP30,B3_HARD_COMPONENT,0.8333333333333334,0.6666666666666666,1.0,0.8,False,False
Q0069,2,OPCODE_STRUCT,DROP30,B4_SOFT_GRAPH,0.5,0.3333333333333333,0.5,0.4,False,False
Q0069,2,OPCODE_STRUCT,BRIDGE,B1_INDEPENDENT,0.5,0.4,1.0,0.5714285714285715,False,False
Q0069,2,OPCODE_STRUCT,BRIDGE,B2_EXACT_GLOBAL,0.3333333333333333,0.5,0.5,0.5,False,False
Q0069,2,OPCODE_STRUCT,BRIDGE,B3_HARD_COMPONENT,0.5,1.0,0.5,0.6666666666666666,False,False
Q0069,2,OPCODE_STRUCT,BRIDGE,B4_SOFT_GRAPH,0.16666666666666666,0.5,0.5,0.5,False,False
Q0069,2,OPCODE_STRUCT,DROP30_BRIDGE,B1_INDEPENDENT,0.5,0.4,1.0,0.5714285714285715,False,False
Q0069,2,OPCODE_STRUCT,DROP30_BRIDGE,B2_EXACT_GLOBAL,0.3333333333333333,0.5,0.5,0.5,False,False
Q0069,2,OPCODE_STRUCT,DROP30_BRIDGE,B3_HARD_COMPONENT,0.3333333333333333,0.5,0.5,0.5,False,False
Q0069,2,OPCODE_STRUCT,DROP30_BRIDGE,B4_SOFT_GRAPH,0.5,0.5,0.5,0.5,False,False
Q0069,2,OPCODE_CONTEXT,CLEAN,B1_INDEPENDENT,0.5,0.4,1.0,0.5714285714285715,False,False
Q0069,2,OPCODE_CONTEXT,CLEAN,B2_EXACT_GLOBAL,0.8333333333333334,1.0,1.0,1.0,True,False
Q0069,2,OPCODE_CONTEXT,CLEAN,B3_HARD_COMPONENT,0.5,0.5,0.5,0.5,False,False
Q0069,2,OPCODE_CONTEXT,CLEAN,B4_SOFT_GRAPH,0.16666666666666666,0.25,0.5,0.3333333333333333,False,False
Q0069,2,OPCODE_CONTEXT,DROP30,B1_INDEPENDENT,0.5,0.4,1.0,0.5714285714285715,False,False
Q0069,2,OPCODE_CONTEXT,DROP30,B2_EXACT_GLOBAL,0.8333333333333334,1.0,1.0,1.0,True,False
Q0069,2,OPCODE_CONTEXT,DROP30,B3_HARD_COMPONENT,0.3333333333333333,0.3333333333333333,0.5,0.4,False,False
Q0069,2,OPCODE_CONTEXT,DROP30,B4_SOFT_GRAPH,0.16666666666666666,0.25,0.5,0.3333333333333333,False,False
Q0069,2,OPCODE_CONTEXT,BRIDGE,B1_INDEPENDENT,0.5,0.4,1.0,0.5714285714285715,False,False
Q0069,2,OPCODE_CONTEXT,BRIDGE,B2_EXACT_GLOBAL,0.8333333333333334,1.0,1.0,1.0,True,False
Q0069,2,OPCODE_CONTEXT,BRIDGE,B3_HARD_COMPONENT,0.5,1.0,0.5,0.6666666666666666,False,False
Q0069,2,OPCODE_CONTEXT,BRIDGE,B4_SOFT_GRAPH,0.16666666666666666,0.25,0.5,0.3333333333333333,False,False
Q0069,2,OPCODE_CONTEXT,DROP30_BRIDGE,B1_INDEPENDENT,0.5,0.4,1.0,0.5714285714285715,False,False
Q0069,2,OPCODE_CONTEXT,DROP30_BRIDGE,B2_EXACT_GLOBAL,0.8333333333333334,1.0,1.0,1.0,True,False
Q0069,2,OPCODE_CONTEXT,DROP30_BRIDGE,B3_HARD_COMPONENT,0.3333333333333333,0.5,0.5,0.5,False,False
Q0069,2,OPCODE_CONTEXT,DROP30_BRIDGE,B4_SOFT_GRAPH,0.16666666666666666,0.25,0.5,0.3333333333333333,False,False
Q0068,2,OPCODE_3GRAM,CLEAN,B1_INDEPENDENT,0.0,0.0,0.0,0.0,False,False
Q0068,2,OPCODE_3GRAM,CLEAN,B2_EXACT_GLOBAL,0.0,0.0,0.0,0.0,False,False
Q0068,2,OPCODE_3GRAM,CLEAN,B3_HARD_COMPONENT,0.0,0.0,0.0,0.0,False,False
Q0068,2,OPCODE_3GRAM,CLEAN,B4_SOFT_GRAPH,0.0,0.0,0.0,0.0,False,False
Q0068,2,OPCODE_3GRAM,DROP30,B1_INDEPENDENT,0.0,0.0,0.0,0.0,False,False
Q0068,2,OPCODE_3GRAM,DROP30,B2_EXACT_GLOBAL,0.0,0.0,0.0,0.0,False,False
Q0068,2,OPCODE_3GRAM,DROP30,B3_HARD_COMPONENT,0.0,0.0,0.0,0.0,False,False
Q0068,2,OPCODE_3GRAM,DROP30,B4_SOFT_GRAPH,0.0,0.0,0.0,0.0,False,False
Q0068,2,OPCODE_3GRAM,BRIDGE,B1_INDEPENDENT,0.0,0.0,0.0,0.0,False,False
Q0068,2,OPCODE_3GRAM,BRIDGE,B2_EXACT_GLOBAL,0.0,0.0,0.0,0.0,False,False
Q0068,2,OPCODE_3GRAM,BRIDGE,B3_HARD_COMPONENT,0.0,0.0,0.0,0.0,False,False
Q0068,2,OPCODE_3GRAM,BRIDGE,B4_SOFT_GRAPH,0.0,0.0,0.0,0.0,False,False
Q0068,2,OPCODE_3GRAM,DROP30_BRIDGE,B1_INDEPENDENT,0.0,0.0,0.0,0.0,False,False
Q0068,2,OPCODE_3GRAM,DROP30_BRIDGE,B2_EXACT_GLOBAL,0.0,0.0,0.0,0.0,False,False
Q0068,2,OPCODE_3GRAM,DROP30_BRIDGE,B3_HARD_COMPONENT,0.0,0.0,0.0,0.0,False,False
Q0068,2,OPCODE_3GRAM,DROP30_BRIDGE,B4_SOFT_GRAPH,0.0,0.0,0.0,0.0,False,False
Q0068,2,OPCODE_STRUCT,CLEAN,B1_INDEPENDENT,0.0,0.0,0.0,0.0,False,False
Q0068,2,OPCODE_STRUCT,CLEAN,B2_EXACT_GLOBAL,0.0,0.0,0.0,0.0,False,False
Q0068,2,OPCODE_STRUCT,CLEAN,B3_HARD_COMPONENT,0.0,0.0,0.0,0.0,False,False
Q0068,2,OPCODE_STRUCT,CLEAN,B4_SOFT_GRAPH,0.0,0.0,0.0,0.0,False,False
Q0068,2,OPCODE_STRUCT,DROP30,B1_INDEPENDENT,0.0,0.0,0.0,0.0,False,False
Q0068,2,OPCODE_STRUCT,DROP30,B2_EXACT_GLOBAL,0.0,0.0,0.0,0.0,False,False
Q0068,2,OPCODE_STRUCT,DROP30,B3_HARD_COMPONENT,0.0,0.0,0.0,0.0,False,False
Q0068,2,OPCODE_STRUCT,DROP30,B4_SOFT_GRAPH,0.0,0.0,0.0,0.0,False,False
Q0068,2,OPCODE_STRUCT,BRIDGE,B1_INDEPENDENT,0.0,0.0,0.0,0.0,False,False
Q0068,2,OPCODE_STRUCT,BRIDGE,B2_EXACT_GLOBAL,0.0,0.0,0.0,0.0,False,False
Q0068,2,OPCODE_STRUCT,BRIDGE,B3_HARD_COMPONENT,0.0,0.0,0.0,0.0,False,False
Q0068,2,OPCODE_STRUCT,BRIDGE,B4_SOFT_GRAPH,0.0,0.0,0.0,0.0,False,False
Q0068,2,OPCODE_STRUCT,DROP30_BRIDGE,B1_INDEPENDENT,0.0,0.0,0.0,0.0,False,False
Q0068,2,OPCODE_STRUCT,DROP30_BRIDGE,B2_EXACT_GLOBAL,0.0,0.0,0.0,0.0,False,False
Q0068,2,OPCODE_STRUCT,DROP30_BRIDGE,B3_HARD_COMPONENT,0.0,0.0,0.0,0.0,False,False
Q0068,2,OPCODE_STRUCT,DROP30_BRIDGE,B4_SOFT_GRAPH,0.0,0.0,0.0,0.0,False,False
Q0068,2,OPCODE_CONTEXT,CLEAN,B1_INDEPENDENT,0.0,0.0,0.0,0.0,False,False
Q0068,2,OPCODE_CONTEXT,CLEAN,B2_EXACT_GLOBAL,0.0,0.0,0.0,0.0,False,False
Q0068,2,OPCODE_CONTEXT,CLEAN,B3_HARD_COMPONENT,0.0,0.0,0.0,0.0,False,False
Q0068,2,OPCODE_CONTEXT,CLEAN,B4_SOFT_GRAPH,0.0,0.0,0.0,0.0,False,False
Q0068,2,OPCODE_CONTEXT,DROP30,B1_INDEPENDENT,0.0,0.0,0.0,0.0,False,False
Q0068,2,OPCODE_CONTEXT,DROP30,B2_EXACT_GLOBAL,0.0,0.0,0.0,0.0,False,False
Q0068,2,OPCODE_CONTEXT,DROP30,B3_HARD_COMPONENT,0.0,0.0,0.0,0.0,False,False
Q0068,2,OPCODE_CONTEXT,DROP30,B4_SOFT_GRAPH,0.0,0.0,0.0,0.0,False,False
Q0068,2,OPCODE_CONTEXT,BRIDGE,B1_INDEPENDENT,0.0,0.0,0.0,0.0,False,False
Q0068,2,OPCODE_CONTEXT,BRIDGE,B2_EXACT_GLOBAL,0.0,0.0,0.0,0.0,False,False
Q0068,2,OPCODE_CONTEXT,BRIDGE,B3_HARD_COMPONENT,0.0,0.0,0.0,0.0,False,False
Q0068,2,OPCODE_CONTEXT,BRIDGE,B4_SOFT_GRAPH,0.0,0.0,0.0,0.0,False,False
Q0068,2,OPCODE_CONTEXT,DROP30_BRIDGE,B1_INDEPENDENT,0.0,0.0,0.0,0.0,False,False
Q0068,2,OPCODE_CONTEXT,DROP30_BRIDGE,B2_EXACT_GLOBAL,0.0,0.0,0.0,0.0,False,False
Q0068,2,OPCODE_CONTEXT,DROP30_BRIDGE,B3_HARD_COMPONENT,0.0,0.0,0.0,0.0,False,False
Q0068,2,OPCODE_CONTEXT,DROP30_BRIDGE,B4_SOFT_GRAPH,0.0,0.0,0.0,0.0,False,False
Q0010,2,OPCODE_3GRAM,CLEAN,B1_INDEPENDENT,0.16666666666666666,0.25,0.5,0.3333333333333333,False,False
Q0010,2,OPCODE_3GRAM,CLEAN,B2_EXACT_GLOBAL,0.0,0.0,0.0,0.0,False,False
Q0010,2,OPCODE_3GRAM,CLEAN,B3_HARD_COMPONENT,0.0,0.0,0.0,0.0,False,False
Q0010,2,OPCODE_3GRAM,CLEAN,B4_SOFT_GRAPH,0.0,0.0,0.0,0.0,False,False
Q0010,2,OPCODE_3GRAM,DROP30,B1_INDEPENDENT,0.16666666666666666,0.25,0.5,0.3333333333333333,False,False
Q0010,2,OPCODE_3GRAM,DROP30,B2_EXACT_GLOBAL,0.0,0.0,0.0,0.0,False,False
Q0010,2,OPCODE_3GRAM,DROP30,B3_HARD_COMPONENT,0.16666666666666666,0.3333333333333333,0.5,0.4,False,False
Q0010,2,OPCODE_3GRAM,DROP30,B4_SOFT_GRAPH,0.16666666666666666,0.3333333333333333,0.5,0.4,False,False
Q0010,2,OPCODE_3GRAM,BRIDGE,B1_INDEPENDENT,0.16666666666666666,0.25,0.5,0.3333333333333333,False,False
Q0010,2,OPCODE_3GRAM,BRIDGE,B2_EXACT_GLOBAL,0.0,0.0,0.0,0.0,False,False
Q0010,2,OPCODE_3GRAM,BRIDGE,B3_HARD_COMPONENT,0.0,0.0,0.0,0.0,False,False
Q0010,2,OPCODE_3GRAM,BRIDGE,B4_SOFT_GRAPH,0.0,0.0,0.0,0.0,False,False
Q0010,2,OPCODE_3GRAM,DROP30_BRIDGE,B1_INDEPENDENT,0.16666666666666666,0.25,0.5,0.3333333333333333,False,False
Q0010,2,OPCODE_3GRAM,DROP30_BRIDGE,B2_EXACT_GLOBAL,0.0,0.0,0.0,0.0,False,False
Q0010,2,OPCODE_3GRAM,DROP30_BRIDGE,B3_HARD_COMPONENT,0.0,0.0,0.0,0.0,False,False
Q0010,2,OPCODE_3GRAM,DROP30_BRIDGE,B4_SOFT_GRAPH,0.16666666666666666,0.3333333333333333,0.5,0.4,False,False
Q0010,2,OPCODE_STRUCT,CLEAN,B1_INDEPENDENT,0.16666666666666666,0.2,0.5,0.28571428571428575,False,False
Q0010,2,OPCODE_STRUCT,CLEAN,B2_EXACT_GLOBAL,0.0,0.0,0.0,0.0,False,False
Q0010,2,OPCODE_STRUCT,CLEAN,B3_HARD_COMPONENT,0.0,0.0,0.0,0.0,False,False
Q0010,2,OPCODE_STRUCT,CLEAN,B4_SOFT_GRAPH,0.0,0.0,0.0,0.0,False,False
Q0010,2,OPCODE_STRUCT,DROP30,B1_INDEPENDENT,0.16666666666666666,0.2,0.5,0.28571428571428575,False,False
Q0010,2,OPCODE_STRUCT,DROP30,B2_EXACT_GLOBAL,0.0,0.0,0.0,0.0,False,False
Q0010,2,OPCODE_STRUCT,DROP30,B3_HARD_COMPONENT,0.16666666666666666,0.3333333333333333,0.5,0.4,False,False
Q0010,2,OPCODE_STRUCT,DROP30,B4_SOFT_GRAPH,0.16666666666666666,0.3333333333333333,0.5,0.4,False,False
Q0010,2,OPCODE_STRUCT,BRIDGE,B1_INDEPENDENT,0.16666666666666666,0.2,0.5,0.28571428571428575,False,False
Q0010,2,OPCODE_STRUCT,BRIDGE,B2_EXACT_GLOBAL,0.0,0.0,0.0,0.0,False,False
Q0010,2,OPCODE_STRUCT,BRIDGE,B3_HARD_COMPONENT,0.0,0.0,0.0,0.0,False,False
Q0010,2,OPCODE_STRUCT,BRIDGE,B4_SOFT_GRAPH,0.0,0.0,0.0,0.0,False,False
Q0010,2,OPCODE_STRUCT,DROP30_BRIDGE,B1_INDEPENDENT,0.16666666666666666,0.2,0.5,0.28571428571428575,False,False
Q0010,2,OPCODE_STRUCT,DROP30_BRIDGE,B2_EXACT_GLOBAL,0.0,0.0,0.0,0.0,False,False
Q0010,2,OPCODE_STRUCT,DROP30_BRIDGE,B3_HARD_COMPONENT,0.0,0.0,0.0,0.0,False,False
Q0010,2,OPCODE_STRUCT,DROP30_BRIDGE,B4_SOFT_GRAPH,0.0,0.0,0.0,0.0,False,False
Q0010,2,OPCODE_CONTEXT,CLEAN,B1_INDEPENDENT,0.3333333333333333,0.25,0.5,0.3333333333333333,False,False
Q0010,2,OPCODE_CONTEXT,CLEAN,B2_EXACT_GLOBAL,0.3333333333333333,0.5,0.5,0.5,False,False
Q0010,2,OPCODE_CONTEXT,CLEAN,B3_HARD_COMPONENT,0.0,0.0,0.0,0.0,False,False
Q0010,2,OPCODE_CONTEXT,CLEAN,B4_SOFT_GRAPH,0.3333333333333333,0.25,0.5,0.3333333333333333,False,False
Q0010,2,OPCODE_CONTEXT,DROP30,B1_INDEPENDENT,0.3333333333333333,0.25,0.5,0.3333333333333333,False,False
Q0010,2,OPCODE_CONTEXT,DROP30,B2_EXACT_GLOBAL,0.3333333333333333,0.5,0.5,0.5,False,False
Q0010,2,OPCODE_CONTEXT,DROP30,B3_HARD_COMPONENT,0.3333333333333333,0.3333333333333333,0.5,0.4,False,False
Q0010,2,OPCODE_CONTEXT,DROP30,B4_SOFT_GRAPH,0.3333333333333333,0.25,0.5,0.3333333333333333,False,False
Q0010,2,OPCODE_CONTEXT,BRIDGE,B1_INDEPENDENT,0.3333333333333333,0.25,0.5,0.3333333333333333,False,False
Q0010,2,OPCODE_CONTEXT,BRIDGE,B2_EXACT_GLOBAL,0.3333333333333333,0.5,0.5,0.5,False,False
Q0010,2,OPCODE_CONTEXT,BRIDGE,B3_HARD_COMPONENT,0.0,0.0,0.0,0.0,False,False
Q0010,2,OPCODE_CONTEXT,BRIDGE,B4_SOFT_GRAPH,0.3333333333333333,0.25,0.5,0.3333333333333333,False,False
Q0010,2,OPCODE_CONTEXT,DROP30_BRIDGE,B1_INDEPENDENT,0.3333333333333333,0.25,0.5,0.3333333333333333,False,False
Q0010,2,OPCODE_CONTEXT,DROP30_BRIDGE,B2_EXACT_GLOBAL,0.3333333333333333,0.5,0.5,0.5,False,False
Q0010,2,OPCODE_CONTEXT,DROP30_BRIDGE,B3_HARD_COMPONENT,0.16666666666666666,0.3333333333333333,0.5,0.4,False,False
Q0010,2,OPCODE_CONTEXT,DROP30_BRIDGE,B4_SOFT_GRAPH,0.3333333333333333,0.25,0.5,0.3333333333333333,False,False
Q0049,2,OPCODE_3GRAM,CLEAN,B1_INDEPENDENT,0.16666666666666666,0.2,0.5,0.28571428571428575,False,False
Q0049,2,OPCODE_3GRAM,CLEAN,B2_EXACT_GLOBAL,0.3333333333333333,0.5,0.5,0.5,False,False
Q0049,2,OPCODE_3GRAM,CLEAN,B3_HARD_COMPONENT,0.5,0.5,0.5,0.5,False,False
Q0049,2,OPCODE_3GRAM,CLEAN,B4_SOFT_GRAPH,0.5,0.5,0.5,0.5,False,False
Q0049,2,OPCODE_3GRAM,DROP30,B1_INDEPENDENT,0.16666666666666666,0.2,0.5,0.28571428571428575,False,False
Q0049,2,OPCODE_3GRAM,DROP30,B2_EXACT_GLOBAL,0.3333333333333333,0.5,0.5,0.5,False,False
Q0049,2,OPCODE_3GRAM,DROP30,B3_HARD_COMPONENT,0.3333333333333333,0.5,0.5,0.5,False,False
Q0049,2,OPCODE_3GRAM,DROP30,B4_SOFT_GRAPH,0.5,0.5,0.5,0.5,False,False
Q0049,2,OPCODE_3GRAM,BRIDGE,B1_INDEPENDENT,0.16666666666666666,0.2,0.5,0.28571428571428575,False,False
Q0049,2,OPCODE_3GRAM,BRIDGE,B2_EXACT_GLOBAL,0.3333333333333333,0.5,0.5,0.5,False,False
Q0049,2,OPCODE_3GRAM,BRIDGE,B3_HARD_COMPONENT,0.5,1.0,0.5,0.6666666666666666,False,False
Q0049,2,OPCODE_3GRAM,BRIDGE,B4_SOFT_GRAPH,0.5,1.0,0.5,0.6666666666666666,False,False
Q0049,2,OPCODE_3GRAM,DROP30_BRIDGE,B1_INDEPENDENT,0.16666666666666666,0.2,0.5,0.28571428571428575,False,False
Q0049,2,OPCODE_3GRAM,DROP30_BRIDGE,B2_EXACT_GLOBAL,0.3333333333333333,0.5,0.5,0.5,False,False
Q0049,2,OPCODE_3GRAM,DROP30_BRIDGE,B3_HARD_COMPONENT,0.0,0.0,0.0,0.0,False,False
Q0049,2,OPCODE_3GRAM,DROP30_BRIDGE,B4_SOFT_GRAPH,0.5,0.5,0.5,0.5,False,False
Q0049,2,OPCODE_STRUCT,CLEAN,B1_INDEPENDENT,0.16666666666666666,0.2,0.5,0.28571428571428575,False,False
Q0049,2,OPCODE_STRUCT,CLEAN,B2_EXACT_GLOBAL,0.16666666666666666,0.5,0.5,0.5,False,False
Q0049,2,OPCODE_STRUCT,CLEAN,B3_HARD_COMPONENT,0.5,0.5,0.5,0.5,False,False
Q0049,2,OPCODE_STRUCT,CLEAN,B4_SOFT_GRAPH,0.5,1.0,0.5,0.6666666666666666,False,False
Q0049,2,OPCODE_STRUCT,DROP30,B1_INDEPENDENT,0.16666666666666666,0.2,0.5,0.28571428571428575,False,False
Q0049,2,OPCODE_STRUCT,DROP30,B2_EXACT_GLOBAL,0.16666666666666666,0.5,0.5,0.5,False,False
Q0049,2,OPCODE_STRUCT,DROP30,B3_HARD_COMPONENT,0.3333333333333333,0.3333333333333333,0.5,0.4,False,False
Q0049,2,OPCODE_STRUCT,DROP30,B4_SOFT_GRAPH,0.5,1.0,0.5,0.6666666666666666,False,False
Q0049,2,OPCODE_STRUCT,BRIDGE,B1_INDEPENDENT,0.16666666666666666,0.2,0.5,0.28571428571428575,False,False
Q0049,2,OPCODE_STRUCT,BRIDGE,B2_EXACT_GLOBAL,0.16666666666666666,0.5,0.5,0.5,False,False
Q0049,2,OPCODE_STRUCT,BRIDGE,B3_HARD_COMPONENT,0.5,1.0,0.5,0.6666666666666666,False,False
Q0049,2,OPCODE_STRUCT,BRIDGE,B4_SOFT_GRAPH,0.5,1.0,0.5,0.6666666666666666,False,False
Q0049,2,OPCODE_STRUCT,DROP30_BRIDGE,B1_INDEPENDENT,0.16666666666666666,0.2,0.5,0.28571428571428575,False,False
Q0049,2,OPCODE_STRUCT,DROP30_BRIDGE,B2_EXACT_GLOBAL,0.16666666666666666,0.5,0.5,0.5,False,False
Q0049,2,OPCODE_STRUCT,DROP30_BRIDGE,B3_HARD_COMPONENT,0.0,0.5,0.5,0.5,False,False
Q0049,2,OPCODE_STRUCT,DROP30_BRIDGE,B4_SOFT_GRAPH,0.5,1.0,0.5,0.6666666666666666,False,False
Q0049,2,OPCODE_CONTEXT,CLEAN,B1_INDEPENDENT,0.16666666666666666,0.3333333333333333,0.5,0.4,False,False
Q0049,2,OPCODE_CONTEXT,CLEAN,B2_EXACT_GLOBAL,0.16666666666666666,0.5,0.5,0.5,False,False
Q0049,2,OPCODE_CONTEXT,CLEAN,B3_HARD_COMPONENT,0.0,0.5,0.5,0.5,False,False
Q0049,2,OPCODE_CONTEXT,CLEAN,B4_SOFT_GRAPH,0.16666666666666666,0.3333333333333333,0.5,0.4,False,False
Q0049,2,OPCODE_CONTEXT,DROP30,B1_INDEPENDENT,0.16666666666666666,0.3333333333333333,0.5,0.4,False,False
Q0049,2,OPCODE_CONTEXT,DROP30,B2_EXACT_GLOBAL,0.16666666666666666,0.5,0.5,0.5,False,False
Q0049,2,OPCODE_CONTEXT,DROP30,B3_HARD_COMPONENT,0.0,0.3333333333333333,0.5,0.4,False,False
Q0049,2,OPCODE_CONTEXT,DROP30,B4_SOFT_GRAPH,0.16666666666666666,0.3333333333333333,0.5,0.4,False,False
Q0049,2,OPCODE_CONTEXT,BRIDGE,B1_INDEPENDENT,0.16666666666666666,0.3333333333333333,0.5,0.4,False,False
Q0049,2,OPCODE_CONTEXT,BRIDGE,B2_EXACT_GLOBAL,0.16666666666666666,0.5,0.5,0.5,False,False
Q0049,2,OPCODE_CONTEXT,BRIDGE,B3_HARD_COMPONENT,0.5,1.0,0.5,0.6666666666666666,False,False
Q0049,2,OPCODE_CONTEXT,BRIDGE,B4_SOFT_GRAPH,0.16666666666666666,0.3333333333333333,0.5,0.4,False,False
Q0049,2,OPCODE_CONTEXT,DROP30_BRIDGE,B1_INDEPENDENT,0.16666666666666666,0.3333333333333333,0.5,0.4,False,False
Q0049,2,OPCODE_CONTEXT,DROP30_BRIDGE,B2_EXACT_GLOBAL,0.16666666666666666,0.5,0.5,0.5,False,False
Q0049,2,OPCODE_CONTEXT,DROP30_BRIDGE,B3_HARD_COMPONENT,0.0,0.5,0.5,0.5,False,False
Q0049,2,OPCODE_CONTEXT,DROP30_BRIDGE,B4_SOFT_GRAPH,0.16666666666666666,0.3333333333333333,0.5,0.4,False,False
Q0039,2,OPCODE_3GRAM,CLEAN,B1_INDEPENDENT,0.16666666666666666,0.25,0.5,0.3333333333333333,False,False
Q0039,2,OPCODE_3GRAM,CLEAN,B2_EXACT_GLOBAL,0.0,0.0,0.0,0.0,False,False
Q0039,2,OPCODE_3GRAM,CLEAN,B3_HARD_COMPONENT,0.0,0.0,0.0,0.0,False,False
Q0039,2,OPCODE_3GRAM,CLEAN,B4_SOFT_GRAPH,0.0,0.0,0.0,0.0,False,False
Q0039,2,OPCODE_3GRAM,DROP30,B1_INDEPENDENT,0.16666666666666666,0.25,0.5,0.3333333333333333,False,False
Q0039,2,OPCODE_3GRAM,DROP30,B2_EXACT_GLOBAL,0.0,0.0,0.0,0.0,False,False
Q0039,2,OPCODE_3GRAM,DROP30,B3_HARD_COMPONENT,0.16666666666666666,0.5,0.5,0.5,False,False
Q0039,2,OPCODE_3GRAM,DROP30,B4_SOFT_GRAPH,0.0,0.0,0.0,0.0,False,False
Q0039,2,OPCODE_3GRAM,BRIDGE,B1_INDEPENDENT,0.16666666666666666,0.25,0.5,0.3333333333333333,False,False
Q0039,2,OPCODE_3GRAM,BRIDGE,B2_EXACT_GLOBAL,0.0,0.0,0.0,0.0,False,False
Q0039,2,OPCODE_3GRAM,BRIDGE,B3_HARD_COMPONENT,0.0,0.0,0.0,0.0,False,False
Q0039,2,OPCODE_3GRAM,BRIDGE,B4_SOFT_GRAPH,0.0,0.0,0.0,0.0,False,False
Q0039,2,OPCODE_3GRAM,DROP30_BRIDGE,B1_INDEPENDENT,0.16666666666666666,0.25,0.5,0.3333333333333333,False,False
Q0039,2,OPCODE_3GRAM,DROP30_BRIDGE,B2_EXACT_GLOBAL,0.0,0.0,0.0,0.0,False,False
Q0039,2,OPCODE_3GRAM,DROP30_BRIDGE,B3_HARD_COMPONENT,0.0,0.0,0.0,0.0,False,False
Q0039,2,OPCODE_3GRAM,DROP30_BRIDGE,B4_SOFT_GRAPH,0.0,0.0,0.0,0.0,False,False
Q0039,2,OPCODE_STRUCT,CLEAN,B1_INDEPENDENT,0.16666666666666666,0.16666666666666666,0.5,0.25,False,False
Q0039,2,OPCODE_STRUCT,CLEAN,B2_EXACT_GLOBAL,0.0,0.0,0.0,0.0,False,False
Q0039,2,OPCODE_STRUCT,CLEAN,B3_HARD_COMPONENT,0.0,0.0,0.0,0.0,False,False
Q0039,2,OPCODE_STRUCT,CLEAN,B4_SOFT_GRAPH,0.0,0.0,0.0,0.0,False,False
Q0039,2,OPCODE_STRUCT,DROP30,B1_INDEPENDENT,0.16666666666666666,0.16666666666666666,0.5,0.25,False,False
Q0039,2,OPCODE_STRUCT,DROP30,B2_EXACT_GLOBAL,0.0,0.0,0.0,0.0,False,False
Q0039,2,OPCODE_STRUCT,DROP30,B3_HARD_COMPONENT,0.16666666666666666,0.3333333333333333,0.5,0.4,False,False
Q0039,2,OPCODE_STRUCT,DROP30,B4_SOFT_GRAPH,0.16666666666666666,0.25,0.5,0.3333333333333333,False,False
Q0039,2,OPCODE_STRUCT,BRIDGE,B1_INDEPENDENT,0.16666666666666666,0.16666666666666666,0.5,0.25,False,False
Q0039,2,OPCODE_STRUCT,BRIDGE,B2_EXACT_GLOBAL,0.0,0.0,0.0,0.0,False,False
Q0039,2,OPCODE_STRUCT,BRIDGE,B3_HARD_COMPONENT,0.0,0.0,0.0,0.0,False,False
Q0039,2,OPCODE_STRUCT,BRIDGE,B4_SOFT_GRAPH,0.0,0.0,0.0,0.0,False,False
Q0039,2,OPCODE_STRUCT,DROP30_BRIDGE,B1_INDEPENDENT,0.16666666666666666,0.16666666666666666,0.5,0.25,False,False
Q0039,2,OPCODE_STRUCT,DROP30_BRIDGE,B2_EXACT_GLOBAL,0.0,0.0,0.0,0.0,False,False
Q0039,2,OPCODE_STRUCT,DROP30_BRIDGE,B3_HARD_COMPONENT,0.0,0.0,0.0,0.0,False,False
Q0039,2,OPCODE_STRUCT,DROP30_BRIDGE,B4_SOFT_GRAPH,0.0,0.0,0.0,0.0,False,False
Q0039,2,OPCODE_CONTEXT,CLEAN,B1_INDEPENDENT,0.3333333333333333,0.25,0.5,0.3333333333333333,False,False
Q0039,2,OPCODE_CONTEXT,CLEAN,B2_EXACT_GLOBAL,0.0,0.0,0.0,0.0,False,False
Q0039,2,OPCODE_CONTEXT,CLEAN,B3_HARD_COMPONENT,0.5,0.5,0.5,0.5,False,False
Q0039,2,OPCODE_CONTEXT,CLEAN,B4_SOFT_GRAPH,0.3333333333333333,0.25,0.5,0.3333333333333333,False,False
Q0039,2,OPCODE_CONTEXT,DROP30,B1_INDEPENDENT,0.3333333333333333,0.25,0.5,0.3333333333333333,False,False
Q0039,2,OPCODE_CONTEXT,DROP30,B2_EXACT_GLOBAL,0.0,0.0,0.0,0.0,False,False
Q0039,2,OPCODE_CONTEXT,DROP30,B3_HARD_COMPONENT,0.5,0.5,0.5,0.5,False,False
Q0039,2,OPCODE_CONTEXT,DROP30,B4_SOFT_GRAPH,0.3333333333333333,0.25,0.5,0.3333333333333333,False,False
Q0039,2,OPCODE_CONTEXT,BRIDGE,B1_INDEPENDENT,0.3333333333333333,0.25,0.5,0.3333333333333333,False,False
Q0039,2,OPCODE_CONTEXT,BRIDGE,B2_EXACT_GLOBAL,0.0,0.0,0.0,0.0,False,False
Q0039,2,OPCODE_CONTEXT,BRIDGE,B3_HARD_COMPONENT,0.0,0.0,0.0,0.0,False,False
Q0039,2,OPCODE_CONTEXT,BRIDGE,B4_SOFT_GRAPH,0.3333333333333333,0.25,0.5,0.3333333333333333,False,False
Q0039,2,OPCODE_CONTEXT,DROP30_BRIDGE,B1_INDEPENDENT,0.3333333333333333,0.25,0.5,0.3333333333333333,False,False
Q0039,2,OPCODE_CONTEXT,DROP30_BRIDGE,B2_EXACT_GLOBAL,0.0,0.0,0.0,0.0,False,False
Q0039,2,OPCODE_CONTEXT,DROP30_BRIDGE,B3_HARD_COMPONENT,0.3333333333333333,0.5,0.5,0.5,False,False
Q0039,2,OPCODE_CONTEXT,DROP30_BRIDGE,B4_SOFT_GRAPH,0.3333333333333333,0.25,0.5,0.3333333333333333,False,False
Q0077,2,OPCODE_3GRAM,CLEAN,B1_INDEPENDENT,0.16666666666666666,0.5,0.5,0.5,False,False
Q0077,2,OPCODE_3GRAM,CLEAN,B2_EXACT_GLOBAL,0.16666666666666666,0.5,0.5,0.5,False,False
Q0077,2,OPCODE_3GRAM,CLEAN,B3_HARD_COMPONENT,0.0,0.5,0.5,0.5,False,False
Q0077,2,OPCODE_3GRAM,CLEAN,B4_SOFT_GRAPH,0.0,0.5,0.5,0.5,False,False
Q0077,2,OPCODE_3GRAM,DROP30,B1_INDEPENDENT,0.16666666666666666,0.5,0.5,0.5,False,False
Q0077,2,OPCODE_3GRAM,DROP30,B2_EXACT_GLOBAL,0.16666666666666666,0.5,0.5,0.5,False,False
Q0077,2,OPCODE_3GRAM,DROP30,B3_HARD_COMPONENT,0.0,0.5,0.5,0.5,False,False
Q0077,2,OPCODE_3GRAM,DROP30,B4_SOFT_GRAPH,0.0,0.5,0.5,0.5,False,False
Q0077,2,OPCODE_3GRAM,BRIDGE,B1_INDEPENDENT,0.16666666666666666,0.5,0.5,0.5,False,False
Q0077,2,OPCODE_3GRAM,BRIDGE,B2_EXACT_GLOBAL,0.16666666666666666,0.5,0.5,0.5,False,False
Q0077,2,OPCODE_3GRAM,BRIDGE,B3_HARD_COMPONENT,0.0,0.0,0.0,0.0,False,False
Q0077,2,OPCODE_3GRAM,BRIDGE,B4_SOFT_GRAPH,0.0,0.0,0.0,0.0,False,False
Q0077,2,OPCODE_3GRAM,DROP30_BRIDGE,B1_INDEPENDENT,0.16666666666666666,0.5,0.5,0.5,False,False
Q0077,2,OPCODE_3GRAM,DROP30_BRIDGE,B2_EXACT_GLOBAL,0.16666666666666666,0.5,0.5,0.5,False,False
Q0077,2,OPCODE_3GRAM,DROP30_BRIDGE,B3_HARD_COMPONENT,0.16666666666666666,0.5,0.5,0.5,False,False
Q0077,2,OPCODE_3GRAM,DROP30_BRIDGE,B4_SOFT_GRAPH,0.16666666666666666,0.5,0.5,0.5,False,False
Q0077,2,OPCODE_STRUCT,CLEAN,B1_INDEPENDENT,0.16666666666666666,0.2,0.5,0.28571428571428575,False,False
Q0077,2,OPCODE_STRUCT,CLEAN,B2_EXACT_GLOBAL,0.0,0.0,0.0,0.0,False,False
Q0077,2,OPCODE_STRUCT,CLEAN,B3_HARD_COMPONENT,0.0,0.0,0.0,0.0,False,False
Q0077,2,OPCODE_STRUCT,CLEAN,B4_SOFT_GRAPH,0.0,0.0,0.0,0.0,False,False
Q0077,2,OPCODE_STRUCT,DROP30,B1_INDEPENDENT,0.16666666666666666,0.2,0.5,0.28571428571428575,False,False
Q0077,2,OPCODE_STRUCT,DROP30,B2_EXACT_GLOBAL,0.0,0.0,0.0,0.0,False,False
Q0077,2,OPCODE_STRUCT,DROP30,B3_HARD_COMPONENT,0.0,0.5,0.5,0.5,False,False
Q0077,2,OPCODE_STRUCT,DROP30,B4_SOFT_GRAPH,0.0,0.5,0.5,0.5,False,False
Q0077,2,OPCODE_STRUCT,BRIDGE,B1_INDEPENDENT,0.16666666666666666,0.2,0.5,0.28571428571428575,False,False
Q0077,2,OPCODE_STRUCT,BRIDGE,B2_EXACT_GLOBAL,0.0,0.0,0.0,0.0,False,False
Q0077,2,OPCODE_STRUCT,BRIDGE,B3_HARD_COMPONENT,0.0,0.0,0.0,0.0,False,False
Q0077,2,OPCODE_STRUCT,BRIDGE,B4_SOFT_GRAPH,0.0,0.0,0.0,0.0,False,False
Q0077,2,OPCODE_STRUCT,DROP30_BRIDGE,B1_INDEPENDENT,0.16666666666666666,0.2,0.5,0.28571428571428575,False,False
Q0077,2,OPCODE_STRUCT,DROP30_BRIDGE,B2_EXACT_GLOBAL,0.0,0.0,0.0,0.0,False,False
Q0077,2,OPCODE_STRUCT,DROP30_BRIDGE,B3_HARD_COMPONENT,0.16666666666666666,0.5,0.5,0.5,False,False
Q0077,2,OPCODE_STRUCT,DROP30_BRIDGE,B4_SOFT_GRAPH,0.16666666666666666,0.5,0.5,0.5,False,False
Q0077,2,OPCODE_CONTEXT,CLEAN,B1_INDEPENDENT,0.3333333333333333,0.25,0.5,0.3333333333333333,False,False
Q0077,2,OPCODE_CONTEXT,CLEAN,B2_EXACT_GLOBAL,0.5,0.5,0.5,0.5,False,False
Q0077,2,OPCODE_CONTEXT,CLEAN,B3_HARD_COMPONENT,0.5,0.5,0.5,0.5,False,False
Q0077,2,OPCODE_CONTEXT,CLEAN,B4_SOFT_GRAPH,0.3333333333333333,0.25,0.5,0.3333333333333333,False,False
Q0077,2,OPCODE_CONTEXT,DROP30,B1_INDEPENDENT,0.3333333333333333,0.25,0.5,0.3333333333333333,False,False
Q0077,2,OPCODE_CONTEXT,DROP30,B2_EXACT_GLOBAL,0.5,0.5,0.5,0.5,False,False
Q0077,2,OPCODE_CONTEXT,DROP30,B3_HARD_COMPONENT,0.5,0.5,0.5,0.5,False,False
Q0077,2,OPCODE_CONTEXT,DROP30,B4_SOFT_GRAPH,0.3333333333333333,0.25,0.5,0.3333333333333333,False,False
Q0077,2,OPCODE_CONTEXT,BRIDGE,B1_INDEPENDENT,0.3333333333333333,0.25,0.5,0.3333333333333333,False,False
Q0077,2,OPCODE_CONTEXT,BRIDGE,B2_EXACT_GLOBAL,0.5,0.5,0.5,0.5,False,False
Q0077,2,OPCODE_CONTEXT,BRIDGE,B3_HARD_COMPONENT,0.5,1.0,0.5,0.6666666666666666,False,False
Q0077,2,OPCODE_CONTEXT,BRIDGE,B4_SOFT_GRAPH,0.3333333333333333,0.25,0.5,0.3333333333333333,False,False
Q0077,2,OPCODE_CONTEXT,DROP30_BRIDGE,B1_INDEPENDENT,0.3333333333333333,0.25,0.5,0.3333333333333333,False,False
Q0077,2,OPCODE_CONTEXT,DROP30_BRIDGE,B2_EXACT_GLOBAL,0.5,0.5,0.5,0.5,False,False
Q0077,2,OPCODE_CONTEXT,DROP30_BRIDGE,B3_HARD_COMPONENT,0.6666666666666666,1.0,1.0,1.0,True,False
Q0077,2,OPCODE_CONTEXT,DROP30_BRIDGE,B4_SOFT_GRAPH,0.3333333333333333,0.25,0.5,0.3333333333333333,False,False
Q0022,2,OPCODE_3GRAM,CLEAN,B1_INDEPENDENT,0.5,0.25,0.5,0.3333333333333333,False,False
Q0022,2,OPCODE_3GRAM,CLEAN,B2_EXACT_GLOBAL,0.5,0.5,0.5,0.5,False,False
Q0022,2,OPCODE_3GRAM,CLEAN,B3_HARD_COMPONENT,0.5,0.5,0.5,0.5,False,False
Q0022,2,OPCODE_3GRAM,CLEAN,B4_SOFT_GRAPH,0.0,0.0,0.0,0.0,False,False
Q0022,2,OPCODE_3GRAM,DROP30,B1_INDEPENDENT,0.5,0.25,0.5,0.3333333333333333,False,False
Q0022,2,OPCODE_3GRAM,DROP30,B2_EXACT_GLOBAL,0.5,0.5,0.5,0.5,False,False
Q0022,2,OPCODE_3GRAM,DROP30,B3_HARD_COMPONENT,0.5,0.25,0.5,0.3333333333333333,False,False
Q0022,2,OPCODE_3GRAM,DROP30,B4_SOFT_GRAPH,0.0,0.0,0.0,0.0,False,False
Q0022,2,OPCODE_3GRAM,BRIDGE,B1_INDEPENDENT,0.5,0.25,0.5,0.3333333333333333,False,False
Q0022,2,OPCODE_3GRAM,BRIDGE,B2_EXACT_GLOBAL,0.5,0.5,0.5,0.5,False,False
Q0022,2,OPCODE_3GRAM,BRIDGE,B3_HARD_COMPONENT,0.5,1.0,0.5,0.6666666666666666,False,False
Q0022,2,OPCODE_3GRAM,BRIDGE,B4_SOFT_GRAPH,0.0,0.0,0.0,0.0,False,False
Q0022,2,OPCODE_3GRAM,DROP30_BRIDGE,B1_INDEPENDENT,0.5,0.25,0.5,0.3333333333333333,False,False
Q0022,2,OPCODE_3GRAM,DROP30_BRIDGE,B2_EXACT_GLOBAL,0.5,0.5,0.5,0.5,False,False
Q0022,2,OPCODE_3GRAM,DROP30_BRIDGE,B3_HARD_COMPONENT,0.5,1.0,0.5,0.6666666666666666,False,False
Q0022,2,OPCODE_3GRAM,DROP30_BRIDGE,B4_SOFT_GRAPH,0.0,0.0,0.0,0.0,False,False
Q0022,2,OPCODE_STRUCT,CLEAN,B1_INDEPENDENT,0.5,0.25,0.5,0.3333333333333333,False,False
Q0022,2,OPCODE_STRUCT,CLEAN,B2_EXACT_GLOBAL,0.5,0.5,0.5,0.5,False,False
Q0022,2,OPCODE_STRUCT,CLEAN,B3_HARD_COMPONENT,0.5,0.5,0.5,0.5,False,False
Q0022,2,OPCODE_STRUCT,CLEAN,B4_SOFT_GRAPH,0.5,0.5,0.5,0.5,False,False
Q0022,2,OPCODE_STRUCT,DROP30,B1_INDEPENDENT,0.5,0.25,0.5,0.3333333333333333,False,False
Q0022,2,OPCODE_STRUCT,DROP30,B2_EXACT_GLOBAL,0.5,0.5,0.5,0.5,False,False
Q0022,2,OPCODE_STRUCT,DROP30,B3_HARD_COMPONENT,0.5,0.25,0.5,0.3333333333333333,False,False
Q0022,2,OPCODE_STRUCT,DROP30,B4_SOFT_GRAPH,0.5,0.25,0.5,0.3333333333333333,False,False
Q0022,2,OPCODE_STRUCT,BRIDGE,B1_INDEPENDENT,0.5,0.25,0.5,0.3333333333333333,False,False
Q0022,2,OPCODE_STRUCT,BRIDGE,B2_EXACT_GLOBAL,0.5,0.5,0.5,0.5,False,False
Q0022,2,OPCODE_STRUCT,BRIDGE,B3_HARD_COMPONENT,0.5,1.0,0.5,0.6666666666666666,False,False
Q0022,2,OPCODE_STRUCT,BRIDGE,B4_SOFT_GRAPH,0.5,0.5,0.5,0.5,False,False
Q0022,2,OPCODE_STRUCT,DROP30_BRIDGE,B1_INDEPENDENT,0.5,0.25,0.5,0.3333333333333333,False,False
Q0022,2,OPCODE_STRUCT,DROP30_BRIDGE,B2_EXACT_GLOBAL,0.5,0.5,0.5,0.5,False,False
Q0022,2,OPCODE_STRUCT,DROP30_BRIDGE,B3_HARD_COMPONENT,0.5,1.0,0.5,0.6666666666666666,False,False
Q0022,2,OPCODE_STRUCT,DROP30_BRIDGE,B4_SOFT_GRAPH,0.5,0.5,0.5,0.5,False,False
Q0022,2,OPCODE_CONTEXT,CLEAN,B1_INDEPENDENT,0.5,0.25,0.5,0.3333333333333333,False,False
Q0022,2,OPCODE_CONTEXT,CLEAN,B2_EXACT_GLOBAL,0.5,0.5,0.5,0.5,False,False
Q0022,2,OPCODE_CONTEXT,CLEAN,B3_HARD_COMPONENT,0.5,0.5,0.5,0.5,False,False
Q0022,2,OPCODE_CONTEXT,CLEAN,B4_SOFT_GRAPH,0.5,0.25,0.5,0.3333333333333333,False,False
Q0022,2,OPCODE_CONTEXT,DROP30,B1_INDEPENDENT,0.5,0.25,0.5,0.3333333333333333,False,False
Q0022,2,OPCODE_CONTEXT,DROP30,B2_EXACT_GLOBAL,0.5,0.5,0.5,0.5,False,False
Q0022,2,OPCODE_CONTEXT,DROP30,B3_HARD_COMPONENT,0.5,0.25,0.5,0.3333333333333333,False,False
Q0022,2,OPCODE_CONTEXT,DROP30,B4_SOFT_GRAPH,0.5,0.25,0.5,0.3333333333333333,False,False
Q0022,2,OPCODE_CONTEXT,BRIDGE,B1_INDEPENDENT,0.5,0.25,0.5,0.3333333333333333,False,False
Q0022,2,OPCODE_CONTEXT,BRIDGE,B2_EXACT_GLOBAL,0.5,0.5,0.5,0.5,False,False
Q0022,2,OPCODE_CONTEXT,BRIDGE,B3_HARD_COMPONENT,0.5,1.0,0.5,0.6666666666666666,False,False
Q0022,2,OPCODE_CONTEXT,BRIDGE,B4_SOFT_GRAPH,0.5,0.25,0.5,0.3333333333333333,False,False
Q0022,2,OPCODE_CONTEXT,DROP30_BRIDGE,B1_INDEPENDENT,0.5,0.25,0.5,0.3333333333333333,False,False
Q0022,2,OPCODE_CONTEXT,DROP30_BRIDGE,B2_EXACT_GLOBAL,0.5,0.5,0.5,0.5,False,False
Q0022,2,OPCODE_CONTEXT,DROP30_BRIDGE,B3_HARD_COMPONENT,0.5,1.0,0.5,0.6666666666666666,False,False
Q0022,2,OPCODE_CONTEXT,DROP30_BRIDGE,B4_SOFT_GRAPH,0.5,0.25,0.5,0.3333333333333333,False,False
Q0059,2,OPCODE_3GRAM,CLEAN,B1_INDEPENDENT,0.5,0.25,0.5,0.3333333333333333,False,False
Q0059,2,OPCODE_3GRAM,CLEAN,B2_EXACT_GLOBAL,0.5,0.5,0.5,0.5,False,False
Q0059,2,OPCODE_3GRAM,CLEAN,B3_HARD_COMPONENT,0.5,0.5,0.5,0.5,False,False
Q0059,2,OPCODE_3GRAM,CLEAN,B4_SOFT_GRAPH,0.5,0.5,0.5,0.5,False,False
Q0059,2,OPCODE_3GRAM,DROP30,B1_INDEPENDENT,0.5,0.25,0.5,0.3333333333333333,False,False
Q0059,2,OPCODE_3GRAM,DROP30,B2_EXACT_GLOBAL,0.5,0.5,0.5,0.5,False,False
Q0059,2,OPCODE_3GRAM,DROP30,B3_HARD_COMPONENT,0.5,0.5,0.5,0.5,False,False
Q0059,2,OPCODE_3GRAM,DROP30,B4_SOFT_GRAPH,0.5,0.5,0.5,0.5,False,False
Q0059,2,OPCODE_3GRAM,BRIDGE,B1_INDEPENDENT,0.5,0.25,0.5,0.3333333333333333,False,False
Q0059,2,OPCODE_3GRAM,BRIDGE,B2_EXACT_GLOBAL,0.5,0.5,0.5,0.5,False,False
Q0059,2,OPCODE_3GRAM,BRIDGE,B3_HARD_COMPONENT,0.5,1.0,0.5,0.6666666666666666,False,False
Q0059,2,OPCODE_3GRAM,BRIDGE,B4_SOFT_GRAPH,0.5,0.5,0.5,0.5,False,False
Q0059,2,OPCODE_3GRAM,DROP30_BRIDGE,B1_INDEPENDENT,0.5,0.25,0.5,0.3333333333333333,False,False
Q0059,2,OPCODE_3GRAM,DROP30_BRIDGE,B2_EXACT_GLOBAL,0.5,0.5,0.5,0.5,False,False
Q0059,2,OPCODE_3GRAM,DROP30_BRIDGE,B3_HARD_COMPONENT,0.5,0.5,0.5,0.5,False,False
Q0059,2,OPCODE_3GRAM,DROP30_BRIDGE,B4_SOFT_GRAPH,0.5,0.5,0.5,0.5,False,False
Q0059,2,OPCODE_STRUCT,CLEAN,B1_INDEPENDENT,0.5,0.25,0.5,0.3333333333333333,False,False
Q0059,2,OPCODE_STRUCT,CLEAN,B2_EXACT_GLOBAL,0.5,0.5,0.5,0.5,False,False
Q0059,2,OPCODE_STRUCT,CLEAN,B3_HARD_COMPONENT,0.5,0.5,0.5,0.5,False,False
Q0059,2,OPCODE_STRUCT,CLEAN,B4_SOFT_GRAPH,0.5,0.5,0.5,0.5,False,False
Q0059,2,OPCODE_STRUCT,DROP30,B1_INDEPENDENT,0.5,0.25,0.5,0.3333333333333333,False,False
Q0059,2,OPCODE_STRUCT,DROP30,B2_EXACT_GLOBAL,0.5,0.5,0.5,0.5,False,False
Q0059,2,OPCODE_STRUCT,DROP30,B3_HARD_COMPONENT,0.5,0.5,0.5,0.5,False,False
Q0059,2,OPCODE_STRUCT,DROP30,B4_SOFT_GRAPH,0.5,0.5,0.5,0.5,False,False
Q0059,2,OPCODE_STRUCT,BRIDGE,B1_INDEPENDENT,0.5,0.25,0.5,0.3333333333333333,False,False
Q0059,2,OPCODE_STRUCT,BRIDGE,B2_EXACT_GLOBAL,0.5,0.5,0.5,0.5,False,False
Q0059,2,OPCODE_STRUCT,BRIDGE,B3_HARD_COMPONENT,0.5,1.0,0.5,0.6666666666666666,False,False
Q0059,2,OPCODE_STRUCT,BRIDGE,B4_SOFT_GRAPH,0.5,0.5,0.5,0.5,False,False
Q0059,2,OPCODE_STRUCT,DROP30_BRIDGE,B1_INDEPENDENT,0.5,0.25,0.5,0.3333333333333333,False,False
Q0059,2,OPCODE_STRUCT,DROP30_BRIDGE,B2_EXACT_GLOBAL,0.5,0.5,0.5,0.5,False,False
Q0059,2,OPCODE_STRUCT,DROP30_BRIDGE,B3_HARD_COMPONENT,0.5,0.5,0.5,0.5,False,False
Q0059,2,OPCODE_STRUCT,DROP30_BRIDGE,B4_SOFT_GRAPH,0.5,0.3333333333333333,0.5,0.4,False,False
Q0059,2,OPCODE_CONTEXT,CLEAN,B1_INDEPENDENT,0.5,0.25,0.5,0.3333333333333333,False,False
Q0059,2,OPCODE_CONTEXT,CLEAN,B2_EXACT_GLOBAL,0.5,0.5,0.5,0.5,False,False
Q0059,2,OPCODE_CONTEXT,CLEAN,B3_HARD_COMPONENT,0.5,0.5,0.5,0.5,False,False
Q0059,2,OPCODE_CONTEXT,CLEAN,B4_SOFT_GRAPH,0.5,0.25,0.5,0.3333333333333333,False,False
Q0059,2,OPCODE_CONTEXT,DROP30,B1_INDEPENDENT,0.5,0.25,0.5,0.3333333333333333,False,False
Q0059,2,OPCODE_CONTEXT,DROP30,B2_EXACT_GLOBAL,0.5,0.5,0.5,0.5,False,False
Q0059,2,OPCODE_CONTEXT,DROP30,B3_HARD_COMPONENT,0.5,0.5,0.5,0.5,False,False
Q0059,2,OPCODE_CONTEXT,DROP30,B4_SOFT_GRAPH,0.5,0.25,0.5,0.3333333333333333,False,False
Q0059,2,OPCODE_CONTEXT,BRIDGE,B1_INDEPENDENT,0.5,0.25,0.5,0.3333333333333333,False,False
Q0059,2,OPCODE_CONTEXT,BRIDGE,B2_EXACT_GLOBAL,0.5,0.5,0.5,0.5,False,False
Q0059,2,OPCODE_CONTEXT,BRIDGE,B3_HARD_COMPONENT,0.5,1.0,0.5,0.6666666666666666,False,False
Q0059,2,OPCODE_CONTEXT,BRIDGE,B4_SOFT_GRAPH,0.5,0.25,0.5,0.3333333333333333,False,False
Q0059,2,OPCODE_CONTEXT,DROP30_BRIDGE,B1_INDEPENDENT,0.5,0.25,0.5,0.3333333333333333,False,False
Q0059,2,OPCODE_CONTEXT,DROP30_BRIDGE,B2_EXACT_GLOBAL,0.5,0.5,0.5,0.5,False,False
Q0059,2,OPCODE_CONTEXT,DROP30_BRIDGE,B3_HARD_COMPONENT,0.5,0.5,0.5,0.5,False,False
Q0059,2,OPCODE_CONTEXT,DROP30_BRIDGE,B4_SOFT_GRAPH,0.5,0.25,0.5,0.3333333333333333,False,False
Q0005,2,OPCODE_3GRAM,CLEAN,B1_INDEPENDENT,0.3333333333333333,0.4,1.0,0.5714285714285715,False,False
Q0005,2,OPCODE_3GRAM,CLEAN,B2_EXACT_GLOBAL,0.6666666666666666,1.0,1.0,1.0,True,False
Q0005,2,OPCODE_3GRAM,CLEAN,B3_HARD_COMPONENT,1.0,1.0,1.0,1.0,True,True
Q0005,2,OPCODE_3GRAM,CLEAN,B4_SOFT_GRAPH,0.16666666666666666,0.5,0.5,0.5,False,False
Q0005,2,OPCODE_3GRAM,DROP30,B1_INDEPENDENT,0.3333333333333333,0.4,1.0,0.5714285714285715,False,False
Q0005,2,OPCODE_3GRAM,DROP30,B2_EXACT_GLOBAL,0.6666666666666666,1.0,1.0,1.0,True,False
Q0005,2,OPCODE_3GRAM,DROP30,B3_HARD_COMPONENT,0.6666666666666666,0.5,1.0,0.6666666666666666,False,False
Q0005,2,OPCODE_3GRAM,DROP30,B4_SOFT_GRAPH,0.16666666666666666,0.2,0.5,0.28571428571428575,False,False
Q0005,2,OPCODE_3GRAM,BRIDGE,B1_INDEPENDENT,0.3333333333333333,0.4,1.0,0.5714285714285715,False,False
Q0005,2,OPCODE_3GRAM,BRIDGE,B2_EXACT_GLOBAL,0.6666666666666666,1.0,1.0,1.0,True,False
Q0005,2,OPCODE_3GRAM,BRIDGE,B3_HARD_COMPONENT,0.5,1.0,0.5,0.6666666666666666,False,False
Q0005,2,OPCODE_3GRAM,BRIDGE,B4_SOFT_GRAPH,0.16666666666666666,0.5,0.5,0.5,False,False
Q0005,2,OPCODE_3GRAM,DROP30_BRIDGE,B1_INDEPENDENT,0.3333333333333333,0.4,1.0,0.5714285714285715,False,False
Q0005,2,OPCODE_3GRAM,DROP30_BRIDGE,B2_EXACT_GLOBAL,0.6666666666666666,1.0,1.0,1.0,True,False
Q0005,2,OPCODE_3GRAM,DROP30_BRIDGE,B3_HARD_COMPONENT,0.5,0.6666666666666666,1.0,0.8,False,False
Q0005,2,OPCODE_3GRAM,DROP30_BRIDGE,B4_SOFT_GRAPH,0.16666666666666666,0.3333333333333333,0.5,0.4,False,False
Q0005,2,OPCODE_STRUCT,CLEAN,B1_INDEPENDENT,0.3333333333333333,0.4,1.0,0.5714285714285715,False,False
Q0005,2,OPCODE_STRUCT,CLEAN,B2_EXACT_GLOBAL,0.8333333333333334,1.0,1.0,1.0,True,False
Q0005,2,OPCODE_STRUCT,CLEAN,B3_HARD_COMPONENT,1.0,1.0,1.0,1.0,True,True
Q0005,2,OPCODE_STRUCT,CLEAN,B4_SOFT_GRAPH,0.0,0.0,0.0,0.0,False,False
Q0005,2,OPCODE_STRUCT,DROP30,B1_INDEPENDENT,0.3333333333333333,0.4,1.0,0.5714285714285715,False,False
Q0005,2,OPCODE_STRUCT,DROP30,B2_EXACT_GLOBAL,0.8333333333333334,1.0,1.0,1.0,True,False
Q0005,2,OPCODE_STRUCT,DROP30,B3_HARD_COMPONENT,0.6666666666666666,0.5,1.0,0.6666666666666666,False,False
Q0005,2,OPCODE_STRUCT,DROP30,B4_SOFT_GRAPH,0.0,0.0,0.0,0.0,False,False
Q0005,2,OPCODE_STRUCT,BRIDGE,B1_INDEPENDENT,0.3333333333333333,0.4,1.0,0.5714285714285715,False,False
Q0005,2,OPCODE_STRUCT,BRIDGE,B2_EXACT_GLOBAL,0.8333333333333334,1.0,1.0,1.0,True,False
Q0005,2,OPCODE_STRUCT,BRIDGE,B3_HARD_COMPONENT,0.5,1.0,0.5,0.6666666666666666,False,False
Q0005,2,OPCODE_STRUCT,BRIDGE,B4_SOFT_GRAPH,0.0,0.0,0.0,0.0,False,False
Q0005,2,OPCODE_STRUCT,DROP30_BRIDGE,B1_INDEPENDENT,0.3333333333333333,0.4,1.0,0.5714285714285715,False,False
Q0005,2,OPCODE_STRUCT,DROP30_BRIDGE,B2_EXACT_GLOBAL,0.8333333333333334,1.0,1.0,1.0,True,False
Q0005,2,OPCODE_STRUCT,DROP30_BRIDGE,B3_HARD_COMPONENT,0.5,0.6666666666666666,1.0,0.8,False,False
Q0005,2,OPCODE_STRUCT,DROP30_BRIDGE,B4_SOFT_GRAPH,0.0,0.0,0.0,0.0,False,False
Q0005,2,OPCODE_CONTEXT,CLEAN,B1_INDEPENDENT,0.3333333333333333,0.4,1.0,0.5714285714285715,False,False
Q0005,2,OPCODE_CONTEXT,CLEAN,B2_EXACT_GLOBAL,1.0,1.0,1.0,1.0,True,True
Q0005,2,OPCODE_CONTEXT,CLEAN,B3_HARD_COMPONENT,1.0,1.0,1.0,1.0,True,True
Q0005,2,OPCODE_CONTEXT,CLEAN,B4_SOFT_GRAPH,0.16666666666666666,0.25,0.5,0.3333333333333333,False,False
Q0005,2,OPCODE_CONTEXT,DROP30,B1_INDEPENDENT,0.3333333333333333,0.4,1.0,0.5714285714285715,False,False
Q0005,2,OPCODE_CONTEXT,DROP30,B2_EXACT_GLOBAL,1.0,1.0,1.0,1.0,True,True
Q0005,2,OPCODE_CONTEXT,DROP30,B3_HARD_COMPONENT,0.6666666666666666,0.5,1.0,0.6666666666666666,False,False
Q0005,2,OPCODE_CONTEXT,DROP30,B4_SOFT_GRAPH,0.16666666666666666,0.25,0.5,0.3333333333333333,False,False
Q0005,2,OPCODE_CONTEXT,BRIDGE,B1_INDEPENDENT,0.3333333333333333,0.4,1.0,0.5714285714285715,False,False
Q0005,2,OPCODE_CONTEXT,BRIDGE,B2_EXACT_GLOBAL,1.0,1.0,1.0,1.0,True,True
Q0005,2,OPCODE_CONTEXT,BRIDGE,B3_HARD_COMPONENT,0.0,0.0,0.0,0.0,False,False
Q0005,2,OPCODE_CONTEXT,BRIDGE,B4_SOFT_GRAPH,0.16666666666666666,0.25,0.5,0.3333333333333333,False,False
Q0005,2,OPCODE_CONTEXT,DROP30_BRIDGE,B1_INDEPENDENT,0.3333333333333333,0.4,1.0,0.5714285714285715,False,False
Q0005,2,OPCODE_CONTEXT,DROP30_BRIDGE,B2_EXACT_GLOBAL,1.0,1.0,1.0,1.0,True,True
Q0005,2,OPCODE_CONTEXT,DROP30_BRIDGE,B3_HARD_COMPONENT,0.5,0.6666666666666666,1.0,0.8,False,False
Q0005,2,OPCODE_CONTEXT,DROP30_BRIDGE,B4_SOFT_GRAPH,0.16666666666666666,0.25,0.5,0.3333333333333333,False,False
Q0065,2,OPCODE_3GRAM,CLEAN,B1_INDEPENDENT,0.3333333333333333,0.4,1.0,0.5714285714285715,False,False
Q0065,2,OPCODE_3GRAM,CLEAN,B2_EXACT_GLOBAL,1.0,1.0,1.0,1.0,True,True
Q0065,2,OPCODE_3GRAM,CLEAN,B3_HARD_COMPONENT,1.0,1.0,1.0,1.0,True,True
Q0065,2,OPCODE_3GRAM,CLEAN,B4_SOFT_GRAPH,0.5,0.5,1.0,0.6666666666666666,False,False
Q0065,2,OPCODE_3GRAM,DROP30,B1_INDEPENDENT,0.3333333333333333,0.4,1.0,0.5714285714285715,False,False
Q0065,2,OPCODE_3GRAM,DROP30,B2_EXACT_GLOBAL,1.0,1.0,1.0,1.0,True,True
Q0065,2,OPCODE_3GRAM,DROP30,B3_HARD_COMPONENT,0.8333333333333334,0.6666666666666666,1.0,0.8,False,False
Q0065,2,OPCODE_3GRAM,DROP30,B4_SOFT_GRAPH,0.5,0.5,1.0,0.6666666666666666,False,False
Q0065,2,OPCODE_3GRAM,BRIDGE,B1_INDEPENDENT,0.3333333333333333,0.4,1.0,0.5714285714285715,False,False
Q0065,2,OPCODE_3GRAM,BRIDGE,B2_EXACT_GLOBAL,1.0,1.0,1.0,1.0,True,True
Q0065,2,OPCODE_3GRAM,BRIDGE,B3_HARD_COMPONENT,0.5,1.0,0.5,0.6666666666666666,False,False
Q0065,2,OPCODE_3GRAM,BRIDGE,B4_SOFT_GRAPH,0.5,0.5,1.0,0.6666666666666666,False,False
Q0065,2,OPCODE_3GRAM,DROP30_BRIDGE,B1_INDEPENDENT,0.3333333333333333,0.4,1.0,0.5714285714285715,False,False
Q0065,2,OPCODE_3GRAM,DROP30_BRIDGE,B2_EXACT_GLOBAL,1.0,1.0,1.0,1.0,True,True
Q0065,2,OPCODE_3GRAM,DROP30_BRIDGE,B3_HARD_COMPONENT,0.6666666666666666,1.0,1.0,1.0,True,False
Q0065,2,OPCODE_3GRAM,DROP30_BRIDGE,B4_SOFT_GRAPH,0.5,0.6666666666666666,1.0,0.8,False,False
Q0065,2,OPCODE_STRUCT,CLEAN,B1_INDEPENDENT,0.3333333333333333,0.4,1.0,0.5714285714285715,False,False
Q0065,2,OPCODE_STRUCT,CLEAN,B2_EXACT_GLOBAL,1.0,1.0,1.0,1.0,True,True
Q0065,2,OPCODE_STRUCT,CLEAN,B3_HARD_COMPONENT,1.0,1.0,1.0,1.0,True,True
Q0065,2,OPCODE_STRUCT,CLEAN,B4_SOFT_GRAPH,0.16666666666666666,0.5,0.5,0.5,False,False
Q0065,2,OPCODE_STRUCT,DROP30,B1_INDEPENDENT,0.3333333333333333,0.4,1.0,0.5714285714285715,False,False
Q0065,2,OPCODE_STRUCT,DROP30,B2_EXACT_GLOBAL,1.0,1.0,1.0,1.0,True,True
Q0065,2,OPCODE_STRUCT,DROP30,B3_HARD_COMPONENT,0.5,0.6666666666666666,1.0,0.8,False,False
Q0065,2,OPCODE_STRUCT,DROP30,B4_SOFT_GRAPH,0.16666666666666666,0.3333333333333333,0.5,0.4,False,False
Q0065,2,OPCODE_STRUCT,BRIDGE,B1_INDEPENDENT,0.3333333333333333,0.4,1.0,0.5714285714285715,False,False
Q0065,2,OPCODE_STRUCT,BRIDGE,B2_EXACT_GLOBAL,1.0,1.0,1.0,1.0,True,True
Q0065,2,OPCODE_STRUCT,BRIDGE,B3_HARD_COMPONENT,0.5,1.0,0.5,0.6666666666666666,False,False
Q0065,2,OPCODE_STRUCT,BRIDGE,B4_SOFT_GRAPH,0.16666666666666666,0.5,0.5,0.5,False,False
Q0065,2,OPCODE_STRUCT,DROP30_BRIDGE,B1_INDEPENDENT,0.3333333333333333,0.4,1.0,0.5714285714285715,False,False
Q0065,2,OPCODE_STRUCT,DROP30_BRIDGE,B2_EXACT_GLOBAL,1.0,1.0,1.0,1.0,True,True
Q0065,2,OPCODE_STRUCT,DROP30_BRIDGE,B3_HARD_COMPONENT,0.6666666666666666,1.0,1.0,1.0,True,False
Q0065,2,OPCODE_STRUCT,DROP30_BRIDGE,B4_SOFT_GRAPH,0.16666666666666666,0.5,0.5,0.5,False,False
Q0065,2,OPCODE_CONTEXT,CLEAN,B1_INDEPENDENT,0.3333333333333333,0.3333333333333333,1.0,0.5,False,False
Q0065,2,OPCODE_CONTEXT,CLEAN,B2_EXACT_GLOBAL,0.3333333333333333,0.5,0.5,0.5,False,False
Q0065,2,OPCODE_CONTEXT,CLEAN,B3_HARD_COMPONENT,0.5,0.5,0.5,0.5,False,False
Q0065,2,OPCODE_CONTEXT,CLEAN,B4_SOFT_GRAPH,0.3333333333333333,0.4,1.0,0.5714285714285715,False,False
Q0065,2,OPCODE_CONTEXT,DROP30,B1_INDEPENDENT,0.3333333333333333,0.3333333333333333,1.0,0.5,False,False
Q0065,2,OPCODE_CONTEXT,DROP30,B2_EXACT_GLOBAL,0.3333333333333333,0.5,0.5,0.5,False,False
Q0065,2,OPCODE_CONTEXT,DROP30,B3_HARD_COMPONENT,0.6666666666666666,0.5,1.0,0.6666666666666666,False,False
Q0065,2,OPCODE_CONTEXT,DROP30,B4_SOFT_GRAPH,0.3333333333333333,0.4,1.0,0.5714285714285715,False,False
Q0065,2,OPCODE_CONTEXT,BRIDGE,B1_INDEPENDENT,0.3333333333333333,0.3333333333333333,1.0,0.5,False,False
Q0065,2,OPCODE_CONTEXT,BRIDGE,B2_EXACT_GLOBAL,0.3333333333333333,0.5,0.5,0.5,False,False
Q0065,2,OPCODE_CONTEXT,BRIDGE,B3_HARD_COMPONENT,0.5,1.0,0.5,0.6666666666666666,False,False
Q0065,2,OPCODE_CONTEXT,BRIDGE,B4_SOFT_GRAPH,0.3333333333333333,0.4,1.0,0.5714285714285715,False,False
Q0065,2,OPCODE_CONTEXT,DROP30_BRIDGE,B1_INDEPENDENT,0.3333333333333333,0.3333333333333333,1.0,0.5,False,False
Q0065,2,OPCODE_CONTEXT,DROP30_BRIDGE,B2_EXACT_GLOBAL,0.3333333333333333,0.5,0.5,0.5,False,False
Q0065,2,OPCODE_CONTEXT,DROP30_BRIDGE,B3_HARD_COMPONENT,0.5,0.5,0.5,0.5,False,False
Q0065,2,OPCODE_CONTEXT,DROP30_BRIDGE,B4_SOFT_GRAPH,0.3333333333333333,0.4,1.0,0.5714285714285715,False,False
Q0012,2,OPCODE_3GRAM,CLEAN,B1_INDEPENDENT,0.16666666666666666,0.25,0.5,0.3333333333333333,False,False
Q0012,2,OPCODE_3GRAM,CLEAN,B2_EXACT_GLOBAL,0.3333333333333333,0.5,0.5,0.5,False,False
Q0012,2,OPCODE_3GRAM,CLEAN,B3_HARD_COMPONENT,0.5,0.5,0.5,0.5,False,False
Q0012,2,OPCODE_3GRAM,CLEAN,B4_SOFT_GRAPH,0.5,1.0,0.5,0.6666666666666666,False,False
Q0012,2,OPCODE_3GRAM,DROP30,B1_INDEPENDENT,0.16666666666666666,0.25,0.5,0.3333333333333333,False,False
Q0012,2,OPCODE_3GRAM,DROP30,B2_EXACT_GLOBAL,0.3333333333333333,0.5,0.5,0.5,False,False
Q0012,2,OPCODE_3GRAM,DROP30,B3_HARD_COMPONENT,0.5,0.5,0.5,0.5,False,False
Q0012,2,OPCODE_3GRAM,DROP30,B4_SOFT_GRAPH,0.5,1.0,0.5,0.6666666666666666,False,False
Q0012,2,OPCODE_3GRAM,BRIDGE,B1_INDEPENDENT,0.16666666666666666,0.25,0.5,0.3333333333333333,False,False
Q0012,2,OPCODE_3GRAM,BRIDGE,B2_EXACT_GLOBAL,0.3333333333333333,0.5,0.5,0.5,False,False
Q0012,2,OPCODE_3GRAM,BRIDGE,B3_HARD_COMPONENT,0.5,1.0,0.5,0.6666666666666666,False,False
Q0012,2,OPCODE_3GRAM,BRIDGE,B4_SOFT_GRAPH,0.5,1.0,0.5,0.6666666666666666,False,False
Q0012,2,OPCODE_3GRAM,DROP30_BRIDGE,B1_INDEPENDENT,0.16666666666666666,0.25,0.5,0.3333333333333333,False,False
Q0012,2,OPCODE_3GRAM,DROP30_BRIDGE,B2_EXACT_GLOBAL,0.3333333333333333,0.5,0.5,0.5,False,False
Q0012,2,OPCODE_3GRAM,DROP30_BRIDGE,B3_HARD_COMPONENT,0.5,1.0,0.5,0.6666666666666666,False,False
Q0012,2,OPCODE_3GRAM,DROP30_BRIDGE,B4_SOFT_GRAPH,0.5,1.0,0.5,0.6666666666666666,False,False
Q0012,2,OPCODE_STRUCT,CLEAN,B1_INDEPENDENT,0.16666666666666666,0.2,0.5,0.28571428571428575,False,False
Q0012,2,OPCODE_STRUCT,CLEAN,B2_EXACT_GLOBAL,0.16666666666666666,0.5,0.5,0.5,False,False
Q0012,2,OPCODE_STRUCT,CLEAN,B3_HARD_COMPONENT,0.5,0.5,0.5,0.5,False,False
Q0012,2,OPCODE_STRUCT,CLEAN,B4_SOFT_GRAPH,0.16666666666666666,0.25,0.5,0.3333333333333333,False,False
Q0012,2,OPCODE_STRUCT,DROP30,B1_INDEPENDENT,0.16666666666666666,0.2,0.5,0.28571428571428575,False,False
Q0012,2,OPCODE_STRUCT,DROP30,B2_EXACT_GLOBAL,0.16666666666666666,0.5,0.5,0.5,False,False
Q0012,2,OPCODE_STRUCT,DROP30,B3_HARD_COMPONENT,0.16666666666666666,0.3333333333333333,0.5,0.4,False,False
Q0012,2,OPCODE_STRUCT,DROP30,B4_SOFT_GRAPH,0.16666666666666666,0.2,0.5,0.28571428571428575,False,False
Q0012,2,OPCODE_STRUCT,BRIDGE,B1_INDEPENDENT,0.16666666666666666,0.2,0.5,0.28571428571428575,False,False
Q0012,2,OPCODE_STRUCT,BRIDGE,B2_EXACT_GLOBAL,0.16666666666666666,0.5,0.5,0.5,False,False
Q0012,2,OPCODE_STRUCT,BRIDGE,B3_HARD_COMPONENT,0.5,1.0,0.5,0.6666666666666666,False,False
Q0012,2,OPCODE_STRUCT,BRIDGE,B4_SOFT_GRAPH,0.16666666666666666,0.5,0.5,0.5,False,False
Q0012,2,OPCODE_STRUCT,DROP30_BRIDGE,B1_INDEPENDENT,0.16666666666666666,0.2,0.5,0.28571428571428575,False,False
Q0012,2,OPCODE_STRUCT,DROP30_BRIDGE,B2_EXACT_GLOBAL,0.16666666666666666,0.5,0.5,0.5,False,False
Q0012,2,OPCODE_STRUCT,DROP30_BRIDGE,B3_HARD_COMPONENT,0.5,0.5,0.5,0.5,False,False
Q0012,2,OPCODE_STRUCT,DROP30_BRIDGE,B4_SOFT_GRAPH,0.0,0.0,0.0,0.0,False,False
Q0012,2,OPCODE_CONTEXT,CLEAN,B1_INDEPENDENT,0.3333333333333333,0.4,1.0,0.5714285714285715,False,False
Q0012,2,OPCODE_CONTEXT,CLEAN,B2_EXACT_GLOBAL,0.16666666666666666,0.5,0.5,0.5,False,False
Q0012,2,OPCODE_CONTEXT,CLEAN,B3_HARD_COMPONENT,0.0,0.0,0.0,0.0,False,False
Q0012,2,OPCODE_CONTEXT,CLEAN,B4_SOFT_GRAPH,0.3333333333333333,0.4,1.0,0.5714285714285715,False,False
Q0012,2,OPCODE_CONTEXT,DROP30,B1_INDEPENDENT,0.3333333333333333,0.4,1.0,0.5714285714285715,False,False
Q0012,2,OPCODE_CONTEXT,DROP30,B2_EXACT_GLOBAL,0.16666666666666666,0.5,0.5,0.5,False,False
Q0012,2,OPCODE_CONTEXT,DROP30,B3_HARD_COMPONENT,0.3333333333333333,0.5,0.5,0.5,False,False
Q0012,2,OPCODE_CONTEXT,DROP30,B4_SOFT_GRAPH,0.3333333333333333,0.4,1.0,0.5714285714285715,False,False
Q0012,2,OPCODE_CONTEXT,BRIDGE,B1_INDEPENDENT,0.3333333333333333,0.4,1.0,0.5714285714285715,False,False
Q0012,2,OPCODE_CONTEXT,BRIDGE,B2_EXACT_GLOBAL,0.16666666666666666,0.5,0.5,0.5,False,False
Q0012,2,OPCODE_CONTEXT,BRIDGE,B3_HARD_COMPONENT,0.0,0.0,0.0,0.0,False,False
Q0012,2,OPCODE_CONTEXT,BRIDGE,B4_SOFT_GRAPH,0.3333333333333333,0.4,1.0,0.5714285714285715,False,False
Q0012,2,OPCODE_CONTEXT,DROP30_BRIDGE,B1_INDEPENDENT,0.3333333333333333,0.4,1.0,0.5714285714285715,False,False
Q0012,2,OPCODE_CONTEXT,DROP30_BRIDGE,B2_EXACT_GLOBAL,0.16666666666666666,0.5,0.5,0.5,False,False
Q0012,2,OPCODE_CONTEXT,DROP30_BRIDGE,B3_HARD_COMPONENT,0.5,0.5,0.5,0.5,False,False
Q0012,2,OPCODE_CONTEXT,DROP30_BRIDGE,B4_SOFT_GRAPH,0.3333333333333333,0.4,1.0,0.5714285714285715,False,False
Q0095,2,OPCODE_3GRAM,CLEAN,B1_INDEPENDENT,0.5,0.25,0.5,0.3333333333333333,False,False
Q0095,2,OPCODE_3GRAM,CLEAN,B2_EXACT_GLOBAL,0.5,0.5,0.5,0.5,False,False
Q0095,2,OPCODE_3GRAM,CLEAN,B3_HARD_COMPONENT,0.5,0.5,0.5,0.5,False,False
Q0095,2,OPCODE_3GRAM,CLEAN,B4_SOFT_GRAPH,0.5,0.5,0.5,0.5,False,False
Q0095,2,OPCODE_3GRAM,DROP30,B1_INDEPENDENT,0.5,0.25,0.5,0.3333333333333333,False,False
Q0095,2,OPCODE_3GRAM,DROP30,B2_EXACT_GLOBAL,0.5,0.5,0.5,0.5,False,False
Q0095,2,OPCODE_3GRAM,DROP30,B3_HARD_COMPONENT,0.5,0.3333333333333333,0.5,0.4,False,False
Q0095,2,OPCODE_3GRAM,DROP30,B4_SOFT_GRAPH,0.5,0.25,0.5,0.3333333333333333,False,False
Q0095,2,OPCODE_3GRAM,BRIDGE,B1_INDEPENDENT,0.5,0.25,0.5,0.3333333333333333,False,False
Q0095,2,OPCODE_3GRAM,BRIDGE,B2_EXACT_GLOBAL,0.5,0.5,0.5,0.5,False,False
Q0095,2,OPCODE_3GRAM,BRIDGE,B3_HARD_COMPONENT,0.5,1.0,0.5,0.6666666666666666,False,False
Q0095,2,OPCODE_3GRAM,BRIDGE,B4_SOFT_GRAPH,0.5,0.5,0.5,0.5,False,False
Q0095,2,OPCODE_3GRAM,DROP30_BRIDGE,B1_INDEPENDENT,0.5,0.25,0.5,0.3333333333333333,False,False
Q0095,2,OPCODE_3GRAM,DROP30_BRIDGE,B2_EXACT_GLOBAL,0.5,0.5,0.5,0.5,False,False
Q0095,2,OPCODE_3GRAM,DROP30_BRIDGE,B3_HARD_COMPONENT,0.3333333333333333,0.5,0.5,0.5,False,False
Q0095,2,OPCODE_3GRAM,DROP30_BRIDGE,B4_SOFT_GRAPH,0.5,0.5,0.5,0.5,False,False
Q0095,2,OPCODE_STRUCT,CLEAN,B1_INDEPENDENT,0.5,0.3333333333333333,0.5,0.4,False,False
Q0095,2,OPCODE_STRUCT,CLEAN,B2_EXACT_GLOBAL,0.5,0.5,0.5,0.5,False,False
Q0095,2,OPCODE_STRUCT,CLEAN,B3_HARD_COMPONENT,0.5,0.5,0.5,0.5,False,False
Q0095,2,OPCODE_STRUCT,CLEAN,B4_SOFT_GRAPH,0.0,0.0,0.0,0.0,False,False
Q0095,2,OPCODE_STRUCT,DROP30,B1_INDEPENDENT,0.5,0.3333333333333333,0.5,0.4,False,False
Q0095,2,OPCODE_STRUCT,DROP30,B2_EXACT_GLOBAL,0.5,0.5,0.5,0.5,False,False
Q0095,2,OPCODE_STRUCT,DROP30,B3_HARD_COMPONENT,0.5,0.3333333333333333,0.5,0.4,False,False
Q0095,2,OPCODE_STRUCT,DROP30,B4_SOFT_GRAPH,0.0,0.0,0.0,0.0,False,False
Q0095,2,OPCODE_STRUCT,BRIDGE,B1_INDEPENDENT,0.5,0.3333333333333333,0.5,0.4,False,False
Q0095,2,OPCODE_STRUCT,BRIDGE,B2_EXACT_GLOBAL,0.5,0.5,0.5,0.5,False,False
Q0095,2,OPCODE_STRUCT,BRIDGE,B3_HARD_COMPONENT,0.5,1.0,0.5,0.6666666666666666,False,False
Q0095,2,OPCODE_STRUCT,BRIDGE,B4_SOFT_GRAPH,0.0,0.0,0.0,0.0,False,False
Q0095,2,OPCODE_STRUCT,DROP30_BRIDGE,B1_INDEPENDENT,0.5,0.3333333333333333,0.5,0.4,False,False
Q0095,2,OPCODE_STRUCT,DROP30_BRIDGE,B2_EXACT_GLOBAL,0.5,0.5,0.5,0.5,False,False
Q0095,2,OPCODE_STRUCT,DROP30_BRIDGE,B3_HARD_COMPONENT,0.3333333333333333,0.5,0.5,0.5,False,False
Q0095,2,OPCODE_STRUCT,DROP30_BRIDGE,B4_SOFT_GRAPH,0.0,0.0,0.0,0.0,False,False
Q0095,2,OPCODE_CONTEXT,CLEAN,B1_INDEPENDENT,0.6666666666666666,0.5,1.0,0.6666666666666666,False,False
Q0095,2,OPCODE_CONTEXT,CLEAN,B2_EXACT_GLOBAL,0.5,0.5,0.5,0.5,False,False
Q0095,2,OPCODE_CONTEXT,CLEAN,B3_HARD_COMPONENT,0.5,0.5,0.5,0.5,False,False
Q0095,2,OPCODE_CONTEXT,CLEAN,B4_SOFT_GRAPH,0.6666666666666666,0.5,1.0,0.6666666666666666,False,False
Q0095,2,OPCODE_CONTEXT,DROP30,B1_INDEPENDENT,0.6666666666666666,0.5,1.0,0.6666666666666666,False,False
Q0095,2,OPCODE_CONTEXT,DROP30,B2_EXACT_GLOBAL,0.5,0.5,0.5,0.5,False,False
Q0095,2,OPCODE_CONTEXT,DROP30,B3_HARD_COMPONENT,0.6666666666666666,0.6666666666666666,1.0,0.8,False,False
Q0095,2,OPCODE_CONTEXT,DROP30,B4_SOFT_GRAPH,0.6666666666666666,0.5,1.0,0.6666666666666666,False,False
Q0095,2,OPCODE_CONTEXT,BRIDGE,B1_INDEPENDENT,0.6666666666666666,0.5,1.0,0.6666666666666666,False,False
Q0095,2,OPCODE_CONTEXT,BRIDGE,B2_EXACT_GLOBAL,0.5,0.5,0.5,0.5,False,False
Q0095,2,OPCODE_CONTEXT,BRIDGE,B3_HARD_COMPONENT,0.5,1.0,0.5,0.6666666666666666,False,False
Q0095,2,OPCODE_CONTEXT,BRIDGE,B4_SOFT_GRAPH,0.6666666666666666,0.5,1.0,0.6666666666666666,False,False
Q0095,2,OPCODE_CONTEXT,DROP30_BRIDGE,B1_INDEPENDENT,0.6666666666666666,0.5,1.0,0.6666666666666666,False,False
Q0095,2,OPCODE_CONTEXT,DROP30_BRIDGE,B2_EXACT_GLOBAL,0.5,0.5,0.5,0.5,False,False
Q0095,2,OPCODE_CONTEXT,DROP30_BRIDGE,B3_HARD_COMPONENT,0.3333333333333333,0.5,0.5,0.5,False,False
Q0095,2,OPCODE_CONTEXT,DROP30_BRIDGE,B4_SOFT_GRAPH,0.6666666666666666,0.5,1.0,0.6666666666666666,False,False
Q0078,2,OPCODE_3GRAM,CLEAN,B1_INDEPENDENT,0.3333333333333333,0.4,1.0,0.5714285714285715,False,False
Q0078,2,OPCODE_3GRAM,CLEAN,B2_EXACT_GLOBAL,1.0,1.0,1.0,1.0,True,True
Q0078,2,OPCODE_3GRAM,CLEAN,B3_HARD_COMPONENT,1.0,1.0,1.0,1.0,True,True
Q0078,2,OPCODE_3GRAM,CLEAN,B4_SOFT_GRAPH,0.16666666666666666,0.3333333333333333,0.5,0.4,False,False
Q0078,2,OPCODE_3GRAM,DROP30,B1_INDEPENDENT,0.3333333333333333,0.4,1.0,0.5714285714285715,False,False
Q0078,2,OPCODE_3GRAM,DROP30,B2_EXACT_GLOBAL,1.0,1.0,1.0,1.0,True,True
Q0078,2,OPCODE_3GRAM,DROP30,B3_HARD_COMPONENT,0.6666666666666666,0.5,1.0,0.6666666666666666,False,False
Q0078,2,OPCODE_3GRAM,DROP30,B4_SOFT_GRAPH,0.16666666666666666,0.25,0.5,0.3333333333333333,False,False
Q0078,2,OPCODE_3GRAM,BRIDGE,B1_INDEPENDENT,0.3333333333333333,0.4,1.0,0.5714285714285715,False,False
Q0078,2,OPCODE_3GRAM,BRIDGE,B2_EXACT_GLOBAL,1.0,1.0,1.0,1.0,True,True
Q0078,2,OPCODE_3GRAM,BRIDGE,B3_HARD_COMPONENT,0.5,1.0,0.5,0.6666666666666666,False,False
Q0078,2,OPCODE_3GRAM,BRIDGE,B4_SOFT_GRAPH,0.16666666666666666,0.3333333333333333,0.5,0.4,False,False
Q0078,2,OPCODE_3GRAM,DROP30_BRIDGE,B1_INDEPENDENT,0.3333333333333333,0.4,1.0,0.5714285714285715,False,False
Q0078,2,OPCODE_3GRAM,DROP30_BRIDGE,B2_EXACT_GLOBAL,1.0,1.0,1.0,1.0,True,True
Q0078,2,OPCODE_3GRAM,DROP30_BRIDGE,B3_HARD_COMPONENT,0.6666666666666666,0.6666666666666666,1.0,0.8,False,False
Q0078,2,OPCODE_3GRAM,DROP30_BRIDGE,B4_SOFT_GRAPH,0.16666666666666666,0.2,0.5,0.28571428571428575,False,False
Q0078,2,OPCODE_STRUCT,CLEAN,B1_INDEPENDENT,0.3333333333333333,0.4,1.0,0.5714285714285715,False,False
Q0078,2,OPCODE_STRUCT,CLEAN,B2_EXACT_GLOBAL,1.0,1.0,1.0,1.0,True,True
Q0078,2,OPCODE_STRUCT,CLEAN,B3_HARD_COMPONENT,1.0,1.0,1.0,1.0,True,True
Q0078,2,OPCODE_STRUCT,CLEAN,B4_SOFT_GRAPH,1.0,1.0,1.0,1.0,True,True
Q0078,2,OPCODE_STRUCT,DROP30,B1_INDEPENDENT,0.3333333333333333,0.4,1.0,0.5714285714285715,False,False
Q0078,2,OPCODE_STRUCT,DROP30,B2_EXACT_GLOBAL,1.0,1.0,1.0,1.0,True,True
Q0078,2,OPCODE_STRUCT,DROP30,B3_HARD_COMPONENT,0.6666666666666666,0.5,1.0,0.6666666666666666,False,False
Q0078,2,OPCODE_STRUCT,DROP30,B4_SOFT_GRAPH,0.6666666666666666,0.5,1.0,0.6666666666666666,False,False
Q0078,2,OPCODE_STRUCT,BRIDGE,B1_INDEPENDENT,0.3333333333333333,0.4,1.0,0.5714285714285715,False,False
Q0078,2,OPCODE_STRUCT,BRIDGE,B2_EXACT_GLOBAL,1.0,1.0,1.0,1.0,True,True
Q0078,2,OPCODE_STRUCT,BRIDGE,B3_HARD_COMPONENT,0.5,1.0,0.5,0.6666666666666666,False,False
Q0078,2,OPCODE_STRUCT,BRIDGE,B4_SOFT_GRAPH,1.0,1.0,1.0,1.0,True,True
Q0078,2,OPCODE_STRUCT,DROP30_BRIDGE,B1_INDEPENDENT,0.3333333333333333,0.4,1.0,0.5714285714285715,False,False
Q0078,2,OPCODE_STRUCT,DROP30_BRIDGE,B2_EXACT_GLOBAL,1.0,1.0,1.0,1.0,True,True
Q0078,2,OPCODE_STRUCT,DROP30_BRIDGE,B3_HARD_COMPONENT,0.6666666666666666,0.6666666666666666,1.0,0.8,False,False
Q0078,2,OPCODE_STRUCT,DROP30_BRIDGE,B4_SOFT_GRAPH,0.6666666666666666,0.6666666666666666,1.0,0.8,False,False
Q0078,2,OPCODE_CONTEXT,CLEAN,B1_INDEPENDENT,0.5,0.4,1.0,0.5714285714285715,False,False
Q0078,2,OPCODE_CONTEXT,CLEAN,B2_EXACT_GLOBAL,1.0,1.0,1.0,1.0,True,True
Q0078,2,OPCODE_CONTEXT,CLEAN,B3_HARD_COMPONENT,1.0,1.0,1.0,1.0,True,True
Q0078,2,OPCODE_CONTEXT,CLEAN,B4_SOFT_GRAPH,0.3333333333333333,0.2,0.5,0.28571428571428575,False,False
Q0078,2,OPCODE_CONTEXT,DROP30,B1_INDEPENDENT,0.5,0.4,1.0,0.5714285714285715,False,False
Q0078,2,OPCODE_CONTEXT,DROP30,B2_EXACT_GLOBAL,1.0,1.0,1.0,1.0,True,True
Q0078,2,OPCODE_CONTEXT,DROP30,B3_HARD_COMPONENT,0.8333333333333334,0.6666666666666666,1.0,0.8,False,False
Q0078,2,OPCODE_CONTEXT,DROP30,B4_SOFT_GRAPH,0.3333333333333333,0.2,0.5,0.28571428571428575,False,False
Q0078,2,OPCODE_CONTEXT,BRIDGE,B1_INDEPENDENT,0.5,0.4,1.0,0.5714285714285715,False,False
Q0078,2,OPCODE_CONTEXT,BRIDGE,B2_EXACT_GLOBAL,1.0,1.0,1.0,1.0,True,True
Q0078,2,OPCODE_CONTEXT,BRIDGE,B3_HARD_COMPONENT,0.5,1.0,0.5,0.6666666666666666,False,False
Q0078,2,OPCODE_CONTEXT,BRIDGE,B4_SOFT_GRAPH,0.3333333333333333,0.2,0.5,0.28571428571428575,False,False
Q0078,2,OPCODE_CONTEXT,DROP30_BRIDGE,B1_INDEPENDENT,0.5,0.4,1.0,0.5714285714285715,False,False
Q0078,2,OPCODE_CONTEXT,DROP30_BRIDGE,B2_EXACT_GLOBAL,1.0,1.0,1.0,1.0,True,True
Q0078,2,OPCODE_CONTEXT,DROP30_BRIDGE,B3_HARD_COMPONENT,0.6666666666666666,0.6666666666666666,1.0,0.8,False,False
Q0078,2,OPCODE_CONTEXT,DROP30_BRIDGE,B4_SOFT_GRAPH,0.3333333333333333,0.2,0.5,0.28571428571428575,False,False
Q0033,2,OPCODE_3GRAM,CLEAN,B1_INDEPENDENT,0.16666666666666666,0.2,0.5,0.28571428571428575,False,False
Q0033,2,OPCODE_3GRAM,CLEAN,B2_EXACT_GLOBAL,0.3333333333333333,0.5,0.5,0.5,False,False
Q0033,2,OPCODE_3GRAM,CLEAN,B3_HARD_COMPONENT,0.5,0.5,0.5,0.5,False,False
Q0033,2,OPCODE_3GRAM,CLEAN,B4_SOFT_GRAPH,0.3333333333333333,0.5,0.5,0.5,False,False
Q0033,2,OPCODE_3GRAM,DROP30,B1_INDEPENDENT,0.16666666666666666,0.2,0.5,0.28571428571428575,False,False
Q0033,2,OPCODE_3GRAM,DROP30,B2_EXACT_GLOBAL,0.3333333333333333,0.5,0.5,0.5,False,False
Q0033,2,OPCODE_3GRAM,DROP30,B3_HARD_COMPONENT,0.16666666666666666,0.25,0.5,0.3333333333333333,False,False
Q0033,2,OPCODE_3GRAM,DROP30,B4_SOFT_GRAPH,0.16666666666666666,0.25,0.5,0.3333333333333333,False,False
Q0033,2,OPCODE_3GRAM,BRIDGE,B1_INDEPENDENT,0.16666666666666666,0.2,0.5,0.28571428571428575,False,False
Q0033,2,OPCODE_3GRAM,BRIDGE,B2_EXACT_GLOBAL,0.3333333333333333,0.5,0.5,0.5,False,False
Q0033,2,OPCODE_3GRAM,BRIDGE,B3_HARD_COMPONENT,0.5,1.0,0.5,0.6666666666666666,False,False
Q0033,2,OPCODE_3GRAM,BRIDGE,B4_SOFT_GRAPH,0.3333333333333333,0.5,0.5,0.5,False,False
Q0033,2,OPCODE_3GRAM,DROP30_BRIDGE,B1_INDEPENDENT,0.16666666666666666,0.2,0.5,0.28571428571428575,False,False
Q0033,2,OPCODE_3GRAM,DROP30_BRIDGE,B2_EXACT_GLOBAL,0.3333333333333333,0.5,0.5,0.5,False,False
Q0033,2,OPCODE_3GRAM,DROP30_BRIDGE,B3_HARD_COMPONENT,0.16666666666666666,0.3333333333333333,0.5,0.4,False,False
Q0033,2,OPCODE_3GRAM,DROP30_BRIDGE,B4_SOFT_GRAPH,0.16666666666666666,0.3333333333333333,0.5,0.4,False,False
Q0033,2,OPCODE_STRUCT,CLEAN,B1_INDEPENDENT,0.16666666666666666,0.25,0.5,0.3333333333333333,False,False
Q0033,2,OPCODE_STRUCT,CLEAN,B2_EXACT_GLOBAL,0.16666666666666666,0.5,0.5,0.5,False,False
Q0033,2,OPCODE_STRUCT,CLEAN,B3_HARD_COMPONENT,0.5,0.5,0.5,0.5,False,False
Q0033,2,OPCODE_STRUCT,CLEAN,B4_SOFT_GRAPH,0.16666666666666666,0.5,0.5,0.5,False,False
Q0033,2,OPCODE_STRUCT,DROP30,B1_INDEPENDENT,0.16666666666666666,0.25,0.5,0.3333333333333333,False,False
Q0033,2,OPCODE_STRUCT,DROP30,B2_EXACT_GLOBAL,0.16666666666666666,0.5,0.5,0.5,False,False
Q0033,2,OPCODE_STRUCT,DROP30,B3_HARD_COMPONENT,0.16666666666666666,0.25,0.5,0.3333333333333333,False,False
Q0033,2,OPCODE_STRUCT,DROP30,B4_SOFT_GRAPH,0.16666666666666666,0.3333333333333333,0.5,0.4,False,False
Q0033,2,OPCODE_STRUCT,BRIDGE,B1_INDEPENDENT,0.16666666666666666,0.25,0.5,0.3333333333333333,False,False
Q0033,2,OPCODE_STRUCT,BRIDGE,B2_EXACT_GLOBAL,0.16666666666666666,0.5,0.5,0.5,False,False
Q0033,2,OPCODE_STRUCT,BRIDGE,B3_HARD_COMPONENT,0.5,1.0,0.5,0.6666666666666666,False,False
Q0033,2,OPCODE_STRUCT,BRIDGE,B4_SOFT_GRAPH,0.16666666666666666,0.5,0.5,0.5,False,False
Q0033,2,OPCODE_STRUCT,DROP30_BRIDGE,B1_INDEPENDENT,0.16666666666666666,0.25,0.5,0.3333333333333333,False,False
Q0033,2,OPCODE_STRUCT,DROP30_BRIDGE,B2_EXACT_GLOBAL,0.16666666666666666,0.5,0.5,0.5,False,False
Q0033,2,OPCODE_STRUCT,DROP30_BRIDGE,B3_HARD_COMPONENT,0.16666666666666666,0.3333333333333333,0.5,0.4,False,False
Q0033,2,OPCODE_STRUCT,DROP30_BRIDGE,B4_SOFT_GRAPH,0.16666666666666666,0.3333333333333333,0.5,0.4,False,False
Q0033,2,OPCODE_CONTEXT,CLEAN,B1_INDEPENDENT,0.3333333333333333,0.2,0.5,0.28571428571428575,False,False
Q0033,2,OPCODE_CONTEXT,CLEAN,B2_EXACT_GLOBAL,0.5,0.5,0.5,0.5,False,False
Q0033,2,OPCODE_CONTEXT,CLEAN,B3_HARD_COMPONENT,0.5,0.5,0.5,0.5,False,False
Q0033,2,OPCODE_CONTEXT,CLEAN,B4_SOFT_GRAPH,0.3333333333333333,0.2,0.5,0.28571428571428575,False,False
Q0033,2,OPCODE_CONTEXT,DROP30,B1_INDEPENDENT,0.3333333333333333,0.2,0.5,0.28571428571428575,False,False
Q0033,2,OPCODE_CONTEXT,DROP30,B2_EXACT_GLOBAL,0.5,0.5,0.5,0.5,False,False
Q0033,2,OPCODE_CONTEXT,DROP30,B3_HARD_COMPONENT,0.3333333333333333,0.3333333333333333,0.5,0.4,False,False
Q0033,2,OPCODE_CONTEXT,DROP30,B4_SOFT_GRAPH,0.3333333333333333,0.2,0.5,0.28571428571428575,False,False
Q0033,2,OPCODE_CONTEXT,BRIDGE,B1_INDEPENDENT,0.3333333333333333,0.2,0.5,0.28571428571428575,False,False
Q0033,2,OPCODE_CONTEXT,BRIDGE,B2_EXACT_GLOBAL,0.5,0.5,0.5,0.5,False,False
Q0033,2,OPCODE_CONTEXT,BRIDGE,B3_HARD_COMPONENT,0.5,1.0,0.5,0.6666666666666666,False,False
Q0033,2,OPCODE_CONTEXT,BRIDGE,B4_SOFT_GRAPH,0.3333333333333333,0.2,0.5,0.28571428571428575,False,False
Q0033,2,OPCODE_CONTEXT,DROP30_BRIDGE,B1_INDEPENDENT,0.3333333333333333,0.2,0.5,0.28571428571428575,False,False
Q0033,2,OPCODE_CONTEXT,DROP30_BRIDGE,B2_EXACT_GLOBAL,0.5,0.5,0.5,0.5,False,False
Q0033,2,OPCODE_CONTEXT,DROP30_BRIDGE,B3_HARD_COMPONENT,0.3333333333333333,0.5,0.5,0.5,False,False
Q0033,2,OPCODE_CONTEXT,DROP30_BRIDGE,B4_SOFT_GRAPH,0.3333333333333333,0.2,0.5,0.28571428571428575,False,False
Q0098,2,OPCODE_3GRAM,CLEAN,B1_INDEPENDENT,0.0,0.0,0.0,0.0,False,False
Q0098,2,OPCODE_3GRAM,CLEAN,B2_EXACT_GLOBAL,0.0,0.0,0.0,0.0,False,False
Q0098,2,OPCODE_3GRAM,CLEAN,B3_HARD_COMPONENT,0.0,0.0,0.0,0.0,False,False
Q0098,2,OPCODE_3GRAM,CLEAN,B4_SOFT_GRAPH,0.0,0.0,0.0,0.0,False,False
Q0098,2,OPCODE_3GRAM,DROP30,B1_INDEPENDENT,0.0,0.0,0.0,0.0,False,False
Q0098,2,OPCODE_3GRAM,DROP30,B2_EXACT_GLOBAL,0.0,0.0,0.0,0.0,False,False
Q0098,2,OPCODE_3GRAM,DROP30,B3_HARD_COMPONENT,0.0,0.0,0.0,0.0,False,False
Q0098,2,OPCODE_3GRAM,DROP30,B4_SOFT_GRAPH,0.0,0.0,0.0,0.0,False,False
Q0098,2,OPCODE_3GRAM,BRIDGE,B1_INDEPENDENT,0.0,0.0,0.0,0.0,False,False
Q0098,2,OPCODE_3GRAM,BRIDGE,B2_EXACT_GLOBAL,0.0,0.0,0.0,0.0,False,False
Q0098,2,OPCODE_3GRAM,BRIDGE,B3_HARD_COMPONENT,0.0,0.0,0.0,0.0,False,False
Q0098,2,OPCODE_3GRAM,BRIDGE,B4_SOFT_GRAPH,0.0,0.0,0.0,0.0,False,False
Q0098,2,OPCODE_3GRAM,DROP30_BRIDGE,B1_INDEPENDENT,0.0,0.0,0.0,0.0,False,False
Q0098,2,OPCODE_3GRAM,DROP30_BRIDGE,B2_EXACT_GLOBAL,0.0,0.0,0.0,0.0,False,False
Q0098,2,OPCODE_3GRAM,DROP30_BRIDGE,B3_HARD_COMPONENT,0.0,0.0,0.0,0.0,False,False
Q0098,2,OPCODE_3GRAM,DROP30_BRIDGE,B4_SOFT_GRAPH,0.0,0.0,0.0,0.0,False,False
Q0098,2,OPCODE_STRUCT,CLEAN,B1_INDEPENDENT,0.0,0.0,0.0,0.0,False,False
Q0098,2,OPCODE_STRUCT,CLEAN,B2_EXACT_GLOBAL,0.0,0.0,0.0,0.0,False,False
Q0098,2,OPCODE_STRUCT,CLEAN,B3_HARD_COMPONENT,0.0,0.0,0.0,0.0,False,False
Q0098,2,OPCODE_STRUCT,CLEAN,B4_SOFT_GRAPH,0.0,0.0,0.0,0.0,False,False
Q0098,2,OPCODE_STRUCT,DROP30,B1_INDEPENDENT,0.0,0.0,0.0,0.0,False,False
Q0098,2,OPCODE_STRUCT,DROP30,B2_EXACT_GLOBAL,0.0,0.0,0.0,0.0,False,False
Q0098,2,OPCODE_STRUCT,DROP30,B3_HARD_COMPONENT,0.0,0.0,0.0,0.0,False,False
Q0098,2,OPCODE_STRUCT,DROP30,B4_SOFT_GRAPH,0.0,0.0,0.0,0.0,False,False
Q0098,2,OPCODE_STRUCT,BRIDGE,B1_INDEPENDENT,0.0,0.0,0.0,0.0,False,False
Q0098,2,OPCODE_STRUCT,BRIDGE,B2_EXACT_GLOBAL,0.0,0.0,0.0,0.0,False,False
Q0098,2,OPCODE_STRUCT,BRIDGE,B3_HARD_COMPONENT,0.0,0.0,0.0,0.0,False,False
Q0098,2,OPCODE_STRUCT,BRIDGE,B4_SOFT_GRAPH,0.0,0.0,0.0,0.0,False,False
Q0098,2,OPCODE_STRUCT,DROP30_BRIDGE,B1_INDEPENDENT,0.0,0.0,0.0,0.0,False,False
Q0098,2,OPCODE_STRUCT,DROP30_BRIDGE,B2_EXACT_GLOBAL,0.0,0.0,0.0,0.0,False,False
Q0098,2,OPCODE_STRUCT,DROP30_BRIDGE,B3_HARD_COMPONENT,0.0,0.0,0.0,0.0,False,False
Q0098,2,OPCODE_STRUCT,DROP30_BRIDGE,B4_SOFT_GRAPH,0.0,0.0,0.0,0.0,False,False
Q0098,2,OPCODE_CONTEXT,CLEAN,B1_INDEPENDENT,0.0,0.0,0.0,0.0,False,False
Q0098,2,OPCODE_CONTEXT,CLEAN,B2_EXACT_GLOBAL,0.0,0.0,0.0,0.0,False,False
Q0098,2,OPCODE_CONTEXT,CLEAN,B3_HARD_COMPONENT,0.0,0.0,0.0,0.0,False,False
Q0098,2,OPCODE_CONTEXT,CLEAN,B4_SOFT_GRAPH,0.0,0.0,0.0,0.0,False,False
Q0098,2,OPCODE_CONTEXT,DROP30,B1_INDEPENDENT,0.0,0.0,0.0,0.0,False,False
Q0098,2,OPCODE_CONTEXT,DROP30,B2_EXACT_GLOBAL,0.0,0.0,0.0,0.0,False,False
Q0098,2,OPCODE_CONTEXT,DROP30,B3_HARD_COMPONENT,0.0,0.0,0.0,0.0,False,False
Q0098,2,OPCODE_CONTEXT,DROP30,B4_SOFT_GRAPH,0.0,0.0,0.0,0.0,False,False
Q0098,2,OPCODE_CONTEXT,BRIDGE,B1_INDEPENDENT,0.0,0.0,0.0,0.0,False,False
Q0098,2,OPCODE_CONTEXT,BRIDGE,B2_EXACT_GLOBAL,0.0,0.0,0.0,0.0,False,False
Q0098,2,OPCODE_CONTEXT,BRIDGE,B3_HARD_COMPONENT,0.0,0.0,0.0,0.0,False,False
Q0098,2,OPCODE_CONTEXT,BRIDGE,B4_SOFT_GRAPH,0.0,0.0,0.0,0.0,False,False
Q0098,2,OPCODE_CONTEXT,DROP30_BRIDGE,B1_INDEPENDENT,0.0,0.0,0.0,0.0,False,False
Q0098,2,OPCODE_CONTEXT,DROP30_BRIDGE,B2_EXACT_GLOBAL,0.0,0.0,0.0,0.0,False,False
Q0098,2,OPCODE_CONTEXT,DROP30_BRIDGE,B3_HARD_COMPONENT,0.0,0.0,0.0,0.0,False,False
Q0098,2,OPCODE_CONTEXT,DROP30_BRIDGE,B4_SOFT_GRAPH,0.0,0.0,0.0,0.0,False,False
Q0053,2,OPCODE_3GRAM,CLEAN,B1_INDEPENDENT,0.0,0.16666666666666666,0.5,0.25,False,False
Q0053,2,OPCODE_3GRAM,CLEAN,B2_EXACT_GLOBAL,0.0,0.0,0.0,0.0,False,False
Q0053,2,OPCODE_3GRAM,CLEAN,B3_HARD_COMPONENT,0.0,0.0,0.0,0.0,False,False
Q0053,2,OPCODE_3GRAM,CLEAN,B4_SOFT_GRAPH,0.0,0.0,0.0,0.0,False,False
Q0053,2,OPCODE_3GRAM,DROP30,B1_INDEPENDENT,0.0,0.16666666666666666,0.5,0.25,False,False
Q0053,2,OPCODE_3GRAM,DROP30,B2_EXACT_GLOBAL,0.0,0.0,0.0,0.0,False,False
Q0053,2,OPCODE_3GRAM,DROP30,B3_HARD_COMPONENT,0.0,0.0,0.0,0.0,False,False
Q0053,2,OPCODE_3GRAM,DROP30,B4_SOFT_GRAPH,0.0,0.0,0.0,0.0,False,False
Q0053,2,OPCODE_3GRAM,BRIDGE,B1_INDEPENDENT,0.0,0.16666666666666666,0.5,0.25,False,False
Q0053,2,OPCODE_3GRAM,BRIDGE,B2_EXACT_GLOBAL,0.0,0.0,0.0,0.0,False,False
Q0053,2,OPCODE_3GRAM,BRIDGE,B3_HARD_COMPONENT,0.0,0.0,0.0,0.0,False,False
Q0053,2,OPCODE_3GRAM,BRIDGE,B4_SOFT_GRAPH,0.0,0.0,0.0,0.0,False,False
Q0053,2,OPCODE_3GRAM,DROP30_BRIDGE,B1_INDEPENDENT,0.0,0.16666666666666666,0.5,0.25,False,False
Q0053,2,OPCODE_3GRAM,DROP30_BRIDGE,B2_EXACT_GLOBAL,0.0,0.0,0.0,0.0,False,False
Q0053,2,OPCODE_3GRAM,DROP30_BRIDGE,B3_HARD_COMPONENT,0.0,0.0,0.0,0.0,False,False
Q0053,2,OPCODE_3GRAM,DROP30_BRIDGE,B4_SOFT_GRAPH,0.0,0.0,0.0,0.0,False,False
Q0053,2,OPCODE_STRUCT,CLEAN,B1_INDEPENDENT,0.0,0.0,0.0,0.0,False,False
Q0053,2,OPCODE_STRUCT,CLEAN,B2_EXACT_GLOBAL,0.0,0.0,0.0,0.0,False,False
Q0053,2,OPCODE_STRUCT,CLEAN,B3_HARD_COMPONENT,0.0,0.0,0.0,0.0,False,False
Q0053,2,OPCODE_STRUCT,CLEAN,B4_SOFT_GRAPH,0.0,0.0,0.0,0.0,False,False
Q0053,2,OPCODE_STRUCT,DROP30,B1_INDEPENDENT,0.0,0.0,0.0,0.0,False,False
Q0053,2,OPCODE_STRUCT,DROP30,B2_EXACT_GLOBAL,0.0,0.0,0.0,0.0,False,False
Q0053,2,OPCODE_STRUCT,DROP30,B3_HARD_COMPONENT,0.0,0.0,0.0,0.0,False,False
Q0053,2,OPCODE_STRUCT,DROP30,B4_SOFT_GRAPH,0.0,0.0,0.0,0.0,False,False
Q0053,2,OPCODE_STRUCT,BRIDGE,B1_INDEPENDENT,0.0,0.0,0.0,0.0,False,False
Q0053,2,OPCODE_STRUCT,BRIDGE,B2_EXACT_GLOBAL,0.0,0.0,0.0,0.0,False,False
Q0053,2,OPCODE_STRUCT,BRIDGE,B3_HARD_COMPONENT,0.0,0.0,0.0,0.0,False,False
Q0053,2,OPCODE_STRUCT,BRIDGE,B4_SOFT_GRAPH,0.0,0.0,0.0,0.0,False,False
Q0053,2,OPCODE_STRUCT,DROP30_BRIDGE,B1_INDEPENDENT,0.0,0.0,0.0,0.0,False,False
Q0053,2,OPCODE_STRUCT,DROP30_BRIDGE,B2_EXACT_GLOBAL,0.0,0.0,0.0,0.0,False,False
Q0053,2,OPCODE_STRUCT,DROP30_BRIDGE,B3_HARD_COMPONENT,0.0,0.0,0.0,0.0,False,False
Q0053,2,OPCODE_STRUCT,DROP30_BRIDGE,B4_SOFT_GRAPH,0.0,0.0,0.0,0.0,False,False
Q0053,2,OPCODE_CONTEXT,CLEAN,B1_INDEPENDENT,0.0,0.0,0.0,0.0,False,False
Q0053,2,OPCODE_CONTEXT,CLEAN,B2_EXACT_GLOBAL,0.0,0.0,0.0,0.0,False,False
Q0053,2,OPCODE_CONTEXT,CLEAN,B3_HARD_COMPONENT,0.0,0.0,0.0,0.0,False,False
Q0053,2,OPCODE_CONTEXT,CLEAN,B4_SOFT_GRAPH,0.0,0.0,0.0,0.0,False,False
Q0053,2,OPCODE_CONTEXT,DROP30,B1_INDEPENDENT,0.0,0.0,0.0,0.0,False,False
Q0053,2,OPCODE_CONTEXT,DROP30,B2_EXACT_GLOBAL,0.0,0.0,0.0,0.0,False,False
Q0053,2,OPCODE_CONTEXT,DROP30,B3_HARD_COMPONENT,0.0,0.0,0.0,0.0,False,False
Q0053,2,OPCODE_CONTEXT,DROP30,B4_SOFT_GRAPH,0.0,0.0,0.0,0.0,False,False
Q0053,2,OPCODE_CONTEXT,BRIDGE,B1_INDEPENDENT,0.0,0.0,0.0,0.0,False,False
Q0053,2,OPCODE_CONTEXT,BRIDGE,B2_EXACT_GLOBAL,0.0,0.0,0.0,0.0,False,False
Q0053,2,OPCODE_CONTEXT,BRIDGE,B3_HARD_COMPONENT,0.0,0.0,0.0,0.0,False,False
Q0053,2,OPCODE_CONTEXT,BRIDGE,B4_SOFT_GRAPH,0.0,0.0,0.0,0.0,False,False
Q0053,2,OPCODE_CONTEXT,DROP30_BRIDGE,B1_INDEPENDENT,0.0,0.0,0.0,0.0,False,False
Q0053,2,OPCODE_CONTEXT,DROP30_BRIDGE,B2_EXACT_GLOBAL,0.0,0.0,0.0,0.0,False,False
Q0053,2,OPCODE_CONTEXT,DROP30_BRIDGE,B3_HARD_COMPONENT,0.0,0.0,0.0,0.0,False,False
Q0053,2,OPCODE_CONTEXT,DROP30_BRIDGE,B4_SOFT_GRAPH,0.0,0.0,0.0,0.0,False,False
Q0038,2,OPCODE_3GRAM,CLEAN,B1_INDEPENDENT,0.16666666666666666,0.2,0.5,0.28571428571428575,False,False
Q0038,2,OPCODE_3GRAM,CLEAN,B2_EXACT_GLOBAL,0.16666666666666666,0.5,0.5,0.5,False,False
Q0038,2,OPCODE_3GRAM,CLEAN,B3_HARD_COMPONENT,0.5,0.5,0.5,0.5,False,False
Q0038,2,OPCODE_3GRAM,CLEAN,B4_SOFT_GRAPH,0.5,0.3333333333333333,0.5,0.4,False,False
Q0038,2,OPCODE_3GRAM,DROP30,B1_INDEPENDENT,0.16666666666666666,0.2,0.5,0.28571428571428575,False,False
Q0038,2,OPCODE_3GRAM,DROP30,B2_EXACT_GLOBAL,0.16666666666666666,0.5,0.5,0.5,False,False
Q0038,2,OPCODE_3GRAM,DROP30,B3_HARD_COMPONENT,0.5,0.3333333333333333,0.5,0.4,False,False
Q0038,2,OPCODE_3GRAM,DROP30,B4_SOFT_GRAPH,0.5,0.3333333333333333,0.5,0.4,False,False
Q0038,2,OPCODE_3GRAM,BRIDGE,B1_INDEPENDENT,0.16666666666666666,0.2,0.5,0.28571428571428575,False,False
Q0038,2,OPCODE_3GRAM,BRIDGE,B2_EXACT_GLOBAL,0.16666666666666666,0.5,0.5,0.5,False,False
Q0038,2,OPCODE_3GRAM,BRIDGE,B3_HARD_COMPONENT,0.5,1.0,0.5,0.6666666666666666,False,False
Q0038,2,OPCODE_3GRAM,BRIDGE,B4_SOFT_GRAPH,0.5,0.3333333333333333,0.5,0.4,False,False
Q0038,2,OPCODE_3GRAM,DROP30_BRIDGE,B1_INDEPENDENT,0.16666666666666666,0.2,0.5,0.28571428571428575,False,False
Q0038,2,OPCODE_3GRAM,DROP30_BRIDGE,B2_EXACT_GLOBAL,0.16666666666666666,0.5,0.5,0.5,False,False
Q0038,2,OPCODE_3GRAM,DROP30_BRIDGE,B3_HARD_COMPONENT,0.3333333333333333,0.5,0.5,0.5,False,False
Q0038,2,OPCODE_3GRAM,DROP30_BRIDGE,B4_SOFT_GRAPH,0.3333333333333333,0.3333333333333333,0.5,0.4,False,False
Q0038,2,OPCODE_STRUCT,CLEAN,B1_INDEPENDENT,0.16666666666666666,0.25,0.5,0.3333333333333333,False,False
Q0038,2,OPCODE_STRUCT,CLEAN,B2_EXACT_GLOBAL,0.3333333333333333,0.5,0.5,0.5,False,False
Q0038,2,OPCODE_STRUCT,CLEAN,B3_HARD_COMPONENT,0.5,0.5,0.5,0.5,False,False
Q0038,2,OPCODE_STRUCT,CLEAN,B4_SOFT_GRAPH,0.0,0.0,0.0,0.0,False,False
Q0038,2,OPCODE_STRUCT,DROP30,B1_INDEPENDENT,0.16666666666666666,0.25,0.5,0.3333333333333333,False,False
Q0038,2,OPCODE_STRUCT,DROP30,B2_EXACT_GLOBAL,0.3333333333333333,0.5,0.5,0.5,False,False
Q0038,2,OPCODE_STRUCT,DROP30,B3_HARD_COMPONENT,0.5,0.3333333333333333,0.5,0.4,False,False
Q0038,2,OPCODE_STRUCT,DROP30,B4_SOFT_GRAPH,0.0,0.0,0.0,0.0,False,False
Q0038,2,OPCODE_STRUCT,BRIDGE,B1_INDEPENDENT,0.16666666666666666,0.25,0.5,0.3333333333333333,False,False
Q0038,2,OPCODE_STRUCT,BRIDGE,B2_EXACT_GLOBAL,0.3333333333333333,0.5,0.5,0.5,False,False
Q0038,2,OPCODE_STRUCT,BRIDGE,B3_HARD_COMPONENT,0.0,0.0,0.0,0.0,False,False
Q0038,2,OPCODE_STRUCT,BRIDGE,B4_SOFT_GRAPH,0.0,0.0,0.0,0.0,False,False
Q0038,2,OPCODE_STRUCT,DROP30_BRIDGE,B1_INDEPENDENT,0.16666666666666666,0.25,0.5,0.3333333333333333,False,False
Q0038,2,OPCODE_STRUCT,DROP30_BRIDGE,B2_EXACT_GLOBAL,0.3333333333333333,0.5,0.5,0.5,False,False
Q0038,2,OPCODE_STRUCT,DROP30_BRIDGE,B3_HARD_COMPONENT,0.0,0.0,0.0,0.0,False,False
Q0038,2,OPCODE_STRUCT,DROP30_BRIDGE,B4_SOFT_GRAPH,0.0,0.0,0.0,0.0,False,False
Q0038,2,OPCODE_CONTEXT,CLEAN,B1_INDEPENDENT,0.16666666666666666,0.25,0.5,0.3333333333333333,False,False
Q0038,2,OPCODE_CONTEXT,CLEAN,B2_EXACT_GLOBAL,0.16666666666666666,0.5,0.5,0.5,False,False
Q0038,2,OPCODE_CONTEXT,CLEAN,B3_HARD_COMPONENT,0.5,0.5,0.5,0.5,False,False
Q0038,2,OPCODE_CONTEXT,CLEAN,B4_SOFT_GRAPH,0.16666666666666666,0.25,0.5,0.3333333333333333,False,False
Q0038,2,OPCODE_CONTEXT,DROP30,B1_INDEPENDENT,0.16666666666666666,0.25,0.5,0.3333333333333333,False,False
Q0038,2,OPCODE_CONTEXT,DROP30,B2_EXACT_GLOBAL,0.16666666666666666,0.5,0.5,0.5,False,False
Q0038,2,OPCODE_CONTEXT,DROP30,B3_HARD_COMPONENT,0.5,0.3333333333333333,0.5,0.4,False,False
Q0038,2,OPCODE_CONTEXT,DROP30,B4_SOFT_GRAPH,0.16666666666666666,0.25,0.5,0.3333333333333333,False,False
Q0038,2,OPCODE_CONTEXT,BRIDGE,B1_INDEPENDENT,0.16666666666666666,0.25,0.5,0.3333333333333333,False,False
Q0038,2,OPCODE_CONTEXT,BRIDGE,B2_EXACT_GLOBAL,0.16666666666666666,0.5,0.5,0.5,False,False
Q0038,2,OPCODE_CONTEXT,BRIDGE,B3_HARD_COMPONENT,0.0,0.0,0.0,0.0,False,False
Q0038,2,OPCODE_CONTEXT,BRIDGE,B4_SOFT_GRAPH,0.16666666666666666,0.25,0.5,0.3333333333333333,False,False
Q0038,2,OPCODE_CONTEXT,DROP30_BRIDGE,B1_INDEPENDENT,0.16666666666666666,0.25,0.5,0.3333333333333333,False,False
Q0038,2,OPCODE_CONTEXT,DROP30_BRIDGE,B2_EXACT_GLOBAL,0.16666666666666666,0.5,0.5,0.5,False,False
Q0038,2,OPCODE_CONTEXT,DROP30_BRIDGE,B3_HARD_COMPONENT,0.0,0.0,0.0,0.0,False,False
Q0038,2,OPCODE_CONTEXT,DROP30_BRIDGE,B4_SOFT_GRAPH,0.16666666666666666,0.25,0.5,0.3333333333333333,False,False
Q0014,2,OPCODE_3GRAM,CLEAN,B1_INDEPENDENT,0.16666666666666666,0.2,0.5,0.28571428571428575,False,False
Q0014,2,OPCODE_3GRAM,CLEAN,B2_EXACT_GLOBAL,0.16666666666666666,0.5,0.5,0.5,False,False
Q0014,2,OPCODE_3GRAM,CLEAN,B3_HARD_COMPONENT,0.5,0.5,0.5,0.5,False,False
Q0014,2,OPCODE_3GRAM,CLEAN,B4_SOFT_GRAPH,0.3333333333333333,0.5,0.5,0.5,False,False
Q0014,2,OPCODE_3GRAM,DROP30,B1_INDEPENDENT,0.16666666666666666,0.2,0.5,0.28571428571428575,False,False
Q0014,2,OPCODE_3GRAM,DROP30,B2_EXACT_GLOBAL,0.16666666666666666,0.5,0.5,0.5,False,False
Q0014,2,OPCODE_3GRAM,DROP30,B3_HARD_COMPONENT,0.16666666666666666,0.3333333333333333,0.5,0.4,False,False
Q0014,2,OPCODE_3GRAM,DROP30,B4_SOFT_GRAPH,0.16666666666666666,0.3333333333333333,0.5,0.4,False,False
Q0014,2,OPCODE_3GRAM,BRIDGE,B1_INDEPENDENT,0.16666666666666666,0.2,0.5,0.28571428571428575,False,False
Q0014,2,OPCODE_3GRAM,BRIDGE,B2_EXACT_GLOBAL,0.16666666666666666,0.5,0.5,0.5,False,False
Q0014,2,OPCODE_3GRAM,BRIDGE,B3_HARD_COMPONENT,0.5,1.0,0.5,0.6666666666666666,False,False
Q0014,2,OPCODE_3GRAM,BRIDGE,B4_SOFT_GRAPH,0.3333333333333333,0.5,0.5,0.5,False,False
Q0014,2,OPCODE_3GRAM,DROP30_BRIDGE,B1_INDEPENDENT,0.16666666666666666,0.2,0.5,0.28571428571428575,False,False
Q0014,2,OPCODE_3GRAM,DROP30_BRIDGE,B2_EXACT_GLOBAL,0.16666666666666666,0.5,0.5,0.5,False,False
Q0014,2,OPCODE_3GRAM,DROP30_BRIDGE,B3_HARD_COMPONENT,0.3333333333333333,0.3333333333333333,0.5,0.4,False,False
Q0014,2,OPCODE_3GRAM,DROP30_BRIDGE,B4_SOFT_GRAPH,0.3333333333333333,0.3333333333333333,0.5,0.4,False,False
Q0014,2,OPCODE_STRUCT,CLEAN,B1_INDEPENDENT,0.16666666666666666,0.2,0.5,0.28571428571428575,False,False
Q0014,2,OPCODE_STRUCT,CLEAN,B2_EXACT_GLOBAL,0.3333333333333333,0.5,0.5,0.5,False,False
Q0014,2,OPCODE_STRUCT,CLEAN,B3_HARD_COMPONENT,0.5,0.5,0.5,0.5,False,False
Q0014,2,OPCODE_STRUCT,CLEAN,B4_SOFT_GRAPH,0.3333333333333333,0.3333333333333333,0.5,0.4,False,False
Q0014,2,OPCODE_STRUCT,DROP30,B1_INDEPENDENT,0.16666666666666666,0.2,0.5,0.28571428571428575,False,False
Q0014,2,OPCODE_STRUCT,DROP30,B2_EXACT_GLOBAL,0.3333333333333333,0.5,0.5,0.5,False,False
Q0014,2,OPCODE_STRUCT,DROP30,B3_HARD_COMPONENT,0.16666666666666666,0.25,0.5,0.3333333333333333,False,False
Q0014,2,OPCODE_STRUCT,DROP30,B4_SOFT_GRAPH,0.16666666666666666,0.25,0.5,0.3333333333333333,False,False
Q0014,2,OPCODE_STRUCT,BRIDGE,B1_INDEPENDENT,0.16666666666666666,0.2,0.5,0.28571428571428575,False,False
Q0014,2,OPCODE_STRUCT,BRIDGE,B2_EXACT_GLOBAL,0.3333333333333333,0.5,0.5,0.5,False,False
Q0014,2,OPCODE_STRUCT,BRIDGE,B3_HARD_COMPONENT,0.5,1.0,0.5,0.6666666666666666,False,False
Q0014,2,OPCODE_STRUCT,BRIDGE,B4_SOFT_GRAPH,0.3333333333333333,0.3333333333333333,0.5,0.4,False,False
Q0014,2,OPCODE_STRUCT,DROP30_BRIDGE,B1_INDEPENDENT,0.16666666666666666,0.2,0.5,0.28571428571428575,False,False
Q0014,2,OPCODE_STRUCT,DROP30_BRIDGE,B2_EXACT_GLOBAL,0.3333333333333333,0.5,0.5,0.5,False,False
Q0014,2,OPCODE_STRUCT,DROP30_BRIDGE,B3_HARD_COMPONENT,0.3333333333333333,0.3333333333333333,0.5,0.4,False,False
Q0014,2,OPCODE_STRUCT,DROP30_BRIDGE,B4_SOFT_GRAPH,0.3333333333333333,0.25,0.5,0.3333333333333333,False,False
Q0014,2,OPCODE_CONTEXT,CLEAN,B1_INDEPENDENT,0.16666666666666666,0.25,0.5,0.3333333333333333,False,False
Q0014,2,OPCODE_CONTEXT,CLEAN,B2_EXACT_GLOBAL,0.16666666666666666,0.5,0.5,0.5,False,False
Q0014,2,OPCODE_CONTEXT,CLEAN,B3_HARD_COMPONENT,0.5,0.5,0.5,0.5,False,False
Q0014,2,OPCODE_CONTEXT,CLEAN,B4_SOFT_GRAPH,0.0,0.0,0.0,0.0,False,False
Q0014,2,OPCODE_CONTEXT,DROP30,B1_INDEPENDENT,0.16666666666666666,0.25,0.5,0.3333333333333333,False,False
Q0014,2,OPCODE_CONTEXT,DROP30,B2_EXACT_GLOBAL,0.16666666666666666,0.5,0.5,0.5,False,False
Q0014,2,OPCODE_CONTEXT,DROP30,B3_HARD_COMPONENT,0.16666666666666666,0.3333333333333333,0.5,0.4,False,False
Q0014,2,OPCODE_CONTEXT,DROP30,B4_SOFT_GRAPH,0.0,0.0,0.0,0.0,False,False
Q0014,2,OPCODE_CONTEXT,BRIDGE,B1_INDEPENDENT,0.16666666666666666,0.25,0.5,0.3333333333333333,False,False
Q0014,2,OPCODE_CONTEXT,BRIDGE,B2_EXACT_GLOBAL,0.16666666666666666,0.5,0.5,0.5,False,False
Q0014,2,OPCODE_CONTEXT,BRIDGE,B3_HARD_COMPONENT,0.0,0.0,0.0,0.0,False,False
Q0014,2,OPCODE_CONTEXT,BRIDGE,B4_SOFT_GRAPH,0.0,0.0,0.0,0.0,False,False
Q0014,2,OPCODE_CONTEXT,DROP30_BRIDGE,B1_INDEPENDENT,0.16666666666666666,0.25,0.5,0.3333333333333333,False,False
Q0014,2,OPCODE_CONTEXT,DROP30_BRIDGE,B2_EXACT_GLOBAL,0.16666666666666666,0.5,0.5,0.5,False,False
Q0014,2,OPCODE_CONTEXT,DROP30_BRIDGE,B3_HARD_COMPONENT,0.0,0.0,0.0,0.0,False,False
Q0014,2,OPCODE_CONTEXT,DROP30_BRIDGE,B4_SOFT_GRAPH,0.0,0.0,0.0,0.0,False,False
Q0008,2,OPCODE_3GRAM,CLEAN,B1_INDEPENDENT,0.3333333333333333,0.2,0.5,0.28571428571428575,False,False
Q0008,2,OPCODE_3GRAM,CLEAN,B2_EXACT_GLOBAL,0.3333333333333333,0.5,0.5,0.5,False,False
Q0008,2,OPCODE_3GRAM,CLEAN,B3_HARD_COMPONENT,0.5,0.5,0.5,0.5,False,False
Q0008,2,OPCODE_3GRAM,CLEAN,B4_SOFT_GRAPH,0.0,0.0,0.0,0.0,False,False
Q0008,2,OPCODE_3GRAM,DROP30,B1_INDEPENDENT,0.3333333333333333,0.2,0.5,0.28571428571428575,False,False
Q0008,2,OPCODE_3GRAM,DROP30,B2_EXACT_GLOBAL,0.3333333333333333,0.5,0.5,0.5,False,False
Q0008,2,OPCODE_3GRAM,DROP30,B3_HARD_COMPONENT,0.5,0.3333333333333333,0.5,0.4,False,False
Q0008,2,OPCODE_3GRAM,DROP30,B4_SOFT_GRAPH,0.0,0.0,0.0,0.0,False,False
Q0008,2,OPCODE_3GRAM,BRIDGE,B1_INDEPENDENT,0.3333333333333333,0.2,0.5,0.28571428571428575,False,False
Q0008,2,OPCODE_3GRAM,BRIDGE,B2_EXACT_GLOBAL,0.3333333333333333,0.5,0.5,0.5,False,False
Q0008,2,OPCODE_3GRAM,BRIDGE,B3_HARD_COMPONENT,0.5,1.0,0.5,0.6666666666666666,False,False
Q0008,2,OPCODE_3GRAM,BRIDGE,B4_SOFT_GRAPH,0.0,0.0,0.0,0.0,False,False
Q0008,2,OPCODE_3GRAM,DROP30_BRIDGE,B1_INDEPENDENT,0.3333333333333333,0.2,0.5,0.28571428571428575,False,False
Q0008,2,OPCODE_3GRAM,DROP30_BRIDGE,B2_EXACT_GLOBAL,0.3333333333333333,0.5,0.5,0.5,False,False
Q0008,2,OPCODE_3GRAM,DROP30_BRIDGE,B3_HARD_COMPONENT,0.5,0.5,0.5,0.5,False,False
Q0008,2,OPCODE_3GRAM,DROP30_BRIDGE,B4_SOFT_GRAPH,0.0,0.0,0.0,0.0,False,False
Q0008,2,OPCODE_STRUCT,CLEAN,B1_INDEPENDENT,0.3333333333333333,0.25,0.5,0.3333333333333333,False,False
Q0008,2,OPCODE_STRUCT,CLEAN,B2_EXACT_GLOBAL,0.3333333333333333,0.5,0.5,0.5,False,False
Q0008,2,OPCODE_STRUCT,CLEAN,B3_HARD_COMPONENT,0.5,0.5,0.5,0.5,False,False
Q0008,2,OPCODE_STRUCT,CLEAN,B4_SOFT_GRAPH,0.3333333333333333,0.5,0.5,0.5,False,False
Q0008,2,OPCODE_STRUCT,DROP30,B1_INDEPENDENT,0.3333333333333333,0.25,0.5,0.3333333333333333,False,False
Q0008,2,OPCODE_STRUCT,DROP30,B2_EXACT_GLOBAL,0.3333333333333333,0.5,0.5,0.5,False,False
Q0008,2,OPCODE_STRUCT,DROP30,B3_HARD_COMPONENT,0.5,0.3333333333333333,0.5,0.4,False,False
Q0008,2,OPCODE_STRUCT,DROP30,B4_SOFT_GRAPH,0.3333333333333333,0.3333333333333333,0.5,0.4,False,False
Q0008,2,OPCODE_STRUCT,BRIDGE,B1_INDEPENDENT,0.3333333333333333,0.25,0.5,0.3333333333333333,False,False
Q0008,2,OPCODE_STRUCT,BRIDGE,B2_EXACT_GLOBAL,0.3333333333333333,0.5,0.5,0.5,False,False
Q0008,2,OPCODE_STRUCT,BRIDGE,B3_HARD_COMPONENT,0.5,1.0,0.5,0.6666666666666666,False,False
Q0008,2,OPCODE_STRUCT,BRIDGE,B4_SOFT_GRAPH,0.3333333333333333,0.5,0.5,0.5,False,False
Q0008,2,OPCODE_STRUCT,DROP30_BRIDGE,B1_INDEPENDENT,0.3333333333333333,0.25,0.5,0.3333333333333333,False,False
Q0008,2,OPCODE_STRUCT,DROP30_BRIDGE,B2_EXACT_GLOBAL,0.3333333333333333,0.5,0.5,0.5,False,False
Q0008,2,OPCODE_STRUCT,DROP30_BRIDGE,B3_HARD_COMPONENT,0.5,0.5,0.5,0.5,False,False
Q0008,2,OPCODE_STRUCT,DROP30_BRIDGE,B4_SOFT_GRAPH,0.3333333333333333,0.3333333333333333,0.5,0.4,False,False
Q0008,2,OPCODE_CONTEXT,CLEAN,B1_INDEPENDENT,0.3333333333333333,0.25,0.5,0.3333333333333333,False,False
Q0008,2,OPCODE_CONTEXT,CLEAN,B2_EXACT_GLOBAL,0.3333333333333333,0.5,0.5,0.5,False,False
Q0008,2,OPCODE_CONTEXT,CLEAN,B3_HARD_COMPONENT,0.5,0.5,0.5,0.5,False,False
Q0008,2,OPCODE_CONTEXT,CLEAN,B4_SOFT_GRAPH,0.3333333333333333,0.25,0.5,0.3333333333333333,False,False
Q0008,2,OPCODE_CONTEXT,DROP30,B1_INDEPENDENT,0.3333333333333333,0.25,0.5,0.3333333333333333,False,False
Q0008,2,OPCODE_CONTEXT,DROP30,B2_EXACT_GLOBAL,0.3333333333333333,0.5,0.5,0.5,False,False
Q0008,2,OPCODE_CONTEXT,DROP30,B3_HARD_COMPONENT,0.5,0.3333333333333333,0.5,0.4,False,False
Q0008,2,OPCODE_CONTEXT,DROP30,B4_SOFT_GRAPH,0.3333333333333333,0.25,0.5,0.3333333333333333,False,False
Q0008,2,OPCODE_CONTEXT,BRIDGE,B1_INDEPENDENT,0.3333333333333333,0.25,0.5,0.3333333333333333,False,False
Q0008,2,OPCODE_CONTEXT,BRIDGE,B2_EXACT_GLOBAL,0.3333333333333333,0.5,0.5,0.5,False,False
Q0008,2,OPCODE_CONTEXT,BRIDGE,B3_HARD_COMPONENT,0.5,1.0,0.5,0.6666666666666666,False,False
Q0008,2,OPCODE_CONTEXT,BRIDGE,B4_SOFT_GRAPH,0.3333333333333333,0.25,0.5,0.3333333333333333,False,False
Q0008,2,OPCODE_CONTEXT,DROP30_BRIDGE,B1_INDEPENDENT,0.3333333333333333,0.25,0.5,0.3333333333333333,False,False
Q0008,2,OPCODE_CONTEXT,DROP30_BRIDGE,B2_EXACT_GLOBAL,0.3333333333333333,0.5,0.5,0.5,False,False
Q0008,2,OPCODE_CONTEXT,DROP30_BRIDGE,B3_HARD_COMPONENT,0.5,0.5,0.5,0.5,False,False
Q0008,2,OPCODE_CONTEXT,DROP30_BRIDGE,B4_SOFT_GRAPH,0.3333333333333333,0.25,0.5,0.3333333333333333,False,False
Q0032,2,OPCODE_3GRAM,CLEAN,B1_INDEPENDENT,0.16666666666666666,0.25,0.5,0.3333333333333333,False,False
Q0032,2,OPCODE_3GRAM,CLEAN,B2_EXACT_GLOBAL,0.0,0.0,0.0,0.0,False,False
Q0032,2,OPCODE_3GRAM,CLEAN,B3_HARD_COMPONENT,0.0,0.0,0.0,0.0,False,False
Q0032,2,OPCODE_3GRAM,CLEAN,B4_SOFT_GRAPH,0.0,0.0,0.0,0.0,False,False
Q0032,2,OPCODE_3GRAM,DROP30,B1_INDEPENDENT,0.16666666666666666,0.25,0.5,0.3333333333333333,False,False
Q0032,2,OPCODE_3GRAM,DROP30,B2_EXACT_GLOBAL,0.0,0.0,0.0,0.0,False,False
Q0032,2,OPCODE_3GRAM,DROP30,B3_HARD_COMPONENT,0.16666666666666666,0.3333333333333333,0.5,0.4,False,False
Q0032,2,OPCODE_3GRAM,DROP30,B4_SOFT_GRAPH,0.0,0.0,0.0,0.0,False,False
Q0032,2,OPCODE_3GRAM,BRIDGE,B1_INDEPENDENT,0.16666666666666666,0.25,0.5,0.3333333333333333,False,False
Q0032,2,OPCODE_3GRAM,BRIDGE,B2_EXACT_GLOBAL,0.0,0.0,0.0,0.0,False,False
Q0032,2,OPCODE_3GRAM,BRIDGE,B3_HARD_COMPONENT,0.0,0.0,0.0,0.0,False,False
Q0032,2,OPCODE_3GRAM,BRIDGE,B4_SOFT_GRAPH,0.0,0.0,0.0,0.0,False,False
Q0032,2,OPCODE_3GRAM,DROP30_BRIDGE,B1_INDEPENDENT,0.16666666666666666,0.25,0.5,0.3333333333333333,False,False
Q0032,2,OPCODE_3GRAM,DROP30_BRIDGE,B2_EXACT_GLOBAL,0.0,0.0,0.0,0.0,False,False
Q0032,2,OPCODE_3GRAM,DROP30_BRIDGE,B3_HARD_COMPONENT,0.16666666666666666,0.5,0.5,0.5,False,False
Q0032,2,OPCODE_3GRAM,DROP30_BRIDGE,B4_SOFT_GRAPH,0.0,0.0,0.0,0.0,False,False
Q0032,2,OPCODE_STRUCT,CLEAN,B1_INDEPENDENT,0.16666666666666666,0.2,0.5,0.28571428571428575,False,False
Q0032,2,OPCODE_STRUCT,CLEAN,B2_EXACT_GLOBAL,0.0,0.0,0.0,0.0,False,False
Q0032,2,OPCODE_STRUCT,CLEAN,B3_HARD_COMPONENT,0.0,0.0,0.0,0.0,False,False
Q0032,2,OPCODE_STRUCT,CLEAN,B4_SOFT_GRAPH,0.0,0.0,0.0,0.0,False,False
Q0032,2,OPCODE_STRUCT,DROP30,B1_INDEPENDENT,0.16666666666666666,0.2,0.5,0.28571428571428575,False,False
Q0032,2,OPCODE_STRUCT,DROP30,B2_EXACT_GLOBAL,0.0,0.0,0.0,0.0,False,False
Q0032,2,OPCODE_STRUCT,DROP30,B3_HARD_COMPONENT,0.16666666666666666,0.3333333333333333,0.5,0.4,False,False
Q0032,2,OPCODE_STRUCT,DROP30,B4_SOFT_GRAPH,0.16666666666666666,0.3333333333333333,0.5,0.4,False,False
Q0032,2,OPCODE_STRUCT,BRIDGE,B1_INDEPENDENT,0.16666666666666666,0.2,0.5,0.28571428571428575,False,False
Q0032,2,OPCODE_STRUCT,BRIDGE,B2_EXACT_GLOBAL,0.0,0.0,0.0,0.0,False,False
Q0032,2,OPCODE_STRUCT,BRIDGE,B3_HARD_COMPONENT,0.0,0.0,0.0,0.0,False,False
Q0032,2,OPCODE_STRUCT,BRIDGE,B4_SOFT_GRAPH,0.0,0.0,0.0,0.0,False,False
Q0032,2,OPCODE_STRUCT,DROP30_BRIDGE,B1_INDEPENDENT,0.16666666666666666,0.2,0.5,0.28571428571428575,False,False
Q0032,2,OPCODE_STRUCT,DROP30_BRIDGE,B2_EXACT_GLOBAL,0.0,0.0,0.0,0.0,False,False
Q0032,2,OPCODE_STRUCT,DROP30_BRIDGE,B3_HARD_COMPONENT,0.16666666666666666,0.5,0.5,0.5,False,False
Q0032,2,OPCODE_STRUCT,DROP30_BRIDGE,B4_SOFT_GRAPH,0.16666666666666666,0.5,0.5,0.5,False,False
Q0032,2,OPCODE_CONTEXT,CLEAN,B1_INDEPENDENT,0.3333333333333333,0.25,0.5,0.3333333333333333,False,False
Q0032,2,OPCODE_CONTEXT,CLEAN,B2_EXACT_GLOBAL,0.3333333333333333,0.5,0.5,0.5,False,False
Q0032,2,OPCODE_CONTEXT,CLEAN,B3_HARD_COMPONENT,0.5,0.5,0.5,0.5,False,False
Q0032,2,OPCODE_CONTEXT,CLEAN,B4_SOFT_GRAPH,0.3333333333333333,0.3333333333333333,0.5,0.4,False,False
Q0032,2,OPCODE_CONTEXT,DROP30,B1_INDEPENDENT,0.3333333333333333,0.25,0.5,0.3333333333333333,False,False
Q0032,2,OPCODE_CONTEXT,DROP30,B2_EXACT_GLOBAL,0.3333333333333333,0.5,0.5,0.5,False,False
Q0032,2,OPCODE_CONTEXT,DROP30,B3_HARD_COMPONENT,0.5,0.5,0.5,0.5,False,False
Q0032,2,OPCODE_CONTEXT,DROP30,B4_SOFT_GRAPH,0.3333333333333333,0.3333333333333333,0.5,0.4,False,False
Q0032,2,OPCODE_CONTEXT,BRIDGE,B1_INDEPENDENT,0.3333333333333333,0.25,0.5,0.3333333333333333,False,False
Q0032,2,OPCODE_CONTEXT,BRIDGE,B2_EXACT_GLOBAL,0.3333333333333333,0.5,0.5,0.5,False,False
Q0032,2,OPCODE_CONTEXT,BRIDGE,B3_HARD_COMPONENT,0.0,0.0,0.0,0.0,False,False
Q0032,2,OPCODE_CONTEXT,BRIDGE,B4_SOFT_GRAPH,0.3333333333333333,0.3333333333333333,0.5,0.4,False,False
Q0032,2,OPCODE_CONTEXT,DROP30_BRIDGE,B1_INDEPENDENT,0.3333333333333333,0.25,0.5,0.3333333333333333,False,False
Q0032,2,OPCODE_CONTEXT,DROP30_BRIDGE,B2_EXACT_GLOBAL,0.3333333333333333,0.5,0.5,0.5,False,False
Q0032,2,OPCODE_CONTEXT,DROP30_BRIDGE,B3_HARD_COMPONENT,0.16666666666666666,0.5,0.5,0.5,False,False
Q0032,2,OPCODE_CONTEXT,DROP30_BRIDGE,B4_SOFT_GRAPH,0.3333333333333333,0.3333333333333333,0.5,0.4,False,False
Q0030,2,OPCODE_3GRAM,CLEAN,B1_INDEPENDENT,0.16666666666666666,0.2,0.5,0.28571428571428575,False,False
Q0030,2,OPCODE_3GRAM,CLEAN,B2_EXACT_GLOBAL,0.0,0.0,0.0,0.0,False,False
Q0030,2,OPCODE_3GRAM,CLEAN,B3_HARD_COMPONENT,0.0,0.0,0.0,0.0,False,False
Q0030,2,OPCODE_3GRAM,CLEAN,B4_SOFT_GRAPH,0.0,0.0,0.0,0.0,False,False
Q0030,2,OPCODE_3GRAM,DROP30,B1_INDEPENDENT,0.16666666666666666,0.2,0.5,0.28571428571428575,False,False
Q0030,2,OPCODE_3GRAM,DROP30,B2_EXACT_GLOBAL,0.0,0.0,0.0,0.0,False,False
Q0030,2,OPCODE_3GRAM,DROP30,B3_HARD_COMPONENT,0.0,0.0,0.0,0.0,False,False
Q0030,2,OPCODE_3GRAM,DROP30,B4_SOFT_GRAPH,0.0,0.0,0.0,0.0,False,False
Q0030,2,OPCODE_3GRAM,BRIDGE,B1_INDEPENDENT,0.16666666666666666,0.2,0.5,0.28571428571428575,False,False
Q0030,2,OPCODE_3GRAM,BRIDGE,B2_EXACT_GLOBAL,0.0,0.0,0.0,0.0,False,False
Q0030,2,OPCODE_3GRAM,BRIDGE,B3_HARD_COMPONENT,0.0,0.0,0.0,0.0,False,False
Q0030,2,OPCODE_3GRAM,BRIDGE,B4_SOFT_GRAPH,0.0,0.0,0.0,0.0,False,False
Q0030,2,OPCODE_3GRAM,DROP30_BRIDGE,B1_INDEPENDENT,0.16666666666666666,0.2,0.5,0.28571428571428575,False,False
Q0030,2,OPCODE_3GRAM,DROP30_BRIDGE,B2_EXACT_GLOBAL,0.0,0.0,0.0,0.0,False,False
Q0030,2,OPCODE_3GRAM,DROP30_BRIDGE,B3_HARD_COMPONENT,0.0,0.0,0.0,0.0,False,False
Q0030,2,OPCODE_3GRAM,DROP30_BRIDGE,B4_SOFT_GRAPH,0.0,0.0,0.0,0.0,False,False
Q0030,2,OPCODE_STRUCT,CLEAN,B1_INDEPENDENT,0.16666666666666666,0.16666666666666666,0.5,0.25,False,False
Q0030,2,OPCODE_STRUCT,CLEAN,B2_EXACT_GLOBAL,0.0,0.0,0.0,0.0,False,False
Q0030,2,OPCODE_STRUCT,CLEAN,B3_HARD_COMPONENT,0.0,0.0,0.0,0.0,False,False
Q0030,2,OPCODE_STRUCT,CLEAN,B4_SOFT_GRAPH,0.0,0.0,0.0,0.0,False,False
Q0030,2,OPCODE_STRUCT,DROP30,B1_INDEPENDENT,0.16666666666666666,0.16666666666666666,0.5,0.25,False,False
Q0030,2,OPCODE_STRUCT,DROP30,B2_EXACT_GLOBAL,0.0,0.0,0.0,0.0,False,False
Q0030,2,OPCODE_STRUCT,DROP30,B3_HARD_COMPONENT,0.0,0.0,0.0,0.0,False,False
Q0030,2,OPCODE_STRUCT,DROP30,B4_SOFT_GRAPH,0.3333333333333333,0.2,0.5,0.28571428571428575,False,False
Q0030,2,OPCODE_STRUCT,BRIDGE,B1_INDEPENDENT,0.16666666666666666,0.16666666666666666,0.5,0.25,False,False
Q0030,2,OPCODE_STRUCT,BRIDGE,B2_EXACT_GLOBAL,0.0,0.0,0.0,0.0,False,False
Q0030,2,OPCODE_STRUCT,BRIDGE,B3_HARD_COMPONENT,0.0,0.0,0.0,0.0,False,False
Q0030,2,OPCODE_STRUCT,BRIDGE,B4_SOFT_GRAPH,0.0,0.0,0.0,0.0,False,False
Q0030,2,OPCODE_STRUCT,DROP30_BRIDGE,B1_INDEPENDENT,0.16666666666666666,0.16666666666666666,0.5,0.25,False,False
Q0030,2,OPCODE_STRUCT,DROP30_BRIDGE,B2_EXACT_GLOBAL,0.0,0.0,0.0,0.0,False,False
Q0030,2,OPCODE_STRUCT,DROP30_BRIDGE,B3_HARD_COMPONENT,0.0,0.0,0.0,0.0,False,False
Q0030,2,OPCODE_STRUCT,DROP30_BRIDGE,B4_SOFT_GRAPH,0.0,0.0,0.0,0.0,False,False
Q0030,2,OPCODE_CONTEXT,CLEAN,B1_INDEPENDENT,0.3333333333333333,0.25,0.5,0.3333333333333333,False,False
Q0030,2,OPCODE_CONTEXT,CLEAN,B2_EXACT_GLOBAL,0.0,0.0,0.0,0.0,False,False
Q0030,2,OPCODE_CONTEXT,CLEAN,B3_HARD_COMPONENT,0.0,0.0,0.0,0.0,False,False
Q0030,2,OPCODE_CONTEXT,CLEAN,B4_SOFT_GRAPH,0.3333333333333333,0.25,0.5,0.3333333333333333,False,False
Q0030,2,OPCODE_CONTEXT,DROP30,B1_INDEPENDENT,0.3333333333333333,0.25,0.5,0.3333333333333333,False,False
Q0030,2,OPCODE_CONTEXT,DROP30,B2_EXACT_GLOBAL,0.0,0.0,0.0,0.0,False,False
Q0030,2,OPCODE_CONTEXT,DROP30,B3_HARD_COMPONENT,0.0,0.0,0.0,0.0,False,False
Q0030,2,OPCODE_CONTEXT,DROP30,B4_SOFT_GRAPH,0.3333333333333333,0.25,0.5,0.3333333333333333,False,False
Q0030,2,OPCODE_CONTEXT,BRIDGE,B1_INDEPENDENT,0.3333333333333333,0.25,0.5,0.3333333333333333,False,False
Q0030,2,OPCODE_CONTEXT,BRIDGE,B2_EXACT_GLOBAL,0.0,0.0,0.0,0.0,False,False
Q0030,2,OPCODE_CONTEXT,BRIDGE,B3_HARD_COMPONENT,0.0,0.0,0.0,0.0,False,False
Q0030,2,OPCODE_CONTEXT,BRIDGE,B4_SOFT_GRAPH,0.3333333333333333,0.25,0.5,0.3333333333333333,False,False
Q0030,2,OPCODE_CONTEXT,DROP30_BRIDGE,B1_INDEPENDENT,0.3333333333333333,0.25,0.5,0.3333333333333333,False,False
Q0030,2,OPCODE_CONTEXT,DROP30_BRIDGE,B2_EXACT_GLOBAL,0.0,0.0,0.0,0.0,False,False
Q0030,2,OPCODE_CONTEXT,DROP30_BRIDGE,B3_HARD_COMPONENT,0.0,0.0,0.0,0.0,False,False
Q0030,2,OPCODE_CONTEXT,DROP30_BRIDGE,B4_SOFT_GRAPH,0.3333333333333333,0.25,0.5,0.3333333333333333,False,False
Q0067,2,OPCODE_3GRAM,CLEAN,B1_INDEPENDENT,0.0,0.0,0.0,0.0,False,False
Q0067,2,OPCODE_3GRAM,CLEAN,B2_EXACT_GLOBAL,0.0,0.0,0.0,0.0,False,False
Q0067,2,OPCODE_3GRAM,CLEAN,B3_HARD_COMPONENT,0.0,0.0,0.0,0.0,False,False
Q0067,2,OPCODE_3GRAM,CLEAN,B4_SOFT_GRAPH,0.0,0.0,0.0,0.0,False,False
Q0067,2,OPCODE_3GRAM,DROP30,B1_INDEPENDENT,0.0,0.0,0.0,0.0,False,False
Q0067,2,OPCODE_3GRAM,DROP30,B2_EXACT_GLOBAL,0.0,0.0,0.0,0.0,False,False
Q0067,2,OPCODE_3GRAM,DROP30,B3_HARD_COMPONENT,0.0,0.0,0.0,0.0,False,False
Q0067,2,OPCODE_3GRAM,DROP30,B4_SOFT_GRAPH,0.0,0.0,0.0,0.0,False,False
Q0067,2,OPCODE_3GRAM,BRIDGE,B1_INDEPENDENT,0.0,0.0,0.0,0.0,False,False
Q0067,2,OPCODE_3GRAM,BRIDGE,B2_EXACT_GLOBAL,0.0,0.0,0.0,0.0,False,False
Q0067,2,OPCODE_3GRAM,BRIDGE,B3_HARD_COMPONENT,0.0,0.0,0.0,0.0,False,False
Q0067,2,OPCODE_3GRAM,BRIDGE,B4_SOFT_GRAPH,0.0,0.0,0.0,0.0,False,False
Q0067,2,OPCODE_3GRAM,DROP30_BRIDGE,B1_INDEPENDENT,0.0,0.0,0.0,0.0,False,False
Q0067,2,OPCODE_3GRAM,DROP30_BRIDGE,B2_EXACT_GLOBAL,0.0,0.0,0.0,0.0,False,False
Q0067,2,OPCODE_3GRAM,DROP30_BRIDGE,B3_HARD_COMPONENT,0.0,0.0,0.0,0.0,False,False
Q0067,2,OPCODE_3GRAM,DROP30_BRIDGE,B4_SOFT_GRAPH,0.0,0.0,0.0,0.0,False,False
Q0067,2,OPCODE_STRUCT,CLEAN,B1_INDEPENDENT,0.0,0.0,0.0,0.0,False,False
Q0067,2,OPCODE_STRUCT,CLEAN,B2_EXACT_GLOBAL,0.0,0.0,0.0,0.0,False,False
Q0067,2,OPCODE_STRUCT,CLEAN,B3_HARD_COMPONENT,0.0,0.0,0.0,0.0,False,False
Q0067,2,OPCODE_STRUCT,CLEAN,B4_SOFT_GRAPH,0.0,0.0,0.0,0.0,False,False
Q0067,2,OPCODE_STRUCT,DROP30,B1_INDEPENDENT,0.0,0.0,0.0,0.0,False,False
Q0067,2,OPCODE_STRUCT,DROP30,B2_EXACT_GLOBAL,0.0,0.0,0.0,0.0,False,False
Q0067,2,OPCODE_STRUCT,DROP30,B3_HARD_COMPONENT,0.0,0.0,0.0,0.0,False,False
Q0067,2,OPCODE_STRUCT,DROP30,B4_SOFT_GRAPH,0.0,0.0,0.0,0.0,False,False
Q0067,2,OPCODE_STRUCT,BRIDGE,B1_INDEPENDENT,0.0,0.0,0.0,0.0,False,False
Q0067,2,OPCODE_STRUCT,BRIDGE,B2_EXACT_GLOBAL,0.0,0.0,0.0,0.0,False,False
Q0067,2,OPCODE_STRUCT,BRIDGE,B3_HARD_COMPONENT,0.0,0.0,0.0,0.0,False,False
Q0067,2,OPCODE_STRUCT,BRIDGE,B4_SOFT_GRAPH,0.0,0.0,0.0,0.0,False,False
Q0067,2,OPCODE_STRUCT,DROP30_BRIDGE,B1_INDEPENDENT,0.0,0.0,0.0,0.0,False,False
Q0067,2,OPCODE_STRUCT,DROP30_BRIDGE,B2_EXACT_GLOBAL,0.0,0.0,0.0,0.0,False,False
Q0067,2,OPCODE_STRUCT,DROP30_BRIDGE,B3_HARD_COMPONENT,0.0,0.0,0.0,0.0,False,False
Q0067,2,OPCODE_STRUCT,DROP30_BRIDGE,B4_SOFT_GRAPH,0.0,0.0,0.0,0.0,False,False
Q0067,2,OPCODE_CONTEXT,CLEAN,B1_INDEPENDENT,0.0,0.0,0.0,0.0,False,False
Q0067,2,OPCODE_CONTEXT,CLEAN,B2_EXACT_GLOBAL,0.0,0.0,0.0,0.0,False,False
Q0067,2,OPCODE_CONTEXT,CLEAN,B3_HARD_COMPONENT,0.0,0.0,0.0,0.0,False,False
Q0067,2,OPCODE_CONTEXT,CLEAN,B4_SOFT_GRAPH,0.0,0.0,0.0,0.0,False,False
Q0067,2,OPCODE_CONTEXT,DROP30,B1_INDEPENDENT,0.0,0.0,0.0,0.0,False,False
Q0067,2,OPCODE_CONTEXT,DROP30,B2_EXACT_GLOBAL,0.0,0.0,0.0,0.0,False,False
Q0067,2,OPCODE_CONTEXT,DROP30,B3_HARD_COMPONENT,0.0,0.0,0.0,0.0,False,False
Q0067,2,OPCODE_CONTEXT,DROP30,B4_SOFT_GRAPH,0.0,0.0,0.0,0.0,False,False
Q0067,2,OPCODE_CONTEXT,BRIDGE,B1_INDEPENDENT,0.0,0.0,0.0,0.0,False,False
Q0067,2,OPCODE_CONTEXT,BRIDGE,B2_EXACT_GLOBAL,0.0,0.0,0.0,0.0,False,False
Q0067,2,OPCODE_CONTEXT,BRIDGE,B3_HARD_COMPONENT,0.0,0.0,0.0,0.0,False,False
Q0067,2,OPCODE_CONTEXT,BRIDGE,B4_SOFT_GRAPH,0.0,0.0,0.0,0.0,False,False
Q0067,2,OPCODE_CONTEXT,DROP30_BRIDGE,B1_INDEPENDENT,0.0,0.0,0.0,0.0,False,False
Q0067,2,OPCODE_CONTEXT,DROP30_BRIDGE,B2_EXACT_GLOBAL,0.0,0.0,0.0,0.0,False,False
Q0067,2,OPCODE_CONTEXT,DROP30_BRIDGE,B3_HARD_COMPONENT,0.0,0.0,0.0,0.0,False,False
Q0067,2,OPCODE_CONTEXT,DROP30_BRIDGE,B4_SOFT_GRAPH,0.0,0.0,0.0,0.0,False,False
Q0034,2,OPCODE_3GRAM,CLEAN,B1_INDEPENDENT,0.16666666666666666,0.25,0.5,0.3333333333333333,False,False
Q0034,2,OPCODE_3GRAM,CLEAN,B2_EXACT_GLOBAL,0.0,0.0,0.0,0.0,False,False
Q0034,2,OPCODE_3GRAM,CLEAN,B3_HARD_COMPONENT,0.0,0.0,0.0,0.0,False,False
Q0034,2,OPCODE_3GRAM,CLEAN,B4_SOFT_GRAPH,0.0,0.0,0.0,0.0,False,False
Q0034,2,OPCODE_3GRAM,DROP30,B1_INDEPENDENT,0.16666666666666666,0.25,0.5,0.3333333333333333,False,False
Q0034,2,OPCODE_3GRAM,DROP30,B2_EXACT_GLOBAL,0.0,0.0,0.0,0.0,False,False
Q0034,2,OPCODE_3GRAM,DROP30,B3_HARD_COMPONENT,0.0,0.0,0.0,0.0,False,False
Q0034,2,OPCODE_3GRAM,DROP30,B4_SOFT_GRAPH,0.0,0.0,0.0,0.0,False,False
Q0034,2,OPCODE_3GRAM,BRIDGE,B1_INDEPENDENT,0.16666666666666666,0.25,0.5,0.3333333333333333,False,False
Q0034,2,OPCODE_3GRAM,BRIDGE,B2_EXACT_GLOBAL,0.0,0.0,0.0,0.0,False,False
Q0034,2,OPCODE_3GRAM,BRIDGE,B3_HARD_COMPONENT,0.0,0.0,0.0,0.0,False,False
Q0034,2,OPCODE_3GRAM,BRIDGE,B4_SOFT_GRAPH,0.0,0.0,0.0,0.0,False,False
Q0034,2,OPCODE_3GRAM,DROP30_BRIDGE,B1_INDEPENDENT,0.16666666666666666,0.25,0.5,0.3333333333333333,False,False
Q0034,2,OPCODE_3GRAM,DROP30_BRIDGE,B2_EXACT_GLOBAL,0.0,0.0,0.0,0.0,False,False
Q0034,2,OPCODE_3GRAM,DROP30_BRIDGE,B3_HARD_COMPONENT,0.0,0.0,0.0,0.0,False,False
Q0034,2,OPCODE_3GRAM,DROP30_BRIDGE,B4_SOFT_GRAPH,0.0,0.0,0.0,0.0,False,False
Q0034,2,OPCODE_STRUCT,CLEAN,B1_INDEPENDENT,0.16666666666666666,0.2,0.5,0.28571428571428575,False,False
Q0034,2,OPCODE_STRUCT,CLEAN,B2_EXACT_GLOBAL,0.0,0.0,0.0,0.0,False,False
Q0034,2,OPCODE_STRUCT,CLEAN,B3_HARD_COMPONENT,0.0,0.0,0.0,0.0,False,False
Q0034,2,OPCODE_STRUCT,CLEAN,B4_SOFT_GRAPH,0.0,0.0,0.0,0.0,False,False
Q0034,2,OPCODE_STRUCT,DROP30,B1_INDEPENDENT,0.16666666666666666,0.2,0.5,0.28571428571428575,False,False
Q0034,2,OPCODE_STRUCT,DROP30,B2_EXACT_GLOBAL,0.0,0.0,0.0,0.0,False,False
Q0034,2,OPCODE_STRUCT,DROP30,B3_HARD_COMPONENT,0.0,0.0,0.0,0.0,False,False
Q0034,2,OPCODE_STRUCT,DROP30,B4_SOFT_GRAPH,0.0,0.0,0.0,0.0,False,False
Q0034,2,OPCODE_STRUCT,BRIDGE,B1_INDEPENDENT,0.16666666666666666,0.2,0.5,0.28571428571428575,False,False
Q0034,2,OPCODE_STRUCT,BRIDGE,B2_EXACT_GLOBAL,0.0,0.0,0.0,0.0,False,False
Q0034,2,OPCODE_STRUCT,BRIDGE,B3_HARD_COMPONENT,0.0,0.0,0.0,0.0,False,False
Q0034,2,OPCODE_STRUCT,BRIDGE,B4_SOFT_GRAPH,0.0,0.0,0.0,0.0,False,False
Q0034,2,OPCODE_STRUCT,DROP30_BRIDGE,B1_INDEPENDENT,0.16666666666666666,0.2,0.5,0.28571428571428575,False,False
Q0034,2,OPCODE_STRUCT,DROP30_BRIDGE,B2_EXACT_GLOBAL,0.0,0.0,0.0,0.0,False,False
Q0034,2,OPCODE_STRUCT,DROP30_BRIDGE,B3_HARD_COMPONENT,0.0,0.0,0.0,0.0,False,False
Q0034,2,OPCODE_STRUCT,DROP30_BRIDGE,B4_SOFT_GRAPH,0.0,0.0,0.0,0.0,False,False
Q0034,2,OPCODE_CONTEXT,CLEAN,B1_INDEPENDENT,0.3333333333333333,0.25,0.5,0.3333333333333333,False,False
Q0034,2,OPCODE_CONTEXT,CLEAN,B2_EXACT_GLOBAL,0.3333333333333333,0.5,0.5,0.5,False,False
Q0034,2,OPCODE_CONTEXT,CLEAN,B3_HARD_COMPONENT,0.5,0.5,0.5,0.5,False,False
Q0034,2,OPCODE_CONTEXT,CLEAN,B4_SOFT_GRAPH,0.3333333333333333,0.3333333333333333,0.5,0.4,False,False
Q0034,2,OPCODE_CONTEXT,DROP30,B1_INDEPENDENT,0.3333333333333333,0.25,0.5,0.3333333333333333,False,False
Q0034,2,OPCODE_CONTEXT,DROP30,B2_EXACT_GLOBAL,0.3333333333333333,0.5,0.5,0.5,False,False
Q0034,2,OPCODE_CONTEXT,DROP30,B3_HARD_COMPONENT,0.5,0.3333333333333333,0.5,0.4,False,False
Q0034,2,OPCODE_CONTEXT,DROP30,B4_SOFT_GRAPH,0.3333333333333333,0.3333333333333333,0.5,0.4,False,False
Q0034,2,OPCODE_CONTEXT,BRIDGE,B1_INDEPENDENT,0.3333333333333333,0.25,0.5,0.3333333333333333,False,False
Q0034,2,OPCODE_CONTEXT,BRIDGE,B2_EXACT_GLOBAL,0.3333333333333333,0.5,0.5,0.5,False,False
Q0034,2,OPCODE_CONTEXT,BRIDGE,B3_HARD_COMPONENT,0.0,0.0,0.0,0.0,False,False
Q0034,2,OPCODE_CONTEXT,BRIDGE,B4_SOFT_GRAPH,0.3333333333333333,0.3333333333333333,0.5,0.4,False,False
Q0034,2,OPCODE_CONTEXT,DROP30_BRIDGE,B1_INDEPENDENT,0.3333333333333333,0.25,0.5,0.3333333333333333,False,False
Q0034,2,OPCODE_CONTEXT,DROP30_BRIDGE,B2_EXACT_GLOBAL,0.3333333333333333,0.5,0.5,0.5,False,False
Q0034,2,OPCODE_CONTEXT,DROP30_BRIDGE,B3_HARD_COMPONENT,0.0,0.0,0.0,0.0,False,False
Q0034,2,OPCODE_CONTEXT,DROP30_BRIDGE,B4_SOFT_GRAPH,0.3333333333333333,0.3333333333333333,0.5,0.4,False,False
Q0088,2,OPCODE_3GRAM,CLEAN,B1_INDEPENDENT,0.16666666666666666,0.2,0.5,0.28571428571428575,False,False
Q0088,2,OPCODE_3GRAM,CLEAN,B2_EXACT_GLOBAL,0.16666666666666666,0.5,0.5,0.5,False,False
Q0088,2,OPCODE_3GRAM,CLEAN,B3_HARD_COMPONENT,0.5,0.5,0.5,0.5,False,False
Q0088,2,OPCODE_3GRAM,CLEAN,B4_SOFT_GRAPH,0.3333333333333333,0.5,0.5,0.5,False,False
Q0088,2,OPCODE_3GRAM,DROP30,B1_INDEPENDENT,0.16666666666666666,0.2,0.5,0.28571428571428575,False,False
Q0088,2,OPCODE_3GRAM,DROP30,B2_EXACT_GLOBAL,0.16666666666666666,0.5,0.5,0.5,False,False
Q0088,2,OPCODE_3GRAM,DROP30,B3_HARD_COMPONENT,0.3333333333333333,0.3333333333333333,0.5,0.4,False,False
Q0088,2,OPCODE_3GRAM,DROP30,B4_SOFT_GRAPH,0.3333333333333333,0.3333333333333333,0.5,0.4,False,False
Q0088,2,OPCODE_3GRAM,BRIDGE,B1_INDEPENDENT,0.16666666666666666,0.2,0.5,0.28571428571428575,False,False
Q0088,2,OPCODE_3GRAM,BRIDGE,B2_EXACT_GLOBAL,0.16666666666666666,0.5,0.5,0.5,False,False
Q0088,2,OPCODE_3GRAM,BRIDGE,B3_HARD_COMPONENT,0.5,1.0,0.5,0.6666666666666666,False,False
Q0088,2,OPCODE_3GRAM,BRIDGE,B4_SOFT_GRAPH,0.3333333333333333,0.5,0.5,0.5,False,False
Q0088,2,OPCODE_3GRAM,DROP30_BRIDGE,B1_INDEPENDENT,0.16666666666666666,0.2,0.5,0.28571428571428575,False,False
Q0088,2,OPCODE_3GRAM,DROP30_BRIDGE,B2_EXACT_GLOBAL,0.16666666666666666,0.5,0.5,0.5,False,False
Q0088,2,OPCODE_3GRAM,DROP30_BRIDGE,B3_HARD_COMPONENT,0.16666666666666666,0.3333333333333333,0.5,0.4,False,False
Q0088,2,OPCODE_3GRAM,DROP30_BRIDGE,B4_SOFT_GRAPH,0.16666666666666666,0.3333333333333333,0.5,0.4,False,False
Q0088,2,OPCODE_STRUCT,CLEAN,B1_INDEPENDENT,0.16666666666666666,0.2,0.5,0.28571428571428575,False,False
Q0088,2,OPCODE_STRUCT,CLEAN,B2_EXACT_GLOBAL,0.3333333333333333,0.5,0.5,0.5,False,False
Q0088,2,OPCODE_STRUCT,CLEAN,B3_HARD_COMPONENT,0.5,0.5,0.5,0.5,False,False
Q0088,2,OPCODE_STRUCT,CLEAN,B4_SOFT_GRAPH,0.3333333333333333,0.3333333333333333,0.5,0.4,False,False
Q0088,2,OPCODE_STRUCT,DROP30,B1_INDEPENDENT,0.16666666666666666,0.2,0.5,0.28571428571428575,False,False
Q0088,2,OPCODE_STRUCT,DROP30,B2_EXACT_GLOBAL,0.3333333333333333,0.5,0.5,0.5,False,False
Q0088,2,OPCODE_STRUCT,DROP30,B3_HARD_COMPONENT,0.3333333333333333,0.3333333333333333,0.5,0.4,False,False
Q0088,2,OPCODE_STRUCT,DROP30,B4_SOFT_GRAPH,0.3333333333333333,0.3333333333333333,0.5,0.4,False,False
Q0088,2,OPCODE_STRUCT,BRIDGE,B1_INDEPENDENT,0.16666666666666666,0.2,0.5,0.28571428571428575,False,False
Q0088,2,OPCODE_STRUCT,BRIDGE,B2_EXACT_GLOBAL,0.3333333333333333,0.5,0.5,0.5,False,False
Q0088,2,OPCODE_STRUCT,BRIDGE,B3_HARD_COMPONENT,0.5,1.0,0.5,0.6666666666666666,False,False
Q0088,2,OPCODE_STRUCT,BRIDGE,B4_SOFT_GRAPH,0.3333333333333333,0.3333333333333333,0.5,0.4,False,False
Q0088,2,OPCODE_STRUCT,DROP30_BRIDGE,B1_INDEPENDENT,0.16666666666666666,0.2,0.5,0.28571428571428575,False,False
Q0088,2,OPCODE_STRUCT,DROP30_BRIDGE,B2_EXACT_GLOBAL,0.3333333333333333,0.5,0.5,0.5,False,False
Q0088,2,OPCODE_STRUCT,DROP30_BRIDGE,B3_HARD_COMPONENT,0.16666666666666666,0.3333333333333333,0.5,0.4,False,False
Q0088,2,OPCODE_STRUCT,DROP30_BRIDGE,B4_SOFT_GRAPH,0.16666666666666666,0.3333333333333333,0.5,0.4,False,False
Q0088,2,OPCODE_CONTEXT,CLEAN,B1_INDEPENDENT,0.16666666666666666,0.25,0.5,0.3333333333333333,False,False
Q0088,2,OPCODE_CONTEXT,CLEAN,B2_EXACT_GLOBAL,0.16666666666666666,0.5,0.5,0.5,False,False
Q0088,2,OPCODE_CONTEXT,CLEAN,B3_HARD_COMPONENT,0.5,0.5,0.5,0.5,False,False
Q0088,2,OPCODE_CONTEXT,CLEAN,B4_SOFT_GRAPH,0.0,0.0,0.0,0.0,False,False
Q0088,2,OPCODE_CONTEXT,DROP30,B1_INDEPENDENT,0.16666666666666666,0.25,0.5,0.3333333333333333,False,False
Q0088,2,OPCODE_CONTEXT,DROP30,B2_EXACT_GLOBAL,0.16666666666666666,0.5,0.5,0.5,False,False
Q0088,2,OPCODE_CONTEXT,DROP30,B3_HARD_COMPONENT,0.3333333333333333,0.5,0.5,0.5,False,False
Q0088,2,OPCODE_CONTEXT,DROP30,B4_SOFT_GRAPH,0.0,0.0,0.0,0.0,False,False
Q0088,2,OPCODE_CONTEXT,BRIDGE,B1_INDEPENDENT,0.16666666666666666,0.25,0.5,0.3333333333333333,False,False
Q0088,2,OPCODE_CONTEXT,BRIDGE,B2_EXACT_GLOBAL,0.16666666666666666,0.5,0.5,0.5,False,False
Q0088,2,OPCODE_CONTEXT,BRIDGE,B3_HARD_COMPONENT,0.0,0.0,0.0,0.0,False,False
Q0088,2,OPCODE_CONTEXT,BRIDGE,B4_SOFT_GRAPH,0.0,0.0,0.0,0.0,False,False
Q0088,2,OPCODE_CONTEXT,DROP30_BRIDGE,B1_INDEPENDENT,0.16666666666666666,0.25,0.5,0.3333333333333333,False,False
Q0088,2,OPCODE_CONTEXT,DROP30_BRIDGE,B2_EXACT_GLOBAL,0.16666666666666666,0.5,0.5,0.5,False,False
Q0088,2,OPCODE_CONTEXT,DROP30_BRIDGE,B3_HARD_COMPONENT,0.16666666666666666,0.5,0.5,0.5,False,False
Q0088,2,OPCODE_CONTEXT,DROP30_BRIDGE,B4_SOFT_GRAPH,0.0,0.0,0.0,0.0,False,False
Q0036,2,OPCODE_3GRAM,CLEAN,B1_INDEPENDENT,0.0,0.0,0.0,0.0,False,False
Q0036,2,OPCODE_3GRAM,CLEAN,B2_EXACT_GLOBAL,0.0,0.0,0.0,0.0,False,False
Q0036,2,OPCODE_3GRAM,CLEAN,B3_HARD_COMPONENT,0.0,0.0,0.0,0.0,False,False
Q0036,2,OPCODE_3GRAM,CLEAN,B4_SOFT_GRAPH,0.0,0.0,0.0,0.0,False,False
Q0036,2,OPCODE_3GRAM,DROP30,B1_INDEPENDENT,0.0,0.0,0.0,0.0,False,False
Q0036,2,OPCODE_3GRAM,DROP30,B2_EXACT_GLOBAL,0.0,0.0,0.0,0.0,False,False
Q0036,2,OPCODE_3GRAM,DROP30,B3_HARD_COMPONENT,0.0,0.0,0.0,0.0,False,False
Q0036,2,OPCODE_3GRAM,DROP30,B4_SOFT_GRAPH,0.0,0.0,0.0,0.0,False,False
Q0036,2,OPCODE_3GRAM,BRIDGE,B1_INDEPENDENT,0.0,0.0,0.0,0.0,False,False
Q0036,2,OPCODE_3GRAM,BRIDGE,B2_EXACT_GLOBAL,0.0,0.0,0.0,0.0,False,False
Q0036,2,OPCODE_3GRAM,BRIDGE,B3_HARD_COMPONENT,0.0,0.0,0.0,0.0,False,False
Q0036,2,OPCODE_3GRAM,BRIDGE,B4_SOFT_GRAPH,0.0,0.0,0.0,0.0,False,False
Q0036,2,OPCODE_3GRAM,DROP30_BRIDGE,B1_INDEPENDENT,0.0,0.0,0.0,0.0,False,False
Q0036,2,OPCODE_3GRAM,DROP30_BRIDGE,B2_EXACT_GLOBAL,0.0,0.0,0.0,0.0,False,False
Q0036,2,OPCODE_3GRAM,DROP30_BRIDGE,B3_HARD_COMPONENT,0.0,0.0,0.0,0.0,False,False
Q0036,2,OPCODE_3GRAM,DROP30_BRIDGE,B4_SOFT_GRAPH,0.0,0.0,0.0,0.0,False,False
Q0036,2,OPCODE_STRUCT,CLEAN,B1_INDEPENDENT,0.0,0.0,0.0,0.0,False,False
Q0036,2,OPCODE_STRUCT,CLEAN,B2_EXACT_GLOBAL,0.0,0.0,0.0,0.0,False,False
Q0036,2,OPCODE_STRUCT,CLEAN,B3_HARD_COMPONENT,0.0,0.0,0.0,0.0,False,False
Q0036,2,OPCODE_STRUCT,CLEAN,B4_SOFT_GRAPH,0.0,0.0,0.0,0.0,False,False
Q0036,2,OPCODE_STRUCT,DROP30,B1_INDEPENDENT,0.0,0.0,0.0,0.0,False,False
Q0036,2,OPCODE_STRUCT,DROP30,B2_EXACT_GLOBAL,0.0,0.0,0.0,0.0,False,False
Q0036,2,OPCODE_STRUCT,DROP30,B3_HARD_COMPONENT,0.0,0.0,0.0,0.0,False,False
Q0036,2,OPCODE_STRUCT,DROP30,B4_SOFT_GRAPH,0.0,0.0,0.0,0.0,False,False
Q0036,2,OPCODE_STRUCT,BRIDGE,B1_INDEPENDENT,0.0,0.0,0.0,0.0,False,False
Q0036,2,OPCODE_STRUCT,BRIDGE,B2_EXACT_GLOBAL,0.0,0.0,0.0,0.0,False,False
Q0036,2,OPCODE_STRUCT,BRIDGE,B3_HARD_COMPONENT,0.0,0.0,0.0,0.0,False,False
Q0036,2,OPCODE_STRUCT,BRIDGE,B4_SOFT_GRAPH,0.0,0.0,0.0,0.0,False,False
Q0036,2,OPCODE_STRUCT,DROP30_BRIDGE,B1_INDEPENDENT,0.0,0.0,0.0,0.0,False,False
Q0036,2,OPCODE_STRUCT,DROP30_BRIDGE,B2_EXACT_GLOBAL,0.0,0.0,0.0,0.0,False,False
Q0036,2,OPCODE_STRUCT,DROP30_BRIDGE,B3_HARD_COMPONENT,0.0,0.0,0.0,0.0,False,False
Q0036,2,OPCODE_STRUCT,DROP30_BRIDGE,B4_SOFT_GRAPH,0.0,0.0,0.0,0.0,False,False
Q0036,2,OPCODE_CONTEXT,CLEAN,B1_INDEPENDENT,0.16666666666666666,0.2,0.5,0.28571428571428575,False,False
Q0036,2,OPCODE_CONTEXT,CLEAN,B2_EXACT_GLOBAL,0.0,0.0,0.0,0.0,False,False
Q0036,2,OPCODE_CONTEXT,CLEAN,B3_HARD_COMPONENT,0.0,0.0,0.0,0.0,False,False
Q0036,2,OPCODE_CONTEXT,CLEAN,B4_SOFT_GRAPH,0.16666666666666666,0.2,0.5,0.28571428571428575,False,False
Q0036,2,OPCODE_CONTEXT,DROP30,B1_INDEPENDENT,0.16666666666666666,0.2,0.5,0.28571428571428575,False,False
Q0036,2,OPCODE_CONTEXT,DROP30,B2_EXACT_GLOBAL,0.0,0.0,0.0,0.0,False,False
Q0036,2,OPCODE_CONTEXT,DROP30,B3_HARD_COMPONENT,0.16666666666666666,0.3333333333333333,0.5,0.4,False,False
Q0036,2,OPCODE_CONTEXT,DROP30,B4_SOFT_GRAPH,0.16666666666666666,0.2,0.5,0.28571428571428575,False,False
Q0036,2,OPCODE_CONTEXT,BRIDGE,B1_INDEPENDENT,0.16666666666666666,0.2,0.5,0.28571428571428575,False,False
Q0036,2,OPCODE_CONTEXT,BRIDGE,B2_EXACT_GLOBAL,0.0,0.0,0.0,0.0,False,False
Q0036,2,OPCODE_CONTEXT,BRIDGE,B3_HARD_COMPONENT,0.0,0.0,0.0,0.0,False,False
Q0036,2,OPCODE_CONTEXT,BRIDGE,B4_SOFT_GRAPH,0.16666666666666666,0.2,0.5,0.28571428571428575,False,False
Q0036,2,OPCODE_CONTEXT,DROP30_BRIDGE,B1_INDEPENDENT,0.16666666666666666,0.2,0.5,0.28571428571428575,False,False
Q0036,2,OPCODE_CONTEXT,DROP30_BRIDGE,B2_EXACT_GLOBAL,0.0,0.0,0.0,0.0,False,False
Q0036,2,OPCODE_CONTEXT,DROP30_BRIDGE,B3_HARD_COMPONENT,0.0,0.0,0.0,0.0,False,False
Q0036,2,OPCODE_CONTEXT,DROP30_BRIDGE,B4_SOFT_GRAPH,0.16666666666666666,0.2,0.5,0.28571428571428575,False,False
Q0015,2,OPCODE_3GRAM,CLEAN,B1_INDEPENDENT,0.0,0.0,0.0,0.0,False,False
Q0015,2,OPCODE_3GRAM,CLEAN,B2_EXACT_GLOBAL,0.0,0.0,0.0,0.0,False,False
Q0015,2,OPCODE_3GRAM,CLEAN,B3_HARD_COMPONENT,0.0,0.0,0.0,0.0,False,False
Q0015,2,OPCODE_3GRAM,CLEAN,B4_SOFT_GRAPH,0.0,0.0,0.0,0.0,False,False
Q0015,2,OPCODE_3GRAM,DROP30,B1_INDEPENDENT,0.0,0.0,0.0,0.0,False,False
Q0015,2,OPCODE_3GRAM,DROP30,B2_EXACT_GLOBAL,0.0,0.0,0.0,0.0,False,False
Q0015,2,OPCODE_3GRAM,DROP30,B3_HARD_COMPONENT,0.0,0.0,0.0,0.0,False,False
Q0015,2,OPCODE_3GRAM,DROP30,B4_SOFT_GRAPH,0.0,0.0,0.0,0.0,False,False
Q0015,2,OPCODE_3GRAM,BRIDGE,B1_INDEPENDENT,0.0,0.0,0.0,0.0,False,False
Q0015,2,OPCODE_3GRAM,BRIDGE,B2_EXACT_GLOBAL,0.0,0.0,0.0,0.0,False,False
Q0015,2,OPCODE_3GRAM,BRIDGE,B3_HARD_COMPONENT,0.0,0.0,0.0,0.0,False,False
Q0015,2,OPCODE_3GRAM,BRIDGE,B4_SOFT_GRAPH,0.0,0.0,0.0,0.0,False,False
Q0015,2,OPCODE_3GRAM,DROP30_BRIDGE,B1_INDEPENDENT,0.0,0.0,0.0,0.0,False,False
Q0015,2,OPCODE_3GRAM,DROP30_BRIDGE,B2_EXACT_GLOBAL,0.0,0.0,0.0,0.0,False,False
Q0015,2,OPCODE_3GRAM,DROP30_BRIDGE,B3_HARD_COMPONENT,0.0,0.0,0.0,0.0,False,False
Q0015,2,OPCODE_3GRAM,DROP30_BRIDGE,B4_SOFT_GRAPH,0.0,0.0,0.0,0.0,False,False
Q0015,2,OPCODE_STRUCT,CLEAN,B1_INDEPENDENT,0.0,0.0,0.0,0.0,False,False
Q0015,2,OPCODE_STRUCT,CLEAN,B2_EXACT_GLOBAL,0.0,0.0,0.0,0.0,False,False
Q0015,2,OPCODE_STRUCT,CLEAN,B3_HARD_COMPONENT,0.0,0.0,0.0,0.0,False,False
Q0015,2,OPCODE_STRUCT,CLEAN,B4_SOFT_GRAPH,0.0,0.3333333333333333,0.5,0.4,False,False
Q0015,2,OPCODE_STRUCT,DROP30,B1_INDEPENDENT,0.0,0.0,0.0,0.0,False,False
Q0015,2,OPCODE_STRUCT,DROP30,B2_EXACT_GLOBAL,0.0,0.0,0.0,0.0,False,False
Q0015,2,OPCODE_STRUCT,DROP30,B3_HARD_COMPONENT,0.0,0.3333333333333333,0.5,0.4,False,False
Q0015,2,OPCODE_STRUCT,DROP30,B4_SOFT_GRAPH,0.0,0.0,0.0,0.0,False,False
Q0015,2,OPCODE_STRUCT,BRIDGE,B1_INDEPENDENT,0.0,0.0,0.0,0.0,False,False
Q0015,2,OPCODE_STRUCT,BRIDGE,B2_EXACT_GLOBAL,0.0,0.0,0.0,0.0,False,False
Q0015,2,OPCODE_STRUCT,BRIDGE,B3_HARD_COMPONENT,0.0,0.0,0.0,0.0,False,False
Q0015,2,OPCODE_STRUCT,BRIDGE,B4_SOFT_GRAPH,0.0,0.0,0.0,0.0,False,False
Q0015,2,OPCODE_STRUCT,DROP30_BRIDGE,B1_INDEPENDENT,0.0,0.0,0.0,0.0,False,False
Q0015,2,OPCODE_STRUCT,DROP30_BRIDGE,B2_EXACT_GLOBAL,0.0,0.0,0.0,0.0,False,False
Q0015,2,OPCODE_STRUCT,DROP30_BRIDGE,B3_HARD_COMPONENT,0.0,0.0,0.0,0.0,False,False
Q0015,2,OPCODE_STRUCT,DROP30_BRIDGE,B4_SOFT_GRAPH,0.0,0.0,0.0,0.0,False,False
Q0015,2,OPCODE_CONTEXT,CLEAN,B1_INDEPENDENT,0.0,0.25,0.5,0.3333333333333333,False,False
Q0015,2,OPCODE_CONTEXT,CLEAN,B2_EXACT_GLOBAL,0.0,0.0,0.0,0.0,False,False
Q0015,2,OPCODE_CONTEXT,CLEAN,B3_HARD_COMPONENT,0.0,0.5,0.5,0.5,False,False
Q0015,2,OPCODE_CONTEXT,CLEAN,B4_SOFT_GRAPH,0.0,0.25,0.5,0.3333333333333333,False,False
Q0015,2,OPCODE_CONTEXT,DROP30,B1_INDEPENDENT,0.0,0.25,0.5,0.3333333333333333,False,False
Q0015,2,OPCODE_CONTEXT,DROP30,B2_EXACT_GLOBAL,0.0,0.0,0.0,0.0,False,False
Q0015,2,OPCODE_CONTEXT,DROP30,B3_HARD_COMPONENT,0.0,0.25,0.5,0.3333333333333333,False,False
Q0015,2,OPCODE_CONTEXT,DROP30,B4_SOFT_GRAPH,0.0,0.25,0.5,0.3333333333333333,False,False
Q0015,2,OPCODE_CONTEXT,BRIDGE,B1_INDEPENDENT,0.0,0.25,0.5,0.3333333333333333,False,False
Q0015,2,OPCODE_CONTEXT,BRIDGE,B2_EXACT_GLOBAL,0.0,0.0,0.0,0.0,False,False
Q0015,2,OPCODE_CONTEXT,BRIDGE,B3_HARD_COMPONENT,0.0,0.0,0.0,0.0,False,False
Q0015,2,OPCODE_CONTEXT,BRIDGE,B4_SOFT_GRAPH,0.0,0.25,0.5,0.3333333333333333,False,False
Q0015,2,OPCODE_CONTEXT,DROP30_BRIDGE,B1_INDEPENDENT,0.0,0.25,0.5,0.3333333333333333,False,False
Q0015,2,OPCODE_CONTEXT,DROP30_BRIDGE,B2_EXACT_GLOBAL,0.0,0.0,0.0,0.0,False,False
Q0015,2,OPCODE_CONTEXT,DROP30_BRIDGE,B3_HARD_COMPONENT,0.3333333333333333,0.5,0.5,0.5,False,False
Q0015,2,OPCODE_CONTEXT,DROP30_BRIDGE,B4_SOFT_GRAPH,0.0,0.25,0.5,0.3333333333333333,False,False
Q0093,2,OPCODE_3GRAM,CLEAN,B1_INDEPENDENT,0.0,0.0,0.0,0.0,False,False
Q0093,2,OPCODE_3GRAM,CLEAN,B2_EXACT_GLOBAL,0.0,0.0,0.0,0.0,False,False
Q0093,2,OPCODE_3GRAM,CLEAN,B3_HARD_COMPONENT,0.0,0.0,0.0,0.0,False,False
Q0093,2,OPCODE_3GRAM,CLEAN,B4_SOFT_GRAPH,0.0,0.0,0.0,0.0,False,False
Q0093,2,OPCODE_3GRAM,DROP30,B1_INDEPENDENT,0.0,0.0,0.0,0.0,False,False
Q0093,2,OPCODE_3GRAM,DROP30,B2_EXACT_GLOBAL,0.0,0.0,0.0,0.0,False,False
Q0093,2,OPCODE_3GRAM,DROP30,B3_HARD_COMPONENT,0.0,0.0,0.0,0.0,False,False
Q0093,2,OPCODE_3GRAM,DROP30,B4_SOFT_GRAPH,0.0,0.0,0.0,0.0,False,False
Q0093,2,OPCODE_3GRAM,BRIDGE,B1_INDEPENDENT,0.0,0.0,0.0,0.0,False,False
Q0093,2,OPCODE_3GRAM,BRIDGE,B2_EXACT_GLOBAL,0.0,0.0,0.0,0.0,False,False
Q0093,2,OPCODE_3GRAM,BRIDGE,B3_HARD_COMPONENT,0.0,0.0,0.0,0.0,False,False
Q0093,2,OPCODE_3GRAM,BRIDGE,B4_SOFT_GRAPH,0.0,0.0,0.0,0.0,False,False
Q0093,2,OPCODE_3GRAM,DROP30_BRIDGE,B1_INDEPENDENT,0.0,0.0,0.0,0.0,False,False
Q0093,2,OPCODE_3GRAM,DROP30_BRIDGE,B2_EXACT_GLOBAL,0.0,0.0,0.0,0.0,False,False
Q0093,2,OPCODE_3GRAM,DROP30_BRIDGE,B3_HARD_COMPONENT,0.0,0.0,0.0,0.0,False,False
Q0093,2,OPCODE_3GRAM,DROP30_BRIDGE,B4_SOFT_GRAPH,0.0,0.0,0.0,0.0,False,False
Q0093,2,OPCODE_STRUCT,CLEAN,B1_INDEPENDENT,0.0,0.2,0.5,0.28571428571428575,False,False
Q0093,2,OPCODE_STRUCT,CLEAN,B2_EXACT_GLOBAL,0.3333333333333333,0.5,0.5,0.5,False,False
Q0093,2,OPCODE_STRUCT,CLEAN,B3_HARD_COMPONENT,0.0,0.5,0.5,0.5,False,False
Q0093,2,OPCODE_STRUCT,CLEAN,B4_SOFT_GRAPH,0.0,0.5,0.5,0.5,False,False
Q0093,2,OPCODE_STRUCT,DROP30,B1_INDEPENDENT,0.0,0.2,0.5,0.28571428571428575,False,False
Q0093,2,OPCODE_STRUCT,DROP30,B2_EXACT_GLOBAL,0.3333333333333333,0.5,0.5,0.5,False,False
Q0093,2,OPCODE_STRUCT,DROP30,B3_HARD_COMPONENT,0.0,0.3333333333333333,0.5,0.4,False,False
Q0093,2,OPCODE_STRUCT,DROP30,B4_SOFT_GRAPH,0.0,0.3333333333333333,0.5,0.4,False,False
Q0093,2,OPCODE_STRUCT,BRIDGE,B1_INDEPENDENT,0.0,0.2,0.5,0.28571428571428575,False,False
Q0093,2,OPCODE_STRUCT,BRIDGE,B2_EXACT_GLOBAL,0.3333333333333333,0.5,0.5,0.5,False,False
Q0093,2,OPCODE_STRUCT,BRIDGE,B3_HARD_COMPONENT,0.0,0.0,0.0,0.0,False,False
Q0093,2,OPCODE_STRUCT,BRIDGE,B4_SOFT_GRAPH,0.16666666666666666,0.5,0.5,0.5,False,False
Q0093,2,OPCODE_STRUCT,DROP30_BRIDGE,B1_INDEPENDENT,0.0,0.2,0.5,0.28571428571428575,False,False
Q0093,2,OPCODE_STRUCT,DROP30_BRIDGE,B2_EXACT_GLOBAL,0.3333333333333333,0.5,0.5,0.5,False,False
Q0093,2,OPCODE_STRUCT,DROP30_BRIDGE,B3_HARD_COMPONENT,0.0,0.0,0.0,0.0,False,False
Q0093,2,OPCODE_STRUCT,DROP30_BRIDGE,B4_SOFT_GRAPH,0.0,0.3333333333333333,0.5,0.4,False,False
Q0093,2,OPCODE_CONTEXT,CLEAN,B1_INDEPENDENT,0.0,0.0,0.0,0.0,False,False
Q0093,2,OPCODE_CONTEXT,CLEAN,B2_EXACT_GLOBAL,0.0,0.0,0.0,0.0,False,False
Q0093,2,OPCODE_CONTEXT,CLEAN,B3_HARD_COMPONENT,0.0,0.0,0.0,0.0,False,False
Q0093,2,OPCODE_CONTEXT,CLEAN,B4_SOFT_GRAPH,0.16666666666666666,0.2,0.5,0.28571428571428575,False,False
Q0093,2,OPCODE_CONTEXT,DROP30,B1_INDEPENDENT,0.0,0.0,0.0,0.0,False,False
Q0093,2,OPCODE_CONTEXT,DROP30,B2_EXACT_GLOBAL,0.0,0.0,0.0,0.0,False,False
Q0093,2,OPCODE_CONTEXT,DROP30,B3_HARD_COMPONENT,0.0,0.0,0.0,0.0,False,False
Q0093,2,OPCODE_CONTEXT,DROP30,B4_SOFT_GRAPH,0.16666666666666666,0.2,0.5,0.28571428571428575,False,False
Q0093,2,OPCODE_CONTEXT,BRIDGE,B1_INDEPENDENT,0.0,0.0,0.0,0.0,False,False
Q0093,2,OPCODE_CONTEXT,BRIDGE,B2_EXACT_GLOBAL,0.0,0.0,0.0,0.0,False,False
Q0093,2,OPCODE_CONTEXT,BRIDGE,B3_HARD_COMPONENT,0.0,0.0,0.0,0.0,False,False
Q0093,2,OPCODE_CONTEXT,BRIDGE,B4_SOFT_GRAPH,0.16666666666666666,0.2,0.5,0.28571428571428575,False,False
Q0093,2,OPCODE_CONTEXT,DROP30_BRIDGE,B1_INDEPENDENT,0.0,0.0,0.0,0.0,False,False
Q0093,2,OPCODE_CONTEXT,DROP30_BRIDGE,B2_EXACT_GLOBAL,0.0,0.0,0.0,0.0,False,False
Q0093,2,OPCODE_CONTEXT,DROP30_BRIDGE,B3_HARD_COMPONENT,0.0,0.0,0.0,0.0,False,False
Q0093,2,OPCODE_CONTEXT,DROP30_BRIDGE,B4_SOFT_GRAPH,0.16666666666666666,0.2,0.5,0.28571428571428575,False,False
Q0064,2,OPCODE_3GRAM,CLEAN,B1_INDEPENDENT,0.3333333333333333,0.2,0.5,0.28571428571428575,False,False
Q0064,2,OPCODE_3GRAM,CLEAN,B2_EXACT_GLOBAL,0.3333333333333333,0.5,0.5,0.5,False,False
Q0064,2,OPCODE_3GRAM,CLEAN,B3_HARD_COMPONENT,0.5,0.5,0.5,0.5,False,False
Q0064,2,OPCODE_3GRAM,CLEAN,B4_SOFT_GRAPH,0.0,0.0,0.0,0.0,False,False
Q0064,2,OPCODE_3GRAM,DROP30,B1_INDEPENDENT,0.3333333333333333,0.2,0.5,0.28571428571428575,False,False
Q0064,2,OPCODE_3GRAM,DROP30,B2_EXACT_GLOBAL,0.3333333333333333,0.5,0.5,0.5,False,False
Q0064,2,OPCODE_3GRAM,DROP30,B3_HARD_COMPONENT,0.5,0.5,0.5,0.5,False,False
Q0064,2,OPCODE_3GRAM,DROP30,B4_SOFT_GRAPH,0.0,0.0,0.0,0.0,False,False
Q0064,2,OPCODE_3GRAM,BRIDGE,B1_INDEPENDENT,0.3333333333333333,0.2,0.5,0.28571428571428575,False,False
Q0064,2,OPCODE_3GRAM,BRIDGE,B2_EXACT_GLOBAL,0.3333333333333333,0.5,0.5,0.5,False,False
Q0064,2,OPCODE_3GRAM,BRIDGE,B3_HARD_COMPONENT,0.5,1.0,0.5,0.6666666666666666,False,False
Q0064,2,OPCODE_3GRAM,BRIDGE,B4_SOFT_GRAPH,0.0,0.0,0.0,0.0,False,False
Q0064,2,OPCODE_3GRAM,DROP30_BRIDGE,B1_INDEPENDENT,0.3333333333333333,0.2,0.5,0.28571428571428575,False,False
Q0064,2,OPCODE_3GRAM,DROP30_BRIDGE,B2_EXACT_GLOBAL,0.3333333333333333,0.5,0.5,0.5,False,False
Q0064,2,OPCODE_3GRAM,DROP30_BRIDGE,B3_HARD_COMPONENT,0.3333333333333333,0.3333333333333333,0.5,0.4,False,False
Q0064,2,OPCODE_3GRAM,DROP30_BRIDGE,B4_SOFT_GRAPH,0.0,0.0,0.0,0.0,False,False
Q0064,2,OPCODE_STRUCT,CLEAN,B1_INDEPENDENT,0.5,0.5,1.0,0.6666666666666666,False,False
Q0064,2,OPCODE_STRUCT,CLEAN,B2_EXACT_GLOBAL,0.8333333333333334,1.0,1.0,1.0,True,False
Q0064,2,OPCODE_STRUCT,CLEAN,B3_HARD_COMPONENT,0.5,0.5,0.5,0.5,False,False
Q0064,2,OPCODE_STRUCT,CLEAN,B4_SOFT_GRAPH,0.0,0.5,0.5,0.5,False,False
Q0064,2,OPCODE_STRUCT,DROP30,B1_INDEPENDENT,0.5,0.5,1.0,0.6666666666666666,False,False
Q0064,2,OPCODE_STRUCT,DROP30,B2_EXACT_GLOBAL,0.8333333333333334,1.0,1.0,1.0,True,False
Q0064,2,OPCODE_STRUCT,DROP30,B3_HARD_COMPONENT,0.5,0.5,0.5,0.5,False,False
Q0064,2,OPCODE_STRUCT,DROP30,B4_SOFT_GRAPH,0.0,0.5,0.5,0.5,False,False
Q0064,2,OPCODE_STRUCT,BRIDGE,B1_INDEPENDENT,0.5,0.5,1.0,0.6666666666666666,False,False
Q0064,2,OPCODE_STRUCT,BRIDGE,B2_EXACT_GLOBAL,0.8333333333333334,1.0,1.0,1.0,True,False
Q0064,2,OPCODE_STRUCT,BRIDGE,B3_HARD_COMPONENT,0.5,1.0,0.5,0.6666666666666666,False,False
Q0064,2,OPCODE_STRUCT,BRIDGE,B4_SOFT_GRAPH,0.5,1.0,0.5,0.6666666666666666,False,False
Q0064,2,OPCODE_STRUCT,DROP30_BRIDGE,B1_INDEPENDENT,0.5,0.5,1.0,0.6666666666666666,False,False
Q0064,2,OPCODE_STRUCT,DROP30_BRIDGE,B2_EXACT_GLOBAL,0.8333333333333334,1.0,1.0,1.0,True,False
Q0064,2,OPCODE_STRUCT,DROP30_BRIDGE,B3_HARD_COMPONENT,0.8333333333333334,1.0,1.0,1.0,True,False
Q0064,2,OPCODE_STRUCT,DROP30_BRIDGE,B4_SOFT_GRAPH,0.5,0.5,0.5,0.5,False,False
Q0064,2,OPCODE_CONTEXT,CLEAN,B1_INDEPENDENT,0.5,0.5,1.0,0.6666666666666666,False,False
Q0064,2,OPCODE_CONTEXT,CLEAN,B2_EXACT_GLOBAL,0.3333333333333333,0.5,0.5,0.5,False,False
Q0064,2,OPCODE_CONTEXT,CLEAN,B3_HARD_COMPONENT,1.0,1.0,1.0,1.0,True,True
Q0064,2,OPCODE_CONTEXT,CLEAN,B4_SOFT_GRAPH,0.6666666666666666,0.6666666666666666,1.0,0.8,False,False
Q0064,2,OPCODE_CONTEXT,DROP30,B1_INDEPENDENT,0.5,0.5,1.0,0.6666666666666666,False,False
Q0064,2,OPCODE_CONTEXT,DROP30,B2_EXACT_GLOBAL,0.3333333333333333,0.5,0.5,0.5,False,False
Q0064,2,OPCODE_CONTEXT,DROP30,B3_HARD_COMPONENT,1.0,1.0,1.0,1.0,True,True
Q0064,2,OPCODE_CONTEXT,DROP30,B4_SOFT_GRAPH,0.6666666666666666,0.6666666666666666,1.0,0.8,False,False
Q0064,2,OPCODE_CONTEXT,BRIDGE,B1_INDEPENDENT,0.5,0.5,1.0,0.6666666666666666,False,False
Q0064,2,OPCODE_CONTEXT,BRIDGE,B2_EXACT_GLOBAL,0.3333333333333333,0.5,0.5,0.5,False,False
Q0064,2,OPCODE_CONTEXT,BRIDGE,B3_HARD_COMPONENT,0.5,1.0,0.5,0.6666666666666666,False,False
Q0064,2,OPCODE_CONTEXT,BRIDGE,B4_SOFT_GRAPH,0.6666666666666666,0.6666666666666666,1.0,0.8,False,False
Q0064,2,OPCODE_CONTEXT,DROP30_BRIDGE,B1_INDEPENDENT,0.5,0.5,1.0,0.6666666666666666,False,False
Q0064,2,OPCODE_CONTEXT,DROP30_BRIDGE,B2_EXACT_GLOBAL,0.3333333333333333,0.5,0.5,0.5,False,False
Q0064,2,OPCODE_CONTEXT,DROP30_BRIDGE,B3_HARD_COMPONENT,0.5,0.6666666666666666,1.0,0.8,False,False
Q0064,2,OPCODE_CONTEXT,DROP30_BRIDGE,B4_SOFT_GRAPH,0.6666666666666666,0.6666666666666666,1.0,0.8,False,False
Q0081,2,OPCODE_3GRAM,CLEAN,B1_INDEPENDENT,0.3333333333333333,0.5,1.0,0.6666666666666666,False,False
Q0081,2,OPCODE_3GRAM,CLEAN,B2_EXACT_GLOBAL,0.3333333333333333,0.5,0.5,0.5,False,False
Q0081,2,OPCODE_3GRAM,CLEAN,B3_HARD_COMPONENT,1.0,1.0,1.0,1.0,True,True
Q0081,2,OPCODE_3GRAM,CLEAN,B4_SOFT_GRAPH,0.6666666666666666,0.5,1.0,0.6666666666666666,False,False
Q0081,2,OPCODE_3GRAM,DROP30,B1_INDEPENDENT,0.3333333333333333,0.5,1.0,0.6666666666666666,False,False
Q0081,2,OPCODE_3GRAM,DROP30,B2_EXACT_GLOBAL,0.3333333333333333,0.5,0.5,0.5,False,False
Q0081,2,OPCODE_3GRAM,DROP30,B3_HARD_COMPONENT,0.6666666666666666,0.5,1.0,0.6666666666666666,False,False
Q0081,2,OPCODE_3GRAM,DROP30,B4_SOFT_GRAPH,0.6666666666666666,0.5,1.0,0.6666666666666666,False,False
Q0081,2,OPCODE_3GRAM,BRIDGE,B1_INDEPENDENT,0.3333333333333333,0.5,1.0,0.6666666666666666,False,False
Q0081,2,OPCODE_3GRAM,BRIDGE,B2_EXACT_GLOBAL,0.3333333333333333,0.5,0.5,0.5,False,False
Q0081,2,OPCODE_3GRAM,BRIDGE,B3_HARD_COMPONENT,0.5,1.0,0.5,0.6666666666666666,False,False
Q0081,2,OPCODE_3GRAM,BRIDGE,B4_SOFT_GRAPH,0.5,0.6666666666666666,1.0,0.8,False,False
Q0081,2,OPCODE_3GRAM,DROP30_BRIDGE,B1_INDEPENDENT,0.3333333333333333,0.5,1.0,0.6666666666666666,False,False
Q0081,2,OPCODE_3GRAM,DROP30_BRIDGE,B2_EXACT_GLOBAL,0.3333333333333333,0.5,0.5,0.5,False,False
Q0081,2,OPCODE_3GRAM,DROP30_BRIDGE,B3_HARD_COMPONENT,0.6666666666666666,0.6666666666666666,1.0,0.8,False,False
Q0081,2,OPCODE_3GRAM,DROP30_BRIDGE,B4_SOFT_GRAPH,0.6666666666666666,0.6666666666666666,1.0,0.8,False,False
Q0081,2,OPCODE_STRUCT,CLEAN,B1_INDEPENDENT,0.3333333333333333,0.4,1.0,0.5714285714285715,False,False
Q0081,2,OPCODE_STRUCT,CLEAN,B2_EXACT_GLOBAL,0.6666666666666666,1.0,1.0,1.0,True,False
Q0081,2,OPCODE_STRUCT,CLEAN,B3_HARD_COMPONENT,1.0,1.0,1.0,1.0,True,True
Q0081,2,OPCODE_STRUCT,CLEAN,B4_SOFT_GRAPH,0.6666666666666666,1.0,1.0,1.0,True,False
Q0081,2,OPCODE_STRUCT,DROP30,B1_INDEPENDENT,0.3333333333333333,0.4,1.0,0.5714285714285715,False,False
Q0081,2,OPCODE_STRUCT,DROP30,B2_EXACT_GLOBAL,0.6666666666666666,1.0,1.0,1.0,True,False
Q0081,2,OPCODE_STRUCT,DROP30,B3_HARD_COMPONENT,0.6666666666666666,0.5,1.0,0.6666666666666666,False,False
Q0081,2,OPCODE_STRUCT,DROP30,B4_SOFT_GRAPH,0.3333333333333333,0.5,1.0,0.6666666666666666,False,False
Q0081,2,OPCODE_STRUCT,BRIDGE,B1_INDEPENDENT,0.3333333333333333,0.4,1.0,0.5714285714285715,False,False
Q0081,2,OPCODE_STRUCT,BRIDGE,B2_EXACT_GLOBAL,0.6666666666666666,1.0,1.0,1.0,True,False
Q0081,2,OPCODE_STRUCT,BRIDGE,B3_HARD_COMPONENT,0.5,1.0,0.5,0.6666666666666666,False,False
Q0081,2,OPCODE_STRUCT,BRIDGE,B4_SOFT_GRAPH,0.6666666666666666,1.0,1.0,1.0,True,False
Q0081,2,OPCODE_STRUCT,DROP30_BRIDGE,B1_INDEPENDENT,0.3333333333333333,0.4,1.0,0.5714285714285715,False,False
Q0081,2,OPCODE_STRUCT,DROP30_BRIDGE,B2_EXACT_GLOBAL,0.6666666666666666,1.0,1.0,1.0,True,False
Q0081,2,OPCODE_STRUCT,DROP30_BRIDGE,B3_HARD_COMPONENT,0.6666666666666666,0.6666666666666666,1.0,0.8,False,False
Q0081,2,OPCODE_STRUCT,DROP30_BRIDGE,B4_SOFT_GRAPH,0.3333333333333333,0.5,1.0,0.6666666666666666,False,False
Q0081,2,OPCODE_CONTEXT,CLEAN,B1_INDEPENDENT,0.5,0.5,1.0,0.6666666666666666,False,False
Q0081,2,OPCODE_CONTEXT,CLEAN,B2_EXACT_GLOBAL,0.5,0.5,0.5,0.5,False,False
Q0081,2,OPCODE_CONTEXT,CLEAN,B3_HARD_COMPONENT,0.5,0.5,0.5,0.5,False,False
Q0081,2,OPCODE_CONTEXT,CLEAN,B4_SOFT_GRAPH,0.5,0.5,1.0,0.6666666666666666,False,False
Q0081,2,OPCODE_CONTEXT,DROP30,B1_INDEPENDENT,0.5,0.5,1.0,0.6666666666666666,False,False
Q0081,2,OPCODE_CONTEXT,DROP30,B2_EXACT_GLOBAL,0.5,0.5,0.5,0.5,False,False
Q0081,2,OPCODE_CONTEXT,DROP30,B3_HARD_COMPONENT,0.3333333333333333,0.3333333333333333,0.5,0.4,False,False
Q0081,2,OPCODE_CONTEXT,DROP30,B4_SOFT_GRAPH,0.5,0.5,1.0,0.6666666666666666,False,False
Q0081,2,OPCODE_CONTEXT,BRIDGE,B1_INDEPENDENT,0.5,0.5,1.0,0.6666666666666666,False,False
Q0081,2,OPCODE_CONTEXT,BRIDGE,B2_EXACT_GLOBAL,0.5,0.5,0.5,0.5,False,False
Q0081,2,OPCODE_CONTEXT,BRIDGE,B3_HARD_COMPONENT,0.5,1.0,0.5,0.6666666666666666,False,False
Q0081,2,OPCODE_CONTEXT,BRIDGE,B4_SOFT_GRAPH,0.5,0.5,1.0,0.6666666666666666,False,False
Q0081,2,OPCODE_CONTEXT,DROP30_BRIDGE,B1_INDEPENDENT,0.5,0.5,1.0,0.6666666666666666,False,False
Q0081,2,OPCODE_CONTEXT,DROP30_BRIDGE,B2_EXACT_GLOBAL,0.5,0.5,0.5,0.5,False,False
Q0081,2,OPCODE_CONTEXT,DROP30_BRIDGE,B3_HARD_COMPONENT,0.3333333333333333,0.5,0.5,0.5,False,False
Q0081,2,OPCODE_CONTEXT,DROP30_BRIDGE,B4_SOFT_GRAPH,0.5,0.5,1.0,0.6666666666666666,False,False
Q0006,2,OPCODE_3GRAM,CLEAN,B1_INDEPENDENT,0.3333333333333333,0.3333333333333333,1.0,0.5,False,False
Q0006,2,OPCODE_3GRAM,CLEAN,B2_EXACT_GLOBAL,1.0,1.0,1.0,1.0,True,True
Q0006,2,OPCODE_3GRAM,CLEAN,B3_HARD_COMPONENT,1.0,1.0,1.0,1.0,True,True
Q0006,2,OPCODE_3GRAM,CLEAN,B4_SOFT_GRAPH,0.6666666666666666,0.6666666666666666,1.0,0.8,False,False
Q0006,2,OPCODE_3GRAM,DROP30,B1_INDEPENDENT,0.3333333333333333,0.3333333333333333,1.0,0.5,False,False
Q0006,2,OPCODE_3GRAM,DROP30,B2_EXACT_GLOBAL,1.0,1.0,1.0,1.0,True,True
Q0006,2,OPCODE_3GRAM,DROP30,B3_HARD_COMPONENT,0.6666666666666666,0.5,1.0,0.6666666666666666,False,False
Q0006,2,OPCODE_3GRAM,DROP30,B4_SOFT_GRAPH,0.5,0.4,1.0,0.5714285714285715,False,False
Q0006,2,OPCODE_3GRAM,BRIDGE,B1_INDEPENDENT,0.3333333333333333,0.3333333333333333,1.0,0.5,False,False
Q0006,2,OPCODE_3GRAM,BRIDGE,B2_EXACT_GLOBAL,1.0,1.0,1.0,1.0,True,True
Q0006,2,OPCODE_3GRAM,BRIDGE,B3_HARD_COMPONENT,0.5,1.0,0.5,0.6666666666666666,False,False
Q0006,2,OPCODE_3GRAM,BRIDGE,B4_SOFT_GRAPH,0.6666666666666666,0.6666666666666666,1.0,0.8,False,False
Q0006,2,OPCODE_3GRAM,DROP30_BRIDGE,B1_INDEPENDENT,0.3333333333333333,0.3333333333333333,1.0,0.5,False,False
Q0006,2,OPCODE_3GRAM,DROP30_BRIDGE,B2_EXACT_GLOBAL,1.0,1.0,1.0,1.0,True,True
Q0006,2,OPCODE_3GRAM,DROP30_BRIDGE,B3_HARD_COMPONENT,0.5,0.5,0.5,0.5,False,False
Q0006,2,OPCODE_3GRAM,DROP30_BRIDGE,B4_SOFT_GRAPH,0.6666666666666666,0.5,1.0,0.6666666666666666,False,False
Q0006,2,OPCODE_STRUCT,CLEAN,B1_INDEPENDENT,0.3333333333333333,0.5,1.0,0.6666666666666666,False,False
Q0006,2,OPCODE_STRUCT,CLEAN,B2_EXACT_GLOBAL,0.16666666666666666,0.5,0.5,0.5,False,False
Q0006,2,OPCODE_STRUCT,CLEAN,B3_HARD_COMPONENT,1.0,1.0,1.0,1.0,True,True
Q0006,2,OPCODE_STRUCT,CLEAN,B4_SOFT_GRAPH,0.16666666666666666,0.5,0.5,0.5,False,False
Q0006,2,OPCODE_STRUCT,DROP30,B1_INDEPENDENT,0.3333333333333333,0.5,1.0,0.6666666666666666,False,False
Q0006,2,OPCODE_STRUCT,DROP30,B2_EXACT_GLOBAL,0.16666666666666666,0.5,0.5,0.5,False,False
Q0006,2,OPCODE_STRUCT,DROP30,B3_HARD_COMPONENT,0.6666666666666666,0.5,1.0,0.6666666666666666,False,False
Q0006,2,OPCODE_STRUCT,DROP30,B4_SOFT_GRAPH,0.16666666666666666,0.3333333333333333,0.5,0.4,False,False
Q0006,2,OPCODE_STRUCT,BRIDGE,B1_INDEPENDENT,0.3333333333333333,0.5,1.0,0.6666666666666666,False,False
Q0006,2,OPCODE_STRUCT,BRIDGE,B2_EXACT_GLOBAL,0.16666666666666666,0.5,0.5,0.5,False,False
Q0006,2,OPCODE_STRUCT,BRIDGE,B3_HARD_COMPONENT,0.0,0.0,0.0,0.0,False,False
Q0006,2,OPCODE_STRUCT,BRIDGE,B4_SOFT_GRAPH,0.0,0.0,0.0,0.0,False,False
Q0006,2,OPCODE_STRUCT,DROP30_BRIDGE,B1_INDEPENDENT,0.3333333333333333,0.5,1.0,0.6666666666666666,False,False
Q0006,2,OPCODE_STRUCT,DROP30_BRIDGE,B2_EXACT_GLOBAL,0.16666666666666666,0.5,0.5,0.5,False,False
Q0006,2,OPCODE_STRUCT,DROP30_BRIDGE,B3_HARD_COMPONENT,0.0,0.0,0.0,0.0,False,False
Q0006,2,OPCODE_STRUCT,DROP30_BRIDGE,B4_SOFT_GRAPH,0.16666666666666666,0.3333333333333333,0.5,0.4,False,False
Q0006,2,OPCODE_CONTEXT,CLEAN,B1_INDEPENDENT,0.3333333333333333,0.4,1.0,0.5714285714285715,False,False
Q0006,2,OPCODE_CONTEXT,CLEAN,B2_EXACT_GLOBAL,0.16666666666666666,0.5,0.5,0.5,False,False
Q0006,2,OPCODE_CONTEXT,CLEAN,B3_HARD_COMPONENT,0.5,0.5,0.5,0.5,False,False
Q0006,2,OPCODE_CONTEXT,CLEAN,B4_SOFT_GRAPH,0.3333333333333333,0.5,1.0,0.6666666666666666,False,False
Q0006,2,OPCODE_CONTEXT,DROP30,B1_INDEPENDENT,0.3333333333333333,0.4,1.0,0.5714285714285715,False,False
Q0006,2,OPCODE_CONTEXT,DROP30,B2_EXACT_GLOBAL,0.16666666666666666,0.5,0.5,0.5,False,False
Q0006,2,OPCODE_CONTEXT,DROP30,B3_HARD_COMPONENT,0.3333333333333333,0.25,0.5,0.3333333333333333,False,False
Q0006,2,OPCODE_CONTEXT,DROP30,B4_SOFT_GRAPH,0.3333333333333333,0.5,1.0,0.6666666666666666,False,False
Q0006,2,OPCODE_CONTEXT,BRIDGE,B1_INDEPENDENT,0.3333333333333333,0.4,1.0,0.5714285714285715,False,False
Q0006,2,OPCODE_CONTEXT,BRIDGE,B2_EXACT_GLOBAL,0.16666666666666666,0.5,0.5,0.5,False,False
Q0006,2,OPCODE_CONTEXT,BRIDGE,B3_HARD_COMPONENT,0.0,0.0,0.0,0.0,False,False
Q0006,2,OPCODE_CONTEXT,BRIDGE,B4_SOFT_GRAPH,0.3333333333333333,0.5,1.0,0.6666666666666666,False,False
Q0006,2,OPCODE_CONTEXT,DROP30_BRIDGE,B1_INDEPENDENT,0.3333333333333333,0.4,1.0,0.5714285714285715,False,False
Q0006,2,OPCODE_CONTEXT,DROP30_BRIDGE,B2_EXACT_GLOBAL,0.16666666666666666,0.5,0.5,0.5,False,False
Q0006,2,OPCODE_CONTEXT,DROP30_BRIDGE,B3_HARD_COMPONENT,0.0,0.0,0.0,0.0,False,False
Q0006,2,OPCODE_CONTEXT,DROP30_BRIDGE,B4_SOFT_GRAPH,0.3333333333333333,0.5,1.0,0.6666666666666666,False,False
Q0066,2,OPCODE_3GRAM,CLEAN,B1_INDEPENDENT,0.0,0.16666666666666666,0.5,0.25,False,False
Q0066,2,OPCODE_3GRAM,CLEAN,B2_EXACT_GLOBAL,0.0,0.0,0.0,0.0,False,False
Q0066,2,OPCODE_3GRAM,CLEAN,B3_HARD_COMPONENT,0.0,0.0,0.0,0.0,False,False
Q0066,2,OPCODE_3GRAM,CLEAN,B4_SOFT_GRAPH,0.0,0.0,0.0,0.0,False,False
Q0066,2,OPCODE_3GRAM,DROP30,B1_INDEPENDENT,0.0,0.16666666666666666,0.5,0.25,False,False
Q0066,2,OPCODE_3GRAM,DROP30,B2_EXACT_GLOBAL,0.0,0.0,0.0,0.0,False,False
Q0066,2,OPCODE_3GRAM,DROP30,B3_HARD_COMPONENT,0.0,0.0,0.0,0.0,False,False
Q0066,2,OPCODE_3GRAM,DROP30,B4_SOFT_GRAPH,0.0,0.0,0.0,0.0,False,False
Q0066,2,OPCODE_3GRAM,BRIDGE,B1_INDEPENDENT,0.0,0.16666666666666666,0.5,0.25,False,False
Q0066,2,OPCODE_3GRAM,BRIDGE,B2_EXACT_GLOBAL,0.0,0.0,0.0,0.0,False,False
Q0066,2,OPCODE_3GRAM,BRIDGE,B3_HARD_COMPONENT,0.0,0.0,0.0,0.0,False,False
Q0066,2,OPCODE_3GRAM,BRIDGE,B4_SOFT_GRAPH,0.0,0.0,0.0,0.0,False,False
Q0066,2,OPCODE_3GRAM,DROP30_BRIDGE,B1_INDEPENDENT,0.0,0.16666666666666666,0.5,0.25,False,False
Q0066,2,OPCODE_3GRAM,DROP30_BRIDGE,B2_EXACT_GLOBAL,0.0,0.0,0.0,0.0,False,False
Q0066,2,OPCODE_3GRAM,DROP30_BRIDGE,B3_HARD_COMPONENT,0.0,0.5,0.5,0.5,False,False
Q0066,2,OPCODE_3GRAM,DROP30_BRIDGE,B4_SOFT_GRAPH,0.0,0.5,0.5,0.5,False,False
Q0066,2,OPCODE_STRUCT,CLEAN,B1_INDEPENDENT,0.0,0.0,0.0,0.0,False,False
Q0066,2,OPCODE_STRUCT,CLEAN,B2_EXACT_GLOBAL,0.0,0.0,0.0,0.0,False,False
Q0066,2,OPCODE_STRUCT,CLEAN,B3_HARD_COMPONENT,0.0,0.0,0.0,0.0,False,False
Q0066,2,OPCODE_STRUCT,CLEAN,B4_SOFT_GRAPH,0.0,0.0,0.0,0.0,False,False
Q0066,2,OPCODE_STRUCT,DROP30,B1_INDEPENDENT,0.0,0.0,0.0,0.0,False,False
Q0066,2,OPCODE_STRUCT,DROP30,B2_EXACT_GLOBAL,0.0,0.0,0.0,0.0,False,False
Q0066,2,OPCODE_STRUCT,DROP30,B3_HARD_COMPONENT,0.0,0.0,0.0,0.0,False,False
Q0066,2,OPCODE_STRUCT,DROP30,B4_SOFT_GRAPH,0.0,0.0,0.0,0.0,False,False
Q0066,2,OPCODE_STRUCT,BRIDGE,B1_INDEPENDENT,0.0,0.0,0.0,0.0,False,False
Q0066,2,OPCODE_STRUCT,BRIDGE,B2_EXACT_GLOBAL,0.0,0.0,0.0,0.0,False,False
Q0066,2,OPCODE_STRUCT,BRIDGE,B3_HARD_COMPONENT,0.0,0.0,0.0,0.0,False,False
Q0066,2,OPCODE_STRUCT,BRIDGE,B4_SOFT_GRAPH,0.0,0.0,0.0,0.0,False,False
Q0066,2,OPCODE_STRUCT,DROP30_BRIDGE,B1_INDEPENDENT,0.0,0.0,0.0,0.0,False,False
Q0066,2,OPCODE_STRUCT,DROP30_BRIDGE,B2_EXACT_GLOBAL,0.0,0.0,0.0,0.0,False,False
Q0066,2,OPCODE_STRUCT,DROP30_BRIDGE,B3_HARD_COMPONENT,0.0,0.0,0.0,0.0,False,False
Q0066,2,OPCODE_STRUCT,DROP30_BRIDGE,B4_SOFT_GRAPH,0.0,0.0,0.0,0.0,False,False
Q0066,2,OPCODE_CONTEXT,CLEAN,B1_INDEPENDENT,0.0,0.0,0.0,0.0,False,False
Q0066,2,OPCODE_CONTEXT,CLEAN,B2_EXACT_GLOBAL,0.0,0.0,0.0,0.0,False,False
Q0066,2,OPCODE_CONTEXT,CLEAN,B3_HARD_COMPONENT,0.0,0.0,0.0,0.0,False,False
Q0066,2,OPCODE_CONTEXT,CLEAN,B4_SOFT_GRAPH,0.0,0.0,0.0,0.0,False,False
Q0066,2,OPCODE_CONTEXT,DROP30,B1_INDEPENDENT,0.0,0.0,0.0,0.0,False,False
Q0066,2,OPCODE_CONTEXT,DROP30,B2_EXACT_GLOBAL,0.0,0.0,0.0,0.0,False,False
Q0066,2,OPCODE_CONTEXT,DROP30,B3_HARD_COMPONENT,0.0,0.0,0.0,0.0,False,False
Q0066,2,OPCODE_CONTEXT,DROP30,B4_SOFT_GRAPH,0.0,0.0,0.0,0.0,False,False
Q0066,2,OPCODE_CONTEXT,BRIDGE,B1_INDEPENDENT,0.0,0.0,0.0,0.0,False,False
Q0066,2,OPCODE_CONTEXT,BRIDGE,B2_EXACT_GLOBAL,0.0,0.0,0.0,0.0,False,False
Q0066,2,OPCODE_CONTEXT,BRIDGE,B3_HARD_COMPONENT,0.0,0.0,0.0,0.0,False,False
Q0066,2,OPCODE_CONTEXT,BRIDGE,B4_SOFT_GRAPH,0.0,0.0,0.0,0.0,False,False
Q0066,2,OPCODE_CONTEXT,DROP30_BRIDGE,B1_INDEPENDENT,0.0,0.0,0.0,0.0,False,False
Q0066,2,OPCODE_CONTEXT,DROP30_BRIDGE,B2_EXACT_GLOBAL,0.0,0.0,0.0,0.0,False,False
Q0066,2,OPCODE_CONTEXT,DROP30_BRIDGE,B3_HARD_COMPONENT,0.0,0.0,0.0,0.0,False,False
Q0066,2,OPCODE_CONTEXT,DROP30_BRIDGE,B4_SOFT_GRAPH,0.0,0.0,0.0,0.0,False,False
Q0075,2,OPCODE_3GRAM,CLEAN,B1_INDEPENDENT,0.3333333333333333,0.4,1.0,0.5714285714285715,False,False
Q0075,2,OPCODE_3GRAM,CLEAN,B2_EXACT_GLOBAL,0.3333333333333333,0.5,0.5,0.5,False,False
Q0075,2,OPCODE_3GRAM,CLEAN,B3_HARD_COMPONENT,0.5,0.5,0.5,0.5,False,False
Q0075,2,OPCODE_3GRAM,CLEAN,B4_SOFT_GRAPH,0.5,0.5,0.5,0.5,False,False
Q0075,2,OPCODE_3GRAM,DROP30,B1_INDEPENDENT,0.3333333333333333,0.4,1.0,0.5714285714285715,False,False
Q0075,2,OPCODE_3GRAM,DROP30,B2_EXACT_GLOBAL,0.3333333333333333,0.5,0.5,0.5,False,False
Q0075,2,OPCODE_3GRAM,DROP30,B3_HARD_COMPONENT,0.5,0.3333333333333333,0.5,0.4,False,False
Q0075,2,OPCODE_3GRAM,DROP30,B4_SOFT_GRAPH,0.5,0.25,0.5,0.3333333333333333,False,False
Q0075,2,OPCODE_3GRAM,BRIDGE,B1_INDEPENDENT,0.3333333333333333,0.4,1.0,0.5714285714285715,False,False
Q0075,2,OPCODE_3GRAM,BRIDGE,B2_EXACT_GLOBAL,0.3333333333333333,0.5,0.5,0.5,False,False
Q0075,2,OPCODE_3GRAM,BRIDGE,B3_HARD_COMPONENT,0.5,1.0,0.5,0.6666666666666666,False,False
Q0075,2,OPCODE_3GRAM,BRIDGE,B4_SOFT_GRAPH,0.5,0.5,0.5,0.5,False,False
Q0075,2,OPCODE_3GRAM,DROP30_BRIDGE,B1_INDEPENDENT,0.3333333333333333,0.4,1.0,0.5714285714285715,False,False
Q0075,2,OPCODE_3GRAM,DROP30_BRIDGE,B2_EXACT_GLOBAL,0.3333333333333333,0.5,0.5,0.5,False,False
Q0075,2,OPCODE_3GRAM,DROP30_BRIDGE,B3_HARD_COMPONENT,0.3333333333333333,1.0,1.0,1.0,True,False
Q0075,2,OPCODE_3GRAM,DROP30_BRIDGE,B4_SOFT_GRAPH,0.3333333333333333,0.6666666666666666,1.0,0.8,False,False
Q0075,2,OPCODE_STRUCT,CLEAN,B1_INDEPENDENT,0.5,0.3333333333333333,0.5,0.4,False,False
Q0075,2,OPCODE_STRUCT,CLEAN,B2_EXACT_GLOBAL,0.5,0.5,0.5,0.5,False,False
Q0075,2,OPCODE_STRUCT,CLEAN,B3_HARD_COMPONENT,0.5,0.5,0.5,0.5,False,False
Q0075,2,OPCODE_STRUCT,CLEAN,B4_SOFT_GRAPH,0.5,0.5,0.5,0.5,False,False
Q0075,2,OPCODE_STRUCT,DROP30,B1_INDEPENDENT,0.5,0.3333333333333333,0.5,0.4,False,False
Q0075,2,OPCODE_STRUCT,DROP30,B2_EXACT_GLOBAL,0.5,0.5,0.5,0.5,False,False
Q0075,2,OPCODE_STRUCT,DROP30,B3_HARD_COMPONENT,0.5,0.3333333333333333,0.5,0.4,False,False
Q0075,2,OPCODE_STRUCT,DROP30,B4_SOFT_GRAPH,0.6666666666666666,0.6666666666666666,1.0,0.8,False,False
Q0075,2,OPCODE_STRUCT,BRIDGE,B1_INDEPENDENT,0.5,0.3333333333333333,0.5,0.4,False,False
Q0075,2,OPCODE_STRUCT,BRIDGE,B2_EXACT_GLOBAL,0.5,0.5,0.5,0.5,False,False
Q0075,2,OPCODE_STRUCT,BRIDGE,B3_HARD_COMPONENT,0.5,1.0,0.5,0.6666666666666666,False,False
Q0075,2,OPCODE_STRUCT,BRIDGE,B4_SOFT_GRAPH,0.5,0.5,0.5,0.5,False,False
Q0075,2,OPCODE_STRUCT,DROP30_BRIDGE,B1_INDEPENDENT,0.5,0.3333333333333333,0.5,0.4,False,False
Q0075,2,OPCODE_STRUCT,DROP30_BRIDGE,B2_EXACT_GLOBAL,0.5,0.5,0.5,0.5,False,False
Q0075,2,OPCODE_STRUCT,DROP30_BRIDGE,B3_HARD_COMPONENT,0.5,1.0,0.5,0.6666666666666666,False,False
Q0075,2,OPCODE_STRUCT,DROP30_BRIDGE,B4_SOFT_GRAPH,0.5,0.5,0.5,0.5,False,False
Q0075,2,OPCODE_CONTEXT,CLEAN,B1_INDEPENDENT,0.5,0.4,1.0,0.5714285714285715,False,False
Q0075,2,OPCODE_CONTEXT,CLEAN,B2_EXACT_GLOBAL,0.5,0.5,0.5,0.5,False,False
Q0075,2,OPCODE_CONTEXT,CLEAN,B3_HARD_COMPONENT,0.5,0.5,0.5,0.5,False,False
Q0075,2,OPCODE_CONTEXT,CLEAN,B4_SOFT_GRAPH,0.5,0.4,1.0,0.5714285714285715,False,False
Q0075,2,OPCODE_CONTEXT,DROP30,B1_INDEPENDENT,0.5,0.4,1.0,0.5714285714285715,False,False
Q0075,2,OPCODE_CONTEXT,DROP30,B2_EXACT_GLOBAL,0.5,0.5,0.5,0.5,False,False
Q0075,2,OPCODE_CONTEXT,DROP30,B3_HARD_COMPONENT,0.6666666666666666,0.6666666666666666,1.0,0.8,False,False
Q0075,2,OPCODE_CONTEXT,DROP30,B4_SOFT_GRAPH,0.5,0.4,1.0,0.5714285714285715,False,False
Q0075,2,OPCODE_CONTEXT,BRIDGE,B1_INDEPENDENT,0.5,0.4,1.0,0.5714285714285715,False,False
Q0075,2,OPCODE_CONTEXT,BRIDGE,B2_EXACT_GLOBAL,0.5,0.5,0.5,0.5,False,False
Q0075,2,OPCODE_CONTEXT,BRIDGE,B3_HARD_COMPONENT,0.5,1.0,0.5,0.6666666666666666,False,False
Q0075,2,OPCODE_CONTEXT,BRIDGE,B4_SOFT_GRAPH,0.5,0.4,1.0,0.5714285714285715,False,False
Q0075,2,OPCODE_CONTEXT,DROP30_BRIDGE,B1_INDEPENDENT,0.5,0.4,1.0,0.5714285714285715,False,False
Q0075,2,OPCODE_CONTEXT,DROP30_BRIDGE,B2_EXACT_GLOBAL,0.5,0.5,0.5,0.5,False,False
Q0075,2,OPCODE_CONTEXT,DROP30_BRIDGE,B3_HARD_COMPONENT,0.16666666666666666,0.5,0.5,0.5,False,False
Q0075,2,OPCODE_CONTEXT,DROP30_BRIDGE,B4_SOFT_GRAPH,0.5,0.4,1.0,0.5714285714285715,False,False
Q0072,2,OPCODE_3GRAM,CLEAN,B1_INDEPENDENT,0.0,0.0,0.0,0.0,False,False
Q0072,2,OPCODE_3GRAM,CLEAN,B2_EXACT_GLOBAL,0.0,0.0,0.0,0.0,False,False
Q0072,2,OPCODE_3GRAM,CLEAN,B3_HARD_COMPONENT,0.0,0.0,0.0,0.0,False,False
Q0072,2,OPCODE_3GRAM,CLEAN,B4_SOFT_GRAPH,0.0,0.0,0.0,0.0,False,False
Q0072,2,OPCODE_3GRAM,DROP30,B1_INDEPENDENT,0.0,0.0,0.0,0.0,False,False
Q0072,2,OPCODE_3GRAM,DROP30,B2_EXACT_GLOBAL,0.0,0.0,0.0,0.0,False,False
Q0072,2,OPCODE_3GRAM,DROP30,B3_HARD_COMPONENT,0.0,0.0,0.0,0.0,False,False
Q0072,2,OPCODE_3GRAM,DROP30,B4_SOFT_GRAPH,0.0,0.0,0.0,0.0,False,False
Q0072,2,OPCODE_3GRAM,BRIDGE,B1_INDEPENDENT,0.0,0.0,0.0,0.0,False,False
Q0072,2,OPCODE_3GRAM,BRIDGE,B2_EXACT_GLOBAL,0.0,0.0,0.0,0.0,False,False
Q0072,2,OPCODE_3GRAM,BRIDGE,B3_HARD_COMPONENT,0.0,0.0,0.0,0.0,False,False
Q0072,2,OPCODE_3GRAM,BRIDGE,B4_SOFT_GRAPH,0.0,0.0,0.0,0.0,False,False
Q0072,2,OPCODE_3GRAM,DROP30_BRIDGE,B1_INDEPENDENT,0.0,0.0,0.0,0.0,False,False
Q0072,2,OPCODE_3GRAM,DROP30_BRIDGE,B2_EXACT_GLOBAL,0.0,0.0,0.0,0.0,False,False
Q0072,2,OPCODE_3GRAM,DROP30_BRIDGE,B3_HARD_COMPONENT,0.0,0.0,0.0,0.0,False,False
Q0072,2,OPCODE_3GRAM,DROP30_BRIDGE,B4_SOFT_GRAPH,0.0,0.0,0.0,0.0,False,False
Q0072,2,OPCODE_STRUCT,CLEAN,B1_INDEPENDENT,0.16666666666666666,0.2,0.5,0.28571428571428575,False,False
Q0072,2,OPCODE_STRUCT,CLEAN,B2_EXACT_GLOBAL,0.0,0.0,0.0,0.0,False,False
Q0072,2,OPCODE_STRUCT,CLEAN,B3_HARD_COMPONENT,0.0,0.0,0.0,0.0,False,False
Q0072,2,OPCODE_STRUCT,CLEAN,B4_SOFT_GRAPH,0.0,0.0,0.0,0.0,False,False
Q0072,2,OPCODE_STRUCT,DROP30,B1_INDEPENDENT,0.16666666666666666,0.2,0.5,0.28571428571428575,False,False
Q0072,2,OPCODE_STRUCT,DROP30,B2_EXACT_GLOBAL,0.0,0.0,0.0,0.0,False,False
Q0072,2,OPCODE_STRUCT,DROP30,B3_HARD_COMPONENT,0.16666666666666666,0.5,0.5,0.5,False,False
Q0072,2,OPCODE_STRUCT,DROP30,B4_SOFT_GRAPH,0.16666666666666666,0.3333333333333333,0.5,0.4,False,False
Q0072,2,OPCODE_STRUCT,BRIDGE,B1_INDEPENDENT,0.16666666666666666,0.2,0.5,0.28571428571428575,False,False
Q0072,2,OPCODE_STRUCT,BRIDGE,B2_EXACT_GLOBAL,0.0,0.0,0.0,0.0,False,False
Q0072,2,OPCODE_STRUCT,BRIDGE,B3_HARD_COMPONENT,0.0,0.0,0.0,0.0,False,False
Q0072,2,OPCODE_STRUCT,BRIDGE,B4_SOFT_GRAPH,0.0,0.0,0.0,0.0,False,False
Q0072,2,OPCODE_STRUCT,DROP30_BRIDGE,B1_INDEPENDENT,0.16666666666666666,0.2,0.5,0.28571428571428575,False,False
Q0072,2,OPCODE_STRUCT,DROP30_BRIDGE,B2_EXACT_GLOBAL,0.0,0.0,0.0,0.0,False,False
Q0072,2,OPCODE_STRUCT,DROP30_BRIDGE,B3_HARD_COMPONENT,0.16666666666666666,0.5,0.5,0.5,False,False
Q0072,2,OPCODE_STRUCT,DROP30_BRIDGE,B4_SOFT_GRAPH,0.16666666666666666,0.3333333333333333,0.5,0.4,False,False
Q0072,2,OPCODE_CONTEXT,CLEAN,B1_INDEPENDENT,0.3333333333333333,0.3333333333333333,1.0,0.5,False,False
Q0072,2,OPCODE_CONTEXT,CLEAN,B2_EXACT_GLOBAL,0.16666666666666666,0.5,0.5,0.5,False,False
Q0072,2,OPCODE_CONTEXT,CLEAN,B3_HARD_COMPONENT,0.5,0.5,0.5,0.5,False,False
Q0072,2,OPCODE_CONTEXT,CLEAN,B4_SOFT_GRAPH,0.3333333333333333,0.3333333333333333,1.0,0.5,False,False
Q0072,2,OPCODE_CONTEXT,DROP30,B1_INDEPENDENT,0.3333333333333333,0.3333333333333333,1.0,0.5,False,False
Q0072,2,OPCODE_CONTEXT,DROP30,B2_EXACT_GLOBAL,0.16666666666666666,0.5,0.5,0.5,False,False
Q0072,2,OPCODE_CONTEXT,DROP30,B3_HARD_COMPONENT,0.16666666666666666,0.3333333333333333,0.5,0.4,False,False
Q0072,2,OPCODE_CONTEXT,DROP30,B4_SOFT_GRAPH,0.3333333333333333,0.3333333333333333,1.0,0.5,False,False
Q0072,2,OPCODE_CONTEXT,BRIDGE,B1_INDEPENDENT,0.3333333333333333,0.3333333333333333,1.0,0.5,False,False
Q0072,2,OPCODE_CONTEXT,BRIDGE,B2_EXACT_GLOBAL,0.16666666666666666,0.5,0.5,0.5,False,False
Q0072,2,OPCODE_CONTEXT,BRIDGE,B3_HARD_COMPONENT,0.0,0.0,0.0,0.0,False,False
Q0072,2,OPCODE_CONTEXT,BRIDGE,B4_SOFT_GRAPH,0.3333333333333333,0.3333333333333333,1.0,0.5,False,False
Q0072,2,OPCODE_CONTEXT,DROP30_BRIDGE,B1_INDEPENDENT,0.3333333333333333,0.3333333333333333,1.0,0.5,False,False
Q0072,2,OPCODE_CONTEXT,DROP30_BRIDGE,B2_EXACT_GLOBAL,0.16666666666666666,0.5,0.5,0.5,False,False
Q0072,2,OPCODE_CONTEXT,DROP30_BRIDGE,B3_HARD_COMPONENT,0.16666666666666666,0.3333333333333333,0.5,0.4,False,False
Q0072,2,OPCODE_CONTEXT,DROP30_BRIDGE,B4_SOFT_GRAPH,0.3333333333333333,0.3333333333333333,1.0,0.5,False,False
Q0087,2,OPCODE_3GRAM,CLEAN,B1_INDEPENDENT,0.16666666666666666,0.2,0.5,0.28571428571428575,False,False
Q0087,2,OPCODE_3GRAM,CLEAN,B2_EXACT_GLOBAL,0.3333333333333333,0.5,0.5,0.5,False,False
Q0087,2,OPCODE_3GRAM,CLEAN,B3_HARD_COMPONENT,0.5,0.5,0.5,0.5,False,False
Q0087,2,OPCODE_3GRAM,CLEAN,B4_SOFT_GRAPH,0.16666666666666666,0.3333333333333333,0.5,0.4,False,False
Q0087,2,OPCODE_3GRAM,DROP30,B1_INDEPENDENT,0.16666666666666666,0.2,0.5,0.28571428571428575,False,False
Q0087,2,OPCODE_3GRAM,DROP30,B2_EXACT_GLOBAL,0.3333333333333333,0.5,0.5,0.5,False,False
Q0087,2,OPCODE_3GRAM,DROP30,B3_HARD_COMPONENT,0.3333333333333333,0.25,0.5,0.3333333333333333,False,False
Q0087,2,OPCODE_3GRAM,DROP30,B4_SOFT_GRAPH,0.3333333333333333,0.3333333333333333,0.5,0.4,False,False
Q0087,2,OPCODE_3GRAM,BRIDGE,B1_INDEPENDENT,0.16666666666666666,0.2,0.5,0.28571428571428575,False,False
Q0087,2,OPCODE_3GRAM,BRIDGE,B2_EXACT_GLOBAL,0.3333333333333333,0.5,0.5,0.5,False,False
Q0087,2,OPCODE_3GRAM,BRIDGE,B3_HARD_COMPONENT,0.5,1.0,0.5,0.6666666666666666,False,False
Q0087,2,OPCODE_3GRAM,BRIDGE,B4_SOFT_GRAPH,0.3333333333333333,0.5,0.5,0.5,False,False
Q0087,2,OPCODE_3GRAM,DROP30_BRIDGE,B1_INDEPENDENT,0.16666666666666666,0.2,0.5,0.28571428571428575,False,False
Q0087,2,OPCODE_3GRAM,DROP30_BRIDGE,B2_EXACT_GLOBAL,0.3333333333333333,0.5,0.5,0.5,False,False
Q0087,2,OPCODE_3GRAM,DROP30_BRIDGE,B3_HARD_COMPONENT,0.3333333333333333,0.3333333333333333,0.5,0.4,False,False
Q0087,2,OPCODE_3GRAM,DROP30_BRIDGE,B4_SOFT_GRAPH,0.16666666666666666,0.25,0.5,0.3333333333333333,False,False
Q0087,2,OPCODE_STRUCT,CLEAN,B1_INDEPENDENT,0.16666666666666666,0.2,0.5,0.28571428571428575,False,False
Q0087,2,OPCODE_STRUCT,CLEAN,B2_EXACT_GLOBAL,0.3333333333333333,0.5,0.5,0.5,False,False
Q0087,2,OPCODE_STRUCT,CLEAN,B3_HARD_COMPONENT,0.5,0.5,0.5,0.5,False,False
Q0087,2,OPCODE_STRUCT,CLEAN,B4_SOFT_GRAPH,0.5,0.5,0.5,0.5,False,False
Q0087,2,OPCODE_STRUCT,DROP30,B1_INDEPENDENT,0.16666666666666666,0.2,0.5,0.28571428571428575,False,False
Q0087,2,OPCODE_STRUCT,DROP30,B2_EXACT_GLOBAL,0.3333333333333333,0.5,0.5,0.5,False,False
Q0087,2,OPCODE_STRUCT,DROP30,B3_HARD_COMPONENT,0.3333333333333333,0.3333333333333333,0.5,0.4,False,False
Q0087,2,OPCODE_STRUCT,DROP30,B4_SOFT_GRAPH,0.3333333333333333,0.3333333333333333,0.5,0.4,False,False
Q0087,2,OPCODE_STRUCT,BRIDGE,B1_INDEPENDENT,0.16666666666666666,0.2,0.5,0.28571428571428575,False,False
Q0087,2,OPCODE_STRUCT,BRIDGE,B2_EXACT_GLOBAL,0.3333333333333333,0.5,0.5,0.5,False,False
Q0087,2,OPCODE_STRUCT,BRIDGE,B3_HARD_COMPONENT,0.5,1.0,0.5,0.6666666666666666,False,False
Q0087,2,OPCODE_STRUCT,BRIDGE,B4_SOFT_GRAPH,0.5,1.0,0.5,0.6666666666666666,False,False
Q0087,2,OPCODE_STRUCT,DROP30_BRIDGE,B1_INDEPENDENT,0.16666666666666666,0.2,0.5,0.28571428571428575,False,False
Q0087,2,OPCODE_STRUCT,DROP30_BRIDGE,B2_EXACT_GLOBAL,0.3333333333333333,0.5,0.5,0.5,False,False
Q0087,2,OPCODE_STRUCT,DROP30_BRIDGE,B3_HARD_COMPONENT,0.3333333333333333,0.5,0.5,0.5,False,False
Q0087,2,OPCODE_STRUCT,DROP30_BRIDGE,B4_SOFT_GRAPH,0.3333333333333333,0.5,0.5,0.5,False,False
Q0087,2,OPCODE_CONTEXT,CLEAN,B1_INDEPENDENT,0.3333333333333333,0.25,0.5,0.3333333333333333,False,False
Q0087,2,OPCODE_CONTEXT,CLEAN,B2_EXACT_GLOBAL,0.5,0.5,0.5,0.5,False,False
Q0087,2,OPCODE_CONTEXT,CLEAN,B3_HARD_COMPONENT,0.5,1.0,0.5,0.6666666666666666,False,False
Q0087,2,OPCODE_CONTEXT,CLEAN,B4_SOFT_GRAPH,0.3333333333333333,0.25,0.5,0.3333333333333333,False,False
Q0087,2,OPCODE_CONTEXT,DROP30,B1_INDEPENDENT,0.3333333333333333,0.25,0.5,0.3333333333333333,False,False
Q0087,2,OPCODE_CONTEXT,DROP30,B2_EXACT_GLOBAL,0.5,0.5,0.5,0.5,False,False
Q0087,2,OPCODE_CONTEXT,DROP30,B3_HARD_COMPONENT,0.5,0.5,0.5,0.5,False,False
Q0087,2,OPCODE_CONTEXT,DROP30,B4_SOFT_GRAPH,0.3333333333333333,0.25,0.5,0.3333333333333333,False,False
Q0087,2,OPCODE_CONTEXT,BRIDGE,B1_INDEPENDENT,0.3333333333333333,0.25,0.5,0.3333333333333333,False,False
Q0087,2,OPCODE_CONTEXT,BRIDGE,B2_EXACT_GLOBAL,0.5,0.5,0.5,0.5,False,False
Q0087,2,OPCODE_CONTEXT,BRIDGE,B3_HARD_COMPONENT,0.5,1.0,0.5,0.6666666666666666,False,False
Q0087,2,OPCODE_CONTEXT,BRIDGE,B4_SOFT_GRAPH,0.3333333333333333,0.25,0.5,0.3333333333333333,False,False
Q0087,2,OPCODE_CONTEXT,DROP30_BRIDGE,B1_INDEPENDENT,0.3333333333333333,0.25,0.5,0.3333333333333333,False,False
Q0087,2,OPCODE_CONTEXT,DROP30_BRIDGE,B2_EXACT_GLOBAL,0.5,0.5,0.5,0.5,False,False
Q0087,2,OPCODE_CONTEXT,DROP30_BRIDGE,B3_HARD_COMPONENT,0.3333333333333333,0.5,0.5,0.5,False,False
Q0087,2,OPCODE_CONTEXT,DROP30_BRIDGE,B4_SOFT_GRAPH,0.3333333333333333,0.25,0.5,0.3333333333333333,False,False
Q0050,2,OPCODE_3GRAM,CLEAN,B1_INDEPENDENT,0.16666666666666666,0.25,0.5,0.3333333333333333,False,False
Q0050,2,OPCODE_3GRAM,CLEAN,B2_EXACT_GLOBAL,0.3333333333333333,0.5,0.5,0.5,False,False
Q0050,2,OPCODE_3GRAM,CLEAN,B3_HARD_COMPONENT,0.5,0.5,0.5,0.5,False,False
Q0050,2,OPCODE_3GRAM,CLEAN,B4_SOFT_GRAPH,0.0,0.0,0.0,0.0,False,False
Q0050,2,OPCODE_3GRAM,DROP30,B1_INDEPENDENT,0.16666666666666666,0.25,0.5,0.3333333333333333,False,False
Q0050,2,OPCODE_3GRAM,DROP30,B2_EXACT_GLOBAL,0.3333333333333333,0.5,0.5,0.5,False,False
Q0050,2,OPCODE_3GRAM,DROP30,B3_HARD_COMPONENT,0.5,0.5,0.5,0.5,False,False
Q0050,2,OPCODE_3GRAM,DROP30,B4_SOFT_GRAPH,0.0,0.0,0.0,0.0,False,False
Q0050,2,OPCODE_3GRAM,BRIDGE,B1_INDEPENDENT,0.16666666666666666,0.25,0.5,0.3333333333333333,False,False
Q0050,2,OPCODE_3GRAM,BRIDGE,B2_EXACT_GLOBAL,0.3333333333333333,0.5,0.5,0.5,False,False
Q0050,2,OPCODE_3GRAM,BRIDGE,B3_HARD_COMPONENT,0.5,1.0,0.5,0.6666666666666666,False,False
Q0050,2,OPCODE_3GRAM,BRIDGE,B4_SOFT_GRAPH,0.0,0.0,0.0,0.0,False,False
Q0050,2,OPCODE_3GRAM,DROP30_BRIDGE,B1_INDEPENDENT,0.16666666666666666,0.25,0.5,0.3333333333333333,False,False
Q0050,2,OPCODE_3GRAM,DROP30_BRIDGE,B2_EXACT_GLOBAL,0.3333333333333333,0.5,0.5,0.5,False,False
Q0050,2,OPCODE_3GRAM,DROP30_BRIDGE,B3_HARD_COMPONENT,0.5,0.5,0.5,0.5,False,False
Q0050,2,OPCODE_3GRAM,DROP30_BRIDGE,B4_SOFT_GRAPH,0.0,0.0,0.0,0.0,False,False
Q0050,2,OPCODE_STRUCT,CLEAN,B1_INDEPENDENT,0.16666666666666666,0.2,0.5,0.28571428571428575,False,False
Q0050,2,OPCODE_STRUCT,CLEAN,B2_EXACT_GLOBAL,0.16666666666666666,0.5,0.5,0.5,False,False
Q0050,2,OPCODE_STRUCT,CLEAN,B3_HARD_COMPONENT,0.5,0.5,0.5,0.5,False,False
Q0050,2,OPCODE_STRUCT,CLEAN,B4_SOFT_GRAPH,0.16666666666666666,0.5,0.5,0.5,False,False
Q0050,2,OPCODE_STRUCT,DROP30,B1_INDEPENDENT,0.16666666666666666,0.2,0.5,0.28571428571428575,False,False
Q0050,2,OPCODE_STRUCT,DROP30,B2_EXACT_GLOBAL,0.16666666666666666,0.5,0.5,0.5,False,False
Q0050,2,OPCODE_STRUCT,DROP30,B3_HARD_COMPONENT,0.5,0.3333333333333333,0.5,0.4,False,False
Q0050,2,OPCODE_STRUCT,DROP30,B4_SOFT_GRAPH,0.16666666666666666,0.5,0.5,0.5,False,False
Q0050,2,OPCODE_STRUCT,BRIDGE,B1_INDEPENDENT,0.16666666666666666,0.2,0.5,0.28571428571428575,False,False
Q0050,2,OPCODE_STRUCT,BRIDGE,B2_EXACT_GLOBAL,0.16666666666666666,0.5,0.5,0.5,False,False
Q0050,2,OPCODE_STRUCT,BRIDGE,B3_HARD_COMPONENT,0.0,0.0,0.0,0.0,False,False
Q0050,2,OPCODE_STRUCT,BRIDGE,B4_SOFT_GRAPH,0.16666666666666666,0.5,0.5,0.5,False,False
Q0050,2,OPCODE_STRUCT,DROP30_BRIDGE,B1_INDEPENDENT,0.16666666666666666,0.2,0.5,0.28571428571428575,False,False
Q0050,2,OPCODE_STRUCT,DROP30_BRIDGE,B2_EXACT_GLOBAL,0.16666666666666666,0.5,0.5,0.5,False,False
Q0050,2,OPCODE_STRUCT,DROP30_BRIDGE,B3_HARD_COMPONENT,0.16666666666666666,0.3333333333333333,0.5,0.4,False,False
Q0050,2,OPCODE_STRUCT,DROP30_BRIDGE,B4_SOFT_GRAPH,0.16666666666666666,0.3333333333333333,0.5,0.4,False,False
Q0050,2,OPCODE_CONTEXT,CLEAN,B1_INDEPENDENT,0.16666666666666666,0.2,0.5,0.28571428571428575,False,False
Q0050,2,OPCODE_CONTEXT,CLEAN,B2_EXACT_GLOBAL,0.0,0.0,0.0,0.0,False,False
Q0050,2,OPCODE_CONTEXT,CLEAN,B3_HARD_COMPONENT,0.0,0.0,0.0,0.0,False,False
Q0050,2,OPCODE_CONTEXT,CLEAN,B4_SOFT_GRAPH,0.16666666666666666,0.2,0.5,0.28571428571428575,False,False
Q0050,2,OPCODE_CONTEXT,DROP30,B1_INDEPENDENT,0.16666666666666666,0.2,0.5,0.28571428571428575,False,False
Q0050,2,OPCODE_CONTEXT,DROP30,B2_EXACT_GLOBAL,0.0,0.0,0.0,0.0,False,False
Q0050,2,OPCODE_CONTEXT,DROP30,B3_HARD_COMPONENT,0.0,0.0,0.0,0.0,False,False
Q0050,2,OPCODE_CONTEXT,DROP30,B4_SOFT_GRAPH,0.16666666666666666,0.2,0.5,0.28571428571428575,False,False
Q0050,2,OPCODE_CONTEXT,BRIDGE,B1_INDEPENDENT,0.16666666666666666,0.2,0.5,0.28571428571428575,False,False
Q0050,2,OPCODE_CONTEXT,BRIDGE,B2_EXACT_GLOBAL,0.0,0.0,0.0,0.0,False,False
Q0050,2,OPCODE_CONTEXT,BRIDGE,B3_HARD_COMPONENT,0.0,0.0,0.0,0.0,False,False
Q0050,2,OPCODE_CONTEXT,BRIDGE,B4_SOFT_GRAPH,0.16666666666666666,0.2,0.5,0.28571428571428575,False,False
Q0050,2,OPCODE_CONTEXT,DROP30_BRIDGE,B1_INDEPENDENT,0.16666666666666666,0.2,0.5,0.28571428571428575,False,False
Q0050,2,OPCODE_CONTEXT,DROP30_BRIDGE,B2_EXACT_GLOBAL,0.0,0.0,0.0,0.0,False,False
Q0050,2,OPCODE_CONTEXT,DROP30_BRIDGE,B3_HARD_COMPONENT,0.0,0.0,0.0,0.0,False,False
Q0050,2,OPCODE_CONTEXT,DROP30_BRIDGE,B4_SOFT_GRAPH,0.16666666666666666,0.2,0.5,0.28571428571428575,False,False
Q0099,2,OPCODE_3GRAM,CLEAN,B1_INDEPENDENT,0.16666666666666666,0.2,0.5,0.28571428571428575,False,False
Q0099,2,OPCODE_3GRAM,CLEAN,B2_EXACT_GLOBAL,0.5,0.5,0.5,0.5,False,False
Q0099,2,OPCODE_3GRAM,CLEAN,B3_HARD_COMPONENT,0.5,0.5,0.5,0.5,False,False
Q0099,2,OPCODE_3GRAM,CLEAN,B4_SOFT_GRAPH,0.5,1.0,0.5,0.6666666666666666,False,False
Q0099,2,OPCODE_3GRAM,DROP30,B1_INDEPENDENT,0.16666666666666666,0.2,0.5,0.28571428571428575,False,False
Q0099,2,OPCODE_3GRAM,DROP30,B2_EXACT_GLOBAL,0.5,0.5,0.5,0.5,False,False
Q0099,2,OPCODE_3GRAM,DROP30,B3_HARD_COMPONENT,0.16666666666666666,0.25,0.5,0.3333333333333333,False,False
Q0099,2,OPCODE_3GRAM,DROP30,B4_SOFT_GRAPH,0.16666666666666666,0.5,0.5,0.5,False,False
Q0099,2,OPCODE_3GRAM,BRIDGE,B1_INDEPENDENT,0.16666666666666666,0.2,0.5,0.28571428571428575,False,False
Q0099,2,OPCODE_3GRAM,BRIDGE,B2_EXACT_GLOBAL,0.5,0.5,0.5,0.5,False,False
Q0099,2,OPCODE_3GRAM,BRIDGE,B3_HARD_COMPONENT,0.5,1.0,0.5,0.6666666666666666,False,False
Q0099,2,OPCODE_3GRAM,BRIDGE,B4_SOFT_GRAPH,0.5,1.0,0.5,0.6666666666666666,False,False
Q0099,2,OPCODE_3GRAM,DROP30_BRIDGE,B1_INDEPENDENT,0.16666666666666666,0.2,0.5,0.28571428571428575,False,False
Q0099,2,OPCODE_3GRAM,DROP30_BRIDGE,B2_EXACT_GLOBAL,0.5,0.5,0.5,0.5,False,False
Q0099,2,OPCODE_3GRAM,DROP30_BRIDGE,B3_HARD_COMPONENT,0.3333333333333333,0.25,0.5,0.3333333333333333,False,False
Q0099,2,OPCODE_3GRAM,DROP30_BRIDGE,B4_SOFT_GRAPH,0.3333333333333333,0.25,0.5,0.3333333333333333,False,False
Q0099,2,OPCODE_STRUCT,CLEAN,B1_INDEPENDENT,0.16666666666666666,0.2,0.5,0.28571428571428575,False,False
Q0099,2,OPCODE_STRUCT,CLEAN,B2_EXACT_GLOBAL,0.5,0.5,0.5,0.5,False,False
Q0099,2,OPCODE_STRUCT,CLEAN,B3_HARD_COMPONENT,0.5,0.5,0.5,0.5,False,False
Q0099,2,OPCODE_STRUCT,CLEAN,B4_SOFT_GRAPH,0.16666666666666666,0.5,0.5,0.5,False,False
Q0099,2,OPCODE_STRUCT,DROP30,B1_INDEPENDENT,0.16666666666666666,0.2,0.5,0.28571428571428575,False,False
Q0099,2,OPCODE_STRUCT,DROP30,B2_EXACT_GLOBAL,0.5,0.5,0.5,0.5,False,False
Q0099,2,OPCODE_STRUCT,DROP30,B3_HARD_COMPONENT,0.16666666666666666,0.25,0.5,0.3333333333333333,False,False
Q0099,2,OPCODE_STRUCT,DROP30,B4_SOFT_GRAPH,0.16666666666666666,0.5,0.5,0.5,False,False
Q0099,2,OPCODE_STRUCT,BRIDGE,B1_INDEPENDENT,0.16666666666666666,0.2,0.5,0.28571428571428575,False,False
Q0099,2,OPCODE_STRUCT,BRIDGE,B2_EXACT_GLOBAL,0.5,0.5,0.5,0.5,False,False
Q0099,2,OPCODE_STRUCT,BRIDGE,B3_HARD_COMPONENT,0.5,1.0,0.5,0.6666666666666666,False,False
Q0099,2,OPCODE_STRUCT,BRIDGE,B4_SOFT_GRAPH,0.16666666666666666,0.5,0.5,0.5,False,False
Q0099,2,OPCODE_STRUCT,DROP30_BRIDGE,B1_INDEPENDENT,0.16666666666666666,0.2,0.5,0.28571428571428575,False,False
Q0099,2,OPCODE_STRUCT,DROP30_BRIDGE,B2_EXACT_GLOBAL,0.5,0.5,0.5,0.5,False,False
Q0099,2,OPCODE_STRUCT,DROP30_BRIDGE,B3_HARD_COMPONENT,0.3333333333333333,0.25,0.5,0.3333333333333333,False,False
Q0099,2,OPCODE_STRUCT,DROP30_BRIDGE,B4_SOFT_GRAPH,0.0,0.0,0.0,0.0,False,False
Q0099,2,OPCODE_CONTEXT,CLEAN,B1_INDEPENDENT,0.16666666666666666,0.2,0.5,0.28571428571428575,False,False
Q0099,2,OPCODE_CONTEXT,CLEAN,B2_EXACT_GLOBAL,0.3333333333333333,0.5,0.5,0.5,False,False
Q0099,2,OPCODE_CONTEXT,CLEAN,B3_HARD_COMPONENT,0.0,0.0,0.0,0.0,False,False
Q0099,2,OPCODE_CONTEXT,CLEAN,B4_SOFT_GRAPH,0.3333333333333333,0.4,1.0,0.5714285714285715,False,False
Q0099,2,OPCODE_CONTEXT,DROP30,B1_INDEPENDENT,0.16666666666666666,0.2,0.5,0.28571428571428575,False,False
Q0099,2,OPCODE_CONTEXT,DROP30,B2_EXACT_GLOBAL,0.3333333333333333,0.5,0.5,0.5,False,False
Q0099,2,OPCODE_CONTEXT,DROP30,B3_HARD_COMPONENT,0.16666666666666666,0.25,0.5,0.3333333333333333,False,False
Q0099,2,OPCODE_CONTEXT,DROP30,B4_SOFT_GRAPH,0.3333333333333333,0.4,1.0,0.5714285714285715,False,False
Q0099,2,OPCODE_CONTEXT,BRIDGE,B1_INDEPENDENT,0.16666666666666666,0.2,0.5,0.28571428571428575,False,False
Q0099,2,OPCODE_CONTEXT,BRIDGE,B2_EXACT_GLOBAL,0.3333333333333333,0.5,0.5,0.5,False,False
Q0099,2,OPCODE_CONTEXT,BRIDGE,B3_HARD_COMPONENT,0.0,0.0,0.0,0.0,False,False
Q0099,2,OPCODE_CONTEXT,BRIDGE,B4_SOFT_GRAPH,0.3333333333333333,0.4,1.0,0.5714285714285715,False,False
Q0099,2,OPCODE_CONTEXT,DROP30_BRIDGE,B1_INDEPENDENT,0.16666666666666666,0.2,0.5,0.28571428571428575,False,False
Q0099,2,OPCODE_CONTEXT,DROP30_BRIDGE,B2_EXACT_GLOBAL,0.3333333333333333,0.5,0.5,0.5,False,False
Q0099,2,OPCODE_CONTEXT,DROP30_BRIDGE,B3_HARD_COMPONENT,0.0,0.0,0.0,0.0,False,False
Q0099,2,OPCODE_CONTEXT,DROP30_BRIDGE,B4_SOFT_GRAPH,0.3333333333333333,0.4,1.0,0.5714285714285715,False,False
Q0003,2,OPCODE_3GRAM,CLEAN,B1_INDEPENDENT,0.5,0.4,1.0,0.5714285714285715,False,False
Q0003,2,OPCODE_3GRAM,CLEAN,B2_EXACT_GLOBAL,0.8333333333333334,1.0,1.0,1.0,True,False
Q0003,2,OPCODE_3GRAM,CLEAN,B3_HARD_COMPONENT,1.0,1.0,1.0,1.0,True,True
Q0003,2,OPCODE_3GRAM,CLEAN,B4_SOFT_GRAPH,0.8333333333333334,0.6666666666666666,1.0,0.8,False,False
Q0003,2,OPCODE_3GRAM,DROP30,B1_INDEPENDENT,0.5,0.4,1.0,0.5714285714285715,False,False
Q0003,2,OPCODE_3GRAM,DROP30,B2_EXACT_GLOBAL,0.8333333333333334,1.0,1.0,1.0,True,False
Q0003,2,OPCODE_3GRAM,DROP30,B3_HARD_COMPONENT,0.8333333333333334,0.6666666666666666,1.0,0.8,False,False
Q0003,2,OPCODE_3GRAM,DROP30,B4_SOFT_GRAPH,0.6666666666666666,0.5,1.0,0.6666666666666666,False,False
Q0003,2,OPCODE_3GRAM,BRIDGE,B1_INDEPENDENT,0.5,0.4,1.0,0.5714285714285715,False,False
Q0003,2,OPCODE_3GRAM,BRIDGE,B2_EXACT_GLOBAL,0.8333333333333334,1.0,1.0,1.0,True,False
Q0003,2,OPCODE_3GRAM,BRIDGE,B3_HARD_COMPONENT,0.5,1.0,0.5,0.6666666666666666,False,False
Q0003,2,OPCODE_3GRAM,BRIDGE,B4_SOFT_GRAPH,0.6666666666666666,0.6666666666666666,1.0,0.8,False,False
Q0003,2,OPCODE_3GRAM,DROP30_BRIDGE,B1_INDEPENDENT,0.5,0.4,1.0,0.5714285714285715,False,False
Q0003,2,OPCODE_3GRAM,DROP30_BRIDGE,B2_EXACT_GLOBAL,0.8333333333333334,1.0,1.0,1.0,True,False
Q0003,2,OPCODE_3GRAM,DROP30_BRIDGE,B3_HARD_COMPONENT,0.5,0.5,0.5,0.5,False,False
Q0003,2,OPCODE_3GRAM,DROP30_BRIDGE,B4_SOFT_GRAPH,0.6666666666666666,0.5,1.0,0.6666666666666666,False,False
Q0003,2,OPCODE_STRUCT,CLEAN,B1_INDEPENDENT,0.5,0.5,1.0,0.6666666666666666,False,False
Q0003,2,OPCODE_STRUCT,CLEAN,B2_EXACT_GLOBAL,0.6666666666666666,1.0,1.0,1.0,True,False
Q0003,2,OPCODE_STRUCT,CLEAN,B3_HARD_COMPONENT,1.0,1.0,1.0,1.0,True,True
Q0003,2,OPCODE_STRUCT,CLEAN,B4_SOFT_GRAPH,0.3333333333333333,0.3333333333333333,0.5,0.4,False,False
Q0003,2,OPCODE_STRUCT,DROP30,B1_INDEPENDENT,0.5,0.5,1.0,0.6666666666666666,False,False
Q0003,2,OPCODE_STRUCT,DROP30,B2_EXACT_GLOBAL,0.6666666666666666,1.0,1.0,1.0,True,False
Q0003,2,OPCODE_STRUCT,DROP30,B3_HARD_COMPONENT,0.8333333333333334,0.6666666666666666,1.0,0.8,False,False
Q0003,2,OPCODE_STRUCT,DROP30,B4_SOFT_GRAPH,0.3333333333333333,0.25,0.5,0.3333333333333333,False,False
Q0003,2,OPCODE_STRUCT,BRIDGE,B1_INDEPENDENT,0.5,0.5,1.0,0.6666666666666666,False,False
Q0003,2,OPCODE_STRUCT,BRIDGE,B2_EXACT_GLOBAL,0.6666666666666666,1.0,1.0,1.0,True,False
Q0003,2,OPCODE_STRUCT,BRIDGE,B3_HARD_COMPONENT,0.0,0.0,0.0,0.0,False,False
Q0003,2,OPCODE_STRUCT,BRIDGE,B4_SOFT_GRAPH,0.3333333333333333,0.3333333333333333,0.5,0.4,False,False
Q0003,2,OPCODE_STRUCT,DROP30_BRIDGE,B1_INDEPENDENT,0.5,0.5,1.0,0.6666666666666666,False,False
Q0003,2,OPCODE_STRUCT,DROP30_BRIDGE,B2_EXACT_GLOBAL,0.6666666666666666,1.0,1.0,1.0,True,False
Q0003,2,OPCODE_STRUCT,DROP30_BRIDGE,B3_HARD_COMPONENT,0.5,0.5,0.5,0.5,False,False
Q0003,2,OPCODE_STRUCT,DROP30_BRIDGE,B4_SOFT_GRAPH,0.3333333333333333,0.25,0.5,0.3333333333333333,False,False
Q0003,2,OPCODE_CONTEXT,CLEAN,B1_INDEPENDENT,0.5,0.6666666666666666,1.0,0.8,False,False
Q0003,2,OPCODE_CONTEXT,CLEAN,B2_EXACT_GLOBAL,0.3333333333333333,0.5,0.5,0.5,False,False
Q0003,2,OPCODE_CONTEXT,CLEAN,B3_HARD_COMPONENT,1.0,1.0,1.0,1.0,True,True
Q0003,2,OPCODE_CONTEXT,CLEAN,B4_SOFT_GRAPH,0.5,0.6666666666666666,1.0,0.8,False,False
Q0003,2,OPCODE_CONTEXT,DROP30,B1_INDEPENDENT,0.5,0.6666666666666666,1.0,0.8,False,False
Q0003,2,OPCODE_CONTEXT,DROP30,B2_EXACT_GLOBAL,0.3333333333333333,0.5,0.5,0.5,False,False
Q0003,2,OPCODE_CONTEXT,DROP30,B3_HARD_COMPONENT,0.8333333333333334,0.6666666666666666,1.0,0.8,False,False
Q0003,2,OPCODE_CONTEXT,DROP30,B4_SOFT_GRAPH,0.5,0.6666666666666666,1.0,0.8,False,False
Q0003,2,OPCODE_CONTEXT,BRIDGE,B1_INDEPENDENT,0.5,0.6666666666666666,1.0,0.8,False,False
Q0003,2,OPCODE_CONTEXT,BRIDGE,B2_EXACT_GLOBAL,0.3333333333333333,0.5,0.5,0.5,False,False
Q0003,2,OPCODE_CONTEXT,BRIDGE,B3_HARD_COMPONENT,0.0,0.0,0.0,0.0,False,False
Q0003,2,OPCODE_CONTEXT,BRIDGE,B4_SOFT_GRAPH,0.5,0.6666666666666666,1.0,0.8,False,False
Q0003,2,OPCODE_CONTEXT,DROP30_BRIDGE,B1_INDEPENDENT,0.5,0.6666666666666666,1.0,0.8,False,False
Q0003,2,OPCODE_CONTEXT,DROP30_BRIDGE,B2_EXACT_GLOBAL,0.3333333333333333,0.5,0.5,0.5,False,False
Q0003,2,OPCODE_CONTEXT,DROP30_BRIDGE,B3_HARD_COMPONENT,0.5,0.5,0.5,0.5,False,False
Q0003,2,OPCODE_CONTEXT,DROP30_BRIDGE,B4_SOFT_GRAPH,0.5,0.6666666666666666,1.0,0.8,False,False
Q0070,2,OPCODE_3GRAM,CLEAN,B1_INDEPENDENT,0.16666666666666666,0.25,0.5,0.3333333333333333,False,False
Q0070,2,OPCODE_3GRAM,CLEAN,B2_EXACT_GLOBAL,0.3333333333333333,0.5,0.5,0.5,False,False
Q0070,2,OPCODE_3GRAM,CLEAN,B3_HARD_COMPONENT,0.5,0.5,0.5,0.5,False,False
Q0070,2,OPCODE_3GRAM,CLEAN,B4_SOFT_GRAPH,0.5,1.0,0.5,0.6666666666666666,False,False
Q0070,2,OPCODE_3GRAM,DROP30,B1_INDEPENDENT,0.16666666666666666,0.25,0.5,0.3333333333333333,False,False
Q0070,2,OPCODE_3GRAM,DROP30,B2_EXACT_GLOBAL,0.3333333333333333,0.5,0.5,0.5,False,False
Q0070,2,OPCODE_3GRAM,DROP30,B3_HARD_COMPONENT,0.5,0.5,0.5,0.5,False,False
Q0070,2,OPCODE_3GRAM,DROP30,B4_SOFT_GRAPH,0.5,1.0,0.5,0.6666666666666666,False,False
Q0070,2,OPCODE_3GRAM,BRIDGE,B1_INDEPENDENT,0.16666666666666666,0.25,0.5,0.3333333333333333,False,False
Q0070,2,OPCODE_3GRAM,BRIDGE,B2_EXACT_GLOBAL,0.3333333333333333,0.5,0.5,0.5,False,False
Q0070,2,OPCODE_3GRAM,BRIDGE,B3_HARD_COMPONENT,0.5,1.0,0.5,0.6666666666666666,False,False
Q0070,2,OPCODE_3GRAM,BRIDGE,B4_SOFT_GRAPH,0.5,1.0,0.5,0.6666666666666666,False,False
Q0070,2,OPCODE_3GRAM,DROP30_BRIDGE,B1_INDEPENDENT,0.16666666666666666,0.25,0.5,0.3333333333333333,False,False
Q0070,2,OPCODE_3GRAM,DROP30_BRIDGE,B2_EXACT_GLOBAL,0.3333333333333333,0.5,0.5,0.5,False,False
Q0070,2,OPCODE_3GRAM,DROP30_BRIDGE,B3_HARD_COMPONENT,0.3333333333333333,0.5,0.5,0.5,False,False
Q0070,2,OPCODE_3GRAM,DROP30_BRIDGE,B4_SOFT_GRAPH,0.3333333333333333,0.3333333333333333,0.5,0.4,False,False
Q0070,2,OPCODE_STRUCT,CLEAN,B1_INDEPENDENT,0.16666666666666666,0.2,0.5,0.28571428571428575,False,False
Q0070,2,OPCODE_STRUCT,CLEAN,B2_EXACT_GLOBAL,0.16666666666666666,0.5,0.5,0.5,False,False
Q0070,2,OPCODE_STRUCT,CLEAN,B3_HARD_COMPONENT,0.5,0.5,0.5,0.5,False,False
Q0070,2,OPCODE_STRUCT,CLEAN,B4_SOFT_GRAPH,0.16666666666666666,0.25,0.5,0.3333333333333333,False,False
Q0070,2,OPCODE_STRUCT,DROP30,B1_INDEPENDENT,0.16666666666666666,0.2,0.5,0.28571428571428575,False,False
Q0070,2,OPCODE_STRUCT,DROP30,B2_EXACT_GLOBAL,0.16666666666666666,0.5,0.5,0.5,False,False
Q0070,2,OPCODE_STRUCT,DROP30,B3_HARD_COMPONENT,0.16666666666666666,0.3333333333333333,0.5,0.4,False,False
Q0070,2,OPCODE_STRUCT,DROP30,B4_SOFT_GRAPH,0.16666666666666666,0.25,0.5,0.3333333333333333,False,False
Q0070,2,OPCODE_STRUCT,BRIDGE,B1_INDEPENDENT,0.16666666666666666,0.2,0.5,0.28571428571428575,False,False
Q0070,2,OPCODE_STRUCT,BRIDGE,B2_EXACT_GLOBAL,0.16666666666666666,0.5,0.5,0.5,False,False
Q0070,2,OPCODE_STRUCT,BRIDGE,B3_HARD_COMPONENT,0.5,1.0,0.5,0.6666666666666666,False,False
Q0070,2,OPCODE_STRUCT,BRIDGE,B4_SOFT_GRAPH,0.16666666666666666,0.3333333333333333,0.5,0.4,False,False
Q0070,2,OPCODE_STRUCT,DROP30_BRIDGE,B1_INDEPENDENT,0.16666666666666666,0.2,0.5,0.28571428571428575,False,False
Q0070,2,OPCODE_STRUCT,DROP30_BRIDGE,B2_EXACT_GLOBAL,0.16666666666666666,0.5,0.5,0.5,False,False
Q0070,2,OPCODE_STRUCT,DROP30_BRIDGE,B3_HARD_COMPONENT,0.3333333333333333,0.3333333333333333,0.5,0.4,False,False
Q0070,2,OPCODE_STRUCT,DROP30_BRIDGE,B4_SOFT_GRAPH,0.16666666666666666,0.25,0.5,0.3333333333333333,False,False
Q0070,2,OPCODE_CONTEXT,CLEAN,B1_INDEPENDENT,0.3333333333333333,0.4,1.0,0.5714285714285715,False,False
Q0070,2,OPCODE_CONTEXT,CLEAN,B2_EXACT_GLOBAL,0.16666666666666666,0.5,0.5,0.5,False,False
Q0070,2,OPCODE_CONTEXT,CLEAN,B3_HARD_COMPONENT,0.0,0.0,0.0,0.0,False,False
Q0070,2,OPCODE_CONTEXT,CLEAN,B4_SOFT_GRAPH,0.3333333333333333,0.4,1.0,0.5714285714285715,False,False
Q0070,2,OPCODE_CONTEXT,DROP30,B1_INDEPENDENT,0.3333333333333333,0.4,1.0,0.5714285714285715,False,False
Q0070,2,OPCODE_CONTEXT,DROP30,B2_EXACT_GLOBAL,0.16666666666666666,0.5,0.5,0.5,False,False
Q0070,2,OPCODE_CONTEXT,DROP30,B3_HARD_COMPONENT,0.3333333333333333,0.5,0.5,0.5,False,False
Q0070,2,OPCODE_CONTEXT,DROP30,B4_SOFT_GRAPH,0.3333333333333333,0.4,1.0,0.5714285714285715,False,False
Q0070,2,OPCODE_CONTEXT,BRIDGE,B1_INDEPENDENT,0.3333333333333333,0.4,1.0,0.5714285714285715,False,False
Q0070,2,OPCODE_CONTEXT,BRIDGE,B2_EXACT_GLOBAL,0.16666666666666666,0.5,0.5,0.5,False,False
Q0070,2,OPCODE_CONTEXT,BRIDGE,B3_HARD_COMPONENT,0.0,0.0,0.0,0.0,False,False
Q0070,2,OPCODE_CONTEXT,BRIDGE,B4_SOFT_GRAPH,0.3333333333333333,0.4,1.0,0.5714285714285715,False,False
Q0070,2,OPCODE_CONTEXT,DROP30_BRIDGE,B1_INDEPENDENT,0.3333333333333333,0.4,1.0,0.5714285714285715,False,False
Q0070,2,OPCODE_CONTEXT,DROP30_BRIDGE,B2_EXACT_GLOBAL,0.16666666666666666,0.5,0.5,0.5,False,False
Q0070,2,OPCODE_CONTEXT,DROP30_BRIDGE,B3_HARD_COMPONENT,0.3333333333333333,0.3333333333333333,0.5,0.4,False,False
Q0070,2,OPCODE_CONTEXT,DROP30_BRIDGE,B4_SOFT_GRAPH,0.3333333333333333,0.4,1.0,0.5714285714285715,False,False
Q0020,2,OPCODE_3GRAM,CLEAN,B1_INDEPENDENT,0.0,0.0,0.0,0.0,False,False
Q0020,2,OPCODE_3GRAM,CLEAN,B2_EXACT_GLOBAL,0.0,0.0,0.0,0.0,False,False
Q0020,2,OPCODE_3GRAM,CLEAN,B3_HARD_COMPONENT,0.0,0.0,0.0,0.0,False,False
Q0020,2,OPCODE_3GRAM,CLEAN,B4_SOFT_GRAPH,0.0,0.0,0.0,0.0,False,False
Q0020,2,OPCODE_3GRAM,DROP30,B1_INDEPENDENT,0.0,0.0,0.0,0.0,False,False
Q0020,2,OPCODE_3GRAM,DROP30,B2_EXACT_GLOBAL,0.0,0.0,0.0,0.0,False,False
Q0020,2,OPCODE_3GRAM,DROP30,B3_HARD_COMPONENT,0.0,0.0,0.0,0.0,False,False
Q0020,2,OPCODE_3GRAM,DROP30,B4_SOFT_GRAPH,0.0,0.0,0.0,0.0,False,False
Q0020,2,OPCODE_3GRAM,BRIDGE,B1_INDEPENDENT,0.0,0.0,0.0,0.0,False,False
Q0020,2,OPCODE_3GRAM,BRIDGE,B2_EXACT_GLOBAL,0.0,0.0,0.0,0.0,False,False
Q0020,2,OPCODE_3GRAM,BRIDGE,B3_HARD_COMPONENT,0.0,0.0,0.0,0.0,False,False
Q0020,2,OPCODE_3GRAM,BRIDGE,B4_SOFT_GRAPH,0.0,0.0,0.0,0.0,False,False
Q0020,2,OPCODE_3GRAM,DROP30_BRIDGE,B1_INDEPENDENT,0.0,0.0,0.0,0.0,False,False
Q0020,2,OPCODE_3GRAM,DROP30_BRIDGE,B2_EXACT_GLOBAL,0.0,0.0,0.0,0.0,False,False
Q0020,2,OPCODE_3GRAM,DROP30_BRIDGE,B3_HARD_COMPONENT,0.0,0.0,0.0,0.0,False,False
Q0020,2,OPCODE_3GRAM,DROP30_BRIDGE,B4_SOFT_GRAPH,0.0,0.0,0.0,0.0,False,False
Q0020,2,OPCODE_STRUCT,CLEAN,B1_INDEPENDENT,0.0,0.0,0.0,0.0,False,False
Q0020,2,OPCODE_STRUCT,CLEAN,B2_EXACT_GLOBAL,0.0,0.0,0.0,0.0,False,False
Q0020,2,OPCODE_STRUCT,CLEAN,B3_HARD_COMPONENT,0.0,0.0,0.0,0.0,False,False
Q0020,2,OPCODE_STRUCT,CLEAN,B4_SOFT_GRAPH,0.0,0.0,0.0,0.0,False,False
Q0020,2,OPCODE_STRUCT,DROP30,B1_INDEPENDENT,0.0,0.0,0.0,0.0,False,False
Q0020,2,OPCODE_STRUCT,DROP30,B2_EXACT_GLOBAL,0.0,0.0,0.0,0.0,False,False
Q0020,2,OPCODE_STRUCT,DROP30,B3_HARD_COMPONENT,0.0,0.0,0.0,0.0,False,False
Q0020,2,OPCODE_STRUCT,DROP30,B4_SOFT_GRAPH,0.0,0.0,0.0,0.0,False,False
Q0020,2,OPCODE_STRUCT,BRIDGE,B1_INDEPENDENT,0.0,0.0,0.0,0.0,False,False
Q0020,2,OPCODE_STRUCT,BRIDGE,B2_EXACT_GLOBAL,0.0,0.0,0.0,0.0,False,False
Q0020,2,OPCODE_STRUCT,BRIDGE,B3_HARD_COMPONENT,0.0,0.0,0.0,0.0,False,False
Q0020,2,OPCODE_STRUCT,BRIDGE,B4_SOFT_GRAPH,0.0,0.0,0.0,0.0,False,False
Q0020,2,OPCODE_STRUCT,DROP30_BRIDGE,B1_INDEPENDENT,0.0,0.0,0.0,0.0,False,False
Q0020,2,OPCODE_STRUCT,DROP30_BRIDGE,B2_EXACT_GLOBAL,0.0,0.0,0.0,0.0,False,False
Q0020,2,OPCODE_STRUCT,DROP30_BRIDGE,B3_HARD_COMPONENT,0.0,0.0,0.0,0.0,False,False
Q0020,2,OPCODE_STRUCT,DROP30_BRIDGE,B4_SOFT_GRAPH,0.0,0.0,0.0,0.0,False,False
Q0020,2,OPCODE_CONTEXT,CLEAN,B1_INDEPENDENT,0.0,0.0,0.0,0.0,False,False
Q0020,2,OPCODE_CONTEXT,CLEAN,B2_EXACT_GLOBAL,0.0,0.0,0.0,0.0,False,False
Q0020,2,OPCODE_CONTEXT,CLEAN,B3_HARD_COMPONENT,0.0,0.0,0.0,0.0,False,False
Q0020,2,OPCODE_CONTEXT,CLEAN,B4_SOFT_GRAPH,0.0,0.0,0.0,0.0,False,False
Q0020,2,OPCODE_CONTEXT,DROP30,B1_INDEPENDENT,0.0,0.0,0.0,0.0,False,False
Q0020,2,OPCODE_CONTEXT,DROP30,B2_EXACT_GLOBAL,0.0,0.0,0.0,0.0,False,False
Q0020,2,OPCODE_CONTEXT,DROP30,B3_HARD_COMPONENT,0.0,0.0,0.0,0.0,False,False
Q0020,2,OPCODE_CONTEXT,DROP30,B4_SOFT_GRAPH,0.0,0.0,0.0,0.0,False,False
Q0020,2,OPCODE_CONTEXT,BRIDGE,B1_INDEPENDENT,0.0,0.0,0.0,0.0,False,False
Q0020,2,OPCODE_CONTEXT,BRIDGE,B2_EXACT_GLOBAL,0.0,0.0,0.0,0.0,False,False
Q0020,2,OPCODE_CONTEXT,BRIDGE,B3_HARD_COMPONENT,0.0,0.0,0.0,0.0,False,False
Q0020,2,OPCODE_CONTEXT,BRIDGE,B4_SOFT_GRAPH,0.0,0.0,0.0,0.0,False,False
Q0020,2,OPCODE_CONTEXT,DROP30_BRIDGE,B1_INDEPENDENT,0.0,0.0,0.0,0.0,False,False
Q0020,2,OPCODE_CONTEXT,DROP30_BRIDGE,B2_EXACT_GLOBAL,0.0,0.0,0.0,0.0,False,False
Q0020,2,OPCODE_CONTEXT,DROP30_BRIDGE,B3_HARD_COMPONENT,0.0,0.0,0.0,0.0,False,False
Q0020,2,OPCODE_CONTEXT,DROP30_BRIDGE,B4_SOFT_GRAPH,0.0,0.0,0.0,0.0,False,False
Q0076,2,OPCODE_3GRAM,CLEAN,B1_INDEPENDENT,0.3333333333333333,0.2,0.5,0.28571428571428575,False,False
Q0076,2,OPCODE_3GRAM,CLEAN,B2_EXACT_GLOBAL,0.3333333333333333,0.5,0.5,0.5,False,False
Q0076,2,OPCODE_3GRAM,CLEAN,B3_HARD_COMPONENT,0.5,0.5,0.5,0.5,False,False
Q0076,2,OPCODE_3GRAM,CLEAN,B4_SOFT_GRAPH,0.3333333333333333,0.3333333333333333,0.5,0.4,False,False
Q0076,2,OPCODE_3GRAM,DROP30,B1_INDEPENDENT,0.3333333333333333,0.2,0.5,0.28571428571428575,False,False
Q0076,2,OPCODE_3GRAM,DROP30,B2_EXACT_GLOBAL,0.3333333333333333,0.5,0.5,0.5,False,False
Q0076,2,OPCODE_3GRAM,DROP30,B3_HARD_COMPONENT,0.3333333333333333,0.3333333333333333,0.5,0.4,False,False
Q0076,2,OPCODE_3GRAM,DROP30,B4_SOFT_GRAPH,0.3333333333333333,0.3333333333333333,0.5,0.4,False,False
Q0076,2,OPCODE_3GRAM,BRIDGE,B1_INDEPENDENT,0.3333333333333333,0.2,0.5,0.28571428571428575,False,False
Q0076,2,OPCODE_3GRAM,BRIDGE,B2_EXACT_GLOBAL,0.3333333333333333,0.5,0.5,0.5,False,False
Q0076,2,OPCODE_3GRAM,BRIDGE,B3_HARD_COMPONENT,0.5,1.0,0.5,0.6666666666666666,False,False
Q0076,2,OPCODE_3GRAM,BRIDGE,B4_SOFT_GRAPH,0.3333333333333333,0.3333333333333333,0.5,0.4,False,False
Q0076,2,OPCODE_3GRAM,DROP30_BRIDGE,B1_INDEPENDENT,0.3333333333333333,0.2,0.5,0.28571428571428575,False,False
Q0076,2,OPCODE_3GRAM,DROP30_BRIDGE,B2_EXACT_GLOBAL,0.3333333333333333,0.5,0.5,0.5,False,False
Q0076,2,OPCODE_3GRAM,DROP30_BRIDGE,B3_HARD_COMPONENT,0.5,1.0,0.5,0.6666666666666666,False,False
Q0076,2,OPCODE_3GRAM,DROP30_BRIDGE,B4_SOFT_GRAPH,0.3333333333333333,0.5,0.5,0.5,False,False
Q0076,2,OPCODE_STRUCT,CLEAN,B1_INDEPENDENT,0.3333333333333333,0.2,0.5,0.28571428571428575,False,False
Q0076,2,OPCODE_STRUCT,CLEAN,B2_EXACT_GLOBAL,0.3333333333333333,0.5,0.5,0.5,False,False
Q0076,2,OPCODE_STRUCT,CLEAN,B3_HARD_COMPONENT,0.5,0.5,0.5,0.5,False,False
Q0076,2,OPCODE_STRUCT,CLEAN,B4_SOFT_GRAPH,0.3333333333333333,0.3333333333333333,0.5,0.4,False,False
Q0076,2,OPCODE_STRUCT,DROP30,B1_INDEPENDENT,0.3333333333333333,0.2,0.5,0.28571428571428575,False,False
Q0076,2,OPCODE_STRUCT,DROP30,B2_EXACT_GLOBAL,0.3333333333333333,0.5,0.5,0.5,False,False
Q0076,2,OPCODE_STRUCT,DROP30,B3_HARD_COMPONENT,0.3333333333333333,0.3333333333333333,0.5,0.4,False,False
Q0076,2,OPCODE_STRUCT,DROP30,B4_SOFT_GRAPH,0.3333333333333333,0.3333333333333333,0.5,0.4,False,False
Q0076,2,OPCODE_STRUCT,BRIDGE,B1_INDEPENDENT,0.3333333333333333,0.2,0.5,0.28571428571428575,False,False
Q0076,2,OPCODE_STRUCT,BRIDGE,B2_EXACT_GLOBAL,0.3333333333333333,0.5,0.5,0.5,False,False
Q0076,2,OPCODE_STRUCT,BRIDGE,B3_HARD_COMPONENT,0.5,1.0,0.5,0.6666666666666666,False,False
Q0076,2,OPCODE_STRUCT,BRIDGE,B4_SOFT_GRAPH,0.3333333333333333,0.3333333333333333,0.5,0.4,False,False
Q0076,2,OPCODE_STRUCT,DROP30_BRIDGE,B1_INDEPENDENT,0.3333333333333333,0.2,0.5,0.28571428571428575,False,False
Q0076,2,OPCODE_STRUCT,DROP30_BRIDGE,B2_EXACT_GLOBAL,0.3333333333333333,0.5,0.5,0.5,False,False
Q0076,2,OPCODE_STRUCT,DROP30_BRIDGE,B3_HARD_COMPONENT,0.5,1.0,0.5,0.6666666666666666,False,False
Q0076,2,OPCODE_STRUCT,DROP30_BRIDGE,B4_SOFT_GRAPH,0.3333333333333333,0.5,0.5,0.5,False,False
Q0076,2,OPCODE_CONTEXT,CLEAN,B1_INDEPENDENT,0.3333333333333333,0.2,0.5,0.28571428571428575,False,False
Q0076,2,OPCODE_CONTEXT,CLEAN,B2_EXACT_GLOBAL,0.3333333333333333,0.5,0.5,0.5,False,False
Q0076,2,OPCODE_CONTEXT,CLEAN,B3_HARD_COMPONENT,0.5,0.5,0.5,0.5,False,False
Q0076,2,OPCODE_CONTEXT,CLEAN,B4_SOFT_GRAPH,0.0,0.0,0.0,0.0,False,False
Q0076,2,OPCODE_CONTEXT,DROP30,B1_INDEPENDENT,0.3333333333333333,0.2,0.5,0.28571428571428575,False,False
Q0076,2,OPCODE_CONTEXT,DROP30,B2_EXACT_GLOBAL,0.3333333333333333,0.5,0.5,0.5,False,False
Q0076,2,OPCODE_CONTEXT,DROP30,B3_HARD_COMPONENT,0.3333333333333333,0.3333333333333333,0.5,0.4,False,False
Q0076,2,OPCODE_CONTEXT,DROP30,B4_SOFT_GRAPH,0.0,0.0,0.0,0.0,False,False
Q0076,2,OPCODE_CONTEXT,BRIDGE,B1_INDEPENDENT,0.3333333333333333,0.2,0.5,0.28571428571428575,False,False
Q0076,2,OPCODE_CONTEXT,BRIDGE,B2_EXACT_GLOBAL,0.3333333333333333,0.5,0.5,0.5,False,False
Q0076,2,OPCODE_CONTEXT,BRIDGE,B3_HARD_COMPONENT,0.5,1.0,0.5,0.6666666666666666,False,False
Q0076,2,OPCODE_CONTEXT,BRIDGE,B4_SOFT_GRAPH,0.0,0.0,0.0,0.0,False,False
Q0076,2,OPCODE_CONTEXT,DROP30_BRIDGE,B1_INDEPENDENT,0.3333333333333333,0.2,0.5,0.28571428571428575,False,False
Q0076,2,OPCODE_CONTEXT,DROP30_BRIDGE,B2_EXACT_GLOBAL,0.3333333333333333,0.5,0.5,0.5,False,False
Q0076,2,OPCODE_CONTEXT,DROP30_BRIDGE,B3_HARD_COMPONENT,0.5,1.0,0.5,0.6666666666666666,False,False
Q0076,2,OPCODE_CONTEXT,DROP30_BRIDGE,B4_SOFT_GRAPH,0.0,0.0,0.0,0.0,False,False
Q0096,2,OPCODE_3GRAM,CLEAN,B1_INDEPENDENT,0.0,0.25,0.5,0.3333333333333333,False,False
Q0096,2,OPCODE_3GRAM,CLEAN,B2_EXACT_GLOBAL,0.0,0.0,0.0,0.0,False,False
Q0096,2,OPCODE_3GRAM,CLEAN,B3_HARD_COMPONENT,0.0,0.0,0.0,0.0,False,False
Q0096,2,OPCODE_3GRAM,CLEAN,B4_SOFT_GRAPH,0.0,0.0,0.0,0.0,False,False
Q0096,2,OPCODE_3GRAM,DROP30,B1_INDEPENDENT,0.0,0.25,0.5,0.3333333333333333,False,False
Q0096,2,OPCODE_3GRAM,DROP30,B2_EXACT_GLOBAL,0.0,0.0,0.0,0.0,False,False
Q0096,2,OPCODE_3GRAM,DROP30,B3_HARD_COMPONENT,0.0,0.0,0.0,0.0,False,False
Q0096,2,OPCODE_3GRAM,DROP30,B4_SOFT_GRAPH,0.0,0.0,0.0,0.0,False,False
Q0096,2,OPCODE_3GRAM,BRIDGE,B1_INDEPENDENT,0.0,0.25,0.5,0.3333333333333333,False,False
Q0096,2,OPCODE_3GRAM,BRIDGE,B2_EXACT_GLOBAL,0.0,0.0,0.0,0.0,False,False
Q0096,2,OPCODE_3GRAM,BRIDGE,B3_HARD_COMPONENT,0.0,0.0,0.0,0.0,False,False
Q0096,2,OPCODE_3GRAM,BRIDGE,B4_SOFT_GRAPH,0.0,0.0,0.0,0.0,False,False
Q0096,2,OPCODE_3GRAM,DROP30_BRIDGE,B1_INDEPENDENT,0.0,0.25,0.5,0.3333333333333333,False,False
Q0096,2,OPCODE_3GRAM,DROP30_BRIDGE,B2_EXACT_GLOBAL,0.0,0.0,0.0,0.0,False,False
Q0096,2,OPCODE_3GRAM,DROP30_BRIDGE,B3_HARD_COMPONENT,0.0,0.0,0.0,0.0,False,False
Q0096,2,OPCODE_3GRAM,DROP30_BRIDGE,B4_SOFT_GRAPH,0.0,0.0,0.0,0.0,False,False
Q0096,2,OPCODE_STRUCT,CLEAN,B1_INDEPENDENT,0.0,0.2,0.5,0.28571428571428575,False,False
Q0096,2,OPCODE_STRUCT,CLEAN,B2_EXACT_GLOBAL,0.0,0.5,0.5,0.5,False,False
Q0096,2,OPCODE_STRUCT,CLEAN,B3_HARD_COMPONENT,0.0,0.5,0.5,0.5,False,False
Q0096,2,OPCODE_STRUCT,CLEAN,B4_SOFT_GRAPH,0.0,0.0,0.0,0.0,False,False
Q0096,2,OPCODE_STRUCT,DROP30,B1_INDEPENDENT,0.0,0.2,0.5,0.28571428571428575,False,False
Q0096,2,OPCODE_STRUCT,DROP30,B2_EXACT_GLOBAL,0.0,0.5,0.5,0.5,False,False
Q0096,2,OPCODE_STRUCT,DROP30,B3_HARD_COMPONENT,0.0,0.3333333333333333,0.5,0.4,False,False
Q0096,2,OPCODE_STRUCT,DROP30,B4_SOFT_GRAPH,0.0,0.5,0.5,0.5,False,False
Q0096,2,OPCODE_STRUCT,BRIDGE,B1_INDEPENDENT,0.0,0.2,0.5,0.28571428571428575,False,False
Q0096,2,OPCODE_STRUCT,BRIDGE,B2_EXACT_GLOBAL,0.0,0.5,0.5,0.5,False,False
Q0096,2,OPCODE_STRUCT,BRIDGE,B3_HARD_COMPONENT,0.0,0.0,0.0,0.0,False,False
Q0096,2,OPCODE_STRUCT,BRIDGE,B4_SOFT_GRAPH,0.0,0.0,0.0,0.0,False,False
Q0096,2,OPCODE_STRUCT,DROP30_BRIDGE,B1_INDEPENDENT,0.0,0.2,0.5,0.28571428571428575,False,False
Q0096,2,OPCODE_STRUCT,DROP30_BRIDGE,B2_EXACT_GLOBAL,0.0,0.5,0.5,0.5,False,False
Q0096,2,OPCODE_STRUCT,DROP30_BRIDGE,B3_HARD_COMPONENT,0.0,0.0,0.0,0.0,False,False
Q0096,2,OPCODE_STRUCT,DROP30_BRIDGE,B4_SOFT_GRAPH,0.0,0.0,0.0,0.0,False,False
Q0096,2,OPCODE_CONTEXT,CLEAN,B1_INDEPENDENT,0.0,0.0,0.0,0.0,False,False
Q0096,2,OPCODE_CONTEXT,CLEAN,B2_EXACT_GLOBAL,0.0,0.0,0.0,0.0,False,False
Q0096,2,OPCODE_CONTEXT,CLEAN,B3_HARD_COMPONENT,0.0,0.0,0.0,0.0,False,False
Q0096,2,OPCODE_CONTEXT,CLEAN,B4_SOFT_GRAPH,0.0,0.0,0.0,0.0,False,False
Q0096,2,OPCODE_CONTEXT,DROP30,B1_INDEPENDENT,0.0,0.0,0.0,0.0,False,False
Q0096,2,OPCODE_CONTEXT,DROP30,B2_EXACT_GLOBAL,0.0,0.0,0.0,0.0,False,False
Q0096,2,OPCODE_CONTEXT,DROP30,B3_HARD_COMPONENT,0.0,0.0,0.0,0.0,False,False
Q0096,2,OPCODE_CONTEXT,DROP30,B4_SOFT_GRAPH,0.0,0.0,0.0,0.0,False,False
Q0096,2,OPCODE_CONTEXT,BRIDGE,B1_INDEPENDENT,0.0,0.0,0.0,0.0,False,False
Q0096,2,OPCODE_CONTEXT,BRIDGE,B2_EXACT_GLOBAL,0.0,0.0,0.0,0.0,False,False
Q0096,2,OPCODE_CONTEXT,BRIDGE,B3_HARD_COMPONENT,0.0,0.0,0.0,0.0,False,False
Q0096,2,OPCODE_CONTEXT,BRIDGE,B4_SOFT_GRAPH,0.0,0.0,0.0,0.0,False,False
Q0096,2,OPCODE_CONTEXT,DROP30_BRIDGE,B1_INDEPENDENT,0.0,0.0,0.0,0.0,False,False
Q0096,2,OPCODE_CONTEXT,DROP30_BRIDGE,B2_EXACT_GLOBAL,0.0,0.0,0.0,0.0,False,False
Q0096,2,OPCODE_CONTEXT,DROP30_BRIDGE,B3_HARD_COMPONENT,0.0,0.0,0.0,0.0,False,False
Q0096,2,OPCODE_CONTEXT,DROP30_BRIDGE,B4_SOFT_GRAPH,0.0,0.0,0.0,0.0,False,False
Q0082,2,OPCODE_3GRAM,CLEAN,B1_INDEPENDENT,0.16666666666666666,0.2,0.5,0.28571428571428575,False,False
Q0082,2,OPCODE_3GRAM,CLEAN,B2_EXACT_GLOBAL,0.16666666666666666,0.5,0.5,0.5,False,False
Q0082,2,OPCODE_3GRAM,CLEAN,B3_HARD_COMPONENT,0.5,0.5,0.5,0.5,False,False
Q0082,2,OPCODE_3GRAM,CLEAN,B4_SOFT_GRAPH,0.0,0.0,0.0,0.0,False,False
Q0082,2,OPCODE_3GRAM,DROP30,B1_INDEPENDENT,0.16666666666666666,0.2,0.5,0.28571428571428575,False,False
Q0082,2,OPCODE_3GRAM,DROP30,B2_EXACT_GLOBAL,0.16666666666666666,0.5,0.5,0.5,False,False
Q0082,2,OPCODE_3GRAM,DROP30,B3_HARD_COMPONENT,0.16666666666666666,0.25,0.5,0.3333333333333333,False,False
Q0082,2,OPCODE_3GRAM,DROP30,B4_SOFT_GRAPH,0.0,0.0,0.0,0.0,False,False
Q0082,2,OPCODE_3GRAM,BRIDGE,B1_INDEPENDENT,0.16666666666666666,0.2,0.5,0.28571428571428575,False,False
Q0082,2,OPCODE_3GRAM,BRIDGE,B2_EXACT_GLOBAL,0.16666666666666666,0.5,0.5,0.5,False,False
Q0082,2,OPCODE_3GRAM,BRIDGE,B3_HARD_COMPONENT,0.0,0.0,0.0,0.0,False,False
Q0082,2,OPCODE_3GRAM,BRIDGE,B4_SOFT_GRAPH,0.0,0.0,0.0,0.0,False,False
Q0082,2,OPCODE_3GRAM,DROP30_BRIDGE,B1_INDEPENDENT,0.16666666666666666,0.2,0.5,0.28571428571428575,False,False
Q0082,2,OPCODE_3GRAM,DROP30_BRIDGE,B2_EXACT_GLOBAL,0.16666666666666666,0.5,0.5,0.5,False,False
Q0082,2,OPCODE_3GRAM,DROP30_BRIDGE,B3_HARD_COMPONENT,0.0,0.0,0.0,0.0,False,False
Q0082,2,OPCODE_3GRAM,DROP30_BRIDGE,B4_SOFT_GRAPH,0.0,0.0,0.0,0.0,False,False
Q0082,2,OPCODE_STRUCT,CLEAN,B1_INDEPENDENT,0.3333333333333333,0.5,1.0,0.6666666666666666,False,False
Q0082,2,OPCODE_STRUCT,CLEAN,B2_EXACT_GLOBAL,0.6666666666666666,1.0,1.0,1.0,True,False
Q0082,2,OPCODE_STRUCT,CLEAN,B3_HARD_COMPONENT,0.5,0.5,0.5,0.5,False,False
Q0082,2,OPCODE_STRUCT,CLEAN,B4_SOFT_GRAPH,0.0,0.5,0.5,0.5,False,False
Q0082,2,OPCODE_STRUCT,DROP30,B1_INDEPENDENT,0.3333333333333333,0.5,1.0,0.6666666666666666,False,False
Q0082,2,OPCODE_STRUCT,DROP30,B2_EXACT_GLOBAL,0.6666666666666666,1.0,1.0,1.0,True,False
Q0082,2,OPCODE_STRUCT,DROP30,B3_HARD_COMPONENT,0.16666666666666666,0.6666666666666666,1.0,0.8,False,False
Q0082,2,OPCODE_STRUCT,DROP30,B4_SOFT_GRAPH,0.0,0.3333333333333333,0.5,0.4,False,False
Q0082,2,OPCODE_STRUCT,BRIDGE,B1_INDEPENDENT,0.3333333333333333,0.5,1.0,0.6666666666666666,False,False
Q0082,2,OPCODE_STRUCT,BRIDGE,B2_EXACT_GLOBAL,0.6666666666666666,1.0,1.0,1.0,True,False
Q0082,2,OPCODE_STRUCT,BRIDGE,B3_HARD_COMPONENT,0.5,1.0,0.5,0.6666666666666666,False,False
Q0082,2,OPCODE_STRUCT,BRIDGE,B4_SOFT_GRAPH,0.5,1.0,0.5,0.6666666666666666,False,False
Q0082,2,OPCODE_STRUCT,DROP30_BRIDGE,B1_INDEPENDENT,0.3333333333333333,0.5,1.0,0.6666666666666666,False,False
Q0082,2,OPCODE_STRUCT,DROP30_BRIDGE,B2_EXACT_GLOBAL,0.6666666666666666,1.0,1.0,1.0,True,False
Q0082,2,OPCODE_STRUCT,DROP30_BRIDGE,B3_HARD_COMPONENT,0.3333333333333333,1.0,1.0,1.0,True,False
Q0082,2,OPCODE_STRUCT,DROP30_BRIDGE,B4_SOFT_GRAPH,0.5,1.0,0.5,0.6666666666666666,False,False
Q0082,2,OPCODE_CONTEXT,CLEAN,B1_INDEPENDENT,0.3333333333333333,0.4,1.0,0.5714285714285715,False,False
Q0082,2,OPCODE_CONTEXT,CLEAN,B2_EXACT_GLOBAL,0.16666666666666666,0.5,0.5,0.5,False,False
Q0082,2,OPCODE_CONTEXT,CLEAN,B3_HARD_COMPONENT,1.0,1.0,1.0,1.0,True,True
Q0082,2,OPCODE_CONTEXT,CLEAN,B4_SOFT_GRAPH,0.3333333333333333,0.3333333333333333,0.5,0.4,False,False
Q0082,2,OPCODE_CONTEXT,DROP30,B1_INDEPENDENT,0.3333333333333333,0.4,1.0,0.5714285714285715,False,False
Q0082,2,OPCODE_CONTEXT,DROP30,B2_EXACT_GLOBAL,0.16666666666666666,0.5,0.5,0.5,False,False
Q0082,2,OPCODE_CONTEXT,DROP30,B3_HARD_COMPONENT,0.6666666666666666,0.5,1.0,0.6666666666666666,False,False
Q0082,2,OPCODE_CONTEXT,DROP30,B4_SOFT_GRAPH,0.3333333333333333,0.3333333333333333,0.5,0.4,False,False
Q0082,2,OPCODE_CONTEXT,BRIDGE,B1_INDEPENDENT,0.3333333333333333,0.4,1.0,0.5714285714285715,False,False
Q0082,2,OPCODE_CONTEXT,BRIDGE,B2_EXACT_GLOBAL,0.16666666666666666,0.5,0.5,0.5,False,False
Q0082,2,OPCODE_CONTEXT,BRIDGE,B3_HARD_COMPONENT,0.0,0.0,0.0,0.0,False,False
Q0082,2,OPCODE_CONTEXT,BRIDGE,B4_SOFT_GRAPH,0.3333333333333333,0.3333333333333333,0.5,0.4,False,False
Q0082,2,OPCODE_CONTEXT,DROP30_BRIDGE,B1_INDEPENDENT,0.3333333333333333,0.4,1.0,0.5714285714285715,False,False
Q0082,2,OPCODE_CONTEXT,DROP30_BRIDGE,B2_EXACT_GLOBAL,0.16666666666666666,0.5,0.5,0.5,False,False
Q0082,2,OPCODE_CONTEXT,DROP30_BRIDGE,B3_HARD_COMPONENT,0.0,0.0,0.0,0.0,False,False
Q0082,2,OPCODE_CONTEXT,DROP30_BRIDGE,B4_SOFT_GRAPH,0.3333333333333333,0.3333333333333333,0.5,0.4,False,False
Q0042,2,OPCODE_3GRAM,CLEAN,B1_INDEPENDENT,0.5,0.25,0.5,0.3333333333333333,False,False
Q0042,2,OPCODE_3GRAM,CLEAN,B2_EXACT_GLOBAL,0.5,0.5,0.5,0.5,False,False
Q0042,2,OPCODE_3GRAM,CLEAN,B3_HARD_COMPONENT,0.5,0.5,0.5,0.5,False,False
Q0042,2,OPCODE_3GRAM,CLEAN,B4_SOFT_GRAPH,0.5,0.5,0.5,0.5,False,False
Q0042,2,OPCODE_3GRAM,DROP30,B1_INDEPENDENT,0.5,0.25,0.5,0.3333333333333333,False,False
Q0042,2,OPCODE_3GRAM,DROP30,B2_EXACT_GLOBAL,0.5,0.5,0.5,0.5,False,False
Q0042,2,OPCODE_3GRAM,DROP30,B3_HARD_COMPONENT,0.5,0.3333333333333333,0.5,0.4,False,False
Q0042,2,OPCODE_3GRAM,DROP30,B4_SOFT_GRAPH,0.5,0.3333333333333333,0.5,0.4,False,False
Q0042,2,OPCODE_3GRAM,BRIDGE,B1_INDEPENDENT,0.5,0.25,0.5,0.3333333333333333,False,False
Q0042,2,OPCODE_3GRAM,BRIDGE,B2_EXACT_GLOBAL,0.5,0.5,0.5,0.5,False,False
Q0042,2,OPCODE_3GRAM,BRIDGE,B3_HARD_COMPONENT,0.5,1.0,0.5,0.6666666666666666,False,False
Q0042,2,OPCODE_3GRAM,BRIDGE,B4_SOFT_GRAPH,0.5,0.5,0.5,0.5,False,False
Q0042,2,OPCODE_3GRAM,DROP30_BRIDGE,B1_INDEPENDENT,0.5,0.25,0.5,0.3333333333333333,False,False
Q0042,2,OPCODE_3GRAM,DROP30_BRIDGE,B2_EXACT_GLOBAL,0.5,0.5,0.5,0.5,False,False
Q0042,2,OPCODE_3GRAM,DROP30_BRIDGE,B3_HARD_COMPONENT,0.5,0.5,0.5,0.5,False,False
Q0042,2,OPCODE_3GRAM,DROP30_BRIDGE,B4_SOFT_GRAPH,0.5,0.3333333333333333,0.5,0.4,False,False
Q0042,2,OPCODE_STRUCT,CLEAN,B1_INDEPENDENT,0.5,0.25,0.5,0.3333333333333333,False,False
Q0042,2,OPCODE_STRUCT,CLEAN,B2_EXACT_GLOBAL,0.5,0.5,0.5,0.5,False,False
Q0042,2,OPCODE_STRUCT,CLEAN,B3_HARD_COMPONENT,0.5,0.5,0.5,0.5,False,False
Q0042,2,OPCODE_STRUCT,CLEAN,B4_SOFT_GRAPH,0.5,0.5,0.5,0.5,False,False
Q0042,2,OPCODE_STRUCT,DROP30,B1_INDEPENDENT,0.5,0.25,0.5,0.3333333333333333,False,False
Q0042,2,OPCODE_STRUCT,DROP30,B2_EXACT_GLOBAL,0.5,0.5,0.5,0.5,False,False
Q0042,2,OPCODE_STRUCT,DROP30,B3_HARD_COMPONENT,0.5,0.5,0.5,0.5,False,False
Q0042,2,OPCODE_STRUCT,DROP30,B4_SOFT_GRAPH,0.5,0.25,0.5,0.3333333333333333,False,False
Q0042,2,OPCODE_STRUCT,BRIDGE,B1_INDEPENDENT,0.5,0.25,0.5,0.3333333333333333,False,False
Q0042,2,OPCODE_STRUCT,BRIDGE,B2_EXACT_GLOBAL,0.5,0.5,0.5,0.5,False,False
Q0042,2,OPCODE_STRUCT,BRIDGE,B3_HARD_COMPONENT,0.5,1.0,0.5,0.6666666666666666,False,False
Q0042,2,OPCODE_STRUCT,BRIDGE,B4_SOFT_GRAPH,0.5,0.5,0.5,0.5,False,False
Q0042,2,OPCODE_STRUCT,DROP30_BRIDGE,B1_INDEPENDENT,0.5,0.25,0.5,0.3333333333333333,False,False
Q0042,2,OPCODE_STRUCT,DROP30_BRIDGE,B2_EXACT_GLOBAL,0.5,0.5,0.5,0.5,False,False
Q0042,2,OPCODE_STRUCT,DROP30_BRIDGE,B3_HARD_COMPONENT,0.5,0.5,0.5,0.5,False,False
Q0042,2,OPCODE_STRUCT,DROP30_BRIDGE,B4_SOFT_GRAPH,0.5,0.3333333333333333,0.5,0.4,False,False
Q0042,2,OPCODE_CONTEXT,CLEAN,B1_INDEPENDENT,0.5,0.25,0.5,0.3333333333333333,False,False
Q0042,2,OPCODE_CONTEXT,CLEAN,B2_EXACT_GLOBAL,0.5,0.5,0.5,0.5,False,False
Q0042,2,OPCODE_CONTEXT,CLEAN,B3_HARD_COMPONENT,0.5,0.5,0.5,0.5,False,False
Q0042,2,OPCODE_CONTEXT,CLEAN,B4_SOFT_GRAPH,0.5,0.25,0.5,0.3333333333333333,False,False
Q0042,2,OPCODE_CONTEXT,DROP30,B1_INDEPENDENT,0.5,0.25,0.5,0.3333333333333333,False,False
Q0042,2,OPCODE_CONTEXT,DROP30,B2_EXACT_GLOBAL,0.5,0.5,0.5,0.5,False,False
Q0042,2,OPCODE_CONTEXT,DROP30,B3_HARD_COMPONENT,0.5,0.3333333333333333,0.5,0.4,False,False
Q0042,2,OPCODE_CONTEXT,DROP30,B4_SOFT_GRAPH,0.5,0.25,0.5,0.3333333333333333,False,False
Q0042,2,OPCODE_CONTEXT,BRIDGE,B1_INDEPENDENT,0.5,0.25,0.5,0.3333333333333333,False,False
Q0042,2,OPCODE_CONTEXT,BRIDGE,B2_EXACT_GLOBAL,0.5,0.5,0.5,0.5,False,False
Q0042,2,OPCODE_CONTEXT,BRIDGE,B3_HARD_COMPONENT,0.5,1.0,0.5,0.6666666666666666,False,False
Q0042,2,OPCODE_CONTEXT,BRIDGE,B4_SOFT_GRAPH,0.5,0.25,0.5,0.3333333333333333,False,False
Q0042,2,OPCODE_CONTEXT,DROP30_BRIDGE,B1_INDEPENDENT,0.5,0.25,0.5,0.3333333333333333,False,False
Q0042,2,OPCODE_CONTEXT,DROP30_BRIDGE,B2_EXACT_GLOBAL,0.5,0.5,0.5,0.5,False,False
Q0042,2,OPCODE_CONTEXT,DROP30_BRIDGE,B3_HARD_COMPONENT,0.5,0.5,0.5,0.5,False,False
Q0042,2,OPCODE_CONTEXT,DROP30_BRIDGE,B4_SOFT_GRAPH,0.5,0.25,0.5,0.3333333333333333,False,False
Q0057,2,OPCODE_3GRAM,CLEAN,B1_INDEPENDENT,0.3333333333333333,0.4,1.0,0.5714285714285715,False,False
Q0057,2,OPCODE_3GRAM,CLEAN,B2_EXACT_GLOBAL,0.3333333333333333,0.5,0.5,0.5,False,False
Q0057,2,OPCODE_3GRAM,CLEAN,B3_HARD_COMPONENT,0.5,0.5,0.5,0.5,False,False
Q0057,2,OPCODE_3GRAM,CLEAN,B4_SOFT_GRAPH,0.16666666666666666,0.25,0.5,0.3333333333333333,False,False
Q0057,2,OPCODE_3GRAM,DROP30,B1_INDEPENDENT,0.3333333333333333,0.4,1.0,0.5714285714285715,False,False
Q0057,2,OPCODE_3GRAM,DROP30,B2_EXACT_GLOBAL,0.3333333333333333,0.5,0.5,0.5,False,False
Q0057,2,OPCODE_3GRAM,DROP30,B3_HARD_COMPONENT,0.16666666666666666,0.25,0.5,0.3333333333333333,False,False
Q0057,2,OPCODE_3GRAM,DROP30,B4_SOFT_GRAPH,0.16666666666666666,0.25,0.5,0.3333333333333333,False,False
Q0057,2,OPCODE_3GRAM,BRIDGE,B1_INDEPENDENT,0.3333333333333333,0.4,1.0,0.5714285714285715,False,False
Q0057,2,OPCODE_3GRAM,BRIDGE,B2_EXACT_GLOBAL,0.3333333333333333,0.5,0.5,0.5,False,False
Q0057,2,OPCODE_3GRAM,BRIDGE,B3_HARD_COMPONENT,0.5,1.0,0.5,0.6666666666666666,False,False
Q0057,2,OPCODE_3GRAM,BRIDGE,B4_SOFT_GRAPH,0.16666666666666666,0.3333333333333333,0.5,0.4,False,False
Q0057,2,OPCODE_3GRAM,DROP30_BRIDGE,B1_INDEPENDENT,0.3333333333333333,0.4,1.0,0.5714285714285715,False,False
Q0057,2,OPCODE_3GRAM,DROP30_BRIDGE,B2_EXACT_GLOBAL,0.3333333333333333,0.5,0.5,0.5,False,False
Q0057,2,OPCODE_3GRAM,DROP30_BRIDGE,B3_HARD_COMPONENT,0.16666666666666666,0.3333333333333333,0.5,0.4,False,False
Q0057,2,OPCODE_3GRAM,DROP30_BRIDGE,B4_SOFT_GRAPH,0.16666666666666666,0.3333333333333333,0.5,0.4,False,False
Q0057,2,OPCODE_STRUCT,CLEAN,B1_INDEPENDENT,0.3333333333333333,0.3333333333333333,1.0,0.5,False,False
Q0057,2,OPCODE_STRUCT,CLEAN,B2_EXACT_GLOBAL,0.3333333333333333,0.5,0.5,0.5,False,False
Q0057,2,OPCODE_STRUCT,CLEAN,B3_HARD_COMPONENT,0.5,0.5,0.5,0.5,False,False
Q0057,2,OPCODE_STRUCT,CLEAN,B4_SOFT_GRAPH,0.16666666666666666,0.3333333333333333,0.5,0.4,False,False
Q0057,2,OPCODE_STRUCT,DROP30,B1_INDEPENDENT,0.3333333333333333,0.3333333333333333,1.0,0.5,False,False
Q0057,2,OPCODE_STRUCT,DROP30,B2_EXACT_GLOBAL,0.3333333333333333,0.5,0.5,0.5,False,False
Q0057,2,OPCODE_STRUCT,DROP30,B3_HARD_COMPONENT,0.16666666666666666,0.3333333333333333,0.5,0.4,False,False
Q0057,2,OPCODE_STRUCT,DROP30,B4_SOFT_GRAPH,0.16666666666666666,0.3333333333333333,0.5,0.4,False,False
Q0057,2,OPCODE_STRUCT,BRIDGE,B1_INDEPENDENT,0.3333333333333333,0.3333333333333333,1.0,0.5,False,False
Q0057,2,OPCODE_STRUCT,BRIDGE,B2_EXACT_GLOBAL,0.3333333333333333,0.5,0.5,0.5,False,False
Q0057,2,OPCODE_STRUCT,BRIDGE,B3_HARD_COMPONENT,0.5,1.0,0.5,0.6666666666666666,False,False
Q0057,2,OPCODE_STRUCT,BRIDGE,B4_SOFT_GRAPH,0.16666666666666666,0.3333333333333333,0.5,0.4,False,False
Q0057,2,OPCODE_STRUCT,DROP30_BRIDGE,B1_INDEPENDENT,0.3333333333333333,0.3333333333333333,1.0,0.5,False,False
Q0057,2,OPCODE_STRUCT,DROP30_BRIDGE,B2_EXACT_GLOBAL,0.3333333333333333,0.5,0.5,0.5,False,False
Q0057,2,OPCODE_STRUCT,DROP30_BRIDGE,B3_HARD_COMPONENT,0.16666666666666666,0.3333333333333333,0.5,0.4,False,False
Q0057,2,OPCODE_STRUCT,DROP30_BRIDGE,B4_SOFT_GRAPH,0.16666666666666666,0.3333333333333333,0.5,0.4,False,False
Q0057,2,OPCODE_CONTEXT,CLEAN,B1_INDEPENDENT,0.6666666666666666,0.5,1.0,0.6666666666666666,False,False
Q0057,2,OPCODE_CONTEXT,CLEAN,B2_EXACT_GLOBAL,1.0,1.0,1.0,1.0,True,True
Q0057,2,OPCODE_CONTEXT,CLEAN,B3_HARD_COMPONENT,1.0,1.0,1.0,1.0,True,True
Q0057,2,OPCODE_CONTEXT,CLEAN,B4_SOFT_GRAPH,0.6666666666666666,0.5,1.0,0.6666666666666666,False,False
Q0057,2,OPCODE_CONTEXT,DROP30,B1_INDEPENDENT,0.6666666666666666,0.5,1.0,0.6666666666666666,False,False
Q0057,2,OPCODE_CONTEXT,DROP30,B2_EXACT_GLOBAL,1.0,1.0,1.0,1.0,True,True
Q0057,2,OPCODE_CONTEXT,DROP30,B3_HARD_COMPONENT,0.8333333333333334,0.6666666666666666,1.0,0.8,False,False
Q0057,2,OPCODE_CONTEXT,DROP30,B4_SOFT_GRAPH,0.6666666666666666,0.5,1.0,0.6666666666666666,False,False
Q0057,2,OPCODE_CONTEXT,BRIDGE,B1_INDEPENDENT,0.6666666666666666,0.5,1.0,0.6666666666666666,False,False
Q0057,2,OPCODE_CONTEXT,BRIDGE,B2_EXACT_GLOBAL,1.0,1.0,1.0,1.0,True,True
Q0057,2,OPCODE_CONTEXT,BRIDGE,B3_HARD_COMPONENT,0.5,1.0,0.5,0.6666666666666666,False,False
Q0057,2,OPCODE_CONTEXT,BRIDGE,B4_SOFT_GRAPH,0.6666666666666666,0.5,1.0,0.6666666666666666,False,False
Q0057,2,OPCODE_CONTEXT,DROP30_BRIDGE,B1_INDEPENDENT,0.6666666666666666,0.5,1.0,0.6666666666666666,False,False
Q0057,2,OPCODE_CONTEXT,DROP30_BRIDGE,B2_EXACT_GLOBAL,1.0,1.0,1.0,1.0,True,True
Q0057,2,OPCODE_CONTEXT,DROP30_BRIDGE,B3_HARD_COMPONENT,0.8333333333333334,1.0,1.0,1.0,True,False
Q0057,2,OPCODE_CONTEXT,DROP30_BRIDGE,B4_SOFT_GRAPH,0.6666666666666666,0.5,1.0,0.6666666666666666,False,False
Q0024,2,OPCODE_3GRAM,CLEAN,B1_INDEPENDENT,0.0,0.0,0.0,0.0,False,False
Q0024,2,OPCODE_3GRAM,CLEAN,B2_EXACT_GLOBAL,0.0,0.0,0.0,0.0,False,False
Q0024,2,OPCODE_3GRAM,CLEAN,B3_HARD_COMPONENT,0.0,0.0,0.0,0.0,False,False
Q0024,2,OPCODE_3GRAM,CLEAN,B4_SOFT_GRAPH,0.0,0.0,0.0,0.0,False,False
Q0024,2,OPCODE_3GRAM,DROP30,B1_INDEPENDENT,0.0,0.0,0.0,0.0,False,False
Q0024,2,OPCODE_3GRAM,DROP30,B2_EXACT_GLOBAL,0.0,0.0,0.0,0.0,False,False
Q0024,2,OPCODE_3GRAM,DROP30,B3_HARD_COMPONENT,0.0,0.0,0.0,0.0,False,False
Q0024,2,OPCODE_3GRAM,DROP30,B4_SOFT_GRAPH,0.0,0.0,0.0,0.0,False,False
Q0024,2,OPCODE_3GRAM,BRIDGE,B1_INDEPENDENT,0.0,0.0,0.0,0.0,False,False
Q0024,2,OPCODE_3GRAM,BRIDGE,B2_EXACT_GLOBAL,0.0,0.0,0.0,0.0,False,False
Q0024,2,OPCODE_3GRAM,BRIDGE,B3_HARD_COMPONENT,0.0,0.0,0.0,0.0,False,False
Q0024,2,OPCODE_3GRAM,BRIDGE,B4_SOFT_GRAPH,0.0,0.0,0.0,0.0,False,False
Q0024,2,OPCODE_3GRAM,DROP30_BRIDGE,B1_INDEPENDENT,0.0,0.0,0.0,0.0,False,False
Q0024,2,OPCODE_3GRAM,DROP30_BRIDGE,B2_EXACT_GLOBAL,0.0,0.0,0.0,0.0,False,False
Q0024,2,OPCODE_3GRAM,DROP30_BRIDGE,B3_HARD_COMPONENT,0.0,0.0,0.0,0.0,False,False
Q0024,2,OPCODE_3GRAM,DROP30_BRIDGE,B4_SOFT_GRAPH,0.0,0.0,0.0,0.0,False,False
Q0024,2,OPCODE_STRUCT,CLEAN,B1_INDEPENDENT,0.0,0.0,0.0,0.0,False,False
Q0024,2,OPCODE_STRUCT,CLEAN,B2_EXACT_GLOBAL,0.0,0.0,0.0,0.0,False,False
Q0024,2,OPCODE_STRUCT,CLEAN,B3_HARD_COMPONENT,0.0,0.0,0.0,0.0,False,False
Q0024,2,OPCODE_STRUCT,CLEAN,B4_SOFT_GRAPH,0.0,0.3333333333333333,0.5,0.4,False,False
Q0024,2,OPCODE_STRUCT,DROP30,B1_INDEPENDENT,0.0,0.0,0.0,0.0,False,False
Q0024,2,OPCODE_STRUCT,DROP30,B2_EXACT_GLOBAL,0.0,0.0,0.0,0.0,False,False
Q0024,2,OPCODE_STRUCT,DROP30,B3_HARD_COMPONENT,0.0,0.0,0.0,0.0,False,False
Q0024,2,OPCODE_STRUCT,DROP30,B4_SOFT_GRAPH,0.0,0.0,0.0,0.0,False,False
Q0024,2,OPCODE_STRUCT,BRIDGE,B1_INDEPENDENT,0.0,0.0,0.0,0.0,False,False
Q0024,2,OPCODE_STRUCT,BRIDGE,B2_EXACT_GLOBAL,0.0,0.0,0.0,0.0,False,False
Q0024,2,OPCODE_STRUCT,BRIDGE,B3_HARD_COMPONENT,0.0,0.0,0.0,0.0,False,False
Q0024,2,OPCODE_STRUCT,BRIDGE,B4_SOFT_GRAPH,0.0,0.0,0.0,0.0,False,False
Q0024,2,OPCODE_STRUCT,DROP30_BRIDGE,B1_INDEPENDENT,0.0,0.0,0.0,0.0,False,False
Q0024,2,OPCODE_STRUCT,DROP30_BRIDGE,B2_EXACT_GLOBAL,0.0,0.0,0.0,0.0,False,False
Q0024,2,OPCODE_STRUCT,DROP30_BRIDGE,B3_HARD_COMPONENT,0.0,0.3333333333333333,0.5,0.4,False,False
Q0024,2,OPCODE_STRUCT,DROP30_BRIDGE,B4_SOFT_GRAPH,0.0,0.25,0.5,0.3333333333333333,False,False
Q0024,2,OPCODE_CONTEXT,CLEAN,B1_INDEPENDENT,0.0,0.25,0.5,0.3333333333333333,False,False
Q0024,2,OPCODE_CONTEXT,CLEAN,B2_EXACT_GLOBAL,0.0,0.0,0.0,0.0,False,False
Q0024,2,OPCODE_CONTEXT,CLEAN,B3_HARD_COMPONENT,0.0,0.5,0.5,0.5,False,False
Q0024,2,OPCODE_CONTEXT,CLEAN,B4_SOFT_GRAPH,0.0,0.25,0.5,0.3333333333333333,False,False
Q0024,2,OPCODE_CONTEXT,DROP30,B1_INDEPENDENT,0.0,0.25,0.5,0.3333333333333333,False,False
Q0024,2,OPCODE_CONTEXT,DROP30,B2_EXACT_GLOBAL,0.0,0.0,0.0,0.0,False,False
Q0024,2,OPCODE_CONTEXT,DROP30,B3_HARD_COMPONENT,0.0,0.3333333333333333,0.5,0.4,False,False
Q0024,2,OPCODE_CONTEXT,DROP30,B4_SOFT_GRAPH,0.0,0.25,0.5,0.3333333333333333,False,False
Q0024,2,OPCODE_CONTEXT,BRIDGE,B1_INDEPENDENT,0.0,0.25,0.5,0.3333333333333333,False,False
Q0024,2,OPCODE_CONTEXT,BRIDGE,B2_EXACT_GLOBAL,0.0,0.0,0.0,0.0,False,False
Q0024,2,OPCODE_CONTEXT,BRIDGE,B3_HARD_COMPONENT,0.0,0.0,0.0,0.0,False,False
Q0024,2,OPCODE_CONTEXT,BRIDGE,B4_SOFT_GRAPH,0.0,0.25,0.5,0.3333333333333333,False,False
Q0024,2,OPCODE_CONTEXT,DROP30_BRIDGE,B1_INDEPENDENT,0.0,0.25,0.5,0.3333333333333333,False,False
Q0024,2,OPCODE_CONTEXT,DROP30_BRIDGE,B2_EXACT_GLOBAL,0.0,0.0,0.0,0.0,False,False
Q0024,2,OPCODE_CONTEXT,DROP30_BRIDGE,B3_HARD_COMPONENT,0.3333333333333333,0.3333333333333333,0.5,0.4,False,False
Q0024,2,OPCODE_CONTEXT,DROP30_BRIDGE,B4_SOFT_GRAPH,0.0,0.25,0.5,0.3333333333333333,False,False
Q0045,2,OPCODE_3GRAM,CLEAN,B1_INDEPENDENT,0.16666666666666666,0.16666666666666666,0.5,0.25,False,False
Q0045,2,OPCODE_3GRAM,CLEAN,B2_EXACT_GLOBAL,0.5,0.5,0.5,0.5,False,False
Q0045,2,OPCODE_3GRAM,CLEAN,B3_HARD_COMPONENT,0.5,0.5,0.5,0.5,False,False
Q0045,2,OPCODE_3GRAM,CLEAN,B4_SOFT_GRAPH,0.5,1.0,0.5,0.6666666666666666,False,False
Q0045,2,OPCODE_3GRAM,DROP30,B1_INDEPENDENT,0.16666666666666666,0.16666666666666666,0.5,0.25,False,False
Q0045,2,OPCODE_3GRAM,DROP30,B2_EXACT_GLOBAL,0.5,0.5,0.5,0.5,False,False
Q0045,2,OPCODE_3GRAM,DROP30,B3_HARD_COMPONENT,0.3333333333333333,0.3333333333333333,0.5,0.4,False,False
Q0045,2,OPCODE_3GRAM,DROP30,B4_SOFT_GRAPH,0.3333333333333333,0.5,0.5,0.5,False,False
Q0045,2,OPCODE_3GRAM,BRIDGE,B1_INDEPENDENT,0.16666666666666666,0.16666666666666666,0.5,0.25,False,False
Q0045,2,OPCODE_3GRAM,BRIDGE,B2_EXACT_GLOBAL,0.5,0.5,0.5,0.5,False,False
Q0045,2,OPCODE_3GRAM,BRIDGE,B3_HARD_COMPONENT,0.5,1.0,0.5,0.6666666666666666,False,False
Q0045,2,OPCODE_3GRAM,BRIDGE,B4_SOFT_GRAPH,0.5,1.0,0.5,0.6666666666666666,False,False
Q0045,2,OPCODE_3GRAM,DROP30_BRIDGE,B1_INDEPENDENT,0.16666666666666666,0.16666666666666666,0.5,0.25,False,False
Q0045,2,OPCODE_3GRAM,DROP30_BRIDGE,B2_EXACT_GLOBAL,0.5,0.5,0.5,0.5,False,False
Q0045,2,OPCODE_3GRAM,DROP30_BRIDGE,B3_HARD_COMPONENT,0.3333333333333333,0.5,0.5,0.5,False,False
Q0045,2,OPCODE_3GRAM,DROP30_BRIDGE,B4_SOFT_GRAPH,0.3333333333333333,0.5,0.5,0.5,False,False
Q0045,2,OPCODE_STRUCT,CLEAN,B1_INDEPENDENT,0.16666666666666666,0.25,0.5,0.3333333333333333,False,False
Q0045,2,OPCODE_STRUCT,CLEAN,B2_EXACT_GLOBAL,0.3333333333333333,0.5,0.5,0.5,False,False
Q0045,2,OPCODE_STRUCT,CLEAN,B3_HARD_COMPONENT,0.5,0.5,0.5,0.5,False,False
Q0045,2,OPCODE_STRUCT,CLEAN,B4_SOFT_GRAPH,0.16666666666666666,0.5,0.5,0.5,False,False
Q0045,2,OPCODE_STRUCT,DROP30,B1_INDEPENDENT,0.16666666666666666,0.25,0.5,0.3333333333333333,False,False
Q0045,2,OPCODE_STRUCT,DROP30,B2_EXACT_GLOBAL,0.3333333333333333,0.5,0.5,0.5,False,False
Q0045,2,OPCODE_STRUCT,DROP30,B3_HARD_COMPONENT,0.3333333333333333,0.5,0.5,0.5,False,False
Q0045,2,OPCODE_STRUCT,DROP30,B4_SOFT_GRAPH,0.16666666666666666,0.3333333333333333,0.5,0.4,False,False
Q0045,2,OPCODE_STRUCT,BRIDGE,B1_INDEPENDENT,0.16666666666666666,0.25,0.5,0.3333333333333333,False,False
Q0045,2,OPCODE_STRUCT,BRIDGE,B2_EXACT_GLOBAL,0.3333333333333333,0.5,0.5,0.5,False,False
Q0045,2,OPCODE_STRUCT,BRIDGE,B3_HARD_COMPONENT,0.5,1.0,0.5,0.6666666666666666,False,False
Q0045,2,OPCODE_STRUCT,BRIDGE,B4_SOFT_GRAPH,0.16666666666666666,0.5,0.5,0.5,False,False
Q0045,2,OPCODE_STRUCT,DROP30_BRIDGE,B1_INDEPENDENT,0.16666666666666666,0.25,0.5,0.3333333333333333,False,False
Q0045,2,OPCODE_STRUCT,DROP30_BRIDGE,B2_EXACT_GLOBAL,0.3333333333333333,0.5,0.5,0.5,False,False
Q0045,2,OPCODE_STRUCT,DROP30_BRIDGE,B3_HARD_COMPONENT,0.3333333333333333,0.5,0.5,0.5,False,False
Q0045,2,OPCODE_STRUCT,DROP30_BRIDGE,B4_SOFT_GRAPH,0.16666666666666666,0.3333333333333333,0.5,0.4,False,False
Q0045,2,OPCODE_CONTEXT,CLEAN,B1_INDEPENDENT,0.16666666666666666,0.25,0.5,0.3333333333333333,False,False
Q0045,2,OPCODE_CONTEXT,CLEAN,B2_EXACT_GLOBAL,0.16666666666666666,0.5,0.5,0.5,False,False
Q0045,2,OPCODE_CONTEXT,CLEAN,B3_HARD_COMPONENT,0.0,0.5,0.5,0.5,False,False
Q0045,2,OPCODE_CONTEXT,CLEAN,B4_SOFT_GRAPH,0.16666666666666666,0.25,0.5,0.3333333333333333,False,False
Q0045,2,OPCODE_CONTEXT,DROP30,B1_INDEPENDENT,0.16666666666666666,0.25,0.5,0.3333333333333333,False,False
Q0045,2,OPCODE_CONTEXT,DROP30,B2_EXACT_GLOBAL,0.16666666666666666,0.5,0.5,0.5,False,False
Q0045,2,OPCODE_CONTEXT,DROP30,B3_HARD_COMPONENT,0.0,0.3333333333333333,0.5,0.4,False,False
Q0045,2,OPCODE_CONTEXT,DROP30,B4_SOFT_GRAPH,0.16666666666666666,0.25,0.5,0.3333333333333333,False,False
Q0045,2,OPCODE_CONTEXT,BRIDGE,B1_INDEPENDENT,0.16666666666666666,0.25,0.5,0.3333333333333333,False,False
Q0045,2,OPCODE_CONTEXT,BRIDGE,B2_EXACT_GLOBAL,0.16666666666666666,0.5,0.5,0.5,False,False
Q0045,2,OPCODE_CONTEXT,BRIDGE,B3_HARD_COMPONENT,0.0,0.0,0.0,0.0,False,False
Q0045,2,OPCODE_CONTEXT,BRIDGE,B4_SOFT_GRAPH,0.16666666666666666,0.25,0.5,0.3333333333333333,False,False
Q0045,2,OPCODE_CONTEXT,DROP30_BRIDGE,B1_INDEPENDENT,0.16666666666666666,0.25,0.5,0.3333333333333333,False,False
Q0045,2,OPCODE_CONTEXT,DROP30_BRIDGE,B2_EXACT_GLOBAL,0.16666666666666666,0.5,0.5,0.5,False,False
Q0045,2,OPCODE_CONTEXT,DROP30_BRIDGE,B3_HARD_COMPONENT,0.3333333333333333,0.5,0.5,0.5,False,False
Q0045,2,OPCODE_CONTEXT,DROP30_BRIDGE,B4_SOFT_GRAPH,0.16666666666666666,0.25,0.5,0.3333333333333333,False,False
Q0085,2,OPCODE_3GRAM,CLEAN,B1_INDEPENDENT,0.3333333333333333,0.4,1.0,0.5714285714285715,False,False
Q0085,2,OPCODE_3GRAM,CLEAN,B2_EXACT_GLOBAL,0.16666666666666666,0.5,0.5,0.5,False,False
Q0085,2,OPCODE_3GRAM,CLEAN,B3_HARD_COMPONENT,1.0,1.0,1.0,1.0,True,True
Q0085,2,OPCODE_3GRAM,CLEAN,B4_SOFT_GRAPH,0.16666666666666666,0.5,0.5,0.5,False,False
Q0085,2,OPCODE_3GRAM,DROP30,B1_INDEPENDENT,0.3333333333333333,0.4,1.0,0.5714285714285715,False,False
Q0085,2,OPCODE_3GRAM,DROP30,B2_EXACT_GLOBAL,0.16666666666666666,0.5,0.5,0.5,False,False
Q0085,2,OPCODE_3GRAM,DROP30,B3_HARD_COMPONENT,0.8333333333333334,0.6666666666666666,1.0,0.8,False,False
Q0085,2,OPCODE_3GRAM,DROP30,B4_SOFT_GRAPH,0.16666666666666666,0.3333333333333333,0.5,0.4,False,False
Q0085,2,OPCODE_3GRAM,BRIDGE,B1_INDEPENDENT,0.3333333333333333,0.4,1.0,0.5714285714285715,False,False
Q0085,2,OPCODE_3GRAM,BRIDGE,B2_EXACT_GLOBAL,0.16666666666666666,0.5,0.5,0.5,False,False
Q0085,2,OPCODE_3GRAM,BRIDGE,B3_HARD_COMPONENT,0.0,0.0,0.0,0.0,False,False
Q0085,2,OPCODE_3GRAM,BRIDGE,B4_SOFT_GRAPH,0.16666666666666666,0.5,0.5,0.5,False,False
Q0085,2,OPCODE_3GRAM,DROP30_BRIDGE,B1_INDEPENDENT,0.3333333333333333,0.4,1.0,0.5714285714285715,False,False
Q0085,2,OPCODE_3GRAM,DROP30_BRIDGE,B2_EXACT_GLOBAL,0.16666666666666666,0.5,0.5,0.5,False,False
Q0085,2,OPCODE_3GRAM,DROP30_BRIDGE,B3_HARD_COMPONENT,0.5,0.6666666666666666,1.0,0.8,False,False
Q0085,2,OPCODE_3GRAM,DROP30_BRIDGE,B4_SOFT_GRAPH,0.16666666666666666,0.5,0.5,0.5,False,False
Q0085,2,OPCODE_STRUCT,CLEAN,B1_INDEPENDENT,0.3333333333333333,0.4,1.0,0.5714285714285715,False,False
Q0085,2,OPCODE_STRUCT,CLEAN,B2_EXACT_GLOBAL,0.16666666666666666,0.5,0.5,0.5,False,False
Q0085,2,OPCODE_STRUCT,CLEAN,B3_HARD_COMPONENT,1.0,1.0,1.0,1.0,True,True
Q0085,2,OPCODE_STRUCT,CLEAN,B4_SOFT_GRAPH,0.16666666666666666,0.5,0.5,0.5,False,False
Q0085,2,OPCODE_STRUCT,DROP30,B1_INDEPENDENT,0.3333333333333333,0.4,1.0,0.5714285714285715,False,False
Q0085,2,OPCODE_STRUCT,DROP30,B2_EXACT_GLOBAL,0.16666666666666666,0.5,0.5,0.5,False,False
Q0085,2,OPCODE_STRUCT,DROP30,B3_HARD_COMPONENT,0.8333333333333334,0.6666666666666666,1.0,0.8,False,False
Q0085,2,OPCODE_STRUCT,DROP30,B4_SOFT_GRAPH,0.16666666666666666,0.25,0.5,0.3333333333333333,False,False
Q0085,2,OPCODE_STRUCT,BRIDGE,B1_INDEPENDENT,0.3333333333333333,0.4,1.0,0.5714285714285715,False,False
Q0085,2,OPCODE_STRUCT,BRIDGE,B2_EXACT_GLOBAL,0.16666666666666666,0.5,0.5,0.5,False,False
Q0085,2,OPCODE_STRUCT,BRIDGE,B3_HARD_COMPONENT,0.0,0.0,0.0,0.0,False,False
Q0085,2,OPCODE_STRUCT,BRIDGE,B4_SOFT_GRAPH,0.16666666666666666,0.5,0.5,0.5,False,False
Q0085,2,OPCODE_STRUCT,DROP30_BRIDGE,B1_INDEPENDENT,0.3333333333333333,0.4,1.0,0.5714285714285715,False,False
Q0085,2,OPCODE_STRUCT,DROP30_BRIDGE,B2_EXACT_GLOBAL,0.16666666666666666,0.5,0.5,0.5,False,False
Q0085,2,OPCODE_STRUCT,DROP30_BRIDGE,B3_HARD_COMPONENT,0.16666666666666666,0.3333333333333333,0.5,0.4,False,False
Q0085,2,OPCODE_STRUCT,DROP30_BRIDGE,B4_SOFT_GRAPH,0.16666666666666666,0.5,0.5,0.5,False,False
Q0085,2,OPCODE_CONTEXT,CLEAN,B1_INDEPENDENT,0.3333333333333333,0.4,1.0,0.5714285714285715,False,False
Q0085,2,OPCODE_CONTEXT,CLEAN,B2_EXACT_GLOBAL,0.6666666666666666,1.0,1.0,1.0,True,False
Q0085,2,OPCODE_CONTEXT,CLEAN,B3_HARD_COMPONENT,0.5,0.5,0.5,0.5,False,False
Q0085,2,OPCODE_CONTEXT,CLEAN,B4_SOFT_GRAPH,0.16666666666666666,0.3333333333333333,0.5,0.4,False,False
Q0085,2,OPCODE_CONTEXT,DROP30,B1_INDEPENDENT,0.3333333333333333,0.4,1.0,0.5714285714285715,False,False
Q0085,2,OPCODE_CONTEXT,DROP30,B2_EXACT_GLOBAL,0.6666666666666666,1.0,1.0,1.0,True,False
Q0085,2,OPCODE_CONTEXT,DROP30,B3_HARD_COMPONENT,0.6666666666666666,0.6666666666666666,1.0,0.8,False,False
Q0085,2,OPCODE_CONTEXT,DROP30,B4_SOFT_GRAPH,0.16666666666666666,0.3333333333333333,0.5,0.4,False,False
Q0085,2,OPCODE_CONTEXT,BRIDGE,B1_INDEPENDENT,0.3333333333333333,0.4,1.0,0.5714285714285715,False,False
Q0085,2,OPCODE_CONTEXT,BRIDGE,B2_EXACT_GLOBAL,0.6666666666666666,1.0,1.0,1.0,True,False
Q0085,2,OPCODE_CONTEXT,BRIDGE,B3_HARD_COMPONENT,0.5,1.0,0.5,0.6666666666666666,False,False
Q0085,2,OPCODE_CONTEXT,BRIDGE,B4_SOFT_GRAPH,0.16666666666666666,0.3333333333333333,0.5,0.4,False,False
Q0085,2,OPCODE_CONTEXT,DROP30_BRIDGE,B1_INDEPENDENT,0.3333333333333333,0.4,1.0,0.5714285714285715,False,False
Q0085,2,OPCODE_CONTEXT,DROP30_BRIDGE,B2_EXACT_GLOBAL,0.6666666666666666,1.0,1.0,1.0,True,False
Q0085,2,OPCODE_CONTEXT,DROP30_BRIDGE,B3_HARD_COMPONENT,0.5,1.0,1.0,1.0,True,False
Q0085,2,OPCODE_CONTEXT,DROP30_BRIDGE,B4_SOFT_GRAPH,0.16666666666666666,0.3333333333333333,0.5,0.4,False,False
Q0019,2,OPCODE_3GRAM,CLEAN,B1_INDEPENDENT,0.3333333333333333,0.3333333333333333,1.0,0.5,False,False
Q0019,2,OPCODE_3GRAM,CLEAN,B2_EXACT_GLOBAL,1.0,1.0,1.0,1.0,True,True
Q0019,2,OPCODE_3GRAM,CLEAN,B3_HARD_COMPONENT,1.0,1.0,1.0,1.0,True,True
Q0019,2,OPCODE_3GRAM,CLEAN,B4_SOFT_GRAPH,0.8333333333333334,0.6666666666666666,1.0,0.8,False,False
Q0019,2,OPCODE_3GRAM,DROP30,B1_INDEPENDENT,0.3333333333333333,0.3333333333333333,1.0,0.5,False,False
Q0019,2,OPCODE_3GRAM,DROP30,B2_EXACT_GLOBAL,1.0,1.0,1.0,1.0,True,True
Q0019,2,OPCODE_3GRAM,DROP30,B3_HARD_COMPONENT,0.6666666666666666,0.5,1.0,0.6666666666666666,False,False
Q0019,2,OPCODE_3GRAM,DROP30,B4_SOFT_GRAPH,0.6666666666666666,0.5,1.0,0.6666666666666666,False,False
Q0019,2,OPCODE_3GRAM,BRIDGE,B1_INDEPENDENT,0.3333333333333333,0.3333333333333333,1.0,0.5,False,False
Q0019,2,OPCODE_3GRAM,BRIDGE,B2_EXACT_GLOBAL,1.0,1.0,1.0,1.0,True,True
Q0019,2,OPCODE_3GRAM,BRIDGE,B3_HARD_COMPONENT,0.0,0.0,0.0,0.0,False,False
Q0019,2,OPCODE_3GRAM,BRIDGE,B4_SOFT_GRAPH,0.8333333333333334,0.6666666666666666,1.0,0.8,False,False
Q0019,2,OPCODE_3GRAM,DROP30_BRIDGE,B1_INDEPENDENT,0.3333333333333333,0.3333333333333333,1.0,0.5,False,False
Q0019,2,OPCODE_3GRAM,DROP30_BRIDGE,B2_EXACT_GLOBAL,1.0,1.0,1.0,1.0,True,True
Q0019,2,OPCODE_3GRAM,DROP30_BRIDGE,B3_HARD_COMPONENT,0.0,0.0,0.0,0.0,False,False
Q0019,2,OPCODE_3GRAM,DROP30_BRIDGE,B4_SOFT_GRAPH,0.6666666666666666,0.5,1.0,0.6666666666666666,False,False
Q0019,2,OPCODE_STRUCT,CLEAN,B1_INDEPENDENT,0.3333333333333333,0.5,1.0,0.6666666666666666,False,False
Q0019,2,OPCODE_STRUCT,CLEAN,B2_EXACT_GLOBAL,0.3333333333333333,0.5,0.5,0.5,False,False
Q0019,2,OPCODE_STRUCT,CLEAN,B3_HARD_COMPONENT,1.0,1.0,1.0,1.0,True,True
Q0019,2,OPCODE_STRUCT,CLEAN,B4_SOFT_GRAPH,0.16666666666666666,0.3333333333333333,0.5,0.4,False,False
Q0019,2,OPCODE_STRUCT,DROP30,B1_INDEPENDENT,0.3333333333333333,0.5,1.0,0.6666666666666666,False,False
Q0019,2,OPCODE_STRUCT,DROP30,B2_EXACT_GLOBAL,0.3333333333333333,0.5,0.5,0.5,False,False
Q0019,2,OPCODE_STRUCT,DROP30,B3_HARD_COMPONENT,0.6666666666666666,0.5,1.0,0.6666666666666666,False,False
Q0019,2,OPCODE_STRUCT,DROP30,B4_SOFT_GRAPH,0.16666666666666666,0.25,0.5,0.3333333333333333,False,False
Q0019,2,OPCODE_STRUCT,BRIDGE,B1_INDEPENDENT,0.3333333333333333,0.5,1.0,0.6666666666666666,False,False
Q0019,2,OPCODE_STRUCT,BRIDGE,B2_EXACT_GLOBAL,0.3333333333333333,0.5,0.5,0.5,False,False
Q0019,2,OPCODE_STRUCT,BRIDGE,B3_HARD_COMPONENT,0.0,0.0,0.0,0.0,False,False
Q0019,2,OPCODE_STRUCT,BRIDGE,B4_SOFT_GRAPH,0.16666666666666666,0.5,0.5,0.5,False,False
Q0019,2,OPCODE_STRUCT,DROP30_BRIDGE,B1_INDEPENDENT,0.3333333333333333,0.5,1.0,0.6666666666666666,False,False
Q0019,2,OPCODE_STRUCT,DROP30_BRIDGE,B2_EXACT_GLOBAL,0.3333333333333333,0.5,0.5,0.5,False,False
Q0019,2,OPCODE_STRUCT,DROP30_BRIDGE,B3_HARD_COMPONENT,0.5,0.5,0.5,0.5,False,False
Q0019,2,OPCODE_STRUCT,DROP30_BRIDGE,B4_SOFT_GRAPH,0.16666666666666666,0.3333333333333333,0.5,0.4,False,False
Q0019,2,OPCODE_CONTEXT,CLEAN,B1_INDEPENDENT,0.5,0.5,1.0,0.6666666666666666,False,False
Q0019,2,OPCODE_CONTEXT,CLEAN,B2_EXACT_GLOBAL,0.8333333333333334,1.0,1.0,1.0,True,False
Q0019,2,OPCODE_CONTEXT,CLEAN,B3_HARD_COMPONENT,1.0,1.0,1.0,1.0,True,True
Q0019,2,OPCODE_CONTEXT,CLEAN,B4_SOFT_GRAPH,0.3333333333333333,0.3333333333333333,0.5,0.4,False,False
Q0019,2,OPCODE_CONTEXT,DROP30,B1_INDEPENDENT,0.5,0.5,1.0,0.6666666666666666,False,False
Q0019,2,OPCODE_CONTEXT,DROP30,B2_EXACT_GLOBAL,0.8333333333333334,1.0,1.0,1.0,True,False
Q0019,2,OPCODE_CONTEXT,DROP30,B3_HARD_COMPONENT,0.8333333333333334,0.6666666666666666,1.0,0.8,False,False
Q0019,2,OPCODE_CONTEXT,DROP30,B4_SOFT_GRAPH,0.3333333333333333,0.3333333333333333,0.5,0.4,False,False
Q0019,2,OPCODE_CONTEXT,BRIDGE,B1_INDEPENDENT,0.5,0.5,1.0,0.6666666666666666,False,False
Q0019,2,OPCODE_CONTEXT,BRIDGE,B2_EXACT_GLOBAL,0.8333333333333334,1.0,1.0,1.0,True,False
Q0019,2,OPCODE_CONTEXT,BRIDGE,B3_HARD_COMPONENT,0.0,0.0,0.0,0.0,False,False
Q0019,2,OPCODE_CONTEXT,BRIDGE,B4_SOFT_GRAPH,0.3333333333333333,0.3333333333333333,0.5,0.4,False,False
Q0019,2,OPCODE_CONTEXT,DROP30_BRIDGE,B1_INDEPENDENT,0.5,0.5,1.0,0.6666666666666666,False,False
Q0019,2,OPCODE_CONTEXT,DROP30_BRIDGE,B2_EXACT_GLOBAL,0.8333333333333334,1.0,1.0,1.0,True,False
Q0019,2,OPCODE_CONTEXT,DROP30_BRIDGE,B3_HARD_COMPONENT,0.0,0.0,0.0,0.0,False,False
Q0019,2,OPCODE_CONTEXT,DROP30_BRIDGE,B4_SOFT_GRAPH,0.3333333333333333,0.3333333333333333,0.5,0.4,False,False
Q0016,2,OPCODE_3GRAM,CLEAN,B1_INDEPENDENT,0.3333333333333333,0.2,0.5,0.28571428571428575,False,False
Q0016,2,OPCODE_3GRAM,CLEAN,B2_EXACT_GLOBAL,0.3333333333333333,0.5,0.5,0.5,False,False
Q0016,2,OPCODE_3GRAM,CLEAN,B3_HARD_COMPONENT,0.5,0.5,0.5,0.5,False,False
Q0016,2,OPCODE_3GRAM,CLEAN,B4_SOFT_GRAPH,0.0,0.0,0.0,0.0,False,False
Q0016,2,OPCODE_3GRAM,DROP30,B1_INDEPENDENT,0.3333333333333333,0.2,0.5,0.28571428571428575,False,False
Q0016,2,OPCODE_3GRAM,DROP30,B2_EXACT_GLOBAL,0.3333333333333333,0.5,0.5,0.5,False,False
Q0016,2,OPCODE_3GRAM,DROP30,B3_HARD_COMPONENT,0.3333333333333333,0.3333333333333333,0.5,0.4,False,False
Q0016,2,OPCODE_3GRAM,DROP30,B4_SOFT_GRAPH,0.0,0.0,0.0,0.0,False,False
Q0016,2,OPCODE_3GRAM,BRIDGE,B1_INDEPENDENT,0.3333333333333333,0.2,0.5,0.28571428571428575,False,False
Q0016,2,OPCODE_3GRAM,BRIDGE,B2_EXACT_GLOBAL,0.3333333333333333,0.5,0.5,0.5,False,False
Q0016,2,OPCODE_3GRAM,BRIDGE,B3_HARD_COMPONENT,0.5,1.0,0.5,0.6666666666666666,False,False
Q0016,2,OPCODE_3GRAM,BRIDGE,B4_SOFT_GRAPH,0.0,0.0,0.0,0.0,False,False
Q0016,2,OPCODE_3GRAM,DROP30_BRIDGE,B1_INDEPENDENT,0.3333333333333333,0.2,0.5,0.28571428571428575,False,False
Q0016,2,OPCODE_3GRAM,DROP30_BRIDGE,B2_EXACT_GLOBAL,0.3333333333333333,0.5,0.5,0.5,False,False
Q0016,2,OPCODE_3GRAM,DROP30_BRIDGE,B3_HARD_COMPONENT,0.5,0.5,0.5,0.5,False,False
Q0016,2,OPCODE_3GRAM,DROP30_BRIDGE,B4_SOFT_GRAPH,0.0,0.0,0.0,0.0,False,False
Q0016,2,OPCODE_STRUCT,CLEAN,B1_INDEPENDENT,0.3333333333333333,0.4,1.0,0.5714285714285715,False,False
Q0016,2,OPCODE_STRUCT,CLEAN,B2_EXACT_GLOBAL,0.8333333333333334,1.0,1.0,1.0,True,False
Q0016,2,OPCODE_STRUCT,CLEAN,B3_HARD_COMPONENT,0.5,0.5,0.5,0.5,False,False
Q0016,2,OPCODE_STRUCT,CLEAN,B4_SOFT_GRAPH,0.0,0.5,0.5,0.5,False,False
Q0016,2,OPCODE_STRUCT,DROP30,B1_INDEPENDENT,0.3333333333333333,0.4,1.0,0.5714285714285715,False,False
Q0016,2,OPCODE_STRUCT,DROP30,B2_EXACT_GLOBAL,0.8333333333333334,1.0,1.0,1.0,True,False
Q0016,2,OPCODE_STRUCT,DROP30,B3_HARD_COMPONENT,0.3333333333333333,0.6666666666666666,1.0,0.8,False,False
Q0016,2,OPCODE_STRUCT,DROP30,B4_SOFT_GRAPH,0.0,0.5,0.5,0.5,False,False
Q0016,2,OPCODE_STRUCT,BRIDGE,B1_INDEPENDENT,0.3333333333333333,0.4,1.0,0.5714285714285715,False,False
Q0016,2,OPCODE_STRUCT,BRIDGE,B2_EXACT_GLOBAL,0.8333333333333334,1.0,1.0,1.0,True,False
Q0016,2,OPCODE_STRUCT,BRIDGE,B3_HARD_COMPONENT,0.5,1.0,0.5,0.6666666666666666,False,False
Q0016,2,OPCODE_STRUCT,BRIDGE,B4_SOFT_GRAPH,0.0,0.5,0.5,0.5,False,False
Q0016,2,OPCODE_STRUCT,DROP30_BRIDGE,B1_INDEPENDENT,0.3333333333333333,0.4,1.0,0.5714285714285715,False,False
Q0016,2,OPCODE_STRUCT,DROP30_BRIDGE,B2_EXACT_GLOBAL,0.8333333333333334,1.0,1.0,1.0,True,False
Q0016,2,OPCODE_STRUCT,DROP30_BRIDGE,B3_HARD_COMPONENT,0.5,0.5,0.5,0.5,False,False
Q0016,2,OPCODE_STRUCT,DROP30_BRIDGE,B4_SOFT_GRAPH,0.0,0.3333333333333333,0.5,0.4,False,False
Q0016,2,OPCODE_CONTEXT,CLEAN,B1_INDEPENDENT,0.3333333333333333,0.3333333333333333,0.5,0.4,False,False
Q0016,2,OPCODE_CONTEXT,CLEAN,B2_EXACT_GLOBAL,0.3333333333333333,0.5,0.5,0.5,False,False
Q0016,2,OPCODE_CONTEXT,CLEAN,B3_HARD_COMPONENT,0.5,0.5,0.5,0.5,False,False
Q0016,2,OPCODE_CONTEXT,CLEAN,B4_SOFT_GRAPH,0.0,0.0,0.0,0.0,False,False
Q0016,2,OPCODE_CONTEXT,DROP30,B1_INDEPENDENT,0.3333333333333333,0.3333333333333333,0.5,0.4,False,False
Q0016,2,OPCODE_CONTEXT,DROP30,B2_EXACT_GLOBAL,0.3333333333333333,0.5,0.5,0.5,False,False
Q0016,2,OPCODE_CONTEXT,DROP30,B3_HARD_COMPONENT,0.3333333333333333,0.5,0.5,0.5,False,False
Q0016,2,OPCODE_CONTEXT,DROP30,B4_SOFT_GRAPH,0.0,0.0,0.0,0.0,False,False
Q0016,2,OPCODE_CONTEXT,BRIDGE,B1_INDEPENDENT,0.3333333333333333,0.3333333333333333,0.5,0.4,False,False
Q0016,2,OPCODE_CONTEXT,BRIDGE,B2_EXACT_GLOBAL,0.3333333333333333,0.5,0.5,0.5,False,False
Q0016,2,OPCODE_CONTEXT,BRIDGE,B3_HARD_COMPONENT,0.5,1.0,0.5,0.6666666666666666,False,False
Q0016,2,OPCODE_CONTEXT,BRIDGE,B4_SOFT_GRAPH,0.0,0.0,0.0,0.0,False,False
Q0016,2,OPCODE_CONTEXT,DROP30_BRIDGE,B1_INDEPENDENT,0.3333333333333333,0.3333333333333333,0.5,0.4,False,False
Q0016,2,OPCODE_CONTEXT,DROP30_BRIDGE,B2_EXACT_GLOBAL,0.3333333333333333,0.5,0.5,0.5,False,False
Q0016,2,OPCODE_CONTEXT,DROP30_BRIDGE,B3_HARD_COMPONENT,0.5,0.5,0.5,0.5,False,False
Q0016,2,OPCODE_CONTEXT,DROP30_BRIDGE,B4_SOFT_GRAPH,0.0,0.0,0.0,0.0,False,False
Q0062,2,OPCODE_3GRAM,CLEAN,B1_INDEPENDENT,0.16666666666666666,0.25,0.5,0.3333333333333333,False,False
Q0062,2,OPCODE_3GRAM,CLEAN,B2_EXACT_GLOBAL,0.16666666666666666,0.5,0.5,0.5,False,False
Q0062,2,OPCODE_3GRAM,CLEAN,B3_HARD_COMPONENT,0.5,0.5,0.5,0.5,False,False
Q0062,2,OPCODE_3GRAM,CLEAN,B4_SOFT_GRAPH,0.3333333333333333,0.3333333333333333,0.5,0.4,False,False
Q0062,2,OPCODE_3GRAM,DROP30,B1_INDEPENDENT,0.16666666666666666,0.25,0.5,0.3333333333333333,False,False
Q0062,2,OPCODE_3GRAM,DROP30,B2_EXACT_GLOBAL,0.16666666666666666,0.5,0.5,0.5,False,False
Q0062,2,OPCODE_3GRAM,DROP30,B3_HARD_COMPONENT,0.16666666666666666,0.3333333333333333,0.5,0.4,False,False
Q0062,2,OPCODE_3GRAM,DROP30,B4_SOFT_GRAPH,0.16666666666666666,0.3333333333333333,0.5,0.4,False,False
Q0062,2,OPCODE_3GRAM,BRIDGE,B1_INDEPENDENT,0.16666666666666666,0.25,0.5,0.3333333333333333,False,False
Q0062,2,OPCODE_3GRAM,BRIDGE,B2_EXACT_GLOBAL,0.16666666666666666,0.5,0.5,0.5,False,False
Q0062,2,OPCODE_3GRAM,BRIDGE,B3_HARD_COMPONENT,0.5,1.0,0.5,0.6666666666666666,False,False
Q0062,2,OPCODE_3GRAM,BRIDGE,B4_SOFT_GRAPH,0.3333333333333333,0.5,0.5,0.5,False,False
Q0062,2,OPCODE_3GRAM,DROP30_BRIDGE,B1_INDEPENDENT,0.16666666666666666,0.25,0.5,0.3333333333333333,False,False
Q0062,2,OPCODE_3GRAM,DROP30_BRIDGE,B2_EXACT_GLOBAL,0.16666666666666666,0.5,0.5,0.5,False,False
Q0062,2,OPCODE_3GRAM,DROP30_BRIDGE,B3_HARD_COMPONENT,0.3333333333333333,0.3333333333333333,0.5,0.4,False,False
Q0062,2,OPCODE_3GRAM,DROP30_BRIDGE,B4_SOFT_GRAPH,0.16666666666666666,0.25,0.5,0.3333333333333333,False,False
Q0062,2,OPCODE_STRUCT,CLEAN,B1_INDEPENDENT,0.16666666666666666,0.2,0.5,0.28571428571428575,False,False
Q0062,2,OPCODE_STRUCT,CLEAN,B2_EXACT_GLOBAL,0.3333333333333333,0.5,0.5,0.5,False,False
Q0062,2,OPCODE_STRUCT,CLEAN,B3_HARD_COMPONENT,0.5,0.5,0.5,0.5,False,False
Q0062,2,OPCODE_STRUCT,CLEAN,B4_SOFT_GRAPH,0.3333333333333333,0.3333333333333333,0.5,0.4,False,False
Q0062,2,OPCODE_STRUCT,DROP30,B1_INDEPENDENT,0.16666666666666666,0.2,0.5,0.28571428571428575,False,False
Q0062,2,OPCODE_STRUCT,DROP30,B2_EXACT_GLOBAL,0.3333333333333333,0.5,0.5,0.5,False,False
Q0062,2,OPCODE_STRUCT,DROP30,B3_HARD_COMPONENT,0.16666666666666666,0.25,0.5,0.3333333333333333,False,False
Q0062,2,OPCODE_STRUCT,DROP30,B4_SOFT_GRAPH,0.16666666666666666,0.25,0.5,0.3333333333333333,False,False
Q0062,2,OPCODE_STRUCT,BRIDGE,B1_INDEPENDENT,0.16666666666666666,0.2,0.5,0.28571428571428575,False,False
Q0062,2,OPCODE_STRUCT,BRIDGE,B2_EXACT_GLOBAL,0.3333333333333333,0.5,0.5,0.5,False,False
Q0062,2,OPCODE_STRUCT,BRIDGE,B3_HARD_COMPONENT,0.5,1.0,0.5,0.6666666666666666,False,False
Q0062,2,OPCODE_STRUCT,BRIDGE,B4_SOFT_GRAPH,0.3333333333333333,0.5,0.5,0.5,False,False
Q0062,2,OPCODE_STRUCT,DROP30_BRIDGE,B1_INDEPENDENT,0.16666666666666666,0.2,0.5,0.28571428571428575,False,False
Q0062,2,OPCODE_STRUCT,DROP30_BRIDGE,B2_EXACT_GLOBAL,0.3333333333333333,0.5,0.5,0.5,False,False
Q0062,2,OPCODE_STRUCT,DROP30_BRIDGE,B3_HARD_COMPONENT,0.3333333333333333,0.3333333333333333,0.5,0.4,False,False
Q0062,2,OPCODE_STRUCT,DROP30_BRIDGE,B4_SOFT_GRAPH,0.16666666666666666,0.3333333333333333,0.5,0.4,False,False
Q0062,2,OPCODE_CONTEXT,CLEAN,B1_INDEPENDENT,0.16666666666666666,0.2,0.5,0.28571428571428575,False,False
Q0062,2,OPCODE_CONTEXT,CLEAN,B2_EXACT_GLOBAL,0.5,0.5,0.5,0.5,False,False
Q0062,2,OPCODE_CONTEXT,CLEAN,B3_HARD_COMPONENT,0.5,0.5,0.5,0.5,False,False
Q0062,2,OPCODE_CONTEXT,CLEAN,B4_SOFT_GRAPH,0.16666666666666666,0.2,0.5,0.28571428571428575,False,False
Q0062,2,OPCODE_CONTEXT,DROP30,B1_INDEPENDENT,0.16666666666666666,0.2,0.5,0.28571428571428575,False,False
Q0062,2,OPCODE_CONTEXT,DROP30,B2_EXACT_GLOBAL,0.5,0.5,0.5,0.5,False,False
Q0062,2,OPCODE_CONTEXT,DROP30,B3_HARD_COMPONENT,0.16666666666666666,0.25,0.5,0.3333333333333333,False,False
Q0062,2,OPCODE_CONTEXT,DROP30,B4_SOFT_GRAPH,0.16666666666666666,0.2,0.5,0.28571428571428575,False,False
Q0062,2,OPCODE_CONTEXT,BRIDGE,B1_INDEPENDENT,0.16666666666666666,0.2,0.5,0.28571428571428575,False,False
Q0062,2,OPCODE_CONTEXT,BRIDGE,B2_EXACT_GLOBAL,0.5,0.5,0.5,0.5,False,False
Q0062,2,OPCODE_CONTEXT,BRIDGE,B3_HARD_COMPONENT,0.5,1.0,0.5,0.6666666666666666,False,False
Q0062,2,OPCODE_CONTEXT,BRIDGE,B4_SOFT_GRAPH,0.16666666666666666,0.2,0.5,0.28571428571428575,False,False
Q0062,2,OPCODE_CONTEXT,DROP30_BRIDGE,B1_INDEPENDENT,0.16666666666666666,0.2,0.5,0.28571428571428575,False,False
Q0062,2,OPCODE_CONTEXT,DROP30_BRIDGE,B2_EXACT_GLOBAL,0.5,0.5,0.5,0.5,False,False
Q0062,2,OPCODE_CONTEXT,DROP30_BRIDGE,B3_HARD_COMPONENT,0.3333333333333333,0.3333333333333333,0.5,0.4,False,False
Q0062,2,OPCODE_CONTEXT,DROP30_BRIDGE,B4_SOFT_GRAPH,0.16666666666666666,0.2,0.5,0.28571428571428575,False,False
Q0027,2,OPCODE_3GRAM,CLEAN,B1_INDEPENDENT,0.0,0.0,0.0,0.0,False,False
Q0027,2,OPCODE_3GRAM,CLEAN,B2_EXACT_GLOBAL,0.0,0.0,0.0,0.0,False,False
Q0027,2,OPCODE_3GRAM,CLEAN,B3_HARD_COMPONENT,0.0,0.0,0.0,0.0,False,False
Q0027,2,OPCODE_3GRAM,CLEAN,B4_SOFT_GRAPH,0.0,0.0,0.0,0.0,False,False
Q0027,2,OPCODE_3GRAM,DROP30,B1_INDEPENDENT,0.0,0.0,0.0,0.0,False,False
Q0027,2,OPCODE_3GRAM,DROP30,B2_EXACT_GLOBAL,0.0,0.0,0.0,0.0,False,False
Q0027,2,OPCODE_3GRAM,DROP30,B3_HARD_COMPONENT,0.0,0.0,0.0,0.0,False,False
Q0027,2,OPCODE_3GRAM,DROP30,B4_SOFT_GRAPH,0.0,0.0,0.0,0.0,False,False
Q0027,2,OPCODE_3GRAM,BRIDGE,B1_INDEPENDENT,0.0,0.0,0.0,0.0,False,False
Q0027,2,OPCODE_3GRAM,BRIDGE,B2_EXACT_GLOBAL,0.0,0.0,0.0,0.0,False,False
Q0027,2,OPCODE_3GRAM,BRIDGE,B3_HARD_COMPONENT,0.0,0.0,0.0,0.0,False,False
Q0027,2,OPCODE_3GRAM,BRIDGE,B4_SOFT_GRAPH,0.0,0.0,0.0,0.0,False,False
Q0027,2,OPCODE_3GRAM,DROP30_BRIDGE,B1_INDEPENDENT,0.0,0.0,0.0,0.0,False,False
Q0027,2,OPCODE_3GRAM,DROP30_BRIDGE,B2_EXACT_GLOBAL,0.0,0.0,0.0,0.0,False,False
Q0027,2,OPCODE_3GRAM,DROP30_BRIDGE,B3_HARD_COMPONENT,0.0,0.0,0.0,0.0,False,False
Q0027,2,OPCODE_3GRAM,DROP30_BRIDGE,B4_SOFT_GRAPH,0.0,0.0,0.0,0.0,False,False
Q0027,2,OPCODE_STRUCT,CLEAN,B1_INDEPENDENT,0.0,0.0,0.0,0.0,False,False
Q0027,2,OPCODE_STRUCT,CLEAN,B2_EXACT_GLOBAL,0.0,0.0,0.0,0.0,False,False
Q0027,2,OPCODE_STRUCT,CLEAN,B3_HARD_COMPONENT,0.0,0.0,0.0,0.0,False,False
Q0027,2,OPCODE_STRUCT,CLEAN,B4_SOFT_GRAPH,0.0,0.0,0.0,0.0,False,False
Q0027,2,OPCODE_STRUCT,DROP30,B1_INDEPENDENT,0.0,0.0,0.0,0.0,False,False
Q0027,2,OPCODE_STRUCT,DROP30,B2_EXACT_GLOBAL,0.0,0.0,0.0,0.0,False,False
Q0027,2,OPCODE_STRUCT,DROP30,B3_HARD_COMPONENT,0.0,0.0,0.0,0.0,False,False
Q0027,2,OPCODE_STRUCT,DROP30,B4_SOFT_GRAPH,0.0,0.0,0.0,0.0,False,False
Q0027,2,OPCODE_STRUCT,BRIDGE,B1_INDEPENDENT,0.0,0.0,0.0,0.0,False,False
Q0027,2,OPCODE_STRUCT,BRIDGE,B2_EXACT_GLOBAL,0.0,0.0,0.0,0.0,False,False
Q0027,2,OPCODE_STRUCT,BRIDGE,B3_HARD_COMPONENT,0.0,0.0,0.0,0.0,False,False
Q0027,2,OPCODE_STRUCT,BRIDGE,B4_SOFT_GRAPH,0.0,0.0,0.0,0.0,False,False
Q0027,2,OPCODE_STRUCT,DROP30_BRIDGE,B1_INDEPENDENT,0.0,0.0,0.0,0.0,False,False
Q0027,2,OPCODE_STRUCT,DROP30_BRIDGE,B2_EXACT_GLOBAL,0.0,0.0,0.0,0.0,False,False
Q0027,2,OPCODE_STRUCT,DROP30_BRIDGE,B3_HARD_COMPONENT,0.0,0.0,0.0,0.0,False,False
Q0027,2,OPCODE_STRUCT,DROP30_BRIDGE,B4_SOFT_GRAPH,0.0,0.0,0.0,0.0,False,False
Q0027,2,OPCODE_CONTEXT,CLEAN,B1_INDEPENDENT,0.0,0.0,0.0,0.0,False,False
Q0027,2,OPCODE_CONTEXT,CLEAN,B2_EXACT_GLOBAL,0.0,0.0,0.0,0.0,False,False
Q0027,2,OPCODE_CONTEXT,CLEAN,B3_HARD_COMPONENT,0.0,0.0,0.0,0.0,False,False
Q0027,2,OPCODE_CONTEXT,CLEAN,B4_SOFT_GRAPH,0.0,0.0,0.0,0.0,False,False
Q0027,2,OPCODE_CONTEXT,DROP30,B1_INDEPENDENT,0.0,0.0,0.0,0.0,False,False
Q0027,2,OPCODE_CONTEXT,DROP30,B2_EXACT_GLOBAL,0.0,0.0,0.0,0.0,False,False
Q0027,2,OPCODE_CONTEXT,DROP30,B3_HARD_COMPONENT,0.0,0.0,0.0,0.0,False,False
Q0027,2,OPCODE_CONTEXT,DROP30,B4_SOFT_GRAPH,0.0,0.0,0.0,0.0,False,False
Q0027,2,OPCODE_CONTEXT,BRIDGE,B1_INDEPENDENT,0.0,0.0,0.0,0.0,False,False
Q0027,2,OPCODE_CONTEXT,BRIDGE,B2_EXACT_GLOBAL,0.0,0.0,0.0,0.0,False,False
Q0027,2,OPCODE_CONTEXT,BRIDGE,B3_HARD_COMPONENT,0.0,0.0,0.0,0.0,False,False
Q0027,2,OPCODE_CONTEXT,BRIDGE,B4_SOFT_GRAPH,0.0,0.0,0.0,0.0,False,False
Q0027,2,OPCODE_CONTEXT,DROP30_BRIDGE,B1_INDEPENDENT,0.0,0.0,0.0,0.0,False,False
Q0027,2,OPCODE_CONTEXT,DROP30_BRIDGE,B2_EXACT_GLOBAL,0.0,0.0,0.0,0.0,False,False
Q0027,2,OPCODE_CONTEXT,DROP30_BRIDGE,B3_HARD_COMPONENT,0.0,0.0,0.0,0.0,False,False
Q0027,2,OPCODE_CONTEXT,DROP30_BRIDGE,B4_SOFT_GRAPH,0.0,0.0,0.0,0.0,False,False
Q0029,2,OPCODE_3GRAM,CLEAN,B1_INDEPENDENT,0.6666666666666666,0.5,1.0,0.6666666666666666,False,False
Q0029,2,OPCODE_3GRAM,CLEAN,B2_EXACT_GLOBAL,1.0,1.0,1.0,1.0,True,True
Q0029,2,OPCODE_3GRAM,CLEAN,B3_HARD_COMPONENT,1.0,1.0,1.0,1.0,True,True
Q0029,2,OPCODE_3GRAM,CLEAN,B4_SOFT_GRAPH,0.8333333333333334,0.6666666666666666,1.0,0.8,False,False
Q0029,2,OPCODE_3GRAM,DROP30,B1_INDEPENDENT,0.6666666666666666,0.5,1.0,0.6666666666666666,False,False
Q0029,2,OPCODE_3GRAM,DROP30,B2_EXACT_GLOBAL,1.0,1.0,1.0,1.0,True,True
Q0029,2,OPCODE_3GRAM,DROP30,B3_HARD_COMPONENT,0.8333333333333334,0.6666666666666666,1.0,0.8,False,False
Q0029,2,OPCODE_3GRAM,DROP30,B4_SOFT_GRAPH,0.6666666666666666,0.5,1.0,0.6666666666666666,False,False
Q0029,2,OPCODE_3GRAM,BRIDGE,B1_INDEPENDENT,0.6666666666666666,0.5,1.0,0.6666666666666666,False,False
Q0029,2,OPCODE_3GRAM,BRIDGE,B2_EXACT_GLOBAL,1.0,1.0,1.0,1.0,True,True
Q0029,2,OPCODE_3GRAM,BRIDGE,B3_HARD_COMPONENT,0.5,1.0,0.5,0.6666666666666666,False,False
Q0029,2,OPCODE_3GRAM,BRIDGE,B4_SOFT_GRAPH,0.8333333333333334,0.6666666666666666,1.0,0.8,False,False
Q0029,2,OPCODE_3GRAM,DROP30_BRIDGE,B1_INDEPENDENT,0.6666666666666666,0.5,1.0,0.6666666666666666,False,False
Q0029,2,OPCODE_3GRAM,DROP30_BRIDGE,B2_EXACT_GLOBAL,1.0,1.0,1.0,1.0,True,True
Q0029,2,OPCODE_3GRAM,DROP30_BRIDGE,B3_HARD_COMPONENT,0.6666666666666666,0.6666666666666666,1.0,0.8,False,False
Q0029,2,OPCODE_3GRAM,DROP30_BRIDGE,B4_SOFT_GRAPH,0.6666666666666666,0.5,1.0,0.6666666666666666,False,False
Q0029,2,OPCODE_STRUCT,CLEAN,B1_INDEPENDENT,0.6666666666666666,0.5,1.0,0.6666666666666666,False,False
Q0029,2,OPCODE_STRUCT,CLEAN,B2_EXACT_GLOBAL,1.0,1.0,1.0,1.0,True,True
Q0029,2,OPCODE_STRUCT,CLEAN,B3_HARD_COMPONENT,1.0,1.0,1.0,1.0,True,True
Q0029,2,OPCODE_STRUCT,CLEAN,B4_SOFT_GRAPH,1.0,1.0,1.0,1.0,True,True
Q0029,2,OPCODE_STRUCT,DROP30,B1_INDEPENDENT,0.6666666666666666,0.5,1.0,0.6666666666666666,False,False
Q0029,2,OPCODE_STRUCT,DROP30,B2_EXACT_GLOBAL,1.0,1.0,1.0,1.0,True,True
Q0029,2,OPCODE_STRUCT,DROP30,B3_HARD_COMPONENT,0.8333333333333334,0.6666666666666666,1.0,0.8,False,False
Q0029,2,OPCODE_STRUCT,DROP30,B4_SOFT_GRAPH,0.8333333333333334,0.6666666666666666,1.0,0.8,False,False
Q0029,2,OPCODE_STRUCT,BRIDGE,B1_INDEPENDENT,0.6666666666666666,0.5,1.0,0.6666666666666666,False,False
Q0029,2,OPCODE_STRUCT,BRIDGE,B2_EXACT_GLOBAL,1.0,1.0,1.0,1.0,True,True
Q0029,2,OPCODE_STRUCT,BRIDGE,B3_HARD_COMPONENT,0.5,1.0,0.5,0.6666666666666666,False,False
Q0029,2,OPCODE_STRUCT,BRIDGE,B4_SOFT_GRAPH,1.0,1.0,1.0,1.0,True,True
Q0029,2,OPCODE_STRUCT,DROP30_BRIDGE,B1_INDEPENDENT,0.6666666666666666,0.5,1.0,0.6666666666666666,False,False
Q0029,2,OPCODE_STRUCT,DROP30_BRIDGE,B2_EXACT_GLOBAL,1.0,1.0,1.0,1.0,True,True
Q0029,2,OPCODE_STRUCT,DROP30_BRIDGE,B3_HARD_COMPONENT,0.6666666666666666,0.6666666666666666,1.0,0.8,False,False
Q0029,2,OPCODE_STRUCT,DROP30_BRIDGE,B4_SOFT_GRAPH,0.6666666666666666,0.5,1.0,0.6666666666666666,False,False
Q0029,2,OPCODE_CONTEXT,CLEAN,B1_INDEPENDENT,0.8333333333333334,0.6666666666666666,1.0,0.8,False,False
Q0029,2,OPCODE_CONTEXT,CLEAN,B2_EXACT_GLOBAL,1.0,1.0,1.0,1.0,True,True
Q0029,2,OPCODE_CONTEXT,CLEAN,B3_HARD_COMPONENT,1.0,1.0,1.0,1.0,True,True
Q0029,2,OPCODE_CONTEXT,CLEAN,B4_SOFT_GRAPH,1.0,1.0,1.0,1.0,True,True
Q0029,2,OPCODE_CONTEXT,DROP30,B1_INDEPENDENT,0.8333333333333334,0.6666666666666666,1.0,0.8,False,False
Q0029,2,OPCODE_CONTEXT,DROP30,B2_EXACT_GLOBAL,1.0,1.0,1.0,1.0,True,True
Q0029,2,OPCODE_CONTEXT,DROP30,B3_HARD_COMPONENT,0.8333333333333334,0.6666666666666666,1.0,0.8,False,False
Q0029,2,OPCODE_CONTEXT,DROP30,B4_SOFT_GRAPH,1.0,1.0,1.0,1.0,True,True
Q0029,2,OPCODE_CONTEXT,BRIDGE,B1_INDEPENDENT,0.8333333333333334,0.6666666666666666,1.0,0.8,False,False
Q0029,2,OPCODE_CONTEXT,BRIDGE,B2_EXACT_GLOBAL,1.0,1.0,1.0,1.0,True,True
Q0029,2,OPCODE_CONTEXT,BRIDGE,B3_HARD_COMPONENT,0.5,1.0,0.5,0.6666666666666666,False,False
Q0029,2,OPCODE_CONTEXT,BRIDGE,B4_SOFT_GRAPH,1.0,1.0,1.0,1.0,True,True
Q0029,2,OPCODE_CONTEXT,DROP30_BRIDGE,B1_INDEPENDENT,0.8333333333333334,0.6666666666666666,1.0,0.8,False,False
Q0029,2,OPCODE_CONTEXT,DROP30_BRIDGE,B2_EXACT_GLOBAL,1.0,1.0,1.0,1.0,True,True
Q0029,2,OPCODE_CONTEXT,DROP30_BRIDGE,B3_HARD_COMPONENT,0.6666666666666666,0.6666666666666666,1.0,0.8,False,False
Q0029,2,OPCODE_CONTEXT,DROP30_BRIDGE,B4_SOFT_GRAPH,1.0,1.0,1.0,1.0,True,True
Q0079,2,OPCODE_3GRAM,CLEAN,B1_INDEPENDENT,0.16666666666666666,0.25,0.5,0.3333333333333333,False,False
Q0079,2,OPCODE_3GRAM,CLEAN,B2_EXACT_GLOBAL,0.0,0.0,0.0,0.0,False,False
Q0079,2,OPCODE_3GRAM,CLEAN,B3_HARD_COMPONENT,0.0,0.0,0.0,0.0,False,False
Q0079,2,OPCODE_3GRAM,CLEAN,B4_SOFT_GRAPH,0.0,0.0,0.0,0.0,False,False
Q0079,2,OPCODE_3GRAM,DROP30,B1_INDEPENDENT,0.16666666666666666,0.25,0.5,0.3333333333333333,False,False
Q0079,2,OPCODE_3GRAM,DROP30,B2_EXACT_GLOBAL,0.0,0.0,0.0,0.0,False,False
Q0079,2,OPCODE_3GRAM,DROP30,B3_HARD_COMPONENT,0.0,0.0,0.0,0.0,False,False
Q0079,2,OPCODE_3GRAM,DROP30,B4_SOFT_GRAPH,0.0,0.0,0.0,0.0,False,False
Q0079,2,OPCODE_3GRAM,BRIDGE,B1_INDEPENDENT,0.16666666666666666,0.25,0.5,0.3333333333333333,False,False
Q0079,2,OPCODE_3GRAM,BRIDGE,B2_EXACT_GLOBAL,0.0,0.0,0.0,0.0,False,False
Q0079,2,OPCODE_3GRAM,BRIDGE,B3_HARD_COMPONENT,0.0,0.0,0.0,0.0,False,False
Q0079,2,OPCODE_3GRAM,BRIDGE,B4_SOFT_GRAPH,0.0,0.0,0.0,0.0,False,False
Q0079,2,OPCODE_3GRAM,DROP30_BRIDGE,B1_INDEPENDENT,0.16666666666666666,0.25,0.5,0.3333333333333333,False,False
Q0079,2,OPCODE_3GRAM,DROP30_BRIDGE,B2_EXACT_GLOBAL,0.0,0.0,0.0,0.0,False,False
Q0079,2,OPCODE_3GRAM,DROP30_BRIDGE,B3_HARD_COMPONENT,0.0,0.0,0.0,0.0,False,False
Q0079,2,OPCODE_3GRAM,DROP30_BRIDGE,B4_SOFT_GRAPH,0.0,0.0,0.0,0.0,False,False
Q0079,2,OPCODE_STRUCT,CLEAN,B1_INDEPENDENT,0.16666666666666666,0.16666666666666666,0.5,0.25,False,False
Q0079,2,OPCODE_STRUCT,CLEAN,B2_EXACT_GLOBAL,0.0,0.0,0.0,0.0,False,False
Q0079,2,OPCODE_STRUCT,CLEAN,B3_HARD_COMPONENT,0.0,0.0,0.0,0.0,False,False
Q0079,2,OPCODE_STRUCT,CLEAN,B4_SOFT_GRAPH,0.5,0.5,0.5,0.5,False,False
Q0079,2,OPCODE_STRUCT,DROP30,B1_INDEPENDENT,0.16666666666666666,0.16666666666666666,0.5,0.25,False,False
Q0079,2,OPCODE_STRUCT,DROP30,B2_EXACT_GLOBAL,0.0,0.0,0.0,0.0,False,False
Q0079,2,OPCODE_STRUCT,DROP30,B3_HARD_COMPONENT,0.0,0.0,0.0,0.0,False,False
Q0079,2,OPCODE_STRUCT,DROP30,B4_SOFT_GRAPH,0.0,0.0,0.0,0.0,False,False
Q0079,2,OPCODE_STRUCT,BRIDGE,B1_INDEPENDENT,0.16666666666666666,0.16666666666666666,0.5,0.25,False,False
Q0079,2,OPCODE_STRUCT,BRIDGE,B2_EXACT_GLOBAL,0.0,0.0,0.0,0.0,False,False
Q0079,2,OPCODE_STRUCT,BRIDGE,B3_HARD_COMPONENT,0.0,0.0,0.0,0.0,False,False
Q0079,2,OPCODE_STRUCT,BRIDGE,B4_SOFT_GRAPH,0.0,0.0,0.0,0.0,False,False
Q0079,2,OPCODE_STRUCT,DROP30_BRIDGE,B1_INDEPENDENT,0.16666666666666666,0.16666666666666666,0.5,0.25,False,False
Q0079,2,OPCODE_STRUCT,DROP30_BRIDGE,B2_EXACT_GLOBAL,0.0,0.0,0.0,0.0,False,False
Q0079,2,OPCODE_STRUCT,DROP30_BRIDGE,B3_HARD_COMPONENT,0.0,0.0,0.0,0.0,False,False
Q0079,2,OPCODE_STRUCT,DROP30_BRIDGE,B4_SOFT_GRAPH,0.0,0.0,0.0,0.0,False,False
Q0079,2,OPCODE_CONTEXT,CLEAN,B1_INDEPENDENT,0.3333333333333333,0.25,0.5,0.3333333333333333,False,False
Q0079,2,OPCODE_CONTEXT,CLEAN,B2_EXACT_GLOBAL,0.0,0.0,0.0,0.0,False,False
Q0079,2,OPCODE_CONTEXT,CLEAN,B3_HARD_COMPONENT,0.5,0.5,0.5,0.5,False,False
Q0079,2,OPCODE_CONTEXT,CLEAN,B4_SOFT_GRAPH,0.3333333333333333,0.25,0.5,0.3333333333333333,False,False
Q0079,2,OPCODE_CONTEXT,DROP30,B1_INDEPENDENT,0.3333333333333333,0.25,0.5,0.3333333333333333,False,False
Q0079,2,OPCODE_CONTEXT,DROP30,B2_EXACT_GLOBAL,0.0,0.0,0.0,0.0,False,False
Q0079,2,OPCODE_CONTEXT,DROP30,B3_HARD_COMPONENT,0.5,0.3333333333333333,0.5,0.4,False,False
Q0079,2,OPCODE_CONTEXT,DROP30,B4_SOFT_GRAPH,0.3333333333333333,0.25,0.5,0.3333333333333333,False,False
Q0079,2,OPCODE_CONTEXT,BRIDGE,B1_INDEPENDENT,0.3333333333333333,0.25,0.5,0.3333333333333333,False,False
Q0079,2,OPCODE_CONTEXT,BRIDGE,B2_EXACT_GLOBAL,0.0,0.0,0.0,0.0,False,False
Q0079,2,OPCODE_CONTEXT,BRIDGE,B3_HARD_COMPONENT,0.0,0.0,0.0,0.0,False,False
Q0079,2,OPCODE_CONTEXT,BRIDGE,B4_SOFT_GRAPH,0.3333333333333333,0.25,0.5,0.3333333333333333,False,False
Q0079,2,OPCODE_CONTEXT,DROP30_BRIDGE,B1_INDEPENDENT,0.3333333333333333,0.25,0.5,0.3333333333333333,False,False
Q0079,2,OPCODE_CONTEXT,DROP30_BRIDGE,B2_EXACT_GLOBAL,0.0,0.0,0.0,0.0,False,False
Q0079,2,OPCODE_CONTEXT,DROP30_BRIDGE,B3_HARD_COMPONENT,0.0,0.0,0.0,0.0,False,False
Q0079,2,OPCODE_CONTEXT,DROP30_BRIDGE,B4_SOFT_GRAPH,0.3333333333333333,0.25,0.5,0.3333333333333333,False,False
Q0058,2,OPCODE_3GRAM,CLEAN,B1_INDEPENDENT,0.3333333333333333,0.5,1.0,0.6666666666666666,False,False
Q0058,2,OPCODE_3GRAM,CLEAN,B2_EXACT_GLOBAL,0.3333333333333333,0.5,0.5,0.5,False,False
Q0058,2,OPCODE_3GRAM,CLEAN,B3_HARD_COMPONENT,1.0,1.0,1.0,1.0,True,True
Q0058,2,OPCODE_3GRAM,CLEAN,B4_SOFT_GRAPH,0.6666666666666666,0.5,1.0,0.6666666666666666,False,False
Q0058,2,OPCODE_3GRAM,DROP30,B1_INDEPENDENT,0.3333333333333333,0.5,1.0,0.6666666666666666,False,False
Q0058,2,OPCODE_3GRAM,DROP30,B2_EXACT_GLOBAL,0.3333333333333333,0.5,0.5,0.5,False,False
Q0058,2,OPCODE_3GRAM,DROP30,B3_HARD_COMPONENT,0.5,0.5,1.0,0.6666666666666666,False,False
Q0058,2,OPCODE_3GRAM,DROP30,B4_SOFT_GRAPH,0.5,0.5,1.0,0.6666666666666666,False,False
Q0058,2,OPCODE_3GRAM,BRIDGE,B1_INDEPENDENT,0.3333333333333333,0.5,1.0,0.6666666666666666,False,False
Q0058,2,OPCODE_3GRAM,BRIDGE,B2_EXACT_GLOBAL,0.3333333333333333,0.5,0.5,0.5,False,False
Q0058,2,OPCODE_3GRAM,BRIDGE,B3_HARD_COMPONENT,0.5,1.0,0.5,0.6666666666666666,False,False
Q0058,2,OPCODE_3GRAM,BRIDGE,B4_SOFT_GRAPH,0.6666666666666666,0.6666666666666666,1.0,0.8,False,False
Q0058,2,OPCODE_3GRAM,DROP30_BRIDGE,B1_INDEPENDENT,0.3333333333333333,0.5,1.0,0.6666666666666666,False,False
Q0058,2,OPCODE_3GRAM,DROP30_BRIDGE,B2_EXACT_GLOBAL,0.3333333333333333,0.5,0.5,0.5,False,False
Q0058,2,OPCODE_3GRAM,DROP30_BRIDGE,B3_HARD_COMPONENT,0.16666666666666666,0.3333333333333333,0.5,0.4,False,False
Q0058,2,OPCODE_3GRAM,DROP30_BRIDGE,B4_SOFT_GRAPH,0.6666666666666666,0.6666666666666666,1.0,0.8,False,False
Q0058,2,OPCODE_STRUCT,CLEAN,B1_INDEPENDENT,0.3333333333333333,0.4,1.0,0.5714285714285715,False,False
Q0058,2,OPCODE_STRUCT,CLEAN,B2_EXACT_GLOBAL,0.6666666666666666,1.0,1.0,1.0,True,False
Q0058,2,OPCODE_STRUCT,CLEAN,B3_HARD_COMPONENT,1.0,1.0,1.0,1.0,True,True
Q0058,2,OPCODE_STRUCT,CLEAN,B4_SOFT_GRAPH,0.6666666666666666,1.0,1.0,1.0,True,False
Q0058,2,OPCODE_STRUCT,DROP30,B1_INDEPENDENT,0.3333333333333333,0.4,1.0,0.5714285714285715,False,False
Q0058,2,OPCODE_STRUCT,DROP30,B2_EXACT_GLOBAL,0.6666666666666666,1.0,1.0,1.0,True,False
Q0058,2,OPCODE_STRUCT,DROP30,B3_HARD_COMPONENT,0.5,0.5,1.0,0.6666666666666666,False,False
Q0058,2,OPCODE_STRUCT,DROP30,B4_SOFT_GRAPH,0.3333333333333333,0.4,1.0,0.5714285714285715,False,False
Q0058,2,OPCODE_STRUCT,BRIDGE,B1_INDEPENDENT,0.3333333333333333,0.4,1.0,0.5714285714285715,False,False
Q0058,2,OPCODE_STRUCT,BRIDGE,B2_EXACT_GLOBAL,0.6666666666666666,1.0,1.0,1.0,True,False
Q0058,2,OPCODE_STRUCT,BRIDGE,B3_HARD_COMPONENT,0.5,1.0,0.5,0.6666666666666666,False,False
Q0058,2,OPCODE_STRUCT,BRIDGE,B4_SOFT_GRAPH,0.5,1.0,0.5,0.6666666666666666,False,False
Q0058,2,OPCODE_STRUCT,DROP30_BRIDGE,B1_INDEPENDENT,0.3333333333333333,0.4,1.0,0.5714285714285715,False,False
Q0058,2,OPCODE_STRUCT,DROP30_BRIDGE,B2_EXACT_GLOBAL,0.6666666666666666,1.0,1.0,1.0,True,False
Q0058,2,OPCODE_STRUCT,DROP30_BRIDGE,B3_HARD_COMPONENT,0.16666666666666666,0.3333333333333333,0.5,0.4,False,False
Q0058,2,OPCODE_STRUCT,DROP30_BRIDGE,B4_SOFT_GRAPH,0.3333333333333333,0.5,1.0,0.6666666666666666,False,False
Q0058,2,OPCODE_CONTEXT,CLEAN,B1_INDEPENDENT,0.5,0.5,1.0,0.6666666666666666,False,False
Q0058,2,OPCODE_CONTEXT,CLEAN,B2_EXACT_GLOBAL,0.5,0.5,0.5,0.5,False,False
Q0058,2,OPCODE_CONTEXT,CLEAN,B3_HARD_COMPONENT,0.5,0.5,0.5,0.5,False,False
Q0058,2,OPCODE_CONTEXT,CLEAN,B4_SOFT_GRAPH,0.5,0.5,1.0,0.6666666666666666,False,False
Q0058,2,OPCODE_CONTEXT,DROP30,B1_INDEPENDENT,0.5,0.5,1.0,0.6666666666666666,False,False
Q0058,2,OPCODE_CONTEXT,DROP30,B2_EXACT_GLOBAL,0.5,0.5,0.5,0.5,False,False
Q0058,2,OPCODE_CONTEXT,DROP30,B3_HARD_COMPONENT,0.5,0.3333333333333333,0.5,0.4,False,False
Q0058,2,OPCODE_CONTEXT,DROP30,B4_SOFT_GRAPH,0.5,0.5,1.0,0.6666666666666666,False,False
Q0058,2,OPCODE_CONTEXT,BRIDGE,B1_INDEPENDENT,0.5,0.5,1.0,0.6666666666666666,False,False
Q0058,2,OPCODE_CONTEXT,BRIDGE,B2_EXACT_GLOBAL,0.5,0.5,0.5,0.5,False,False
Q0058,2,OPCODE_CONTEXT,BRIDGE,B3_HARD_COMPONENT,0.5,1.0,0.5,0.6666666666666666,False,False
Q0058,2,OPCODE_CONTEXT,BRIDGE,B4_SOFT_GRAPH,0.5,0.5,1.0,0.6666666666666666,False,False
Q0058,2,OPCODE_CONTEXT,DROP30_BRIDGE,B1_INDEPENDENT,0.5,0.5,1.0,0.6666666666666666,False,False
Q0058,2,OPCODE_CONTEXT,DROP30_BRIDGE,B2_EXACT_GLOBAL,0.5,0.5,0.5,0.5,False,False
Q0058,2,OPCODE_CONTEXT,DROP30_BRIDGE,B3_HARD_COMPONENT,0.3333333333333333,0.5,0.5,0.5,False,False
Q0058,2,OPCODE_CONTEXT,DROP30_BRIDGE,B4_SOFT_GRAPH,0.5,0.5,1.0,0.6666666666666666,False,False
Q0023,2,OPCODE_3GRAM,CLEAN,B1_INDEPENDENT,0.0,0.0,0.0,0.0,False,False
Q0023,2,OPCODE_3GRAM,CLEAN,B2_EXACT_GLOBAL,0.0,0.0,0.0,0.0,False,False
Q0023,2,OPCODE_3GRAM,CLEAN,B3_HARD_COMPONENT,0.0,0.0,0.0,0.0,False,False
Q0023,2,OPCODE_3GRAM,CLEAN,B4_SOFT_GRAPH,0.0,0.0,0.0,0.0,False,False
Q0023,2,OPCODE_3GRAM,DROP30,B1_INDEPENDENT,0.0,0.0,0.0,0.0,False,False
Q0023,2,OPCODE_3GRAM,DROP30,B2_EXACT_GLOBAL,0.0,0.0,0.0,0.0,False,False
Q0023,2,OPCODE_3GRAM,DROP30,B3_HARD_COMPONENT,0.0,0.0,0.0,0.0,False,False
Q0023,2,OPCODE_3GRAM,DROP30,B4_SOFT_GRAPH,0.0,0.0,0.0,0.0,False,False
Q0023,2,OPCODE_3GRAM,BRIDGE,B1_INDEPENDENT,0.0,0.0,0.0,0.0,False,False
Q0023,2,OPCODE_3GRAM,BRIDGE,B2_EXACT_GLOBAL,0.0,0.0,0.0,0.0,False,False
Q0023,2,OPCODE_3GRAM,BRIDGE,B3_HARD_COMPONENT,0.0,0.0,0.0,0.0,False,False
Q0023,2,OPCODE_3GRAM,BRIDGE,B4_SOFT_GRAPH,0.0,0.0,0.0,0.0,False,False
Q0023,2,OPCODE_3GRAM,DROP30_BRIDGE,B1_INDEPENDENT,0.0,0.0,0.0,0.0,False,False
Q0023,2,OPCODE_3GRAM,DROP30_BRIDGE,B2_EXACT_GLOBAL,0.0,0.0,0.0,0.0,False,False
Q0023,2,OPCODE_3GRAM,DROP30_BRIDGE,B3_HARD_COMPONENT,0.0,0.0,0.0,0.0,False,False
Q0023,2,OPCODE_3GRAM,DROP30_BRIDGE,B4_SOFT_GRAPH,0.0,0.0,0.0,0.0,False,False
Q0023,2,OPCODE_STRUCT,CLEAN,B1_INDEPENDENT,0.0,0.0,0.0,0.0,False,False
Q0023,2,OPCODE_STRUCT,CLEAN,B2_EXACT_GLOBAL,0.0,0.0,0.0,0.0,False,False
Q0023,2,OPCODE_STRUCT,CLEAN,B3_HARD_COMPONENT,0.0,0.0,0.0,0.0,False,False
Q0023,2,OPCODE_STRUCT,CLEAN,B4_SOFT_GRAPH,0.0,0.0,0.0,0.0,False,False
Q0023,2,OPCODE_STRUCT,DROP30,B1_INDEPENDENT,0.0,0.0,0.0,0.0,False,False
Q0023,2,OPCODE_STRUCT,DROP30,B2_EXACT_GLOBAL,0.0,0.0,0.0,0.0,False,False
Q0023,2,OPCODE_STRUCT,DROP30,B3_HARD_COMPONENT,0.0,0.0,0.0,0.0,False,False
Q0023,2,OPCODE_STRUCT,DROP30,B4_SOFT_GRAPH,0.0,0.0,0.0,0.0,False,False
Q0023,2,OPCODE_STRUCT,BRIDGE,B1_INDEPENDENT,0.0,0.0,0.0,0.0,False,False
Q0023,2,OPCODE_STRUCT,BRIDGE,B2_EXACT_GLOBAL,0.0,0.0,0.0,0.0,False,False
Q0023,2,OPCODE_STRUCT,BRIDGE,B3_HARD_COMPONENT,0.0,0.0,0.0,0.0,False,False
Q0023,2,OPCODE_STRUCT,BRIDGE,B4_SOFT_GRAPH,0.0,0.0,0.0,0.0,False,False
Q0023,2,OPCODE_STRUCT,DROP30_BRIDGE,B1_INDEPENDENT,0.0,0.0,0.0,0.0,False,False
Q0023,2,OPCODE_STRUCT,DROP30_BRIDGE,B2_EXACT_GLOBAL,0.0,0.0,0.0,0.0,False,False
Q0023,2,OPCODE_STRUCT,DROP30_BRIDGE,B3_HARD_COMPONENT,0.0,0.0,0.0,0.0,False,False
Q0023,2,OPCODE_STRUCT,DROP30_BRIDGE,B4_SOFT_GRAPH,0.0,0.0,0.0,0.0,False,False
Q0023,2,OPCODE_CONTEXT,CLEAN,B1_INDEPENDENT,0.0,0.0,0.0,0.0,False,False
Q0023,2,OPCODE_CONTEXT,CLEAN,B2_EXACT_GLOBAL,0.0,0.0,0.0,0.0,False,False
Q0023,2,OPCODE_CONTEXT,CLEAN,B3_HARD_COMPONENT,0.0,0.0,0.0,0.0,False,False
Q0023,2,OPCODE_CONTEXT,CLEAN,B4_SOFT_GRAPH,0.0,0.0,0.0,0.0,False,False
Q0023,2,OPCODE_CONTEXT,DROP30,B1_INDEPENDENT,0.0,0.0,0.0,0.0,False,False
Q0023,2,OPCODE_CONTEXT,DROP30,B2_EXACT_GLOBAL,0.0,0.0,0.0,0.0,False,False
Q0023,2,OPCODE_CONTEXT,DROP30,B3_HARD_COMPONENT,0.0,0.0,0.0,0.0,False,False
Q0023,2,OPCODE_CONTEXT,DROP30,B4_SOFT_GRAPH,0.0,0.0,0.0,0.0,False,False
Q0023,2,OPCODE_CONTEXT,BRIDGE,B1_INDEPENDENT,0.0,0.0,0.0,0.0,False,False
Q0023,2,OPCODE_CONTEXT,BRIDGE,B2_EXACT_GLOBAL,0.0,0.0,0.0,0.0,False,False
Q0023,2,OPCODE_CONTEXT,BRIDGE,B3_HARD_COMPONENT,0.0,0.0,0.0,0.0,False,False
Q0023,2,OPCODE_CONTEXT,BRIDGE,B4_SOFT_GRAPH,0.0,0.0,0.0,0.0,False,False
Q0023,2,OPCODE_CONTEXT,DROP30_BRIDGE,B1_INDEPENDENT,0.0,0.0,0.0,0.0,False,False
Q0023,2,OPCODE_CONTEXT,DROP30_BRIDGE,B2_EXACT_GLOBAL,0.0,0.0,0.0,0.0,False,False
Q0023,2,OPCODE_CONTEXT,DROP30_BRIDGE,B3_HARD_COMPONENT,0.0,0.0,0.0,0.0,False,False
Q0023,2,OPCODE_CONTEXT,DROP30_BRIDGE,B4_SOFT_GRAPH,0.0,0.0,0.0,0.0,False,False
Q0100,2,OPCODE_3GRAM,CLEAN,B1_INDEPENDENT,0.5,0.5,1.0,0.6666666666666666,False,False
Q0100,2,OPCODE_3GRAM,CLEAN,B2_EXACT_GLOBAL,0.5,0.5,0.5,0.5,False,False
Q0100,2,OPCODE_3GRAM,CLEAN,B3_HARD_COMPONENT,0.5,0.5,0.5,0.5,False,False
Q0100,2,OPCODE_3GRAM,CLEAN,B4_SOFT_GRAPH,0.5,0.5,0.5,0.5,False,False
Q0100,2,OPCODE_3GRAM,DROP30,B1_INDEPENDENT,0.5,0.5,1.0,0.6666666666666666,False,False
Q0100,2,OPCODE_3GRAM,DROP30,B2_EXACT_GLOBAL,0.5,0.5,0.5,0.5,False,False
Q0100,2,OPCODE_3GRAM,DROP30,B3_HARD_COMPONENT,0.5,0.6666666666666666,1.0,0.8,False,False
Q0100,2,OPCODE_3GRAM,DROP30,B4_SOFT_GRAPH,0.5,0.6666666666666666,1.0,0.8,False,False
Q0100,2,OPCODE_3GRAM,BRIDGE,B1_INDEPENDENT,0.5,0.5,1.0,0.6666666666666666,False,False
Q0100,2,OPCODE_3GRAM,BRIDGE,B2_EXACT_GLOBAL,0.5,0.5,0.5,0.5,False,False
Q0100,2,OPCODE_3GRAM,BRIDGE,B3_HARD_COMPONENT,0.5,1.0,0.5,0.6666666666666666,False,False
Q0100,2,OPCODE_3GRAM,BRIDGE,B4_SOFT_GRAPH,0.3333333333333333,0.5,0.5,0.5,False,False
Q0100,2,OPCODE_3GRAM,DROP30_BRIDGE,B1_INDEPENDENT,0.5,0.5,1.0,0.6666666666666666,False,False
Q0100,2,OPCODE_3GRAM,DROP30_BRIDGE,B2_EXACT_GLOBAL,0.5,0.5,0.5,0.5,False,False
Q0100,2,OPCODE_3GRAM,DROP30_BRIDGE,B3_HARD_COMPONENT,0.5,0.6666666666666666,1.0,0.8,False,False
Q0100,2,OPCODE_3GRAM,DROP30_BRIDGE,B4_SOFT_GRAPH,0.5,0.6666666666666666,1.0,0.8,False,False
Q0100,2,OPCODE_STRUCT,CLEAN,B1_INDEPENDENT,0.6666666666666666,0.5,1.0,0.6666666666666666,False,False
Q0100,2,OPCODE_STRUCT,CLEAN,B2_EXACT_GLOBAL,0.5,0.5,0.5,0.5,False,False
Q0100,2,OPCODE_STRUCT,CLEAN,B3_HARD_COMPONENT,0.5,0.5,0.5,0.5,False,False
Q0100,2,OPCODE_STRUCT,CLEAN,B4_SOFT_GRAPH,0.0,0.0,0.0,0.0,False,False
Q0100,2,OPCODE_STRUCT,DROP30,B1_INDEPENDENT,0.6666666666666666,0.5,1.0,0.6666666666666666,False,False
Q0100,2,OPCODE_STRUCT,DROP30,B2_EXACT_GLOBAL,0.5,0.5,0.5,0.5,False,False
Q0100,2,OPCODE_STRUCT,DROP30,B3_HARD_COMPONENT,0.6666666666666666,0.6666666666666666,1.0,0.8,False,False
Q0100,2,OPCODE_STRUCT,DROP30,B4_SOFT_GRAPH,0.16666666666666666,0.3333333333333333,0.5,0.4,False,False
Q0100,2,OPCODE_STRUCT,BRIDGE,B1_INDEPENDENT,0.6666666666666666,0.5,1.0,0.6666666666666666,False,False
Q0100,2,OPCODE_STRUCT,BRIDGE,B2_EXACT_GLOBAL,0.5,0.5,0.5,0.5,False,False
Q0100,2,OPCODE_STRUCT,BRIDGE,B3_HARD_COMPONENT,0.5,1.0,0.5,0.6666666666666666,False,False
Q0100,2,OPCODE_STRUCT,BRIDGE,B4_SOFT_GRAPH,0.0,0.0,0.0,0.0,False,False
Q0100,2,OPCODE_STRUCT,DROP30_BRIDGE,B1_INDEPENDENT,0.6666666666666666,0.5,1.0,0.6666666666666666,False,False
Q0100,2,OPCODE_STRUCT,DROP30_BRIDGE,B2_EXACT_GLOBAL,0.5,0.5,0.5,0.5,False,False
Q0100,2,OPCODE_STRUCT,DROP30_BRIDGE,B3_HARD_COMPONENT,0.5,0.6666666666666666,1.0,0.8,False,False
Q0100,2,OPCODE_STRUCT,DROP30_BRIDGE,B4_SOFT_GRAPH,0.16666666666666666,0.5,0.5,0.5,False,False
Q0100,2,OPCODE_CONTEXT,CLEAN,B1_INDEPENDENT,0.6666666666666666,0.5,1.0,0.6666666666666666,False,False
Q0100,2,OPCODE_CONTEXT,CLEAN,B2_EXACT_GLOBAL,0.5,0.5,0.5,0.5,False,False
Q0100,2,OPCODE_CONTEXT,CLEAN,B3_HARD_COMPONENT,0.5,0.5,0.5,0.5,False,False
Q0100,2,OPCODE_CONTEXT,CLEAN,B4_SOFT_GRAPH,0.6666666666666666,0.5,1.0,0.6666666666666666,False,False
Q0100,2,OPCODE_CONTEXT,DROP30,B1_INDEPENDENT,0.6666666666666666,0.5,1.0,0.6666666666666666,False,False
Q0100,2,OPCODE_CONTEXT,DROP30,B2_EXACT_GLOBAL,0.5,0.5,0.5,0.5,False,False
Q0100,2,OPCODE_CONTEXT,DROP30,B3_HARD_COMPONENT,0.6666666666666666,0.6666666666666666,1.0,0.8,False,False
Q0100,2,OPCODE_CONTEXT,DROP30,B4_SOFT_GRAPH,0.6666666666666666,0.5,1.0,0.6666666666666666,False,False
Q0100,2,OPCODE_CONTEXT,BRIDGE,B1_INDEPENDENT,0.6666666666666666,0.5,1.0,0.6666666666666666,False,False
Q0100,2,OPCODE_CONTEXT,BRIDGE,B2_EXACT_GLOBAL,0.5,0.5,0.5,0.5,False,False
Q0100,2,OPCODE_CONTEXT,BRIDGE,B3_HARD_COMPONENT,0.5,1.0,0.5,0.6666666666666666,False,False
Q0100,2,OPCODE_CONTEXT,BRIDGE,B4_SOFT_GRAPH,0.6666666666666666,0.5,1.0,0.6666666666666666,False,False
Q0100,2,OPCODE_CONTEXT,DROP30_BRIDGE,B1_INDEPENDENT,0.6666666666666666,0.5,1.0,0.6666666666666666,False,False
Q0100,2,OPCODE_CONTEXT,DROP30_BRIDGE,B2_EXACT_GLOBAL,0.5,0.5,0.5,0.5,False,False
Q0100,2,OPCODE_CONTEXT,DROP30_BRIDGE,B3_HARD_COMPONENT,0.5,0.6666666666666666,1.0,0.8,False,False
Q0100,2,OPCODE_CONTEXT,DROP30_BRIDGE,B4_SOFT_GRAPH,0.6666666666666666,0.5,1.0,0.6666666666666666,False,False
Q0018,2,OPCODE_3GRAM,CLEAN,B1_INDEPENDENT,0.6666666666666666,0.5,1.0,0.6666666666666666,False,False
Q0018,2,OPCODE_3GRAM,CLEAN,B2_EXACT_GLOBAL,0.5,0.5,0.5,0.5,False,False
Q0018,2,OPCODE_3GRAM,CLEAN,B3_HARD_COMPONENT,0.5,0.5,0.5,0.5,False,False
Q0018,2,OPCODE_3GRAM,CLEAN,B4_SOFT_GRAPH,0.5,0.5,0.5,0.5,False,False
Q0018,2,OPCODE_3GRAM,DROP30,B1_INDEPENDENT,0.6666666666666666,0.5,1.0,0.6666666666666666,False,False
Q0018,2,OPCODE_3GRAM,DROP30,B2_EXACT_GLOBAL,0.5,0.5,0.5,0.5,False,False
Q0018,2,OPCODE_3GRAM,DROP30,B3_HARD_COMPONENT,0.6666666666666666,0.6666666666666666,1.0,0.8,False,False
Q0018,2,OPCODE_3GRAM,DROP30,B4_SOFT_GRAPH,0.6666666666666666,0.6666666666666666,1.0,0.8,False,False
Q0018,2,OPCODE_3GRAM,BRIDGE,B1_INDEPENDENT,0.6666666666666666,0.5,1.0,0.6666666666666666,False,False
Q0018,2,OPCODE_3GRAM,BRIDGE,B2_EXACT_GLOBAL,0.5,0.5,0.5,0.5,False,False
Q0018,2,OPCODE_3GRAM,BRIDGE,B3_HARD_COMPONENT,0.5,1.0,0.5,0.6666666666666666,False,False
Q0018,2,OPCODE_3GRAM,BRIDGE,B4_SOFT_GRAPH,0.5,0.5,0.5,0.5,False,False
Q0018,2,OPCODE_3GRAM,DROP30_BRIDGE,B1_INDEPENDENT,0.6666666666666666,0.5,1.0,0.6666666666666666,False,False
Q0018,2,OPCODE_3GRAM,DROP30_BRIDGE,B2_EXACT_GLOBAL,0.5,0.5,0.5,0.5,False,False
Q0018,2,OPCODE_3GRAM,DROP30_BRIDGE,B3_HARD_COMPONENT,0.6666666666666666,0.6666666666666666,1.0,0.8,False,False
Q0018,2,OPCODE_3GRAM,DROP30_BRIDGE,B4_SOFT_GRAPH,0.6666666666666666,0.5,1.0,0.6666666666666666,False,False
Q0018,2,OPCODE_STRUCT,CLEAN,B1_INDEPENDENT,0.6666666666666666,0.5,1.0,0.6666666666666666,False,False
Q0018,2,OPCODE_STRUCT,CLEAN,B2_EXACT_GLOBAL,0.5,0.5,0.5,0.5,False,False
Q0018,2,OPCODE_STRUCT,CLEAN,B3_HARD_COMPONENT,0.5,0.5,0.5,0.5,False,False
Q0018,2,OPCODE_STRUCT,CLEAN,B4_SOFT_GRAPH,0.3333333333333333,0.3333333333333333,0.5,0.4,False,False
Q0018,2,OPCODE_STRUCT,DROP30,B1_INDEPENDENT,0.6666666666666666,0.5,1.0,0.6666666666666666,False,False
Q0018,2,OPCODE_STRUCT,DROP30,B2_EXACT_GLOBAL,0.5,0.5,0.5,0.5,False,False
Q0018,2,OPCODE_STRUCT,DROP30,B3_HARD_COMPONENT,0.6666666666666666,0.6666666666666666,1.0,0.8,False,False
Q0018,2,OPCODE_STRUCT,DROP30,B4_SOFT_GRAPH,0.3333333333333333,0.3333333333333333,0.5,0.4,False,False
Q0018,2,OPCODE_STRUCT,BRIDGE,B1_INDEPENDENT,0.6666666666666666,0.5,1.0,0.6666666666666666,False,False
Q0018,2,OPCODE_STRUCT,BRIDGE,B2_EXACT_GLOBAL,0.5,0.5,0.5,0.5,False,False
Q0018,2,OPCODE_STRUCT,BRIDGE,B3_HARD_COMPONENT,0.5,1.0,0.5,0.6666666666666666,False,False
Q0018,2,OPCODE_STRUCT,BRIDGE,B4_SOFT_GRAPH,0.16666666666666666,0.5,0.5,0.5,False,False
Q0018,2,OPCODE_STRUCT,DROP30_BRIDGE,B1_INDEPENDENT,0.6666666666666666,0.5,1.0,0.6666666666666666,False,False
Q0018,2,OPCODE_STRUCT,DROP30_BRIDGE,B2_EXACT_GLOBAL,0.5,0.5,0.5,0.5,False,False
Q0018,2,OPCODE_STRUCT,DROP30_BRIDGE,B3_HARD_COMPONENT,0.6666666666666666,0.6666666666666666,1.0,0.8,False,False
Q0018,2,OPCODE_STRUCT,DROP30_BRIDGE,B4_SOFT_GRAPH,0.16666666666666666,0.5,0.5,0.5,False,False
Q0018,2,OPCODE_CONTEXT,CLEAN,B1_INDEPENDENT,0.8333333333333334,0.6666666666666666,1.0,0.8,False,False
Q0018,2,OPCODE_CONTEXT,CLEAN,B2_EXACT_GLOBAL,0.5,0.5,0.5,0.5,False,False
Q0018,2,OPCODE_CONTEXT,CLEAN,B3_HARD_COMPONENT,0.5,0.5,0.5,0.5,False,False
Q0018,2,OPCODE_CONTEXT,CLEAN,B4_SOFT_GRAPH,0.8333333333333334,0.6666666666666666,1.0,0.8,False,False
Q0018,2,OPCODE_CONTEXT,DROP30,B1_INDEPENDENT,0.8333333333333334,0.6666666666666666,1.0,0.8,False,False
Q0018,2,OPCODE_CONTEXT,DROP30,B2_EXACT_GLOBAL,0.5,0.5,0.5,0.5,False,False
Q0018,2,OPCODE_CONTEXT,DROP30,B3_HARD_COMPONENT,0.6666666666666666,0.6666666666666666,1.0,0.8,False,False
Q0018,2,OPCODE_CONTEXT,DROP30,B4_SOFT_GRAPH,0.8333333333333334,0.6666666666666666,1.0,0.8,False,False
Q0018,2,OPCODE_CONTEXT,BRIDGE,B1_INDEPENDENT,0.8333333333333334,0.6666666666666666,1.0,0.8,False,False
Q0018,2,OPCODE_CONTEXT,BRIDGE,B2_EXACT_GLOBAL,0.5,0.5,0.5,0.5,False,False
Q0018,2,OPCODE_CONTEXT,BRIDGE,B3_HARD_COMPONENT,0.5,1.0,0.5,0.6666666666666666,False,False
Q0018,2,OPCODE_CONTEXT,BRIDGE,B4_SOFT_GRAPH,0.8333333333333334,0.6666666666666666,1.0,0.8,False,False
Q0018,2,OPCODE_CONTEXT,DROP30_BRIDGE,B1_INDEPENDENT,0.8333333333333334,0.6666666666666666,1.0,0.8,False,False
Q0018,2,OPCODE_CONTEXT,DROP30_BRIDGE,B2_EXACT_GLOBAL,0.5,0.5,0.5,0.5,False,False
Q0018,2,OPCODE_CONTEXT,DROP30_BRIDGE,B3_HARD_COMPONENT,0.8333333333333334,1.0,1.0,1.0,True,False
Q0018,2,OPCODE_CONTEXT,DROP30_BRIDGE,B4_SOFT_GRAPH,0.8333333333333334,0.6666666666666666,1.0,0.8,False,False
Q0011,2,OPCODE_3GRAM,CLEAN,B1_INDEPENDENT,0.16666666666666666,0.2,0.5,0.28571428571428575,False,False
Q0011,2,OPCODE_3GRAM,CLEAN,B2_EXACT_GLOBAL,0.3333333333333333,0.5,0.5,0.5,False,False
Q0011,2,OPCODE_3GRAM,CLEAN,B3_HARD_COMPONENT,0.5,0.5,0.5,0.5,False,False
Q0011,2,OPCODE_3GRAM,CLEAN,B4_SOFT_GRAPH,0.5,1.0,0.5,0.6666666666666666,False,False
Q0011,2,OPCODE_3GRAM,DROP30,B1_INDEPENDENT,0.16666666666666666,0.2,0.5,0.28571428571428575,False,False
Q0011,2,OPCODE_3GRAM,DROP30,B2_EXACT_GLOBAL,0.3333333333333333,0.5,0.5,0.5,False,False
Q0011,2,OPCODE_3GRAM,DROP30,B3_HARD_COMPONENT,0.5,0.25,0.5,0.3333333333333333,False,False
Q0011,2,OPCODE_3GRAM,DROP30,B4_SOFT_GRAPH,0.5,0.3333333333333333,0.5,0.4,False,False
Q0011,2,OPCODE_3GRAM,BRIDGE,B1_INDEPENDENT,0.16666666666666666,0.2,0.5,0.28571428571428575,False,False
Q0011,2,OPCODE_3GRAM,BRIDGE,B2_EXACT_GLOBAL,0.3333333333333333,0.5,0.5,0.5,False,False
Q0011,2,OPCODE_3GRAM,BRIDGE,B3_HARD_COMPONENT,0.5,1.0,0.5,0.6666666666666666,False,False
Q0011,2,OPCODE_3GRAM,BRIDGE,B4_SOFT_GRAPH,0.5,1.0,0.5,0.6666666666666666,False,False
Q0011,2,OPCODE_3GRAM,DROP30_BRIDGE,B1_INDEPENDENT,0.16666666666666666,0.2,0.5,0.28571428571428575,False,False
Q0011,2,OPCODE_3GRAM,DROP30_BRIDGE,B2_EXACT_GLOBAL,0.3333333333333333,0.5,0.5,0.5,False,False
Q0011,2,OPCODE_3GRAM,DROP30_BRIDGE,B3_HARD_COMPONENT,0.5,0.5,0.5,0.5,False,False
Q0011,2,OPCODE_3GRAM,DROP30_BRIDGE,B4_SOFT_GRAPH,0.5,0.5,0.5,0.5,False,False
Q0011,2,OPCODE_STRUCT,CLEAN,B1_INDEPENDENT,0.16666666666666666,0.3333333333333333,0.5,0.4,False,False
Q0011,2,OPCODE_STRUCT,CLEAN,B2_EXACT_GLOBAL,0.3333333333333333,0.5,0.5,0.5,False,False
Q0011,2,OPCODE_STRUCT,CLEAN,B3_HARD_COMPONENT,0.5,0.5,0.5,0.5,False,False
Q0011,2,OPCODE_STRUCT,CLEAN,B4_SOFT_GRAPH,0.16666666666666666,0.3333333333333333,0.5,0.4,False,False
Q0011,2,OPCODE_STRUCT,DROP30,B1_INDEPENDENT,0.16666666666666666,0.3333333333333333,0.5,0.4,False,False
Q0011,2,OPCODE_STRUCT,DROP30,B2_EXACT_GLOBAL,0.3333333333333333,0.5,0.5,0.5,False,False
Q0011,2,OPCODE_STRUCT,DROP30,B3_HARD_COMPONENT,0.5,0.3333333333333333,0.5,0.4,False,False
Q0011,2,OPCODE_STRUCT,DROP30,B4_SOFT_GRAPH,0.16666666666666666,0.25,0.5,0.3333333333333333,False,False
Q0011,2,OPCODE_STRUCT,BRIDGE,B1_INDEPENDENT,0.16666666666666666,0.3333333333333333,0.5,0.4,False,False
Q0011,2,OPCODE_STRUCT,BRIDGE,B2_EXACT_GLOBAL,0.3333333333333333,0.5,0.5,0.5,False,False
Q0011,2,OPCODE_STRUCT,BRIDGE,B3_HARD_COMPONENT,0.0,0.0,0.0,0.0,False,False
Q0011,2,OPCODE_STRUCT,BRIDGE,B4_SOFT_GRAPH,0.16666666666666666,0.3333333333333333,0.5,0.4,False,False
Q0011,2,OPCODE_STRUCT,DROP30_BRIDGE,B1_INDEPENDENT,0.16666666666666666,0.3333333333333333,0.5,0.4,False,False
Q0011,2,OPCODE_STRUCT,DROP30_BRIDGE,B2_EXACT_GLOBAL,0.3333333333333333,0.5,0.5,0.5,False,False
Q0011,2,OPCODE_STRUCT,DROP30_BRIDGE,B3_HARD_COMPONENT,0.5,0.5,0.5,0.5,False,False
Q0011,2,OPCODE_STRUCT,DROP30_BRIDGE,B4_SOFT_GRAPH,0.16666666666666666,0.3333333333333333,0.5,0.4,False,False
Q0011,2,OPCODE_CONTEXT,CLEAN,B1_INDEPENDENT,0.16666666666666666,0.2,0.5,0.28571428571428575,False,False
Q0011,2,OPCODE_CONTEXT,CLEAN,B2_EXACT_GLOBAL,0.16666666666666666,0.5,0.5,0.5,False,False
Q0011,2,OPCODE_CONTEXT,CLEAN,B3_HARD_COMPONENT,0.0,0.0,0.0,0.0,False,False
Q0011,2,OPCODE_CONTEXT,CLEAN,B4_SOFT_GRAPH,0.16666666666666666,0.25,0.5,0.3333333333333333,False,False
Q0011,2,OPCODE_CONTEXT,DROP30,B1_INDEPENDENT,0.16666666666666666,0.2,0.5,0.28571428571428575,False,False
Q0011,2,OPCODE_CONTEXT,DROP30,B2_EXACT_GLOBAL,0.16666666666666666,0.5,0.5,0.5,False,False
Q0011,2,OPCODE_CONTEXT,DROP30,B3_HARD_COMPONENT,0.0,0.0,0.0,0.0,False,False
Q0011,2,OPCODE_CONTEXT,DROP30,B4_SOFT_GRAPH,0.16666666666666666,0.25,0.5,0.3333333333333333,False,False
Q0011,2,OPCODE_CONTEXT,BRIDGE,B1_INDEPENDENT,0.16666666666666666,0.2,0.5,0.28571428571428575,False,False
Q0011,2,OPCODE_CONTEXT,BRIDGE,B2_EXACT_GLOBAL,0.16666666666666666,0.5,0.5,0.5,False,False
Q0011,2,OPCODE_CONTEXT,BRIDGE,B3_HARD_COMPONENT,0.5,1.0,0.5,0.6666666666666666,False,False
Q0011,2,OPCODE_CONTEXT,BRIDGE,B4_SOFT_GRAPH,0.16666666666666666,0.25,0.5,0.3333333333333333,False,False
Q0011,2,OPCODE_CONTEXT,DROP30_BRIDGE,B1_INDEPENDENT,0.16666666666666666,0.2,0.5,0.28571428571428575,False,False
Q0011,2,OPCODE_CONTEXT,DROP30_BRIDGE,B2_EXACT_GLOBAL,0.16666666666666666,0.5,0.5,0.5,False,False
Q0011,2,OPCODE_CONTEXT,DROP30_BRIDGE,B3_HARD_COMPONENT,0.5,0.5,0.5,0.5,False,False
Q0011,2,OPCODE_CONTEXT,DROP30_BRIDGE,B4_SOFT_GRAPH,0.16666666666666666,0.25,0.5,0.3333333333333333,False,False
Q0074,2,OPCODE_3GRAM,CLEAN,B1_INDEPENDENT,0.16666666666666666,0.25,0.5,0.3333333333333333,False,False
Q0074,2,OPCODE_3GRAM,CLEAN,B2_EXACT_GLOBAL,0.16666666666666666,0.5,0.5,0.5,False,False
Q0074,2,OPCODE_3GRAM,CLEAN,B3_HARD_COMPONENT,0.5,0.5,0.5,0.5,False,False
Q0074,2,OPCODE_3GRAM,CLEAN,B4_SOFT_GRAPH,0.3333333333333333,0.5,0.5,0.5,False,False
Q0074,2,OPCODE_3GRAM,DROP30,B1_INDEPENDENT,0.16666666666666666,0.25,0.5,0.3333333333333333,False,False
Q0074,2,OPCODE_3GRAM,DROP30,B2_EXACT_GLOBAL,0.16666666666666666,0.5,0.5,0.5,False,False
Q0074,2,OPCODE_3GRAM,DROP30,B3_HARD_COMPONENT,0.5,0.3333333333333333,0.5,0.4,False,False
Q0074,2,OPCODE_3GRAM,DROP30,B4_SOFT_GRAPH,0.3333333333333333,0.3333333333333333,0.5,0.4,False,False
Q0074,2,OPCODE_3GRAM,BRIDGE,B1_INDEPENDENT,0.16666666666666666,0.25,0.5,0.3333333333333333,False,False
Q0074,2,OPCODE_3GRAM,BRIDGE,B2_EXACT_GLOBAL,0.16666666666666666,0.5,0.5,0.5,False,False
Q0074,2,OPCODE_3GRAM,BRIDGE,B3_HARD_COMPONENT,0.5,1.0,0.5,0.6666666666666666,False,False
Q0074,2,OPCODE_3GRAM,BRIDGE,B4_SOFT_GRAPH,0.3333333333333333,0.5,0.5,0.5,False,False
Q0074,2,OPCODE_3GRAM,DROP30_BRIDGE,B1_INDEPENDENT,0.16666666666666666,0.25,0.5,0.3333333333333333,False,False
Q0074,2,OPCODE_3GRAM,DROP30_BRIDGE,B2_EXACT_GLOBAL,0.16666666666666666,0.5,0.5,0.5,False,False
Q0074,2,OPCODE_3GRAM,DROP30_BRIDGE,B3_HARD_COMPONENT,0.3333333333333333,0.5,0.5,0.5,False,False
Q0074,2,OPCODE_3GRAM,DROP30_BRIDGE,B4_SOFT_GRAPH,0.16666666666666666,0.5,0.5,0.5,False,False
Q0074,2,OPCODE_STRUCT,CLEAN,B1_INDEPENDENT,0.16666666666666666,0.25,0.5,0.3333333333333333,False,False
Q0074,2,OPCODE_STRUCT,CLEAN,B2_EXACT_GLOBAL,0.5,0.5,0.5,0.5,False,False
Q0074,2,OPCODE_STRUCT,CLEAN,B3_HARD_COMPONENT,0.5,0.5,0.5,0.5,False,False
Q0074,2,OPCODE_STRUCT,CLEAN,B4_SOFT_GRAPH,0.3333333333333333,0.5,0.5,0.5,False,False
Q0074,2,OPCODE_STRUCT,DROP30,B1_INDEPENDENT,0.16666666666666666,0.25,0.5,0.3333333333333333,False,False
Q0074,2,OPCODE_STRUCT,DROP30,B2_EXACT_GLOBAL,0.5,0.5,0.5,0.5,False,False
Q0074,2,OPCODE_STRUCT,DROP30,B3_HARD_COMPONENT,0.5,0.3333333333333333,0.5,0.4,False,False
Q0074,2,OPCODE_STRUCT,DROP30,B4_SOFT_GRAPH,0.3333333333333333,0.3333333333333333,0.5,0.4,False,False
Q0074,2,OPCODE_STRUCT,BRIDGE,B1_INDEPENDENT,0.16666666666666666,0.25,0.5,0.3333333333333333,False,False
Q0074,2,OPCODE_STRUCT,BRIDGE,B2_EXACT_GLOBAL,0.5,0.5,0.5,0.5,False,False
Q0074,2,OPCODE_STRUCT,BRIDGE,B3_HARD_COMPONENT,0.0,0.0,0.0,0.0,False,False
Q0074,2,OPCODE_STRUCT,BRIDGE,B4_SOFT_GRAPH,0.3333333333333333,0.5,0.5,0.5,False,False
Q0074,2,OPCODE_STRUCT,DROP30_BRIDGE,B1_INDEPENDENT,0.16666666666666666,0.25,0.5,0.3333333333333333,False,False
Q0074,2,OPCODE_STRUCT,DROP30_BRIDGE,B2_EXACT_GLOBAL,0.5,0.5,0.5,0.5,False,False
Q0074,2,OPCODE_STRUCT,DROP30_BRIDGE,B3_HARD_COMPONENT,0.3333333333333333,0.5,0.5,0.5,False,False
Q0074,2,OPCODE_STRUCT,DROP30_BRIDGE,B4_SOFT_GRAPH,0.16666666666666666,0.5,0.5,0.5,False,False
Q0074,2,OPCODE_CONTEXT,CLEAN,B1_INDEPENDENT,0.16666666666666666,0.25,0.5,0.3333333333333333,False,False
Q0074,2,OPCODE_CONTEXT,CLEAN,B2_EXACT_GLOBAL,0.16666666666666666,0.5,0.5,0.5,False,False
Q0074,2,OPCODE_CONTEXT,CLEAN,B3_HARD_COMPONENT,0.5,0.5,0.5,0.5,False,False
Q0074,2,OPCODE_CONTEXT,CLEAN,B4_SOFT_GRAPH,0.16666666666666666,0.25,0.5,0.3333333333333333,False,False
Q0074,2,OPCODE_CONTEXT,DROP30,B1_INDEPENDENT,0.16666666666666666,0.25,0.5,0.3333333333333333,False,False
Q0074,2,OPCODE_CONTEXT,DROP30,B2_EXACT_GLOBAL,0.16666666666666666,0.5,0.5,0.5,False,False
Q0074,2,OPCODE_CONTEXT,DROP30,B3_HARD_COMPONENT,0.5,0.3333333333333333,0.5,0.4,False,False
Q0074,2,OPCODE_CONTEXT,DROP30,B4_SOFT_GRAPH,0.16666666666666666,0.25,0.5,0.3333333333333333,False,False
Q0074,2,OPCODE_CONTEXT,BRIDGE,B1_INDEPENDENT,0.16666666666666666,0.25,0.5,0.3333333333333333,False,False
Q0074,2,OPCODE_CONTEXT,BRIDGE,B2_EXACT_GLOBAL,0.16666666666666666,0.5,0.5,0.5,False,False
Q0074,2,OPCODE_CONTEXT,BRIDGE,B3_HARD_COMPONENT,0.0,0.0,0.0,0.0,False,False
Q0074,2,OPCODE_CONTEXT,BRIDGE,B4_SOFT_GRAPH,0.16666666666666666,0.25,0.5,0.3333333333333333,False,False
Q0074,2,OPCODE_CONTEXT,DROP30_BRIDGE,B1_INDEPENDENT,0.16666666666666666,0.25,0.5,0.3333333333333333,False,False
Q0074,2,OPCODE_CONTEXT,DROP30_BRIDGE,B2_EXACT_GLOBAL,0.16666666666666666,0.5,0.5,0.5,False,False
Q0074,2,OPCODE_CONTEXT,DROP30_BRIDGE,B3_HARD_COMPONENT,0.3333333333333333,0.5,0.5,0.5,False,False
Q0074,2,OPCODE_CONTEXT,DROP30_BRIDGE,B4_SOFT_GRAPH,0.16666666666666666,0.25,0.5,0.3333333333333333,False,False
Q0073,2,OPCODE_3GRAM,CLEAN,B1_INDEPENDENT,0.6666666666666666,0.5,1.0,0.6666666666666666,False,False
Q0073,2,OPCODE_3GRAM,CLEAN,B2_EXACT_GLOBAL,0.8333333333333334,1.0,1.0,1.0,True,False
Q0073,2,OPCODE_3GRAM,CLEAN,B3_HARD_COMPONENT,1.0,1.0,1.0,1.0,True,True
Q0073,2,OPCODE_3GRAM,CLEAN,B4_SOFT_GRAPH,0.5,0.3333333333333333,0.5,0.4,False,False
Q0073,2,OPCODE_3GRAM,DROP30,B1_INDEPENDENT,0.6666666666666666,0.5,1.0,0.6666666666666666,False,False
Q0073,2,OPCODE_3GRAM,DROP30,B2_EXACT_GLOBAL,0.8333333333333334,1.0,1.0,1.0,True,False
Q0073,2,OPCODE_3GRAM,DROP30,B3_HARD_COMPONENT,0.8333333333333334,0.6666666666666666,1.0,0.8,False,False
Q0073,2,OPCODE_3GRAM,DROP30,B4_SOFT_GRAPH,0.5,0.3333333333333333,0.5,0.4,False,False
Q0073,2,OPCODE_3GRAM,BRIDGE,B1_INDEPENDENT,0.6666666666666666,0.5,1.0,0.6666666666666666,False,False
Q0073,2,OPCODE_3GRAM,BRIDGE,B2_EXACT_GLOBAL,0.8333333333333334,1.0,1.0,1.0,True,False
Q0073,2,OPCODE_3GRAM,BRIDGE,B3_HARD_COMPONENT,0.5,1.0,0.5,0.6666666666666666,False,False
Q0073,2,OPCODE_3GRAM,BRIDGE,B4_SOFT_GRAPH,0.5,0.3333333333333333,0.5,0.4,False,False
Q0073,2,OPCODE_3GRAM,DROP30_BRIDGE,B1_INDEPENDENT,0.6666666666666666,0.5,1.0,0.6666666666666666,False,False
Q0073,2,OPCODE_3GRAM,DROP30_BRIDGE,B2_EXACT_GLOBAL,0.8333333333333334,1.0,1.0,1.0,True,False
Q0073,2,OPCODE_3GRAM,DROP30_BRIDGE,B3_HARD_COMPONENT,0.5,1.0,0.5,0.6666666666666666,False,False
Q0073,2,OPCODE_3GRAM,DROP30_BRIDGE,B4_SOFT_GRAPH,0.5,0.3333333333333333,0.5,0.4,False,False
Q0073,2,OPCODE_STRUCT,CLEAN,B1_INDEPENDENT,0.6666666666666666,0.6666666666666666,1.0,0.8,False,False
Q0073,2,OPCODE_STRUCT,CLEAN,B2_EXACT_GLOBAL,0.8333333333333334,1.0,1.0,1.0,True,False
Q0073,2,OPCODE_STRUCT,CLEAN,B3_HARD_COMPONENT,1.0,1.0,1.0,1.0,True,True
Q0073,2,OPCODE_STRUCT,CLEAN,B4_SOFT_GRAPH,0.5,0.5,0.5,0.5,False,False
Q0073,2,OPCODE_STRUCT,DROP30,B1_INDEPENDENT,0.6666666666666666,0.6666666666666666,1.0,0.8,False,False
Q0073,2,OPCODE_STRUCT,DROP30,B2_EXACT_GLOBAL,0.8333333333333334,1.0,1.0,1.0,True,False
Q0073,2,OPCODE_STRUCT,DROP30,B3_HARD_COMPONENT,0.8333333333333334,0.6666666666666666,1.0,0.8,False,False
Q0073,2,OPCODE_STRUCT,DROP30,B4_SOFT_GRAPH,0.5,0.3333333333333333,0.5,0.4,False,False
Q0073,2,OPCODE_STRUCT,BRIDGE,B1_INDEPENDENT,0.6666666666666666,0.6666666666666666,1.0,0.8,False,False
Q0073,2,OPCODE_STRUCT,BRIDGE,B2_EXACT_GLOBAL,0.8333333333333334,1.0,1.0,1.0,True,False
Q0073,2,OPCODE_STRUCT,BRIDGE,B3_HARD_COMPONENT,0.5,1.0,0.5,0.6666666666666666,False,False
Q0073,2,OPCODE_STRUCT,BRIDGE,B4_SOFT_GRAPH,0.5,0.5,0.5,0.5,False,False
Q0073,2,OPCODE_STRUCT,DROP30_BRIDGE,B1_INDEPENDENT,0.6666666666666666,0.6666666666666666,1.0,0.8,False,False
Q0073,2,OPCODE_STRUCT,DROP30_BRIDGE,B2_EXACT_GLOBAL,0.8333333333333334,1.0,1.0,1.0,True,False
Q0073,2,OPCODE_STRUCT,DROP30_BRIDGE,B3_HARD_COMPONENT,0.5,1.0,0.5,0.6666666666666666,False,False
Q0073,2,OPCODE_STRUCT,DROP30_BRIDGE,B4_SOFT_GRAPH,0.5,0.5,0.5,0.5,False,False
Q0073,2,OPCODE_CONTEXT,CLEAN,B1_INDEPENDENT,0.6666666666666666,0.6666666666666666,1.0,0.8,False,False
Q0073,2,OPCODE_CONTEXT,CLEAN,B2_EXACT_GLOBAL,0.8333333333333334,1.0,1.0,1.0,True,False
Q0073,2,OPCODE_CONTEXT,CLEAN,B3_HARD_COMPONENT,1.0,1.0,1.0,1.0,True,True
Q0073,2,OPCODE_CONTEXT,CLEAN,B4_SOFT_GRAPH,0.5,0.3333333333333333,0.5,0.4,False,False
Q0073,2,OPCODE_CONTEXT,DROP30,B1_INDEPENDENT,0.6666666666666666,0.6666666666666666,1.0,0.8,False,False
Q0073,2,OPCODE_CONTEXT,DROP30,B2_EXACT_GLOBAL,0.8333333333333334,1.0,1.0,1.0,True,False
Q0073,2,OPCODE_CONTEXT,DROP30,B3_HARD_COMPONENT,0.8333333333333334,0.6666666666666666,1.0,0.8,False,False
Q0073,2,OPCODE_CONTEXT,DROP30,B4_SOFT_GRAPH,0.5,0.3333333333333333,0.5,0.4,False,False
Q0073,2,OPCODE_CONTEXT,BRIDGE,B1_INDEPENDENT,0.6666666666666666,0.6666666666666666,1.0,0.8,False,False
Q0073,2,OPCODE_CONTEXT,BRIDGE,B2_EXACT_GLOBAL,0.8333333333333334,1.0,1.0,1.0,True,False
Q0073,2,OPCODE_CONTEXT,BRIDGE,B3_HARD_COMPONENT,0.0,0.0,0.0,0.0,False,False
Q0073,2,OPCODE_CONTEXT,BRIDGE,B4_SOFT_GRAPH,0.5,0.3333333333333333,0.5,0.4,False,False
Q0073,2,OPCODE_CONTEXT,DROP30_BRIDGE,B1_INDEPENDENT,0.6666666666666666,0.6666666666666666,1.0,0.8,False,False
Q0073,2,OPCODE_CONTEXT,DROP30_BRIDGE,B2_EXACT_GLOBAL,0.8333333333333334,1.0,1.0,1.0,True,False
Q0073,2,OPCODE_CONTEXT,DROP30_BRIDGE,B3_HARD_COMPONENT,0.16666666666666666,0.5,0.5,0.5,False,False
Q0073,2,OPCODE_CONTEXT,DROP30_BRIDGE,B4_SOFT_GRAPH,0.5,0.3333333333333333,0.5,0.4,False,False
Q0026,2,OPCODE_3GRAM,CLEAN,B1_INDEPENDENT,0.16666666666666666,0.2,0.5,0.28571428571428575,False,False
Q0026,2,OPCODE_3GRAM,CLEAN,B2_EXACT_GLOBAL,0.3333333333333333,0.5,0.5,0.5,False,False
Q0026,2,OPCODE_3GRAM,CLEAN,B3_HARD_COMPONENT,0.5,0.5,0.5,0.5,False,False
Q0026,2,OPCODE_3GRAM,CLEAN,B4_SOFT_GRAPH,0.16666666666666666,0.3333333333333333,0.5,0.4,False,False
Q0026,2,OPCODE_3GRAM,DROP30,B1_INDEPENDENT,0.16666666666666666,0.2,0.5,0.28571428571428575,False,False
Q0026,2,OPCODE_3GRAM,DROP30,B2_EXACT_GLOBAL,0.3333333333333333,0.5,0.5,0.5,False,False
Q0026,2,OPCODE_3GRAM,DROP30,B3_HARD_COMPONENT,0.3333333333333333,0.25,0.5,0.3333333333333333,False,False
Q0026,2,OPCODE_3GRAM,DROP30,B4_SOFT_GRAPH,0.3333333333333333,0.3333333333333333,0.5,0.4,False,False
Q0026,2,OPCODE_3GRAM,BRIDGE,B1_INDEPENDENT,0.16666666666666666,0.2,0.5,0.28571428571428575,False,False
Q0026,2,OPCODE_3GRAM,BRIDGE,B2_EXACT_GLOBAL,0.3333333333333333,0.5,0.5,0.5,False,False
Q0026,2,OPCODE_3GRAM,BRIDGE,B3_HARD_COMPONENT,0.5,1.0,0.5,0.6666666666666666,False,False
Q0026,2,OPCODE_3GRAM,BRIDGE,B4_SOFT_GRAPH,0.3333333333333333,0.5,0.5,0.5,False,False
Q0026,2,OPCODE_3GRAM,DROP30_BRIDGE,B1_INDEPENDENT,0.16666666666666666,0.2,0.5,0.28571428571428575,False,False
Q0026,2,OPCODE_3GRAM,DROP30_BRIDGE,B2_EXACT_GLOBAL,0.3333333333333333,0.5,0.5,0.5,False,False
Q0026,2,OPCODE_3GRAM,DROP30_BRIDGE,B3_HARD_COMPONENT,0.5,0.3333333333333333,0.5,0.4,False,False
Q0026,2,OPCODE_3GRAM,DROP30_BRIDGE,B4_SOFT_GRAPH,0.16666666666666666,0.25,0.5,0.3333333333333333,False,False
Q0026,2,OPCODE_STRUCT,CLEAN,B1_INDEPENDENT,0.16666666666666666,0.2,0.5,0.28571428571428575,False,False
Q0026,2,OPCODE_STRUCT,CLEAN,B2_EXACT_GLOBAL,0.3333333333333333,0.5,0.5,0.5,False,False
Q0026,2,OPCODE_STRUCT,CLEAN,B3_HARD_COMPONENT,0.5,0.5,0.5,0.5,False,False
Q0026,2,OPCODE_STRUCT,CLEAN,B4_SOFT_GRAPH,0.5,0.5,0.5,0.5,False,False
Q0026,2,OPCODE_STRUCT,DROP30,B1_INDEPENDENT,0.16666666666666666,0.2,0.5,0.28571428571428575,False,False
Q0026,2,OPCODE_STRUCT,DROP30,B2_EXACT_GLOBAL,0.3333333333333333,0.5,0.5,0.5,False,False
Q0026,2,OPCODE_STRUCT,DROP30,B3_HARD_COMPONENT,0.3333333333333333,0.25,0.5,0.3333333333333333,False,False
Q0026,2,OPCODE_STRUCT,DROP30,B4_SOFT_GRAPH,0.3333333333333333,0.25,0.5,0.3333333333333333,False,False
Q0026,2,OPCODE_STRUCT,BRIDGE,B1_INDEPENDENT,0.16666666666666666,0.2,0.5,0.28571428571428575,False,False
Q0026,2,OPCODE_STRUCT,BRIDGE,B2_EXACT_GLOBAL,0.3333333333333333,0.5,0.5,0.5,False,False
Q0026,2,OPCODE_STRUCT,BRIDGE,B3_HARD_COMPONENT,0.5,1.0,0.5,0.6666666666666666,False,False
Q0026,2,OPCODE_STRUCT,BRIDGE,B4_SOFT_GRAPH,0.5,0.5,0.5,0.5,False,False
Q0026,2,OPCODE_STRUCT,DROP30_BRIDGE,B1_INDEPENDENT,0.16666666666666666,0.2,0.5,0.28571428571428575,False,False
Q0026,2,OPCODE_STRUCT,DROP30_BRIDGE,B2_EXACT_GLOBAL,0.3333333333333333,0.5,0.5,0.5,False,False
Q0026,2,OPCODE_STRUCT,DROP30_BRIDGE,B3_HARD_COMPONENT,0.5,0.3333333333333333,0.5,0.4,False,False
Q0026,2,OPCODE_STRUCT,DROP30_BRIDGE,B4_SOFT_GRAPH,0.5,0.5,0.5,0.5,False,False
Q0026,2,OPCODE_CONTEXT,CLEAN,B1_INDEPENDENT,0.3333333333333333,0.25,0.5,0.3333333333333333,False,False
Q0026,2,OPCODE_CONTEXT,CLEAN,B2_EXACT_GLOBAL,0.5,0.5,0.5,0.5,False,False
Q0026,2,OPCODE_CONTEXT,CLEAN,B3_HARD_COMPONENT,0.5,1.0,0.5,0.6666666666666666,False,False
Q0026,2,OPCODE_CONTEXT,CLEAN,B4_SOFT_GRAPH,0.3333333333333333,0.25,0.5,0.3333333333333333,False,False
Q0026,2,OPCODE_CONTEXT,DROP30,B1_INDEPENDENT,0.3333333333333333,0.25,0.5,0.3333333333333333,False,False
Q0026,2,OPCODE_CONTEXT,DROP30,B2_EXACT_GLOBAL,0.5,0.5,0.5,0.5,False,False
Q0026,2,OPCODE_CONTEXT,DROP30,B3_HARD_COMPONENT,0.5,0.5,0.5,0.5,False,False
Q0026,2,OPCODE_CONTEXT,DROP30,B4_SOFT_GRAPH,0.3333333333333333,0.25,0.5,0.3333333333333333,False,False
Q0026,2,OPCODE_CONTEXT,BRIDGE,B1_INDEPENDENT,0.3333333333333333,0.25,0.5,0.3333333333333333,False,False
Q0026,2,OPCODE_CONTEXT,BRIDGE,B2_EXACT_GLOBAL,0.5,0.5,0.5,0.5,False,False
Q0026,2,OPCODE_CONTEXT,BRIDGE,B3_HARD_COMPONENT,0.5,1.0,0.5,0.6666666666666666,False,False
Q0026,2,OPCODE_CONTEXT,BRIDGE,B4_SOFT_GRAPH,0.3333333333333333,0.25,0.5,0.3333333333333333,False,False
Q0026,2,OPCODE_CONTEXT,DROP30_BRIDGE,B1_INDEPENDENT,0.3333333333333333,0.25,0.5,0.3333333333333333,False,False
Q0026,2,OPCODE_CONTEXT,DROP30_BRIDGE,B2_EXACT_GLOBAL,0.5,0.5,0.5,0.5,False,False
Q0026,2,OPCODE_CONTEXT,DROP30_BRIDGE,B3_HARD_COMPONENT,0.5,0.5,0.5,0.5,False,False
Q0026,2,OPCODE_CONTEXT,DROP30_BRIDGE,B4_SOFT_GRAPH,0.3333333333333333,0.25,0.5,0.3333333333333333,False,False
Q0063,2,OPCODE_3GRAM,CLEAN,B1_INDEPENDENT,0.6666666666666666,0.6666666666666666,1.0,0.8,False,False
Q0063,2,OPCODE_3GRAM,CLEAN,B2_EXACT_GLOBAL,0.6666666666666666,1.0,1.0,1.0,True,False
Q0063,2,OPCODE_3GRAM,CLEAN,B3_HARD_COMPONENT,1.0,1.0,1.0,1.0,True,True
Q0063,2,OPCODE_3GRAM,CLEAN,B4_SOFT_GRAPH,0.5,0.5,0.5,0.5,False,False
Q0063,2,OPCODE_3GRAM,DROP30,B1_INDEPENDENT,0.6666666666666666,0.6666666666666666,1.0,0.8,False,False
Q0063,2,OPCODE_3GRAM,DROP30,B2_EXACT_GLOBAL,0.6666666666666666,1.0,1.0,1.0,True,False
Q0063,2,OPCODE_3GRAM,DROP30,B3_HARD_COMPONENT,0.8333333333333334,0.6666666666666666,1.0,0.8,False,False
Q0063,2,OPCODE_3GRAM,DROP30,B4_SOFT_GRAPH,0.5,0.3333333333333333,0.5,0.4,False,False
Q0063,2,OPCODE_3GRAM,BRIDGE,B1_INDEPENDENT,0.6666666666666666,0.6666666666666666,1.0,0.8,False,False
Q0063,2,OPCODE_3GRAM,BRIDGE,B2_EXACT_GLOBAL,0.6666666666666666,1.0,1.0,1.0,True,False
Q0063,2,OPCODE_3GRAM,BRIDGE,B3_HARD_COMPONENT,0.5,1.0,0.5,0.6666666666666666,False,False
Q0063,2,OPCODE_3GRAM,BRIDGE,B4_SOFT_GRAPH,0.5,1.0,0.5,0.6666666666666666,False,False
Q0063,2,OPCODE_3GRAM,DROP30_BRIDGE,B1_INDEPENDENT,0.6666666666666666,0.6666666666666666,1.0,0.8,False,False
Q0063,2,OPCODE_3GRAM,DROP30_BRIDGE,B2_EXACT_GLOBAL,0.6666666666666666,1.0,1.0,1.0,True,False
Q0063,2,OPCODE_3GRAM,DROP30_BRIDGE,B3_HARD_COMPONENT,0.6666666666666666,0.6666666666666666,1.0,0.8,False,False
Q0063,2,OPCODE_3GRAM,DROP30_BRIDGE,B4_SOFT_GRAPH,0.5,0.3333333333333333,0.5,0.4,False,False
Q0063,2,OPCODE_STRUCT,CLEAN,B1_INDEPENDENT,0.6666666666666666,0.5,1.0,0.6666666666666666,False,False
Q0063,2,OPCODE_STRUCT,CLEAN,B2_EXACT_GLOBAL,1.0,1.0,1.0,1.0,True,True
Q0063,2,OPCODE_STRUCT,CLEAN,B3_HARD_COMPONENT,1.0,1.0,1.0,1.0,True,True
Q0063,2,OPCODE_STRUCT,CLEAN,B4_SOFT_GRAPH,1.0,1.0,1.0,1.0,True,True
Q0063,2,OPCODE_STRUCT,DROP30,B1_INDEPENDENT,0.6666666666666666,0.5,1.0,0.6666666666666666,False,False
Q0063,2,OPCODE_STRUCT,DROP30,B2_EXACT_GLOBAL,1.0,1.0,1.0,1.0,True,True
Q0063,2,OPCODE_STRUCT,DROP30,B3_HARD_COMPONENT,0.8333333333333334,0.6666666666666666,1.0,0.8,False,False
Q0063,2,OPCODE_STRUCT,DROP30,B4_SOFT_GRAPH,0.8333333333333334,0.6666666666666666,1.0,0.8,False,False
Q0063,2,OPCODE_STRUCT,BRIDGE,B1_INDEPENDENT,0.6666666666666666,0.5,1.0,0.6666666666666666,False,False
Q0063,2,OPCODE_STRUCT,BRIDGE,B2_EXACT_GLOBAL,1.0,1.0,1.0,1.0,True,True
Q0063,2,OPCODE_STRUCT,BRIDGE,B3_HARD_COMPONENT,0.5,1.0,0.5,0.6666666666666666,False,False
Q0063,2,OPCODE_STRUCT,BRIDGE,B4_SOFT_GRAPH,1.0,1.0,1.0,1.0,True,True
Q0063,2,OPCODE_STRUCT,DROP30_BRIDGE,B1_INDEPENDENT,0.6666666666666666,0.5,1.0,0.6666666666666666,False,False
Q0063,2,OPCODE_STRUCT,DROP30_BRIDGE,B2_EXACT_GLOBAL,1.0,1.0,1.0,1.0,True,True
Q0063,2,OPCODE_STRUCT,DROP30_BRIDGE,B3_HARD_COMPONENT,0.6666666666666666,0.6666666666666666,1.0,0.8,False,False
Q0063,2,OPCODE_STRUCT,DROP30_BRIDGE,B4_SOFT_GRAPH,0.6666666666666666,0.5,1.0,0.6666666666666666,False,False
Q0063,2,OPCODE_CONTEXT,CLEAN,B1_INDEPENDENT,0.6666666666666666,0.5,1.0,0.6666666666666666,False,False
Q0063,2,OPCODE_CONTEXT,CLEAN,B2_EXACT_GLOBAL,1.0,1.0,1.0,1.0,True,True
Q0063,2,OPCODE_CONTEXT,CLEAN,B3_HARD_COMPONENT,1.0,1.0,1.0,1.0,True,True
Q0063,2,OPCODE_CONTEXT,CLEAN,B4_SOFT_GRAPH,0.5,0.25,0.5,0.3333333333333333,False,False
Q0063,2,OPCODE_CONTEXT,DROP30,B1_INDEPENDENT,0.6666666666666666,0.5,1.0,0.6666666666666666,False,False
Q0063,2,OPCODE_CONTEXT,DROP30,B2_EXACT_GLOBAL,1.0,1.0,1.0,1.0,True,True
Q0063,2,OPCODE_CONTEXT,DROP30,B3_HARD_COMPONENT,0.8333333333333334,0.6666666666666666,1.0,0.8,False,False
Q0063,2,OPCODE_CONTEXT,DROP30,B4_SOFT_GRAPH,0.5,0.25,0.5,0.3333333333333333,False,False
Q0063,2,OPCODE_CONTEXT,BRIDGE,B1_INDEPENDENT,0.6666666666666666,0.5,1.0,0.6666666666666666,False,False
Q0063,2,OPCODE_CONTEXT,BRIDGE,B2_EXACT_GLOBAL,1.0,1.0,1.0,1.0,True,True
Q0063,2,OPCODE_CONTEXT,BRIDGE,B3_HARD_COMPONENT,0.5,1.0,0.5,0.6666666666666666,False,False
Q0063,2,OPCODE_CONTEXT,BRIDGE,B4_SOFT_GRAPH,0.5,0.25,0.5,0.3333333333333333,False,False
Q0063,2,OPCODE_CONTEXT,DROP30_BRIDGE,B1_INDEPENDENT,0.6666666666666666,0.5,1.0,0.6666666666666666,False,False
Q0063,2,OPCODE_CONTEXT,DROP30_BRIDGE,B2_EXACT_GLOBAL,1.0,1.0,1.0,1.0,True,True
Q0063,2,OPCODE_CONTEXT,DROP30_BRIDGE,B3_HARD_COMPONENT,0.6666666666666666,0.6666666666666666,1.0,0.8,False,False
Q0063,2,OPCODE_CONTEXT,DROP30_BRIDGE,B4_SOFT_GRAPH,0.5,0.25,0.5,0.3333333333333333,False,False
Q0061,2,OPCODE_3GRAM,CLEAN,B1_INDEPENDENT,0.16666666666666666,0.25,0.5,0.3333333333333333,False,False
Q0061,2,OPCODE_3GRAM,CLEAN,B2_EXACT_GLOBAL,0.0,0.0,0.0,0.0,False,False
Q0061,2,OPCODE_3GRAM,CLEAN,B3_HARD_COMPONENT,0.0,0.0,0.0,0.0,False,False
Q0061,2,OPCODE_3GRAM,CLEAN,B4_SOFT_GRAPH,0.0,0.0,0.0,0.0,False,False
Q0061,2,OPCODE_3GRAM,DROP30,B1_INDEPENDENT,0.16666666666666666,0.25,0.5,0.3333333333333333,False,False
Q0061,2,OPCODE_3GRAM,DROP30,B2_EXACT_GLOBAL,0.0,0.0,0.0,0.0,False,False
Q0061,2,OPCODE_3GRAM,DROP30,B3_HARD_COMPONENT,0.0,0.0,0.0,0.0,False,False
Q0061,2,OPCODE_3GRAM,DROP30,B4_SOFT_GRAPH,0.0,0.0,0.0,0.0,False,False
Q0061,2,OPCODE_3GRAM,BRIDGE,B1_INDEPENDENT,0.16666666666666666,0.25,0.5,0.3333333333333333,False,False
Q0061,2,OPCODE_3GRAM,BRIDGE,B2_EXACT_GLOBAL,0.0,0.0,0.0,0.0,False,False
Q0061,2,OPCODE_3GRAM,BRIDGE,B3_HARD_COMPONENT,0.0,0.0,0.0,0.0,False,False
Q0061,2,OPCODE_3GRAM,BRIDGE,B4_SOFT_GRAPH,0.0,0.0,0.0,0.0,False,False
Q0061,2,OPCODE_3GRAM,DROP30_BRIDGE,B1_INDEPENDENT,0.16666666666666666,0.25,0.5,0.3333333333333333,False,False
Q0061,2,OPCODE_3GRAM,DROP30_BRIDGE,B2_EXACT_GLOBAL,0.0,0.0,0.0,0.0,False,False
Q0061,2,OPCODE_3GRAM,DROP30_BRIDGE,B3_HARD_COMPONENT,0.0,0.0,0.0,0.0,False,False
Q0061,2,OPCODE_3GRAM,DROP30_BRIDGE,B4_SOFT_GRAPH,0.0,0.0,0.0,0.0,False,False
Q0061,2,OPCODE_STRUCT,CLEAN,B1_INDEPENDENT,0.16666666666666666,0.16666666666666666,0.5,0.25,False,False
Q0061,2,OPCODE_STRUCT,CLEAN,B2_EXACT_GLOBAL,0.0,0.0,0.0,0.0,False,False
Q0061,2,OPCODE_STRUCT,CLEAN,B3_HARD_COMPONENT,0.0,0.0,0.0,0.0,False,False
Q0061,2,OPCODE_STRUCT,CLEAN,B4_SOFT_GRAPH,0.5,0.5,0.5,0.5,False,False
Q0061,2,OPCODE_STRUCT,DROP30,B1_INDEPENDENT,0.16666666666666666,0.16666666666666666,0.5,0.25,False,False
Q0061,2,OPCODE_STRUCT,DROP30,B2_EXACT_GLOBAL,0.0,0.0,0.0,0.0,False,False
Q0061,2,OPCODE_STRUCT,DROP30,B3_HARD_COMPONENT,0.0,0.0,0.0,0.0,False,False
Q0061,2,OPCODE_STRUCT,DROP30,B4_SOFT_GRAPH,0.0,0.0,0.0,0.0,False,False
Q0061,2,OPCODE_STRUCT,BRIDGE,B1_INDEPENDENT,0.16666666666666666,0.16666666666666666,0.5,0.25,False,False
Q0061,2,OPCODE_STRUCT,BRIDGE,B2_EXACT_GLOBAL,0.0,0.0,0.0,0.0,False,False
Q0061,2,OPCODE_STRUCT,BRIDGE,B3_HARD_COMPONENT,0.0,0.0,0.0,0.0,False,False
Q0061,2,OPCODE_STRUCT,BRIDGE,B4_SOFT_GRAPH,0.0,0.0,0.0,0.0,False,False
Q0061,2,OPCODE_STRUCT,DROP30_BRIDGE,B1_INDEPENDENT,0.16666666666666666,0.16666666666666666,0.5,0.25,False,False
Q0061,2,OPCODE_STRUCT,DROP30_BRIDGE,B2_EXACT_GLOBAL,0.0,0.0,0.0,0.0,False,False
Q0061,2,OPCODE_STRUCT,DROP30_BRIDGE,B3_HARD_COMPONENT,0.0,0.0,0.0,0.0,False,False
Q0061,2,OPCODE_STRUCT,DROP30_BRIDGE,B4_SOFT_GRAPH,0.0,0.0,0.0,0.0,False,False
Q0061,2,OPCODE_CONTEXT,CLEAN,B1_INDEPENDENT,0.3333333333333333,0.25,0.5,0.3333333333333333,False,False
Q0061,2,OPCODE_CONTEXT,CLEAN,B2_EXACT_GLOBAL,0.0,0.0,0.0,0.0,False,False
Q0061,2,OPCODE_CONTEXT,CLEAN,B3_HARD_COMPONENT,0.5,0.5,0.5,0.5,False,False
Q0061,2,OPCODE_CONTEXT,CLEAN,B4_SOFT_GRAPH,0.3333333333333333,0.25,0.5,0.3333333333333333,False,False
Q0061,2,OPCODE_CONTEXT,DROP30,B1_INDEPENDENT,0.3333333333333333,0.25,0.5,0.3333333333333333,False,False
Q0061,2,OPCODE_CONTEXT,DROP30,B2_EXACT_GLOBAL,0.0,0.0,0.0,0.0,False,False
Q0061,2,OPCODE_CONTEXT,DROP30,B3_HARD_COMPONENT,0.5,0.3333333333333333,0.5,0.4,False,False
Q0061,2,OPCODE_CONTEXT,DROP30,B4_SOFT_GRAPH,0.3333333333333333,0.25,0.5,0.3333333333333333,False,False
Q0061,2,OPCODE_CONTEXT,BRIDGE,B1_INDEPENDENT,0.3333333333333333,0.25,0.5,0.3333333333333333,False,False
Q0061,2,OPCODE_CONTEXT,BRIDGE,B2_EXACT_GLOBAL,0.0,0.0,0.0,0.0,False,False
Q0061,2,OPCODE_CONTEXT,BRIDGE,B3_HARD_COMPONENT,0.0,0.0,0.0,0.0,False,False
Q0061,2,OPCODE_CONTEXT,BRIDGE,B4_SOFT_GRAPH,0.3333333333333333,0.25,0.5,0.3333333333333333,False,False
Q0061,2,OPCODE_CONTEXT,DROP30_BRIDGE,B1_INDEPENDENT,0.3333333333333333,0.25,0.5,0.3333333333333333,False,False
Q0061,2,OPCODE_CONTEXT,DROP30_BRIDGE,B2_EXACT_GLOBAL,0.0,0.0,0.0,0.0,False,False
Q0061,2,OPCODE_CONTEXT,DROP30_BRIDGE,B3_HARD_COMPONENT,0.0,0.0,0.0,0.0,False,False
Q0061,2,OPCODE_CONTEXT,DROP30_BRIDGE,B4_SOFT_GRAPH,0.3333333333333333,0.25,0.5,0.3333333333333333,False,False
Q0041,2,OPCODE_3GRAM,CLEAN,B1_INDEPENDENT,0.16666666666666666,0.25,0.5,0.3333333333333333,False,False
Q0041,2,OPCODE_3GRAM,CLEAN,B2_EXACT_GLOBAL,0.0,0.0,0.0,0.0,False,False
Q0041,2,OPCODE_3GRAM,CLEAN,B3_HARD_COMPONENT,0.0,0.0,0.0,0.0,False,False
Q0041,2,OPCODE_3GRAM,CLEAN,B4_SOFT_GRAPH,0.0,0.3333333333333333,0.5,0.4,False,False
Q0041,2,OPCODE_3GRAM,DROP30,B1_INDEPENDENT,0.16666666666666666,0.25,0.5,0.3333333333333333,False,False
Q0041,2,OPCODE_3GRAM,DROP30,B2_EXACT_GLOBAL,0.0,0.0,0.0,0.0,False,False
Q0041,2,OPCODE_3GRAM,DROP30,B3_HARD_COMPONENT,0.0,0.0,0.0,0.0,False,False
Q0041,2,OPCODE_3GRAM,DROP30,B4_SOFT_GRAPH,0.0,0.25,0.5,0.3333333333333333,False,False
Q0041,2,OPCODE_3GRAM,BRIDGE,B1_INDEPENDENT,0.16666666666666666,0.25,0.5,0.3333333333333333,False,False
Q0041,2,OPCODE_3GRAM,BRIDGE,B2_EXACT_GLOBAL,0.0,0.0,0.0,0.0,False,False
Q0041,2,OPCODE_3GRAM,BRIDGE,B3_HARD_COMPONENT,0.0,0.0,0.0,0.0,False,False
Q0041,2,OPCODE_3GRAM,BRIDGE,B4_SOFT_GRAPH,0.0,0.3333333333333333,0.5,0.4,False,False
Q0041,2,OPCODE_3GRAM,DROP30_BRIDGE,B1_INDEPENDENT,0.16666666666666666,0.25,0.5,0.3333333333333333,False,False
Q0041,2,OPCODE_3GRAM,DROP30_BRIDGE,B2_EXACT_GLOBAL,0.0,0.0,0.0,0.0,False,False
Q0041,2,OPCODE_3GRAM,DROP30_BRIDGE,B3_HARD_COMPONENT,0.0,0.0,0.0,0.0,False,False
Q0041,2,OPCODE_3GRAM,DROP30_BRIDGE,B4_SOFT_GRAPH,0.0,0.25,0.5,0.3333333333333333,False,False
Q0041,2,OPCODE_STRUCT,CLEAN,B1_INDEPENDENT,0.16666666666666666,0.2,0.5,0.28571428571428575,False,False
Q0041,2,OPCODE_STRUCT,CLEAN,B2_EXACT_GLOBAL,0.0,0.0,0.0,0.0,False,False
Q0041,2,OPCODE_STRUCT,CLEAN,B3_HARD_COMPONENT,0.0,0.0,0.0,0.0,False,False
Q0041,2,OPCODE_STRUCT,CLEAN,B4_SOFT_GRAPH,0.0,0.0,0.0,0.0,False,False
Q0041,2,OPCODE_STRUCT,DROP30,B1_INDEPENDENT,0.16666666666666666,0.2,0.5,0.28571428571428575,False,False
Q0041,2,OPCODE_STRUCT,DROP30,B2_EXACT_GLOBAL,0.0,0.0,0.0,0.0,False,False
Q0041,2,OPCODE_STRUCT,DROP30,B3_HARD_COMPONENT,0.0,0.0,0.0,0.0,False,False
Q0041,2,OPCODE_STRUCT,DROP30,B4_SOFT_GRAPH,0.0,0.0,0.0,0.0,False,False
Q0041,2,OPCODE_STRUCT,BRIDGE,B1_INDEPENDENT,0.16666666666666666,0.2,0.5,0.28571428571428575,False,False
Q0041,2,OPCODE_STRUCT,BRIDGE,B2_EXACT_GLOBAL,0.0,0.0,0.0,0.0,False,False
Q0041,2,OPCODE_STRUCT,BRIDGE,B3_HARD_COMPONENT,0.0,0.0,0.0,0.0,False,False
Q0041,2,OPCODE_STRUCT,BRIDGE,B4_SOFT_GRAPH,0.0,0.0,0.0,0.0,False,False
Q0041,2,OPCODE_STRUCT,DROP30_BRIDGE,B1_INDEPENDENT,0.16666666666666666,0.2,0.5,0.28571428571428575,False,False
Q0041,2,OPCODE_STRUCT,DROP30_BRIDGE,B2_EXACT_GLOBAL,0.0,0.0,0.0,0.0,False,False
Q0041,2,OPCODE_STRUCT,DROP30_BRIDGE,B3_HARD_COMPONENT,0.0,0.0,0.0,0.0,False,False
Q0041,2,OPCODE_STRUCT,DROP30_BRIDGE,B4_SOFT_GRAPH,0.0,0.0,0.0,0.0,False,False
Q0041,2,OPCODE_CONTEXT,CLEAN,B1_INDEPENDENT,0.3333333333333333,0.2,0.5,0.28571428571428575,False,False
Q0041,2,OPCODE_CONTEXT,CLEAN,B2_EXACT_GLOBAL,0.5,0.5,0.5,0.5,False,False
Q0041,2,OPCODE_CONTEXT,CLEAN,B3_HARD_COMPONENT,0.5,0.5,0.5,0.5,False,False
Q0041,2,OPCODE_CONTEXT,CLEAN,B4_SOFT_GRAPH,0.3333333333333333,0.2,0.5,0.28571428571428575,False,False
Q0041,2,OPCODE_CONTEXT,DROP30,B1_INDEPENDENT,0.3333333333333333,0.2,0.5,0.28571428571428575,False,False
Q0041,2,OPCODE_CONTEXT,DROP30,B2_EXACT_GLOBAL,0.5,0.5,0.5,0.5,False,False
Q0041,2,OPCODE_CONTEXT,DROP30,B3_HARD_COMPONENT,0.5,0.3333333333333333,0.5,0.4,False,False
Q0041,2,OPCODE_CONTEXT,DROP30,B4_SOFT_GRAPH,0.3333333333333333,0.2,0.5,0.28571428571428575,False,False
Q0041,2,OPCODE_CONTEXT,BRIDGE,B1_INDEPENDENT,0.3333333333333333,0.2,0.5,0.28571428571428575,False,False
Q0041,2,OPCODE_CONTEXT,BRIDGE,B2_EXACT_GLOBAL,0.5,0.5,0.5,0.5,False,False
Q0041,2,OPCODE_CONTEXT,BRIDGE,B3_HARD_COMPONENT,0.0,0.0,0.0,0.0,False,False
Q0041,2,OPCODE_CONTEXT,BRIDGE,B4_SOFT_GRAPH,0.3333333333333333,0.2,0.5,0.28571428571428575,False,False
Q0041,2,OPCODE_CONTEXT,DROP30_BRIDGE,B1_INDEPENDENT,0.3333333333333333,0.2,0.5,0.28571428571428575,False,False
Q0041,2,OPCODE_CONTEXT,DROP30_BRIDGE,B2_EXACT_GLOBAL,0.5,0.5,0.5,0.5,False,False
Q0041,2,OPCODE_CONTEXT,DROP30_BRIDGE,B3_HARD_COMPONENT,0.0,0.0,0.0,0.0,False,False
Q0041,2,OPCODE_CONTEXT,DROP30_BRIDGE,B4_SOFT_GRAPH,0.3333333333333333,0.2,0.5,0.28571428571428575,False,False
Q0017,2,OPCODE_3GRAM,CLEAN,B1_INDEPENDENT,0.16666666666666666,0.2,0.5,0.28571428571428575,False,False
Q0017,2,OPCODE_3GRAM,CLEAN,B2_EXACT_GLOBAL,0.5,0.5,0.5,0.5,False,False
Q0017,2,OPCODE_3GRAM,CLEAN,B3_HARD_COMPONENT,0.5,0.5,0.5,0.5,False,False
Q0017,2,OPCODE_3GRAM,CLEAN,B4_SOFT_GRAPH,0.5,0.5,0.5,0.5,False,False
Q0017,2,OPCODE_3GRAM,DROP30,B1_INDEPENDENT,0.16666666666666666,0.2,0.5,0.28571428571428575,False,False
Q0017,2,OPCODE_3GRAM,DROP30,B2_EXACT_GLOBAL,0.5,0.5,0.5,0.5,False,False
Q0017,2,OPCODE_3GRAM,DROP30,B3_HARD_COMPONENT,0.3333333333333333,0.25,0.5,0.3333333333333333,False,False
Q0017,2,OPCODE_3GRAM,DROP30,B4_SOFT_GRAPH,0.3333333333333333,0.25,0.5,0.3333333333333333,False,False
Q0017,2,OPCODE_3GRAM,BRIDGE,B1_INDEPENDENT,0.16666666666666666,0.2,0.5,0.28571428571428575,False,False
Q0017,2,OPCODE_3GRAM,BRIDGE,B2_EXACT_GLOBAL,0.5,0.5,0.5,0.5,False,False
Q0017,2,OPCODE_3GRAM,BRIDGE,B3_HARD_COMPONENT,0.5,1.0,0.5,0.6666666666666666,False,False
Q0017,2,OPCODE_3GRAM,BRIDGE,B4_SOFT_GRAPH,0.5,0.5,0.5,0.5,False,False
Q0017,2,OPCODE_3GRAM,DROP30_BRIDGE,B1_INDEPENDENT,0.16666666666666666,0.2,0.5,0.28571428571428575,False,False
Q0017,2,OPCODE_3GRAM,DROP30_BRIDGE,B2_EXACT_GLOBAL,0.5,0.5,0.5,0.5,False,False
Q0017,2,OPCODE_3GRAM,DROP30_BRIDGE,B3_HARD_COMPONENT,0.5,0.3333333333333333,0.5,0.4,False,False
Q0017,2,OPCODE_3GRAM,DROP30_BRIDGE,B4_SOFT_GRAPH,0.5,0.25,0.5,0.3333333333333333,False,False
Q0017,2,OPCODE_STRUCT,CLEAN,B1_INDEPENDENT,0.16666666666666666,0.25,0.5,0.3333333333333333,False,False
Q0017,2,OPCODE_STRUCT,CLEAN,B2_EXACT_GLOBAL,0.16666666666666666,0.5,0.5,0.5,False,False
Q0017,2,OPCODE_STRUCT,CLEAN,B3_HARD_COMPONENT,0.5,0.5,0.5,0.5,False,False
Q0017,2,OPCODE_STRUCT,CLEAN,B4_SOFT_GRAPH,0.3333333333333333,0.3333333333333333,0.5,0.4,False,False
Q0017,2,OPCODE_STRUCT,DROP30,B1_INDEPENDENT,0.16666666666666666,0.25,0.5,0.3333333333333333,False,False
Q0017,2,OPCODE_STRUCT,DROP30,B2_EXACT_GLOBAL,0.16666666666666666,0.5,0.5,0.5,False,False
Q0017,2,OPCODE_STRUCT,DROP30,B3_HARD_COMPONENT,0.3333333333333333,0.25,0.5,0.3333333333333333,False,False
Q0017,2,OPCODE_STRUCT,DROP30,B4_SOFT_GRAPH,0.3333333333333333,0.25,0.5,0.3333333333333333,False,False
Q0017,2,OPCODE_STRUCT,BRIDGE,B1_INDEPENDENT,0.16666666666666666,0.25,0.5,0.3333333333333333,False,False
Q0017,2,OPCODE_STRUCT,BRIDGE,B2_EXACT_GLOBAL,0.16666666666666666,0.5,0.5,0.5,False,False
Q0017,2,OPCODE_STRUCT,BRIDGE,B3_HARD_COMPONENT,0.0,0.0,0.0,0.0,False,False
Q0017,2,OPCODE_STRUCT,BRIDGE,B4_SOFT_GRAPH,0.3333333333333333,0.3333333333333333,0.5,0.4,False,False
Q0017,2,OPCODE_STRUCT,DROP30_BRIDGE,B1_INDEPENDENT,0.16666666666666666,0.25,0.5,0.3333333333333333,False,False
Q0017,2,OPCODE_STRUCT,DROP30_BRIDGE,B2_EXACT_GLOBAL,0.16666666666666666,0.5,0.5,0.5,False,False
Q0017,2,OPCODE_STRUCT,DROP30_BRIDGE,B3_HARD_COMPONENT,0.5,0.3333333333333333,0.5,0.4,False,False
Q0017,2,OPCODE_STRUCT,DROP30_BRIDGE,B4_SOFT_GRAPH,0.3333333333333333,0.25,0.5,0.3333333333333333,False,False
Q0017,2,OPCODE_CONTEXT,CLEAN,B1_INDEPENDENT,0.16666666666666666,0.25,0.5,0.3333333333333333,False,False
Q0017,2,OPCODE_CONTEXT,CLEAN,B2_EXACT_GLOBAL,0.16666666666666666,0.5,0.5,0.5,False,False
Q0017,2,OPCODE_CONTEXT,CLEAN,B3_HARD_COMPONENT,0.5,0.5,0.5,0.5,False,False
Q0017,2,OPCODE_CONTEXT,CLEAN,B4_SOFT_GRAPH,0.16666666666666666,0.25,0.5,0.3333333333333333,False,False
Q0017,2,OPCODE_CONTEXT,DROP30,B1_INDEPENDENT,0.16666666666666666,0.25,0.5,0.3333333333333333,False,False
Q0017,2,OPCODE_CONTEXT,DROP30,B2_EXACT_GLOBAL,0.16666666666666666,0.5,0.5,0.5,False,False
Q0017,2,OPCODE_CONTEXT,DROP30,B3_HARD_COMPONENT,0.3333333333333333,0.3333333333333333,0.5,0.4,False,False
Q0017,2,OPCODE_CONTEXT,DROP30,B4_SOFT_GRAPH,0.16666666666666666,0.25,0.5,0.3333333333333333,False,False
Q0017,2,OPCODE_CONTEXT,BRIDGE,B1_INDEPENDENT,0.16666666666666666,0.25,0.5,0.3333333333333333,False,False
Q0017,2,OPCODE_CONTEXT,BRIDGE,B2_EXACT_GLOBAL,0.16666666666666666,0.5,0.5,0.5,False,False
Q0017,2,OPCODE_CONTEXT,BRIDGE,B3_HARD_COMPONENT,0.0,0.0,0.0,0.0,False,False
Q0017,2,OPCODE_CONTEXT,BRIDGE,B4_SOFT_GRAPH,0.16666666666666666,0.25,0.5,0.3333333333333333,False,False
Q0017,2,OPCODE_CONTEXT,DROP30_BRIDGE,B1_INDEPENDENT,0.16666666666666666,0.25,0.5,0.3333333333333333,False,False
Q0017,2,OPCODE_CONTEXT,DROP30_BRIDGE,B2_EXACT_GLOBAL,0.16666666666666666,0.5,0.5,0.5,False,False
Q0017,2,OPCODE_CONTEXT,DROP30_BRIDGE,B3_HARD_COMPONENT,0.5,0.3333333333333333,0.5,0.4,False,False
Q0017,2,OPCODE_CONTEXT,DROP30_BRIDGE,B4_SOFT_GRAPH,0.16666666666666666,0.25,0.5,0.3333333333333333,False,False
Q0097,2,OPCODE_3GRAM,CLEAN,B1_INDEPENDENT,0.0,0.0,0.0,0.0,False,False
Q0097,2,OPCODE_3GRAM,CLEAN,B2_EXACT_GLOBAL,0.0,0.0,0.0,0.0,False,False
Q0097,2,OPCODE_3GRAM,CLEAN,B3_HARD_COMPONENT,0.0,0.0,0.0,0.0,False,False
Q0097,2,OPCODE_3GRAM,CLEAN,B4_SOFT_GRAPH,0.0,0.0,0.0,0.0,False,False
Q0097,2,OPCODE_3GRAM,DROP30,B1_INDEPENDENT,0.0,0.0,0.0,0.0,False,False
Q0097,2,OPCODE_3GRAM,DROP30,B2_EXACT_GLOBAL,0.0,0.0,0.0,0.0,False,False
Q0097,2,OPCODE_3GRAM,DROP30,B3_HARD_COMPONENT,0.0,0.0,0.0,0.0,False,False
Q0097,2,OPCODE_3GRAM,DROP30,B4_SOFT_GRAPH,0.0,0.0,0.0,0.0,False,False
Q0097,2,OPCODE_3GRAM,BRIDGE,B1_INDEPENDENT,0.0,0.0,0.0,0.0,False,False
Q0097,2,OPCODE_3GRAM,BRIDGE,B2_EXACT_GLOBAL,0.0,0.0,0.0,0.0,False,False
Q0097,2,OPCODE_3GRAM,BRIDGE,B3_HARD_COMPONENT,0.0,0.0,0.0,0.0,False,False
Q0097,2,OPCODE_3GRAM,BRIDGE,B4_SOFT_GRAPH,0.0,0.0,0.0,0.0,False,False
Q0097,2,OPCODE_3GRAM,DROP30_BRIDGE,B1_INDEPENDENT,0.0,0.0,0.0,0.0,False,False
Q0097,2,OPCODE_3GRAM,DROP30_BRIDGE,B2_EXACT_GLOBAL,0.0,0.0,0.0,0.0,False,False
Q0097,2,OPCODE_3GRAM,DROP30_BRIDGE,B3_HARD_COMPONENT,0.0,0.0,0.0,0.0,False,False
Q0097,2,OPCODE_3GRAM,DROP30_BRIDGE,B4_SOFT_GRAPH,0.0,0.0,0.0,0.0,False,False
Q0097,2,OPCODE_STRUCT,CLEAN,B1_INDEPENDENT,0.0,0.0,0.0,0.0,False,False
Q0097,2,OPCODE_STRUCT,CLEAN,B2_EXACT_GLOBAL,0.0,0.0,0.0,0.0,False,False
Q0097,2,OPCODE_STRUCT,CLEAN,B3_HARD_COMPONENT,0.0,0.0,0.0,0.0,False,False
Q0097,2,OPCODE_STRUCT,CLEAN,B4_SOFT_GRAPH,0.0,0.0,0.0,0.0,False,False
Q0097,2,OPCODE_STRUCT,DROP30,B1_INDEPENDENT,0.0,0.0,0.0,0.0,False,False
Q0097,2,OPCODE_STRUCT,DROP30,B2_EXACT_GLOBAL,0.0,0.0,0.0,0.0,False,False
Q0097,2,OPCODE_STRUCT,DROP30,B3_HARD_COMPONENT,0.0,0.0,0.0,0.0,False,False
Q0097,2,OPCODE_STRUCT,DROP30,B4_SOFT_GRAPH,0.0,0.0,0.0,0.0,False,False
Q0097,2,OPCODE_STRUCT,BRIDGE,B1_INDEPENDENT,0.0,0.0,0.0,0.0,False,False
Q0097,2,OPCODE_STRUCT,BRIDGE,B2_EXACT_GLOBAL,0.0,0.0,0.0,0.0,False,False
Q0097,2,OPCODE_STRUCT,BRIDGE,B3_HARD_COMPONENT,0.0,0.0,0.0,0.0,False,False
Q0097,2,OPCODE_STRUCT,BRIDGE,B4_SOFT_GRAPH,0.0,0.0,0.0,0.0,False,False
Q0097,2,OPCODE_STRUCT,DROP30_BRIDGE,B1_INDEPENDENT,0.0,0.0,0.0,0.0,False,False
Q0097,2,OPCODE_STRUCT,DROP30_BRIDGE,B2_EXACT_GLOBAL,0.0,0.0,0.0,0.0,False,False
Q0097,2,OPCODE_STRUCT,DROP30_BRIDGE,B3_HARD_COMPONENT,0.0,0.0,0.0,0.0,False,False
Q0097,2,OPCODE_STRUCT,DROP30_BRIDGE,B4_SOFT_GRAPH,0.0,0.0,0.0,0.0,False,False
Q0097,2,OPCODE_CONTEXT,CLEAN,B1_INDEPENDENT,0.0,0.0,0.0,0.0,False,False
Q0097,2,OPCODE_CONTEXT,CLEAN,B2_EXACT_GLOBAL,0.0,0.0,0.0,0.0,False,False
Q0097,2,OPCODE_CONTEXT,CLEAN,B3_HARD_COMPONENT,0.0,0.0,0.0,0.0,False,False
Q0097,2,OPCODE_CONTEXT,CLEAN,B4_SOFT_GRAPH,0.0,0.0,0.0,0.0,False,False
Q0097,2,OPCODE_CONTEXT,DROP30,B1_INDEPENDENT,0.0,0.0,0.0,0.0,False,False
Q0097,2,OPCODE_CONTEXT,DROP30,B2_EXACT_GLOBAL,0.0,0.0,0.0,0.0,False,False
Q0097,2,OPCODE_CONTEXT,DROP30,B3_HARD_COMPONENT,0.0,0.0,0.0,0.0,False,False
Q0097,2,OPCODE_CONTEXT,DROP30,B4_SOFT_GRAPH,0.0,0.0,0.0,0.0,False,False
Q0097,2,OPCODE_CONTEXT,BRIDGE,B1_INDEPENDENT,0.0,0.0,0.0,0.0,False,False
Q0097,2,OPCODE_CONTEXT,BRIDGE,B2_EXACT_GLOBAL,0.0,0.0,0.0,0.0,False,False
Q0097,2,OPCODE_CONTEXT,BRIDGE,B3_HARD_COMPONENT,0.0,0.0,0.0,0.0,False,False
Q0097,2,OPCODE_CONTEXT,BRIDGE,B4_SOFT_GRAPH,0.0,0.0,0.0,0.0,False,False
Q0097,2,OPCODE_CONTEXT,DROP30_BRIDGE,B1_INDEPENDENT,0.0,0.0,0.0,0.0,False,False
Q0097,2,OPCODE_CONTEXT,DROP30_BRIDGE,B2_EXACT_GLOBAL,0.0,0.0,0.0,0.0,False,False
Q0097,2,OPCODE_CONTEXT,DROP30_BRIDGE,B3_HARD_COMPONENT,0.0,0.0,0.0,0.0,False,False
Q0097,2,OPCODE_CONTEXT,DROP30_BRIDGE,B4_SOFT_GRAPH,0.0,0.0,0.0,0.0,False,False
Q0021,2,OPCODE_3GRAM,CLEAN,B1_INDEPENDENT,0.5,0.25,0.5,0.3333333333333333,False,False
Q0021,2,OPCODE_3GRAM,CLEAN,B2_EXACT_GLOBAL,0.5,0.5,0.5,0.5,False,False
Q0021,2,OPCODE_3GRAM,CLEAN,B3_HARD_COMPONENT,0.5,0.5,0.5,0.5,False,False
Q0021,2,OPCODE_3GRAM,CLEAN,B4_SOFT_GRAPH,0.5,0.5,0.5,0.5,False,False
Q0021,2,OPCODE_3GRAM,DROP30,B1_INDEPENDENT,0.5,0.25,0.5,0.3333333333333333,False,False
Q0021,2,OPCODE_3GRAM,DROP30,B2_EXACT_GLOBAL,0.5,0.5,0.5,0.5,False,False
Q0021,2,OPCODE_3GRAM,DROP30,B3_HARD_COMPONENT,0.5,0.5,0.5,0.5,False,False
Q0021,2,OPCODE_3GRAM,DROP30,B4_SOFT_GRAPH,0.5,0.5,0.5,0.5,False,False
Q0021,2,OPCODE_3GRAM,BRIDGE,B1_INDEPENDENT,0.5,0.25,0.5,0.3333333333333333,False,False
Q0021,2,OPCODE_3GRAM,BRIDGE,B2_EXACT_GLOBAL,0.5,0.5,0.5,0.5,False,False
Q0021,2,OPCODE_3GRAM,BRIDGE,B3_HARD_COMPONENT,0.5,1.0,0.5,0.6666666666666666,False,False
Q0021,2,OPCODE_3GRAM,BRIDGE,B4_SOFT_GRAPH,0.5,0.5,0.5,0.5,False,False
Q0021,2,OPCODE_3GRAM,DROP30_BRIDGE,B1_INDEPENDENT,0.5,0.25,0.5,0.3333333333333333,False,False
Q0021,2,OPCODE_3GRAM,DROP30_BRIDGE,B2_EXACT_GLOBAL,0.5,0.5,0.5,0.5,False,False
Q0021,2,OPCODE_3GRAM,DROP30_BRIDGE,B3_HARD_COMPONENT,0.5,1.0,0.5,0.6666666666666666,False,False
Q0021,2,OPCODE_3GRAM,DROP30_BRIDGE,B4_SOFT_GRAPH,0.5,0.5,0.5,0.5,False,False
Q0021,2,OPCODE_STRUCT,CLEAN,B1_INDEPENDENT,0.5,0.25,0.5,0.3333333333333333,False,False
Q0021,2,OPCODE_STRUCT,CLEAN,B2_EXACT_GLOBAL,0.5,0.5,0.5,0.5,False,False
Q0021,2,OPCODE_STRUCT,CLEAN,B3_HARD_COMPONENT,0.5,0.5,0.5,0.5,False,False
Q0021,2,OPCODE_STRUCT,CLEAN,B4_SOFT_GRAPH,0.5,0.5,0.5,0.5,False,False
Q0021,2,OPCODE_STRUCT,DROP30,B1_INDEPENDENT,0.5,0.25,0.5,0.3333333333333333,False,False
Q0021,2,OPCODE_STRUCT,DROP30,B2_EXACT_GLOBAL,0.5,0.5,0.5,0.5,False,False
Q0021,2,OPCODE_STRUCT,DROP30,B3_HARD_COMPONENT,0.5,0.5,0.5,0.5,False,False
Q0021,2,OPCODE_STRUCT,DROP30,B4_SOFT_GRAPH,0.5,0.5,0.5,0.5,False,False
Q0021,2,OPCODE_STRUCT,BRIDGE,B1_INDEPENDENT,0.5,0.25,0.5,0.3333333333333333,False,False
Q0021,2,OPCODE_STRUCT,BRIDGE,B2_EXACT_GLOBAL,0.5,0.5,0.5,0.5,False,False
Q0021,2,OPCODE_STRUCT,BRIDGE,B3_HARD_COMPONENT,0.5,1.0,0.5,0.6666666666666666,False,False
Q0021,2,OPCODE_STRUCT,BRIDGE,B4_SOFT_GRAPH,0.5,0.5,0.5,0.5,False,False
Q0021,2,OPCODE_STRUCT,DROP30_BRIDGE,B1_INDEPENDENT,0.5,0.25,0.5,0.3333333333333333,False,False
Q0021,2,OPCODE_STRUCT,DROP30_BRIDGE,B2_EXACT_GLOBAL,0.5,0.5,0.5,0.5,False,False
Q0021,2,OPCODE_STRUCT,DROP30_BRIDGE,B3_HARD_COMPONENT,0.5,1.0,0.5,0.6666666666666666,False,False
Q0021,2,OPCODE_STRUCT,DROP30_BRIDGE,B4_SOFT_GRAPH,0.5,0.5,0.5,0.5,False,False
Q0021,2,OPCODE_CONTEXT,CLEAN,B1_INDEPENDENT,0.5,0.25,0.5,0.3333333333333333,False,False
Q0021,2,OPCODE_CONTEXT,CLEAN,B2_EXACT_GLOBAL,0.5,0.5,0.5,0.5,False,False
Q0021,2,OPCODE_CONTEXT,CLEAN,B3_HARD_COMPONENT,0.5,0.5,0.5,0.5,False,False
Q0021,2,OPCODE_CONTEXT,CLEAN,B4_SOFT_GRAPH,0.6666666666666666,0.5,1.0,0.6666666666666666,False,False
Q0021,2,OPCODE_CONTEXT,DROP30,B1_INDEPENDENT,0.5,0.25,0.5,0.3333333333333333,False,False
Q0021,2,OPCODE_CONTEXT,DROP30,B2_EXACT_GLOBAL,0.5,0.5,0.5,0.5,False,False
Q0021,2,OPCODE_CONTEXT,DROP30,B3_HARD_COMPONENT,0.5,0.5,0.5,0.5,False,False
Q0021,2,OPCODE_CONTEXT,DROP30,B4_SOFT_GRAPH,0.6666666666666666,0.5,1.0,0.6666666666666666,False,False
Q0021,2,OPCODE_CONTEXT,BRIDGE,B1_INDEPENDENT,0.5,0.25,0.5,0.3333333333333333,False,False
Q0021,2,OPCODE_CONTEXT,BRIDGE,B2_EXACT_GLOBAL,0.5,0.5,0.5,0.5,False,False
Q0021,2,OPCODE_CONTEXT,BRIDGE,B3_HARD_COMPONENT,0.5,1.0,0.5,0.6666666666666666,False,False
Q0021,2,OPCODE_CONTEXT,BRIDGE,B4_SOFT_GRAPH,0.6666666666666666,0.5,1.0,0.6666666666666666,False,False
Q0021,2,OPCODE_CONTEXT,DROP30_BRIDGE,B1_INDEPENDENT,0.5,0.25,0.5,0.3333333333333333,False,False
Q0021,2,OPCODE_CONTEXT,DROP30_BRIDGE,B2_EXACT_GLOBAL,0.5,0.5,0.5,0.5,False,False
Q0021,2,OPCODE_CONTEXT,DROP30_BRIDGE,B3_HARD_COMPONENT,0.5,1.0,0.5,0.6666666666666666,False,False
Q0021,2,OPCODE_CONTEXT,DROP30_BRIDGE,B4_SOFT_GRAPH,0.6666666666666666,0.5,1.0,0.6666666666666666,False,False
Q0028,2,OPCODE_3GRAM,CLEAN,B1_INDEPENDENT,0.6666666666666666,0.5,1.0,0.6666666666666666,False,False
Q0028,2,OPCODE_3GRAM,CLEAN,B2_EXACT_GLOBAL,1.0,1.0,1.0,1.0,True,True
Q0028,2,OPCODE_3GRAM,CLEAN,B3_HARD_COMPONENT,1.0,1.0,1.0,1.0,True,True
Q0028,2,OPCODE_3GRAM,CLEAN,B4_SOFT_GRAPH,1.0,1.0,1.0,1.0,True,True
Q0028,2,OPCODE_3GRAM,DROP30,B1_INDEPENDENT,0.6666666666666666,0.5,1.0,0.6666666666666666,False,False
Q0028,2,OPCODE_3GRAM,DROP30,B2_EXACT_GLOBAL,1.0,1.0,1.0,1.0,True,True
Q0028,2,OPCODE_3GRAM,DROP30,B3_HARD_COMPONENT,0.6666666666666666,0.5,1.0,0.6666666666666666,False,False
Q0028,2,OPCODE_3GRAM,DROP30,B4_SOFT_GRAPH,0.6666666666666666,0.5,1.0,0.6666666666666666,False,False
Q0028,2,OPCODE_3GRAM,BRIDGE,B1_INDEPENDENT,0.6666666666666666,0.5,1.0,0.6666666666666666,False,False
Q0028,2,OPCODE_3GRAM,BRIDGE,B2_EXACT_GLOBAL,1.0,1.0,1.0,1.0,True,True
Q0028,2,OPCODE_3GRAM,BRIDGE,B3_HARD_COMPONENT,0.5,1.0,0.5,0.6666666666666666,False,False
Q0028,2,OPCODE_3GRAM,BRIDGE,B4_SOFT_GRAPH,1.0,1.0,1.0,1.0,True,True
Q0028,2,OPCODE_3GRAM,DROP30_BRIDGE,B1_INDEPENDENT,0.6666666666666666,0.5,1.0,0.6666666666666666,False,False
Q0028,2,OPCODE_3GRAM,DROP30_BRIDGE,B2_EXACT_GLOBAL,1.0,1.0,1.0,1.0,True,True
Q0028,2,OPCODE_3GRAM,DROP30_BRIDGE,B3_HARD_COMPONENT,0.5,1.0,0.5,0.6666666666666666,False,False
Q0028,2,OPCODE_3GRAM,DROP30_BRIDGE,B4_SOFT_GRAPH,1.0,1.0,1.0,1.0,True,True
Q0028,2,OPCODE_STRUCT,CLEAN,B1_INDEPENDENT,0.6666666666666666,0.5,1.0,0.6666666666666666,False,False
Q0028,2,OPCODE_STRUCT,CLEAN,B2_EXACT_GLOBAL,1.0,1.0,1.0,1.0,True,True
Q0028,2,OPCODE_STRUCT,CLEAN,B3_HARD_COMPONENT,1.0,1.0,1.0,1.0,True,True
Q0028,2,OPCODE_STRUCT,CLEAN,B4_SOFT_GRAPH,1.0,1.0,1.0,1.0,True,True
Q0028,2,OPCODE_STRUCT,DROP30,B1_INDEPENDENT,0.6666666666666666,0.5,1.0,0.6666666666666666,False,False
Q0028,2,OPCODE_STRUCT,DROP30,B2_EXACT_GLOBAL,1.0,1.0,1.0,1.0,True,True
Q0028,2,OPCODE_STRUCT,DROP30,B3_HARD_COMPONENT,0.6666666666666666,0.5,1.0,0.6666666666666666,False,False
Q0028,2,OPCODE_STRUCT,DROP30,B4_SOFT_GRAPH,0.6666666666666666,0.5,1.0,0.6666666666666666,False,False
Q0028,2,OPCODE_STRUCT,BRIDGE,B1_INDEPENDENT,0.6666666666666666,0.5,1.0,0.6666666666666666,False,False
Q0028,2,OPCODE_STRUCT,BRIDGE,B2_EXACT_GLOBAL,1.0,1.0,1.0,1.0,True,True
Q0028,2,OPCODE_STRUCT,BRIDGE,B3_HARD_COMPONENT,0.5,1.0,0.5,0.6666666666666666,False,False
Q0028,2,OPCODE_STRUCT,BRIDGE,B4_SOFT_GRAPH,1.0,1.0,1.0,1.0,True,True
Q0028,2,OPCODE_STRUCT,DROP30_BRIDGE,B1_INDEPENDENT,0.6666666666666666,0.5,1.0,0.6666666666666666,False,False
Q0028,2,OPCODE_STRUCT,DROP30_BRIDGE,B2_EXACT_GLOBAL,1.0,1.0,1.0,1.0,True,True
Q0028,2,OPCODE_STRUCT,DROP30_BRIDGE,B3_HARD_COMPONENT,0.5,1.0,0.5,0.6666666666666666,False,False
Q0028,2,OPCODE_STRUCT,DROP30_BRIDGE,B4_SOFT_GRAPH,1.0,1.0,1.0,1.0,True,True
Q0028,2,OPCODE_CONTEXT,CLEAN,B1_INDEPENDENT,0.6666666666666666,0.5,1.0,0.6666666666666666,False,False
Q0028,2,OPCODE_CONTEXT,CLEAN,B2_EXACT_GLOBAL,0.5,0.5,0.5,0.5,False,False
Q0028,2,OPCODE_CONTEXT,CLEAN,B3_HARD_COMPONENT,0.5,0.5,0.5,0.5,False,False
Q0028,2,OPCODE_CONTEXT,CLEAN,B4_SOFT_GRAPH,0.6666666666666666,0.5,1.0,0.6666666666666666,False,False
Q0028,2,OPCODE_CONTEXT,DROP30,B1_INDEPENDENT,0.6666666666666666,0.5,1.0,0.6666666666666666,False,False
Q0028,2,OPCODE_CONTEXT,DROP30,B2_EXACT_GLOBAL,0.5,0.5,0.5,0.5,False,False
Q0028,2,OPCODE_CONTEXT,DROP30,B3_HARD_COMPONENT,0.6666666666666666,0.5,1.0,0.6666666666666666,False,False
Q0028,2,OPCODE_CONTEXT,DROP30,B4_SOFT_GRAPH,0.6666666666666666,0.5,1.0,0.6666666666666666,False,False
Q0028,2,OPCODE_CONTEXT,BRIDGE,B1_INDEPENDENT,0.6666666666666666,0.5,1.0,0.6666666666666666,False,False
Q0028,2,OPCODE_CONTEXT,BRIDGE,B2_EXACT_GLOBAL,0.5,0.5,0.5,0.5,False,False
Q0028,2,OPCODE_CONTEXT,BRIDGE,B3_HARD_COMPONENT,0.5,1.0,0.5,0.6666666666666666,False,False
Q0028,2,OPCODE_CONTEXT,BRIDGE,B4_SOFT_GRAPH,0.6666666666666666,0.5,1.0,0.6666666666666666,False,False
Q0028,2,OPCODE_CONTEXT,DROP30_BRIDGE,B1_INDEPENDENT,0.6666666666666666,0.5,1.0,0.6666666666666666,False,False
Q0028,2,OPCODE_CONTEXT,DROP30_BRIDGE,B2_EXACT_GLOBAL,0.5,0.5,0.5,0.5,False,False
Q0028,2,OPCODE_CONTEXT,DROP30_BRIDGE,B3_HARD_COMPONENT,0.5,1.0,0.5,0.6666666666666666,False,False
Q0028,2,OPCODE_CONTEXT,DROP30_BRIDGE,B4_SOFT_GRAPH,0.6666666666666666,0.5,1.0,0.6666666666666666,False,False
Q0047,2,OPCODE_3GRAM,CLEAN,B1_INDEPENDENT,0.16666666666666666,0.25,0.5,0.3333333333333333,False,False
Q0047,2,OPCODE_3GRAM,CLEAN,B2_EXACT_GLOBAL,0.16666666666666666,0.5,0.5,0.5,False,False
Q0047,2,OPCODE_3GRAM,CLEAN,B3_HARD_COMPONENT,0.5,0.5,0.5,0.5,False,False
Q0047,2,OPCODE_3GRAM,CLEAN,B4_SOFT_GRAPH,0.16666666666666666,0.3333333333333333,0.5,0.4,False,False
Q0047,2,OPCODE_3GRAM,DROP30,B1_INDEPENDENT,0.16666666666666666,0.25,0.5,0.3333333333333333,False,False
Q0047,2,OPCODE_3GRAM,DROP30,B2_EXACT_GLOBAL,0.16666666666666666,0.5,0.5,0.5,False,False
Q0047,2,OPCODE_3GRAM,DROP30,B3_HARD_COMPONENT,0.5,0.5,0.5,0.5,False,False
Q0047,2,OPCODE_3GRAM,DROP30,B4_SOFT_GRAPH,0.16666666666666666,0.3333333333333333,0.5,0.4,False,False
Q0047,2,OPCODE_3GRAM,BRIDGE,B1_INDEPENDENT,0.16666666666666666,0.25,0.5,0.3333333333333333,False,False
Q0047,2,OPCODE_3GRAM,BRIDGE,B2_EXACT_GLOBAL,0.16666666666666666,0.5,0.5,0.5,False,False
Q0047,2,OPCODE_3GRAM,BRIDGE,B3_HARD_COMPONENT,0.5,1.0,0.5,0.6666666666666666,False,False
Q0047,2,OPCODE_3GRAM,BRIDGE,B4_SOFT_GRAPH,0.16666666666666666,0.3333333333333333,0.5,0.4,False,False
Q0047,2,OPCODE_3GRAM,DROP30_BRIDGE,B1_INDEPENDENT,0.16666666666666666,0.25,0.5,0.3333333333333333,False,False
Q0047,2,OPCODE_3GRAM,DROP30_BRIDGE,B2_EXACT_GLOBAL,0.16666666666666666,0.5,0.5,0.5,False,False
Q0047,2,OPCODE_3GRAM,DROP30_BRIDGE,B3_HARD_COMPONENT,0.16666666666666666,0.3333333333333333,0.5,0.4,False,False
Q0047,2,OPCODE_3GRAM,DROP30_BRIDGE,B4_SOFT_GRAPH,0.16666666666666666,0.25,0.5,0.3333333333333333,False,False
Q0047,2,OPCODE_STRUCT,CLEAN,B1_INDEPENDENT,0.16666666666666666,0.2,0.5,0.28571428571428575,False,False
Q0047,2,OPCODE_STRUCT,CLEAN,B2_EXACT_GLOBAL,0.16666666666666666,0.5,0.5,0.5,False,False
Q0047,2,OPCODE_STRUCT,CLEAN,B3_HARD_COMPONENT,0.5,0.5,0.5,0.5,False,False
Q0047,2,OPCODE_STRUCT,CLEAN,B4_SOFT_GRAPH,0.0,0.0,0.0,0.0,False,False
Q0047,2,OPCODE_STRUCT,DROP30,B1_INDEPENDENT,0.16666666666666666,0.2,0.5,0.28571428571428575,False,False
Q0047,2,OPCODE_STRUCT,DROP30,B2_EXACT_GLOBAL,0.16666666666666666,0.5,0.5,0.5,False,False
Q0047,2,OPCODE_STRUCT,DROP30,B3_HARD_COMPONENT,0.5,0.25,0.5,0.3333333333333333,False,False
Q0047,2,OPCODE_STRUCT,DROP30,B4_SOFT_GRAPH,0.0,0.0,0.0,0.0,False,False
Q0047,2,OPCODE_STRUCT,BRIDGE,B1_INDEPENDENT,0.16666666666666666,0.2,0.5,0.28571428571428575,False,False
Q0047,2,OPCODE_STRUCT,BRIDGE,B2_EXACT_GLOBAL,0.16666666666666666,0.5,0.5,0.5,False,False
Q0047,2,OPCODE_STRUCT,BRIDGE,B3_HARD_COMPONENT,0.0,0.0,0.0,0.0,False,False
Q0047,2,OPCODE_STRUCT,BRIDGE,B4_SOFT_GRAPH,0.0,0.0,0.0,0.0,False,False
Q0047,2,OPCODE_STRUCT,DROP30_BRIDGE,B1_INDEPENDENT,0.16666666666666666,0.2,0.5,0.28571428571428575,False,False
Q0047,2,OPCODE_STRUCT,DROP30_BRIDGE,B2_EXACT_GLOBAL,0.16666666666666666,0.5,0.5,0.5,False,False
Q0047,2,OPCODE_STRUCT,DROP30_BRIDGE,B3_HARD_COMPONENT,0.0,0.0,0.0,0.0,False,False
Q0047,2,OPCODE_STRUCT,DROP30_BRIDGE,B4_SOFT_GRAPH,0.0,0.0,0.0,0.0,False,False
Q0047,2,OPCODE_CONTEXT,CLEAN,B1_INDEPENDENT,0.16666666666666666,0.2,0.5,0.28571428571428575,False,False
Q0047,2,OPCODE_CONTEXT,CLEAN,B2_EXACT_GLOBAL,0.16666666666666666,0.5,0.5,0.5,False,False
Q0047,2,OPCODE_CONTEXT,CLEAN,B3_HARD_COMPONENT,0.5,0.5,0.5,0.5,False,False
Q0047,2,OPCODE_CONTEXT,CLEAN,B4_SOFT_GRAPH,0.0,0.0,0.0,0.0,False,False
Q0047,2,OPCODE_CONTEXT,DROP30,B1_INDEPENDENT,0.16666666666666666,0.2,0.5,0.28571428571428575,False,False
Q0047,2,OPCODE_CONTEXT,DROP30,B2_EXACT_GLOBAL,0.16666666666666666,0.5,0.5,0.5,False,False
Q0047,2,OPCODE_CONTEXT,DROP30,B3_HARD_COMPONENT,0.5,0.25,0.5,0.3333333333333333,False,False
Q0047,2,OPCODE_CONTEXT,DROP30,B4_SOFT_GRAPH,0.0,0.0,0.0,0.0,False,False
Q0047,2,OPCODE_CONTEXT,BRIDGE,B1_INDEPENDENT,0.16666666666666666,0.2,0.5,0.28571428571428575,False,False
Q0047,2,OPCODE_CONTEXT,BRIDGE,B2_EXACT_GLOBAL,0.16666666666666666,0.5,0.5,0.5,False,False
Q0047,2,OPCODE_CONTEXT,BRIDGE,B3_HARD_COMPONENT,0.0,0.0,0.0,0.0,False,False
Q0047,2,OPCODE_CONTEXT,BRIDGE,B4_SOFT_GRAPH,0.0,0.0,0.0,0.0,False,False
Q0047,2,OPCODE_CONTEXT,DROP30_BRIDGE,B1_INDEPENDENT,0.16666666666666666,0.2,0.5,0.28571428571428575,False,False
Q0047,2,OPCODE_CONTEXT,DROP30_BRIDGE,B2_EXACT_GLOBAL,0.16666666666666666,0.5,0.5,0.5,False,False
Q0047,2,OPCODE_CONTEXT,DROP30_BRIDGE,B3_HARD_COMPONENT,0.0,0.0,0.0,0.0,False,False
Q0047,2,OPCODE_CONTEXT,DROP30_BRIDGE,B4_SOFT_GRAPH,0.0,0.0,0.0,0.0,False,False
Q0009,2,OPCODE_3GRAM,CLEAN,B1_INDEPENDENT,0.3333333333333333,0.2,0.5,0.28571428571428575,False,False
Q0009,2,OPCODE_3GRAM,CLEAN,B2_EXACT_GLOBAL,0.5,0.5,0.5,0.5,False,False
Q0009,2,OPCODE_3GRAM,CLEAN,B3_HARD_COMPONENT,0.5,0.5,0.5,0.5,False,False
Q0009,2,OPCODE_3GRAM,CLEAN,B4_SOFT_GRAPH,0.5,0.5,0.5,0.5,False,False
Q0009,2,OPCODE_3GRAM,DROP30,B1_INDEPENDENT,0.3333333333333333,0.2,0.5,0.28571428571428575,False,False
Q0009,2,OPCODE_3GRAM,DROP30,B2_EXACT_GLOBAL,0.5,0.5,0.5,0.5,False,False
Q0009,2,OPCODE_3GRAM,DROP30,B3_HARD_COMPONENT,0.3333333333333333,0.25,0.5,0.3333333333333333,False,False
Q0009,2,OPCODE_3GRAM,DROP30,B4_SOFT_GRAPH,0.3333333333333333,0.25,0.5,0.3333333333333333,False,False
Q0009,2,OPCODE_3GRAM,BRIDGE,B1_INDEPENDENT,0.3333333333333333,0.2,0.5,0.28571428571428575,False,False
Q0009,2,OPCODE_3GRAM,BRIDGE,B2_EXACT_GLOBAL,0.5,0.5,0.5,0.5,False,False
Q0009,2,OPCODE_3GRAM,BRIDGE,B3_HARD_COMPONENT,0.5,1.0,0.5,0.6666666666666666,False,False
Q0009,2,OPCODE_3GRAM,BRIDGE,B4_SOFT_GRAPH,0.5,0.5,0.5,0.5,False,False
Q0009,2,OPCODE_3GRAM,DROP30_BRIDGE,B1_INDEPENDENT,0.3333333333333333,0.2,0.5,0.28571428571428575,False,False
Q0009,2,OPCODE_3GRAM,DROP30_BRIDGE,B2_EXACT_GLOBAL,0.5,0.5,0.5,0.5,False,False
Q0009,2,OPCODE_3GRAM,DROP30_BRIDGE,B3_HARD_COMPONENT,0.3333333333333333,0.3333333333333333,0.5,0.4,False,False
Q0009,2,OPCODE_3GRAM,DROP30_BRIDGE,B4_SOFT_GRAPH,0.3333333333333333,0.5,0.5,0.5,False,False
Q0009,2,OPCODE_STRUCT,CLEAN,B1_INDEPENDENT,0.5,0.25,0.5,0.3333333333333333,False,False
Q0009,2,OPCODE_STRUCT,CLEAN,B2_EXACT_GLOBAL,0.5,0.5,0.5,0.5,False,False
Q0009,2,OPCODE_STRUCT,CLEAN,B3_HARD_COMPONENT,0.5,0.5,0.5,0.5,False,False
Q0009,2,OPCODE_STRUCT,CLEAN,B4_SOFT_GRAPH,0.5,0.3333333333333333,0.5,0.4,False,False
Q0009,2,OPCODE_STRUCT,DROP30,B1_INDEPENDENT,0.5,0.25,0.5,0.3333333333333333,False,False
Q0009,2,OPCODE_STRUCT,DROP30,B2_EXACT_GLOBAL,0.5,0.5,0.5,0.5,False,False
Q0009,2,OPCODE_STRUCT,DROP30,B3_HARD_COMPONENT,0.5,0.3333333333333333,0.5,0.4,False,False
Q0009,2,OPCODE_STRUCT,DROP30,B4_SOFT_GRAPH,0.5,0.3333333333333333,0.5,0.4,False,False
Q0009,2,OPCODE_STRUCT,BRIDGE,B1_INDEPENDENT,0.5,0.25,0.5,0.3333333333333333,False,False
Q0009,2,OPCODE_STRUCT,BRIDGE,B2_EXACT_GLOBAL,0.5,0.5,0.5,0.5,False,False
Q0009,2,OPCODE_STRUCT,BRIDGE,B3_HARD_COMPONENT,0.5,1.0,0.5,0.6666666666666666,False,False
Q0009,2,OPCODE_STRUCT,BRIDGE,B4_SOFT_GRAPH,0.5,0.3333333333333333,0.5,0.4,False,False
Q0009,2,OPCODE_STRUCT,DROP30_BRIDGE,B1_INDEPENDENT,0.5,0.25,0.5,0.3333333333333333,False,False
Q0009,2,OPCODE_STRUCT,DROP30_BRIDGE,B2_EXACT_GLOBAL,0.5,0.5,0.5,0.5,False,False
Q0009,2,OPCODE_STRUCT,DROP30_BRIDGE,B3_HARD_COMPONENT,0.5,0.5,0.5,0.5,False,False
Q0009,2,OPCODE_STRUCT,DROP30_BRIDGE,B4_SOFT_GRAPH,0.5,0.3333333333333333,0.5,0.4,False,False
Q0009,2,OPCODE_CONTEXT,CLEAN,B1_INDEPENDENT,0.3333333333333333,0.25,0.5,0.3333333333333333,False,False
Q0009,2,OPCODE_CONTEXT,CLEAN,B2_EXACT_GLOBAL,0.3333333333333333,0.5,0.5,0.5,False,False
Q0009,2,OPCODE_CONTEXT,CLEAN,B3_HARD_COMPONENT,0.5,0.5,0.5,0.5,False,False
Q0009,2,OPCODE_CONTEXT,CLEAN,B4_SOFT_GRAPH,0.3333333333333333,0.25,0.5,0.3333333333333333,False,False
Q0009,2,OPCODE_CONTEXT,DROP30,B1_INDEPENDENT,0.3333333333333333,0.25,0.5,0.3333333333333333,False,False
Q0009,2,OPCODE_CONTEXT,DROP30,B2_EXACT_GLOBAL,0.3333333333333333,0.5,0.5,0.5,False,False
Q0009,2,OPCODE_CONTEXT,DROP30,B3_HARD_COMPONENT,0.5,0.3333333333333333,0.5,0.4,False,False
Q0009,2,OPCODE_CONTEXT,DROP30,B4_SOFT_GRAPH,0.3333333333333333,0.25,0.5,0.3333333333333333,False,False
Q0009,2,OPCODE_CONTEXT,BRIDGE,B1_INDEPENDENT,0.3333333333333333,0.25,0.5,0.3333333333333333,False,False
Q0009,2,OPCODE_CONTEXT,BRIDGE,B2_EXACT_GLOBAL,0.3333333333333333,0.5,0.5,0.5,False,False
Q0009,2,OPCODE_CONTEXT,BRIDGE,B3_HARD_COMPONENT,0.5,1.0,0.5,0.6666666666666666,False,False
Q0009,2,OPCODE_CONTEXT,BRIDGE,B4_SOFT_GRAPH,0.3333333333333333,0.25,0.5,0.3333333333333333,False,False
Q0009,2,OPCODE_CONTEXT,DROP30_BRIDGE,B1_INDEPENDENT,0.3333333333333333,0.25,0.5,0.3333333333333333,False,False
Q0009,2,OPCODE_CONTEXT,DROP30_BRIDGE,B2_EXACT_GLOBAL,0.3333333333333333,0.5,0.5,0.5,False,False
Q0009,2,OPCODE_CONTEXT,DROP30_BRIDGE,B3_HARD_COMPONENT,0.5,0.5,0.5,0.5,False,False
Q0009,2,OPCODE_CONTEXT,DROP30_BRIDGE,B4_SOFT_GRAPH,0.3333333333333333,0.25,0.5,0.3333333333333333,False,False
Q0105,3,OPCODE_3GRAM,CLEAN,B1_INDEPENDENT,0.5555555555555556,0.6,1.0,0.7499999999999999,False,False
Q0105,3,OPCODE_3GRAM,CLEAN,B2_EXACT_GLOBAL,0.5555555555555556,0.6666666666666666,0.6666666666666666,0.6666666666666666,False,False
Q0105,3,OPCODE_3GRAM,CLEAN,B3_HARD_COMPONENT,1.0,1.0,1.0,1.0,True,True
Q0105,3,OPCODE_3GRAM,CLEAN,B4_SOFT_GRAPH,0.7777777777777778,0.6,1.0,0.7499999999999999,False,False
Q0105,3,OPCODE_3GRAM,DROP30,B1_INDEPENDENT,0.5555555555555556,0.6,1.0,0.7499999999999999,False,False
Q0105,3,OPCODE_3GRAM,DROP30,B2_EXACT_GLOBAL,0.5555555555555556,0.6666666666666666,0.6666666666666666,0.6666666666666666,False,False
Q0105,3,OPCODE_3GRAM,DROP30,B3_HARD_COMPONENT,1.0,1.0,1.0,1.0,True,True
Q0105,3,OPCODE_3GRAM,DROP30,B4_SOFT_GRAPH,0.6666666666666666,0.75,1.0,0.8571428571428571,False,False
Q0105,3,OPCODE_3GRAM,BRIDGE,B1_INDEPENDENT,0.5555555555555556,0.6,1.0,0.7499999999999999,False,False
Q0105,3,OPCODE_3GRAM,BRIDGE,B2_EXACT_GLOBAL,0.5555555555555556,0.6666666666666666,0.6666666666666666,0.6666666666666666,False,False
Q0105,3,OPCODE_3GRAM,BRIDGE,B3_HARD_COMPONENT,0.3333333333333333,1.0,0.3333333333333333,0.5,False,False
Q0105,3,OPCODE_3GRAM,BRIDGE,B4_SOFT_GRAPH,0.7777777777777778,0.75,1.0,0.8571428571428571,False,False
Q0105,3,OPCODE_3GRAM,DROP30_BRIDGE,B1_INDEPENDENT,0.5555555555555556,0.6,1.0,0.7499999999999999,False,False
Q0105,3,OPCODE_3GRAM,DROP30_BRIDGE,B2_EXACT_GLOBAL,0.5555555555555556,0.6666666666666666,0.6666666666666666,0.6666666666666666,False,False
Q0105,3,OPCODE_3GRAM,DROP30_BRIDGE,B3_HARD_COMPONENT,0.3333333333333333,0.5,0.3333333333333333,0.4,False,False
Q0105,3,OPCODE_3GRAM,DROP30_BRIDGE,B4_SOFT_GRAPH,0.7777777777777778,0.6,1.0,0.7499999999999999,False,False
Q0105,3,OPCODE_STRUCT,CLEAN,B1_INDEPENDENT,0.5555555555555556,0.5,1.0,0.6666666666666666,False,False
Q0105,3,OPCODE_STRUCT,CLEAN,B2_EXACT_GLOBAL,0.7777777777777778,1.0,1.0,1.0,True,False
Q0105,3,OPCODE_STRUCT,CLEAN,B3_HARD_COMPONENT,1.0,1.0,1.0,1.0,True,True
Q0105,3,OPCODE_STRUCT,CLEAN,B4_SOFT_GRAPH,0.4444444444444444,1.0,0.6666666666666666,0.8,False,False
Q0105,3,OPCODE_STRUCT,DROP30,B1_INDEPENDENT,0.5555555555555556,0.5,1.0,0.6666666666666666,False,False
Q0105,3,OPCODE_STRUCT,DROP30,B2_EXACT_GLOBAL,0.7777777777777778,1.0,1.0,1.0,True,False
Q0105,3,OPCODE_STRUCT,DROP30,B3_HARD_COMPONENT,0.7777777777777778,0.75,1.0,0.8571428571428571,False,False
Q0105,3,OPCODE_STRUCT,DROP30,B4_SOFT_GRAPH,0.4444444444444444,0.6666666666666666,0.6666666666666666,0.6666666666666666,False,False
Q0105,3,OPCODE_STRUCT,BRIDGE,B1_INDEPENDENT,0.5555555555555556,0.5,1.0,0.6666666666666666,False,False
Q0105,3,OPCODE_STRUCT,BRIDGE,B2_EXACT_GLOBAL,0.7777777777777778,1.0,1.0,1.0,True,False
Q0105,3,OPCODE_STRUCT,BRIDGE,B3_HARD_COMPONENT,0.3333333333333333,1.0,0.3333333333333333,0.5,False,False
Q0105,3,OPCODE_STRUCT,BRIDGE,B4_SOFT_GRAPH,0.4444444444444444,1.0,0.6666666666666666,0.8,False,False
Q0105,3,OPCODE_STRUCT,DROP30_BRIDGE,B1_INDEPENDENT,0.5555555555555556,0.5,1.0,0.6666666666666666,False,False
Q0105,3,OPCODE_STRUCT,DROP30_BRIDGE,B2_EXACT_GLOBAL,0.7777777777777778,1.0,1.0,1.0,True,False
Q0105,3,OPCODE_STRUCT,DROP30_BRIDGE,B3_HARD_COMPONENT,0.3333333333333333,0.6666666666666666,0.6666666666666666,0.6666666666666666,False,False
Q0105,3,OPCODE_STRUCT,DROP30_BRIDGE,B4_SOFT_GRAPH,0.3333333333333333,0.5,0.6666666666666666,0.5714285714285715,False,False
Q0105,3,OPCODE_CONTEXT,CLEAN,B1_INDEPENDENT,0.6666666666666666,0.6,1.0,0.7499999999999999,False,False
Q0105,3,OPCODE_CONTEXT,CLEAN,B2_EXACT_GLOBAL,0.6666666666666666,0.6666666666666666,0.6666666666666666,0.6666666666666666,False,False
Q0105,3,OPCODE_CONTEXT,CLEAN,B3_HARD_COMPONENT,0.6666666666666666,0.6666666666666666,0.6666666666666666,0.6666666666666666,False,False
Q0105,3,OPCODE_CONTEXT,CLEAN,B4_SOFT_GRAPH,0.7777777777777778,0.6,1.0,0.7499999999999999,False,False
Q0105,3,OPCODE_CONTEXT,DROP30,B1_INDEPENDENT,0.6666666666666666,0.6,1.0,0.7499999999999999,False,False
Q0105,3,OPCODE_CONTEXT,DROP30,B2_EXACT_GLOBAL,0.6666666666666666,0.6666666666666666,0.6666666666666666,0.6666666666666666,False,False
Q0105,3,OPCODE_CONTEXT,DROP30,B3_HARD_COMPONENT,0.8888888888888888,0.75,1.0,0.8571428571428571,False,False
Q0105,3,OPCODE_CONTEXT,DROP30,B4_SOFT_GRAPH,0.7777777777777778,0.6,1.0,0.7499999999999999,False,False
Q0105,3,OPCODE_CONTEXT,BRIDGE,B1_INDEPENDENT,0.6666666666666666,0.6,1.0,0.7499999999999999,False,False
Q0105,3,OPCODE_CONTEXT,BRIDGE,B2_EXACT_GLOBAL,0.6666666666666666,0.6666666666666666,0.6666666666666666,0.6666666666666666,False,False
Q0105,3,OPCODE_CONTEXT,BRIDGE,B3_HARD_COMPONENT,0.3333333333333333,1.0,0.3333333333333333,0.5,False,False
Q0105,3,OPCODE_CONTEXT,BRIDGE,B4_SOFT_GRAPH,0.7777777777777778,0.6,1.0,0.7499999999999999,False,False
Q0105,3,OPCODE_CONTEXT,DROP30_BRIDGE,B1_INDEPENDENT,0.6666666666666666,0.6,1.0,0.7499999999999999,False,False
Q0105,3,OPCODE_CONTEXT,DROP30_BRIDGE,B2_EXACT_GLOBAL,0.6666666666666666,0.6666666666666666,0.6666666666666666,0.6666666666666666,False,False
Q0105,3,OPCODE_CONTEXT,DROP30_BRIDGE,B3_HARD_COMPONENT,0.3333333333333333,0.5,0.3333333333333333,0.4,False,False
Q0105,3,OPCODE_CONTEXT,DROP30_BRIDGE,B4_SOFT_GRAPH,0.7777777777777778,0.6,1.0,0.7499999999999999,False,False
Q0178,3,OPCODE_3GRAM,CLEAN,B1_INDEPENDENT,0.2222222222222222,0.4,0.6666666666666666,0.5,False,False
Q0178,3,OPCODE_3GRAM,CLEAN,B2_EXACT_GLOBAL,0.2222222222222222,0.3333333333333333,0.3333333333333333,0.3333333333333333,False,False
Q0178,3,OPCODE_3GRAM,CLEAN,B3_HARD_COMPONENT,0.3333333333333333,0.6666666666666666,0.6666666666666666,0.6666666666666666,False,False
Q0178,3,OPCODE_3GRAM,CLEAN,B4_SOFT_GRAPH,0.0,0.3333333333333333,0.3333333333333333,0.3333333333333333,False,False
Q0178,3,OPCODE_3GRAM,DROP30,B1_INDEPENDENT,0.2222222222222222,0.4,0.6666666666666666,0.5,False,False
Q0178,3,OPCODE_3GRAM,DROP30,B2_EXACT_GLOBAL,0.2222222222222222,0.3333333333333333,0.3333333333333333,0.3333333333333333,False,False
Q0178,3,OPCODE_3GRAM,DROP30,B3_HARD_COMPONENT,0.1111111111111111,0.4,0.6666666666666666,0.5,False,False
Q0178,3,OPCODE_3GRAM,DROP30,B4_SOFT_GRAPH,0.0,0.25,0.3333333333333333,0.28571428571428575,False,False
Q0178,3,OPCODE_3GRAM,BRIDGE,B1_INDEPENDENT,0.2222222222222222,0.4,0.6666666666666666,0.5,False,False
Q0178,3,OPCODE_3GRAM,BRIDGE,B2_EXACT_GLOBAL,0.2222222222222222,0.3333333333333333,0.3333333333333333,0.3333333333333333,False,False
Q0178,3,OPCODE_3GRAM,BRIDGE,B3_HARD_COMPONENT,0.3333333333333333,1.0,0.3333333333333333,0.5,False,False
Q0178,3,OPCODE_3GRAM,BRIDGE,B4_SOFT_GRAPH,0.0,0.0,0.0,0.0,False,False
Q0178,3,OPCODE_3GRAM,DROP30_BRIDGE,B1_INDEPENDENT,0.2222222222222222,0.4,0.6666666666666666,0.5,False,False
Q0178,3,OPCODE_3GRAM,DROP30_BRIDGE,B2_EXACT_GLOBAL,0.2222222222222222,0.3333333333333333,0.3333333333333333,0.3333333333333333,False,False
Q0178,3,OPCODE_3GRAM,DROP30_BRIDGE,B3_HARD_COMPONENT,0.3333333333333333,0.5,0.3333333333333333,0.4,False,False
Q0178,3,OPCODE_3GRAM,DROP30_BRIDGE,B4_SOFT_GRAPH,0.0,0.0,0.0,0.0,False,False
Q0178,3,OPCODE_STRUCT,CLEAN,B1_INDEPENDENT,0.2222222222222222,0.3333333333333333,0.6666666666666666,0.4444444444444444,False,False
Q0178,3,OPCODE_STRUCT,CLEAN,B2_EXACT_GLOBAL,0.1111111111111111,0.3333333333333333,0.3333333333333333,0.3333333333333333,False,False
Q0178,3,OPCODE_STRUCT,CLEAN,B3_HARD_COMPONENT,0.3333333333333333,0.5,0.3333333333333333,0.4,False,False
Q0178,3,OPCODE_STRUCT,CLEAN,B4_SOFT_GRAPH,0.1111111111111111,0.5,0.3333333333333333,0.4,False,False
Q0178,3,OPCODE_STRUCT,DROP30,B1_INDEPENDENT,0.2222222222222222,0.3333333333333333,0.6666666666666666,0.4444444444444444,False,False
Q0178,3,OPCODE_STRUCT,DROP30,B2_EXACT_GLOBAL,0.1111111111111111,0.3333333333333333,0.3333333333333333,0.3333333333333333,False,False
Q0178,3,OPCODE_STRUCT,DROP30,B3_HARD_COMPONENT,0.1111111111111111,0.25,0.3333333333333333,0.28571428571428575,False,False
Q0178,3,OPCODE_STRUCT,DROP30,B4_SOFT_GRAPH,0.1111111111111111,0.25,0.3333333333333333,0.28571428571428575,False,False
Q0178,3,OPCODE_STRUCT,BRIDGE,B1_INDEPENDENT,0.2222222222222222,0.3333333333333333,0.6666666666666666,0.4444444444444444,False,False
Q0178,3,OPCODE_STRUCT,BRIDGE,B2_EXACT_GLOBAL,0.1111111111111111,0.3333333333333333,0.3333333333333333,0.3333333333333333,False,False
Q0178,3,OPCODE_STRUCT,BRIDGE,B3_HARD_COMPONENT,0.0,0.0,0.0,0.0,False,False
Q0178,3,OPCODE_STRUCT,BRIDGE,B4_SOFT_GRAPH,0.1111111111111111,0.5,0.3333333333333333,0.4,False,False
Q0178,3,OPCODE_STRUCT,DROP30_BRIDGE,B1_INDEPENDENT,0.2222222222222222,0.3333333333333333,0.6666666666666666,0.4444444444444444,False,False
Q0178,3,OPCODE_STRUCT,DROP30_BRIDGE,B2_EXACT_GLOBAL,0.1111111111111111,0.3333333333333333,0.3333333333333333,0.3333333333333333,False,False
Q0178,3,OPCODE_STRUCT,DROP30_BRIDGE,B3_HARD_COMPONENT,0.1111111111111111,0.25,0.3333333333333333,0.28571428571428575,False,False
Q0178,3,OPCODE_STRUCT,DROP30_BRIDGE,B4_SOFT_GRAPH,0.1111111111111111,0.3333333333333333,0.3333333333333333,0.3333333333333333,False,False
Q0178,3,OPCODE_CONTEXT,CLEAN,B1_INDEPENDENT,0.3333333333333333,0.3333333333333333,0.6666666666666666,0.4444444444444444,False,False
Q0178,3,OPCODE_CONTEXT,CLEAN,B2_EXACT_GLOBAL,0.4444444444444444,0.6666666666666666,0.6666666666666666,0.6666666666666666,False,False
Q0178,3,OPCODE_CONTEXT,CLEAN,B3_HARD_COMPONENT,0.3333333333333333,0.3333333333333333,0.3333333333333333,0.3333333333333333,False,False
Q0178,3,OPCODE_CONTEXT,CLEAN,B4_SOFT_GRAPH,0.3333333333333333,0.4,0.6666666666666666,0.5,False,False
Q0178,3,OPCODE_CONTEXT,DROP30,B1_INDEPENDENT,0.3333333333333333,0.3333333333333333,0.6666666666666666,0.4444444444444444,False,False
Q0178,3,OPCODE_CONTEXT,DROP30,B2_EXACT_GLOBAL,0.4444444444444444,0.6666666666666666,0.6666666666666666,0.6666666666666666,False,False
Q0178,3,OPCODE_CONTEXT,DROP30,B3_HARD_COMPONENT,0.4444444444444444,0.4,0.6666666666666666,0.5,False,False
Q0178,3,OPCODE_CONTEXT,DROP30,B4_SOFT_GRAPH,0.3333333333333333,0.4,0.6666666666666666,0.5,False,False
Q0178,3,OPCODE_CONTEXT,BRIDGE,B1_INDEPENDENT,0.3333333333333333,0.3333333333333333,0.6666666666666666,0.4444444444444444,False,False
Q0178,3,OPCODE_CONTEXT,BRIDGE,B2_EXACT_GLOBAL,0.4444444444444444,0.6666666666666666,0.6666666666666666,0.6666666666666666,False,False
Q0178,3,OPCODE_CONTEXT,BRIDGE,B3_HARD_COMPONENT,0.0,0.0,0.0,0.0,False,False
Q0178,3,OPCODE_CONTEXT,BRIDGE,B4_SOFT_GRAPH,0.3333333333333333,0.4,0.6666666666666666,0.5,False,False
Q0178,3,OPCODE_CONTEXT,DROP30_BRIDGE,B1_INDEPENDENT,0.3333333333333333,0.3333333333333333,0.6666666666666666,0.4444444444444444,False,False
Q0178,3,OPCODE_CONTEXT,DROP30_BRIDGE,B2_EXACT_GLOBAL,0.4444444444444444,0.6666666666666666,0.6666666666666666,0.6666666666666666,False,False
Q0178,3,OPCODE_CONTEXT,DROP30_BRIDGE,B3_HARD_COMPONENT,0.1111111111111111,0.25,0.3333333333333333,0.28571428571428575,False,False
Q0178,3,OPCODE_CONTEXT,DROP30_BRIDGE,B4_SOFT_GRAPH,0.3333333333333333,0.4,0.6666666666666666,0.5,False,False
Q0140,3,OPCODE_3GRAM,CLEAN,B1_INDEPENDENT,0.4444444444444444,0.3333333333333333,0.6666666666666666,0.4444444444444444,False,False
Q0140,3,OPCODE_3GRAM,CLEAN,B2_EXACT_GLOBAL,0.4444444444444444,0.6666666666666666,0.6666666666666666,0.6666666666666666,False,False
Q0140,3,OPCODE_3GRAM,CLEAN,B3_HARD_COMPONENT,0.6666666666666666,0.6666666666666666,0.6666666666666666,0.6666666666666666,False,False
Q0140,3,OPCODE_3GRAM,CLEAN,B4_SOFT_GRAPH,0.3333333333333333,0.25,0.3333333333333333,0.28571428571428575,False,False
Q0140,3,OPCODE_3GRAM,DROP30,B1_INDEPENDENT,0.4444444444444444,0.3333333333333333,0.6666666666666666,0.4444444444444444,False,False
Q0140,3,OPCODE_3GRAM,DROP30,B2_EXACT_GLOBAL,0.4444444444444444,0.6666666666666666,0.6666666666666666,0.6666666666666666,False,False
Q0140,3,OPCODE_3GRAM,DROP30,B3_HARD_COMPONENT,0.5555555555555556,0.5,0.6666666666666666,0.5714285714285715,False,False
Q0140,3,OPCODE_3GRAM,DROP30,B4_SOFT_GRAPH,0.3333333333333333,0.2,0.3333333333333333,0.25,False,False
Q0140,3,OPCODE_3GRAM,BRIDGE,B1_INDEPENDENT,0.4444444444444444,0.3333333333333333,0.6666666666666666,0.4444444444444444,False,False
Q0140,3,OPCODE_3GRAM,BRIDGE,B2_EXACT_GLOBAL,0.4444444444444444,0.6666666666666666,0.6666666666666666,0.6666666666666666,False,False
Q0140,3,OPCODE_3GRAM,BRIDGE,B3_HARD_COMPONENT,0.3333333333333333,1.0,0.3333333333333333,0.5,False,False
Q0140,3,OPCODE_3GRAM,BRIDGE,B4_SOFT_GRAPH,0.3333333333333333,0.25,0.3333333333333333,0.28571428571428575,False,False
Q0140,3,OPCODE_3GRAM,DROP30_BRIDGE,B1_INDEPENDENT,0.4444444444444444,0.3333333333333333,0.6666666666666666,0.4444444444444444,False,False
Q0140,3,OPCODE_3GRAM,DROP30_BRIDGE,B2_EXACT_GLOBAL,0.4444444444444444,0.6666666666666666,0.6666666666666666,0.6666666666666666,False,False
Q0140,3,OPCODE_3GRAM,DROP30_BRIDGE,B3_HARD_COMPONENT,0.3333333333333333,0.5,0.3333333333333333,0.4,False,False
Q0140,3,OPCODE_3GRAM,DROP30_BRIDGE,B4_SOFT_GRAPH,0.3333333333333333,0.2,0.3333333333333333,0.25,False,False
Q0140,3,OPCODE_STRUCT,CLEAN,B1_INDEPENDENT,0.4444444444444444,0.4,0.6666666666666666,0.5,False,False
Q0140,3,OPCODE_STRUCT,CLEAN,B2_EXACT_GLOBAL,0.4444444444444444,0.6666666666666666,0.6666666666666666,0.6666666666666666,False,False
Q0140,3,OPCODE_STRUCT,CLEAN,B3_HARD_COMPONENT,0.6666666666666666,0.6666666666666666,0.6666666666666666,0.6666666666666666,False,False
Q0140,3,OPCODE_STRUCT,CLEAN,B4_SOFT_GRAPH,0.3333333333333333,0.3333333333333333,0.3333333333333333,0.3333333333333333,False,False
Q0140,3,OPCODE_STRUCT,DROP30,B1_INDEPENDENT,0.4444444444444444,0.4,0.6666666666666666,0.5,False,False
Q0140,3,OPCODE_STRUCT,DROP30,B2_EXACT_GLOBAL,0.4444444444444444,0.6666666666666666,0.6666666666666666,0.6666666666666666,False,False
Q0140,3,OPCODE_STRUCT,DROP30,B3_HARD_COMPONENT,0.5555555555555556,0.5,0.6666666666666666,0.5714285714285715,False,False
Q0140,3,OPCODE_STRUCT,DROP30,B4_SOFT_GRAPH,0.3333333333333333,0.25,0.3333333333333333,0.28571428571428575,False,False
Q0140,3,OPCODE_STRUCT,BRIDGE,B1_INDEPENDENT,0.4444444444444444,0.4,0.6666666666666666,0.5,False,False
Q0140,3,OPCODE_STRUCT,BRIDGE,B2_EXACT_GLOBAL,0.4444444444444444,0.6666666666666666,0.6666666666666666,0.6666666666666666,False,False
Q0140,3,OPCODE_STRUCT,BRIDGE,B3_HARD_COMPONENT,0.3333333333333333,1.0,0.3333333333333333,0.5,False,False
Q0140,3,OPCODE_STRUCT,BRIDGE,B4_SOFT_GRAPH,0.3333333333333333,0.3333333333333333,0.3333333333333333,0.3333333333333333,False,False
Q0140,3,OPCODE_STRUCT,DROP30_BRIDGE,B1_INDEPENDENT,0.4444444444444444,0.4,0.6666666666666666,0.5,False,False
Q0140,3,OPCODE_STRUCT,DROP30_BRIDGE,B2_EXACT_GLOBAL,0.4444444444444444,0.6666666666666666,0.6666666666666666,0.6666666666666666,False,False
Q0140,3,OPCODE_STRUCT,DROP30_BRIDGE,B3_HARD_COMPONENT,0.1111111111111111,0.5,0.3333333333333333,0.4,False,False
Q0140,3,OPCODE_STRUCT,DROP30_BRIDGE,B4_SOFT_GRAPH,0.3333333333333333,0.3333333333333333,0.3333333333333333,0.3333333333333333,False,False
Q0140,3,OPCODE_CONTEXT,CLEAN,B1_INDEPENDENT,0.4444444444444444,0.3333333333333333,0.6666666666666666,0.4444444444444444,False,False
Q0140,3,OPCODE_CONTEXT,CLEAN,B2_EXACT_GLOBAL,0.4444444444444444,0.6666666666666666,0.6666666666666666,0.6666666666666666,False,False
Q0140,3,OPCODE_CONTEXT,CLEAN,B3_HARD_COMPONENT,0.6666666666666666,0.6666666666666666,0.6666666666666666,0.6666666666666666,False,False
Q0140,3,OPCODE_CONTEXT,CLEAN,B4_SOFT_GRAPH,0.3333333333333333,0.2,0.3333333333333333,0.25,False,False
Q0140,3,OPCODE_CONTEXT,DROP30,B1_INDEPENDENT,0.4444444444444444,0.3333333333333333,0.6666666666666666,0.4444444444444444,False,False
Q0140,3,OPCODE_CONTEXT,DROP30,B2_EXACT_GLOBAL,0.4444444444444444,0.6666666666666666,0.6666666666666666,0.6666666666666666,False,False
Q0140,3,OPCODE_CONTEXT,DROP30,B3_HARD_COMPONENT,0.5555555555555556,0.5,0.6666666666666666,0.5714285714285715,False,False
Q0140,3,OPCODE_CONTEXT,DROP30,B4_SOFT_GRAPH,0.3333333333333333,0.2,0.3333333333333333,0.25,False,False
Q0140,3,OPCODE_CONTEXT,BRIDGE,B1_INDEPENDENT,0.4444444444444444,0.3333333333333333,0.6666666666666666,0.4444444444444444,False,False
Q0140,3,OPCODE_CONTEXT,BRIDGE,B2_EXACT_GLOBAL,0.4444444444444444,0.6666666666666666,0.6666666666666666,0.6666666666666666,False,False
Q0140,3,OPCODE_CONTEXT,BRIDGE,B3_HARD_COMPONENT,0.0,0.0,0.0,0.0,False,False
Q0140,3,OPCODE_CONTEXT,BRIDGE,B4_SOFT_GRAPH,0.3333333333333333,0.2,0.3333333333333333,0.25,False,False
Q0140,3,OPCODE_CONTEXT,DROP30_BRIDGE,B1_INDEPENDENT,0.4444444444444444,0.3333333333333333,0.6666666666666666,0.4444444444444444,False,False
Q0140,3,OPCODE_CONTEXT,DROP30_BRIDGE,B2_EXACT_GLOBAL,0.4444444444444444,0.6666666666666666,0.6666666666666666,0.6666666666666666,False,False
Q0140,3,OPCODE_CONTEXT,DROP30_BRIDGE,B3_HARD_COMPONENT,0.1111111111111111,0.3333333333333333,0.3333333333333333,0.3333333333333333,False,False
Q0140,3,OPCODE_CONTEXT,DROP30_BRIDGE,B4_SOFT_GRAPH,0.3333333333333333,0.2,0.3333333333333333,0.25,False,False
Q0179,3,OPCODE_3GRAM,CLEAN,B1_INDEPENDENT,0.3333333333333333,0.2857142857142857,0.6666666666666666,0.4,False,False
Q0179,3,OPCODE_3GRAM,CLEAN,B2_EXACT_GLOBAL,0.4444444444444444,0.6666666666666666,0.6666666666666666,0.6666666666666666,False,False
Q0179,3,OPCODE_3GRAM,CLEAN,B3_HARD_COMPONENT,0.6666666666666666,0.6666666666666666,0.6666666666666666,0.6666666666666666,False,False
Q0179,3,OPCODE_3GRAM,CLEAN,B4_SOFT_GRAPH,0.2222222222222222,0.3333333333333333,0.3333333333333333,0.3333333333333333,False,False
Q0179,3,OPCODE_3GRAM,DROP30,B1_INDEPENDENT,0.3333333333333333,0.2857142857142857,0.6666666666666666,0.4,False,False
Q0179,3,OPCODE_3GRAM,DROP30,B2_EXACT_GLOBAL,0.4444444444444444,0.6666666666666666,0.6666666666666666,0.6666666666666666,False,False
Q0179,3,OPCODE_3GRAM,DROP30,B3_HARD_COMPONENT,0.5555555555555556,0.4,0.6666666666666666,0.5,False,False
Q0179,3,OPCODE_3GRAM,DROP30,B4_SOFT_GRAPH,0.2222222222222222,0.25,0.3333333333333333,0.28571428571428575,False,False
Q0179,3,OPCODE_3GRAM,BRIDGE,B1_INDEPENDENT,0.3333333333333333,0.2857142857142857,0.6666666666666666,0.4,False,False
Q0179,3,OPCODE_3GRAM,BRIDGE,B2_EXACT_GLOBAL,0.4444444444444444,0.6666666666666666,0.6666666666666666,0.6666666666666666,False,False
Q0179,3,OPCODE_3GRAM,BRIDGE,B3_HARD_COMPONENT,0.0,0.0,0.0,0.0,False,False
Q0179,3,OPCODE_3GRAM,BRIDGE,B4_SOFT_GRAPH,0.1111111111111111,0.2,0.3333333333333333,0.25,False,False
Q0179,3,OPCODE_3GRAM,DROP30_BRIDGE,B1_INDEPENDENT,0.3333333333333333,0.2857142857142857,0.6666666666666666,0.4,False,False
Q0179,3,OPCODE_3GRAM,DROP30_BRIDGE,B2_EXACT_GLOBAL,0.4444444444444444,0.6666666666666666,0.6666666666666666,0.6666666666666666,False,False
Q0179,3,OPCODE_3GRAM,DROP30_BRIDGE,B3_HARD_COMPONENT,0.3333333333333333,0.3333333333333333,0.3333333333333333,0.3333333333333333,False,False
Q0179,3,OPCODE_3GRAM,DROP30_BRIDGE,B4_SOFT_GRAPH,0.1111111111111111,0.2,0.3333333333333333,0.25,False,False
Q0179,3,OPCODE_STRUCT,CLEAN,B1_INDEPENDENT,0.3333333333333333,0.4,0.6666666666666666,0.5,False,False
Q0179,3,OPCODE_STRUCT,CLEAN,B2_EXACT_GLOBAL,0.3333333333333333,0.6666666666666666,0.6666666666666666,0.6666666666666666,False,False
Q0179,3,OPCODE_STRUCT,CLEAN,B3_HARD_COMPONENT,0.6666666666666666,0.6666666666666666,0.6666666666666666,0.6666666666666666,False,False
Q0179,3,OPCODE_STRUCT,CLEAN,B4_SOFT_GRAPH,0.1111111111111111,0.25,0.3333333333333333,0.28571428571428575,False,False
Q0179,3,OPCODE_STRUCT,DROP30,B1_INDEPENDENT,0.3333333333333333,0.4,0.6666666666666666,0.5,False,False
Q0179,3,OPCODE_STRUCT,DROP30,B2_EXACT_GLOBAL,0.3333333333333333,0.6666666666666666,0.6666666666666666,0.6666666666666666,False,False
Q0179,3,OPCODE_STRUCT,DROP30,B3_HARD_COMPONENT,0.5555555555555556,0.6666666666666666,0.6666666666666666,0.6666666666666666,False,False
Q0179,3,OPCODE_STRUCT,DROP30,B4_SOFT_GRAPH,0.3333333333333333,0.3333333333333333,0.3333333333333333,0.3333333333333333,False,False
Q0179,3,OPCODE_STRUCT,BRIDGE,B1_INDEPENDENT,0.3333333333333333,0.4,0.6666666666666666,0.5,False,False
Q0179,3,OPCODE_STRUCT,BRIDGE,B2_EXACT_GLOBAL,0.3333333333333333,0.6666666666666666,0.6666666666666666,0.6666666666666666,False,False
Q0179,3,OPCODE_STRUCT,BRIDGE,B3_HARD_COMPONENT,0.3333333333333333,1.0,0.3333333333333333,0.5,False,False
Q0179,3,OPCODE_STRUCT,BRIDGE,B4_SOFT_GRAPH,0.1111111111111111,0.25,0.3333333333333333,0.28571428571428575,False,False
Q0179,3,OPCODE_STRUCT,DROP30_BRIDGE,B1_INDEPENDENT,0.3333333333333333,0.4,0.6666666666666666,0.5,False,False
Q0179,3,OPCODE_STRUCT,DROP30_BRIDGE,B2_EXACT_GLOBAL,0.3333333333333333,0.6666666666666666,0.6666666666666666,0.6666666666666666,False,False
Q0179,3,OPCODE_STRUCT,DROP30_BRIDGE,B3_HARD_COMPONENT,0.3333333333333333,0.3333333333333333,0.3333333333333333,0.3333333333333333,False,False
Q0179,3,OPCODE_STRUCT,DROP30_BRIDGE,B4_SOFT_GRAPH,0.1111111111111111,0.3333333333333333,0.3333333333333333,0.3333333333333333,False,False
Q0179,3,OPCODE_CONTEXT,CLEAN,B1_INDEPENDENT,0.5555555555555556,0.42857142857142855,1.0,0.6,False,False
Q0179,3,OPCODE_CONTEXT,CLEAN,B2_EXACT_GLOBAL,0.5555555555555556,0.6666666666666666,0.6666666666666666,0.6666666666666666,False,False
Q0179,3,OPCODE_CONTEXT,CLEAN,B3_HARD_COMPONENT,0.6666666666666666,0.6666666666666666,0.6666666666666666,0.6666666666666666,False,False
Q0179,3,OPCODE_CONTEXT,CLEAN,B4_SOFT_GRAPH,0.3333333333333333,0.2857142857142857,0.6666666666666666,0.4,False,False
Q0179,3,OPCODE_CONTEXT,DROP30,B1_INDEPENDENT,0.5555555555555556,0.42857142857142855,1.0,0.6,False,False
Q0179,3,OPCODE_CONTEXT,DROP30,B2_EXACT_GLOBAL,0.5555555555555556,0.6666666666666666,0.6666666666666666,0.6666666666666666,False,False
Q0179,3,OPCODE_CONTEXT,DROP30,B3_HARD_COMPONENT,0.5555555555555556,0.4,0.6666666666666666,0.5,False,False
Q0179,3,OPCODE_CONTEXT,DROP30,B4_SOFT_GRAPH,0.3333333333333333,0.2857142857142857,0.6666666666666666,0.4,False,False
Q0179,3,OPCODE_CONTEXT,BRIDGE,B1_INDEPENDENT,0.5555555555555556,0.42857142857142855,1.0,0.6,False,False
Q0179,3,OPCODE_CONTEXT,BRIDGE,B2_EXACT_GLOBAL,0.5555555555555556,0.6666666666666666,0.6666666666666666,0.6666666666666666,False,False
Q0179,3,OPCODE_CONTEXT,BRIDGE,B3_HARD_COMPONENT,0.3333333333333333,1.0,0.3333333333333333,0.5,False,False
Q0179,3,OPCODE_CONTEXT,BRIDGE,B4_SOFT_GRAPH,0.3333333333333333,0.2857142857142857,0.6666666666666666,0.4,False,False
Q0179,3,OPCODE_CONTEXT,DROP30_BRIDGE,B1_INDEPENDENT,0.5555555555555556,0.42857142857142855,1.0,0.6,False,False
Q0179,3,OPCODE_CONTEXT,DROP30_BRIDGE,B2_EXACT_GLOBAL,0.5555555555555556,0.6666666666666666,0.6666666666666666,0.6666666666666666,False,False
Q0179,3,OPCODE_CONTEXT,DROP30_BRIDGE,B3_HARD_COMPONENT,0.3333333333333333,0.3333333333333333,0.3333333333333333,0.3333333333333333,False,False
Q0179,3,OPCODE_CONTEXT,DROP30_BRIDGE,B4_SOFT_GRAPH,0.3333333333333333,0.2857142857142857,0.6666666666666666,0.4,False,False
Q0157,3,OPCODE_3GRAM,CLEAN,B1_INDEPENDENT,0.0,0.16666666666666666,0.3333333333333333,0.2222222222222222,False,False
Q0157,3,OPCODE_3GRAM,CLEAN,B2_EXACT_GLOBAL,0.0,0.0,0.0,0.0,False,False
Q0157,3,OPCODE_3GRAM,CLEAN,B3_HARD_COMPONENT,0.0,0.0,0.0,0.0,False,False
Q0157,3,OPCODE_3GRAM,CLEAN,B4_SOFT_GRAPH,0.0,0.0,0.0,0.0,False,False
Q0157,3,OPCODE_3GRAM,DROP30,B1_INDEPENDENT,0.0,0.16666666666666666,0.3333333333333333,0.2222222222222222,False,False
Q0157,3,OPCODE_3GRAM,DROP30,B2_EXACT_GLOBAL,0.0,0.0,0.0,0.0,False,False
Q0157,3,OPCODE_3GRAM,DROP30,B3_HARD_COMPONENT,0.0,0.0,0.0,0.0,False,False
Q0157,3,OPCODE_3GRAM,DROP30,B4_SOFT_GRAPH,0.0,0.0,0.0,0.0,False,False
Q0157,3,OPCODE_3GRAM,BRIDGE,B1_INDEPENDENT,0.0,0.16666666666666666,0.3333333333333333,0.2222222222222222,False,False
Q0157,3,OPCODE_3GRAM,BRIDGE,B2_EXACT_GLOBAL,0.0,0.0,0.0,0.0,False,False
Q0157,3,OPCODE_3GRAM,BRIDGE,B3_HARD_COMPONENT,0.0,0.0,0.0,0.0,False,False
Q0157,3,OPCODE_3GRAM,BRIDGE,B4_SOFT_GRAPH,0.0,0.0,0.0,0.0,False,False
Q0157,3,OPCODE_3GRAM,DROP30_BRIDGE,B1_INDEPENDENT,0.0,0.16666666666666666,0.3333333333333333,0.2222222222222222,False,False
Q0157,3,OPCODE_3GRAM,DROP30_BRIDGE,B2_EXACT_GLOBAL,0.0,0.0,0.0,0.0,False,False
Q0157,3,OPCODE_3GRAM,DROP30_BRIDGE,B3_HARD_COMPONENT,0.0,0.0,0.0,0.0,False,False
Q0157,3,OPCODE_3GRAM,DROP30_BRIDGE,B4_SOFT_GRAPH,0.0,0.0,0.0,0.0,False,False
Q0157,3,OPCODE_STRUCT,CLEAN,B1_INDEPENDENT,0.0,0.0,0.0,0.0,False,False
Q0157,3,OPCODE_STRUCT,CLEAN,B2_EXACT_GLOBAL,0.0,0.0,0.0,0.0,False,False
Q0157,3,OPCODE_STRUCT,CLEAN,B3_HARD_COMPONENT,0.0,0.0,0.0,0.0,False,False
Q0157,3,OPCODE_STRUCT,CLEAN,B4_SOFT_GRAPH,0.0,0.0,0.0,0.0,False,False
Q0157,3,OPCODE_STRUCT,DROP30,B1_INDEPENDENT,0.0,0.0,0.0,0.0,False,False
Q0157,3,OPCODE_STRUCT,DROP30,B2_EXACT_GLOBAL,0.0,0.0,0.0,0.0,False,False
Q0157,3,OPCODE_STRUCT,DROP30,B3_HARD_COMPONENT,0.0,0.0,0.0,0.0,False,False
Q0157,3,OPCODE_STRUCT,DROP30,B4_SOFT_GRAPH,0.0,0.0,0.0,0.0,False,False
Q0157,3,OPCODE_STRUCT,BRIDGE,B1_INDEPENDENT,0.0,0.0,0.0,0.0,False,False
Q0157,3,OPCODE_STRUCT,BRIDGE,B2_EXACT_GLOBAL,0.0,0.0,0.0,0.0,False,False
Q0157,3,OPCODE_STRUCT,BRIDGE,B3_HARD_COMPONENT,0.0,0.0,0.0,0.0,False,False
Q0157,3,OPCODE_STRUCT,BRIDGE,B4_SOFT_GRAPH,0.0,0.0,0.0,0.0,False,False
Q0157,3,OPCODE_STRUCT,DROP30_BRIDGE,B1_INDEPENDENT,0.0,0.0,0.0,0.0,False,False
Q0157,3,OPCODE_STRUCT,DROP30_BRIDGE,B2_EXACT_GLOBAL,0.0,0.0,0.0,0.0,False,False
Q0157,3,OPCODE_STRUCT,DROP30_BRIDGE,B3_HARD_COMPONENT,0.0,0.0,0.0,0.0,False,False
Q0157,3,OPCODE_STRUCT,DROP30_BRIDGE,B4_SOFT_GRAPH,0.0,0.0,0.0,0.0,False,False
Q0157,3,OPCODE_CONTEXT,CLEAN,B1_INDEPENDENT,0.0,0.16666666666666666,0.3333333333333333,0.2222222222222222,False,False
Q0157,3,OPCODE_CONTEXT,CLEAN,B2_EXACT_GLOBAL,0.1111111111111111,0.3333333333333333,0.3333333333333333,0.3333333333333333,False,False
Q0157,3,OPCODE_CONTEXT,CLEAN,B3_HARD_COMPONENT,0.0,0.3333333333333333,0.3333333333333333,0.3333333333333333,False,False
Q0157,3,OPCODE_CONTEXT,CLEAN,B4_SOFT_GRAPH,0.1111111111111111,0.2,0.3333333333333333,0.25,False,False
Q0157,3,OPCODE_CONTEXT,DROP30,B1_INDEPENDENT,0.0,0.16666666666666666,0.3333333333333333,0.2222222222222222,False,False
Q0157,3,OPCODE_CONTEXT,DROP30,B2_EXACT_GLOBAL,0.1111111111111111,0.3333333333333333,0.3333333333333333,0.3333333333333333,False,False
Q0157,3,OPCODE_CONTEXT,DROP30,B3_HARD_COMPONENT,0.0,0.25,0.3333333333333333,0.28571428571428575,False,False
Q0157,3,OPCODE_CONTEXT,DROP30,B4_SOFT_GRAPH,0.1111111111111111,0.2,0.3333333333333333,0.25,False,False
Q0157,3,OPCODE_CONTEXT,BRIDGE,B1_INDEPENDENT,0.0,0.16666666666666666,0.3333333333333333,0.2222222222222222,False,False
Q0157,3,OPCODE_CONTEXT,BRIDGE,B2_EXACT_GLOBAL,0.1111111111111111,0.3333333333333333,0.3333333333333333,0.3333333333333333,False,False
Q0157,3,OPCODE_CONTEXT,BRIDGE,B3_HARD_COMPONENT,0.0,0.0,0.0,0.0,False,False
Q0157,3,OPCODE_CONTEXT,BRIDGE,B4_SOFT_GRAPH,0.1111111111111111,0.2,0.3333333333333333,0.25,False,False
Q0157,3,OPCODE_CONTEXT,DROP30_BRIDGE,B1_INDEPENDENT,0.0,0.16666666666666666,0.3333333333333333,0.2222222222222222,False,False
Q0157,3,OPCODE_CONTEXT,DROP30_BRIDGE,B2_EXACT_GLOBAL,0.1111111111111111,0.3333333333333333,0.3333333333333333,0.3333333333333333,False,False
Q0157,3,OPCODE_CONTEXT,DROP30_BRIDGE,B3_HARD_COMPONENT,0.3333333333333333,0.5,0.3333333333333333,0.4,False,False
Q0157,3,OPCODE_CONTEXT,DROP30_BRIDGE,B4_SOFT_GRAPH,0.1111111111111111,0.2,0.3333333333333333,0.25,False,False
Q0116,3,OPCODE_3GRAM,CLEAN,B1_INDEPENDENT,0.2222222222222222,0.3333333333333333,0.6666666666666666,0.4444444444444444,False,False
Q0116,3,OPCODE_3GRAM,CLEAN,B2_EXACT_GLOBAL,0.1111111111111111,0.3333333333333333,0.3333333333333333,0.3333333333333333,False,False
Q0116,3,OPCODE_3GRAM,CLEAN,B3_HARD_COMPONENT,0.3333333333333333,0.3333333333333333,0.3333333333333333,0.3333333333333333,False,False
Q0116,3,OPCODE_3GRAM,CLEAN,B4_SOFT_GRAPH,0.2222222222222222,0.5,0.3333333333333333,0.4,False,False
Q0116,3,OPCODE_3GRAM,DROP30,B1_INDEPENDENT,0.2222222222222222,0.3333333333333333,0.6666666666666666,0.4444444444444444,False,False
Q0116,3,OPCODE_3GRAM,DROP30,B2_EXACT_GLOBAL,0.1111111111111111,0.3333333333333333,0.3333333333333333,0.3333333333333333,False,False
Q0116,3,OPCODE_3GRAM,DROP30,B3_HARD_COMPONENT,0.3333333333333333,0.4,0.6666666666666666,0.5,False,False
Q0116,3,OPCODE_3GRAM,DROP30,B4_SOFT_GRAPH,0.2222222222222222,0.4,0.6666666666666666,0.5,False,False
Q0116,3,OPCODE_3GRAM,BRIDGE,B1_INDEPENDENT,0.2222222222222222,0.3333333333333333,0.6666666666666666,0.4444444444444444,False,False
Q0116,3,OPCODE_3GRAM,BRIDGE,B2_EXACT_GLOBAL,0.1111111111111111,0.3333333333333333,0.3333333333333333,0.3333333333333333,False,False
Q0116,3,OPCODE_3GRAM,BRIDGE,B3_HARD_COMPONENT,0.3333333333333333,1.0,0.3333333333333333,0.5,False,False
Q0116,3,OPCODE_3GRAM,BRIDGE,B4_SOFT_GRAPH,0.2222222222222222,0.5,0.3333333333333333,0.4,False,False
Q0116,3,OPCODE_3GRAM,DROP30_BRIDGE,B1_INDEPENDENT,0.2222222222222222,0.3333333333333333,0.6666666666666666,0.4444444444444444,False,False
Q0116,3,OPCODE_3GRAM,DROP30_BRIDGE,B2_EXACT_GLOBAL,0.1111111111111111,0.3333333333333333,0.3333333333333333,0.3333333333333333,False,False
Q0116,3,OPCODE_3GRAM,DROP30_BRIDGE,B3_HARD_COMPONENT,0.4444444444444444,0.5,0.6666666666666666,0.5714285714285715,False,False
Q0116,3,OPCODE_3GRAM,DROP30_BRIDGE,B4_SOFT_GRAPH,0.2222222222222222,0.4,0.6666666666666666,0.5,False,False
Q0116,3,OPCODE_STRUCT,CLEAN,B1_INDEPENDENT,0.2222222222222222,0.2857142857142857,0.6666666666666666,0.4,False,False
Q0116,3,OPCODE_STRUCT,CLEAN,B2_EXACT_GLOBAL,0.1111111111111111,0.3333333333333333,0.3333333333333333,0.3333333333333333,False,False
Q0116,3,OPCODE_STRUCT,CLEAN,B3_HARD_COMPONENT,0.3333333333333333,0.3333333333333333,0.3333333333333333,0.3333333333333333,False,False
Q0116,3,OPCODE_STRUCT,CLEAN,B4_SOFT_GRAPH,0.3333333333333333,0.3333333333333333,0.3333333333333333,0.3333333333333333,False,False
Q0116,3,OPCODE_STRUCT,DROP30,B1_INDEPENDENT,0.2222222222222222,0.2857142857142857,0.6666666666666666,0.4,False,False
Q0116,3,OPCODE_STRUCT,DROP30,B2_EXACT_GLOBAL,0.1111111111111111,0.3333333333333333,0.3333333333333333,0.3333333333333333,False,False
Q0116,3,OPCODE_STRUCT,DROP30,B3_HARD_COMPONENT,0.3333333333333333,0.3333333333333333,0.6666666666666666,0.4444444444444444,False,False
Q0116,3,OPCODE_STRUCT,DROP30,B4_SOFT_GRAPH,0.3333333333333333,0.4,0.6666666666666666,0.5,False,False
Q0116,3,OPCODE_STRUCT,BRIDGE,B1_INDEPENDENT,0.2222222222222222,0.2857142857142857,0.6666666666666666,0.4,False,False
Q0116,3,OPCODE_STRUCT,BRIDGE,B2_EXACT_GLOBAL,0.1111111111111111,0.3333333333333333,0.3333333333333333,0.3333333333333333,False,False
Q0116,3,OPCODE_STRUCT,BRIDGE,B3_HARD_COMPONENT,0.0,0.0,0.0,0.0,False,False
Q0116,3,OPCODE_STRUCT,BRIDGE,B4_SOFT_GRAPH,0.2222222222222222,0.3333333333333333,0.3333333333333333,0.3333333333333333,False,False
Q0116,3,OPCODE_STRUCT,DROP30_BRIDGE,B1_INDEPENDENT,0.2222222222222222,0.2857142857142857,0.6666666666666666,0.4,False,False
Q0116,3,OPCODE_STRUCT,DROP30_BRIDGE,B2_EXACT_GLOBAL,0.1111111111111111,0.3333333333333333,0.3333333333333333,0.3333333333333333,False,False
Q0116,3,OPCODE_STRUCT,DROP30_BRIDGE,B3_HARD_COMPONENT,0.4444444444444444,0.5,0.6666666666666666,0.5714285714285715,False,False
Q0116,3,OPCODE_STRUCT,DROP30_BRIDGE,B4_SOFT_GRAPH,0.4444444444444444,0.3333333333333333,0.6666666666666666,0.4444444444444444,False,False
Q0116,3,OPCODE_CONTEXT,CLEAN,B1_INDEPENDENT,0.3333333333333333,0.4,0.6666666666666666,0.5,False,False
Q0116,3,OPCODE_CONTEXT,CLEAN,B2_EXACT_GLOBAL,0.2222222222222222,0.3333333333333333,0.3333333333333333,0.3333333333333333,False,False
Q0116,3,OPCODE_CONTEXT,CLEAN,B3_HARD_COMPONENT,0.3333333333333333,0.3333333333333333,0.3333333333333333,0.3333333333333333,False,False
Q0116,3,OPCODE_CONTEXT,CLEAN,B4_SOFT_GRAPH,0.3333333333333333,0.4,0.6666666666666666,0.5,False,False
Q0116,3,OPCODE_CONTEXT,DROP30,B1_INDEPENDENT,0.3333333333333333,0.4,0.6666666666666666,0.5,False,False
Q0116,3,OPCODE_CONTEXT,DROP30,B2_EXACT_GLOBAL,0.2222222222222222,0.3333333333333333,0.3333333333333333,0.3333333333333333,False,False
Q0116,3,OPCODE_CONTEXT,DROP30,B3_HARD_COMPONENT,0.4444444444444444,0.4,0.6666666666666666,0.5,False,False
Q0116,3,OPCODE_CONTEXT,DROP30,B4_SOFT_GRAPH,0.3333333333333333,0.4,0.6666666666666666,0.5,False,False
Q0116,3,OPCODE_CONTEXT,BRIDGE,B1_INDEPENDENT,0.3333333333333333,0.4,0.6666666666666666,0.5,False,False
Q0116,3,OPCODE_CONTEXT,BRIDGE,B2_EXACT_GLOBAL,0.2222222222222222,0.3333333333333333,0.3333333333333333,0.3333333333333333,False,False
Q0116,3,OPCODE_CONTEXT,BRIDGE,B3_HARD_COMPONENT,0.0,0.0,0.0,0.0,False,False
Q0116,3,OPCODE_CONTEXT,BRIDGE,B4_SOFT_GRAPH,0.3333333333333333,0.4,0.6666666666666666,0.5,False,False
Q0116,3,OPCODE_CONTEXT,DROP30_BRIDGE,B1_INDEPENDENT,0.3333333333333333,0.4,0.6666666666666666,0.5,False,False
Q0116,3,OPCODE_CONTEXT,DROP30_BRIDGE,B2_EXACT_GLOBAL,0.2222222222222222,0.3333333333333333,0.3333333333333333,0.3333333333333333,False,False
Q0116,3,OPCODE_CONTEXT,DROP30_BRIDGE,B3_HARD_COMPONENT,0.4444444444444444,0.5,0.6666666666666666,0.5714285714285715,False,False
Q0116,3,OPCODE_CONTEXT,DROP30_BRIDGE,B4_SOFT_GRAPH,0.3333333333333333,0.4,0.6666666666666666,0.5,False,False
Q0126,3,OPCODE_3GRAM,CLEAN,B1_INDEPENDENT,0.3333333333333333,0.2857142857142857,0.6666666666666666,0.4,False,False
Q0126,3,OPCODE_3GRAM,CLEAN,B2_EXACT_GLOBAL,0.4444444444444444,0.6666666666666666,0.6666666666666666,0.6666666666666666,False,False
Q0126,3,OPCODE_3GRAM,CLEAN,B3_HARD_COMPONENT,0.6666666666666666,0.6666666666666666,0.6666666666666666,0.6666666666666666,False,False
Q0126,3,OPCODE_3GRAM,CLEAN,B4_SOFT_GRAPH,0.2222222222222222,0.3333333333333333,0.3333333333333333,0.3333333333333333,False,False
Q0126,3,OPCODE_3GRAM,DROP30,B1_INDEPENDENT,0.3333333333333333,0.2857142857142857,0.6666666666666666,0.4,False,False
Q0126,3,OPCODE_3GRAM,DROP30,B2_EXACT_GLOBAL,0.4444444444444444,0.6666666666666666,0.6666666666666666,0.6666666666666666,False,False
Q0126,3,OPCODE_3GRAM,DROP30,B3_HARD_COMPONENT,0.4444444444444444,0.5,0.6666666666666666,0.5714285714285715,False,False
Q0126,3,OPCODE_3GRAM,DROP30,B4_SOFT_GRAPH,0.1111111111111111,0.16666666666666666,0.3333333333333333,0.2222222222222222,False,False
Q0126,3,OPCODE_3GRAM,BRIDGE,B1_INDEPENDENT,0.3333333333333333,0.2857142857142857,0.6666666666666666,0.4,False,False
Q0126,3,OPCODE_3GRAM,BRIDGE,B2_EXACT_GLOBAL,0.4444444444444444,0.6666666666666666,0.6666666666666666,0.6666666666666666,False,False
Q0126,3,OPCODE_3GRAM,BRIDGE,B3_HARD_COMPONENT,0.0,0.0,0.0,0.0,False,False
Q0126,3,OPCODE_3GRAM,BRIDGE,B4_SOFT_GRAPH,0.2222222222222222,0.3333333333333333,0.3333333333333333,0.3333333333333333,False,False
Q0126,3,OPCODE_3GRAM,DROP30_BRIDGE,B1_INDEPENDENT,0.3333333333333333,0.2857142857142857,0.6666666666666666,0.4,False,False
Q0126,3,OPCODE_3GRAM,DROP30_BRIDGE,B2_EXACT_GLOBAL,0.4444444444444444,0.6666666666666666,0.6666666666666666,0.6666666666666666,False,False
Q0126,3,OPCODE_3GRAM,DROP30_BRIDGE,B3_HARD_COMPONENT,0.1111111111111111,0.5,0.3333333333333333,0.4,False,False
Q0126,3,OPCODE_3GRAM,DROP30_BRIDGE,B4_SOFT_GRAPH,0.1111111111111111,0.3333333333333333,0.3333333333333333,0.3333333333333333,False,False
Q0126,3,OPCODE_STRUCT,CLEAN,B1_INDEPENDENT,0.3333333333333333,0.4,0.6666666666666666,0.5,False,False
Q0126,3,OPCODE_STRUCT,CLEAN,B2_EXACT_GLOBAL,0.3333333333333333,0.6666666666666666,0.6666666666666666,0.6666666666666666,False,False
Q0126,3,OPCODE_STRUCT,CLEAN,B3_HARD_COMPONENT,0.6666666666666666,0.6666666666666666,0.6666666666666666,0.6666666666666666,False,False
Q0126,3,OPCODE_STRUCT,CLEAN,B4_SOFT_GRAPH,0.1111111111111111,0.25,0.3333333333333333,0.28571428571428575,False,False
Q0126,3,OPCODE_STRUCT,DROP30,B1_INDEPENDENT,0.3333333333333333,0.4,0.6666666666666666,0.5,False,False
Q0126,3,OPCODE_STRUCT,DROP30,B2_EXACT_GLOBAL,0.3333333333333333,0.6666666666666666,0.6666666666666666,0.6666666666666666,False,False
Q0126,3,OPCODE_STRUCT,DROP30,B3_HARD_COMPONENT,0.4444444444444444,0.5,0.6666666666666666,0.5714285714285715,False,False
Q0126,3,OPCODE_STRUCT,DROP30,B4_SOFT_GRAPH,0.1111111111111111,0.25,0.3333333333333333,0.28571428571428575,False,False
Q0126,3,OPCODE_STRUCT,BRIDGE,B1_INDEPENDENT,0.3333333333333333,0.4,0.6666666666666666,0.5,False,False
Q0126,3,OPCODE_STRUCT,BRIDGE,B2_EXACT_GLOBAL,0.3333333333333333,0.6666666666666666,0.6666666666666666,0.6666666666666666,False,False
Q0126,3,OPCODE_STRUCT,BRIDGE,B3_HARD_COMPONENT,0.3333333333333333,1.0,0.3333333333333333,0.5,False,False
Q0126,3,OPCODE_STRUCT,BRIDGE,B4_SOFT_GRAPH,0.1111111111111111,0.25,0.3333333333333333,0.28571428571428575,False,False
Q0126,3,OPCODE_STRUCT,DROP30_BRIDGE,B1_INDEPENDENT,0.3333333333333333,0.4,0.6666666666666666,0.5,False,False
Q0126,3,OPCODE_STRUCT,DROP30_BRIDGE,B2_EXACT_GLOBAL,0.3333333333333333,0.6666666666666666,0.6666666666666666,0.6666666666666666,False,False
Q0126,3,OPCODE_STRUCT,DROP30_BRIDGE,B3_HARD_COMPONENT,0.2222222222222222,0.5,0.3333333333333333,0.4,False,False
Q0126,3,OPCODE_STRUCT,DROP30_BRIDGE,B4_SOFT_GRAPH,0.1111111111111111,0.25,0.3333333333333333,0.28571428571428575,False,False
Q0126,3,OPCODE_CONTEXT,CLEAN,B1_INDEPENDENT,0.5555555555555556,0.42857142857142855,1.0,0.6,False,False
Q0126,3,OPCODE_CONTEXT,CLEAN,B2_EXACT_GLOBAL,0.5555555555555556,0.6666666666666666,0.6666666666666666,0.6666666666666666,False,False
Q0126,3,OPCODE_CONTEXT,CLEAN,B3_HARD_COMPONENT,0.6666666666666666,0.6666666666666666,0.6666666666666666,0.6666666666666666,False,False
Q0126,3,OPCODE_CONTEXT,CLEAN,B4_SOFT_GRAPH,0.3333333333333333,0.2857142857142857,0.6666666666666666,0.4,False,False
Q0126,3,OPCODE_CONTEXT,DROP30,B1_INDEPENDENT,0.5555555555555556,0.42857142857142855,1.0,0.6,False,False
Q0126,3,OPCODE_CONTEXT,DROP30,B2_EXACT_GLOBAL,0.5555555555555556,0.6666666666666666,0.6666666666666666,0.6666666666666666,False,False
Q0126,3,OPCODE_CONTEXT,DROP30,B3_HARD_COMPONENT,0.4444444444444444,0.4,0.6666666666666666,0.5,False,False
Q0126,3,OPCODE_CONTEXT,DROP30,B4_SOFT_GRAPH,0.3333333333333333,0.2857142857142857,0.6666666666666666,0.4,False,False
Q0126,3,OPCODE_CONTEXT,BRIDGE,B1_INDEPENDENT,0.5555555555555556,0.42857142857142855,1.0,0.6,False,False
Q0126,3,OPCODE_CONTEXT,BRIDGE,B2_EXACT_GLOBAL,0.5555555555555556,0.6666666666666666,0.6666666666666666,0.6666666666666666,False,False
Q0126,3,OPCODE_CONTEXT,BRIDGE,B3_HARD_COMPONENT,0.3333333333333333,1.0,0.3333333333333333,0.5,False,False
Q0126,3,OPCODE_CONTEXT,BRIDGE,B4_SOFT_GRAPH,0.3333333333333333,0.2857142857142857,0.6666666666666666,0.4,False,False
Q0126,3,OPCODE_CONTEXT,DROP30_BRIDGE,B1_INDEPENDENT,0.5555555555555556,0.42857142857142855,1.0,0.6,False,False
Q0126,3,OPCODE_CONTEXT,DROP30_BRIDGE,B2_EXACT_GLOBAL,0.5555555555555556,0.6666666666666666,0.6666666666666666,0.6666666666666666,False,False
Q0126,3,OPCODE_CONTEXT,DROP30_BRIDGE,B3_HARD_COMPONENT,0.1111111111111111,0.3333333333333333,0.3333333333333333,0.3333333333333333,False,False
Q0126,3,OPCODE_CONTEXT,DROP30_BRIDGE,B4_SOFT_GRAPH,0.3333333333333333,0.2857142857142857,0.6666666666666666,0.4,False,False
Q0104,3,OPCODE_3GRAM,CLEAN,B1_INDEPENDENT,0.1111111111111111,0.16666666666666666,0.3333333333333333,0.2222222222222222,False,False
Q0104,3,OPCODE_3GRAM,CLEAN,B2_EXACT_GLOBAL,0.1111111111111111,0.3333333333333333,0.3333333333333333,0.3333333333333333,False,False
Q0104,3,OPCODE_3GRAM,CLEAN,B3_HARD_COMPONENT,0.3333333333333333,0.5,0.3333333333333333,0.4,False,False
Q0104,3,OPCODE_3GRAM,CLEAN,B4_SOFT_GRAPH,0.0,0.0,0.0,0.0,False,False
Q0104,3,OPCODE_3GRAM,DROP30,B1_INDEPENDENT,0.1111111111111111,0.16666666666666666,0.3333333333333333,0.2222222222222222,False,False
Q0104,3,OPCODE_3GRAM,DROP30,B2_EXACT_GLOBAL,0.1111111111111111,0.3333333333333333,0.3333333333333333,0.3333333333333333,False,False
Q0104,3,OPCODE_3GRAM,DROP30,B3_HARD_COMPONENT,0.3333333333333333,0.25,0.3333333333333333,0.28571428571428575,False,False
Q0104,3,OPCODE_3GRAM,DROP30,B4_SOFT_GRAPH,0.0,0.0,0.0,0.0,False,False
Q0104,3,OPCODE_3GRAM,BRIDGE,B1_INDEPENDENT,0.1111111111111111,0.16666666666666666,0.3333333333333333,0.2222222222222222,False,False
Q0104,3,OPCODE_3GRAM,BRIDGE,B2_EXACT_GLOBAL,0.1111111111111111,0.3333333333333333,0.3333333333333333,0.3333333333333333,False,False
Q0104,3,OPCODE_3GRAM,BRIDGE,B3_HARD_COMPONENT,0.0,0.0,0.0,0.0,False,False
Q0104,3,OPCODE_3GRAM,BRIDGE,B4_SOFT_GRAPH,0.0,0.0,0.0,0.0,False,False
Q0104,3,OPCODE_3GRAM,DROP30_BRIDGE,B1_INDEPENDENT,0.1111111111111111,0.16666666666666666,0.3333333333333333,0.2222222222222222,False,False
Q0104,3,OPCODE_3GRAM,DROP30_BRIDGE,B2_EXACT_GLOBAL,0.1111111111111111,0.3333333333333333,0.3333333333333333,0.3333333333333333,False,False
Q0104,3,OPCODE_3GRAM,DROP30_BRIDGE,B3_HARD_COMPONENT,0.0,0.0,0.0,0.0,False,False
Q0104,3,OPCODE_3GRAM,DROP30_BRIDGE,B4_SOFT_GRAPH,0.0,0.0,0.0,0.0,False,False
Q0104,3,OPCODE_STRUCT,CLEAN,B1_INDEPENDENT,0.1111111111111111,0.14285714285714285,0.3333333333333333,0.2,False,False
Q0104,3,OPCODE_STRUCT,CLEAN,B2_EXACT_GLOBAL,0.1111111111111111,0.3333333333333333,0.3333333333333333,0.3333333333333333,False,False
Q0104,3,OPCODE_STRUCT,CLEAN,B3_HARD_COMPONENT,0.3333333333333333,0.3333333333333333,0.3333333333333333,0.3333333333333333,False,False
Q0104,3,OPCODE_STRUCT,CLEAN,B4_SOFT_GRAPH,0.3333333333333333,0.3333333333333333,0.3333333333333333,0.3333333333333333,False,False
Q0104,3,OPCODE_STRUCT,DROP30,B1_INDEPENDENT,0.1111111111111111,0.14285714285714285,0.3333333333333333,0.2,False,False
Q0104,3,OPCODE_STRUCT,DROP30,B2_EXACT_GLOBAL,0.1111111111111111,0.3333333333333333,0.3333333333333333,0.3333333333333333,False,False
Q0104,3,OPCODE_STRUCT,DROP30,B3_HARD_COMPONENT,0.3333333333333333,0.25,0.3333333333333333,0.28571428571428575,False,False
Q0104,3,OPCODE_STRUCT,DROP30,B4_SOFT_GRAPH,0.3333333333333333,0.25,0.3333333333333333,0.28571428571428575,False,False
Q0104,3,OPCODE_STRUCT,BRIDGE,B1_INDEPENDENT,0.1111111111111111,0.14285714285714285,0.3333333333333333,0.2,False,False
Q0104,3,OPCODE_STRUCT,BRIDGE,B2_EXACT_GLOBAL,0.1111111111111111,0.3333333333333333,0.3333333333333333,0.3333333333333333,False,False
Q0104,3,OPCODE_STRUCT,BRIDGE,B3_HARD_COMPONENT,0.0,0.0,0.0,0.0,False,False
Q0104,3,OPCODE_STRUCT,BRIDGE,B4_SOFT_GRAPH,0.3333333333333333,0.3333333333333333,0.3333333333333333,0.3333333333333333,False,False
Q0104,3,OPCODE_STRUCT,DROP30_BRIDGE,B1_INDEPENDENT,0.1111111111111111,0.14285714285714285,0.3333333333333333,0.2,False,False
Q0104,3,OPCODE_STRUCT,DROP30_BRIDGE,B2_EXACT_GLOBAL,0.1111111111111111,0.3333333333333333,0.3333333333333333,0.3333333333333333,False,False
Q0104,3,OPCODE_STRUCT,DROP30_BRIDGE,B3_HARD_COMPONENT,0.3333333333333333,0.3333333333333333,0.3333333333333333,0.3333333333333333,False,False
Q0104,3,OPCODE_STRUCT,DROP30_BRIDGE,B4_SOFT_GRAPH,0.3333333333333333,0.25,0.3333333333333333,0.28571428571428575,False,False
Q0104,3,OPCODE_CONTEXT,CLEAN,B1_INDEPENDENT,0.1111111111111111,0.16666666666666666,0.3333333333333333,0.2222222222222222,False,False
Q0104,3,OPCODE_CONTEXT,CLEAN,B2_EXACT_GLOBAL,0.1111111111111111,0.3333333333333333,0.3333333333333333,0.3333333333333333,False,False
Q0104,3,OPCODE_CONTEXT,CLEAN,B3_HARD_COMPONENT,0.3333333333333333,0.3333333333333333,0.3333333333333333,0.3333333333333333,False,False
Q0104,3,OPCODE_CONTEXT,CLEAN,B4_SOFT_GRAPH,0.1111111111111111,0.16666666666666666,0.3333333333333333,0.2222222222222222,False,False
Q0104,3,OPCODE_CONTEXT,DROP30,B1_INDEPENDENT,0.1111111111111111,0.16666666666666666,0.3333333333333333,0.2222222222222222,False,False
Q0104,3,OPCODE_CONTEXT,DROP30,B2_EXACT_GLOBAL,0.1111111111111111,0.3333333333333333,0.3333333333333333,0.3333333333333333,False,False
Q0104,3,OPCODE_CONTEXT,DROP30,B3_HARD_COMPONENT,0.3333333333333333,0.25,0.3333333333333333,0.28571428571428575,False,False
Q0104,3,OPCODE_CONTEXT,DROP30,B4_SOFT_GRAPH,0.1111111111111111,0.16666666666666666,0.3333333333333333,0.2222222222222222,False,False
Q0104,3,OPCODE_CONTEXT,BRIDGE,B1_INDEPENDENT,0.1111111111111111,0.16666666666666666,0.3333333333333333,0.2222222222222222,False,False
Q0104,3,OPCODE_CONTEXT,BRIDGE,B2_EXACT_GLOBAL,0.1111111111111111,0.3333333333333333,0.3333333333333333,0.3333333333333333,False,False
Q0104,3,OPCODE_CONTEXT,BRIDGE,B3_HARD_COMPONENT,0.0,0.0,0.0,0.0,False,False
Q0104,3,OPCODE_CONTEXT,BRIDGE,B4_SOFT_GRAPH,0.1111111111111111,0.16666666666666666,0.3333333333333333,0.2222222222222222,False,False
Q0104,3,OPCODE_CONTEXT,DROP30_BRIDGE,B1_INDEPENDENT,0.1111111111111111,0.16666666666666666,0.3333333333333333,0.2222222222222222,False,False
Q0104,3,OPCODE_CONTEXT,DROP30_BRIDGE,B2_EXACT_GLOBAL,0.1111111111111111,0.3333333333333333,0.3333333333333333,0.3333333333333333,False,False
Q0104,3,OPCODE_CONTEXT,DROP30_BRIDGE,B3_HARD_COMPONENT,0.0,0.0,0.0,0.0,False,False
Q0104,3,OPCODE_CONTEXT,DROP30_BRIDGE,B4_SOFT_GRAPH,0.1111111111111111,0.16666666666666666,0.3333333333333333,0.2222222222222222,False,False
Q0123,3,OPCODE_3GRAM,CLEAN,B1_INDEPENDENT,0.3333333333333333,0.3333333333333333,0.6666666666666666,0.4444444444444444,False,False
Q0123,3,OPCODE_3GRAM,CLEAN,B2_EXACT_GLOBAL,0.3333333333333333,0.6666666666666666,0.6666666666666666,0.6666666666666666,False,False
Q0123,3,OPCODE_3GRAM,CLEAN,B3_HARD_COMPONENT,0.6666666666666666,0.6666666666666666,0.6666666666666666,0.6666666666666666,False,False
Q0123,3,OPCODE_3GRAM,CLEAN,B4_SOFT_GRAPH,0.0,0.0,0.0,0.0,False,False
Q0123,3,OPCODE_3GRAM,DROP30,B1_INDEPENDENT,0.3333333333333333,0.3333333333333333,0.6666666666666666,0.4444444444444444,False,False
Q0123,3,OPCODE_3GRAM,DROP30,B2_EXACT_GLOBAL,0.3333333333333333,0.6666666666666666,0.6666666666666666,0.6666666666666666,False,False
Q0123,3,OPCODE_3GRAM,DROP30,B3_HARD_COMPONENT,0.4444444444444444,0.5,0.6666666666666666,0.5714285714285715,False,False
Q0123,3,OPCODE_3GRAM,DROP30,B4_SOFT_GRAPH,0.0,0.0,0.0,0.0,False,False
Q0123,3,OPCODE_3GRAM,BRIDGE,B1_INDEPENDENT,0.3333333333333333,0.3333333333333333,0.6666666666666666,0.4444444444444444,False,False
Q0123,3,OPCODE_3GRAM,BRIDGE,B2_EXACT_GLOBAL,0.3333333333333333,0.6666666666666666,0.6666666666666666,0.6666666666666666,False,False
Q0123,3,OPCODE_3GRAM,BRIDGE,B3_HARD_COMPONENT,0.0,0.0,0.0,0.0,False,False
Q0123,3,OPCODE_3GRAM,BRIDGE,B4_SOFT_GRAPH,0.0,0.0,0.0,0.0,False,False
Q0123,3,OPCODE_3GRAM,DROP30_BRIDGE,B1_INDEPENDENT,0.3333333333333333,0.3333333333333333,0.6666666666666666,0.4444444444444444,False,False
Q0123,3,OPCODE_3GRAM,DROP30_BRIDGE,B2_EXACT_GLOBAL,0.3333333333333333,0.6666666666666666,0.6666666666666666,0.6666666666666666,False,False
Q0123,3,OPCODE_3GRAM,DROP30_BRIDGE,B3_HARD_COMPONENT,0.4444444444444444,0.6666666666666666,0.6666666666666666,0.6666666666666666,False,False
Q0123,3,OPCODE_3GRAM,DROP30_BRIDGE,B4_SOFT_GRAPH,0.0,0.0,0.0,0.0,False,False
Q0123,3,OPCODE_STRUCT,CLEAN,B1_INDEPENDENT,0.4444444444444444,0.4,0.6666666666666666,0.5,False,False
Q0123,3,OPCODE_STRUCT,CLEAN,B2_EXACT_GLOBAL,0.5555555555555556,0.6666666666666666,0.6666666666666666,0.6666666666666666,False,False
Q0123,3,OPCODE_STRUCT,CLEAN,B3_HARD_COMPONENT,0.6666666666666666,0.6666666666666666,0.6666666666666666,0.6666666666666666,False,False
Q0123,3,OPCODE_STRUCT,CLEAN,B4_SOFT_GRAPH,0.0,0.0,0.0,0.0,False,False
Q0123,3,OPCODE_STRUCT,DROP30,B1_INDEPENDENT,0.4444444444444444,0.4,0.6666666666666666,0.5,False,False
Q0123,3,OPCODE_STRUCT,DROP30,B2_EXACT_GLOBAL,0.5555555555555556,0.6666666666666666,0.6666666666666666,0.6666666666666666,False,False
Q0123,3,OPCODE_STRUCT,DROP30,B3_HARD_COMPONENT,0.5555555555555556,0.5,0.6666666666666666,0.5714285714285715,False,False
Q0123,3,OPCODE_STRUCT,DROP30,B4_SOFT_GRAPH,0.0,0.25,0.3333333333333333,0.28571428571428575,False,False
Q0123,3,OPCODE_STRUCT,BRIDGE,B1_INDEPENDENT,0.4444444444444444,0.4,0.6666666666666666,0.5,False,False
Q0123,3,OPCODE_STRUCT,BRIDGE,B2_EXACT_GLOBAL,0.5555555555555556,0.6666666666666666,0.6666666666666666,0.6666666666666666,False,False
Q0123,3,OPCODE_STRUCT,BRIDGE,B3_HARD_COMPONENT,0.0,0.0,0.0,0.0,False,False
Q0123,3,OPCODE_STRUCT,BRIDGE,B4_SOFT_GRAPH,0.0,0.0,0.0,0.0,False,False
Q0123,3,OPCODE_STRUCT,DROP30_BRIDGE,B1_INDEPENDENT,0.4444444444444444,0.4,0.6666666666666666,0.5,False,False
Q0123,3,OPCODE_STRUCT,DROP30_BRIDGE,B2_EXACT_GLOBAL,0.5555555555555556,0.6666666666666666,0.6666666666666666,0.6666666666666666,False,False
Q0123,3,OPCODE_STRUCT,DROP30_BRIDGE,B3_HARD_COMPONENT,0.3333333333333333,0.5,0.3333333333333333,0.4,False,False
Q0123,3,OPCODE_STRUCT,DROP30_BRIDGE,B4_SOFT_GRAPH,0.0,0.5,0.3333333333333333,0.4,False,False
Q0123,3,OPCODE_CONTEXT,CLEAN,B1_INDEPENDENT,0.3333333333333333,0.6,1.0,0.7499999999999999,False,False
Q0123,3,OPCODE_CONTEXT,CLEAN,B2_EXACT_GLOBAL,0.4444444444444444,0.6666666666666666,0.6666666666666666,0.6666666666666666,False,False
Q0123,3,OPCODE_CONTEXT,CLEAN,B3_HARD_COMPONENT,0.6666666666666666,0.6666666666666666,0.6666666666666666,0.6666666666666666,False,False
Q0123,3,OPCODE_CONTEXT,CLEAN,B4_SOFT_GRAPH,0.0,0.2,0.3333333333333333,0.25,False,False
Q0123,3,OPCODE_CONTEXT,DROP30,B1_INDEPENDENT,0.3333333333333333,0.6,1.0,0.7499999999999999,False,False
Q0123,3,OPCODE_CONTEXT,DROP30,B2_EXACT_GLOBAL,0.4444444444444444,0.6666666666666666,0.6666666666666666,0.6666666666666666,False,False
Q0123,3,OPCODE_CONTEXT,DROP30,B3_HARD_COMPONENT,0.5555555555555556,0.6666666666666666,0.6666666666666666,0.6666666666666666,False,False
Q0123,3,OPCODE_CONTEXT,DROP30,B4_SOFT_GRAPH,0.0,0.2,0.3333333333333333,0.25,False,False
Q0123,3,OPCODE_CONTEXT,BRIDGE,B1_INDEPENDENT,0.3333333333333333,0.6,1.0,0.7499999999999999,False,False
Q0123,3,OPCODE_CONTEXT,BRIDGE,B2_EXACT_GLOBAL,0.4444444444444444,0.6666666666666666,0.6666666666666666,0.6666666666666666,False,False
Q0123,3,OPCODE_CONTEXT,BRIDGE,B3_HARD_COMPONENT,0.0,0.0,0.0,0.0,False,False
Q0123,3,OPCODE_CONTEXT,BRIDGE,B4_SOFT_GRAPH,0.0,0.2,0.3333333333333333,0.25,False,False
Q0123,3,OPCODE_CONTEXT,DROP30_BRIDGE,B1_INDEPENDENT,0.3333333333333333,0.6,1.0,0.7499999999999999,False,False
Q0123,3,OPCODE_CONTEXT,DROP30_BRIDGE,B2_EXACT_GLOBAL,0.4444444444444444,0.6666666666666666,0.6666666666666666,0.6666666666666666,False,False
Q0123,3,OPCODE_CONTEXT,DROP30_BRIDGE,B3_HARD_COMPONENT,0.1111111111111111,0.5,0.3333333333333333,0.4,False,False
Q0123,3,OPCODE_CONTEXT,DROP30_BRIDGE,B4_SOFT_GRAPH,0.0,0.2,0.3333333333333333,0.25,False,False
Q0147,3,OPCODE_3GRAM,CLEAN,B1_INDEPENDENT,0.2222222222222222,0.16666666666666666,0.3333333333333333,0.2222222222222222,False,False
Q0147,3,OPCODE_3GRAM,CLEAN,B2_EXACT_GLOBAL,0.2222222222222222,0.3333333333333333,0.3333333333333333,0.3333333333333333,False,False
Q0147,3,OPCODE_3GRAM,CLEAN,B3_HARD_COMPONENT,0.3333333333333333,0.3333333333333333,0.3333333333333333,0.3333333333333333,False,False
Q0147,3,OPCODE_3GRAM,CLEAN,B4_SOFT_GRAPH,0.2222222222222222,0.5,0.3333333333333333,0.4,False,False
Q0147,3,OPCODE_3GRAM,DROP30,B1_INDEPENDENT,0.2222222222222222,0.16666666666666666,0.3333333333333333,0.2222222222222222,False,False
Q0147,3,OPCODE_3GRAM,DROP30,B2_EXACT_GLOBAL,0.2222222222222222,0.3333333333333333,0.3333333333333333,0.3333333333333333,False,False
Q0147,3,OPCODE_3GRAM,DROP30,B3_HARD_COMPONENT,0.3333333333333333,0.25,0.3333333333333333,0.28571428571428575,False,False
Q0147,3,OPCODE_3GRAM,DROP30,B4_SOFT_GRAPH,0.2222222222222222,0.2,0.3333333333333333,0.25,False,False
Q0147,3,OPCODE_3GRAM,BRIDGE,B1_INDEPENDENT,0.2222222222222222,0.16666666666666666,0.3333333333333333,0.2222222222222222,False,False
Q0147,3,OPCODE_3GRAM,BRIDGE,B2_EXACT_GLOBAL,0.2222222222222222,0.3333333333333333,0.3333333333333333,0.3333333333333333,False,False
Q0147,3,OPCODE_3GRAM,BRIDGE,B3_HARD_COMPONENT,0.3333333333333333,1.0,0.3333333333333333,0.5,False,False
Q0147,3,OPCODE_3GRAM,BRIDGE,B4_SOFT_GRAPH,0.2222222222222222,0.5,0.3333333333333333,0.4,False,False
Q0147,3,OPCODE_3GRAM,DROP30_BRIDGE,B1_INDEPENDENT,0.2222222222222222,0.16666666666666666,0.3333333333333333,0.2222222222222222,False,False
Q0147,3,OPCODE_3GRAM,DROP30_BRIDGE,B2_EXACT_GLOBAL,0.2222222222222222,0.3333333333333333,0.3333333333333333,0.3333333333333333,False,False
Q0147,3,OPCODE_3GRAM,DROP30_BRIDGE,B3_HARD_COMPONENT,0.3333333333333333,0.3333333333333333,0.3333333333333333,0.3333333333333333,False,False
Q0147,3,OPCODE_3GRAM,DROP30_BRIDGE,B4_SOFT_GRAPH,0.2222222222222222,0.25,0.3333333333333333,0.28571428571428575,False,False
Q0147,3,OPCODE_STRUCT,CLEAN,B1_INDEPENDENT,0.2222222222222222,0.14285714285714285,0.3333333333333333,0.2,False,False
Q0147,3,OPCODE_STRUCT,CLEAN,B2_EXACT_GLOBAL,0.2222222222222222,0.3333333333333333,0.3333333333333333,0.3333333333333333,False,False
Q0147,3,OPCODE_STRUCT,CLEAN,B3_HARD_COMPONENT,0.3333333333333333,0.3333333333333333,0.3333333333333333,0.3333333333333333,False,False
Q0147,3,OPCODE_STRUCT,CLEAN,B4_SOFT_GRAPH,0.0,0.0,0.0,0.0,False,False
Q0147,3,OPCODE_STRUCT,DROP30,B1_INDEPENDENT,0.2222222222222222,0.14285714285714285,0.3333333333333333,0.2,False,False
Q0147,3,OPCODE_STRUCT,DROP30,B2_EXACT_GLOBAL,0.2222222222222222,0.3333333333333333,0.3333333333333333,0.3333333333333333,False,False
Q0147,3,OPCODE_STRUCT,DROP30,B3_HARD_COMPONENT,0.3333333333333333,0.25,0.3333333333333333,0.28571428571428575,False,False
Q0147,3,OPCODE_STRUCT,DROP30,B4_SOFT_GRAPH,0.0,0.0,0.0,0.0,False,False
Q0147,3,OPCODE_STRUCT,BRIDGE,B1_INDEPENDENT,0.2222222222222222,0.14285714285714285,0.3333333333333333,0.2,False,False
Q0147,3,OPCODE_STRUCT,BRIDGE,B2_EXACT_GLOBAL,0.2222222222222222,0.3333333333333333,0.3333333333333333,0.3333333333333333,False,False
Q0147,3,OPCODE_STRUCT,BRIDGE,B3_HARD_COMPONENT,0.0,0.0,0.0,0.0,False,False
Q0147,3,OPCODE_STRUCT,BRIDGE,B4_SOFT_GRAPH,0.0,0.0,0.0,0.0,False,False
Q0147,3,OPCODE_STRUCT,DROP30_BRIDGE,B1_INDEPENDENT,0.2222222222222222,0.14285714285714285,0.3333333333333333,0.2,False,False
Q0147,3,OPCODE_STRUCT,DROP30_BRIDGE,B2_EXACT_GLOBAL,0.2222222222222222,0.3333333333333333,0.3333333333333333,0.3333333333333333,False,False
Q0147,3,OPCODE_STRUCT,DROP30_BRIDGE,B3_HARD_COMPONENT,0.0,0.0,0.0,0.0,False,False
Q0147,3,OPCODE_STRUCT,DROP30_BRIDGE,B4_SOFT_GRAPH,0.0,0.0,0.0,0.0,False,False
Q0147,3,OPCODE_CONTEXT,CLEAN,B1_INDEPENDENT,0.2222222222222222,0.16666666666666666,0.3333333333333333,0.2222222222222222,False,False
Q0147,3,OPCODE_CONTEXT,CLEAN,B2_EXACT_GLOBAL,0.2222222222222222,0.3333333333333333,0.3333333333333333,0.3333333333333333,False,False
Q0147,3,OPCODE_CONTEXT,CLEAN,B3_HARD_COMPONENT,0.3333333333333333,0.3333333333333333,0.3333333333333333,0.3333333333333333,False,False
Q0147,3,OPCODE_CONTEXT,CLEAN,B4_SOFT_GRAPH,0.2222222222222222,0.25,0.3333333333333333,0.28571428571428575,False,False
Q0147,3,OPCODE_CONTEXT,DROP30,B1_INDEPENDENT,0.2222222222222222,0.16666666666666666,0.3333333333333333,0.2222222222222222,False,False
Q0147,3,OPCODE_CONTEXT,DROP30,B2_EXACT_GLOBAL,0.2222222222222222,0.3333333333333333,0.3333333333333333,0.3333333333333333,False,False
Q0147,3,OPCODE_CONTEXT,DROP30,B3_HARD_COMPONENT,0.3333333333333333,0.2,0.3333333333333333,0.25,False,False
Q0147,3,OPCODE_CONTEXT,DROP30,B4_SOFT_GRAPH,0.2222222222222222,0.25,0.3333333333333333,0.28571428571428575,False,False
Q0147,3,OPCODE_CONTEXT,BRIDGE,B1_INDEPENDENT,0.2222222222222222,0.16666666666666666,0.3333333333333333,0.2222222222222222,False,False
Q0147,3,OPCODE_CONTEXT,BRIDGE,B2_EXACT_GLOBAL,0.2222222222222222,0.3333333333333333,0.3333333333333333,0.3333333333333333,False,False
Q0147,3,OPCODE_CONTEXT,BRIDGE,B3_HARD_COMPONENT,0.0,0.0,0.0,0.0,False,False
Q0147,3,OPCODE_CONTEXT,BRIDGE,B4_SOFT_GRAPH,0.2222222222222222,0.25,0.3333333333333333,0.28571428571428575,False,False
Q0147,3,OPCODE_CONTEXT,DROP30_BRIDGE,B1_INDEPENDENT,0.2222222222222222,0.16666666666666666,0.3333333333333333,0.2222222222222222,False,False
Q0147,3,OPCODE_CONTEXT,DROP30_BRIDGE,B2_EXACT_GLOBAL,0.2222222222222222,0.3333333333333333,0.3333333333333333,0.3333333333333333,False,False
Q0147,3,OPCODE_CONTEXT,DROP30_BRIDGE,B3_HARD_COMPONENT,0.0,0.0,0.0,0.0,False,False
Q0147,3,OPCODE_CONTEXT,DROP30_BRIDGE,B4_SOFT_GRAPH,0.2222222222222222,0.25,0.3333333333333333,0.28571428571428575,False,False
Q0125,3,OPCODE_3GRAM,CLEAN,B1_INDEPENDENT,0.2222222222222222,0.16666666666666666,0.3333333333333333,0.2222222222222222,False,False
Q0125,3,OPCODE_3GRAM,CLEAN,B2_EXACT_GLOBAL,0.2222222222222222,0.3333333333333333,0.3333333333333333,0.3333333333333333,False,False
Q0125,3,OPCODE_3GRAM,CLEAN,B3_HARD_COMPONENT,0.3333333333333333,0.3333333333333333,0.3333333333333333,0.3333333333333333,False,False
Q0125,3,OPCODE_3GRAM,CLEAN,B4_SOFT_GRAPH,0.0,0.0,0.0,0.0,False,False
Q0125,3,OPCODE_3GRAM,DROP30,B1_INDEPENDENT,0.2222222222222222,0.16666666666666666,0.3333333333333333,0.2222222222222222,False,False
Q0125,3,OPCODE_3GRAM,DROP30,B2_EXACT_GLOBAL,0.2222222222222222,0.3333333333333333,0.3333333333333333,0.3333333333333333,False,False
Q0125,3,OPCODE_3GRAM,DROP30,B3_HARD_COMPONENT,0.3333333333333333,0.3333333333333333,0.3333333333333333,0.3333333333333333,False,False
Q0125,3,OPCODE_3GRAM,DROP30,B4_SOFT_GRAPH,0.0,0.0,0.0,0.0,False,False
Q0125,3,OPCODE_3GRAM,BRIDGE,B1_INDEPENDENT,0.2222222222222222,0.16666666666666666,0.3333333333333333,0.2222222222222222,False,False
Q0125,3,OPCODE_3GRAM,BRIDGE,B2_EXACT_GLOBAL,0.2222222222222222,0.3333333333333333,0.3333333333333333,0.3333333333333333,False,False
Q0125,3,OPCODE_3GRAM,BRIDGE,B3_HARD_COMPONENT,0.3333333333333333,1.0,0.3333333333333333,0.5,False,False
Q0125,3,OPCODE_3GRAM,BRIDGE,B4_SOFT_GRAPH,0.0,0.0,0.0,0.0,False,False
Q0125,3,OPCODE_3GRAM,DROP30_BRIDGE,B1_INDEPENDENT,0.2222222222222222,0.16666666666666666,0.3333333333333333,0.2222222222222222,False,False
Q0125,3,OPCODE_3GRAM,DROP30_BRIDGE,B2_EXACT_GLOBAL,0.2222222222222222,0.3333333333333333,0.3333333333333333,0.3333333333333333,False,False
Q0125,3,OPCODE_3GRAM,DROP30_BRIDGE,B3_HARD_COMPONENT,0.2222222222222222,0.3333333333333333,0.3333333333333333,0.3333333333333333,False,False
Q0125,3,OPCODE_3GRAM,DROP30_BRIDGE,B4_SOFT_GRAPH,0.0,0.0,0.0,0.0,False,False
Q0125,3,OPCODE_STRUCT,CLEAN,B1_INDEPENDENT,0.2222222222222222,0.16666666666666666,0.3333333333333333,0.2222222222222222,False,False
Q0125,3,OPCODE_STRUCT,CLEAN,B2_EXACT_GLOBAL,0.2222222222222222,0.3333333333333333,0.3333333333333333,0.3333333333333333,False,False
Q0125,3,OPCODE_STRUCT,CLEAN,B3_HARD_COMPONENT,0.3333333333333333,0.3333333333333333,0.3333333333333333,0.3333333333333333,False,False
Q0125,3,OPCODE_STRUCT,CLEAN,B4_SOFT_GRAPH,0.2222222222222222,0.3333333333333333,0.3333333333333333,0.3333333333333333,False,False
Q0125,3,OPCODE_STRUCT,DROP30,B1_INDEPENDENT,0.2222222222222222,0.16666666666666666,0.3333333333333333,0.2222222222222222,False,False
Q0125,3,OPCODE_STRUCT,DROP30,B2_EXACT_GLOBAL,0.2222222222222222,0.3333333333333333,0.3333333333333333,0.3333333333333333,False,False
Q0125,3,OPCODE_STRUCT,DROP30,B3_HARD_COMPONENT,0.3333333333333333,0.25,0.3333333333333333,0.28571428571428575,False,False
Q0125,3,OPCODE_STRUCT,DROP30,B4_SOFT_GRAPH,0.2222222222222222,0.25,0.3333333333333333,0.28571428571428575,False,False
Q0125,3,OPCODE_STRUCT,BRIDGE,B1_INDEPENDENT,0.2222222222222222,0.16666666666666666,0.3333333333333333,0.2222222222222222,False,False
Q0125,3,OPCODE_STRUCT,BRIDGE,B2_EXACT_GLOBAL,0.2222222222222222,0.3333333333333333,0.3333333333333333,0.3333333333333333,False,False
Q0125,3,OPCODE_STRUCT,BRIDGE,B3_HARD_COMPONENT,0.3333333333333333,1.0,0.3333333333333333,0.5,False,False
Q0125,3,OPCODE_STRUCT,BRIDGE,B4_SOFT_GRAPH,0.2222222222222222,0.3333333333333333,0.3333333333333333,0.3333333333333333,False,False
Q0125,3,OPCODE_STRUCT,DROP30_BRIDGE,B1_INDEPENDENT,0.2222222222222222,0.16666666666666666,0.3333333333333333,0.2222222222222222,False,False
Q0125,3,OPCODE_STRUCT,DROP30_BRIDGE,B2_EXACT_GLOBAL,0.2222222222222222,0.3333333333333333,0.3333333333333333,0.3333333333333333,False,False
Q0125,3,OPCODE_STRUCT,DROP30_BRIDGE,B3_HARD_COMPONENT,0.2222222222222222,0.5,0.3333333333333333,0.4,False,False
Q0125,3,OPCODE_STRUCT,DROP30_BRIDGE,B4_SOFT_GRAPH,0.2222222222222222,0.3333333333333333,0.3333333333333333,0.3333333333333333,False,False
Q0125,3,OPCODE_CONTEXT,CLEAN,B1_INDEPENDENT,0.2222222222222222,0.2,0.3333333333333333,0.25,False,False
Q0125,3,OPCODE_CONTEXT,CLEAN,B2_EXACT_GLOBAL,0.2222222222222222,0.3333333333333333,0.3333333333333333,0.3333333333333333,False,False
Q0125,3,OPCODE_CONTEXT,CLEAN,B3_HARD_COMPONENT,0.3333333333333333,0.3333333333333333,0.3333333333333333,0.3333333333333333,False,False
Q0125,3,OPCODE_CONTEXT,CLEAN,B4_SOFT_GRAPH,0.0,0.0,0.0,0.0,False,False
Q0125,3,OPCODE_CONTEXT,DROP30,B1_INDEPENDENT,0.2222222222222222,0.2,0.3333333333333333,0.25,False,False
Q0125,3,OPCODE_CONTEXT,DROP30,B2_EXACT_GLOBAL,0.2222222222222222,0.3333333333333333,0.3333333333333333,0.3333333333333333,False,False
Q0125,3,OPCODE_CONTEXT,DROP30,B3_HARD_COMPONENT,0.3333333333333333,0.2,0.3333333333333333,0.25,False,False
Q0125,3,OPCODE_CONTEXT,DROP30,B4_SOFT_GRAPH,0.0,0.0,0.0,0.0,False,False
Q0125,3,OPCODE_CONTEXT,BRIDGE,B1_INDEPENDENT,0.2222222222222222,0.2,0.3333333333333333,0.25,False,False
Q0125,3,OPCODE_CONTEXT,BRIDGE,B2_EXACT_GLOBAL,0.2222222222222222,0.3333333333333333,0.3333333333333333,0.3333333333333333,False,False
Q0125,3,OPCODE_CONTEXT,BRIDGE,B3_HARD_COMPONENT,0.3333333333333333,1.0,0.3333333333333333,0.5,False,False
Q0125,3,OPCODE_CONTEXT,BRIDGE,B4_SOFT_GRAPH,0.0,0.0,0.0,0.0,False,False
Q0125,3,OPCODE_CONTEXT,DROP30_BRIDGE,B1_INDEPENDENT,0.2222222222222222,0.2,0.3333333333333333,0.25,False,False
Q0125,3,OPCODE_CONTEXT,DROP30_BRIDGE,B2_EXACT_GLOBAL,0.2222222222222222,0.3333333333333333,0.3333333333333333,0.3333333333333333,False,False
Q0125,3,OPCODE_CONTEXT,DROP30_BRIDGE,B3_HARD_COMPONENT,0.2222222222222222,0.3333333333333333,0.3333333333333333,0.3333333333333333,False,False
Q0125,3,OPCODE_CONTEXT,DROP30_BRIDGE,B4_SOFT_GRAPH,0.0,0.0,0.0,0.0,False,False
Q0129,3,OPCODE_3GRAM,CLEAN,B1_INDEPENDENT,0.2222222222222222,0.4,0.6666666666666666,0.5,False,False
Q0129,3,OPCODE_3GRAM,CLEAN,B2_EXACT_GLOBAL,0.2222222222222222,0.3333333333333333,0.3333333333333333,0.3333333333333333,False,False
Q0129,3,OPCODE_3GRAM,CLEAN,B3_HARD_COMPONENT,0.3333333333333333,0.5,0.3333333333333333,0.4,False,False
Q0129,3,OPCODE_3GRAM,CLEAN,B4_SOFT_GRAPH,0.3333333333333333,1.0,0.3333333333333333,0.5,False,False
Q0129,3,OPCODE_3GRAM,DROP30,B1_INDEPENDENT,0.2222222222222222,0.4,0.6666666666666666,0.5,False,False
Q0129,3,OPCODE_3GRAM,DROP30,B2_EXACT_GLOBAL,0.2222222222222222,0.3333333333333333,0.3333333333333333,0.3333333333333333,False,False
Q0129,3,OPCODE_3GRAM,DROP30,B3_HARD_COMPONENT,0.3333333333333333,0.3333333333333333,0.3333333333333333,0.3333333333333333,False,False
Q0129,3,OPCODE_3GRAM,DROP30,B4_SOFT_GRAPH,0.3333333333333333,0.5,0.3333333333333333,0.4,False,False
Q0129,3,OPCODE_3GRAM,BRIDGE,B1_INDEPENDENT,0.2222222222222222,0.4,0.6666666666666666,0.5,False,False
Q0129,3,OPCODE_3GRAM,BRIDGE,B2_EXACT_GLOBAL,0.2222222222222222,0.3333333333333333,0.3333333333333333,0.3333333333333333,False,False
Q0129,3,OPCODE_3GRAM,BRIDGE,B3_HARD_COMPONENT,0.3333333333333333,1.0,0.3333333333333333,0.5,False,False
Q0129,3,OPCODE_3GRAM,BRIDGE,B4_SOFT_GRAPH,0.3333333333333333,1.0,0.3333333333333333,0.5,False,False
Q0129,3,OPCODE_3GRAM,DROP30_BRIDGE,B1_INDEPENDENT,0.2222222222222222,0.4,0.6666666666666666,0.5,False,False
Q0129,3,OPCODE_3GRAM,DROP30_BRIDGE,B2_EXACT_GLOBAL,0.2222222222222222,0.3333333333333333,0.3333333333333333,0.3333333333333333,False,False
Q0129,3,OPCODE_3GRAM,DROP30_BRIDGE,B3_HARD_COMPONENT,0.3333333333333333,0.5,0.6666666666666666,0.5714285714285715,False,False
Q0129,3,OPCODE_3GRAM,DROP30_BRIDGE,B4_SOFT_GRAPH,0.4444444444444444,1.0,0.6666666666666666,0.8,False,False
Q0129,3,OPCODE_STRUCT,CLEAN,B1_INDEPENDENT,0.2222222222222222,0.25,0.6666666666666666,0.36363636363636365,False,False
Q0129,3,OPCODE_STRUCT,CLEAN,B2_EXACT_GLOBAL,0.1111111111111111,0.3333333333333333,0.3333333333333333,0.3333333333333333,False,False
Q0129,3,OPCODE_STRUCT,CLEAN,B3_HARD_COMPONENT,0.3333333333333333,0.3333333333333333,0.3333333333333333,0.3333333333333333,False,False
Q0129,3,OPCODE_STRUCT,CLEAN,B4_SOFT_GRAPH,0.1111111111111111,0.6666666666666666,0.6666666666666666,0.6666666666666666,False,False
Q0129,3,OPCODE_STRUCT,DROP30,B1_INDEPENDENT,0.2222222222222222,0.25,0.6666666666666666,0.36363636363636365,False,False
Q0129,3,OPCODE_STRUCT,DROP30,B2_EXACT_GLOBAL,0.1111111111111111,0.3333333333333333,0.3333333333333333,0.3333333333333333,False,False
Q0129,3,OPCODE_STRUCT,DROP30,B3_HARD_COMPONENT,0.3333333333333333,0.2,0.3333333333333333,0.25,False,False
Q0129,3,OPCODE_STRUCT,DROP30,B4_SOFT_GRAPH,0.1111111111111111,0.3333333333333333,0.3333333333333333,0.3333333333333333,False,False
Q0129,3,OPCODE_STRUCT,BRIDGE,B1_INDEPENDENT,0.2222222222222222,0.25,0.6666666666666666,0.36363636363636365,False,False
Q0129,3,OPCODE_STRUCT,BRIDGE,B2_EXACT_GLOBAL,0.1111111111111111,0.3333333333333333,0.3333333333333333,0.3333333333333333,False,False
Q0129,3,OPCODE_STRUCT,BRIDGE,B3_HARD_COMPONENT,0.0,0.0,0.0,0.0,False,False
Q0129,3,OPCODE_STRUCT,BRIDGE,B4_SOFT_GRAPH,0.1111111111111111,0.3333333333333333,0.3333333333333333,0.3333333333333333,False,False
Q0129,3,OPCODE_STRUCT,DROP30_BRIDGE,B1_INDEPENDENT,0.2222222222222222,0.25,0.6666666666666666,0.36363636363636365,False,False
Q0129,3,OPCODE_STRUCT,DROP30_BRIDGE,B2_EXACT_GLOBAL,0.1111111111111111,0.3333333333333333,0.3333333333333333,0.3333333333333333,False,False
Q0129,3,OPCODE_STRUCT,DROP30_BRIDGE,B3_HARD_COMPONENT,0.3333333333333333,0.5,0.6666666666666666,0.5714285714285715,False,False
Q0129,3,OPCODE_STRUCT,DROP30_BRIDGE,B4_SOFT_GRAPH,0.1111111111111111,0.25,0.3333333333333333,0.28571428571428575,False,False
Q0129,3,OPCODE_CONTEXT,CLEAN,B1_INDEPENDENT,0.3333333333333333,0.4,0.6666666666666666,0.5,False,False
Q0129,3,OPCODE_CONTEXT,CLEAN,B2_EXACT_GLOBAL,0.2222222222222222,0.3333333333333333,0.3333333333333333,0.3333333333333333,False,False
Q0129,3,OPCODE_CONTEXT,CLEAN,B3_HARD_COMPONENT,0.0,0.0,0.0,0.0,False,False
Q0129,3,OPCODE_CONTEXT,CLEAN,B4_SOFT_GRAPH,0.3333333333333333,0.4,0.6666666666666666,0.5,False,False
Q0129,3,OPCODE_CONTEXT,DROP30,B1_INDEPENDENT,0.3333333333333333,0.4,0.6666666666666666,0.5,False,False
Q0129,3,OPCODE_CONTEXT,DROP30,B2_EXACT_GLOBAL,0.2222222222222222,0.3333333333333333,0.3333333333333333,0.3333333333333333,False,False
Q0129,3,OPCODE_CONTEXT,DROP30,B3_HARD_COMPONENT,0.2222222222222222,0.25,0.3333333333333333,0.28571428571428575,False,False
Q0129,3,OPCODE_CONTEXT,DROP30,B4_SOFT_GRAPH,0.3333333333333333,0.4,0.6666666666666666,0.5,False,False
Q0129,3,OPCODE_CONTEXT,BRIDGE,B1_INDEPENDENT,0.3333333333333333,0.4,0.6666666666666666,0.5,False,False
Q0129,3,OPCODE_CONTEXT,BRIDGE,B2_EXACT_GLOBAL,0.2222222222222222,0.3333333333333333,0.3333333333333333,0.3333333333333333,False,False
Q0129,3,OPCODE_CONTEXT,BRIDGE,B3_HARD_COMPONENT,0.0,0.0,0.0,0.0,False,False
Q0129,3,OPCODE_CONTEXT,BRIDGE,B4_SOFT_GRAPH,0.3333333333333333,0.4,0.6666666666666666,0.5,False,False
Q0129,3,OPCODE_CONTEXT,DROP30_BRIDGE,B1_INDEPENDENT,0.3333333333333333,0.4,0.6666666666666666,0.5,False,False
Q0129,3,OPCODE_CONTEXT,DROP30_BRIDGE,B2_EXACT_GLOBAL,0.2222222222222222,0.3333333333333333,0.3333333333333333,0.3333333333333333,False,False
Q0129,3,OPCODE_CONTEXT,DROP30_BRIDGE,B3_HARD_COMPONENT,0.1111111111111111,0.3333333333333333,0.3333333333333333,0.3333333333333333,False,False
Q0129,3,OPCODE_CONTEXT,DROP30_BRIDGE,B4_SOFT_GRAPH,0.3333333333333333,0.4,0.6666666666666666,0.5,False,False
Q0128,3,OPCODE_3GRAM,CLEAN,B1_INDEPENDENT,0.4444444444444444,0.5,1.0,0.6666666666666666,False,False
Q0128,3,OPCODE_3GRAM,CLEAN,B2_EXACT_GLOBAL,0.4444444444444444,0.6666666666666666,0.6666666666666666,0.6666666666666666,False,False
Q0128,3,OPCODE_3GRAM,CLEAN,B3_HARD_COMPONENT,0.6666666666666666,0.6666666666666666,0.6666666666666666,0.6666666666666666,False,False
Q0128,3,OPCODE_3GRAM,CLEAN,B4_SOFT_GRAPH,0.3333333333333333,0.5,0.3333333333333333,0.4,False,False
Q0128,3,OPCODE_3GRAM,DROP30,B1_INDEPENDENT,0.4444444444444444,0.5,1.0,0.6666666666666666,False,False
Q0128,3,OPCODE_3GRAM,DROP30,B2_EXACT_GLOBAL,0.4444444444444444,0.6666666666666666,0.6666666666666666,0.6666666666666666,False,False
Q0128,3,OPCODE_3GRAM,DROP30,B3_HARD_COMPONENT,0.4444444444444444,0.75,1.0,0.8571428571428571,False,False
Q0128,3,OPCODE_3GRAM,DROP30,B4_SOFT_GRAPH,0.3333333333333333,0.5,0.6666666666666666,0.5714285714285715,False,False
Q0128,3,OPCODE_3GRAM,BRIDGE,B1_INDEPENDENT,0.4444444444444444,0.5,1.0,0.6666666666666666,False,False
Q0128,3,OPCODE_3GRAM,BRIDGE,B2_EXACT_GLOBAL,0.4444444444444444,0.6666666666666666,0.6666666666666666,0.6666666666666666,False,False
Q0128,3,OPCODE_3GRAM,BRIDGE,B3_HARD_COMPONENT,0.3333333333333333,1.0,0.3333333333333333,0.5,False,False
Q0128,3,OPCODE_3GRAM,BRIDGE,B4_SOFT_GRAPH,0.3333333333333333,0.5,0.3333333333333333,0.4,False,False
Q0128,3,OPCODE_3GRAM,DROP30_BRIDGE,B1_INDEPENDENT,0.4444444444444444,0.5,1.0,0.6666666666666666,False,False
Q0128,3,OPCODE_3GRAM,DROP30_BRIDGE,B2_EXACT_GLOBAL,0.4444444444444444,0.6666666666666666,0.6666666666666666,0.6666666666666666,False,False
Q0128,3,OPCODE_3GRAM,DROP30_BRIDGE,B3_HARD_COMPONENT,0.3333333333333333,1.0,0.6666666666666666,0.8,False,False
Q0128,3,OPCODE_3GRAM,DROP30_BRIDGE,B4_SOFT_GRAPH,0.3333333333333333,0.4,0.6666666666666666,0.5,False,False
Q0128,3,OPCODE_STRUCT,CLEAN,B1_INDEPENDENT,0.4444444444444444,0.5,1.0,0.6666666666666666,False,False
Q0128,3,OPCODE_STRUCT,CLEAN,B2_EXACT_GLOBAL,0.6666666666666666,0.6666666666666666,0.6666666666666666,0.6666666666666666,False,False
Q0128,3,OPCODE_STRUCT,CLEAN,B3_HARD_COMPONENT,0.6666666666666666,0.6666666666666666,0.6666666666666666,0.6666666666666666,False,False
Q0128,3,OPCODE_STRUCT,CLEAN,B4_SOFT_GRAPH,0.0,0.2,0.3333333333333333,0.25,False,False
Q0128,3,OPCODE_STRUCT,DROP30,B1_INDEPENDENT,0.4444444444444444,0.5,1.0,0.6666666666666666,False,False
Q0128,3,OPCODE_STRUCT,DROP30,B2_EXACT_GLOBAL,0.6666666666666666,0.6666666666666666,0.6666666666666666,0.6666666666666666,False,False
Q0128,3,OPCODE_STRUCT,DROP30,B3_HARD_COMPONENT,0.4444444444444444,0.6,1.0,0.7499999999999999,False,False
Q0128,3,OPCODE_STRUCT,DROP30,B4_SOFT_GRAPH,0.0,0.2,0.3333333333333333,0.25,False,False
Q0128,3,OPCODE_STRUCT,BRIDGE,B1_INDEPENDENT,0.4444444444444444,0.5,1.0,0.6666666666666666,False,False
Q0128,3,OPCODE_STRUCT,BRIDGE,B2_EXACT_GLOBAL,0.6666666666666666,0.6666666666666666,0.6666666666666666,0.6666666666666666,False,False
Q0128,3,OPCODE_STRUCT,BRIDGE,B3_HARD_COMPONENT,0.3333333333333333,1.0,0.3333333333333333,0.5,False,False
Q0128,3,OPCODE_STRUCT,BRIDGE,B4_SOFT_GRAPH,0.0,0.25,0.3333333333333333,0.28571428571428575,False,False
Q0128,3,OPCODE_STRUCT,DROP30_BRIDGE,B1_INDEPENDENT,0.4444444444444444,0.5,1.0,0.6666666666666666,False,False
Q0128,3,OPCODE_STRUCT,DROP30_BRIDGE,B2_EXACT_GLOBAL,0.6666666666666666,0.6666666666666666,0.6666666666666666,0.6666666666666666,False,False
Q0128,3,OPCODE_STRUCT,DROP30_BRIDGE,B3_HARD_COMPONENT,0.3333333333333333,0.5,0.3333333333333333,0.4,False,False
Q0128,3,OPCODE_STRUCT,DROP30_BRIDGE,B4_SOFT_GRAPH,0.0,0.0,0.0,0.0,False,False
Q0128,3,OPCODE_CONTEXT,CLEAN,B1_INDEPENDENT,0.5555555555555556,0.5,1.0,0.6666666666666666,False,False
Q0128,3,OPCODE_CONTEXT,CLEAN,B2_EXACT_GLOBAL,0.5555555555555556,0.6666666666666666,0.6666666666666666,0.6666666666666666,False,False
Q0128,3,OPCODE_CONTEXT,CLEAN,B3_HARD_COMPONENT,0.6666666666666666,0.6666666666666666,0.6666666666666666,0.6666666666666666,False,False
Q0128,3,OPCODE_CONTEXT,CLEAN,B4_SOFT_GRAPH,0.1111111111111111,0.2,0.3333333333333333,0.25,False,False
Q0128,3,OPCODE_CONTEXT,DROP30,B1_INDEPENDENT,0.5555555555555556,0.5,1.0,0.6666666666666666,False,False
Q0128,3,OPCODE_CONTEXT,DROP30,B2_EXACT_GLOBAL,0.5555555555555556,0.6666666666666666,0.6666666666666666,0.6666666666666666,False,False
Q0128,3,OPCODE_CONTEXT,DROP30,B3_HARD_COMPONENT,0.4444444444444444,0.6,1.0,0.7499999999999999,False,False
Q0128,3,OPCODE_CONTEXT,DROP30,B4_SOFT_GRAPH,0.1111111111111111,0.2,0.3333333333333333,0.25,False,False
Q0128,3,OPCODE_CONTEXT,BRIDGE,B1_INDEPENDENT,0.5555555555555556,0.5,1.0,0.6666666666666666,False,False
Q0128,3,OPCODE_CONTEXT,BRIDGE,B2_EXACT_GLOBAL,0.5555555555555556,0.6666666666666666,0.6666666666666666,0.6666666666666666,False,False
Q0128,3,OPCODE_CONTEXT,BRIDGE,B3_HARD_COMPONENT,0.0,0.0,0.0,0.0,False,False
Q0128,3,OPCODE_CONTEXT,BRIDGE,B4_SOFT_GRAPH,0.1111111111111111,0.2,0.3333333333333333,0.25,False,False
Q0128,3,OPCODE_CONTEXT,DROP30_BRIDGE,B1_INDEPENDENT,0.5555555555555556,0.5,1.0,0.6666666666666666,False,False
Q0128,3,OPCODE_CONTEXT,DROP30_BRIDGE,B2_EXACT_GLOBAL,0.5555555555555556,0.6666666666666666,0.6666666666666666,0.6666666666666666,False,False
Q0128,3,OPCODE_CONTEXT,DROP30_BRIDGE,B3_HARD_COMPONENT,0.3333333333333333,0.5,0.3333333333333333,0.4,False,False
Q0128,3,OPCODE_CONTEXT,DROP30_BRIDGE,B4_SOFT_GRAPH,0.1111111111111111,0.2,0.3333333333333333,0.25,False,False
Q0187,3,OPCODE_3GRAM,CLEAN,B1_INDEPENDENT,0.2222222222222222,0.3333333333333333,0.6666666666666666,0.4444444444444444,False,False
Q0187,3,OPCODE_3GRAM,CLEAN,B2_EXACT_GLOBAL,0.2222222222222222,0.3333333333333333,0.3333333333333333,0.3333333333333333,False,False
Q0187,3,OPCODE_3GRAM,CLEAN,B3_HARD_COMPONENT,0.3333333333333333,0.3333333333333333,0.3333333333333333,0.3333333333333333,False,False
Q0187,3,OPCODE_3GRAM,CLEAN,B4_SOFT_GRAPH,0.1111111111111111,0.5,0.3333333333333333,0.4,False,False
Q0187,3,OPCODE_3GRAM,DROP30,B1_INDEPENDENT,0.2222222222222222,0.3333333333333333,0.6666666666666666,0.4444444444444444,False,False
Q0187,3,OPCODE_3GRAM,DROP30,B2_EXACT_GLOBAL,0.2222222222222222,0.3333333333333333,0.3333333333333333,0.3333333333333333,False,False
Q0187,3,OPCODE_3GRAM,DROP30,B3_HARD_COMPONENT,0.3333333333333333,0.3333333333333333,0.3333333333333333,0.3333333333333333,False,False
Q0187,3,OPCODE_3GRAM,DROP30,B4_SOFT_GRAPH,0.1111111111111111,0.3333333333333333,0.3333333333333333,0.3333333333333333,False,False
Q0187,3,OPCODE_3GRAM,BRIDGE,B1_INDEPENDENT,0.2222222222222222,0.3333333333333333,0.6666666666666666,0.4444444444444444,False,False
Q0187,3,OPCODE_3GRAM,BRIDGE,B2_EXACT_GLOBAL,0.2222222222222222,0.3333333333333333,0.3333333333333333,0.3333333333333333,False,False
Q0187,3,OPCODE_3GRAM,BRIDGE,B3_HARD_COMPONENT,0.3333333333333333,1.0,0.3333333333333333,0.5,False,False
Q0187,3,OPCODE_3GRAM,BRIDGE,B4_SOFT_GRAPH,0.1111111111111111,0.5,0.3333333333333333,0.4,False,False
Q0187,3,OPCODE_3GRAM,DROP30_BRIDGE,B1_INDEPENDENT,0.2222222222222222,0.3333333333333333,0.6666666666666666,0.4444444444444444,False,False
Q0187,3,OPCODE_3GRAM,DROP30_BRIDGE,B2_EXACT_GLOBAL,0.2222222222222222,0.3333333333333333,0.3333333333333333,0.3333333333333333,False,False
Q0187,3,OPCODE_3GRAM,DROP30_BRIDGE,B3_HARD_COMPONENT,0.2222222222222222,0.5,0.3333333333333333,0.4,False,False
Q0187,3,OPCODE_3GRAM,DROP30_BRIDGE,B4_SOFT_GRAPH,0.1111111111111111,0.3333333333333333,0.3333333333333333,0.3333333333333333,False,False
Q0187,3,OPCODE_STRUCT,CLEAN,B1_INDEPENDENT,0.2222222222222222,0.4,0.6666666666666666,0.5,False,False
Q0187,3,OPCODE_STRUCT,CLEAN,B2_EXACT_GLOBAL,0.1111111111111111,0.3333333333333333,0.3333333333333333,0.3333333333333333,False,False
Q0187,3,OPCODE_STRUCT,CLEAN,B3_HARD_COMPONENT,0.3333333333333333,0.3333333333333333,0.3333333333333333,0.3333333333333333,False,False
Q0187,3,OPCODE_STRUCT,CLEAN,B4_SOFT_GRAPH,0.1111111111111111,0.3333333333333333,0.3333333333333333,0.3333333333333333,False,False
Q0187,3,OPCODE_STRUCT,DROP30,B1_INDEPENDENT,0.2222222222222222,0.4,0.6666666666666666,0.5,False,False
Q0187,3,OPCODE_STRUCT,DROP30,B2_EXACT_GLOBAL,0.1111111111111111,0.3333333333333333,0.3333333333333333,0.3333333333333333,False,False
Q0187,3,OPCODE_STRUCT,DROP30,B3_HARD_COMPONENT,0.1111111111111111,0.3333333333333333,0.3333333333333333,0.3333333333333333,False,False
Q0187,3,OPCODE_STRUCT,DROP30,B4_SOFT_GRAPH,0.1111111111111111,0.3333333333333333,0.3333333333333333,0.3333333333333333,False,False
Q0187,3,OPCODE_STRUCT,BRIDGE,B1_INDEPENDENT,0.2222222222222222,0.4,0.6666666666666666,0.5,False,False
Q0187,3,OPCODE_STRUCT,BRIDGE,B2_EXACT_GLOBAL,0.1111111111111111,0.3333333333333333,0.3333333333333333,0.3333333333333333,False,False
Q0187,3,OPCODE_STRUCT,BRIDGE,B3_HARD_COMPONENT,0.0,0.0,0.0,0.0,False,False
Q0187,3,OPCODE_STRUCT,BRIDGE,B4_SOFT_GRAPH,0.1111111111111111,0.3333333333333333,0.3333333333333333,0.3333333333333333,False,False
Q0187,3,OPCODE_STRUCT,DROP30_BRIDGE,B1_INDEPENDENT,0.2222222222222222,0.4,0.6666666666666666,0.5,False,False
Q0187,3,OPCODE_STRUCT,DROP30_BRIDGE,B2_EXACT_GLOBAL,0.1111111111111111,0.3333333333333333,0.3333333333333333,0.3333333333333333,False,False
Q0187,3,OPCODE_STRUCT,DROP30_BRIDGE,B3_HARD_COMPONENT,0.0,0.0,0.0,0.0,False,False
Q0187,3,OPCODE_STRUCT,DROP30_BRIDGE,B4_SOFT_GRAPH,0.1111111111111111,0.3333333333333333,0.3333333333333333,0.3333333333333333,False,False
Q0187,3,OPCODE_CONTEXT,CLEAN,B1_INDEPENDENT,0.3333333333333333,0.2857142857142857,0.6666666666666666,0.4,False,False
Q0187,3,OPCODE_CONTEXT,CLEAN,B2_EXACT_GLOBAL,0.3333333333333333,0.6666666666666666,0.6666666666666666,0.6666666666666666,False,False
Q0187,3,OPCODE_CONTEXT,CLEAN,B3_HARD_COMPONENT,0.3333333333333333,0.3333333333333333,0.3333333333333333,0.3333333333333333,False,False
Q0187,3,OPCODE_CONTEXT,CLEAN,B4_SOFT_GRAPH,0.3333333333333333,0.4,0.6666666666666666,0.5,False,False
Q0187,3,OPCODE_CONTEXT,DROP30,B1_INDEPENDENT,0.3333333333333333,0.2857142857142857,0.6666666666666666,0.4,False,False
Q0187,3,OPCODE_CONTEXT,DROP30,B2_EXACT_GLOBAL,0.3333333333333333,0.6666666666666666,0.6666666666666666,0.6666666666666666,False,False
Q0187,3,OPCODE_CONTEXT,DROP30,B3_HARD_COMPONENT,0.5555555555555556,0.4,0.6666666666666666,0.5,False,False
Q0187,3,OPCODE_CONTEXT,DROP30,B4_SOFT_GRAPH,0.3333333333333333,0.4,0.6666666666666666,0.5,False,False
Q0187,3,OPCODE_CONTEXT,BRIDGE,B1_INDEPENDENT,0.3333333333333333,0.2857142857142857,0.6666666666666666,0.4,False,False
Q0187,3,OPCODE_CONTEXT,BRIDGE,B2_EXACT_GLOBAL,0.3333333333333333,0.6666666666666666,0.6666666666666666,0.6666666666666666,False,False
Q0187,3,OPCODE_CONTEXT,BRIDGE,B3_HARD_COMPONENT,0.3333333333333333,1.0,0.3333333333333333,0.5,False,False
Q0187,3,OPCODE_CONTEXT,BRIDGE,B4_SOFT_GRAPH,0.3333333333333333,0.4,0.6666666666666666,0.5,False,False
Q0187,3,OPCODE_CONTEXT,DROP30_BRIDGE,B1_INDEPENDENT,0.3333333333333333,0.2857142857142857,0.6666666666666666,0.4,False,False
Q0187,3,OPCODE_CONTEXT,DROP30_BRIDGE,B2_EXACT_GLOBAL,0.3333333333333333,0.6666666666666666,0.6666666666666666,0.6666666666666666,False,False
Q0187,3,OPCODE_CONTEXT,DROP30_BRIDGE,B3_HARD_COMPONENT,0.2222222222222222,0.3333333333333333,0.3333333333333333,0.3333333333333333,False,False
Q0187,3,OPCODE_CONTEXT,DROP30_BRIDGE,B4_SOFT_GRAPH,0.3333333333333333,0.4,0.6666666666666666,0.5,False,False
Q0150,3,OPCODE_3GRAM,CLEAN,B1_INDEPENDENT,0.3333333333333333,0.5,1.0,0.6666666666666666,False,False
Q0150,3,OPCODE_3GRAM,CLEAN,B2_EXACT_GLOBAL,0.1111111111111111,0.3333333333333333,0.3333333333333333,0.3333333333333333,False,False
Q0150,3,OPCODE_3GRAM,CLEAN,B3_HARD_COMPONENT,0.6666666666666666,0.6666666666666666,0.6666666666666666,0.6666666666666666,False,False
Q0150,3,OPCODE_3GRAM,CLEAN,B4_SOFT_GRAPH,0.2222222222222222,0.4,0.6666666666666666,0.5,False,False
Q0150,3,OPCODE_3GRAM,DROP30,B1_INDEPENDENT,0.3333333333333333,0.5,1.0,0.6666666666666666,False,False
Q0150,3,OPCODE_3GRAM,DROP30,B2_EXACT_GLOBAL,0.1111111111111111,0.3333333333333333,0.3333333333333333,0.3333333333333333,False,False
Q0150,3,OPCODE_3GRAM,DROP30,B3_HARD_COMPONENT,0.4444444444444444,0.4,0.6666666666666666,0.5,False,False
Q0150,3,OPCODE_3GRAM,DROP30,B4_SOFT_GRAPH,0.2222222222222222,0.4,0.6666666666666666,0.5,False,False
Q0150,3,OPCODE_3GRAM,BRIDGE,B1_INDEPENDENT,0.3333333333333333,0.5,1.0,0.6666666666666666,False,False
Q0150,3,OPCODE_3GRAM,BRIDGE,B2_EXACT_GLOBAL,0.1111111111111111,0.3333333333333333,0.3333333333333333,0.3333333333333333,False,False
Q0150,3,OPCODE_3GRAM,BRIDGE,B3_HARD_COMPONENT,0.3333333333333333,1.0,0.3333333333333333,0.5,False,False
Q0150,3,OPCODE_3GRAM,BRIDGE,B4_SOFT_GRAPH,0.1111111111111111,0.25,0.3333333333333333,0.28571428571428575,False,False
Q0150,3,OPCODE_3GRAM,DROP30_BRIDGE,B1_INDEPENDENT,0.3333333333333333,0.5,1.0,0.6666666666666666,False,False
Q0150,3,OPCODE_3GRAM,DROP30_BRIDGE,B2_EXACT_GLOBAL,0.1111111111111111,0.3333333333333333,0.3333333333333333,0.3333333333333333,False,False
Q0150,3,OPCODE_3GRAM,DROP30_BRIDGE,B3_HARD_COMPONENT,0.4444444444444444,0.6666666666666666,0.6666666666666666,0.6666666666666666,False,False
Q0150,3,OPCODE_3GRAM,DROP30_BRIDGE,B4_SOFT_GRAPH,0.4444444444444444,0.6666666666666666,0.6666666666666666,0.6666666666666666,False,False
Q0150,3,OPCODE_STRUCT,CLEAN,B1_INDEPENDENT,0.3333333333333333,0.42857142857142855,1.0,0.6,False,False
Q0150,3,OPCODE_STRUCT,CLEAN,B2_EXACT_GLOBAL,0.3333333333333333,0.6666666666666666,0.6666666666666666,0.6666666666666666,False,False
Q0150,3,OPCODE_STRUCT,CLEAN,B3_HARD_COMPONENT,0.6666666666666666,0.6666666666666666,0.6666666666666666,0.6666666666666666,False,False
Q0150,3,OPCODE_STRUCT,CLEAN,B4_SOFT_GRAPH,0.4444444444444444,1.0,0.6666666666666666,0.8,False,False
Q0150,3,OPCODE_STRUCT,DROP30,B1_INDEPENDENT,0.3333333333333333,0.42857142857142855,1.0,0.6,False,False
Q0150,3,OPCODE_STRUCT,DROP30,B2_EXACT_GLOBAL,0.3333333333333333,0.6666666666666666,0.6666666666666666,0.6666666666666666,False,False
Q0150,3,OPCODE_STRUCT,DROP30,B3_HARD_COMPONENT,0.4444444444444444,0.5,0.6666666666666666,0.5714285714285715,False,False
Q0150,3,OPCODE_STRUCT,DROP30,B4_SOFT_GRAPH,0.2222222222222222,0.4,0.6666666666666666,0.5,False,False
Q0150,3,OPCODE_STRUCT,BRIDGE,B1_INDEPENDENT,0.3333333333333333,0.42857142857142855,1.0,0.6,False,False
Q0150,3,OPCODE_STRUCT,BRIDGE,B2_EXACT_GLOBAL,0.3333333333333333,0.6666666666666666,0.6666666666666666,0.6666666666666666,False,False
Q0150,3,OPCODE_STRUCT,BRIDGE,B3_HARD_COMPONENT,0.3333333333333333,1.0,0.3333333333333333,0.5,False,False
Q0150,3,OPCODE_STRUCT,BRIDGE,B4_SOFT_GRAPH,0.3333333333333333,1.0,0.3333333333333333,0.5,False,False
Q0150,3,OPCODE_STRUCT,DROP30_BRIDGE,B1_INDEPENDENT,0.3333333333333333,0.42857142857142855,1.0,0.6,False,False
Q0150,3,OPCODE_STRUCT,DROP30_BRIDGE,B2_EXACT_GLOBAL,0.3333333333333333,0.6666666666666666,0.6666666666666666,0.6666666666666666,False,False
Q0150,3,OPCODE_STRUCT,DROP30_BRIDGE,B3_HARD_COMPONENT,0.4444444444444444,0.6666666666666666,0.6666666666666666,0.6666666666666666,False,False
Q0150,3,OPCODE_STRUCT,DROP30_BRIDGE,B4_SOFT_GRAPH,0.4444444444444444,1.0,0.6666666666666666,0.8,False,False
Q0150,3,OPCODE_CONTEXT,CLEAN,B1_INDEPENDENT,0.5555555555555556,0.5,1.0,0.6666666666666666,False,False
Q0150,3,OPCODE_CONTEXT,CLEAN,B2_EXACT_GLOBAL,0.7777777777777778,1.0,1.0,1.0,True,False
Q0150,3,OPCODE_CONTEXT,CLEAN,B3_HARD_COMPONENT,0.6666666666666666,0.6666666666666666,0.6666666666666666,0.6666666666666666,False,False
Q0150,3,OPCODE_CONTEXT,CLEAN,B4_SOFT_GRAPH,0.5555555555555556,0.6,1.0,0.7499999999999999,False,False
Q0150,3,OPCODE_CONTEXT,DROP30,B1_INDEPENDENT,0.5555555555555556,0.5,1.0,0.6666666666666666,False,False
Q0150,3,OPCODE_CONTEXT,DROP30,B2_EXACT_GLOBAL,0.7777777777777778,1.0,1.0,1.0,True,False
Q0150,3,OPCODE_CONTEXT,DROP30,B3_HARD_COMPONENT,0.7777777777777778,0.6,1.0,0.7499999999999999,False,False
Q0150,3,OPCODE_CONTEXT,DROP30,B4_SOFT_GRAPH,0.5555555555555556,0.6,1.0,0.7499999999999999,False,False
Q0150,3,OPCODE_CONTEXT,BRIDGE,B1_INDEPENDENT,0.5555555555555556,0.5,1.0,0.6666666666666666,False,False
Q0150,3,OPCODE_CONTEXT,BRIDGE,B2_EXACT_GLOBAL,0.7777777777777778,1.0,1.0,1.0,True,False
Q0150,3,OPCODE_CONTEXT,BRIDGE,B3_HARD_COMPONENT,0.3333333333333333,1.0,0.3333333333333333,0.5,False,False
Q0150,3,OPCODE_CONTEXT,BRIDGE,B4_SOFT_GRAPH,0.5555555555555556,0.6,1.0,0.7499999999999999,False,False
Q0150,3,OPCODE_CONTEXT,DROP30_BRIDGE,B1_INDEPENDENT,0.5555555555555556,0.5,1.0,0.6666666666666666,False,False
Q0150,3,OPCODE_CONTEXT,DROP30_BRIDGE,B2_EXACT_GLOBAL,0.7777777777777778,1.0,1.0,1.0,True,False
Q0150,3,OPCODE_CONTEXT,DROP30_BRIDGE,B3_HARD_COMPONENT,0.5555555555555556,0.6666666666666666,0.6666666666666666,0.6666666666666666,False,False
Q0150,3,OPCODE_CONTEXT,DROP30_BRIDGE,B4_SOFT_GRAPH,0.5555555555555556,0.6,1.0,0.7499999999999999,False,False
Q0190,3,OPCODE_3GRAM,CLEAN,B1_INDEPENDENT,0.1111111111111111,0.16666666666666666,0.3333333333333333,0.2222222222222222,False,False
Q0190,3,OPCODE_3GRAM,CLEAN,B2_EXACT_GLOBAL,0.3333333333333333,0.3333333333333333,0.3333333333333333,0.3333333333333333,False,False
Q0190,3,OPCODE_3GRAM,CLEAN,B3_HARD_COMPONENT,0.3333333333333333,0.3333333333333333,0.3333333333333333,0.3333333333333333,False,False
Q0190,3,OPCODE_3GRAM,CLEAN,B4_SOFT_GRAPH,0.1111111111111111,0.25,0.3333333333333333,0.28571428571428575,False,False
Q0190,3,OPCODE_3GRAM,DROP30,B1_INDEPENDENT,0.1111111111111111,0.16666666666666666,0.3333333333333333,0.2222222222222222,False,False
Q0190,3,OPCODE_3GRAM,DROP30,B2_EXACT_GLOBAL,0.3333333333333333,0.3333333333333333,0.3333333333333333,0.3333333333333333,False,False
Q0190,3,OPCODE_3GRAM,DROP30,B3_HARD_COMPONENT,0.3333333333333333,0.3333333333333333,0.3333333333333333,0.3333333333333333,False,False
Q0190,3,OPCODE_3GRAM,DROP30,B4_SOFT_GRAPH,0.1111111111111111,0.25,0.3333333333333333,0.28571428571428575,False,False
Q0190,3,OPCODE_3GRAM,BRIDGE,B1_INDEPENDENT,0.1111111111111111,0.16666666666666666,0.3333333333333333,0.2222222222222222,False,False
Q0190,3,OPCODE_3GRAM,BRIDGE,B2_EXACT_GLOBAL,0.3333333333333333,0.3333333333333333,0.3333333333333333,0.3333333333333333,False,False
Q0190,3,OPCODE_3GRAM,BRIDGE,B3_HARD_COMPONENT,0.3333333333333333,1.0,0.3333333333333333,0.5,False,False
Q0190,3,OPCODE_3GRAM,BRIDGE,B4_SOFT_GRAPH,0.1111111111111111,0.5,0.3333333333333333,0.4,False,False
Q0190,3,OPCODE_3GRAM,DROP30_BRIDGE,B1_INDEPENDENT,0.1111111111111111,0.16666666666666666,0.3333333333333333,0.2222222222222222,False,False
Q0190,3,OPCODE_3GRAM,DROP30_BRIDGE,B2_EXACT_GLOBAL,0.3333333333333333,0.3333333333333333,0.3333333333333333,0.3333333333333333,False,False
Q0190,3,OPCODE_3GRAM,DROP30_BRIDGE,B3_HARD_COMPONENT,0.3333333333333333,0.5,0.3333333333333333,0.4,False,False
Q0190,3,OPCODE_3GRAM,DROP30_BRIDGE,B4_SOFT_GRAPH,0.1111111111111111,0.3333333333333333,0.3333333333333333,0.3333333333333333,False,False
Q0190,3,OPCODE_STRUCT,CLEAN,B1_INDEPENDENT,0.1111111111111111,0.16666666666666666,0.3333333333333333,0.2222222222222222,False,False
Q0190,3,OPCODE_STRUCT,CLEAN,B2_EXACT_GLOBAL,0.1111111111111111,0.3333333333333333,0.3333333333333333,0.3333333333333333,False,False
Q0190,3,OPCODE_STRUCT,CLEAN,B3_HARD_COMPONENT,0.3333333333333333,0.3333333333333333,0.3333333333333333,0.3333333333333333,False,False
Q0190,3,OPCODE_STRUCT,CLEAN,B4_SOFT_GRAPH,0.1111111111111111,0.5,0.3333333333333333,0.4,False,False
Q0190,3,OPCODE_STRUCT,DROP30,B1_INDEPENDENT,0.1111111111111111,0.16666666666666666,0.3333333333333333,0.2222222222222222,False,False
Q0190,3,OPCODE_STRUCT,DROP30,B2_EXACT_GLOBAL,0.1111111111111111,0.3333333333333333,0.3333333333333333,0.3333333333333333,False,False
Q0190,3,OPCODE_STRUCT,DROP30,B3_HARD_COMPONENT,0.1111111111111111,0.25,0.3333333333333333,0.28571428571428575,False,False
Q0190,3,OPCODE_STRUCT,DROP30,B4_SOFT_GRAPH,0.1111111111111111,0.5,0.3333333333333333,0.4,False,False
Q0190,3,OPCODE_STRUCT,BRIDGE,B1_INDEPENDENT,0.1111111111111111,0.16666666666666666,0.3333333333333333,0.2222222222222222,False,False
Q0190,3,OPCODE_STRUCT,BRIDGE,B2_EXACT_GLOBAL,0.1111111111111111,0.3333333333333333,0.3333333333333333,0.3333333333333333,False,False
Q0190,3,OPCODE_STRUCT,BRIDGE,B3_HARD_COMPONENT,0.0,0.0,0.0,0.0,False,False
Q0190,3,OPCODE_STRUCT,BRIDGE,B4_SOFT_GRAPH,0.1111111111111111,0.5,0.3333333333333333,0.4,False,False
Q0190,3,OPCODE_STRUCT,DROP30_BRIDGE,B1_INDEPENDENT,0.1111111111111111,0.16666666666666666,0.3333333333333333,0.2222222222222222,False,False
Q0190,3,OPCODE_STRUCT,DROP30_BRIDGE,B2_EXACT_GLOBAL,0.1111111111111111,0.3333333333333333,0.3333333333333333,0.3333333333333333,False,False
Q0190,3,OPCODE_STRUCT,DROP30_BRIDGE,B3_HARD_COMPONENT,0.0,0.0,0.0,0.0,False,False
Q0190,3,OPCODE_STRUCT,DROP30_BRIDGE,B4_SOFT_GRAPH,0.1111111111111111,0.25,0.3333333333333333,0.28571428571428575,False,False
Q0190,3,OPCODE_CONTEXT,CLEAN,B1_INDEPENDENT,0.1111111111111111,0.2,0.3333333333333333,0.25,False,False
Q0190,3,OPCODE_CONTEXT,CLEAN,B2_EXACT_GLOBAL,0.1111111111111111,0.3333333333333333,0.3333333333333333,0.3333333333333333,False,False
Q0190,3,OPCODE_CONTEXT,CLEAN,B3_HARD_COMPONENT,0.0,0.3333333333333333,0.3333333333333333,0.3333333333333333,False,False
Q0190,3,OPCODE_CONTEXT,CLEAN,B4_SOFT_GRAPH,0.1111111111111111,0.25,0.3333333333333333,0.28571428571428575,False,False
Q0190,3,OPCODE_CONTEXT,DROP30,B1_INDEPENDENT,0.1111111111111111,0.2,0.3333333333333333,0.25,False,False
Q0190,3,OPCODE_CONTEXT,DROP30,B2_EXACT_GLOBAL,0.1111111111111111,0.3333333333333333,0.3333333333333333,0.3333333333333333,False,False
Q0190,3,OPCODE_CONTEXT,DROP30,B3_HARD_COMPONENT,0.2222222222222222,0.25,0.3333333333333333,0.28571428571428575,False,False
Q0190,3,OPCODE_CONTEXT,DROP30,B4_SOFT_GRAPH,0.1111111111111111,0.25,0.3333333333333333,0.28571428571428575,False,False
Q0190,3,OPCODE_CONTEXT,BRIDGE,B1_INDEPENDENT,0.1111111111111111,0.2,0.3333333333333333,0.25,False,False
Q0190,3,OPCODE_CONTEXT,BRIDGE,B2_EXACT_GLOBAL,0.1111111111111111,0.3333333333333333,0.3333333333333333,0.3333333333333333,False,False
Q0190,3,OPCODE_CONTEXT,BRIDGE,B3_HARD_COMPONENT,0.0,0.0,0.0,0.0,False,False
Q0190,3,OPCODE_CONTEXT,BRIDGE,B4_SOFT_GRAPH,0.1111111111111111,0.25,0.3333333333333333,0.28571428571428575,False,False
Q0190,3,OPCODE_CONTEXT,DROP30_BRIDGE,B1_INDEPENDENT,0.1111111111111111,0.2,0.3333333333333333,0.25,False,False
Q0190,3,OPCODE_CONTEXT,DROP30_BRIDGE,B2_EXACT_GLOBAL,0.1111111111111111,0.3333333333333333,0.3333333333333333,0.3333333333333333,False,False
Q0190,3,OPCODE_CONTEXT,DROP30_BRIDGE,B3_HARD_COMPONENT,0.0,0.0,0.0,0.0,False,False
Q0190,3,OPCODE_CONTEXT,DROP30_BRIDGE,B4_SOFT_GRAPH,0.1111111111111111,0.25,0.3333333333333333,0.28571428571428575,False,False
Q0119,3,OPCODE_3GRAM,CLEAN,B1_INDEPENDENT,0.1111111111111111,0.2,0.3333333333333333,0.25,False,False
Q0119,3,OPCODE_3GRAM,CLEAN,B2_EXACT_GLOBAL,0.1111111111111111,0.3333333333333333,0.3333333333333333,0.3333333333333333,False,False
Q0119,3,OPCODE_3GRAM,CLEAN,B3_HARD_COMPONENT,0.3333333333333333,0.3333333333333333,0.3333333333333333,0.3333333333333333,False,False
Q0119,3,OPCODE_3GRAM,CLEAN,B4_SOFT_GRAPH,0.3333333333333333,0.5,0.3333333333333333,0.4,False,False
Q0119,3,OPCODE_3GRAM,DROP30,B1_INDEPENDENT,0.1111111111111111,0.2,0.3333333333333333,0.25,False,False
Q0119,3,OPCODE_3GRAM,DROP30,B2_EXACT_GLOBAL,0.1111111111111111,0.3333333333333333,0.3333333333333333,0.3333333333333333,False,False
Q0119,3,OPCODE_3GRAM,DROP30,B3_HARD_COMPONENT,0.3333333333333333,0.25,0.3333333333333333,0.28571428571428575,False,False
Q0119,3,OPCODE_3GRAM,DROP30,B4_SOFT_GRAPH,0.3333333333333333,0.3333333333333333,0.3333333333333333,0.3333333333333333,False,False
Q0119,3,OPCODE_3GRAM,BRIDGE,B1_INDEPENDENT,0.1111111111111111,0.2,0.3333333333333333,0.25,False,False
Q0119,3,OPCODE_3GRAM,BRIDGE,B2_EXACT_GLOBAL,0.1111111111111111,0.3333333333333333,0.3333333333333333,0.3333333333333333,False,False
Q0119,3,OPCODE_3GRAM,BRIDGE,B3_HARD_COMPONENT,0.0,0.0,0.0,0.0,False,False
Q0119,3,OPCODE_3GRAM,BRIDGE,B4_SOFT_GRAPH,0.1111111111111111,0.5,0.3333333333333333,0.4,False,False
Q0119,3,OPCODE_3GRAM,DROP30_BRIDGE,B1_INDEPENDENT,0.1111111111111111,0.2,0.3333333333333333,0.25,False,False
Q0119,3,OPCODE_3GRAM,DROP30_BRIDGE,B2_EXACT_GLOBAL,0.1111111111111111,0.3333333333333333,0.3333333333333333,0.3333333333333333,False,False
Q0119,3,OPCODE_3GRAM,DROP30_BRIDGE,B3_HARD_COMPONENT,0.3333333333333333,0.3333333333333333,0.3333333333333333,0.3333333333333333,False,False
Q0119,3,OPCODE_3GRAM,DROP30_BRIDGE,B4_SOFT_GRAPH,0.1111111111111111,0.3333333333333333,0.3333333333333333,0.3333333333333333,False,False
Q0119,3,OPCODE_STRUCT,CLEAN,B1_INDEPENDENT,0.1111111111111111,0.16666666666666666,0.3333333333333333,0.2222222222222222,False,False
Q0119,3,OPCODE_STRUCT,CLEAN,B2_EXACT_GLOBAL,0.1111111111111111,0.3333333333333333,0.3333333333333333,0.3333333333333333,False,False
Q0119,3,OPCODE_STRUCT,CLEAN,B3_HARD_COMPONENT,0.3333333333333333,0.3333333333333333,0.3333333333333333,0.3333333333333333,False,False
Q0119,3,OPCODE_STRUCT,CLEAN,B4_SOFT_GRAPH,0.2222222222222222,0.3333333333333333,0.3333333333333333,0.3333333333333333,False,False
Q0119,3,OPCODE_STRUCT,DROP30,B1_INDEPENDENT,0.1111111111111111,0.16666666666666666,0.3333333333333333,0.2222222222222222,False,False
Q0119,3,OPCODE_STRUCT,DROP30,B2_EXACT_GLOBAL,0.1111111111111111,0.3333333333333333,0.3333333333333333,0.3333333333333333,False,False
Q0119,3,OPCODE_STRUCT,DROP30,B3_HARD_COMPONENT,0.3333333333333333,0.25,0.3333333333333333,0.28571428571428575,False,False
Q0119,3,OPCODE_STRUCT,DROP30,B4_SOFT_GRAPH,0.2222222222222222,0.25,0.3333333333333333,0.28571428571428575,False,False
Q0119,3,OPCODE_STRUCT,BRIDGE,B1_INDEPENDENT,0.1111111111111111,0.16666666666666666,0.3333333333333333,0.2222222222222222,False,False
Q0119,3,OPCODE_STRUCT,BRIDGE,B2_EXACT_GLOBAL,0.1111111111111111,0.3333333333333333,0.3333333333333333,0.3333333333333333,False,False
Q0119,3,OPCODE_STRUCT,BRIDGE,B3_HARD_COMPONENT,0.0,0.0,0.0,0.0,False,False
Q0119,3,OPCODE_STRUCT,BRIDGE,B4_SOFT_GRAPH,0.2222222222222222,0.3333333333333333,0.3333333333333333,0.3333333333333333,False,False
Q0119,3,OPCODE_STRUCT,DROP30_BRIDGE,B1_INDEPENDENT,0.1111111111111111,0.16666666666666666,0.3333333333333333,0.2222222222222222,False,False
Q0119,3,OPCODE_STRUCT,DROP30_BRIDGE,B2_EXACT_GLOBAL,0.1111111111111111,0.3333333333333333,0.3333333333333333,0.3333333333333333,False,False
Q0119,3,OPCODE_STRUCT,DROP30_BRIDGE,B3_HARD_COMPONENT,0.0,0.0,0.0,0.0,False,False
Q0119,3,OPCODE_STRUCT,DROP30_BRIDGE,B4_SOFT_GRAPH,0.1111111111111111,0.2,0.3333333333333333,0.25,False,False
Q0119,3,OPCODE_CONTEXT,CLEAN,B1_INDEPENDENT,0.1111111111111111,0.3333333333333333,0.6666666666666666,0.4444444444444444,False,False
Q0119,3,OPCODE_CONTEXT,CLEAN,B2_EXACT_GLOBAL,0.1111111111111111,0.3333333333333333,0.3333333333333333,0.3333333333333333,False,False
Q0119,3,OPCODE_CONTEXT,CLEAN,B3_HARD_COMPONENT,0.3333333333333333,0.6666666666666666,0.6666666666666666,0.6666666666666666,False,False
Q0119,3,OPCODE_CONTEXT,CLEAN,B4_SOFT_GRAPH,0.2222222222222222,0.4,0.6666666666666666,0.5,False,False
Q0119,3,OPCODE_CONTEXT,DROP30,B1_INDEPENDENT,0.1111111111111111,0.3333333333333333,0.6666666666666666,0.4444444444444444,False,False
Q0119,3,OPCODE_CONTEXT,DROP30,B2_EXACT_GLOBAL,0.1111111111111111,0.3333333333333333,0.3333333333333333,0.3333333333333333,False,False
Q0119,3,OPCODE_CONTEXT,DROP30,B3_HARD_COMPONENT,0.3333333333333333,0.5,0.6666666666666666,0.5714285714285715,False,False
Q0119,3,OPCODE_CONTEXT,DROP30,B4_SOFT_GRAPH,0.2222222222222222,0.4,0.6666666666666666,0.5,False,False
Q0119,3,OPCODE_CONTEXT,BRIDGE,B1_INDEPENDENT,0.1111111111111111,0.3333333333333333,0.6666666666666666,0.4444444444444444,False,False
Q0119,3,OPCODE_CONTEXT,BRIDGE,B2_EXACT_GLOBAL,0.1111111111111111,0.3333333333333333,0.3333333333333333,0.3333333333333333,False,False
Q0119,3,OPCODE_CONTEXT,BRIDGE,B3_HARD_COMPONENT,0.0,0.0,0.0,0.0,False,False
Q0119,3,OPCODE_CONTEXT,BRIDGE,B4_SOFT_GRAPH,0.2222222222222222,0.4,0.6666666666666666,0.5,False,False
Q0119,3,OPCODE_CONTEXT,DROP30_BRIDGE,B1_INDEPENDENT,0.1111111111111111,0.3333333333333333,0.6666666666666666,0.4444444444444444,False,False
Q0119,3,OPCODE_CONTEXT,DROP30_BRIDGE,B2_EXACT_GLOBAL,0.1111111111111111,0.3333333333333333,0.3333333333333333,0.3333333333333333,False,False
Q0119,3,OPCODE_CONTEXT,DROP30_BRIDGE,B3_HARD_COMPONENT,0.0,0.0,0.0,0.0,False,False
Q0119,3,OPCODE_CONTEXT,DROP30_BRIDGE,B4_SOFT_GRAPH,0.2222222222222222,0.4,0.6666666666666666,0.5,False,False
Q0152,3,OPCODE_3GRAM,CLEAN,B1_INDEPENDENT,0.0,0.16666666666666666,0.3333333333333333,0.2222222222222222,False,False
Q0152,3,OPCODE_3GRAM,CLEAN,B2_EXACT_GLOBAL,0.0,0.0,0.0,0.0,False,False
Q0152,3,OPCODE_3GRAM,CLEAN,B3_HARD_COMPONENT,0.0,0.0,0.0,0.0,False,False
Q0152,3,OPCODE_3GRAM,CLEAN,B4_SOFT_GRAPH,0.0,0.0,0.0,0.0,False,False
Q0152,3,OPCODE_3GRAM,DROP30,B1_INDEPENDENT,0.0,0.16666666666666666,0.3333333333333333,0.2222222222222222,False,False
Q0152,3,OPCODE_3GRAM,DROP30,B2_EXACT_GLOBAL,0.0,0.0,0.0,0.0,False,False
Q0152,3,OPCODE_3GRAM,DROP30,B3_HARD_COMPONENT,0.0,0.25,0.3333333333333333,0.28571428571428575,False,False
Q0152,3,OPCODE_3GRAM,DROP30,B4_SOFT_GRAPH,0.0,0.0,0.0,0.0,False,False
Q0152,3,OPCODE_3GRAM,BRIDGE,B1_INDEPENDENT,0.0,0.16666666666666666,0.3333333333333333,0.2222222222222222,False,False
Q0152,3,OPCODE_3GRAM,BRIDGE,B2_EXACT_GLOBAL,0.0,0.0,0.0,0.0,False,False
Q0152,3,OPCODE_3GRAM,BRIDGE,B3_HARD_COMPONENT,0.0,0.0,0.0,0.0,False,False
Q0152,3,OPCODE_3GRAM,BRIDGE,B4_SOFT_GRAPH,0.0,0.0,0.0,0.0,False,False
Q0152,3,OPCODE_3GRAM,DROP30_BRIDGE,B1_INDEPENDENT,0.0,0.16666666666666666,0.3333333333333333,0.2222222222222222,False,False
Q0152,3,OPCODE_3GRAM,DROP30_BRIDGE,B2_EXACT_GLOBAL,0.0,0.0,0.0,0.0,False,False
Q0152,3,OPCODE_3GRAM,DROP30_BRIDGE,B3_HARD_COMPONENT,0.0,0.0,0.0,0.0,False,False
Q0152,3,OPCODE_3GRAM,DROP30_BRIDGE,B4_SOFT_GRAPH,0.0,0.0,0.0,0.0,False,False
Q0152,3,OPCODE_STRUCT,CLEAN,B1_INDEPENDENT,0.0,0.14285714285714285,0.3333333333333333,0.2,False,False
Q0152,3,OPCODE_STRUCT,CLEAN,B2_EXACT_GLOBAL,0.0,0.3333333333333333,0.3333333333333333,0.3333333333333333,False,False
Q0152,3,OPCODE_STRUCT,CLEAN,B3_HARD_COMPONENT,0.0,0.0,0.0,0.0,False,False
Q0152,3,OPCODE_STRUCT,CLEAN,B4_SOFT_GRAPH,0.0,0.0,0.0,0.0,False,False
Q0152,3,OPCODE_STRUCT,DROP30,B1_INDEPENDENT,0.0,0.14285714285714285,0.3333333333333333,0.2,False,False
Q0152,3,OPCODE_STRUCT,DROP30,B2_EXACT_GLOBAL,0.0,0.3333333333333333,0.3333333333333333,0.3333333333333333,False,False
Q0152,3,OPCODE_STRUCT,DROP30,B3_HARD_COMPONENT,0.0,0.25,0.3333333333333333,0.28571428571428575,False,False
Q0152,3,OPCODE_STRUCT,DROP30,B4_SOFT_GRAPH,0.0,0.25,0.3333333333333333,0.28571428571428575,False,False
Q0152,3,OPCODE_STRUCT,BRIDGE,B1_INDEPENDENT,0.0,0.14285714285714285,0.3333333333333333,0.2,False,False
Q0152,3,OPCODE_STRUCT,BRIDGE,B2_EXACT_GLOBAL,0.0,0.3333333333333333,0.3333333333333333,0.3333333333333333,False,False
Q0152,3,OPCODE_STRUCT,BRIDGE,B3_HARD_COMPONENT,0.0,0.0,0.0,0.0,False,False
Q0152,3,OPCODE_STRUCT,BRIDGE,B4_SOFT_GRAPH,0.0,0.0,0.0,0.0,False,False
Q0152,3,OPCODE_STRUCT,DROP30_BRIDGE,B1_INDEPENDENT,0.0,0.14285714285714285,0.3333333333333333,0.2,False,False
Q0152,3,OPCODE_STRUCT,DROP30_BRIDGE,B2_EXACT_GLOBAL,0.0,0.3333333333333333,0.3333333333333333,0.3333333333333333,False,False
Q0152,3,OPCODE_STRUCT,DROP30_BRIDGE,B3_HARD_COMPONENT,0.0,0.0,0.0,0.0,False,False
Q0152,3,OPCODE_STRUCT,DROP30_BRIDGE,B4_SOFT_GRAPH,0.0,0.0,0.0,0.0,False,False
Q0152,3,OPCODE_CONTEXT,CLEAN,B1_INDEPENDENT,0.1111111111111111,0.3333333333333333,0.6666666666666666,0.4444444444444444,False,False
Q0152,3,OPCODE_CONTEXT,CLEAN,B2_EXACT_GLOBAL,0.1111111111111111,0.3333333333333333,0.3333333333333333,0.3333333333333333,False,False
Q0152,3,OPCODE_CONTEXT,CLEAN,B3_HARD_COMPONENT,0.0,0.3333333333333333,0.3333333333333333,0.3333333333333333,False,False
Q0152,3,OPCODE_CONTEXT,CLEAN,B4_SOFT_GRAPH,0.1111111111111111,0.3333333333333333,0.6666666666666666,0.4444444444444444,False,False
Q0152,3,OPCODE_CONTEXT,DROP30,B1_INDEPENDENT,0.1111111111111111,0.3333333333333333,0.6666666666666666,0.4444444444444444,False,False
Q0152,3,OPCODE_CONTEXT,DROP30,B2_EXACT_GLOBAL,0.1111111111111111,0.3333333333333333,0.3333333333333333,0.3333333333333333,False,False
Q0152,3,OPCODE_CONTEXT,DROP30,B3_HARD_COMPONENT,0.1111111111111111,0.5,0.6666666666666666,0.5714285714285715,False,False
Q0152,3,OPCODE_CONTEXT,DROP30,B4_SOFT_GRAPH,0.1111111111111111,0.3333333333333333,0.6666666666666666,0.4444444444444444,False,False
Q0152,3,OPCODE_CONTEXT,BRIDGE,B1_INDEPENDENT,0.1111111111111111,0.3333333333333333,0.6666666666666666,0.4444444444444444,False,False
Q0152,3,OPCODE_CONTEXT,BRIDGE,B2_EXACT_GLOBAL,0.1111111111111111,0.3333333333333333,0.3333333333333333,0.3333333333333333,False,False
Q0152,3,OPCODE_CONTEXT,BRIDGE,B3_HARD_COMPONENT,0.0,0.0,0.0,0.0,False,False
Q0152,3,OPCODE_CONTEXT,BRIDGE,B4_SOFT_GRAPH,0.1111111111111111,0.3333333333333333,0.6666666666666666,0.4444444444444444,False,False
Q0152,3,OPCODE_CONTEXT,DROP30_BRIDGE,B1_INDEPENDENT,0.1111111111111111,0.3333333333333333,0.6666666666666666,0.4444444444444444,False,False
Q0152,3,OPCODE_CONTEXT,DROP30_BRIDGE,B2_EXACT_GLOBAL,0.1111111111111111,0.3333333333333333,0.3333333333333333,0.3333333333333333,False,False
Q0152,3,OPCODE_CONTEXT,DROP30_BRIDGE,B3_HARD_COMPONENT,0.1111111111111111,0.3333333333333333,0.3333333333333333,0.3333333333333333,False,False
Q0152,3,OPCODE_CONTEXT,DROP30_BRIDGE,B4_SOFT_GRAPH,0.1111111111111111,0.3333333333333333,0.6666666666666666,0.4444444444444444,False,False
Q0180,3,OPCODE_3GRAM,CLEAN,B1_INDEPENDENT,0.4444444444444444,0.3333333333333333,0.6666666666666666,0.4444444444444444,False,False
Q0180,3,OPCODE_3GRAM,CLEAN,B2_EXACT_GLOBAL,0.3333333333333333,0.3333333333333333,0.3333333333333333,0.3333333333333333,False,False
Q0180,3,OPCODE_3GRAM,CLEAN,B3_HARD_COMPONENT,0.3333333333333333,0.3333333333333333,0.3333333333333333,0.3333333333333333,False,False
Q0180,3,OPCODE_3GRAM,CLEAN,B4_SOFT_GRAPH,0.0,0.3333333333333333,0.3333333333333333,0.3333333333333333,False,False
Q0180,3,OPCODE_3GRAM,DROP30,B1_INDEPENDENT,0.4444444444444444,0.3333333333333333,0.6666666666666666,0.4444444444444444,False,False
Q0180,3,OPCODE_3GRAM,DROP30,B2_EXACT_GLOBAL,0.3333333333333333,0.3333333333333333,0.3333333333333333,0.3333333333333333,False,False
Q0180,3,OPCODE_3GRAM,DROP30,B3_HARD_COMPONENT,0.3333333333333333,0.25,0.3333333333333333,0.28571428571428575,False,False
Q0180,3,OPCODE_3GRAM,DROP30,B4_SOFT_GRAPH,0.0,0.25,0.3333333333333333,0.28571428571428575,False,False
Q0180,3,OPCODE_3GRAM,BRIDGE,B1_INDEPENDENT,0.4444444444444444,0.3333333333333333,0.6666666666666666,0.4444444444444444,False,False
Q0180,3,OPCODE_3GRAM,BRIDGE,B2_EXACT_GLOBAL,0.3333333333333333,0.3333333333333333,0.3333333333333333,0.3333333333333333,False,False
Q0180,3,OPCODE_3GRAM,BRIDGE,B3_HARD_COMPONENT,0.3333333333333333,1.0,0.3333333333333333,0.5,False,False
Q0180,3,OPCODE_3GRAM,BRIDGE,B4_SOFT_GRAPH,0.2222222222222222,0.25,0.3333333333333333,0.28571428571428575,False,False
Q0180,3,OPCODE_3GRAM,DROP30_BRIDGE,B1_INDEPENDENT,0.4444444444444444,0.3333333333333333,0.6666666666666666,0.4444444444444444,False,False
Q0180,3,OPCODE_3GRAM,DROP30_BRIDGE,B2_EXACT_GLOBAL,0.3333333333333333,0.3333333333333333,0.3333333333333333,0.3333333333333333,False,False
Q0180,3,OPCODE_3GRAM,DROP30_BRIDGE,B3_HARD_COMPONENT,0.4444444444444444,1.0,0.6666666666666666,0.8,False,False
Q0180,3,OPCODE_3GRAM,DROP30_BRIDGE,B4_SOFT_GRAPH,0.1111111111111111,0.25,0.3333333333333333,0.28571428571428575,False,False
Q0180,3,OPCODE_STRUCT,CLEAN,B1_INDEPENDENT,0.4444444444444444,0.3333333333333333,0.6666666666666666,0.4444444444444444,False,False
Q0180,3,OPCODE_STRUCT,CLEAN,B2_EXACT_GLOBAL,0.3333333333333333,0.3333333333333333,0.3333333333333333,0.3333333333333333,False,False
Q0180,3,OPCODE_STRUCT,CLEAN,B3_HARD_COMPONENT,0.3333333333333333,0.3333333333333333,0.3333333333333333,0.3333333333333333,False,False
Q0180,3,OPCODE_STRUCT,CLEAN,B4_SOFT_GRAPH,0.3333333333333333,0.5,0.3333333333333333,0.4,False,False
Q0180,3,OPCODE_STRUCT,DROP30,B1_INDEPENDENT,0.4444444444444444,0.3333333333333333,0.6666666666666666,0.4444444444444444,False,False
Q0180,3,OPCODE_STRUCT,DROP30,B2_EXACT_GLOBAL,0.3333333333333333,0.3333333333333333,0.3333333333333333,0.3333333333333333,False,False
Q0180,3,OPCODE_STRUCT,DROP30,B3_HARD_COMPONENT,0.3333333333333333,0.25,0.3333333333333333,0.28571428571428575,False,False
Q0180,3,OPCODE_STRUCT,DROP30,B4_SOFT_GRAPH,0.3333333333333333,0.3333333333333333,0.3333333333333333,0.3333333333333333,False,False
Q0180,3,OPCODE_STRUCT,BRIDGE,B1_INDEPENDENT,0.4444444444444444,0.3333333333333333,0.6666666666666666,0.4444444444444444,False,False
Q0180,3,OPCODE_STRUCT,BRIDGE,B2_EXACT_GLOBAL,0.3333333333333333,0.3333333333333333,0.3333333333333333,0.3333333333333333,False,False
Q0180,3,OPCODE_STRUCT,BRIDGE,B3_HARD_COMPONENT,0.3333333333333333,1.0,0.3333333333333333,0.5,False,False
Q0180,3,OPCODE_STRUCT,BRIDGE,B4_SOFT_GRAPH,0.3333333333333333,0.5,0.3333333333333333,0.4,False,False
Q0180,3,OPCODE_STRUCT,DROP30_BRIDGE,B1_INDEPENDENT,0.4444444444444444,0.3333333333333333,0.6666666666666666,0.4444444444444444,False,False
Q0180,3,OPCODE_STRUCT,DROP30_BRIDGE,B2_EXACT_GLOBAL,0.3333333333333333,0.3333333333333333,0.3333333333333333,0.3333333333333333,False,False
Q0180,3,OPCODE_STRUCT,DROP30_BRIDGE,B3_HARD_COMPONENT,0.4444444444444444,0.6666666666666666,0.6666666666666666,0.6666666666666666,False,False
Q0180,3,OPCODE_STRUCT,DROP30_BRIDGE,B4_SOFT_GRAPH,0.3333333333333333,0.25,0.3333333333333333,0.28571428571428575,False,False
Q0180,3,OPCODE_CONTEXT,CLEAN,B1_INDEPENDENT,0.5555555555555556,0.4,0.6666666666666666,0.5,False,False
Q0180,3,OPCODE_CONTEXT,CLEAN,B2_EXACT_GLOBAL,0.5555555555555556,0.6666666666666666,0.6666666666666666,0.6666666666666666,False,False
Q0180,3,OPCODE_CONTEXT,CLEAN,B3_HARD_COMPONENT,0.3333333333333333,0.3333333333333333,0.3333333333333333,0.3333333333333333,False,False
Q0180,3,OPCODE_CONTEXT,CLEAN,B4_SOFT_GRAPH,0.2222222222222222,0.14285714285714285,0.3333333333333333,0.2,False,False
Q0180,3,OPCODE_CONTEXT,DROP30,B1_INDEPENDENT,0.5555555555555556,0.4,0.6666666666666666,0.5,False,False
Q0180,3,OPCODE_CONTEXT,DROP30,B2_EXACT_GLOBAL,0.5555555555555556,0.6666666666666666,0.6666666666666666,0.6666666666666666,False,False
Q0180,3,OPCODE_CONTEXT,DROP30,B3_HARD_COMPONENT,0.5555555555555556,0.5,0.6666666666666666,0.5714285714285715,False,False
Q0180,3,OPCODE_CONTEXT,DROP30,B4_SOFT_GRAPH,0.2222222222222222,0.14285714285714285,0.3333333333333333,0.2,False,False
Q0180,3,OPCODE_CONTEXT,BRIDGE,B1_INDEPENDENT,0.5555555555555556,0.4,0.6666666666666666,0.5,False,False
Q0180,3,OPCODE_CONTEXT,BRIDGE,B2_EXACT_GLOBAL,0.5555555555555556,0.6666666666666666,0.6666666666666666,0.6666666666666666,False,False
Q0180,3,OPCODE_CONTEXT,BRIDGE,B3_HARD_COMPONENT,0.3333333333333333,1.0,0.3333333333333333,0.5,False,False
Q0180,3,OPCODE_CONTEXT,BRIDGE,B4_SOFT_GRAPH,0.2222222222222222,0.14285714285714285,0.3333333333333333,0.2,False,False
Q0180,3,OPCODE_CONTEXT,DROP30_BRIDGE,B1_INDEPENDENT,0.5555555555555556,0.4,0.6666666666666666,0.5,False,False
Q0180,3,OPCODE_CONTEXT,DROP30_BRIDGE,B2_EXACT_GLOBAL,0.5555555555555556,0.6666666666666666,0.6666666666666666,0.6666666666666666,False,False
Q0180,3,OPCODE_CONTEXT,DROP30_BRIDGE,B3_HARD_COMPONENT,0.4444444444444444,0.6666666666666666,0.6666666666666666,0.6666666666666666,False,False
Q0180,3,OPCODE_CONTEXT,DROP30_BRIDGE,B4_SOFT_GRAPH,0.2222222222222222,0.14285714285714285,0.3333333333333333,0.2,False,False
Q0108,3,OPCODE_3GRAM,CLEAN,B1_INDEPENDENT,0.3333333333333333,0.42857142857142855,1.0,0.6,False,False
Q0108,3,OPCODE_3GRAM,CLEAN,B2_EXACT_GLOBAL,0.3333333333333333,0.6666666666666666,0.6666666666666666,0.6666666666666666,False,False
Q0108,3,OPCODE_3GRAM,CLEAN,B3_HARD_COMPONENT,0.6666666666666666,0.6666666666666666,0.6666666666666666,0.6666666666666666,False,False
Q0108,3,OPCODE_3GRAM,CLEAN,B4_SOFT_GRAPH,0.1111111111111111,0.25,0.3333333333333333,0.28571428571428575,False,False
Q0108,3,OPCODE_3GRAM,DROP30,B1_INDEPENDENT,0.3333333333333333,0.42857142857142855,1.0,0.6,False,False
Q0108,3,OPCODE_3GRAM,DROP30,B2_EXACT_GLOBAL,0.3333333333333333,0.6666666666666666,0.6666666666666666,0.6666666666666666,False,False
Q0108,3,OPCODE_3GRAM,DROP30,B3_HARD_COMPONENT,0.4444444444444444,0.4,0.6666666666666666,0.5,False,False
Q0108,3,OPCODE_3GRAM,DROP30,B4_SOFT_GRAPH,0.1111111111111111,0.25,0.3333333333333333,0.28571428571428575,False,False
Q0108,3,OPCODE_3GRAM,BRIDGE,B1_INDEPENDENT,0.3333333333333333,0.42857142857142855,1.0,0.6,False,False
Q0108,3,OPCODE_3GRAM,BRIDGE,B2_EXACT_GLOBAL,0.3333333333333333,0.6666666666666666,0.6666666666666666,0.6666666666666666,False,False
Q0108,3,OPCODE_3GRAM,BRIDGE,B3_HARD_COMPONENT,0.0,0.0,0.0,0.0,False,False
Q0108,3,OPCODE_3GRAM,BRIDGE,B4_SOFT_GRAPH,0.1111111111111111,0.5,0.3333333333333333,0.4,False,False
Q0108,3,OPCODE_3GRAM,DROP30_BRIDGE,B1_INDEPENDENT,0.3333333333333333,0.42857142857142855,1.0,0.6,False,False
Q0108,3,OPCODE_3GRAM,DROP30_BRIDGE,B2_EXACT_GLOBAL,0.3333333333333333,0.6666666666666666,0.6666666666666666,0.6666666666666666,False,False
Q0108,3,OPCODE_3GRAM,DROP30_BRIDGE,B3_HARD_COMPONENT,0.0,0.0,0.0,0.0,False,False
Q0108,3,OPCODE_3GRAM,DROP30_BRIDGE,B4_SOFT_GRAPH,0.1111111111111111,0.5,0.3333333333333333,0.4,False,False
Q0108,3,OPCODE_STRUCT,CLEAN,B1_INDEPENDENT,0.3333333333333333,0.42857142857142855,1.0,0.6,False,False
Q0108,3,OPCODE_STRUCT,CLEAN,B2_EXACT_GLOBAL,0.2222222222222222,0.6666666666666666,0.6666666666666666,0.6666666666666666,False,False
Q0108,3,OPCODE_STRUCT,CLEAN,B3_HARD_COMPONENT,0.6666666666666666,0.6666666666666666,0.6666666666666666,0.6666666666666666,False,False
Q0108,3,OPCODE_STRUCT,CLEAN,B4_SOFT_GRAPH,0.4444444444444444,0.5,0.6666666666666666,0.5714285714285715,False,False
Q0108,3,OPCODE_STRUCT,DROP30,B1_INDEPENDENT,0.3333333333333333,0.42857142857142855,1.0,0.6,False,False
Q0108,3,OPCODE_STRUCT,DROP30,B2_EXACT_GLOBAL,0.2222222222222222,0.6666666666666666,0.6666666666666666,0.6666666666666666,False,False
Q0108,3,OPCODE_STRUCT,DROP30,B3_HARD_COMPONENT,0.4444444444444444,0.5,0.6666666666666666,0.5714285714285715,False,False
Q0108,3,OPCODE_STRUCT,DROP30,B4_SOFT_GRAPH,0.4444444444444444,0.4,0.6666666666666666,0.5,False,False
Q0108,3,OPCODE_STRUCT,BRIDGE,B1_INDEPENDENT,0.3333333333333333,0.42857142857142855,1.0,0.6,False,False
Q0108,3,OPCODE_STRUCT,BRIDGE,B2_EXACT_GLOBAL,0.2222222222222222,0.6666666666666666,0.6666666666666666,0.6666666666666666,False,False
Q0108,3,OPCODE_STRUCT,BRIDGE,B3_HARD_COMPONENT,0.0,0.0,0.0,0.0,False,False
Q0108,3,OPCODE_STRUCT,BRIDGE,B4_SOFT_GRAPH,0.1111111111111111,0.5,0.3333333333333333,0.4,False,False
Q0108,3,OPCODE_STRUCT,DROP30_BRIDGE,B1_INDEPENDENT,0.3333333333333333,0.42857142857142855,1.0,0.6,False,False
Q0108,3,OPCODE_STRUCT,DROP30_BRIDGE,B2_EXACT_GLOBAL,0.2222222222222222,0.6666666666666666,0.6666666666666666,0.6666666666666666,False,False
Q0108,3,OPCODE_STRUCT,DROP30_BRIDGE,B3_HARD_COMPONENT,0.0,0.0,0.0,0.0,False,False
Q0108,3,OPCODE_STRUCT,DROP30_BRIDGE,B4_SOFT_GRAPH,0.1111111111111111,0.3333333333333333,0.3333333333333333,0.3333333333333333,False,False
Q0108,3,OPCODE_CONTEXT,CLEAN,B1_INDEPENDENT,0.4444444444444444,0.5,1.0,0.6666666666666666,False,False
Q0108,3,OPCODE_CONTEXT,CLEAN,B2_EXACT_GLOBAL,0.6666666666666666,1.0,1.0,1.0,True,False
Q0108,3,OPCODE_CONTEXT,CLEAN,B3_HARD_COMPONENT,0.6666666666666666,0.6666666666666666,0.6666666666666666,0.6666666666666666,False,False
Q0108,3,OPCODE_CONTEXT,CLEAN,B4_SOFT_GRAPH,0.3333333333333333,0.5,0.6666666666666666,0.5714285714285715,False,False
Q0108,3,OPCODE_CONTEXT,DROP30,B1_INDEPENDENT,0.4444444444444444,0.5,1.0,0.6666666666666666,False,False
Q0108,3,OPCODE_CONTEXT,DROP30,B2_EXACT_GLOBAL,0.6666666666666666,1.0,1.0,1.0,True,False
Q0108,3,OPCODE_CONTEXT,DROP30,B3_HARD_COMPONENT,0.7777777777777778,0.6,1.0,0.7499999999999999,False,False
Q0108,3,OPCODE_CONTEXT,DROP30,B4_SOFT_GRAPH,0.3333333333333333,0.5,0.6666666666666666,0.5714285714285715,False,False
Q0108,3,OPCODE_CONTEXT,BRIDGE,B1_INDEPENDENT,0.4444444444444444,0.5,1.0,0.6666666666666666,False,False
Q0108,3,OPCODE_CONTEXT,BRIDGE,B2_EXACT_GLOBAL,0.6666666666666666,1.0,1.0,1.0,True,False
Q0108,3,OPCODE_CONTEXT,BRIDGE,B3_HARD_COMPONENT,0.3333333333333333,1.0,0.3333333333333333,0.5,False,False
Q0108,3,OPCODE_CONTEXT,BRIDGE,B4_SOFT_GRAPH,0.3333333333333333,0.5,0.6666666666666666,0.5714285714285715,False,False
Q0108,3,OPCODE_CONTEXT,DROP30_BRIDGE,B1_INDEPENDENT,0.4444444444444444,0.5,1.0,0.6666666666666666,False,False
Q0108,3,OPCODE_CONTEXT,DROP30_BRIDGE,B2_EXACT_GLOBAL,0.6666666666666666,1.0,1.0,1.0,True,False
Q0108,3,OPCODE_CONTEXT,DROP30_BRIDGE,B3_HARD_COMPONENT,0.2222222222222222,0.5,0.3333333333333333,0.4,False,False
Q0108,3,OPCODE_CONTEXT,DROP30_BRIDGE,B4_SOFT_GRAPH,0.3333333333333333,0.5,0.6666666666666666,0.5714285714285715,False,False
Q0120,3,OPCODE_3GRAM,CLEAN,B1_INDEPENDENT,0.2222222222222222,0.14285714285714285,0.3333333333333333,0.2,False,False
Q0120,3,OPCODE_3GRAM,CLEAN,B2_EXACT_GLOBAL,0.2222222222222222,0.3333333333333333,0.3333333333333333,0.3333333333333333,False,False
Q0120,3,OPCODE_3GRAM,CLEAN,B3_HARD_COMPONENT,0.3333333333333333,0.3333333333333333,0.3333333333333333,0.3333333333333333,False,False
Q0120,3,OPCODE_3GRAM,CLEAN,B4_SOFT_GRAPH,0.3333333333333333,0.5,0.3333333333333333,0.4,False,False
Q0120,3,OPCODE_3GRAM,DROP30,B1_INDEPENDENT,0.2222222222222222,0.14285714285714285,0.3333333333333333,0.2,False,False
Q0120,3,OPCODE_3GRAM,DROP30,B2_EXACT_GLOBAL,0.2222222222222222,0.3333333333333333,0.3333333333333333,0.3333333333333333,False,False
Q0120,3,OPCODE_3GRAM,DROP30,B3_HARD_COMPONENT,0.2222222222222222,0.2,0.3333333333333333,0.25,False,False
Q0120,3,OPCODE_3GRAM,DROP30,B4_SOFT_GRAPH,0.2222222222222222,0.25,0.3333333333333333,0.28571428571428575,False,False
Q0120,3,OPCODE_3GRAM,BRIDGE,B1_INDEPENDENT,0.2222222222222222,0.14285714285714285,0.3333333333333333,0.2,False,False
Q0120,3,OPCODE_3GRAM,BRIDGE,B2_EXACT_GLOBAL,0.2222222222222222,0.3333333333333333,0.3333333333333333,0.3333333333333333,False,False
Q0120,3,OPCODE_3GRAM,BRIDGE,B3_HARD_COMPONENT,0.3333333333333333,1.0,0.3333333333333333,0.5,False,False
Q0120,3,OPCODE_3GRAM,BRIDGE,B4_SOFT_GRAPH,0.3333333333333333,0.5,0.3333333333333333,0.4,False,False
Q0120,3,OPCODE_3GRAM,DROP30_BRIDGE,B1_INDEPENDENT,0.2222222222222222,0.14285714285714285,0.3333333333333333,0.2,False,False
Q0120,3,OPCODE_3GRAM,DROP30_BRIDGE,B2_EXACT_GLOBAL,0.2222222222222222,0.3333333333333333,0.3333333333333333,0.3333333333333333,False,False
Q0120,3,OPCODE_3GRAM,DROP30_BRIDGE,B3_HARD_COMPONENT,0.3333333333333333,0.3333333333333333,0.3333333333333333,0.3333333333333333,False,False
Q0120,3,OPCODE_3GRAM,DROP30_BRIDGE,B4_SOFT_GRAPH,0.2222222222222222,0.25,0.3333333333333333,0.28571428571428575,False,False
Q0120,3,OPCODE_STRUCT,CLEAN,B1_INDEPENDENT,0.3333333333333333,0.2,0.3333333333333333,0.25,False,False
Q0120,3,OPCODE_STRUCT,CLEAN,B2_EXACT_GLOBAL,0.3333333333333333,0.3333333333333333,0.3333333333333333,0.3333333333333333,False,False
Q0120,3,OPCODE_STRUCT,CLEAN,B3_HARD_COMPONENT,0.3333333333333333,0.5,0.3333333333333333,0.4,False,False
Q0120,3,OPCODE_STRUCT,CLEAN,B4_SOFT_GRAPH,0.3333333333333333,0.5,0.3333333333333333,0.4,False,False
Q0120,3,OPCODE_STRUCT,DROP30,B1_INDEPENDENT,0.3333333333333333,0.2,0.3333333333333333,0.25,False,False
Q0120,3,OPCODE_STRUCT,DROP30,B2_EXACT_GLOBAL,0.3333333333333333,0.3333333333333333,0.3333333333333333,0.3333333333333333,False,False
Q0120,3,OPCODE_STRUCT,DROP30,B3_HARD_COMPONENT,0.3333333333333333,0.3333333333333333,0.3333333333333333,0.3333333333333333,False,False
Q0120,3,OPCODE_STRUCT,DROP30,B4_SOFT_GRAPH,0.3333333333333333,0.3333333333333333,0.3333333333333333,0.3333333333333333,False,False
Q0120,3,OPCODE_STRUCT,BRIDGE,B1_INDEPENDENT,0.3333333333333333,0.2,0.3333333333333333,0.25,False,False
Q0120,3,OPCODE_STRUCT,BRIDGE,B2_EXACT_GLOBAL,0.3333333333333333,0.3333333333333333,0.3333333333333333,0.3333333333333333,False,False
Q0120,3,OPCODE_STRUCT,BRIDGE,B3_HARD_COMPONENT,0.3333333333333333,1.0,0.3333333333333333,0.5,False,False
Q0120,3,OPCODE_STRUCT,BRIDGE,B4_SOFT_GRAPH,0.3333333333333333,0.5,0.3333333333333333,0.4,False,False
Q0120,3,OPCODE_STRUCT,DROP30_BRIDGE,B1_INDEPENDENT,0.3333333333333333,0.2,0.3333333333333333,0.25,False,False
Q0120,3,OPCODE_STRUCT,DROP30_BRIDGE,B2_EXACT_GLOBAL,0.3333333333333333,0.3333333333333333,0.3333333333333333,0.3333333333333333,False,False
Q0120,3,OPCODE_STRUCT,DROP30_BRIDGE,B3_HARD_COMPONENT,0.3333333333333333,0.3333333333333333,0.3333333333333333,0.3333333333333333,False,False
Q0120,3,OPCODE_STRUCT,DROP30_BRIDGE,B4_SOFT_GRAPH,0.3333333333333333,0.3333333333333333,0.3333333333333333,0.3333333333333333,False,False
Q0120,3,OPCODE_CONTEXT,CLEAN,B1_INDEPENDENT,0.2222222222222222,0.16666666666666666,0.3333333333333333,0.2222222222222222,False,False
Q0120,3,OPCODE_CONTEXT,CLEAN,B2_EXACT_GLOBAL,0.2222222222222222,0.3333333333333333,0.3333333333333333,0.3333333333333333,False,False
Q0120,3,OPCODE_CONTEXT,CLEAN,B3_HARD_COMPONENT,0.3333333333333333,0.3333333333333333,0.3333333333333333,0.3333333333333333,False,False
Q0120,3,OPCODE_CONTEXT,CLEAN,B4_SOFT_GRAPH,0.0,0.0,0.0,0.0,False,False
Q0120,3,OPCODE_CONTEXT,DROP30,B1_INDEPENDENT,0.2222222222222222,0.16666666666666666,0.3333333333333333,0.2222222222222222,False,False
Q0120,3,OPCODE_CONTEXT,DROP30,B2_EXACT_GLOBAL,0.2222222222222222,0.3333333333333333,0.3333333333333333,0.3333333333333333,False,False
Q0120,3,OPCODE_CONTEXT,DROP30,B3_HARD_COMPONENT,0.3333333333333333,0.25,0.3333333333333333,0.28571428571428575,False,False
Q0120,3,OPCODE_CONTEXT,DROP30,B4_SOFT_GRAPH,0.0,0.0,0.0,0.0,False,False
Q0120,3,OPCODE_CONTEXT,BRIDGE,B1_INDEPENDENT,0.2222222222222222,0.16666666666666666,0.3333333333333333,0.2222222222222222,False,False
Q0120,3,OPCODE_CONTEXT,BRIDGE,B2_EXACT_GLOBAL,0.2222222222222222,0.3333333333333333,0.3333333333333333,0.3333333333333333,False,False
Q0120,3,OPCODE_CONTEXT,BRIDGE,B3_HARD_COMPONENT,0.3333333333333333,1.0,0.3333333333333333,0.5,False,False
Q0120,3,OPCODE_CONTEXT,BRIDGE,B4_SOFT_GRAPH,0.0,0.0,0.0,0.0,False,False
Q0120,3,OPCODE_CONTEXT,DROP30_BRIDGE,B1_INDEPENDENT,0.2222222222222222,0.16666666666666666,0.3333333333333333,0.2222222222222222,False,False
Q0120,3,OPCODE_CONTEXT,DROP30_BRIDGE,B2_EXACT_GLOBAL,0.2222222222222222,0.3333333333333333,0.3333333333333333,0.3333333333333333,False,False
Q0120,3,OPCODE_CONTEXT,DROP30_BRIDGE,B3_HARD_COMPONENT,0.3333333333333333,0.3333333333333333,0.3333333333333333,0.3333333333333333,False,False
Q0120,3,OPCODE_CONTEXT,DROP30_BRIDGE,B4_SOFT_GRAPH,0.0,0.0,0.0,0.0,False,False
Q0113,3,OPCODE_3GRAM,CLEAN,B1_INDEPENDENT,0.1111111111111111,0.16666666666666666,0.3333333333333333,0.2222222222222222,False,False
Q0113,3,OPCODE_3GRAM,CLEAN,B2_EXACT_GLOBAL,0.2222222222222222,0.3333333333333333,0.3333333333333333,0.3333333333333333,False,False
Q0113,3,OPCODE_3GRAM,CLEAN,B3_HARD_COMPONENT,0.3333333333333333,0.5,0.3333333333333333,0.4,False,False
Q0113,3,OPCODE_3GRAM,CLEAN,B4_SOFT_GRAPH,0.1111111111111111,0.3333333333333333,0.3333333333333333,0.3333333333333333,False,False
Q0113,3,OPCODE_3GRAM,DROP30,B1_INDEPENDENT,0.1111111111111111,0.16666666666666666,0.3333333333333333,0.2222222222222222,False,False
Q0113,3,OPCODE_3GRAM,DROP30,B2_EXACT_GLOBAL,0.2222222222222222,0.3333333333333333,0.3333333333333333,0.3333333333333333,False,False
Q0113,3,OPCODE_3GRAM,DROP30,B3_HARD_COMPONENT,0.1111111111111111,0.3333333333333333,0.3333333333333333,0.3333333333333333,False,False
Q0113,3,OPCODE_3GRAM,DROP30,B4_SOFT_GRAPH,0.1111111111111111,0.3333333333333333,0.3333333333333333,0.3333333333333333,False,False
Q0113,3,OPCODE_3GRAM,BRIDGE,B1_INDEPENDENT,0.1111111111111111,0.16666666666666666,0.3333333333333333,0.2222222222222222,False,False
Q0113,3,OPCODE_3GRAM,BRIDGE,B2_EXACT_GLOBAL,0.2222222222222222,0.3333333333333333,0.3333333333333333,0.3333333333333333,False,False
Q0113,3,OPCODE_3GRAM,BRIDGE,B3_HARD_COMPONENT,0.0,0.0,0.0,0.0,False,False
Q0113,3,OPCODE_3GRAM,BRIDGE,B4_SOFT_GRAPH,0.1111111111111111,0.3333333333333333,0.3333333333333333,0.3333333333333333,False,False
Q0113,3,OPCODE_3GRAM,DROP30_BRIDGE,B1_INDEPENDENT,0.1111111111111111,0.16666666666666666,0.3333333333333333,0.2222222222222222,False,False
Q0113,3,OPCODE_3GRAM,DROP30_BRIDGE,B2_EXACT_GLOBAL,0.2222222222222222,0.3333333333333333,0.3333333333333333,0.3333333333333333,False,False
Q0113,3,OPCODE_3GRAM,DROP30_BRIDGE,B3_HARD_COMPONENT,0.2222222222222222,0.3333333333333333,0.3333333333333333,0.3333333333333333,False,False
Q0113,3,OPCODE_3GRAM,DROP30_BRIDGE,B4_SOFT_GRAPH,0.1111111111111111,0.3333333333333333,0.3333333333333333,0.3333333333333333,False,False
Q0113,3,OPCODE_STRUCT,CLEAN,B1_INDEPENDENT,0.1111111111111111,0.16666666666666666,0.3333333333333333,0.2222222222222222,False,False
Q0113,3,OPCODE_STRUCT,CLEAN,B2_EXACT_GLOBAL,0.2222222222222222,0.3333333333333333,0.3333333333333333,0.3333333333333333,False,False
Q0113,3,OPCODE_STRUCT,CLEAN,B3_HARD_COMPONENT,0.3333333333333333,0.5,0.3333333333333333,0.4,False,False
Q0113,3,OPCODE_STRUCT,CLEAN,B4_SOFT_GRAPH,0.3333333333333333,0.5,0.3333333333333333,0.4,False,False
Q0113,3,OPCODE_STRUCT,DROP30,B1_INDEPENDENT,0.1111111111111111,0.16666666666666666,0.3333333333333333,0.2222222222222222,False,False
Q0113,3,OPCODE_STRUCT,DROP30,B2_EXACT_GLOBAL,0.2222222222222222,0.3333333333333333,0.3333333333333333,0.3333333333333333,False,False
Q0113,3,OPCODE_STRUCT,DROP30,B3_HARD_COMPONENT,0.1111111111111111,0.25,0.3333333333333333,0.28571428571428575,False,False
Q0113,3,OPCODE_STRUCT,DROP30,B4_SOFT_GRAPH,0.1111111111111111,0.2,0.3333333333333333,0.25,False,False
Q0113,3,OPCODE_STRUCT,BRIDGE,B1_INDEPENDENT,0.1111111111111111,0.16666666666666666,0.3333333333333333,0.2222222222222222,False,False
Q0113,3,OPCODE_STRUCT,BRIDGE,B2_EXACT_GLOBAL,0.2222222222222222,0.3333333333333333,0.3333333333333333,0.3333333333333333,False,False
Q0113,3,OPCODE_STRUCT,BRIDGE,B3_HARD_COMPONENT,0.3333333333333333,1.0,0.3333333333333333,0.5,False,False
Q0113,3,OPCODE_STRUCT,BRIDGE,B4_SOFT_GRAPH,0.3333333333333333,1.0,0.3333333333333333,0.5,False,False
Q0113,3,OPCODE_STRUCT,DROP30_BRIDGE,B1_INDEPENDENT,0.1111111111111111,0.16666666666666666,0.3333333333333333,0.2222222222222222,False,False
Q0113,3,OPCODE_STRUCT,DROP30_BRIDGE,B2_EXACT_GLOBAL,0.2222222222222222,0.3333333333333333,0.3333333333333333,0.3333333333333333,False,False
Q0113,3,OPCODE_STRUCT,DROP30_BRIDGE,B3_HARD_COMPONENT,0.2222222222222222,0.5,0.3333333333333333,0.4,False,False
Q0113,3,OPCODE_STRUCT,DROP30_BRIDGE,B4_SOFT_GRAPH,0.2222222222222222,0.5,0.3333333333333333,0.4,False,False
Q0113,3,OPCODE_CONTEXT,CLEAN,B1_INDEPENDENT,0.2222222222222222,0.2,0.3333333333333333,0.25,False,False
Q0113,3,OPCODE_CONTEXT,CLEAN,B2_EXACT_GLOBAL,0.3333333333333333,0.3333333333333333,0.3333333333333333,0.3333333333333333,False,False
Q0113,3,OPCODE_CONTEXT,CLEAN,B3_HARD_COMPONENT,0.3333333333333333,0.5,0.3333333333333333,0.4,False,False
Q0113,3,OPCODE_CONTEXT,CLEAN,B4_SOFT_GRAPH,0.3333333333333333,0.25,0.3333333333333333,0.28571428571428575,False,False
Q0113,3,OPCODE_CONTEXT,DROP30,B1_INDEPENDENT,0.2222222222222222,0.2,0.3333333333333333,0.25,False,False
Q0113,3,OPCODE_CONTEXT,DROP30,B2_EXACT_GLOBAL,0.3333333333333333,0.3333333333333333,0.3333333333333333,0.3333333333333333,False,False
Q0113,3,OPCODE_CONTEXT,DROP30,B3_HARD_COMPONENT,0.2222222222222222,0.25,0.3333333333333333,0.28571428571428575,False,False
Q0113,3,OPCODE_CONTEXT,DROP30,B4_SOFT_GRAPH,0.3333333333333333,0.25,0.3333333333333333,0.28571428571428575,False,False
Q0113,3,OPCODE_CONTEXT,BRIDGE,B1_INDEPENDENT,0.2222222222222222,0.2,0.3333333333333333,0.25,False,False
Q0113,3,OPCODE_CONTEXT,BRIDGE,B2_EXACT_GLOBAL,0.3333333333333333,0.3333333333333333,0.3333333333333333,0.3333333333333333,False,False
Q0113,3,OPCODE_CONTEXT,BRIDGE,B3_HARD_COMPONENT,0.3333333333333333,1.0,0.3333333333333333,0.5,False,False
Q0113,3,OPCODE_CONTEXT,BRIDGE,B4_SOFT_GRAPH,0.3333333333333333,0.25,0.3333333333333333,0.28571428571428575,False,False
Q0113,3,OPCODE_CONTEXT,DROP30_BRIDGE,B1_INDEPENDENT,0.2222222222222222,0.2,0.3333333333333333,0.25,False,False
Q0113,3,OPCODE_CONTEXT,DROP30_BRIDGE,B2_EXACT_GLOBAL,0.3333333333333333,0.3333333333333333,0.3333333333333333,0.3333333333333333,False,False
Q0113,3,OPCODE_CONTEXT,DROP30_BRIDGE,B3_HARD_COMPONENT,0.2222222222222222,0.3333333333333333,0.3333333333333333,0.3333333333333333,False,False
Q0113,3,OPCODE_CONTEXT,DROP30_BRIDGE,B4_SOFT_GRAPH,0.3333333333333333,0.25,0.3333333333333333,0.28571428571428575,False,False
Q0191,3,OPCODE_3GRAM,CLEAN,B1_INDEPENDENT,0.3333333333333333,0.4,0.6666666666666666,0.5,False,False
Q0191,3,OPCODE_3GRAM,CLEAN,B2_EXACT_GLOBAL,0.2222222222222222,0.3333333333333333,0.3333333333333333,0.3333333333333333,False,False
Q0191,3,OPCODE_3GRAM,CLEAN,B3_HARD_COMPONENT,0.3333333333333333,0.3333333333333333,0.3333333333333333,0.3333333333333333,False,False
Q0191,3,OPCODE_3GRAM,CLEAN,B4_SOFT_GRAPH,0.0,0.0,0.0,0.0,False,False
Q0191,3,OPCODE_3GRAM,DROP30,B1_INDEPENDENT,0.3333333333333333,0.4,0.6666666666666666,0.5,False,False
Q0191,3,OPCODE_3GRAM,DROP30,B2_EXACT_GLOBAL,0.2222222222222222,0.3333333333333333,0.3333333333333333,0.3333333333333333,False,False
Q0191,3,OPCODE_3GRAM,DROP30,B3_HARD_COMPONENT,0.3333333333333333,0.3333333333333333,0.3333333333333333,0.3333333333333333,False,False
Q0191,3,OPCODE_3GRAM,DROP30,B4_SOFT_GRAPH,0.0,0.0,0.0,0.0,False,False
Q0191,3,OPCODE_3GRAM,BRIDGE,B1_INDEPENDENT,0.3333333333333333,0.4,0.6666666666666666,0.5,False,False
Q0191,3,OPCODE_3GRAM,BRIDGE,B2_EXACT_GLOBAL,0.2222222222222222,0.3333333333333333,0.3333333333333333,0.3333333333333333,False,False
Q0191,3,OPCODE_3GRAM,BRIDGE,B3_HARD_COMPONENT,0.0,0.0,0.0,0.0,False,False
Q0191,3,OPCODE_3GRAM,BRIDGE,B4_SOFT_GRAPH,0.0,0.0,0.0,0.0,False,False
Q0191,3,OPCODE_3GRAM,DROP30_BRIDGE,B1_INDEPENDENT,0.3333333333333333,0.4,0.6666666666666666,0.5,False,False
Q0191,3,OPCODE_3GRAM,DROP30_BRIDGE,B2_EXACT_GLOBAL,0.2222222222222222,0.3333333333333333,0.3333333333333333,0.3333333333333333,False,False
Q0191,3,OPCODE_3GRAM,DROP30_BRIDGE,B3_HARD_COMPONENT,0.1111111111111111,0.3333333333333333,0.3333333333333333,0.3333333333333333,False,False
Q0191,3,OPCODE_3GRAM,DROP30_BRIDGE,B4_SOFT_GRAPH,0.0,0.0,0.0,0.0,False,False
Q0191,3,OPCODE_STRUCT,CLEAN,B1_INDEPENDENT,0.4444444444444444,0.2857142857142857,0.6666666666666666,0.4,False,False
Q0191,3,OPCODE_STRUCT,CLEAN,B2_EXACT_GLOBAL,0.3333333333333333,0.3333333333333333,0.3333333333333333,0.3333333333333333,False,False
Q0191,3,OPCODE_STRUCT,CLEAN,B3_HARD_COMPONENT,0.3333333333333333,0.3333333333333333,0.3333333333333333,0.3333333333333333,False,False
Q0191,3,OPCODE_STRUCT,CLEAN,B4_SOFT_GRAPH,0.0,0.0,0.0,0.0,False,False
Q0191,3,OPCODE_STRUCT,DROP30,B1_INDEPENDENT,0.4444444444444444,0.2857142857142857,0.6666666666666666,0.4,False,False
Q0191,3,OPCODE_STRUCT,DROP30,B2_EXACT_GLOBAL,0.3333333333333333,0.3333333333333333,0.3333333333333333,0.3333333333333333,False,False
Q0191,3,OPCODE_STRUCT,DROP30,B3_HARD_COMPONENT,0.3333333333333333,0.25,0.3333333333333333,0.28571428571428575,False,False
Q0191,3,OPCODE_STRUCT,DROP30,B4_SOFT_GRAPH,0.0,0.0,0.0,0.0,False,False
Q0191,3,OPCODE_STRUCT,BRIDGE,B1_INDEPENDENT,0.4444444444444444,0.2857142857142857,0.6666666666666666,0.4,False,False
Q0191,3,OPCODE_STRUCT,BRIDGE,B2_EXACT_GLOBAL,0.3333333333333333,0.3333333333333333,0.3333333333333333,0.3333333333333333,False,False
Q0191,3,OPCODE_STRUCT,BRIDGE,B3_HARD_COMPONENT,0.0,0.0,0.0,0.0,False,False
Q0191,3,OPCODE_STRUCT,BRIDGE,B4_SOFT_GRAPH,0.0,0.0,0.0,0.0,False,False
Q0191,3,OPCODE_STRUCT,DROP30_BRIDGE,B1_INDEPENDENT,0.4444444444444444,0.2857142857142857,0.6666666666666666,0.4,False,False
Q0191,3,OPCODE_STRUCT,DROP30_BRIDGE,B2_EXACT_GLOBAL,0.3333333333333333,0.3333333333333333,0.3333333333333333,0.3333333333333333,False,False
Q0191,3,OPCODE_STRUCT,DROP30_BRIDGE,B3_HARD_COMPONENT,0.1111111111111111,0.3333333333333333,0.3333333333333333,0.3333333333333333,False,False
Q0191,3,OPCODE_STRUCT,DROP30_BRIDGE,B4_SOFT_GRAPH,0.0,0.0,0.0,0.0,False,False
Q0191,3,OPCODE_CONTEXT,CLEAN,B1_INDEPENDENT,0.4444444444444444,0.5,1.0,0.6666666666666666,False,False
Q0191,3,OPCODE_CONTEXT,CLEAN,B2_EXACT_GLOBAL,0.3333333333333333,0.3333333333333333,0.3333333333333333,0.3333333333333333,False,False
Q0191,3,OPCODE_CONTEXT,CLEAN,B3_HARD_COMPONENT,0.3333333333333333,0.3333333333333333,0.3333333333333333,0.3333333333333333,False,False
Q0191,3,OPCODE_CONTEXT,CLEAN,B4_SOFT_GRAPH,0.2222222222222222,0.3333333333333333,0.6666666666666666,0.4444444444444444,False,False
Q0191,3,OPCODE_CONTEXT,DROP30,B1_INDEPENDENT,0.4444444444444444,0.5,1.0,0.6666666666666666,False,False
Q0191,3,OPCODE_CONTEXT,DROP30,B2_EXACT_GLOBAL,0.3333333333333333,0.3333333333333333,0.3333333333333333,0.3333333333333333,False,False
Q0191,3,OPCODE_CONTEXT,DROP30,B3_HARD_COMPONENT,0.5555555555555556,0.5,0.6666666666666666,0.5714285714285715,False,False
Q0191,3,OPCODE_CONTEXT,DROP30,B4_SOFT_GRAPH,0.2222222222222222,0.3333333333333333,0.6666666666666666,0.4444444444444444,False,False
Q0191,3,OPCODE_CONTEXT,BRIDGE,B1_INDEPENDENT,0.4444444444444444,0.5,1.0,0.6666666666666666,False,False
Q0191,3,OPCODE_CONTEXT,BRIDGE,B2_EXACT_GLOBAL,0.3333333333333333,0.3333333333333333,0.3333333333333333,0.3333333333333333,False,False
Q0191,3,OPCODE_CONTEXT,BRIDGE,B3_HARD_COMPONENT,0.0,0.0,0.0,0.0,False,False
Q0191,3,OPCODE_CONTEXT,BRIDGE,B4_SOFT_GRAPH,0.2222222222222222,0.3333333333333333,0.6666666666666666,0.4444444444444444,False,False
Q0191,3,OPCODE_CONTEXT,DROP30_BRIDGE,B1_INDEPENDENT,0.4444444444444444,0.5,1.0,0.6666666666666666,False,False
Q0191,3,OPCODE_CONTEXT,DROP30_BRIDGE,B2_EXACT_GLOBAL,0.3333333333333333,0.3333333333333333,0.3333333333333333,0.3333333333333333,False,False
Q0191,3,OPCODE_CONTEXT,DROP30_BRIDGE,B3_HARD_COMPONENT,0.1111111111111111,0.3333333333333333,0.3333333333333333,0.3333333333333333,False,False
Q0191,3,OPCODE_CONTEXT,DROP30_BRIDGE,B4_SOFT_GRAPH,0.2222222222222222,0.3333333333333333,0.6666666666666666,0.4444444444444444,False,False
Q0164,3,OPCODE_3GRAM,CLEAN,B1_INDEPENDENT,0.1111111111111111,0.2,0.3333333333333333,0.25,False,False
Q0164,3,OPCODE_3GRAM,CLEAN,B2_EXACT_GLOBAL,0.1111111111111111,0.3333333333333333,0.3333333333333333,0.3333333333333333,False,False
Q0164,3,OPCODE_3GRAM,CLEAN,B3_HARD_COMPONENT,0.3333333333333333,0.3333333333333333,0.3333333333333333,0.3333333333333333,False,False
Q0164,3,OPCODE_3GRAM,CLEAN,B4_SOFT_GRAPH,0.3333333333333333,1.0,0.3333333333333333,0.5,False,False
Q0164,3,OPCODE_3GRAM,DROP30,B1_INDEPENDENT,0.1111111111111111,0.2,0.3333333333333333,0.25,False,False
Q0164,3,OPCODE_3GRAM,DROP30,B2_EXACT_GLOBAL,0.1111111111111111,0.3333333333333333,0.3333333333333333,0.3333333333333333,False,False
Q0164,3,OPCODE_3GRAM,DROP30,B3_HARD_COMPONENT,0.2222222222222222,0.25,0.3333333333333333,0.28571428571428575,False,False
Q0164,3,OPCODE_3GRAM,DROP30,B4_SOFT_GRAPH,0.2222222222222222,0.3333333333333333,0.3333333333333333,0.3333333333333333,False,False
Q0164,3,OPCODE_3GRAM,BRIDGE,B1_INDEPENDENT,0.1111111111111111,0.2,0.3333333333333333,0.25,False,False
Q0164,3,OPCODE_3GRAM,BRIDGE,B2_EXACT_GLOBAL,0.1111111111111111,0.3333333333333333,0.3333333333333333,0.3333333333333333,False,False
Q0164,3,OPCODE_3GRAM,BRIDGE,B3_HARD_COMPONENT,0.3333333333333333,1.0,0.3333333333333333,0.5,False,False
Q0164,3,OPCODE_3GRAM,BRIDGE,B4_SOFT_GRAPH,0.3333333333333333,1.0,0.3333333333333333,0.5,False,False
Q0164,3,OPCODE_3GRAM,DROP30_BRIDGE,B1_INDEPENDENT,0.1111111111111111,0.2,0.3333333333333333,0.25,False,False
Q0164,3,OPCODE_3GRAM,DROP30_BRIDGE,B2_EXACT_GLOBAL,0.1111111111111111,0.3333333333333333,0.3333333333333333,0.3333333333333333,False,False
Q0164,3,OPCODE_3GRAM,DROP30_BRIDGE,B3_HARD_COMPONENT,0.1111111111111111,0.5,0.3333333333333333,0.4,False,False
Q0164,3,OPCODE_3GRAM,DROP30_BRIDGE,B4_SOFT_GRAPH,0.3333333333333333,1.0,0.3333333333333333,0.5,False,False
Q0164,3,OPCODE_STRUCT,CLEAN,B1_INDEPENDENT,0.1111111111111111,0.2,0.3333333333333333,0.25,False,False
Q0164,3,OPCODE_STRUCT,CLEAN,B2_EXACT_GLOBAL,0.1111111111111111,0.3333333333333333,0.3333333333333333,0.3333333333333333,False,False
Q0164,3,OPCODE_STRUCT,CLEAN,B3_HARD_COMPONENT,0.3333333333333333,0.3333333333333333,0.3333333333333333,0.3333333333333333,False,False
Q0164,3,OPCODE_STRUCT,CLEAN,B4_SOFT_GRAPH,0.1111111111111111,0.25,0.3333333333333333,0.28571428571428575,False,False
Q0164,3,OPCODE_STRUCT,DROP30,B1_INDEPENDENT,0.1111111111111111,0.2,0.3333333333333333,0.25,False,False
Q0164,3,OPCODE_STRUCT,DROP30,B2_EXACT_GLOBAL,0.1111111111111111,0.3333333333333333,0.3333333333333333,0.3333333333333333,False,False
Q0164,3,OPCODE_STRUCT,DROP30,B3_HARD_COMPONENT,0.2222222222222222,0.25,0.3333333333333333,0.28571428571428575,False,False
Q0164,3,OPCODE_STRUCT,DROP30,B4_SOFT_GRAPH,0.1111111111111111,0.2,0.3333333333333333,0.25,False,False
Q0164,3,OPCODE_STRUCT,BRIDGE,B1_INDEPENDENT,0.1111111111111111,0.2,0.3333333333333333,0.25,False,False
Q0164,3,OPCODE_STRUCT,BRIDGE,B2_EXACT_GLOBAL,0.1111111111111111,0.3333333333333333,0.3333333333333333,0.3333333333333333,False,False
Q0164,3,OPCODE_STRUCT,BRIDGE,B3_HARD_COMPONENT,0.3333333333333333,1.0,0.3333333333333333,0.5,False,False
Q0164,3,OPCODE_STRUCT,BRIDGE,B4_SOFT_GRAPH,0.1111111111111111,0.25,0.3333333333333333,0.28571428571428575,False,False
Q0164,3,OPCODE_STRUCT,DROP30_BRIDGE,B1_INDEPENDENT,0.1111111111111111,0.2,0.3333333333333333,0.25,False,False
Q0164,3,OPCODE_STRUCT,DROP30_BRIDGE,B2_EXACT_GLOBAL,0.1111111111111111,0.3333333333333333,0.3333333333333333,0.3333333333333333,False,False
Q0164,3,OPCODE_STRUCT,DROP30_BRIDGE,B3_HARD_COMPONENT,0.1111111111111111,0.3333333333333333,0.3333333333333333,0.3333333333333333,False,False
Q0164,3,OPCODE_STRUCT,DROP30_BRIDGE,B4_SOFT_GRAPH,0.1111111111111111,0.25,0.3333333333333333,0.28571428571428575,False,False
Q0164,3,OPCODE_CONTEXT,CLEAN,B1_INDEPENDENT,0.2222222222222222,0.2857142857142857,0.6666666666666666,0.4,False,False
Q0164,3,OPCODE_CONTEXT,CLEAN,B2_EXACT_GLOBAL,0.1111111111111111,0.3333333333333333,0.3333333333333333,0.3333333333333333,False,False
Q0164,3,OPCODE_CONTEXT,CLEAN,B3_HARD_COMPONENT,0.0,0.0,0.0,0.0,False,False
Q0164,3,OPCODE_CONTEXT,CLEAN,B4_SOFT_GRAPH,0.2222222222222222,0.2857142857142857,0.6666666666666666,0.4,False,False
Q0164,3,OPCODE_CONTEXT,DROP30,B1_INDEPENDENT,0.2222222222222222,0.2857142857142857,0.6666666666666666,0.4,False,False
Q0164,3,OPCODE_CONTEXT,DROP30,B2_EXACT_GLOBAL,0.1111111111111111,0.3333333333333333,0.3333333333333333,0.3333333333333333,False,False
Q0164,3,OPCODE_CONTEXT,DROP30,B3_HARD_COMPONENT,0.1111111111111111,0.25,0.3333333333333333,0.28571428571428575,False,False
Q0164,3,OPCODE_CONTEXT,DROP30,B4_SOFT_GRAPH,0.2222222222222222,0.2857142857142857,0.6666666666666666,0.4,False,False
Q0164,3,OPCODE_CONTEXT,BRIDGE,B1_INDEPENDENT,0.2222222222222222,0.2857142857142857,0.6666666666666666,0.4,False,False
Q0164,3,OPCODE_CONTEXT,BRIDGE,B2_EXACT_GLOBAL,0.1111111111111111,0.3333333333333333,0.3333333333333333,0.3333333333333333,False,False
Q0164,3,OPCODE_CONTEXT,BRIDGE,B3_HARD_COMPONENT,0.0,0.0,0.0,0.0,False,False
Q0164,3,OPCODE_CONTEXT,BRIDGE,B4_SOFT_GRAPH,0.2222222222222222,0.2857142857142857,0.6666666666666666,0.4,False,False
Q0164,3,OPCODE_CONTEXT,DROP30_BRIDGE,B1_INDEPENDENT,0.2222222222222222,0.2857142857142857,0.6666666666666666,0.4,False,False
Q0164,3,OPCODE_CONTEXT,DROP30_BRIDGE,B2_EXACT_GLOBAL,0.1111111111111111,0.3333333333333333,0.3333333333333333,0.3333333333333333,False,False
Q0164,3,OPCODE_CONTEXT,DROP30_BRIDGE,B3_HARD_COMPONENT,0.0,0.5,0.3333333333333333,0.4,False,False
Q0164,3,OPCODE_CONTEXT,DROP30_BRIDGE,B4_SOFT_GRAPH,0.2222222222222222,0.2857142857142857,0.6666666666666666,0.4,False,False
Q0198,3,OPCODE_3GRAM,CLEAN,B1_INDEPENDENT,0.2222222222222222,0.2857142857142857,0.6666666666666666,0.4,False,False
Q0198,3,OPCODE_3GRAM,CLEAN,B2_EXACT_GLOBAL,0.2222222222222222,0.6666666666666666,0.6666666666666666,0.6666666666666666,False,False
Q0198,3,OPCODE_3GRAM,CLEAN,B3_HARD_COMPONENT,0.6666666666666666,0.6666666666666666,0.6666666666666666,0.6666666666666666,False,False
Q0198,3,OPCODE_3GRAM,CLEAN,B4_SOFT_GRAPH,0.0,0.0,0.0,0.0,False,False
Q0198,3,OPCODE_3GRAM,DROP30,B1_INDEPENDENT,0.2222222222222222,0.2857142857142857,0.6666666666666666,0.4,False,False
Q0198,3,OPCODE_3GRAM,DROP30,B2_EXACT_GLOBAL,0.2222222222222222,0.6666666666666666,0.6666666666666666,0.6666666666666666,False,False
Q0198,3,OPCODE_3GRAM,DROP30,B3_HARD_COMPONENT,0.5555555555555556,0.5,0.6666666666666666,0.5714285714285715,False,False
Q0198,3,OPCODE_3GRAM,DROP30,B4_SOFT_GRAPH,0.0,0.0,0.0,0.0,False,False
Q0198,3,OPCODE_3GRAM,BRIDGE,B1_INDEPENDENT,0.2222222222222222,0.2857142857142857,0.6666666666666666,0.4,False,False
Q0198,3,OPCODE_3GRAM,BRIDGE,B2_EXACT_GLOBAL,0.2222222222222222,0.6666666666666666,0.6666666666666666,0.6666666666666666,False,False
Q0198,3,OPCODE_3GRAM,BRIDGE,B3_HARD_COMPONENT,0.0,0.0,0.0,0.0,False,False
Q0198,3,OPCODE_3GRAM,BRIDGE,B4_SOFT_GRAPH,0.0,0.0,0.0,0.0,False,False
Q0198,3,OPCODE_3GRAM,DROP30_BRIDGE,B1_INDEPENDENT,0.2222222222222222,0.2857142857142857,0.6666666666666666,0.4,False,False
Q0198,3,OPCODE_3GRAM,DROP30_BRIDGE,B2_EXACT_GLOBAL,0.2222222222222222,0.6666666666666666,0.6666666666666666,0.6666666666666666,False,False
Q0198,3,OPCODE_3GRAM,DROP30_BRIDGE,B3_HARD_COMPONENT,0.1111111111111111,0.3333333333333333,0.3333333333333333,0.3333333333333333,False,False
Q0198,3,OPCODE_3GRAM,DROP30_BRIDGE,B4_SOFT_GRAPH,0.0,0.0,0.0,0.0,False,False
Q0198,3,OPCODE_STRUCT,CLEAN,B1_INDEPENDENT,0.2222222222222222,0.5,1.0,0.6666666666666666,False,False
Q0198,3,OPCODE_STRUCT,CLEAN,B2_EXACT_GLOBAL,0.2222222222222222,0.6666666666666666,0.6666666666666666,0.6666666666666666,False,False
Q0198,3,OPCODE_STRUCT,CLEAN,B3_HARD_COMPONENT,0.6666666666666666,0.6666666666666666,0.6666666666666666,0.6666666666666666,False,False
Q0198,3,OPCODE_STRUCT,CLEAN,B4_SOFT_GRAPH,0.0,0.3333333333333333,0.3333333333333333,0.3333333333333333,False,False
Q0198,3,OPCODE_STRUCT,DROP30,B1_INDEPENDENT,0.2222222222222222,0.5,1.0,0.6666666666666666,False,False
Q0198,3,OPCODE_STRUCT,DROP30,B2_EXACT_GLOBAL,0.2222222222222222,0.6666666666666666,0.6666666666666666,0.6666666666666666,False,False
Q0198,3,OPCODE_STRUCT,DROP30,B3_HARD_COMPONENT,0.5555555555555556,0.6,1.0,0.7499999999999999,False,False
Q0198,3,OPCODE_STRUCT,DROP30,B4_SOFT_GRAPH,0.0,0.3333333333333333,0.3333333333333333,0.3333333333333333,False,False
Q0198,3,OPCODE_STRUCT,BRIDGE,B1_INDEPENDENT,0.2222222222222222,0.5,1.0,0.6666666666666666,False,False
Q0198,3,OPCODE_STRUCT,BRIDGE,B2_EXACT_GLOBAL,0.2222222222222222,0.6666666666666666,0.6666666666666666,0.6666666666666666,False,False
Q0198,3,OPCODE_STRUCT,BRIDGE,B3_HARD_COMPONENT,0.0,0.0,0.0,0.0,False,False
Q0198,3,OPCODE_STRUCT,BRIDGE,B4_SOFT_GRAPH,0.0,0.3333333333333333,0.3333333333333333,0.3333333333333333,False,False
Q0198,3,OPCODE_STRUCT,DROP30_BRIDGE,B1_INDEPENDENT,0.2222222222222222,0.5,1.0,0.6666666666666666,False,False
Q0198,3,OPCODE_STRUCT,DROP30_BRIDGE,B2_EXACT_GLOBAL,0.2222222222222222,0.6666666666666666,0.6666666666666666,0.6666666666666666,False,False
Q0198,3,OPCODE_STRUCT,DROP30_BRIDGE,B3_HARD_COMPONENT,0.1111111111111111,0.3333333333333333,0.3333333333333333,0.3333333333333333,False,False
Q0198,3,OPCODE_STRUCT,DROP30_BRIDGE,B4_SOFT_GRAPH,0.0,0.3333333333333333,0.3333333333333333,0.3333333333333333,False,False
Q0198,3,OPCODE_CONTEXT,CLEAN,B1_INDEPENDENT,0.2222222222222222,0.4,0.6666666666666666,0.5,False,False
Q0198,3,OPCODE_CONTEXT,CLEAN,B2_EXACT_GLOBAL,0.2222222222222222,0.6666666666666666,0.6666666666666666,0.6666666666666666,False,False
Q0198,3,OPCODE_CONTEXT,CLEAN,B3_HARD_COMPONENT,0.6666666666666666,0.6666666666666666,0.6666666666666666,0.6666666666666666,False,False
Q0198,3,OPCODE_CONTEXT,CLEAN,B4_SOFT_GRAPH,0.0,0.0,0.0,0.0,False,False
Q0198,3,OPCODE_CONTEXT,DROP30,B1_INDEPENDENT,0.2222222222222222,0.4,0.6666666666666666,0.5,False,False
Q0198,3,OPCODE_CONTEXT,DROP30,B2_EXACT_GLOBAL,0.2222222222222222,0.6666666666666666,0.6666666666666666,0.6666666666666666,False,False
Q0198,3,OPCODE_CONTEXT,DROP30,B3_HARD_COMPONENT,0.5555555555555556,0.4,0.6666666666666666,0.5,False,False
Q0198,3,OPCODE_CONTEXT,DROP30,B4_SOFT_GRAPH,0.0,0.0,0.0,0.0,False,False
Q0198,3,OPCODE_CONTEXT,BRIDGE,B1_INDEPENDENT,0.2222222222222222,0.4,0.6666666666666666,0.5,False,False
Q0198,3,OPCODE_CONTEXT,BRIDGE,B2_EXACT_GLOBAL,0.2222222222222222,0.6666666666666666,0.6666666666666666,0.6666666666666666,False,False
Q0198,3,OPCODE_CONTEXT,BRIDGE,B3_HARD_COMPONENT,0.0,0.0,0.0,0.0,False,False
Q0198,3,OPCODE_CONTEXT,BRIDGE,B4_SOFT_GRAPH,0.0,0.0,0.0,0.0,False,False
Q0198,3,OPCODE_CONTEXT,DROP30_BRIDGE,B1_INDEPENDENT,0.2222222222222222,0.4,0.6666666666666666,0.5,False,False
Q0198,3,OPCODE_CONTEXT,DROP30_BRIDGE,B2_EXACT_GLOBAL,0.2222222222222222,0.6666666666666666,0.6666666666666666,0.6666666666666666,False,False
Q0198,3,OPCODE_CONTEXT,DROP30_BRIDGE,B3_HARD_COMPONENT,0.1111111111111111,0.5,0.3333333333333333,0.4,False,False
Q0198,3,OPCODE_CONTEXT,DROP30_BRIDGE,B4_SOFT_GRAPH,0.0,0.0,0.0,0.0,False,False
Q0136,3,OPCODE_3GRAM,CLEAN,B1_INDEPENDENT,0.5555555555555556,0.5,1.0,0.6666666666666666,False,False
Q0136,3,OPCODE_3GRAM,CLEAN,B2_EXACT_GLOBAL,0.5555555555555556,0.6666666666666666,0.6666666666666666,0.6666666666666666,False,False
Q0136,3,OPCODE_3GRAM,CLEAN,B3_HARD_COMPONENT,0.6666666666666666,0.6666666666666666,0.6666666666666666,0.6666666666666666,False,False
Q0136,3,OPCODE_3GRAM,CLEAN,B4_SOFT_GRAPH,0.4444444444444444,0.4,0.6666666666666666,0.5,False,False
Q0136,3,OPCODE_3GRAM,DROP30,B1_INDEPENDENT,0.5555555555555556,0.5,1.0,0.6666666666666666,False,False
Q0136,3,OPCODE_3GRAM,DROP30,B2_EXACT_GLOBAL,0.5555555555555556,0.6666666666666666,0.6666666666666666,0.6666666666666666,False,False
Q0136,3,OPCODE_3GRAM,DROP30,B3_HARD_COMPONENT,0.7777777777777778,0.75,1.0,0.8571428571428571,False,False
Q0136,3,OPCODE_3GRAM,DROP30,B4_SOFT_GRAPH,0.4444444444444444,0.3333333333333333,0.6666666666666666,0.4444444444444444,False,False
Q0136,3,OPCODE_3GRAM,BRIDGE,B1_INDEPENDENT,0.5555555555555556,0.5,1.0,0.6666666666666666,False,False
Q0136,3,OPCODE_3GRAM,BRIDGE,B2_EXACT_GLOBAL,0.5555555555555556,0.6666666666666666,0.6666666666666666,0.6666666666666666,False,False
Q0136,3,OPCODE_3GRAM,BRIDGE,B3_HARD_COMPONENT,0.3333333333333333,1.0,0.3333333333333333,0.5,False,False
Q0136,3,OPCODE_3GRAM,BRIDGE,B4_SOFT_GRAPH,0.4444444444444444,0.4,0.6666666666666666,0.5,False,False
Q0136,3,OPCODE_3GRAM,DROP30_BRIDGE,B1_INDEPENDENT,0.5555555555555556,0.5,1.0,0.6666666666666666,False,False
Q0136,3,OPCODE_3GRAM,DROP30_BRIDGE,B2_EXACT_GLOBAL,0.5555555555555556,0.6666666666666666,0.6666666666666666,0.6666666666666666,False,False
Q0136,3,OPCODE_3GRAM,DROP30_BRIDGE,B3_HARD_COMPONENT,0.4444444444444444,0.6666666666666666,0.6666666666666666,0.6666666666666666,False,False
Q0136,3,OPCODE_3GRAM,DROP30_BRIDGE,B4_SOFT_GRAPH,0.4444444444444444,0.4,0.6666666666666666,0.5,False,False
Q0136,3,OPCODE_STRUCT,CLEAN,B1_INDEPENDENT,0.5555555555555556,0.42857142857142855,1.0,0.6,False,False
Q0136,3,OPCODE_STRUCT,CLEAN,B2_EXACT_GLOBAL,0.5555555555555556,0.6666666666666666,0.6666666666666666,0.6666666666666666,False,False
Q0136,3,OPCODE_STRUCT,CLEAN,B3_HARD_COMPONENT,0.6666666666666666,0.6666666666666666,0.6666666666666666,0.6666666666666666,False,False
Q0136,3,OPCODE_STRUCT,CLEAN,B4_SOFT_GRAPH,0.1111111111111111,0.2,0.3333333333333333,0.25,False,False
Q0136,3,OPCODE_STRUCT,DROP30,B1_INDEPENDENT,0.5555555555555556,0.42857142857142855,1.0,0.6,False,False
Q0136,3,OPCODE_STRUCT,DROP30,B2_EXACT_GLOBAL,0.5555555555555556,0.6666666666666666,0.6666666666666666,0.6666666666666666,False,False
Q0136,3,OPCODE_STRUCT,DROP30,B3_HARD_COMPONENT,0.7777777777777778,0.75,1.0,0.8571428571428571,False,False
Q0136,3,OPCODE_STRUCT,DROP30,B4_SOFT_GRAPH,0.1111111111111111,0.16666666666666666,0.3333333333333333,0.2222222222222222,False,False
Q0136,3,OPCODE_STRUCT,BRIDGE,B1_INDEPENDENT,0.5555555555555556,0.42857142857142855,1.0,0.6,False,False
Q0136,3,OPCODE_STRUCT,BRIDGE,B2_EXACT_GLOBAL,0.5555555555555556,0.6666666666666666,0.6666666666666666,0.6666666666666666,False,False
Q0136,3,OPCODE_STRUCT,BRIDGE,B3_HARD_COMPONENT,0.3333333333333333,1.0,0.3333333333333333,0.5,False,False
Q0136,3,OPCODE_STRUCT,BRIDGE,B4_SOFT_GRAPH,0.1111111111111111,0.5,0.3333333333333333,0.4,False,False
Q0136,3,OPCODE_STRUCT,DROP30_BRIDGE,B1_INDEPENDENT,0.5555555555555556,0.42857142857142855,1.0,0.6,False,False
Q0136,3,OPCODE_STRUCT,DROP30_BRIDGE,B2_EXACT_GLOBAL,0.5555555555555556,0.6666666666666666,0.6666666666666666,0.6666666666666666,False,False
Q0136,3,OPCODE_STRUCT,DROP30_BRIDGE,B3_HARD_COMPONENT,0.4444444444444444,0.6666666666666666,0.6666666666666666,0.6666666666666666,False,False
Q0136,3,OPCODE_STRUCT,DROP30_BRIDGE,B4_SOFT_GRAPH,0.1111111111111111,0.3333333333333333,0.3333333333333333,0.3333333333333333,False,False
Q0136,3,OPCODE_CONTEXT,CLEAN,B1_INDEPENDENT,0.7777777777777778,0.75,1.0,0.8571428571428571,False,False
Q0136,3,OPCODE_CONTEXT,CLEAN,B2_EXACT_GLOBAL,0.8888888888888888,1.0,1.0,1.0,True,False
Q0136,3,OPCODE_CONTEXT,CLEAN,B3_HARD_COMPONENT,1.0,1.0,1.0,1.0,True,True
Q0136,3,OPCODE_CONTEXT,CLEAN,B4_SOFT_GRAPH,0.7777777777777778,0.75,1.0,0.8571428571428571,False,False
Q0136,3,OPCODE_CONTEXT,DROP30,B1_INDEPENDENT,0.7777777777777778,0.75,1.0,0.8571428571428571,False,False
Q0136,3,OPCODE_CONTEXT,DROP30,B2_EXACT_GLOBAL,0.8888888888888888,1.0,1.0,1.0,True,False
Q0136,3,OPCODE_CONTEXT,DROP30,B3_HARD_COMPONENT,1.0,1.0,1.0,1.0,True,True
Q0136,3,OPCODE_CONTEXT,DROP30,B4_SOFT_GRAPH,0.7777777777777778,0.75,1.0,0.8571428571428571,False,False
Q0136,3,OPCODE_CONTEXT,BRIDGE,B1_INDEPENDENT,0.7777777777777778,0.75,1.0,0.8571428571428571,False,False
Q0136,3,OPCODE_CONTEXT,BRIDGE,B2_EXACT_GLOBAL,0.8888888888888888,1.0,1.0,1.0,True,False
Q0136,3,OPCODE_CONTEXT,BRIDGE,B3_HARD_COMPONENT,0.3333333333333333,1.0,0.3333333333333333,0.5,False,False
Q0136,3,OPCODE_CONTEXT,BRIDGE,B4_SOFT_GRAPH,0.7777777777777778,0.75,1.0,0.8571428571428571,False,False
Q0136,3,OPCODE_CONTEXT,DROP30_BRIDGE,B1_INDEPENDENT,0.7777777777777778,0.75,1.0,0.8571428571428571,False,False
Q0136,3,OPCODE_CONTEXT,DROP30_BRIDGE,B2_EXACT_GLOBAL,0.8888888888888888,1.0,1.0,1.0,True,False
Q0136,3,OPCODE_CONTEXT,DROP30_BRIDGE,B3_HARD_COMPONENT,0.4444444444444444,0.6666666666666666,0.6666666666666666,0.6666666666666666,False,False
Q0136,3,OPCODE_CONTEXT,DROP30_BRIDGE,B4_SOFT_GRAPH,0.7777777777777778,0.75,1.0,0.8571428571428571,False,False
Q0186,3,OPCODE_3GRAM,CLEAN,B1_INDEPENDENT,0.2222222222222222,0.4,0.6666666666666666,0.5,False,False
Q0186,3,OPCODE_3GRAM,CLEAN,B2_EXACT_GLOBAL,0.1111111111111111,0.3333333333333333,0.3333333333333333,0.3333333333333333,False,False
Q0186,3,OPCODE_3GRAM,CLEAN,B3_HARD_COMPONENT,0.3333333333333333,0.3333333333333333,0.3333333333333333,0.3333333333333333,False,False
Q0186,3,OPCODE_3GRAM,CLEAN,B4_SOFT_GRAPH,0.1111111111111111,0.4,0.6666666666666666,0.5,False,False
Q0186,3,OPCODE_3GRAM,DROP30,B1_INDEPENDENT,0.2222222222222222,0.4,0.6666666666666666,0.5,False,False
Q0186,3,OPCODE_3GRAM,DROP30,B2_EXACT_GLOBAL,0.1111111111111111,0.3333333333333333,0.3333333333333333,0.3333333333333333,False,False
Q0186,3,OPCODE_3GRAM,DROP30,B3_HARD_COMPONENT,0.3333333333333333,0.5,0.6666666666666666,0.5714285714285715,False,False
Q0186,3,OPCODE_3GRAM,DROP30,B4_SOFT_GRAPH,0.3333333333333333,0.5,0.6666666666666666,0.5714285714285715,False,False
Q0186,3,OPCODE_3GRAM,BRIDGE,B1_INDEPENDENT,0.2222222222222222,0.4,0.6666666666666666,0.5,False,False
Q0186,3,OPCODE_3GRAM,BRIDGE,B2_EXACT_GLOBAL,0.1111111111111111,0.3333333333333333,0.3333333333333333,0.3333333333333333,False,False
Q0186,3,OPCODE_3GRAM,BRIDGE,B3_HARD_COMPONENT,0.0,0.0,0.0,0.0,False,False
Q0186,3,OPCODE_3GRAM,BRIDGE,B4_SOFT_GRAPH,0.1111111111111111,0.5,0.6666666666666666,0.5714285714285715,False,False
Q0186,3,OPCODE_3GRAM,DROP30_BRIDGE,B1_INDEPENDENT,0.2222222222222222,0.4,0.6666666666666666,0.5,False,False
Q0186,3,OPCODE_3GRAM,DROP30_BRIDGE,B2_EXACT_GLOBAL,0.1111111111111111,0.3333333333333333,0.3333333333333333,0.3333333333333333,False,False
Q0186,3,OPCODE_3GRAM,DROP30_BRIDGE,B3_HARD_COMPONENT,0.1111111111111111,0.3333333333333333,0.3333333333333333,0.3333333333333333,False,False
Q0186,3,OPCODE_3GRAM,DROP30_BRIDGE,B4_SOFT_GRAPH,0.1111111111111111,0.3333333333333333,0.3333333333333333,0.3333333333333333,False,False
Q0186,3,OPCODE_STRUCT,CLEAN,B1_INDEPENDENT,0.2222222222222222,0.3333333333333333,0.6666666666666666,0.4444444444444444,False,False
Q0186,3,OPCODE_STRUCT,CLEAN,B2_EXACT_GLOBAL,0.2222222222222222,0.3333333333333333,0.3333333333333333,0.3333333333333333,False,False
Q0186,3,OPCODE_STRUCT,CLEAN,B3_HARD_COMPONENT,0.3333333333333333,0.5,0.3333333333333333,0.4,False,False
Q0186,3,OPCODE_STRUCT,CLEAN,B4_SOFT_GRAPH,0.3333333333333333,1.0,0.3333333333333333,0.5,False,False
Q0186,3,OPCODE_STRUCT,DROP30,B1_INDEPENDENT,0.2222222222222222,0.3333333333333333,0.6666666666666666,0.4444444444444444,False,False
Q0186,3,OPCODE_STRUCT,DROP30,B2_EXACT_GLOBAL,0.2222222222222222,0.3333333333333333,0.3333333333333333,0.3333333333333333,False,False
Q0186,3,OPCODE_STRUCT,DROP30,B3_HARD_COMPONENT,0.3333333333333333,0.5,0.6666666666666666,0.5714285714285715,False,False
Q0186,3,OPCODE_STRUCT,DROP30,B4_SOFT_GRAPH,0.2222222222222222,0.3333333333333333,0.3333333333333333,0.3333333333333333,False,False
Q0186,3,OPCODE_STRUCT,BRIDGE,B1_INDEPENDENT,0.2222222222222222,0.3333333333333333,0.6666666666666666,0.4444444444444444,False,False
Q0186,3,OPCODE_STRUCT,BRIDGE,B2_EXACT_GLOBAL,0.2222222222222222,0.3333333333333333,0.3333333333333333,0.3333333333333333,False,False
Q0186,3,OPCODE_STRUCT,BRIDGE,B3_HARD_COMPONENT,0.3333333333333333,1.0,0.3333333333333333,0.5,False,False
Q0186,3,OPCODE_STRUCT,BRIDGE,B4_SOFT_GRAPH,0.3333333333333333,1.0,0.3333333333333333,0.5,False,False
Q0186,3,OPCODE_STRUCT,DROP30_BRIDGE,B1_INDEPENDENT,0.2222222222222222,0.3333333333333333,0.6666666666666666,0.4444444444444444,False,False
Q0186,3,OPCODE_STRUCT,DROP30_BRIDGE,B2_EXACT_GLOBAL,0.2222222222222222,0.3333333333333333,0.3333333333333333,0.3333333333333333,False,False
Q0186,3,OPCODE_STRUCT,DROP30_BRIDGE,B3_HARD_COMPONENT,0.1111111111111111,0.3333333333333333,0.3333333333333333,0.3333333333333333,False,False
Q0186,3,OPCODE_STRUCT,DROP30_BRIDGE,B4_SOFT_GRAPH,0.1111111111111111,0.3333333333333333,0.3333333333333333,0.3333333333333333,False,False
Q0186,3,OPCODE_CONTEXT,CLEAN,B1_INDEPENDENT,0.4444444444444444,0.2857142857142857,0.6666666666666666,0.4,False,False
Q0186,3,OPCODE_CONTEXT,CLEAN,B2_EXACT_GLOBAL,0.6666666666666666,0.6666666666666666,0.6666666666666666,0.6666666666666666,False,False
Q0186,3,OPCODE_CONTEXT,CLEAN,B3_HARD_COMPONENT,0.6666666666666666,0.6666666666666666,0.6666666666666666,0.6666666666666666,False,False
Q0186,3,OPCODE_CONTEXT,CLEAN,B4_SOFT_GRAPH,0.4444444444444444,0.2857142857142857,0.6666666666666666,0.4,False,False
Q0186,3,OPCODE_CONTEXT,DROP30,B1_INDEPENDENT,0.4444444444444444,0.2857142857142857,0.6666666666666666,0.4,False,False
Q0186,3,OPCODE_CONTEXT,DROP30,B2_EXACT_GLOBAL,0.6666666666666666,0.6666666666666666,0.6666666666666666,0.6666666666666666,False,False
Q0186,3,OPCODE_CONTEXT,DROP30,B3_HARD_COMPONENT,0.6666666666666666,0.6666666666666666,0.6666666666666666,0.6666666666666666,False,False
Q0186,3,OPCODE_CONTEXT,DROP30,B4_SOFT_GRAPH,0.4444444444444444,0.2857142857142857,0.6666666666666666,0.4,False,False
Q0186,3,OPCODE_CONTEXT,BRIDGE,B1_INDEPENDENT,0.4444444444444444,0.2857142857142857,0.6666666666666666,0.4,False,False
Q0186,3,OPCODE_CONTEXT,BRIDGE,B2_EXACT_GLOBAL,0.6666666666666666,0.6666666666666666,0.6666666666666666,0.6666666666666666,False,False
Q0186,3,OPCODE_CONTEXT,BRIDGE,B3_HARD_COMPONENT,0.3333333333333333,1.0,0.3333333333333333,0.5,False,False
Q0186,3,OPCODE_CONTEXT,BRIDGE,B4_SOFT_GRAPH,0.4444444444444444,0.2857142857142857,0.6666666666666666,0.4,False,False
Q0186,3,OPCODE_CONTEXT,DROP30_BRIDGE,B1_INDEPENDENT,0.4444444444444444,0.2857142857142857,0.6666666666666666,0.4,False,False
Q0186,3,OPCODE_CONTEXT,DROP30_BRIDGE,B2_EXACT_GLOBAL,0.6666666666666666,0.6666666666666666,0.6666666666666666,0.6666666666666666,False,False
Q0186,3,OPCODE_CONTEXT,DROP30_BRIDGE,B3_HARD_COMPONENT,0.2222222222222222,0.5,0.3333333333333333,0.4,False,False
Q0186,3,OPCODE_CONTEXT,DROP30_BRIDGE,B4_SOFT_GRAPH,0.4444444444444444,0.2857142857142857,0.6666666666666666,0.4,False,False
Q0133,3,OPCODE_3GRAM,CLEAN,B1_INDEPENDENT,0.1111111111111111,0.2,0.3333333333333333,0.25,False,False
Q0133,3,OPCODE_3GRAM,CLEAN,B2_EXACT_GLOBAL,0.2222222222222222,0.3333333333333333,0.3333333333333333,0.3333333333333333,False,False
Q0133,3,OPCODE_3GRAM,CLEAN,B3_HARD_COMPONENT,0.3333333333333333,0.3333333333333333,0.3333333333333333,0.3333333333333333,False,False
Q0133,3,OPCODE_3GRAM,CLEAN,B4_SOFT_GRAPH,0.3333333333333333,1.0,0.3333333333333333,0.5,False,False
Q0133,3,OPCODE_3GRAM,DROP30,B1_INDEPENDENT,0.1111111111111111,0.2,0.3333333333333333,0.25,False,False
Q0133,3,OPCODE_3GRAM,DROP30,B2_EXACT_GLOBAL,0.2222222222222222,0.3333333333333333,0.3333333333333333,0.3333333333333333,False,False
Q0133,3,OPCODE_3GRAM,DROP30,B3_HARD_COMPONENT,0.3333333333333333,0.25,0.3333333333333333,0.28571428571428575,False,False
Q0133,3,OPCODE_3GRAM,DROP30,B4_SOFT_GRAPH,0.3333333333333333,0.3333333333333333,0.3333333333333333,0.3333333333333333,False,False
Q0133,3,OPCODE_3GRAM,BRIDGE,B1_INDEPENDENT,0.1111111111111111,0.2,0.3333333333333333,0.25,False,False
Q0133,3,OPCODE_3GRAM,BRIDGE,B2_EXACT_GLOBAL,0.2222222222222222,0.3333333333333333,0.3333333333333333,0.3333333333333333,False,False
Q0133,3,OPCODE_3GRAM,BRIDGE,B3_HARD_COMPONENT,0.3333333333333333,1.0,0.3333333333333333,0.5,False,False
Q0133,3,OPCODE_3GRAM,BRIDGE,B4_SOFT_GRAPH,0.3333333333333333,1.0,0.3333333333333333,0.5,False,False
Q0133,3,OPCODE_3GRAM,DROP30_BRIDGE,B1_INDEPENDENT,0.1111111111111111,0.2,0.3333333333333333,0.25,False,False
Q0133,3,OPCODE_3GRAM,DROP30_BRIDGE,B2_EXACT_GLOBAL,0.2222222222222222,0.3333333333333333,0.3333333333333333,0.3333333333333333,False,False
Q0133,3,OPCODE_3GRAM,DROP30_BRIDGE,B3_HARD_COMPONENT,0.2222222222222222,0.5,0.3333333333333333,0.4,False,False
Q0133,3,OPCODE_3GRAM,DROP30_BRIDGE,B4_SOFT_GRAPH,0.2222222222222222,0.5,0.3333333333333333,0.4,False,False
Q0133,3,OPCODE_STRUCT,CLEAN,B1_INDEPENDENT,0.1111111111111111,0.2,0.3333333333333333,0.25,False,False
Q0133,3,OPCODE_STRUCT,CLEAN,B2_EXACT_GLOBAL,0.1111111111111111,0.3333333333333333,0.3333333333333333,0.3333333333333333,False,False
Q0133,3,OPCODE_STRUCT,CLEAN,B3_HARD_COMPONENT,0.3333333333333333,0.3333333333333333,0.3333333333333333,0.3333333333333333,False,False
Q0133,3,OPCODE_STRUCT,CLEAN,B4_SOFT_GRAPH,0.1111111111111111,0.5,0.6666666666666666,0.5714285714285715,False,False
Q0133,3,OPCODE_STRUCT,DROP30,B1_INDEPENDENT,0.1111111111111111,0.2,0.3333333333333333,0.25,False,False
Q0133,3,OPCODE_STRUCT,DROP30,B2_EXACT_GLOBAL,0.1111111111111111,0.3333333333333333,0.3333333333333333,0.3333333333333333,False,False
Q0133,3,OPCODE_STRUCT,DROP30,B3_HARD_COMPONENT,0.3333333333333333,0.25,0.3333333333333333,0.28571428571428575,False,False
Q0133,3,OPCODE_STRUCT,DROP30,B4_SOFT_GRAPH,0.1111111111111111,0.2,0.3333333333333333,0.25,False,False
Q0133,3,OPCODE_STRUCT,BRIDGE,B1_INDEPENDENT,0.1111111111111111,0.2,0.3333333333333333,0.25,False,False
Q0133,3,OPCODE_STRUCT,BRIDGE,B2_EXACT_GLOBAL,0.1111111111111111,0.3333333333333333,0.3333333333333333,0.3333333333333333,False,False
Q0133,3,OPCODE_STRUCT,BRIDGE,B3_HARD_COMPONENT,0.0,0.0,0.0,0.0,False,False
Q0133,3,OPCODE_STRUCT,BRIDGE,B4_SOFT_GRAPH,0.2222222222222222,0.3333333333333333,0.3333333333333333,0.3333333333333333,False,False
Q0133,3,OPCODE_STRUCT,DROP30_BRIDGE,B1_INDEPENDENT,0.1111111111111111,0.2,0.3333333333333333,0.25,False,False
Q0133,3,OPCODE_STRUCT,DROP30_BRIDGE,B2_EXACT_GLOBAL,0.1111111111111111,0.3333333333333333,0.3333333333333333,0.3333333333333333,False,False
Q0133,3,OPCODE_STRUCT,DROP30_BRIDGE,B3_HARD_COMPONENT,0.2222222222222222,0.5,0.3333333333333333,0.4,False,False
Q0133,3,OPCODE_STRUCT,DROP30_BRIDGE,B4_SOFT_GRAPH,0.1111111111111111,0.25,0.3333333333333333,0.28571428571428575,False,False
Q0133,3,OPCODE_CONTEXT,CLEAN,B1_INDEPENDENT,0.1111111111111111,0.4,0.6666666666666666,0.5,False,False
Q0133,3,OPCODE_CONTEXT,CLEAN,B2_EXACT_GLOBAL,0.1111111111111111,0.3333333333333333,0.3333333333333333,0.3333333333333333,False,False
Q0133,3,OPCODE_CONTEXT,CLEAN,B3_HARD_COMPONENT,0.0,0.3333333333333333,0.3333333333333333,0.3333333333333333,False,False
Q0133,3,OPCODE_CONTEXT,CLEAN,B4_SOFT_GRAPH,0.2222222222222222,0.4,0.6666666666666666,0.5,False,False
Q0133,3,OPCODE_CONTEXT,DROP30,B1_INDEPENDENT,0.1111111111111111,0.4,0.6666666666666666,0.5,False,False
Q0133,3,OPCODE_CONTEXT,DROP30,B2_EXACT_GLOBAL,0.1111111111111111,0.3333333333333333,0.3333333333333333,0.3333333333333333,False,False
Q0133,3,OPCODE_CONTEXT,DROP30,B3_HARD_COMPONENT,0.0,0.25,0.3333333333333333,0.28571428571428575,False,False
Q0133,3,OPCODE_CONTEXT,DROP30,B4_SOFT_GRAPH,0.2222222222222222,0.4,0.6666666666666666,0.5,False,False
Q0133,3,OPCODE_CONTEXT,BRIDGE,B1_INDEPENDENT,0.1111111111111111,0.4,0.6666666666666666,0.5,False,False
Q0133,3,OPCODE_CONTEXT,BRIDGE,B2_EXACT_GLOBAL,0.1111111111111111,0.3333333333333333,0.3333333333333333,0.3333333333333333,False,False
Q0133,3,OPCODE_CONTEXT,BRIDGE,B3_HARD_COMPONENT,0.3333333333333333,1.0,0.3333333333333333,0.5,False,False
Q0133,3,OPCODE_CONTEXT,BRIDGE,B4_SOFT_GRAPH,0.2222222222222222,0.4,0.6666666666666666,0.5,False,False
Q0133,3,OPCODE_CONTEXT,DROP30_BRIDGE,B1_INDEPENDENT,0.1111111111111111,0.4,0.6666666666666666,0.5,False,False
Q0133,3,OPCODE_CONTEXT,DROP30_BRIDGE,B2_EXACT_GLOBAL,0.1111111111111111,0.3333333333333333,0.3333333333333333,0.3333333333333333,False,False
Q0133,3,OPCODE_CONTEXT,DROP30_BRIDGE,B3_HARD_COMPONENT,0.2222222222222222,0.3333333333333333,0.3333333333333333,0.3333333333333333,False,False
Q0133,3,OPCODE_CONTEXT,DROP30_BRIDGE,B4_SOFT_GRAPH,0.2222222222222222,0.4,0.6666666666666666,0.5,False,False
Q0175,3,OPCODE_3GRAM,CLEAN,B1_INDEPENDENT,0.1111111111111111,0.16666666666666666,0.3333333333333333,0.2222222222222222,False,False
Q0175,3,OPCODE_3GRAM,CLEAN,B2_EXACT_GLOBAL,0.2222222222222222,0.3333333333333333,0.3333333333333333,0.3333333333333333,False,False
Q0175,3,OPCODE_3GRAM,CLEAN,B3_HARD_COMPONENT,0.3333333333333333,0.3333333333333333,0.3333333333333333,0.3333333333333333,False,False
Q0175,3,OPCODE_3GRAM,CLEAN,B4_SOFT_GRAPH,0.1111111111111111,0.5,0.3333333333333333,0.4,False,False
Q0175,3,OPCODE_3GRAM,DROP30,B1_INDEPENDENT,0.1111111111111111,0.16666666666666666,0.3333333333333333,0.2222222222222222,False,False
Q0175,3,OPCODE_3GRAM,DROP30,B2_EXACT_GLOBAL,0.2222222222222222,0.3333333333333333,0.3333333333333333,0.3333333333333333,False,False
Q0175,3,OPCODE_3GRAM,DROP30,B3_HARD_COMPONENT,0.2222222222222222,0.25,0.3333333333333333,0.28571428571428575,False,False
Q0175,3,OPCODE_3GRAM,DROP30,B4_SOFT_GRAPH,0.1111111111111111,0.25,0.3333333333333333,0.28571428571428575,False,False
Q0175,3,OPCODE_3GRAM,BRIDGE,B1_INDEPENDENT,0.1111111111111111,0.16666666666666666,0.3333333333333333,0.2222222222222222,False,False
Q0175,3,OPCODE_3GRAM,BRIDGE,B2_EXACT_GLOBAL,0.2222222222222222,0.3333333333333333,0.3333333333333333,0.3333333333333333,False,False
Q0175,3,OPCODE_3GRAM,BRIDGE,B3_HARD_COMPONENT,0.3333333333333333,1.0,0.3333333333333333,0.5,False,False
Q0175,3,OPCODE_3GRAM,BRIDGE,B4_SOFT_GRAPH,0.1111111111111111,0.5,0.3333333333333333,0.4,False,False
Q0175,3,OPCODE_3GRAM,DROP30_BRIDGE,B1_INDEPENDENT,0.1111111111111111,0.16666666666666666,0.3333333333333333,0.2222222222222222,False,False
Q0175,3,OPCODE_3GRAM,DROP30_BRIDGE,B2_EXACT_GLOBAL,0.2222222222222222,0.3333333333333333,0.3333333333333333,0.3333333333333333,False,False
Q0175,3,OPCODE_3GRAM,DROP30_BRIDGE,B3_HARD_COMPONENT,0.3333333333333333,0.3333333333333333,0.3333333333333333,0.3333333333333333,False,False
Q0175,3,OPCODE_3GRAM,DROP30_BRIDGE,B4_SOFT_GRAPH,0.0,0.0,0.0,0.0,False,False
Q0175,3,OPCODE_STRUCT,CLEAN,B1_INDEPENDENT,0.1111111111111111,0.2,0.3333333333333333,0.25,False,False
Q0175,3,OPCODE_STRUCT,CLEAN,B2_EXACT_GLOBAL,0.1111111111111111,0.3333333333333333,0.3333333333333333,0.3333333333333333,False,False
Q0175,3,OPCODE_STRUCT,CLEAN,B3_HARD_COMPONENT,0.3333333333333333,0.3333333333333333,0.3333333333333333,0.3333333333333333,False,False
Q0175,3,OPCODE_STRUCT,CLEAN,B4_SOFT_GRAPH,0.1111111111111111,0.3333333333333333,0.3333333333333333,0.3333333333333333,False,False
Q0175,3,OPCODE_STRUCT,DROP30,B1_INDEPENDENT,0.1111111111111111,0.2,0.3333333333333333,0.25,False,False
Q0175,3,OPCODE_STRUCT,DROP30,B2_EXACT_GLOBAL,0.1111111111111111,0.3333333333333333,0.3333333333333333,0.3333333333333333,False,False
Q0175,3,OPCODE_STRUCT,DROP30,B3_HARD_COMPONENT,0.2222222222222222,0.3333333333333333,0.3333333333333333,0.3333333333333333,False,False
Q0175,3,OPCODE_STRUCT,DROP30,B4_SOFT_GRAPH,0.1111111111111111,0.3333333333333333,0.3333333333333333,0.3333333333333333,False,False
Q0175,3,OPCODE_STRUCT,BRIDGE,B1_INDEPENDENT,0.1111111111111111,0.2,0.3333333333333333,0.25,False,False
Q0175,3,OPCODE_STRUCT,BRIDGE,B2_EXACT_GLOBAL,0.1111111111111111,0.3333333333333333,0.3333333333333333,0.3333333333333333,False,False
Q0175,3,OPCODE_STRUCT,BRIDGE,B3_HARD_COMPONENT,0.0,0.0,0.0,0.0,False,False
Q0175,3,OPCODE_STRUCT,BRIDGE,B4_SOFT_GRAPH,0.1111111111111111,0.3333333333333333,0.3333333333333333,0.3333333333333333,False,False
Q0175,3,OPCODE_STRUCT,DROP30_BRIDGE,B1_INDEPENDENT,0.1111111111111111,0.2,0.3333333333333333,0.25,False,False
Q0175,3,OPCODE_STRUCT,DROP30_BRIDGE,B2_EXACT_GLOBAL,0.1111111111111111,0.3333333333333333,0.3333333333333333,0.3333333333333333,False,False
Q0175,3,OPCODE_STRUCT,DROP30_BRIDGE,B3_HARD_COMPONENT,0.3333333333333333,0.5,0.3333333333333333,0.4,False,False
Q0175,3,OPCODE_STRUCT,DROP30_BRIDGE,B4_SOFT_GRAPH,0.0,0.3333333333333333,0.3333333333333333,0.3333333333333333,False,False
Q0175,3,OPCODE_CONTEXT,CLEAN,B1_INDEPENDENT,0.1111111111111111,0.16666666666666666,0.3333333333333333,0.2222222222222222,False,False
Q0175,3,OPCODE_CONTEXT,CLEAN,B2_EXACT_GLOBAL,0.1111111111111111,0.3333333333333333,0.3333333333333333,0.3333333333333333,False,False
Q0175,3,OPCODE_CONTEXT,CLEAN,B3_HARD_COMPONENT,0.0,0.0,0.0,0.0,False,False
Q0175,3,OPCODE_CONTEXT,CLEAN,B4_SOFT_GRAPH,0.1111111111111111,0.2,0.3333333333333333,0.25,False,False
Q0175,3,OPCODE_CONTEXT,DROP30,B1_INDEPENDENT,0.1111111111111111,0.16666666666666666,0.3333333333333333,0.2222222222222222,False,False
Q0175,3,OPCODE_CONTEXT,DROP30,B2_EXACT_GLOBAL,0.1111111111111111,0.3333333333333333,0.3333333333333333,0.3333333333333333,False,False
Q0175,3,OPCODE_CONTEXT,DROP30,B3_HARD_COMPONENT,0.0,0.0,0.0,0.0,False,False
Q0175,3,OPCODE_CONTEXT,DROP30,B4_SOFT_GRAPH,0.1111111111111111,0.2,0.3333333333333333,0.25,False,False
Q0175,3,OPCODE_CONTEXT,BRIDGE,B1_INDEPENDENT,0.1111111111111111,0.16666666666666666,0.3333333333333333,0.2222222222222222,False,False
Q0175,3,OPCODE_CONTEXT,BRIDGE,B2_EXACT_GLOBAL,0.1111111111111111,0.3333333333333333,0.3333333333333333,0.3333333333333333,False,False
Q0175,3,OPCODE_CONTEXT,BRIDGE,B3_HARD_COMPONENT,0.0,0.0,0.0,0.0,False,False
Q0175,3,OPCODE_CONTEXT,BRIDGE,B4_SOFT_GRAPH,0.1111111111111111,0.2,0.3333333333333333,0.25,False,False
Q0175,3,OPCODE_CONTEXT,DROP30_BRIDGE,B1_INDEPENDENT,0.1111111111111111,0.16666666666666666,0.3333333333333333,0.2222222222222222,False,False
Q0175,3,OPCODE_CONTEXT,DROP30_BRIDGE,B2_EXACT_GLOBAL,0.1111111111111111,0.3333333333333333,0.3333333333333333,0.3333333333333333,False,False
Q0175,3,OPCODE_CONTEXT,DROP30_BRIDGE,B3_HARD_COMPONENT,0.0,0.0,0.0,0.0,False,False
Q0175,3,OPCODE_CONTEXT,DROP30_BRIDGE,B4_SOFT_GRAPH,0.1111111111111111,0.2,0.3333333333333333,0.25,False,False
Q0134,3,OPCODE_3GRAM,CLEAN,B1_INDEPENDENT,0.5555555555555556,0.6,1.0,0.7499999999999999,False,False
Q0134,3,OPCODE_3GRAM,CLEAN,B2_EXACT_GLOBAL,0.5555555555555556,0.6666666666666666,0.6666666666666666,0.6666666666666666,False,False
Q0134,3,OPCODE_3GRAM,CLEAN,B3_HARD_COMPONENT,1.0,1.0,1.0,1.0,True,True
Q0134,3,OPCODE_3GRAM,CLEAN,B4_SOFT_GRAPH,0.7777777777777778,0.6,1.0,0.7499999999999999,False,False
Q0134,3,OPCODE_3GRAM,DROP30,B1_INDEPENDENT,0.5555555555555556,0.6,1.0,0.7499999999999999,False,False
Q0134,3,OPCODE_3GRAM,DROP30,B2_EXACT_GLOBAL,0.5555555555555556,0.6666666666666666,0.6666666666666666,0.6666666666666666,False,False
Q0134,3,OPCODE_3GRAM,DROP30,B3_HARD_COMPONENT,0.8888888888888888,0.75,1.0,0.8571428571428571,False,False
Q0134,3,OPCODE_3GRAM,DROP30,B4_SOFT_GRAPH,0.7777777777777778,0.6,1.0,0.7499999999999999,False,False
Q0134,3,OPCODE_3GRAM,BRIDGE,B1_INDEPENDENT,0.5555555555555556,0.6,1.0,0.7499999999999999,False,False
Q0134,3,OPCODE_3GRAM,BRIDGE,B2_EXACT_GLOBAL,0.5555555555555556,0.6666666666666666,0.6666666666666666,0.6666666666666666,False,False
Q0134,3,OPCODE_3GRAM,BRIDGE,B3_HARD_COMPONENT,0.3333333333333333,1.0,0.3333333333333333,0.5,False,False
Q0134,3,OPCODE_3GRAM,BRIDGE,B4_SOFT_GRAPH,0.7777777777777778,0.75,1.0,0.8571428571428571,False,False
Q0134,3,OPCODE_3GRAM,DROP30_BRIDGE,B1_INDEPENDENT,0.5555555555555556,0.6,1.0,0.7499999999999999,False,False
Q0134,3,OPCODE_3GRAM,DROP30_BRIDGE,B2_EXACT_GLOBAL,0.5555555555555556,0.6666666666666666,0.6666666666666666,0.6666666666666666,False,False
Q0134,3,OPCODE_3GRAM,DROP30_BRIDGE,B3_HARD_COMPONENT,0.5555555555555556,1.0,1.0,1.0,True,False
Q0134,3,OPCODE_3GRAM,DROP30_BRIDGE,B4_SOFT_GRAPH,0.5555555555555556,0.6,1.0,0.7499999999999999,False,False
Q0134,3,OPCODE_STRUCT,CLEAN,B1_INDEPENDENT,0.5555555555555556,0.5,1.0,0.6666666666666666,False,False
Q0134,3,OPCODE_STRUCT,CLEAN,B2_EXACT_GLOBAL,0.7777777777777778,1.0,1.0,1.0,True,False
Q0134,3,OPCODE_STRUCT,CLEAN,B3_HARD_COMPONENT,1.0,1.0,1.0,1.0,True,True
Q0134,3,OPCODE_STRUCT,CLEAN,B4_SOFT_GRAPH,0.4444444444444444,1.0,0.6666666666666666,0.8,False,False
Q0134,3,OPCODE_STRUCT,DROP30,B1_INDEPENDENT,0.5555555555555556,0.5,1.0,0.6666666666666666,False,False
Q0134,3,OPCODE_STRUCT,DROP30,B2_EXACT_GLOBAL,0.7777777777777778,1.0,1.0,1.0,True,False
Q0134,3,OPCODE_STRUCT,DROP30,B3_HARD_COMPONENT,0.8888888888888888,0.75,1.0,0.8571428571428571,False,False
Q0134,3,OPCODE_STRUCT,DROP30,B4_SOFT_GRAPH,0.2222222222222222,0.4,0.6666666666666666,0.5,False,False
Q0134,3,OPCODE_STRUCT,BRIDGE,B1_INDEPENDENT,0.5555555555555556,0.5,1.0,0.6666666666666666,False,False
Q0134,3,OPCODE_STRUCT,BRIDGE,B2_EXACT_GLOBAL,0.7777777777777778,1.0,1.0,1.0,True,False
Q0134,3,OPCODE_STRUCT,BRIDGE,B3_HARD_COMPONENT,0.3333333333333333,1.0,0.3333333333333333,0.5,False,False
Q0134,3,OPCODE_STRUCT,BRIDGE,B4_SOFT_GRAPH,0.4444444444444444,1.0,0.6666666666666666,0.8,False,False
Q0134,3,OPCODE_STRUCT,DROP30_BRIDGE,B1_INDEPENDENT,0.5555555555555556,0.5,1.0,0.6666666666666666,False,False
Q0134,3,OPCODE_STRUCT,DROP30_BRIDGE,B2_EXACT_GLOBAL,0.7777777777777778,1.0,1.0,1.0,True,False
Q0134,3,OPCODE_STRUCT,DROP30_BRIDGE,B3_HARD_COMPONENT,0.5555555555555556,1.0,1.0,1.0,True,False
Q0134,3,OPCODE_STRUCT,DROP30_BRIDGE,B4_SOFT_GRAPH,0.4444444444444444,1.0,0.6666666666666666,0.8,False,False
Q0134,3,OPCODE_CONTEXT,CLEAN,B1_INDEPENDENT,0.6666666666666666,0.6,1.0,0.7499999999999999,False,False
Q0134,3,OPCODE_CONTEXT,CLEAN,B2_EXACT_GLOBAL,0.6666666666666666,0.6666666666666666,0.6666666666666666,0.6666666666666666,False,False
Q0134,3,OPCODE_CONTEXT,CLEAN,B3_HARD_COMPONENT,0.6666666666666666,0.6666666666666666,0.6666666666666666,0.6666666666666666,False,False
Q0134,3,OPCODE_CONTEXT,CLEAN,B4_SOFT_GRAPH,0.3333333333333333,0.3333333333333333,0.6666666666666666,0.4444444444444444,False,False
Q0134,3,OPCODE_CONTEXT,DROP30,B1_INDEPENDENT,0.6666666666666666,0.6,1.0,0.7499999999999999,False,False
Q0134,3,OPCODE_CONTEXT,DROP30,B2_EXACT_GLOBAL,0.6666666666666666,0.6666666666666666,0.6666666666666666,0.6666666666666666,False,False
Q0134,3,OPCODE_CONTEXT,DROP30,B3_HARD_COMPONENT,0.5555555555555556,0.5,0.6666666666666666,0.5714285714285715,False,False
Q0134,3,OPCODE_CONTEXT,DROP30,B4_SOFT_GRAPH,0.3333333333333333,0.3333333333333333,0.6666666666666666,0.4444444444444444,False,False
Q0134,3,OPCODE_CONTEXT,BRIDGE,B1_INDEPENDENT,0.6666666666666666,0.6,1.0,0.7499999999999999,False,False
Q0134,3,OPCODE_CONTEXT,BRIDGE,B2_EXACT_GLOBAL,0.6666666666666666,0.6666666666666666,0.6666666666666666,0.6666666666666666,False,False
Q0134,3,OPCODE_CONTEXT,BRIDGE,B3_HARD_COMPONENT,0.3333333333333333,1.0,0.3333333333333333,0.5,False,False
Q0134,3,OPCODE_CONTEXT,BRIDGE,B4_SOFT_GRAPH,0.3333333333333333,0.3333333333333333,0.6666666666666666,0.4444444444444444,False,False
Q0134,3,OPCODE_CONTEXT,DROP30_BRIDGE,B1_INDEPENDENT,0.6666666666666666,0.6,1.0,0.7499999999999999,False,False
Q0134,3,OPCODE_CONTEXT,DROP30_BRIDGE,B2_EXACT_GLOBAL,0.6666666666666666,0.6666666666666666,0.6666666666666666,0.6666666666666666,False,False
Q0134,3,OPCODE_CONTEXT,DROP30_BRIDGE,B3_HARD_COMPONENT,0.4444444444444444,0.6666666666666666,0.6666666666666666,0.6666666666666666,False,False
Q0134,3,OPCODE_CONTEXT,DROP30_BRIDGE,B4_SOFT_GRAPH,0.3333333333333333,0.3333333333333333,0.6666666666666666,0.4444444444444444,False,False
Q0102,3,OPCODE_3GRAM,CLEAN,B1_INDEPENDENT,0.1111111111111111,0.16666666666666666,0.3333333333333333,0.2222222222222222,False,False
Q0102,3,OPCODE_3GRAM,CLEAN,B2_EXACT_GLOBAL,0.2222222222222222,0.3333333333333333,0.3333333333333333,0.3333333333333333,False,False
Q0102,3,OPCODE_3GRAM,CLEAN,B3_HARD_COMPONENT,0.3333333333333333,0.5,0.3333333333333333,0.4,False,False
Q0102,3,OPCODE_3GRAM,CLEAN,B4_SOFT_GRAPH,0.1111111111111111,0.3333333333333333,0.3333333333333333,0.3333333333333333,False,False
Q0102,3,OPCODE_3GRAM,DROP30,B1_INDEPENDENT,0.1111111111111111,0.16666666666666666,0.3333333333333333,0.2222222222222222,False,False
Q0102,3,OPCODE_3GRAM,DROP30,B2_EXACT_GLOBAL,0.2222222222222222,0.3333333333333333,0.3333333333333333,0.3333333333333333,False,False
Q0102,3,OPCODE_3GRAM,DROP30,B3_HARD_COMPONENT,0.3333333333333333,0.25,0.3333333333333333,0.28571428571428575,False,False
Q0102,3,OPCODE_3GRAM,DROP30,B4_SOFT_GRAPH,0.1111111111111111,0.2,0.3333333333333333,0.25,False,False
Q0102,3,OPCODE_3GRAM,BRIDGE,B1_INDEPENDENT,0.1111111111111111,0.16666666666666666,0.3333333333333333,0.2222222222222222,False,False
Q0102,3,OPCODE_3GRAM,BRIDGE,B2_EXACT_GLOBAL,0.2222222222222222,0.3333333333333333,0.3333333333333333,0.3333333333333333,False,False
Q0102,3,OPCODE_3GRAM,BRIDGE,B3_HARD_COMPONENT,0.0,0.0,0.0,0.0,False,False
Q0102,3,OPCODE_3GRAM,BRIDGE,B4_SOFT_GRAPH,0.1111111111111111,0.3333333333333333,0.3333333333333333,0.3333333333333333,False,False
Q0102,3,OPCODE_3GRAM,DROP30_BRIDGE,B1_INDEPENDENT,0.1111111111111111,0.16666666666666666,0.3333333333333333,0.2222222222222222,False,False
Q0102,3,OPCODE_3GRAM,DROP30_BRIDGE,B2_EXACT_GLOBAL,0.2222222222222222,0.3333333333333333,0.3333333333333333,0.3333333333333333,False,False
Q0102,3,OPCODE_3GRAM,DROP30_BRIDGE,B3_HARD_COMPONENT,0.0,0.0,0.0,0.0,False,False
Q0102,3,OPCODE_3GRAM,DROP30_BRIDGE,B4_SOFT_GRAPH,0.1111111111111111,0.25,0.3333333333333333,0.28571428571428575,False,False
Q0102,3,OPCODE_STRUCT,CLEAN,B1_INDEPENDENT,0.1111111111111111,0.2,0.3333333333333333,0.25,False,False
Q0102,3,OPCODE_STRUCT,CLEAN,B2_EXACT_GLOBAL,0.1111111111111111,0.3333333333333333,0.3333333333333333,0.3333333333333333,False,False
Q0102,3,OPCODE_STRUCT,CLEAN,B3_HARD_COMPONENT,0.3333333333333333,0.3333333333333333,0.3333333333333333,0.3333333333333333,False,False
Q0102,3,OPCODE_STRUCT,CLEAN,B4_SOFT_GRAPH,0.1111111111111111,0.3333333333333333,0.3333333333333333,0.3333333333333333,False,False
Q0102,3,OPCODE_STRUCT,DROP30,B1_INDEPENDENT,0.1111111111111111,0.2,0.3333333333333333,0.25,False,False
Q0102,3,OPCODE_STRUCT,DROP30,B2_EXACT_GLOBAL,0.1111111111111111,0.3333333333333333,0.3333333333333333,0.3333333333333333,False,False
Q0102,3,OPCODE_STRUCT,DROP30,B3_HARD_COMPONENT,0.3333333333333333,0.2,0.3333333333333333,0.25,False,False
Q0102,3,OPCODE_STRUCT,DROP30,B4_SOFT_GRAPH,0.1111111111111111,0.2,0.3333333333333333,0.25,False,False
Q0102,3,OPCODE_STRUCT,BRIDGE,B1_INDEPENDENT,0.1111111111111111,0.2,0.3333333333333333,0.25,False,False
Q0102,3,OPCODE_STRUCT,BRIDGE,B2_EXACT_GLOBAL,0.1111111111111111,0.3333333333333333,0.3333333333333333,0.3333333333333333,False,False
Q0102,3,OPCODE_STRUCT,BRIDGE,B3_HARD_COMPONENT,0.0,0.0,0.0,0.0,False,False
Q0102,3,OPCODE_STRUCT,BRIDGE,B4_SOFT_GRAPH,0.1111111111111111,0.3333333333333333,0.3333333333333333,0.3333333333333333,False,False
Q0102,3,OPCODE_STRUCT,DROP30_BRIDGE,B1_INDEPENDENT,0.1111111111111111,0.2,0.3333333333333333,0.25,False,False
Q0102,3,OPCODE_STRUCT,DROP30_BRIDGE,B2_EXACT_GLOBAL,0.1111111111111111,0.3333333333333333,0.3333333333333333,0.3333333333333333,False,False
Q0102,3,OPCODE_STRUCT,DROP30_BRIDGE,B3_HARD_COMPONENT,0.0,0.0,0.0,0.0,False,False
Q0102,3,OPCODE_STRUCT,DROP30_BRIDGE,B4_SOFT_GRAPH,0.1111111111111111,0.25,0.3333333333333333,0.28571428571428575,False,False
Q0102,3,OPCODE_CONTEXT,CLEAN,B1_INDEPENDENT,0.1111111111111111,0.16666666666666666,0.3333333333333333,0.2222222222222222,False,False
Q0102,3,OPCODE_CONTEXT,CLEAN,B2_EXACT_GLOBAL,0.0,0.0,0.0,0.0,False,False
Q0102,3,OPCODE_CONTEXT,CLEAN,B3_HARD_COMPONENT,0.0,0.0,0.0,0.0,False,False
Q0102,3,OPCODE_CONTEXT,CLEAN,B4_SOFT_GRAPH,0.1111111111111111,0.2,0.3333333333333333,0.25,False,False
Q0102,3,OPCODE_CONTEXT,DROP30,B1_INDEPENDENT,0.1111111111111111,0.16666666666666666,0.3333333333333333,0.2222222222222222,False,False
Q0102,3,OPCODE_CONTEXT,DROP30,B2_EXACT_GLOBAL,0.0,0.0,0.0,0.0,False,False
Q0102,3,OPCODE_CONTEXT,DROP30,B3_HARD_COMPONENT,0.0,0.0,0.0,0.0,False,False
Q0102,3,OPCODE_CONTEXT,DROP30,B4_SOFT_GRAPH,0.1111111111111111,0.2,0.3333333333333333,0.25,False,False
Q0102,3,OPCODE_CONTEXT,BRIDGE,B1_INDEPENDENT,0.1111111111111111,0.16666666666666666,0.3333333333333333,0.2222222222222222,False,False
Q0102,3,OPCODE_CONTEXT,BRIDGE,B2_EXACT_GLOBAL,0.0,0.0,0.0,0.0,False,False
Q0102,3,OPCODE_CONTEXT,BRIDGE,B3_HARD_COMPONENT,0.0,0.0,0.0,0.0,False,False
Q0102,3,OPCODE_CONTEXT,BRIDGE,B4_SOFT_GRAPH,0.1111111111111111,0.2,0.3333333333333333,0.25,False,False
Q0102,3,OPCODE_CONTEXT,DROP30_BRIDGE,B1_INDEPENDENT,0.1111111111111111,0.16666666666666666,0.3333333333333333,0.2222222222222222,False,False
Q0102,3,OPCODE_CONTEXT,DROP30_BRIDGE,B2_EXACT_GLOBAL,0.0,0.0,0.0,0.0,False,False
Q0102,3,OPCODE_CONTEXT,DROP30_BRIDGE,B3_HARD_COMPONENT,0.0,0.0,0.0,0.0,False,False
Q0102,3,OPCODE_CONTEXT,DROP30_BRIDGE,B4_SOFT_GRAPH,0.1111111111111111,0.2,0.3333333333333333,0.25,False,False
Q0177,3,OPCODE_3GRAM,CLEAN,B1_INDEPENDENT,0.1111111111111111,0.16666666666666666,0.3333333333333333,0.2222222222222222,False,False
Q0177,3,OPCODE_3GRAM,CLEAN,B2_EXACT_GLOBAL,0.1111111111111111,0.3333333333333333,0.3333333333333333,0.3333333333333333,False,False
Q0177,3,OPCODE_3GRAM,CLEAN,B3_HARD_COMPONENT,0.3333333333333333,0.3333333333333333,0.3333333333333333,0.3333333333333333,False,False
Q0177,3,OPCODE_3GRAM,CLEAN,B4_SOFT_GRAPH,0.0,0.0,0.0,0.0,False,False
Q0177,3,OPCODE_3GRAM,DROP30,B1_INDEPENDENT,0.1111111111111111,0.16666666666666666,0.3333333333333333,0.2222222222222222,False,False
Q0177,3,OPCODE_3GRAM,DROP30,B2_EXACT_GLOBAL,0.1111111111111111,0.3333333333333333,0.3333333333333333,0.3333333333333333,False,False
Q0177,3,OPCODE_3GRAM,DROP30,B3_HARD_COMPONENT,0.3333333333333333,0.25,0.3333333333333333,0.28571428571428575,False,False
Q0177,3,OPCODE_3GRAM,DROP30,B4_SOFT_GRAPH,0.0,0.0,0.0,0.0,False,False
Q0177,3,OPCODE_3GRAM,BRIDGE,B1_INDEPENDENT,0.1111111111111111,0.16666666666666666,0.3333333333333333,0.2222222222222222,False,False
Q0177,3,OPCODE_3GRAM,BRIDGE,B2_EXACT_GLOBAL,0.1111111111111111,0.3333333333333333,0.3333333333333333,0.3333333333333333,False,False
Q0177,3,OPCODE_3GRAM,BRIDGE,B3_HARD_COMPONENT,0.0,0.0,0.0,0.0,False,False
Q0177,3,OPCODE_3GRAM,BRIDGE,B4_SOFT_GRAPH,0.0,0.0,0.0,0.0,False,False
Q0177,3,OPCODE_3GRAM,DROP30_BRIDGE,B1_INDEPENDENT,0.1111111111111111,0.16666666666666666,0.3333333333333333,0.2222222222222222,False,False
Q0177,3,OPCODE_3GRAM,DROP30_BRIDGE,B2_EXACT_GLOBAL,0.1111111111111111,0.3333333333333333,0.3333333333333333,0.3333333333333333,False,False
Q0177,3,OPCODE_3GRAM,DROP30_BRIDGE,B3_HARD_COMPONENT,0.0,0.0,0.0,0.0,False,False
Q0177,3,OPCODE_3GRAM,DROP30_BRIDGE,B4_SOFT_GRAPH,0.0,0.0,0.0,0.0,False,False
Q0177,3,OPCODE_STRUCT,CLEAN,B1_INDEPENDENT,0.1111111111111111,0.2857142857142857,0.6666666666666666,0.4,False,False
Q0177,3,OPCODE_STRUCT,CLEAN,B2_EXACT_GLOBAL,0.1111111111111111,0.6666666666666666,0.6666666666666666,0.6666666666666666,False,False
Q0177,3,OPCODE_STRUCT,CLEAN,B3_HARD_COMPONENT,0.3333333333333333,0.3333333333333333,0.3333333333333333,0.3333333333333333,False,False
Q0177,3,OPCODE_STRUCT,CLEAN,B4_SOFT_GRAPH,0.3333333333333333,0.5,0.3333333333333333,0.4,False,False
Q0177,3,OPCODE_STRUCT,DROP30,B1_INDEPENDENT,0.1111111111111111,0.2857142857142857,0.6666666666666666,0.4,False,False
Q0177,3,OPCODE_STRUCT,DROP30,B2_EXACT_GLOBAL,0.1111111111111111,0.6666666666666666,0.6666666666666666,0.6666666666666666,False,False
Q0177,3,OPCODE_STRUCT,DROP30,B3_HARD_COMPONENT,0.3333333333333333,0.25,0.3333333333333333,0.28571428571428575,False,False
Q0177,3,OPCODE_STRUCT,DROP30,B4_SOFT_GRAPH,0.2222222222222222,0.3333333333333333,0.3333333333333333,0.3333333333333333,False,False
Q0177,3,OPCODE_STRUCT,BRIDGE,B1_INDEPENDENT,0.1111111111111111,0.2857142857142857,0.6666666666666666,0.4,False,False
Q0177,3,OPCODE_STRUCT,BRIDGE,B2_EXACT_GLOBAL,0.1111111111111111,0.6666666666666666,0.6666666666666666,0.6666666666666666,False,False
Q0177,3,OPCODE_STRUCT,BRIDGE,B3_HARD_COMPONENT,0.3333333333333333,1.0,0.3333333333333333,0.5,False,False
Q0177,3,OPCODE_STRUCT,BRIDGE,B4_SOFT_GRAPH,0.3333333333333333,0.5,0.3333333333333333,0.4,False,False
Q0177,3,OPCODE_STRUCT,DROP30_BRIDGE,B1_INDEPENDENT,0.1111111111111111,0.2857142857142857,0.6666666666666666,0.4,False,False
Q0177,3,OPCODE_STRUCT,DROP30_BRIDGE,B2_EXACT_GLOBAL,0.1111111111111111,0.6666666666666666,0.6666666666666666,0.6666666666666666,False,False
Q0177,3,OPCODE_STRUCT,DROP30_BRIDGE,B3_HARD_COMPONENT,0.3333333333333333,0.3333333333333333,0.3333333333333333,0.3333333333333333,False,False
Q0177,3,OPCODE_STRUCT,DROP30_BRIDGE,B4_SOFT_GRAPH,0.3333333333333333,0.3333333333333333,0.3333333333333333,0.3333333333333333,False,False
Q0177,3,OPCODE_CONTEXT,CLEAN,B1_INDEPENDENT,0.1111111111111111,0.3333333333333333,0.6666666666666666,0.4444444444444444,False,False
Q0177,3,OPCODE_CONTEXT,CLEAN,B2_EXACT_GLOBAL,0.1111111111111111,0.3333333333333333,0.3333333333333333,0.3333333333333333,False,False
Q0177,3,OPCODE_CONTEXT,CLEAN,B3_HARD_COMPONENT,0.3333333333333333,0.6666666666666666,0.6666666666666666,0.6666666666666666,False,False
Q0177,3,OPCODE_CONTEXT,CLEAN,B4_SOFT_GRAPH,0.1111111111111111,0.25,0.3333333333333333,0.28571428571428575,False,False
Q0177,3,OPCODE_CONTEXT,DROP30,B1_INDEPENDENT,0.1111111111111111,0.3333333333333333,0.6666666666666666,0.4444444444444444,False,False
Q0177,3,OPCODE_CONTEXT,DROP30,B2_EXACT_GLOBAL,0.1111111111111111,0.3333333333333333,0.3333333333333333,0.3333333333333333,False,False
Q0177,3,OPCODE_CONTEXT,DROP30,B3_HARD_COMPONENT,0.5555555555555556,0.6666666666666666,0.6666666666666666,0.6666666666666666,False,False
Q0177,3,OPCODE_CONTEXT,DROP30,B4_SOFT_GRAPH,0.1111111111111111,0.25,0.3333333333333333,0.28571428571428575,False,False
Q0177,3,OPCODE_CONTEXT,BRIDGE,B1_INDEPENDENT,0.1111111111111111,0.3333333333333333,0.6666666666666666,0.4444444444444444,False,False
Q0177,3,OPCODE_CONTEXT,BRIDGE,B2_EXACT_GLOBAL,0.1111111111111111,0.3333333333333333,0.3333333333333333,0.3333333333333333,False,False
Q0177,3,OPCODE_CONTEXT,BRIDGE,B3_HARD_COMPONENT,0.0,0.0,0.0,0.0,False,False
Q0177,3,OPCODE_CONTEXT,BRIDGE,B4_SOFT_GRAPH,0.1111111111111111,0.25,0.3333333333333333,0.28571428571428575,False,False
Q0177,3,OPCODE_CONTEXT,DROP30_BRIDGE,B1_INDEPENDENT,0.1111111111111111,0.3333333333333333,0.6666666666666666,0.4444444444444444,False,False
Q0177,3,OPCODE_CONTEXT,DROP30_BRIDGE,B2_EXACT_GLOBAL,0.1111111111111111,0.3333333333333333,0.3333333333333333,0.3333333333333333,False,False
Q0177,3,OPCODE_CONTEXT,DROP30_BRIDGE,B3_HARD_COMPONENT,0.0,0.3333333333333333,0.3333333333333333,0.3333333333333333,False,False
Q0177,3,OPCODE_CONTEXT,DROP30_BRIDGE,B4_SOFT_GRAPH,0.1111111111111111,0.25,0.3333333333333333,0.28571428571428575,False,False
Q0122,3,OPCODE_3GRAM,CLEAN,B1_INDEPENDENT,0.4444444444444444,0.3333333333333333,0.6666666666666666,0.4444444444444444,False,False
Q0122,3,OPCODE_3GRAM,CLEAN,B2_EXACT_GLOBAL,0.5555555555555556,0.6666666666666666,0.6666666666666666,0.6666666666666666,False,False
Q0122,3,OPCODE_3GRAM,CLEAN,B3_HARD_COMPONENT,0.6666666666666666,0.6666666666666666,0.6666666666666666,0.6666666666666666,False,False
Q0122,3,OPCODE_3GRAM,CLEAN,B4_SOFT_GRAPH,0.3333333333333333,0.3333333333333333,0.3333333333333333,0.3333333333333333,False,False
Q0122,3,OPCODE_3GRAM,DROP30,B1_INDEPENDENT,0.4444444444444444,0.3333333333333333,0.6666666666666666,0.4444444444444444,False,False
Q0122,3,OPCODE_3GRAM,DROP30,B2_EXACT_GLOBAL,0.5555555555555556,0.6666666666666666,0.6666666666666666,0.6666666666666666,False,False
Q0122,3,OPCODE_3GRAM,DROP30,B3_HARD_COMPONENT,0.6666666666666666,0.4,0.6666666666666666,0.5,False,False
Q0122,3,OPCODE_3GRAM,DROP30,B4_SOFT_GRAPH,0.3333333333333333,0.2,0.3333333333333333,0.25,False,False
Q0122,3,OPCODE_3GRAM,BRIDGE,B1_INDEPENDENT,0.4444444444444444,0.3333333333333333,0.6666666666666666,0.4444444444444444,False,False
Q0122,3,OPCODE_3GRAM,BRIDGE,B2_EXACT_GLOBAL,0.5555555555555556,0.6666666666666666,0.6666666666666666,0.6666666666666666,False,False
Q0122,3,OPCODE_3GRAM,BRIDGE,B3_HARD_COMPONENT,0.3333333333333333,1.0,0.3333333333333333,0.5,False,False
Q0122,3,OPCODE_3GRAM,BRIDGE,B4_SOFT_GRAPH,0.3333333333333333,0.3333333333333333,0.3333333333333333,0.3333333333333333,False,False
Q0122,3,OPCODE_3GRAM,DROP30_BRIDGE,B1_INDEPENDENT,0.4444444444444444,0.3333333333333333,0.6666666666666666,0.4444444444444444,False,False
Q0122,3,OPCODE_3GRAM,DROP30_BRIDGE,B2_EXACT_GLOBAL,0.5555555555555556,0.6666666666666666,0.6666666666666666,0.6666666666666666,False,False
Q0122,3,OPCODE_3GRAM,DROP30_BRIDGE,B3_HARD_COMPONENT,0.3333333333333333,0.5,0.3333333333333333,0.4,False,False
Q0122,3,OPCODE_3GRAM,DROP30_BRIDGE,B4_SOFT_GRAPH,0.3333333333333333,0.25,0.3333333333333333,0.28571428571428575,False,False
Q0122,3,OPCODE_STRUCT,CLEAN,B1_INDEPENDENT,0.4444444444444444,0.4,0.6666666666666666,0.5,False,False
Q0122,3,OPCODE_STRUCT,CLEAN,B2_EXACT_GLOBAL,0.4444444444444444,0.6666666666666666,0.6666666666666666,0.6666666666666666,False,False
Q0122,3,OPCODE_STRUCT,CLEAN,B3_HARD_COMPONENT,0.6666666666666666,0.6666666666666666,0.6666666666666666,0.6666666666666666,False,False
Q0122,3,OPCODE_STRUCT,CLEAN,B4_SOFT_GRAPH,0.5555555555555556,0.5,0.6666666666666666,0.5714285714285715,False,False
Q0122,3,OPCODE_STRUCT,DROP30,B1_INDEPENDENT,0.4444444444444444,0.4,0.6666666666666666,0.5,False,False
Q0122,3,OPCODE_STRUCT,DROP30,B2_EXACT_GLOBAL,0.4444444444444444,0.6666666666666666,0.6666666666666666,0.6666666666666666,False,False
Q0122,3,OPCODE_STRUCT,DROP30,B3_HARD_COMPONENT,0.6666666666666666,0.4,0.6666666666666666,0.5,False,False
Q0122,3,OPCODE_STRUCT,DROP30,B4_SOFT_GRAPH,0.5555555555555556,0.4,0.6666666666666666,0.5,False,False
Q0122,3,OPCODE_STRUCT,BRIDGE,B1_INDEPENDENT,0.4444444444444444,0.4,0.6666666666666666,0.5,False,False
Q0122,3,OPCODE_STRUCT,BRIDGE,B2_EXACT_GLOBAL,0.4444444444444444,0.6666666666666666,0.6666666666666666,0.6666666666666666,False,False
Q0122,3,OPCODE_STRUCT,BRIDGE,B3_HARD_COMPONENT,0.3333333333333333,1.0,0.3333333333333333,0.5,False,False
Q0122,3,OPCODE_STRUCT,BRIDGE,B4_SOFT_GRAPH,0.5555555555555556,0.5,0.6666666666666666,0.5714285714285715,False,False
Q0122,3,OPCODE_STRUCT,DROP30_BRIDGE,B1_INDEPENDENT,0.4444444444444444,0.4,0.6666666666666666,0.5,False,False
Q0122,3,OPCODE_STRUCT,DROP30_BRIDGE,B2_EXACT_GLOBAL,0.4444444444444444,0.6666666666666666,0.6666666666666666,0.6666666666666666,False,False
Q0122,3,OPCODE_STRUCT,DROP30_BRIDGE,B3_HARD_COMPONENT,0.1111111111111111,0.3333333333333333,0.3333333333333333,0.3333333333333333,False,False
Q0122,3,OPCODE_STRUCT,DROP30_BRIDGE,B4_SOFT_GRAPH,0.5555555555555556,0.5,0.6666666666666666,0.5714285714285715,False,False
Q0122,3,OPCODE_CONTEXT,CLEAN,B1_INDEPENDENT,0.4444444444444444,0.4,0.6666666666666666,0.5,False,False
Q0122,3,OPCODE_CONTEXT,CLEAN,B2_EXACT_GLOBAL,0.4444444444444444,0.6666666666666666,0.6666666666666666,0.6666666666666666,False,False
Q0122,3,OPCODE_CONTEXT,CLEAN,B3_HARD_COMPONENT,0.6666666666666666,0.6666666666666666,0.6666666666666666,0.6666666666666666,False,False
Q0122,3,OPCODE_CONTEXT,CLEAN,B4_SOFT_GRAPH,0.3333333333333333,0.25,0.3333333333333333,0.28571428571428575,False,False
Q0122,3,OPCODE_CONTEXT,DROP30,B1_INDEPENDENT,0.4444444444444444,0.4,0.6666666666666666,0.5,False,False
Q0122,3,OPCODE_CONTEXT,DROP30,B2_EXACT_GLOBAL,0.4444444444444444,0.6666666666666666,0.6666666666666666,0.6666666666666666,False,False
Q0122,3,OPCODE_CONTEXT,DROP30,B3_HARD_COMPONENT,0.6666666666666666,0.4,0.6666666666666666,0.5,False,False
Q0122,3,OPCODE_CONTEXT,DROP30,B4_SOFT_GRAPH,0.3333333333333333,0.25,0.3333333333333333,0.28571428571428575,False,False
Q0122,3,OPCODE_CONTEXT,BRIDGE,B1_INDEPENDENT,0.4444444444444444,0.4,0.6666666666666666,0.5,False,False
Q0122,3,OPCODE_CONTEXT,BRIDGE,B2_EXACT_GLOBAL,0.4444444444444444,0.6666666666666666,0.6666666666666666,0.6666666666666666,False,False
Q0122,3,OPCODE_CONTEXT,BRIDGE,B3_HARD_COMPONENT,0.3333333333333333,1.0,0.3333333333333333,0.5,False,False
Q0122,3,OPCODE_CONTEXT,BRIDGE,B4_SOFT_GRAPH,0.3333333333333333,0.25,0.3333333333333333,0.28571428571428575,False,False
Q0122,3,OPCODE_CONTEXT,DROP30_BRIDGE,B1_INDEPENDENT,0.4444444444444444,0.4,0.6666666666666666,0.5,False,False
Q0122,3,OPCODE_CONTEXT,DROP30_BRIDGE,B2_EXACT_GLOBAL,0.4444444444444444,0.6666666666666666,0.6666666666666666,0.6666666666666666,False,False
Q0122,3,OPCODE_CONTEXT,DROP30_BRIDGE,B3_HARD_COMPONENT,0.1111111111111111,0.3333333333333333,0.3333333333333333,0.3333333333333333,False,False
Q0122,3,OPCODE_CONTEXT,DROP30_BRIDGE,B4_SOFT_GRAPH,0.3333333333333333,0.25,0.3333333333333333,0.28571428571428575,False,False
Q0169,3,OPCODE_3GRAM,CLEAN,B1_INDEPENDENT,0.1111111111111111,0.3333333333333333,0.6666666666666666,0.4444444444444444,False,False
Q0169,3,OPCODE_3GRAM,CLEAN,B2_EXACT_GLOBAL,0.1111111111111111,0.3333333333333333,0.3333333333333333,0.3333333333333333,False,False
Q0169,3,OPCODE_3GRAM,CLEAN,B3_HARD_COMPONENT,0.3333333333333333,0.3333333333333333,0.3333333333333333,0.3333333333333333,False,False
Q0169,3,OPCODE_3GRAM,CLEAN,B4_SOFT_GRAPH,0.3333333333333333,0.5,0.6666666666666666,0.5714285714285715,False,False
Q0169,3,OPCODE_3GRAM,DROP30,B1_INDEPENDENT,0.1111111111111111,0.3333333333333333,0.6666666666666666,0.4444444444444444,False,False
Q0169,3,OPCODE_3GRAM,DROP30,B2_EXACT_GLOBAL,0.1111111111111111,0.3333333333333333,0.3333333333333333,0.3333333333333333,False,False
Q0169,3,OPCODE_3GRAM,DROP30,B3_HARD_COMPONENT,0.1111111111111111,0.4,0.6666666666666666,0.5,False,False
Q0169,3,OPCODE_3GRAM,DROP30,B4_SOFT_GRAPH,0.1111111111111111,0.4,0.6666666666666666,0.5,False,False
Q0169,3,OPCODE_3GRAM,BRIDGE,B1_INDEPENDENT,0.1111111111111111,0.3333333333333333,0.6666666666666666,0.4444444444444444,False,False
Q0169,3,OPCODE_3GRAM,BRIDGE,B2_EXACT_GLOBAL,0.1111111111111111,0.3333333333333333,0.3333333333333333,0.3333333333333333,False,False
Q0169,3,OPCODE_3GRAM,BRIDGE,B3_HARD_COMPONENT,0.0,0.0,0.0,0.0,False,False
Q0169,3,OPCODE_3GRAM,BRIDGE,B4_SOFT_GRAPH,0.3333333333333333,0.5,0.6666666666666666,0.5714285714285715,False,False
Q0169,3,OPCODE_3GRAM,DROP30_BRIDGE,B1_INDEPENDENT,0.1111111111111111,0.3333333333333333,0.6666666666666666,0.4444444444444444,False,False
Q0169,3,OPCODE_3GRAM,DROP30_BRIDGE,B2_EXACT_GLOBAL,0.1111111111111111,0.3333333333333333,0.3333333333333333,0.3333333333333333,False,False
Q0169,3,OPCODE_3GRAM,DROP30_BRIDGE,B3_HARD_COMPONENT,0.2222222222222222,0.3333333333333333,0.3333333333333333,0.3333333333333333,False,False
Q0169,3,OPCODE_3GRAM,DROP30_BRIDGE,B4_SOFT_GRAPH,0.2222222222222222,0.4,0.6666666666666666,0.5,False,False
Q0169,3,OPCODE_STRUCT,CLEAN,B1_INDEPENDENT,0.1111111111111111,0.2,0.3333333333333333,0.25,False,False
Q0169,3,OPCODE_STRUCT,CLEAN,B2_EXACT_GLOBAL,0.2222222222222222,0.3333333333333333,0.3333333333333333,0.3333333333333333,False,False
Q0169,3,OPCODE_STRUCT,CLEAN,B3_HARD_COMPONENT,0.3333333333333333,0.3333333333333333,0.3333333333333333,0.3333333333333333,False,False
Q0169,3,OPCODE_STRUCT,CLEAN,B4_SOFT_GRAPH,0.0,0.0,0.0,0.0,False,False
Q0169,3,OPCODE_STRUCT,DROP30,B1_INDEPENDENT,0.1111111111111111,0.2,0.3333333333333333,0.25,False,False
Q0169,3,OPCODE_STRUCT,DROP30,B2_EXACT_GLOBAL,0.2222222222222222,0.3333333333333333,0.3333333333333333,0.3333333333333333,False,False
Q0169,3,OPCODE_STRUCT,DROP30,B3_HARD_COMPONENT,0.1111111111111111,0.25,0.3333333333333333,0.28571428571428575,False,False
Q0169,3,OPCODE_STRUCT,DROP30,B4_SOFT_GRAPH,0.0,0.0,0.0,0.0,False,False
Q0169,3,OPCODE_STRUCT,BRIDGE,B1_INDEPENDENT,0.1111111111111111,0.2,0.3333333333333333,0.25,False,False
Q0169,3,OPCODE_STRUCT,BRIDGE,B2_EXACT_GLOBAL,0.2222222222222222,0.3333333333333333,0.3333333333333333,0.3333333333333333,False,False
Q0169,3,OPCODE_STRUCT,BRIDGE,B3_HARD_COMPONENT,0.0,0.0,0.0,0.0,False,False
Q0169,3,OPCODE_STRUCT,BRIDGE,B4_SOFT_GRAPH,0.0,0.0,0.0,0.0,False,False
Q0169,3,OPCODE_STRUCT,DROP30_BRIDGE,B1_INDEPENDENT,0.1111111111111111,0.2,0.3333333333333333,0.25,False,False
Q0169,3,OPCODE_STRUCT,DROP30_BRIDGE,B2_EXACT_GLOBAL,0.2222222222222222,0.3333333333333333,0.3333333333333333,0.3333333333333333,False,False
Q0169,3,OPCODE_STRUCT,DROP30_BRIDGE,B3_HARD_COMPONENT,0.2222222222222222,0.3333333333333333,0.3333333333333333,0.3333333333333333,False,False
Q0169,3,OPCODE_STRUCT,DROP30_BRIDGE,B4_SOFT_GRAPH,0.0,0.0,0.0,0.0,False,False
Q0169,3,OPCODE_CONTEXT,CLEAN,B1_INDEPENDENT,0.2222222222222222,0.3333333333333333,0.6666666666666666,0.4444444444444444,False,False
Q0169,3,OPCODE_CONTEXT,CLEAN,B2_EXACT_GLOBAL,0.1111111111111111,0.3333333333333333,0.3333333333333333,0.3333333333333333,False,False
Q0169,3,OPCODE_CONTEXT,CLEAN,B3_HARD_COMPONENT,0.3333333333333333,0.3333333333333333,0.3333333333333333,0.3333333333333333,False,False
Q0169,3,OPCODE_CONTEXT,CLEAN,B4_SOFT_GRAPH,0.1111111111111111,0.16666666666666666,0.3333333333333333,0.2222222222222222,False,False
Q0169,3,OPCODE_CONTEXT,DROP30,B1_INDEPENDENT,0.2222222222222222,0.3333333333333333,0.6666666666666666,0.4444444444444444,False,False
Q0169,3,OPCODE_CONTEXT,DROP30,B2_EXACT_GLOBAL,0.1111111111111111,0.3333333333333333,0.3333333333333333,0.3333333333333333,False,False
Q0169,3,OPCODE_CONTEXT,DROP30,B3_HARD_COMPONENT,0.1111111111111111,0.3333333333333333,0.3333333333333333,0.3333333333333333,False,False
Q0169,3,OPCODE_CONTEXT,DROP30,B4_SOFT_GRAPH,0.1111111111111111,0.16666666666666666,0.3333333333333333,0.2222222222222222,False,False
Q0169,3,OPCODE_CONTEXT,BRIDGE,B1_INDEPENDENT,0.2222222222222222,0.3333333333333333,0.6666666666666666,0.4444444444444444,False,False
Q0169,3,OPCODE_CONTEXT,BRIDGE,B2_EXACT_GLOBAL,0.1111111111111111,0.3333333333333333,0.3333333333333333,0.3333333333333333,False,False
Q0169,3,OPCODE_CONTEXT,BRIDGE,B3_HARD_COMPONENT,0.0,0.0,0.0,0.0,False,False
Q0169,3,OPCODE_CONTEXT,BRIDGE,B4_SOFT_GRAPH,0.1111111111111111,0.16666666666666666,0.3333333333333333,0.2222222222222222,False,False
Q0169,3,OPCODE_CONTEXT,DROP30_BRIDGE,B1_INDEPENDENT,0.2222222222222222,0.3333333333333333,0.6666666666666666,0.4444444444444444,False,False
Q0169,3,OPCODE_CONTEXT,DROP30_BRIDGE,B2_EXACT_GLOBAL,0.1111111111111111,0.3333333333333333,0.3333333333333333,0.3333333333333333,False,False
Q0169,3,OPCODE_CONTEXT,DROP30_BRIDGE,B3_HARD_COMPONENT,0.2222222222222222,0.3333333333333333,0.3333333333333333,0.3333333333333333,False,False
Q0169,3,OPCODE_CONTEXT,DROP30_BRIDGE,B4_SOFT_GRAPH,0.1111111111111111,0.16666666666666666,0.3333333333333333,0.2222222222222222,False,False
Q0114,3,OPCODE_3GRAM,CLEAN,B1_INDEPENDENT,0.4444444444444444,0.3333333333333333,0.6666666666666666,0.4444444444444444,False,False
Q0114,3,OPCODE_3GRAM,CLEAN,B2_EXACT_GLOBAL,0.6666666666666666,0.6666666666666666,0.6666666666666666,0.6666666666666666,False,False
Q0114,3,OPCODE_3GRAM,CLEAN,B3_HARD_COMPONENT,0.6666666666666666,0.6666666666666666,0.6666666666666666,0.6666666666666666,False,False
Q0114,3,OPCODE_3GRAM,CLEAN,B4_SOFT_GRAPH,0.1111111111111111,0.5,0.3333333333333333,0.4,False,False
Q0114,3,OPCODE_3GRAM,DROP30,B1_INDEPENDENT,0.4444444444444444,0.3333333333333333,0.6666666666666666,0.4444444444444444,False,False
Q0114,3,OPCODE_3GRAM,DROP30,B2_EXACT_GLOBAL,0.6666666666666666,0.6666666666666666,0.6666666666666666,0.6666666666666666,False,False
Q0114,3,OPCODE_3GRAM,DROP30,B3_HARD_COMPONENT,0.6666666666666666,0.6666666666666666,0.6666666666666666,0.6666666666666666,False,False
Q0114,3,OPCODE_3GRAM,DROP30,B4_SOFT_GRAPH,0.1111111111111111,0.5,0.3333333333333333,0.4,False,False
Q0114,3,OPCODE_3GRAM,BRIDGE,B1_INDEPENDENT,0.4444444444444444,0.3333333333333333,0.6666666666666666,0.4444444444444444,False,False
Q0114,3,OPCODE_3GRAM,BRIDGE,B2_EXACT_GLOBAL,0.6666666666666666,0.6666666666666666,0.6666666666666666,0.6666666666666666,False,False
Q0114,3,OPCODE_3GRAM,BRIDGE,B3_HARD_COMPONENT,0.3333333333333333,1.0,0.3333333333333333,0.5,False,False
Q0114,3,OPCODE_3GRAM,BRIDGE,B4_SOFT_GRAPH,0.0,0.0,0.0,0.0,False,False
Q0114,3,OPCODE_3GRAM,DROP30_BRIDGE,B1_INDEPENDENT,0.4444444444444444,0.3333333333333333,0.6666666666666666,0.4444444444444444,False,False
Q0114,3,OPCODE_3GRAM,DROP30_BRIDGE,B2_EXACT_GLOBAL,0.6666666666666666,0.6666666666666666,0.6666666666666666,0.6666666666666666,False,False
Q0114,3,OPCODE_3GRAM,DROP30_BRIDGE,B3_HARD_COMPONENT,0.4444444444444444,0.6666666666666666,0.6666666666666666,0.6666666666666666,False,False
Q0114,3,OPCODE_3GRAM,DROP30_BRIDGE,B4_SOFT_GRAPH,0.1111111111111111,0.5,0.3333333333333333,0.4,False,False
Q0114,3,OPCODE_STRUCT,CLEAN,B1_INDEPENDENT,0.4444444444444444,0.3333333333333333,0.6666666666666666,0.4444444444444444,False,False
Q0114,3,OPCODE_STRUCT,CLEAN,B2_EXACT_GLOBAL,0.6666666666666666,0.6666666666666666,0.6666666666666666,0.6666666666666666,False,False
Q0114,3,OPCODE_STRUCT,CLEAN,B3_HARD_COMPONENT,0.6666666666666666,0.6666666666666666,0.6666666666666666,0.6666666666666666,False,False
Q0114,3,OPCODE_STRUCT,CLEAN,B4_SOFT_GRAPH,0.1111111111111111,0.5,0.3333333333333333,0.4,False,False
Q0114,3,OPCODE_STRUCT,DROP30,B1_INDEPENDENT,0.4444444444444444,0.3333333333333333,0.6666666666666666,0.4444444444444444,False,False
Q0114,3,OPCODE_STRUCT,DROP30,B2_EXACT_GLOBAL,0.6666666666666666,0.6666666666666666,0.6666666666666666,0.6666666666666666,False,False
Q0114,3,OPCODE_STRUCT,DROP30,B3_HARD_COMPONENT,0.6666666666666666,0.6666666666666666,0.6666666666666666,0.6666666666666666,False,False
Q0114,3,OPCODE_STRUCT,DROP30,B4_SOFT_GRAPH,0.1111111111111111,0.3333333333333333,0.3333333333333333,0.3333333333333333,False,False
Q0114,3,OPCODE_STRUCT,BRIDGE,B1_INDEPENDENT,0.4444444444444444,0.3333333333333333,0.6666666666666666,0.4444444444444444,False,False
Q0114,3,OPCODE_STRUCT,BRIDGE,B2_EXACT_GLOBAL,0.6666666666666666,0.6666666666666666,0.6666666666666666,0.6666666666666666,False,False
Q0114,3,OPCODE_STRUCT,BRIDGE,B3_HARD_COMPONENT,0.3333333333333333,1.0,0.3333333333333333,0.5,False,False
Q0114,3,OPCODE_STRUCT,BRIDGE,B4_SOFT_GRAPH,0.0,0.0,0.0,0.0,False,False
Q0114,3,OPCODE_STRUCT,DROP30_BRIDGE,B1_INDEPENDENT,0.4444444444444444,0.3333333333333333,0.6666666666666666,0.4444444444444444,False,False
Q0114,3,OPCODE_STRUCT,DROP30_BRIDGE,B2_EXACT_GLOBAL,0.6666666666666666,0.6666666666666666,0.6666666666666666,0.6666666666666666,False,False
Q0114,3,OPCODE_STRUCT,DROP30_BRIDGE,B3_HARD_COMPONENT,0.4444444444444444,0.6666666666666666,0.6666666666666666,0.6666666666666666,False,False
Q0114,3,OPCODE_STRUCT,DROP30_BRIDGE,B4_SOFT_GRAPH,0.1111111111111111,0.5,0.3333333333333333,0.4,False,False
Q0114,3,OPCODE_CONTEXT,CLEAN,B1_INDEPENDENT,0.4444444444444444,0.3333333333333333,0.6666666666666666,0.4444444444444444,False,False
Q0114,3,OPCODE_CONTEXT,CLEAN,B2_EXACT_GLOBAL,0.5555555555555556,0.6666666666666666,0.6666666666666666,0.6666666666666666,False,False
Q0114,3,OPCODE_CONTEXT,CLEAN,B3_HARD_COMPONENT,0.3333333333333333,0.3333333333333333,0.3333333333333333,0.3333333333333333,False,False
Q0114,3,OPCODE_CONTEXT,CLEAN,B4_SOFT_GRAPH,0.2222222222222222,0.3333333333333333,0.6666666666666666,0.4444444444444444,False,False
Q0114,3,OPCODE_CONTEXT,DROP30,B1_INDEPENDENT,0.4444444444444444,0.3333333333333333,0.6666666666666666,0.4444444444444444,False,False
Q0114,3,OPCODE_CONTEXT,DROP30,B2_EXACT_GLOBAL,0.5555555555555556,0.6666666666666666,0.6666666666666666,0.6666666666666666,False,False
Q0114,3,OPCODE_CONTEXT,DROP30,B3_HARD_COMPONENT,0.3333333333333333,0.3333333333333333,0.3333333333333333,0.3333333333333333,False,False
Q0114,3,OPCODE_CONTEXT,DROP30,B4_SOFT_GRAPH,0.2222222222222222,0.3333333333333333,0.6666666666666666,0.4444444444444444,False,False
Q0114,3,OPCODE_CONTEXT,BRIDGE,B1_INDEPENDENT,0.4444444444444444,0.3333333333333333,0.6666666666666666,0.4444444444444444,False,False
Q0114,3,OPCODE_CONTEXT,BRIDGE,B2_EXACT_GLOBAL,0.5555555555555556,0.6666666666666666,0.6666666666666666,0.6666666666666666,False,False
Q0114,3,OPCODE_CONTEXT,BRIDGE,B3_HARD_COMPONENT,0.3333333333333333,1.0,0.3333333333333333,0.5,False,False
Q0114,3,OPCODE_CONTEXT,BRIDGE,B4_SOFT_GRAPH,0.2222222222222222,0.3333333333333333,0.6666666666666666,0.4444444444444444,False,False
Q0114,3,OPCODE_CONTEXT,DROP30_BRIDGE,B1_INDEPENDENT,0.4444444444444444,0.3333333333333333,0.6666666666666666,0.4444444444444444,False,False
Q0114,3,OPCODE_CONTEXT,DROP30_BRIDGE,B2_EXACT_GLOBAL,0.5555555555555556,0.6666666666666666,0.6666666666666666,0.6666666666666666,False,False
Q0114,3,OPCODE_CONTEXT,DROP30_BRIDGE,B3_HARD_COMPONENT,0.4444444444444444,0.6666666666666666,0.6666666666666666,0.6666666666666666,False,False
Q0114,3,OPCODE_CONTEXT,DROP30_BRIDGE,B4_SOFT_GRAPH,0.2222222222222222,0.3333333333333333,0.6666666666666666,0.4444444444444444,False,False
Q0166,3,OPCODE_3GRAM,CLEAN,B1_INDEPENDENT,0.0,0.2,0.3333333333333333,0.25,False,False
Q0166,3,OPCODE_3GRAM,CLEAN,B2_EXACT_GLOBAL,0.0,0.0,0.0,0.0,False,False
Q0166,3,OPCODE_3GRAM,CLEAN,B3_HARD_COMPONENT,0.0,0.0,0.0,0.0,False,False
Q0166,3,OPCODE_3GRAM,CLEAN,B4_SOFT_GRAPH,0.0,0.0,0.0,0.0,False,False
Q0166,3,OPCODE_3GRAM,DROP30,B1_INDEPENDENT,0.0,0.2,0.3333333333333333,0.25,False,False
Q0166,3,OPCODE_3GRAM,DROP30,B2_EXACT_GLOBAL,0.0,0.0,0.0,0.0,False,False
Q0166,3,OPCODE_3GRAM,DROP30,B3_HARD_COMPONENT,0.0,0.0,0.0,0.0,False,False
Q0166,3,OPCODE_3GRAM,DROP30,B4_SOFT_GRAPH,0.0,0.0,0.0,0.0,False,False
Q0166,3,OPCODE_3GRAM,BRIDGE,B1_INDEPENDENT,0.0,0.2,0.3333333333333333,0.25,False,False
Q0166,3,OPCODE_3GRAM,BRIDGE,B2_EXACT_GLOBAL,0.0,0.0,0.0,0.0,False,False
Q0166,3,OPCODE_3GRAM,BRIDGE,B3_HARD_COMPONENT,0.0,0.0,0.0,0.0,False,False
Q0166,3,OPCODE_3GRAM,BRIDGE,B4_SOFT_GRAPH,0.0,0.0,0.0,0.0,False,False
Q0166,3,OPCODE_3GRAM,DROP30_BRIDGE,B1_INDEPENDENT,0.0,0.2,0.3333333333333333,0.25,False,False
Q0166,3,OPCODE_3GRAM,DROP30_BRIDGE,B2_EXACT_GLOBAL,0.0,0.0,0.0,0.0,False,False
Q0166,3,OPCODE_3GRAM,DROP30_BRIDGE,B3_HARD_COMPONENT,0.0,0.3333333333333333,0.3333333333333333,0.3333333333333333,False,False
Q0166,3,OPCODE_3GRAM,DROP30_BRIDGE,B4_SOFT_GRAPH,0.0,0.3333333333333333,0.3333333333333333,0.3333333333333333,False,False
Q0166,3,OPCODE_STRUCT,CLEAN,B1_INDEPENDENT,0.0,0.14285714285714285,0.3333333333333333,0.2,False,False
Q0166,3,OPCODE_STRUCT,CLEAN,B2_EXACT_GLOBAL,0.1111111111111111,0.3333333333333333,0.3333333333333333,0.3333333333333333,False,False
Q0166,3,OPCODE_STRUCT,CLEAN,B3_HARD_COMPONENT,0.0,0.3333333333333333,0.3333333333333333,0.3333333333333333,False,False
Q0166,3,OPCODE_STRUCT,CLEAN,B4_SOFT_GRAPH,0.0,0.3333333333333333,0.3333333333333333,0.3333333333333333,False,False
Q0166,3,OPCODE_STRUCT,DROP30,B1_INDEPENDENT,0.0,0.14285714285714285,0.3333333333333333,0.2,False,False
Q0166,3,OPCODE_STRUCT,DROP30,B2_EXACT_GLOBAL,0.1111111111111111,0.3333333333333333,0.3333333333333333,0.3333333333333333,False,False
Q0166,3,OPCODE_STRUCT,DROP30,B3_HARD_COMPONENT,0.0,0.2,0.3333333333333333,0.25,False,False
Q0166,3,OPCODE_STRUCT,DROP30,B4_SOFT_GRAPH,0.0,0.2,0.3333333333333333,0.25,False,False
Q0166,3,OPCODE_STRUCT,BRIDGE,B1_INDEPENDENT,0.0,0.14285714285714285,0.3333333333333333,0.2,False,False
Q0166,3,OPCODE_STRUCT,BRIDGE,B2_EXACT_GLOBAL,0.1111111111111111,0.3333333333333333,0.3333333333333333,0.3333333333333333,False,False
Q0166,3,OPCODE_STRUCT,BRIDGE,B3_HARD_COMPONENT,0.3333333333333333,1.0,0.3333333333333333,0.5,False,False
Q0166,3,OPCODE_STRUCT,BRIDGE,B4_SOFT_GRAPH,0.1111111111111111,0.5,0.3333333333333333,0.4,False,False
Q0166,3,OPCODE_STRUCT,DROP30_BRIDGE,B1_INDEPENDENT,0.0,0.14285714285714285,0.3333333333333333,0.2,False,False
Q0166,3,OPCODE_STRUCT,DROP30_BRIDGE,B2_EXACT_GLOBAL,0.1111111111111111,0.3333333333333333,0.3333333333333333,0.3333333333333333,False,False
Q0166,3,OPCODE_STRUCT,DROP30_BRIDGE,B3_HARD_COMPONENT,0.3333333333333333,0.5,0.3333333333333333,0.4,False,False
Q0166,3,OPCODE_STRUCT,DROP30_BRIDGE,B4_SOFT_GRAPH,0.1111111111111111,0.5,0.3333333333333333,0.4,False,False
Q0166,3,OPCODE_CONTEXT,CLEAN,B1_INDEPENDENT,0.0,0.2,0.3333333333333333,0.25,False,False
Q0166,3,OPCODE_CONTEXT,CLEAN,B2_EXACT_GLOBAL,0.1111111111111111,0.3333333333333333,0.3333333333333333,0.3333333333333333,False,False
Q0166,3,OPCODE_CONTEXT,CLEAN,B3_HARD_COMPONENT,0.0,0.3333333333333333,0.3333333333333333,0.3333333333333333,False,False
Q0166,3,OPCODE_CONTEXT,CLEAN,B4_SOFT_GRAPH,0.0,0.2,0.3333333333333333,0.25,False,False
Q0166,3,OPCODE_CONTEXT,DROP30,B1_INDEPENDENT,0.0,0.2,0.3333333333333333,0.25,False,False
Q0166,3,OPCODE_CONTEXT,DROP30,B2_EXACT_GLOBAL,0.1111111111111111,0.3333333333333333,0.3333333333333333,0.3333333333333333,False,False
Q0166,3,OPCODE_CONTEXT,DROP30,B3_HARD_COMPONENT,0.0,0.25,0.3333333333333333,0.28571428571428575,False,False
Q0166,3,OPCODE_CONTEXT,DROP30,B4_SOFT_GRAPH,0.0,0.2,0.3333333333333333,0.25,False,False
Q0166,3,OPCODE_CONTEXT,BRIDGE,B1_INDEPENDENT,0.0,0.2,0.3333333333333333,0.25,False,False
Q0166,3,OPCODE_CONTEXT,BRIDGE,B2_EXACT_GLOBAL,0.1111111111111111,0.3333333333333333,0.3333333333333333,0.3333333333333333,False,False
Q0166,3,OPCODE_CONTEXT,BRIDGE,B3_HARD_COMPONENT,0.0,0.0,0.0,0.0,False,False
Q0166,3,OPCODE_CONTEXT,BRIDGE,B4_SOFT_GRAPH,0.0,0.2,0.3333333333333333,0.25,False,False
Q0166,3,OPCODE_CONTEXT,DROP30_BRIDGE,B1_INDEPENDENT,0.0,0.2,0.3333333333333333,0.25,False,False
Q0166,3,OPCODE_CONTEXT,DROP30_BRIDGE,B2_EXACT_GLOBAL,0.1111111111111111,0.3333333333333333,0.3333333333333333,0.3333333333333333,False,False
Q0166,3,OPCODE_CONTEXT,DROP30_BRIDGE,B3_HARD_COMPONENT,0.0,0.0,0.0,0.0,False,False
Q0166,3,OPCODE_CONTEXT,DROP30_BRIDGE,B4_SOFT_GRAPH,0.0,0.2,0.3333333333333333,0.25,False,False
Q0142,3,OPCODE_3GRAM,CLEAN,B1_INDEPENDENT,0.3333333333333333,0.3333333333333333,0.6666666666666666,0.4444444444444444,False,False
Q0142,3,OPCODE_3GRAM,CLEAN,B2_EXACT_GLOBAL,0.5555555555555556,0.6666666666666666,0.6666666666666666,0.6666666666666666,False,False
Q0142,3,OPCODE_3GRAM,CLEAN,B3_HARD_COMPONENT,0.6666666666666666,0.6666666666666666,0.6666666666666666,0.6666666666666666,False,False
Q0142,3,OPCODE_3GRAM,CLEAN,B4_SOFT_GRAPH,0.3333333333333333,1.0,0.3333333333333333,0.5,False,False
Q0142,3,OPCODE_3GRAM,DROP30,B1_INDEPENDENT,0.3333333333333333,0.3333333333333333,0.6666666666666666,0.4444444444444444,False,False
Q0142,3,OPCODE_3GRAM,DROP30,B2_EXACT_GLOBAL,0.5555555555555556,0.6666666666666666,0.6666666666666666,0.6666666666666666,False,False
Q0142,3,OPCODE_3GRAM,DROP30,B3_HARD_COMPONENT,0.5555555555555556,0.5,0.6666666666666666,0.5714285714285715,False,False
Q0142,3,OPCODE_3GRAM,DROP30,B4_SOFT_GRAPH,0.2222222222222222,0.3333333333333333,0.3333333333333333,0.3333333333333333,False,False
Q0142,3,OPCODE_3GRAM,BRIDGE,B1_INDEPENDENT,0.3333333333333333,0.3333333333333333,0.6666666666666666,0.4444444444444444,False,False
Q0142,3,OPCODE_3GRAM,BRIDGE,B2_EXACT_GLOBAL,0.5555555555555556,0.6666666666666666,0.6666666666666666,0.6666666666666666,False,False
Q0142,3,OPCODE_3GRAM,BRIDGE,B3_HARD_COMPONENT,0.3333333333333333,1.0,0.3333333333333333,0.5,False,False
Q0142,3,OPCODE_3GRAM,BRIDGE,B4_SOFT_GRAPH,0.3333333333333333,1.0,0.3333333333333333,0.5,False,False
Q0142,3,OPCODE_3GRAM,DROP30_BRIDGE,B1_INDEPENDENT,0.3333333333333333,0.3333333333333333,0.6666666666666666,0.4444444444444444,False,False
Q0142,3,OPCODE_3GRAM,DROP30_BRIDGE,B2_EXACT_GLOBAL,0.5555555555555556,0.6666666666666666,0.6666666666666666,0.6666666666666666,False,False
Q0142,3,OPCODE_3GRAM,DROP30_BRIDGE,B3_HARD_COMPONENT,0.6666666666666666,0.6666666666666666,0.6666666666666666,0.6666666666666666,False,False
Q0142,3,OPCODE_3GRAM,DROP30_BRIDGE,B4_SOFT_GRAPH,0.3333333333333333,0.5,0.3333333333333333,0.4,False,False
Q0142,3,OPCODE_STRUCT,CLEAN,B1_INDEPENDENT,0.4444444444444444,0.3333333333333333,0.6666666666666666,0.4444444444444444,False,False
Q0142,3,OPCODE_STRUCT,CLEAN,B2_EXACT_GLOBAL,0.6666666666666666,0.6666666666666666,0.6666666666666666,0.6666666666666666,False,False
Q0142,3,OPCODE_STRUCT,CLEAN,B3_HARD_COMPONENT,0.6666666666666666,0.6666666666666666,0.6666666666666666,0.6666666666666666,False,False
Q0142,3,OPCODE_STRUCT,CLEAN,B4_SOFT_GRAPH,0.1111111111111111,0.6666666666666666,0.6666666666666666,0.6666666666666666,False,False
Q0142,3,OPCODE_STRUCT,DROP30,B1_INDEPENDENT,0.4444444444444444,0.3333333333333333,0.6666666666666666,0.4444444444444444,False,False
Q0142,3,OPCODE_STRUCT,DROP30,B2_EXACT_GLOBAL,0.6666666666666666,0.6666666666666666,0.6666666666666666,0.6666666666666666,False,False
Q0142,3,OPCODE_STRUCT,DROP30,B3_HARD_COMPONENT,0.5555555555555556,0.4,0.6666666666666666,0.5,False,False
Q0142,3,OPCODE_STRUCT,DROP30,B4_SOFT_GRAPH,0.1111111111111111,0.25,0.3333333333333333,0.28571428571428575,False,False
Q0142,3,OPCODE_STRUCT,BRIDGE,B1_INDEPENDENT,0.4444444444444444,0.3333333333333333,0.6666666666666666,0.4444444444444444,False,False
Q0142,3,OPCODE_STRUCT,BRIDGE,B2_EXACT_GLOBAL,0.6666666666666666,0.6666666666666666,0.6666666666666666,0.6666666666666666,False,False
Q0142,3,OPCODE_STRUCT,BRIDGE,B3_HARD_COMPONENT,0.3333333333333333,1.0,0.3333333333333333,0.5,False,False
Q0142,3,OPCODE_STRUCT,BRIDGE,B4_SOFT_GRAPH,0.1111111111111111,0.3333333333333333,0.3333333333333333,0.3333333333333333,False,False
Q0142,3,OPCODE_STRUCT,DROP30_BRIDGE,B1_INDEPENDENT,0.4444444444444444,0.3333333333333333,0.6666666666666666,0.4444444444444444,False,False
Q0142,3,OPCODE_STRUCT,DROP30_BRIDGE,B2_EXACT_GLOBAL,0.6666666666666666,0.6666666666666666,0.6666666666666666,0.6666666666666666,False,False
Q0142,3,OPCODE_STRUCT,DROP30_BRIDGE,B3_HARD_COMPONENT,0.6666666666666666,0.6666666666666666,0.6666666666666666,0.6666666666666666,False,False
Q0142,3,OPCODE_STRUCT,DROP30_BRIDGE,B4_SOFT_GRAPH,0.1111111111111111,0.3333333333333333,0.3333333333333333,0.3333333333333333,False,False
Q0142,3,OPCODE_CONTEXT,CLEAN,B1_INDEPENDENT,0.3333333333333333,0.5,1.0,0.6666666666666666,False,False
Q0142,3,OPCODE_CONTEXT,CLEAN,B2_EXACT_GLOBAL,0.5555555555555556,0.6666666666666666,0.6666666666666666,0.6666666666666666,False,False
Q0142,3,OPCODE_CONTEXT,CLEAN,B3_HARD_COMPONENT,0.3333333333333333,0.3333333333333333,0.3333333333333333,0.3333333333333333,False,False
Q0142,3,OPCODE_CONTEXT,CLEAN,B4_SOFT_GRAPH,0.2222222222222222,0.3333333333333333,0.6666666666666666,0.4444444444444444,False,False
Q0142,3,OPCODE_CONTEXT,DROP30,B1_INDEPENDENT,0.3333333333333333,0.5,1.0,0.6666666666666666,False,False
Q0142,3,OPCODE_CONTEXT,DROP30,B2_EXACT_GLOBAL,0.5555555555555556,0.6666666666666666,0.6666666666666666,0.6666666666666666,False,False
Q0142,3,OPCODE_CONTEXT,DROP30,B3_HARD_COMPONENT,0.3333333333333333,0.25,0.3333333333333333,0.28571428571428575,False,False
Q0142,3,OPCODE_CONTEXT,DROP30,B4_SOFT_GRAPH,0.2222222222222222,0.3333333333333333,0.6666666666666666,0.4444444444444444,False,False
Q0142,3,OPCODE_CONTEXT,BRIDGE,B1_INDEPENDENT,0.3333333333333333,0.5,1.0,0.6666666666666666,False,False
Q0142,3,OPCODE_CONTEXT,BRIDGE,B2_EXACT_GLOBAL,0.5555555555555556,0.6666666666666666,0.6666666666666666,0.6666666666666666,False,False
Q0142,3,OPCODE_CONTEXT,BRIDGE,B3_HARD_COMPONENT,0.3333333333333333,1.0,0.3333333333333333,0.5,False,False
Q0142,3,OPCODE_CONTEXT,BRIDGE,B4_SOFT_GRAPH,0.2222222222222222,0.3333333333333333,0.6666666666666666,0.4444444444444444,False,False
Q0142,3,OPCODE_CONTEXT,DROP30_BRIDGE,B1_INDEPENDENT,0.3333333333333333,0.5,1.0,0.6666666666666666,False,False
Q0142,3,OPCODE_CONTEXT,DROP30_BRIDGE,B2_EXACT_GLOBAL,0.5555555555555556,0.6666666666666666,0.6666666666666666,0.6666666666666666,False,False
Q0142,3,OPCODE_CONTEXT,DROP30_BRIDGE,B3_HARD_COMPONENT,0.6666666666666666,0.6666666666666666,0.6666666666666666,0.6666666666666666,False,False
Q0142,3,OPCODE_CONTEXT,DROP30_BRIDGE,B4_SOFT_GRAPH,0.2222222222222222,0.3333333333333333,0.6666666666666666,0.4444444444444444,False,False
Q0103,3,OPCODE_3GRAM,CLEAN,B1_INDEPENDENT,0.1111111111111111,0.16666666666666666,0.3333333333333333,0.2222222222222222,False,False
Q0103,3,OPCODE_3GRAM,CLEAN,B2_EXACT_GLOBAL,0.2222222222222222,0.3333333333333333,0.3333333333333333,0.3333333333333333,False,False
Q0103,3,OPCODE_3GRAM,CLEAN,B3_HARD_COMPONENT,0.3333333333333333,0.3333333333333333,0.3333333333333333,0.3333333333333333,False,False
Q0103,3,OPCODE_3GRAM,CLEAN,B4_SOFT_GRAPH,0.1111111111111111,0.3333333333333333,0.3333333333333333,0.3333333333333333,False,False
Q0103,3,OPCODE_3GRAM,DROP30,B1_INDEPENDENT,0.1111111111111111,0.16666666666666666,0.3333333333333333,0.2222222222222222,False,False
Q0103,3,OPCODE_3GRAM,DROP30,B2_EXACT_GLOBAL,0.2222222222222222,0.3333333333333333,0.3333333333333333,0.3333333333333333,False,False
Q0103,3,OPCODE_3GRAM,DROP30,B3_HARD_COMPONENT,0.2222222222222222,0.25,0.3333333333333333,0.28571428571428575,False,False
Q0103,3,OPCODE_3GRAM,DROP30,B4_SOFT_GRAPH,0.1111111111111111,0.16666666666666666,0.3333333333333333,0.2222222222222222,False,False
Q0103,3,OPCODE_3GRAM,BRIDGE,B1_INDEPENDENT,0.1111111111111111,0.16666666666666666,0.3333333333333333,0.2222222222222222,False,False
Q0103,3,OPCODE_3GRAM,BRIDGE,B2_EXACT_GLOBAL,0.2222222222222222,0.3333333333333333,0.3333333333333333,0.3333333333333333,False,False
Q0103,3,OPCODE_3GRAM,BRIDGE,B3_HARD_COMPONENT,0.0,0.0,0.0,0.0,False,False
Q0103,3,OPCODE_3GRAM,BRIDGE,B4_SOFT_GRAPH,0.1111111111111111,0.3333333333333333,0.3333333333333333,0.3333333333333333,False,False
Q0103,3,OPCODE_3GRAM,DROP30_BRIDGE,B1_INDEPENDENT,0.1111111111111111,0.16666666666666666,0.3333333333333333,0.2222222222222222,False,False
Q0103,3,OPCODE_3GRAM,DROP30_BRIDGE,B2_EXACT_GLOBAL,0.2222222222222222,0.3333333333333333,0.3333333333333333,0.3333333333333333,False,False
Q0103,3,OPCODE_3GRAM,DROP30_BRIDGE,B3_HARD_COMPONENT,0.1111111111111111,0.25,0.3333333333333333,0.28571428571428575,False,False
Q0103,3,OPCODE_3GRAM,DROP30_BRIDGE,B4_SOFT_GRAPH,0.1111111111111111,0.2,0.3333333333333333,0.25,False,False
Q0103,3,OPCODE_STRUCT,CLEAN,B1_INDEPENDENT,0.1111111111111111,0.16666666666666666,0.3333333333333333,0.2222222222222222,False,False
Q0103,3,OPCODE_STRUCT,CLEAN,B2_EXACT_GLOBAL,0.1111111111111111,0.3333333333333333,0.3333333333333333,0.3333333333333333,False,False
Q0103,3,OPCODE_STRUCT,CLEAN,B3_HARD_COMPONENT,0.3333333333333333,0.3333333333333333,0.3333333333333333,0.3333333333333333,False,False
Q0103,3,OPCODE_STRUCT,CLEAN,B4_SOFT_GRAPH,0.1111111111111111,0.2,0.3333333333333333,0.25,False,False
Q0103,3,OPCODE_STRUCT,DROP30,B1_INDEPENDENT,0.1111111111111111,0.16666666666666666,0.3333333333333333,0.2222222222222222,False,False
Q0103,3,OPCODE_STRUCT,DROP30,B2_EXACT_GLOBAL,0.1111111111111111,0.3333333333333333,0.3333333333333333,0.3333333333333333,False,False
Q0103,3,OPCODE_STRUCT,DROP30,B3_HARD_COMPONENT,0.2222222222222222,0.2,0.3333333333333333,0.25,False,False
Q0103,3,OPCODE_STRUCT,DROP30,B4_SOFT_GRAPH,0.1111111111111111,0.16666666666666666,0.3333333333333333,0.2222222222222222,False,False
Q0103,3,OPCODE_STRUCT,BRIDGE,B1_INDEPENDENT,0.1111111111111111,0.16666666666666666,0.3333333333333333,0.2222222222222222,False,False
Q0103,3,OPCODE_STRUCT,BRIDGE,B2_EXACT_GLOBAL,0.1111111111111111,0.3333333333333333,0.3333333333333333,0.3333333333333333,False,False
Q0103,3,OPCODE_STRUCT,BRIDGE,B3_HARD_COMPONENT,0.3333333333333333,1.0,0.3333333333333333,0.5,False,False
Q0103,3,OPCODE_STRUCT,BRIDGE,B4_SOFT_GRAPH,0.1111111111111111,0.3333333333333333,0.3333333333333333,0.3333333333333333,False,False
Q0103,3,OPCODE_STRUCT,DROP30_BRIDGE,B1_INDEPENDENT,0.1111111111111111,0.16666666666666666,0.3333333333333333,0.2222222222222222,False,False
Q0103,3,OPCODE_STRUCT,DROP30_BRIDGE,B2_EXACT_GLOBAL,0.1111111111111111,0.3333333333333333,0.3333333333333333,0.3333333333333333,False,False
Q0103,3,OPCODE_STRUCT,DROP30_BRIDGE,B3_HARD_COMPONENT,0.1111111111111111,0.25,0.3333333333333333,0.28571428571428575,False,False
Q0103,3,OPCODE_STRUCT,DROP30_BRIDGE,B4_SOFT_GRAPH,0.1111111111111111,0.2,0.3333333333333333,0.25,False,False
Q0103,3,OPCODE_CONTEXT,CLEAN,B1_INDEPENDENT,0.3333333333333333,0.3333333333333333,0.6666666666666666,0.4444444444444444,False,False
Q0103,3,OPCODE_CONTEXT,CLEAN,B2_EXACT_GLOBAL,0.4444444444444444,0.6666666666666666,0.6666666666666666,0.6666666666666666,False,False
Q0103,3,OPCODE_CONTEXT,CLEAN,B3_HARD_COMPONENT,0.3333333333333333,0.5,0.3333333333333333,0.4,False,False
Q0103,3,OPCODE_CONTEXT,CLEAN,B4_SOFT_GRAPH,0.3333333333333333,0.3333333333333333,0.6666666666666666,0.4444444444444444,False,False
Q0103,3,OPCODE_CONTEXT,DROP30,B1_INDEPENDENT,0.3333333333333333,0.3333333333333333,0.6666666666666666,0.4444444444444444,False,False
Q0103,3,OPCODE_CONTEXT,DROP30,B2_EXACT_GLOBAL,0.4444444444444444,0.6666666666666666,0.6666666666666666,0.6666666666666666,False,False
Q0103,3,OPCODE_CONTEXT,DROP30,B3_HARD_COMPONENT,0.2222222222222222,0.2,0.3333333333333333,0.25,False,False
Q0103,3,OPCODE_CONTEXT,DROP30,B4_SOFT_GRAPH,0.3333333333333333,0.3333333333333333,0.6666666666666666,0.4444444444444444,False,False
Q0103,3,OPCODE_CONTEXT,BRIDGE,B1_INDEPENDENT,0.3333333333333333,0.3333333333333333,0.6666666666666666,0.4444444444444444,False,False
Q0103,3,OPCODE_CONTEXT,BRIDGE,B2_EXACT_GLOBAL,0.4444444444444444,0.6666666666666666,0.6666666666666666,0.6666666666666666,False,False
Q0103,3,OPCODE_CONTEXT,BRIDGE,B3_HARD_COMPONENT,0.3333333333333333,1.0,0.3333333333333333,0.5,False,False
Q0103,3,OPCODE_CONTEXT,BRIDGE,B4_SOFT_GRAPH,0.3333333333333333,0.3333333333333333,0.6666666666666666,0.4444444444444444,False,False
Q0103,3,OPCODE_CONTEXT,DROP30_BRIDGE,B1_INDEPENDENT,0.3333333333333333,0.3333333333333333,0.6666666666666666,0.4444444444444444,False,False
Q0103,3,OPCODE_CONTEXT,DROP30_BRIDGE,B2_EXACT_GLOBAL,0.4444444444444444,0.6666666666666666,0.6666666666666666,0.6666666666666666,False,False
Q0103,3,OPCODE_CONTEXT,DROP30_BRIDGE,B3_HARD_COMPONENT,0.2222222222222222,0.3333333333333333,0.3333333333333333,0.3333333333333333,False,False
Q0103,3,OPCODE_CONTEXT,DROP30_BRIDGE,B4_SOFT_GRAPH,0.3333333333333333,0.3333333333333333,0.6666666666666666,0.4444444444444444,False,False
Q0110,3,OPCODE_3GRAM,CLEAN,B1_INDEPENDENT,0.3333333333333333,0.4,0.6666666666666666,0.5,False,False
Q0110,3,OPCODE_3GRAM,CLEAN,B2_EXACT_GLOBAL,0.3333333333333333,0.3333333333333333,0.3333333333333333,0.3333333333333333,False,False
Q0110,3,OPCODE_3GRAM,CLEAN,B3_HARD_COMPONENT,0.3333333333333333,0.3333333333333333,0.3333333333333333,0.3333333333333333,False,False
Q0110,3,OPCODE_3GRAM,CLEAN,B4_SOFT_GRAPH,0.0,0.0,0.0,0.0,False,False
Q0110,3,OPCODE_3GRAM,DROP30,B1_INDEPENDENT,0.3333333333333333,0.4,0.6666666666666666,0.5,False,False
Q0110,3,OPCODE_3GRAM,DROP30,B2_EXACT_GLOBAL,0.3333333333333333,0.3333333333333333,0.3333333333333333,0.3333333333333333,False,False
Q0110,3,OPCODE_3GRAM,DROP30,B3_HARD_COMPONENT,0.3333333333333333,0.25,0.3333333333333333,0.28571428571428575,False,False
Q0110,3,OPCODE_3GRAM,DROP30,B4_SOFT_GRAPH,0.0,0.0,0.0,0.0,False,False
Q0110,3,OPCODE_3GRAM,BRIDGE,B1_INDEPENDENT,0.3333333333333333,0.4,0.6666666666666666,0.5,False,False
Q0110,3,OPCODE_3GRAM,BRIDGE,B2_EXACT_GLOBAL,0.3333333333333333,0.3333333333333333,0.3333333333333333,0.3333333333333333,False,False
Q0110,3,OPCODE_3GRAM,BRIDGE,B3_HARD_COMPONENT,0.3333333333333333,1.0,0.3333333333333333,0.5,False,False
Q0110,3,OPCODE_3GRAM,BRIDGE,B4_SOFT_GRAPH,0.0,0.0,0.0,0.0,False,False
Q0110,3,OPCODE_3GRAM,DROP30_BRIDGE,B1_INDEPENDENT,0.3333333333333333,0.4,0.6666666666666666,0.5,False,False
Q0110,3,OPCODE_3GRAM,DROP30_BRIDGE,B2_EXACT_GLOBAL,0.3333333333333333,0.3333333333333333,0.3333333333333333,0.3333333333333333,False,False
Q0110,3,OPCODE_3GRAM,DROP30_BRIDGE,B3_HARD_COMPONENT,0.3333333333333333,0.3333333333333333,0.3333333333333333,0.3333333333333333,False,False
Q0110,3,OPCODE_3GRAM,DROP30_BRIDGE,B4_SOFT_GRAPH,0.0,0.0,0.0,0.0,False,False
Q0110,3,OPCODE_STRUCT,CLEAN,B1_INDEPENDENT,0.4444444444444444,0.3333333333333333,0.6666666666666666,0.4444444444444444,False,False
Q0110,3,OPCODE_STRUCT,CLEAN,B2_EXACT_GLOBAL,0.3333333333333333,0.3333333333333333,0.3333333333333333,0.3333333333333333,False,False
Q0110,3,OPCODE_STRUCT,CLEAN,B3_HARD_COMPONENT,0.3333333333333333,0.3333333333333333,0.3333333333333333,0.3333333333333333,False,False
Q0110,3,OPCODE_STRUCT,CLEAN,B4_SOFT_GRAPH,0.3333333333333333,0.3333333333333333,0.3333333333333333,0.3333333333333333,False,False
Q0110,3,OPCODE_STRUCT,DROP30,B1_INDEPENDENT,0.4444444444444444,0.3333333333333333,0.6666666666666666,0.4444444444444444,False,False
Q0110,3,OPCODE_STRUCT,DROP30,B2_EXACT_GLOBAL,0.3333333333333333,0.3333333333333333,0.3333333333333333,0.3333333333333333,False,False
Q0110,3,OPCODE_STRUCT,DROP30,B3_HARD_COMPONENT,0.3333333333333333,0.2,0.3333333333333333,0.25,False,False
Q0110,3,OPCODE_STRUCT,DROP30,B4_SOFT_GRAPH,0.3333333333333333,0.2,0.3333333333333333,0.25,False,False
Q0110,3,OPCODE_STRUCT,BRIDGE,B1_INDEPENDENT,0.4444444444444444,0.3333333333333333,0.6666666666666666,0.4444444444444444,False,False
Q0110,3,OPCODE_STRUCT,BRIDGE,B2_EXACT_GLOBAL,0.3333333333333333,0.3333333333333333,0.3333333333333333,0.3333333333333333,False,False
Q0110,3,OPCODE_STRUCT,BRIDGE,B3_HARD_COMPONENT,0.3333333333333333,1.0,0.3333333333333333,0.5,False,False
Q0110,3,OPCODE_STRUCT,BRIDGE,B4_SOFT_GRAPH,0.3333333333333333,0.5,0.3333333333333333,0.4,False,False
Q0110,3,OPCODE_STRUCT,DROP30_BRIDGE,B1_INDEPENDENT,0.4444444444444444,0.3333333333333333,0.6666666666666666,0.4444444444444444,False,False
Q0110,3,OPCODE_STRUCT,DROP30_BRIDGE,B2_EXACT_GLOBAL,0.3333333333333333,0.3333333333333333,0.3333333333333333,0.3333333333333333,False,False
Q0110,3,OPCODE_STRUCT,DROP30_BRIDGE,B3_HARD_COMPONENT,0.3333333333333333,0.3333333333333333,0.3333333333333333,0.3333333333333333,False,False
Q0110,3,OPCODE_STRUCT,DROP30_BRIDGE,B4_SOFT_GRAPH,0.4444444444444444,0.4,0.6666666666666666,0.5,False,False
Q0110,3,OPCODE_CONTEXT,CLEAN,B1_INDEPENDENT,0.4444444444444444,0.4,0.6666666666666666,0.5,False,False
Q0110,3,OPCODE_CONTEXT,CLEAN,B2_EXACT_GLOBAL,0.5555555555555556,0.6666666666666666,0.6666666666666666,0.6666666666666666,False,False
Q0110,3,OPCODE_CONTEXT,CLEAN,B3_HARD_COMPONENT,0.6666666666666666,1.0,0.6666666666666666,0.8,False,False
Q0110,3,OPCODE_CONTEXT,CLEAN,B4_SOFT_GRAPH,0.5555555555555556,0.5,0.6666666666666666,0.5714285714285715,False,False
Q0110,3,OPCODE_CONTEXT,DROP30,B1_INDEPENDENT,0.4444444444444444,0.4,0.6666666666666666,0.5,False,False
Q0110,3,OPCODE_CONTEXT,DROP30,B2_EXACT_GLOBAL,0.5555555555555556,0.6666666666666666,0.6666666666666666,0.6666666666666666,False,False
Q0110,3,OPCODE_CONTEXT,DROP30,B3_HARD_COMPONENT,0.6666666666666666,0.5,0.6666666666666666,0.5714285714285715,False,False
Q0110,3,OPCODE_CONTEXT,DROP30,B4_SOFT_GRAPH,0.5555555555555556,0.5,0.6666666666666666,0.5714285714285715,False,False
Q0110,3,OPCODE_CONTEXT,BRIDGE,B1_INDEPENDENT,0.4444444444444444,0.4,0.6666666666666666,0.5,False,False
Q0110,3,OPCODE_CONTEXT,BRIDGE,B2_EXACT_GLOBAL,0.5555555555555556,0.6666666666666666,0.6666666666666666,0.6666666666666666,False,False
Q0110,3,OPCODE_CONTEXT,BRIDGE,B3_HARD_COMPONENT,0.3333333333333333,1.0,0.3333333333333333,0.5,False,False
Q0110,3,OPCODE_CONTEXT,BRIDGE,B4_SOFT_GRAPH,0.5555555555555556,0.5,0.6666666666666666,0.5714285714285715,False,False
Q0110,3,OPCODE_CONTEXT,DROP30_BRIDGE,B1_INDEPENDENT,0.4444444444444444,0.4,0.6666666666666666,0.5,False,False
Q0110,3,OPCODE_CONTEXT,DROP30_BRIDGE,B2_EXACT_GLOBAL,0.5555555555555556,0.6666666666666666,0.6666666666666666,0.6666666666666666,False,False
Q0110,3,OPCODE_CONTEXT,DROP30_BRIDGE,B3_HARD_COMPONENT,0.3333333333333333,0.3333333333333333,0.3333333333333333,0.3333333333333333,False,False
Q0110,3,OPCODE_CONTEXT,DROP30_BRIDGE,B4_SOFT_GRAPH,0.5555555555555556,0.5,0.6666666666666666,0.5714285714285715,False,False
Q0141,3,OPCODE_3GRAM,CLEAN,B1_INDEPENDENT,0.1111111111111111,0.16666666666666666,0.3333333333333333,0.2222222222222222,False,False
Q0141,3,OPCODE_3GRAM,CLEAN,B2_EXACT_GLOBAL,0.1111111111111111,0.3333333333333333,0.3333333333333333,0.3333333333333333,False,False
Q0141,3,OPCODE_3GRAM,CLEAN,B3_HARD_COMPONENT,0.3333333333333333,0.3333333333333333,0.3333333333333333,0.3333333333333333,False,False
Q0141,3,OPCODE_3GRAM,CLEAN,B4_SOFT_GRAPH,0.0,0.0,0.0,0.0,False,False
Q0141,3,OPCODE_3GRAM,DROP30,B1_INDEPENDENT,0.1111111111111111,0.16666666666666666,0.3333333333333333,0.2222222222222222,False,False
Q0141,3,OPCODE_3GRAM,DROP30,B2_EXACT_GLOBAL,0.1111111111111111,0.3333333333333333,0.3333333333333333,0.3333333333333333,False,False
Q0141,3,OPCODE_3GRAM,DROP30,B3_HARD_COMPONENT,0.2222222222222222,0.2,0.3333333333333333,0.25,False,False
Q0141,3,OPCODE_3GRAM,DROP30,B4_SOFT_GRAPH,0.0,0.0,0.0,0.0,False,False
Q0141,3,OPCODE_3GRAM,BRIDGE,B1_INDEPENDENT,0.1111111111111111,0.16666666666666666,0.3333333333333333,0.2222222222222222,False,False
Q0141,3,OPCODE_3GRAM,BRIDGE,B2_EXACT_GLOBAL,0.1111111111111111,0.3333333333333333,0.3333333333333333,0.3333333333333333,False,False
Q0141,3,OPCODE_3GRAM,BRIDGE,B3_HARD_COMPONENT,0.0,0.0,0.0,0.0,False,False
Q0141,3,OPCODE_3GRAM,BRIDGE,B4_SOFT_GRAPH,0.0,0.0,0.0,0.0,False,False
Q0141,3,OPCODE_3GRAM,DROP30_BRIDGE,B1_INDEPENDENT,0.1111111111111111,0.16666666666666666,0.3333333333333333,0.2222222222222222,False,False
Q0141,3,OPCODE_3GRAM,DROP30_BRIDGE,B2_EXACT_GLOBAL,0.1111111111111111,0.3333333333333333,0.3333333333333333,0.3333333333333333,False,False
Q0141,3,OPCODE_3GRAM,DROP30_BRIDGE,B3_HARD_COMPONENT,0.2222222222222222,0.3333333333333333,0.3333333333333333,0.3333333333333333,False,False
Q0141,3,OPCODE_3GRAM,DROP30_BRIDGE,B4_SOFT_GRAPH,0.0,0.0,0.0,0.0,False,False
Q0141,3,OPCODE_STRUCT,CLEAN,B1_INDEPENDENT,0.1111111111111111,0.16666666666666666,0.3333333333333333,0.2222222222222222,False,False
Q0141,3,OPCODE_STRUCT,CLEAN,B2_EXACT_GLOBAL,0.1111111111111111,0.3333333333333333,0.3333333333333333,0.3333333333333333,False,False
Q0141,3,OPCODE_STRUCT,CLEAN,B3_HARD_COMPONENT,0.3333333333333333,0.3333333333333333,0.3333333333333333,0.3333333333333333,False,False
Q0141,3,OPCODE_STRUCT,CLEAN,B4_SOFT_GRAPH,0.2222222222222222,0.25,0.3333333333333333,0.28571428571428575,False,False
Q0141,3,OPCODE_STRUCT,DROP30,B1_INDEPENDENT,0.1111111111111111,0.16666666666666666,0.3333333333333333,0.2222222222222222,False,False
Q0141,3,OPCODE_STRUCT,DROP30,B2_EXACT_GLOBAL,0.1111111111111111,0.3333333333333333,0.3333333333333333,0.3333333333333333,False,False
Q0141,3,OPCODE_STRUCT,DROP30,B3_HARD_COMPONENT,0.2222222222222222,0.2,0.3333333333333333,0.25,False,False
Q0141,3,OPCODE_STRUCT,DROP30,B4_SOFT_GRAPH,0.2222222222222222,0.2,0.3333333333333333,0.25,False,False
Q0141,3,OPCODE_STRUCT,BRIDGE,B1_INDEPENDENT,0.1111111111111111,0.16666666666666666,0.3333333333333333,0.2222222222222222,False,False
Q0141,3,OPCODE_STRUCT,BRIDGE,B2_EXACT_GLOBAL,0.1111111111111111,0.3333333333333333,0.3333333333333333,0.3333333333333333,False,False
Q0141,3,OPCODE_STRUCT,BRIDGE,B3_HARD_COMPONENT,0.0,0.0,0.0,0.0,False,False
Q0141,3,OPCODE_STRUCT,BRIDGE,B4_SOFT_GRAPH,0.1111111111111111,0.25,0.3333333333333333,0.28571428571428575,False,False
Q0141,3,OPCODE_STRUCT,DROP30_BRIDGE,B1_INDEPENDENT,0.1111111111111111,0.16666666666666666,0.3333333333333333,0.2222222222222222,False,False
Q0141,3,OPCODE_STRUCT,DROP30_BRIDGE,B2_EXACT_GLOBAL,0.1111111111111111,0.3333333333333333,0.3333333333333333,0.3333333333333333,False,False
Q0141,3,OPCODE_STRUCT,DROP30_BRIDGE,B3_HARD_COMPONENT,0.2222222222222222,0.3333333333333333,0.3333333333333333,0.3333333333333333,False,False
Q0141,3,OPCODE_STRUCT,DROP30_BRIDGE,B4_SOFT_GRAPH,0.1111111111111111,0.3333333333333333,0.3333333333333333,0.3333333333333333,False,False
Q0141,3,OPCODE_CONTEXT,CLEAN,B1_INDEPENDENT,0.1111111111111111,0.4,0.6666666666666666,0.5,False,False
Q0141,3,OPCODE_CONTEXT,CLEAN,B2_EXACT_GLOBAL,0.1111111111111111,0.3333333333333333,0.3333333333333333,0.3333333333333333,False,False
Q0141,3,OPCODE_CONTEXT,CLEAN,B3_HARD_COMPONENT,0.3333333333333333,0.6666666666666666,0.6666666666666666,0.6666666666666666,False,False
Q0141,3,OPCODE_CONTEXT,CLEAN,B4_SOFT_GRAPH,0.1111111111111111,0.4,0.6666666666666666,0.5,False,False
Q0141,3,OPCODE_CONTEXT,DROP30,B1_INDEPENDENT,0.1111111111111111,0.4,0.6666666666666666,0.5,False,False
Q0141,3,OPCODE_CONTEXT,DROP30,B2_EXACT_GLOBAL,0.1111111111111111,0.3333333333333333,0.3333333333333333,0.3333333333333333,False,False
Q0141,3,OPCODE_CONTEXT,DROP30,B3_HARD_COMPONENT,0.2222222222222222,0.5,0.6666666666666666,0.5714285714285715,False,False
Q0141,3,OPCODE_CONTEXT,DROP30,B4_SOFT_GRAPH,0.1111111111111111,0.4,0.6666666666666666,0.5,False,False
Q0141,3,OPCODE_CONTEXT,BRIDGE,B1_INDEPENDENT,0.1111111111111111,0.4,0.6666666666666666,0.5,False,False
Q0141,3,OPCODE_CONTEXT,BRIDGE,B2_EXACT_GLOBAL,0.1111111111111111,0.3333333333333333,0.3333333333333333,0.3333333333333333,False,False
Q0141,3,OPCODE_CONTEXT,BRIDGE,B3_HARD_COMPONENT,0.0,0.0,0.0,0.0,False,False
Q0141,3,OPCODE_CONTEXT,BRIDGE,B4_SOFT_GRAPH,0.1111111111111111,0.4,0.6666666666666666,0.5,False,False
Q0141,3,OPCODE_CONTEXT,DROP30_BRIDGE,B1_INDEPENDENT,0.1111111111111111,0.4,0.6666666666666666,0.5,False,False
Q0141,3,OPCODE_CONTEXT,DROP30_BRIDGE,B2_EXACT_GLOBAL,0.1111111111111111,0.3333333333333333,0.3333333333333333,0.3333333333333333,False,False
Q0141,3,OPCODE_CONTEXT,DROP30_BRIDGE,B3_HARD_COMPONENT,0.2222222222222222,0.3333333333333333,0.3333333333333333,0.3333333333333333,False,False
Q0141,3,OPCODE_CONTEXT,DROP30_BRIDGE,B4_SOFT_GRAPH,0.1111111111111111,0.4,0.6666666666666666,0.5,False,False
Q0101,3,OPCODE_3GRAM,CLEAN,B1_INDEPENDENT,0.4444444444444444,0.5,1.0,0.6666666666666666,False,False
Q0101,3,OPCODE_3GRAM,CLEAN,B2_EXACT_GLOBAL,0.7777777777777778,1.0,1.0,1.0,True,False
Q0101,3,OPCODE_3GRAM,CLEAN,B3_HARD_COMPONENT,1.0,1.0,1.0,1.0,True,True
Q0101,3,OPCODE_3GRAM,CLEAN,B4_SOFT_GRAPH,0.4444444444444444,0.6666666666666666,0.6666666666666666,0.6666666666666666,False,False
Q0101,3,OPCODE_3GRAM,DROP30,B1_INDEPENDENT,0.4444444444444444,0.5,1.0,0.6666666666666666,False,False
Q0101,3,OPCODE_3GRAM,DROP30,B2_EXACT_GLOBAL,0.7777777777777778,1.0,1.0,1.0,True,False
Q0101,3,OPCODE_3GRAM,DROP30,B3_HARD_COMPONENT,1.0,1.0,1.0,1.0,True,True
Q0101,3,OPCODE_3GRAM,DROP30,B4_SOFT_GRAPH,0.4444444444444444,0.6666666666666666,0.6666666666666666,0.6666666666666666,False,False
Q0101,3,OPCODE_3GRAM,BRIDGE,B1_INDEPENDENT,0.4444444444444444,0.5,1.0,0.6666666666666666,False,False
Q0101,3,OPCODE_3GRAM,BRIDGE,B2_EXACT_GLOBAL,0.7777777777777778,1.0,1.0,1.0,True,False
Q0101,3,OPCODE_3GRAM,BRIDGE,B3_HARD_COMPONENT,0.3333333333333333,1.0,0.3333333333333333,0.5,False,False
Q0101,3,OPCODE_3GRAM,BRIDGE,B4_SOFT_GRAPH,0.4444444444444444,0.6666666666666666,0.6666666666666666,0.6666666666666666,False,False
Q0101,3,OPCODE_3GRAM,DROP30_BRIDGE,B1_INDEPENDENT,0.4444444444444444,0.5,1.0,0.6666666666666666,False,False
Q0101,3,OPCODE_3GRAM,DROP30_BRIDGE,B2_EXACT_GLOBAL,0.7777777777777778,1.0,1.0,1.0,True,False
Q0101,3,OPCODE_3GRAM,DROP30_BRIDGE,B3_HARD_COMPONENT,0.5555555555555556,0.6666666666666666,0.6666666666666666,0.6666666666666666,False,False
Q0101,3,OPCODE_3GRAM,DROP30_BRIDGE,B4_SOFT_GRAPH,0.4444444444444444,0.5,0.6666666666666666,0.5714285714285715,False,False
Q0101,3,OPCODE_STRUCT,CLEAN,B1_INDEPENDENT,0.5555555555555556,0.5,1.0,0.6666666666666666,False,False
Q0101,3,OPCODE_STRUCT,CLEAN,B2_EXACT_GLOBAL,1.0,1.0,1.0,1.0,True,True
Q0101,3,OPCODE_STRUCT,CLEAN,B3_HARD_COMPONENT,1.0,1.0,1.0,1.0,True,True
Q0101,3,OPCODE_STRUCT,CLEAN,B4_SOFT_GRAPH,0.1111111111111111,0.5,0.3333333333333333,0.4,False,False
Q0101,3,OPCODE_STRUCT,DROP30,B1_INDEPENDENT,0.5555555555555556,0.5,1.0,0.6666666666666666,False,False
Q0101,3,OPCODE_STRUCT,DROP30,B2_EXACT_GLOBAL,1.0,1.0,1.0,1.0,True,True
Q0101,3,OPCODE_STRUCT,DROP30,B3_HARD_COMPONENT,0.7777777777777778,0.75,1.0,0.8571428571428571,False,False
Q0101,3,OPCODE_STRUCT,DROP30,B4_SOFT_GRAPH,0.1111111111111111,0.3333333333333333,0.3333333333333333,0.3333333333333333,False,False
Q0101,3,OPCODE_STRUCT,BRIDGE,B1_INDEPENDENT,0.5555555555555556,0.5,1.0,0.6666666666666666,False,False
Q0101,3,OPCODE_STRUCT,BRIDGE,B2_EXACT_GLOBAL,1.0,1.0,1.0,1.0,True,True
Q0101,3,OPCODE_STRUCT,BRIDGE,B3_HARD_COMPONENT,0.0,0.0,0.0,0.0,False,False
Q0101,3,OPCODE_STRUCT,BRIDGE,B4_SOFT_GRAPH,0.1111111111111111,0.5,0.3333333333333333,0.4,False,False
Q0101,3,OPCODE_STRUCT,DROP30_BRIDGE,B1_INDEPENDENT,0.5555555555555556,0.5,1.0,0.6666666666666666,False,False
Q0101,3,OPCODE_STRUCT,DROP30_BRIDGE,B2_EXACT_GLOBAL,1.0,1.0,1.0,1.0,True,True
Q0101,3,OPCODE_STRUCT,DROP30_BRIDGE,B3_HARD_COMPONENT,0.5555555555555556,0.6666666666666666,0.6666666666666666,0.6666666666666666,False,False
Q0101,3,OPCODE_STRUCT,DROP30_BRIDGE,B4_SOFT_GRAPH,0.1111111111111111,0.3333333333333333,0.3333333333333333,0.3333333333333333,False,False
Q0101,3,OPCODE_CONTEXT,CLEAN,B1_INDEPENDENT,0.4444444444444444,0.375,1.0,0.5454545454545454,False,False
Q0101,3,OPCODE_CONTEXT,CLEAN,B2_EXACT_GLOBAL,0.5555555555555556,0.6666666666666666,0.6666666666666666,0.6666666666666666,False,False
Q0101,3,OPCODE_CONTEXT,CLEAN,B3_HARD_COMPONENT,0.6666666666666666,0.6666666666666666,0.6666666666666666,0.6666666666666666,False,False
Q0101,3,OPCODE_CONTEXT,CLEAN,B4_SOFT_GRAPH,0.2222222222222222,0.2857142857142857,0.6666666666666666,0.4,False,False
Q0101,3,OPCODE_CONTEXT,DROP30,B1_INDEPENDENT,0.4444444444444444,0.375,1.0,0.5454545454545454,False,False
Q0101,3,OPCODE_CONTEXT,DROP30,B2_EXACT_GLOBAL,0.5555555555555556,0.6666666666666666,0.6666666666666666,0.6666666666666666,False,False
Q0101,3,OPCODE_CONTEXT,DROP30,B3_HARD_COMPONENT,0.8888888888888888,0.75,1.0,0.8571428571428571,False,False
Q0101,3,OPCODE_CONTEXT,DROP30,B4_SOFT_GRAPH,0.2222222222222222,0.2857142857142857,0.6666666666666666,0.4,False,False
Q0101,3,OPCODE_CONTEXT,BRIDGE,B1_INDEPENDENT,0.4444444444444444,0.375,1.0,0.5454545454545454,False,False
Q0101,3,OPCODE_CONTEXT,BRIDGE,B2_EXACT_GLOBAL,0.5555555555555556,0.6666666666666666,0.6666666666666666,0.6666666666666666,False,False
Q0101,3,OPCODE_CONTEXT,BRIDGE,B3_HARD_COMPONENT,0.0,0.0,0.0,0.0,False,False
Q0101,3,OPCODE_CONTEXT,BRIDGE,B4_SOFT_GRAPH,0.2222222222222222,0.2857142857142857,0.6666666666666666,0.4,False,False
Q0101,3,OPCODE_CONTEXT,DROP30_BRIDGE,B1_INDEPENDENT,0.4444444444444444,0.375,1.0,0.5454545454545454,False,False
Q0101,3,OPCODE_CONTEXT,DROP30_BRIDGE,B2_EXACT_GLOBAL,0.5555555555555556,0.6666666666666666,0.6666666666666666,0.6666666666666666,False,False
Q0101,3,OPCODE_CONTEXT,DROP30_BRIDGE,B3_HARD_COMPONENT,0.3333333333333333,0.3333333333333333,0.3333333333333333,0.3333333333333333,False,False
Q0101,3,OPCODE_CONTEXT,DROP30_BRIDGE,B4_SOFT_GRAPH,0.2222222222222222,0.2857142857142857,0.6666666666666666,0.4,False,False
Q0171,3,OPCODE_3GRAM,CLEAN,B1_INDEPENDENT,0.4444444444444444,0.4,0.6666666666666666,0.5,False,False
Q0171,3,OPCODE_3GRAM,CLEAN,B2_EXACT_GLOBAL,0.3333333333333333,0.3333333333333333,0.3333333333333333,0.3333333333333333,False,False
Q0171,3,OPCODE_3GRAM,CLEAN,B3_HARD_COMPONENT,0.3333333333333333,0.5,0.3333333333333333,0.4,False,False
Q0171,3,OPCODE_3GRAM,CLEAN,B4_SOFT_GRAPH,0.0,0.0,0.0,0.0,False,False
Q0171,3,OPCODE_3GRAM,DROP30,B1_INDEPENDENT,0.4444444444444444,0.4,0.6666666666666666,0.5,False,False
Q0171,3,OPCODE_3GRAM,DROP30,B2_EXACT_GLOBAL,0.3333333333333333,0.3333333333333333,0.3333333333333333,0.3333333333333333,False,False
Q0171,3,OPCODE_3GRAM,DROP30,B3_HARD_COMPONENT,0.3333333333333333,0.25,0.3333333333333333,0.28571428571428575,False,False
Q0171,3,OPCODE_3GRAM,DROP30,B4_SOFT_GRAPH,0.0,0.0,0.0,0.0,False,False
Q0171,3,OPCODE_3GRAM,BRIDGE,B1_INDEPENDENT,0.4444444444444444,0.4,0.6666666666666666,0.5,False,False
Q0171,3,OPCODE_3GRAM,BRIDGE,B2_EXACT_GLOBAL,0.3333333333333333,0.3333333333333333,0.3333333333333333,0.3333333333333333,False,False
Q0171,3,OPCODE_3GRAM,BRIDGE,B3_HARD_COMPONENT,0.3333333333333333,1.0,0.3333333333333333,0.5,False,False
Q0171,3,OPCODE_3GRAM,BRIDGE,B4_SOFT_GRAPH,0.0,0.0,0.0,0.0,False,False
Q0171,3,OPCODE_3GRAM,DROP30_BRIDGE,B1_INDEPENDENT,0.4444444444444444,0.4,0.6666666666666666,0.5,False,False
Q0171,3,OPCODE_3GRAM,DROP30_BRIDGE,B2_EXACT_GLOBAL,0.3333333333333333,0.3333333333333333,0.3333333333333333,0.3333333333333333,False,False
Q0171,3,OPCODE_3GRAM,DROP30_BRIDGE,B3_HARD_COMPONENT,0.3333333333333333,0.5,0.3333333333333333,0.4,False,False
Q0171,3,OPCODE_3GRAM,DROP30_BRIDGE,B4_SOFT_GRAPH,0.0,0.0,0.0,0.0,False,False
Q0171,3,OPCODE_STRUCT,CLEAN,B1_INDEPENDENT,0.4444444444444444,0.2857142857142857,0.6666666666666666,0.4,False,False
Q0171,3,OPCODE_STRUCT,CLEAN,B2_EXACT_GLOBAL,0.3333333333333333,0.3333333333333333,0.3333333333333333,0.3333333333333333,False,False
Q0171,3,OPCODE_STRUCT,CLEAN,B3_HARD_COMPONENT,0.3333333333333333,0.3333333333333333,0.3333333333333333,0.3333333333333333,False,False
Q0171,3,OPCODE_STRUCT,CLEAN,B4_SOFT_GRAPH,0.0,0.0,0.0,0.0,False,False
Q0171,3,OPCODE_STRUCT,DROP30,B1_INDEPENDENT,0.4444444444444444,0.2857142857142857,0.6666666666666666,0.4,False,False
Q0171,3,OPCODE_STRUCT,DROP30,B2_EXACT_GLOBAL,0.3333333333333333,0.3333333333333333,0.3333333333333333,0.3333333333333333,False,False
Q0171,3,OPCODE_STRUCT,DROP30,B3_HARD_COMPONENT,0.3333333333333333,0.25,0.3333333333333333,0.28571428571428575,False,False
Q0171,3,OPCODE_STRUCT,DROP30,B4_SOFT_GRAPH,0.0,0.0,0.0,0.0,False,False
Q0171,3,OPCODE_STRUCT,BRIDGE,B1_INDEPENDENT,0.4444444444444444,0.2857142857142857,0.6666666666666666,0.4,False,False
Q0171,3,OPCODE_STRUCT,BRIDGE,B2_EXACT_GLOBAL,0.3333333333333333,0.3333333333333333,0.3333333333333333,0.3333333333333333,False,False
Q0171,3,OPCODE_STRUCT,BRIDGE,B3_HARD_COMPONENT,0.3333333333333333,1.0,0.3333333333333333,0.5,False,False
Q0171,3,OPCODE_STRUCT,BRIDGE,B4_SOFT_GRAPH,0.0,0.0,0.0,0.0,False,False
Q0171,3,OPCODE_STRUCT,DROP30_BRIDGE,B1_INDEPENDENT,0.4444444444444444,0.2857142857142857,0.6666666666666666,0.4,False,False
Q0171,3,OPCODE_STRUCT,DROP30_BRIDGE,B2_EXACT_GLOBAL,0.3333333333333333,0.3333333333333333,0.3333333333333333,0.3333333333333333,False,False
Q0171,3,OPCODE_STRUCT,DROP30_BRIDGE,B3_HARD_COMPONENT,0.3333333333333333,0.5,0.3333333333333333,0.4,False,False
Q0171,3,OPCODE_STRUCT,DROP30_BRIDGE,B4_SOFT_GRAPH,0.0,0.0,0.0,0.0,False,False
Q0171,3,OPCODE_CONTEXT,CLEAN,B1_INDEPENDENT,0.5555555555555556,0.5,0.6666666666666666,0.5714285714285715,False,False
Q0171,3,OPCODE_CONTEXT,CLEAN,B2_EXACT_GLOBAL,0.3333333333333333,0.3333333333333333,0.3333333333333333,0.3333333333333333,False,False
Q0171,3,OPCODE_CONTEXT,CLEAN,B3_HARD_COMPONENT,0.6666666666666666,0.6666666666666666,0.6666666666666666,0.6666666666666666,False,False
Q0171,3,OPCODE_CONTEXT,CLEAN,B4_SOFT_GRAPH,0.2222222222222222,0.2,0.3333333333333333,0.25,False,False
Q0171,3,OPCODE_CONTEXT,DROP30,B1_INDEPENDENT,0.5555555555555556,0.5,0.6666666666666666,0.5714285714285715,False,False
Q0171,3,OPCODE_CONTEXT,DROP30,B2_EXACT_GLOBAL,0.3333333333333333,0.3333333333333333,0.3333333333333333,0.3333333333333333,False,False
Q0171,3,OPCODE_CONTEXT,DROP30,B3_HARD_COMPONENT,0.6666666666666666,0.5,0.6666666666666666,0.5714285714285715,False,False
Q0171,3,OPCODE_CONTEXT,DROP30,B4_SOFT_GRAPH,0.2222222222222222,0.2,0.3333333333333333,0.25,False,False
Q0171,3,OPCODE_CONTEXT,BRIDGE,B1_INDEPENDENT,0.5555555555555556,0.5,0.6666666666666666,0.5714285714285715,False,False
Q0171,3,OPCODE_CONTEXT,BRIDGE,B2_EXACT_GLOBAL,0.3333333333333333,0.3333333333333333,0.3333333333333333,0.3333333333333333,False,False
Q0171,3,OPCODE_CONTEXT,BRIDGE,B3_HARD_COMPONENT,0.3333333333333333,1.0,0.3333333333333333,0.5,False,False
Q0171,3,OPCODE_CONTEXT,BRIDGE,B4_SOFT_GRAPH,0.2222222222222222,0.2,0.3333333333333333,0.25,False,False
Q0171,3,OPCODE_CONTEXT,DROP30_BRIDGE,B1_INDEPENDENT,0.5555555555555556,0.5,0.6666666666666666,0.5714285714285715,False,False
Q0171,3,OPCODE_CONTEXT,DROP30_BRIDGE,B2_EXACT_GLOBAL,0.3333333333333333,0.3333333333333333,0.3333333333333333,0.3333333333333333,False,False
Q0171,3,OPCODE_CONTEXT,DROP30_BRIDGE,B3_HARD_COMPONENT,0.4444444444444444,1.0,0.6666666666666666,0.8,False,False
Q0171,3,OPCODE_CONTEXT,DROP30_BRIDGE,B4_SOFT_GRAPH,0.2222222222222222,0.2,0.3333333333333333,0.25,False,False
Q0139,3,OPCODE_3GRAM,CLEAN,B1_INDEPENDENT,0.1111111111111111,0.3333333333333333,0.6666666666666666,0.4444444444444444,False,False
Q0139,3,OPCODE_3GRAM,CLEAN,B2_EXACT_GLOBAL,0.2222222222222222,0.3333333333333333,0.3333333333333333,0.3333333333333333,False,False
Q0139,3,OPCODE_3GRAM,CLEAN,B3_HARD_COMPONENT,0.3333333333333333,0.6666666666666666,0.6666666666666666,0.6666666666666666,False,False
Q0139,3,OPCODE_3GRAM,CLEAN,B4_SOFT_GRAPH,0.1111111111111111,0.3333333333333333,0.3333333333333333,0.3333333333333333,False,False
Q0139,3,OPCODE_3GRAM,DROP30,B1_INDEPENDENT,0.1111111111111111,0.3333333333333333,0.6666666666666666,0.4444444444444444,False,False
Q0139,3,OPCODE_3GRAM,DROP30,B2_EXACT_GLOBAL,0.2222222222222222,0.3333333333333333,0.3333333333333333,0.3333333333333333,False,False
Q0139,3,OPCODE_3GRAM,DROP30,B3_HARD_COMPONENT,0.1111111111111111,0.5,0.6666666666666666,0.5714285714285715,False,False
Q0139,3,OPCODE_3GRAM,DROP30,B4_SOFT_GRAPH,0.1111111111111111,0.5,0.6666666666666666,0.5714285714285715,False,False
Q0139,3,OPCODE_3GRAM,BRIDGE,B1_INDEPENDENT,0.1111111111111111,0.3333333333333333,0.6666666666666666,0.4444444444444444,False,False
Q0139,3,OPCODE_3GRAM,BRIDGE,B2_EXACT_GLOBAL,0.2222222222222222,0.3333333333333333,0.3333333333333333,0.3333333333333333,False,False
Q0139,3,OPCODE_3GRAM,BRIDGE,B3_HARD_COMPONENT,0.3333333333333333,1.0,0.3333333333333333,0.5,False,False
Q0139,3,OPCODE_3GRAM,BRIDGE,B4_SOFT_GRAPH,0.1111111111111111,0.3333333333333333,0.3333333333333333,0.3333333333333333,False,False
Q0139,3,OPCODE_3GRAM,DROP30_BRIDGE,B1_INDEPENDENT,0.1111111111111111,0.3333333333333333,0.6666666666666666,0.4444444444444444,False,False
Q0139,3,OPCODE_3GRAM,DROP30_BRIDGE,B2_EXACT_GLOBAL,0.2222222222222222,0.3333333333333333,0.3333333333333333,0.3333333333333333,False,False
Q0139,3,OPCODE_3GRAM,DROP30_BRIDGE,B3_HARD_COMPONENT,0.2222222222222222,0.6666666666666666,0.6666666666666666,0.6666666666666666,False,False
Q0139,3,OPCODE_3GRAM,DROP30_BRIDGE,B4_SOFT_GRAPH,0.1111111111111111,0.3333333333333333,0.6666666666666666,0.4444444444444444,False,False
Q0139,3,OPCODE_STRUCT,CLEAN,B1_INDEPENDENT,0.1111111111111111,0.3333333333333333,0.6666666666666666,0.4444444444444444,False,False
Q0139,3,OPCODE_STRUCT,CLEAN,B2_EXACT_GLOBAL,0.1111111111111111,0.3333333333333333,0.3333333333333333,0.3333333333333333,False,False
Q0139,3,OPCODE_STRUCT,CLEAN,B3_HARD_COMPONENT,0.3333333333333333,0.3333333333333333,0.3333333333333333,0.3333333333333333,False,False
Q0139,3,OPCODE_STRUCT,CLEAN,B4_SOFT_GRAPH,0.1111111111111111,0.25,0.3333333333333333,0.28571428571428575,False,False
Q0139,3,OPCODE_STRUCT,DROP30,B1_INDEPENDENT,0.1111111111111111,0.3333333333333333,0.6666666666666666,0.4444444444444444,False,False
Q0139,3,OPCODE_STRUCT,DROP30,B2_EXACT_GLOBAL,0.1111111111111111,0.3333333333333333,0.3333333333333333,0.3333333333333333,False,False
Q0139,3,OPCODE_STRUCT,DROP30,B3_HARD_COMPONENT,0.1111111111111111,0.5,0.6666666666666666,0.5714285714285715,False,False
Q0139,3,OPCODE_STRUCT,DROP30,B4_SOFT_GRAPH,0.1111111111111111,0.25,0.3333333333333333,0.28571428571428575,False,False
Q0139,3,OPCODE_STRUCT,BRIDGE,B1_INDEPENDENT,0.1111111111111111,0.3333333333333333,0.6666666666666666,0.4444444444444444,False,False
Q0139,3,OPCODE_STRUCT,BRIDGE,B2_EXACT_GLOBAL,0.1111111111111111,0.3333333333333333,0.3333333333333333,0.3333333333333333,False,False
Q0139,3,OPCODE_STRUCT,BRIDGE,B3_HARD_COMPONENT,0.3333333333333333,1.0,0.3333333333333333,0.5,False,False
Q0139,3,OPCODE_STRUCT,BRIDGE,B4_SOFT_GRAPH,0.1111111111111111,0.3333333333333333,0.3333333333333333,0.3333333333333333,False,False
Q0139,3,OPCODE_STRUCT,DROP30_BRIDGE,B1_INDEPENDENT,0.1111111111111111,0.3333333333333333,0.6666666666666666,0.4444444444444444,False,False
Q0139,3,OPCODE_STRUCT,DROP30_BRIDGE,B2_EXACT_GLOBAL,0.1111111111111111,0.3333333333333333,0.3333333333333333,0.3333333333333333,False,False
Q0139,3,OPCODE_STRUCT,DROP30_BRIDGE,B3_HARD_COMPONENT,0.2222222222222222,0.3333333333333333,0.3333333333333333,0.3333333333333333,False,False
Q0139,3,OPCODE_STRUCT,DROP30_BRIDGE,B4_SOFT_GRAPH,0.1111111111111111,0.25,0.3333333333333333,0.28571428571428575,False,False
Q0139,3,OPCODE_CONTEXT,CLEAN,B1_INDEPENDENT,0.3333333333333333,0.3333333333333333,0.6666666666666666,0.4444444444444444,False,False
Q0139,3,OPCODE_CONTEXT,CLEAN,B2_EXACT_GLOBAL,0.4444444444444444,0.6666666666666666,0.6666666666666666,0.6666666666666666,False,False
Q0139,3,OPCODE_CONTEXT,CLEAN,B3_HARD_COMPONENT,0.3333333333333333,0.3333333333333333,0.3333333333333333,0.3333333333333333,False,False
Q0139,3,OPCODE_CONTEXT,CLEAN,B4_SOFT_GRAPH,0.3333333333333333,0.3333333333333333,0.6666666666666666,0.4444444444444444,False,False
Q0139,3,OPCODE_CONTEXT,DROP30,B1_INDEPENDENT,0.3333333333333333,0.3333333333333333,0.6666666666666666,0.4444444444444444,False,False
Q0139,3,OPCODE_CONTEXT,DROP30,B2_EXACT_GLOBAL,0.4444444444444444,0.6666666666666666,0.6666666666666666,0.6666666666666666,False,False
Q0139,3,OPCODE_CONTEXT,DROP30,B3_HARD_COMPONENT,0.2222222222222222,0.4,0.6666666666666666,0.5,False,False
Q0139,3,OPCODE_CONTEXT,DROP30,B4_SOFT_GRAPH,0.3333333333333333,0.3333333333333333,0.6666666666666666,0.4444444444444444,False,False
Q0139,3,OPCODE_CONTEXT,BRIDGE,B1_INDEPENDENT,0.3333333333333333,0.3333333333333333,0.6666666666666666,0.4444444444444444,False,False
Q0139,3,OPCODE_CONTEXT,BRIDGE,B2_EXACT_GLOBAL,0.4444444444444444,0.6666666666666666,0.6666666666666666,0.6666666666666666,False,False
Q0139,3,OPCODE_CONTEXT,BRIDGE,B3_HARD_COMPONENT,0.3333333333333333,1.0,0.3333333333333333,0.5,False,False
Q0139,3,OPCODE_CONTEXT,BRIDGE,B4_SOFT_GRAPH,0.3333333333333333,0.3333333333333333,0.6666666666666666,0.4444444444444444,False,False
Q0139,3,OPCODE_CONTEXT,DROP30_BRIDGE,B1_INDEPENDENT,0.3333333333333333,0.3333333333333333,0.6666666666666666,0.4444444444444444,False,False
Q0139,3,OPCODE_CONTEXT,DROP30_BRIDGE,B2_EXACT_GLOBAL,0.4444444444444444,0.6666666666666666,0.6666666666666666,0.6666666666666666,False,False
Q0139,3,OPCODE_CONTEXT,DROP30_BRIDGE,B3_HARD_COMPONENT,0.2222222222222222,0.25,0.3333333333333333,0.28571428571428575,False,False
Q0139,3,OPCODE_CONTEXT,DROP30_BRIDGE,B4_SOFT_GRAPH,0.3333333333333333,0.3333333333333333,0.6666666666666666,0.4444444444444444,False,False
Q0153,3,OPCODE_3GRAM,CLEAN,B1_INDEPENDENT,0.3333333333333333,0.2857142857142857,0.6666666666666666,0.4,False,False
Q0153,3,OPCODE_3GRAM,CLEAN,B2_EXACT_GLOBAL,0.4444444444444444,0.6666666666666666,0.6666666666666666,0.6666666666666666,False,False
Q0153,3,OPCODE_3GRAM,CLEAN,B3_HARD_COMPONENT,0.6666666666666666,0.6666666666666666,0.6666666666666666,0.6666666666666666,False,False
Q0153,3,OPCODE_3GRAM,CLEAN,B4_SOFT_GRAPH,0.1111111111111111,0.3333333333333333,0.3333333333333333,0.3333333333333333,False,False
Q0153,3,OPCODE_3GRAM,DROP30,B1_INDEPENDENT,0.3333333333333333,0.2857142857142857,0.6666666666666666,0.4,False,False
Q0153,3,OPCODE_3GRAM,DROP30,B2_EXACT_GLOBAL,0.4444444444444444,0.6666666666666666,0.6666666666666666,0.6666666666666666,False,False
Q0153,3,OPCODE_3GRAM,DROP30,B3_HARD_COMPONENT,0.5555555555555556,0.3333333333333333,0.6666666666666666,0.4444444444444444,False,False
Q0153,3,OPCODE_3GRAM,DROP30,B4_SOFT_GRAPH,0.1111111111111111,0.2,0.3333333333333333,0.25,False,False
Q0153,3,OPCODE_3GRAM,BRIDGE,B1_INDEPENDENT,0.3333333333333333,0.2857142857142857,0.6666666666666666,0.4,False,False
Q0153,3,OPCODE_3GRAM,BRIDGE,B2_EXACT_GLOBAL,0.4444444444444444,0.6666666666666666,0.6666666666666666,0.6666666666666666,False,False
Q0153,3,OPCODE_3GRAM,BRIDGE,B3_HARD_COMPONENT,0.3333333333333333,1.0,0.3333333333333333,0.5,False,False
Q0153,3,OPCODE_3GRAM,BRIDGE,B4_SOFT_GRAPH,0.2222222222222222,0.5,0.3333333333333333,0.4,False,False
Q0153,3,OPCODE_3GRAM,DROP30_BRIDGE,B1_INDEPENDENT,0.3333333333333333,0.2857142857142857,0.6666666666666666,0.4,False,False
Q0153,3,OPCODE_3GRAM,DROP30_BRIDGE,B2_EXACT_GLOBAL,0.4444444444444444,0.6666666666666666,0.6666666666666666,0.6666666666666666,False,False
Q0153,3,OPCODE_3GRAM,DROP30_BRIDGE,B3_HARD_COMPONENT,0.3333333333333333,0.5,0.6666666666666666,0.5714285714285715,False,False
Q0153,3,OPCODE_3GRAM,DROP30_BRIDGE,B4_SOFT_GRAPH,0.1111111111111111,0.25,0.3333333333333333,0.28571428571428575,False,False
Q0153,3,OPCODE_STRUCT,CLEAN,B1_INDEPENDENT,0.3333333333333333,0.3333333333333333,0.6666666666666666,0.4444444444444444,False,False
Q0153,3,OPCODE_STRUCT,CLEAN,B2_EXACT_GLOBAL,0.4444444444444444,0.6666666666666666,0.6666666666666666,0.6666666666666666,False,False
Q0153,3,OPCODE_STRUCT,CLEAN,B3_HARD_COMPONENT,0.6666666666666666,0.6666666666666666,0.6666666666666666,0.6666666666666666,False,False
Q0153,3,OPCODE_STRUCT,CLEAN,B4_SOFT_GRAPH,0.5555555555555556,0.6666666666666666,0.6666666666666666,0.6666666666666666,False,False
Q0153,3,OPCODE_STRUCT,DROP30,B1_INDEPENDENT,0.3333333333333333,0.3333333333333333,0.6666666666666666,0.4444444444444444,False,False
Q0153,3,OPCODE_STRUCT,DROP30,B2_EXACT_GLOBAL,0.4444444444444444,0.6666666666666666,0.6666666666666666,0.6666666666666666,False,False
Q0153,3,OPCODE_STRUCT,DROP30,B3_HARD_COMPONENT,0.5555555555555556,0.3333333333333333,0.6666666666666666,0.4444444444444444,False,False
Q0153,3,OPCODE_STRUCT,DROP30,B4_SOFT_GRAPH,0.4444444444444444,0.4,0.6666666666666666,0.5,False,False
Q0153,3,OPCODE_STRUCT,BRIDGE,B1_INDEPENDENT,0.3333333333333333,0.3333333333333333,0.6666666666666666,0.4444444444444444,False,False
Q0153,3,OPCODE_STRUCT,BRIDGE,B2_EXACT_GLOBAL,0.4444444444444444,0.6666666666666666,0.6666666666666666,0.6666666666666666,False,False
Q0153,3,OPCODE_STRUCT,BRIDGE,B3_HARD_COMPONENT,0.3333333333333333,1.0,0.3333333333333333,0.5,False,False
Q0153,3,OPCODE_STRUCT,BRIDGE,B4_SOFT_GRAPH,0.5555555555555556,0.6666666666666666,0.6666666666666666,0.6666666666666666,False,False
Q0153,3,OPCODE_STRUCT,DROP30_BRIDGE,B1_INDEPENDENT,0.3333333333333333,0.3333333333333333,0.6666666666666666,0.4444444444444444,False,False
Q0153,3,OPCODE_STRUCT,DROP30_BRIDGE,B2_EXACT_GLOBAL,0.4444444444444444,0.6666666666666666,0.6666666666666666,0.6666666666666666,False,False
Q0153,3,OPCODE_STRUCT,DROP30_BRIDGE,B3_HARD_COMPONENT,0.3333333333333333,0.6666666666666666,0.6666666666666666,0.6666666666666666,False,False
Q0153,3,OPCODE_STRUCT,DROP30_BRIDGE,B4_SOFT_GRAPH,0.3333333333333333,0.4,0.6666666666666666,0.5,False,False
Q0153,3,OPCODE_CONTEXT,CLEAN,B1_INDEPENDENT,0.4444444444444444,0.4,0.6666666666666666,0.5,False,False
Q0153,3,OPCODE_CONTEXT,CLEAN,B2_EXACT_GLOBAL,0.5555555555555556,0.6666666666666666,0.6666666666666666,0.6666666666666666,False,False
Q0153,3,OPCODE_CONTEXT,CLEAN,B3_HARD_COMPONENT,0.6666666666666666,1.0,0.6666666666666666,0.8,False,False
Q0153,3,OPCODE_CONTEXT,CLEAN,B4_SOFT_GRAPH,0.5555555555555556,0.5,0.6666666666666666,0.5714285714285715,False,False
Q0153,3,OPCODE_CONTEXT,DROP30,B1_INDEPENDENT,0.4444444444444444,0.4,0.6666666666666666,0.5,False,False
Q0153,3,OPCODE_CONTEXT,DROP30,B2_EXACT_GLOBAL,0.5555555555555556,0.6666666666666666,0.6666666666666666,0.6666666666666666,False,False
Q0153,3,OPCODE_CONTEXT,DROP30,B3_HARD_COMPONENT,0.6666666666666666,0.5,0.6666666666666666,0.5714285714285715,False,False
Q0153,3,OPCODE_CONTEXT,DROP30,B4_SOFT_GRAPH,0.5555555555555556,0.5,0.6666666666666666,0.5714285714285715,False,False
Q0153,3,OPCODE_CONTEXT,BRIDGE,B1_INDEPENDENT,0.4444444444444444,0.4,0.6666666666666666,0.5,False,False
Q0153,3,OPCODE_CONTEXT,BRIDGE,B2_EXACT_GLOBAL,0.5555555555555556,0.6666666666666666,0.6666666666666666,0.6666666666666666,False,False
Q0153,3,OPCODE_CONTEXT,BRIDGE,B3_HARD_COMPONENT,0.3333333333333333,1.0,0.3333333333333333,0.5,False,False
Q0153,3,OPCODE_CONTEXT,BRIDGE,B4_SOFT_GRAPH,0.5555555555555556,0.5,0.6666666666666666,0.5714285714285715,False,False
Q0153,3,OPCODE_CONTEXT,DROP30_BRIDGE,B1_INDEPENDENT,0.4444444444444444,0.4,0.6666666666666666,0.5,False,False
Q0153,3,OPCODE_CONTEXT,DROP30_BRIDGE,B2_EXACT_GLOBAL,0.5555555555555556,0.6666666666666666,0.6666666666666666,0.6666666666666666,False,False
Q0153,3,OPCODE_CONTEXT,DROP30_BRIDGE,B3_HARD_COMPONENT,0.4444444444444444,0.6666666666666666,0.6666666666666666,0.6666666666666666,False,False
Q0153,3,OPCODE_CONTEXT,DROP30_BRIDGE,B4_SOFT_GRAPH,0.5555555555555556,0.5,0.6666666666666666,0.5714285714285715,False,False
Q0107,3,OPCODE_3GRAM,CLEAN,B1_INDEPENDENT,0.2222222222222222,0.4,0.6666666666666666,0.5,False,False
Q0107,3,OPCODE_3GRAM,CLEAN,B2_EXACT_GLOBAL,0.2222222222222222,0.3333333333333333,0.3333333333333333,0.3333333333333333,False,False
Q0107,3,OPCODE_3GRAM,CLEAN,B3_HARD_COMPONENT,0.3333333333333333,0.5,0.3333333333333333,0.4,False,False
Q0107,3,OPCODE_3GRAM,CLEAN,B4_SOFT_GRAPH,0.1111111111111111,0.25,0.3333333333333333,0.28571428571428575,False,False
Q0107,3,OPCODE_3GRAM,DROP30,B1_INDEPENDENT,0.2222222222222222,0.4,0.6666666666666666,0.5,False,False
Q0107,3,OPCODE_3GRAM,DROP30,B2_EXACT_GLOBAL,0.2222222222222222,0.3333333333333333,0.3333333333333333,0.3333333333333333,False,False
Q0107,3,OPCODE_3GRAM,DROP30,B3_HARD_COMPONENT,0.3333333333333333,0.3333333333333333,0.3333333333333333,0.3333333333333333,False,False
Q0107,3,OPCODE_3GRAM,DROP30,B4_SOFT_GRAPH,0.1111111111111111,0.3333333333333333,0.3333333333333333,0.3333333333333333,False,False
Q0107,3,OPCODE_3GRAM,BRIDGE,B1_INDEPENDENT,0.2222222222222222,0.4,0.6666666666666666,0.5,False,False
Q0107,3,OPCODE_3GRAM,BRIDGE,B2_EXACT_GLOBAL,0.2222222222222222,0.3333333333333333,0.3333333333333333,0.3333333333333333,False,False
Q0107,3,OPCODE_3GRAM,BRIDGE,B3_HARD_COMPONENT,0.0,0.0,0.0,0.0,False,False
Q0107,3,OPCODE_3GRAM,BRIDGE,B4_SOFT_GRAPH,0.1111111111111111,0.5,0.3333333333333333,0.4,False,False
Q0107,3,OPCODE_3GRAM,DROP30_BRIDGE,B1_INDEPENDENT,0.2222222222222222,0.4,0.6666666666666666,0.5,False,False
Q0107,3,OPCODE_3GRAM,DROP30_BRIDGE,B2_EXACT_GLOBAL,0.2222222222222222,0.3333333333333333,0.3333333333333333,0.3333333333333333,False,False
Q0107,3,OPCODE_3GRAM,DROP30_BRIDGE,B3_HARD_COMPONENT,0.4444444444444444,0.6666666666666666,0.6666666666666666,0.6666666666666666,False,False
Q0107,3,OPCODE_3GRAM,DROP30_BRIDGE,B4_SOFT_GRAPH,0.2222222222222222,0.6666666666666666,0.6666666666666666,0.6666666666666666,False,False
Q0107,3,OPCODE_STRUCT,CLEAN,B1_INDEPENDENT,0.2222222222222222,0.2857142857142857,0.6666666666666666,0.4,False,False
Q0107,3,OPCODE_STRUCT,CLEAN,B2_EXACT_GLOBAL,0.1111111111111111,0.3333333333333333,0.3333333333333333,0.3333333333333333,False,False
Q0107,3,OPCODE_STRUCT,CLEAN,B3_HARD_COMPONENT,0.3333333333333333,0.3333333333333333,0.3333333333333333,0.3333333333333333,False,False
Q0107,3,OPCODE_STRUCT,CLEAN,B4_SOFT_GRAPH,0.1111111111111111,0.2,0.3333333333333333,0.25,False,False
Q0107,3,OPCODE_STRUCT,DROP30,B1_INDEPENDENT,0.2222222222222222,0.2857142857142857,0.6666666666666666,0.4,False,False
Q0107,3,OPCODE_STRUCT,DROP30,B2_EXACT_GLOBAL,0.1111111111111111,0.3333333333333333,0.3333333333333333,0.3333333333333333,False,False
Q0107,3,OPCODE_STRUCT,DROP30,B3_HARD_COMPONENT,0.1111111111111111,0.3333333333333333,0.3333333333333333,0.3333333333333333,False,False
Q0107,3,OPCODE_STRUCT,DROP30,B4_SOFT_GRAPH,0.1111111111111111,0.3333333333333333,0.3333333333333333,0.3333333333333333,False,False
Q0107,3,OPCODE_STRUCT,BRIDGE,B1_INDEPENDENT,0.2222222222222222,0.2857142857142857,0.6666666666666666,0.4,False,False
Q0107,3,OPCODE_STRUCT,BRIDGE,B2_EXACT_GLOBAL,0.1111111111111111,0.3333333333333333,0.3333333333333333,0.3333333333333333,False,False
Q0107,3,OPCODE_STRUCT,BRIDGE,B3_HARD_COMPONENT,0.0,0.0,0.0,0.0,False,False
Q0107,3,OPCODE_STRUCT,BRIDGE,B4_SOFT_GRAPH,0.1111111111111111,0.3333333333333333,0.3333333333333333,0.3333333333333333,False,False
Q0107,3,OPCODE_STRUCT,DROP30_BRIDGE,B1_INDEPENDENT,0.2222222222222222,0.2857142857142857,0.6666666666666666,0.4,False,False
Q0107,3,OPCODE_STRUCT,DROP30_BRIDGE,B2_EXACT_GLOBAL,0.1111111111111111,0.3333333333333333,0.3333333333333333,0.3333333333333333,False,False
Q0107,3,OPCODE_STRUCT,DROP30_BRIDGE,B3_HARD_COMPONENT,0.4444444444444444,0.6666666666666666,0.6666666666666666,0.6666666666666666,False,False
Q0107,3,OPCODE_STRUCT,DROP30_BRIDGE,B4_SOFT_GRAPH,0.1111111111111111,0.3333333333333333,0.3333333333333333,0.3333333333333333,False,False
Q0107,3,OPCODE_CONTEXT,CLEAN,B1_INDEPENDENT,0.3333333333333333,0.3333333333333333,0.6666666666666666,0.4444444444444444,False,False
Q0107,3,OPCODE_CONTEXT,CLEAN,B2_EXACT_GLOBAL,0.4444444444444444,0.6666666666666666,0.6666666666666666,0.6666666666666666,False,False
Q0107,3,OPCODE_CONTEXT,CLEAN,B3_HARD_COMPONENT,0.3333333333333333,0.3333333333333333,0.3333333333333333,0.3333333333333333,False,False
Q0107,3,OPCODE_CONTEXT,CLEAN,B4_SOFT_GRAPH,0.3333333333333333,0.4,0.6666666666666666,0.5,False,False
Q0107,3,OPCODE_CONTEXT,DROP30,B1_INDEPENDENT,0.3333333333333333,0.3333333333333333,0.6666666666666666,0.4444444444444444,False,False
Q0107,3,OPCODE_CONTEXT,DROP30,B2_EXACT_GLOBAL,0.4444444444444444,0.6666666666666666,0.6666666666666666,0.6666666666666666,False,False
Q0107,3,OPCODE_CONTEXT,DROP30,B3_HARD_COMPONENT,0.5555555555555556,0.4,0.6666666666666666,0.5,False,False
Q0107,3,OPCODE_CONTEXT,DROP30,B4_SOFT_GRAPH,0.3333333333333333,0.4,0.6666666666666666,0.5,False,False
Q0107,3,OPCODE_CONTEXT,BRIDGE,B1_INDEPENDENT,0.3333333333333333,0.3333333333333333,0.6666666666666666,0.4444444444444444,False,False
Q0107,3,OPCODE_CONTEXT,BRIDGE,B2_EXACT_GLOBAL,0.4444444444444444,0.6666666666666666,0.6666666666666666,0.6666666666666666,False,False
Q0107,3,OPCODE_CONTEXT,BRIDGE,B3_HARD_COMPONENT,0.3333333333333333,1.0,0.3333333333333333,0.5,False,False
Q0107,3,OPCODE_CONTEXT,BRIDGE,B4_SOFT_GRAPH,0.3333333333333333,0.4,0.6666666666666666,0.5,False,False
Q0107,3,OPCODE_CONTEXT,DROP30_BRIDGE,B1_INDEPENDENT,0.3333333333333333,0.3333333333333333,0.6666666666666666,0.4444444444444444,False,False
Q0107,3,OPCODE_CONTEXT,DROP30_BRIDGE,B2_EXACT_GLOBAL,0.4444444444444444,0.6666666666666666,0.6666666666666666,0.6666666666666666,False,False
Q0107,3,OPCODE_CONTEXT,DROP30_BRIDGE,B3_HARD_COMPONENT,0.1111111111111111,0.6666666666666666,0.6666666666666666,0.6666666666666666,False,False
Q0107,3,OPCODE_CONTEXT,DROP30_BRIDGE,B4_SOFT_GRAPH,0.3333333333333333,0.4,0.6666666666666666,0.5,False,False
Q0144,3,OPCODE_3GRAM,CLEAN,B1_INDEPENDENT,0.3333333333333333,0.2,0.3333333333333333,0.25,False,False
Q0144,3,OPCODE_3GRAM,CLEAN,B2_EXACT_GLOBAL,0.3333333333333333,0.3333333333333333,0.3333333333333333,0.3333333333333333,False,False
Q0144,3,OPCODE_3GRAM,CLEAN,B3_HARD_COMPONENT,0.3333333333333333,0.3333333333333333,0.3333333333333333,0.3333333333333333,False,False
Q0144,3,OPCODE_3GRAM,CLEAN,B4_SOFT_GRAPH,0.3333333333333333,0.25,0.3333333333333333,0.28571428571428575,False,False
Q0144,3,OPCODE_3GRAM,DROP30,B1_INDEPENDENT,0.3333333333333333,0.2,0.3333333333333333,0.25,False,False
Q0144,3,OPCODE_3GRAM,DROP30,B2_EXACT_GLOBAL,0.3333333333333333,0.3333333333333333,0.3333333333333333,0.3333333333333333,False,False
Q0144,3,OPCODE_3GRAM,DROP30,B3_HARD_COMPONENT,0.3333333333333333,0.25,0.3333333333333333,0.28571428571428575,False,False
Q0144,3,OPCODE_3GRAM,DROP30,B4_SOFT_GRAPH,0.3333333333333333,0.25,0.3333333333333333,0.28571428571428575,False,False
Q0144,3,OPCODE_3GRAM,BRIDGE,B1_INDEPENDENT,0.3333333333333333,0.2,0.3333333333333333,0.25,False,False
Q0144,3,OPCODE_3GRAM,BRIDGE,B2_EXACT_GLOBAL,0.3333333333333333,0.3333333333333333,0.3333333333333333,0.3333333333333333,False,False
Q0144,3,OPCODE_3GRAM,BRIDGE,B3_HARD_COMPONENT,0.3333333333333333,1.0,0.3333333333333333,0.5,False,False
Q0144,3,OPCODE_3GRAM,BRIDGE,B4_SOFT_GRAPH,0.3333333333333333,0.3333333333333333,0.3333333333333333,0.3333333333333333,False,False
Q0144,3,OPCODE_3GRAM,DROP30_BRIDGE,B1_INDEPENDENT,0.3333333333333333,0.2,0.3333333333333333,0.25,False,False
Q0144,3,OPCODE_3GRAM,DROP30_BRIDGE,B2_EXACT_GLOBAL,0.3333333333333333,0.3333333333333333,0.3333333333333333,0.3333333333333333,False,False
Q0144,3,OPCODE_3GRAM,DROP30_BRIDGE,B3_HARD_COMPONENT,0.3333333333333333,0.3333333333333333,0.3333333333333333,0.3333333333333333,False,False
Q0144,3,OPCODE_3GRAM,DROP30_BRIDGE,B4_SOFT_GRAPH,0.3333333333333333,0.25,0.3333333333333333,0.28571428571428575,False,False
Q0144,3,OPCODE_STRUCT,CLEAN,B1_INDEPENDENT,0.3333333333333333,0.16666666666666666,0.3333333333333333,0.2222222222222222,False,False
Q0144,3,OPCODE_STRUCT,CLEAN,B2_EXACT_GLOBAL,0.3333333333333333,0.3333333333333333,0.3333333333333333,0.3333333333333333,False,False
Q0144,3,OPCODE_STRUCT,CLEAN,B3_HARD_COMPONENT,0.3333333333333333,0.3333333333333333,0.3333333333333333,0.3333333333333333,False,False
Q0144,3,OPCODE_STRUCT,CLEAN,B4_SOFT_GRAPH,0.3333333333333333,0.25,0.3333333333333333,0.28571428571428575,False,False
Q0144,3,OPCODE_STRUCT,DROP30,B1_INDEPENDENT,0.3333333333333333,0.16666666666666666,0.3333333333333333,0.2222222222222222,False,False
Q0144,3,OPCODE_STRUCT,DROP30,B2_EXACT_GLOBAL,0.3333333333333333,0.3333333333333333,0.3333333333333333,0.3333333333333333,False,False
Q0144,3,OPCODE_STRUCT,DROP30,B3_HARD_COMPONENT,0.3333333333333333,0.2,0.3333333333333333,0.25,False,False
Q0144,3,OPCODE_STRUCT,DROP30,B4_SOFT_GRAPH,0.3333333333333333,0.2,0.3333333333333333,0.25,False,False
Q0144,3,OPCODE_STRUCT,BRIDGE,B1_INDEPENDENT,0.3333333333333333,0.16666666666666666,0.3333333333333333,0.2222222222222222,False,False
Q0144,3,OPCODE_STRUCT,BRIDGE,B2_EXACT_GLOBAL,0.3333333333333333,0.3333333333333333,0.3333333333333333,0.3333333333333333,False,False
Q0144,3,OPCODE_STRUCT,BRIDGE,B3_HARD_COMPONENT,0.3333333333333333,1.0,0.3333333333333333,0.5,False,False
Q0144,3,OPCODE_STRUCT,BRIDGE,B4_SOFT_GRAPH,0.3333333333333333,0.25,0.3333333333333333,0.28571428571428575,False,False
Q0144,3,OPCODE_STRUCT,DROP30_BRIDGE,B1_INDEPENDENT,0.3333333333333333,0.16666666666666666,0.3333333333333333,0.2222222222222222,False,False
Q0144,3,OPCODE_STRUCT,DROP30_BRIDGE,B2_EXACT_GLOBAL,0.3333333333333333,0.3333333333333333,0.3333333333333333,0.3333333333333333,False,False
Q0144,3,OPCODE_STRUCT,DROP30_BRIDGE,B3_HARD_COMPONENT,0.3333333333333333,0.3333333333333333,0.3333333333333333,0.3333333333333333,False,False
Q0144,3,OPCODE_STRUCT,DROP30_BRIDGE,B4_SOFT_GRAPH,0.3333333333333333,0.2,0.3333333333333333,0.25,False,False
Q0144,3,OPCODE_CONTEXT,CLEAN,B1_INDEPENDENT,0.3333333333333333,0.16666666666666666,0.3333333333333333,0.2222222222222222,False,False
Q0144,3,OPCODE_CONTEXT,CLEAN,B2_EXACT_GLOBAL,0.3333333333333333,0.3333333333333333,0.3333333333333333,0.3333333333333333,False,False
Q0144,3,OPCODE_CONTEXT,CLEAN,B3_HARD_COMPONENT,0.3333333333333333,0.3333333333333333,0.3333333333333333,0.3333333333333333,False,False
Q0144,3,OPCODE_CONTEXT,CLEAN,B4_SOFT_GRAPH,0.0,0.0,0.0,0.0,False,False
Q0144,3,OPCODE_CONTEXT,DROP30,B1_INDEPENDENT,0.3333333333333333,0.16666666666666666,0.3333333333333333,0.2222222222222222,False,False
Q0144,3,OPCODE_CONTEXT,DROP30,B2_EXACT_GLOBAL,0.3333333333333333,0.3333333333333333,0.3333333333333333,0.3333333333333333,False,False
Q0144,3,OPCODE_CONTEXT,DROP30,B3_HARD_COMPONENT,0.3333333333333333,0.2,0.3333333333333333,0.25,False,False
Q0144,3,OPCODE_CONTEXT,DROP30,B4_SOFT_GRAPH,0.0,0.0,0.0,0.0,False,False
Q0144,3,OPCODE_CONTEXT,BRIDGE,B1_INDEPENDENT,0.3333333333333333,0.16666666666666666,0.3333333333333333,0.2222222222222222,False,False
Q0144,3,OPCODE_CONTEXT,BRIDGE,B2_EXACT_GLOBAL,0.3333333333333333,0.3333333333333333,0.3333333333333333,0.3333333333333333,False,False
Q0144,3,OPCODE_CONTEXT,BRIDGE,B3_HARD_COMPONENT,0.0,0.0,0.0,0.0,False,False
Q0144,3,OPCODE_CONTEXT,BRIDGE,B4_SOFT_GRAPH,0.0,0.0,0.0,0.0,False,False
Q0144,3,OPCODE_CONTEXT,DROP30_BRIDGE,B1_INDEPENDENT,0.3333333333333333,0.16666666666666666,0.3333333333333333,0.2222222222222222,False,False
Q0144,3,OPCODE_CONTEXT,DROP30_BRIDGE,B2_EXACT_GLOBAL,0.3333333333333333,0.3333333333333333,0.3333333333333333,0.3333333333333333,False,False
Q0144,3,OPCODE_CONTEXT,DROP30_BRIDGE,B3_HARD_COMPONENT,0.0,0.0,0.0,0.0,False,False
Q0144,3,OPCODE_CONTEXT,DROP30_BRIDGE,B4_SOFT_GRAPH,0.0,0.0,0.0,0.0,False,False
Q0189,3,OPCODE_3GRAM,CLEAN,B1_INDEPENDENT,0.3333333333333333,0.3333333333333333,0.6666666666666666,0.4444444444444444,False,False
Q0189,3,OPCODE_3GRAM,CLEAN,B2_EXACT_GLOBAL,0.4444444444444444,0.6666666666666666,0.6666666666666666,0.6666666666666666,False,False
Q0189,3,OPCODE_3GRAM,CLEAN,B3_HARD_COMPONENT,0.6666666666666666,0.6666666666666666,0.6666666666666666,0.6666666666666666,False,False
Q0189,3,OPCODE_3GRAM,CLEAN,B4_SOFT_GRAPH,0.3333333333333333,1.0,0.3333333333333333,0.5,False,False
Q0189,3,OPCODE_3GRAM,DROP30,B1_INDEPENDENT,0.3333333333333333,0.3333333333333333,0.6666666666666666,0.4444444444444444,False,False
Q0189,3,OPCODE_3GRAM,DROP30,B2_EXACT_GLOBAL,0.4444444444444444,0.6666666666666666,0.6666666666666666,0.6666666666666666,False,False
Q0189,3,OPCODE_3GRAM,DROP30,B3_HARD_COMPONENT,0.5555555555555556,0.5,0.6666666666666666,0.5714285714285715,False,False
Q0189,3,OPCODE_3GRAM,DROP30,B4_SOFT_GRAPH,0.2222222222222222,0.3333333333333333,0.3333333333333333,0.3333333333333333,False,False
Q0189,3,OPCODE_3GRAM,BRIDGE,B1_INDEPENDENT,0.3333333333333333,0.3333333333333333,0.6666666666666666,0.4444444444444444,False,False
Q0189,3,OPCODE_3GRAM,BRIDGE,B2_EXACT_GLOBAL,0.4444444444444444,0.6666666666666666,0.6666666666666666,0.6666666666666666,False,False
Q0189,3,OPCODE_3GRAM,BRIDGE,B3_HARD_COMPONENT,0.3333333333333333,1.0,0.3333333333333333,0.5,False,False
Q0189,3,OPCODE_3GRAM,BRIDGE,B4_SOFT_GRAPH,0.3333333333333333,1.0,0.3333333333333333,0.5,False,False
Q0189,3,OPCODE_3GRAM,DROP30_BRIDGE,B1_INDEPENDENT,0.3333333333333333,0.3333333333333333,0.6666666666666666,0.4444444444444444,False,False
Q0189,3,OPCODE_3GRAM,DROP30_BRIDGE,B2_EXACT_GLOBAL,0.4444444444444444,0.6666666666666666,0.6666666666666666,0.6666666666666666,False,False
Q0189,3,OPCODE_3GRAM,DROP30_BRIDGE,B3_HARD_COMPONENT,0.5555555555555556,0.6666666666666666,0.6666666666666666,0.6666666666666666,False,False
Q0189,3,OPCODE_3GRAM,DROP30_BRIDGE,B4_SOFT_GRAPH,0.2222222222222222,0.3333333333333333,0.3333333333333333,0.3333333333333333,False,False
Q0189,3,OPCODE_STRUCT,CLEAN,B1_INDEPENDENT,0.3333333333333333,0.42857142857142855,1.0,0.6,False,False
Q0189,3,OPCODE_STRUCT,CLEAN,B2_EXACT_GLOBAL,0.4444444444444444,0.6666666666666666,0.6666666666666666,0.6666666666666666,False,False
Q0189,3,OPCODE_STRUCT,CLEAN,B3_HARD_COMPONENT,0.6666666666666666,0.6666666666666666,0.6666666666666666,0.6666666666666666,False,False
Q0189,3,OPCODE_STRUCT,CLEAN,B4_SOFT_GRAPH,0.1111111111111111,0.6666666666666666,0.6666666666666666,0.6666666666666666,False,False
Q0189,3,OPCODE_STRUCT,DROP30,B1_INDEPENDENT,0.3333333333333333,0.42857142857142855,1.0,0.6,False,False
Q0189,3,OPCODE_STRUCT,DROP30,B2_EXACT_GLOBAL,0.4444444444444444,0.6666666666666666,0.6666666666666666,0.6666666666666666,False,False
Q0189,3,OPCODE_STRUCT,DROP30,B3_HARD_COMPONENT,0.5555555555555556,0.4,0.6666666666666666,0.5,False,False
Q0189,3,OPCODE_STRUCT,DROP30,B4_SOFT_GRAPH,0.1111111111111111,0.4,0.6666666666666666,0.5,False,False
Q0189,3,OPCODE_STRUCT,BRIDGE,B1_INDEPENDENT,0.3333333333333333,0.42857142857142855,1.0,0.6,False,False
Q0189,3,OPCODE_STRUCT,BRIDGE,B2_EXACT_GLOBAL,0.4444444444444444,0.6666666666666666,0.6666666666666666,0.6666666666666666,False,False
Q0189,3,OPCODE_STRUCT,BRIDGE,B3_HARD_COMPONENT,0.3333333333333333,1.0,0.3333333333333333,0.5,False,False
Q0189,3,OPCODE_STRUCT,BRIDGE,B4_SOFT_GRAPH,0.4444444444444444,1.0,0.6666666666666666,0.8,False,False
Q0189,3,OPCODE_STRUCT,DROP30_BRIDGE,B1_INDEPENDENT,0.3333333333333333,0.42857142857142855,1.0,0.6,False,False
Q0189,3,OPCODE_STRUCT,DROP30_BRIDGE,B2_EXACT_GLOBAL,0.4444444444444444,0.6666666666666666,0.6666666666666666,0.6666666666666666,False,False
Q0189,3,OPCODE_STRUCT,DROP30_BRIDGE,B3_HARD_COMPONENT,0.5555555555555556,0.6666666666666666,0.6666666666666666,0.6666666666666666,False,False
Q0189,3,OPCODE_STRUCT,DROP30_BRIDGE,B4_SOFT_GRAPH,0.2222222222222222,0.5,0.6666666666666666,0.5714285714285715,False,False
Q0189,3,OPCODE_CONTEXT,CLEAN,B1_INDEPENDENT,0.3333333333333333,0.4,0.6666666666666666,0.5,False,False
Q0189,3,OPCODE_CONTEXT,CLEAN,B2_EXACT_GLOBAL,0.4444444444444444,0.6666666666666666,0.6666666666666666,0.6666666666666666,False,False
Q0189,3,OPCODE_CONTEXT,CLEAN,B3_HARD_COMPONENT,0.3333333333333333,0.3333333333333333,0.3333333333333333,0.3333333333333333,False,False
Q0189,3,OPCODE_CONTEXT,CLEAN,B4_SOFT_GRAPH,0.2222222222222222,0.3333333333333333,0.6666666666666666,0.4444444444444444,False,False
Q0189,3,OPCODE_CONTEXT,DROP30,B1_INDEPENDENT,0.3333333333333333,0.4,0.6666666666666666,0.5,False,False
Q0189,3,OPCODE_CONTEXT,DROP30,B2_EXACT_GLOBAL,0.4444444444444444,0.6666666666666666,0.6666666666666666,0.6666666666666666,False,False
Q0189,3,OPCODE_CONTEXT,DROP30,B3_HARD_COMPONENT,0.3333333333333333,0.25,0.3333333333333333,0.28571428571428575,False,False
Q0189,3,OPCODE_CONTEXT,DROP30,B4_SOFT_GRAPH,0.2222222222222222,0.3333333333333333,0.6666666666666666,0.4444444444444444,False,False
Q0189,3,OPCODE_CONTEXT,BRIDGE,B1_INDEPENDENT,0.3333333333333333,0.4,0.6666666666666666,0.5,False,False
Q0189,3,OPCODE_CONTEXT,BRIDGE,B2_EXACT_GLOBAL,0.4444444444444444,0.6666666666666666,0.6666666666666666,0.6666666666666666,False,False
Q0189,3,OPCODE_CONTEXT,BRIDGE,B3_HARD_COMPONENT,0.0,0.0,0.0,0.0,False,False
Q0189,3,OPCODE_CONTEXT,BRIDGE,B4_SOFT_GRAPH,0.2222222222222222,0.3333333333333333,0.6666666666666666,0.4444444444444444,False,False
Q0189,3,OPCODE_CONTEXT,DROP30_BRIDGE,B1_INDEPENDENT,0.3333333333333333,0.4,0.6666666666666666,0.5,False,False
Q0189,3,OPCODE_CONTEXT,DROP30_BRIDGE,B2_EXACT_GLOBAL,0.4444444444444444,0.6666666666666666,0.6666666666666666,0.6666666666666666,False,False
Q0189,3,OPCODE_CONTEXT,DROP30_BRIDGE,B3_HARD_COMPONENT,0.5555555555555556,0.6666666666666666,0.6666666666666666,0.6666666666666666,False,False
Q0189,3,OPCODE_CONTEXT,DROP30_BRIDGE,B4_SOFT_GRAPH,0.2222222222222222,0.3333333333333333,0.6666666666666666,0.4444444444444444,False,False
Q0148,3,OPCODE_3GRAM,CLEAN,B1_INDEPENDENT,0.3333333333333333,0.3333333333333333,0.6666666666666666,0.4444444444444444,False,False
Q0148,3,OPCODE_3GRAM,CLEAN,B2_EXACT_GLOBAL,0.2222222222222222,0.3333333333333333,0.3333333333333333,0.3333333333333333,False,False
Q0148,3,OPCODE_3GRAM,CLEAN,B3_HARD_COMPONENT,0.3333333333333333,0.3333333333333333,0.3333333333333333,0.3333333333333333,False,False
Q0148,3,OPCODE_3GRAM,CLEAN,B4_SOFT_GRAPH,0.0,0.3333333333333333,0.3333333333333333,0.3333333333333333,False,False
Q0148,3,OPCODE_3GRAM,DROP30,B1_INDEPENDENT,0.3333333333333333,0.3333333333333333,0.6666666666666666,0.4444444444444444,False,False
Q0148,3,OPCODE_3GRAM,DROP30,B2_EXACT_GLOBAL,0.2222222222222222,0.3333333333333333,0.3333333333333333,0.3333333333333333,False,False
Q0148,3,OPCODE_3GRAM,DROP30,B3_HARD_COMPONENT,0.3333333333333333,0.25,0.3333333333333333,0.28571428571428575,False,False
Q0148,3,OPCODE_3GRAM,DROP30,B4_SOFT_GRAPH,0.0,0.25,0.3333333333333333,0.28571428571428575,False,False
Q0148,3,OPCODE_3GRAM,BRIDGE,B1_INDEPENDENT,0.3333333333333333,0.3333333333333333,0.6666666666666666,0.4444444444444444,False,False
Q0148,3,OPCODE_3GRAM,BRIDGE,B2_EXACT_GLOBAL,0.2222222222222222,0.3333333333333333,0.3333333333333333,0.3333333333333333,False,False
Q0148,3,OPCODE_3GRAM,BRIDGE,B3_HARD_COMPONENT,0.3333333333333333,1.0,0.3333333333333333,0.5,False,False
Q0148,3,OPCODE_3GRAM,BRIDGE,B4_SOFT_GRAPH,0.1111111111111111,0.3333333333333333,0.3333333333333333,0.3333333333333333,False,False
Q0148,3,OPCODE_3GRAM,DROP30_BRIDGE,B1_INDEPENDENT,0.3333333333333333,0.3333333333333333,0.6666666666666666,0.4444444444444444,False,False
Q0148,3,OPCODE_3GRAM,DROP30_BRIDGE,B2_EXACT_GLOBAL,0.2222222222222222,0.3333333333333333,0.3333333333333333,0.3333333333333333,False,False
Q0148,3,OPCODE_3GRAM,DROP30_BRIDGE,B3_HARD_COMPONENT,0.3333333333333333,0.5,0.3333333333333333,0.4,False,False
Q0148,3,OPCODE_3GRAM,DROP30_BRIDGE,B4_SOFT_GRAPH,0.0,0.3333333333333333,0.3333333333333333,0.3333333333333333,False,False
Q0148,3,OPCODE_STRUCT,CLEAN,B1_INDEPENDENT,0.3333333333333333,0.3333333333333333,0.6666666666666666,0.4444444444444444,False,False
Q0148,3,OPCODE_STRUCT,CLEAN,B2_EXACT_GLOBAL,0.2222222222222222,0.3333333333333333,0.3333333333333333,0.3333333333333333,False,False
Q0148,3,OPCODE_STRUCT,CLEAN,B3_HARD_COMPONENT,0.3333333333333333,0.3333333333333333,0.3333333333333333,0.3333333333333333,False,False
Q0148,3,OPCODE_STRUCT,CLEAN,B4_SOFT_GRAPH,0.0,0.0,0.0,0.0,False,False
Q0148,3,OPCODE_STRUCT,DROP30,B1_INDEPENDENT,0.3333333333333333,0.3333333333333333,0.6666666666666666,0.4444444444444444,False,False
Q0148,3,OPCODE_STRUCT,DROP30,B2_EXACT_GLOBAL,0.2222222222222222,0.3333333333333333,0.3333333333333333,0.3333333333333333,False,False
Q0148,3,OPCODE_STRUCT,DROP30,B3_HARD_COMPONENT,0.3333333333333333,0.3333333333333333,0.3333333333333333,0.3333333333333333,False,False
Q0148,3,OPCODE_STRUCT,DROP30,B4_SOFT_GRAPH,0.0,0.0,0.0,0.0,False,False
Q0148,3,OPCODE_STRUCT,BRIDGE,B1_INDEPENDENT,0.3333333333333333,0.3333333333333333,0.6666666666666666,0.4444444444444444,False,False
Q0148,3,OPCODE_STRUCT,BRIDGE,B2_EXACT_GLOBAL,0.2222222222222222,0.3333333333333333,0.3333333333333333,0.3333333333333333,False,False
Q0148,3,OPCODE_STRUCT,BRIDGE,B3_HARD_COMPONENT,0.3333333333333333,1.0,0.3333333333333333,0.5,False,False
Q0148,3,OPCODE_STRUCT,BRIDGE,B4_SOFT_GRAPH,0.0,0.0,0.0,0.0,False,False
Q0148,3,OPCODE_STRUCT,DROP30_BRIDGE,B1_INDEPENDENT,0.3333333333333333,0.3333333333333333,0.6666666666666666,0.4444444444444444,False,False
Q0148,3,OPCODE_STRUCT,DROP30_BRIDGE,B2_EXACT_GLOBAL,0.2222222222222222,0.3333333333333333,0.3333333333333333,0.3333333333333333,False,False
Q0148,3,OPCODE_STRUCT,DROP30_BRIDGE,B3_HARD_COMPONENT,0.3333333333333333,0.5,0.3333333333333333,0.4,False,False
Q0148,3,OPCODE_STRUCT,DROP30_BRIDGE,B4_SOFT_GRAPH,0.0,0.0,0.0,0.0,False,False
Q0148,3,OPCODE_CONTEXT,CLEAN,B1_INDEPENDENT,0.4444444444444444,0.4,0.6666666666666666,0.5,False,False
Q0148,3,OPCODE_CONTEXT,CLEAN,B2_EXACT_GLOBAL,0.4444444444444444,0.6666666666666666,0.6666666666666666,0.6666666666666666,False,False
Q0148,3,OPCODE_CONTEXT,CLEAN,B3_HARD_COMPONENT,0.6666666666666666,0.6666666666666666,0.6666666666666666,0.6666666666666666,False,False
Q0148,3,OPCODE_CONTEXT,CLEAN,B4_SOFT_GRAPH,0.2222222222222222,0.16666666666666666,0.3333333333333333,0.2222222222222222,False,False
Q0148,3,OPCODE_CONTEXT,DROP30,B1_INDEPENDENT,0.4444444444444444,0.4,0.6666666666666666,0.5,False,False
Q0148,3,OPCODE_CONTEXT,DROP30,B2_EXACT_GLOBAL,0.4444444444444444,0.6666666666666666,0.6666666666666666,0.6666666666666666,False,False
Q0148,3,OPCODE_CONTEXT,DROP30,B3_HARD_COMPONENT,0.6666666666666666,0.5,0.6666666666666666,0.5714285714285715,False,False
Q0148,3,OPCODE_CONTEXT,DROP30,B4_SOFT_GRAPH,0.2222222222222222,0.16666666666666666,0.3333333333333333,0.2222222222222222,False,False
Q0148,3,OPCODE_CONTEXT,BRIDGE,B1_INDEPENDENT,0.4444444444444444,0.4,0.6666666666666666,0.5,False,False
Q0148,3,OPCODE_CONTEXT,BRIDGE,B2_EXACT_GLOBAL,0.4444444444444444,0.6666666666666666,0.6666666666666666,0.6666666666666666,False,False
Q0148,3,OPCODE_CONTEXT,BRIDGE,B3_HARD_COMPONENT,0.0,0.0,0.0,0.0,False,False
Q0148,3,OPCODE_CONTEXT,BRIDGE,B4_SOFT_GRAPH,0.2222222222222222,0.16666666666666666,0.3333333333333333,0.2222222222222222,False,False
Q0148,3,OPCODE_CONTEXT,DROP30_BRIDGE,B1_INDEPENDENT,0.4444444444444444,0.4,0.6666666666666666,0.5,False,False
Q0148,3,OPCODE_CONTEXT,DROP30_BRIDGE,B2_EXACT_GLOBAL,0.4444444444444444,0.6666666666666666,0.6666666666666666,0.6666666666666666,False,False
Q0148,3,OPCODE_CONTEXT,DROP30_BRIDGE,B3_HARD_COMPONENT,0.4444444444444444,1.0,0.6666666666666666,0.8,False,False
Q0148,3,OPCODE_CONTEXT,DROP30_BRIDGE,B4_SOFT_GRAPH,0.2222222222222222,0.16666666666666666,0.3333333333333333,0.2222222222222222,False,False
Q0137,3,OPCODE_3GRAM,CLEAN,B1_INDEPENDENT,0.2222222222222222,0.4,0.6666666666666666,0.5,False,False
Q0137,3,OPCODE_3GRAM,CLEAN,B2_EXACT_GLOBAL,0.4444444444444444,0.6666666666666666,0.6666666666666666,0.6666666666666666,False,False
Q0137,3,OPCODE_3GRAM,CLEAN,B3_HARD_COMPONENT,0.6666666666666666,0.6666666666666666,0.6666666666666666,0.6666666666666666,False,False
Q0137,3,OPCODE_3GRAM,CLEAN,B4_SOFT_GRAPH,0.4444444444444444,0.5,0.6666666666666666,0.5714285714285715,False,False
Q0137,3,OPCODE_3GRAM,DROP30,B1_INDEPENDENT,0.2222222222222222,0.4,0.6666666666666666,0.5,False,False
Q0137,3,OPCODE_3GRAM,DROP30,B2_EXACT_GLOBAL,0.4444444444444444,0.6666666666666666,0.6666666666666666,0.6666666666666666,False,False
Q0137,3,OPCODE_3GRAM,DROP30,B3_HARD_COMPONENT,0.4444444444444444,0.5,0.6666666666666666,0.5714285714285715,False,False
Q0137,3,OPCODE_3GRAM,DROP30,B4_SOFT_GRAPH,0.4444444444444444,0.4,0.6666666666666666,0.5,False,False
Q0137,3,OPCODE_3GRAM,BRIDGE,B1_INDEPENDENT,0.2222222222222222,0.4,0.6666666666666666,0.5,False,False
Q0137,3,OPCODE_3GRAM,BRIDGE,B2_EXACT_GLOBAL,0.4444444444444444,0.6666666666666666,0.6666666666666666,0.6666666666666666,False,False
Q0137,3,OPCODE_3GRAM,BRIDGE,B3_HARD_COMPONENT,0.0,0.0,0.0,0.0,False,False
Q0137,3,OPCODE_3GRAM,BRIDGE,B4_SOFT_GRAPH,0.4444444444444444,0.6666666666666666,0.6666666666666666,0.6666666666666666,False,False
Q0137,3,OPCODE_3GRAM,DROP30_BRIDGE,B1_INDEPENDENT,0.2222222222222222,0.4,0.6666666666666666,0.5,False,False
Q0137,3,OPCODE_3GRAM,DROP30_BRIDGE,B2_EXACT_GLOBAL,0.4444444444444444,0.6666666666666666,0.6666666666666666,0.6666666666666666,False,False
Q0137,3,OPCODE_3GRAM,DROP30_BRIDGE,B3_HARD_COMPONENT,0.1111111111111111,0.25,0.3333333333333333,0.28571428571428575,False,False
Q0137,3,OPCODE_3GRAM,DROP30_BRIDGE,B4_SOFT_GRAPH,0.3333333333333333,0.4,0.6666666666666666,0.5,False,False
Q0137,3,OPCODE_STRUCT,CLEAN,B1_INDEPENDENT,0.2222222222222222,0.3333333333333333,0.6666666666666666,0.4444444444444444,False,False
Q0137,3,OPCODE_STRUCT,CLEAN,B2_EXACT_GLOBAL,0.2222222222222222,0.6666666666666666,0.6666666666666666,0.6666666666666666,False,False
Q0137,3,OPCODE_STRUCT,CLEAN,B3_HARD_COMPONENT,0.6666666666666666,0.6666666666666666,0.6666666666666666,0.6666666666666666,False,False
Q0137,3,OPCODE_STRUCT,CLEAN,B4_SOFT_GRAPH,0.2222222222222222,0.4,0.6666666666666666,0.5,False,False
Q0137,3,OPCODE_STRUCT,DROP30,B1_INDEPENDENT,0.2222222222222222,0.3333333333333333,0.6666666666666666,0.4444444444444444,False,False
Q0137,3,OPCODE_STRUCT,DROP30,B2_EXACT_GLOBAL,0.2222222222222222,0.6666666666666666,0.6666666666666666,0.6666666666666666,False,False
Q0137,3,OPCODE_STRUCT,DROP30,B3_HARD_COMPONENT,0.4444444444444444,0.5,0.6666666666666666,0.5714285714285715,False,False
Q0137,3,OPCODE_STRUCT,DROP30,B4_SOFT_GRAPH,0.2222222222222222,0.4,0.6666666666666666,0.5,False,False
Q0137,3,OPCODE_STRUCT,BRIDGE,B1_INDEPENDENT,0.2222222222222222,0.3333333333333333,0.6666666666666666,0.4444444444444444,False,False
Q0137,3,OPCODE_STRUCT,BRIDGE,B2_EXACT_GLOBAL,0.2222222222222222,0.6666666666666666,0.6666666666666666,0.6666666666666666,False,False
Q0137,3,OPCODE_STRUCT,BRIDGE,B3_HARD_COMPONENT,0.3333333333333333,1.0,0.3333333333333333,0.5,False,False
Q0137,3,OPCODE_STRUCT,BRIDGE,B4_SOFT_GRAPH,0.2222222222222222,0.5,0.6666666666666666,0.5714285714285715,False,False
Q0137,3,OPCODE_STRUCT,DROP30_BRIDGE,B1_INDEPENDENT,0.2222222222222222,0.3333333333333333,0.6666666666666666,0.4444444444444444,False,False
Q0137,3,OPCODE_STRUCT,DROP30_BRIDGE,B2_EXACT_GLOBAL,0.2222222222222222,0.6666666666666666,0.6666666666666666,0.6666666666666666,False,False
Q0137,3,OPCODE_STRUCT,DROP30_BRIDGE,B3_HARD_COMPONENT,0.3333333333333333,0.5,0.6666666666666666,0.5714285714285715,False,False
Q0137,3,OPCODE_STRUCT,DROP30_BRIDGE,B4_SOFT_GRAPH,0.2222222222222222,0.3333333333333333,0.6666666666666666,0.4444444444444444,False,False
Q0137,3,OPCODE_CONTEXT,CLEAN,B1_INDEPENDENT,0.4444444444444444,0.5,1.0,0.6666666666666666,False,False
Q0137,3,OPCODE_CONTEXT,CLEAN,B2_EXACT_GLOBAL,0.4444444444444444,0.6666666666666666,0.6666666666666666,0.6666666666666666,False,False
Q0137,3,OPCODE_CONTEXT,CLEAN,B3_HARD_COMPONENT,0.3333333333333333,0.5,0.3333333333333333,0.4,False,False
Q0137,3,OPCODE_CONTEXT,CLEAN,B4_SOFT_GRAPH,0.4444444444444444,0.5,1.0,0.6666666666666666,False,False
Q0137,3,OPCODE_CONTEXT,DROP30,B1_INDEPENDENT,0.4444444444444444,0.5,1.0,0.6666666666666666,False,False
Q0137,3,OPCODE_CONTEXT,DROP30,B2_EXACT_GLOBAL,0.4444444444444444,0.6666666666666666,0.6666666666666666,0.6666666666666666,False,False
Q0137,3,OPCODE_CONTEXT,DROP30,B3_HARD_COMPONENT,0.4444444444444444,0.6666666666666666,0.6666666666666666,0.6666666666666666,False,False
Q0137,3,OPCODE_CONTEXT,DROP30,B4_SOFT_GRAPH,0.4444444444444444,0.5,1.0,0.6666666666666666,False,False
Q0137,3,OPCODE_CONTEXT,BRIDGE,B1_INDEPENDENT,0.4444444444444444,0.5,1.0,0.6666666666666666,False,False
Q0137,3,OPCODE_CONTEXT,BRIDGE,B2_EXACT_GLOBAL,0.4444444444444444,0.6666666666666666,0.6666666666666666,0.6666666666666666,False,False
Q0137,3,OPCODE_CONTEXT,BRIDGE,B3_HARD_COMPONENT,0.0,0.0,0.0,0.0,False,False
Q0137,3,OPCODE_CONTEXT,BRIDGE,B4_SOFT_GRAPH,0.4444444444444444,0.5,1.0,0.6666666666666666,False,False
Q0137,3,OPCODE_CONTEXT,DROP30_BRIDGE,B1_INDEPENDENT,0.4444444444444444,0.5,1.0,0.6666666666666666,False,False
Q0137,3,OPCODE_CONTEXT,DROP30_BRIDGE,B2_EXACT_GLOBAL,0.4444444444444444,0.6666666666666666,0.6666666666666666,0.6666666666666666,False,False
Q0137,3,OPCODE_CONTEXT,DROP30_BRIDGE,B3_HARD_COMPONENT,0.2222222222222222,0.5,0.6666666666666666,0.5714285714285715,False,False
Q0137,3,OPCODE_CONTEXT,DROP30_BRIDGE,B4_SOFT_GRAPH,0.4444444444444444,0.5,1.0,0.6666666666666666,False,False
Q0194,3,OPCODE_3GRAM,CLEAN,B1_INDEPENDENT,0.2222222222222222,0.2857142857142857,0.6666666666666666,0.4,False,False
Q0194,3,OPCODE_3GRAM,CLEAN,B2_EXACT_GLOBAL,0.2222222222222222,0.3333333333333333,0.3333333333333333,0.3333333333333333,False,False
Q0194,3,OPCODE_3GRAM,CLEAN,B3_HARD_COMPONENT,0.3333333333333333,0.5,0.3333333333333333,0.4,False,False
Q0194,3,OPCODE_3GRAM,CLEAN,B4_SOFT_GRAPH,0.3333333333333333,1.0,0.3333333333333333,0.5,False,False
Q0194,3,OPCODE_3GRAM,DROP30,B1_INDEPENDENT,0.2222222222222222,0.2857142857142857,0.6666666666666666,0.4,False,False
Q0194,3,OPCODE_3GRAM,DROP30,B2_EXACT_GLOBAL,0.2222222222222222,0.3333333333333333,0.3333333333333333,0.3333333333333333,False,False
Q0194,3,OPCODE_3GRAM,DROP30,B3_HARD_COMPONENT,0.4444444444444444,0.6666666666666666,0.6666666666666666,0.6666666666666666,False,False
Q0194,3,OPCODE_3GRAM,DROP30,B4_SOFT_GRAPH,0.3333333333333333,0.6666666666666666,0.6666666666666666,0.6666666666666666,False,False
Q0194,3,OPCODE_3GRAM,BRIDGE,B1_INDEPENDENT,0.2222222222222222,0.2857142857142857,0.6666666666666666,0.4,False,False
Q0194,3,OPCODE_3GRAM,BRIDGE,B2_EXACT_GLOBAL,0.2222222222222222,0.3333333333333333,0.3333333333333333,0.3333333333333333,False,False
Q0194,3,OPCODE_3GRAM,BRIDGE,B3_HARD_COMPONENT,0.3333333333333333,1.0,0.3333333333333333,0.5,False,False
Q0194,3,OPCODE_3GRAM,BRIDGE,B4_SOFT_GRAPH,0.3333333333333333,1.0,0.3333333333333333,0.5,False,False
Q0194,3,OPCODE_3GRAM,DROP30_BRIDGE,B1_INDEPENDENT,0.2222222222222222,0.2857142857142857,0.6666666666666666,0.4,False,False
Q0194,3,OPCODE_3GRAM,DROP30_BRIDGE,B2_EXACT_GLOBAL,0.2222222222222222,0.3333333333333333,0.3333333333333333,0.3333333333333333,False,False
Q0194,3,OPCODE_3GRAM,DROP30_BRIDGE,B3_HARD_COMPONENT,0.4444444444444444,0.6666666666666666,0.6666666666666666,0.6666666666666666,False,False
Q0194,3,OPCODE_3GRAM,DROP30_BRIDGE,B4_SOFT_GRAPH,0.3333333333333333,0.5,0.3333333333333333,0.4,False,False
Q0194,3,OPCODE_STRUCT,CLEAN,B1_INDEPENDENT,0.2222222222222222,0.3333333333333333,0.6666666666666666,0.4444444444444444,False,False
Q0194,3,OPCODE_STRUCT,CLEAN,B2_EXACT_GLOBAL,0.1111111111111111,0.3333333333333333,0.3333333333333333,0.3333333333333333,False,False
Q0194,3,OPCODE_STRUCT,CLEAN,B3_HARD_COMPONENT,0.3333333333333333,0.3333333333333333,0.3333333333333333,0.3333333333333333,False,False
Q0194,3,OPCODE_STRUCT,CLEAN,B4_SOFT_GRAPH,0.1111111111111111,0.5,0.3333333333333333,0.4,False,False
Q0194,3,OPCODE_STRUCT,DROP30,B1_INDEPENDENT,0.2222222222222222,0.3333333333333333,0.6666666666666666,0.4444444444444444,False,False
Q0194,3,OPCODE_STRUCT,DROP30,B2_EXACT_GLOBAL,0.1111111111111111,0.3333333333333333,0.3333333333333333,0.3333333333333333,False,False
Q0194,3,OPCODE_STRUCT,DROP30,B3_HARD_COMPONENT,0.4444444444444444,0.3333333333333333,0.6666666666666666,0.4444444444444444,False,False
Q0194,3,OPCODE_STRUCT,DROP30,B4_SOFT_GRAPH,0.1111111111111111,0.25,0.3333333333333333,0.28571428571428575,False,False
Q0194,3,OPCODE_STRUCT,BRIDGE,B1_INDEPENDENT,0.2222222222222222,0.3333333333333333,0.6666666666666666,0.4444444444444444,False,False
Q0194,3,OPCODE_STRUCT,BRIDGE,B2_EXACT_GLOBAL,0.1111111111111111,0.3333333333333333,0.3333333333333333,0.3333333333333333,False,False
Q0194,3,OPCODE_STRUCT,BRIDGE,B3_HARD_COMPONENT,0.3333333333333333,1.0,0.3333333333333333,0.5,False,False
Q0194,3,OPCODE_STRUCT,BRIDGE,B4_SOFT_GRAPH,0.0,0.0,0.0,0.0,False,False
Q0194,3,OPCODE_STRUCT,DROP30_BRIDGE,B1_INDEPENDENT,0.2222222222222222,0.3333333333333333,0.6666666666666666,0.4444444444444444,False,False
Q0194,3,OPCODE_STRUCT,DROP30_BRIDGE,B2_EXACT_GLOBAL,0.1111111111111111,0.3333333333333333,0.3333333333333333,0.3333333333333333,False,False
Q0194,3,OPCODE_STRUCT,DROP30_BRIDGE,B3_HARD_COMPONENT,0.3333333333333333,0.25,0.3333333333333333,0.28571428571428575,False,False
Q0194,3,OPCODE_STRUCT,DROP30_BRIDGE,B4_SOFT_GRAPH,0.2222222222222222,0.3333333333333333,0.6666666666666666,0.4444444444444444,False,False
Q0194,3,OPCODE_CONTEXT,CLEAN,B1_INDEPENDENT,0.3333333333333333,0.5,0.6666666666666666,0.5714285714285715,False,False
Q0194,3,OPCODE_CONTEXT,CLEAN,B2_EXACT_GLOBAL,0.3333333333333333,0.6666666666666666,0.6666666666666666,0.6666666666666666,False,False
Q0194,3,OPCODE_CONTEXT,CLEAN,B3_HARD_COMPONENT,0.0,0.5,0.3333333333333333,0.4,False,False
Q0194,3,OPCODE_CONTEXT,CLEAN,B4_SOFT_GRAPH,0.3333333333333333,0.5,0.6666666666666666,0.5714285714285715,False,False
Q0194,3,OPCODE_CONTEXT,DROP30,B1_INDEPENDENT,0.3333333333333333,0.5,0.6666666666666666,0.5714285714285715,False,False
Q0194,3,OPCODE_CONTEXT,DROP30,B2_EXACT_GLOBAL,0.3333333333333333,0.6666666666666666,0.6666666666666666,0.6666666666666666,False,False
Q0194,3,OPCODE_CONTEXT,DROP30,B3_HARD_COMPONENT,0.2222222222222222,0.6666666666666666,0.6666666666666666,0.6666666666666666,False,False
Q0194,3,OPCODE_CONTEXT,DROP30,B4_SOFT_GRAPH,0.3333333333333333,0.5,0.6666666666666666,0.5714285714285715,False,False
Q0194,3,OPCODE_CONTEXT,BRIDGE,B1_INDEPENDENT,0.3333333333333333,0.5,0.6666666666666666,0.5714285714285715,False,False
Q0194,3,OPCODE_CONTEXT,BRIDGE,B2_EXACT_GLOBAL,0.3333333333333333,0.6666666666666666,0.6666666666666666,0.6666666666666666,False,False
Q0194,3,OPCODE_CONTEXT,BRIDGE,B3_HARD_COMPONENT,0.0,0.0,0.0,0.0,False,False
Q0194,3,OPCODE_CONTEXT,BRIDGE,B4_SOFT_GRAPH,0.3333333333333333,0.5,0.6666666666666666,0.5714285714285715,False,False
Q0194,3,OPCODE_CONTEXT,DROP30_BRIDGE,B1_INDEPENDENT,0.3333333333333333,0.5,0.6666666666666666,0.5714285714285715,False,False
Q0194,3,OPCODE_CONTEXT,DROP30_BRIDGE,B2_EXACT_GLOBAL,0.3333333333333333,0.6666666666666666,0.6666666666666666,0.6666666666666666,False,False
Q0194,3,OPCODE_CONTEXT,DROP30_BRIDGE,B3_HARD_COMPONENT,0.4444444444444444,0.6666666666666666,0.6666666666666666,0.6666666666666666,False,False
Q0194,3,OPCODE_CONTEXT,DROP30_BRIDGE,B4_SOFT_GRAPH,0.3333333333333333,0.5,0.6666666666666666,0.5714285714285715,False,False
Q0158,3,OPCODE_3GRAM,CLEAN,B1_INDEPENDENT,0.2222222222222222,0.3333333333333333,0.6666666666666666,0.4444444444444444,False,False
Q0158,3,OPCODE_3GRAM,CLEAN,B2_EXACT_GLOBAL,0.4444444444444444,0.6666666666666666,0.6666666666666666,0.6666666666666666,False,False
Q0158,3,OPCODE_3GRAM,CLEAN,B3_HARD_COMPONENT,0.6666666666666666,0.6666666666666666,0.6666666666666666,0.6666666666666666,False,False
Q0158,3,OPCODE_3GRAM,CLEAN,B4_SOFT_GRAPH,0.1111111111111111,0.5,0.3333333333333333,0.4,False,False
Q0158,3,OPCODE_3GRAM,DROP30,B1_INDEPENDENT,0.2222222222222222,0.3333333333333333,0.6666666666666666,0.4444444444444444,False,False
Q0158,3,OPCODE_3GRAM,DROP30,B2_EXACT_GLOBAL,0.4444444444444444,0.6666666666666666,0.6666666666666666,0.6666666666666666,False,False
Q0158,3,OPCODE_3GRAM,DROP30,B3_HARD_COMPONENT,0.5555555555555556,0.5,0.6666666666666666,0.5714285714285715,False,False
Q0158,3,OPCODE_3GRAM,DROP30,B4_SOFT_GRAPH,0.1111111111111111,0.3333333333333333,0.3333333333333333,0.3333333333333333,False,False
Q0158,3,OPCODE_3GRAM,BRIDGE,B1_INDEPENDENT,0.2222222222222222,0.3333333333333333,0.6666666666666666,0.4444444444444444,False,False
Q0158,3,OPCODE_3GRAM,BRIDGE,B2_EXACT_GLOBAL,0.4444444444444444,0.6666666666666666,0.6666666666666666,0.6666666666666666,False,False
Q0158,3,OPCODE_3GRAM,BRIDGE,B3_HARD_COMPONENT,0.3333333333333333,1.0,0.3333333333333333,0.5,False,False
Q0158,3,OPCODE_3GRAM,BRIDGE,B4_SOFT_GRAPH,0.1111111111111111,0.5,0.3333333333333333,0.4,False,False
Q0158,3,OPCODE_3GRAM,DROP30_BRIDGE,B1_INDEPENDENT,0.2222222222222222,0.3333333333333333,0.6666666666666666,0.4444444444444444,False,False
Q0158,3,OPCODE_3GRAM,DROP30_BRIDGE,B2_EXACT_GLOBAL,0.4444444444444444,0.6666666666666666,0.6666666666666666,0.6666666666666666,False,False
Q0158,3,OPCODE_3GRAM,DROP30_BRIDGE,B3_HARD_COMPONENT,0.3333333333333333,0.5,0.3333333333333333,0.4,False,False
Q0158,3,OPCODE_3GRAM,DROP30_BRIDGE,B4_SOFT_GRAPH,0.1111111111111111,0.3333333333333333,0.3333333333333333,0.3333333333333333,False,False
Q0158,3,OPCODE_STRUCT,CLEAN,B1_INDEPENDENT,0.2222222222222222,0.3333333333333333,0.6666666666666666,0.4444444444444444,False,False
Q0158,3,OPCODE_STRUCT,CLEAN,B2_EXACT_GLOBAL,0.6666666666666666,0.6666666666666666,0.6666666666666666,0.6666666666666666,False,False
Q0158,3,OPCODE_STRUCT,CLEAN,B3_HARD_COMPONENT,0.6666666666666666,0.6666666666666666,0.6666666666666666,0.6666666666666666,False,False
Q0158,3,OPCODE_STRUCT,CLEAN,B4_SOFT_GRAPH,0.1111111111111111,0.5,0.3333333333333333,0.4,False,False
Q0158,3,OPCODE_STRUCT,DROP30,B1_INDEPENDENT,0.2222222222222222,0.3333333333333333,0.6666666666666666,0.4444444444444444,False,False
Q0158,3,OPCODE_STRUCT,DROP30,B2_EXACT_GLOBAL,0.6666666666666666,0.6666666666666666,0.6666666666666666,0.6666666666666666,False,False
Q0158,3,OPCODE_STRUCT,DROP30,B3_HARD_COMPONENT,0.3333333333333333,0.5,0.6666666666666666,0.5714285714285715,False,False
Q0158,3,OPCODE_STRUCT,DROP30,B4_SOFT_GRAPH,0.1111111111111111,0.3333333333333333,0.3333333333333333,0.3333333333333333,False,False
Q0158,3,OPCODE_STRUCT,BRIDGE,B1_INDEPENDENT,0.2222222222222222,0.3333333333333333,0.6666666666666666,0.4444444444444444,False,False
Q0158,3,OPCODE_STRUCT,BRIDGE,B2_EXACT_GLOBAL,0.6666666666666666,0.6666666666666666,0.6666666666666666,0.6666666666666666,False,False
Q0158,3,OPCODE_STRUCT,BRIDGE,B3_HARD_COMPONENT,0.0,0.0,0.0,0.0,False,False
Q0158,3,OPCODE_STRUCT,BRIDGE,B4_SOFT_GRAPH,0.1111111111111111,0.5,0.3333333333333333,0.4,False,False
Q0158,3,OPCODE_STRUCT,DROP30_BRIDGE,B1_INDEPENDENT,0.2222222222222222,0.3333333333333333,0.6666666666666666,0.4444444444444444,False,False
Q0158,3,OPCODE_STRUCT,DROP30_BRIDGE,B2_EXACT_GLOBAL,0.6666666666666666,0.6666666666666666,0.6666666666666666,0.6666666666666666,False,False
Q0158,3,OPCODE_STRUCT,DROP30_BRIDGE,B3_HARD_COMPONENT,0.3333333333333333,0.3333333333333333,0.3333333333333333,0.3333333333333333,False,False
Q0158,3,OPCODE_STRUCT,DROP30_BRIDGE,B4_SOFT_GRAPH,0.1111111111111111,0.3333333333333333,0.3333333333333333,0.3333333333333333,False,False
Q0158,3,OPCODE_CONTEXT,CLEAN,B1_INDEPENDENT,0.2222222222222222,0.3333333333333333,0.6666666666666666,0.4444444444444444,False,False
Q0158,3,OPCODE_CONTEXT,CLEAN,B2_EXACT_GLOBAL,0.4444444444444444,0.6666666666666666,0.6666666666666666,0.6666666666666666,False,False
Q0158,3,OPCODE_CONTEXT,CLEAN,B3_HARD_COMPONENT,0.3333333333333333,0.3333333333333333,0.3333333333333333,0.3333333333333333,False,False
Q0158,3,OPCODE_CONTEXT,CLEAN,B4_SOFT_GRAPH,0.2222222222222222,0.4,0.6666666666666666,0.5,False,False
Q0158,3,OPCODE_CONTEXT,DROP30,B1_INDEPENDENT,0.2222222222222222,0.3333333333333333,0.6666666666666666,0.4444444444444444,False,False
Q0158,3,OPCODE_CONTEXT,DROP30,B2_EXACT_GLOBAL,0.4444444444444444,0.6666666666666666,0.6666666666666666,0.6666666666666666,False,False
Q0158,3,OPCODE_CONTEXT,DROP30,B3_HARD_COMPONENT,0.4444444444444444,0.5,0.6666666666666666,0.5714285714285715,False,False
Q0158,3,OPCODE_CONTEXT,DROP30,B4_SOFT_GRAPH,0.2222222222222222,0.4,0.6666666666666666,0.5,False,False
Q0158,3,OPCODE_CONTEXT,BRIDGE,B1_INDEPENDENT,0.2222222222222222,0.3333333333333333,0.6666666666666666,0.4444444444444444,False,False
Q0158,3,OPCODE_CONTEXT,BRIDGE,B2_EXACT_GLOBAL,0.4444444444444444,0.6666666666666666,0.6666666666666666,0.6666666666666666,False,False
Q0158,3,OPCODE_CONTEXT,BRIDGE,B3_HARD_COMPONENT,0.0,0.0,0.0,0.0,False,False
Q0158,3,OPCODE_CONTEXT,BRIDGE,B4_SOFT_GRAPH,0.2222222222222222,0.4,0.6666666666666666,0.5,False,False
Q0158,3,OPCODE_CONTEXT,DROP30_BRIDGE,B1_INDEPENDENT,0.2222222222222222,0.3333333333333333,0.6666666666666666,0.4444444444444444,False,False
Q0158,3,OPCODE_CONTEXT,DROP30_BRIDGE,B2_EXACT_GLOBAL,0.4444444444444444,0.6666666666666666,0.6666666666666666,0.6666666666666666,False,False
Q0158,3,OPCODE_CONTEXT,DROP30_BRIDGE,B3_HARD_COMPONENT,0.0,0.0,0.0,0.0,False,False
Q0158,3,OPCODE_CONTEXT,DROP30_BRIDGE,B4_SOFT_GRAPH,0.2222222222222222,0.4,0.6666666666666666,0.5,False,False
Q0176,3,OPCODE_3GRAM,CLEAN,B1_INDEPENDENT,0.2222222222222222,0.3333333333333333,0.6666666666666666,0.4444444444444444,False,False
Q0176,3,OPCODE_3GRAM,CLEAN,B2_EXACT_GLOBAL,0.2222222222222222,0.3333333333333333,0.3333333333333333,0.3333333333333333,False,False
Q0176,3,OPCODE_3GRAM,CLEAN,B3_HARD_COMPONENT,0.3333333333333333,0.5,0.3333333333333333,0.4,False,False
Q0176,3,OPCODE_3GRAM,CLEAN,B4_SOFT_GRAPH,0.3333333333333333,0.5,0.3333333333333333,0.4,False,False
Q0176,3,OPCODE_3GRAM,DROP30,B1_INDEPENDENT,0.2222222222222222,0.3333333333333333,0.6666666666666666,0.4444444444444444,False,False
Q0176,3,OPCODE_3GRAM,DROP30,B2_EXACT_GLOBAL,0.2222222222222222,0.3333333333333333,0.3333333333333333,0.3333333333333333,False,False
Q0176,3,OPCODE_3GRAM,DROP30,B3_HARD_COMPONENT,0.2222222222222222,0.3333333333333333,0.3333333333333333,0.3333333333333333,False,False
Q0176,3,OPCODE_3GRAM,DROP30,B4_SOFT_GRAPH,0.2222222222222222,0.5,0.3333333333333333,0.4,False,False
Q0176,3,OPCODE_3GRAM,BRIDGE,B1_INDEPENDENT,0.2222222222222222,0.3333333333333333,0.6666666666666666,0.4444444444444444,False,False
Q0176,3,OPCODE_3GRAM,BRIDGE,B2_EXACT_GLOBAL,0.2222222222222222,0.3333333333333333,0.3333333333333333,0.3333333333333333,False,False
Q0176,3,OPCODE_3GRAM,BRIDGE,B3_HARD_COMPONENT,0.3333333333333333,1.0,0.3333333333333333,0.5,False,False
Q0176,3,OPCODE_3GRAM,BRIDGE,B4_SOFT_GRAPH,0.3333333333333333,1.0,0.3333333333333333,0.5,False,False
Q0176,3,OPCODE_3GRAM,DROP30_BRIDGE,B1_INDEPENDENT,0.2222222222222222,0.3333333333333333,0.6666666666666666,0.4444444444444444,False,False
Q0176,3,OPCODE_3GRAM,DROP30_BRIDGE,B2_EXACT_GLOBAL,0.2222222222222222,0.3333333333333333,0.3333333333333333,0.3333333333333333,False,False
Q0176,3,OPCODE_3GRAM,DROP30_BRIDGE,B3_HARD_COMPONENT,0.4444444444444444,0.6666666666666666,0.6666666666666666,0.6666666666666666,False,False
Q0176,3,OPCODE_3GRAM,DROP30_BRIDGE,B4_SOFT_GRAPH,0.2222222222222222,0.5,0.6666666666666666,0.5714285714285715,False,False
Q0176,3,OPCODE_STRUCT,CLEAN,B1_INDEPENDENT,0.2222222222222222,0.2857142857142857,0.6666666666666666,0.4,False,False
Q0176,3,OPCODE_STRUCT,CLEAN,B2_EXACT_GLOBAL,0.1111111111111111,0.3333333333333333,0.3333333333333333,0.3333333333333333,False,False
Q0176,3,OPCODE_STRUCT,CLEAN,B3_HARD_COMPONENT,0.3333333333333333,0.3333333333333333,0.3333333333333333,0.3333333333333333,False,False
Q0176,3,OPCODE_STRUCT,CLEAN,B4_SOFT_GRAPH,0.1111111111111111,0.3333333333333333,0.3333333333333333,0.3333333333333333,False,False
Q0176,3,OPCODE_STRUCT,DROP30,B1_INDEPENDENT,0.2222222222222222,0.2857142857142857,0.6666666666666666,0.4,False,False
Q0176,3,OPCODE_STRUCT,DROP30,B2_EXACT_GLOBAL,0.1111111111111111,0.3333333333333333,0.3333333333333333,0.3333333333333333,False,False
Q0176,3,OPCODE_STRUCT,DROP30,B3_HARD_COMPONENT,0.2222222222222222,0.2,0.3333333333333333,0.25,False,False
Q0176,3,OPCODE_STRUCT,DROP30,B4_SOFT_GRAPH,0.3333333333333333,0.3333333333333333,0.6666666666666666,0.4444444444444444,False,False
Q0176,3,OPCODE_STRUCT,BRIDGE,B1_INDEPENDENT,0.2222222222222222,0.2857142857142857,0.6666666666666666,0.4,False,False
Q0176,3,OPCODE_STRUCT,BRIDGE,B2_EXACT_GLOBAL,0.1111111111111111,0.3333333333333333,0.3333333333333333,0.3333333333333333,False,False
Q0176,3,OPCODE_STRUCT,BRIDGE,B3_HARD_COMPONENT,0.3333333333333333,1.0,0.3333333333333333,0.5,False,False
Q0176,3,OPCODE_STRUCT,BRIDGE,B4_SOFT_GRAPH,0.0,0.0,0.0,0.0,False,False
Q0176,3,OPCODE_STRUCT,DROP30_BRIDGE,B1_INDEPENDENT,0.2222222222222222,0.2857142857142857,0.6666666666666666,0.4,False,False
Q0176,3,OPCODE_STRUCT,DROP30_BRIDGE,B2_EXACT_GLOBAL,0.1111111111111111,0.3333333333333333,0.3333333333333333,0.3333333333333333,False,False
Q0176,3,OPCODE_STRUCT,DROP30_BRIDGE,B3_HARD_COMPONENT,0.2222222222222222,0.5,0.6666666666666666,0.5714285714285715,False,False
Q0176,3,OPCODE_STRUCT,DROP30_BRIDGE,B4_SOFT_GRAPH,0.2222222222222222,0.6666666666666666,0.6666666666666666,0.6666666666666666,False,False
Q0176,3,OPCODE_CONTEXT,CLEAN,B1_INDEPENDENT,0.3333333333333333,0.5,0.6666666666666666,0.5714285714285715,False,False
Q0176,3,OPCODE_CONTEXT,CLEAN,B2_EXACT_GLOBAL,0.3333333333333333,0.6666666666666666,0.6666666666666666,0.6666666666666666,False,False
Q0176,3,OPCODE_CONTEXT,CLEAN,B3_HARD_COMPONENT,0.0,0.5,0.3333333333333333,0.4,False,False
Q0176,3,OPCODE_CONTEXT,CLEAN,B4_SOFT_GRAPH,0.3333333333333333,0.5,0.6666666666666666,0.5714285714285715,False,False
Q0176,3,OPCODE_CONTEXT,DROP30,B1_INDEPENDENT,0.3333333333333333,0.5,0.6666666666666666,0.5714285714285715,False,False
Q0176,3,OPCODE_CONTEXT,DROP30,B2_EXACT_GLOBAL,0.3333333333333333,0.6666666666666666,0.6666666666666666,0.6666666666666666,False,False
Q0176,3,OPCODE_CONTEXT,DROP30,B3_HARD_COMPONENT,0.2222222222222222,0.5,0.6666666666666666,0.5714285714285715,False,False
Q0176,3,OPCODE_CONTEXT,DROP30,B4_SOFT_GRAPH,0.3333333333333333,0.5,0.6666666666666666,0.5714285714285715,False,False
Q0176,3,OPCODE_CONTEXT,BRIDGE,B1_INDEPENDENT,0.3333333333333333,0.5,0.6666666666666666,0.5714285714285715,False,False
Q0176,3,OPCODE_CONTEXT,BRIDGE,B2_EXACT_GLOBAL,0.3333333333333333,0.6666666666666666,0.6666666666666666,0.6666666666666666,False,False
Q0176,3,OPCODE_CONTEXT,BRIDGE,B3_HARD_COMPONENT,0.3333333333333333,1.0,0.3333333333333333,0.5,False,False
Q0176,3,OPCODE_CONTEXT,BRIDGE,B4_SOFT_GRAPH,0.3333333333333333,0.5,0.6666666666666666,0.5714285714285715,False,False
Q0176,3,OPCODE_CONTEXT,DROP30_BRIDGE,B1_INDEPENDENT,0.3333333333333333,0.5,0.6666666666666666,0.5714285714285715,False,False
Q0176,3,OPCODE_CONTEXT,DROP30_BRIDGE,B2_EXACT_GLOBAL,0.3333333333333333,0.6666666666666666,0.6666666666666666,0.6666666666666666,False,False
Q0176,3,OPCODE_CONTEXT,DROP30_BRIDGE,B3_HARD_COMPONENT,0.4444444444444444,0.6666666666666666,0.6666666666666666,0.6666666666666666,False,False
Q0176,3,OPCODE_CONTEXT,DROP30_BRIDGE,B4_SOFT_GRAPH,0.3333333333333333,0.5,0.6666666666666666,0.5714285714285715,False,False
Q0151,3,OPCODE_3GRAM,CLEAN,B1_INDEPENDENT,0.1111111111111111,0.3333333333333333,0.6666666666666666,0.4444444444444444,False,False
Q0151,3,OPCODE_3GRAM,CLEAN,B2_EXACT_GLOBAL,0.2222222222222222,0.3333333333333333,0.3333333333333333,0.3333333333333333,False,False
Q0151,3,OPCODE_3GRAM,CLEAN,B3_HARD_COMPONENT,0.3333333333333333,0.6666666666666666,0.6666666666666666,0.6666666666666666,False,False
Q0151,3,OPCODE_3GRAM,CLEAN,B4_SOFT_GRAPH,0.1111111111111111,0.3333333333333333,0.3333333333333333,0.3333333333333333,False,False
Q0151,3,OPCODE_3GRAM,DROP30,B1_INDEPENDENT,0.1111111111111111,0.3333333333333333,0.6666666666666666,0.4444444444444444,False,False
Q0151,3,OPCODE_3GRAM,DROP30,B2_EXACT_GLOBAL,0.2222222222222222,0.3333333333333333,0.3333333333333333,0.3333333333333333,False,False
Q0151,3,OPCODE_3GRAM,DROP30,B3_HARD_COMPONENT,0.1111111111111111,0.5,0.6666666666666666,0.5714285714285715,False,False
Q0151,3,OPCODE_3GRAM,DROP30,B4_SOFT_GRAPH,0.1111111111111111,0.5,0.6666666666666666,0.5714285714285715,False,False
Q0151,3,OPCODE_3GRAM,BRIDGE,B1_INDEPENDENT,0.1111111111111111,0.3333333333333333,0.6666666666666666,0.4444444444444444,False,False
Q0151,3,OPCODE_3GRAM,BRIDGE,B2_EXACT_GLOBAL,0.2222222222222222,0.3333333333333333,0.3333333333333333,0.3333333333333333,False,False
Q0151,3,OPCODE_3GRAM,BRIDGE,B3_HARD_COMPONENT,0.3333333333333333,1.0,0.3333333333333333,0.5,False,False
Q0151,3,OPCODE_3GRAM,BRIDGE,B4_SOFT_GRAPH,0.1111111111111111,0.3333333333333333,0.3333333333333333,0.3333333333333333,False,False
Q0151,3,OPCODE_3GRAM,DROP30_BRIDGE,B1_INDEPENDENT,0.1111111111111111,0.3333333333333333,0.6666666666666666,0.4444444444444444,False,False
Q0151,3,OPCODE_3GRAM,DROP30_BRIDGE,B2_EXACT_GLOBAL,0.2222222222222222,0.3333333333333333,0.3333333333333333,0.3333333333333333,False,False
Q0151,3,OPCODE_3GRAM,DROP30_BRIDGE,B3_HARD_COMPONENT,0.3333333333333333,0.5,0.6666666666666666,0.5714285714285715,False,False
Q0151,3,OPCODE_3GRAM,DROP30_BRIDGE,B4_SOFT_GRAPH,0.1111111111111111,0.4,0.6666666666666666,0.5,False,False
Q0151,3,OPCODE_STRUCT,CLEAN,B1_INDEPENDENT,0.1111111111111111,0.3333333333333333,0.6666666666666666,0.4444444444444444,False,False
Q0151,3,OPCODE_STRUCT,CLEAN,B2_EXACT_GLOBAL,0.1111111111111111,0.3333333333333333,0.3333333333333333,0.3333333333333333,False,False
Q0151,3,OPCODE_STRUCT,CLEAN,B3_HARD_COMPONENT,0.3333333333333333,0.3333333333333333,0.3333333333333333,0.3333333333333333,False,False
Q0151,3,OPCODE_STRUCT,CLEAN,B4_SOFT_GRAPH,0.1111111111111111,0.25,0.3333333333333333,0.28571428571428575,False,False
Q0151,3,OPCODE_STRUCT,DROP30,B1_INDEPENDENT,0.1111111111111111,0.3333333333333333,0.6666666666666666,0.4444444444444444,False,False
Q0151,3,OPCODE_STRUCT,DROP30,B2_EXACT_GLOBAL,0.1111111111111111,0.3333333333333333,0.3333333333333333,0.3333333333333333,False,False
Q0151,3,OPCODE_STRUCT,DROP30,B3_HARD_COMPONENT,0.1111111111111111,0.25,0.3333333333333333,0.28571428571428575,False,False
Q0151,3,OPCODE_STRUCT,DROP30,B4_SOFT_GRAPH,0.1111111111111111,0.25,0.3333333333333333,0.28571428571428575,False,False
Q0151,3,OPCODE_STRUCT,BRIDGE,B1_INDEPENDENT,0.1111111111111111,0.3333333333333333,0.6666666666666666,0.4444444444444444,False,False
Q0151,3,OPCODE_STRUCT,BRIDGE,B2_EXACT_GLOBAL,0.1111111111111111,0.3333333333333333,0.3333333333333333,0.3333333333333333,False,False
Q0151,3,OPCODE_STRUCT,BRIDGE,B3_HARD_COMPONENT,0.3333333333333333,1.0,0.3333333333333333,0.5,False,False
Q0151,3,OPCODE_STRUCT,BRIDGE,B4_SOFT_GRAPH,0.1111111111111111,0.3333333333333333,0.3333333333333333,0.3333333333333333,False,False
Q0151,3,OPCODE_STRUCT,DROP30_BRIDGE,B1_INDEPENDENT,0.1111111111111111,0.3333333333333333,0.6666666666666666,0.4444444444444444,False,False
Q0151,3,OPCODE_STRUCT,DROP30_BRIDGE,B2_EXACT_GLOBAL,0.1111111111111111,0.3333333333333333,0.3333333333333333,0.3333333333333333,False,False
Q0151,3,OPCODE_STRUCT,DROP30_BRIDGE,B3_HARD_COMPONENT,0.3333333333333333,0.3333333333333333,0.3333333333333333,0.3333333333333333,False,False
Q0151,3,OPCODE_STRUCT,DROP30_BRIDGE,B4_SOFT_GRAPH,0.1111111111111111,0.25,0.3333333333333333,0.28571428571428575,False,False
Q0151,3,OPCODE_CONTEXT,CLEAN,B1_INDEPENDENT,0.3333333333333333,0.3333333333333333,0.6666666666666666,0.4444444444444444,False,False
Q0151,3,OPCODE_CONTEXT,CLEAN,B2_EXACT_GLOBAL,0.4444444444444444,0.6666666666666666,0.6666666666666666,0.6666666666666666,False,False
Q0151,3,OPCODE_CONTEXT,CLEAN,B3_HARD_COMPONENT,0.3333333333333333,0.3333333333333333,0.3333333333333333,0.3333333333333333,False,False
Q0151,3,OPCODE_CONTEXT,CLEAN,B4_SOFT_GRAPH,0.3333333333333333,0.3333333333333333,0.6666666666666666,0.4444444444444444,False,False
Q0151,3,OPCODE_CONTEXT,DROP30,B1_INDEPENDENT,0.3333333333333333,0.3333333333333333,0.6666666666666666,0.4444444444444444,False,False
Q0151,3,OPCODE_CONTEXT,DROP30,B2_EXACT_GLOBAL,0.4444444444444444,0.6666666666666666,0.6666666666666666,0.6666666666666666,False,False
Q0151,3,OPCODE_CONTEXT,DROP30,B3_HARD_COMPONENT,0.2222222222222222,0.25,0.3333333333333333,0.28571428571428575,False,False
Q0151,3,OPCODE_CONTEXT,DROP30,B4_SOFT_GRAPH,0.3333333333333333,0.3333333333333333,0.6666666666666666,0.4444444444444444,False,False
Q0151,3,OPCODE_CONTEXT,BRIDGE,B1_INDEPENDENT,0.3333333333333333,0.3333333333333333,0.6666666666666666,0.4444444444444444,False,False
Q0151,3,OPCODE_CONTEXT,BRIDGE,B2_EXACT_GLOBAL,0.4444444444444444,0.6666666666666666,0.6666666666666666,0.6666666666666666,False,False
Q0151,3,OPCODE_CONTEXT,BRIDGE,B3_HARD_COMPONENT,0.3333333333333333,1.0,0.3333333333333333,0.5,False,False
Q0151,3,OPCODE_CONTEXT,BRIDGE,B4_SOFT_GRAPH,0.3333333333333333,0.3333333333333333,0.6666666666666666,0.4444444444444444,False,False
Q0151,3,OPCODE_CONTEXT,DROP30_BRIDGE,B1_INDEPENDENT,0.3333333333333333,0.3333333333333333,0.6666666666666666,0.4444444444444444,False,False
Q0151,3,OPCODE_CONTEXT,DROP30_BRIDGE,B2_EXACT_GLOBAL,0.4444444444444444,0.6666666666666666,0.6666666666666666,0.6666666666666666,False,False
Q0151,3,OPCODE_CONTEXT,DROP30_BRIDGE,B3_HARD_COMPONENT,0.3333333333333333,0.25,0.3333333333333333,0.28571428571428575,False,False
Q0151,3,OPCODE_CONTEXT,DROP30_BRIDGE,B4_SOFT_GRAPH,0.3333333333333333,0.3333333333333333,0.6666666666666666,0.4444444444444444,False,False
Q0197,3,OPCODE_3GRAM,CLEAN,B1_INDEPENDENT,0.4444444444444444,0.75,1.0,0.8571428571428571,False,False
Q0197,3,OPCODE_3GRAM,CLEAN,B2_EXACT_GLOBAL,0.3333333333333333,0.6666666666666666,0.6666666666666666,0.6666666666666666,False,False
Q0197,3,OPCODE_3GRAM,CLEAN,B3_HARD_COMPONENT,0.6666666666666666,0.6666666666666666,0.6666666666666666,0.6666666666666666,False,False
Q0197,3,OPCODE_3GRAM,CLEAN,B4_SOFT_GRAPH,0.6666666666666666,0.6666666666666666,0.6666666666666666,0.6666666666666666,False,False
Q0197,3,OPCODE_3GRAM,DROP30,B1_INDEPENDENT,0.4444444444444444,0.75,1.0,0.8571428571428571,False,False
Q0197,3,OPCODE_3GRAM,DROP30,B2_EXACT_GLOBAL,0.3333333333333333,0.6666666666666666,0.6666666666666666,0.6666666666666666,False,False
Q0197,3,OPCODE_3GRAM,DROP30,B3_HARD_COMPONENT,0.6666666666666666,0.75,1.0,0.8571428571428571,False,False
Q0197,3,OPCODE_3GRAM,DROP30,B4_SOFT_GRAPH,0.6666666666666666,0.75,1.0,0.8571428571428571,False,False
Q0197,3,OPCODE_3GRAM,BRIDGE,B1_INDEPENDENT,0.4444444444444444,0.75,1.0,0.8571428571428571,False,False
Q0197,3,OPCODE_3GRAM,BRIDGE,B2_EXACT_GLOBAL,0.3333333333333333,0.6666666666666666,0.6666666666666666,0.6666666666666666,False,False
Q0197,3,OPCODE_3GRAM,BRIDGE,B3_HARD_COMPONENT,0.0,0.0,0.0,0.0,False,False
Q0197,3,OPCODE_3GRAM,BRIDGE,B4_SOFT_GRAPH,0.5555555555555556,0.6666666666666666,0.6666666666666666,0.6666666666666666,False,False
Q0197,3,OPCODE_3GRAM,DROP30_BRIDGE,B1_INDEPENDENT,0.4444444444444444,0.75,1.0,0.8571428571428571,False,False
Q0197,3,OPCODE_3GRAM,DROP30_BRIDGE,B2_EXACT_GLOBAL,0.3333333333333333,0.6666666666666666,0.6666666666666666,0.6666666666666666,False,False
Q0197,3,OPCODE_3GRAM,DROP30_BRIDGE,B3_HARD_COMPONENT,0.1111111111111111,0.5,0.3333333333333333,0.4,False,False
Q0197,3,OPCODE_3GRAM,DROP30_BRIDGE,B4_SOFT_GRAPH,0.6666666666666666,0.75,1.0,0.8571428571428571,False,False
Q0197,3,OPCODE_STRUCT,CLEAN,B1_INDEPENDENT,0.5555555555555556,0.5,1.0,0.6666666666666666,False,False
Q0197,3,OPCODE_STRUCT,CLEAN,B2_EXACT_GLOBAL,0.4444444444444444,0.6666666666666666,0.6666666666666666,0.6666666666666666,False,False
Q0197,3,OPCODE_STRUCT,CLEAN,B3_HARD_COMPONENT,0.6666666666666666,0.6666666666666666,0.6666666666666666,0.6666666666666666,False,False
Q0197,3,OPCODE_STRUCT,CLEAN,B4_SOFT_GRAPH,0.2222222222222222,0.5,0.3333333333333333,0.4,False,False
Q0197,3,OPCODE_STRUCT,DROP30,B1_INDEPENDENT,0.5555555555555556,0.5,1.0,0.6666666666666666,False,False
Q0197,3,OPCODE_STRUCT,DROP30,B2_EXACT_GLOBAL,0.4444444444444444,0.6666666666666666,0.6666666666666666,0.6666666666666666,False,False
Q0197,3,OPCODE_STRUCT,DROP30,B3_HARD_COMPONENT,0.7777777777777778,0.75,1.0,0.8571428571428571,False,False
Q0197,3,OPCODE_STRUCT,DROP30,B4_SOFT_GRAPH,0.5555555555555556,0.4,0.6666666666666666,0.5,False,False
Q0197,3,OPCODE_STRUCT,BRIDGE,B1_INDEPENDENT,0.5555555555555556,0.5,1.0,0.6666666666666666,False,False
Q0197,3,OPCODE_STRUCT,BRIDGE,B2_EXACT_GLOBAL,0.4444444444444444,0.6666666666666666,0.6666666666666666,0.6666666666666666,False,False
Q0197,3,OPCODE_STRUCT,BRIDGE,B3_HARD_COMPONENT,0.0,0.0,0.0,0.0,False,False
Q0197,3,OPCODE_STRUCT,BRIDGE,B4_SOFT_GRAPH,0.2222222222222222,0.5,0.3333333333333333,0.4,False,False
Q0197,3,OPCODE_STRUCT,DROP30_BRIDGE,B1_INDEPENDENT,0.5555555555555556,0.5,1.0,0.6666666666666666,False,False
Q0197,3,OPCODE_STRUCT,DROP30_BRIDGE,B2_EXACT_GLOBAL,0.4444444444444444,0.6666666666666666,0.6666666666666666,0.6666666666666666,False,False
Q0197,3,OPCODE_STRUCT,DROP30_BRIDGE,B3_HARD_COMPONENT,0.1111111111111111,0.5,0.3333333333333333,0.4,False,False
Q0197,3,OPCODE_STRUCT,DROP30_BRIDGE,B4_SOFT_GRAPH,0.3333333333333333,0.6666666666666666,0.6666666666666666,0.6666666666666666,False,False
Q0197,3,OPCODE_CONTEXT,CLEAN,B1_INDEPENDENT,0.5555555555555556,0.6,1.0,0.7499999999999999,False,False
Q0197,3,OPCODE_CONTEXT,CLEAN,B2_EXACT_GLOBAL,0.4444444444444444,0.6666666666666666,0.6666666666666666,0.6666666666666666,False,False
Q0197,3,OPCODE_CONTEXT,CLEAN,B3_HARD_COMPONENT,1.0,1.0,1.0,1.0,True,True
Q0197,3,OPCODE_CONTEXT,CLEAN,B4_SOFT_GRAPH,0.3333333333333333,0.4,0.6666666666666666,0.5,False,False
Q0197,3,OPCODE_CONTEXT,DROP30,B1_INDEPENDENT,0.5555555555555556,0.6,1.0,0.7499999999999999,False,False
Q0197,3,OPCODE_CONTEXT,DROP30,B2_EXACT_GLOBAL,0.4444444444444444,0.6666666666666666,0.6666666666666666,0.6666666666666666,False,False
Q0197,3,OPCODE_CONTEXT,DROP30,B3_HARD_COMPONENT,1.0,1.0,1.0,1.0,True,True
Q0197,3,OPCODE_CONTEXT,DROP30,B4_SOFT_GRAPH,0.3333333333333333,0.4,0.6666666666666666,0.5,False,False
Q0197,3,OPCODE_CONTEXT,BRIDGE,B1_INDEPENDENT,0.5555555555555556,0.6,1.0,0.7499999999999999,False,False
Q0197,3,OPCODE_CONTEXT,BRIDGE,B2_EXACT_GLOBAL,0.4444444444444444,0.6666666666666666,0.6666666666666666,0.6666666666666666,False,False
Q0197,3,OPCODE_CONTEXT,BRIDGE,B3_HARD_COMPONENT,0.0,0.0,0.0,0.0,False,False
Q0197,3,OPCODE_CONTEXT,BRIDGE,B4_SOFT_GRAPH,0.3333333333333333,0.4,0.6666666666666666,0.5,False,False
Q0197,3,OPCODE_CONTEXT,DROP30_BRIDGE,B1_INDEPENDENT,0.5555555555555556,0.6,1.0,0.7499999999999999,False,False
Q0197,3,OPCODE_CONTEXT,DROP30_BRIDGE,B2_EXACT_GLOBAL,0.4444444444444444,0.6666666666666666,0.6666666666666666,0.6666666666666666,False,False
Q0197,3,OPCODE_CONTEXT,DROP30_BRIDGE,B3_HARD_COMPONENT,0.1111111111111111,0.5,0.3333333333333333,0.4,False,False
Q0197,3,OPCODE_CONTEXT,DROP30_BRIDGE,B4_SOFT_GRAPH,0.3333333333333333,0.4,0.6666666666666666,0.5,False,False
Q0132,3,OPCODE_3GRAM,CLEAN,B1_INDEPENDENT,0.2222222222222222,0.4,0.6666666666666666,0.5,False,False
Q0132,3,OPCODE_3GRAM,CLEAN,B2_EXACT_GLOBAL,0.4444444444444444,0.6666666666666666,0.6666666666666666,0.6666666666666666,False,False
Q0132,3,OPCODE_3GRAM,CLEAN,B3_HARD_COMPONENT,0.6666666666666666,0.6666666666666666,0.6666666666666666,0.6666666666666666,False,False
Q0132,3,OPCODE_3GRAM,CLEAN,B4_SOFT_GRAPH,0.4444444444444444,0.5,0.6666666666666666,0.5714285714285715,False,False
Q0132,3,OPCODE_3GRAM,DROP30,B1_INDEPENDENT,0.2222222222222222,0.4,0.6666666666666666,0.5,False,False
Q0132,3,OPCODE_3GRAM,DROP30,B2_EXACT_GLOBAL,0.4444444444444444,0.6666666666666666,0.6666666666666666,0.6666666666666666,False,False
Q0132,3,OPCODE_3GRAM,DROP30,B3_HARD_COMPONENT,0.3333333333333333,0.5,0.6666666666666666,0.5714285714285715,False,False
Q0132,3,OPCODE_3GRAM,DROP30,B4_SOFT_GRAPH,0.3333333333333333,0.5,0.6666666666666666,0.5714285714285715,False,False
Q0132,3,OPCODE_3GRAM,BRIDGE,B1_INDEPENDENT,0.2222222222222222,0.4,0.6666666666666666,0.5,False,False
Q0132,3,OPCODE_3GRAM,BRIDGE,B2_EXACT_GLOBAL,0.4444444444444444,0.6666666666666666,0.6666666666666666,0.6666666666666666,False,False
Q0132,3,OPCODE_3GRAM,BRIDGE,B3_HARD_COMPONENT,0.0,0.0,0.0,0.0,False,False
Q0132,3,OPCODE_3GRAM,BRIDGE,B4_SOFT_GRAPH,0.4444444444444444,0.6666666666666666,0.6666666666666666,0.6666666666666666,False,False
Q0132,3,OPCODE_3GRAM,DROP30_BRIDGE,B1_INDEPENDENT,0.2222222222222222,0.4,0.6666666666666666,0.5,False,False
Q0132,3,OPCODE_3GRAM,DROP30_BRIDGE,B2_EXACT_GLOBAL,0.4444444444444444,0.6666666666666666,0.6666666666666666,0.6666666666666666,False,False
Q0132,3,OPCODE_3GRAM,DROP30_BRIDGE,B3_HARD_COMPONENT,0.4444444444444444,0.6666666666666666,0.6666666666666666,0.6666666666666666,False,False
Q0132,3,OPCODE_3GRAM,DROP30_BRIDGE,B4_SOFT_GRAPH,0.2222222222222222,0.5,0.6666666666666666,0.5714285714285715,False,False
Q0132,3,OPCODE_STRUCT,CLEAN,B1_INDEPENDENT,0.2222222222222222,0.3333333333333333,0.6666666666666666,0.4444444444444444,False,False
Q0132,3,OPCODE_STRUCT,CLEAN,B2_EXACT_GLOBAL,0.2222222222222222,0.6666666666666666,0.6666666666666666,0.6666666666666666,False,False
Q0132,3,OPCODE_STRUCT,CLEAN,B3_HARD_COMPONENT,0.6666666666666666,0.6666666666666666,0.6666666666666666,0.6666666666666666,False,False
Q0132,3,OPCODE_STRUCT,CLEAN,B4_SOFT_GRAPH,0.2222222222222222,0.3333333333333333,0.6666666666666666,0.4444444444444444,False,False
Q0132,3,OPCODE_STRUCT,DROP30,B1_INDEPENDENT,0.2222222222222222,0.3333333333333333,0.6666666666666666,0.4444444444444444,False,False
Q0132,3,OPCODE_STRUCT,DROP30,B2_EXACT_GLOBAL,0.2222222222222222,0.6666666666666666,0.6666666666666666,0.6666666666666666,False,False
Q0132,3,OPCODE_STRUCT,DROP30,B3_HARD_COMPONENT,0.3333333333333333,0.5,0.6666666666666666,0.5714285714285715,False,False
Q0132,3,OPCODE_STRUCT,DROP30,B4_SOFT_GRAPH,0.2222222222222222,0.3333333333333333,0.6666666666666666,0.4444444444444444,False,False
Q0132,3,OPCODE_STRUCT,BRIDGE,B1_INDEPENDENT,0.2222222222222222,0.3333333333333333,0.6666666666666666,0.4444444444444444,False,False
Q0132,3,OPCODE_STRUCT,BRIDGE,B2_EXACT_GLOBAL,0.2222222222222222,0.6666666666666666,0.6666666666666666,0.6666666666666666,False,False
Q0132,3,OPCODE_STRUCT,BRIDGE,B3_HARD_COMPONENT,0.3333333333333333,1.0,0.3333333333333333,0.5,False,False
Q0132,3,OPCODE_STRUCT,BRIDGE,B4_SOFT_GRAPH,0.4444444444444444,1.0,0.6666666666666666,0.8,False,False
Q0132,3,OPCODE_STRUCT,DROP30_BRIDGE,B1_INDEPENDENT,0.2222222222222222,0.3333333333333333,0.6666666666666666,0.4444444444444444,False,False
Q0132,3,OPCODE_STRUCT,DROP30_BRIDGE,B2_EXACT_GLOBAL,0.2222222222222222,0.6666666666666666,0.6666666666666666,0.6666666666666666,False,False
Q0132,3,OPCODE_STRUCT,DROP30_BRIDGE,B3_HARD_COMPONENT,0.4444444444444444,0.6666666666666666,0.6666666666666666,0.6666666666666666,False,False
Q0132,3,OPCODE_STRUCT,DROP30_BRIDGE,B4_SOFT_GRAPH,0.2222222222222222,0.3333333333333333,0.6666666666666666,0.4444444444444444,False,False
Q0132,3,OPCODE_CONTEXT,CLEAN,B1_INDEPENDENT,0.4444444444444444,0.5,1.0,0.6666666666666666,False,False
Q0132,3,OPCODE_CONTEXT,CLEAN,B2_EXACT_GLOBAL,0.4444444444444444,0.6666666666666666,0.6666666666666666,0.6666666666666666,False,False
Q0132,3,OPCODE_CONTEXT,CLEAN,B3_HARD_COMPONENT,0.3333333333333333,0.5,0.3333333333333333,0.4,False,False
Q0132,3,OPCODE_CONTEXT,CLEAN,B4_SOFT_GRAPH,0.4444444444444444,0.5,1.0,0.6666666666666666,False,False
Q0132,3,OPCODE_CONTEXT,DROP30,B1_INDEPENDENT,0.4444444444444444,0.5,1.0,0.6666666666666666,False,False
Q0132,3,OPCODE_CONTEXT,DROP30,B2_EXACT_GLOBAL,0.4444444444444444,0.6666666666666666,0.6666666666666666,0.6666666666666666,False,False
Q0132,3,OPCODE_CONTEXT,DROP30,B3_HARD_COMPONENT,0.4444444444444444,0.6666666666666666,0.6666666666666666,0.6666666666666666,False,False
Q0132,3,OPCODE_CONTEXT,DROP30,B4_SOFT_GRAPH,0.4444444444444444,0.5,1.0,0.6666666666666666,False,False
Q0132,3,OPCODE_CONTEXT,BRIDGE,B1_INDEPENDENT,0.4444444444444444,0.5,1.0,0.6666666666666666,False,False
Q0132,3,OPCODE_CONTEXT,BRIDGE,B2_EXACT_GLOBAL,0.4444444444444444,0.6666666666666666,0.6666666666666666,0.6666666666666666,False,False
Q0132,3,OPCODE_CONTEXT,BRIDGE,B3_HARD_COMPONENT,0.0,0.0,0.0,0.0,False,False
Q0132,3,OPCODE_CONTEXT,BRIDGE,B4_SOFT_GRAPH,0.4444444444444444,0.5,1.0,0.6666666666666666,False,False
Q0132,3,OPCODE_CONTEXT,DROP30_BRIDGE,B1_INDEPENDENT,0.4444444444444444,0.5,1.0,0.6666666666666666,False,False
Q0132,3,OPCODE_CONTEXT,DROP30_BRIDGE,B2_EXACT_GLOBAL,0.4444444444444444,0.6666666666666666,0.6666666666666666,0.6666666666666666,False,False
Q0132,3,OPCODE_CONTEXT,DROP30_BRIDGE,B3_HARD_COMPONENT,0.1111111111111111,0.3333333333333333,0.3333333333333333,0.3333333333333333,False,False
Q0132,3,OPCODE_CONTEXT,DROP30_BRIDGE,B4_SOFT_GRAPH,0.4444444444444444,0.5,1.0,0.6666666666666666,False,False
Q0199,3,OPCODE_3GRAM,CLEAN,B1_INDEPENDENT,0.3333333333333333,0.2857142857142857,0.6666666666666666,0.4,False,False
Q0199,3,OPCODE_3GRAM,CLEAN,B2_EXACT_GLOBAL,0.4444444444444444,0.6666666666666666,0.6666666666666666,0.6666666666666666,False,False
Q0199,3,OPCODE_3GRAM,CLEAN,B3_HARD_COMPONENT,0.6666666666666666,0.6666666666666666,0.6666666666666666,0.6666666666666666,False,False
Q0199,3,OPCODE_3GRAM,CLEAN,B4_SOFT_GRAPH,0.4444444444444444,0.6666666666666666,0.6666666666666666,0.6666666666666666,False,False
Q0199,3,OPCODE_3GRAM,DROP30,B1_INDEPENDENT,0.3333333333333333,0.2857142857142857,0.6666666666666666,0.4,False,False
Q0199,3,OPCODE_3GRAM,DROP30,B2_EXACT_GLOBAL,0.4444444444444444,0.6666666666666666,0.6666666666666666,0.6666666666666666,False,False
Q0199,3,OPCODE_3GRAM,DROP30,B3_HARD_COMPONENT,0.5555555555555556,0.4,0.6666666666666666,0.5,False,False
Q0199,3,OPCODE_3GRAM,DROP30,B4_SOFT_GRAPH,0.3333333333333333,0.4,0.6666666666666666,0.5,False,False
Q0199,3,OPCODE_3GRAM,BRIDGE,B1_INDEPENDENT,0.3333333333333333,0.2857142857142857,0.6666666666666666,0.4,False,False
Q0199,3,OPCODE_3GRAM,BRIDGE,B2_EXACT_GLOBAL,0.4444444444444444,0.6666666666666666,0.6666666666666666,0.6666666666666666,False,False
Q0199,3,OPCODE_3GRAM,BRIDGE,B3_HARD_COMPONENT,0.3333333333333333,1.0,0.3333333333333333,0.5,False,False
Q0199,3,OPCODE_3GRAM,BRIDGE,B4_SOFT_GRAPH,0.4444444444444444,0.6666666666666666,0.6666666666666666,0.6666666666666666,False,False
Q0199,3,OPCODE_3GRAM,DROP30_BRIDGE,B1_INDEPENDENT,0.3333333333333333,0.2857142857142857,0.6666666666666666,0.4,False,False
Q0199,3,OPCODE_3GRAM,DROP30_BRIDGE,B2_EXACT_GLOBAL,0.4444444444444444,0.6666666666666666,0.6666666666666666,0.6666666666666666,False,False
Q0199,3,OPCODE_3GRAM,DROP30_BRIDGE,B3_HARD_COMPONENT,0.4444444444444444,0.6666666666666666,0.6666666666666666,0.6666666666666666,False,False
Q0199,3,OPCODE_3GRAM,DROP30_BRIDGE,B4_SOFT_GRAPH,0.4444444444444444,0.5,0.6666666666666666,0.5714285714285715,False,False
Q0199,3,OPCODE_STRUCT,CLEAN,B1_INDEPENDENT,0.4444444444444444,0.5,0.6666666666666666,0.5714285714285715,False,False
Q0199,3,OPCODE_STRUCT,CLEAN,B2_EXACT_GLOBAL,0.5555555555555556,0.6666666666666666,0.6666666666666666,0.6666666666666666,False,False
Q0199,3,OPCODE_STRUCT,CLEAN,B3_HARD_COMPONENT,0.6666666666666666,0.6666666666666666,0.6666666666666666,0.6666666666666666,False,False
Q0199,3,OPCODE_STRUCT,CLEAN,B4_SOFT_GRAPH,0.1111111111111111,0.3333333333333333,0.3333333333333333,0.3333333333333333,False,False
Q0199,3,OPCODE_STRUCT,DROP30,B1_INDEPENDENT,0.4444444444444444,0.5,0.6666666666666666,0.5714285714285715,False,False
Q0199,3,OPCODE_STRUCT,DROP30,B2_EXACT_GLOBAL,0.5555555555555556,0.6666666666666666,0.6666666666666666,0.6666666666666666,False,False
Q0199,3,OPCODE_STRUCT,DROP30,B3_HARD_COMPONENT,0.6666666666666666,0.6666666666666666,0.6666666666666666,0.6666666666666666,False,False
Q0199,3,OPCODE_STRUCT,DROP30,B4_SOFT_GRAPH,0.1111111111111111,0.25,0.3333333333333333,0.28571428571428575,False,False
Q0199,3,OPCODE_STRUCT,BRIDGE,B1_INDEPENDENT,0.4444444444444444,0.5,0.6666666666666666,0.5714285714285715,False,False
Q0199,3,OPCODE_STRUCT,BRIDGE,B2_EXACT_GLOBAL,0.5555555555555556,0.6666666666666666,0.6666666666666666,0.6666666666666666,False,False
Q0199,3,OPCODE_STRUCT,BRIDGE,B3_HARD_COMPONENT,0.3333333333333333,1.0,0.3333333333333333,0.5,False,False
Q0199,3,OPCODE_STRUCT,BRIDGE,B4_SOFT_GRAPH,0.1111111111111111,0.3333333333333333,0.3333333333333333,0.3333333333333333,False,False
Q0199,3,OPCODE_STRUCT,DROP30_BRIDGE,B1_INDEPENDENT,0.4444444444444444,0.5,0.6666666666666666,0.5714285714285715,False,False
Q0199,3,OPCODE_STRUCT,DROP30_BRIDGE,B2_EXACT_GLOBAL,0.5555555555555556,0.6666666666666666,0.6666666666666666,0.6666666666666666,False,False
Q0199,3,OPCODE_STRUCT,DROP30_BRIDGE,B3_HARD_COMPONENT,0.4444444444444444,1.0,0.6666666666666666,0.8,False,False
Q0199,3,OPCODE_STRUCT,DROP30_BRIDGE,B4_SOFT_GRAPH,0.1111111111111111,0.3333333333333333,0.3333333333333333,0.3333333333333333,False,False
Q0199,3,OPCODE_CONTEXT,CLEAN,B1_INDEPENDENT,0.3333333333333333,0.3333333333333333,0.6666666666666666,0.4444444444444444,False,False
Q0199,3,OPCODE_CONTEXT,CLEAN,B2_EXACT_GLOBAL,0.2222222222222222,0.3333333333333333,0.3333333333333333,0.3333333333333333,False,False
Q0199,3,OPCODE_CONTEXT,CLEAN,B3_HARD_COMPONENT,0.3333333333333333,0.3333333333333333,0.3333333333333333,0.3333333333333333,False,False
Q0199,3,OPCODE_CONTEXT,CLEAN,B4_SOFT_GRAPH,0.1111111111111111,0.2,0.3333333333333333,0.25,False,False
Q0199,3,OPCODE_CONTEXT,DROP30,B1_INDEPENDENT,0.3333333333333333,0.3333333333333333,0.6666666666666666,0.4444444444444444,False,False
Q0199,3,OPCODE_CONTEXT,DROP30,B2_EXACT_GLOBAL,0.2222222222222222,0.3333333333333333,0.3333333333333333,0.3333333333333333,False,False
Q0199,3,OPCODE_CONTEXT,DROP30,B3_HARD_COMPONENT,0.3333333333333333,0.25,0.3333333333333333,0.28571428571428575,False,False
Q0199,3,OPCODE_CONTEXT,DROP30,B4_SOFT_GRAPH,0.1111111111111111,0.2,0.3333333333333333,0.25,False,False
Q0199,3,OPCODE_CONTEXT,BRIDGE,B1_INDEPENDENT,0.3333333333333333,0.3333333333333333,0.6666666666666666,0.4444444444444444,False,False
Q0199,3,OPCODE_CONTEXT,BRIDGE,B2_EXACT_GLOBAL,0.2222222222222222,0.3333333333333333,0.3333333333333333,0.3333333333333333,False,False
Q0199,3,OPCODE_CONTEXT,BRIDGE,B3_HARD_COMPONENT,0.3333333333333333,1.0,0.3333333333333333,0.5,False,False
Q0199,3,OPCODE_CONTEXT,BRIDGE,B4_SOFT_GRAPH,0.1111111111111111,0.2,0.3333333333333333,0.25,False,False
Q0199,3,OPCODE_CONTEXT,DROP30_BRIDGE,B1_INDEPENDENT,0.3333333333333333,0.3333333333333333,0.6666666666666666,0.4444444444444444,False,False
Q0199,3,OPCODE_CONTEXT,DROP30_BRIDGE,B2_EXACT_GLOBAL,0.2222222222222222,0.3333333333333333,0.3333333333333333,0.3333333333333333,False,False
Q0199,3,OPCODE_CONTEXT,DROP30_BRIDGE,B3_HARD_COMPONENT,0.3333333333333333,0.3333333333333333,0.3333333333333333,0.3333333333333333,False,False
Q0199,3,OPCODE_CONTEXT,DROP30_BRIDGE,B4_SOFT_GRAPH,0.1111111111111111,0.2,0.3333333333333333,0.25,False,False
Q0170,3,OPCODE_3GRAM,CLEAN,B1_INDEPENDENT,0.3333333333333333,0.2857142857142857,0.6666666666666666,0.4,False,False
Q0170,3,OPCODE_3GRAM,CLEAN,B2_EXACT_GLOBAL,0.4444444444444444,0.6666666666666666,0.6666666666666666,0.6666666666666666,False,False
Q0170,3,OPCODE_3GRAM,CLEAN,B3_HARD_COMPONENT,0.6666666666666666,0.6666666666666666,0.6666666666666666,0.6666666666666666,False,False
Q0170,3,OPCODE_3GRAM,CLEAN,B4_SOFT_GRAPH,0.4444444444444444,0.5,0.6666666666666666,0.5714285714285715,False,False
Q0170,3,OPCODE_3GRAM,DROP30,B1_INDEPENDENT,0.3333333333333333,0.2857142857142857,0.6666666666666666,0.4,False,False
Q0170,3,OPCODE_3GRAM,DROP30,B2_EXACT_GLOBAL,0.4444444444444444,0.6666666666666666,0.6666666666666666,0.6666666666666666,False,False
Q0170,3,OPCODE_3GRAM,DROP30,B3_HARD_COMPONENT,0.6666666666666666,0.5,0.6666666666666666,0.5714285714285715,False,False
Q0170,3,OPCODE_3GRAM,DROP30,B4_SOFT_GRAPH,0.4444444444444444,0.5,0.6666666666666666,0.5714285714285715,False,False
Q0170,3,OPCODE_3GRAM,BRIDGE,B1_INDEPENDENT,0.3333333333333333,0.2857142857142857,0.6666666666666666,0.4,False,False
Q0170,3,OPCODE_3GRAM,BRIDGE,B2_EXACT_GLOBAL,0.4444444444444444,0.6666666666666666,0.6666666666666666,0.6666666666666666,False,False
Q0170,3,OPCODE_3GRAM,BRIDGE,B3_HARD_COMPONENT,0.3333333333333333,1.0,0.3333333333333333,0.5,False,False
Q0170,3,OPCODE_3GRAM,BRIDGE,B4_SOFT_GRAPH,0.4444444444444444,0.5,0.6666666666666666,0.5714285714285715,False,False
Q0170,3,OPCODE_3GRAM,DROP30_BRIDGE,B1_INDEPENDENT,0.3333333333333333,0.2857142857142857,0.6666666666666666,0.4,False,False
Q0170,3,OPCODE_3GRAM,DROP30_BRIDGE,B2_EXACT_GLOBAL,0.4444444444444444,0.6666666666666666,0.6666666666666666,0.6666666666666666,False,False
Q0170,3,OPCODE_3GRAM,DROP30_BRIDGE,B3_HARD_COMPONENT,0.4444444444444444,0.5,0.6666666666666666,0.5714285714285715,False,False
Q0170,3,OPCODE_3GRAM,DROP30_BRIDGE,B4_SOFT_GRAPH,0.4444444444444444,0.4,0.6666666666666666,0.5,False,False
Q0170,3,OPCODE_STRUCT,CLEAN,B1_INDEPENDENT,0.4444444444444444,0.3333333333333333,0.6666666666666666,0.4444444444444444,False,False
Q0170,3,OPCODE_STRUCT,CLEAN,B2_EXACT_GLOBAL,0.4444444444444444,0.6666666666666666,0.6666666666666666,0.6666666666666666,False,False
Q0170,3,OPCODE_STRUCT,CLEAN,B3_HARD_COMPONENT,0.6666666666666666,0.6666666666666666,0.6666666666666666,0.6666666666666666,False,False
Q0170,3,OPCODE_STRUCT,CLEAN,B4_SOFT_GRAPH,0.6666666666666666,1.0,0.6666666666666666,0.8,False,False
Q0170,3,OPCODE_STRUCT,DROP30,B1_INDEPENDENT,0.4444444444444444,0.3333333333333333,0.6666666666666666,0.4444444444444444,False,False
Q0170,3,OPCODE_STRUCT,DROP30,B2_EXACT_GLOBAL,0.4444444444444444,0.6666666666666666,0.6666666666666666,0.6666666666666666,False,False
Q0170,3,OPCODE_STRUCT,DROP30,B3_HARD_COMPONENT,0.6666666666666666,0.5,0.6666666666666666,0.5714285714285715,False,False
Q0170,3,OPCODE_STRUCT,DROP30,B4_SOFT_GRAPH,0.4444444444444444,0.5,0.6666666666666666,0.5714285714285715,False,False
Q0170,3,OPCODE_STRUCT,BRIDGE,B1_INDEPENDENT,0.4444444444444444,0.3333333333333333,0.6666666666666666,0.4444444444444444,False,False
Q0170,3,OPCODE_STRUCT,BRIDGE,B2_EXACT_GLOBAL,0.4444444444444444,0.6666666666666666,0.6666666666666666,0.6666666666666666,False,False
Q0170,3,OPCODE_STRUCT,BRIDGE,B3_HARD_COMPONENT,0.3333333333333333,1.0,0.3333333333333333,0.5,False,False
Q0170,3,OPCODE_STRUCT,BRIDGE,B4_SOFT_GRAPH,0.6666666666666666,1.0,0.6666666666666666,0.8,False,False
Q0170,3,OPCODE_STRUCT,DROP30_BRIDGE,B1_INDEPENDENT,0.4444444444444444,0.3333333333333333,0.6666666666666666,0.4444444444444444,False,False
Q0170,3,OPCODE_STRUCT,DROP30_BRIDGE,B2_EXACT_GLOBAL,0.4444444444444444,0.6666666666666666,0.6666666666666666,0.6666666666666666,False,False
Q0170,3,OPCODE_STRUCT,DROP30_BRIDGE,B3_HARD_COMPONENT,0.4444444444444444,0.5,0.6666666666666666,0.5714285714285715,False,False
Q0170,3,OPCODE_STRUCT,DROP30_BRIDGE,B4_SOFT_GRAPH,0.4444444444444444,0.3333333333333333,0.6666666666666666,0.4444444444444444,False,False
Q0170,3,OPCODE_CONTEXT,CLEAN,B1_INDEPENDENT,0.3333333333333333,0.4,0.6666666666666666,0.5,False,False
Q0170,3,OPCODE_CONTEXT,CLEAN,B2_EXACT_GLOBAL,0.4444444444444444,0.6666666666666666,0.6666666666666666,0.6666666666666666,False,False
Q0170,3,OPCODE_CONTEXT,CLEAN,B3_HARD_COMPONENT,0.3333333333333333,0.6666666666666666,0.6666666666666666,0.6666666666666666,False,False
Q0170,3,OPCODE_CONTEXT,CLEAN,B4_SOFT_GRAPH,0.1111111111111111,0.2,0.3333333333333333,0.25,False,False
Q0170,3,OPCODE_CONTEXT,DROP30,B1_INDEPENDENT,0.3333333333333333,0.4,0.6666666666666666,0.5,False,False
Q0170,3,OPCODE_CONTEXT,DROP30,B2_EXACT_GLOBAL,0.4444444444444444,0.6666666666666666,0.6666666666666666,0.6666666666666666,False,False
Q0170,3,OPCODE_CONTEXT,DROP30,B3_HARD_COMPONENT,0.3333333333333333,0.6666666666666666,0.6666666666666666,0.6666666666666666,False,False
Q0170,3,OPCODE_CONTEXT,DROP30,B4_SOFT_GRAPH,0.1111111111111111,0.2,0.3333333333333333,0.25,False,False
Q0170,3,OPCODE_CONTEXT,BRIDGE,B1_INDEPENDENT,0.3333333333333333,0.4,0.6666666666666666,0.5,False,False
Q0170,3,OPCODE_CONTEXT,BRIDGE,B2_EXACT_GLOBAL,0.4444444444444444,0.6666666666666666,0.6666666666666666,0.6666666666666666,False,False
Q0170,3,OPCODE_CONTEXT,BRIDGE,B3_HARD_COMPONENT,0.3333333333333333,1.0,0.3333333333333333,0.5,False,False
Q0170,3,OPCODE_CONTEXT,BRIDGE,B4_SOFT_GRAPH,0.1111111111111111,0.2,0.3333333333333333,0.25,False,False
Q0170,3,OPCODE_CONTEXT,DROP30_BRIDGE,B1_INDEPENDENT,0.3333333333333333,0.4,0.6666666666666666,0.5,False,False
Q0170,3,OPCODE_CONTEXT,DROP30_BRIDGE,B2_EXACT_GLOBAL,0.4444444444444444,0.6666666666666666,0.6666666666666666,0.6666666666666666,False,False
Q0170,3,OPCODE_CONTEXT,DROP30_BRIDGE,B3_HARD_COMPONENT,0.3333333333333333,0.5,0.6666666666666666,0.5714285714285715,False,False
Q0170,3,OPCODE_CONTEXT,DROP30_BRIDGE,B4_SOFT_GRAPH,0.1111111111111111,0.2,0.3333333333333333,0.25,False,False
Q0143,3,OPCODE_3GRAM,CLEAN,B1_INDEPENDENT,0.0,0.2,0.3333333333333333,0.25,False,False
Q0143,3,OPCODE_3GRAM,CLEAN,B2_EXACT_GLOBAL,0.0,0.0,0.0,0.0,False,False
Q0143,3,OPCODE_3GRAM,CLEAN,B3_HARD_COMPONENT,0.0,0.3333333333333333,0.3333333333333333,0.3333333333333333,False,False
Q0143,3,OPCODE_3GRAM,CLEAN,B4_SOFT_GRAPH,0.0,0.0,0.0,0.0,False,False
Q0143,3,OPCODE_3GRAM,DROP30,B1_INDEPENDENT,0.0,0.2,0.3333333333333333,0.25,False,False
Q0143,3,OPCODE_3GRAM,DROP30,B2_EXACT_GLOBAL,0.0,0.0,0.0,0.0,False,False
Q0143,3,OPCODE_3GRAM,DROP30,B3_HARD_COMPONENT,0.0,0.3333333333333333,0.3333333333333333,0.3333333333333333,False,False
Q0143,3,OPCODE_3GRAM,DROP30,B4_SOFT_GRAPH,0.0,0.0,0.0,0.0,False,False
Q0143,3,OPCODE_3GRAM,BRIDGE,B1_INDEPENDENT,0.0,0.2,0.3333333333333333,0.25,False,False
Q0143,3,OPCODE_3GRAM,BRIDGE,B2_EXACT_GLOBAL,0.0,0.0,0.0,0.0,False,False
Q0143,3,OPCODE_3GRAM,BRIDGE,B3_HARD_COMPONENT,0.0,0.0,0.0,0.0,False,False
Q0143,3,OPCODE_3GRAM,BRIDGE,B4_SOFT_GRAPH,0.0,0.0,0.0,0.0,False,False
Q0143,3,OPCODE_3GRAM,DROP30_BRIDGE,B1_INDEPENDENT,0.0,0.2,0.3333333333333333,0.25,False,False
Q0143,3,OPCODE_3GRAM,DROP30_BRIDGE,B2_EXACT_GLOBAL,0.0,0.0,0.0,0.0,False,False
Q0143,3,OPCODE_3GRAM,DROP30_BRIDGE,B3_HARD_COMPONENT,0.0,0.0,0.0,0.0,False,False
Q0143,3,OPCODE_3GRAM,DROP30_BRIDGE,B4_SOFT_GRAPH,0.0,0.0,0.0,0.0,False,False
Q0143,3,OPCODE_STRUCT,CLEAN,B1_INDEPENDENT,0.0,0.16666666666666666,0.3333333333333333,0.2222222222222222,False,False
Q0143,3,OPCODE_STRUCT,CLEAN,B2_EXACT_GLOBAL,0.0,0.0,0.0,0.0,False,False
Q0143,3,OPCODE_STRUCT,CLEAN,B3_HARD_COMPONENT,0.0,0.0,0.0,0.0,False,False
Q0143,3,OPCODE_STRUCT,CLEAN,B4_SOFT_GRAPH,0.0,0.0,0.0,0.0,False,False
Q0143,3,OPCODE_STRUCT,DROP30,B1_INDEPENDENT,0.0,0.16666666666666666,0.3333333333333333,0.2222222222222222,False,False
Q0143,3,OPCODE_STRUCT,DROP30,B2_EXACT_GLOBAL,0.0,0.0,0.0,0.0,False,False
Q0143,3,OPCODE_STRUCT,DROP30,B3_HARD_COMPONENT,0.0,0.0,0.0,0.0,False,False
Q0143,3,OPCODE_STRUCT,DROP30,B4_SOFT_GRAPH,0.0,0.0,0.0,0.0,False,False
Q0143,3,OPCODE_STRUCT,BRIDGE,B1_INDEPENDENT,0.0,0.16666666666666666,0.3333333333333333,0.2222222222222222,False,False
Q0143,3,OPCODE_STRUCT,BRIDGE,B2_EXACT_GLOBAL,0.0,0.0,0.0,0.0,False,False
Q0143,3,OPCODE_STRUCT,BRIDGE,B3_HARD_COMPONENT,0.0,0.0,0.0,0.0,False,False
Q0143,3,OPCODE_STRUCT,BRIDGE,B4_SOFT_GRAPH,0.0,0.0,0.0,0.0,False,False
Q0143,3,OPCODE_STRUCT,DROP30_BRIDGE,B1_INDEPENDENT,0.0,0.16666666666666666,0.3333333333333333,0.2222222222222222,False,False
Q0143,3,OPCODE_STRUCT,DROP30_BRIDGE,B2_EXACT_GLOBAL,0.0,0.0,0.0,0.0,False,False
Q0143,3,OPCODE_STRUCT,DROP30_BRIDGE,B3_HARD_COMPONENT,0.0,0.0,0.0,0.0,False,False
Q0143,3,OPCODE_STRUCT,DROP30_BRIDGE,B4_SOFT_GRAPH,0.0,0.0,0.0,0.0,False,False
Q0143,3,OPCODE_CONTEXT,CLEAN,B1_INDEPENDENT,0.1111111111111111,0.2,0.3333333333333333,0.25,False,False
Q0143,3,OPCODE_CONTEXT,CLEAN,B2_EXACT_GLOBAL,0.1111111111111111,0.3333333333333333,0.3333333333333333,0.3333333333333333,False,False
Q0143,3,OPCODE_CONTEXT,CLEAN,B3_HARD_COMPONENT,0.0,0.0,0.0,0.0,False,False
Q0143,3,OPCODE_CONTEXT,CLEAN,B4_SOFT_GRAPH,0.1111111111111111,0.2,0.3333333333333333,0.25,False,False
Q0143,3,OPCODE_CONTEXT,DROP30,B1_INDEPENDENT,0.1111111111111111,0.2,0.3333333333333333,0.25,False,False
Q0143,3,OPCODE_CONTEXT,DROP30,B2_EXACT_GLOBAL,0.1111111111111111,0.3333333333333333,0.3333333333333333,0.3333333333333333,False,False
Q0143,3,OPCODE_CONTEXT,DROP30,B3_HARD_COMPONENT,0.1111111111111111,0.25,0.3333333333333333,0.28571428571428575,False,False
Q0143,3,OPCODE_CONTEXT,DROP30,B4_SOFT_GRAPH,0.1111111111111111,0.2,0.3333333333333333,0.25,False,False
Q0143,3,OPCODE_CONTEXT,BRIDGE,B1_INDEPENDENT,0.1111111111111111,0.2,0.3333333333333333,0.25,False,False
Q0143,3,OPCODE_CONTEXT,BRIDGE,B2_EXACT_GLOBAL,0.1111111111111111,0.3333333333333333,0.3333333333333333,0.3333333333333333,False,False
Q0143,3,OPCODE_CONTEXT,BRIDGE,B3_HARD_COMPONENT,0.0,0.0,0.0,0.0,False,False
Q0143,3,OPCODE_CONTEXT,BRIDGE,B4_SOFT_GRAPH,0.1111111111111111,0.2,0.3333333333333333,0.25,False,False
Q0143,3,OPCODE_CONTEXT,DROP30_BRIDGE,B1_INDEPENDENT,0.1111111111111111,0.2,0.3333333333333333,0.25,False,False
Q0143,3,OPCODE_CONTEXT,DROP30_BRIDGE,B2_EXACT_GLOBAL,0.1111111111111111,0.3333333333333333,0.3333333333333333,0.3333333333333333,False,False
Q0143,3,OPCODE_CONTEXT,DROP30_BRIDGE,B3_HARD_COMPONENT,0.0,0.0,0.0,0.0,False,False
Q0143,3,OPCODE_CONTEXT,DROP30_BRIDGE,B4_SOFT_GRAPH,0.1111111111111111,0.2,0.3333333333333333,0.25,False,False
Q0155,3,OPCODE_3GRAM,CLEAN,B1_INDEPENDENT,0.0,0.16666666666666666,0.3333333333333333,0.2222222222222222,False,False
Q0155,3,OPCODE_3GRAM,CLEAN,B2_EXACT_GLOBAL,0.0,0.0,0.0,0.0,False,False
Q0155,3,OPCODE_3GRAM,CLEAN,B3_HARD_COMPONENT,0.0,0.0,0.0,0.0,False,False
Q0155,3,OPCODE_3GRAM,CLEAN,B4_SOFT_GRAPH,0.0,0.0,0.0,0.0,False,False
Q0155,3,OPCODE_3GRAM,DROP30,B1_INDEPENDENT,0.0,0.16666666666666666,0.3333333333333333,0.2222222222222222,False,False
Q0155,3,OPCODE_3GRAM,DROP30,B2_EXACT_GLOBAL,0.0,0.0,0.0,0.0,False,False
Q0155,3,OPCODE_3GRAM,DROP30,B3_HARD_COMPONENT,0.0,0.0,0.0,0.0,False,False
Q0155,3,OPCODE_3GRAM,DROP30,B4_SOFT_GRAPH,0.0,0.0,0.0,0.0,False,False
Q0155,3,OPCODE_3GRAM,BRIDGE,B1_INDEPENDENT,0.0,0.16666666666666666,0.3333333333333333,0.2222222222222222,False,False
Q0155,3,OPCODE_3GRAM,BRIDGE,B2_EXACT_GLOBAL,0.0,0.0,0.0,0.0,False,False
Q0155,3,OPCODE_3GRAM,BRIDGE,B3_HARD_COMPONENT,0.0,0.0,0.0,0.0,False,False
Q0155,3,OPCODE_3GRAM,BRIDGE,B4_SOFT_GRAPH,0.0,0.0,0.0,0.0,False,False
Q0155,3,OPCODE_3GRAM,DROP30_BRIDGE,B1_INDEPENDENT,0.0,0.16666666666666666,0.3333333333333333,0.2222222222222222,False,False
Q0155,3,OPCODE_3GRAM,DROP30_BRIDGE,B2_EXACT_GLOBAL,0.0,0.0,0.0,0.0,False,False
Q0155,3,OPCODE_3GRAM,DROP30_BRIDGE,B3_HARD_COMPONENT,0.0,0.0,0.0,0.0,False,False
Q0155,3,OPCODE_3GRAM,DROP30_BRIDGE,B4_SOFT_GRAPH,0.0,0.0,0.0,0.0,False,False
Q0155,3,OPCODE_STRUCT,CLEAN,B1_INDEPENDENT,0.1111111111111111,0.16666666666666666,0.3333333333333333,0.2222222222222222,False,False
Q0155,3,OPCODE_STRUCT,CLEAN,B2_EXACT_GLOBAL,0.1111111111111111,0.3333333333333333,0.3333333333333333,0.3333333333333333,False,False
Q0155,3,OPCODE_STRUCT,CLEAN,B3_HARD_COMPONENT,0.0,0.3333333333333333,0.3333333333333333,0.3333333333333333,False,False
Q0155,3,OPCODE_STRUCT,CLEAN,B4_SOFT_GRAPH,0.3333333333333333,0.5,0.3333333333333333,0.4,False,False
Q0155,3,OPCODE_STRUCT,DROP30,B1_INDEPENDENT,0.1111111111111111,0.16666666666666666,0.3333333333333333,0.2222222222222222,False,False
Q0155,3,OPCODE_STRUCT,DROP30,B2_EXACT_GLOBAL,0.1111111111111111,0.3333333333333333,0.3333333333333333,0.3333333333333333,False,False
Q0155,3,OPCODE_STRUCT,DROP30,B3_HARD_COMPONENT,0.0,0.25,0.3333333333333333,0.28571428571428575,False,False
Q0155,3,OPCODE_STRUCT,DROP30,B4_SOFT_GRAPH,0.0,0.2,0.3333333333333333,0.25,False,False
Q0155,3,OPCODE_STRUCT,BRIDGE,B1_INDEPENDENT,0.1111111111111111,0.16666666666666666,0.3333333333333333,0.2222222222222222,False,False
Q0155,3,OPCODE_STRUCT,BRIDGE,B2_EXACT_GLOBAL,0.1111111111111111,0.3333333333333333,0.3333333333333333,0.3333333333333333,False,False
Q0155,3,OPCODE_STRUCT,BRIDGE,B3_HARD_COMPONENT,0.3333333333333333,1.0,0.3333333333333333,0.5,False,False
Q0155,3,OPCODE_STRUCT,BRIDGE,B4_SOFT_GRAPH,0.3333333333333333,1.0,0.3333333333333333,0.5,False,False
Q0155,3,OPCODE_STRUCT,DROP30_BRIDGE,B1_INDEPENDENT,0.1111111111111111,0.16666666666666666,0.3333333333333333,0.2222222222222222,False,False
Q0155,3,OPCODE_STRUCT,DROP30_BRIDGE,B2_EXACT_GLOBAL,0.1111111111111111,0.3333333333333333,0.3333333333333333,0.3333333333333333,False,False
Q0155,3,OPCODE_STRUCT,DROP30_BRIDGE,B3_HARD_COMPONENT,0.0,0.3333333333333333,0.3333333333333333,0.3333333333333333,False,False
Q0155,3,OPCODE_STRUCT,DROP30_BRIDGE,B4_SOFT_GRAPH,0.1111111111111111,0.3333333333333333,0.3333333333333333,0.3333333333333333,False,False
Q0155,3,OPCODE_CONTEXT,CLEAN,B1_INDEPENDENT,0.1111111111111111,0.2,0.3333333333333333,0.25,False,False
Q0155,3,OPCODE_CONTEXT,CLEAN,B2_EXACT_GLOBAL,0.2222222222222222,0.3333333333333333,0.3333333333333333,0.3333333333333333,False,False
Q0155,3,OPCODE_CONTEXT,CLEAN,B3_HARD_COMPONENT,0.3333333333333333,0.5,0.3333333333333333,0.4,False,False
Q0155,3,OPCODE_CONTEXT,CLEAN,B4_SOFT_GRAPH,0.2222222222222222,0.25,0.3333333333333333,0.28571428571428575,False,False
Q0155,3,OPCODE_CONTEXT,DROP30,B1_INDEPENDENT,0.1111111111111111,0.2,0.3333333333333333,0.25,False,False
Q0155,3,OPCODE_CONTEXT,DROP30,B2_EXACT_GLOBAL,0.2222222222222222,0.3333333333333333,0.3333333333333333,0.3333333333333333,False,False
Q0155,3,OPCODE_CONTEXT,DROP30,B3_HARD_COMPONENT,0.3333333333333333,0.3333333333333333,0.3333333333333333,0.3333333333333333,False,False
Q0155,3,OPCODE_CONTEXT,DROP30,B4_SOFT_GRAPH,0.2222222222222222,0.25,0.3333333333333333,0.28571428571428575,False,False
Q0155,3,OPCODE_CONTEXT,BRIDGE,B1_INDEPENDENT,0.1111111111111111,0.2,0.3333333333333333,0.25,False,False
Q0155,3,OPCODE_CONTEXT,BRIDGE,B2_EXACT_GLOBAL,0.2222222222222222,0.3333333333333333,0.3333333333333333,0.3333333333333333,False,False
Q0155,3,OPCODE_CONTEXT,BRIDGE,B3_HARD_COMPONENT,0.0,0.0,0.0,0.0,False,False
Q0155,3,OPCODE_CONTEXT,BRIDGE,B4_SOFT_GRAPH,0.2222222222222222,0.25,0.3333333333333333,0.28571428571428575,False,False
Q0155,3,OPCODE_CONTEXT,DROP30_BRIDGE,B1_INDEPENDENT,0.1111111111111111,0.2,0.3333333333333333,0.25,False,False
Q0155,3,OPCODE_CONTEXT,DROP30_BRIDGE,B2_EXACT_GLOBAL,0.2222222222222222,0.3333333333333333,0.3333333333333333,0.3333333333333333,False,False
Q0155,3,OPCODE_CONTEXT,DROP30_BRIDGE,B3_HARD_COMPONENT,0.2222222222222222,0.3333333333333333,0.3333333333333333,0.3333333333333333,False,False
Q0155,3,OPCODE_CONTEXT,DROP30_BRIDGE,B4_SOFT_GRAPH,0.2222222222222222,0.25,0.3333333333333333,0.28571428571428575,False,False
Q0138,3,OPCODE_3GRAM,CLEAN,B1_INDEPENDENT,0.2222222222222222,0.2857142857142857,0.6666666666666666,0.4,False,False
Q0138,3,OPCODE_3GRAM,CLEAN,B2_EXACT_GLOBAL,0.3333333333333333,0.3333333333333333,0.3333333333333333,0.3333333333333333,False,False
Q0138,3,OPCODE_3GRAM,CLEAN,B3_HARD_COMPONENT,0.3333333333333333,0.5,0.3333333333333333,0.4,False,False
Q0138,3,OPCODE_3GRAM,CLEAN,B4_SOFT_GRAPH,0.3333333333333333,1.0,0.3333333333333333,0.5,False,False
Q0138,3,OPCODE_3GRAM,DROP30,B1_INDEPENDENT,0.2222222222222222,0.2857142857142857,0.6666666666666666,0.4,False,False
Q0138,3,OPCODE_3GRAM,DROP30,B2_EXACT_GLOBAL,0.3333333333333333,0.3333333333333333,0.3333333333333333,0.3333333333333333,False,False
Q0138,3,OPCODE_3GRAM,DROP30,B3_HARD_COMPONENT,0.2222222222222222,0.3333333333333333,0.3333333333333333,0.3333333333333333,False,False
Q0138,3,OPCODE_3GRAM,DROP30,B4_SOFT_GRAPH,0.1111111111111111,0.25,0.3333333333333333,0.28571428571428575,False,False
Q0138,3,OPCODE_3GRAM,BRIDGE,B1_INDEPENDENT,0.2222222222222222,0.2857142857142857,0.6666666666666666,0.4,False,False
Q0138,3,OPCODE_3GRAM,BRIDGE,B2_EXACT_GLOBAL,0.3333333333333333,0.3333333333333333,0.3333333333333333,0.3333333333333333,False,False
Q0138,3,OPCODE_3GRAM,BRIDGE,B3_HARD_COMPONENT,0.3333333333333333,1.0,0.3333333333333333,0.5,False,False
Q0138,3,OPCODE_3GRAM,BRIDGE,B4_SOFT_GRAPH,0.3333333333333333,1.0,0.3333333333333333,0.5,False,False
Q0138,3,OPCODE_3GRAM,DROP30_BRIDGE,B1_INDEPENDENT,0.2222222222222222,0.2857142857142857,0.6666666666666666,0.4,False,False
Q0138,3,OPCODE_3GRAM,DROP30_BRIDGE,B2_EXACT_GLOBAL,0.3333333333333333,0.3333333333333333,0.3333333333333333,0.3333333333333333,False,False
Q0138,3,OPCODE_3GRAM,DROP30_BRIDGE,B3_HARD_COMPONENT,0.3333333333333333,0.3333333333333333,0.3333333333333333,0.3333333333333333,False,False
Q0138,3,OPCODE_3GRAM,DROP30_BRIDGE,B4_SOFT_GRAPH,0.3333333333333333,0.5,0.3333333333333333,0.4,False,False
Q0138,3,OPCODE_STRUCT,CLEAN,B1_INDEPENDENT,0.2222222222222222,0.3333333333333333,0.6666666666666666,0.4444444444444444,False,False
Q0138,3,OPCODE_STRUCT,CLEAN,B2_EXACT_GLOBAL,0.1111111111111111,0.3333333333333333,0.3333333333333333,0.3333333333333333,False,False
Q0138,3,OPCODE_STRUCT,CLEAN,B3_HARD_COMPONENT,0.3333333333333333,0.3333333333333333,0.3333333333333333,0.3333333333333333,False,False
Q0138,3,OPCODE_STRUCT,CLEAN,B4_SOFT_GRAPH,0.1111111111111111,0.5,0.3333333333333333,0.4,False,False
Q0138,3,OPCODE_STRUCT,DROP30,B1_INDEPENDENT,0.2222222222222222,0.3333333333333333,0.6666666666666666,0.4444444444444444,False,False
Q0138,3,OPCODE_STRUCT,DROP30,B2_EXACT_GLOBAL,0.1111111111111111,0.3333333333333333,0.3333333333333333,0.3333333333333333,False,False
Q0138,3,OPCODE_STRUCT,DROP30,B3_HARD_COMPONENT,0.2222222222222222,0.3333333333333333,0.3333333333333333,0.3333333333333333,False,False
Q0138,3,OPCODE_STRUCT,DROP30,B4_SOFT_GRAPH,0.1111111111111111,0.3333333333333333,0.3333333333333333,0.3333333333333333,False,False
Q0138,3,OPCODE_STRUCT,BRIDGE,B1_INDEPENDENT,0.2222222222222222,0.3333333333333333,0.6666666666666666,0.4444444444444444,False,False
Q0138,3,OPCODE_STRUCT,BRIDGE,B2_EXACT_GLOBAL,0.1111111111111111,0.3333333333333333,0.3333333333333333,0.3333333333333333,False,False
Q0138,3,OPCODE_STRUCT,BRIDGE,B3_HARD_COMPONENT,0.0,0.0,0.0,0.0,False,False
Q0138,3,OPCODE_STRUCT,BRIDGE,B4_SOFT_GRAPH,0.1111111111111111,0.5,0.3333333333333333,0.4,False,False
Q0138,3,OPCODE_STRUCT,DROP30_BRIDGE,B1_INDEPENDENT,0.2222222222222222,0.3333333333333333,0.6666666666666666,0.4444444444444444,False,False
Q0138,3,OPCODE_STRUCT,DROP30_BRIDGE,B2_EXACT_GLOBAL,0.1111111111111111,0.3333333333333333,0.3333333333333333,0.3333333333333333,False,False
Q0138,3,OPCODE_STRUCT,DROP30_BRIDGE,B3_HARD_COMPONENT,0.3333333333333333,0.5,0.3333333333333333,0.4,False,False
Q0138,3,OPCODE_STRUCT,DROP30_BRIDGE,B4_SOFT_GRAPH,0.1111111111111111,0.25,0.3333333333333333,0.28571428571428575,False,False
Q0138,3,OPCODE_CONTEXT,CLEAN,B1_INDEPENDENT,0.3333333333333333,0.4,0.6666666666666666,0.5,False,False
Q0138,3,OPCODE_CONTEXT,CLEAN,B2_EXACT_GLOBAL,0.3333333333333333,0.6666666666666666,0.6666666666666666,0.6666666666666666,False,False
Q0138,3,OPCODE_CONTEXT,CLEAN,B3_HARD_COMPONENT,0.3333333333333333,0.6666666666666666,0.6666666666666666,0.6666666666666666,False,False
Q0138,3,OPCODE_CONTEXT,CLEAN,B4_SOFT_GRAPH,0.3333333333333333,0.5,0.6666666666666666,0.5714285714285715,False,False
Q0138,3,OPCODE_CONTEXT,DROP30,B1_INDEPENDENT,0.3333333333333333,0.4,0.6666666666666666,0.5,False,False
Q0138,3,OPCODE_CONTEXT,DROP30,B2_EXACT_GLOBAL,0.3333333333333333,0.6666666666666666,0.6666666666666666,0.6666666666666666,False,False
Q0138,3,OPCODE_CONTEXT,DROP30,B3_HARD_COMPONENT,0.3333333333333333,0.5,0.6666666666666666,0.5714285714285715,False,False
Q0138,3,OPCODE_CONTEXT,DROP30,B4_SOFT_GRAPH,0.3333333333333333,0.5,0.6666666666666666,0.5714285714285715,False,False
Q0138,3,OPCODE_CONTEXT,BRIDGE,B1_INDEPENDENT,0.3333333333333333,0.4,0.6666666666666666,0.5,False,False
Q0138,3,OPCODE_CONTEXT,BRIDGE,B2_EXACT_GLOBAL,0.3333333333333333,0.6666666666666666,0.6666666666666666,0.6666666666666666,False,False
Q0138,3,OPCODE_CONTEXT,BRIDGE,B3_HARD_COMPONENT,0.3333333333333333,1.0,0.3333333333333333,0.5,False,False
Q0138,3,OPCODE_CONTEXT,BRIDGE,B4_SOFT_GRAPH,0.3333333333333333,0.5,0.6666666666666666,0.5714285714285715,False,False
Q0138,3,OPCODE_CONTEXT,DROP30_BRIDGE,B1_INDEPENDENT,0.3333333333333333,0.4,0.6666666666666666,0.5,False,False
Q0138,3,OPCODE_CONTEXT,DROP30_BRIDGE,B2_EXACT_GLOBAL,0.3333333333333333,0.6666666666666666,0.6666666666666666,0.6666666666666666,False,False
Q0138,3,OPCODE_CONTEXT,DROP30_BRIDGE,B3_HARD_COMPONENT,0.3333333333333333,0.6666666666666666,0.6666666666666666,0.6666666666666666,False,False
Q0138,3,OPCODE_CONTEXT,DROP30_BRIDGE,B4_SOFT_GRAPH,0.3333333333333333,0.5,0.6666666666666666,0.5714285714285715,False,False
Q0183,3,OPCODE_3GRAM,CLEAN,B1_INDEPENDENT,0.1111111111111111,0.25,0.3333333333333333,0.28571428571428575,False,False
Q0183,3,OPCODE_3GRAM,CLEAN,B2_EXACT_GLOBAL,0.2222222222222222,0.3333333333333333,0.3333333333333333,0.3333333333333333,False,False
Q0183,3,OPCODE_3GRAM,CLEAN,B3_HARD_COMPONENT,0.3333333333333333,0.3333333333333333,0.3333333333333333,0.3333333333333333,False,False
Q0183,3,OPCODE_3GRAM,CLEAN,B4_SOFT_GRAPH,0.1111111111111111,0.25,0.3333333333333333,0.28571428571428575,False,False
Q0183,3,OPCODE_3GRAM,DROP30,B1_INDEPENDENT,0.1111111111111111,0.25,0.3333333333333333,0.28571428571428575,False,False
Q0183,3,OPCODE_3GRAM,DROP30,B2_EXACT_GLOBAL,0.2222222222222222,0.3333333333333333,0.3333333333333333,0.3333333333333333,False,False
Q0183,3,OPCODE_3GRAM,DROP30,B3_HARD_COMPONENT,0.2222222222222222,0.3333333333333333,0.3333333333333333,0.3333333333333333,False,False
Q0183,3,OPCODE_3GRAM,DROP30,B4_SOFT_GRAPH,0.1111111111111111,0.25,0.3333333333333333,0.28571428571428575,False,False
Q0183,3,OPCODE_3GRAM,BRIDGE,B1_INDEPENDENT,0.1111111111111111,0.25,0.3333333333333333,0.28571428571428575,False,False
Q0183,3,OPCODE_3GRAM,BRIDGE,B2_EXACT_GLOBAL,0.2222222222222222,0.3333333333333333,0.3333333333333333,0.3333333333333333,False,False
Q0183,3,OPCODE_3GRAM,BRIDGE,B3_HARD_COMPONENT,0.0,0.0,0.0,0.0,False,False
Q0183,3,OPCODE_3GRAM,BRIDGE,B4_SOFT_GRAPH,0.1111111111111111,0.25,0.3333333333333333,0.28571428571428575,False,False
Q0183,3,OPCODE_3GRAM,DROP30_BRIDGE,B1_INDEPENDENT,0.1111111111111111,0.25,0.3333333333333333,0.28571428571428575,False,False
Q0183,3,OPCODE_3GRAM,DROP30_BRIDGE,B2_EXACT_GLOBAL,0.2222222222222222,0.3333333333333333,0.3333333333333333,0.3333333333333333,False,False
Q0183,3,OPCODE_3GRAM,DROP30_BRIDGE,B3_HARD_COMPONENT,0.3333333333333333,0.3333333333333333,0.3333333333333333,0.3333333333333333,False,False
Q0183,3,OPCODE_3GRAM,DROP30_BRIDGE,B4_SOFT_GRAPH,0.1111111111111111,0.25,0.3333333333333333,0.28571428571428575,False,False
Q0183,3,OPCODE_STRUCT,CLEAN,B1_INDEPENDENT,0.1111111111111111,0.16666666666666666,0.3333333333333333,0.2222222222222222,False,False
Q0183,3,OPCODE_STRUCT,CLEAN,B2_EXACT_GLOBAL,0.1111111111111111,0.3333333333333333,0.3333333333333333,0.3333333333333333,False,False
Q0183,3,OPCODE_STRUCT,CLEAN,B3_HARD_COMPONENT,0.3333333333333333,0.5,0.3333333333333333,0.4,False,False
Q0183,3,OPCODE_STRUCT,CLEAN,B4_SOFT_GRAPH,0.3333333333333333,1.0,0.3333333333333333,0.5,False,False
Q0183,3,OPCODE_STRUCT,DROP30,B1_INDEPENDENT,0.1111111111111111,0.16666666666666666,0.3333333333333333,0.2222222222222222,False,False
Q0183,3,OPCODE_STRUCT,DROP30,B2_EXACT_GLOBAL,0.1111111111111111,0.3333333333333333,0.3333333333333333,0.3333333333333333,False,False
Q0183,3,OPCODE_STRUCT,DROP30,B3_HARD_COMPONENT,0.2222222222222222,0.2,0.3333333333333333,0.25,False,False
Q0183,3,OPCODE_STRUCT,DROP30,B4_SOFT_GRAPH,0.2222222222222222,0.25,0.3333333333333333,0.28571428571428575,False,False
Q0183,3,OPCODE_STRUCT,BRIDGE,B1_INDEPENDENT,0.1111111111111111,0.16666666666666666,0.3333333333333333,0.2222222222222222,False,False
Q0183,3,OPCODE_STRUCT,BRIDGE,B2_EXACT_GLOBAL,0.1111111111111111,0.3333333333333333,0.3333333333333333,0.3333333333333333,False,False
Q0183,3,OPCODE_STRUCT,BRIDGE,B3_HARD_COMPONENT,0.3333333333333333,1.0,0.3333333333333333,0.5,False,False
Q0183,3,OPCODE_STRUCT,BRIDGE,B4_SOFT_GRAPH,0.3333333333333333,1.0,0.3333333333333333,0.5,False,False
Q0183,3,OPCODE_STRUCT,DROP30_BRIDGE,B1_INDEPENDENT,0.1111111111111111,0.16666666666666666,0.3333333333333333,0.2222222222222222,False,False
Q0183,3,OPCODE_STRUCT,DROP30_BRIDGE,B2_EXACT_GLOBAL,0.1111111111111111,0.3333333333333333,0.3333333333333333,0.3333333333333333,False,False
Q0183,3,OPCODE_STRUCT,DROP30_BRIDGE,B3_HARD_COMPONENT,0.3333333333333333,0.5,0.3333333333333333,0.4,False,False
Q0183,3,OPCODE_STRUCT,DROP30_BRIDGE,B4_SOFT_GRAPH,0.3333333333333333,0.5,0.3333333333333333,0.4,False,False
Q0183,3,OPCODE_CONTEXT,CLEAN,B1_INDEPENDENT,0.2222222222222222,0.16666666666666666,0.3333333333333333,0.2222222222222222,False,False
Q0183,3,OPCODE_CONTEXT,CLEAN,B2_EXACT_GLOBAL,0.3333333333333333,0.3333333333333333,0.3333333333333333,0.3333333333333333,False,False
Q0183,3,OPCODE_CONTEXT,CLEAN,B3_HARD_COMPONENT,0.3333333333333333,0.5,0.3333333333333333,0.4,False,False
Q0183,3,OPCODE_CONTEXT,CLEAN,B4_SOFT_GRAPH,0.2222222222222222,0.16666666666666666,0.3333333333333333,0.2222222222222222,False,False
Q0183,3,OPCODE_CONTEXT,DROP30,B1_INDEPENDENT,0.2222222222222222,0.16666666666666666,0.3333333333333333,0.2222222222222222,False,False
Q0183,3,OPCODE_CONTEXT,DROP30,B2_EXACT_GLOBAL,0.3333333333333333,0.3333333333333333,0.3333333333333333,0.3333333333333333,False,False
Q0183,3,OPCODE_CONTEXT,DROP30,B3_HARD_COMPONENT,0.3333333333333333,0.25,0.3333333333333333,0.28571428571428575,False,False
Q0183,3,OPCODE_CONTEXT,DROP30,B4_SOFT_GRAPH,0.2222222222222222,0.16666666666666666,0.3333333333333333,0.2222222222222222,False,False
Q0183,3,OPCODE_CONTEXT,BRIDGE,B1_INDEPENDENT,0.2222222222222222,0.16666666666666666,0.3333333333333333,0.2222222222222222,False,False
Q0183,3,OPCODE_CONTEXT,BRIDGE,B2_EXACT_GLOBAL,0.3333333333333333,0.3333333333333333,0.3333333333333333,0.3333333333333333,False,False
Q0183,3,OPCODE_CONTEXT,BRIDGE,B3_HARD_COMPONENT,0.3333333333333333,1.0,0.3333333333333333,0.5,False,False
Q0183,3,OPCODE_CONTEXT,BRIDGE,B4_SOFT_GRAPH,0.2222222222222222,0.16666666666666666,0.3333333333333333,0.2222222222222222,False,False
Q0183,3,OPCODE_CONTEXT,DROP30_BRIDGE,B1_INDEPENDENT,0.2222222222222222,0.16666666666666666,0.3333333333333333,0.2222222222222222,False,False
Q0183,3,OPCODE_CONTEXT,DROP30_BRIDGE,B2_EXACT_GLOBAL,0.3333333333333333,0.3333333333333333,0.3333333333333333,0.3333333333333333,False,False
Q0183,3,OPCODE_CONTEXT,DROP30_BRIDGE,B3_HARD_COMPONENT,0.3333333333333333,0.3333333333333333,0.3333333333333333,0.3333333333333333,False,False
Q0183,3,OPCODE_CONTEXT,DROP30_BRIDGE,B4_SOFT_GRAPH,0.2222222222222222,0.16666666666666666,0.3333333333333333,0.2222222222222222,False,False
Q0193,3,OPCODE_3GRAM,CLEAN,B1_INDEPENDENT,0.1111111111111111,0.2857142857142857,0.6666666666666666,0.4,False,False
Q0193,3,OPCODE_3GRAM,CLEAN,B2_EXACT_GLOBAL,0.2222222222222222,0.3333333333333333,0.3333333333333333,0.3333333333333333,False,False
Q0193,3,OPCODE_3GRAM,CLEAN,B3_HARD_COMPONENT,0.3333333333333333,0.5,0.3333333333333333,0.4,False,False
Q0193,3,OPCODE_3GRAM,CLEAN,B4_SOFT_GRAPH,0.3333333333333333,1.0,0.3333333333333333,0.5,False,False
Q0193,3,OPCODE_3GRAM,DROP30,B1_INDEPENDENT,0.1111111111111111,0.2857142857142857,0.6666666666666666,0.4,False,False
Q0193,3,OPCODE_3GRAM,DROP30,B2_EXACT_GLOBAL,0.2222222222222222,0.3333333333333333,0.3333333333333333,0.3333333333333333,False,False
Q0193,3,OPCODE_3GRAM,DROP30,B3_HARD_COMPONENT,0.3333333333333333,0.5,0.3333333333333333,0.4,False,False
Q0193,3,OPCODE_3GRAM,DROP30,B4_SOFT_GRAPH,0.3333333333333333,1.0,0.3333333333333333,0.5,False,False
Q0193,3,OPCODE_3GRAM,BRIDGE,B1_INDEPENDENT,0.1111111111111111,0.2857142857142857,0.6666666666666666,0.4,False,False
Q0193,3,OPCODE_3GRAM,BRIDGE,B2_EXACT_GLOBAL,0.2222222222222222,0.3333333333333333,0.3333333333333333,0.3333333333333333,False,False
Q0193,3,OPCODE_3GRAM,BRIDGE,B3_HARD_COMPONENT,0.3333333333333333,1.0,0.3333333333333333,0.5,False,False
Q0193,3,OPCODE_3GRAM,BRIDGE,B4_SOFT_GRAPH,0.3333333333333333,1.0,0.3333333333333333,0.5,False,False
Q0193,3,OPCODE_3GRAM,DROP30_BRIDGE,B1_INDEPENDENT,0.1111111111111111,0.2857142857142857,0.6666666666666666,0.4,False,False
Q0193,3,OPCODE_3GRAM,DROP30_BRIDGE,B2_EXACT_GLOBAL,0.2222222222222222,0.3333333333333333,0.3333333333333333,0.3333333333333333,False,False
Q0193,3,OPCODE_3GRAM,DROP30_BRIDGE,B3_HARD_COMPONENT,0.3333333333333333,0.5,0.3333333333333333,0.4,False,False
Q0193,3,OPCODE_3GRAM,DROP30_BRIDGE,B4_SOFT_GRAPH,0.3333333333333333,1.0,0.3333333333333333,0.5,False,False
Q0193,3,OPCODE_STRUCT,CLEAN,B1_INDEPENDENT,0.1111111111111111,0.16666666666666666,0.3333333333333333,0.2222222222222222,False,False
Q0193,3,OPCODE_STRUCT,CLEAN,B2_EXACT_GLOBAL,0.1111111111111111,0.3333333333333333,0.3333333333333333,0.3333333333333333,False,False
Q0193,3,OPCODE_STRUCT,CLEAN,B3_HARD_COMPONENT,0.3333333333333333,0.3333333333333333,0.3333333333333333,0.3333333333333333,False,False
Q0193,3,OPCODE_STRUCT,CLEAN,B4_SOFT_GRAPH,0.1111111111111111,0.3333333333333333,0.3333333333333333,0.3333333333333333,False,False
Q0193,3,OPCODE_STRUCT,DROP30,B1_INDEPENDENT,0.1111111111111111,0.16666666666666666,0.3333333333333333,0.2222222222222222,False,False
Q0193,3,OPCODE_STRUCT,DROP30,B2_EXACT_GLOBAL,0.1111111111111111,0.3333333333333333,0.3333333333333333,0.3333333333333333,False,False
Q0193,3,OPCODE_STRUCT,DROP30,B3_HARD_COMPONENT,0.1111111111111111,0.2,0.3333333333333333,0.25,False,False
Q0193,3,OPCODE_STRUCT,DROP30,B4_SOFT_GRAPH,0.1111111111111111,0.25,0.3333333333333333,0.28571428571428575,False,False
Q0193,3,OPCODE_STRUCT,BRIDGE,B1_INDEPENDENT,0.1111111111111111,0.16666666666666666,0.3333333333333333,0.2222222222222222,False,False
Q0193,3,OPCODE_STRUCT,BRIDGE,B2_EXACT_GLOBAL,0.1111111111111111,0.3333333333333333,0.3333333333333333,0.3333333333333333,False,False
Q0193,3,OPCODE_STRUCT,BRIDGE,B3_HARD_COMPONENT,0.3333333333333333,1.0,0.3333333333333333,0.5,False,False
Q0193,3,OPCODE_STRUCT,BRIDGE,B4_SOFT_GRAPH,0.0,0.0,0.0,0.0,False,False
Q0193,3,OPCODE_STRUCT,DROP30_BRIDGE,B1_INDEPENDENT,0.1111111111111111,0.16666666666666666,0.3333333333333333,0.2222222222222222,False,False
Q0193,3,OPCODE_STRUCT,DROP30_BRIDGE,B2_EXACT_GLOBAL,0.1111111111111111,0.3333333333333333,0.3333333333333333,0.3333333333333333,False,False
Q0193,3,OPCODE_STRUCT,DROP30_BRIDGE,B3_HARD_COMPONENT,0.1111111111111111,0.3333333333333333,0.3333333333333333,0.3333333333333333,False,False
Q0193,3,OPCODE_STRUCT,DROP30_BRIDGE,B4_SOFT_GRAPH,0.1111111111111111,0.3333333333333333,0.3333333333333333,0.3333333333333333,False,False
Q0193,3,OPCODE_CONTEXT,CLEAN,B1_INDEPENDENT,0.1111111111111111,0.2,0.3333333333333333,0.25,False,False
Q0193,3,OPCODE_CONTEXT,CLEAN,B2_EXACT_GLOBAL,0.1111111111111111,0.3333333333333333,0.3333333333333333,0.3333333333333333,False,False
Q0193,3,OPCODE_CONTEXT,CLEAN,B3_HARD_COMPONENT,0.0,0.3333333333333333,0.3333333333333333,0.3333333333333333,False,False
Q0193,3,OPCODE_CONTEXT,CLEAN,B4_SOFT_GRAPH,0.2222222222222222,0.3333333333333333,0.6666666666666666,0.4444444444444444,False,False
Q0193,3,OPCODE_CONTEXT,DROP30,B1_INDEPENDENT,0.1111111111111111,0.2,0.3333333333333333,0.25,False,False
Q0193,3,OPCODE_CONTEXT,DROP30,B2_EXACT_GLOBAL,0.1111111111111111,0.3333333333333333,0.3333333333333333,0.3333333333333333,False,False
Q0193,3,OPCODE_CONTEXT,DROP30,B3_HARD_COMPONENT,0.2222222222222222,0.25,0.3333333333333333,0.28571428571428575,False,False
Q0193,3,OPCODE_CONTEXT,DROP30,B4_SOFT_GRAPH,0.2222222222222222,0.3333333333333333,0.6666666666666666,0.4444444444444444,False,False
Q0193,3,OPCODE_CONTEXT,BRIDGE,B1_INDEPENDENT,0.1111111111111111,0.2,0.3333333333333333,0.25,False,False
Q0193,3,OPCODE_CONTEXT,BRIDGE,B2_EXACT_GLOBAL,0.1111111111111111,0.3333333333333333,0.3333333333333333,0.3333333333333333,False,False
Q0193,3,OPCODE_CONTEXT,BRIDGE,B3_HARD_COMPONENT,0.3333333333333333,1.0,0.3333333333333333,0.5,False,False
Q0193,3,OPCODE_CONTEXT,BRIDGE,B4_SOFT_GRAPH,0.2222222222222222,0.3333333333333333,0.6666666666666666,0.4444444444444444,False,False
Q0193,3,OPCODE_CONTEXT,DROP30_BRIDGE,B1_INDEPENDENT,0.1111111111111111,0.2,0.3333333333333333,0.25,False,False
Q0193,3,OPCODE_CONTEXT,DROP30_BRIDGE,B2_EXACT_GLOBAL,0.1111111111111111,0.3333333333333333,0.3333333333333333,0.3333333333333333,False,False
Q0193,3,OPCODE_CONTEXT,DROP30_BRIDGE,B3_HARD_COMPONENT,0.0,0.3333333333333333,0.3333333333333333,0.3333333333333333,False,False
Q0193,3,OPCODE_CONTEXT,DROP30_BRIDGE,B4_SOFT_GRAPH,0.2222222222222222,0.3333333333333333,0.6666666666666666,0.4444444444444444,False,False
Q0154,3,OPCODE_3GRAM,CLEAN,B1_INDEPENDENT,0.2222222222222222,0.4,0.6666666666666666,0.5,False,False
Q0154,3,OPCODE_3GRAM,CLEAN,B2_EXACT_GLOBAL,0.2222222222222222,0.3333333333333333,0.3333333333333333,0.3333333333333333,False,False
Q0154,3,OPCODE_3GRAM,CLEAN,B3_HARD_COMPONENT,0.3333333333333333,0.5,0.3333333333333333,0.4,False,False
Q0154,3,OPCODE_3GRAM,CLEAN,B4_SOFT_GRAPH,0.3333333333333333,1.0,0.3333333333333333,0.5,False,False
Q0154,3,OPCODE_3GRAM,DROP30,B1_INDEPENDENT,0.2222222222222222,0.4,0.6666666666666666,0.5,False,False
Q0154,3,OPCODE_3GRAM,DROP30,B2_EXACT_GLOBAL,0.2222222222222222,0.3333333333333333,0.3333333333333333,0.3333333333333333,False,False
Q0154,3,OPCODE_3GRAM,DROP30,B3_HARD_COMPONENT,0.3333333333333333,0.3333333333333333,0.3333333333333333,0.3333333333333333,False,False
Q0154,3,OPCODE_3GRAM,DROP30,B4_SOFT_GRAPH,0.1111111111111111,0.3333333333333333,0.3333333333333333,0.3333333333333333,False,False
Q0154,3,OPCODE_3GRAM,BRIDGE,B1_INDEPENDENT,0.2222222222222222,0.4,0.6666666666666666,0.5,False,False
Q0154,3,OPCODE_3GRAM,BRIDGE,B2_EXACT_GLOBAL,0.2222222222222222,0.3333333333333333,0.3333333333333333,0.3333333333333333,False,False
Q0154,3,OPCODE_3GRAM,BRIDGE,B3_HARD_COMPONENT,0.3333333333333333,1.0,0.3333333333333333,0.5,False,False
Q0154,3,OPCODE_3GRAM,BRIDGE,B4_SOFT_GRAPH,0.3333333333333333,1.0,0.3333333333333333,0.5,False,False
Q0154,3,OPCODE_3GRAM,DROP30_BRIDGE,B1_INDEPENDENT,0.2222222222222222,0.4,0.6666666666666666,0.5,False,False
Q0154,3,OPCODE_3GRAM,DROP30_BRIDGE,B2_EXACT_GLOBAL,0.2222222222222222,0.3333333333333333,0.3333333333333333,0.3333333333333333,False,False
Q0154,3,OPCODE_3GRAM,DROP30_BRIDGE,B3_HARD_COMPONENT,0.3333333333333333,1.0,0.3333333333333333,0.5,False,False
Q0154,3,OPCODE_3GRAM,DROP30_BRIDGE,B4_SOFT_GRAPH,0.3333333333333333,1.0,0.3333333333333333,0.5,False,False
Q0154,3,OPCODE_STRUCT,CLEAN,B1_INDEPENDENT,0.2222222222222222,0.25,0.6666666666666666,0.36363636363636365,False,False
Q0154,3,OPCODE_STRUCT,CLEAN,B2_EXACT_GLOBAL,0.1111111111111111,0.3333333333333333,0.3333333333333333,0.3333333333333333,False,False
Q0154,3,OPCODE_STRUCT,CLEAN,B3_HARD_COMPONENT,0.3333333333333333,0.3333333333333333,0.3333333333333333,0.3333333333333333,False,False
Q0154,3,OPCODE_STRUCT,CLEAN,B4_SOFT_GRAPH,0.1111111111111111,0.6666666666666666,0.6666666666666666,0.6666666666666666,False,False
Q0154,3,OPCODE_STRUCT,DROP30,B1_INDEPENDENT,0.2222222222222222,0.25,0.6666666666666666,0.36363636363636365,False,False
Q0154,3,OPCODE_STRUCT,DROP30,B2_EXACT_GLOBAL,0.1111111111111111,0.3333333333333333,0.3333333333333333,0.3333333333333333,False,False
Q0154,3,OPCODE_STRUCT,DROP30,B3_HARD_COMPONENT,0.1111111111111111,0.2,0.3333333333333333,0.25,False,False
Q0154,3,OPCODE_STRUCT,DROP30,B4_SOFT_GRAPH,0.1111111111111111,0.3333333333333333,0.3333333333333333,0.3333333333333333,False,False
Q0154,3,OPCODE_STRUCT,BRIDGE,B1_INDEPENDENT,0.2222222222222222,0.25,0.6666666666666666,0.36363636363636365,False,False
Q0154,3,OPCODE_STRUCT,BRIDGE,B2_EXACT_GLOBAL,0.1111111111111111,0.3333333333333333,0.3333333333333333,0.3333333333333333,False,False
Q0154,3,OPCODE_STRUCT,BRIDGE,B3_HARD_COMPONENT,0.0,0.0,0.0,0.0,False,False
Q0154,3,OPCODE_STRUCT,BRIDGE,B4_SOFT_GRAPH,0.1111111111111111,0.3333333333333333,0.3333333333333333,0.3333333333333333,False,False
Q0154,3,OPCODE_STRUCT,DROP30_BRIDGE,B1_INDEPENDENT,0.2222222222222222,0.25,0.6666666666666666,0.36363636363636365,False,False
Q0154,3,OPCODE_STRUCT,DROP30_BRIDGE,B2_EXACT_GLOBAL,0.1111111111111111,0.3333333333333333,0.3333333333333333,0.3333333333333333,False,False
Q0154,3,OPCODE_STRUCT,DROP30_BRIDGE,B3_HARD_COMPONENT,0.0,0.0,0.0,0.0,False,False
Q0154,3,OPCODE_STRUCT,DROP30_BRIDGE,B4_SOFT_GRAPH,0.1111111111111111,0.25,0.3333333333333333,0.28571428571428575,False,False
Q0154,3,OPCODE_CONTEXT,CLEAN,B1_INDEPENDENT,0.3333333333333333,0.4,0.6666666666666666,0.5,False,False
Q0154,3,OPCODE_CONTEXT,CLEAN,B2_EXACT_GLOBAL,0.2222222222222222,0.3333333333333333,0.3333333333333333,0.3333333333333333,False,False
Q0154,3,OPCODE_CONTEXT,CLEAN,B3_HARD_COMPONENT,0.0,0.0,0.0,0.0,False,False
Q0154,3,OPCODE_CONTEXT,CLEAN,B4_SOFT_GRAPH,0.3333333333333333,0.4,0.6666666666666666,0.5,False,False
Q0154,3,OPCODE_CONTEXT,DROP30,B1_INDEPENDENT,0.3333333333333333,0.4,0.6666666666666666,0.5,False,False
Q0154,3,OPCODE_CONTEXT,DROP30,B2_EXACT_GLOBAL,0.2222222222222222,0.3333333333333333,0.3333333333333333,0.3333333333333333,False,False
Q0154,3,OPCODE_CONTEXT,DROP30,B3_HARD_COMPONENT,0.4444444444444444,0.4,0.6666666666666666,0.5,False,False
Q0154,3,OPCODE_CONTEXT,DROP30,B4_SOFT_GRAPH,0.3333333333333333,0.4,0.6666666666666666,0.5,False,False
Q0154,3,OPCODE_CONTEXT,BRIDGE,B1_INDEPENDENT,0.3333333333333333,0.4,0.6666666666666666,0.5,False,False
Q0154,3,OPCODE_CONTEXT,BRIDGE,B2_EXACT_GLOBAL,0.2222222222222222,0.3333333333333333,0.3333333333333333,0.3333333333333333,False,False
Q0154,3,OPCODE_CONTEXT,BRIDGE,B3_HARD_COMPONENT,0.0,0.0,0.0,0.0,False,False
Q0154,3,OPCODE_CONTEXT,BRIDGE,B4_SOFT_GRAPH,0.3333333333333333,0.4,0.6666666666666666,0.5,False,False
Q0154,3,OPCODE_CONTEXT,DROP30_BRIDGE,B1_INDEPENDENT,0.3333333333333333,0.4,0.6666666666666666,0.5,False,False
Q0154,3,OPCODE_CONTEXT,DROP30_BRIDGE,B2_EXACT_GLOBAL,0.2222222222222222,0.3333333333333333,0.3333333333333333,0.3333333333333333,False,False
Q0154,3,OPCODE_CONTEXT,DROP30_BRIDGE,B3_HARD_COMPONENT,0.0,0.0,0.0,0.0,False,False
Q0154,3,OPCODE_CONTEXT,DROP30_BRIDGE,B4_SOFT_GRAPH,0.3333333333333333,0.4,0.6666666666666666,0.5,False,False
Q0184,3,OPCODE_3GRAM,CLEAN,B1_INDEPENDENT,0.1111111111111111,0.25,0.3333333333333333,0.28571428571428575,False,False
Q0184,3,OPCODE_3GRAM,CLEAN,B2_EXACT_GLOBAL,0.0,0.0,0.0,0.0,False,False
Q0184,3,OPCODE_3GRAM,CLEAN,B3_HARD_COMPONENT,0.0,0.3333333333333333,0.3333333333333333,0.3333333333333333,False,False
Q0184,3,OPCODE_3GRAM,CLEAN,B4_SOFT_GRAPH,0.0,0.3333333333333333,0.3333333333333333,0.3333333333333333,False,False
Q0184,3,OPCODE_3GRAM,DROP30,B1_INDEPENDENT,0.1111111111111111,0.25,0.3333333333333333,0.28571428571428575,False,False
Q0184,3,OPCODE_3GRAM,DROP30,B2_EXACT_GLOBAL,0.0,0.0,0.0,0.0,False,False
Q0184,3,OPCODE_3GRAM,DROP30,B3_HARD_COMPONENT,0.1111111111111111,0.3333333333333333,0.3333333333333333,0.3333333333333333,False,False
Q0184,3,OPCODE_3GRAM,DROP30,B4_SOFT_GRAPH,0.1111111111111111,0.3333333333333333,0.3333333333333333,0.3333333333333333,False,False
Q0184,3,OPCODE_3GRAM,BRIDGE,B1_INDEPENDENT,0.1111111111111111,0.25,0.3333333333333333,0.28571428571428575,False,False
Q0184,3,OPCODE_3GRAM,BRIDGE,B2_EXACT_GLOBAL,0.0,0.0,0.0,0.0,False,False
Q0184,3,OPCODE_3GRAM,BRIDGE,B3_HARD_COMPONENT,0.0,0.0,0.0,0.0,False,False
Q0184,3,OPCODE_3GRAM,BRIDGE,B4_SOFT_GRAPH,0.0,0.0,0.0,0.0,False,False
Q0184,3,OPCODE_3GRAM,DROP30_BRIDGE,B1_INDEPENDENT,0.1111111111111111,0.25,0.3333333333333333,0.28571428571428575,False,False
Q0184,3,OPCODE_3GRAM,DROP30_BRIDGE,B2_EXACT_GLOBAL,0.0,0.0,0.0,0.0,False,False
Q0184,3,OPCODE_3GRAM,DROP30_BRIDGE,B3_HARD_COMPONENT,0.0,0.25,0.3333333333333333,0.28571428571428575,False,False
Q0184,3,OPCODE_3GRAM,DROP30_BRIDGE,B4_SOFT_GRAPH,0.0,0.25,0.3333333333333333,0.28571428571428575,False,False
Q0184,3,OPCODE_STRUCT,CLEAN,B1_INDEPENDENT,0.1111111111111111,0.14285714285714285,0.3333333333333333,0.2,False,False
Q0184,3,OPCODE_STRUCT,CLEAN,B2_EXACT_GLOBAL,0.0,0.0,0.0,0.0,False,False
Q0184,3,OPCODE_STRUCT,CLEAN,B3_HARD_COMPONENT,0.0,0.0,0.0,0.0,False,False
Q0184,3,OPCODE_STRUCT,CLEAN,B4_SOFT_GRAPH,0.0,0.0,0.0,0.0,False,False
Q0184,3,OPCODE_STRUCT,DROP30,B1_INDEPENDENT,0.1111111111111111,0.14285714285714285,0.3333333333333333,0.2,False,False
Q0184,3,OPCODE_STRUCT,DROP30,B2_EXACT_GLOBAL,0.0,0.0,0.0,0.0,False,False
Q0184,3,OPCODE_STRUCT,DROP30,B3_HARD_COMPONENT,0.1111111111111111,0.25,0.3333333333333333,0.28571428571428575,False,False
Q0184,3,OPCODE_STRUCT,DROP30,B4_SOFT_GRAPH,0.1111111111111111,0.3333333333333333,0.3333333333333333,0.3333333333333333,False,False
Q0184,3,OPCODE_STRUCT,BRIDGE,B1_INDEPENDENT,0.1111111111111111,0.14285714285714285,0.3333333333333333,0.2,False,False
Q0184,3,OPCODE_STRUCT,BRIDGE,B2_EXACT_GLOBAL,0.0,0.0,0.0,0.0,False,False
Q0184,3,OPCODE_STRUCT,BRIDGE,B3_HARD_COMPONENT,0.0,0.0,0.0,0.0,False,False
Q0184,3,OPCODE_STRUCT,BRIDGE,B4_SOFT_GRAPH,0.0,0.0,0.0,0.0,False,False
Q0184,3,OPCODE_STRUCT,DROP30_BRIDGE,B1_INDEPENDENT,0.1111111111111111,0.14285714285714285,0.3333333333333333,0.2,False,False
Q0184,3,OPCODE_STRUCT,DROP30_BRIDGE,B2_EXACT_GLOBAL,0.0,0.0,0.0,0.0,False,False
Q0184,3,OPCODE_STRUCT,DROP30_BRIDGE,B3_HARD_COMPONENT,0.0,0.3333333333333333,0.3333333333333333,0.3333333333333333,False,False
Q0184,3,OPCODE_STRUCT,DROP30_BRIDGE,B4_SOFT_GRAPH,0.0,0.25,0.3333333333333333,0.28571428571428575,False,False
Q0184,3,OPCODE_CONTEXT,CLEAN,B1_INDEPENDENT,0.2222222222222222,0.16666666666666666,0.3333333333333333,0.2222222222222222,False,False
Q0184,3,OPCODE_CONTEXT,CLEAN,B2_EXACT_GLOBAL,0.2222222222222222,0.3333333333333333,0.3333333333333333,0.3333333333333333,False,False
Q0184,3,OPCODE_CONTEXT,CLEAN,B3_HARD_COMPONENT,0.3333333333333333,0.3333333333333333,0.3333333333333333,0.3333333333333333,False,False
Q0184,3,OPCODE_CONTEXT,CLEAN,B4_SOFT_GRAPH,0.2222222222222222,0.2,0.3333333333333333,0.25,False,False
Q0184,3,OPCODE_CONTEXT,DROP30,B1_INDEPENDENT,0.2222222222222222,0.16666666666666666,0.3333333333333333,0.2222222222222222,False,False
Q0184,3,OPCODE_CONTEXT,DROP30,B2_EXACT_GLOBAL,0.2222222222222222,0.3333333333333333,0.3333333333333333,0.3333333333333333,False,False
Q0184,3,OPCODE_CONTEXT,DROP30,B3_HARD_COMPONENT,0.3333333333333333,0.25,0.3333333333333333,0.28571428571428575,False,False
Q0184,3,OPCODE_CONTEXT,DROP30,B4_SOFT_GRAPH,0.2222222222222222,0.2,0.3333333333333333,0.25,False,False
Q0184,3,OPCODE_CONTEXT,BRIDGE,B1_INDEPENDENT,0.2222222222222222,0.16666666666666666,0.3333333333333333,0.2222222222222222,False,False
Q0184,3,OPCODE_CONTEXT,BRIDGE,B2_EXACT_GLOBAL,0.2222222222222222,0.3333333333333333,0.3333333333333333,0.3333333333333333,False,False
Q0184,3,OPCODE_CONTEXT,BRIDGE,B3_HARD_COMPONENT,0.0,0.0,0.0,0.0,False,False
Q0184,3,OPCODE_CONTEXT,BRIDGE,B4_SOFT_GRAPH,0.2222222222222222,0.2,0.3333333333333333,0.25,False,False
Q0184,3,OPCODE_CONTEXT,DROP30_BRIDGE,B1_INDEPENDENT,0.2222222222222222,0.16666666666666666,0.3333333333333333,0.2222222222222222,False,False
Q0184,3,OPCODE_CONTEXT,DROP30_BRIDGE,B2_EXACT_GLOBAL,0.2222222222222222,0.3333333333333333,0.3333333333333333,0.3333333333333333,False,False
Q0184,3,OPCODE_CONTEXT,DROP30_BRIDGE,B3_HARD_COMPONENT,0.0,0.3333333333333333,0.3333333333333333,0.3333333333333333,False,False
Q0184,3,OPCODE_CONTEXT,DROP30_BRIDGE,B4_SOFT_GRAPH,0.2222222222222222,0.2,0.3333333333333333,0.25,False,False
Q0165,3,OPCODE_3GRAM,CLEAN,B1_INDEPENDENT,0.2222222222222222,0.375,1.0,0.5454545454545454,False,False
Q0165,3,OPCODE_3GRAM,CLEAN,B2_EXACT_GLOBAL,0.2222222222222222,0.6666666666666666,0.6666666666666666,0.6666666666666666,False,False
Q0165,3,OPCODE_3GRAM,CLEAN,B3_HARD_COMPONENT,0.6666666666666666,0.6666666666666666,0.6666666666666666,0.6666666666666666,False,False
Q0165,3,OPCODE_3GRAM,CLEAN,B4_SOFT_GRAPH,0.3333333333333333,0.5,0.3333333333333333,0.4,False,False
Q0165,3,OPCODE_3GRAM,DROP30,B1_INDEPENDENT,0.2222222222222222,0.375,1.0,0.5454545454545454,False,False
Q0165,3,OPCODE_3GRAM,DROP30,B2_EXACT_GLOBAL,0.2222222222222222,0.6666666666666666,0.6666666666666666,0.6666666666666666,False,False
Q0165,3,OPCODE_3GRAM,DROP30,B3_HARD_COMPONENT,0.4444444444444444,0.6,1.0,0.7499999999999999,False,False
Q0165,3,OPCODE_3GRAM,DROP30,B4_SOFT_GRAPH,0.1111111111111111,0.25,0.3333333333333333,0.28571428571428575,False,False
Q0165,3,OPCODE_3GRAM,BRIDGE,B1_INDEPENDENT,0.2222222222222222,0.375,1.0,0.5454545454545454,False,False
Q0165,3,OPCODE_3GRAM,BRIDGE,B2_EXACT_GLOBAL,0.2222222222222222,0.6666666666666666,0.6666666666666666,0.6666666666666666,False,False
Q0165,3,OPCODE_3GRAM,BRIDGE,B3_HARD_COMPONENT,0.0,0.0,0.0,0.0,False,False
Q0165,3,OPCODE_3GRAM,BRIDGE,B4_SOFT_GRAPH,0.3333333333333333,0.5,0.3333333333333333,0.4,False,False
Q0165,3,OPCODE_3GRAM,DROP30_BRIDGE,B1_INDEPENDENT,0.2222222222222222,0.375,1.0,0.5454545454545454,False,False
Q0165,3,OPCODE_3GRAM,DROP30_BRIDGE,B2_EXACT_GLOBAL,0.2222222222222222,0.6666666666666666,0.6666666666666666,0.6666666666666666,False,False
Q0165,3,OPCODE_3GRAM,DROP30_BRIDGE,B3_HARD_COMPONENT,0.3333333333333333,0.3333333333333333,0.3333333333333333,0.3333333333333333,False,False
Q0165,3,OPCODE_3GRAM,DROP30_BRIDGE,B4_SOFT_GRAPH,0.2222222222222222,0.2,0.3333333333333333,0.25,False,False
Q0165,3,OPCODE_STRUCT,CLEAN,B1_INDEPENDENT,0.2222222222222222,0.3333333333333333,0.6666666666666666,0.4444444444444444,False,False
Q0165,3,OPCODE_STRUCT,CLEAN,B2_EXACT_GLOBAL,0.3333333333333333,0.6666666666666666,0.6666666666666666,0.6666666666666666,False,False
Q0165,3,OPCODE_STRUCT,CLEAN,B3_HARD_COMPONENT,0.6666666666666666,0.6666666666666666,0.6666666666666666,0.6666666666666666,False,False
Q0165,3,OPCODE_STRUCT,CLEAN,B4_SOFT_GRAPH,0.0,0.0,0.0,0.0,False,False
Q0165,3,OPCODE_STRUCT,DROP30,B1_INDEPENDENT,0.2222222222222222,0.3333333333333333,0.6666666666666666,0.4444444444444444,False,False
Q0165,3,OPCODE_STRUCT,DROP30,B2_EXACT_GLOBAL,0.3333333333333333,0.6666666666666666,0.6666666666666666,0.6666666666666666,False,False
Q0165,3,OPCODE_STRUCT,DROP30,B3_HARD_COMPONENT,0.4444444444444444,0.5,0.6666666666666666,0.5714285714285715,False,False
Q0165,3,OPCODE_STRUCT,DROP30,B4_SOFT_GRAPH,0.0,0.0,0.0,0.0,False,False
Q0165,3,OPCODE_STRUCT,BRIDGE,B1_INDEPENDENT,0.2222222222222222,0.3333333333333333,0.6666666666666666,0.4444444444444444,False,False
Q0165,3,OPCODE_STRUCT,BRIDGE,B2_EXACT_GLOBAL,0.3333333333333333,0.6666666666666666,0.6666666666666666,0.6666666666666666,False,False
Q0165,3,OPCODE_STRUCT,BRIDGE,B3_HARD_COMPONENT,0.0,0.0,0.0,0.0,False,False
Q0165,3,OPCODE_STRUCT,BRIDGE,B4_SOFT_GRAPH,0.0,0.0,0.0,0.0,False,False
Q0165,3,OPCODE_STRUCT,DROP30_BRIDGE,B1_INDEPENDENT,0.2222222222222222,0.3333333333333333,0.6666666666666666,0.4444444444444444,False,False
Q0165,3,OPCODE_STRUCT,DROP30_BRIDGE,B2_EXACT_GLOBAL,0.3333333333333333,0.6666666666666666,0.6666666666666666,0.6666666666666666,False,False
Q0165,3,OPCODE_STRUCT,DROP30_BRIDGE,B3_HARD_COMPONENT,0.3333333333333333,0.3333333333333333,0.3333333333333333,0.3333333333333333,False,False
Q0165,3,OPCODE_STRUCT,DROP30_BRIDGE,B4_SOFT_GRAPH,0.0,0.0,0.0,0.0,False,False
Q0165,3,OPCODE_CONTEXT,CLEAN,B1_INDEPENDENT,0.3333333333333333,0.5,1.0,0.6666666666666666,False,False
Q0165,3,OPCODE_CONTEXT,CLEAN,B2_EXACT_GLOBAL,0.4444444444444444,0.6666666666666666,0.6666666666666666,0.6666666666666666,False,False
Q0165,3,OPCODE_CONTEXT,CLEAN,B3_HARD_COMPONENT,0.6666666666666666,0.6666666666666666,0.6666666666666666,0.6666666666666666,False,False
Q0165,3,OPCODE_CONTEXT,CLEAN,B4_SOFT_GRAPH,0.1111111111111111,0.2,0.3333333333333333,0.25,False,False
Q0165,3,OPCODE_CONTEXT,DROP30,B1_INDEPENDENT,0.3333333333333333,0.5,1.0,0.6666666666666666,False,False
Q0165,3,OPCODE_CONTEXT,DROP30,B2_EXACT_GLOBAL,0.4444444444444444,0.6666666666666666,0.6666666666666666,0.6666666666666666,False,False
Q0165,3,OPCODE_CONTEXT,DROP30,B3_HARD_COMPONENT,0.4444444444444444,0.5,0.6666666666666666,0.5714285714285715,False,False
Q0165,3,OPCODE_CONTEXT,DROP30,B4_SOFT_GRAPH,0.1111111111111111,0.2,0.3333333333333333,0.25,False,False
Q0165,3,OPCODE_CONTEXT,BRIDGE,B1_INDEPENDENT,0.3333333333333333,0.5,1.0,0.6666666666666666,False,False
Q0165,3,OPCODE_CONTEXT,BRIDGE,B2_EXACT_GLOBAL,0.4444444444444444,0.6666666666666666,0.6666666666666666,0.6666666666666666,False,False
Q0165,3,OPCODE_CONTEXT,BRIDGE,B3_HARD_COMPONENT,0.0,0.0,0.0,0.0,False,False
Q0165,3,OPCODE_CONTEXT,BRIDGE,B4_SOFT_GRAPH,0.1111111111111111,0.2,0.3333333333333333,0.25,False,False
Q0165,3,OPCODE_CONTEXT,DROP30_BRIDGE,B1_INDEPENDENT,0.3333333333333333,0.5,1.0,0.6666666666666666,False,False
Q0165,3,OPCODE_CONTEXT,DROP30_BRIDGE,B2_EXACT_GLOBAL,0.4444444444444444,0.6666666666666666,0.6666666666666666,0.6666666666666666,False,False
Q0165,3,OPCODE_CONTEXT,DROP30_BRIDGE,B3_HARD_COMPONENT,0.0,0.0,0.0,0.0,False,False
Q0165,3,OPCODE_CONTEXT,DROP30_BRIDGE,B4_SOFT_GRAPH,0.1111111111111111,0.2,0.3333333333333333,0.25,False,False
Q0135,3,OPCODE_3GRAM,CLEAN,B1_INDEPENDENT,0.3333333333333333,0.16666666666666666,0.3333333333333333,0.2222222222222222,False,False
Q0135,3,OPCODE_3GRAM,CLEAN,B2_EXACT_GLOBAL,0.3333333333333333,0.3333333333333333,0.3333333333333333,0.3333333333333333,False,False
Q0135,3,OPCODE_3GRAM,CLEAN,B3_HARD_COMPONENT,0.3333333333333333,0.3333333333333333,0.3333333333333333,0.3333333333333333,False,False
Q0135,3,OPCODE_3GRAM,CLEAN,B4_SOFT_GRAPH,0.0,0.0,0.0,0.0,False,False
Q0135,3,OPCODE_3GRAM,DROP30,B1_INDEPENDENT,0.3333333333333333,0.16666666666666666,0.3333333333333333,0.2222222222222222,False,False
Q0135,3,OPCODE_3GRAM,DROP30,B2_EXACT_GLOBAL,0.3333333333333333,0.3333333333333333,0.3333333333333333,0.3333333333333333,False,False
Q0135,3,OPCODE_3GRAM,DROP30,B3_HARD_COMPONENT,0.3333333333333333,0.25,0.3333333333333333,0.28571428571428575,False,False
Q0135,3,OPCODE_3GRAM,DROP30,B4_SOFT_GRAPH,0.0,0.0,0.0,0.0,False,False
Q0135,3,OPCODE_3GRAM,BRIDGE,B1_INDEPENDENT,0.3333333333333333,0.16666666666666666,0.3333333333333333,0.2222222222222222,False,False
Q0135,3,OPCODE_3GRAM,BRIDGE,B2_EXACT_GLOBAL,0.3333333333333333,0.3333333333333333,0.3333333333333333,0.3333333333333333,False,False
Q0135,3,OPCODE_3GRAM,BRIDGE,B3_HARD_COMPONENT,0.3333333333333333,1.0,0.3333333333333333,0.5,False,False
Q0135,3,OPCODE_3GRAM,BRIDGE,B4_SOFT_GRAPH,0.0,0.0,0.0,0.0,False,False
Q0135,3,OPCODE_3GRAM,DROP30_BRIDGE,B1_INDEPENDENT,0.3333333333333333,0.16666666666666666,0.3333333333333333,0.2222222222222222,False,False
Q0135,3,OPCODE_3GRAM,DROP30_BRIDGE,B2_EXACT_GLOBAL,0.3333333333333333,0.3333333333333333,0.3333333333333333,0.3333333333333333,False,False
Q0135,3,OPCODE_3GRAM,DROP30_BRIDGE,B3_HARD_COMPONENT,0.3333333333333333,0.5,0.3333333333333333,0.4,False,False
Q0135,3,OPCODE_3GRAM,DROP30_BRIDGE,B4_SOFT_GRAPH,0.0,0.0,0.0,0.0,False,False
Q0135,3,OPCODE_STRUCT,CLEAN,B1_INDEPENDENT,0.3333333333333333,0.16666666666666666,0.3333333333333333,0.2222222222222222,False,False
Q0135,3,OPCODE_STRUCT,CLEAN,B2_EXACT_GLOBAL,0.3333333333333333,0.3333333333333333,0.3333333333333333,0.3333333333333333,False,False
Q0135,3,OPCODE_STRUCT,CLEAN,B3_HARD_COMPONENT,0.3333333333333333,0.3333333333333333,0.3333333333333333,0.3333333333333333,False,False
Q0135,3,OPCODE_STRUCT,CLEAN,B4_SOFT_GRAPH,0.0,0.0,0.0,0.0,False,False
Q0135,3,OPCODE_STRUCT,DROP30,B1_INDEPENDENT,0.3333333333333333,0.16666666666666666,0.3333333333333333,0.2222222222222222,False,False
Q0135,3,OPCODE_STRUCT,DROP30,B2_EXACT_GLOBAL,0.3333333333333333,0.3333333333333333,0.3333333333333333,0.3333333333333333,False,False
Q0135,3,OPCODE_STRUCT,DROP30,B3_HARD_COMPONENT,0.3333333333333333,0.2,0.3333333333333333,0.25,False,False
Q0135,3,OPCODE_STRUCT,DROP30,B4_SOFT_GRAPH,0.0,0.0,0.0,0.0,False,False
Q0135,3,OPCODE_STRUCT,BRIDGE,B1_INDEPENDENT,0.3333333333333333,0.16666666666666666,0.3333333333333333,0.2222222222222222,False,False
Q0135,3,OPCODE_STRUCT,BRIDGE,B2_EXACT_GLOBAL,0.3333333333333333,0.3333333333333333,0.3333333333333333,0.3333333333333333,False,False
Q0135,3,OPCODE_STRUCT,BRIDGE,B3_HARD_COMPONENT,0.3333333333333333,1.0,0.3333333333333333,0.5,False,False
Q0135,3,OPCODE_STRUCT,BRIDGE,B4_SOFT_GRAPH,0.0,0.0,0.0,0.0,False,False
Q0135,3,OPCODE_STRUCT,DROP30_BRIDGE,B1_INDEPENDENT,0.3333333333333333,0.16666666666666666,0.3333333333333333,0.2222222222222222,False,False
Q0135,3,OPCODE_STRUCT,DROP30_BRIDGE,B2_EXACT_GLOBAL,0.3333333333333333,0.3333333333333333,0.3333333333333333,0.3333333333333333,False,False
Q0135,3,OPCODE_STRUCT,DROP30_BRIDGE,B3_HARD_COMPONENT,0.3333333333333333,0.5,0.3333333333333333,0.4,False,False
Q0135,3,OPCODE_STRUCT,DROP30_BRIDGE,B4_SOFT_GRAPH,0.0,0.0,0.0,0.0,False,False
Q0135,3,OPCODE_CONTEXT,CLEAN,B1_INDEPENDENT,0.4444444444444444,0.3333333333333333,0.6666666666666666,0.4444444444444444,False,False
Q0135,3,OPCODE_CONTEXT,CLEAN,B2_EXACT_GLOBAL,0.3333333333333333,0.3333333333333333,0.3333333333333333,0.3333333333333333,False,False
Q0135,3,OPCODE_CONTEXT,CLEAN,B3_HARD_COMPONENT,0.3333333333333333,0.3333333333333333,0.3333333333333333,0.3333333333333333,False,False
Q0135,3,OPCODE_CONTEXT,CLEAN,B4_SOFT_GRAPH,0.1111111111111111,0.16666666666666666,0.3333333333333333,0.2222222222222222,False,False
Q0135,3,OPCODE_CONTEXT,DROP30,B1_INDEPENDENT,0.4444444444444444,0.3333333333333333,0.6666666666666666,0.4444444444444444,False,False
Q0135,3,OPCODE_CONTEXT,DROP30,B2_EXACT_GLOBAL,0.3333333333333333,0.3333333333333333,0.3333333333333333,0.3333333333333333,False,False
Q0135,3,OPCODE_CONTEXT,DROP30,B3_HARD_COMPONENT,0.4444444444444444,0.4,0.6666666666666666,0.5,False,False
Q0135,3,OPCODE_CONTEXT,DROP30,B4_SOFT_GRAPH,0.1111111111111111,0.16666666666666666,0.3333333333333333,0.2222222222222222,False,False
Q0135,3,OPCODE_CONTEXT,BRIDGE,B1_INDEPENDENT,0.4444444444444444,0.3333333333333333,0.6666666666666666,0.4444444444444444,False,False
Q0135,3,OPCODE_CONTEXT,BRIDGE,B2_EXACT_GLOBAL,0.3333333333333333,0.3333333333333333,0.3333333333333333,0.3333333333333333,False,False
Q0135,3,OPCODE_CONTEXT,BRIDGE,B3_HARD_COMPONENT,0.3333333333333333,1.0,0.3333333333333333,0.5,False,False
Q0135,3,OPCODE_CONTEXT,BRIDGE,B4_SOFT_GRAPH,0.1111111111111111,0.16666666666666666,0.3333333333333333,0.2222222222222222,False,False
Q0135,3,OPCODE_CONTEXT,DROP30_BRIDGE,B1_INDEPENDENT,0.4444444444444444,0.3333333333333333,0.6666666666666666,0.4444444444444444,False,False
Q0135,3,OPCODE_CONTEXT,DROP30_BRIDGE,B2_EXACT_GLOBAL,0.3333333333333333,0.3333333333333333,0.3333333333333333,0.3333333333333333,False,False
Q0135,3,OPCODE_CONTEXT,DROP30_BRIDGE,B3_HARD_COMPONENT,0.3333333333333333,0.5,0.3333333333333333,0.4,False,False
Q0135,3,OPCODE_CONTEXT,DROP30_BRIDGE,B4_SOFT_GRAPH,0.1111111111111111,0.16666666666666666,0.3333333333333333,0.2222222222222222,False,False
Q0160,3,OPCODE_3GRAM,CLEAN,B1_INDEPENDENT,0.2222222222222222,0.4,0.6666666666666666,0.5,False,False
Q0160,3,OPCODE_3GRAM,CLEAN,B2_EXACT_GLOBAL,0.2222222222222222,0.3333333333333333,0.3333333333333333,0.3333333333333333,False,False
Q0160,3,OPCODE_3GRAM,CLEAN,B3_HARD_COMPONENT,0.3333333333333333,0.5,0.3333333333333333,0.4,False,False
Q0160,3,OPCODE_3GRAM,CLEAN,B4_SOFT_GRAPH,0.3333333333333333,1.0,0.3333333333333333,0.5,False,False
Q0160,3,OPCODE_3GRAM,DROP30,B1_INDEPENDENT,0.2222222222222222,0.4,0.6666666666666666,0.5,False,False
Q0160,3,OPCODE_3GRAM,DROP30,B2_EXACT_GLOBAL,0.2222222222222222,0.3333333333333333,0.3333333333333333,0.3333333333333333,False,False
Q0160,3,OPCODE_3GRAM,DROP30,B3_HARD_COMPONENT,0.3333333333333333,0.5,0.3333333333333333,0.4,False,False
Q0160,3,OPCODE_3GRAM,DROP30,B4_SOFT_GRAPH,0.3333333333333333,0.5,0.3333333333333333,0.4,False,False
Q0160,3,OPCODE_3GRAM,BRIDGE,B1_INDEPENDENT,0.2222222222222222,0.4,0.6666666666666666,0.5,False,False
Q0160,3,OPCODE_3GRAM,BRIDGE,B2_EXACT_GLOBAL,0.2222222222222222,0.3333333333333333,0.3333333333333333,0.3333333333333333,False,False
Q0160,3,OPCODE_3GRAM,BRIDGE,B3_HARD_COMPONENT,0.3333333333333333,1.0,0.3333333333333333,0.5,False,False
Q0160,3,OPCODE_3GRAM,BRIDGE,B4_SOFT_GRAPH,0.3333333333333333,1.0,0.3333333333333333,0.5,False,False
Q0160,3,OPCODE_3GRAM,DROP30_BRIDGE,B1_INDEPENDENT,0.2222222222222222,0.4,0.6666666666666666,0.5,False,False
Q0160,3,OPCODE_3GRAM,DROP30_BRIDGE,B2_EXACT_GLOBAL,0.2222222222222222,0.3333333333333333,0.3333333333333333,0.3333333333333333,False,False
Q0160,3,OPCODE_3GRAM,DROP30_BRIDGE,B3_HARD_COMPONENT,0.3333333333333333,0.5,0.3333333333333333,0.4,False,False
Q0160,3,OPCODE_3GRAM,DROP30_BRIDGE,B4_SOFT_GRAPH,0.3333333333333333,0.5,0.3333333333333333,0.4,False,False
Q0160,3,OPCODE_STRUCT,CLEAN,B1_INDEPENDENT,0.2222222222222222,0.25,0.6666666666666666,0.36363636363636365,False,False
Q0160,3,OPCODE_STRUCT,CLEAN,B2_EXACT_GLOBAL,0.1111111111111111,0.3333333333333333,0.3333333333333333,0.3333333333333333,False,False
Q0160,3,OPCODE_STRUCT,CLEAN,B3_HARD_COMPONENT,0.3333333333333333,0.3333333333333333,0.3333333333333333,0.3333333333333333,False,False
Q0160,3,OPCODE_STRUCT,CLEAN,B4_SOFT_GRAPH,0.1111111111111111,0.6666666666666666,0.6666666666666666,0.6666666666666666,False,False
Q0160,3,OPCODE_STRUCT,DROP30,B1_INDEPENDENT,0.2222222222222222,0.25,0.6666666666666666,0.36363636363636365,False,False
Q0160,3,OPCODE_STRUCT,DROP30,B2_EXACT_GLOBAL,0.1111111111111111,0.3333333333333333,0.3333333333333333,0.3333333333333333,False,False
Q0160,3,OPCODE_STRUCT,DROP30,B3_HARD_COMPONENT,0.1111111111111111,0.2,0.3333333333333333,0.25,False,False
Q0160,3,OPCODE_STRUCT,DROP30,B4_SOFT_GRAPH,0.1111111111111111,0.5,0.6666666666666666,0.5714285714285715,False,False
Q0160,3,OPCODE_STRUCT,BRIDGE,B1_INDEPENDENT,0.2222222222222222,0.25,0.6666666666666666,0.36363636363636365,False,False
Q0160,3,OPCODE_STRUCT,BRIDGE,B2_EXACT_GLOBAL,0.1111111111111111,0.3333333333333333,0.3333333333333333,0.3333333333333333,False,False
Q0160,3,OPCODE_STRUCT,BRIDGE,B3_HARD_COMPONENT,0.0,0.0,0.0,0.0,False,False
Q0160,3,OPCODE_STRUCT,BRIDGE,B4_SOFT_GRAPH,0.1111111111111111,0.3333333333333333,0.3333333333333333,0.3333333333333333,False,False
Q0160,3,OPCODE_STRUCT,DROP30_BRIDGE,B1_INDEPENDENT,0.2222222222222222,0.25,0.6666666666666666,0.36363636363636365,False,False
Q0160,3,OPCODE_STRUCT,DROP30_BRIDGE,B2_EXACT_GLOBAL,0.1111111111111111,0.3333333333333333,0.3333333333333333,0.3333333333333333,False,False
Q0160,3,OPCODE_STRUCT,DROP30_BRIDGE,B3_HARD_COMPONENT,0.3333333333333333,0.3333333333333333,0.3333333333333333,0.3333333333333333,False,False
Q0160,3,OPCODE_STRUCT,DROP30_BRIDGE,B4_SOFT_GRAPH,0.0,0.0,0.0,0.0,False,False
Q0160,3,OPCODE_CONTEXT,CLEAN,B1_INDEPENDENT,0.3333333333333333,0.4,0.6666666666666666,0.5,False,False
Q0160,3,OPCODE_CONTEXT,CLEAN,B2_EXACT_GLOBAL,0.2222222222222222,0.3333333333333333,0.3333333333333333,0.3333333333333333,False,False
Q0160,3,OPCODE_CONTEXT,CLEAN,B3_HARD_COMPONENT,0.0,0.0,0.0,0.0,False,False
Q0160,3,OPCODE_CONTEXT,CLEAN,B4_SOFT_GRAPH,0.3333333333333333,0.4,0.6666666666666666,0.5,False,False
Q0160,3,OPCODE_CONTEXT,DROP30,B1_INDEPENDENT,0.3333333333333333,0.4,0.6666666666666666,0.5,False,False
Q0160,3,OPCODE_CONTEXT,DROP30,B2_EXACT_GLOBAL,0.2222222222222222,0.3333333333333333,0.3333333333333333,0.3333333333333333,False,False
Q0160,3,OPCODE_CONTEXT,DROP30,B3_HARD_COMPONENT,0.3333333333333333,0.5,0.6666666666666666,0.5714285714285715,False,False
Q0160,3,OPCODE_CONTEXT,DROP30,B4_SOFT_GRAPH,0.3333333333333333,0.4,0.6666666666666666,0.5,False,False
Q0160,3,OPCODE_CONTEXT,BRIDGE,B1_INDEPENDENT,0.3333333333333333,0.4,0.6666666666666666,0.5,False,False
Q0160,3,OPCODE_CONTEXT,BRIDGE,B2_EXACT_GLOBAL,0.2222222222222222,0.3333333333333333,0.3333333333333333,0.3333333333333333,False,False
Q0160,3,OPCODE_CONTEXT,BRIDGE,B3_HARD_COMPONENT,0.0,0.0,0.0,0.0,False,False
Q0160,3,OPCODE_CONTEXT,BRIDGE,B4_SOFT_GRAPH,0.3333333333333333,0.4,0.6666666666666666,0.5,False,False
Q0160,3,OPCODE_CONTEXT,DROP30_BRIDGE,B1_INDEPENDENT,0.3333333333333333,0.4,0.6666666666666666,0.5,False,False
Q0160,3,OPCODE_CONTEXT,DROP30_BRIDGE,B2_EXACT_GLOBAL,0.2222222222222222,0.3333333333333333,0.3333333333333333,0.3333333333333333,False,False
Q0160,3,OPCODE_CONTEXT,DROP30_BRIDGE,B3_HARD_COMPONENT,0.1111111111111111,0.3333333333333333,0.3333333333333333,0.3333333333333333,False,False
Q0160,3,OPCODE_CONTEXT,DROP30_BRIDGE,B4_SOFT_GRAPH,0.3333333333333333,0.4,0.6666666666666666,0.5,False,False
Q0195,3,OPCODE_3GRAM,CLEAN,B1_INDEPENDENT,0.0,0.16666666666666666,0.3333333333333333,0.2222222222222222,False,False
Q0195,3,OPCODE_3GRAM,CLEAN,B2_EXACT_GLOBAL,0.0,0.0,0.0,0.0,False,False
Q0195,3,OPCODE_3GRAM,CLEAN,B3_HARD_COMPONENT,0.0,0.3333333333333333,0.3333333333333333,0.3333333333333333,False,False
Q0195,3,OPCODE_3GRAM,CLEAN,B4_SOFT_GRAPH,0.0,0.0,0.0,0.0,False,False
Q0195,3,OPCODE_3GRAM,DROP30,B1_INDEPENDENT,0.0,0.16666666666666666,0.3333333333333333,0.2222222222222222,False,False
Q0195,3,OPCODE_3GRAM,DROP30,B2_EXACT_GLOBAL,0.0,0.0,0.0,0.0,False,False
Q0195,3,OPCODE_3GRAM,DROP30,B3_HARD_COMPONENT,0.0,0.3333333333333333,0.3333333333333333,0.3333333333333333,False,False
Q0195,3,OPCODE_3GRAM,DROP30,B4_SOFT_GRAPH,0.0,0.3333333333333333,0.3333333333333333,0.3333333333333333,False,False
Q0195,3,OPCODE_3GRAM,BRIDGE,B1_INDEPENDENT,0.0,0.16666666666666666,0.3333333333333333,0.2222222222222222,False,False
Q0195,3,OPCODE_3GRAM,BRIDGE,B2_EXACT_GLOBAL,0.0,0.0,0.0,0.0,False,False
Q0195,3,OPCODE_3GRAM,BRIDGE,B3_HARD_COMPONENT,0.0,0.0,0.0,0.0,False,False
Q0195,3,OPCODE_3GRAM,BRIDGE,B4_SOFT_GRAPH,0.0,0.0,0.0,0.0,False,False
Q0195,3,OPCODE_3GRAM,DROP30_BRIDGE,B1_INDEPENDENT,0.0,0.16666666666666666,0.3333333333333333,0.2222222222222222,False,False
Q0195,3,OPCODE_3GRAM,DROP30_BRIDGE,B2_EXACT_GLOBAL,0.0,0.0,0.0,0.0,False,False
Q0195,3,OPCODE_3GRAM,DROP30_BRIDGE,B3_HARD_COMPONENT,0.0,0.3333333333333333,0.3333333333333333,0.3333333333333333,False,False
Q0195,3,OPCODE_3GRAM,DROP30_BRIDGE,B4_SOFT_GRAPH,0.0,0.5,0.3333333333333333,0.4,False,False
Q0195,3,OPCODE_STRUCT,CLEAN,B1_INDEPENDENT,0.0,0.14285714285714285,0.3333333333333333,0.2,False,False
Q0195,3,OPCODE_STRUCT,CLEAN,B2_EXACT_GLOBAL,0.0,0.0,0.0,0.0,False,False
Q0195,3,OPCODE_STRUCT,CLEAN,B3_HARD_COMPONENT,0.0,0.0,0.0,0.0,False,False
Q0195,3,OPCODE_STRUCT,CLEAN,B4_SOFT_GRAPH,0.0,0.0,0.0,0.0,False,False
Q0195,3,OPCODE_STRUCT,DROP30,B1_INDEPENDENT,0.0,0.14285714285714285,0.3333333333333333,0.2,False,False
Q0195,3,OPCODE_STRUCT,DROP30,B2_EXACT_GLOBAL,0.0,0.0,0.0,0.0,False,False
Q0195,3,OPCODE_STRUCT,DROP30,B3_HARD_COMPONENT,0.0,0.0,0.0,0.0,False,False
Q0195,3,OPCODE_STRUCT,DROP30,B4_SOFT_GRAPH,0.0,0.0,0.0,0.0,False,False
Q0195,3,OPCODE_STRUCT,BRIDGE,B1_INDEPENDENT,0.0,0.14285714285714285,0.3333333333333333,0.2,False,False
Q0195,3,OPCODE_STRUCT,BRIDGE,B2_EXACT_GLOBAL,0.0,0.0,0.0,0.0,False,False
Q0195,3,OPCODE_STRUCT,BRIDGE,B3_HARD_COMPONENT,0.0,0.0,0.0,0.0,False,False
Q0195,3,OPCODE_STRUCT,BRIDGE,B4_SOFT_GRAPH,0.0,0.0,0.0,0.0,False,False
Q0195,3,OPCODE_STRUCT,DROP30_BRIDGE,B1_INDEPENDENT,0.0,0.14285714285714285,0.3333333333333333,0.2,False,False
Q0195,3,OPCODE_STRUCT,DROP30_BRIDGE,B2_EXACT_GLOBAL,0.0,0.0,0.0,0.0,False,False
Q0195,3,OPCODE_STRUCT,DROP30_BRIDGE,B3_HARD_COMPONENT,0.0,0.0,0.0,0.0,False,False
Q0195,3,OPCODE_STRUCT,DROP30_BRIDGE,B4_SOFT_GRAPH,0.0,0.0,0.0,0.0,False,False
Q0195,3,OPCODE_CONTEXT,CLEAN,B1_INDEPENDENT,0.1111111111111111,0.16666666666666666,0.3333333333333333,0.2222222222222222,False,False
Q0195,3,OPCODE_CONTEXT,CLEAN,B2_EXACT_GLOBAL,0.1111111111111111,0.3333333333333333,0.3333333333333333,0.3333333333333333,False,False
Q0195,3,OPCODE_CONTEXT,CLEAN,B3_HARD_COMPONENT,0.0,0.0,0.0,0.0,False,False
Q0195,3,OPCODE_CONTEXT,CLEAN,B4_SOFT_GRAPH,0.1111111111111111,0.16666666666666666,0.3333333333333333,0.2222222222222222,False,False
Q0195,3,OPCODE_CONTEXT,DROP30,B1_INDEPENDENT,0.1111111111111111,0.16666666666666666,0.3333333333333333,0.2222222222222222,False,False
Q0195,3,OPCODE_CONTEXT,DROP30,B2_EXACT_GLOBAL,0.1111111111111111,0.3333333333333333,0.3333333333333333,0.3333333333333333,False,False
Q0195,3,OPCODE_CONTEXT,DROP30,B3_HARD_COMPONENT,0.0,0.0,0.0,0.0,False,False
Q0195,3,OPCODE_CONTEXT,DROP30,B4_SOFT_GRAPH,0.1111111111111111,0.16666666666666666,0.3333333333333333,0.2222222222222222,False,False
Q0195,3,OPCODE_CONTEXT,BRIDGE,B1_INDEPENDENT,0.1111111111111111,0.16666666666666666,0.3333333333333333,0.2222222222222222,False,False
Q0195,3,OPCODE_CONTEXT,BRIDGE,B2_EXACT_GLOBAL,0.1111111111111111,0.3333333333333333,0.3333333333333333,0.3333333333333333,False,False
Q0195,3,OPCODE_CONTEXT,BRIDGE,B3_HARD_COMPONENT,0.0,0.0,0.0,0.0,False,False
Q0195,3,OPCODE_CONTEXT,BRIDGE,B4_SOFT_GRAPH,0.1111111111111111,0.16666666666666666,0.3333333333333333,0.2222222222222222,False,False
Q0195,3,OPCODE_CONTEXT,DROP30_BRIDGE,B1_INDEPENDENT,0.1111111111111111,0.16666666666666666,0.3333333333333333,0.2222222222222222,False,False
Q0195,3,OPCODE_CONTEXT,DROP30_BRIDGE,B2_EXACT_GLOBAL,0.1111111111111111,0.3333333333333333,0.3333333333333333,0.3333333333333333,False,False
Q0195,3,OPCODE_CONTEXT,DROP30_BRIDGE,B3_HARD_COMPONENT,0.0,0.0,0.0,0.0,False,False
Q0195,3,OPCODE_CONTEXT,DROP30_BRIDGE,B4_SOFT_GRAPH,0.1111111111111111,0.16666666666666666,0.3333333333333333,0.2222222222222222,False,False
Q0200,3,OPCODE_3GRAM,CLEAN,B1_INDEPENDENT,0.2222222222222222,0.3333333333333333,0.6666666666666666,0.4444444444444444,False,False
Q0200,3,OPCODE_3GRAM,CLEAN,B2_EXACT_GLOBAL,0.4444444444444444,0.6666666666666666,0.6666666666666666,0.6666666666666666,False,False
Q0200,3,OPCODE_3GRAM,CLEAN,B3_HARD_COMPONENT,0.6666666666666666,0.6666666666666666,0.6666666666666666,0.6666666666666666,False,False
Q0200,3,OPCODE_3GRAM,CLEAN,B4_SOFT_GRAPH,0.4444444444444444,0.6666666666666666,0.6666666666666666,0.6666666666666666,False,False
Q0200,3,OPCODE_3GRAM,DROP30,B1_INDEPENDENT,0.2222222222222222,0.3333333333333333,0.6666666666666666,0.4444444444444444,False,False
Q0200,3,OPCODE_3GRAM,DROP30,B2_EXACT_GLOBAL,0.4444444444444444,0.6666666666666666,0.6666666666666666,0.6666666666666666,False,False
Q0200,3,OPCODE_3GRAM,DROP30,B3_HARD_COMPONENT,0.5555555555555556,0.5,0.6666666666666666,0.5714285714285715,False,False
Q0200,3,OPCODE_3GRAM,DROP30,B4_SOFT_GRAPH,0.4444444444444444,0.5,0.6666666666666666,0.5714285714285715,False,False
Q0200,3,OPCODE_3GRAM,BRIDGE,B1_INDEPENDENT,0.2222222222222222,0.3333333333333333,0.6666666666666666,0.4444444444444444,False,False
Q0200,3,OPCODE_3GRAM,BRIDGE,B2_EXACT_GLOBAL,0.4444444444444444,0.6666666666666666,0.6666666666666666,0.6666666666666666,False,False
Q0200,3,OPCODE_3GRAM,BRIDGE,B3_HARD_COMPONENT,0.0,0.0,0.0,0.0,False,False
Q0200,3,OPCODE_3GRAM,BRIDGE,B4_SOFT_GRAPH,0.2222222222222222,0.5,0.3333333333333333,0.4,False,False
Q0200,3,OPCODE_3GRAM,DROP30_BRIDGE,B1_INDEPENDENT,0.2222222222222222,0.3333333333333333,0.6666666666666666,0.4444444444444444,False,False
Q0200,3,OPCODE_3GRAM,DROP30_BRIDGE,B2_EXACT_GLOBAL,0.4444444444444444,0.6666666666666666,0.6666666666666666,0.6666666666666666,False,False
Q0200,3,OPCODE_3GRAM,DROP30_BRIDGE,B3_HARD_COMPONENT,0.0,0.0,0.0,0.0,False,False
Q0200,3,OPCODE_3GRAM,DROP30_BRIDGE,B4_SOFT_GRAPH,0.2222222222222222,0.5,0.3333333333333333,0.4,False,False
Q0200,3,OPCODE_STRUCT,CLEAN,B1_INDEPENDENT,0.2222222222222222,0.3333333333333333,0.6666666666666666,0.4444444444444444,False,False
Q0200,3,OPCODE_STRUCT,CLEAN,B2_EXACT_GLOBAL,0.1111111111111111,0.3333333333333333,0.3333333333333333,0.3333333333333333,False,False
Q0200,3,OPCODE_STRUCT,CLEAN,B3_HARD_COMPONENT,0.6666666666666666,0.6666666666666666,0.6666666666666666,0.6666666666666666,False,False
Q0200,3,OPCODE_STRUCT,CLEAN,B4_SOFT_GRAPH,0.3333333333333333,0.5,0.3333333333333333,0.4,False,False
Q0200,3,OPCODE_STRUCT,DROP30,B1_INDEPENDENT,0.2222222222222222,0.3333333333333333,0.6666666666666666,0.4444444444444444,False,False
Q0200,3,OPCODE_STRUCT,DROP30,B2_EXACT_GLOBAL,0.1111111111111111,0.3333333333333333,0.3333333333333333,0.3333333333333333,False,False
Q0200,3,OPCODE_STRUCT,DROP30,B3_HARD_COMPONENT,0.5555555555555556,0.5,0.6666666666666666,0.5714285714285715,False,False
Q0200,3,OPCODE_STRUCT,DROP30,B4_SOFT_GRAPH,0.2222222222222222,0.3333333333333333,0.3333333333333333,0.3333333333333333,False,False
Q0200,3,OPCODE_STRUCT,BRIDGE,B1_INDEPENDENT,0.2222222222222222,0.3333333333333333,0.6666666666666666,0.4444444444444444,False,False
Q0200,3,OPCODE_STRUCT,BRIDGE,B2_EXACT_GLOBAL,0.1111111111111111,0.3333333333333333,0.3333333333333333,0.3333333333333333,False,False
Q0200,3,OPCODE_STRUCT,BRIDGE,B3_HARD_COMPONENT,0.0,0.0,0.0,0.0,False,False
Q0200,3,OPCODE_STRUCT,BRIDGE,B4_SOFT_GRAPH,0.0,0.0,0.0,0.0,False,False
Q0200,3,OPCODE_STRUCT,DROP30_BRIDGE,B1_INDEPENDENT,0.2222222222222222,0.3333333333333333,0.6666666666666666,0.4444444444444444,False,False
Q0200,3,OPCODE_STRUCT,DROP30_BRIDGE,B2_EXACT_GLOBAL,0.1111111111111111,0.3333333333333333,0.3333333333333333,0.3333333333333333,False,False
Q0200,3,OPCODE_STRUCT,DROP30_BRIDGE,B3_HARD_COMPONENT,0.0,0.0,0.0,0.0,False,False
Q0200,3,OPCODE_STRUCT,DROP30_BRIDGE,B4_SOFT_GRAPH,0.0,0.0,0.0,0.0,False,False
Q0200,3,OPCODE_CONTEXT,CLEAN,B1_INDEPENDENT,0.2222222222222222,0.3333333333333333,0.6666666666666666,0.4444444444444444,False,False
Q0200,3,OPCODE_CONTEXT,CLEAN,B2_EXACT_GLOBAL,0.1111111111111111,0.3333333333333333,0.3333333333333333,0.3333333333333333,False,False
Q0200,3,OPCODE_CONTEXT,CLEAN,B3_HARD_COMPONENT,0.3333333333333333,0.3333333333333333,0.3333333333333333,0.3333333333333333,False,False
Q0200,3,OPCODE_CONTEXT,CLEAN,B4_SOFT_GRAPH,0.2222222222222222,0.3333333333333333,0.6666666666666666,0.4444444444444444,False,False
Q0200,3,OPCODE_CONTEXT,DROP30,B1_INDEPENDENT,0.2222222222222222,0.3333333333333333,0.6666666666666666,0.4444444444444444,False,False
Q0200,3,OPCODE_CONTEXT,DROP30,B2_EXACT_GLOBAL,0.1111111111111111,0.3333333333333333,0.3333333333333333,0.3333333333333333,False,False
Q0200,3,OPCODE_CONTEXT,DROP30,B3_HARD_COMPONENT,0.3333333333333333,0.25,0.3333333333333333,0.28571428571428575,False,False
Q0200,3,OPCODE_CONTEXT,DROP30,B4_SOFT_GRAPH,0.2222222222222222,0.3333333333333333,0.6666666666666666,0.4444444444444444,False,False
Q0200,3,OPCODE_CONTEXT,BRIDGE,B1_INDEPENDENT,0.2222222222222222,0.3333333333333333,0.6666666666666666,0.4444444444444444,False,False
Q0200,3,OPCODE_CONTEXT,BRIDGE,B2_EXACT_GLOBAL,0.1111111111111111,0.3333333333333333,0.3333333333333333,0.3333333333333333,False,False
Q0200,3,OPCODE_CONTEXT,BRIDGE,B3_HARD_COMPONENT,0.0,0.0,0.0,0.0,False,False
Q0200,3,OPCODE_CONTEXT,BRIDGE,B4_SOFT_GRAPH,0.2222222222222222,0.3333333333333333,0.6666666666666666,0.4444444444444444,False,False
Q0200,3,OPCODE_CONTEXT,DROP30_BRIDGE,B1_INDEPENDENT,0.2222222222222222,0.3333333333333333,0.6666666666666666,0.4444444444444444,False,False
Q0200,3,OPCODE_CONTEXT,DROP30_BRIDGE,B2_EXACT_GLOBAL,0.1111111111111111,0.3333333333333333,0.3333333333333333,0.3333333333333333,False,False
Q0200,3,OPCODE_CONTEXT,DROP30_BRIDGE,B3_HARD_COMPONENT,0.0,0.0,0.0,0.0,False,False
Q0200,3,OPCODE_CONTEXT,DROP30_BRIDGE,B4_SOFT_GRAPH,0.2222222222222222,0.3333333333333333,0.6666666666666666,0.4444444444444444,False,False
Q0106,3,OPCODE_3GRAM,CLEAN,B1_INDEPENDENT,0.1111111111111111,0.16666666666666666,0.3333333333333333,0.2222222222222222,False,False
Q0106,3,OPCODE_3GRAM,CLEAN,B2_EXACT_GLOBAL,0.1111111111111111,0.3333333333333333,0.3333333333333333,0.3333333333333333,False,False
Q0106,3,OPCODE_3GRAM,CLEAN,B3_HARD_COMPONENT,0.3333333333333333,0.3333333333333333,0.3333333333333333,0.3333333333333333,False,False
Q0106,3,OPCODE_3GRAM,CLEAN,B4_SOFT_GRAPH,0.0,0.0,0.0,0.0,False,False
Q0106,3,OPCODE_3GRAM,DROP30,B1_INDEPENDENT,0.1111111111111111,0.16666666666666666,0.3333333333333333,0.2222222222222222,False,False
Q0106,3,OPCODE_3GRAM,DROP30,B2_EXACT_GLOBAL,0.1111111111111111,0.3333333333333333,0.3333333333333333,0.3333333333333333,False,False
Q0106,3,OPCODE_3GRAM,DROP30,B3_HARD_COMPONENT,0.3333333333333333,0.25,0.3333333333333333,0.28571428571428575,False,False
Q0106,3,OPCODE_3GRAM,DROP30,B4_SOFT_GRAPH,0.0,0.0,0.0,0.0,False,False
Q0106,3,OPCODE_3GRAM,BRIDGE,B1_INDEPENDENT,0.1111111111111111,0.16666666666666666,0.3333333333333333,0.2222222222222222,False,False
Q0106,3,OPCODE_3GRAM,BRIDGE,B2_EXACT_GLOBAL,0.1111111111111111,0.3333333333333333,0.3333333333333333,0.3333333333333333,False,False
Q0106,3,OPCODE_3GRAM,BRIDGE,B3_HARD_COMPONENT,0.0,0.0,0.0,0.0,False,False
Q0106,3,OPCODE_3GRAM,BRIDGE,B4_SOFT_GRAPH,0.0,0.0,0.0,0.0,False,False
Q0106,3,OPCODE_3GRAM,DROP30_BRIDGE,B1_INDEPENDENT,0.1111111111111111,0.16666666666666666,0.3333333333333333,0.2222222222222222,False,False
Q0106,3,OPCODE_3GRAM,DROP30_BRIDGE,B2_EXACT_GLOBAL,0.1111111111111111,0.3333333333333333,0.3333333333333333,0.3333333333333333,False,False
Q0106,3,OPCODE_3GRAM,DROP30_BRIDGE,B3_HARD_COMPONENT,0.2222222222222222,0.3333333333333333,0.3333333333333333,0.3333333333333333,False,False
Q0106,3,OPCODE_3GRAM,DROP30_BRIDGE,B4_SOFT_GRAPH,0.0,0.0,0.0,0.0,False,False
Q0106,3,OPCODE_STRUCT,CLEAN,B1_INDEPENDENT,0.1111111111111111,0.16666666666666666,0.3333333333333333,0.2222222222222222,False,False
Q0106,3,OPCODE_STRUCT,CLEAN,B2_EXACT_GLOBAL,0.1111111111111111,0.3333333333333333,0.3333333333333333,0.3333333333333333,False,False
Q0106,3,OPCODE_STRUCT,CLEAN,B3_HARD_COMPONENT,0.3333333333333333,0.3333333333333333,0.3333333333333333,0.3333333333333333,False,False
Q0106,3,OPCODE_STRUCT,CLEAN,B4_SOFT_GRAPH,0.2222222222222222,0.25,0.3333333333333333,0.28571428571428575,False,False
Q0106,3,OPCODE_STRUCT,DROP30,B1_INDEPENDENT,0.1111111111111111,0.16666666666666666,0.3333333333333333,0.2222222222222222,False,False
Q0106,3,OPCODE_STRUCT,DROP30,B2_EXACT_GLOBAL,0.1111111111111111,0.3333333333333333,0.3333333333333333,0.3333333333333333,False,False
Q0106,3,OPCODE_STRUCT,DROP30,B3_HARD_COMPONENT,0.3333333333333333,0.2,0.3333333333333333,0.25,False,False
Q0106,3,OPCODE_STRUCT,DROP30,B4_SOFT_GRAPH,0.2222222222222222,0.2,0.3333333333333333,0.25,False,False
Q0106,3,OPCODE_STRUCT,BRIDGE,B1_INDEPENDENT,0.1111111111111111,0.16666666666666666,0.3333333333333333,0.2222222222222222,False,False
Q0106,3,OPCODE_STRUCT,BRIDGE,B2_EXACT_GLOBAL,0.1111111111111111,0.3333333333333333,0.3333333333333333,0.3333333333333333,False,False
Q0106,3,OPCODE_STRUCT,BRIDGE,B3_HARD_COMPONENT,0.0,0.0,0.0,0.0,False,False
Q0106,3,OPCODE_STRUCT,BRIDGE,B4_SOFT_GRAPH,0.1111111111111111,0.25,0.3333333333333333,0.28571428571428575,False,False
Q0106,3,OPCODE_STRUCT,DROP30_BRIDGE,B1_INDEPENDENT,0.1111111111111111,0.16666666666666666,0.3333333333333333,0.2222222222222222,False,False
Q0106,3,OPCODE_STRUCT,DROP30_BRIDGE,B2_EXACT_GLOBAL,0.1111111111111111,0.3333333333333333,0.3333333333333333,0.3333333333333333,False,False
Q0106,3,OPCODE_STRUCT,DROP30_BRIDGE,B3_HARD_COMPONENT,0.0,0.0,0.0,0.0,False,False
Q0106,3,OPCODE_STRUCT,DROP30_BRIDGE,B4_SOFT_GRAPH,0.1111111111111111,0.25,0.3333333333333333,0.28571428571428575,False,False
Q0106,3,OPCODE_CONTEXT,CLEAN,B1_INDEPENDENT,0.1111111111111111,0.4,0.6666666666666666,0.5,False,False
Q0106,3,OPCODE_CONTEXT,CLEAN,B2_EXACT_GLOBAL,0.1111111111111111,0.3333333333333333,0.3333333333333333,0.3333333333333333,False,False
Q0106,3,OPCODE_CONTEXT,CLEAN,B3_HARD_COMPONENT,0.3333333333333333,0.6666666666666666,0.6666666666666666,0.6666666666666666,False,False
Q0106,3,OPCODE_CONTEXT,CLEAN,B4_SOFT_GRAPH,0.1111111111111111,0.4,0.6666666666666666,0.5,False,False
Q0106,3,OPCODE_CONTEXT,DROP30,B1_INDEPENDENT,0.1111111111111111,0.4,0.6666666666666666,0.5,False,False
Q0106,3,OPCODE_CONTEXT,DROP30,B2_EXACT_GLOBAL,0.1111111111111111,0.3333333333333333,0.3333333333333333,0.3333333333333333,False,False
Q0106,3,OPCODE_CONTEXT,DROP30,B3_HARD_COMPONENT,0.3333333333333333,0.5,0.6666666666666666,0.5714285714285715,False,False
Q0106,3,OPCODE_CONTEXT,DROP30,B4_SOFT_GRAPH,0.1111111111111111,0.4,0.6666666666666666,0.5,False,False
Q0106,3,OPCODE_CONTEXT,BRIDGE,B1_INDEPENDENT,0.1111111111111111,0.4,0.6666666666666666,0.5,False,False
Q0106,3,OPCODE_CONTEXT,BRIDGE,B2_EXACT_GLOBAL,0.1111111111111111,0.3333333333333333,0.3333333333333333,0.3333333333333333,False,False
Q0106,3,OPCODE_CONTEXT,BRIDGE,B3_HARD_COMPONENT,0.0,0.0,0.0,0.0,False,False
Q0106,3,OPCODE_CONTEXT,BRIDGE,B4_SOFT_GRAPH,0.1111111111111111,0.4,0.6666666666666666,0.5,False,False
Q0106,3,OPCODE_CONTEXT,DROP30_BRIDGE,B1_INDEPENDENT,0.1111111111111111,0.4,0.6666666666666666,0.5,False,False
Q0106,3,OPCODE_CONTEXT,DROP30_BRIDGE,B2_EXACT_GLOBAL,0.1111111111111111,0.3333333333333333,0.3333333333333333,0.3333333333333333,False,False
Q0106,3,OPCODE_CONTEXT,DROP30_BRIDGE,B3_HARD_COMPONENT,0.0,0.0,0.0,0.0,False,False
Q0106,3,OPCODE_CONTEXT,DROP30_BRIDGE,B4_SOFT_GRAPH,0.1111111111111111,0.4,0.6666666666666666,0.5,False,False
Q0182,3,OPCODE_3GRAM,CLEAN,B1_INDEPENDENT,0.4444444444444444,0.3333333333333333,0.6666666666666666,0.4444444444444444,False,False
Q0182,3,OPCODE_3GRAM,CLEAN,B2_EXACT_GLOBAL,0.4444444444444444,0.6666666666666666,0.6666666666666666,0.6666666666666666,False,False
Q0182,3,OPCODE_3GRAM,CLEAN,B3_HARD_COMPONENT,0.6666666666666666,0.6666666666666666,0.6666666666666666,0.6666666666666666,False,False
Q0182,3,OPCODE_3GRAM,CLEAN,B4_SOFT_GRAPH,0.0,0.0,0.0,0.0,False,False
Q0182,3,OPCODE_3GRAM,DROP30,B1_INDEPENDENT,0.4444444444444444,0.3333333333333333,0.6666666666666666,0.4444444444444444,False,False
Q0182,3,OPCODE_3GRAM,DROP30,B2_EXACT_GLOBAL,0.4444444444444444,0.6666666666666666,0.6666666666666666,0.6666666666666666,False,False
Q0182,3,OPCODE_3GRAM,DROP30,B3_HARD_COMPONENT,0.6666666666666666,0.4,0.6666666666666666,0.5,False,False
Q0182,3,OPCODE_3GRAM,DROP30,B4_SOFT_GRAPH,0.0,0.0,0.0,0.0,False,False
Q0182,3,OPCODE_3GRAM,BRIDGE,B1_INDEPENDENT,0.4444444444444444,0.3333333333333333,0.6666666666666666,0.4444444444444444,False,False
Q0182,3,OPCODE_3GRAM,BRIDGE,B2_EXACT_GLOBAL,0.4444444444444444,0.6666666666666666,0.6666666666666666,0.6666666666666666,False,False
Q0182,3,OPCODE_3GRAM,BRIDGE,B3_HARD_COMPONENT,0.3333333333333333,1.0,0.3333333333333333,0.5,False,False
Q0182,3,OPCODE_3GRAM,BRIDGE,B4_SOFT_GRAPH,0.0,0.0,0.0,0.0,False,False
Q0182,3,OPCODE_3GRAM,DROP30_BRIDGE,B1_INDEPENDENT,0.4444444444444444,0.3333333333333333,0.6666666666666666,0.4444444444444444,False,False
Q0182,3,OPCODE_3GRAM,DROP30_BRIDGE,B2_EXACT_GLOBAL,0.4444444444444444,0.6666666666666666,0.6666666666666666,0.6666666666666666,False,False
Q0182,3,OPCODE_3GRAM,DROP30_BRIDGE,B3_HARD_COMPONENT,0.3333333333333333,0.5,0.3333333333333333,0.4,False,False
Q0182,3,OPCODE_3GRAM,DROP30_BRIDGE,B4_SOFT_GRAPH,0.0,0.0,0.0,0.0,False,False
Q0182,3,OPCODE_STRUCT,CLEAN,B1_INDEPENDENT,0.4444444444444444,0.4,0.6666666666666666,0.5,False,False
Q0182,3,OPCODE_STRUCT,CLEAN,B2_EXACT_GLOBAL,0.5555555555555556,0.6666666666666666,0.6666666666666666,0.6666666666666666,False,False
Q0182,3,OPCODE_STRUCT,CLEAN,B3_HARD_COMPONENT,0.6666666666666666,0.6666666666666666,0.6666666666666666,0.6666666666666666,False,False
Q0182,3,OPCODE_STRUCT,CLEAN,B4_SOFT_GRAPH,0.0,0.3333333333333333,0.3333333333333333,0.3333333333333333,False,False
Q0182,3,OPCODE_STRUCT,DROP30,B1_INDEPENDENT,0.4444444444444444,0.4,0.6666666666666666,0.5,False,False
Q0182,3,OPCODE_STRUCT,DROP30,B2_EXACT_GLOBAL,0.5555555555555556,0.6666666666666666,0.6666666666666666,0.6666666666666666,False,False
Q0182,3,OPCODE_STRUCT,DROP30,B3_HARD_COMPONENT,0.6666666666666666,0.4,0.6666666666666666,0.5,False,False
Q0182,3,OPCODE_STRUCT,DROP30,B4_SOFT_GRAPH,0.0,0.25,0.3333333333333333,0.28571428571428575,False,False
Q0182,3,OPCODE_STRUCT,BRIDGE,B1_INDEPENDENT,0.4444444444444444,0.4,0.6666666666666666,0.5,False,False
Q0182,3,OPCODE_STRUCT,BRIDGE,B2_EXACT_GLOBAL,0.5555555555555556,0.6666666666666666,0.6666666666666666,0.6666666666666666,False,False
Q0182,3,OPCODE_STRUCT,BRIDGE,B3_HARD_COMPONENT,0.0,0.0,0.0,0.0,False,False
Q0182,3,OPCODE_STRUCT,BRIDGE,B4_SOFT_GRAPH,0.0,0.0,0.0,0.0,False,False
Q0182,3,OPCODE_STRUCT,DROP30_BRIDGE,B1_INDEPENDENT,0.4444444444444444,0.4,0.6666666666666666,0.5,False,False
Q0182,3,OPCODE_STRUCT,DROP30_BRIDGE,B2_EXACT_GLOBAL,0.5555555555555556,0.6666666666666666,0.6666666666666666,0.6666666666666666,False,False
Q0182,3,OPCODE_STRUCT,DROP30_BRIDGE,B3_HARD_COMPONENT,0.3333333333333333,0.5,0.3333333333333333,0.4,False,False
Q0182,3,OPCODE_STRUCT,DROP30_BRIDGE,B4_SOFT_GRAPH,0.0,0.0,0.0,0.0,False,False
Q0182,3,OPCODE_CONTEXT,CLEAN,B1_INDEPENDENT,0.4444444444444444,0.5,0.6666666666666666,0.5714285714285715,False,False
Q0182,3,OPCODE_CONTEXT,CLEAN,B2_EXACT_GLOBAL,0.4444444444444444,0.6666666666666666,0.6666666666666666,0.6666666666666666,False,False
Q0182,3,OPCODE_CONTEXT,CLEAN,B3_HARD_COMPONENT,0.6666666666666666,0.6666666666666666,0.6666666666666666,0.6666666666666666,False,False
Q0182,3,OPCODE_CONTEXT,CLEAN,B4_SOFT_GRAPH,0.1111111111111111,0.16666666666666666,0.3333333333333333,0.2222222222222222,False,False
Q0182,3,OPCODE_CONTEXT,DROP30,B1_INDEPENDENT,0.4444444444444444,0.5,0.6666666666666666,0.5714285714285715,False,False
Q0182,3,OPCODE_CONTEXT,DROP30,B2_EXACT_GLOBAL,0.4444444444444444,0.6666666666666666,0.6666666666666666,0.6666666666666666,False,False
Q0182,3,OPCODE_CONTEXT,DROP30,B3_HARD_COMPONENT,0.6666666666666666,0.5,0.6666666666666666,0.5714285714285715,False,False
Q0182,3,OPCODE_CONTEXT,DROP30,B4_SOFT_GRAPH,0.1111111111111111,0.16666666666666666,0.3333333333333333,0.2222222222222222,False,False
Q0182,3,OPCODE_CONTEXT,BRIDGE,B1_INDEPENDENT,0.4444444444444444,0.5,0.6666666666666666,0.5714285714285715,False,False
Q0182,3,OPCODE_CONTEXT,BRIDGE,B2_EXACT_GLOBAL,0.4444444444444444,0.6666666666666666,0.6666666666666666,0.6666666666666666,False,False
Q0182,3,OPCODE_CONTEXT,BRIDGE,B3_HARD_COMPONENT,0.3333333333333333,1.0,0.3333333333333333,0.5,False,False
Q0182,3,OPCODE_CONTEXT,BRIDGE,B4_SOFT_GRAPH,0.1111111111111111,0.16666666666666666,0.3333333333333333,0.2222222222222222,False,False
Q0182,3,OPCODE_CONTEXT,DROP30_BRIDGE,B1_INDEPENDENT,0.4444444444444444,0.5,0.6666666666666666,0.5714285714285715,False,False
Q0182,3,OPCODE_CONTEXT,DROP30_BRIDGE,B2_EXACT_GLOBAL,0.4444444444444444,0.6666666666666666,0.6666666666666666,0.6666666666666666,False,False
Q0182,3,OPCODE_CONTEXT,DROP30_BRIDGE,B3_HARD_COMPONENT,0.3333333333333333,0.5,0.3333333333333333,0.4,False,False
Q0182,3,OPCODE_CONTEXT,DROP30_BRIDGE,B4_SOFT_GRAPH,0.1111111111111111,0.16666666666666666,0.3333333333333333,0.2222222222222222,False,False
Q0172,3,OPCODE_3GRAM,CLEAN,B1_INDEPENDENT,0.4444444444444444,0.3333333333333333,0.6666666666666666,0.4444444444444444,False,False
Q0172,3,OPCODE_3GRAM,CLEAN,B2_EXACT_GLOBAL,0.6666666666666666,0.6666666666666666,0.6666666666666666,0.6666666666666666,False,False
Q0172,3,OPCODE_3GRAM,CLEAN,B3_HARD_COMPONENT,0.6666666666666666,0.6666666666666666,0.6666666666666666,0.6666666666666666,False,False
Q0172,3,OPCODE_3GRAM,CLEAN,B4_SOFT_GRAPH,0.4444444444444444,0.6666666666666666,0.6666666666666666,0.6666666666666666,False,False
Q0172,3,OPCODE_3GRAM,DROP30,B1_INDEPENDENT,0.4444444444444444,0.3333333333333333,0.6666666666666666,0.4444444444444444,False,False
Q0172,3,OPCODE_3GRAM,DROP30,B2_EXACT_GLOBAL,0.6666666666666666,0.6666666666666666,0.6666666666666666,0.6666666666666666,False,False
Q0172,3,OPCODE_3GRAM,DROP30,B3_HARD_COMPONENT,0.6666666666666666,0.5,0.6666666666666666,0.5714285714285715,False,False
Q0172,3,OPCODE_3GRAM,DROP30,B4_SOFT_GRAPH,0.4444444444444444,0.6666666666666666,0.6666666666666666,0.6666666666666666,False,False
Q0172,3,OPCODE_3GRAM,BRIDGE,B1_INDEPENDENT,0.4444444444444444,0.3333333333333333,0.6666666666666666,0.4444444444444444,False,False
Q0172,3,OPCODE_3GRAM,BRIDGE,B2_EXACT_GLOBAL,0.6666666666666666,0.6666666666666666,0.6666666666666666,0.6666666666666666,False,False
Q0172,3,OPCODE_3GRAM,BRIDGE,B3_HARD_COMPONENT,0.3333333333333333,1.0,0.3333333333333333,0.5,False,False
Q0172,3,OPCODE_3GRAM,BRIDGE,B4_SOFT_GRAPH,0.4444444444444444,0.6666666666666666,0.6666666666666666,0.6666666666666666,False,False
Q0172,3,OPCODE_3GRAM,DROP30_BRIDGE,B1_INDEPENDENT,0.4444444444444444,0.3333333333333333,0.6666666666666666,0.4444444444444444,False,False
Q0172,3,OPCODE_3GRAM,DROP30_BRIDGE,B2_EXACT_GLOBAL,0.6666666666666666,0.6666666666666666,0.6666666666666666,0.6666666666666666,False,False
Q0172,3,OPCODE_3GRAM,DROP30_BRIDGE,B3_HARD_COMPONENT,0.4444444444444444,1.0,0.6666666666666666,0.8,False,False
Q0172,3,OPCODE_3GRAM,DROP30_BRIDGE,B4_SOFT_GRAPH,0.4444444444444444,0.6666666666666666,0.6666666666666666,0.6666666666666666,False,False
Q0172,3,OPCODE_STRUCT,CLEAN,B1_INDEPENDENT,0.4444444444444444,0.3333333333333333,0.6666666666666666,0.4444444444444444,False,False
Q0172,3,OPCODE_STRUCT,CLEAN,B2_EXACT_GLOBAL,0.6666666666666666,0.6666666666666666,0.6666666666666666,0.6666666666666666,False,False
Q0172,3,OPCODE_STRUCT,CLEAN,B3_HARD_COMPONENT,0.6666666666666666,0.6666666666666666,0.6666666666666666,0.6666666666666666,False,False
Q0172,3,OPCODE_STRUCT,CLEAN,B4_SOFT_GRAPH,0.3333333333333333,1.0,0.3333333333333333,0.5,False,False
Q0172,3,OPCODE_STRUCT,DROP30,B1_INDEPENDENT,0.4444444444444444,0.3333333333333333,0.6666666666666666,0.4444444444444444,False,False
Q0172,3,OPCODE_STRUCT,DROP30,B2_EXACT_GLOBAL,0.6666666666666666,0.6666666666666666,0.6666666666666666,0.6666666666666666,False,False
Q0172,3,OPCODE_STRUCT,DROP30,B3_HARD_COMPONENT,0.6666666666666666,0.5,0.6666666666666666,0.5714285714285715,False,False
Q0172,3,OPCODE_STRUCT,DROP30,B4_SOFT_GRAPH,0.1111111111111111,0.25,0.3333333333333333,0.28571428571428575,False,False
Q0172,3,OPCODE_STRUCT,BRIDGE,B1_INDEPENDENT,0.4444444444444444,0.3333333333333333,0.6666666666666666,0.4444444444444444,False,False
Q0172,3,OPCODE_STRUCT,BRIDGE,B2_EXACT_GLOBAL,0.6666666666666666,0.6666666666666666,0.6666666666666666,0.6666666666666666,False,False
Q0172,3,OPCODE_STRUCT,BRIDGE,B3_HARD_COMPONENT,0.3333333333333333,1.0,0.3333333333333333,0.5,False,False
Q0172,3,OPCODE_STRUCT,BRIDGE,B4_SOFT_GRAPH,0.3333333333333333,1.0,0.3333333333333333,0.5,False,False
Q0172,3,OPCODE_STRUCT,DROP30_BRIDGE,B1_INDEPENDENT,0.4444444444444444,0.3333333333333333,0.6666666666666666,0.4444444444444444,False,False
Q0172,3,OPCODE_STRUCT,DROP30_BRIDGE,B2_EXACT_GLOBAL,0.6666666666666666,0.6666666666666666,0.6666666666666666,0.6666666666666666,False,False
Q0172,3,OPCODE_STRUCT,DROP30_BRIDGE,B3_HARD_COMPONENT,0.4444444444444444,1.0,0.6666666666666666,0.8,False,False
Q0172,3,OPCODE_STRUCT,DROP30_BRIDGE,B4_SOFT_GRAPH,0.3333333333333333,1.0,0.3333333333333333,0.5,False,False
Q0172,3,OPCODE_CONTEXT,CLEAN,B1_INDEPENDENT,0.4444444444444444,0.3333333333333333,0.6666666666666666,0.4444444444444444,False,False
Q0172,3,OPCODE_CONTEXT,CLEAN,B2_EXACT_GLOBAL,0.5555555555555556,0.6666666666666666,0.6666666666666666,0.6666666666666666,False,False
Q0172,3,OPCODE_CONTEXT,CLEAN,B3_HARD_COMPONENT,0.3333333333333333,0.3333333333333333,0.3333333333333333,0.3333333333333333,False,False
Q0172,3,OPCODE_CONTEXT,CLEAN,B4_SOFT_GRAPH,0.2222222222222222,0.3333333333333333,0.6666666666666666,0.4444444444444444,False,False
Q0172,3,OPCODE_CONTEXT,DROP30,B1_INDEPENDENT,0.4444444444444444,0.3333333333333333,0.6666666666666666,0.4444444444444444,False,False
Q0172,3,OPCODE_CONTEXT,DROP30,B2_EXACT_GLOBAL,0.5555555555555556,0.6666666666666666,0.6666666666666666,0.6666666666666666,False,False
Q0172,3,OPCODE_CONTEXT,DROP30,B3_HARD_COMPONENT,0.3333333333333333,0.25,0.3333333333333333,0.28571428571428575,False,False
Q0172,3,OPCODE_CONTEXT,DROP30,B4_SOFT_GRAPH,0.2222222222222222,0.3333333333333333,0.6666666666666666,0.4444444444444444,False,False
Q0172,3,OPCODE_CONTEXT,BRIDGE,B1_INDEPENDENT,0.4444444444444444,0.3333333333333333,0.6666666666666666,0.4444444444444444,False,False
Q0172,3,OPCODE_CONTEXT,BRIDGE,B2_EXACT_GLOBAL,0.5555555555555556,0.6666666666666666,0.6666666666666666,0.6666666666666666,False,False
Q0172,3,OPCODE_CONTEXT,BRIDGE,B3_HARD_COMPONENT,0.0,0.0,0.0,0.0,False,False
Q0172,3,OPCODE_CONTEXT,BRIDGE,B4_SOFT_GRAPH,0.2222222222222222,0.3333333333333333,0.6666666666666666,0.4444444444444444,False,False
Q0172,3,OPCODE_CONTEXT,DROP30_BRIDGE,B1_INDEPENDENT,0.4444444444444444,0.3333333333333333,0.6666666666666666,0.4444444444444444,False,False
Q0172,3,OPCODE_CONTEXT,DROP30_BRIDGE,B2_EXACT_GLOBAL,0.5555555555555556,0.6666666666666666,0.6666666666666666,0.6666666666666666,False,False
Q0172,3,OPCODE_CONTEXT,DROP30_BRIDGE,B3_HARD_COMPONENT,0.0,0.0,0.0,0.0,False,False
Q0172,3,OPCODE_CONTEXT,DROP30_BRIDGE,B4_SOFT_GRAPH,0.2222222222222222,0.3333333333333333,0.6666666666666666,0.4444444444444444,False,False
Q0185,3,OPCODE_3GRAM,CLEAN,B1_INDEPENDENT,0.2222222222222222,0.2857142857142857,0.6666666666666666,0.4,False,False
Q0185,3,OPCODE_3GRAM,CLEAN,B2_EXACT_GLOBAL,0.3333333333333333,0.6666666666666666,0.6666666666666666,0.6666666666666666,False,False
Q0185,3,OPCODE_3GRAM,CLEAN,B3_HARD_COMPONENT,0.6666666666666666,0.6666666666666666,0.6666666666666666,0.6666666666666666,False,False
Q0185,3,OPCODE_3GRAM,CLEAN,B4_SOFT_GRAPH,0.1111111111111111,0.5,0.3333333333333333,0.4,False,False
Q0185,3,OPCODE_3GRAM,DROP30,B1_INDEPENDENT,0.2222222222222222,0.2857142857142857,0.6666666666666666,0.4,False,False
Q0185,3,OPCODE_3GRAM,DROP30,B2_EXACT_GLOBAL,0.3333333333333333,0.6666666666666666,0.6666666666666666,0.6666666666666666,False,False
Q0185,3,OPCODE_3GRAM,DROP30,B3_HARD_COMPONENT,0.4444444444444444,0.4,0.6666666666666666,0.5,False,False
Q0185,3,OPCODE_3GRAM,DROP30,B4_SOFT_GRAPH,0.1111111111111111,0.25,0.3333333333333333,0.28571428571428575,False,False
Q0185,3,OPCODE_3GRAM,BRIDGE,B1_INDEPENDENT,0.2222222222222222,0.2857142857142857,0.6666666666666666,0.4,False,False
Q0185,3,OPCODE_3GRAM,BRIDGE,B2_EXACT_GLOBAL,0.3333333333333333,0.6666666666666666,0.6666666666666666,0.6666666666666666,False,False
Q0185,3,OPCODE_3GRAM,BRIDGE,B3_HARD_COMPONENT,0.0,0.0,0.0,0.0,False,False
Q0185,3,OPCODE_3GRAM,BRIDGE,B4_SOFT_GRAPH,0.1111111111111111,0.5,0.3333333333333333,0.4,False,False
Q0185,3,OPCODE_3GRAM,DROP30_BRIDGE,B1_INDEPENDENT,0.2222222222222222,0.2857142857142857,0.6666666666666666,0.4,False,False
Q0185,3,OPCODE_3GRAM,DROP30_BRIDGE,B2_EXACT_GLOBAL,0.3333333333333333,0.6666666666666666,0.6666666666666666,0.6666666666666666,False,False
Q0185,3,OPCODE_3GRAM,DROP30_BRIDGE,B3_HARD_COMPONENT,0.2222222222222222,0.5,0.6666666666666666,0.5714285714285715,False,False
Q0185,3,OPCODE_3GRAM,DROP30_BRIDGE,B4_SOFT_GRAPH,0.1111111111111111,0.3333333333333333,0.3333333333333333,0.3333333333333333,False,False
Q0185,3,OPCODE_STRUCT,CLEAN,B1_INDEPENDENT,0.2222222222222222,0.5,0.6666666666666666,0.5714285714285715,False,False
Q0185,3,OPCODE_STRUCT,CLEAN,B2_EXACT_GLOBAL,0.1111111111111111,0.3333333333333333,0.3333333333333333,0.3333333333333333,False,False
Q0185,3,OPCODE_STRUCT,CLEAN,B3_HARD_COMPONENT,0.6666666666666666,0.6666666666666666,0.6666666666666666,0.6666666666666666,False,False
Q0185,3,OPCODE_STRUCT,CLEAN,B4_SOFT_GRAPH,0.1111111111111111,0.3333333333333333,0.3333333333333333,0.3333333333333333,False,False
Q0185,3,OPCODE_STRUCT,DROP30,B1_INDEPENDENT,0.2222222222222222,0.5,0.6666666666666666,0.5714285714285715,False,False
Q0185,3,OPCODE_STRUCT,DROP30,B2_EXACT_GLOBAL,0.1111111111111111,0.3333333333333333,0.3333333333333333,0.3333333333333333,False,False
Q0185,3,OPCODE_STRUCT,DROP30,B3_HARD_COMPONENT,0.4444444444444444,0.5,0.6666666666666666,0.5714285714285715,False,False
Q0185,3,OPCODE_STRUCT,DROP30,B4_SOFT_GRAPH,0.1111111111111111,0.3333333333333333,0.3333333333333333,0.3333333333333333,False,False
Q0185,3,OPCODE_STRUCT,BRIDGE,B1_INDEPENDENT,0.2222222222222222,0.5,0.6666666666666666,0.5714285714285715,False,False
Q0185,3,OPCODE_STRUCT,BRIDGE,B2_EXACT_GLOBAL,0.1111111111111111,0.3333333333333333,0.3333333333333333,0.3333333333333333,False,False
Q0185,3,OPCODE_STRUCT,BRIDGE,B3_HARD_COMPONENT,0.0,0.0,0.0,0.0,False,False
Q0185,3,OPCODE_STRUCT,BRIDGE,B4_SOFT_GRAPH,0.1111111111111111,0.3333333333333333,0.3333333333333333,0.3333333333333333,False,False
Q0185,3,OPCODE_STRUCT,DROP30_BRIDGE,B1_INDEPENDENT,0.2222222222222222,0.5,0.6666666666666666,0.5714285714285715,False,False
Q0185,3,OPCODE_STRUCT,DROP30_BRIDGE,B2_EXACT_GLOBAL,0.1111111111111111,0.3333333333333333,0.3333333333333333,0.3333333333333333,False,False
Q0185,3,OPCODE_STRUCT,DROP30_BRIDGE,B3_HARD_COMPONENT,0.2222222222222222,0.6666666666666666,0.6666666666666666,0.6666666666666666,False,False
Q0185,3,OPCODE_STRUCT,DROP30_BRIDGE,B4_SOFT_GRAPH,0.1111111111111111,0.3333333333333333,0.3333333333333333,0.3333333333333333,False,False
Q0185,3,OPCODE_CONTEXT,CLEAN,B1_INDEPENDENT,0.2222222222222222,0.3333333333333333,0.6666666666666666,0.4444444444444444,False,False
Q0185,3,OPCODE_CONTEXT,CLEAN,B2_EXACT_GLOBAL,0.1111111111111111,0.3333333333333333,0.3333333333333333,0.3333333333333333,False,False
Q0185,3,OPCODE_CONTEXT,CLEAN,B3_HARD_COMPONENT,0.3333333333333333,0.3333333333333333,0.3333333333333333,0.3333333333333333,False,False
Q0185,3,OPCODE_CONTEXT,CLEAN,B4_SOFT_GRAPH,0.2222222222222222,0.4,0.6666666666666666,0.5,False,False
Q0185,3,OPCODE_CONTEXT,DROP30,B1_INDEPENDENT,0.2222222222222222,0.3333333333333333,0.6666666666666666,0.4444444444444444,False,False
Q0185,3,OPCODE_CONTEXT,DROP30,B2_EXACT_GLOBAL,0.1111111111111111,0.3333333333333333,0.3333333333333333,0.3333333333333333,False,False
Q0185,3,OPCODE_CONTEXT,DROP30,B3_HARD_COMPONENT,0.4444444444444444,0.3333333333333333,0.6666666666666666,0.4444444444444444,False,False
Q0185,3,OPCODE_CONTEXT,DROP30,B4_SOFT_GRAPH,0.2222222222222222,0.4,0.6666666666666666,0.5,False,False
Q0185,3,OPCODE_CONTEXT,BRIDGE,B1_INDEPENDENT,0.2222222222222222,0.3333333333333333,0.6666666666666666,0.4444444444444444,False,False
Q0185,3,OPCODE_CONTEXT,BRIDGE,B2_EXACT_GLOBAL,0.1111111111111111,0.3333333333333333,0.3333333333333333,0.3333333333333333,False,False
Q0185,3,OPCODE_CONTEXT,BRIDGE,B3_HARD_COMPONENT,0.0,0.0,0.0,0.0,False,False
Q0185,3,OPCODE_CONTEXT,BRIDGE,B4_SOFT_GRAPH,0.2222222222222222,0.4,0.6666666666666666,0.5,False,False
Q0185,3,OPCODE_CONTEXT,DROP30_BRIDGE,B1_INDEPENDENT,0.2222222222222222,0.3333333333333333,0.6666666666666666,0.4444444444444444,False,False
Q0185,3,OPCODE_CONTEXT,DROP30_BRIDGE,B2_EXACT_GLOBAL,0.1111111111111111,0.3333333333333333,0.3333333333333333,0.3333333333333333,False,False
Q0185,3,OPCODE_CONTEXT,DROP30_BRIDGE,B3_HARD_COMPONENT,0.1111111111111111,0.3333333333333333,0.3333333333333333,0.3333333333333333,False,False
Q0185,3,OPCODE_CONTEXT,DROP30_BRIDGE,B4_SOFT_GRAPH,0.2222222222222222,0.4,0.6666666666666666,0.5,False,False
Q0115,3,OPCODE_3GRAM,CLEAN,B1_INDEPENDENT,0.1111111111111111,0.2,0.3333333333333333,0.25,False,False
Q0115,3,OPCODE_3GRAM,CLEAN,B2_EXACT_GLOBAL,0.1111111111111111,0.3333333333333333,0.3333333333333333,0.3333333333333333,False,False
Q0115,3,OPCODE_3GRAM,CLEAN,B3_HARD_COMPONENT,0.3333333333333333,0.3333333333333333,0.3333333333333333,0.3333333333333333,False,False
Q0115,3,OPCODE_3GRAM,CLEAN,B4_SOFT_GRAPH,0.3333333333333333,1.0,0.3333333333333333,0.5,False,False
Q0115,3,OPCODE_3GRAM,DROP30,B1_INDEPENDENT,0.1111111111111111,0.2,0.3333333333333333,0.25,False,False
Q0115,3,OPCODE_3GRAM,DROP30,B2_EXACT_GLOBAL,0.1111111111111111,0.3333333333333333,0.3333333333333333,0.3333333333333333,False,False
Q0115,3,OPCODE_3GRAM,DROP30,B3_HARD_COMPONENT,0.3333333333333333,0.25,0.3333333333333333,0.28571428571428575,False,False
Q0115,3,OPCODE_3GRAM,DROP30,B4_SOFT_GRAPH,0.3333333333333333,0.3333333333333333,0.3333333333333333,0.3333333333333333,False,False
Q0115,3,OPCODE_3GRAM,BRIDGE,B1_INDEPENDENT,0.1111111111111111,0.2,0.3333333333333333,0.25,False,False
Q0115,3,OPCODE_3GRAM,BRIDGE,B2_EXACT_GLOBAL,0.1111111111111111,0.3333333333333333,0.3333333333333333,0.3333333333333333,False,False
Q0115,3,OPCODE_3GRAM,BRIDGE,B3_HARD_COMPONENT,0.3333333333333333,1.0,0.3333333333333333,0.5,False,False
Q0115,3,OPCODE_3GRAM,BRIDGE,B4_SOFT_GRAPH,0.3333333333333333,1.0,0.3333333333333333,0.5,False,False
Q0115,3,OPCODE_3GRAM,DROP30_BRIDGE,B1_INDEPENDENT,0.1111111111111111,0.2,0.3333333333333333,0.25,False,False
Q0115,3,OPCODE_3GRAM,DROP30_BRIDGE,B2_EXACT_GLOBAL,0.1111111111111111,0.3333333333333333,0.3333333333333333,0.3333333333333333,False,False
Q0115,3,OPCODE_3GRAM,DROP30_BRIDGE,B3_HARD_COMPONENT,0.2222222222222222,0.3333333333333333,0.3333333333333333,0.3333333333333333,False,False
Q0115,3,OPCODE_3GRAM,DROP30_BRIDGE,B4_SOFT_GRAPH,0.3333333333333333,0.5,0.3333333333333333,0.4,False,False
Q0115,3,OPCODE_STRUCT,CLEAN,B1_INDEPENDENT,0.1111111111111111,0.2,0.3333333333333333,0.25,False,False
Q0115,3,OPCODE_STRUCT,CLEAN,B2_EXACT_GLOBAL,0.1111111111111111,0.3333333333333333,0.3333333333333333,0.3333333333333333,False,False
Q0115,3,OPCODE_STRUCT,CLEAN,B3_HARD_COMPONENT,0.3333333333333333,0.3333333333333333,0.3333333333333333,0.3333333333333333,False,False
Q0115,3,OPCODE_STRUCT,CLEAN,B4_SOFT_GRAPH,0.1111111111111111,0.2,0.3333333333333333,0.25,False,False
Q0115,3,OPCODE_STRUCT,DROP30,B1_INDEPENDENT,0.1111111111111111,0.2,0.3333333333333333,0.25,False,False
Q0115,3,OPCODE_STRUCT,DROP30,B2_EXACT_GLOBAL,0.1111111111111111,0.3333333333333333,0.3333333333333333,0.3333333333333333,False,False
Q0115,3,OPCODE_STRUCT,DROP30,B3_HARD_COMPONENT,0.3333333333333333,0.2,0.3333333333333333,0.25,False,False
Q0115,3,OPCODE_STRUCT,DROP30,B4_SOFT_GRAPH,0.1111111111111111,0.2,0.3333333333333333,0.25,False,False
Q0115,3,OPCODE_STRUCT,BRIDGE,B1_INDEPENDENT,0.1111111111111111,0.2,0.3333333333333333,0.25,False,False
Q0115,3,OPCODE_STRUCT,BRIDGE,B2_EXACT_GLOBAL,0.1111111111111111,0.3333333333333333,0.3333333333333333,0.3333333333333333,False,False
Q0115,3,OPCODE_STRUCT,BRIDGE,B3_HARD_COMPONENT,0.3333333333333333,1.0,0.3333333333333333,0.5,False,False
Q0115,3,OPCODE_STRUCT,BRIDGE,B4_SOFT_GRAPH,0.1111111111111111,0.3333333333333333,0.3333333333333333,0.3333333333333333,False,False
Q0115,3,OPCODE_STRUCT,DROP30_BRIDGE,B1_INDEPENDENT,0.1111111111111111,0.2,0.3333333333333333,0.25,False,False
Q0115,3,OPCODE_STRUCT,DROP30_BRIDGE,B2_EXACT_GLOBAL,0.1111111111111111,0.3333333333333333,0.3333333333333333,0.3333333333333333,False,False
Q0115,3,OPCODE_STRUCT,DROP30_BRIDGE,B3_HARD_COMPONENT,0.0,0.0,0.0,0.0,False,False
Q0115,3,OPCODE_STRUCT,DROP30_BRIDGE,B4_SOFT_GRAPH,0.1111111111111111,0.25,0.3333333333333333,0.28571428571428575,False,False
Q0115,3,OPCODE_CONTEXT,CLEAN,B1_INDEPENDENT,0.2222222222222222,0.2857142857142857,0.6666666666666666,0.4,False,False
Q0115,3,OPCODE_CONTEXT,CLEAN,B2_EXACT_GLOBAL,0.1111111111111111,0.3333333333333333,0.3333333333333333,0.3333333333333333,False,False
Q0115,3,OPCODE_CONTEXT,CLEAN,B3_HARD_COMPONENT,0.0,0.0,0.0,0.0,False,False
Q0115,3,OPCODE_CONTEXT,CLEAN,B4_SOFT_GRAPH,0.2222222222222222,0.2857142857142857,0.6666666666666666,0.4,False,False
Q0115,3,OPCODE_CONTEXT,DROP30,B1_INDEPENDENT,0.2222222222222222,0.2857142857142857,0.6666666666666666,0.4,False,False
Q0115,3,OPCODE_CONTEXT,DROP30,B2_EXACT_GLOBAL,0.1111111111111111,0.3333333333333333,0.3333333333333333,0.3333333333333333,False,False
Q0115,3,OPCODE_CONTEXT,DROP30,B3_HARD_COMPONENT,0.1111111111111111,0.3333333333333333,0.3333333333333333,0.3333333333333333,False,False
Q0115,3,OPCODE_CONTEXT,DROP30,B4_SOFT_GRAPH,0.2222222222222222,0.2857142857142857,0.6666666666666666,0.4,False,False
Q0115,3,OPCODE_CONTEXT,BRIDGE,B1_INDEPENDENT,0.2222222222222222,0.2857142857142857,0.6666666666666666,0.4,False,False
Q0115,3,OPCODE_CONTEXT,BRIDGE,B2_EXACT_GLOBAL,0.1111111111111111,0.3333333333333333,0.3333333333333333,0.3333333333333333,False,False
Q0115,3,OPCODE_CONTEXT,BRIDGE,B3_HARD_COMPONENT,0.0,0.0,0.0,0.0,False,False
Q0115,3,OPCODE_CONTEXT,BRIDGE,B4_SOFT_GRAPH,0.2222222222222222,0.2857142857142857,0.6666666666666666,0.4,False,False
Q0115,3,OPCODE_CONTEXT,DROP30_BRIDGE,B1_INDEPENDENT,0.2222222222222222,0.2857142857142857,0.6666666666666666,0.4,False,False
Q0115,3,OPCODE_CONTEXT,DROP30_BRIDGE,B2_EXACT_GLOBAL,0.1111111111111111,0.3333333333333333,0.3333333333333333,0.3333333333333333,False,False
Q0115,3,OPCODE_CONTEXT,DROP30_BRIDGE,B3_HARD_COMPONENT,0.2222222222222222,0.3333333333333333,0.3333333333333333,0.3333333333333333,False,False
Q0115,3,OPCODE_CONTEXT,DROP30_BRIDGE,B4_SOFT_GRAPH,0.2222222222222222,0.2857142857142857,0.6666666666666666,0.4,False,False
Q0112,3,OPCODE_3GRAM,CLEAN,B1_INDEPENDENT,0.2222222222222222,0.3333333333333333,0.6666666666666666,0.4444444444444444,False,False
Q0112,3,OPCODE_3GRAM,CLEAN,B2_EXACT_GLOBAL,0.2222222222222222,0.3333333333333333,0.3333333333333333,0.3333333333333333,False,False
Q0112,3,OPCODE_3GRAM,CLEAN,B3_HARD_COMPONENT,0.3333333333333333,0.3333333333333333,0.3333333333333333,0.3333333333333333,False,False
Q0112,3,OPCODE_3GRAM,CLEAN,B4_SOFT_GRAPH,0.1111111111111111,0.5,0.3333333333333333,0.4,False,False
Q0112,3,OPCODE_3GRAM,DROP30,B1_INDEPENDENT,0.2222222222222222,0.3333333333333333,0.6666666666666666,0.4444444444444444,False,False
Q0112,3,OPCODE_3GRAM,DROP30,B2_EXACT_GLOBAL,0.2222222222222222,0.3333333333333333,0.3333333333333333,0.3333333333333333,False,False
Q0112,3,OPCODE_3GRAM,DROP30,B3_HARD_COMPONENT,0.4444444444444444,0.5,0.6666666666666666,0.5714285714285715,False,False
Q0112,3,OPCODE_3GRAM,DROP30,B4_SOFT_GRAPH,0.2222222222222222,0.5,0.6666666666666666,0.5714285714285715,False,False
Q0112,3,OPCODE_3GRAM,BRIDGE,B1_INDEPENDENT,0.2222222222222222,0.3333333333333333,0.6666666666666666,0.4444444444444444,False,False
Q0112,3,OPCODE_3GRAM,BRIDGE,B2_EXACT_GLOBAL,0.2222222222222222,0.3333333333333333,0.3333333333333333,0.3333333333333333,False,False
Q0112,3,OPCODE_3GRAM,BRIDGE,B3_HARD_COMPONENT,0.3333333333333333,1.0,0.3333333333333333,0.5,False,False
Q0112,3,OPCODE_3GRAM,BRIDGE,B4_SOFT_GRAPH,0.1111111111111111,0.5,0.3333333333333333,0.4,False,False
Q0112,3,OPCODE_3GRAM,DROP30_BRIDGE,B1_INDEPENDENT,0.2222222222222222,0.3333333333333333,0.6666666666666666,0.4444444444444444,False,False
Q0112,3,OPCODE_3GRAM,DROP30_BRIDGE,B2_EXACT_GLOBAL,0.2222222222222222,0.3333333333333333,0.3333333333333333,0.3333333333333333,False,False
Q0112,3,OPCODE_3GRAM,DROP30_BRIDGE,B3_HARD_COMPONENT,0.2222222222222222,0.3333333333333333,0.3333333333333333,0.3333333333333333,False,False
Q0112,3,OPCODE_3GRAM,DROP30_BRIDGE,B4_SOFT_GRAPH,0.1111111111111111,0.5,0.3333333333333333,0.4,False,False
Q0112,3,OPCODE_STRUCT,CLEAN,B1_INDEPENDENT,0.2222222222222222,0.4,0.6666666666666666,0.5,False,False
Q0112,3,OPCODE_STRUCT,CLEAN,B2_EXACT_GLOBAL,0.1111111111111111,0.3333333333333333,0.3333333333333333,0.3333333333333333,False,False
Q0112,3,OPCODE_STRUCT,CLEAN,B3_HARD_COMPONENT,0.3333333333333333,0.3333333333333333,0.3333333333333333,0.3333333333333333,False,False
Q0112,3,OPCODE_STRUCT,CLEAN,B4_SOFT_GRAPH,0.4444444444444444,0.6666666666666666,0.6666666666666666,0.6666666666666666,False,False
Q0112,3,OPCODE_STRUCT,DROP30,B1_INDEPENDENT,0.2222222222222222,0.4,0.6666666666666666,0.5,False,False
Q0112,3,OPCODE_STRUCT,DROP30,B2_EXACT_GLOBAL,0.1111111111111111,0.3333333333333333,0.3333333333333333,0.3333333333333333,False,False
Q0112,3,OPCODE_STRUCT,DROP30,B3_HARD_COMPONENT,0.2222222222222222,0.5,0.6666666666666666,0.5714285714285715,False,False
Q0112,3,OPCODE_STRUCT,DROP30,B4_SOFT_GRAPH,0.2222222222222222,0.5,0.6666666666666666,0.5714285714285715,False,False
Q0112,3,OPCODE_STRUCT,BRIDGE,B1_INDEPENDENT,0.2222222222222222,0.4,0.6666666666666666,0.5,False,False
Q0112,3,OPCODE_STRUCT,BRIDGE,B2_EXACT_GLOBAL,0.1111111111111111,0.3333333333333333,0.3333333333333333,0.3333333333333333,False,False
Q0112,3,OPCODE_STRUCT,BRIDGE,B3_HARD_COMPONENT,0.0,0.0,0.0,0.0,False,False
Q0112,3,OPCODE_STRUCT,BRIDGE,B4_SOFT_GRAPH,0.1111111111111111,0.3333333333333333,0.3333333333333333,0.3333333333333333,False,False
Q0112,3,OPCODE_STRUCT,DROP30_BRIDGE,B1_INDEPENDENT,0.2222222222222222,0.4,0.6666666666666666,0.5,False,False
Q0112,3,OPCODE_STRUCT,DROP30_BRIDGE,B2_EXACT_GLOBAL,0.1111111111111111,0.3333333333333333,0.3333333333333333,0.3333333333333333,False,False
Q0112,3,OPCODE_STRUCT,DROP30_BRIDGE,B3_HARD_COMPONENT,0.2222222222222222,0.3333333333333333,0.3333333333333333,0.3333333333333333,False,False
Q0112,3,OPCODE_STRUCT,DROP30_BRIDGE,B4_SOFT_GRAPH,0.1111111111111111,0.3333333333333333,0.3333333333333333,0.3333333333333333,False,False
Q0112,3,OPCODE_CONTEXT,CLEAN,B1_INDEPENDENT,0.3333333333333333,0.2857142857142857,0.6666666666666666,0.4,False,False
Q0112,3,OPCODE_CONTEXT,CLEAN,B2_EXACT_GLOBAL,0.3333333333333333,0.6666666666666666,0.6666666666666666,0.6666666666666666,False,False
Q0112,3,OPCODE_CONTEXT,CLEAN,B3_HARD_COMPONENT,0.3333333333333333,0.3333333333333333,0.3333333333333333,0.3333333333333333,False,False
Q0112,3,OPCODE_CONTEXT,CLEAN,B4_SOFT_GRAPH,0.3333333333333333,0.4,0.6666666666666666,0.5,False,False
Q0112,3,OPCODE_CONTEXT,DROP30,B1_INDEPENDENT,0.3333333333333333,0.2857142857142857,0.6666666666666666,0.4,False,False
Q0112,3,OPCODE_CONTEXT,DROP30,B2_EXACT_GLOBAL,0.3333333333333333,0.6666666666666666,0.6666666666666666,0.6666666666666666,False,False
Q0112,3,OPCODE_CONTEXT,DROP30,B3_HARD_COMPONENT,0.5555555555555556,0.4,0.6666666666666666,0.5,False,False
Q0112,3,OPCODE_CONTEXT,DROP30,B4_SOFT_GRAPH,0.3333333333333333,0.4,0.6666666666666666,0.5,False,False
Q0112,3,OPCODE_CONTEXT,BRIDGE,B1_INDEPENDENT,0.3333333333333333,0.2857142857142857,0.6666666666666666,0.4,False,False
Q0112,3,OPCODE_CONTEXT,BRIDGE,B2_EXACT_GLOBAL,0.3333333333333333,0.6666666666666666,0.6666666666666666,0.6666666666666666,False,False
Q0112,3,OPCODE_CONTEXT,BRIDGE,B3_HARD_COMPONENT,0.3333333333333333,1.0,0.3333333333333333,0.5,False,False
Q0112,3,OPCODE_CONTEXT,BRIDGE,B4_SOFT_GRAPH,0.3333333333333333,0.4,0.6666666666666666,0.5,False,False
Q0112,3,OPCODE_CONTEXT,DROP30_BRIDGE,B1_INDEPENDENT,0.3333333333333333,0.2857142857142857,0.6666666666666666,0.4,False,False
Q0112,3,OPCODE_CONTEXT,DROP30_BRIDGE,B2_EXACT_GLOBAL,0.3333333333333333,0.6666666666666666,0.6666666666666666,0.6666666666666666,False,False
Q0112,3,OPCODE_CONTEXT,DROP30_BRIDGE,B3_HARD_COMPONENT,0.1111111111111111,0.3333333333333333,0.3333333333333333,0.3333333333333333,False,False
Q0112,3,OPCODE_CONTEXT,DROP30_BRIDGE,B4_SOFT_GRAPH,0.3333333333333333,0.4,0.6666666666666666,0.5,False,False
