query_id,node_id,modality,code_op3_simhash128,code_struct_simhash128,code_context_simhash128,code_method_count,code_instruction_count,code_major_version,structured_simhash128,structured_token_count,structured_parse_kind,image_ahash64,image_dhash64,image_phash64,image_hist16,image_width,image_height,image_frames
Q11A0001,Q11A0001_N01,CODE_BINARY,71e78bba99c03416b812a33a28cd7af7,57bad5ce479fff212ee669b2f6823708,6237d21c7ca1e6b7f176d7970b366150,36,1359,69,,,,,,,,,,
Q11A0001,Q11A0001_N02,CODE_BINARY,64a7abf8b381e118b093803423cc68d3,77beceefe3967faaac8f68a6dfce17af,4023528c7c09e6f7314bd6bf071e2171,7,349,69,,,,,,,,,,
Q11A0001,Q11A0001_N03,CODE_BINARY,9fa06a5292662b1c3f483b75c9efc5ad,b73b839cc31e7f63a9dcee90dfabb2c9,423254c75e62a53736385e3f08770dbf,2,66,61,,,,,,,,,,
Q11A0001,Q11A0001_N04,CODE_BINARY,d7b5f9fbf46e7aa8677fdbfcfb7fe2ed,569389ea759fb6389ee4fd94df052d88,718a3dbe874f6e6b757f653a93967adc,2,28,61,,,,,,,,,,
Q11A0001,Q11A0001_N05,CODE_BINARY,d4fdcefcf2f4df3cdf99a148632ff4e8,539334ee619fba60aec76388d689610f,dbff9dbcacf52673fa736d97baf5665f,4,13,65,,,,,,,,,,
Q11A0001,Q11A0001_N06,STRUCTURED,,,,,,,2fc51f9feebdd2ce945275ee19634170,80,JSON,,,,,,,
Q11A0001,Q11A0001_N07,IMAGE,,,,,,,,,,0000183c3c3c3800,2d33cc86869e8e6d,4f3165c7939c4f30,"163,3343,3223,935,0,0,0,0,305,8,1493,0,529,0,0,0",512,512,1
Q11A0002,Q11A0002_N01,CODE_BINARY,4de3d13a3686530c8c0fac57bf3f0351,758b09ff479ff5f18ec64922d7bf17ef,b3ebf2d8464100f6581975de7a8e23d8,6,283,61,,,,,,,,,,
Q11A0002,Q11A0002_N02,CODE_BINARY,4de3d13a3686530c8c0fac57bf3f0351,758b09ff479ff5f18ec64922d7bf17ef,b3ebf2d8464100f6581975de7a8e23d8,6,283,61,,,,,,,,,,
Q11A0002,Q11A0002_N03,CODE_BINARY,0b1c310d5f83e13042c2bd24239e8bf3,17d2dcbe65bbd6606e646b82d60a3c58,cba3062c11aeeffbd5b57fb2528fa977,5,51,69,,,,,,,,,,
Q11A0002,Q11A0002_N04,CODE_BINARY,c5c5e065865172fc6be13964daf1516d,758b8bdf039eb7e88ad43820f7b317a3,4223509c4eb866af713bce9f2b3a2171,27,2316,69,,,,,,,,,,
Q11A0002,Q11A0002_N05,CODE_BINARY,3ecfba379544f0149f91c92b9ad29900,579345de419fbe308ec66ba8d732218d,63277a3daec9e2bf3a3ecdbf4b306357,20,316,65,,,,,,,,,,
Q11A0002,Q11A0002_N06,STRUCTURED,,,,,,,2eed421174cd96530cd0f4cf3d7294e0,397,JSON,,,,,,,
Q11A0002,Q11A0002_N07,IMAGE,,,,,,,,,,003c7e7e667e3c00,4d8e0f5571178e4d,40dc3f3760c93736,"0,0,11,295,106,103,170,162,183,4977,130,269,89,186,304,3015",128,128,1
Q11A0003,Q11A0003_N01,CODE_BINARY,16ac6eb2953a955672916f1f861a51bd,451a3dfb751bf4f18fc64da2fbce14ad,12aec3d845a14436fa7d0dca69b403d8,2,41,61,,,,,,,,,,
Q11A0003,Q11A0003_N02,CODE_BINARY,268e8e917573bd4476156c3f861b99dd,053a3ddf551ef6e1afc75ca273de04a5,822ec7c944655f37bafc0f8be99600da,2,57,61,,,,,,,,,,
Q11A0003,Q11A0003_N03,CODE_BINARY,c865d0c7ac40702d0314293a9c5c5318,d53a8682c79bd5e32a766db0bdea3e8d,da22d74ca82ca7f637799c93a9b662ce,3,45,61,,,,,,,,,,
Q11A0003,Q11A0003_N04,CODE_BINARY,9fa06a5292662b1c3f483b75c9efc5ad,b73b839cc31e7f63a9dcee90dfabb2c9,423254c75e62a53736385e3f08770dbf,2,66,61,,,,,,,,,,
Q11A0003,Q11A0003_N05,CODE_BINARY,8ccec162b5db29c7defdc313ed3c7af7,d39245fe679bfff18ec661a2978a30cf,7a36d0bc8be56673713adc8f2a337450,6,61,52,,,,,,,,,,
Q11A0003,Q11A0003_N06,STRUCTURED,,,,,,,975edf7edae3b53e5d1a4e7aba6b8bce,7,JSON,,,,,,,
Q11A0003,Q11A0003_N07,IMAGE,,,,,,,,,,ff038703038100ff,b139d1d9898a88ba,3fa5c35b8118fa98,"7923,78,59,49,728,165,51,223,110,146,58,105,104,56,10,134",536,401,1
Q11A0004,Q11A0004_N01,CODE_BINARY,4dcac1d384d36438a798295e59d0cfca,35ba07cf639fff23a88668a2ff0f3581,7233f23c4e28a03731395dde2f722959,60,4011,69,,,,,,,,,,
Q11A0004,Q11A0004_N02,CODE_BINARY,5ff6acf1949b763ac710ea5c6992eeeb,55aa87cf439f5d61a8464800d7a214ab,7233d63c4e30a027793a4fdf2b722dd8,24,1730,69,,,,,,,,,,
Q11A0004,Q11A0004_N03,CODE_BINARY,0bc90b76a2527e99ed3d644c5085cf57,739a403e429d37c8a8ac183046823dc9,2225e4934d11226eb133cc1e2e3e273d,4,80,69,,,,,,,,,,
Q11A0004,Q11A0004_N04,CODE_BINARY,17ba71d13487c53855a0491e99ea6b4c,359b079f439e5d61a8de2890d7be1483,722b663c4cf0a02f393fcd972b72ab59,43,1793,69,,,,,,,,,,
Q11A0004,Q11A0004_N05,CODE_BINARY,1da5805b13cab91884dfd35e5a062ac4,b7bbc3ee419f5761aaef590097a236af,5a33d69c4c18a037351a5cbf8f962d69,8,179,69,,,,,,,,,,
Q11A0004,Q11A0004_N06,STRUCTURED,,,,,,,2dc1589faf9b90c696d275ee5923d174,91,JSON,,,,,,,
Q11A0004,Q11A0004_N07,IMAGE,,,,,,,,,,ffff818181801000,b236c8e8e8c8d9e6,6a8685d1736c6a9d,"201,518,202,231,273,670,1715,1082,844,377,334,257,826,1145,1324,0",128,128,1
Q11A0005,Q11A0005_N01,CODE_BINARY,de92b77eee05a07c5dab0dfd444afe8c,55b289de639eb760aec450c2f28b25cf,42271a9f763abe37293aac17a8f41597,6,146,65,,,,,,,,,,
Q11A0005,Q11A0005_N02,CODE_BINARY,d3fde94fe332d0ecef7979ccfbbe73ef,12dad5fe419fb670bac47ba0d692698c,786efedc0dcdbeaf7d792f1ac1657c4e,3,15,65,,,,,,,,,,
Q11A0005,Q11A0005_N03,CODE_BINARY,dcfb6da61425f1155c9bc358f9cf99c8,57be47cf621eff61a8e60cc2f78b37cb,7237d23e4409a237303946ff4f362955,13,645,52,,,,,,,,,,
Q11A0005,Q11A0005_N04,CODE_BINARY,dcfb6da61425f1155c9bc358f9cf99c8,57be47cf621eff61a8e60cc2f78b37cb,7237d23e4409a237303946ff4f362955,13,645,52,,,,,,,,,,
Q11A0005,Q11A0005_N05,CODE_BINARY,afbb66ff140272790e0793f6e59f90c0,f737d3fe5a1fd79b2e3ef6af7d02efc9,e3a20f0ec504ae3790b463f3ebdcb81f,1,26,65,,,,,,,,,,
Q11A0005,Q11A0005_N06,STRUCTURED,,,,,,,2e2dd213358796c38c82f8af7de335e6,31,JSON,,,,,,,
Q11A0005,Q11A0005_N07,IMAGE,,,,,,,,,,3070f8fc3e1e0c00,9a1d5e1f0d874726,44ce6a15a75a7c99,"5000,0,0,1250,195,938,0,195,508,0,1055,469,156,0,195,39",16,16,1
Q11A0006,Q11A0006_N01,CODE_BINARY,1917827a15be6f9538da68d673aac6ba,539f75ff759bf6708fce4320d29a3fdd,027fd0bc4f61926efa3947d67bdc23d9,2,38,69,,,,,,,,,,
Q11A0006,Q11A0006_N02,CODE_BINARY,c709e5dc75c01495fcf796fed3f1026e,9399c4fa651bbe438e6663889690be0f,c9f5ca980f85f0f1c60afcaef8f23e41,3,28,69,,,,,,,,,,
Q11A0006,Q11A0006_N03,CODE_BINARY,c4bc211682ae46afef80cc1c1bc11bdd,57bbc0fe459f77218ec669a29702378d,0223f4144c48257774387e972ff24dfd,6,184,65,,,,,,,,,,
Q11A0006,Q11A0006_N04,CODE_BINARY,d4fdcefcf2f4df3cdf99a148632ff4e8,539334ee619fba60aec76388d689610f,dbff9dbcacf52673fa736d97baf5665f,4,13,65,,,,,,,,,,
Q11A0006,Q11A0006_N05,CODE_BINARY,dc00c4dd6624e23d1a2122bcd41541f7,b33ac2be431ed7a32ca25822ff83b7a9,523fe21c4c60a6371b3bdddf6b322bd9,8,324,52,,,,,,,,,,
Q11A0006,Q11A0006_N06,STRUCTURED,,,,,,,2dc5529fabbbd2ce96d675fe79619176,84,JSON,,,,,,,
Q11A0006,Q11A0006_N07,IMAGE,,,,,,,,,,3c243c0c3c3c3c3c,9696969696969696,1b33c6cc99338ccd,"6250,430,352,195,0,0,234,391,156,859,0,625,0,508,0,0",16,16,1
Q11A0007,Q11A0007_N01,CODE_BINARY,b2e1381f3e05e1a1421f89e662b9644d,169b94fa759ffa314e4469cab388208a,d02695c85a49271791b06c366e300d3b,2,17,65,,,,,,,,,,
Q11A0007,Q11A0007_N02,CODE_BINARY,1536ac5a9bc34d38e50a2a6e9286c1cb,b7bb67ffe793bd738ccf69c7df9e16c5,7277a0bc4c21a23f3937ce9a29322179,3,99,65,,,,,,,,,,
Q11A0007,Q11A0007_N03,CODE_BINARY,a3a246c7c0d37246a1daefeb63497280,5592c3da429fb728aac6d890d6a23d09,8a225a85b47b3eb758709ea79027389b,16,202,69,,,,,,,,,,
Q11A0007,Q11A0007_N04,CODE_BINARY,b3acfe53dafeecacd7c98d7d4ba92b38,939bd4ff751ff7a1cee6e188b681ffbc,df6abfa5e67adf7f97ef6fb7c8e681f6,2,16,69,,,,,,,,,,
Q11A0007,Q11A0007_N05,CODE_BINARY,ebb2cab5bba52a476509eb02765192c5,d7bbc6ee431fdfa1aa666db0d7822a89,c3331a05b466c5b7da649d37d726418f,13,366,65,,,,,,,,,,
Q11A0007,Q11A0007_N06,STRUCTURED,,,,,,,2dcd1817fcb293c497d2f5ae19a3d154,73,JSON,,,,,,,
Q11A0007,Q11A0007_N07,IMAGE,,,,,,,,,,006ef76c66262000,0433333633333340,43d03d1f7869b4e4,"5938,0,2227,0,1836,0,0,0,0,0,0,0,0,0,0,0",16,16,1
Q11A0008,Q11A0008_N01,CODE_BINARY,0fb0bed0b2cd64bae1266d9b9183e9fd,759ac79f439e5761aace6890d7921483,b3331426475880af112a0db72b762f49,30,1157,69,,,,,,,,,,
Q11A0008,Q11A0008_N02,CODE_BINARY,64a7abf8b381e118b093803423cc68d3,77beceefe3967faaac8f68a6dfce17af,4023528c7c09e6f7314bd6bf071e2171,7,349,69,,,,,,,,,,
Q11A0008,Q11A0008_N03,CODE_BINARY,7bf55974170f766843ac435aa9efd305,579a85fe639fff40aac45820f78a318d,123fd6b84e302627303aee5f3b70add9,14,281,69,,,,,,,,,,
Q11A0008,Q11A0008_N04,CODE_BINARY,c5c5e065865376fc7be13964daf1516d,758b8bdf039eb7e88bd43820d7b317a3,6223509c4eb866af713bce9f2b3a2171,26,2325,65,,,,,,,,,,
Q11A0008,Q11A0008_N05,CODE_BINARY,8a2f6ff40e7dde02c60f0956bd018e6e,92bb96fe759ff721bac4e3909693f98c,a21fe03ddd31b447e73ace261a306d59,2,15,65,,,,,,,,,,
Q11A0008,Q11A0008_N06,STRUCTURED,,,,,,,0f0fe0a29fa43191fe8f1b8fa2a3ace6,34,JSON,,,,,,,
Q11A0008,Q11A0008_N07,IMAGE,,,,,,,,,,0000183c3c3c3800,2d33cc86869e8e6d,4f3165c7939c4f30,"163,3343,3223,935,0,0,0,0,305,8,1493,0,529,0,0,0",512,512,1
Q11A0009,Q11A0009_N01,CODE_BINARY,4de3d13a3686530c8c0fac57bf3f0351,758b09ff479ff5f18ec64922d7bf17ef,b3ebf2d8464100f6581975de7a8e23d8,6,283,61,,,,,,,,,,
Q11A0009,Q11A0009_N02,CODE_BINARY,4de3d13a3686530c8c0fac57bf3f0351,758b09ff479ff5f18ec64922d7bf17ef,b3ebf2d8464100f6581975de7a8e23d8,6,283,61,,,,,,,,,,
Q11A0009,Q11A0009_N03,CODE_BINARY,a0d35c731c2228e86960cffea87edb9a,56ba869ae79f7f212e446810b78a3fc9,c42e66ee4f48ae7d11a9bd22ebf6468d,4,76,69,,,,,,,,,,
Q11A0009,Q11A0009_N04,CODE_BINARY,0c22fe03c4965749fe2580efb1ee8d33,579375ee619ffe008ec46188d680250d,dbbff07c8c85a2a3daf6eddf0bb4664f,6,25,69,,,,,,,,,,
Q11A0009,Q11A0009_N05,CODE_BINARY,705c58dd1763fcc3784fa8e684864092,d7bbd6fe659bf6e08e646182bc82bf8c,b30aeade65a53016f9bd6d827aac03d8,4,24,65,,,,,,,,,,
Q11A0009,Q11A0009_N06,STRUCTURED,,,,,,,2da13397afbb93cc945675ee1923c176,105,JSON,,,,,,,
Q11A0009,Q11A0009_N07,IMAGE,,,,,,,,,,003c7e7e667e3c00,4d8e0f5571178e4d,40dc3f3760c93736,"0,0,11,295,106,103,170,162,183,4977,130,269,89,186,304,3015",128,128,1
Q11A0010,Q11A0010_N01,CODE_BINARY,1536ac5a9bc34d38e50a2a6e9286c1cb,b7bb67ffe793bd738ccf69c7df9e16c5,7277a0bc4c21a23f3937ce9a29322179,3,99,65,,,,,,,,,,
Q11A0010,Q11A0010_N02,CODE_BINARY,45fe472ec02652304e20cebf92b307a7,519209de629ff7602ec678c0f78259ab,c2a6529c96e9e677d6124e969f562dd1,7,105,65,,,,,,,,,,
Q11A0010,Q11A0010_N03,CODE_BINARY,591ee4f397ca403bff48011d0bf04bf9,739a0b9f639edf61aa44d820d78a33ab,1321720ccc70a43e393ecffe2a340973,8,280,61,,,,,,,,,,
Q11A0010,Q11A0010_N04,CODE_BINARY,d7b5f9fbf46e7aa8677fdbfcfb7fe2ed,569389ea759fb6389ee4fd94df052d88,718a3dbe874f6e6b757f653a93967adc,2,28,61,,,,,,,,,,
Q11A0010,Q11A0010_N05,CODE_BINARY,c08fc410827a6a64fce2d9defed7cea7,d793c6fa679b77608ed469a0dcaa3acd,6e67fedc9fe17cff1f491c07f0723f99,5,56,61,,,,,,,,,,
Q11A0010,Q11A0010_N06,STRUCTURED,,,,,,,7e4fd7ba9fb095147f8f4f9bbea16fce,11,JSON,,,,,,,
Q11A0010,Q11A0010_N07,IMAGE,,,,,,,,,,0c0c0c2c2c0c0000,2626061616160002,139b6d4c936d9499,"8994,0,0,0,0,68,327,54,278,278,0,0,0,0,0,0",64,32,1
Q11A0011,Q11A0011_N01,CODE_BINARY,24cfa1bedaeb2c261891917c7dfe790a,fb2f7d5f4adbb6f099845244cbdad7aa,371ff20cf40b23bfb07b4caf2f322374,4,135,61,,,,,,,,,,
Q11A0011,Q11A0011_N02,CODE_BINARY,7cd2c19297bfb2e454a973761bd1e1d9,f58e86bb669bd6c28de76932d38a1fcd,f32beedf4dc13036fc3d058a7b9463d9,4,109,61,,,,,,,,,,
Q11A0011,Q11A0011_N03,CODE_BINARY,ae98e862a6d26f57edafc15ff7a57474,53a2e8de679cf7e0aec47912979329ed,2bf0c086efc696e0187a5ad0ac3dc532,6,101,65,,,,,,,,,,
Q11A0011,Q11A0011_N04,CODE_BINARY,770ef7df7cb6fb284a2b8c5c59e8682c,d7b89ce2c51bff23ce66e59ab6c1a60b,c00f0e8878bd1a732067c26384c227ff,3,26,65,,,,,,,,,,
Q11A0011,Q11A0011_N05,CODE_BINARY,9490ed3457287062b9c3c57ffe976eb6,d792c6fa439f5760aec459b0df8238ac,4b74e6d41f0779d71d0a1e2ff8d23d89,5,2296,61,,,,,,,,,,
Q11A0011,Q11A0011_N06,STRUCTURED,,,,,,,5e2b31a3dda663f8b8dbfeaf970260c2,79,JSON,,,,,,,
Q11A0011,Q11A0011_N07,IMAGE,,,,,,,,,,50303c3e7eb0ac80,5b9b9e17199eb7e7,4f807ae7309b6a39,"0,26,1417,2353,1310,1264,609,463,798,1263,102,108,26,50,22,189",384,384,1
Q11A0012,Q11A0012_N01,CODE_BINARY,858a08fb8e460dc7b563b0ab59ebcb5f,519284fa629c77e0aec47892d28228c5,e40afc9ee7dd306c1a382ccaa6d2671d,5,50,69,,,,,,,,,,
Q11A0012,Q11A0012_N02,CODE_BINARY,80deaea646d676c2a121c72b27443664,75a3c1df439df760a8cc582497b233a1,5b43da04c56ee4b49e3b5eb22ab663f9,6,201,69,,,,,,,,,,
Q11A0012,Q11A0012_N03,CODE_BINARY,0bc90b76a2527e99ed3d644c5085cf57,739a403e429d37c8a8ac183046823dc9,2225e4934d11226eb133cc1e2e3e273d,4,80,69,,,,,,,,,,
Q11A0012,Q11A0012_N04,CODE_BINARY,0c22fe03c4965749fe2580efb1ee8d33,579375ee619ffe008ec46188d680250d,dbbff07c8c85a2a3daf6eddf0bb4664f,6,25,69,,,,,,,,,,
Q11A0012,Q11A0012_N05,CODE_BINARY,3bdf0ed5e556ffc8fb77cbefbbd3effc,539334ee619fb260aec46388d680690e,fbffe57f8b85aba3daf6f9df0bbdffcf,3,12,65,,,,,,,,,,
Q11A0012,Q11A0012_N06,STRUCTURED,,,,,,,bf879f9ace30d602cc3275ef396b9263,47,JSON,,,,,,,
Q11A0012,Q11A0012_N07,IMAGE,,,,,,,,,,9d8161f7d3d5d1f3,c2c6345a59545c49,6a1b9b9cc5c2c365,"1599,0,0,0,0,0,0,0,0,0,0,0,0,0,0,8401",128,128,1
Q11A0013,Q11A0013_N01,CODE_BINARY,8ea1d75b6657fb5ec731e12e7e07525a,f58745fb661ff7ca0ea65e22d79a36e9,d31bfaad8e7cf671f8a89cbe5032e1db,7,1050,61,,,,,,,,,,
Q11A0013,Q11A0013_N02,CODE_BINARY,8ea1d75b6657fb5ec731e12e7e07525a,f58745fb661ff7ca0ea65e22d79a36e9,d31bfaad8e7cf671f8a89cbe5032e1db,7,1050,61,,,,,,,,,,
Q11A0013,Q11A0013_N03,CODE_BINARY,b7bd0deab2a47b33bff3c88edfc5d2fe,5693d4fe619d9640aec438c2f28a6d4c,deb4deab56e51e23db62cc15eea724bb,4,20,65,,,,,,,,,,
Q11A0013,Q11A0013_N04,CODE_BINARY,ae98e862a6d26f57edafc15ff7a57474,53a2e8de679cf7e0aec47912979329ed,2bf0c086efc696e0187a5ad0ac3dc532,6,101,65,,,,,,,,,,
Q11A0013,Q11A0013_N05,CODE_BINARY,8c33ef43ae3459784138bca7aefeb94c,3112c6fa649db7e08cd47900923638a5,9e9ad826869feda7b872cc9affbe242a,3,52,65,,,,,,,,,,
Q11A0013,Q11A0013_N06,STRUCTURED,,,,,,,2fbf32aac3a397d43856b2df3931946f,31,JSON,,,,,,,
Q11A0013,Q11A0013_N07,IMAGE,,,,,,,,,,ff038703038100ff,b139d1d9898a88ba,3fa5c35b8118fa98,"7923,78,59,49,728,165,51,223,110,146,58,105,104,56,10,134",536,401,1
Q11A0014,Q11A0014_N01,CODE_BINARY,c6e2f637b644b806564939373153bf85,d3ba8dfe621fffe1ace65122f683b78f,5331dabdcc680e31b868c5ff3f322396,8,301,69,,,,,,,,,,
Q11A0014,Q11A0014_N02,CODE_BINARY,97f5cc00b72700a8ee52499deb9d1a47,d783cdfa679dfd200ec668209792358d,4c33fe9e96e3f06739793ea2c3533dbc,7,214,69,,,,,,,,,,
Q11A0014,Q11A0014_N03,CODE_BINARY,ae98e862a6d26f57edafc15ff7a57474,53a2e8de679cf7e0aec47912979329ed,2bf0c086efc696e0187a5ad0ac3dc532,6,101,65,,,,,,,,,,
Q11A0014,Q11A0014_N04,CODE_BINARY,80df64b3f7686aa2ae20c0de4fd690ae,d7b2c8fa469df7e0aee4703096a23aa9,6866ee868f4e6ef1112bb8a0a9f75480,4,108,65,,,,,,,,,,
Q11A0014,Q11A0014_N05,CODE_BINARY,c880f0176cf622acff6a9a49abcb530c,d5b283ba439edf212ee65890f7823a8b,7223f6096c61a03f1419debe0c732b71,21,468,61,,,,,,,,,,
Q11A0014,Q11A0014_N06,STRUCTURED,,,,,,,2e2f16a3de3056e6b856f68e1b2384f7,151,JSON,,,,,,,
Q11A0014,Q11A0014_N07,IMAGE,,,,,,,,,,9d8161f7d3d5d1f3,c2c6345a59545c49,6a1b9b9cc5c2c365,"1599,0,0,0,0,0,0,0,0,0,0,0,0,0,0,8401",128,128,1
Q11A0015,Q11A0015_N01,CODE_BINARY,357c07fbb14e6389c3d900461a20f8e4,561fb4fe719ff660aac4df88f283e58b,bbeb8fb09ded56a3786b4bfb8e2662ff,2,7,65,,,,,,,,,,
Q11A0015,Q11A0015_N02,CODE_BINARY,357c07fbb14e6389c3d900461a20f8e4,561fb4fe719ff660aac4df88f283e58b,bbeb8fb09ded56a3786b4bfb8e2662ff,2,7,65,,,,,,,,,,
Q11A0015,Q11A0015_N03,CODE_BINARY,8d8fe5cf05caed9ac02ecbc05b14ee75,5712c1be639fb760aec45052f28a37cd,8234d4a910c10fb75a60d827f8332d99,5,40,61,,,,,,,,,,
Q11A0015,Q11A0015_N04,CODE_BINARY,8d8fe5cf05caed9ac02ecbc05b14ee75,5712c1be639fb760aec45052f28a37cd,8234d4a910c10fb75a60d827f8332d99,5,40,61,,,,,,,,,,
Q11A0015,Q11A0015_N05,CODE_BINARY,9fa06a5292662b1c3f483b75c9efc5ad,b73b839cc31e7f63a9dcee90dfabb2c9,423254c75e62a53736385e3f08770dbf,2,66,61,,,,,,,,,,
Q11A0015,Q11A0015_N06,STRUCTURED,,,,,,,8de508dabdda93c495c6f7ef1da3d552,23,JSON,,,,,,,
Q11A0015,Q11A0015_N07,IMAGE,,,,,,,,,,7cfe9e93d17e2600,1f79cddcdc1db33d,44f853c26a97196f,"0,0,0,964,2983,2324,1191,250,14,16,14,14,16,34,18,2164",256,256,1
Q11A0016,Q11A0016_N01,CODE_BINARY,2f2d5c7638c055bbe7ef9b0ddbd5c77b,179f4def780fb670948e0f80d2df15c9,f567e68d4c59857f15b7ce3fe836a775,2,60,65,,,,,,,,,,
Q11A0016,Q11A0016_N02,CODE_BINARY,94eaca5f8149457af5f5e95b1fc15d43,d79f27ff60dfb6f18cce53c1c63f37c7,e3301d8f5e68a69b3939ee3e2f3e2f7f,2,54,65,,,,,,,,,,
Q11A0016,Q11A0016_N03,CODE_BINARY,80df64b3f7686aa2ae20c0de4fd690ae,d7b2c8fa469df7e0aee4703096a23aa9,6866ee868f4e6ef1112bb8a0a9f75480,4,108,65,,,,,,,,,,
Q11A0016,Q11A0016_N04,CODE_BINARY,ae98e862a6d26f57edafc15ff7a57474,53a2e8de679cf7e0aec47912979329ed,2bf0c086efc696e0187a5ad0ac3dc532,6,101,65,,,,,,,,,,
Q11A0016,Q11A0016_N05,CODE_BINARY,2dac85d3aa54db16eb7e88e65f2733dc,529394da619fb668aec47ac0f28a6d0c,8283d0ad92e1b662a1726c168f0ee538,3,13,61,,,,,,,,,,
Q11A0016,Q11A0016_N06,STRUCTURED,,,,,,,d5469f3b0ff1bc0c5f927a3b3b373bc7,15,JSON,,,,,,,
Q11A0016,Q11A0016_N07,IMAGE,,,,,,,,,,ffe7819983e781ff,00f0ccccd470d4c8,7a89c3b78d48933c,"1457,19,10,15,18,97,29,16,16,20,62,44,21,17,45,8116",128,128,1
Q11A0017,Q11A0017_N01,CODE_BINARY,8f07c53236c3d318924b994fb9fb4259,758b4fcb669f57e08e0649a2df8f14a5,bbfbf21846498066f01945de3b8e23d8,5,181,61,,,,,,,,,,
Q11A0017,Q11A0017_N02,CODE_BINARY,4de3d13a3686530c8c0fac57bf3f0351,758b09ff479ff5f18ec64922d7bf17ef,b3ebf2d8464100f6581975de7a8e23d8,6,283,61,,,,,,,,,,
Q11A0017,Q11A0017_N03,CODE_BINARY,93c5215434aa096755c94dce0a9cd776,d78ac7fa439fff608ac66820d792338f,7223e20c6e73a27e141bc6970836011b,48,1044,65,,,,,,,,,,
Q11A0017,Q11A0017_N04,CODE_BINARY,7de73510f2438134cf89642ef185c150,559a05ee419ffe21ae6669a0f6a2358d,7233761c46e2a0ffd933cd972b362b51,53,1876,65,,,,,,,,,,
Q11A0017,Q11A0017_N05,CODE_BINARY,e1543c4a6efe96d45d73fd81885979e0,139309de419db7308ec47980d7a628ac,d184de2e066df9278be2ef1edba7246a,3,21,61,,,,,,,,,,
Q11A0017,Q11A0017_N06,STRUCTURED,,,,,,,1e0b53b7feb670126a8bdf37822bece6,34,JSON,,,,,,,
Q11A0017,Q11A0017_N07,IMAGE,,,,,,,,,,003c7e7e667e3c00,4d8e0f5571178e4d,40dc3f3760c93736,"0,0,11,295,106,103,170,162,183,4977,130,269,89,186,304,3015",128,128,1
Q11A0018,Q11A0018_N01,CODE_BINARY,76cd6c93c50a0f57d29d6fb696164d9c,0532bdd7751fe3e02ec45486fa4e2da5,b3fefbdde5c55036f8fd2d8a70ac63d8,1,10,61,,,,,,,,,,
Q11A0018,Q11A0018_N02,CODE_BINARY,16ac6eb2953a955672916f1f861a51bd,451a3dfb751bf4f18fc64da2fbce14ad,12aec3d845a14436fa7d0dca69b403d8,2,41,61,,,,,,,,,,
Q11A0018,Q11A0018_N03,CODE_BINARY,99de73fa4ae424d4cb7edfedaf3731a4,559b96fa659ff7698ec6e390b6a0ae89,46eb7c24a5d80eec926acc3dff32e716,3,30,65,,,,,,,,,,
Q11A0018,Q11A0018_N04,CODE_BINARY,d5fdf9f3f57f59aefe3cdffdfbff7dff,93bc1b35638b6bc1aa8dd298b60cb143,fd6e7edc0feefefffde9ae7fdbff3eee,1,4,65,,,,,,,,,,
Q11A0018,Q11A0018_N05,CODE_BINARY,89b342141434a4fcd40ef73ca5ec4a7b,359a83df419e7f01aace6890978235e9,6236f4bc447a8f47123b0d9fca32215d,6,101,61,,,,,,,,,,
Q11A0018,Q11A0018_N06,STRUCTURED,,,,,,,0fa70cb29cb610135e8d56ab9aa321e6,60,JSON,,,,,,,
Q11A0018,Q11A0018_N07,IMAGE,,,,,,,,,,ff038703038100ff,b139d1d9898a88ba,3fa5c35b8118fa98,"7923,78,59,49,728,165,51,223,110,146,58,105,104,56,10,134",536,401,1
Q11A0019,Q11A0019_N01,CODE_BINARY,74ada3f1f6c7e862f85a5aa743d8c863,d7bac6ea471fdfa32e264db0f7823a0d,4a2752ccb669ee613b189cb60f371191,40,1303,69,,,,,,,,,,
Q11A0019,Q11A0019_N02,CODE_BINARY,858a08fb8e460dc7b563b0ab59ebcb5f,519284fa629c77e0aec47892d28228c5,e40afc9ee7dd306c1a382ccaa6d2671d,5,50,69,,,,,,,,,,
Q11A0019,Q11A0019_N03,CODE_BINARY,eee39ccfaa58fdefcb8f99257260a078,d59f35fe759bf2e1cec669a0d2be3e8d,023294ce5e7da5b7b8b05e1f283e5cd8,2,33,61,,,,,,,,,,
Q11A0019,Q11A0019_N04,CODE_BINARY,c865d0c7ac40702d0314293a9c5c5318,d53a8682c79bd5e32a766db0bdea3e8d,da22d74ca82ca7f637799c93a9b662ce,3,45,61,,,,,,,,,,
Q11A0019,Q11A0019_N05,CODE_BINARY,8b97ffbe55605055fcb73e3e7af76b77,d3b084fdc70effc3eec7ff82f2f8ba0f,ebf5cad9aba5f0f1c60afcaef8f23e41,2,734,65,,,,,,,,,,
Q11A0019,Q11A0019_N06,STRUCTURED,,,,,,,1f8571b7dceea3147cdfde138632ffc3,39,JSON,,,,,,,
Q11A0019,Q11A0019_N07,IMAGE,,,,,,,,,,ffffffffffffffff,0000000000000000,562949fe29c6d629,"0,0,0,0,0,0,0,0,0,0,0,0,0,0,0,10000",16,16,1
Q11A0020,Q11A0020_N01,CODE_BINARY,cc02af7506456558054cab766f26495f,d5fa9eefe7975e43cbe76ca2fbca17c9,6a2b6a1edf7a60bfb9b04ebf2f362f1f,6,225,69,,,,,,,,,,
Q11A0020,Q11A0020_N02,CODE_BINARY,60af42829a5cfde0074a91db36944989,d5be48efd41ff7e29ba7fba2ffdeb7bd,4027f2ccfcaf60a5716acccb853e635c,2,149,69,,,,,,,,,,
Q11A0020,Q11A0020_N03,CODE_BINARY,c0adc55086db6b3cf88089fcbdd7de25,d793c6fa679b77608ed469a0dcaa3acd,6e627ecc9b617c711f081c47b0723f99,5,57,61,,,,,,,,,,
Q11A0020,Q11A0020_N04,CODE_BINARY,8081ed105761706238c7c9df7ed7eea6,d7b3cefa679f7760aec46880df823a8d,4b74e6dc1f4779d71d081c2ff8d23d89,5,154,61,,,,,,,,,,
Q11A0020,Q11A0020_N05,CODE_BINARY,87efe3dbfed7fbf7ef7b9dee5f27fafc,139b1cde619fb670aec4f380d28e6c0c,fab6d6b9d6e5667b9f7bff1dafbfe719,3,9,65,,,,,,,,,,
Q11A0020,Q11A0020_N06,STRUCTURED,,,,,,,1f4f9f3f9e307d3f6f835b1b8fa92ca6,14,JSON,,,,,,,
Q11A0020,Q11A0020_N07,IMAGE,,,,,,,,,,fe80808080808000,0bdbdbdbdbdbdbd0,7fd580d582d582d5,"0,0,0,0,0,2031,0,0,5938,0,0,0,2031,0,0,0",8,8,1
Q11A0021,Q11A0021_N01,CODE_BINARY,1917827a15be6f9538da68d673aac6ba,539f75ff759bf6708fce4320d29a3fdd,027fd0bc4f61926efa3947d67bdc23d9,2,38,69,,,,,,,,,,
Q11A0021,Q11A0021_N02,CODE_BINARY,b4f671f347080a89ed0fc58ebfb7582e,5433c6ba469df7688ac45010d6a234c9,4836de4621473e671a70caa7f8114599,5,241,69,,,,,,,,,,
Q11A0021,Q11A0021_N03,CODE_BINARY,8da63953cad1ec1c03675d3f3acccb3b,b12ec7db439fb660a8c51810d6f63485,6223753c8dd899e91d280db3ff720989,16,725,65,,,,,,,,,,
Q11A0021,Q11A0021_N04,CODE_BINARY,1da5805b13cab91884dfd35e5a062ac4,b7bbc3ee419f5761aaef590097a236af,5a33d69c4c18a037351a5cbf8f962d69,8,179,65,,,,,,,,,,
Q11A0021,Q11A0021_N05,CODE_BINARY,3edf72ba184a912a98981122d89f9b47,519375ce419fb6308ec46ba8d6a2618c,730f7a1cb38464bf10bfcd8f1338f3b7,24,327,65,,,,,,,,,,
Q11A0021,Q11A0021_N06,STRUCTURED,,,,,,,2ded309fffbb93cc14427ffe31a3d152,78,JSON,,,,,,,
Q11A0021,Q11A0021_N07,IMAGE,,,,,,,,,,ffe3838181c1e7ff,b3b0c8e2b8ccb233,2f0e875b871ce8c5,"1719,1875,781,312,312,0,0,156,0,4297,0,430,0,117,0,0",16,16,1
Q11A0022,Q11A0022_N01,CODE_BINARY,5be1cadbb20ea8552a9049dd45fc6803,d73a87fe679ff7202a446b88f78a3fc9,4d02ba84b05ebf671a497cbfd65c213f,3,35,65,,,,,,,,,,
Q11A0022,Q11A0022_N02,CODE_BINARY,94eaca5f8149457af5f5e95b1fc15d43,d79f27ff60dfb6f18cce53c1c63f37c7,e3301d8f5e68a69b3939ee3e2f3e2f7f,2,54,69,,,,,,,,,,
Q11A0022,Q11A0022_N03,CODE_BINARY,5bf049b4157b8a10bf75f10eb9cbea01,93be9cde619bf7e0aec7f6c2f68fae47,b19ae8db41f52572fa1d258a18e867d8,3,15,61,,,,,,,,,,
Q11A0022,Q11A0022_N04,CODE_BINARY,cd0486b4c9b183067a1bed5eb2edfd52,ebbd3d1742cb71b1988346c4fbf5d5e2,6ab5d1a87e71bf99e4692a9473992c9d,4,6,61,,,,,,,,,,
Q11A0022,Q11A0022_N05,CODE_BINARY,54ae45e21f271468cfa8c21c79cdd9d4,579a8dee471ffe618e6649a2778a158d,7223f21c5d0120b7313b5ebe2fb22b59,32,1522,65,,,,,,,,,,
Q11A0022,Q11A0022_N06,STRUCTURED,,,,,,,2e2dd213358796c38c82f8af7de335e6,31,JSON,,,,,,,
Q11A0022,Q11A0022_N07,IMAGE,,,,,,,,,,ffe7819983e781ff,00f0ccccd470d4c8,7a89c3b78d48933c,"1457,19,10,15,18,97,29,16,16,20,62,44,21,17,45,8116",128,128,1
Q11A0023,Q11A0023_N01,CODE_BINARY,14206b962c616d2197e0ee4767d56e26,d1bac7fa459f77a0aac649a0d6b2378d,5332d4fd6470ae57b831df737bb543df,20,340,69,,,,,,,,,,
Q11A0023,Q11A0023_N02,CODE_BINARY,baf077f554464648a3fcb1e99fe95fbf,d3bac7df439b7e61ac674cc2d78a37cf,623374bc4539ad7b123b4d5f0ef22949,13,288,69,,,,,,,,,,
Q11A0023,Q11A0023_N03,CODE_BINARY,8fae80538398cbb7eda7c56547d4f560,5793d5de419db6388ec4fb80d6a36988,1c9bd0aa4ac7a4e4493854442ebfa522,3,25,61,,,,,,,,,,
Q11A0023,Q11A0023_N04,CODE_BINARY,cd0486b4c9b183067a1bed5eb2edfd52,ebbd3d1742cb71b1988346c4fbf5d5e2,6ab5d1a87e71bf99e4692a9473992c9d,4,6,61,,,,,,,,,,
Q11A0023,Q11A0023_N05,CODE_BINARY,8081ed105761706238c7c9df7ed7eea6,d7b3cefa679f7760aec46880df823a8d,4b74e6dc1f4779d71d081c2ff8d23d89,5,154,61,,,,,,,,,,
Q11A0023,Q11A0023_N06,STRUCTURED,,,,,,,af6fb6329fb29d157e0d47bbb2ab6f4e,11,JSON,,,,,,,
Q11A0023,Q11A0023_N07,IMAGE,,,,,,,,,,0f0f0f0f0f0f0f0f,0000000000000000,3c9b52a55ab6964a,"5000,0,0,0,0,0,0,0,0,0,0,0,0,0,0,5000",2,32,1
Q11A0024,Q11A0024_N01,CODE_BINARY,d8ff836cd5027024fab1097e80d849e3,d7bbc6ee459fde618ec768a0f6a236cd,4237d2ac3a29e6b53d2bd6bf0b122063,7,141,61,,,,,,,,,,
Q11A0024,Q11A0024_N02,CODE_BINARY,ca3d78e3b56f50948d9b9ac95b2b1f2c,d3b2ccda479db760aec450a0d6a23aaf,a86fd9ac32bbef816a4b96de868b7603,6,657,61,,,,,,,,,,
Q11A0024,Q11A0024_N03,CODE_BINARY,80df64b3f7686aa2ae20c0de4fd690ae,d7b2c8fa469df7e0aee4703096a23aa9,6866ee868f4e6ef1112bb8a0a9f75480,4,108,65,,,,,,,,,,
Q11A0024,Q11A0024_N04,CODE_BINARY,b7bd0deab2a47b33bff3c88edfc5d2fe,5693d4fe619d9640aec438c2f28a6d4c,deb4deab56e51e23db62cc15eea724bb,4,20,65,,,,,,,,,,
Q11A0024,Q11A0024_N05,CODE_BINARY,352cae62b59b7db437599afebcdc7c53,d79e8ccf659bff608e664842d6ca26ab,4227d4bc4e29af23313bdfda0ffe21d9,5,185,52,,,,,,,,,,
Q11A0024,Q11A0024_N06,STRUCTURED,,,,,,,2dc5529fabbbd2ce96d675fe79619176,84,JSON,,,,,,,
Q11A0024,Q11A0024_N07,IMAGE,,,,,,,,,,19111143e3abbd99,8c08286874949684,2b005eff71959985,"5228,0,0,0,319,666,903,1143,730,524,158,181,148,0,0,0",16,304,1
Q11A0025,Q11A0025_N01,CODE_BINARY,1917827a15be6f9538da68d673aac6ba,539f75ff759bf6708fce4320d29a3fdd,027fd0bc4f61926efa3947d67bdc23d9,2,38,69,,,,,,,,,,
Q11A0025,Q11A0025_N02,CODE_BINARY,c509b5dc75d09485fcf797fef3f01266,d7bbc6fc611fbf208ee4e38af683a20b,d9f5ca9c0785f0f25e0afceef8f23e51,3,18,69,,,,,,,,,,
Q11A0025,Q11A0025_N03,CODE_BINARY,c8a6f335966ffe05cd90a52449fa8e68,11bac6df4397ff61ac4768a2ff8a348d,32b3d23c4768ee2618394dda3bfc21d9,13,274,61,,,,,,,,,,
Q11A0025,Q11A0025_N04,CODE_BINARY,808bcd10c6296a62b8c3c9dffed7cea7,d7b2cefa679b77e88ec469b09ea23a8d,4b74eedc9f4378d71d081c0ff8f23d89,5,107,61,,,,,,,,,,
Q11A0025,Q11A0025_N05,CODE_BINARY,1bce3023b102d7485ad1d1ebf9d09621,579375ee619ffe408ec46188d681250d,dbbfd07c8985a2a3daf6e9df0bb46657,7,29,65,,,,,,,,,,
Q11A0025,Q11A0025_N06,STRUCTURED,,,,,,,2fc51f9feebdd2ce945275ee19634170,80,JSON,,,,,,,
Q11A0025,Q11A0025_N07,IMAGE,,,,,,,,,,3c243c3c3c3c3c3c,9696968e8e969696,4e6323cecc9998c7,"6250,78,352,195,0,0,234,391,156,898,0,703,0,742,0,0",16,16,1
Q11A0026,Q11A0026_N01,CODE_BINARY,cdd7fbb9fc01d37dc0020d76fbf2b9e2,75ba8f8f439f5f61a8e74810b7aa358b,7233522c5fa820bd3d195ef60b7669f3,12,382,69,,,,,,,,,,
Q11A0026,Q11A0026_N02,CODE_BINARY,858a08fb8e460dc7b563b0ab59ebcb5f,519284fa629c77e0aec47892d28228c5,e40afc9ee7dd306c1a382ccaa6d2671d,5,50,69,,,,,,,,,,
Q11A0026,Q11A0026_N03,CODE_BINARY,3b8d16b7b06dc3dba7e3c34cabaee9b6,5793fcee419bbf60aec4688af682250c,d21790bf96ef83a603b03cb72a2f5d3b,6,29,65,,,,,,,,,,
Q11A0026,Q11A0026_N04,CODE_BINARY,a8f189ee057d71f64382b9363a5f5f2b,b78e3dff269bf07399874a40db7ed7ae,603ff09cdeb0eaa7f93acfdbad762f1b,5,174,69,,,,,,,,,,
Q11A0026,Q11A0026_N05,CODE_BINARY,6f67ce1eae6fe3098352c17d79cddbd3,f7b49ff66f9ff5cfdd845701fe7fb76d,fe19fe3f27fcf665f8afbdb6f9a3ed43,1,58,65,,,,,,,,,,
Q11A0026,Q11A0026_N06,STRUCTURED,,,,,,,a4cd021374cdb2c3ae907cdcddf696a0,76,JSON,,,,,,,
Q11A0026,Q11A0026_N07,IMAGE,,,,,,,,,,9d8161f7d3d5d1f3,c2c6345a59545c49,6a1b9b9cc5c2c365,"1599,0,0,0,0,0,0,0,0,0,0,0,0,0,0,8401",128,128,1
Q11A0027,Q11A0027_N01,CODE_BINARY,4882a218970cfd278f56ad0e69db6a30,c1bbd6eae493dfe18e6669a8bcca338d,198ffcbc452deb605cbdaca873b870c8,4,38,65,,,,,,,,,,
Q11A0027,Q11A0027_N02,CODE_BINARY,52fd68f8f8f350a426288b9baf1352eb,f52a86dac69b75b18ad669b295be30ac,e92bde8f0f6ebdb71ae89eaf83d724ca,32,680,65,,,,,,,,,,
Q11A0027,Q11A0027_N03,CODE_BINARY,d7b5f9fbf46e7aa8677fdbfcfb7fe2ed,569389ea759fb6389ee4fd94df052d88,718a3dbe874f6e6b757f653a93967adc,2,28,61,,,,,,,,,,
Q11A0027,Q11A0027_N04,CODE_BINARY,497f14eeb25021c1f62bbe9c73f1af7c,5583cfde439fb7688ae47900dfb23ca9,0012d6a4466ffd66b0095e8b08d730e1,9,215,61,,,,,,,,,,
Q11A0027,Q11A0027_N05,CODE_BINARY,da6f7ba094e72a35cddb2edd5bbb3960,57028dda439df760aec45810d6a224cd,c227cc8538493ef55a62d6b7e2922d92,5,42,65,,,,,,,,,,
Q11A0027,Q11A0027_N06,STRUCTURED,,,,,,,0e0fe1c39da42391fa8f1f8fa2a2ace6,34,JSON,,,,,,,
Q11A0027,Q11A0027_N07,IMAGE,,,,,,,,,,00081e7e7e3c0800,110c072b1f0e0d04,1f3078cde7309e86,"6523,0,1914,0,703,0,312,352,0,195,0,0,0,0,0,0",16,16,1
Q11A0028,Q11A0028_N01,CODE_BINARY,f834ab3d17c2e11032d283f598c4dae2,d7ba56c2479ffd212e4668a2b78237a9,e32332ac2308ffb199af5ebf03960137,18,421,65,,,,,,,,,,
Q11A0028,Q11A0028_N02,CODE_BINARY,5df9adebf10ab9c2c05f81aed60f5690,b53a77cfd7135cfb89c7e9a23d8e149d,60300bcc553a7b37bcadcee7cab4232f,3,82,65,,,,,,,,,,
Q11A0028,Q11A0028_N03,CODE_BINARY,fffdbffbef47ebfae3ff09ff9b2df0ed,169f35fe71dfb67096c4f38892a3ed1c,9bbe9cbc84e50663fa736d17aa24665f,2,6,65,,,,,,,,,,
Q11A0028,Q11A0028_N04,CODE_BINARY,fffdbffbef47ebfae3ff09ff9b2df0ed,169f35fe71dfb67096c4f38892a3ed1c,9bbe9cbc84e50663fa736d17aa24665f,2,6,65,,,,,,,,,,
Q11A0028,Q11A0028_N05,CODE_BINARY,f7ed5fffba4effbaff7fbbfe5bf9f7fd,139f39fe61dfb6709ec4f38092b7b89e,fbfe9fbc9eed6ffbff7bff3faf3d6f5f,2,5,61,,,,,,,,,,
Q11A0028,Q11A0028_N06,STRUCTURED,,,,,,,975edf6adb62b51e4d9b4afab2478bce,8,JSON,,,,,,,
Q11A0028,Q11A0028_N07,IMAGE,,,,,,,,,,0042000000007e70,03454555455d1b19,443bc61f3bc43bc4,"0,1562,2344,5391,0,0,0,0,0,0,0,703,0,0,0,0",16,16,1
Q11A0029,Q11A0029_N01,CODE_BINARY,30ad5f6c8a42bbb9a1e109ee9b28f0ea,169f77fe709fb6608ac4d789f283e58d,9bbe9cbc84e50663fa736d17aa24665f,2,7,69,,,,,,,,,,
Q11A0029,Q11A0029_N02,CODE_BINARY,e1a5fa33d9d2b80cda20411a621a70f0,539241fb429f37e9aaa65800f7b237a9,62275eaec668fb37b069ccdb4b942057,68,1495,51,,,,,,,,,,
Q11A0029,Q11A0029_N03,CODE_BINARY,93c5215434aa096755c94dce0a9cd776,d78ac7fa439fff608ac66820d792338f,7223e20c6e73a27e141bc6970836011b,48,1044,65,,,,,,,,,,
Q11A0029,Q11A0029_N04,CODE_BINARY,13ed0fdbaa46ebb8c37b09e61b29e0ec,179f37fe71dff6708ec4e38892a3a81e,9bbe9cbc84e50663fa736d17aa24665f,2,6,65,,,,,,,,,,
Q11A0029,Q11A0029_N05,CODE_BINARY,8da63953cad1ec1c03675d3f3acccb3b,b12ec7db439fb660a8c51810d6f63485,6223753c8dd899e91d280db3ff720989,16,725,65,,,,,,,,,,
Q11A0029,Q11A0029_N06,STRUCTURED,,,,,,,dd653cf2ec91d5c594c6ffef19a35432,27,JSON,,,,,,,
Q11A0029,Q11A0029_N07,IMAGE,,,,,,,,,,e0e000080000fbfc,36b6d646aab2b436,6b62e337c2c11e35,"151,4237,608,739,302,190,230,258,129,216,182,2,0,17,0,2738",512,512,1
Q11A0030,Q11A0030_N01,CODE_BINARY,380a9f5c7062a9a05fe981a970c46f21,55b2dcee459ff7602ec648a2be8237ad,5267e0efe4aaa8a37ba68efb43b0452e,5,47,61,,,,,,,,,,
Q11A0030,Q11A0030_N02,CODE_BINARY,7b3c63e9b757aabc5bf80beadbebd8f4,12da30ce599fb6789bc4e285960a9504,ba9ea3ecb5757773bf79fd7faa64f64e,2,10,61,,,,,,,,,,
Q11A0030,Q11A0030_N03,CODE_BINARY,eee39ccfaa58fdefcb8f99257260a078,d59f35fe759bf2e1cec669a0d2be3e8d,023294ce5e7da5b7b8b05e1f283e5cd8,2,33,61,,,,,,,,,,
Q11A0030,Q11A0030_N04,CODE_BINARY,497f14eeb25021c1f62bbe9c73f1af7c,5583cfde439fb7688ae47900dfb23ca9,0012d6a4466ffd66b0095e8b08d730e1,9,215,61,,,,,,,,,,
Q11A0030,Q11A0030_N05,CODE_BINARY,8ccec162b5db29c7defdc313ed3c7af7,d39245fe679bfff18ec661a2978a30cf,7a36d0bc8be56673713adc8f2a337450,6,61,52,,,,,,,,,,
Q11A0030,Q11A0030_N06,STRUCTURED,,,,,,,2dc5529fabbbd2ce96d675fe79619176,84,JSON,,,,,,,
Q11A0030,Q11A0030_N07,IMAGE,,,,,,,,,,ffffc7c7ffffffff,0000606000200000,3031cfcf663039cb,"0,0,0,0,0,0,0,0,0,0,0,0,46,122,76,9756",64,64,1
Q11A0031,Q11A0031_N01,CODE_BINARY,8ea1d75b6657fb5ec731e12e7e07525a,f58745fb661ff7ca0ea65e22d79a36e9,d31bfaad8e7cf671f8a89cbe5032e1db,7,1050,61,,,,,,,,,,
Q11A0031,Q11A0031_N02,CODE_BINARY,3f7c8e7356b21828c7b90ffcba9e6bfe,518245fa629fb760ae867860d78a1dcd,527734cdcf29a037bfb3de93abb4c999,5,58,69,,,,,,,,,,
Q11A0031,Q11A0031_N03,CODE_BINARY,fdf7cda5b642433e5b0f206efb8493d0,559205ce659fff212ec669a0f6a23588,62237e1cc7e2a0fbd131c5d72b762b41,49,1910,65,,,,,,,,,,
Q11A0031,Q11A0031_N04,CODE_BINARY,074d6dedb50bb92cea20e6e20bec626a,d3a2487a408df760aae47010d2b33daf,822887a59d6bfa77b0a9b5aea99388ab,4,121,61,,,,,,,,,,
Q11A0031,Q11A0031_N05,CODE_BINARY,76cd6c93c50a0f57d29d6fb696164d9c,0532bdd7751fe3e02ec45486fa4e2da5,b3fefbdde5c55036f8fd2d8a70ac63d8,1,10,61,,,,,,,,,,
Q11A0031,Q11A0031_N06,STRUCTURED,,,,,,,2d851a9fac9fd3cc96d275ee19a15172,93,JSON,,,,,,,
Q11A0031,Q11A0031_N07,IMAGE,,,,,,,,,,000e3e7e7e7c7800,0703050d1b373c18,459d3a626ec931ce,"4375,1406,0,1484,1367,664,0,469,0,0,117,0,117,0,0,0",16,16,1
Q11A0032,Q11A0032_N01,CODE_BINARY,cb844be21542de36c2a4c17a7bb6f1c4,559283da439f5720aac64880f7823a89,0237d09c4c71a77776388c362f324d99,27,407,69,,,,,,,,,,
Q11A0032,Q11A0032_N02,CODE_BINARY,f1afedd51407fe67d37e2d0beb1f9a32,5382c5fa439db740aac45820d6b2388d,4edffc8405cfffa17d298c3cf033b18b,10,230,65,,,,,,,,,,
Q11A0032,Q11A0032_N03,CODE_BINARY,060d49adb13f1824fa20e66207ec422a,53a2c9fb478df7408aec5014d6b33ceb,82688fa78d6ff863b1ada58a29d390eb,4,190,61,,,,,,,,,,
Q11A0032,Q11A0032_N04,CODE_BINARY,8fae80538398cbb7eda7c56547d4f560,5793d5de419db6388ec4fb80d6a36988,1c9bd0aa4ac7a4e4493854442ebfa522,3,25,61,,,,,,,,,,
Q11A0032,Q11A0032_N05,CODE_BINARY,46db4803d512fd44fa10c36ba05e8f50,539355ee619fb660aec66288d682290f,cb7efd8c84e50a2b9a76691f8b24661b,7,34,65,,,,,,,,,,
Q11A0032,Q11A0032_N06,STRUCTURED,,,,,,,5dad3393dfb5ab59bc931c238e0266c2,43,JSON,,,,,,,
Q11A0032,Q11A0032_N07,IMAGE,,,,,,,,,,cba33c6cd3332c0c,a9a9aaab2bbbaaaa,55ad3ba4f052c6d2,"0,0,0,0,0,0,977,898,898,312,977,508,312,312,0,4805",16,16,1
Q11A0033,Q11A0033_N01,CODE_BINARY,59e444bad24749a81d1aa831af96778b,75aacbdf471e3761aac65822f79e15ab,b3abe69846e0c0bad83d65ca7fba2bd8,12,859,69,,,,,,,,,,
Q11A0033,Q11A0033_N02,CODE_BINARY,dbe7b8d79c89e2d48be6a20e3599f052,d13af5fe659ff7c0aee65582f68fb7cd,113fd2cce5e53a32bb958d8a6bb442d8,8,125,69,,,,,,,,,,
Q11A0033,Q11A0033_N03,CODE_BINARY,d7b8657f1b5ff08cd7cac97ca8dd5ffc,d7b38acec3bfffe1a8946930dd2230ab,0621908e5e71e49ff039ce56af3e0b3b,4,174,61,,,,,,,,,,
Q11A0033,Q11A0033_N04,CODE_BINARY,dee3e4715603f0f96e2683b5f1ce1186,f73ac7aa469f5f20ace74a50d78a36cd,e223ae4ecd04a63791b477bb6b96285d,7,211,65,,,,,,,,,,
Q11A0033,Q11A0033_N05,CODE_BINARY,f1afedd51407fe67d37e2d0beb1f9a32,5382c5fa439db740aac45820d6b2388d,4edffc8405cfffa17d298c3cf033b18b,10,230,65,,,,,,,,,,
Q11A0033,Q11A0033_N06,STRUCTURED,,,,,,,2de51a97adba93c4955677ee39a14172,89,JSON,,,,,,,
Q11A0033,Q11A0033_N07,IMAGE,,,,,,,,,,c0fc7e766e780000,ef1f3b3b33356d0f,45fe58fb32254392,"322,625,358,448,1159,1322,1227,1529,852,446,318,277,216,159,180,561",1024,1024,1
Q11A0034,Q11A0034_N01,CODE_BINARY,f2e1f3fb737c41a3f16d9da69b666825,579281fa639f7768aac6d080f782aa8b,4827fc86874fffa518689dab98b73499,16,600,69,,,,,,,,,,
Q11A0034,Q11A0034_N02,CODE_BINARY,0ba7ab94b75a0e409d1a7732ba858947,559307ce439fbe298ac66880d7823189,6222e68d4570ae73b031cdfa2f324387,27,923,69,,,,,,,,,,
Q11A0034,Q11A0034_N03,CODE_BINARY,653cebb983c58d5da3843f0a95c168fe,d7bac7dec39f7f2108c6689196823689,400f6eaca17d4cfd18028593631e1191,29,802,69,,,,,,,,,,
Q11A0034,Q11A0034_N04,CODE_BINARY,da6f7ba094e72a35cddb2edd5bbb3960,57028dda439df760aec45810d6a224cd,c227cc8538493ef55a62d6b7e2922d92,5,42,65,,,,,,,,,,
Q11A0034,Q11A0034_N05,CODE_BINARY,13ed0fdbaa46ebb8c37b09e61b29e0ec,3f5fb5fe79dff6c8eec4f38cfe83ff49,9bbe9cbc84e50663fa736d17aa24665f,1,3,69,,,,,,,,,,
Q11A0034,Q11A0034_N06,STRUCTURED,,,,,,,d1ef9ed6da3a307bde6f71998d2bd446,25,TEXT_FALLBACK,,,,,,,
Q11A0034,Q11A0034_N07,IMAGE,,,,,,,,,,ffffffffffffffff,0000000000000000,562949fe29c6d629,"0,0,0,0,0,0,0,0,0,0,0,0,0,0,0,10000",1,1,1
Q11A0035,Q11A0035_N01,CODE_BINARY,62642bfeac8e8077a56173e44c10cfb3,d392d3da439d7768aac45084f68259a9,1c9bd0aa4ac7a4e4493854442cbba522,7,343,61,,,,,,,,,,
Q11A0035,Q11A0035_N02,CODE_BINARY,c32ac483156a4de0a711a4d5f4bd0a93,d39365fe459df7a01ae47020f683618d,3849fce35b74bf713628848e0264f7cc,6,323,65,,,,,,,,,,
Q11A0035,Q11A0035_N03,CODE_BINARY,8da63953cad1ec1c03675d3f3acccb3b,b12ec7db439fb660a8c51810d6f63485,6223753c8dd899e91d280db3ff720989,16,725,65,,,,,,,,,,
Q11A0035,Q11A0035_N04,CODE_BINARY,5682f76426d2d22e2f5fe02bd3e8f150,d1b2829a439f57e02ec65990b6823f89,9232d289a5f120be79395d872a36e351,9,89,61,,,,,,,,,,
Q11A0035,Q11A0035_N05,CODE_BINARY,4821bee4b5c29037f505011ff89ccae2,d39ac4ee639fff212aa648a2f68a2709,e22750bc6629afb3111b54bf0db22141,60,1519,61,,,,,,,,,,
Q11A0035,Q11A0035_N06,STRUCTURED,,,,,,,87e73534e8d98bcc15c677ae09a2d225,53,JSON,,,,,,,
Q11A0035,Q11A0035_N07,IMAGE,,,,,,,,,,ffffffffffffffff,0000000000000000,562949fe29c6d629,"0,0,0,0,0,0,0,0,0,0,0,0,0,0,0,10000",1,1,1
Q11A0036,Q11A0036_N01,CODE_BINARY,1917827a15be6f9538da68d673aac6ba,539f75ff759bf6708fce4320d29a3fdd,027fd0bc4f61926efa3947d67bdc23d9,2,38,69,,,,,,,,,,
Q11A0036,Q11A0036_N02,CODE_BINARY,13af4f9a92beea39817a8f261b6b71c8,d69f54fe609fb6489ec4f789f283fd0c,dfacbc8ca47c9f67beef6dbfd3a46076,2,7,65,,,,,,,,,,
Q11A0036,Q11A0036_N03,CODE_BINARY,ceb71d29a0cb1239ae0c869f7ae1a961,d23994fd671bbff38b0df782c088aee6,e22f788c3a89f6f1c34796b7829a3272,2,534,65,,,,,,,,,,
Q11A0036,Q11A0036_N04,CODE_BINARY,8a2f6ff40e7dde02c60f0956bd018e6e,92bb96fe759ff721bac4e3909693f98c,a21fe03ddd31b447e73ace261a306d59,2,15,65,,,,,,,,,,
Q11A0036,Q11A0036_N05,CODE_BINARY,c509b5dc75d09485fcf797fef3f01266,d7bbc6fc611fbf208ee4e38af683a20b,d9f5ca9c0785f0f25e0afceef8f23e51,3,18,69,,,,,,,,,,
Q11A0036,Q11A0036_N06,STRUCTURED,,,,,,,2f213c3eaf3ed7d4dcd6d5fe39a3c73f,14,JSON,,,,,,,
Q11A0036,Q11A0036_N07,IMAGE,,,,,,,,,,fe82fe00ef2bef00,a1a1a9b134252425,77d55d8122d55c91,"0,0,0,0,0,0,1797,7930,273,0,0,0,0,0,0,0",16,16,1
Q11A0037,Q11A0037_N01,CODE_BINARY,6ee4a772a849262e67bd294a78b5ee7f,57be27cac39b7f718c476892978a148d,c20b64bc0439c256563bed374f76895f,4,97,69,,,,,,,,,,
Q11A0037,Q11A0037_N02,CODE_BINARY,c9a6f07976e012908ca3e3dfe3e31368,d5bb87cf679f5f23aec66800f7a238a5,dbe3f698cc6122b370587db73ff247d3,28,839,65,,,,,,,,,,
Q11A0037,Q11A0037_N03,CODE_BINARY,c7afa9e7df81425322890c6100356f0b,d52f88ee469fff468ea75822f7c937a9,e62afac6e4f8dd27b23807d3cebc011e,4,224,61,,,,,,,,,,
Q11A0037,Q11A0037_N04,CODE_BINARY,747541abb45879b6c448318915c6c283,f5bec7df471ffee189e649a3d7de1781,f2336f1dc62446b37829c5de290623dd,27,1748,65,,,,,,,,,,
Q11A0037,Q11A0037_N05,CODE_BINARY,1e58f0f1462f67a8c8216d22ab104bd7,04b8cfdfc41ea740aee55d00729e17ad,5267475e8e31fab21d705dd73db3449b,3,73,69,,,,,,,,,,
Q11A0037,Q11A0037_N06,STRUCTURED,,,,,,,2e894291d58f92d20cc2fca631e3b4e2,170,JSON,,,,,,,
Q11A0037,Q11A0037_N07,IMAGE,,,,,,,,,,00ffffffffffff00,4145454545454541,54c42baa3bd43b2b,"742,0,0,0,0,0,0,0,0,0,1438,0,0,7820,0,0",160,32,1
Q11A0038,Q11A0038_N01,CODE_BINARY,74ada3f1f6c7e862f85a5aa743d8c863,d7bac6ea471fdfa32e264db0f7823a0d,4a2752ccb669ee613b189cb60f371191,40,1303,69,,,,,,,,,,
Q11A0038,Q11A0038_N02,CODE_BINARY,4ba2be717131630632ffd4d2d6ee2658,d7ba85da479fd760aee6591096823f89,54b1942e8e32a6a7197bcd15ae3e291f,9,127,65,,,,,,,,,,
Q11A0038,Q11A0038_N03,CODE_BINARY,51bbc1fc3502f2289de3e107f8cada08,35ba868e439e5f23a8474a10bf8233cf,7227d65c5c61a6e7d83bc69f0bba2b79,11,329,65,,,,,,,,,,
Q11A0038,Q11A0038_N04,CODE_BINARY,970fc3f04407dcca7ab4511ecca93174,53931fd645bfbe710e466ba0f72824ac,e3e2cb5e45c54236da9c658e799c09d9,3,34,65,,,,,,,,,,
Q11A0038,Q11A0038_N05,CODE_BINARY,74ada3f1f6c7e862f85a5aa743d8c863,d7bac6ea471fdfa32e264db0f7823a0d,4a2752ccb669ee613b189cb60f371191,40,1303,69,,,,,,,,,,
Q11A0038,Q11A0038_N06,STRUCTURED,,,,,,,2dc95a97bfbe90c4b47275ce1f63d1f2,92,JSON,,,,,,,
Q11A0038,Q11A0038_N07,IMAGE,,,,,,,,,,003c7e66667e3c00,0e0f3333332b0f0c,05955adf607a6179,"5123,15,28,4757,13,12,18,6,27,0,0,0,0,0,0,0",1800,1800,1
Q11A0039,Q11A0039_N01,CODE_BINARY,1e83db71cf01607c861989757994c9b9,539355ce439ffe214a466aa8f6a2618d,62337a3ccf0120b791b2e5bf2ff42b77,51,1228,69,,,,,,,,,,
Q11A0039,Q11A0039_N02,CODE_BINARY,3b07616dbb44eecd0a77d7cdb9f21430,579335ce619db6708ac46288d6a2490d,d73fc06d8a658da5d2eec9bf83b96786,16,100,69,,,,,,,,,,
Q11A0039,Q11A0039_N03,CODE_BINARY,cea71d09a0cb1235ae0c869f7ae1a961,5182c9da438d9508aaa75820f7924da9,e22f688c3a89f6f1c347d6b7829a3a72,63,1337,61,,,,,,,,,,
Q11A0039,Q11A0039_N04,CODE_BINARY,dcfb6da61425f1155c9bc358f9cf99c8,57be47cf621eff61a8e60cc2f78b37cb,7237d23e4409a237303946ff4f362955,13,645,52,,,,,,,,,,
Q11A0039,Q11A0039_N05,CODE_BINARY,74b4ac391703f6026dda58bbfcddd912,f3ba453f471fff2128c65820b7f237ab,422b5d9c4e12f297b839ccdfefba2b1b,12,585,69,,,,,,,,,,
Q11A0039,Q11A0039_N06,STRUCTURED,,,,,,,5dad3393dfb5ab59bc931c238e0266c2,43,JSON,,,,,,,
Q11A0039,Q11A0039_N07,IMAGE,,,,,,,,,,2aa8cefa3e46faf2,aaaaabababaaaaaa,771bef0285fd3081,"273,352,78,0,1172,938,0,156,938,469,938,195,0,0,0,4492",16,16,1
Q11A0040,Q11A0040_N01,CODE_BINARY,00b75f04b06738846a25ae386375df0d,d5b287da639f7721aac6e890b7023289,032270866473a1979a3ddd932af455cb,23,463,65,,,,,,,,,,
Q11A0040,Q11A0040_N02,CODE_BINARY,0584d3092601722e0d5fc88ef995f2ca,171a05ce519fb671aac74b80d6af3485,0a3ac67c4624ea6bfd3c4f573bf4abd0,2,45,65,,,,,,,,,,
Q11A0040,Q11A0040_N03,CODE_BINARY,fffdbffbef47ebfae3ff09ff9b2df0ed,169f35fe71dfb67096c4f38892a3ed1c,9bbe9cbc84e50663fa736d17aa24665f,2,6,65,,,,,,,,,,
Q11A0040,Q11A0040_N04,CODE_BINARY,dcfb6da61425f1155c9bc358f9cf99c8,57be47cf621eff61a8e60cc2f78b37cb,7237d23e4409a237303946ff4f362955,13,645,52,,,,,,,,,,
Q11A0040,Q11A0040_N05,CODE_BINARY,4ffa73f89d1fe4b8c19ae04439e6db5d,d5bac6ee471fd7202e6649b0ff82338d,6233f63c5e71a5677138cc962f722dd9,13,356,65,,,,,,,,,,
Q11A0040,Q11A0040_N06,STRUCTURED,,,,,,,2de15a17ae9290cc97c275ee1923d116,76,JSON,,,,,,,
Q11A0040,Q11A0040_N07,IMAGE,,,,,,,,,,fff7cd424200e7ff,0038d62169e8b201,31cfcf2484b71b98,"0,0,0,0,0,0,0,625,18,21,112,18,491,112,702,7900",710,710,1
Q11A0041,Q11A0041_N01,CODE_BINARY,380a9f5c7062a9a05fe981a970c46f21,55b2dcee459ff7602ec648a2be8237ad,5267e0efe4aaa8a37ba68efb43b0452e,5,47,61,,,,,,,,,,
Q11A0041,Q11A0041_N02,CODE_BINARY,d9d947f89d42e9367088a5fea1494945,979a47cf439bff21a8a769a2f78a37ce,7302d68c562ac4b79120cf1f0b362bf7,18,441,69,,,,,,,,,,
Q11A0041,Q11A0041_N03,CODE_BINARY,97df8112f62fb44dfc8b85096df26b50,d7bac4fe619bff612ec74192f68a32cf,333ff2dccdc126263a1e0e9e3ab463d8,7,88,61,,,,,,,,,,
Q11A0041,Q11A0041_N04,CODE_BINARY,7a62cffd9566361026b523f879dae8e6,d7bad4dfc79f7fe18ec769a2f7ca268d,1133e8edc170fee1a00199fb5132e3d9,10,223,69,,,,,,,,,,
Q11A0041,Q11A0041_N05,CODE_BINARY,7b3c63e9b757aabc5bf80beadbebd8f4,12da30ce599fb6789bc4e285960a9504,ba9ea3ecb5757773bf79fd7faa64f64e,2,10,61,,,,,,,,,,
Q11A0041,Q11A0041_N06,STRUCTURED,,,,,,,080b61b3fdb58356bdc39e03820a6f86,50,JSON,,,,,,,
Q11A0041,Q11A0041_N07,IMAGE,,,,,,,,,,00003c3c3c180000,28548ebe9a2e6916,4adb3164c67399cc,"0,0,234,508,234,7422,0,312,0,742,234,156,0,117,39,0",16,16,1
Q11A0042,Q11A0042_N01,CODE_BINARY,45fe472ec02652304e20cebf92b307a7,519209de629ff7602ec678c0f78259ab,c2a6529c96e9e677d6124e969f562dd1,7,105,65,,,,,,,,,,
Q11A0042,Q11A0042_N02,CODE_BINARY,6ee4a772a849262e67bd294a78b5ee7f,57be27cac39b7f718c476892978a148d,c20b64bc0439c256563bed374f76895f,4,97,69,,,,,,,,,,
Q11A0042,Q11A0042_N03,CODE_BINARY,beb6c4ddf1004f1b470f8b83709c2196,9638d4ace49ce7a4cbe47d92a6da6789,e3a20f0ec504ae3780b463f3ebdca817,2,102,69,,,,,,,,,,
Q11A0042,Q11A0042_N04,CODE_BINARY,9fffebdbee07ff79f15b1feeef6feedc,d39b14fe419fb760aac4f380d687ed8e,d6beb5f4bcfafffbbf7bff3fcb9c631f,3,9,65,,,,,,,,,,
Q11A0042,Q11A0042_N05,CODE_BINARY,b2e1381f3e05e1a1421f89e662b9644d,169b94fa759ffa314e4469cab388208a,d02695c85a49271791b06c366e300d3b,2,17,65,,,,,,,,,,
Q11A0042,Q11A0042_N06,STRUCTURED,,,,,,,07e3109bf59f93c515c63fad9ba247b6,80,JSON,,,,,,,
Q11A0042,Q11A0042_N07,IMAGE,,,,,,,,,,ffc080b0b0b89080,d0d0d89ebf9dcccc,7ff0b085838c87b3,"4531,938,1016,312,273,78,78,39,0,39,0,0,273,195,273,1953",16,16,1
Q11A0043,Q11A0043_N01,CODE_BINARY,eeb1dddc3fabb8c6d3d995992e376add,5392cdda439fd760aee478e0d78a3ded,9b83760c8572a4fa5deffda63ad42646,6,49,69,,,,,,,,,,
Q11A0043,Q11A0043_N02,CODE_BINARY,37af4f5fea24ea23cb1b90c77feef0b6,52dadcbe419fb760aec473a0d68a6d0c,1e99d8aa4ef694248b2a5e1caea7e46a,3,15,69,,,,,,,,,,
Q11A0043,Q11A0043_N03,CODE_BINARY,d7b5f9fbf46e7aa8677fdbfcfb7fe2ed,569389ea759fb6389ee4fd94df052d88,718a3dbe874f6e6b757f653a93967adc,2,28,61,,,,,,,,,,
Q11A0043,Q11A0043_N04,CODE_BINARY,a8f1adf6b54235f860d39036cb8f1c17,d39e8dde439fbf412a865a23f78b218b,5937c23cfc0b66e5716fc49f87b62311,8,460,65,,,,,,,,,,
Q11A0043,Q11A0043_N05,CODE_BINARY,879228788ee58cc731a3b9e909ed4a37,519286de439ff740aec47890b782798d,cc0af43cc7d4b3441830ad5aa372a71d,9,85,69,,,,,,,,,,
Q11A0043,Q11A0043_N06,STRUCTURED,,,,,,,2daf1a97acbed3e494c27dee19e34172,90,JSON,,,,,,,
Q11A0043,Q11A0043_N07,IMAGE,,,,,,,,,,00ffffffffffff00,4145454545454541,54c42baa3bd43b2b,"742,0,0,0,0,0,0,0,0,0,1438,0,0,7820,0,0",160,32,1
Q11A0044,Q11A0044_N01,CODE_BINARY,cc02af7506456558054cab766f26495f,d5fa9eefe7975e43cbe76ca2fbca17c9,6a2b6a1edf7a60bfb9b04ebf2f362f1f,6,225,69,,,,,,,,,,
Q11A0044,Q11A0044_N02,CODE_BINARY,3f66705d6ef7ceb575eb3d96c3a76749,5592c5be679fdd202cc67910d7123dc9,5235e4bcdc30a22f393fcddb6fba2bd9,4,78,65,,,,,,,,,,
Q11A0044,Q11A0044_N03,CODE_BINARY,80816510c673603a78c3e0f7fcd79e36,d5bac6fa679b77e08ed469b295aa388d,4b70c6c61b437df31f081a8fe8d23d99,5,297,61,,,,,,,,,,
Q11A0044,Q11A0044_N04,CODE_BINARY,ed0c8eb0c9b081067a1bed5eb2ed7d1a,aaff7d1fcaec31baf9830644dbffdde2,6eb5d5a85e30bf99e4612a9573992c8d,3,0,65,,,,,,,,,,
Q11A0044,Q11A0044_N05,CODE_BINARY,9bed9b288657fa9c9dd70176faf5e565,129604de749fa6710ec472c0d38e2085,b3caebdb65c55006f89d658a708c03d8,3,42,69,,,,,,,,,,
Q11A0044,Q11A0044_N06,STRUCTURED,,,,,,,2dcd5a13b49a93c495d2ffee19a39150,67,JSON,,,,,,,
Q11A0044,Q11A0044_N07,IMAGE,,,,,,,,,,2aa8cefa3e46faf2,aaaaabababaaaaaa,771bef0285fd3081,"273,352,78,0,1172,938,0,156,938,469,938,195,0,0,0,4492",16,16,1
Q11A0045,Q11A0045_N01,CODE_BINARY,ed0c8eb0c9b081067a1bed5eb2ed7d1a,8bea0b3b0ace34d8b8a176547bf647a8,6eb5d5a84e30bf99e6612a9573992c8d,11,15,51,,,,,,,,,,
Q11A0045,Q11A0045_N02,CODE_BINARY,e2c0e27195e79d4581dc59da06ceaa62,d3b2d4ee479fdf210e6669a2f6822e8d,4aa7520ccfaba0b29dfb7dbe0bb74099,15,207,65,,,,,,,,,,
Q11A0045,Q11A0045_N03,CODE_BINARY,050822ed8923772252e35c7e7ba348f1,5712c5ca408f9660ae664ac2d6aa3405,622b262de668927699bacd3f1b322f48,5,95,65,,,,,,,,,,
Q11A0045,Q11A0045_N04,CODE_BINARY,fdf7cda5b642433e5b0f206efb8493d0,559205ce659fff212ec669a0f6a23588,62237e1cc7e2a0fbd131c5d72b762b41,49,1910,65,,,,,,,,,,
Q11A0045,Q11A0045_N05,CODE_BINARY,f50c8eb2a9e0a96f7b13cc5eb2cd7d1a,83e8ca3b0acb77c13aa356547bd267a8,6eb7d5bc4e30bf19f6712b957bb16699,17,43,51,,,,,,,,,,
Q11A0045,Q11A0045_N06,STRUCTURED,,,,,,,f1129f3b0f5a946e1d941a5b21553382,51,JSON,,,,,,,
Q11A0045,Q11A0045_N07,IMAGE,,,,,,,,,,7f50005557700055,6a2a2a6a4a3a1a6a,02ea7f88b81aca3f,"0,156,3594,938,4844,469,0,0,0,0,0,0,0,0,0,0",16,16,1
Q11A0046,Q11A0046_N01,CODE_BINARY,4821bee4b5c29037f505011ff88ccae2,d39ad4ee639fff212aa748a2f68a2709,e22750bc6629efb3111b54bf0db22141,56,1469,61,,,,,,,,,,
Q11A0046,Q11A0046_N02,CODE_BINARY,4de73fd9b907af85ceaf81c9bfb51c69,d393c5fa699fb6408e6473a0de027c0c,0e0890ae65768e607928fc713a23fd5e,10,46,65,,,,,,,,,,
Q11A0046,Q11A0046_N03,CODE_BINARY,d4fdcefcf2f4df3cdf99a148632ff4e8,539334ee619fba60aec76388d689610f,dbff9dbcacf52673fa736d97baf5665f,4,13,65,,,,,,,,,,
Q11A0046,Q11A0046_N04,CODE_BINARY,1bef3787f342eff0dbd3dbebfbd3b6f0,579375ee619fbe1006c46188d682250d,ffbfe37d8985a9a7daf6e9df03bdff47,4,18,65,,,,,,,,,,
Q11A0046,Q11A0046_N05,CODE_BINARY,de655c36a450cbf0ba9193a881f9db42,c3ba92fe631bf7e02e665082fe82bacf,333a9cf7e8722e7adb090c921998e2d8,8,53,61,,,,,,,,,,
Q11A0046,Q11A0046_N06,STRUCTURED,,,,,,,2d8411b7ae9290c6955675ee1963c176,105,JSON,,,,,,,
Q11A0046,Q11A0046_N07,IMAGE,,,,,,,,,,7fffffffffffffff,0000000000000000,7f81818183838fff,"0,0,1,0,0,1,2,0,2,7,0,0,0,0,0,9988",256,256,1
Q11A0047,Q11A0047_N01,CODE_BINARY,e3850c425332d8b0dbe0dbf4c33c715e,53836dda679db670aec47820d6b229ad,4866d48e12c52a2311612800b1073d98,6,36,65,,,,,,,,,,
Q11A0047,Q11A0047_N02,CODE_BINARY,baf2c7fe1705eb553ec00bb7239de9a6,f1bb47ce4797bf218a0668a0f782178c,623a420cc501a6b79b324c9f2b36035f,20,611,69,,,,,,,,,,
Q11A0047,Q11A0047_N03,CODE_BINARY,747541abb45879b6c448318915c6c283,f5bec7df471ffee189e649a3d7de1781,f2336f1dc62446b37829c5de290623dd,27,1748,65,,,,,,,,,,
Q11A0047,Q11A0047_N04,CODE_BINARY,8d65d9e24d96cc64f73a2d364b3e0f68,d3b894fc461fffa3f827570ae2d2aeaf,e047d8a9095772f1ea0fdeaad29a667f,3,646,65,,,,,,,,,,
Q11A0047,Q11A0047_N05,CODE_BINARY,4de73fd9b907af85ceaf81c9bfb51c69,d393c5fa699fb6408e6473a0de027c0c,0e0890ae65768e607928fc713a23fd5e,10,46,65,,,,,,,,,,
Q11A0047,Q11A0047_N06,STRUCTURED,,,,,,,26c1589eaf9294c794d2f5ef1b23d572,50,JSON,,,,,,,
Q11A0047,Q11A0047_N07,IMAGE,,,,,,,,,,001e3e7e7e7c7800,438705353b273c19,111f7ae2676964cc,"4375,0,0,703,742,0,234,0,586,898,0,781,0,977,0,703",16,16,1
Q11A0048,Q11A0048_N01,CODE_BINARY,c81defff54617a75edb732bafab76f67,d3ba94ac431ffb60aa87c789a688ab0b,7bf7dabcada960f96e5bfeafbbf27651,2,12,65,,,,,,,,,,
Q11A0048,Q11A0048_N02,CODE_BINARY,d6bfd97b933b4c9cfebbc5ddb3945864,539355ce439fbe718e446aa0dea2698c,62bde8e6e8463ef778380cf388956518,9,60,65,,,,,,,,,,
Q11A0048,Q11A0048_N03,CODE_BINARY,bf8181930532a288a4106f5ac3c16835,d39ac4fe639ff7002ae64380d68a2fcd,4ab65ed412633a57ff797e2fca9425b8,9,74,69,,,,,,,,,,
Q11A0048,Q11A0048_N04,CODE_BINARY,3ecfbb779164f03c9e914923dad29800,579345fe419fbe308ec66ba8d732218d,73277a3dbec8e2bf3a2ecdbf4b307357,22,360,65,,,,,,,,,,
Q11A0048,Q11A0048_N05,CODE_BINARY,abf7de672a3e4bbd673bfdffdfffb8f4,527298ba408db730bae4503492826dac,bcb6d0b6c6cff666997ae514afafa53b,3,12,65,,,,,,,,,,
Q11A0048,Q11A0048_N06,STRUCTURED,,,,,,,87e73534e8d98bcc15c677ae09a2d225,53,JSON,,,,,,,
Q11A0048,Q11A0048_N07,IMAGE,,,,,,,,,,ffffffffffffffff,0000000000000000,562949fe29c6d629,"0,0,0,0,0,0,0,0,0,0,0,0,0,0,0,10000",1,1,1
Q11A0049,Q11A0049_N01,CODE_BINARY,0025f6ed5478cc942cc3c9ee1ad6b0b0,d5ba86da479f7f21aac66990b702328f,1236f45c4c71a12ef638ce572b344158,12,158,65,,,,,,,,,,
Q11A0049,Q11A0049_N02,CODE_BINARY,62642bfeac8e8077a56173e44c10cfb3,d392d3da439d7768aac45084f68259a9,1c9bd0aa4ac7a4e4493854442cbba522,7,343,61,,,,,,,,,,
Q11A0049,Q11A0049_N03,CODE_BINARY,7de73510f2438134cf89642ef185c150,559a05ee419ffe21ae6669a0f6a2358d,7233761c46e2a0ffd933cd972b362b51,53,1876,65,,,,,,,,,,
Q11A0049,Q11A0049_N04,CODE_BINARY,bb1c93616545e50375d3c89e20d80393,d79284ee679bdf216e0768daf78826cb,533fd07c4ea0a623393acfdf0b3467da,5,51,52,,,,,,,,,,
Q11A0049,Q11A0049_N05,CODE_BINARY,2db0f39086475a0cd6f29608d75bda6c,f5ba87df479f75712ac64990979631ad,5237f45c8c327b2e3b789eef3bb21d99,8,120,65,,,,,,,,,,
Q11A0049,Q11A0049_N06,STRUCTURED,,,,,,,a4cd0213f44d32d20c9074ded5f216e0,1428,JSON,,,,,,,
Q11A0049,Q11A0049_N07,IMAGE,,,,,,,,,,001e3e7e7e7c7800,438705353b273c19,11972ed2676962cd,"4375,0,0,0,0,0,703,742,0,0,234,586,898,781,977,703",16,16,1
Q11A0050,Q11A0050_N01,CODE_BINARY,00b75f04b06738846a25ae386375df0d,d5b287da639f7721aac6e890b7023289,032270866473a1979a3ddd932af455cb,23,463,65,,,,,,,,,,
Q11A0050,Q11A0050_N02,CODE_BINARY,7884ee0afbc6993beb108fdb07c0116d,d32ccfbb551fb7a4ad625662d7fba221,c23294ad660bef31380b469f4b34014f,3,440,65,,,,,,,,,,
Q11A0050,Q11A0050_N03,CODE_BINARY,050822ed8923772252e35c7e7ba348f1,5712c5ca408f9660ae664ac2d6aa3405,622b262de668927699bacd3f1b322f48,5,95,65,,,,,,,,,,
Q11A0050,Q11A0050_N04,CODE_BINARY,80df64b3f7686aa2ae20c0de4fd690ae,d7b2c8fa469df7e0aee4703096a23aa9,6866ee868f4e6ef1112bb8a0a9f75480,4,108,65,,,,,,,,,,
Q11A0050,Q11A0050_N05,CODE_BINARY,6d8ee37698b3c62df77a6d655bc832c4,359f27dfc182347180cf298597b61085,722774be457bac3792317d3bce7a0959,3,92,65,,,,,,,,,,
Q11A0050,Q11A0050_N06,STRUCTURED,,,,,,,af855997fdb392c894d275ee19638176,111,JSON,,,,,,,
Q11A0050,Q11A0050_N07,IMAGE,,,,,,,,,,7f50005557700055,6a2a2a6a4a3a1a6a,02ea7f88b81aca3f,"0,156,3594,938,4844,469,0,0,0,0,0,0,0,0,0,0",16,16,1
Q11A0051,Q11A0051_N01,CODE_BINARY,59f14adf830e28752690c98d07e86b03,d7bac7fe679ff7302ec4eb88f70a32c9,4502bcc4b232ff673a1d7cbfc25c373c,3,35,65,,,,,,,,,,
Q11A0051,Q11A0051_N02,CODE_BINARY,baf077f554464648a3fcb1e99fe95fbf,d3bac7df439b7e61ac674cc2d78a37cf,623374bc4539ad7b123b4d5f0ef22949,13,288,69,,,,,,,,,,
Q11A0051,Q11A0051_N03,CODE_BINARY,1da5805b13cab91884dfd35e5a062ac4,b7bbc3ee419f5761aaef590097a236af,5a33d69c4c18a037351a5cbf8f962d69,8,179,65,,,,,,,,,,
Q11A0051,Q11A0051_N04,CODE_BINARY,d0e1645c66e69ebc9e45a39e63985320,5192c5ff619f77e1aac75892979213a5,583ff698cd712222fa780ec7bbf067dc,7,77,65,,,,,,,,,,
Q11A0051,Q11A0051_N05,CODE_BINARY,ed0c8eb0c9b081067a1bed5eb2ed7d1a,aaff7d1fcaecb1baf98f46c4dbffdde2,6eb5d5a85e30bf99e4612a9573992c8d,2,0,65,,,,,,,,,,
Q11A0051,Q11A0051_N06,STRUCTURED,,,,,,,2d411ab3ae9a92c79cd275ef19a3b5b2,166,JSON,,,,,,,
Q11A0051,Q11A0051_N07,IMAGE,,,,,,,,,,ffffffffffffffff,0000000000000000,562949fe29c6d629,"0,0,0,0,0,0,0,0,0,0,0,0,0,0,0,10000",1,1,1
Q11A0052,Q11A0052_N01,CODE_BINARY,168589c9a26a2769a7ecb0745bb10b3d,d5ba4ddf439fdfe08ec75822d39a37ab,323b4b9ec5515037f0b8458e73bc2bd4,15,824,69,,,,,,,,,,
Q11A0052,Q11A0052_N02,CODE_BINARY,d3fde94fe332d0ecef7979ccfbbe73ef,12dad5fe419fb670bac47ba0d692698c,786efedc0dcdbeaf7d792f1ac1657c4e,3,15,65,,,,,,,,,,
Q11A0052,Q11A0052_N03,CODE_BINARY,236fdcdb8a5b6a2daa0099ac3a7ec414,539b94fb439bb7608ec46188b6863b8e,4caf3e0eaeb9a6e19a115d53a274ec4b,3,17,61,,,,,,,,,,
Q11A0052,Q11A0052_N04,CODE_BINARY,c880f0176cf622acff6a9a49abcb530c,d5b283ba439edf212ee65890f7823a8b,7223f6096c61a03f1419debe0c732b71,21,468,61,,,,,,,,,,
Q11A0052,Q11A0052_N05,CODE_BINARY,60af42829a5cfde0074a91db36944989,d5be48efd41ff7e29ba7fba2ffdeb7bd,4027f2ccfcaf60a5716acccb853e635c,2,149,69,,,,,,,,,,
Q11A0052,Q11A0052_N06,STRUCTURED,,,,,,,b2cd6a13d54df2520e503cb810729680,121,JSON,,,,,,,
Q11A0052,Q11A0052_N07,IMAGE,,,,,,,,,,caaa6e2e2e36e2ca,aaaaaaabaaabaaaa,75d3ec24315ec6a2,"0,469,742,39,1133,1211,78,469,859,312,0,195,0,0,0,4492",16,16,1
Q11A0053,Q11A0053_N01,CODE_BINARY,5fd6acf1d49b763ac710aa5c6b92eeeb,75aa878b439f5f61a8464800d7a214a9,7233d63c4e30a22779394fdf2b722dd8,27,1836,69,,,,,,,,,,
Q11A0053,Q11A0053_N02,CODE_BINARY,4de3d13a3686530c8c0fac57bf3f0351,758b09ff479ff5f18ec64922d7bf17ef,b3ebf2d8464100f6581975de7a8e23d8,6,283,61,,,,,,,,,,
Q11A0053,Q11A0053_N03,CODE_BINARY,fffdbffbef47ebfae3ff09ff9b2df0ed,169f35fe71dfb67096c4f38892a3ed1c,9bbe9cbc84e50663fa736d17aa24665f,2,6,65,,,,,,,,,,
Q11A0053,Q11A0053_N04,CODE_BINARY,5bf049b4157b8a10bf75f10eb9cbea01,93be9cde619bf7e0aec7f6c2f68fae47,b19ae8db41f52572fa1d258a18e867d8,3,15,61,,,,,,,,,,
Q11A0053,Q11A0053_N05,CODE_BINARY,4dcac1d384d36438a798295e59d0cfca,35ba07cf639fff23a88668a2ff0f3581,7233f23c4e28a03731395dde2f722959,60,4011,69,,,,,,,,,,
Q11A0053,Q11A0053_N06,STRUCTURED,,,,,,,2fc91292ff9290c6b4c271af1ba3f572,109,JSON,,,,,,,
Q11A0053,Q11A0053_N07,IMAGE,,,,,,,,,,fff7cd424200e7ff,0038d62169e8b201,31cfcf2484b71b98,"0,0,0,0,0,0,0,625,18,21,112,18,491,112,702,7900",710,710,1
Q11A0054,Q11A0054_N01,CODE_BINARY,8886a2e594e72215bb4f9c5e19fe4f14,519290fa439df760aec7d092f682670b,c206dc8462a55ff11a0a9837c892279a,20,205,65,,,,,,,,,,
Q11A0054,Q11A0054_N02,CODE_BINARY,fca5edf5e1c3da6f8e48611cf582def5,53b2d4de439fd740aee554a0f682278d,d33fcb6ced3d85c4282c759729b6a310,14,213,61,,,,,,,,,,
Q11A0054,Q11A0054_N03,CODE_BINARY,66fc46963c26a0b685e36d1260edccb2,d79bc6ff471ffe202ea649e2f78a3389,6830ec7eee5a1667193acc777a74a99d,6,319,65,,,,,,,,,,
Q11A0054,Q11A0054_N04,CODE_BINARY,dcfb6da61425f1155c9bc358f9cf99c8,57be47cf621eff61a8e60cc2f78b37cb,7237d23e4409a237303946ff4f362955,13,645,52,,,,,,,,,,
Q11A0054,Q11A0054_N05,CODE_BINARY,7ef52d32b3d365fef31cb7bfb7bffe1b,93b2c4fd731bffe3ae275fc2f79d22c3,d13796b98eb9270b7f7fefa7ae70aafb,3,44,65,,,,,,,,,,
Q11A0054,Q11A0054_N06,STRUCTURED,,,,,,,df469b3b0ee1fc2e0f9b4a333b65bb87,27,JSON,,,,,,,
Q11A0054,Q11A0054_N07,IMAGE,,,,,,,,,,001e3e7e7e7c7800,438705353b273c19,111f7ae2676964cc,"4375,0,0,703,742,0,234,0,586,898,0,781,0,977,0,703",16,16,1
Q11A0055,Q11A0055_N01,CODE_BINARY,8ea1d75b6657fb5ec731e12e7e07525a,f58745fb661ff7ca0ea65e22d79a36e9,d31bfaad8e7cf671f8a89cbe5032e1db,7,1050,61,,,,,,,,,,
Q11A0055,Q11A0055_N02,CODE_BINARY,c25ed0903cfa4864d1a202a5a90ad966,97b996fe659bfbe18ee6e19ab687a68f,9bafd4dccca1a232befd4d9a6bb440db,3,17,65,,,,,,,,,,
Q11A0055,Q11A0055_N03,CODE_BINARY,352cae62b59b7db437599afebcdc7c53,d79e8ccf659bff608e664842d6ca26ab,4227d4bc4e29af23313bdfda0ffe21d9,5,185,52,,,,,,,,,,
Q11A0055,Q11A0055_N04,CODE_BINARY,c880f0176cf622acff6a9a49abcb530c,d5b283ba439edf212ee65890f7823a8b,7223f6096c61a03f1419debe0c732b71,21,468,61,,,,,,,,,,
Q11A0055,Q11A0055_N05,CODE_BINARY,268e8e917573bd4476156c3f861b99dd,053a3ddf551ef6e1afc75ca273de04a5,822ec7c944655f37bafc0f8be99600da,2,57,61,,,,,,,,,,
Q11A0055,Q11A0055_N06,STRUCTURED,,,,,,,2f25bc3ebbbc14c41c57d1fe19838775,12,JSON,,,,,,,
Q11A0055,Q11A0055_N07,IMAGE,,,,,,,,,,fcfcfcf8fc800000,b6b6f686b6d68024,5bdb207fc82c6cc8,"5588,0,0,239,5,106,6,13,1899,8,0,0,1771,14,0,351",256,256,1
Q11A0056,Q11A0056_N01,CODE_BINARY,14a65f681150c239e9d9a1eb73e4cd24,d79355ee639fbe016e066aa8f7806b8f,e236606fe587aab351b660dfe39c0d26,15,125,65,,,,,,,,,,
Q11A0056,Q11A0056_N02,CODE_BINARY,186ef7c9ad4a3d9af7a25bc21d904c70,552a8e9e479d3660aac4293096a22cad,8290dcc540458fa45a28d82ff8136d1b,9,94,65,,,,,,,,,,
Q11A0056,Q11A0056_N03,CODE_BINARY,c4bc211682ae46afef80cc1c1bc11bdd,57bbc0fe459f77218ec669a29702378d,0223f4144c48257774387e972ff24dfd,6,184,65,,,,,,,,,,
Q11A0056,Q11A0056_N04,CODE_BINARY,8d8fe5cf05caed9ac02ecbc05b14ee75,5712c1be639fb760aec45052f28a37cd,8234d4a910c10fb75a60d827f8332d99,5,40,61,,,,,,,,,,
Q11A0056,Q11A0056_N05,CODE_BINARY,894cbe2bec766d6cf38a586fc4e5ef38,d7bfc6ea659bff638ce76f80deaf366f,c36ffb21ae4df177fe3f7eaac8a463d5,3,57,65,,,,,,,,,,
Q11A0056,Q11A0056_N06,STRUCTURED,,,,,,,9f4b3732df84d6c21d9956239f23c9d3,64,JSON,,,,,,,
Q11A0056,Q11A0056_N07,IMAGE,,,,,,,,,,7fffffffffffffff,0000000000000000,7f81818183838fff,"0,0,1,0,0,1,2,0,2,7,0,0,0,0,0,9988",256,256,1
Q11A0057,Q11A0057_N01,CODE_BINARY,70e2e631ab7d2f65e49cdd1e2fe9c01d,003add9ed516f6c23cb15ca4ffd33585,e16bffafc74ef8e5182aada3a9f62485,2,271,69,,,,,,,,,,
Q11A0057,Q11A0057_N02,CODE_BINARY,16ac6eb2953a955672916f1f861a51bd,451a3dfb751bf4f18fc64da2fbce14ad,12aec3d845a14436fa7d0dca69b403d8,2,41,61,,,,,,,,,,
Q11A0057,Q11A0057_N03,CODE_BINARY,ddf1e44c717630fed245e358c0db334f,93928838631eb760ae85d2d0f3882a83,182fdcb84764922a7d792f1efba4664d,2,9,61,,,,,,,,,,
Q11A0057,Q11A0057_N04,CODE_BINARY,050822ed8923772252e35c7e7ba348f1,5712c5ca408f9660ae664ac2d6aa3405,622b262de668927699bacd3f1b322f48,5,95,65,,,,,,,,,,
Q11A0057,Q11A0057_N05,CODE_BINARY,c509b5dc75d09485fcf797fef3f01266,d7bbc6fc611fbf208ee4e38af683a20b,d9f5ca9c0785f0f25e0afceef8f23e51,3,18,69,,,,,,,,,,
Q11A0057,Q11A0057_N06,STRUCTURED,,,,,,,2dc51897afba90c494d275ee1ba35176,101,JSON,,,,,,,
Q11A0057,Q11A0057_N07,IMAGE,,,,,,,,,,ff818181818181ff,ccc4d0e4ccd8e0e4,3b1bc0cdd063c4fc,"5039,703,39,352,234,0,156,0,0,0,0,0,0,39,0,3438",16,16,1
Q11A0058,Q11A0058_N01,CODE_BINARY,6dfffad635d34cf2efc4ad7d9aba7bb2,35bf66efc593ff71ac8769a0d3be1d8d,f2e7f29e4da1833779bf4dda68fc0bd9,3,82,65,,,,,,,,,,
Q11A0058,Q11A0058_N02,CODE_BINARY,fca5edf5e1c3da6f8e48611cf582def5,53b2d4de439fd740aee554a0f682278d,d33fcb6ced3d85c4282c759729b6a310,14,213,61,,,,,,,,,,
Q11A0058,Q11A0058_N03,CODE_BINARY,7fe64cd0114270a893e3e61bf8ee90df,759a0bdf439ed561aace4830d7b211a3,f223d61c4e60a0abd139cdde2fbaab5b,27,2297,65,,,,,,,,,,
Q11A0058,Q11A0058_N04,CODE_BINARY,1da5805b13cab91884dfd35e5a062ac4,b7bbc3ee419f5761aaef590097a236af,5a33d69c4c18a037351a5cbf8f962d69,8,179,69,,,,,,,,,,
Q11A0058,Q11A0058_N05,CODE_BINARY,228e2e2bf61b37bad151e03e8e8e3993,579b8efc051fd6e0aec43b825e862c28,890aebf855f7f2a6f01d258bd08e23f9,3,44,65,,,,,,,,,,
Q11A0058,Q11A0058_N06,STRUCTURED,,,,,,,7f69c9ab9fb030527c875e3f09236587,40,JSON,,,,,,,
Q11A0058,Q11A0058_N07,IMAGE,,,,,,,,,,003c7e66667e3c00,0e0f3333332b0f0c,05955adf607a6179,"5123,15,28,4757,13,12,18,6,27,0,0,0,0,0,0,0",1800,1800,1
Q11A0059,Q11A0059_N01,CODE_BINARY,4882a218970cfd278f56ad0e69db6a30,c1bbd6eae493dfe18e6669a8bcca338d,198ffcbc452deb605cbdaca873b870c8,4,38,65,,,,,,,,,,
Q11A0059,Q11A0059_N02,CODE_BINARY,0fa6b3357c52974fea13636fb1d0f7d7,5793c5fe619fbe60aac66980d682260d,8337f0fd4621aa273a380dd74b7465da,19,188,69,,,,,,,,,,
Q11A0059,Q11A0059_N03,CODE_BINARY,4f5e6fd6312e8148cd5ecb4f39aa5996,179b8b8e438e1f61a68c2890d7821149,a222d7bd0c612337f231bd17683209db,4,105,52,,,,,,,,,,
Q11A0059,Q11A0059_N04,CODE_BINARY,3bdf0ed5e556ffc8fb77cbefbbd3effc,539334ee619fb260aec46388d680690e,fbffe57f8b85aba3daf6f9df0bbdffcf,3,12,65,,,,,,,,,,
Q11A0059,Q11A0059_N05,CODE_BINARY,cd0cca90c9b885067a0bed5ebaef7d2a,ebfa5d4f42cf351198825644fbfa55a8,7eb7d58c5e30bb1bac612c9d739d608d,10,33,65,,,,,,,,,,
Q11A0059,Q11A0059_N06,STRUCTURED,,,,,,,3eed8293f62d52400851b0977d7a94e0,378,JSON,,,,,,,
Q11A0059,Q11A0059_N07,IMAGE,,,,,,,,,,ffc381808080c0ff,70f096dcddd4f474,7fb2a155855a8b52,"860,431,562,1121,568,1103,1966,26,100,27,1,0,0,0,4,3230",500,500,1
Q11A0060,Q11A0060_N01,CODE_BINARY,1c836ef39ead7edb31dba03d037f256e,d5ba8fce439f5f21a8c66890d7a23c89,0a03fe0696faf4b782131db39b663ddb,10,175,69,,,,,,,,,,
Q11A0060,Q11A0060_N02,CODE_BINARY,ed0c8eb0c9b081067a1bed5eb2ed7d1a,bafd3f5fcae9f1daf98ec684dffdddea,6eb5d5a85e30bf99e4612a9573992c8d,1,0,69,,,,,,,,,,
Q11A0060,Q11A0060_N03,CODE_BINARY,653cebb983c58d5da3843f0a95c168fe,d7bac7dec39f7f2108c6689196823689,400f6eaca17d4cfd18028593631e1191,29,802,69,,,,,,,,,,
Q11A0060,Q11A0060_N04,CODE_BINARY,709921a9de13fdb091922abdbcc79c5a,d79ebcc267937e618ec66880be8a278d,4aafb4ee28cda6f31c6396a223b2fb32,4,44,61,,,,,,,,,,
Q11A0060,Q11A0060_N05,CODE_BINARY,858a08fb8e460dc7b563b0ab59ebcb5f,519284fa629c77e0aec47892d28228c5,e40afc9ee7dd306c1a382ccaa6d2671d,5,50,69,,,,,,,,,,
Q11A0060,Q11A0060_N06,STRUCTURED,,,,,,,07e3109bf59f93c515c63fad9ba247b6,80,JSON,,,,,,,
Q11A0060,Q11A0060_N07,IMAGE,,,,,,,,,,ffffffffffffffff,0000000000000000,562949fe29c6d629,"0,0,0,0,0,0,0,0,0,0,0,0,0,0,0,10000",1,1,1
Q11A0061,Q11A0061_N01,CODE_BINARY,4dcac1d384d36438a798295e59d0cfca,35ba07cf639fff23a88668a2ff0f3581,7233f23c4e28a03731395dde2f722959,60,4011,69,,,,,,,,,,
Q11A0061,Q11A0061_N02,CODE_BINARY,b3acfe53dafeecacd7c98d7d4ba92b38,939bd4ff751ff7a1cee6e188b681ffbc,df6abfa5e67adf7f97ef6fb7c8e681f6,2,16,69,,,,,,,,,,
Q11A0061,Q11A0061_N03,CODE_BINARY,8d8fe5cf05caed9ac02ecbc05b14ee75,5712c1be639fb760aec45052f28a37cd,8234d4a910c10fb75a60d827f8332d99,5,40,61,,,,,,,,,,
Q11A0061,Q11A0061_N04,CODE_BINARY,7de73510f2438134cf89642ef185c150,559a05ee419ffe21ae6669a0f6a2358d,7233761c46e2a0ffd933cd972b362b51,53,1876,65,,,,,,,,,,
Q11A0061,Q11A0061_N05,CODE_BINARY,5ff6acf1949b763ac710ea5c6992eeeb,55aa87cf439f5d61a8464800d7a214ab,7233d63c4e30a027793a4fdf2b722dd8,24,1730,69,,,,,,,,,,
Q11A0061,Q11A0061_N06,STRUCTURED,,,,,,,2e2f14021e85f6d28cb7f8a735d325e6,16,JSON,,,,,,,
Q11A0061,Q11A0061_N07,IMAGE,,,,,,,,,,fd3dfdf1f0002040,569e567cfa515978,6a8a1395e9ee30da,"4541,0,254,820,0,410,762,654,1260,0,1230,59,10,0,0,0",32,32,1
Q11A0062,Q11A0062_N01,CODE_BINARY,1536ac5a9bc34d38e50a2a6e9286c1cb,b7bb67ffe793bd738ccf69c7df9e16c5,7277a0bc4c21a23f3937ce9a29322179,3,99,65,,,,,,,,,,
Q11A0062,Q11A0062_N02,CODE_BINARY,23ef5bdfaa66eb9e891b80cf5f6cb0f4,52969cde619fb668aec472c0d28a6c0c,9498d0aa46f5066019327c14aaa6e45b,3,11,61,,,,,,,,,,
Q11A0062,Q11A0062_N03,CODE_BINARY,050822ed8923772252e35c7e7ba348f1,5712c5ca408f9660ae664ac2d6aa3405,622b262de668927699bacd3f1b322f48,5,95,65,,,,,,,,,,
Q11A0062,Q11A0062_N04,CODE_BINARY,d7ed6fdfbfceeffddbfbc9f7dfbbe6ee,179f37fe619fb6708ac4eb8896a3b88f,fffe9ebee4ff066bfafbef1fbee7f77f,2,5,65,,,,,,,,,,
Q11A0062,Q11A0062_N05,CODE_BINARY,b2e1381f3e05e1a1421f89e662b9644d,169b94fa759ffa314e4469cab388208a,d02695c85a49271791b06c366e300d3b,2,17,65,,,,,,,,,,
Q11A0062,Q11A0062_N06,STRUCTURED,,,,,,,8de508dabdda93c495c6f7ef1da3d552,23,JSON,,,,,,,
Q11A0062,Q11A0062_N07,IMAGE,,,,,,,,,,7f50005557700055,6a2a2a6a4a3a1a6a,02ea7f88b81aca3f,"0,156,3594,938,4844,469,0,0,0,0,0,0,0,0,0,0",16,16,1
Q11A0063,Q11A0063_N01,CODE_BINARY,4ba2be717131630632ffd4d2d6ee2658,d7ba85da479fd760aee6591096823f89,54b1942e8e32a6a7197bcd15ae3e291f,9,127,65,,,,,,,,,,
Q11A0063,Q11A0063_N02,CODE_BINARY,770ef7df7cb6fb284a2b8c5c59e8682c,d7b89ce2c51bff23ce66e59ab6c1a60b,c00f0e8878bd1a732067c26384c227ff,3,26,65,,,,,,,,,,
Q11A0063,Q11A0063_N03,CODE_BINARY,8da63953cad1ec1c03675d3f3acccb3b,b12ec7db439fb660a8c51810d6f63485,6223753c8dd899e91d280db3ff720989,16,725,65,,,,,,,,,,
Q11A0063,Q11A0063_N04,CODE_BINARY,0bc90b76a2527e99ed3d644c5085cf57,739a403e429d37c8a8ac183046823dc9,2225e4934d11226eb133cc1e2e3e273d,4,80,69,,,,,,,,,,
Q11A0063,Q11A0063_N05,CODE_BINARY,20b0360d40161818ea3111a881f259da,327098bd691ff7806e4cd6973e8a7f2b,eba24f4e458daf3799b773f3ebac880f,1,9,65,,,,,,,,,,
Q11A0063,Q11A0063_N06,STRUCTURED,,,,,,,07a548b2ddb673d8538d56a999b3e3e6,57,JSON,,,,,,,
Q11A0063,Q11A0063_N07,IMAGE,,,,,,,,,,ffffffffffffffff,0000000000000000,562949fe29c6d629,"0,0,0,0,0,0,0,0,0,0,0,0,0,0,0,10000",64,64,1
Q11A0064,Q11A0064_N01,CODE_BINARY,16ac6eb2953a955672916f1f861a51bd,451a3dfb751bf4f18fc64da2fbce14ad,12aec3d845a14436fa7d0dca69b403d8,2,41,61,,,,,,,,,,
Q11A0064,Q11A0064_N02,CODE_BINARY,80816510c673603a78c3e0f7fcd79e36,d5bac6fa679b77e08ed469b295aa388d,4b70c6c61b437df31f081a8fe8d23d99,5,297,61,,,,,,,,,,
Q11A0064,Q11A0064_N03,CODE_BINARY,9fffebdbee07ff79f15b1feeef6feedc,d39b14fe419fb760aac4f380d687ed8e,d6beb5f4bcfafffbbf7bff3fcb9c631f,3,9,65,,,,,,,,,,
Q11A0064,Q11A0064_N04,CODE_BINARY,747541bbb45c79b6c44a318915c6c283,f5bec7df471ffee189e649a3d7de1781,f2336f1dc62446b37829c5de290623dd,27,1718,65,,,,,,,,,,
Q11A0064,Q11A0064_N05,CODE_BINARY,76cd6c93c50a0f57d29d6fb696164d9c,0532bdd7751fe3e02ec45486fa4e2da5,b3fefbdde5c55036f8fd2d8a70ac63d8,1,10,61,,,,,,,,,,
Q11A0064,Q11A0064_N06,STRUCTURED,,,,,,,5e2b31a3dda663f8b8dbfeaf970260c2,79,JSON,,,,,,,
Q11A0064,Q11A0064_N07,IMAGE,,,,,,,,,,7fffffffffffffff,0000000000000000,7f81818183838fff,"0,0,1,0,0,1,2,0,2,7,0,0,0,0,0,9988",256,256,1
Q11A0065,Q11A0065_N01,CODE_BINARY,2f228c8753dfb29b9f19e06a32ab58fd,d3baf6cf619f7fe18ee661a2f7cbb286,82733e809772ed73993745962264956b,7,380,65,,,,,,,,,,
Q11A0065,Q11A0065_N02,CODE_BINARY,5dfb674f76dfb030d027a14a996b2776,d391887b619bff60aac6d09296802a03,9bbe9cbc84e50663fa736d17aa24665f,6,23,65,,,,,,,,,,
Q11A0065,Q11A0065_N03,CODE_BINARY,ddc8d59bff1e813b56b72d3ee8c38b78,d792c4be631fdf00ae266c12f68a3f89,6b135c8c463be6b3983bdebe0b74216b,7,309,65,,,,,,,,,,
Q11A0065,Q11A0065_N04,CODE_BINARY,c4bc211682ae46afef80cc1c1bc11bdd,57bbc0fe459f77218ec669a29702378d,0223f4144c48257774387e972ff24dfd,6,184,65,,,,,,,,,,
Q11A0065,Q11A0065_N05,CODE_BINARY,d6bfd97b933b4c9cfebbc5ddb3945864,539355ce439fbe718e446aa0dea2698c,62bde8e6e8463ef778380cf388956518,9,60,65,,,,,,,,,,
Q11A0065,Q11A0065_N06,STRUCTURED,,,,,,,a4cd021374cdb2c3ae907cdcddf696a0,76,JSON,,,,,,,
Q11A0065,Q11A0065_N07,IMAGE,,,,,,,,,,003c7e66667e3c00,0e0f3333332b0f0c,05955adf607a6179,"5123,15,28,4757,13,12,18,6,27,0,0,0,0,0,0,0",1800,1800,1
Q11A0066,Q11A0066_N01,CODE_BINARY,d5b9bff5b565d836741009d701c94145,979a45fd639bbb21aac7f9daf288334b,f12a8a0c452ae0bd14a94e3f0b36236f,6,97,69,,,,,,,,,,
Q11A0066,Q11A0066_N02,CODE_BINARY,497f14eeb25021c1f62bbe9c73f1af7c,5583cfde439fb7688ae47900dfb23ca9,0012d6a4466ffd66b0095e8b08d730e1,9,215,61,,,,,,,,,,
Q11A0066,Q11A0066_N03,CODE_BINARY,51bbc1fc3502f2289de3e107f8cada08,35ba868e439e5f23a8474a10bf8233cf,7227d65c5c61a6e7d83bc69f0bba2b79,11,329,65,,,,,,,,,,
Q11A0066,Q11A0066_N04,CODE_BINARY,1da5805b13cab91884dfd35e5a062ac4,b7bbc3ee419f5761aaef590097a236af,5a33d69c4c18a037351a5cbf8f962d69,8,179,65,,,,,,,,,,
Q11A0066,Q11A0066_N05,CODE_BINARY,5ffd2ffbffcfebf8f7ffbbe63be9e7ec,93bf1dfe44dfb6709aec77849ab7fdae,dfbebdfcbcffbffffeff7dbffbbce77f,2,6,69,,,,,,,,,,
Q11A0066,Q11A0066_N06,STRUCTURED,,,,,,,2e69520475c796c3ac86fce577c7b5e6,101,JSON,,,,,,,
Q11A0066,Q11A0066_N07,IMAGE,,,,,,,,,,003c7e66667e3c00,0e0f3333332b0f0c,05955adf607a6179,"5123,15,28,4757,13,12,18,6,27,0,0,0,0,0,0,0",1800,1800,1
Q11A0067,Q11A0067_N01,CODE_BINARY,74b4ac391703f6026dda58bbfcddd912,f3ba453f471fff2128c65820b7f237ab,422b5d9c4e12f297b839ccdfefba2b1b,12,585,69,,,,,,,,,,
Q11A0067,Q11A0067_N02,CODE_BINARY,fffdbffbef47ebfae3ff09ff9b2df0ed,169f35fe71dfb67096c4f38892a3ed1c,9bbe9cbc84e50663fa736d17aa24665f,2,6,65,,,,,,,,,,
Q11A0067,Q11A0067_N03,CODE_BINARY,6587b79cfd7bdc8d3e56a01fbfcadb14,93bad4f8611bff60aec4e380d60aaa0f,937edadcc5e411227b7d2dc03aa446da,3,14,65,,,,,,,,,,
Q11A0067,Q11A0067_N04,CODE_BINARY,709921a9de13fdb091922abdbcc79c5a,d79ebcc267937e618ec66880be8a278d,4aafb4ee28cda6f31c6396a223b2fb32,4,44,61,,,,,,,,,,
Q11A0067,Q11A0067_N05,CODE_BINARY,168589c9a26a2769a7ecb0745bb10b3d,d5ba4ddf439fdfe08ec75822d39a37ab,323b4b9ec5515037f0b8458e73bc2bd4,15,824,69,,,,,,,,,,
Q11A0067,Q11A0067_N06,STRUCTURED,,,,,,,bf879f9ace30d602cc3275ef396b9263,47,JSON,,,,,,,
Q11A0067,Q11A0067_N07,IMAGE,,,,,,,,,,2000000025040000,1050400220020400,02ee04c7a57f3e31,"0,0,0,0,0,0,0,10000,0,0,0,0,0,0,0,0",16,16,1
Q11A0068,Q11A0068_N01,CODE_BINARY,8e07b7b434d421b2a5799c4d23be3d18,d792d5fe639f97002ac6599af6826b8d,ea2040ac3229af734eaffca7e38aa59e,9,67,69,,,,,,,,,,
Q11A0068,Q11A0068_N02,CODE_BINARY,a0d35cf31c2228e869e0c77eeb7edb9e,563a869ae79f5f202c446810b78a3fc9,c42266ee4648ae7f11a9bc32ebf6168d,4,80,69,,,,,,,,,,
Q11A0068,Q11A0068_N03,CODE_BINARY,074d6dedb50bb92cea20e6e20bec626a,d3a2487a408df760aae47010d2b33daf,822887a59d6bfa77b0a9b5aea99388ab,4,121,61,,,,,,,,,,
Q11A0068,Q11A0068_N04,CODE_BINARY,9fffebdbee07ff79f15b1feeef6feedc,d39b14fe419fb760aac4f380d687ed8e,d6beb5f4bcfafffbbf7bff3fcb9c631f,3,9,65,,,,,,,,,,
Q11A0068,Q11A0068_N05,CODE_BINARY,c25ed0903cfa4864d1a202a5a90ad966,97b996fe659bfbe18ee6e19ab687a68f,9bafd4dccca1a232befd4d9a6bb440db,3,17,65,,,,,,,,,,
Q11A0068,Q11A0068_N06,STRUCTURED,,,,,,,2ee91a979e9a93c494527fbe1fa355f2,58,JSON,,,,,,,
Q11A0068,Q11A0068_N07,IMAGE,,,,,,,,,,2aa8cefa3e46faf2,aaaaabababaaaaaa,771bef0285fd3081,"273,352,78,0,1172,938,0,156,938,469,938,195,0,0,0,4492",16,16,1
Q11A0069,Q11A0069_N01,CODE_BINARY,cc02af7506456558054cab766f26495f,d5fa9eefe7975e43cbe76ca2fbca17c9,6a2b6a1edf7a60bfb9b04ebf2f362f1f,6,225,69,,,,,,,,,,
Q11A0069,Q11A0069_N02,CODE_BINARY,c880f0176cf622acff6a9a49abcb530c,d5b283ba439edf212ee65890f7823a8b,7223f6096c61a03f1419debe0c732b71,21,468,61,,,,,,,,,,
Q11A0069,Q11A0069_N03,CODE_BINARY,9590c9d95a645046b3869d8ffb96ee76,559acfde439f77c0aac45820f78a378d,b23bf4af46b3fa673a1c2d9329fc2ad8,7,158,65,,,,,,,,,,
Q11A0069,Q11A0069_N04,CODE_BINARY,3ecfbb779164f03c9e914923dad29800,579345fe419fbe308ec66ba8d732218d,73277a3dbec8e2bf3a2ecdbf4b307357,22,360,65,,,,,,,,,,
Q11A0069,Q11A0069_N05,CODE_BINARY,74b4ac391703f6026dda58bbfcddd912,f3ba453f471fff2128c65820b7f237ab,422b5d9c4e12f297b839ccdfefba2b1b,12,585,69,,,,,,,,,,
Q11A0069,Q11A0069_N06,STRUCTURED,,,,,,,0fa74cba9fb61041549956ab98a3e1e3,63,JSON,,,,,,,
Q11A0069,Q11A0069_N07,IMAGE,,,,,,,,,,ff0000ffff0000ff,4a5a6a4a6a2a2a2a,02a2ff80b88acb7f,"0,0,1875,0,625,0,0,0,1562,312,0,938,2812,1562,156,156",16,16,1
Q11A0070,Q11A0070_N01,CODE_BINARY,858a08fb8e460dc7b563b0ab59ebcb5f,519284fa629c77e0aec47892d28228c5,e40afc9ee7dd306c1a382ccaa6d2671d,5,50,69,,,,,,,,,,
Q11A0070,Q11A0070_N02,CODE_BINARY,fc3ee7d91e4e520195b0fa0db9ca9098,579bd5ee419ff6608ec649a0d682278d,6623f6bcd4caa4f7113bdddf4f7a2951,13,295,61,,,,,,,,,,
Q11A0070,Q11A0070_N03,CODE_BINARY,0bc90b76a2527e99ed3d644c5085cf57,739a403e429d37c8a8ac183046823dc9,2225e4934d11226eb133cc1e2e3e273d,4,80,69,,,,,,,,,,
Q11A0070,Q11A0070_N04,CODE_BINARY,8080ed105721706238c7c9d77ed7aea7,d7b3c2fa479ff7e08ee44880ff82328d,4b74e6dc1f4779d71d0a1c2ff8d23d89,5,188,61,,,,,,,,,,
Q11A0070,Q11A0070_N05,CODE_BINARY,74ada3f1f6c7e862f85a5aa743d8c863,d7bac6ea471fdfa32e264db0f7823a0d,4a2752ccb669ee613b189cb60f371191,40,1303,69,,,,,,,,,,
Q11A0070,Q11A0070_N06,STRUCTURED,,,,,,,2e2f16a3de3056e6b856f68e1b2384f7,151,JSON,,,,,,,
Q11A0070,Q11A0070_N07,IMAGE,,,,,,,,,,00003c3c3c3c0000,0002020202020200,43833c2f2c3cd3d3,"6914,0,0,0,0,0,0,3086,0,0,0,0,0,0,0,0",9,9,1
Q11A0071,Q11A0071_N01,CODE_BINARY,77860dfd77dbb73bbf56f45fbfcff15b,97bfd6fe659bbfc08ee4678adaffbe8d,9bcfeade45c5d902fb3d6dca72ac03da,3,10,65,,,,,,,,,,
Q11A0071,Q11A0071_N02,CODE_BINARY,3edf72ba184a912a98981122d89f9b47,519375ce419fb6308ec46ba8d6a2618c,730f7a1cb38464bf10bfcd8f1338f3b7,24,327,65,,,,,,,,,,
Q11A0071,Q11A0071_N03,CODE_BINARY,074d65ad311bf82ce820e6620be8622a,53a2c9fb478df7408aec5014d6b33ceb,822885a59d49da77b0a8b1a6a91388ab,4,242,61,,,,,,,,,,
Q11A0071,Q11A0071_N04,CODE_BINARY,050822ed8923772252e35c7e7ba348f1,5712c5ca408f9660ae664ac2d6aa3405,622b262de668927699bacd3f1b322f48,5,95,65,,,,,,,,,,
Q11A0071,Q11A0071_N05,CODE_BINARY,52fd68f8f8f350a426288b9baf1352eb,f52a86dac69b75b18ad669b295be30ac,e92bde8f0f6ebdb71ae89eaf83d724ca,32,680,65,,,,,,,,,,
Q11A0071,Q11A0071_N06,STRUCTURED,,,,,,,2eed421174cd96530cd0f4cf3d7294e0,397,JSON,,,,,,,
Q11A0071,Q11A0071_N07,IMAGE,,,,,,,,,,2aa8cefa3e46faf2,aaaaabababaaaaaa,771bef0285fd3081,"273,352,78,0,1172,938,0,156,938,469,938,195,0,0,0,4492",16,16,1
Q11A0072,Q11A0072_N01,CODE_BINARY,59ef7c97f502d74bdb91f7efb5d497f0,5793f5ee699fbe408ec46388d6826d0c,dd7fe2fc85c5a923dbf6eddd032d7f56,9,31,69,,,,,,,,,,
Q11A0072,Q11A0072_N02,CODE_BINARY,6fa88dfe3ee5d90204a6c1f869526d2c,5593c7da439f7561aace688097b61881,c234e78d546126b71660dc37b9124599,16,400,65,,,,,,,,,,
Q11A0072,Q11A0072_N03,CODE_BINARY,e8edaff7b3c1e96a26844b1871855ad3,d3bac7da631f77a12ec640a2f70233cd,5027f24ceca96ef7312accaf0bb27251,19,330,65,,,,,,,,,,
Q11A0072,Q11A0072_N04,CODE_BINARY,747541bbb45c79b6c44a318915c6c283,f5bec7df471ffee189e649a3d7de1781,f2336f1dc62446b37829c5de290623dd,27,1718,65,,,,,,,,,,
Q11A0072,Q11A0072_N05,CODE_BINARY,3823bf7236c7e58aa0508138fbf7ce83,f13a43bb461f97212c074822f7a23285,582fd00dd401afa13d5ac4ab2f3462dd,5,156,69,,,,,,,,,,
Q11A0072,Q11A0072_N06,STRUCTURED,,,,,,,bf879f9ace30d602cc3275ef396b9263,47,JSON,,,,,,,
Q11A0072,Q11A0072_N07,IMAGE,,,,,,,,,,ffc080b0b0b89080,d0d0d89ebf9dcccc,7ff0b085838c87b3,"4531,938,1016,312,273,78,78,39,0,39,0,0,273,195,273,1953",16,16,1
Q11A0073,Q11A0073_N01,CODE_BINARY,9783a0a79714fc769068ada7fbff6a78,d3bac6fa671fff210e6669a2bf023a8d,583bf0ad2d71ab6d5a2986a6ca34e3db,14,147,65,,,,,,,,,,
Q11A0073,Q11A0073_N02,CODE_BINARY,cbadf9f45fe66b56f5968dfcde3b84a0,939925ef709fbc338d85638096a1b084,c27fd8f90945e7f1eb1bdebed33277fd,2,44,65,,,,,,,,,,
Q11A0073,Q11A0073_N03,CODE_BINARY,8969c900605bb06d349d24d43bcfc29e,133c8abf471ef7e2afa5f31077c9376b,18368ab165b5cda5306d84db2896e31d,3,131,61,,,,,,,,,,
Q11A0073,Q11A0073_N04,CODE_BINARY,ddf1e44c717630fed245e358c0db334f,93928838631eb760ae85d2d0f3882a83,182fdcb84764922a7d792f1efba4664d,2,9,61,,,,,,,,,,
Q11A0073,Q11A0073_N05,CODE_BINARY,27b687f3ad60331eaa61c30b2dd97d9f,d39315de438fb570aa85db88c7a269ac,919bfebb8b757ed5eba0bdae20b1d0f9,3,713,65,,,,,,,,,,
Q11A0073,Q11A0073_N06,STRUCTURED,,,,,,,a4cd021374cdb2c3ae907cdcddf696a0,76,JSON,,,,,,,
Q11A0073,Q11A0073_N07,IMAGE,,,,,,,,,,00003c3c3c3c0000,001416170f160e00,4e96316d6c3393cc,"6562,547,1094,0,547,273,78,0,78,0,625,78,78,0,0,39",16,16,1
Q11A0074,Q11A0074_N01,CODE_BINARY,ed0c8eb0c9b081067a1bed5eb2ed7d1a,8be84b3b0acb34d938a356547bf647a8,6eb5d5a84e30bf99e4612a9573b92c8d,28,43,51,,,,,,,,,,
Q11A0074,Q11A0074_N02,CODE_BINARY,a3a246c7c0d37246a1daefeb63497280,5592c3da429fb728aac6d890d6a23d09,8a225a85b47b3eb758709ea79027389b,16,202,69,,,,,,,,,,
Q11A0074,Q11A0074_N03,CODE_BINARY,8080ed105721706238c7c9d77ed7aea7,d7b3c2fa479ff7e08ee44880ff82328d,4b74e6dc1f4779d71d0a1c2ff8d23d89,5,188,61,,,,,,,,,,
Q11A0074,Q11A0074_N04,CODE_BINARY,3bdf0ed5e556ffc8fb77cbefbbd3effc,539334ee619fb260aec46388d680690e,fbffe57f8b85aba3daf6f9df0bbdffcf,3,12,65,,,,,,,,,,
Q11A0074,Q11A0074_N05,CODE_BINARY,f50c8eb2a9e0a96f7b13cc5eb2cd7d1a,83e8ca3b0acb77c13aa356547bd267a8,6eb7d5bc4e30bf19f6712b957bb16699,17,43,51,,,,,,,,,,
Q11A0074,Q11A0074_N06,STRUCTURED,,,,,,,2ee91a979e9a93c494527fbe1fa355f2,58,JSON,,,,,,,
Q11A0074,Q11A0074_N07,IMAGE,,,,,,,,,,c3033c6cd3332c4c,abaaaaab6baaaaaa,65ed39a4f052c6d2,"0,0,938,938,938,938,0,0,0,508,195,391,234,117,195,4609",16,16,1
Q11A0075,Q11A0075_N01,CODE_BINARY,4dcac1d384d36438a798295e59d0cfca,35ba07cf639fff23a88668a2ff0f3581,7233f23c4e28a03731395dde2f722959,60,4011,69,,,,,,,,,,
Q11A0075,Q11A0075_N02,CODE_BINARY,a8f1adf6b54235f860d39036cb8f1c17,d39e8dde439fbf412a865a23f78b218b,5937c23cfc0b66e5716fc49f87b62311,8,460,65,,,,,,,,,,
Q11A0075,Q11A0075_N03,CODE_BINARY,2f35316e2b54591db3578cb82bfa2be7,521255fa719fb728a8a45188f683e189,b8b1d436460fb366d978ed1699b7a428,3,277,65,,,,,,,,,,
Q11A0075,Q11A0075_N04,CODE_BINARY,97df8112f62fb44dfc8b85096df26b50,d7bac4fe619bff612ec74192f68a32cf,333ff2dccdc126263a1e0e9e3ab463d8,7,88,61,,,,,,,,,,
Q11A0075,Q11A0075_N05,CODE_BINARY,5ba5fac9af4c0358b8d398e9e76dc63f,d7b2c0fe439f7f202ac75810f68233ab,4217d4fc5a21bb66ab38dc2edb346599,9,82,69,,,,,,,,,,
Q11A0075,Q11A0075_N06,STRUCTURED,,,,,,,2da13397afbb93cc945675ee1923c176,105,JSON,,,,,,,
Q11A0075,Q11A0075_N07,IMAGE,,,,,,,,,,000e3e7e7e7c7800,0703050d1b373c18,459d3a626ec931ce,"4375,1406,0,1484,1367,664,0,469,0,0,117,0,117,0,0,0",16,16,1
Q11A0076,Q11A0076_N01,CODE_BINARY,4de3d13a3686530c8c0fac57bf3f0351,758b09ff479ff5f18ec64922d7bf17ef,b3ebf2d8464100f6581975de7a8e23d8,6,283,61,,,,,,,,,,
Q11A0076,Q11A0076_N02,CODE_BINARY,bb1c93616545e50375d3c89e20d80393,d79284ee679bdf216e0768daf78826cb,533fd07c4ea0a623393acfdf0b3467da,5,51,52,,,,,,,,,,
Q11A0076,Q11A0076_N03,CODE_BINARY,80df64b3f7686aa2ae20c0de4fd690ae,d7b2c8fa469df7e0aee4703096a23aa9,6866ee868f4e6ef1112bb8a0a9f75480,4,108,65,,,,,,,,,,
Q11A0076,Q11A0076_N04,CODE_BINARY,8d8fe5cf05caed9ac02ecbc05b14ee75,5712c1be639fb760aec45052f28a37cd,8234d4a910c10fb75a60d827f8332d99,5,40,61,,,,,,,,,,
Q11A0076,Q11A0076_N05,CODE_BINARY,8f07c53236c3d318924b994fb9fb4259,758b4fcb669f57e08e0649a2df8f14a5,bbfbf21846498066f01945de3b8e23d8,5,181,61,,,,,,,,,,
Q11A0076,Q11A0076_N06,STRUCTURED,,,,,,,2dc5529fabbbd2ce96d675fe79619176,84,JSON,,,,,,,
Q11A0076,Q11A0076_N07,IMAGE,,,,,,,,,,0000181c3c3c0800,0c000e4e8e860620,196c66c7cc199367,"8242,0,0,312,273,391,78,469,39,117,0,39,39,0,0,0",16,16,1
Q11A0077,Q11A0077_N01,CODE_BINARY,80deaea646d676c2a121c72b27443664,75a3c1df439df760a8cc582497b233a1,5b43da04c56ee4b49e3b5eb22ab663f9,6,201,69,,,,,,,,,,
Q11A0077,Q11A0077_N02,CODE_BINARY,80816510c673603a78c3e0f7fcd79e36,d79bcefa479b77e08ec469b09ea2388c,4b70c6c61b437df31f081a8fe8d23d99,5,265,61,,,,,,,,,,
Q11A0077,Q11A0077_N03,CODE_BINARY,abb2cab5bba52a476549eb0276519ac5,d7bbc6ee431fdfa1aa666db0f7822a89,c3331a05b466c5b7da649d37d726418f,12,322,65,,,,,,,,,,
Q11A0077,Q11A0077_N04,CODE_BINARY,f3bb71e28776b34cc6aeae3ca8dd43a2,7322883e669c77e0a8e45810d39228cd,de94dea612bff9279964ef2fd18778fb,6,62,61,,,,,,,,,,
Q11A0077,Q11A0077_N05,CODE_BINARY,80deaea646d676c2a121c72b27443664,75a3c1df439df760a8cc582497b233a1,5b43da04c56ee4b49e3b5eb22ab663f9,6,201,69,,,,,,,,,,
Q11A0077,Q11A0077_N06,STRUCTURED,,,,,,,d5469f3b0ff1bc0c5f927a3b3b373bc7,15,JSON,,,,,,,
Q11A0077,Q11A0077_N07,IMAGE,,,,,,,,,,003c7e66667e3c00,0e0f3333332b0f0c,05955adf607a6179,"5123,15,28,4757,13,12,18,6,27,0,0,0,0,0,0,0",1800,1800,1
Q11A0078,Q11A0078_N01,CODE_BINARY,97e84f5da9e3b2bfd4cf49c8f07dcdb8,979b35ff609ff67086e67b8246af33cd,aab37ee22638a669f7368ff6f93c7755,3,64,65,,,,,,,,,,
Q11A0078,Q11A0078_N02,CODE_BINARY,4d86d4c29c0deb638c892e798dd56f49,d72a86eac79bf760a8d669a09fa2328d,6ca272d4dd6fa577b5304e12de3f482d,3,57,61,,,,,,,,,,
Q11A0078,Q11A0078_N03,CODE_BINARY,e5b08c7893f635b4f6ac790d72c2cb4a,719a59db409d77c0aec458a0978e17ad,103ffefd4d719066b8390f1a793e43d9,4,85,65,,,,,,,,,,
Q11A0078,Q11A0078_N04,CODE_BINARY,a8f1adf6b54235f860d39036cb8f1c17,d39e8dde439fbf412a865a23f78b218b,5937c23cfc0b66e5716fc49f87b62311,8,460,65,,,,,,,,,,
Q11A0078,Q11A0078_N05,CODE_BINARY,eee3e6fd567e7da293feadcad9f3eef6,d393c07a619b3f60aac6d0929682220b,1bfff4cccfe47a3b9b7a4ffb3fe27e5b,4,18,65,,,,,,,,,,
Q11A0078,Q11A0078_N06,STRUCTURED,,,,,,,2e69520475c796c3ac86fce577c7b5e6,101,JSON,,,,,,,
Q11A0078,Q11A0078_N07,IMAGE,,,,,,,,,,7f50005557700055,6a2a2a6a4a3a1a6a,02ea7f88b81aca3f,"0,156,3594,938,4844,469,0,0,0,0,0,0,0,0,0,0",16,16,1
Q11A0079,Q11A0079_N01,CODE_BINARY,8ea6ef55977416f30696655159c2faab,159a27de419f7621aec66880d7a22c8d,3322f69d2c7026d7bcb15d766d236fdb,9,118,65,,,,,,,,,,
Q11A0079,Q11A0079_N02,CODE_BINARY,23ef5bdfaa66eb9e891b80cf5f6cb0f4,52969cde619fb668aec472c0d28a6c0c,9498d0aa46f5066019327c14aaa6e45b,3,11,61,,,,,,,,,,
Q11A0079,Q11A0079_N03,CODE_BINARY,5adf2aa7b342e6e09bd3db63b9d4b2b9,579375ee619fbe5006c46088d682650d,fd37e37db985a9a5d2e6e9df03bdff46,5,24,65,,,,,,,,,,
Q11A0079,Q11A0079_N04,CODE_BINARY,ae98e862a6d26f57edafc15ff7a57474,53a2e8de679cf7e0aec47912979329ed,2bf0c086efc696e0187a5ad0ac3dc532,6,101,65,,,,,,,,,,
Q11A0079,Q11A0079_N05,CODE_BINARY,b69e88cffc159cf5f4eab9cf7eaf7917,1e9fc9fa551da7a08ec8f084d6b328a9,cf70fc8fc4f49d2598608b419573d58b,2,166,65,,,,,,,,,,
Q11A0079,Q11A0079_N06,STRUCTURED,,,,,,,6d3b56b7cf3912f63856f5cf5979407d,47,JSON,,,,,,,
Q11A0079,Q11A0079_N07,IMAGE,,,,,,,,,,fff7cd424200e7ff,0038d62169e8b201,31cfcf2484b71b98,"0,0,0,0,0,0,0,625,18,21,112,18,491,112,702,7900",710,710,1
Q11A0080,Q11A0080_N01,CODE_BINARY,aeb286df12048b184a528287a5cd9190,77b45df76d9fe7a5cca857e7d6fb7e41,e3a20f0ec504ae3780b463f3ebdca817,1,57,69,,,,,,,,,,
Q11A0080,Q11A0080_N02,CODE_BINARY,74e65da3b6dc7160ed4ad5082142c283,75bec7df471ffee189e749a3d7df1685,f2336e1dc62846b37829c5df292223dd,31,2484,65,,,,,,,,,,
Q11A0080,Q11A0080_N03,CODE_BINARY,8d65d9e24d96cc64f73a2d364b3e0f68,d3b894fc461fffa3f827570ae2d2aeaf,e047d8a9095772f1ea0fdeaad29a667f,3,646,65,,,,,,,,,,
Q11A0080,Q11A0080_N04,CODE_BINARY,f3bb71e28776b34cc6aeae3ca8dd43a2,7322883e669c77e0a8e45810d39228cd,de94dea612bff9279964ef2fd18778fb,6,62,61,,,,,,,,,,
Q11A0080,Q11A0080_N05,CODE_BINARY,cdd7fbb9fc01d37dc0020d76fbf2b9e2,75ba8f8f439f5f61a8e74810b7aa358b,7233522c5fa820bd3d195ef60b7669f3,12,382,69,,,,,,,,,,
Q11A0080,Q11A0080_N06,STRUCTURED,,,,,,,7ac96a93d5cd82522c42fcb89fc296c0,351,JSON,,,,,,,
Q11A0080,Q11A0080_N07,IMAGE,,,,,,,,,,fe90fe00ef6aef00,858d85b53525a424,77dd5c8122d55493,"0,0,0,0,0,0,547,1250,6719,1484,0,0,0,0,0,0",16,16,1
Q11A0081,Q11A0081_N01,CODE_BINARY,8f07c53236c3d318924b994fb9fb4259,758b4fcb669f57e08e0649a2df8f14a5,bbfbf21846498066f01945de3b8e23d8,5,181,61,,,,,,,,,,
Q11A0081,Q11A0081_N02,CODE_BINARY,beb6c4ddf1004f1b470f8b83709c2196,9638d4ace49ce7a4cbe47d92a6da6789,e3a20f0ec504ae3780b463f3ebdca817,2,102,69,,,,,,,,,,
Q11A0081,Q11A0081_N03,CODE_BINARY,e5b08c7893f635b4f6ac790d72c2cb4a,719a59db409d77c0aec458a0978e17ad,103ffefd4d719066b8390f1a793e43d9,4,85,65,,,,,,,,,,
Q11A0081,Q11A0081_N04,CODE_BINARY,c0adc55086db6b3cf88089fcbdd7de25,d793c6fa679b77608ed469a0dcaa3acd,6e627ecc9b617c711f081c47b0723f99,5,57,61,,,,,,,,,,
Q11A0081,Q11A0081_N05,CODE_BINARY,0304092816672704aad71c57befbc311,d7babc7f659befc3aec75192f2dfa7c7,93fedcf8c5e51222fa7d2d8a7aa466d8,4,23,61,,,,,,,,,,
Q11A0081,Q11A0081_N06,STRUCTURED,,,,,,,0da16de3cd719bc8949633cf1dab65e6,118,JSON,,,,,,,
Q11A0081,Q11A0081_N07,IMAGE,,,,,,,,,,7f50005557700055,6a2a2a6a4a3a1a6a,02ea7f88b81aca3f,"0,156,3594,938,4844,469,0,0,0,0,0,0,0,0,0,0",16,16,1
Q11A0082,Q11A0082_N01,CODE_BINARY,f4cfffe3b4419d4afe596b27e1d9b3d7,d7bac4ce459fffa1aee669a2d6822689,db27f21cd4cb42b39823f53e2337039b,23,528,65,,,,,,,,,,
Q11A0082,Q11A0082_N02,CODE_BINARY,6587b79cfd7bdc8d3e56a01fbfcadb14,93bad4f8611bff60aec4e380d60aaa0f,937edadcc5e411227b7d2dc03aa446da,3,14,65,,,,,,,,,,
Q11A0082,Q11A0082_N03,CODE_BINARY,c0adc55086db6b3cf88089fcbdd7de25,d793c6fa679b77608ed469a0dcaa3acd,6e627ecc9b617c711f081c47b0723f99,5,57,61,,,,,,,,,,
Q11A0082,Q11A0082_N04,CODE_BINARY,929200abc61e89e5b502e59979efcb1d,5592cdda638db748aec47890d6a228c5,ec42ec04c6dd2265107d6c56af64a79d,6,58,65,,,,,,,,,,
Q11A0082,Q11A0082_N05,CODE_BINARY,8ee73f04b343a560f8977d23bfee9720,579385ce619ff6408ec44080f683200d,937ffaffcd652277fa38ef8a3bb4675e,16,131,69,,,,,,,,,,
Q11A0082,Q11A0082_N06,STRUCTURED,,,,,,,1f4f9f3f9e307d3f6f835b1b8fa92ca6,14,JSON,,,,,,,
Q11A0082,Q11A0082_N07,IMAGE,,,,,,,,,,c3033c6cd3332c4c,abaaaaab6baaaaaa,65ed39a4f052c6d2,"0,0,938,938,938,938,0,0,0,508,195,391,234,117,195,4609",16,16,1
Q11A0083,Q11A0083_N01,CODE_BINARY,d6db5c92b6f79e6c74d5235880ee8777,31ba08df441ff7e02ec778b277882de4,a34afd8f67d55036b91d2d8a7a8c67d8,5,70,61,,,,,,,,,,
Q11A0083,Q11A0083_N02,CODE_BINARY,dee3e4735643b0fd6e6683b5f1ce1186,f73ac7aa469f5f20ace74a50d78a36cd,e222ae4ecd04a63791b477bb6bd6285d,7,214,65,,,,,,,,,,
Q11A0083,Q11A0083_N03,CODE_BINARY,e8edaff7b3c1e96a26844b1871855ad3,d3bac7da631f77a12ec640a2f70233cd,5027f24ceca96ef7312accaf0bb27251,19,330,65,,,,,,,,,,
Q11A0083,Q11A0083_N04,CODE_BINARY,747541abb45879b6c448318915c6c283,f5bec7df471ffee189e649a3d7de1781,f2336f1dc62446b37829c5de290623dd,27,1748,65,,,,,,,,,,
Q11A0083,Q11A0083_N05,CODE_BINARY,09cde5cf25cae59ac02ecbc05b106d61,53928dda429d3768aac45040d6a22ced,8234c5c110410fb75a60d827f8130d99,6,38,61,,,,,,,,,,
Q11A0083,Q11A0083_N06,STRUCTURED,,,,,,,8b637975fed98bc414463fa80923c285,47,JSON,,,,,,,
Q11A0083,Q11A0083_N07,IMAGE,,,,,,,,,,ffffff00000083ff,0000b2a1ada19900,3fc0c03f1936e6c9,"1777,1025,20,20,10,0,0,625,98,68,49,68,88,0,117,6035",32,32,1
Q11A0084,Q11A0084_N01,CODE_BINARY,e3850c425332d8b0dbe0dbf4c33c715e,53836dda679db670aec47820d6b229ad,4866d48e12c52a2311612800b1073d98,6,36,65,,,,,,,,,,
Q11A0084,Q11A0084_N02,CODE_BINARY,3ecfba379544f0149f91c92b9ad29900,579345de419fbe308ec66ba8d732218d,63277a3daec9e2bf3a3ecdbf4b306357,20,316,65,,,,,,,,,,
Q11A0084,Q11A0084_N03,CODE_BINARY,43e7f3f65696e4552392817041ef7907,d53b8ec0c5bb7e618a466d9096aa348d,6683fa32c4f99535f61a0ffbef7e49d4,2,47,61,,,,,,,,,,
Q11A0084,Q11A0084_N04,CODE_BINARY,80df64b3f7686aa2ae20c0de4fd690ae,d7b2c8fa469df7e0aee4703096a23aa9,6866ee868f4e6ef1112bb8a0a9f75480,4,108,65,,,,,,,,,,
Q11A0084,Q11A0084_N05,CODE_BINARY,1ea66d70b5205156e01aa12e61d9dab2,f7bac5ef439fffe188e649a2f7923789,fa23729cce61a633303954de2b372393,46,2423,69,,,,,,,,,,
Q11A0084,Q11A0084_N06,STRUCTURED,,,,,,,2eed0293d48db2d20cb2fc9f7df294e2,385,JSON,,,,,,,
Q11A0084,Q11A0084_N07,IMAGE,,,,,,,,,,00ffffffffffff00,4145454545454541,54c42baa3bd43b2b,"742,0,0,0,0,0,0,0,0,0,1438,0,0,7820,0,0",160,32,1
Q11A0085,Q11A0085_N01,CODE_BINARY,1e83db71cf01607c861989757994c9b9,539355ce439ffe214a466aa8f6a2618d,62337a3ccf0120b791b2e5bf2ff42b77,51,1228,69,,,,,,,,,,
Q11A0085,Q11A0085_N02,CODE_BINARY,b3acfe53dafeecacd7c98d7d4ba92b38,939bd4ff751ff7a1cee6e188b681ffbc,df6abfa5e67adf7f97ef6fb7c8e681f6,2,16,69,,,,,,,,,,
Q11A0085,Q11A0085_N03,CODE_BINARY,80df64b3f7686aa2ae20c0de4fd690ae,d7b2c8fa469df7e0aee4703096a23aa9,6866ee868f4e6ef1112bb8a0a9f75480,4,108,65,,,,,,,,,,
Q11A0085,Q11A0085_N04,CODE_BINARY,a8f189ee057d71f64382b9363a5f5f2b,b78e3dff269bf07399874a40db7ed7ae,603ff09cdeb0eaa7f93acfdbad762f1b,5,174,69,,,,,,,,,,
Q11A0085,Q11A0085_N05,CODE_BINARY,74b4ac391703f6026dda58bbfcddd912,f3ba453f471fff2128c65820b7f237ab,422b5d9c4e12f297b839ccdfefba2b1b,12,585,69,,,,,,,,,,
Q11A0085,Q11A0085_N06,STRUCTURED,,,,,,,2ee91a979e9a93c494527fbe1fa355f2,58,JSON,,,,,,,
Q11A0085,Q11A0085_N07,IMAGE,,,,,,,,,,003c3e3c3c3c1800,0f170b0f0f0f1f0c,19b6669899696766,"5938,703,1719,938,0,0,0,312,0,0,273,117,0,0,0,0",16,16,1
Q11A0086,Q11A0086_N01,CODE_BINARY,14206b962c616d2197e0ee4767d56e26,d1bac7fa459f77a0aac649a0d6b2378d,5332d4fd6470ae57b831df737bb543df,20,340,69,,,,,,,,,,
Q11A0086,Q11A0086_N02,CODE_BINARY,a0d35c731c2228e86960cffea87edb9a,56ba869ae79f7f212e446810b78a3fc9,c42e66ee4f48ae7d11a9bd22ebf6468d,4,76,69,,,,,,,,,,
Q11A0086,Q11A0086_N03,CODE_BINARY,beb6c4ddf1004f1b470f8b83709c2196,9638d4ace49ce7a4cbe47d92a6da6789,e3a20f0ec504ae3780b463f3ebdca817,2,102,69,,,,,,,,,,
Q11A0086,Q11A0086_N04,CODE_BINARY,43e7f3f65696e4552392817041ef7907,d53b8ec0c5bb7e618a466d9096aa348d,6683fa32c4f99535f61a0ffbef7e49d4,2,47,61,,,,,,,,,,
Q11A0086,Q11A0086_N05,CODE_BINARY,6ee4a772a849262e67bd294a78b5ee7f,57be27cac39b7f718c476892978a148d,c20b64bc0439c256563bed374f76895f,4,97,69,,,,,,,,,,
Q11A0086,Q11A0086_N06,STRUCTURED,,,,,,,2e2f14021e85f6d28cb7f8a735d325e6,16,JSON,,,,,,,
Q11A0086,Q11A0086_N07,IMAGE,,,,,,,,,,ffc080b0b0b89080,d0d0d89ebf9dcccc,7ff0b085838c87b3,"4531,938,1016,312,273,78,78,39,0,39,0,0,273,195,273,1953",16,16,1
Q11A0087,Q11A0087_N01,CODE_BINARY,17964743843bd22ab163c0151e707c2e,f654fdde629ef7cc2e205c06f6923709,4a76018169f05a75cab9c9b1c1936694,1,115,65,,,,,,,,,,
Q11A0087,Q11A0087_N02,CODE_BINARY,352cae62b59b7db437599afebcdc7c53,d79e8ccf659bff608e664842d6ca26ab,4227d4bc4e29af23313bdfda0ffe21d9,5,185,52,,,,,,,,,,
Q11A0087,Q11A0087_N03,CODE_BINARY,51fced135ac508925100bd2d01ca1e74,752acfde479f77c0aac64822d70e37ed,126b72fec5a1f8263a182f903bb403d8,7,221,65,,,,,,,,,,
Q11A0087,Q11A0087_N04,CODE_BINARY,b3acfe53dafeecacd7c98d7d4ba92b38,939bd4ff751ff7a1cee6e188b681ffbc,df6abfa5e67adf7f97ef6fb7c8e681f6,2,16,69,,,,,,,,,,
Q11A0087,Q11A0087_N05,CODE_BINARY,2db0f39086475a0cd6f29608d75bda6c,f5ba87df479f75712ac64990979631ad,5237f45c8c327b2e3b789eef3bb21d99,8,120,65,,,,,,,,,,
Q11A0087,Q11A0087_N06,STRUCTURED,,,,,,,2dc5529fabbbd2ce96d675fe79619176,84,JSON,,,,,,,
Q11A0087,Q11A0087_N07,IMAGE,,,,,,,,,,d0b87efc9e7e2c00,4d9f3377df1333ad,55cc2b9c38d3b43c,"0,0,0,0,0,39,0,234,1992,938,312,2695,1602,2109,0,78",16,16,1
Q11A0088,Q11A0088_N01,CODE_BINARY,1c836ef39ead7edb31dba03d037f256e,d5ba8fce439f5f21a8c66890d7a23c89,0a03fe0696faf4b782131db39b663ddb,10,175,69,,,,,,,,,,
Q11A0088,Q11A0088_N02,CODE_BINARY,4f5e6fd6312e8148cd5ecb4f39aa5996,179b8b8e438e1f61a68c2890d7821149,a222d7bd0c612337f231bd17683209db,4,105,52,,,,,,,,,,
Q11A0088,Q11A0088_N03,CODE_BINARY,a0d35cf31c2228e869e0c77eeb7edb9e,563a869ae79f5f202c446810b78a3fc9,c42266ee4648ae7f11a9bc32ebf6168d,4,80,69,,,,,,,,,,
Q11A0088,Q11A0088_N04,CODE_BINARY,abb2cab5bba52a476549eb0276519ac5,d7bbc6ee431fdfa1aa666db0f7822a89,c3331a05b466c5b7da649d37d726418f,12,322,65,,,,,,,,,,
Q11A0088,Q11A0088_N05,CODE_BINARY,2c2be5bd54641a326c1bcd1f37d6f1da,5391411b431cbf89ae96d03257a8ac43,e1220f0ec506ee3790a463ffcffcaa1f,7,211,69,,,,,,,,,,
Q11A0088,Q11A0088_N06,STRUCTURED,,,,,,,2dc5529fabbbd2ce96d675fe79619176,84,JSON,,,,,,,
Q11A0088,Q11A0088_N07,IMAGE,,,,,,,,,,00003c3c3c3c0000,0002020202020200,43833c2f2c3cd3d3,"6914,0,0,0,0,0,0,3086,0,0,0,0,0,0,0,0",9,9,1
Q11A0089,Q11A0089_N01,CODE_BINARY,6d63a6f13427511aea9f233441d45082,d7ba45de439ff7a1ace658a2d78a37c9,52237e2ec4002e37919576bf2b962855,17,529,69,,,,,,,,,,
Q11A0089,Q11A0089_N02,CODE_BINARY,6469bfe0b0c51556e0701830719d7882,f1ba45de471ff7a12ac678a2f79325c1,183bd23ddf0966af3548c48f073263b1,11,1106,69,,,,,,,,,,
Q11A0089,Q11A0089_N03,CODE_BINARY,7843036265420fa1db118332e09338dc,d79385ee639fff616e466a88fea2238d,f727727ddd4da1b3501ff9df87da6967,12,105,65,,,,,,,,,,
Q11A0089,Q11A0089_N04,CODE_BINARY,c8a6f335966ffe05cd90a52449fa8e68,11bac6df4397ff61ac4768a2ff8a348d,32b3d23c4768ee2618394dda3bfc21d9,13,274,61,,,,,,,,,,
Q11A0089,Q11A0089_N05,CODE_BINARY,6d63a6f13427511aea9f233441d45082,d7ba45de439ff7a1ace658a2d78a37c9,52237e2ec4002e37919576bf2b962855,17,529,69,,,,,,,,,,
Q11A0089,Q11A0089_N06,STRUCTURED,,,,,,,0da16de3cd719bc8949633cf1dab65e6,118,JSON,,,,,,,
Q11A0089,Q11A0089_N07,IMAGE,,,,,,,,,,003c7e66667e3c00,0e0f3333332b0f0c,05955adf607a6179,"5123,15,28,4757,13,12,18,6,27,0,0,0,0,0,0,0",1800,1800,1
Q11A0090,Q11A0090_N01,CODE_BINARY,268e8e917573bd4476156c3f861b99dd,053a3ddf551ef6e1afc75ca273de04a5,822ec7c944655f37bafc0f8be99600da,2,57,61,,,,,,,,,,
Q11A0090,Q11A0090_N02,CODE_BINARY,80df64b3f7686aa2ae20c0de4fd690ae,d7b2c8fa469df7e0aee4703096a23aa9,6866ee868f4e6ef1112bb8a0a9f75480,4,108,65,,,,,,,,,,
Q11A0090,Q11A0090_N03,CODE_BINARY,ddf1e44c717630fed245e358c0db334f,93928838631eb760ae85d2d0f3882a83,182fdcb84764922a7d792f1efba4664d,2,9,61,,,,,,,,,,
Q11A0090,Q11A0090_N04,CODE_BINARY,c865d0c7ac40702d0314293a9c5c5318,d53a8682c79bd5e32a766db0bdea3e8d,da22d74ca82ca7f637799c93a9b662ce,3,45,61,,,,,,,,,,
Q11A0090,Q11A0090_N05,CODE_BINARY,76cd6c93c50a0f57d29d6fb696164d9c,0532bdd7751fe3e02ec45486fa4e2da5,b3fefbdde5c55036f8fd2d8a70ac63d8,1,10,61,,,,,,,,,,
Q11A0090,Q11A0090_N06,STRUCTURED,,,,,,,07a548b2ddb673d8538d56a999b3e3e6,57,JSON,,,,,,,
Q11A0090,Q11A0090_N07,IMAGE,,,,,,,,,,00103c7e7e3c3000,409c1f271b1f9e00,464b3f3470d3938e,"6016,0,391,234,703,1133,1055,273,195,0,0,0,0,0,0,0",16,16,1
Q11A0091,Q11A0091_N01,CODE_BINARY,1f23baf8e32dc51400068d3711c9c552,559b47de439ffe618ac669a0f782358d,a32b71b427989b6bd82b8dbb67966b89,51,2001,69,,,,,,,,,,
Q11A0091,Q11A0091_N02,CODE_BINARY,7f398857513aeb6208cbd525619708c6,5383c9da43cd36588ac46820dfb238ad,dbb5d0357a932a233841a52cd0d576db,18,132,65,,,,,,,,,,
Q11A0091,Q11A0091_N03,CODE_BINARY,7de73510f2438134cf89642ef185c150,559a05ee419ffe21ae6669a0f6a2358d,7233761c46e2a0ffd933cd972b362b51,53,1876,65,,,,,,,,,,
Q11A0091,Q11A0091_N04,CODE_BINARY,5dfb674f76dfb030d027a14a996b2776,d391887b619bff60aac6d09296802a03,9bbe9cbc84e50663fa736d17aa24665f,6,23,65,,,,,,,,,,
Q11A0091,Q11A0091_N05,CODE_BINARY,c06f44c2b2647a367e3a1bd64faa938c,559284fa669dd760aee47890f6827dad,ca22d48c9a6f2fb31049d807c3922d19,5,33,65,,,,,,,,,,
Q11A0091,Q11A0091_N06,STRUCTURED,,,,,,,87673135acdb8bd4154637a80922d225,82,JSON,,,,,,,
Q11A0091,Q11A0091_N07,IMAGE,,,,,,,,,,7e3e3e7c3e7e3c7c,23030327071b0f07,00beeaee814bb41f,"0,469,3906,5625,0,0,0,0,0,0,0,0,0,0,0,0",16,16,1
Q11A0092,Q11A0092_N01,CODE_BINARY,8886a2e594e72215bb4f9c5e19fe4f14,519290fa439df760aec7d092f682670b,c206dc8462a55ff11a0a9837c892279a,20,205,65,,,,,,,,,,
Q11A0092,Q11A0092_N02,CODE_BINARY,3c83c8341512542a86ce857d893178e2,d7b3c5ce679fdf016e666930d78a35cd,fa37d0b416bbaa231a2bdebe0a96276f,10,157,65,,,,,,,,,,
Q11A0092,Q11A0092_N03,CODE_BINARY,eee39ccfaa58fdefcb8f99257260a078,d59f35fe759bf2e1cec669a0d2be3e8d,023294ce5e7da5b7b8b05e1f283e5cd8,2,33,61,,,,,,,,,,
Q11A0092,Q11A0092_N04,CODE_BINARY,7521f4d0904df962e142717869d26820,d5ba47cf471fffe188e669a2d78b3789,7023921c6480e0a7312fcddf2b3e2355,23,1203,65,,,,,,,,,,
Q11A0092,Q11A0092_N05,CODE_BINARY,bb1c93616545e50375d3c89e20d80393,d79284ee679bdf216e0768daf78826cb,533fd07c4ea0a623393acfdf0b3467da,5,51,52,,,,,,,,,,
Q11A0092,Q11A0092_N06,STRUCTURED,,,,,,,2de1acaa04b991c494f6f7cd1da35162,27,JSON,,,,,,,
Q11A0092,Q11A0092_N07,IMAGE,,,,,,,,,,7cfe9e93d17e2600,1f79cddcdc1db33d,44f853c26a97196f,"0,0,0,964,2983,2324,1191,250,14,16,14,14,16,34,18,2164",256,256,1
Q11A0093,Q11A0093_N01,CODE_BINARY,13a4b095ac0e3cd46201457a43d0cfc4,d59bc7da439f3761aac64890d7823083,22327086647ab333983d4dbb6bf4414b,36,828,65,,,,,,,,,,
Q11A0093,Q11A0093_N02,CODE_BINARY,a7a5a85333ec0cc3dc7853c69e375b6b,d58acdfa639f3748aae57820d79237c9,6203f5bd5c4b66b7341954becd5a29f1,6,190,69,,,,,,,,,,
Q11A0093,Q11A0093_N03,CODE_BINARY,7de73510f2438134cf89642ef185c150,559a05ee419ffe21ae6669a0f6a2358d,7233761c46e2a0ffd933cd972b362b51,53,1876,65,,,,,,,,,,
Q11A0093,Q11A0093_N04,CODE_BINARY,4f5e6fd6312e8148cd5ecb4f39aa5996,179b8b8e438e1f61a68c2890d7821149,a222d7bd0c612337f231bd17683209db,4,105,52,,,,,,,,,,
Q11A0093,Q11A0093_N05,CODE_BINARY,705c58dd1763fcc3784fa8e684864092,d7bbd6fe659bf6e08e646182bc82bf8c,b30aeade65a53016f9bd6d827aac03d8,4,24,65,,,,,,,,,,
Q11A0093,Q11A0093_N06,STRUCTURED,,,,,,,0fe31598fcdf93c195c27dafdbe357a6,113,JSON,,,,,,,
Q11A0093,Q11A0093_N07,IMAGE,,,,,,,,,,ffb081bd81b58081,d29a96a6a69a92a2,7fd4a4c4b1b9a438,"0,0,0,0,75,2100,3075,775,0,0,800,0,75,725,475,1900",20,20,1
Q11A0094,Q11A0094_N01,CODE_BINARY,70e2e631ab7d2f65e49cdd1e2fe9c01d,003add9ed516f6c23cb15ca4ffd33585,e16bffafc74ef8e5182aada3a9f62485,2,271,69,,,,,,,,,,
Q11A0094,Q11A0094_N02,CODE_BINARY,45fe472ec02652304e20cebf92b307a7,519209de629ff7602ec678c0f78259ab,c2a6529c96e9e677d6124e969f562dd1,7,105,65,,,,,,,,,,
Q11A0094,Q11A0094_N03,CODE_BINARY,80df64b3f7686aa2ae20c0de4fd690ae,d7b2c8fa469df7e0aee4703096a23aa9,6866ee868f4e6ef1112bb8a0a9f75480,4,108,65,,,,,,,,,,
Q11A0094,Q11A0094_N04,CODE_BINARY,bf8181930532a288a4106f5ac3c16835,d39ac4fe639ff7002ae64380d68a2fcd,4ab65ed412633a57ff797e2fca9425b8,9,74,69,,,,,,,,,,
Q11A0094,Q11A0094_N05,CODE_BINARY,f7b75ef1379e7cf875ea4eac207e53d8,358b87ff649f76618ac64882d79e1485,5627e62c5c20a826f0314ddd2f7a4f59,5,213,61,,,,,,,,,,
Q11A0094,Q11A0094_N06,STRUCTURED,,,,,,,3fe9c8aa5db07171ac871e3fe92264e7,34,JSON,,,,,,,
Q11A0094,Q11A0094_N07,IMAGE,,,,,,,,,,0c0c0c2c2c0c0000,2626061616160002,139b6d4c936d9499,"8994,0,0,0,0,68,327,54,278,278,0,0,0,0,0,0",64,32,1
Q11A0095,Q11A0095_N01,CODE_BINARY,7286a7b78302f75a98f3d27c1e640020,579765ee619fbe508e4462a8d68a2c8d,e7e7e6964d4ca1f3d0b8fcde0f797d71,6,43,65,,,,,,,,,,
Q11A0095,Q11A0095_N02,CODE_BINARY,b59af1d56e48c94a928bff87f5ef6cea,179f27ff619db7718cc4c181d6a7b485,a234ecad165527775922ce12bb1c4ddb,2,53,61,,,,,,,,,,
Q11A0095,Q11A0095_N03,CODE_BINARY,8ccec162b5db29c7defdc313ed3c7af7,d39245fe679bfff18ec661a2978a30cf,7a36d0bc8be56673713adc8f2a337450,6,61,52,,,,,,,,,,
Q11A0095,Q11A0095_N04,CODE_BINARY,dee3e4715603f0f96e2683b5f1ce1186,f73ac7aa469f5f20ace74a50d78a36cd,e223ae4ecd04a63791b477bb6b96285d,7,211,65,,,,,,,,,,
Q11A0095,Q11A0095_N05,CODE_BINARY,ddf4289346b375b007530ceb85ff8db1,d503c4da479df501aae65830d6b23489,47b44ad7a7c928f1866afcfdbc3205a9,7,137,61,,,,,,,,,,
Q11A0095,Q11A0095_N06,STRUCTURED,,,,,,,d3c96a55d54dca181f42bcb00252d680,149,JSON,,,,,,,
Q11A0095,Q11A0095_N07,IMAGE,,,,,,,,,,0006466c3e3e7000,26136337951b3c31,17346ccf4bc3942d,"6406,1055,664,195,820,352,391,0,0,117,0,0,0,0,0,0",16,16,1
Q11A0096,Q11A0096_N01,CODE_BINARY,c9c1a463ad403b46dd9b2c35564453cf,d59b8fde479e7d21aad6683097a234a9,6a3b3e0c0c72d09b9837c597be9e2b06,12,1696,69,,,,,,,,,,
Q11A0096,Q11A0096_N02,CODE_BINARY,b61e88cffc151cf5f4ea994f6ea7791f,1a97c9fe551ca7a89fc4d024d683a1b9,4f70fc8fc4f09c2598608b419573d58b,2,153,65,,,,,,,,,,
Q11A0096,Q11A0096_N03,CODE_BINARY,3bdf0ed5e556ffc8fb77cbefbbd3effc,539334ee619fb260aec46388d680690e,fbffe57f8b85aba3daf6f9df0bbdffcf,3,12,65,,,,,,,,,,
Q11A0096,Q11A0096_N04,CODE_BINARY,93c5215434aa096755c94dce0a9cd776,d78ac7fa439fff608ac66820d792338f,7223e20c6e73a27e141bc6970836011b,48,1044,65,,,,,,,,,,
Q11A0096,Q11A0096_N05,CODE_BINARY,5682f76426d2d22e2f5fe02bd3e8f150,d1b2829a439f57e02ec65990b6823f89,9232d289a5f120be79395d872a36e351,9,89,61,,,,,,,,,,
Q11A0096,Q11A0096_N06,STRUCTURED,,,,,,,2de51a97adba93c4955677ee39a14172,89,JSON,,,,,,,
Q11A0096,Q11A0096_N07,IMAGE,,,,,,,,,,00c4dcd8d0d0c040,4063474f5b595c4a,70912f264f4b0ff1,"6938,363,583,275,175,40,71,90,401,200,84,28,45,0,16,691",128,128,1
Q11A0097,Q11A0097_N01,CODE_BINARY,4882a218970cfd278f56ad0e69db6a30,c1bbd6eae493dfe18e6669a8bcca338d,198ffcbc452deb605cbdaca873b870c8,4,38,65,,,,,,,,,,
Q11A0097,Q11A0097_N02,CODE_BINARY,6d63a6f13427511aea9f233441d45082,d7ba45de439ff7a1ace658a2d78a37c9,52237e2ec4002e37919576bf2b962855,17,529,69,,,,,,,,,,
Q11A0097,Q11A0097_N03,CODE_BINARY,fefb3af5b3cd7953ebdba75e6be9fe8e,d793d4ea609fd7200ea64898e6806708,d7bf948d6c39bdf3a4fb3fbb8bb5e0aa,5,23,65,,,,,,,,,,
Q11A0097,Q11A0097_N04,CODE_BINARY,0b1c310d5f83e13042c2bd24239e8bf3,17d2dcbe65bbd6606e646b82d60a3c58,cba3062c11aeeffbd5b57fb2528fa977,5,51,69,,,,,,,,,,
Q11A0097,Q11A0097_N05,CODE_BINARY,c880f0176cf622acff6a9a49abcb530c,d5b283ba439edf212ee65890f7823a8b,7223f6096c61a03f1419debe0c732b71,21,468,61,,,,,,,,,,
Q11A0097,Q11A0097_N06,STRUCTURED,,,,,,,2f27e4a2dca2b7b5f29d1f99babaafe2,11,JSON,,,,,,,
Q11A0097,Q11A0097_N07,IMAGE,,,,,,,,,,0000183c3c3c3800,2d33cc86869e8e6d,4f3165c7939c4f30,"163,3343,3223,935,0,0,0,0,305,8,1493,0,529,0,0,0",512,512,1
Q11A0098,Q11A0098_N01,CODE_BINARY,20b0360d40161818ea3111a881f259da,327098bd691ff7806e4cd6973e8a7f2b,eba24f4e458daf3799b773f3ebac880f,1,9,65,,,,,,,,,,
Q11A0098,Q11A0098_N02,CODE_BINARY,1a9c011ba856a8e4ea6e10581dabce48,93b8d6bc631afbe3eee7e3dab688bf0b,590ebd2e84a5a74b7e516d1aaa64665c,3,17,69,,,,,,,,,,
Q11A0098,Q11A0098_N03,CODE_BINARY,bf8181930532a288a4106f5ac3c16835,d39ac4fe639ff7002ae64380d68a2fcd,4ab65ed412633a57ff797e2fca9425b8,9,74,69,,,,,,,,,,
Q11A0098,Q11A0098_N04,CODE_BINARY,abb2cab5bba52a476549eb0276519ac5,d7bbc6ee431fdfa1aa666db0f7822a89,c3331a05b466c5b7da649d37d726418f,12,322,65,,,,,,,,,,
Q11A0098,Q11A0098_N05,CODE_BINARY,ceb71d29a0cb1239ae0c869f7ae1a961,d23994fd671bbff38b0df782c088aee6,e22f788c3a89f6f1c34796b7829a3272,2,534,65,,,,,,,,,,
Q11A0098,Q11A0098_N06,STRUCTURED,,,,,,,2dc95a97bfbe90c4b47275ce1f63d1f2,92,JSON,,,,,,,
Q11A0098,Q11A0098_N07,IMAGE,,,,,,,,,,ffff818181801000,b236c8e8e8c8d9e6,6a8685d1736c6a9d,"201,518,202,231,273,670,1715,1082,844,377,334,257,826,1145,1324,0",128,128,1
Q11A0099,Q11A0099_N01,CODE_BINARY,71e78bba99c03416b812a33a28cd7af7,57bad5ce479fff212ee669b2f6823708,6237d21c7ca1e6b7f176d7970b366150,36,1359,69,,,,,,,,,,
Q11A0099,Q11A0099_N02,CODE_BINARY,b2e1381f3e05e1a1421f89e662b9644d,169b94fa759ffa314e4469cab388208a,d02695c85a49271791b06c366e300d3b,2,17,65,,,,,,,,,,
Q11A0099,Q11A0099_N03,CODE_BINARY,9df0cddff2877c968186fd0dcb8adb5b,552acfda459d77e08ac46830d78234ad,926bfcdd67f1d236ba1c2d8a71b403d8,7,204,65,,,,,,,,,,
Q11A0099,Q11A0099_N04,CODE_BINARY,bb1c93616545e50375d3c89e20d80393,d79284ee679bdf216e0768daf78826cb,533fd07c4ea0a623393acfdf0b3467da,5,51,52,,,,,,,,,,
Q11A0099,Q11A0099_N05,CODE_BINARY,3bdf0ed5e556ffc8fb77cbefbbd3effc,539334ee619fb260aec46388d680690e,fbffe57f8b85aba3daf6f9df0bbdffcf,3,12,65,,,,,,,,,,
Q11A0099,Q11A0099_N06,STRUCTURED,,,,,,,2e29521757c7d2d21402f8af35c125e6,80,JSON,,,,,,,
Q11A0099,Q11A0099_N07,IMAGE,,,,,,,,,,006ef76c66262000,0433333633333340,43d03d1f7869b4e4,"5938,0,2227,0,1836,0,0,0,0,0,0,0,0,0,0,0",16,16,1
Q11A0100,Q11A0100_N01,CODE_BINARY,0304092816672704aad71c57befbc311,d7babc7f659befc3aec75192f2dfa7c7,93fedcf8c5e51222fa7d2d8a7aa466d8,4,23,61,,,,,,,,,,
Q11A0100,Q11A0100_N02,CODE_BINARY,17964743843bd22ab163c0151e707c2e,f654fdde629ef7cc2e205c06f6923709,4a76018169f05a75cab9c9b1c1936694,1,115,65,,,,,,,,,,
Q11A0100,Q11A0100_N03,CODE_BINARY,1bef3787f342eff0dbd3dbebfbd3b6f0,579375ee619fbe1006c46188d682250d,ffbfe37d8985a9a7daf6e9df03bdff47,4,18,65,,,,,,,,,,
Q11A0100,Q11A0100_N04,CODE_BINARY,da6f7ba094e72a35cddb2edd5bbb3960,57028dda439df760aec45810d6a224cd,c227cc8538493ef55a62d6b7e2922d92,5,42,65,,,,,,,,,,
Q11A0100,Q11A0100_N05,CODE_BINARY,a7c8ce520e12ca7ae92789795e67f720,55b2c7fa479dd738aec45890ff8279ad,461a1e8ebaa392462b315e078e5e3538,6,48,61,,,,,,,,,,
Q11A0100,Q11A0100_N06,STRUCTURED,,,,,,,2fc91292ff9290c6b4c271af1ba3f572,109,JSON,,,,,,,
Q11A0100,Q11A0100_N07,IMAGE,,,,,,,,,,00193939267e2d52,4e4c565412333649,024c79337c6be62e,"1078,8,7062,64,1027,88,64,93,39,106,142,117,81,8,12,10",400,400,1
Q11A0101,Q11A0101_N01,CODE_BINARY,1e83db71cf01607c861989757994c9b9,539355ce439ffe214a466aa8f6a2618d,62337a3ccf0120b791b2e5bf2ff42b77,51,1228,69,,,,,,,,,,
Q11A0101,Q11A0101_N02,CODE_BINARY,380a9f5c7062a9a05fe981a970c46f21,55b2dcee459ff7602ec648a2be8237ad,5267e0efe4aaa8a37ba68efb43b0452e,5,47,61,,,,,,,,,,
Q11A0101,Q11A0101_N03,CODE_BINARY,a0d35cf31c2228e869e0c77eeb7edb9e,563a869ae79f5f202c446810b78a3fc9,c42266ee4648ae7f11a9bc32ebf6168d,4,80,69,,,,,,,,,,
Q11A0101,Q11A0101_N04,CODE_BINARY,97ffeffbfe47fbf9e77b1feebfbfe6fd,939f347e61dfb2708ac4e38892a7ac8a,fbfe9fbc9eed6ffbff7bff3faf3d6f5f,2,5,61,,,,,,,,,,
Q11A0101,Q11A0101_N05,CODE_BINARY,80816510c673603a78c3e0f7fcd79e36,d5bac6fa679b77e08ed469b295aa388d,4b70c6c61b437df31f081a8fe8d23d99,5,297,61,,,,,,,,,,
Q11A0101,Q11A0101_N06,STRUCTURED,,,,,,,dac17a57dbedcb7a1442fe38a101c2c5,461,JSON,,,,,,,
Q11A0101,Q11A0101_N07,IMAGE,,,,,,,,,,0006466c3e3e7000,26136337951b3c31,17346ccf4bc3942d,"6406,1055,664,195,820,352,391,0,0,117,0,0,0,0,0,0",16,16,1
Q11A0102,Q11A0102_N01,CODE_BINARY,c709e5dc75c01495fcf796fed3f1026e,9399c4fa651bbe438e6663889690be0f,c9f5ca980f85f0f1c60afcaef8f23e41,3,28,69,,,,,,,,,,
Q11A0102,Q11A0102_N02,CODE_BINARY,90f58f6af0432da201798022bd8e7c99,57ba8ee8c59bf761ac076ac4a78c068a,89039fb07d3ffaa1345342ff853e623b,2,53,65,,,,,,,,,,
Q11A0102,Q11A0102_N03,CODE_BINARY,4f5e6fd6312e8148cd5ecb4f39aa5996,179b8b8e438e1f61a68c2890d7821149,a222d7bd0c612337f231bd17683209db,4,105,52,,,,,,,,,,
Q11A0102,Q11A0102_N04,CODE_BINARY,0c22fe03c4965749fe2580efb1ee8d33,579375ee619ffe008ec46188d680250d,dbbff07c8c85a2a3daf6eddf0bb4664f,6,25,69,,,,,,,,,,
Q11A0102,Q11A0102_N05,CODE_BINARY,23ef5bdfaa66eb9e891b80cf5f6cb0f4,52969cde619fb668aec472c0d28a6c0c,9498d0aa46f5066019327c14aaa6e45b,3,11,61,,,,,,,,,,
Q11A0102,Q11A0102_N06,STRUCTURED,,,,,,,2fe958a95cb075526c8b5e7f65237485,34,JSON,,,,,,,
Q11A0102,Q11A0102_N07,IMAGE,,,,,,,,,,0042000000007e70,03454555455d1b19,443bc61f3bc43bc4,"0,1562,2344,5391,0,0,0,0,0,0,0,703,0,0,0,0",16,16,1
Q11A0103,Q11A0103_N01,CODE_BINARY,97f5cc00b72700a8ee52499deb9d1a47,d783cdfa679dfd200ec668209792358d,4c33fe9e96e3f06739793ea2c3533dbc,7,214,69,,,,,,,,,,
Q11A0103,Q11A0103_N02,CODE_BINARY,19cde3cff0ecc402803bcb544b142f63,719288ba439d7760aec558b0d6823dad,5036d4cc10416ff77c499ca7fa133d90,5,39,65,,,,,,,,,,
Q11A0103,Q11A0103_N03,CODE_BINARY,bb1c93616545e50375d3c89e20d80393,d79284ee679bdf216e0768daf78826cb,533fd07c4ea0a623393acfdf0b3467da,5,51,52,,,,,,,,,,
Q11A0103,Q11A0103_N04,CODE_BINARY,7bf55974170f766843ac435aa9efd305,579a85fe639fff40aac45820f78a318d,123fd6b84e302627303aee5f3b70add9,14,281,69,,,,,,,,,,
Q11A0103,Q11A0103_N05,CODE_BINARY,43be857b3cbce82c5628e9fe9b40a2ca,5783cfde439d3f608ac468009fb238af,7227b2ae4c31283711380c9b2db2cddb,13,316,65,,,,,,,,,,
Q11A0103,Q11A0103_N06,STRUCTURED,,,,,,,2dc53e9fae9393c496d275ee1923d176,86,JSON,,,,,,,
Q11A0103,Q11A0103_N07,IMAGE,,,,,,,,,,000c1e3e7e7c3000,02274f97173f3e31,12386bc3376eb8a5,"5352,781,0,586,586,625,664,0,703,703,0,0,0,0,0,0",16,16,1
Q11A0104,Q11A0104_N01,CODE_BINARY,284f91258d88147a2affef48c38dec9e,3b1a9ddf41dcb670aae418d0dbe76daa,1930f4ed40729f40b08193515173dbcb,3,16,69,,,,,,,,,,
Q11A0104,Q11A0104_N02,CODE_BINARY,baf2c7fe1705eb553ec00bb7239de9a6,f1bb47ce4797bf218a0668a0f782178c,623a420cc501a6b79b324c9f2b36035f,20,611,69,,,,,,,,,,
Q11A0104,Q11A0104_N03,CODE_BINARY,7866ad79b8e3586de41ccf9638c14862,12ba8efe7709ff532ec4d682d00fa4c6,e02fec8c4aaffee1002694a380da3293,2,3558,65,,,,,,,,,,
Q11A0104,Q11A0104_N04,CODE_BINARY,705c58dd1763fcc3784fa8e684864092,d7bbd6fe659bf6e08e646182bc82bf8c,b30aeade65a53016f9bd6d827aac03d8,4,24,65,,,,,,,,,,
Q11A0104,Q11A0104_N05,CODE_BINARY,0c22fe03c4965749fe2580efb1ee8d33,579375ee619ffe008ec46188d680250d,dbbff07c8c85a2a3daf6eddf0bb4664f,6,25,69,,,,,,,,,,
Q11A0104,Q11A0104_N06,STRUCTURED,,,,,,,2d8411b7ae9290c6955675ee1963c176,105,JSON,,,,,,,
Q11A0104,Q11A0104_N07,IMAGE,,,,,,,,,,1c38f9fefef9381c,0e9574d5d574950e,5be318811c9ef978,"4219,0,0,0,0,0,0,0,3047,0,0,0,0,0,0,2734",16,16,1
Q11A0105,Q11A0105_N01,CODE_BINARY,70e2e631ab7d2f65e49cdd1e2fe9c01d,003add9ed516f6c23cb15ca4ffd33585,e16bffafc74ef8e5182aada3a9f62485,2,271,69,,,,,,,,,,
Q11A0105,Q11A0105_N02,CODE_BINARY,70a680f1bd6a6fa575d8499eafbf505e,d3bdc671671bffe38c06e7809495ae87,e966fcad82af6ae1106abc1ba8d6c497,2,34,69,,,,,,,,,,
Q11A0105,Q11A0105_N03,CODE_BINARY,6f67ce1eae6fe3098352c17d79cddbd3,f7b49ff66f9ff5cfdd845701fe7fb76d,fe19fe3f27fcf665f8afbdb6f9a3ed43,1,58,65,,,,,,,,,,
Q11A0105,Q11A0105_N04,CODE_BINARY,89b342141434a4fcd40ef73ca5ec4a7b,359a83df419e7f01aace6890978235e9,6236f4bc447a8f47123b0d9fca32215d,6,101,61,,,,,,,,,,
Q11A0105,Q11A0105_N05,CODE_BINARY,747541bbb45c79b6c44a318915c6c283,f5bec7df471ffee189e649a3d7de1781,f2336f1dc62446b37829c5de290623dd,27,1718,65,,,,,,,,,,
Q11A0105,Q11A0105_N06,STRUCTURED,,,,,,,2dc5581fec9290c4974275ee19239154,93,JSON,,,,,,,
Q11A0105,Q11A0105_N07,IMAGE,,,,,,,,,,ccccecec8c040000,e6e6e6f6f6164002,5bfb6d0dd365040c,"7173,615,708,161,317,244,322,146,176,49,0,0,59,0,20,10",64,32,1
Q11A0106,Q11A0106_N01,CODE_BINARY,6d63a6f13427511aea9f233441d45082,d7ba45de439ff7a1ace658a2d78a37c9,52237e2ec4002e37919576bf2b962855,17,529,69,,,,,,,,,,
Q11A0106,Q11A0106_N02,CODE_BINARY,f2e1f3fb737c41a3f16d9da69b666825,579281fa639f7768aac6d080f782aa8b,4827fc86874fffa518689dab98b73499,16,600,69,,,,,,,,,,
Q11A0106,Q11A0106_N03,CODE_BINARY,abb2cab5bba52a476549eb0276519ac5,d7bbc6ee431fdfa1aa666db0f7822a89,c3331a05b466c5b7da649d37d726418f,12,322,65,,,,,,,,,,
Q11A0106,Q11A0106_N04,CODE_BINARY,cea71d09a0cb1235ae0c869f7ae1a961,5182c9da438d9508aaa75820f7924da9,e22f688c3a89f6f1c347d6b7829a3a72,63,1337,61,,,,,,,,,,
Q11A0106,Q11A0106_N05,CODE_BINARY,653cebb983c58d5da3843f0a95c168fe,d7bac7dec39f7f2108c6689196823689,400f6eaca17d4cfd18028593631e1191,29,802,69,,,,,,,,,,
Q11A0106,Q11A0106_N06,STRUCTURED,,,,,,,2ee1521556c792c32cc2fcedb5c7b6e6,81,JSON,,,,,,,
Q11A0106,Q11A0106_N07,IMAGE,,,,,,,,,,0000187e7e181800,000b0c0f0f0f0c00,4c7366d1934c59e6,"8516,0,0,0,0,78,859,547,0,0,0,0,0,0,0,0",16,16,1
Q11A0107,Q11A0107_N01,CODE_BINARY,a08de376c680f32f7e451c499f02851e,d33a87ce639f7f402ac76890f68a27cd,da36faccfc616536790bdcaf41b662d9,6,71,65,,,,,,,,,,
Q11A0107,Q11A0107_N02,CODE_BINARY,e2c0e27195e79d4581dc59da06ceaa62,d3b2d4ee479fdf210e6669a2f6822e8d,4aa7520ccfaba0b29dfb7dbe0bb74099,15,207,65,,,,,,,,,,
Q11A0107,Q11A0107_N03,CODE_BINARY,8fae80538398cbb7eda7c56547d4f560,5793d5de419db6388ec4fb80d6a36988,1c9bd0aa4ac7a4e4493854442ebfa522,3,25,61,,,,,,,,,,
Q11A0107,Q11A0107_N04,CODE_BINARY,1f0d2fd70fc24201deb096868966e1ae,5793d1fa639ff768aec478c0f6823d8d,0227d055dca1bfe767786bd60f3c459a,4,29,65,,,,,,,,,,
Q11A0107,Q11A0107_N05,CODE_BINARY,074d65ad311bf82ce820e6620be8622a,53a2c9fb478df7408aec5014d6b33ceb,822885a59d49da77b0a8b1a6a91388ab,4,242,61,,,,,,,,,,
Q11A0107,Q11A0107_N06,STRUCTURED,,,,,,,2d84119fae9a91c4955275ce196bc172,104,JSON,,,,,,,
Q11A0107,Q11A0107_N07,IMAGE,,,,,,,,,,ffff81818181817e,59acccacccccac37,7fe4c0bcc06d3c38,"0,0,3516,0,2070,1680,1055,156,1523,0,0,0,0,0,0,0",16,16,1
Q11A0108,Q11A0108_N01,CODE_BINARY,cdd7fbb9fc01d37dc0020d76fbf2b9e2,75ba8f8f439f5f61a8e74810b7aa358b,7233522c5fa820bd3d195ef60b7669f3,12,382,69,,,,,,,,,,
Q11A0108,Q11A0108_N02,CODE_BINARY,238418c9ce779c44a9924159dee86256,579b43dee39f7d398ed46810978a30c9,44082caeeef530659d322e2aa746e64a,4,67,65,,,,,,,,,,
Q11A0108,Q11A0108_N03,CODE_BINARY,770ef7df7cb6fb284a2b8c5c59e8682c,d7b89ce2c51bff23ce66e59ab6c1a60b,c00f0e8878bd1a732067c26384c227ff,3,26,65,,,,,,,,,,
Q11A0108,Q11A0108_N04,CODE_BINARY,f7b75ef1379e7cf875ea4eac207e53d8,358b87ff649f76618ac64882d79e1485,5627e62c5c20a826f0314ddd2f7a4f59,5,213,61,,,,,,,,,,
Q11A0108,Q11A0108_N05,CODE_BINARY,,b2bd7a5dde6df1de778ec78dd6ff9d7f,,0,0,65,,,,,,,,,,
Q11A0108,Q11A0108_N06,STRUCTURED,,,,,,,2edd0213d48d56c008d6309675f214e0,241,JSON,,,,,,,
Q11A0108,Q11A0108_N07,IMAGE,,,,,,,,,,7cfe9e93d17e2600,1f79cddcdc1db33d,44f853c26a97196f,"0,0,0,964,2983,2324,1191,250,14,16,14,14,16,34,18,2164",256,256,1
Q11A0109,Q11A0109_N01,CODE_BINARY,bf82401dabcfa70e3f774f10fe94579f,75ba45df479fb7a1aec64822d59e3581,e02bb13e2e009aaf9926c5d36fba2959,11,871,69,,,,,,,,,,
Q11A0109,Q11A0109_N02,CODE_BINARY,1e9a0ce8aa6488ea1aa34a5cb9ab5490,579383fa639f56200ac47888b6823b89,0bbad7f485c5b7733870a990ee74770f,4,29,69,,,,,,,,,,
Q11A0109,Q11A0109_N03,CODE_BINARY,d4fdcefcf2f4df3cdf99a148632ff4e8,539334ee619fba60aec76388d689610f,dbff9dbcacf52673fa736d97baf5665f,4,13,65,,,,,,,,,,
Q11A0109,Q11A0109_N04,CODE_BINARY,7a62cffd9566361026b523f879dae8e6,d7bad4dfc79f7fe18ec769a2f7ca268d,1133e8edc170fee1a00199fb5132e3d9,10,223,69,,,,,,,,,,
Q11A0109,Q11A0109_N05,CODE_BINARY,0bc90b76a2527e99ed3d644c5085cf57,739a403e429d37c8a8ac183046823dc9,2225e4934d11226eb133cc1e2e3e273d,4,80,69,,,,,,,,,,
Q11A0109,Q11A0109_N06,STRUCTURED,,,,,,,7fe73cf1edf9d9c594d6ffaf192b5137,23,JSON,,,,,,,
Q11A0109,Q11A0109_N07,IMAGE,,,,,,,,,,ffff818181801000,b236c8e8e8c8d9e6,6a8685d1736c6a9d,"201,518,202,231,273,670,1715,1082,844,377,334,257,826,1145,1324,0",128,128,1
Q11A0110,Q11A0110_N01,CODE_BINARY,3823bf7236c7e58aa0508138fbf7ce83,f13a43bb461f97212c074822f7a23285,582fd00dd401afa13d5ac4ab2f3462dd,5,156,69,,,,,,,,,,
Q11A0110,Q11A0110_N02,CODE_BINARY,6c22e64fb4654f0d69aad91c2ec1c99d,173ee5de519fb660ede72b01d6ce2d8d,527a7b9cc5d9dc45981e05db6ffe238d,3,71,65,,,,,,,,,,
Q11A0110,Q11A0110_N03,CODE_BINARY,7929ad23fd42c4907cfc4b5cfa885bc9,51975dce619dbe488e846aa0d683250d,5027f0fcfc0be6a5532b949f47332be3,6,129,61,,,,,,,,,,
Q11A0110,Q11A0110_N04,CODE_BINARY,54ae45e21f271468cfa8c21c79cdd9d4,579a8dee471ffe618e6649a2778a158d,7223f21c5d0120b7313b5ebe2fb22b59,32,1522,65,,,,,,,,,,
Q11A0110,Q11A0110_N05,CODE_BINARY,8a2f6ff40e7dde02c60f0956bd018e6e,92bb96fe759ff721bac4e3909693f98c,a21fe03ddd31b447e73ace261a306d59,2,15,65,,,,,,,,,,
Q11A0110,Q11A0110_N06,STRUCTURED,,,,,,,0eaf6883fe948650bcdb9ea18d336fc2,35,JSON,,,,,,,
Q11A0110,Q11A0110_N07,IMAGE,,,,,,,,,,3c3c3c243c3cff00,17961e3232161769,47ce399b34b12ce4,"1083,0,0,344,0,500,0,0,3240,0,0,0,3990,0,0,844",80,24,1
Q11A0111,Q11A0111_N01,CODE_BINARY,3cce7672f9188909eb8981739989cd29,579375ee619fbe4086c46188d683250d,d93ff07c8c85a0a3daf6eddf03b46746,7,31,69,,,,,,,,,,
Q11A0111,Q11A0111_N02,CODE_BINARY,3e5fbcee1920e8483801a2562bc77938,539b55ee639fba00cac643c8f280670b,c2b645ee46a5af37f9f26db7ebac4d1f,9,32,69,,,,,,,,,,
Q11A0111,Q11A0111_N03,CODE_BINARY,d4fdcefcf2f4df3cdf99a148632ff4e8,539334ee619fba60aec76388d689610f,dbff9dbcacf52673fa736d97baf5665f,4,13,65,,,,,,,,,,
Q11A0111,Q11A0111_N04,CODE_BINARY,653cebb983c58d5da3843f0a95c168fe,d7bac7dec39f7f2108c6689196823689,400f6eaca17d4cfd18028593631e1191,29,802,69,,,,,,,,,,
Q11A0111,Q11A0111_N05,CODE_BINARY,3bdf0ed5e556ffc8fb77cbefbbd3effc,539334ee619fb260aec46388d680690e,fbffe57f8b85aba3daf6f9df0bbdffcf,3,12,65,,,,,,,,,,
Q11A0111,Q11A0111_N06,STRUCTURED,,,,,,,d3ef9ff6db3b31335e6f61198d2bdc16,28,TEXT_FALLBACK,,,,,,,
Q11A0111,Q11A0111_N07,IMAGE,,,,,,,,,,243c7e7e7e7e2400,b233333b332b33b2,42963b6c6671acd3,"4766,0,0,312,234,0,234,156,469,508,859,0,742,0,1250,469",16,16,1
Q11A0112,Q11A0112_N01,CODE_BINARY,4821bee4b5c29037f505011ff89ccae2,d39ac4ee639fff212aa648a2f68a2709,e22750bc6629afb3111b54bf0db22141,60,1519,61,,,,,,,,,,
Q11A0112,Q11A0112_N02,CODE_BINARY,00b75f04b06738846a25ae386375df0d,d5b287da639f7721aac6e890b7023289,032270866473a1979a3ddd932af455cb,23,463,65,,,,,,,,,,
Q11A0112,Q11A0112_N03,CODE_BINARY,ddc8d59bff1e813b56b72d3ee8c38b78,d792c4be631fdf00ae266c12f68a3f89,6b135c8c463be6b3983bdebe0b74216b,7,309,65,,,,,,,,,,
Q11A0112,Q11A0112_N04,CODE_BINARY,653cebb983c58d5da3843f0a95c168fe,d7bac7dec39f7f2108c6689196823689,400f6eaca17d4cfd18028593631e1191,29,802,69,,,,,,,,,,
Q11A0112,Q11A0112_N05,CODE_BINARY,c08fc410827a6a64fce2d9defed7cea7,d793c6fa679b77608ed469a0dcaa3acd,6e67fedc9fe17cff1f491c07f0723f99,5,56,61,,,,,,,,,,
Q11A0112,Q11A0112_N06,STRUCTURED,,,,,,,7f69c9ab9fb030527c875e3f09236587,40,JSON,,,,,,,
Q11A0112,Q11A0112_N07,IMAGE,,,,,,,,,,00193939267e2d52,4e4c565412333649,024c79337c6be62e,"1078,8,7062,64,1027,88,64,93,39,106,142,117,81,8,12,10",400,400,1
Q11A0113,Q11A0113_N01,CODE_BINARY,13af4f9a92beea39817a8f261b6b71c8,d69f54fe609fb6489ec4f789f283fd0c,dfacbc8ca47c9f67beef6dbfd3a46076,2,7,65,,,,,,,,,,
Q11A0113,Q11A0113_N02,CODE_BINARY,94d200ab861618e0b5c3e09fc165d797,57928c9e439ff7402e465810d7822d89,2c426c2cd69d26699b346d16b366e5bd,9,88,65,,,,,,,,,,
Q11A0113,Q11A0113_N03,CODE_BINARY,9fffebdbee07ff79f15b1feeef6feedc,d39b14fe419fb760aac4f380d687ed8e,d6beb5f4bcfafffbbf7bff3fcb9c631f,3,9,65,,,,,,,,,,
Q11A0113,Q11A0113_N04,CODE_BINARY,99de73fa4ae424d4cb7edfedaf3731a4,559b96fa659ff7698ec6e390b6a0ae89,46eb7c24a5d80eec926acc3dff32e716,3,30,65,,,,,,,,,,
Q11A0113,Q11A0113_N05,CODE_BINARY,0c22fe03c4965749fe2580efb1ee8d33,579375ee619ffe008ec46188d680250d,dbbff07c8c85a2a3daf6eddf0bb4664f,6,25,69,,,,,,,,,,
Q11A0113,Q11A0113_N06,STRUCTURED,,,,,,,2dc95a97bfbe90c4b47275ce1f63d1f2,92,JSON,,,,,,,
Q11A0113,Q11A0113_N07,IMAGE,,,,,,,,,,b9a5c3d98183c1f9,8cb6e8ccd4b0c694,6bc9c32eccd8a531,"454,40,125,880,1359,529,443,312,430,489,319,127,84,193,82,4135",128,128,1
Q11A0114,Q11A0114_N01,CODE_BINARY,62642bfeac8e8077a56173e44c10cfb3,d392d3da439d7768aac45084f68259a9,1c9bd0aa4ac7a4e4493854442cbba522,7,343,61,,,,,,,,,,
Q11A0114,Q11A0114_N02,CODE_BINARY,0304092816672704aad71c57befbc311,d7babc7f659befc3aec75192f2dfa7c7,93fedcf8c5e51222fa7d2d8a7aa466d8,4,23,61,,,,,,,,,,
Q11A0114,Q11A0114_N03,CODE_BINARY,c0adc55086db6b3cf88089fcbdd7de25,d793c6fa679b77608ed469a0dcaa3acd,6e627ecc9b617c711f081c47b0723f99,5,57,61,,,,,,,,,,
Q11A0114,Q11A0114_N04,CODE_BINARY,9df0cddff2877c968186fd0dcb8adb5b,552acfda459d77e08ac46830d78234ad,926bfcdd67f1d236ba1c2d8a71b403d8,7,204,65,,,,,,,,,,
Q11A0114,Q11A0114_N05,CODE_BINARY,c6643f8da0db10778d148645f8a10c6a,57a2c5ba459d9720aee45832f7927bad,8273cce629427ef04b0052af82d23910,7,1836,65,,,,,,,,,,
Q11A0114,Q11A0114_N06,STRUCTURED,,,,,,,6f20cdf7cff399ecd5521e3e1b224ba2,69,JSON,,,,,,,
Q11A0114,Q11A0114_N07,IMAGE,,,,,,,,,,003c7e7e667e3c00,4d8e0f5571178e4d,40dc3f3760c93736,"0,0,11,295,106,103,170,162,183,4977,130,269,89,186,304,3015",128,128,1
Q11A0115,Q11A0115_N01,CODE_BINARY,0fa6b3357c52974fea13636fb1d0f7d7,5793c5fe619fbe60aac66980d682260d,8337f0fd4621aa273a380dd74b7465da,19,188,65,,,,,,,,,,
Q11A0115,Q11A0115_N02,CODE_BINARY,70e2e631ab7d2f65e49cdd1e2fe9c01d,003add9ed516f6c23cb15ca4ffd33585,e16bffafc74ef8e5182aada3a9f62485,2,271,69,,,,,,,,,,
Q11A0115,Q11A0115_N03,CODE_BINARY,fefb3af5b3cd7953ebdba75e6be9fe8e,d793d4ea609fd7200ea64898e6806708,d7bf948d6c39bdf3a4fb3fbb8bb5e0aa,5,23,65,,,,,,,,,,
Q11A0115,Q11A0115_N04,CODE_BINARY,05af88cf7ad2eb38773780ce5be7e76e,579a9cfe659fb670aec4f3a2f686ec8c,8602ddac96d11e6618236c32bb9e4719,3,17,61,,,,,,,,,,
Q11A0115,Q11A0115_N05,CODE_BINARY,d4fdcefcf2f4df3cdf99a148632ff4e8,539334ee619fba60aec76388d689610f,dbff9dbcacf52673fa736d97baf5665f,4,13,65,,,,,,,,,,
Q11A0115,Q11A0115_N06,STRUCTURED,,,,,,,3d615897aebb93cc954675ae1923d717,115,JSON,,,,,,,
Q11A0115,Q11A0115_N07,IMAGE,,,,,,,,,,ffe3838181c1e7ff,b3b0c8e2b8ccb233,2f0e875b871ce8c5,"1719,1875,781,312,312,0,0,156,0,4297,0,430,0,117,0,0",16,16,1
Q11A0116,Q11A0116_N01,CODE_BINARY,8f07c53236c3d318924b994fb9fb4259,758b4fcb669f57e08e0649a2df8f14a5,bbfbf21846498066f01945de3b8e23d8,5,181,61,,,,,,,,,,
Q11A0116,Q11A0116_N02,CODE_BINARY,5ffd2ffbffcfebf8f7ffbbe63be9e7ec,93bf1dfe44dfb6709aec77849ab7fdae,dfbebdfcbcffbffffeff7dbffbbce77f,2,6,69,,,,,,,,,,
Q11A0116,Q11A0116_N03,CODE_BINARY,17ba71d13487c53855a0491e99ea6b4c,359b079f439e5d61a8de2890d7be1483,722b663c4cf0a02f393fcd972b72ab59,43,1793,69,,,,,,,,,,
Q11A0116,Q11A0116_N04,CODE_BINARY,d4fdcefcf2f4df3cdf99a148632ff4e8,539334ee619fba60aec76388d689610f,dbff9dbcacf52673fa736d97baf5665f,4,13,65,,,,,,,,,,
Q11A0116,Q11A0116_N05,CODE_BINARY,66fc46963c26a0b685e36d1260edccb2,d79bc6ff471ffe202ea649e2f78a3389,6830ec7eee5a1667193acc777a74a99d,6,319,65,,,,,,,,,,
Q11A0116,Q11A0116_N06,STRUCTURED,,,,,,,2fc91292ff9290c6b4c271af1ba3f572,109,JSON,,,,,,,
Q11A0116,Q11A0116_N07,IMAGE,,,,,,,,,,243c7e7e7e7e2400,b233333b332b33b2,42963b6c6671acd3,"4766,0,0,312,234,0,234,156,469,508,859,0,742,0,1250,469",16,16,1
Q11A0117,Q11A0117_N01,CODE_BINARY,8f07c53236c3d318924b994fb9fb4259,758b4fcb669f57e08e0649a2df8f14a5,bbfbf21846498066f01945de3b8e23d8,5,181,61,,,,,,,,,,
Q11A0117,Q11A0117_N02,CODE_BINARY,7cafe7f3b041f14aab99e51863974282,d7bad5ce439fffe1aae669a0f682278b,5027f22cdc8966b7b17bdcbf0fb66051,34,972,65,,,,,,,,,,
Q11A0117,Q11A0117_N03,CODE_BINARY,dee3e4715603f0f96e2683b5f1ce1186,f73ac7aa469f5f20ace74a50d78a36cd,e223ae4ecd04a63791b477bb6b96285d,7,211,65,,,,,,,,,,
Q11A0117,Q11A0117_N04,CODE_BINARY,da6f7ba094e72a35cddb2edd5bbb3960,57028dda439df760aec45810d6a224cd,c227cc8538493ef55a62d6b7e2922d92,5,42,65,,,,,,,,,,
Q11A0117,Q11A0117_N05,CODE_BINARY,ddf1e44c717630fed245e358c0db334f,93928838631eb760ae85d2d0f3882a83,182fdcb84764922a7d792f1efba4664d,2,9,61,,,,,,,,,,
Q11A0117,Q11A0117_N06,STRUCTURED,,,,,,,2fc91292ff9290c6b4c271af1ba3f572,109,JSON,,,,,,,
Q11A0117,Q11A0117_N07,IMAGE,,,,,,,,,,00ffc7c18181ff00,2d2360e4d4f46503,7890974f2e786a96,"0,0,0,391,1133,2930,859,1992,78,0,78,156,664,0,0,1719",16,16,1
Q11A0118,Q11A0118_N01,CODE_BINARY,3f7c8e7356b21828c7b90ffcba9e6bfe,518245fa629fb760ae867860d78a1dcd,527734cdcf29a037bfb3de93abb4c999,5,58,69,,,,,,,,,,
Q11A0118,Q11A0118_N02,CODE_BINARY,ab235fdf9b665260446f5c5ccc169490,5722ccfa468d3710aae45832d29225ed,d7b4d684160b79b7984afc2fd8b63c89,5,37,65,,,,,,,,,,
Q11A0118,Q11A0118_N03,CODE_BINARY,0bc90b76a2527e99ed3d644c5085cf57,739a403e429d37c8a8ac183046823dc9,2225e4934d11226eb133cc1e2e3e273d,4,80,69,,,,,,,,,,
Q11A0118,Q11A0118_N04,CODE_BINARY,17e36516bc332f53e9050f0e24daad09,d79284de619bff412e466182f688228f,b33ffcdd4ce12337ba7d2d9f4bb463da,12,95,61,,,,,,,,,,
Q11A0118,Q11A0118_N05,CODE_BINARY,c865d0c7ac40702d0314293a9c5c5318,d53a8682c79bd5e32a766db0bdea3e8d,da22d74ca82ca7f637799c93a9b662ce,3,45,61,,,,,,,,,,
Q11A0118,Q11A0118_N06,STRUCTURED,,,,,,,0fa73cbbacdb8fc4144677a819a25225,33,JSON,,,,,,,
Q11A0118,Q11A0118_N07,IMAGE,,,,,,,,,,00183e7e7e7e3c00,284f87170d33060d,113d7ae025c7a69d,"5273,0,0,0,0,0,0,0,0,0,1797,0,547,312,664,1406",16,16,1
Q11A0119,Q11A0119_N01,CODE_BINARY,90f58f6af0432da201798022bd8e7c99,57ba8ee8c59bf761ac076ac4a78c068a,89039fb07d3ffaa1345342ff853e623b,2,53,65,,,,,,,,,,
Q11A0119,Q11A0119_N02,CODE_BINARY,13af4f9a92beea39817a8f261b6b71c8,d69f54fe609fb6489ec4f789f283fd0c,dfacbc8ca47c9f67beef6dbfd3a46076,2,7,65,,,,,,,,,,
Q11A0119,Q11A0119_N03,CODE_BINARY,7521f4d0904df962e142717869d26820,d5ba47cf471fffe188e669a2d78b3789,7023921c6480e0a7312fcddf2b3e2355,23,1203,65,,,,,,,,,,
Q11A0119,Q11A0119_N04,CODE_BINARY,17ba71d13487c53855a0491e99ea6b4c,359b079f439e5d61a8de2890d7be1483,722b663c4cf0a02f393fcd972b72ab59,43,1793,69,,,,,,,,,,
Q11A0119,Q11A0119_N05,CODE_BINARY,80816510c673603a78c3e0f7fcd79e36,d79bcefa479b77e08ec469b09ea2388c,4b70c6c61b437df31f081a8fe8d23d99,5,265,61,,,,,,,,,,
Q11A0119,Q11A0119_N06,STRUCTURED,,,,,,,3ee94a91d58f92d20ce4fcae31c3b4e0,170,JSON,,,,,,,
Q11A0119,Q11A0119_N07,IMAGE,,,,,,,,,,efc3a52cbcb86123,33e092b6869c30b0,73b220c89bc3cf9c,"517,181,185,549,626,983,683,468,452,2799,421,119,145,144,124,1606",120,120,1
Q11A0120,Q11A0120_N01,CODE_BINARY,90f58f6af0432da201798022bd8e7c99,57ba8ee8c59bf761ac076ac4a78c068a,89039fb07d3ffaa1345342ff853e623b,2,53,65,,,,,,,,,,
Q11A0120,Q11A0120_N02,CODE_BINARY,56683ed5eaed6fcc1fb8b44bb4860a7b,93ba85df779ffb01eec769b2b3cb328f,f227a23c6e6aa937383a74bd68f667d4,8,425,61,,,,,,,,,,
Q11A0120,Q11A0120_N03,CODE_BINARY,d503c44e39ce72243f16980f13822acb,d792c2ea409ff7208ea45380f6807b09,6b50f68496c77b13184a1e0fce961f98,4,124,65,,,,,,,,,,
Q11A0120,Q11A0120_N04,CODE_BINARY,8da63953cad1ec1c03675d3f3acccb3b,b12ec7db439fb660a8c51810d6f63485,6223753c8dd899e91d280db3ff720989,16,725,65,,,,,,,,,,
Q11A0120,Q11A0120_N05,CODE_BINARY,1f0d2fd70fc24201deb096868966e1ae,5793d1fa639ff768aec478c0f6823d8d,0227d055dca1bfe767786bd60f3c459a,4,29,65,,,,,,,,,,
Q11A0120,Q11A0120_N06,STRUCTURED,,,,,,,2e894291d58f92d20cc2fca631e3b4e2,170,JSON,,,,,,,
Q11A0120,Q11A0120_N07,IMAGE,,,,,,,,,,000c1e3e7e7c3000,02274f97173f3e31,12386bc3376eb8a5,"5352,781,0,586,586,625,664,0,703,703,0,0,0,0,0,0",16,16,1
Q11A0121,Q11A0121_N01,CODE_BINARY,8ccec162b5db29c7defdc313ed3c7af7,d39245fe679bfff18ec661a2978a30cf,7a36d0bc8be56673713adc8f2a337450,6,61,52,,,,,,,,,,
Q11A0121,Q11A0121_N02,CODE_BINARY,dee3e4735643b0fd6e6683b5f1ce1186,f73ac7aa469f5f20ace74a50d78a36cd,e222ae4ecd04a63791b477bb6bd6285d,7,214,65,,,,,,,,,,
Q11A0121,Q11A0121_N03,CODE_BINARY,4f5e6fd6312e8148cd5ecb4f39aa5996,179b8b8e438e1f61a68c2890d7821149,a222d7bd0c612337f231bd17683209db,4,105,52,,,,,,,,,,
Q11A0121,Q11A0121_N04,CODE_BINARY,dee3e4715603f0f96e2683b5f1ce1186,f73ac7aa469f5f20ace74a50d78a36cd,e223ae4ecd04a63791b477bb6b96285d,7,211,65,,,,,,,,,,
Q11A0121,Q11A0121_N05,CODE_BINARY,dcfb6da61425f1155c9bc358f9cf99c8,57be47cf621eff61a8e60cc2f78b37cb,7237d23e4409a237303946ff4f362955,13,645,52,,,,,,,,,,
Q11A0121,Q11A0121_N06,STRUCTURED,,,,,,,2e2dd213358796c38c82f8af7de335e6,31,JSON,,,,,,,
Q11A0121,Q11A0121_N07,IMAGE,,,,,,,,,,ffc381808080c0ff,70f096dcddd4f474,7fb2a155855a8b52,"860,431,562,1121,568,1103,1966,26,100,27,1,0,0,0,4,3230",500,500,1
Q11A0122,Q11A0122_N01,CODE_BINARY,ddf1e44c717630fed245e358c0db334f,93928838631eb760ae85d2d0f3882a83,182fdcb84764922a7d792f1efba4664d,2,9,61,,,,,,,,,,
Q11A0122,Q11A0122_N02,CODE_BINARY,97df8112f62fb44dfc8b85096df26b50,d7bac4fe619bff612ec74192f68a32cf,333ff2dccdc126263a1e0e9e3ab463d8,7,88,61,,,,,,,,,,
Q11A0122,Q11A0122_N03,CODE_BINARY,82a2a8db8ed409c3b57338d959e6c31f,57b2cdfa439df760aee65952d6aa3ecd,c50a7c9ee1fdf0e85e386fee835fac59,6,112,61,,,,,,,,,,
Q11A0122,Q11A0122_N04,CODE_BINARY,5682f76426d2d22e2f5fe02bd3e8f150,d1b2829a439f57e02ec65990b6823f89,9232d289a5f120be79395d872a36e351,9,89,61,,,,,,,,,,
Q11A0122,Q11A0122_N05,CODE_BINARY,c880f0176cf622acff6a9a49abcb530c,d5b283ba439edf212ee65890f7823a8b,7223f6096c61a03f1419debe0c732b71,21,468,61,,,,,,,,,,
Q11A0122,Q11A0122_N06,STRUCTURED,,,,,,,1e0b53b7feb670126a8bdf37822bece6,34,JSON,,,,,,,
Q11A0122,Q11A0122_N07,IMAGE,,,,,,,,,,ff818181818181ff,ccc4d0e4ccd8e0e4,3b1bc0cdd063c4fc,"5039,703,39,352,234,0,156,0,0,0,0,0,0,39,0,3438",16,16,1
Q11A0123,Q11A0123_N01,CODE_BINARY,dfc1f2927cc2d8224104d9f88138e910,759bc7de439e3d69885668a09dbe3085,0237e0cf4461a5273a30dcb7ae124599,13,518,65,,,,,,,,,,
Q11A0123,Q11A0123_N02,CODE_BINARY,fdf7cda5b642433e5b0f206efb8493d0,559205ce659fff212ec669a0f6a23588,62237e1cc7e2a0fbd131c5d72b762b41,49,1910,65,,,,,,,,,,
Q11A0123,Q11A0123_N03,CODE_BINARY,fefb3af5b3cd7953ebdba75e6be9fe8e,d793d4ea609fd7200ea64898e6806708,d7bf948d6c39bdf3a4fb3fbb8bb5e0aa,5,23,65,,,,,,,,,,
Q11A0123,Q11A0123_N04,CODE_BINARY,747541abb45879b6c448318915c6c283,f5bec7df471ffee189e649a3d7de1781,f2336f1dc62446b37829c5de290623dd,27,1748,65,,,,,,,,,,
Q11A0123,Q11A0123_N05,CODE_BINARY,,b2bd7a5dde6df1de778ec78dd6ff9d7f,,0,0,65,,,,,,,,,,
Q11A0123,Q11A0123_N06,STRUCTURED,,,,,,,7ac96a93d5cd82522c42fcb89fc296c0,351,JSON,,,,,,,
Q11A0123,Q11A0123_N07,IMAGE,,,,,,,,,,fff7cd424200e7ff,0038d62169e8b201,31cfcf2484b71b98,"0,0,0,0,0,0,0,625,18,21,112,18,491,112,702,7900",710,710,1
Q11A0124,Q11A0124_N01,CODE_BINARY,1bef3787f342eff0dbd3dbebfbd3b6f0,579375ee619fbe1006c46188d682250d,ffbfe37d8985a9a7daf6e9df03bdff47,4,18,65,,,,,,,,,,
Q11A0124,Q11A0124_N02,CODE_BINARY,d7b5f9fbf46e7aa8677fdbfcfb7fe2ed,569389ea759fb6389ee4fd94df052d88,718a3dbe874f6e6b757f653a93967adc,2,28,61,,,,,,,,,,
Q11A0124,Q11A0124_N03,CODE_BINARY,fffdbffbef47ebfae3ff09ff9b2df0ed,169f35fe71dfb67096c4f38892a3ed1c,9bbe9cbc84e50663fa736d17aa24665f,2,6,65,,,,,,,,,,
Q11A0124,Q11A0124_N04,CODE_BINARY,c7afa9e7df81425322890c6100356f0b,d52f88ee469fff468ea75822f7c937a9,e62afac6e4f8dd27b23807d3cebc011e,4,224,61,,,,,,,,,,
Q11A0124,Q11A0124_N05,CODE_BINARY,3bdf0ed5e556ffc8fb77cbefbbd3effc,539334ee619fb260aec46388d680690e,fbffe57f8b85aba3daf6f9df0bbdffcf,3,12,65,,,,,,,,,,
Q11A0124,Q11A0124_N06,STRUCTURED,,,,,,,25c51a1fad9a93cc94527dee19a35176,104,JSON,,,,,,,
Q11A0124,Q11A0124_N07,IMAGE,,,,,,,,,,fff7cd424200e7ff,0038d62169e8b201,31cfcf2484b71b98,"0,0,0,0,0,0,0,625,18,21,112,18,491,112,702,7900",710,710,1
Q11A0125,Q11A0125_N01,CODE_BINARY,43e7f3f65696e4552392817041ef7907,d53b8ec0c5bb7e618a466d9096aa348d,6683fa32c4f99535f61a0ffbef7e49d4,2,47,61,,,,,,,,,,
Q11A0125,Q11A0125_N02,CODE_BINARY,0321965f8a57eb30c75a0be828ade4a2,129f3cff639fb668bec4fbc8d2afedce,169c9c3a0eb506e5ea327d372824ec5b,2,7,61,,,,,,,,,,
Q11A0125,Q11A0125_N03,CODE_BINARY,497f14eeb25021c1f62bbe9c73f1af7c,5583cfde439fb7688ae47900dfb23ca9,0012d6a4466ffd66b0095e8b08d730e1,9,215,61,,,,,,,,,,
Q11A0125,Q11A0125_N04,CODE_BINARY,0321965f8a57eb30c75a0be828ade4a2,129f3cff639fb668bec4fbc8d2afedce,169c9c3a0eb506e5ea327d372824ec5b,2,7,61,,,,,,,,,,
Q11A0125,Q11A0125_N05,CODE_BINARY,d7b5f9fbf46e7aa8677fdbfcfb7fe2ed,569389ea759fb6389ee4fd94df052d88,718a3dbe874f6e6b757f653a93967adc,2,28,61,,,,,,,,,,
Q11A0125,Q11A0125_N06,STRUCTURED,,,,,,,0fa70cb29cb610135e8d56ab9aa321e6,60,JSON,,,,,,,
Q11A0125,Q11A0125_N07,IMAGE,,,,,,,,,,c0fc7e766e780000,ef1f3b3b33356d0f,45fe58fb32254392,"322,625,358,448,1159,1322,1227,1529,852,446,318,277,216,159,180,561",1024,1024,1
Q11A0126,Q11A0126_N01,CODE_BINARY,9fa06a5292662b1c3f483b75c9efc5ad,b73b839cc31e7f63a9dcee90dfabb2c9,423254c75e62a53736385e3f08770dbf,2,66,61,,,,,,,,,,
Q11A0126,Q11A0126_N02,CODE_BINARY,dcfb6da61425f1155c9bc358f9cf99c8,57be47cf621eff61a8e60cc2f78b37cb,7237d23e4409a237303946ff4f362955,13,645,52,,,,,,,,,,
Q11A0126,Q11A0126_N03,CODE_BINARY,497f14eeb25021c1f62bbe9c73f1af7c,5583cfde439fb7688ae47900dfb23ca9,0012d6a4466ffd66b0095e8b08d730e1,9,215,61,,,,,,,,,,
Q11A0126,Q11A0126_N04,CODE_BINARY,dcfb6da61425f1155c9bc358f9cf99c8,57be47cf621eff61a8e60cc2f78b37cb,7237d23e4409a237303946ff4f362955,13,645,52,,,,,,,,,,
Q11A0126,Q11A0126_N05,CODE_BINARY,d7b5f9fbf46e7aa8677fdbfcfb7fe2ed,569389ea759fb6389ee4fd94df052d88,718a3dbe874f6e6b757f653a93967adc,2,28,61,,,,,,,,,,
Q11A0126,Q11A0126_N06,STRUCTURED,,,,,,,975edf7edae3b53e5d1a4e7aba6b8bce,7,JSON,,,,,,,
Q11A0126,Q11A0126_N07,IMAGE,,,,,,,,,,c0fc7e766e780000,ef1f3b3b33356d0f,45fe58fb32254392,"322,625,358,448,1159,1322,1227,1529,852,446,318,277,216,159,180,561",1024,1024,1
Q11A0127,Q11A0127_N01,CODE_BINARY,970fc3f04407dcca7ab4511ecca93174,53931fd645bfbe710e466ba0f72824ac,e3e2cb5e45c54236da9c658e799c09d9,3,34,65,,,,,,,,,,
Q11A0127,Q11A0127_N02,CODE_BINARY,4f5e6fd6312e8148cd5ecb4f39aa5996,179b8b8e438e1f61a68c2890d7821149,a222d7bd0c612337f231bd17683209db,4,105,52,,,,,,,,,,
Q11A0127,Q11A0127_N03,CODE_BINARY,c5c5e065865376fc7be13964daf1516d,758b8bdf039eb7e88bd43820d7b317a3,6223509c4eb866af713bce9f2b3a2171,26,2325,65,,,,,,,,,,
Q11A0127,Q11A0127_N04,CODE_BINARY,dc00c4dd6624e23d1a2122bcd41541f7,b33ac2be431ed7a32ca25822ff83b7a9,523fe21c4c60a6371b3bdddf6b322bd9,8,324,52,,,,,,,,,,
Q11A0127,Q11A0127_N05,CODE_BINARY,ed0c8eb0c9b081067a1bed5eb2ed7d1a,aaff7d1fcaecb1baf98f46c4dbffdde2,6eb5d5a85e30bf99e4612a9573992c8d,2,0,65,,,,,,,,,,
Q11A0127,Q11A0127_N06,STRUCTURED,,,,,,,2e4fd7ba9bb095147f1f4fdbb2a3efce,11,JSON,,,,,,,
Q11A0127,Q11A0127_N07,IMAGE,,,,,,,,,,cfcfcfc7e3e7efef,60e0c462b0b03030,3138d9e76698ccc6,"10,0,0,0,0,29,0,49,146,488,537,0,49,10,107,8574",32,32,1
Q11A0128,Q11A0128_N01,CODE_BINARY,060d49adb13f1824fa20e66207ec422a,53a2c9fb478df7408aec5014d6b33ceb,82688fa78d6ff863b1ada58a29d390eb,4,190,61,,,,,,,,,,
Q11A0128,Q11A0128_N02,CODE_BINARY,bdc3df553347b4c473b711d03dd5d197,51baf5de459ff640aec44320d60a378d,1329e4edc4708e62b1b9895a3f38e3da,9,138,65,,,,,,,,,,
Q11A0128,Q11A0128_N03,CODE_BINARY,c08fc410827a6a64fce2d9defed7cea7,d793c6fa679b77608ed469a0dcaa3acd,6e67fedc9fe17cff1f491c07f0723f99,5,56,61,,,,,,,,,,
Q11A0128,Q11A0128_N04,CODE_BINARY,1f0d2fd70fc24201deb096868966e1ae,5793d1fa639ff768aec478c0f6823d8d,0227d055dca1bfe767786bd60f3c459a,4,29,65,,,,,,,,,,
Q11A0128,Q11A0128_N05,CODE_BINARY,c8a6f335966ffe05cd90a52449fa8e68,11bac6df4397ff61ac4768a2ff8a348d,32b3d23c4768ee2618394dda3bfc21d9,13,274,61,,,,,,,,,,
Q11A0128,Q11A0128_N06,STRUCTURED,,,,,,,2fc51f9feebdd2ce945275ee19634170,80,JSON,,,,,,,
Q11A0128,Q11A0128_N07,IMAGE,,,,,,,,,,caaa6e2e2e36e2ca,aaaaaaabaaabaaaa,75d3ec24315ec6a2,"0,469,742,39,1133,1211,78,469,859,312,0,195,0,0,0,4492",16,16,1
Q11A0129,Q11A0129_N01,CODE_BINARY,1fde7e95e956e7c9cb779bffbaf3bffc,5793f5ee619fbe608ec46088f6802509,dbbf757d8aa5aba7def6fddf0bbcfbbf,4,16,65,,,,,,,,,,
Q11A0129,Q11A0129_N02,CODE_BINARY,1da5805b13cab91884dfd35e5a062ac4,b7bbc3ee419f5761aaef590097a236af,5a33d69c4c18a037351a5cbf8f962d69,8,179,65,,,,,,,,,,
Q11A0129,Q11A0129_N03,CODE_BINARY,fffdbffbef47ebfae3ff09ff9b2df0ed,169f35fe71dfb67096c4f38892a3ed1c,9bbe9cbc84e50663fa736d17aa24665f,2,6,65,,,,,,,,,,
Q11A0129,Q11A0129_N04,CODE_BINARY,653cebb983c58d5da3843f0a95c168fe,d7bac7dec39f7f2108c6689196823689,400f6eaca17d4cfd18028593631e1191,29,802,69,,,,,,,,,,
Q11A0129,Q11A0129_N05,CODE_BINARY,fefb3af5b3cd7953ebdba75e6be9fe8e,d793d4ea609fd7200ea64898e6806708,d7bf948d6c39bdf3a4fb3fbb8bb5e0aa,5,23,65,,,,,,,,,,
Q11A0129,Q11A0129_N06,STRUCTURED,,,,,,,2dc1589faf9b90c696d275ee5923d174,91,JSON,,,,,,,
Q11A0129,Q11A0129_N07,IMAGE,,,,,,,,,,fff7cd424200e7ff,0038d62169e8b201,31cfcf2484b71b98,"0,0,0,0,0,0,0,625,18,21,112,18,491,112,702,7900",710,710,1
Q11A0130,Q11A0130_N01,CODE_BINARY,7929ad23fd42c4907cfc4b5cfa885bc9,51975dce619dbe488e846aa0d683250d,5027f0fcfc0be6a5532b949f47332be3,6,129,61,,,,,,,,,,
Q11A0130,Q11A0130_N02,CODE_BINARY,fffdbffbef47ebfae3ff09ff9b2df0ed,169f35fe71dfb67096c4f38892a3ed1c,9bbe9cbc84e50663fa736d17aa24665f,2,6,65,,,,,,,,,,
Q11A0130,Q11A0130_N03,CODE_BINARY,8d8fe5cf05caed9ac02ecbc05b14ee75,5712c1be639fb760aec45052f28a37cd,8234d4a910c10fb75a60d827f8332d99,5,40,61,,,,,,,,,,
Q11A0130,Q11A0130_N04,CODE_BINARY,3bdf0ed5e556ffc8fb77cbefbbd3effc,539334ee619fb260aec46388d680690e,fbffe57f8b85aba3daf6f9df0bbdffcf,3,12,65,,,,,,,,,,
Q11A0130,Q11A0130_N05,CODE_BINARY,e1543c4a6efe96d45d73fd81885979e0,139309de419db7308ec47980d7a628ac,d184de2e066df9278be2ef1edba7246a,3,21,61,,,,,,,,,,
Q11A0130,Q11A0130_N06,STRUCTURED,,,,,,,3fe338f9fff999c594767fef1933c313,28,JSON,,,,,,,
Q11A0130,Q11A0130_N07,IMAGE,,,,,,,,,,00183c7c66240000,00160f3b33330022,439c3c61e79e9899,"6953,1055,742,0,39,78,156,0,0,625,0,0,352,0,0,0",16,16,1
Q11A0131,Q11A0131_N01,CODE_BINARY,6469bfe0b0c51556e0701830719d7882,f1ba45de471ff7a12ac678a2f79325c1,183bd23ddf0966af3548c48f073263b1,11,1106,69,,,,,,,,,,
Q11A0131,Q11A0131_N02,CODE_BINARY,7cbb1f16d5d2c100ec15506c90c8cf6b,5392b4de619ffe412ec67980f6802589,533f9cfce9430667b96bcdde7b3c637f,10,77,65,,,,,,,,,,
Q11A0131,Q11A0131_N03,CODE_BINARY,47bae73db74697485df148699ac39796,5593f5ea6597f7600ec661a0f68a17ad,f36fe57bce81203adb3d67de6b9967d9,5,58,65,,,,,,,,,,
Q11A0131,Q11A0131_N04,CODE_BINARY,dbe71e8ef5a430b366b01b5f80f7957b,778b2fee659bb4708ac46984dba6168d,0a1296c456607637713dae149b7bcf2f,3,47,65,,,,,,,,,,
Q11A0131,Q11A0131_N05,CODE_BINARY,c5c5e065865172fc6be13964daf1516d,758b8bdf039eb7e88ad43820f7b317a3,4223509c4eb866af713bce9f2b3a2171,27,2316,69,,,,,,,,,,
Q11A0131,Q11A0131_N06,STRUCTURED,,,,,,,2fc51f9feebdd2ce945275ee19634170,80,JSON,,,,,,,
Q11A0131,Q11A0131_N07,IMAGE,,,,,,,,,,ffffff00000083ff,0000b2a1ada19900,3fc0c03f1936e6c9,"1777,1025,20,20,10,0,0,625,98,68,49,68,88,0,117,6035",32,32,1
Q11A0132,Q11A0132_N01,CODE_BINARY,c880f0176cf622acff6a9a49abcb530c,d5b283ba439edf212ee65890f7823a8b,7223f6096c61a03f1419debe0c732b71,21,468,61,,,,,,,,,,
Q11A0132,Q11A0132_N02,CODE_BINARY,770ef7df7cb6fb284a2b8c5c59e8682c,d7b89ce2c51bff23ce66e59ab6c1a60b,c00f0e8878bd1a732067c26384c227ff,3,26,65,,,,,,,,,,
Q11A0132,Q11A0132_N03,CODE_BINARY,cdaeca3aa2654d29a4a25f066aa04fbf,51ba83fa439f77282ac4d0a2f7827389,401afded67dfba651c28ad33efb66789,11,333,61,,,,,,,,,,
Q11A0132,Q11A0132_N04,CODE_BINARY,80df64b3f7686aa2ae20c0de4fd690ae,d7b2c8fa469df7e0aee4703096a23aa9,6866ee868f4e6ef1112bb8a0a9f75480,4,108,65,,,,,,,,,,
Q11A0132,Q11A0132_N05,CODE_BINARY,17e36516bc332f53e9050f0e24daad09,d79284de619bff412e466182f688228f,b33ffcdd4ce12337ba7d2d9f4bb463da,12,95,61,,,,,,,,,,
Q11A0132,Q11A0132_N06,STRUCTURED,,,,,,,0e0fe1c39da42391fa8f1f8fa2a2ace6,34,JSON,,,,,,,
Q11A0132,Q11A0132_N07,IMAGE,,,,,,,,,,00103c7e7e3c3000,409c1f271b1f9e00,464b3f3470d3938e,"6016,0,391,234,703,1133,1055,273,195,0,0,0,0,0,0,0",16,16,1
Q11A0133,Q11A0133_N01,CODE_BINARY,3c7ce0981d19257746894a30dd4d8204,579f1fde399fb7fc99c4e901d6a7b73a,7037461d4e01a4a7312bce1ebfb22bfb,2,171,69,,,,,,,,,,
Q11A0133,Q11A0133_N02,CODE_BINARY,9a9e454fdb0051f0474b210322d3a19c,9575b7de659bf4cb8c44f6819c26bec0,e3a22f2ec58cae7598a461f3ebde290f,1,27,69,,,,,,,,,,
Q11A0133,Q11A0133_N03,CODE_BINARY,a0d35cf31c2228e869e0c77eeb7edb9e,563a869ae79f5f202c446810b78a3fc9,c42266ee4648ae7f11a9bc32ebf6168d,4,80,69,,,,,,,,,,
Q11A0133,Q11A0133_N04,CODE_BINARY,0b1c310d5f83e13042c2bd24239e8bf3,17d2dcbe65bbd6606e646b82d60a3c58,cba3062c11aeeffbd5b57fb2528fa977,5,51,69,,,,,,,,,,
Q11A0133,Q11A0133_N05,CODE_BINARY,0bc90b76a2527e99ed3d644c5085cf57,739a403e429d37c8a8ac183046823dc9,2225e4934d11226eb133cc1e2e3e273d,4,80,69,,,,,,,,,,
Q11A0133,Q11A0133_N06,STRUCTURED,,,,,,,0da16de3cd719bc8949633cf1dab65e6,118,JSON,,,,,,,
Q11A0133,Q11A0133_N07,IMAGE,,,,,,,,,,b3b1b3b3b3b3b3b3,b898989898989898,2fc3d0c2b1e1adaa,"2,4,5,32,408,1540,3124,2158,2245,451,25,1,2,1,1,0",256,256,1
Q11A0134,Q11A0134_N01,CODE_BINARY,0bc90b76a2527e99ed3d644c5085cf57,739a403e429d37c8a8ac183046823dc9,2225e4934d11226eb133cc1e2e3e273d,4,80,69,,,,,,,,,,
Q11A0134,Q11A0134_N02,CODE_BINARY,7de73510f2438134cf89642ef185c150,559a05ee419ffe21ae6669a0f6a2358d,7233761c46e2a0ffd933cd972b362b51,53,1876,65,,,,,,,,,,
Q11A0134,Q11A0134_N03,CODE_BINARY,a3a246c7c0d37246a1daefeb63497280,5592c3da429fb728aac6d890d6a23d09,8a225a85b47b3eb758709ea79027389b,16,202,69,,,,,,,,,,
Q11A0134,Q11A0134_N04,CODE_BINARY,929200abc61e89e5b502e59979efcb1d,5592cdda638db748aec47890d6a228c5,ec42ec04c6dd2265107d6c56af64a79d,6,58,65,,,,,,,,,,
Q11A0134,Q11A0134_N05,CODE_BINARY,0c22fe03c4965749fe2580efb1ee8d33,579375ee619ffe008ec46188d680250d,dbbff07c8c85a2a3daf6eddf0bb4664f,6,25,69,,,,,,,,,,
Q11A0134,Q11A0134_N06,STRUCTURED,,,,,,,2eed0213d4c996432c50fccf3de294e2,389,JSON,,,,,,,
Q11A0134,Q11A0134_N07,IMAGE,,,,,,,,,,00003c3c3c3c0000,0002020202020200,43833c2f2c3cd3d3,"6914,0,0,0,0,0,0,3086,0,0,0,0,0,0,0,0",9,9,1
Q11A0135,Q11A0135_N01,CODE_BINARY,89b342141434a4fcd40ef73ca5ec4a7b,359a83df419e7f01aace6890978235e9,6236f4bc447a8f47123b0d9fca32215d,6,101,61,,,,,,,,,,
Q11A0135,Q11A0135_N02,CODE_BINARY,13ed0fdbaa46ebb8c37b09e61b29e0ec,179f37fe71dff6708ec4e38892a3a81e,9bbe9cbc84e50663fa736d17aa24665f,2,6,65,,,,,,,,,,
Q11A0135,Q11A0135_N03,CODE_BINARY,a7c8ce520e12ca7ae92789795e67f720,55b2c7fa479dd738aec45890ff8279ad,461a1e8ebaa392462b315e078e5e3538,6,48,61,,,,,,,,,,
Q11A0135,Q11A0135_N04,CODE_BINARY,f7ed5fffba4effbaff7fbbfe5bf9f7fd,139b75ee69dff67086c473809683ad1c,fbfe9fbc9eed6ffbff7bff3faf3d6f5f,4,10,65,,,,,,,,,,
Q11A0135,Q11A0135_N05,CODE_BINARY,6616cb3ca6aac96dbfc4ff0c2ba042ed,51a2c3da439d77608ac468a09fb239ad,8219dc8c0644bc675c285daff0926d18,29,363,61,,,,,,,,,,
Q11A0135,Q11A0135_N06,STRUCTURED,,,,,,,7ac96a93d5cd82522c42fcb89fc296c0,351,JSON,,,,,,,
Q11A0135,Q11A0135_N07,IMAGE,,,,,,,,,,00183c7e66240000,00160f3333330022,43983c63e69ec999,"6953,1055,742,0,0,156,117,0,469,234,0,0,0,273,0,0",16,16,1
Q11A0136,Q11A0136_N01,CODE_BINARY,c8a6f335966ffe05cd90a52449fa8e68,11bac6df4397ff61ac4768a2ff8a348d,32b3d23c4768ee2618394dda3bfc21d9,13,274,61,,,,,,,,,,
Q11A0136,Q11A0136_N02,CODE_BINARY,3bdf0ed5e556ffc8fb77cbefbbd3effc,539334ee619fb260aec46388d680690e,fbffe57f8b85aba3daf6f9df0bbdffcf,3,12,65,,,,,,,,,,
Q11A0136,Q11A0136_N03,CODE_BINARY,c08fc410827a6a64fce2d9defed7cea7,d793c6fa679b77608ed469a0dcaa3acd,6e67fedc9fe17cff1f491c07f0723f99,5,56,61,,,,,,,,,,
Q11A0136,Q11A0136_N04,CODE_BINARY,,b2bd7a5dde6df1de778ec78dd6ff9d7f,,0,0,65,,,,,,,,,,
Q11A0136,Q11A0136_N05,CODE_BINARY,808bcd10c6296a62b8c3c9dffed7cea7,d7b2cefa679b77e88ec469b09ea23a8d,4b74eedc9f4378d71d081c0ff8f23d89,5,107,61,,,,,,,,,,
Q11A0136,Q11A0136_N06,STRUCTURED,,,,,,,3fe338f9fff999c594767fef1933c313,28,JSON,,,,,,,
Q11A0136,Q11A0136_N07,IMAGE,,,,,,,,,,c3033c6cd3332c4c,abaaaaab6baaaaaa,65ed39a4f052c6d2,"0,0,938,938,938,938,0,0,0,508,195,391,234,117,195,4609",16,16,1
Q11A0137,Q11A0137_N01,CODE_BINARY,5dfb674f76dfb030d027a14a996b2776,d391887b619bff60aac6d09296802a03,9bbe9cbc84e50663fa736d17aa24665f,6,23,65,,,,,,,,,,
Q11A0137,Q11A0137_N02,CODE_BINARY,653cebb983c58d5da3843f0a95c168fe,d7bac7dec39f7f2108c6689196823689,400f6eaca17d4cfd18028593631e1191,29,802,69,,,,,,,,,,
Q11A0137,Q11A0137_N03,CODE_BINARY,99de73fa4ae424d4cb7edfedaf3731a4,559b96fa659ff7698ec6e390b6a0ae89,46eb7c24a5d80eec926acc3dff32e716,3,30,65,,,,,,,,,,
Q11A0137,Q11A0137_N04,CODE_BINARY,66bee65bd256cf85f70cfd41cfe128ac,55bac7fa439ff7212ec64890b780bb89,523a1dbc85da98e51e382d17ebfe4189,13,191,65,,,,,,,,,,
Q11A0137,Q11A0137_N05,CODE_BINARY,050822ed8923772252e35c7e7ba348f1,5712c5ca408f9660ae664ac2d6aa3405,622b262de668927699bacd3f1b322f48,5,95,65,,,,,,,,,,
Q11A0137,Q11A0137_N06,STRUCTURED,,,,,,,2dc1589faf9b90c696d275ee5923d174,91,JSON,,,,,,,
Q11A0137,Q11A0137_N07,IMAGE,,,,,,,,,,ff0000ffff0000ff,4a5a6a4a6a2a2a2a,02a2ff80b88acb7f,"0,0,1875,0,625,0,0,0,1562,312,0,938,2812,1562,156,156",16,16,1
Q11A0138,Q11A0138_N01,CODE_BINARY,709921a9de13fdb091922abdbcc79c5a,d79ebcc267937e618ec66880be8a278d,4aafb4ee28cda6f31c6396a223b2fb32,4,44,61,,,,,,,,,,
Q11A0138,Q11A0138_N02,CODE_BINARY,c6643f8da0db10778d148645f8a10c6a,57a2c5ba459d9720aee45832f7927bad,8273cce629427ef04b0052af82d23910,7,1836,65,,,,,,,,,,
Q11A0138,Q11A0138_N03,CODE_BINARY,43e7f3f65696e4552392817041ef7907,d53b8ec0c5bb7e618a466d9096aa348d,6683fa32c4f99535f61a0ffbef7e49d4,2,47,61,,,,,,,,,,
Q11A0138,Q11A0138_N04,CODE_BINARY,7866ad79b8e3586de41ccf9638c14862,12ba8efe7709ff532ec4d682d00fa4c6,e02fec8c4aaffee1002694a380da3293,2,3558,65,,,,,,,,,,
Q11A0138,Q11A0138_N05,CODE_BINARY,709921a9de13fdb091922abdbcc79c5a,d79ebcc267937e618ec66880be8a278d,4aafb4ee28cda6f31c6396a223b2fb32,4,44,61,,,,,,,,,,
Q11A0138,Q11A0138_N06,STRUCTURED,,,,,,,a4bd0213dc0cf6d08c9470ee9df206e0,721,JSON,,,,,,,
Q11A0138,Q11A0138_N07,IMAGE,,,,,,,,,,00ffffffffffff00,4145454545454541,54c42baa3bd43b2b,"742,0,0,0,0,0,0,0,0,0,1438,0,0,7820,0,0",160,32,1
Q11A0139,Q11A0139_N01,CODE_BINARY,74e65da3b6dc7160ed4ad5082142c283,75bec7df471ffee189e749a3d7df1685,f2336e1dc62846b37829c5df292223dd,31,2484,65,,,,,,,,,,
Q11A0139,Q11A0139_N02,CODE_BINARY,e5b08c7893f635b4f6ac790d72c2cb4a,719a59db409d77c0aec458a0978e17ad,103ffefd4d719066b8390f1a793e43d9,4,85,65,,,,,,,,,,
Q11A0139,Q11A0139_N03,CODE_BINARY,7de73510f2438134cf89642ef185c150,559a05ee419ffe21ae6669a0f6a2358d,7233761c46e2a0ffd933cd972b362b51,53,1876,65,,,,,,,,,,
Q11A0139,Q11A0139_N04,CODE_BINARY,6f67ce1eae6fe3098352c17d79cddbd3,f7b49ff66f9ff5cfdd845701fe7fb76d,fe19fe3f27fcf665f8afbdb6f9a3ed43,1,58,65,,,,,,,,,,
Q11A0139,Q11A0139_N05,CODE_BINARY,3ecfba379544f0149f91c92b9ad29900,579345de419fbe308ec66ba8d732218d,63277a3daec9e2bf3a3ecdbf4b306357,20,316,65,,,,,,,,,,
Q11A0139,Q11A0139_N06,STRUCTURED,,,,,,,a4cd021374cdb2c3ae907cdcddf696a0,76,JSON,,,,,,,
Q11A0139,Q11A0139_N07,IMAGE,,,,,,,,,,001e3e7e7e7c7800,438705353b273c19,11977ac2676964cd,"4375,0,0,0,703,742,0,234,0,586,898,0,781,0,977,703",16,16,1
Q11A0140,Q11A0140_N01,CODE_BINARY,ddf1e44c717630fed245e358c0db334f,93928838631eb760ae85d2d0f3882a83,182fdcb84764922a7d792f1efba4664d,2,9,61,,,,,,,,,,
Q11A0140,Q11A0140_N02,CODE_BINARY,97df8112f62fb44dfc8b85096df26b50,d7bac4fe619bff612ec74192f68a32cf,333ff2dccdc126263a1e0e9e3ab463d8,7,88,61,,,,,,,,,,
Q11A0140,Q11A0140_N03,CODE_BINARY,8fae80538398cbb7eda7c56547d4f560,5793d5de419db6388ec4fb80d6a36988,1c9bd0aa4ac7a4e4493854442ebfa522,3,25,61,,,,,,,,,,
Q11A0140,Q11A0140_N04,CODE_BINARY,89b342141434a4fcd40ef73ca5ec4a7b,359a83df419e7f01aace6890978235e9,6236f4bc447a8f47123b0d9fca32215d,6,101,61,,,,,,,,,,
Q11A0140,Q11A0140_N05,CODE_BINARY,cdaeca3aa2654d29a4a25f066aa04fbf,51ba83fa439f77282ac4d0a2f7827389,401afded67dfba651c28ad33efb66789,11,333,61,,,,,,,,,,
Q11A0140,Q11A0140_N06,STRUCTURED,,,,,,,1e0b53b7feb670126a8bdf37822bece6,34,JSON,,,,,,,
Q11A0140,Q11A0140_N07,IMAGE,,,,,,,,,,00103c7e7e3c3000,409c1f271b1f9e00,464b3f3470d3938e,"6016,0,391,234,703,1133,1055,273,195,0,0,0,0,0,0,0",16,16,1
Q11A0141,Q11A0141_N01,CODE_BINARY,7cbb1f16d5d2c100ec15506c90c8cf6b,5392b4de619ffe412ec67980f6802589,533f9cfce9430667b96bcdde7b3c637f,10,77,65,,,,,,,,,,
Q11A0141,Q11A0141_N02,CODE_BINARY,4f5e6fd6312e8148cd5ecb4f39aa5996,179b8b8e438e1f61a68c2890d7821149,a222d7bd0c612337f231bd17683209db,4,105,52,,,,,,,,,,
Q11A0141,Q11A0141_N03,CODE_BINARY,d4fdcefcf2f4df3cdf99a148632ff4e8,539334ee619fba60aec76388d689610f,dbff9dbcacf52673fa736d97baf5665f,4,13,65,,,,,,,,,,
Q11A0141,Q11A0141_N04,CODE_BINARY,dcfb6da61425f1155c9bc358f9cf99c8,57be47cf621eff61a8e60cc2f78b37cb,7237d23e4409a237303946ff4f362955,13,645,52,,,,,,,,,,
Q11A0141,Q11A0141_N05,CODE_BINARY,dbe71e8ef5a430b366b01b5f80f7957b,778b2fee659bb4708ac46984dba6168d,0a1296c456607637713dae149b7bcf2f,3,47,65,,,,,,,,,,
Q11A0141,Q11A0141_N06,STRUCTURED,,,,,,,2dc5529fabbbd2ce96d675fe79619176,84,JSON,,,,,,,
Q11A0141,Q11A0141_N07,IMAGE,,,,,,,,,,1f1fffffffffffff,9090000000000000,0f0f0f0f0ff0f0f0,"0,0,0,0,0,0,0,0,0,0,0,0,681,0,0,9319",256,256,1
Q11A0142,Q11A0142_N01,CODE_BINARY,da6f7ba094e72a35cddb2edd5bbb3960,57028dda439df760aec45810d6a224cd,c227cc8538493ef55a62d6b7e2922d92,5,42,65,,,,,,,,,,
Q11A0142,Q11A0142_N02,CODE_BINARY,2dac85d3aa54db16eb7e88e65f2733dc,529394da619fb668aec47ac0f28a6d0c,8283d0ad92e1b662a1726c168f0ee538,3,13,61,,,,,,,,,,
Q11A0142,Q11A0142_N03,CODE_BINARY,da6f7ba094e72a35cddb2edd5bbb3960,57028dda439df760aec45810d6a224cd,c227cc8538493ef55a62d6b7e2922d92,5,42,65,,,,,,,,,,
Q11A0142,Q11A0142_N04,CODE_BINARY,236fdcdb8a5b6a2daa0099ac3a7ec414,539b94fb439bb7608ec46188b6863b8e,4caf3e0eaeb9a6e19a115d53a274ec4b,3,17,61,,,,,,,,,,
Q11A0142,Q11A0142_N05,CODE_BINARY,80df64b3f7686aa2ae20c0de4fd690ae,d7b2c8fa469df7e0aee4703096a23aa9,6866ee868f4e6ef1112bb8a0a9f75480,4,108,65,,,,,,,,,,
Q11A0142,Q11A0142_N06,STRUCTURED,,,,,,,3f2f31a3dda677f8b1d39e2f8702ed63,48,JSON,,,,,,,
Q11A0142,Q11A0142_N07,IMAGE,,,,,,,,,,0000181c3c3c0800,0c000e4e8e860620,196c66c7cc199367,"8242,0,0,312,273,391,78,469,39,117,0,39,39,0,0,0",16,16,1
Q11A0143,Q11A0143_N01,CODE_BINARY,0bc90b76a2527e99ed3d644c5085cf57,739a403e429d37c8a8ac183046823dc9,2225e4934d11226eb133cc1e2e3e273d,4,80,69,,,,,,,,,,
Q11A0143,Q11A0143_N02,CODE_BINARY,43e7f3f65696e4552392817041ef7907,d53b8ec0c5bb7e618a466d9096aa348d,6683fa32c4f99535f61a0ffbef7e49d4,2,47,61,,,,,,,,,,
Q11A0143,Q11A0143_N03,CODE_BINARY,a3a246c7c0d37246a1daefeb63497280,5592c3da429fb728aac6d890d6a23d09,8a225a85b47b3eb758709ea79027389b,16,202,69,,,,,,,,,,
Q11A0143,Q11A0143_N04,CODE_BINARY,709921a9de13fdb091922abdbcc79c5a,d79ebcc267937e618ec66880be8a278d,4aafb4ee28cda6f31c6396a223b2fb32,4,44,61,,,,,,,,,,
Q11A0143,Q11A0143_N05,CODE_BINARY,b3acfe53dafeecacd7c98d7d4ba92b38,939bd4ff751ff7a1cee6e188b681ffbc,df6abfa5e67adf7f97ef6fb7c8e681f6,2,16,69,,,,,,,,,,
Q11A0143,Q11A0143_N06,STRUCTURED,,,,,,,8de508dabdda93c495c6f7ef1da3d552,23,JSON,,,,,,,
Q11A0143,Q11A0143_N07,IMAGE,,,,,,,,,,b3b1b3b3b3b3b3b3,b898989898989898,2fc3d0c2b1e1adaa,"2,4,5,32,408,1540,3124,2158,2245,451,25,1,2,1,1,0",256,256,1
Q11A0144,Q11A0144_N01,CODE_BINARY,ed0c8eb0c9b081067a1bed5eb2ed7d1a,aaff7d1fcaec31baf9830644dbffdde2,6eb5d5a85e30bf99e4612a9573992c8d,3,0,65,,,,,,,,,,
Q11A0144,Q11A0144_N02,CODE_BINARY,8d65d9e24d96cc64f73a2d364b3e0f68,d3b894fc461fffa3f827570ae2d2aeaf,e047d8a9095772f1ea0fdeaad29a667f,3,646,65,,,,,,,,,,
Q11A0144,Q11A0144_N03,CODE_BINARY,7cbb1f16d5d2c100ec15506c90c8cf6b,5392b4de619ffe412ec67980f6802589,533f9cfce9430667b96bcdde7b3c637f,10,77,65,,,,,,,,,,
Q11A0144,Q11A0144_N04,CODE_BINARY,8b97ffbe55605055fcb73e3e7af76b77,d3b084fdc70effc3eec7ff82f2f8ba0f,ebf5cad9aba5f0f1c60afcaef8f23e41,2,738,65,,,,,,,,,,
Q11A0144,Q11A0144_N05,CODE_BINARY,1bce3023b102d7485ad1d1ebf9d09621,579375ee619ffe408ec46188d681250d,dbbfd07c8985a2a3daf6e9df0bb46657,7,29,65,,,,,,,,,,
Q11A0144,Q11A0144_N06,STRUCTURED,,,,,,,f64edffadee3343e7f834afb7e6d0bc6,7,JSON,,,,,,,
Q11A0144,Q11A0144_N07,IMAGE,,,,,,,,,,7fffffffffffffff,0000000000000000,7f81818183838fff,"0,0,1,0,0,1,2,0,2,7,0,0,0,0,0,9988",256,256,1
Q11A0145,Q11A0145_N01,CODE_BINARY,17ba71d13487c53855a0491e99ea6b4c,359b079f439e5d61a8de2890d7be1483,722b663c4cf0a02f393fcd972b72ab59,43,1793,69,,,,,,,,,,
Q11A0145,Q11A0145_N02,CODE_BINARY,5682f76426d2d22e2f5fe02bd3e8f150,d1b2829a439f57e02ec65990b6823f89,9232d289a5f120be79395d872a36e351,9,89,61,,,,,,,,,,
Q11A0145,Q11A0145_N03,CODE_BINARY,89a24e8d80433a66e192e8af210dfae4,579343fe409fb629a2c6799096b63c89,4e025e84b4e674a31b359ba7920f349a,6,93,69,,,,,,,,,,
Q11A0145,Q11A0145_N04,CODE_BINARY,a7c8ce520e12ca7ae92789795e67f720,55b2c7fa479dd738aec45890ff8279ad,461a1e8ebaa392462b315e078e5e3538,6,48,61,,,,,,,,,,
Q11A0145,Q11A0145_N05,CODE_BINARY,0c22fe03c4965749fe2580efb1ee8d33,579375ee619ffe008ec46188d680250d,dbbff07c8c85a2a3daf6eddf0bb4664f,6,25,69,,,,,,,,,,
Q11A0145,Q11A0145_N06,STRUCTURED,,,,,,,1e0bd3bfdfa431d0ee8bfea3820bedc6,34,JSON,,,,,,,
Q11A0145,Q11A0145_N07,IMAGE,,,,,,,,,,b3b1b3b3b3b3b3b3,b898989898989898,2fc3d0c2b1e1adaa,"2,4,5,32,408,1540,3124,2158,2245,451,25,1,2,1,1,0",256,256,1
Q11A0146,Q11A0146_N01,CODE_BINARY,ae98e862a6d26f57edafc15ff7a57474,53a2e8de679cf7e0aec47912979329ed,2bf0c086efc696e0187a5ad0ac3dc532,6,101,65,,,,,,,,,,
Q11A0146,Q11A0146_N02,CODE_BINARY,ddc8d59bff1e813b56b72d3ee8c38b78,d792c4be631fdf00ae266c12f68a3f89,6b135c8c463be6b3983bdebe0b74216b,7,309,65,,,,,,,,,,
Q11A0146,Q11A0146_N03,CODE_BINARY,da6f7ba094e72a35cddb2edd5bbb3960,57028dda439df760aec45810d6a224cd,c227cc8538493ef55a62d6b7e2922d92,5,42,65,,,,,,,,,,
Q11A0146,Q11A0146_N04,CODE_BINARY,ddc8d59bff1e813b56b72d3ee8c38b78,d792c4be631fdf00ae266c12f68a3f89,6b135c8c463be6b3983bdebe0b74216b,7,309,65,,,,,,,,,,
Q11A0146,Q11A0146_N05,CODE_BINARY,8a2f6ff40e7dde02c60f0956bd018e6e,92bb96fe759ff721bac4e3909693f98c,a21fe03ddd31b447e73ace261a306d59,2,15,65,,,,,,,,,,
Q11A0146,Q11A0146_N06,STRUCTURED,,,,,,,2e2dd213358796c38c82f8af7de335e6,31,JSON,,,,,,,
Q11A0146,Q11A0146_N07,IMAGE,,,,,,,,,,003c3e3e3e3e3c00,0f17132b13130f0c,169768966969366e,"4375,0,1094,469,0,703,0,312,1367,625,117,938,0,0,0,0",16,16,1
Q11A0147,Q11A0147_N01,CODE_BINARY,497f14eeb25021c1f62bbe9c73f1af7c,5583cfde439fb7688ae47900dfb23ca9,0012d6a4466ffd66b0095e8b08d730e1,9,215,61,,,,,,,,,,
Q11A0147,Q11A0147_N02,CODE_BINARY,8b97ffbe55605055fcb73e3e7af76b77,d3b084fdc70effc3eec7ff82f2f8ba0f,ebf5cad9aba5f0f1c60afcaef8f23e41,2,738,65,,,,,,,,,,
Q11A0147,Q11A0147_N03,CODE_BINARY,591ee4f397ca403bff48011d0bf04bf9,739a0b9f639edf61aa44d820d78a33ab,1321720ccc70a43e393ecffe2a340973,8,280,61,,,,,,,,,,
Q11A0147,Q11A0147_N04,CODE_BINARY,c6643f8da0db10778d148645f8a10c6a,57a2c5ba459d9720aee45832f7927bad,8273cce629427ef04b0052af82d23910,7,1836,65,,,,,,,,,,
Q11A0147,Q11A0147_N05,CODE_BINARY,497f14eeb25021c1f62bbe9c73f1af7c,5583cfde439fb7688ae47900dfb23ca9,0012d6a4466ffd66b0095e8b08d730e1,9,215,61,,,,,,,,,,
Q11A0147,Q11A0147_N06,STRUCTURED,,,,,,,1d2ba096deac2791fa9f1e0f9aa3aee2,22,JSON,,,,,,,
Q11A0147,Q11A0147_N07,IMAGE,,,,,,,,,,c0fc7e766e780000,ef1f3b3b33356d0f,45fe58fb32254392,"322,625,358,448,1159,1322,1227,1529,852,446,318,277,216,159,180,561",1024,1024,1
Q11A0148,Q11A0148_N01,CODE_BINARY,8d65d9e24d96cc64f73a2d364b3e0f68,d3b894fc461fffa3f827570ae2d2aeaf,e047d8a9095772f1ea0fdeaad29a667f,3,646,65,,,,,,,,,,
Q11A0148,Q11A0148_N02,CODE_BINARY,3ecfba379544f0149f91c92b9ad29900,579345de419fbe308ec66ba8d732218d,63277a3daec9e2bf3a3ecdbf4b306357,20,316,65,,,,,,,,,,
Q11A0148,Q11A0148_N03,CODE_BINARY,87efe3dbfed7fbf7ef7b9dee5f27fafc,139b1cde619fb670aec4f380d28e6c0c,fab6d6b9d6e5667b9f7bff1dafbfe719,3,9,65,,,,,,,,,,
Q11A0148,Q11A0148_N04,CODE_BINARY,3ecfba379544f0149f91c92b9ad29900,579345de419fbe308ec66ba8d732218d,63277a3daec9e2bf3a3ecdbf4b306357,20,316,65,,,,,,,,,,
Q11A0148,Q11A0148_N05,CODE_BINARY,87efe3dbfed7fbf7ef7b9dee5f27fafc,139b1cde619fb670aec4f380d28e6c0c,fab6d6b9d6e5667b9f7bff1dafbfe719,3,9,65,,,,,,,,,,
Q11A0148,Q11A0148_N06,STRUCTURED,,,,,,,2eed421174cd96530cd0f4cf3d7294e0,397,JSON,,,,,,,
Q11A0148,Q11A0148_N07,IMAGE,,,,,,,,,,fe82fe00ef2bef00,a1a1a9b134252425,77d55d8122d55c91,"0,0,0,0,0,0,1797,7930,273,0,0,0,0,0,0,0",16,16,1
Q11A0149,Q11A0149_N01,CODE_BINARY,43e7f3f65696e4552392817041ef7907,d53b8ec0c5bb7e618a466d9096aa348d,6683fa32c4f99535f61a0ffbef7e49d4,2,47,61,,,,,,,,,,
Q11A0149,Q11A0149_N02,CODE_BINARY,c4bc211682ae46afef80cc1c1bc11bdd,57bbc0fe459f77218ec669a29702378d,0223f4144c48257774387e972ff24dfd,6,184,65,,,,,,,,,,
Q11A0149,Q11A0149_N03,CODE_BINARY,c865d0c7ac40702d0314293a9c5c5318,d53a8682c79bd5e32a766db0bdea3e8d,da22d74ca82ca7f637799c93a9b662ce,3,45,61,,,,,,,,,,
Q11A0149,Q11A0149_N04,CODE_BINARY,bdc3df553347b4c473b711d03dd5d197,51baf5de459ff640aec44320d60a378d,1329e4edc4708e62b1b9895a3f38e3da,9,138,65,,,,,,,,,,
Q11A0149,Q11A0149_N05,CODE_BINARY,d7b5f9fbf46e7aa8677fdbfcfb7fe2ed,569389ea759fb6389ee4fd94df052d88,718a3dbe874f6e6b757f653a93967adc,2,28,61,,,,,,,,,,
Q11A0149,Q11A0149_N06,STRUCTURED,,,,,,,2fc51f9feebdd2ce945275ee19634170,80,JSON,,,,,,,
Q11A0149,Q11A0149_N07,IMAGE,,,,,,,,,,c0fc7e766e780000,ef1f3b3b33356d0f,45fe58fb32254392,"322,625,358,448,1159,1322,1227,1529,852,446,318,277,216,159,180,561",1024,1024,1
Q11A0150,Q11A0150_N01,CODE_BINARY,c5c5e065865376fc7be13964daf1516d,758b8bdf039eb7e88bd43820d7b317a3,6223509c4eb866af713bce9f2b3a2171,26,2325,65,,,,,,,,,,
Q11A0150,Q11A0150_N02,CODE_BINARY,ddc8d59bff1e813b56b72d3ee8c38b78,d792c4be631fdf00ae266c12f68a3f89,6b135c8c463be6b3983bdebe0b74216b,7,309,65,,,,,,,,,,
Q11A0150,Q11A0150_N03,CODE_BINARY,e8edaff7b3c1e96a26844b1871855ad3,d3bac7da631f77a12ec640a2f70233cd,5027f24ceca96ef7312accaf0bb27251,19,330,65,,,,,,,,,,
Q11A0150,Q11A0150_N04,CODE_BINARY,7521f4d0904df962e142717869d26820,d5ba47cf471fffe188e669a2d78b3789,7023921c6480e0a7312fcddf2b3e2355,23,1203,65,,,,,,,,,,
Q11A0150,Q11A0150_N05,CODE_BINARY,7bf55974170f766843ac435aa9efd305,579a85fe639fff40aac45820f78a318d,123fd6b84e302627303aee5f3b70add9,14,281,69,,,,,,,,,,
Q11A0150,Q11A0150_N06,STRUCTURED,,,,,,,8b637975fed98bc414463fa80923c285,47,JSON,,,,,,,
Q11A0150,Q11A0150_N07,IMAGE,,,,,,,,,,ffffff00000083ff,0000b2a1ada19900,3fc0c03f1936e6c9,"1777,1025,20,20,10,0,0,625,98,68,49,68,88,0,117,6035",32,32,1
Q11A0151,Q11A0151_N01,CODE_BINARY,3c7ce0981d19257746894a30dd4d8204,579f1fde399fb7fc99c4e901d6a7b73a,7037461d4e01a4a7312bce1ebfb22bfb,2,171,69,,,,,,,,,,
Q11A0151,Q11A0151_N02,CODE_BINARY,7521f4d0904df962e142717869d26820,d5ba47cf471fffe188e669a2d78b3789,7023921c6480e0a7312fcddf2b3e2355,23,1203,65,,,,,,,,,,
Q11A0151,Q11A0151_N03,CODE_BINARY,6f67ce1eae6fe3098352c17d79cddbd3,f7b49ff66f9ff5cfdd845701fe7fb76d,fe19fe3f27fcf665f8afbdb6f9a3ed43,1,58,65,,,,,,,,,,
Q11A0151,Q11A0151_N04,CODE_BINARY,0bc90b76a2527e99ed3d644c5085cf57,739a403e429d37c8a8ac183046823dc9,2225e4934d11226eb133cc1e2e3e273d,4,80,69,,,,,,,,,,
Q11A0151,Q11A0151_N05,CODE_BINARY,7521f4d0904df962e142717869d26820,d5ba47cf471fffe188e669a2d78b3789,7023921c6480e0a7312fcddf2b3e2355,23,1203,65,,,,,,,,,,
Q11A0151,Q11A0151_N06,STRUCTURED,,,,,,,2d8f109fa69a92c6945675ae192355f6,105,JSON,,,,,,,
Q11A0151,Q11A0151_N07,IMAGE,,,,,,,,,,b3b1b3b3b3b3b3b3,b898989898989898,2fc3d0c2b1e1adaa,"2,4,5,32,408,1540,3124,2158,2245,451,25,1,2,1,1,0",256,256,1
Q11A0152,Q11A0152_N01,CODE_BINARY,4f5e6fd6312e8148cd5ecb4f39aa5996,179b8b8e438e1f61a68c2890d7821149,a222d7bd0c612337f231bd17683209db,4,105,52,,,,,,,,,,
Q11A0152,Q11A0152_N02,CODE_BINARY,c5c5e065865172fc6be13964daf1516d,758b8bdf039eb7e88ad43820f7b317a3,4223509c4eb866af713bce9f2b3a2171,27,2316,69,,,,,,,,,,
Q11A0152,Q11A0152_N03,CODE_BINARY,747541abb45879b6c448318915c6c283,f5bec7df471ffee189e649a3d7de1781,f2336f1dc62446b37829c5de290623dd,27,1748,65,,,,,,,,,,
Q11A0152,Q11A0152_N04,CODE_BINARY,bb1c93616545e50375d3c89e20d80393,d79284ee679bdf216e0768daf78826cb,533fd07c4ea0a623393acfdf0b3467da,5,51,52,,,,,,,,,,
Q11A0152,Q11A0152_N05,CODE_BINARY,7bf55974170f766843ac435aa9efd305,579a85fe639fff40aac45820f78a318d,123fd6b84e302627303aee5f3b70add9,14,281,69,,,,,,,,,,
Q11A0152,Q11A0152_N06,STRUCTURED,,,,,,,7ac96a93d5cd82522c42fcb89fc296c0,351,JSON,,,,,,,
Q11A0152,Q11A0152_N07,IMAGE,,,,,,,,,,ffc381808080c0ff,70f096dcddd4f474,7fb2a155855a8b52,"860,431,562,1121,568,1103,1966,26,100,27,1,0,0,0,4,3230",500,500,1
Q11A0153,Q11A0153_N01,CODE_BINARY,3ecfba379544f0149f91c92b9ad29900,579345de419fbe308ec66ba8d732218d,63277a3daec9e2bf3a3ecdbf4b306357,20,316,65,,,,,,,,,,
Q11A0153,Q11A0153_N02,CODE_BINARY,87efe3dbfed7fbf7ef7b9dee5f27fafc,139b1cde619fb670aec4f380d28e6c0c,fab6d6b9d6e5667b9f7bff1dafbfe719,3,9,65,,,,,,,,,,
Q11A0153,Q11A0153_N03,CODE_BINARY,7cbb1f16d5d2c100ec15506c90c8cf6b,5392b4de619ffe412ec67980f6802589,533f9cfce9430667b96bcdde7b3c637f,10,77,65,,,,,,,,,,
Q11A0153,Q11A0153_N04,CODE_BINARY,74e65da3b6dc7160ed4ad5082142c283,75bec7df471ffee189e749a3d7df1685,f2336e1dc62846b37829c5df292223dd,31,2484,65,,,,,,,,,,
Q11A0153,Q11A0153_N05,CODE_BINARY,87efe3dbfed7fbf7ef7b9dee5f27fafc,139b1cde619fb670aec4f380d28e6c0c,fab6d6b9d6e5667b9f7bff1dafbfe719,3,9,65,,,,,,,,,,
Q11A0153,Q11A0153_N06,STRUCTURED,,,,,,,2fc51f9feebdd2ce945275ee19634170,80,JSON,,,,,,,
Q11A0153,Q11A0153_N07,IMAGE,,,,,,,,,,000e3e7e7e7c7800,0703050d1b373c18,459d3a626ec931ce,"4375,1406,0,1484,1367,664,0,469,0,0,117,0,117,0,0,0",16,16,1
Q11A0154,Q11A0154_N01,CODE_BINARY,89a24e8d80433a66e192e8af210dfae4,579343fe409fb629a2c6799096b63c89,4e025e84b4e674a31b359ba7920f349a,6,93,69,,,,,,,,,,
Q11A0154,Q11A0154_N02,CODE_BINARY,80816510c673603a78c3e0f7fcd79e36,d5bac6fa679b77e08ed469b295aa388d,4b70c6c61b437df31f081a8fe8d23d99,5,297,61,,,,,,,,,,
Q11A0154,Q11A0154_N03,CODE_BINARY,4feb6b15b442da29a771dccc03c85f49,d392d4fe619fff61ae466280f681a60b,72b7f43c4ea1a737f2395dde4ff06dd9,15,147,61,,,,,,,,,,
Q11A0154,Q11A0154_N04,CODE_BINARY,89a24e8d80433a66e192e8af210dfae4,579343fe409fb629a2c6799096b63c89,4e025e84b4e674a31b359ba7920f349a,6,93,69,,,,,,,,,,
Q11A0154,Q11A0154_N05,CODE_BINARY,074d6dedb50bb92cea20e6e20bec626a,d3a2487a408df760aae47010d2b33daf,822887a59d6bfa77b0a9b5aea99388ab,4,121,61,,,,,,,,,,
Q11A0154,Q11A0154_N06,STRUCTURED,,,,,,,1e0b53b7feb670126a8bdf37822bece6,34,JSON,,,,,,,
Q11A0154,Q11A0154_N07,IMAGE,,,,,,,,,,00003c3c3c3c0000,0002020202020200,43833c2f2c3cd3d3,"6914,0,0,0,0,0,0,3086,0,0,0,0,0,0,0,0",9,9,1
Q11A0155,Q11A0155_N01,CODE_BINARY,2dac85d3aa54db16eb7e88e65f2733dc,529394da619fb668aec47ac0f28a6d0c,8283d0ad92e1b662a1726c168f0ee538,3,13,61,,,,,,,,,,
Q11A0155,Q11A0155_N02,CODE_BINARY,c06f44c2b2647a367e3a1bd64faa938c,559284fa669dd760aee47890f6827dad,ca22d48c9a6f2fb31049d807c3922d19,5,33,65,,,,,,,,,,
Q11A0155,Q11A0155_N03,CODE_BINARY,7cbb1f16d5d2c100ec15506c90c8cf6b,5392b4de619ffe412ec67980f6802589,533f9cfce9430667b96bcdde7b3c637f,10,77,65,,,,,,,,,,
Q11A0155,Q11A0155_N04,CODE_BINARY,05af88cf7ad2eb38773780ce5be7e76e,579a9cfe659fb670aec4f3a2f686ec8c,8602ddac96d11e6618236c32bb9e4719,3,17,61,,,,,,,,,,
Q11A0155,Q11A0155_N05,CODE_BINARY,8d65d9e24d96cc64f73a2d364b3e0f68,d3b894fc461fffa3f827570ae2d2aeaf,e047d8a9095772f1ea0fdeaad29a667f,3,646,65,,,,,,,,,,
Q11A0155,Q11A0155_N06,STRUCTURED,,,,,,,2fc51f9feebdd2ce945275ee19634170,80,JSON,,,,,,,
Q11A0155,Q11A0155_N07,IMAGE,,,,,,,,,,cb223c4c53332c4c,abaaaaab2baaaaaa,17f579a4f0d28692,"0,0,0,938,938,938,0,1094,156,469,156,352,156,156,156,4492",16,16,1
Q11A0156,Q11A0156_N01,CODE_BINARY,7929ad23fd42c4907cfc4b5cfa885bc9,51975dce619dbe488e846aa0d683250d,5027f0fcfc0be6a5532b949f47332be3,6,129,61,,,,,,,,,,
Q11A0156,Q11A0156_N02,CODE_BINARY,47bae73db74697485df148699ac39796,5593f5ea6597f7600ec661a0f68a17ad,f36fe57bce81203adb3d67de6b9967d9,5,58,65,,,,,,,,,,
Q11A0156,Q11A0156_N03,CODE_BINARY,0bc90b76a2527e99ed3d644c5085cf57,739a403e429d37c8a8ac183046823dc9,2225e4934d11226eb133cc1e2e3e273d,4,80,69,,,,,,,,,,
Q11A0156,Q11A0156_N04,CODE_BINARY,97df8112f62fb44dfc8b85096df26b50,d7bac4fe619bff612ec74192f68a32cf,333ff2dccdc126263a1e0e9e3ab463d8,7,88,61,,,,,,,,,,
Q11A0156,Q11A0156_N05,CODE_BINARY,a8f1adf6b54235f860d39036cb8f1c17,d39e8dde439fbf412a865a23f78b218b,5937c23cfc0b66e5716fc49f87b62311,8,460,65,,,,,,,,,,
Q11A0156,Q11A0156_N06,STRUCTURED,,,,,,,2ee91a979e9a93c494527fbe1fa355f2,58,JSON,,,,,,,
Q11A0156,Q11A0156_N07,IMAGE,,,,,,,,,,00003c7c7e240000,2214062f3333000a,439e3d65c299992e,"7344,0,820,117,469,156,0,234,391,469,0,0,0,0,0,0",16,16,1
Q11A0157,Q11A0157_N01,CODE_BINARY,bb1c93616545e50375d3c89e20d80393,d79284ee679bdf216e0768daf78826cb,533fd07c4ea0a623393acfdf0b3467da,5,51,52,,,,,,,,,,
Q11A0157,Q11A0157_N02,CODE_BINARY,ddc8d59bff1e813b56b72d3ee8c38b78,d792c4be631fdf00ae266c12f68a3f89,6b135c8c463be6b3983bdebe0b74216b,7,309,65,,,,,,,,,,
Q11A0157,Q11A0157_N03,CODE_BINARY,c6643f8da0db10778d148645f8a10c6a,57a2c5ba459d9720aee45832f7927bad,8273cce629427ef04b0052af82d23910,7,1836,65,,,,,,,,,,
Q11A0157,Q11A0157_N04,CODE_BINARY,352cae62b59b7db437599afebcdc7c53,d79e8ccf659bff608e664842d6ca26ab,4227d4bc4e29af23313bdfda0ffe21d9,5,185,52,,,,,,,,,,
Q11A0157,Q11A0157_N05,CODE_BINARY,51bbc1fc3502f2289de3e107f8cada08,35ba868e439e5f23a8474a10bf8233cf,7227d65c5c61a6e7d83bc69f0bba2b79,11,329,65,,,,,,,,,,
Q11A0157,Q11A0157_N06,STRUCTURED,,,,,,,f64edffadee3343e7f834afb7e6d0bc6,7,JSON,,,,,,,
Q11A0157,Q11A0157_N07,IMAGE,,,,,,,,,,fcfcfcf8fc800000,b6b6f686b6d68024,5bdb207fc82c6cc8,"5588,0,0,239,5,106,6,13,1899,8,0,0,1771,14,0,351",256,256,1
Q11A0158,Q11A0158_N01,CODE_BINARY,d0e1645c66e69ebc9e45a39e63985320,5192c5ff619f77e1aac75892979213a5,583ff698cd712222fa780ec7bbf067dc,7,77,65,,,,,,,,,,
Q11A0158,Q11A0158_N02,CODE_BINARY,c4bc211682ae46afef80cc1c1bc11bdd,57bbc0fe459f77218ec669a29702378d,0223f4144c48257774387e972ff24dfd,6,184,65,,,,,,,,,,
Q11A0158,Q11A0158_N03,CODE_BINARY,f7b75ef1379e7cf875ea4eac207e53d8,358b87ff649f76618ac64882d79e1485,5627e62c5c20a826f0314ddd2f7a4f59,5,213,61,,,,,,,,,,
Q11A0158,Q11A0158_N04,CODE_BINARY,cbadf9f45fe66b56f5968dfcde3b84a0,939925ef709fbc338d85638096a1b084,c27fd8f90945e7f1eb1bdebed33277fd,2,44,65,,,,,,,,,,
Q11A0158,Q11A0158_N05,CODE_BINARY,dbe71e8ef5a430b366b01b5f80f7957b,778b2fee659bb4708ac46984dba6168d,0a1296c456607637713dae149b7bcf2f,3,47,65,,,,,,,,,,
Q11A0158,Q11A0158_N06,STRUCTURED,,,,,,,6fc797aa9930d4f07c36f7cfbba3c74f,19,JSON,,,,,,,
Q11A0158,Q11A0158_N07,IMAGE,,,,,,,,,,fafaf6fcfa766600,4d1d33774d133325,55ec2d8d78d216b1,"0,0,0,0,0,0,0,0,1211,0,0,3164,2148,2891,0,586",16,16,1
Q11A0159,Q11A0159_N01,CODE_BINARY,7521f4d0904df962e142717869d26820,d5ba47cf471fffe188e669a2d78b3789,7023921c6480e0a7312fcddf2b3e2355,23,1203,65,,,,,,,,,,
Q11A0159,Q11A0159_N02,CODE_BINARY,0c22fe03c4965749fe2580efb1ee8d33,579375ee619ffe008ec46188d680250d,dbbff07c8c85a2a3daf6eddf0bb4664f,6,25,69,,,,,,,,,,
Q11A0159,Q11A0159_N03,CODE_BINARY,497f14eeb25021c1f62bbe9c73f1af7c,5583cfde439fb7688ae47900dfb23ca9,0012d6a4466ffd66b0095e8b08d730e1,9,215,61,,,,,,,,,,
Q11A0159,Q11A0159_N04,CODE_BINARY,51bbc1fc3502f2289de3e107f8cada08,35ba868e439e5f23a8474a10bf8233cf,7227d65c5c61a6e7d83bc69f0bba2b79,11,329,65,,,,,,,,,,
Q11A0159,Q11A0159_N05,CODE_BINARY,89a24e8d80433a66e192e8af210dfae4,579343fe409fb629a2c6799096b63c89,4e025e84b4e674a31b359ba7920f349a,6,93,69,,,,,,,,,,
Q11A0159,Q11A0159_N06,STRUCTURED,,,,,,,8de508dabdda93c495c6f7ef1da3d552,23,JSON,,,,,,,
Q11A0159,Q11A0159_N07,IMAGE,,,,,,,,,,003c7e66667e3c00,0e0f3333332b0f0c,05955adf607a6179,"5123,15,28,4757,13,12,18,6,27,0,0,0,0,0,0,0",1800,1800,1
Q11A0160,Q11A0160_N01,CODE_BINARY,6469bfe0b0c51556e0701830719d7882,f1ba45de471ff7a12ac678a2f79325c1,183bd23ddf0966af3548c48f073263b1,11,1106,69,,,,,,,,,,
Q11A0160,Q11A0160_N02,CODE_BINARY,c8a6f335962ffe05ed90e52449fa8e68,11bac7de4797ff61ac4668a2ff82358d,33b3d23c4768ea2618394dda3bfc21d9,14,279,61,,,,,,,,,,
Q11A0160,Q11A0160_N03,CODE_BINARY,89a24e8d80433a66e192e8af210dfae4,579343fe409fb629a2c6799096b63c89,4e025e84b4e674a31b359ba7920f349a,6,93,69,,,,,,,,,,
Q11A0160,Q11A0160_N04,CODE_BINARY,c5c5e065865172fc6be13964daf1516d,758b8bdf039eb7e88ad43820f7b317a3,4223509c4eb866af713bce9f2b3a2171,27,2316,69,,,,,,,,,,
Q11A0160,Q11A0160_N05,CODE_BINARY,074d6dedb50bb92cea20e6e20bec626a,d3a2487a408df760aae47010d2b33daf,822887a59d6bfa77b0a9b5aea99388ab,4,121,61,,,,,,,,,,
Q11A0160,Q11A0160_N06,STRUCTURED,,,,,,,2e2f14021e85f6d28cb7f8a735d325e6,16,JSON,,,,,,,
Q11A0160,Q11A0160_N07,IMAGE,,,,,,,,,,ffffff00000083ff,0000b2a1ada19900,3fc0c03f1936e6c9,"1777,1025,20,20,10,0,0,625,98,68,49,68,88,0,117,6035",32,32,1
Q11A0161,Q11A0161_N01,CODE_BINARY,c880f0176cf622acff6a9a49abcb530c,d5b283ba439edf212ee65890f7823a8b,7223f6096c61a03f1419debe0c732b71,21,468,61,,,,,,,,,,
Q11A0161,Q11A0161_N02,CODE_BINARY,66bee65bd256cf85f70cfd41cfe128ac,55bac7fa439ff7212ec64890b780bb89,523a1dbc85da98e51e382d17ebfe4189,13,191,65,,,,,,,,,,
Q11A0161,Q11A0161_N03,CODE_BINARY,d4fdcefcf2f4df3cdf99a148632ff4e8,539334ee619fba60aec76388d689610f,dbff9dbcacf52673fa736d97baf5665f,4,13,65,,,,,,,,,,
Q11A0161,Q11A0161_N04,CODE_BINARY,8fae80538398cbb7eda7c56547d4f560,5793d5de419db6388ec4fb80d6a36988,1c9bd0aa4ac7a4e4493854442ebfa522,3,25,61,,,,,,,,,,
Q11A0161,Q11A0161_N05,CODE_BINARY,a5a6c91aaaf4cc1c0906dd4dc6c34aaf,379ecdde438d3760aaa40825d7c315e1,e62375bc87d899e91d280db3ef720d19,7,311,69,,,,,,,,,,
Q11A0161,Q11A0161_N06,STRUCTURED,,,,,,,2fc51f9feebdd2ce945275ee19634170,80,JSON,,,,,,,
Q11A0161,Q11A0161_N07,IMAGE,,,,,,,,,,0000060e1c386040,02040b23069d3068,133e61cb1af20cf9,"8867,195,0,156,430,273,78,0,0,0,0,0,0,0,0,0",16,16,1
Q11A0162,Q11A0162_N01,CODE_BINARY,89b342141434a4fcd40ef73ca5ec4a7b,359a83df419e7f01aace6890978235e9,6236f4bc447a8f47123b0d9fca32215d,6,101,61,,,,,,,,,,
Q11A0162,Q11A0162_N02,CODE_BINARY,54ae45e21f271468cfa8c21c79cdd9d4,579a8dee471ffe618e6649a2778a158d,7223f21c5d0120b7313b5ebe2fb22b59,32,1522,65,,,,,,,,,,
Q11A0162,Q11A0162_N03,CODE_BINARY,8b97ffbe55605055fcb73e3e7af76b77,d3b084fdc70effc3eec7ff82f2f8ba0f,ebf5cad9aba5f0f1c60afcaef8f23e41,2,734,65,,,,,,,,,,
Q11A0162,Q11A0162_N04,CODE_BINARY,e1543c4a6efe96d45d73fd81885979e0,139309de419db7308ec47980d7a628ac,d184de2e066df9278be2ef1edba7246a,3,21,61,,,,,,,,,,
Q11A0162,Q11A0162_N05,CODE_BINARY,3ec0ab1063a9cdda106feff50d895fce,778a05df439fb7618ac45922d7ba11a9,e32931b423989babd92b8dbf369a299b,12,881,65,,,,,,,,,,
Q11A0162,Q11A0162_N06,STRUCTURED,,,,,,,3f8f6282deaeb4501cdb9e998eb2e7c1,31,JSON,,,,,,,
Q11A0162,Q11A0162_N07,IMAGE,,,,,,,,,,00183c7c66240000,00160f3b33330022,439c3c61e79e9899,"6953,1055,742,0,39,78,156,0,0,625,0,0,352,0,0,0",16,16,1
Q11A0163,Q11A0163_N01,CODE_BINARY,c4bc211682ae46afef80cc1c1bc11bdd,57bbc0fe459f77218ec669a29702378d,0223f4144c48257774387e972ff24dfd,6,184,65,,,,,,,,,,
Q11A0163,Q11A0163_N02,CODE_BINARY,4f5e6fd6312e8148cd5ecb4f39aa5996,179b8b8e438e1f61a68c2890d7821149,a222d7bd0c612337f231bd17683209db,4,105,52,,,,,,,,,,
Q11A0163,Q11A0163_N03,CODE_BINARY,7de73510f2438134cf89642ef185c150,559a05ee419ffe21ae6669a0f6a2358d,7233761c46e2a0ffd933cd972b362b51,53,1876,65,,,,,,,,,,
Q11A0163,Q11A0163_N04,CODE_BINARY,d7ed6fdfbfceeffddbfbc9f7dfbbe6ee,179f37fe619fb6708ac4eb8896a3b88f,fffe9ebee4ff066bfafbef1fbee7f77f,2,5,65,,,,,,,,,,
Q11A0163,Q11A0163_N05,CODE_BINARY,dc00c4dd6624e23d1a2122bcd41541f7,b33ac2be431ed7a32ca25822ff83b7a9,523fe21c4c60a6371b3bdddf6b322bd9,8,324,52,,,,,,,,,,
Q11A0163,Q11A0163_N06,STRUCTURED,,,,,,,2ded309fffbb93cc14427ffe31a3d152,78,JSON,,,,,,,
Q11A0163,Q11A0163_N07,IMAGE,,,,,,,,,,1f1fffffffffffff,9090000000000000,0f0f0f0f0ff0f0f0,"0,0,0,0,0,0,0,0,0,0,0,0,681,0,0,9319",256,256,1
Q11A0164,Q11A0164_N01,CODE_BINARY,a0d35c731c2228e86960cffea87edb9a,56ba869ae79f7f212e446810b78a3fc9,c42e66ee4f48ae7d11a9bd22ebf6468d,4,76,69,,,,,,,,,,
Q11A0164,Q11A0164_N02,CODE_BINARY,c8a6f335962ffe05ed90e52449fa8e68,11bac7de4797ff61ac4668a2ff82358d,33b3d23c4768ea2618394dda3bfc21d9,14,279,61,,,,,,,,,,
Q11A0164,Q11A0164_N03,CODE_BINARY,c6643f8da0db10778d148645f8a10c6a,57a2c5ba459d9720aee45832f7927bad,8273cce629427ef04b0052af82d23910,7,1836,65,,,,,,,,,,
Q11A0164,Q11A0164_N04,CODE_BINARY,0bc90b76a2527e99ed3d644c5085cf57,739a403e429d37c8a8ac183046823dc9,2225e4934d11226eb133cc1e2e3e273d,4,80,69,,,,,,,,,,
Q11A0164,Q11A0164_N05,CODE_BINARY,80816510c673603a78c3e0f7fcd79e36,d5bac6fa679b77e08ed469b295aa388d,4b70c6c61b437df31f081a8fe8d23d99,5,297,61,,,,,,,,,,
Q11A0164,Q11A0164_N06,STRUCTURED,,,,,,,f64edffadee3343e7f834afb7e6d0bc6,7,JSON,,,,,,,
Q11A0164,Q11A0164_N07,IMAGE,,,,,,,,,,b3b1b3b3b3b3b3b3,b898989898989898,2fc3d0c2b1e1adaa,"2,4,5,32,408,1540,3124,2158,2245,451,25,1,2,1,1,0",256,256,1
Q11A0165,Q11A0165_N01,CODE_BINARY,80df64b3f7686aa2ae20c0de4fd690ae,d7b2c8fa469df7e0aee4703096a23aa9,6866ee868f4e6ef1112bb8a0a9f75480,4,108,65,,,,,,,,,,
Q11A0165,Q11A0165_N02,CODE_BINARY,7521f4d0904df962e142717869d26820,d5ba47cf471fffe188e669a2d78b3789,7023921c6480e0a7312fcddf2b3e2355,23,1203,65,,,,,,,,,,
Q11A0165,Q11A0165_N03,CODE_BINARY,9fa06a5292662b1c3f483b75c9efc5ad,b73b839cc31e7f63a9dcee90dfabb2c9,423254c75e62a53736385e3f08770dbf,2,66,61,,,,,,,,,,
Q11A0165,Q11A0165_N04,CODE_BINARY,da6f7ba094e72a35cddb2edd5bbb3960,57028dda439df760aec45810d6a224cd,c227cc8538493ef55a62d6b7e2922d92,5,42,65,,,,,,,,,,
Q11A0165,Q11A0165_N05,CODE_BINARY,7521f4d0904df962e142717869d26820,d5ba47cf471fffe188e669a2d78b3789,7023921c6480e0a7312fcddf2b3e2355,23,1203,65,,,,,,,,,,
Q11A0165,Q11A0165_N06,STRUCTURED,,,,,,,8de508dabdda93c495c6f7ef1da3d552,23,JSON,,,,,,,
Q11A0165,Q11A0165_N07,IMAGE,,,,,,,,,,003c3e3e3e3e3c00,0f17132b13130f0c,169768966969366e,"4375,0,1094,469,0,703,0,312,1367,625,117,938,0,0,0,0",16,16,1
Q11A0166,Q11A0166_N01,CODE_BINARY,87efe3dbfed7fbf7ef7b9dee5f27fafc,139b1cde619fb670aec4f380d28e6c0c,fab6d6b9d6e5667b9f7bff1dafbfe719,3,9,65,,,,,,,,,,
Q11A0166,Q11A0166_N02,CODE_BINARY,ae98e862a6d26f57edafc15ff7a57474,53a2e8de679cf7e0aec47912979329ed,2bf0c086efc696e0187a5ad0ac3dc532,6,101,65,,,,,,,,,,
Q11A0166,Q11A0166_N03,CODE_BINARY,7cbb1f16d5d2c100ec15506c90c8cf6b,5392b4de619ffe412ec67980f6802589,533f9cfce9430667b96bcdde7b3c637f,10,77,65,,,,,,,,,,
Q11A0166,Q11A0166_N04,CODE_BINARY,7866ad79b8e3586de41ccf9638c14862,12ba8efe7709ff532ec4d682d00fa4c6,e02fec8c4aaffee1002694a380da3293,2,3558,65,,,,,,,,,,
Q11A0166,Q11A0166_N05,CODE_BINARY,da6f7ba094e72a35cddb2edd5bbb3960,57028dda439df760aec45810d6a224cd,c227cc8538493ef55a62d6b7e2922d92,5,42,65,,,,,,,,,,
Q11A0166,Q11A0166_N06,STRUCTURED,,,,,,,2fc51f9feebdd2ce945275ee19634170,80,JSON,,,,,,,
Q11A0166,Q11A0166_N07,IMAGE,,,,,,,,,,2000000025040000,1050400220020400,02ee04c7a57f3e31,"0,0,0,0,0,0,0,10000,0,0,0,0,0,0,0,0",16,16,1
Q11A0167,Q11A0167_N01,CODE_BINARY,3f9419f21a157173208a2b68c1ed41ed,d7bb8eca479ff760aec469a0bfa23aad,cca27262e4fbb567e43bbfe3ea8e49b5,3,33,61,,,,,,,,,,
Q11A0167,Q11A0167_N02,CODE_BINARY,ddc8d59bff1e813b56b72d3ee8c38b78,d792c4be631fdf00ae266c12f68a3f89,6b135c8c463be6b3983bdebe0b74216b,7,309,65,,,,,,,,,,
Q11A0167,Q11A0167_N03,CODE_BINARY,dc00c4dd6624e23d1a2122bcd41541f7,b33ac2be431ed7a32ca25822ff83b7a9,523fe21c4c60a6371b3bdddf6b322bd9,8,324,52,,,,,,,,,,
Q11A0167,Q11A0167_N04,CODE_BINARY,591ee4f397ca403bff48011d0bf04bf9,739a0b9f639edf61aa44d820d78a33ab,1321720ccc70a43e393ecffe2a340973,8,280,61,,,,,,,,,,
Q11A0167,Q11A0167_N05,CODE_BINARY,7521f4d0904df962e142717869d26820,d5ba47cf471fffe188e669a2d78b3789,7023921c6480e0a7312fcddf2b3e2355,23,1203,65,,,,,,,,,,
Q11A0167,Q11A0167_N06,STRUCTURED,,,,,,,975edf7edae3b53e5d1a4e7aba6b8bce,7,JSON,,,,,,,
Q11A0167,Q11A0167_N07,IMAGE,,,,,,,,,,c0fc7e766e780000,ef1f3b3b33356d0f,45fe58fb32254392,"322,625,358,448,1159,1322,1227,1529,852,446,318,277,216,159,180,561",1024,1024,1
Q11A0168,Q11A0168_N01,CODE_BINARY,5682f76426d2d22e2f5fe02bd3e8f150,d1b2829a439f57e02ec65990b6823f89,9232d289a5f120be79395d872a36e351,9,89,61,,,,,,,,,,
Q11A0168,Q11A0168_N02,CODE_BINARY,1f0d2fd70fc24201deb096868966e1ae,5793d1fa639ff768aec478c0f6823d8d,0227d055dca1bfe767786bd60f3c459a,4,29,65,,,,,,,,,,
Q11A0168,Q11A0168_N03,CODE_BINARY,47f4ed5656875c265184ff0dcfca59fb,55bacfde419d77c0aac44c20d7c6348d,926afcfd67f1d416fa182d0279bc03d8,7,204,65,,,,,,,,,,
Q11A0168,Q11A0168_N04,CODE_BINARY,89b342141434a4fcd40ef73ca5ec4a7b,359a83df419e7f01aace6890978235e9,6236f4bc447a8f47123b0d9fca32215d,6,101,61,,,,,,,,,,
Q11A0168,Q11A0168_N05,CODE_BINARY,dbe71e8ef5a430b366b01b5f80f7957b,778b2fee659bb4708ac46984dba6168d,0a1296c456607637713dae149b7bcf2f,3,47,65,,,,,,,,,,
Q11A0168,Q11A0168_N06,STRUCTURED,,,,,,,a4cd021374cdb2c3ae907cdcddf696a0,76,JSON,,,,,,,
Q11A0168,Q11A0168_N07,IMAGE,,,,,,,,,,fd3dfdf1f0002040,569e567cfa515978,6a8a1395e9ee30da,"4541,0,254,820,0,410,762,654,1260,0,1230,59,10,0,0,0",32,32,1
Q11A0169,Q11A0169_N01,CODE_BINARY,87efe3dbfed7fbf7ef7b9dee5f27fafc,139b1cde619fb670aec4f380d28e6c0c,fab6d6b9d6e5667b9f7bff1dafbfe719,3,9,65,,,,,,,,,,
Q11A0169,Q11A0169_N02,CODE_BINARY,b3acfe53dafeecacd7c98d7d4ba92b38,939bd4ff751ff7a1cee6e188b681ffbc,df6abfa5e67adf7f97ef6fb7c8e681f6,2,16,69,,,,,,,,,,
Q11A0169,Q11A0169_N03,CODE_BINARY,f3bb71e28776b34cc6aeae3ca8dd43a2,7322883e669c77e0a8e45810d39228cd,de94dea612bff9279964ef2fd18778fb,6,62,61,,,,,,,,,,
Q11A0169,Q11A0169_N04,CODE_BINARY,1664bfe5a0de04fd2d00a4d138a1186a,d502c5ba439d97602ee45830d7b23ea9,8274ccc669471cf54f6052a7a8136d10,7,2802,65,,,,,,,,,,
Q11A0169,Q11A0169_N05,CODE_BINARY,0c22fe03c4965749fe2580efb1ee8d33,579375ee619ffe008ec46188d680250d,dbbff07c8c85a2a3daf6eddf0bb4664f,6,25,69,,,,,,,,,,
Q11A0169,Q11A0169_N06,STRUCTURED,,,,,,,2f2d65a2dda527d0b99b1c1b8a2aafe3,51,JSON,,,,,,,
Q11A0169,Q11A0169_N07,IMAGE,,,,,,,,,,2000000025040000,1050400220020400,02ee04c7a57f3e31,"0,0,0,0,0,0,0,10000,0,0,0,0,0,0,0,0",16,16,1
Q11A0170,Q11A0170_N01,CODE_BINARY,3bdf0ed5e556ffc8fb77cbefbbd3effc,539334ee619fb260aec46388d680690e,fbffe57f8b85aba3daf6f9df0bbdffcf,3,12,65,,,,,,,,,,
Q11A0170,Q11A0170_N02,CODE_BINARY,e1543c4a6efe96d45d73fd81885979e0,139309de419db7308ec47980d7a628ac,d184de2e066df9278be2ef1edba7246a,3,21,61,,,,,,,,,,
Q11A0170,Q11A0170_N03,CODE_BINARY,dc00c4dd6624e23d1a2122bcd41541f7,b33ac2be431ed7a32ca25822ff83b7a9,523fe21c4c60a6371b3bdddf6b322bd9,8,324,52,,,,,,,,,,
Q11A0170,Q11A0170_N04,CODE_BINARY,dfc1f2927cc2d8224104d9f88138e910,759bc7de439e3d69885668a09dbe3085,0237e0cf4461a5273a30dcb7ae124599,13,518,65,,,,,,,,,,
Q11A0170,Q11A0170_N05,CODE_BINARY,ddf4289346b375b007530ceb85ff8db1,d503c4da479df501aae65830d6b23489,47b44ad7a7c928f1866afcfdbc3205a9,7,137,61,,,,,,,,,,
Q11A0170,Q11A0170_N06,STRUCTURED,,,,,,,2dc5529fabbbd2ce96d675fe79619176,84,JSON,,,,,,,
Q11A0170,Q11A0170_N07,IMAGE,,,,,,,,,,fff7cd424200e7ff,0038d62169e8b201,31cfcf2484b71b98,"0,0,0,0,0,0,0,625,18,21,112,18,491,112,702,7900",710,710,1
Q11A0171,Q11A0171_N01,CODE_BINARY,a3a246c7c0d37246a1daefeb63497280,5592c3da429fb728aac6d890d6a23d09,8a225a85b47b3eb758709ea79027389b,16,202,69,,,,,,,,,,
Q11A0171,Q11A0171_N02,CODE_BINARY,fdf7cda5b642433e5b0f206efb8493d0,559205ce659fff212ec669a0f6a23588,62237e1cc7e2a0fbd131c5d72b762b41,49,1910,65,,,,,,,,,,
Q11A0171,Q11A0171_N03,CODE_BINARY,8b97ffbe55605055fcb73e3e7af76b77,d3b084fdc70effc3eec7ff82f2f8ba0f,ebf5cad9aba5f0f1c60afcaef8f23e41,2,738,65,,,,,,,,,,
Q11A0171,Q11A0171_N04,CODE_BINARY,17ba71d13487c53855a0491e99ea6b4c,359b079f439e5d61a8de2890d7be1483,722b663c4cf0a02f393fcd972b72ab59,43,1793,69,,,,,,,,,,
Q11A0171,Q11A0171_N05,CODE_BINARY,66fc46963c26a0b685e36d1260edccb2,d79bc6ff471ffe202ea649e2f78a3389,6830ec7eee5a1667193acc777a74a99d,6,319,65,,,,,,,,,,
Q11A0171,Q11A0171_N06,STRUCTURED,,,,,,,1f8571b7dceea3147cdfde138632ffc3,39,JSON,,,,,,,
Q11A0171,Q11A0171_N07,IMAGE,,,,,,,,,,b3b1b3b3b3b3b3b3,b898989898989898,2fc3d0c2b1e1adaa,"2,4,5,32,408,1540,3124,2158,2245,451,25,1,2,1,1,0",256,256,1
Q11A0172,Q11A0172_N01,CODE_BINARY,c8a6f335966ffe05cd90a52449fa8e68,11bac6df4397ff61ac4768a2ff8a348d,32b3d23c4768ee2618394dda3bfc21d9,13,274,61,,,,,,,,,,
Q11A0172,Q11A0172_N02,CODE_BINARY,1664bfe5a0de04fd2d00a4d138a1186a,d502c5ba439d97602ee45830d7b23ea9,8274ccc669471cf54f6052a7a8136d10,7,2802,65,,,,,,,,,,
Q11A0172,Q11A0172_N03,CODE_BINARY,ae98e862a6d26f57edafc15ff7a57474,53a2e8de679cf7e0aec47912979329ed,2bf0c086efc696e0187a5ad0ac3dc532,6,101,65,,,,,,,,,,
Q11A0172,Q11A0172_N04,CODE_BINARY,236fdcdb8a5b6a2daa0099ac3a7ec414,539b94fb439bb7608ec46188b6863b8e,4caf3e0eaeb9a6e19a115d53a274ec4b,3,17,61,,,,,,,,,,
Q11A0172,Q11A0172_N05,CODE_BINARY,8b97ffbe55605055fcb73e3e7af76b77,d3b084fdc70effc3eec7ff82f2f8ba0f,ebf5cad9aba5f0f1c60afcaef8f23e41,2,734,65,,,,,,,,,,
Q11A0172,Q11A0172_N06,STRUCTURED,,,,,,,0f0fe0a29fa43191fe8f1b8fa2a3ace6,34,JSON,,,,,,,
Q11A0172,Q11A0172_N07,IMAGE,,,,,,,,,,c3033c6cd3332c4c,abaaaaab6baaaaaa,65ed39a4f052c6d2,"0,0,938,938,938,938,0,0,0,508,195,391,234,117,195,4609",16,16,1
Q11A0173,Q11A0173_N01,CODE_BINARY,c5c5e065865376fc7be13964daf1516d,758b8bdf039eb7e88bd43820d7b317a3,6223509c4eb866af713bce9f2b3a2171,26,2325,65,,,,,,,,,,
Q11A0173,Q11A0173_N02,CODE_BINARY,7cebeff6d0057958689be126f1c393d8,d79345ce439ffe21ae666a88d6822509,f333723cd669a4b7517bf7ff0b762155,82,1492,65,,,,,,,,,,
Q11A0173,Q11A0173_N03,CODE_BINARY,87efe3dbfed7fbf7ef7b9dee5f27fafc,139b1cde619fb670aec4f380d28e6c0c,fab6d6b9d6e5667b9f7bff1dafbfe719,3,9,65,,,,,,,,,,
Q11A0173,Q11A0173_N04,CODE_BINARY,7bf55974170f766843ac435aa9efd305,579a85fe639fff40aac45820f78a318d,123fd6b84e302627303aee5f3b70add9,14,281,69,,,,,,,,,,
Q11A0173,Q11A0173_N05,CODE_BINARY,dd56505a37ea201d45a868d989c6eb70,758b4fdf439e7f61aa860822d7de15e3,423326bc6458a0bf31afcfd72b7aa77d,19,1216,65,,,,,,,,,,
Q11A0173,Q11A0173_N06,STRUCTURED,,,,,,,1fa14ca38eb031527497573fae2a20e7,63,JSON,,,,,,,
Q11A0173,Q11A0173_N07,IMAGE,,,,,,,,,,ffffff00000083ff,0000b2a1ada19900,3fc0c03f1936e6c9,"1777,1025,20,20,10,0,0,625,98,68,49,68,88,0,117,6035",32,32,1
Q11A0174,Q11A0174_N01,CODE_BINARY,497f14eeb25021c1f62bbe9c73f1af7c,5583cfde439fb7688ae47900dfb23ca9,0012d6a4466ffd66b0095e8b08d730e1,9,215,61,,,,,,,,,,
Q11A0174,Q11A0174_N02,CODE_BINARY,abb2cab5bba52a476549eb0276519ac5,d7bbc6ee431fdfa1aa666db0f7822a89,c3331a05b466c5b7da649d37d726418f,12,322,65,,,,,,,,,,
Q11A0174,Q11A0174_N03,CODE_BINARY,d047e5d41f2358db21d853772dfe9430,75bbc3ee629f1f238c166a20ff8232a9,d03752ec3c412e75bca9dfaf6bb643fd,5,186,65,,,,,,,,,,
Q11A0174,Q11A0174_N04,CODE_BINARY,709921a9de13fdb091922abdbcc79c5a,d79ebcc267937e618ec66880be8a278d,4aafb4ee28cda6f31c6396a223b2fb32,4,44,61,,,,,,,,,,
Q11A0174,Q11A0174_N05,CODE_BINARY,54ae45e21f271468cfa8c21c79cdd9d4,579a8dee471ffe618e6649a2778a158d,7223f21c5d0120b7313b5ebe2fb22b59,32,1522,65,,,,,,,,,,
Q11A0174,Q11A0174_N06,STRUCTURED,,,,,,,2dc1589faf9b90c696d275ee5923d174,91,JSON,,,,,,,
Q11A0174,Q11A0174_N07,IMAGE,,,,,,,,,,c0fc7e766e780000,ef1f3b3b33356d0f,45fe58fb32254392,"322,625,358,448,1159,1322,1227,1529,852,446,318,277,216,159,180,561",1024,1024,1
Q11A0175,Q11A0175_N01,CODE_BINARY,770ef7df7cb6fb284a2b8c5c59e8682c,d7b89ce2c51bff23ce66e59ab6c1a60b,c00f0e8878bd1a732067c26384c227ff,3,26,65,,,,,,,,,,
Q11A0175,Q11A0175_N02,CODE_BINARY,a7c8ce520e12ca7ae92789795e67f720,55b2c7fa479dd738aec45890ff8279ad,461a1e8ebaa392462b315e078e5e3538,6,48,61,,,,,,,,,,
Q11A0175,Q11A0175_N03,CODE_BINARY,93c5215434aa096755c94dce0a9cd776,d78ac7fa439fff608ac66820d792338f,7223e20c6e73a27e141bc6970836011b,48,1044,65,,,,,,,,,,
Q11A0175,Q11A0175_N04,CODE_BINARY,80df64b3f7686aa2ae20c0de4fd690ae,d7b2c8fa469df7e0aee4703096a23aa9,6866ee868f4e6ef1112bb8a0a9f75480,4,108,65,,,,,,,,,,
Q11A0175,Q11A0175_N05,CODE_BINARY,8d8fe5cf05caed9ac02ecbc05b14ee75,5712c1be639fb760aec45052f28a37cd,8234d4a910c10fb75a60d827f8332d99,5,40,61,,,,,,,,,,
Q11A0175,Q11A0175_N06,STRUCTURED,,,,,,,2ded309fffbb93cc14427ffe31a3d152,78,JSON,,,,,,,
Q11A0175,Q11A0175_N07,IMAGE,,,,,,,,,,003c3e3e3e3e3c00,0f17132b13130f0c,169768966969366e,"4375,0,1094,469,0,703,0,312,1367,625,117,938,0,0,0,0",16,16,1
Q11A0176,Q11A0176_N01,CODE_BINARY,7de73510f2438134cf89642ef185c150,559a05ee419ffe21ae6669a0f6a2358d,7233761c46e2a0ffd933cd972b362b51,53,1876,65,,,,,,,,,,
Q11A0176,Q11A0176_N02,CODE_BINARY,1fde7e95e956e7c9cb779bffbaf3bffc,5793f5ee619fbe608ec46088f6802509,dbbf757d8aa5aba7def6fddf0bbcfbbf,4,16,65,,,,,,,,,,
Q11A0176,Q11A0176_N03,CODE_BINARY,dbe71e8ef5a430b366b01b5f80f7957b,778b2fee659bb4708ac46984dba6168d,0a1296c456607637713dae149b7bcf2f,3,47,65,,,,,,,,,,
Q11A0176,Q11A0176_N04,CODE_BINARY,7de73510f2438134cf89642ef185c150,559a05ee419ffe21ae6669a0f6a2358d,7233761c46e2a0ffd933cd972b362b51,53,1876,65,,,,,,,,,,
Q11A0176,Q11A0176_N05,CODE_BINARY,dfc1f2927cc2c8224104d9f88138e910,759bc7de439e3d69885668a09dbe3085,0237e0cf4461a5273a30dcb7ae124599,13,517,65,,,,,,,,,,
Q11A0176,Q11A0176_N06,STRUCTURED,,,,,,,2fc51f9feebdd2ce945275ee19634170,80,JSON,,,,,,,
Q11A0176,Q11A0176_N07,IMAGE,,,,,,,,,,001e3e7e7e7c7800,438705353b273c19,11972ed2676962cd,"4375,0,0,0,0,0,703,742,0,0,234,586,898,781,977,703",16,16,1
Q11A0177,Q11A0177_N01,CODE_BINARY,8b97ffbe55605055fcb73e3e7af76b77,d3b084fdc70effc3eec7ff82f2f8ba0f,ebf5cad9aba5f0f1c60afcaef8f23e41,2,738,65,,,,,,,,,,
Q11A0177,Q11A0177_N02,CODE_BINARY,66bee65bd256cf85f70cfd41cfe128ac,55bac7fa439ff7212ec64890b780bb89,523a1dbc85da98e51e382d17ebfe4189,13,191,65,,,,,,,,,,
Q11A0177,Q11A0177_N03,CODE_BINARY,3bdf0ed5e556ffc8fb77cbefbbd3effc,539334ee619fb260aec46388d680690e,fbffe57f8b85aba3daf6f9df0bbdffcf,3,12,65,,,,,,,,,,
Q11A0177,Q11A0177_N04,CODE_BINARY,87efe3dbfed7fbf7ef7b9dee5f27fafc,139b1cde619fb670aec4f380d28e6c0c,fab6d6b9d6e5667b9f7bff1dafbfe719,3,9,65,,,,,,,,,,
Q11A0177,Q11A0177_N05,CODE_BINARY,653cebb983c58d5da3843f0a95c168fe,d7bac7dec39f7f2108c6689196823689,400f6eaca17d4cfd18028593631e1191,29,802,69,,,,,,,,,,
Q11A0177,Q11A0177_N06,STRUCTURED,,,,,,,bf879f9ace30d602cc3275ef396b9263,47,JSON,,,,,,,
Q11A0177,Q11A0177_N07,IMAGE,,,,,,,,,,fe92fe00efa9ef00,a59189b5342424a8,75d55c8120d3cdb3,"0,0,0,0,0,0,0,0,0,312,1484,7891,312,0,0,0",16,16,1
Q11A0178,Q11A0178_N01,CODE_BINARY,4f5e6fd6312e8148cd5ecb4f39aa5996,179b8b8e438e1f61a68c2890d7821149,a222d7bd0c612337f231bd17683209db,4,105,52,,,,,,,,,,
Q11A0178,Q11A0178_N02,CODE_BINARY,c4bc211682ae46afef80cc1c1bc11bdd,57bbc0fe459f77218ec669a29702378d,0223f4144c48257774387e972ff24dfd,6,184,65,,,,,,,,,,
Q11A0178,Q11A0178_N03,CODE_BINARY,1bef3787f342eff0dbd3dbebfbd3b6f0,579375ee619fbe1006c46188d682250d,ffbfe37d8985a9a7daf6e9df03bdff47,4,18,65,,,,,,,,,,
Q11A0178,Q11A0178_N04,CODE_BINARY,dcfb6da61425f1155c9bc358f9cf99c8,57be47cf621eff61a8e60cc2f78b37cb,7237d23e4409a237303946ff4f362955,13,645,52,,,,,,,,,,
Q11A0178,Q11A0178_N05,CODE_BINARY,9fffebdbee07ff79f15b1feeef6feedc,d39b14fe419fb760aac4f380d687ed8e,d6beb5f4bcfafffbbf7bff3fcb9c631f,3,9,65,,,,,,,,,,
Q11A0178,Q11A0178_N06,STRUCTURED,,,,,,,bf879f9ace30d602cc3275ef396b9263,47,JSON,,,,,,,
Q11A0178,Q11A0178_N07,IMAGE,,,,,,,,,,ffc381808080c0ff,70f096dcddd4f474,7fb2a155855a8b52,"860,431,562,1121,568,1103,1966,26,100,27,1,0,0,0,4,3230",500,500,1
Q11A0179,Q11A0179_N01,CODE_BINARY,1da5805b13cab91884dfd35e5a062ac4,b7bbc3ee419f5761aaef590097a236af,5a33d69c4c18a037351a5cbf8f962d69,8,179,69,,,,,,,,,,
Q11A0179,Q11A0179_N02,CODE_BINARY,2dac85d3aa54db16eb7e88e65f2733dc,529394da619fb668aec47ac0f28a6d0c,8283d0ad92e1b662a1726c168f0ee538,3,13,61,,,,,,,,,,
Q11A0179,Q11A0179_N03,CODE_BINARY,7bf55974170f766843ac435aa9efd305,579a85fe639fff40aac45820f78a318d,123fd6b84e302627303aee5f3b70add9,14,281,69,,,,,,,,,,
Q11A0179,Q11A0179_N04,CODE_BINARY,6322db066e0311eaada78dbef8bec4df,77b6c95f439db7688fccd004d7821283,cb76a40fcdf320a33d3ddfdba9b4664b,4,234,65,,,,,,,,,,
Q11A0179,Q11A0179_N05,CODE_BINARY,060d49adb13f1824fa20e66207ec422a,53a2c9fb478df7408aec5014d6b33ceb,82688fa78d6ff863b1ada58a29d390eb,4,190,61,,,,,,,,,,
Q11A0179,Q11A0179_N06,STRUCTURED,,,,,,,2da13397afbb93cc945675ee1923c176,105,JSON,,,,,,,
Q11A0179,Q11A0179_N07,IMAGE,,,,,,,,,,ffffffffffffffff,0000000000000000,562949fe29c6d629,"0,0,0,0,0,0,0,0,0,0,0,0,0,0,0,10000",64,64,1
Q11A0180,Q11A0180_N01,CODE_BINARY,80df64b3f7686aa2ae20c0de4fd690ae,d7b2c8fa469df7e0aee4703096a23aa9,6866ee868f4e6ef1112bb8a0a9f75480,4,108,65,,,,,,,,,,
Q11A0180,Q11A0180_N02,CODE_BINARY,47bae73db74697485df148699ac39796,5593f5ea6597f7600ec661a0f68a17ad,f36fe57bce81203adb3d67de6b9967d9,5,58,65,,,,,,,,,,
Q11A0180,Q11A0180_N03,CODE_BINARY,b3acfe53dafeecacd7c98d7d4ba92b38,939bd4ff751ff7a1cee6e188b681ffbc,df6abfa5e67adf7f97ef6fb7c8e681f6,2,16,69,,,,,,,,,,
Q11A0180,Q11A0180_N04,CODE_BINARY,da6f7ba094e72a35cddb2edd5bbb3960,57028dda439df760aec45810d6a224cd,c227cc8538493ef55a62d6b7e2922d92,5,42,65,,,,,,,,,,
Q11A0180,Q11A0180_N05,CODE_BINARY,705c58dd1763fcc3784fa8e684864092,d7bbd6fe659bf6e08e646182bc82bf8c,b30aeade65a53016f9bd6d827aac03d8,4,24,65,,,,,,,,,,
Q11A0180,Q11A0180_N06,STRUCTURED,,,,,,,2e2f14021e85f6d28cb7f8a735d325e6,16,JSON,,,,,,,
Q11A0180,Q11A0180_N07,IMAGE,,,,,,,,,,003c3e3c3c3c1800,0f170b0f0f0f1f0c,19b6669899696766,"5938,703,1719,938,0,0,0,312,0,0,273,117,0,0,0,0",16,16,1
