scale,scale_type,backend,query_id,unique_registered_parents,effective_gallery_components,shortlist_parent_count,search_ms,candidate_pool,exact_top10_overlap,exact_top10_identical,shortlist_parent_count_before_fallback
20,REAL,EXACT,Q6K00183,20,15662,20,4.61513,"[""FMOD0023"", ""FMOD0035"", ""FMOD0102"", ""FMOD0110"", ""FMOD0005"", ""FMOD0031"", ""FMOD0113"", ""FMOD0067"", ""FMOD0083"", ""FMOD0089""]",1.0,True,
20,REAL,EXACT,Q6K00184,20,15662,20,4.551747,"[""FMOD0067"", ""FMOD0113"", ""FMOD0023"", ""FMOD0035"", ""FMOD0102"", ""FMOD0110"", ""FMOD0116"", ""FMOD0083"", ""FMOD0005"", ""FMOD0031""]",1.0,True,
20,REAL,EXACT,Q6K00193,20,15662,20,4.488586,"[""FMOD0023"", ""FMOD0102"", ""FMOD0035"", ""FMOD0005"", ""FMOD0031"", ""FMOD0113"", ""FMOD0080"", ""FMOD0100"", ""FMOD0110"", ""FMOD0083""]",1.0,True,
20,REAL,EXACT,Q6K00195,20,15662,20,4.476124,"[""FMOD0061"", ""FMOD0083"", ""FMOD0102"", ""FMOD0023"", ""FMOD0035"", ""FMOD0110"", ""FMOD0066"", ""FMOD0005"", ""FMOD0080"", ""FMOD0067""]",1.0,True,
20,REAL,EXACT,Q6K00197,20,15662,20,4.80305,"[""FMOD0102"", ""FMOD0005"", ""FMOD0110"", ""FMOD0083"", ""FMOD0035"", ""FMOD0016"", ""FMOD0023"", ""FMOD0031"", ""FMOD0113"", ""FMOD0104""]",1.0,True,
20,REAL,EXACT,Q6K00199,20,15662,20,4.581351,"[""FMOD0067"", ""FMOD0102"", ""FMOD0023"", ""FMOD0005"", ""FMOD0110"", ""FMOD0035"", ""FMOD0083"", ""FMOD0017"", ""FMOD0031"", ""FMOD0080""]",1.0,True,
20,REAL,EXACT,Q6K00200,20,15662,20,4.626635,"[""FMOD0023"", ""FMOD0102"", ""FMOD0035"", ""FMOD0016"", ""FMOD0110"", ""FMOD0005"", ""FMOD0083"", ""FMOD0031"", ""FMOD0067"", ""FMOD0089""]",1.0,True,
20,REAL,EXACT,Q6K00201,20,15662,20,4.642145,"[""FMOD0066"", ""FMOD0102"", ""FMOD0017"", ""FMOD0005"", ""FMOD0110"", ""FMOD0023"", ""FMOD0083"", ""FMOD0035"", ""FMOD0067"", ""FMOD0089""]",1.0,True,
20,REAL,EXACT,Q6K00205,20,15662,20,4.46171,"[""FMOD0023"", ""FMOD0035"", ""FMOD0016"", ""FMOD0102"", ""FMOD0005"", ""FMOD0067"", ""FMOD0083"", ""FMOD0110"", ""FMOD0113"", ""FMOD0089""]",1.0,True,
20,REAL,EXACT,Q6K00206,20,15662,20,4.726084,"[""FMOD0016"", ""FMOD0102"", ""FMOD0031"", ""FMOD0023"", ""FMOD0035"", ""FMOD0110"", ""FMOD0083"", ""FMOD0005"", ""FMOD0104"", ""FMOD0017""]",1.0,True,
20,REAL,EXACT,Q6K00207,20,15662,20,4.686288,"[""FMOD0023"", ""FMOD0035"", ""FMOD0102"", ""FMOD0110"", ""FMOD0005"", ""FMOD0083"", ""FMOD0067"", ""FMOD0089"", ""FMOD0104"", ""FMOD0116""]",1.0,True,
20,REAL,EXACT,Q6K00208,20,15662,20,4.46716,"[""FMOD0102"", ""FMOD0023"", ""FMOD0035"", ""FMOD0016"", ""FMOD0089"", ""FMOD0005"", ""FMOD0083"", ""FMOD0031"", ""FMOD0104"", ""FMOD0110""]",1.0,True,
20,REAL,EXACT,Q6K00212,20,15662,20,4.584646,"[""FMOD0023"", ""FMOD0102"", ""FMOD0035"", ""FMOD0005"", ""FMOD0067"", ""FMOD0110"", ""FMOD0017"", ""FMOD0083"", ""FMOD0076"", ""FMOD0080""]",1.0,True,
20,REAL,EXACT,Q6K00216,20,15662,20,4.88898,"[""FMOD0016"", ""FMOD0035"", ""FMOD0023"", ""FMOD0102"", ""FMOD0031"", ""FMOD0110"", ""FMOD0089"", ""FMOD0005"", ""FMOD0083"", ""FMOD0104""]",1.0,True,
20,REAL,EXACT,Q6K00227,20,15662,20,4.657843,"[""FMOD0023"", ""FMOD0035"", ""FMOD0102"", ""FMOD0005"", ""FMOD0113"", ""FMOD0110"", ""FMOD0067"", ""FMOD0116"", ""FMOD0016"", ""FMOD0083""]",1.0,True,
20,REAL,EXACT,Q6K00232,20,15662,20,4.594036,"[""FMOD0023"", ""FMOD0102"", ""FMOD0035"", ""FMOD0110"", ""FMOD0067"", ""FMOD0005"", ""FMOD0083"", ""FMOD0080"", ""FMOD0017"", ""FMOD0031""]",1.0,True,
20,REAL,EXACT,Q6K00235,20,15662,20,4.598998,"[""FMOD0023"", ""FMOD0035"", ""FMOD0102"", ""FMOD0005"", ""FMOD0110"", ""FMOD0113"", ""FMOD0067"", ""FMOD0083"", ""FMOD0031"", ""FMOD0080""]",1.0,True,
20,REAL,EXACT,Q6K00236,20,15662,20,4.992252,"[""FMOD0023"", ""FMOD0035"", ""FMOD0102"", ""FMOD0110"", ""FMOD0031"", ""FMOD0083"", ""FMOD0005"", ""FMOD0067"", ""FMOD0089"", ""FMOD0080""]",1.0,True,
20,REAL,EXACT,Q6K00237,20,15662,20,4.790951,"[""FMOD0067"", ""FMOD0023"", ""FMOD0102"", ""FMOD0110"", ""FMOD0035"", ""FMOD0089"", ""FMOD0083"", ""FMOD0113"", ""FMOD0005"", ""FMOD0017""]",1.0,True,
20,REAL,EXACT,Q6K00240,20,15662,20,4.804834,"[""FMOD0110"", ""FMOD0104"", ""FMOD0035"", ""FMOD0023"", ""FMOD0102"", ""FMOD0083"", ""FMOD0005"", ""FMOD0031"", ""FMOD0116"", ""FMOD0067""]",1.0,True,
20,REAL,EXACT,Q6K00247,20,15662,20,4.803445,"[""FMOD0023"", ""FMOD0083"", ""FMOD0110"", ""FMOD0035"", ""FMOD0102"", ""FMOD0005"", ""FMOD0031"", ""FMOD0113"", ""FMOD0104"", ""FMOD0080""]",1.0,True,
20,REAL,EXACT,Q6K00251,20,15662,20,4.686394,"[""FMOD0067"", ""FMOD0023"", ""FMOD0113"", ""FMOD0102"", ""FMOD0035"", ""FMOD0110"", ""FMOD0005"", ""FMOD0031"", ""FMOD0104"", ""FMOD0083""]",1.0,True,
20,REAL,EXACT,Q6K00252,20,15662,20,4.584558,"[""FMOD0023"", ""FMOD0035"", ""FMOD0102"", ""FMOD0031"", ""FMOD0005"", ""FMOD0110"", ""FMOD0083"", ""FMOD0113"", ""FMOD0066"", ""FMOD0016""]",1.0,True,
20,REAL,EXACT,Q6K00258,20,15662,20,4.595696,"[""FMOD0023"", ""FMOD0035"", ""FMOD0102"", ""FMOD0110"", ""FMOD0005"", ""FMOD0083"", ""FMOD0017"", ""FMOD0080"", ""FMOD0031"", ""FMOD0113""]",1.0,True,
20,REAL,EXACT,Q6K00259,20,15662,20,4.453849,"[""FMOD0089"", ""FMOD0023"", ""FMOD0035"", ""FMOD0102"", ""FMOD0005"", ""FMOD0083"", ""FMOD0031"", ""FMOD0110"", ""FMOD0016"", ""FMOD0080""]",1.0,True,
20,REAL,EXACT,Q6K00262,20,15662,20,4.494962,"[""FMOD0023"", ""FMOD0100"", ""FMOD0102"", ""FMOD0005"", ""FMOD0110"", ""FMOD0035"", ""FMOD0083"", ""FMOD0080"", ""FMOD0113"", ""FMOD0031""]",1.0,True,
20,REAL,EXACT,Q6K00264,20,15662,20,4.495438,"[""FMOD0066"", ""FMOD0035"", ""FMOD0023"", ""FMOD0005"", ""FMOD0102"", ""FMOD0083"", ""FMOD0110"", ""FMOD0089"", ""FMOD0113"", ""FMOD0080""]",1.0,True,
20,REAL,EXACT,Q6K00267,20,15662,20,4.498851,"[""FMOD0023"", ""FMOD0100"", ""FMOD0035"", ""FMOD0102"", ""FMOD0110"", ""FMOD0005"", ""FMOD0083"", ""FMOD0089"", ""FMOD0104"", ""FMOD0067""]",1.0,True,
20,REAL,EXACT,Q6K00268,20,15662,20,4.532312,"[""FMOD0023"", ""FMOD0035"", ""FMOD0102"", ""FMOD0083"", ""FMOD0005"", ""FMOD0110"", ""FMOD0031"", ""FMOD0089"", ""FMOD0113"", ""FMOD0067""]",1.0,True,
20,REAL,EXACT,Q6K00271,20,15662,20,4.472403,"[""FMOD0023"", ""FMOD0035"", ""FMOD0102"", ""FMOD0110"", ""FMOD0005"", ""FMOD0113"", ""FMOD0080"", ""FMOD0031"", ""FMOD0083"", ""FMOD0017""]",1.0,True,
20,REAL,EXACT,Q6K00273,20,15662,20,4.702296,"[""FMOD0023"", ""FMOD0005"", ""FMOD0102"", ""FMOD0110"", ""FMOD0035"", ""FMOD0083"", ""FMOD0089"", ""FMOD0080"", ""FMOD0113"", ""FMOD0104""]",1.0,True,
20,REAL,EXACT,Q6K00274,20,15662,20,4.468634,"[""FMOD0067"", ""FMOD0113"", ""FMOD0023"", ""FMOD0035"", ""FMOD0110"", ""FMOD0102"", ""FMOD0083"", ""FMOD0116"", ""FMOD0005"", ""FMOD0076""]",1.0,True,
20,REAL,EXACT,Q6K00275,20,15662,20,4.426709,"[""FMOD0102"", ""FMOD0023"", ""FMOD0035"", ""FMOD0110"", ""FMOD0067"", ""FMOD0113"", ""FMOD0066"", ""FMOD0005"", ""FMOD0031"", ""FMOD0089""]",1.0,True,
20,REAL,EXACT,Q6K00283,20,15662,20,4.717934,"[""FMOD0035"", ""FMOD0023"", ""FMOD0102"", ""FMOD0083"", ""FMOD0017"", ""FMOD0110"", ""FMOD0031"", ""FMOD0005"", ""FMOD0104"", ""FMOD0116""]",1.0,True,
20,REAL,EXACT,Q6K00287,20,15662,20,4.494599,"[""FMOD0089"", ""FMOD0067"", ""FMOD0113"", ""FMOD0035"", ""FMOD0023"", ""FMOD0005"", ""FMOD0110"", ""FMOD0102"", ""FMOD0016"", ""FMOD0017""]",1.0,True,
20,REAL,EXACT,Q6K00293,20,15662,20,4.466481,"[""FMOD0035"", ""FMOD0102"", ""FMOD0023"", ""FMOD0083"", ""FMOD0031"", ""FMOD0110"", ""FMOD0005"", ""FMOD0067"", ""FMOD0016"", ""FMOD0113""]",1.0,True,
20,REAL,EXACT,Q6K00295,20,15662,20,4.458749,"[""FMOD0066"", ""FMOD0023"", ""FMOD0102"", ""FMOD0035"", ""FMOD0110"", ""FMOD0005"", ""FMOD0031"", ""FMOD0083"", ""FMOD0104"", ""FMOD0089""]",1.0,True,
20,REAL,EXACT,Q6K00296,20,15662,20,5.273175,"[""FMOD0066"", ""FMOD0035"", ""FMOD0023"", ""FMOD0102"", ""FMOD0005"", ""FMOD0110"", ""FMOD0113"", ""FMOD0067"", ""FMOD0083"", ""FMOD0017""]",1.0,True,
20,REAL,EXACT,Q6K00298,20,15662,20,4.640817,"[""FMOD0023"", ""FMOD0102"", ""FMOD0035"", ""FMOD0083"", ""FMOD0017"", ""FMOD0005"", ""FMOD0110"", ""FMOD0031"", ""FMOD0080"", ""FMOD0113""]",1.0,True,
20,REAL,EXACT,Q6K00299,20,15662,20,4.833663,"[""FMOD0089"", ""FMOD0035"", ""FMOD0102"", ""FMOD0023"", ""FMOD0110"", ""FMOD0005"", ""FMOD0067"", ""FMOD0083"", ""FMOD0031"", ""FMOD0104""]",1.0,True,
20,REAL,EXACT,Q6K00304,20,15662,20,5.185027,"[""FMOD0083"", ""FMOD0023"", ""FMOD0035"", ""FMOD0110"", ""FMOD0102"", ""FMOD0113"", ""FMOD0067"", ""FMOD0089"", ""FMOD0104"", ""FMOD0005""]",1.0,True,
20,REAL,EXACT,Q6K00310,20,15662,20,4.647593,"[""FMOD0005"", ""FMOD0035"", ""FMOD0023"", ""FMOD0102"", ""FMOD0110"", ""FMOD0016"", ""FMOD0083"", ""FMOD0089"", ""FMOD0067"", ""FMOD0080""]",1.0,True,
20,REAL,EXACT,Q6K00313,20,15662,20,5.320449,"[""FMOD0061"", ""FMOD0083"", ""FMOD0066"", ""FMOD0005"", ""FMOD0102"", ""FMOD0110"", ""FMOD0016"", ""FMOD0035"", ""FMOD0023"", ""FMOD0113""]",1.0,True,
20,REAL,EXACT,Q6K00317,20,15662,20,5.180272,"[""FMOD0061"", ""FMOD0089"", ""FMOD0035"", ""FMOD0005"", ""FMOD0110"", ""FMOD0083"", ""FMOD0102"", ""FMOD0113"", ""FMOD0023"", ""FMOD0067""]",1.0,True,
20,REAL,EXACT,Q6K00318,20,15662,20,4.639564,"[""FMOD0023"", ""FMOD0035"", ""FMOD0102"", ""FMOD0110"", ""FMOD0005"", ""FMOD0067"", ""FMOD0083"", ""FMOD0113"", ""FMOD0089"", ""FMOD0076""]",1.0,True,
20,REAL,EXACT,Q6K00325,20,15662,20,4.773918,"[""FMOD0023"", ""FMOD0035"", ""FMOD0110"", ""FMOD0102"", ""FMOD0083"", ""FMOD0005"", ""FMOD0113"", ""FMOD0031"", ""FMOD0067"", ""FMOD0080""]",1.0,True,
20,REAL,EXACT,Q6K00326,20,15662,20,4.683661,"[""FMOD0066"", ""FMOD0023"", ""FMOD0102"", ""FMOD0035"", ""FMOD0110"", ""FMOD0083"", ""FMOD0016"", ""FMOD0017"", ""FMOD0067"", ""FMOD0116""]",1.0,True,
20,REAL,EXACT,Q6K00327,20,15662,20,4.617998,"[""FMOD0016"", ""FMOD0102"", ""FMOD0023"", ""FMOD0035"", ""FMOD0116"", ""FMOD0110"", ""FMOD0083"", ""FMOD0005"", ""FMOD0089"", ""FMOD0067""]",1.0,True,
20,REAL,EXACT,Q6K00332,20,15662,20,4.569067,"[""FMOD0035"", ""FMOD0023"", ""FMOD0102"", ""FMOD0110"", ""FMOD0005"", ""FMOD0083"", ""FMOD0113"", ""FMOD0116"", ""FMOD0017"", ""FMOD0067""]",1.0,True,
20,REAL,EXACT,Q6K00333,20,15662,20,4.777078,"[""FMOD0083"", ""FMOD0110"", ""FMOD0035"", ""FMOD0102"", ""FMOD0023"", ""FMOD0005"", ""FMOD0067"", ""FMOD0113"", ""FMOD0031"", ""FMOD0104""]",1.0,True,
20,REAL,EXACT,Q6K00336,20,15662,20,4.527297,"[""FMOD0023"", ""FMOD0102"", ""FMOD0035"", ""FMOD0110"", ""FMOD0083"", ""FMOD0031"", ""FMOD0113"", ""FMOD0016"", ""FMOD0005"", ""FMOD0089""]",1.0,True,
20,REAL,EXACT,Q6K00338,20,15662,20,4.442811,"[""FMOD0067"", ""FMOD0023"", ""FMOD0035"", ""FMOD0102"", ""FMOD0110"", ""FMOD0089"", ""FMOD0113"", ""FMOD0005"", ""FMOD0031"", ""FMOD0016""]",1.0,True,
20,REAL,EXACT,Q6K00340,20,15662,20,4.916263,"[""FMOD0089"", ""FMOD0023"", ""FMOD0035"", ""FMOD0102"", ""FMOD0110"", ""FMOD0083"", ""FMOD0113"", ""FMOD0005"", ""FMOD0031"", ""FMOD0067""]",1.0,True,
20,REAL,EXACT,Q6K00342,20,15662,20,4.685761,"[""FMOD0023"", ""FMOD0102"", ""FMOD0035"", ""FMOD0110"", ""FMOD0104"", ""FMOD0005"", ""FMOD0067"", ""FMOD0083"", ""FMOD0116"", ""FMOD0031""]",1.0,True,
20,REAL,EXACT,Q6K00343,20,15662,20,4.424916,"[""FMOD0016"", ""FMOD0102"", ""FMOD0023"", ""FMOD0035"", ""FMOD0005"", ""FMOD0116"", ""FMOD0110"", ""FMOD0089"", ""FMOD0067"", ""FMOD0104""]",1.0,True,
20,REAL,EXACT,Q6K00344,20,15662,20,4.704179,"[""FMOD0023"", ""FMOD0035"", ""FMOD0102"", ""FMOD0089"", ""FMOD0110"", ""FMOD0031"", ""FMOD0083"", ""FMOD0005"", ""FMOD0016"", ""FMOD0113""]",1.0,True,
20,REAL,EXACT,Q6K00351,20,15662,20,4.831796,"[""FMOD0005"", ""FMOD0035"", ""FMOD0023"", ""FMOD0102"", ""FMOD0110"", ""FMOD0083"", ""FMOD0089"", ""FMOD0104"", ""FMOD0116"", ""FMOD0031""]",1.0,True,
20,REAL,EXACT,Q6K00355,20,15662,20,4.413778,"[""FMOD0023"", ""FMOD0035"", ""FMOD0016"", ""FMOD0102"", ""FMOD0110"", ""FMOD0083"", ""FMOD0067"", ""FMOD0031"", ""FMOD0116"", ""FMOD0005""]",1.0,True,
20,REAL,EXACT,Q6K00359,20,15662,20,4.489346,"[""FMOD0023"", ""FMOD0035"", ""FMOD0110"", ""FMOD0102"", ""FMOD0005"", ""FMOD0089"", ""FMOD0083"", ""FMOD0113"", ""FMOD0104"", ""FMOD0067""]",1.0,True,
20,REAL,EXACT,Q6K00360,20,15662,20,5.227576,"[""FMOD0066"", ""FMOD0035"", ""FMOD0023"", ""FMOD0102"", ""FMOD0110"", ""FMOD0005"", ""FMOD0083"", ""FMOD0031"", ""FMOD0089"", ""FMOD0116""]",1.0,True,
20,REAL,EXACT,Q6K00363,20,15662,20,4.564765,"[""FMOD0066"", ""FMOD0102"", ""FMOD0035"", ""FMOD0023"", ""FMOD0005"", ""FMOD0110"", ""FMOD0083"", ""FMOD0104"", ""FMOD0080"", ""FMOD0031""]",1.0,True,
20,REAL,EXACT,Q6K00365,20,15662,20,4.46027,"[""FMOD0023"", ""FMOD0035"", ""FMOD0102"", ""FMOD0110"", ""FMOD0089"", ""FMOD0104"", ""FMOD0016"", ""FMOD0005"", ""FMOD0067"", ""FMOD0083""]",1.0,True,
20,REAL,EXACT,Q6K00372,20,15662,20,4.69428,"[""FMOD0023"", ""FMOD0035"", ""FMOD0016"", ""FMOD0102"", ""FMOD0110"", ""FMOD0104"", ""FMOD0067"", ""FMOD0005"", ""FMOD0083"", ""FMOD0089""]",1.0,True,
20,REAL,EXACT,Q6K00375,20,15662,20,4.437285,"[""FMOD0023"", ""FMOD0035"", ""FMOD0102"", ""FMOD0083"", ""FMOD0110"", ""FMOD0005"", ""FMOD0017"", ""FMOD0031"", ""FMOD0080"", ""FMOD0113""]",1.0,True,
20,REAL,EXACT,Q6K00377,20,15662,20,4.526558,"[""FMOD0023"", ""FMOD0100"", ""FMOD0102"", ""FMOD0035"", ""FMOD0110"", ""FMOD0083"", ""FMOD0005"", ""FMOD0113"", ""FMOD0067"", ""FMOD0104""]",1.0,True,
20,REAL,EXACT,Q6K00378,20,15662,20,4.594964,"[""FMOD0023"", ""FMOD0083"", ""FMOD0102"", ""FMOD0110"", ""FMOD0005"", ""FMOD0035"", ""FMOD0080"", ""FMOD0031"", ""FMOD0104"", ""FMOD0016""]",1.0,True,
20,REAL,EXACT,Q6K00380,20,15662,20,4.505623,"[""FMOD0023"", ""FMOD0035"", ""FMOD0110"", ""FMOD0102"", ""FMOD0005"", ""FMOD0113"", ""FMOD0031"", ""FMOD0089"", ""FMOD0016"", ""FMOD0083""]",1.0,True,
20,REAL,EXACT,Q6K00384,20,15662,20,4.477056,"[""FMOD0083"", ""FMOD0035"", ""FMOD0005"", ""FMOD0102"", ""FMOD0023"", ""FMOD0110"", ""FMOD0113"", ""FMOD0031"", ""FMOD0080"", ""FMOD0017""]",1.0,True,
20,REAL,EXACT,Q6K00389,20,15662,20,4.48522,"[""FMOD0023"", ""FMOD0102"", ""FMOD0035"", ""FMOD0067"", ""FMOD0016"", ""FMOD0110"", ""FMOD0005"", ""FMOD0083"", ""FMOD0116"", ""FMOD0017""]",1.0,True,
20,REAL,EXACT,Q6K00390,20,15662,20,4.616055,"[""FMOD0023"", ""FMOD0102"", ""FMOD0035"", ""FMOD0110"", ""FMOD0031"", ""FMOD0067"", ""FMOD0083"", ""FMOD0005"", ""FMOD0113"", ""FMOD0080""]",1.0,True,
20,REAL,EXACT,Q6K00393,20,15662,20,4.470003,"[""FMOD0023"", ""FMOD0102"", ""FMOD0113"", ""FMOD0035"", ""FMOD0083"", ""FMOD0110"", ""FMOD0089"", ""FMOD0005"", ""FMOD0067"", ""FMOD0017""]",1.0,True,
20,REAL,EXACT,Q6K00395,20,15662,20,4.543383,"[""FMOD0035"", ""FMOD0023"", ""FMOD0067"", ""FMOD0083"", ""FMOD0102"", ""FMOD0005"", ""FMOD0110"", ""FMOD0089"", ""FMOD0113"", ""FMOD0104""]",1.0,True,
20,REAL,EXACT,Q6K00396,20,15662,20,4.683163,"[""FMOD0066"", ""FMOD0035"", ""FMOD0023"", ""FMOD0102"", ""FMOD0017"", ""FMOD0005"", ""FMOD0104"", ""FMOD0083"", ""FMOD0110"", ""FMOD0067""]",1.0,True,
20,REAL,EXACT,Q6K00400,20,15662,20,4.524733,"[""FMOD0023"", ""FMOD0035"", ""FMOD0100"", ""FMOD0031"", ""FMOD0102"", ""FMOD0083"", ""FMOD0113"", ""FMOD0067"", ""FMOD0005"", ""FMOD0080""]",1.0,True,
20,REAL,EXACT,Q6K00403,20,15662,20,4.383062,"[""FMOD0035"", ""FMOD0080"", ""FMOD0102"", ""FMOD0005"", ""FMOD0110"", ""FMOD0113"", ""FMOD0031"", ""FMOD0023"", ""FMOD0089"", ""FMOD0083""]",1.0,True,
20,REAL,EXACT,Q6K00405,20,15662,20,4.626084,"[""FMOD0016"", ""FMOD0102"", ""FMOD0031"", ""FMOD0023"", ""FMOD0035"", ""FMOD0110"", ""FMOD0089"", ""FMOD0104"", ""FMOD0005"", ""FMOD0083""]",1.0,True,
20,REAL,EXACT,Q6K00407,20,15662,20,4.583834,"[""FMOD0005"", ""FMOD0102"", ""FMOD0023"", ""FMOD0104"", ""FMOD0110"", ""FMOD0035"", ""FMOD0083"", ""FMOD0031"", ""FMOD0067"", ""FMOD0089""]",1.0,True,
20,REAL,EXACT,Q6K00410,20,15662,20,4.527424,"[""FMOD0005"", ""FMOD0023"", ""FMOD0035"", ""FMOD0089"", ""FMOD0113"", ""FMOD0110"", ""FMOD0083"", ""FMOD0116"", ""FMOD0080"", ""FMOD0067""]",1.0,True,
20,REAL,EXACT,Q6K00417,20,15662,20,4.506894,"[""FMOD0102"", ""FMOD0035"", ""FMOD0023"", ""FMOD0067"", ""FMOD0005"", ""FMOD0116"", ""FMOD0089"", ""FMOD0080"", ""FMOD0110"", ""FMOD0083""]",1.0,True,
20,REAL,EXACT,Q6K00420,20,15662,20,4.67888,"[""FMOD0067"", ""FMOD0023"", ""FMOD0035"", ""FMOD0102"", ""FMOD0110"", ""FMOD0005"", ""FMOD0113"", ""FMOD0017"", ""FMOD0083"", ""FMOD0104""]",1.0,True,
20,REAL,EXACT,Q6K00422,20,15662,20,4.487038,"[""FMOD0083"", ""FMOD0035"", ""FMOD0102"", ""FMOD0023"", ""FMOD0110"", ""FMOD0005"", ""FMOD0104"", ""FMOD0113"", ""FMOD0067"", ""FMOD0080""]",1.0,True,
20,REAL,EXACT,Q6K00423,20,15662,20,4.645465,"[""FMOD0061"", ""FMOD0035"", ""FMOD0102"", ""FMOD0110"", ""FMOD0067"", ""FMOD0005"", ""FMOD0023"", ""FMOD0080"", ""FMOD0089"", ""FMOD0031""]",1.0,True,
20,REAL,EXACT,Q6K00424,20,15662,20,4.758502,"[""FMOD0102"", ""FMOD0035"", ""FMOD0023"", ""FMOD0113"", ""FMOD0083"", ""FMOD0110"", ""FMOD0005"", ""FMOD0031"", ""FMOD0080"", ""FMOD0104""]",1.0,True,
20,REAL,EXACT,Q6K00427,20,15662,20,4.523865,"[""FMOD0005"", ""FMOD0035"", ""FMOD0102"", ""FMOD0023"", ""FMOD0016"", ""FMOD0110"", ""FMOD0083"", ""FMOD0031"", ""FMOD0067"", ""FMOD0113""]",1.0,True,
20,REAL,EXACT,Q6K00435,20,15662,20,4.502863,"[""FMOD0102"", ""FMOD0023"", ""FMOD0035"", ""FMOD0110"", ""FMOD0005"", ""FMOD0089"", ""FMOD0067"", ""FMOD0104"", ""FMOD0083"", ""FMOD0016""]",1.0,True,
20,REAL,EXACT,Q6K00436,20,15662,20,4.450897,"[""FMOD0023"", ""FMOD0035"", ""FMOD0102"", ""FMOD0110"", ""FMOD0005"", ""FMOD0116"", ""FMOD0113"", ""FMOD0083"", ""FMOD0080"", ""FMOD0067""]",1.0,True,
20,REAL,EXACT,Q6K00438,20,15662,20,5.075174,"[""FMOD0023"", ""FMOD0102"", ""FMOD0035"", ""FMOD0110"", ""FMOD0005"", ""FMOD0016"", ""FMOD0089"", ""FMOD0067"", ""FMOD0113"", ""FMOD0083""]",1.0,True,
20,REAL,EXACT,Q6K00442,20,15662,20,4.549183,"[""FMOD0023"", ""FMOD0035"", ""FMOD0102"", ""FMOD0110"", ""FMOD0005"", ""FMOD0089"", ""FMOD0113"", ""FMOD0067"", ""FMOD0083"", ""FMOD0104""]",1.0,True,
20,REAL,EXACT,Q6K00443,20,15662,20,4.537019,"[""FMOD0035"", ""FMOD0023"", ""FMOD0102"", ""FMOD0104"", ""FMOD0110"", ""FMOD0083"", ""FMOD0089"", ""FMOD0005"", ""FMOD0080"", ""FMOD0016""]",1.0,True,
20,REAL,EXACT,Q6K00444,20,15662,20,4.876006,"[""FMOD0023"", ""FMOD0102"", ""FMOD0035"", ""FMOD0005"", ""FMOD0110"", ""FMOD0067"", ""FMOD0083"", ""FMOD0017"", ""FMOD0089"", ""FMOD0104""]",1.0,True,
20,REAL,EXACT,Q6K00446,20,15662,20,4.475727,"[""FMOD0067"", ""FMOD0023"", ""FMOD0035"", ""FMOD0102"", ""FMOD0110"", ""FMOD0005"", ""FMOD0083"", ""FMOD0113"", ""FMOD0089"", ""FMOD0104""]",1.0,True,
20,REAL,EXACT,Q6K00453,20,15662,20,4.64718,"[""FMOD0023"", ""FMOD0035"", ""FMOD0102"", ""FMOD0083"", ""FMOD0110"", ""FMOD0005"", ""FMOD0089"", ""FMOD0031"", ""FMOD0113"", ""FMOD0080""]",1.0,True,
20,REAL,EXACT,Q6K00456,20,15662,20,4.736782,"[""FMOD0016"", ""FMOD0067"", ""FMOD0113"", ""FMOD0083"", ""FMOD0023"", ""FMOD0005"", ""FMOD0035"", ""FMOD0102"", ""FMOD0110"", ""FMOD0116""]",1.0,True,
20,REAL,EXACT,Q6K00458,20,15662,20,4.519751,"[""FMOD0023"", ""FMOD0035"", ""FMOD0016"", ""FMOD0102"", ""FMOD0110"", ""FMOD0005"", ""FMOD0031"", ""FMOD0113"", ""FMOD0067"", ""FMOD0104""]",1.0,True,
20,REAL,EXACT,Q6K00461,20,15662,20,5.148408,"[""FMOD0089"", ""FMOD0035"", ""FMOD0023"", ""FMOD0102"", ""FMOD0005"", ""FMOD0116"", ""FMOD0110"", ""FMOD0083"", ""FMOD0104"", ""FMOD0080""]",1.0,True,
20,REAL,EXACT,Q6K00465,20,15662,20,4.83505,"[""FMOD0083"", ""FMOD0023"", ""FMOD0035"", ""FMOD0110"", ""FMOD0102"", ""FMOD0104"", ""FMOD0005"", ""FMOD0080"", ""FMOD0067"", ""FMOD0116""]",1.0,True,
20,REAL,EXACT,Q6K00470,20,15662,20,4.752824,"[""FMOD0102"", ""FMOD0061"", ""FMOD0035"", ""FMOD0110"", ""FMOD0031"", ""FMOD0023"", ""FMOD0016"", ""FMOD0083"", ""FMOD0005"", ""FMOD0067""]",1.0,True,
20,REAL,EXACT,Q6K00471,20,15662,20,4.748904,"[""FMOD0023"", ""FMOD0102"", ""FMOD0035"", ""FMOD0110"", ""FMOD0005"", ""FMOD0113"", ""FMOD0083"", ""FMOD0089"", ""FMOD0031"", ""FMOD0017""]",1.0,True,
20,REAL,EXACT,Q6K00473,20,15662,20,4.779787,"[""FMOD0023"", ""FMOD0083"", ""FMOD0067"", ""FMOD0035"", ""FMOD0102"", ""FMOD0110"", ""FMOD0005"", ""FMOD0031"", ""FMOD0017"", ""FMOD0113""]",1.0,True,
20,REAL,EXACT,Q6K00479,20,15662,20,4.590934,"[""FMOD0066"", ""FMOD0035"", ""FMOD0102"", ""FMOD0023"", ""FMOD0110"", ""FMOD0083"", ""FMOD0005"", ""FMOD0080"", ""FMOD0104"", ""FMOD0031""]",1.0,True,
20,REAL,EXACT,Q6K00481,20,15662,20,4.519408,"[""FMOD0035"", ""FMOD0023"", ""FMOD0102"", ""FMOD0083"", ""FMOD0005"", ""FMOD0110"", ""FMOD0104"", ""FMOD0116"", ""FMOD0031"", ""FMOD0113""]",1.0,True,
20,REAL,EXACT,Q6K00484,20,15662,20,4.586196,"[""FMOD0035"", ""FMOD0023"", ""FMOD0102"", ""FMOD0016"", ""FMOD0110"", ""FMOD0005"", ""FMOD0089"", ""FMOD0083"", ""FMOD0113"", ""FMOD0067""]",1.0,True,
20,REAL,EXACT,Q6K00485,20,15662,20,4.557829,"[""FMOD0035"", ""FMOD0023"", ""FMOD0067"", ""FMOD0083"", ""FMOD0102"", ""FMOD0113"", ""FMOD0110"", ""FMOD0005"", ""FMOD0104"", ""FMOD0031""]",1.0,True,
20,REAL,EXACT,Q6K00489,20,15662,20,4.47794,"[""FMOD0080"", ""FMOD0023"", ""FMOD0102"", ""FMOD0110"", ""FMOD0035"", ""FMOD0083"", ""FMOD0116"", ""FMOD0067"", ""FMOD0104"", ""FMOD0005""]",1.0,True,
20,REAL,EXACT,Q6K00495,20,15662,20,4.485575,"[""FMOD0083"", ""FMOD0023"", ""FMOD0035"", ""FMOD0110"", ""FMOD0102"", ""FMOD0031"", ""FMOD0005"", ""FMOD0113"", ""FMOD0080"", ""FMOD0017""]",1.0,True,
20,REAL,EXACT,Q6K00498,20,15662,20,4.617054,"[""FMOD0023"", ""FMOD0100"", ""FMOD0035"", ""FMOD0102"", ""FMOD0031"", ""FMOD0110"", ""FMOD0083"", ""FMOD0005"", ""FMOD0067"", ""FMOD0089""]",1.0,True,
20,REAL,EXACT,Q6K00507,20,15662,20,4.479213,"[""FMOD0023"", ""FMOD0035"", ""FMOD0016"", ""FMOD0110"", ""FMOD0113"", ""FMOD0102"", ""FMOD0005"", ""FMOD0116"", ""FMOD0104"", ""FMOD0083""]",1.0,True,
20,REAL,EXACT,Q6K00511,20,15662,20,4.452619,"[""FMOD0083"", ""FMOD0102"", ""FMOD0110"", ""FMOD0023"", ""FMOD0005"", ""FMOD0035"", ""FMOD0080"", ""FMOD0031"", ""FMOD0104"", ""FMOD0067""]",1.0,True,
20,REAL,EXACT,Q6K00512,20,15662,20,4.544469,"[""FMOD0035"", ""FMOD0023"", ""FMOD0110"", ""FMOD0083"", ""FMOD0031"", ""FMOD0005"", ""FMOD0080"", ""FMOD0067"", ""FMOD0102"", ""FMOD0089""]",1.0,True,
20,REAL,EXACT,Q6K00513,20,15662,20,4.878098,"[""FMOD0110"", ""FMOD0023"", ""FMOD0083"", ""FMOD0067"", ""FMOD0035"", ""FMOD0102"", ""FMOD0031"", ""FMOD0005"", ""FMOD0104"", ""FMOD0113""]",1.0,True,
20,REAL,EXACT,Q6K00517,20,15662,20,4.930961,"[""FMOD0023"", ""FMOD0102"", ""FMOD0110"", ""FMOD0035"", ""FMOD0083"", ""FMOD0089"", ""FMOD0104"", ""FMOD0005"", ""FMOD0017"", ""FMOD0031""]",1.0,True,
20,REAL,EXACT,Q6K00518,20,15662,20,7.327937,"[""FMOD0035"", ""FMOD0102"", ""FMOD0110"", ""FMOD0083"", ""FMOD0023"", ""FMOD0005"", ""FMOD0104"", ""FMOD0016"", ""FMOD0031"", ""FMOD0113""]",1.0,True,
20,REAL,EXACT,Q6K00523,20,15662,20,8.033705,"[""FMOD0035"", ""FMOD0023"", ""FMOD0102"", ""FMOD0110"", ""FMOD0083"", ""FMOD0089"", ""FMOD0104"", ""FMOD0005"", ""FMOD0067"", ""FMOD0080""]",1.0,True,
20,REAL,EXACT,Q6K00528,20,15662,20,6.443956,"[""FMOD0035"", ""FMOD0023"", ""FMOD0005"", ""FMOD0102"", ""FMOD0083"", ""FMOD0016"", ""FMOD0110"", ""FMOD0089"", ""FMOD0104"", ""FMOD0031""]",1.0,True,
20,REAL,EXACT,Q6K00530,20,15662,20,8.351999,"[""FMOD0035"", ""FMOD0023"", ""FMOD0067"", ""FMOD0083"", ""FMOD0102"", ""FMOD0113"", ""FMOD0110"", ""FMOD0005"", ""FMOD0031"", ""FMOD0104""]",1.0,True,
20,REAL,EXACT,Q6K00531,20,15662,20,5.978936,"[""FMOD0035"", ""FMOD0023"", ""FMOD0102"", ""FMOD0110"", ""FMOD0089"", ""FMOD0083"", ""FMOD0005"", ""FMOD0104"", ""FMOD0067"", ""FMOD0113""]",1.0,True,
20,REAL,EXACT,Q6K00533,20,15662,20,5.4986,"[""FMOD0023"", ""FMOD0110"", ""FMOD0102"", ""FMOD0035"", ""FMOD0067"", ""FMOD0005"", ""FMOD0083"", ""FMOD0104"", ""FMOD0080"", ""FMOD0113""]",1.0,True,
20,REAL,EXACT,Q6K00535,20,15662,20,4.788698,"[""FMOD0035"", ""FMOD0102"", ""FMOD0110"", ""FMOD0023"", ""FMOD0104"", ""FMOD0017"", ""FMOD0031"", ""FMOD0005"", ""FMOD0083"", ""FMOD0080""]",1.0,True,
20,REAL,EXACT,Q6K00537,20,15662,20,4.667454,"[""FMOD0023"", ""FMOD0100"", ""FMOD0035"", ""FMOD0102"", ""FMOD0110"", ""FMOD0083"", ""FMOD0113"", ""FMOD0031"", ""FMOD0067"", ""FMOD0005""]",1.0,True,
20,REAL,EXACT,Q6K00538,20,15662,20,5.009985,"[""FMOD0023"", ""FMOD0100"", ""FMOD0035"", ""FMOD0005"", ""FMOD0102"", ""FMOD0104"", ""FMOD0110"", ""FMOD0083"", ""FMOD0113"", ""FMOD0031""]",1.0,True,
20,REAL,FAST,Q6K00183,20,15662,11,5.579872,"[""FMOD0023"", ""FMOD0035"", ""FMOD0102"", ""FMOD0110"", ""FMOD0005"", ""FMOD0031"", ""FMOD0113"", ""FMOD0067"", ""FMOD0083"", ""FMOD0089""]",1.0,True,11.0
20,REAL,FAST,Q6K00184,20,15662,9,5.512915,"[""FMOD0067"", ""FMOD0113"", ""FMOD0023"", ""FMOD0035"", ""FMOD0102"", ""FMOD0110"", ""FMOD0083"", ""FMOD0104"", ""FMOD0066""]",0.7,False,9.0
20,REAL,FAST,Q6K00193,20,15662,14,5.57058,"[""FMOD0023"", ""FMOD0102"", ""FMOD0035"", ""FMOD0005"", ""FMOD0031"", ""FMOD0113"", ""FMOD0080"", ""FMOD0100"", ""FMOD0110"", ""FMOD0083""]",1.0,True,14.0
20,REAL,FAST,Q6K00195,20,15662,3,1.879667,"[""FMOD0061"", ""FMOD0083"", ""FMOD0110""]",0.3,False,3.0
20,REAL,FAST,Q6K00197,20,15662,14,5.218672,"[""FMOD0102"", ""FMOD0005"", ""FMOD0110"", ""FMOD0083"", ""FMOD0035"", ""FMOD0016"", ""FMOD0023"", ""FMOD0031"", ""FMOD0113"", ""FMOD0104""]",1.0,True,14.0
20,REAL,FAST,Q6K00199,20,15662,15,5.45607,"[""FMOD0067"", ""FMOD0102"", ""FMOD0023"", ""FMOD0005"", ""FMOD0110"", ""FMOD0035"", ""FMOD0083"", ""FMOD0017"", ""FMOD0031"", ""FMOD0080""]",1.0,True,15.0
20,REAL,FAST,Q6K00200,20,15662,20,5.259306,"[""FMOD0023"", ""FMOD0102"", ""FMOD0035"", ""FMOD0016"", ""FMOD0110"", ""FMOD0005"", ""FMOD0083"", ""FMOD0031"", ""FMOD0067"", ""FMOD0089""]",1.0,True,0.0
20,REAL,FAST,Q6K00201,20,15662,2,1.467336,"[""FMOD0066"", ""FMOD0005""]",0.2,False,2.0
20,REAL,FAST,Q6K00205,20,15662,3,3.708859,"[""FMOD0035"", ""FMOD0023"", ""FMOD0016""]",0.3,False,3.0
20,REAL,FAST,Q6K00206,20,15662,5,4.946005,"[""FMOD0016"", ""FMOD0102"", ""FMOD0023"", ""FMOD0035"", ""FMOD0110""]",0.5,False,5.0
20,REAL,FAST,Q6K00207,20,15662,3,4.32891,"[""FMOD0023"", ""FMOD0035"", ""FMOD0102""]",0.3,False,3.0
20,REAL,FAST,Q6K00208,20,15662,6,3.627923,"[""FMOD0102"", ""FMOD0023"", ""FMOD0083"", ""FMOD0031"", ""FMOD0104"", ""FMOD0066""]",0.5,False,6.0
20,REAL,FAST,Q6K00212,20,15662,3,3.408372,"[""FMOD0023"", ""FMOD0102"", ""FMOD0066""]",0.2,False,3.0
20,REAL,FAST,Q6K00216,20,15662,4,3.592313,"[""FMOD0016"", ""FMOD0035"", ""FMOD0023"", ""FMOD0110""]",0.4,False,4.0
20,REAL,FAST,Q6K00227,20,15662,20,5.211178,"[""FMOD0023"", ""FMOD0035"", ""FMOD0102"", ""FMOD0005"", ""FMOD0113"", ""FMOD0110"", ""FMOD0067"", ""FMOD0116"", ""FMOD0016"", ""FMOD0083""]",1.0,True,0.0
20,REAL,FAST,Q6K00232,20,15662,4,3.445808,"[""FMOD0023"", ""FMOD0102"", ""FMOD0016"", ""FMOD0066""]",0.2,False,4.0
20,REAL,FAST,Q6K00235,20,15662,20,5.692882,"[""FMOD0023"", ""FMOD0035"", ""FMOD0102"", ""FMOD0005"", ""FMOD0110"", ""FMOD0113"", ""FMOD0067"", ""FMOD0083"", ""FMOD0031"", ""FMOD0080""]",1.0,True,0.0
20,REAL,FAST,Q6K00236,20,15662,4,3.658099,"[""FMOD0023"", ""FMOD0035"", ""FMOD0110"", ""FMOD0104""]",0.3,False,4.0
20,REAL,FAST,Q6K00237,20,15662,4,3.324807,"[""FMOD0067"", ""FMOD0023"", ""FMOD0035"", ""FMOD0076""]",0.3,False,4.0
20,REAL,FAST,Q6K00240,20,15662,9,5.935029,"[""FMOD0110"", ""FMOD0104"", ""FMOD0035"", ""FMOD0023"", ""FMOD0102"", ""FMOD0083"", ""FMOD0005"", ""FMOD0031"", ""FMOD0080""]",0.8,False,9.0
20,REAL,FAST,Q6K00247,20,15662,12,6.546473,"[""FMOD0023"", ""FMOD0083"", ""FMOD0110"", ""FMOD0035"", ""FMOD0102"", ""FMOD0005"", ""FMOD0031"", ""FMOD0104"", ""FMOD0080"", ""FMOD0017""]",0.9,False,12.0
20,REAL,FAST,Q6K00251,20,15662,4,4.222308,"[""FMOD0067"", ""FMOD0023"", ""FMOD0102"", ""FMOD0035""]",0.4,False,4.0
20,REAL,FAST,Q6K00252,20,15662,10,5.438099,"[""FMOD0023"", ""FMOD0035"", ""FMOD0102"", ""FMOD0031"", ""FMOD0005"", ""FMOD0110"", ""FMOD0083"", ""FMOD0016"", ""FMOD0080"", ""FMOD0104""]",0.8,False,10.0
20,REAL,FAST,Q6K00258,20,15662,14,5.338752,"[""FMOD0023"", ""FMOD0035"", ""FMOD0102"", ""FMOD0110"", ""FMOD0005"", ""FMOD0083"", ""FMOD0017"", ""FMOD0080"", ""FMOD0031"", ""FMOD0113""]",1.0,True,14.0
20,REAL,FAST,Q6K00259,20,15662,10,5.057092,"[""FMOD0089"", ""FMOD0023"", ""FMOD0035"", ""FMOD0102"", ""FMOD0005"", ""FMOD0083"", ""FMOD0031"", ""FMOD0110"", ""FMOD0080"", ""FMOD0104""]",0.9,False,10.0
20,REAL,FAST,Q6K00262,20,15662,16,6.775588,"[""FMOD0023"", ""FMOD0100"", ""FMOD0102"", ""FMOD0005"", ""FMOD0110"", ""FMOD0035"", ""FMOD0083"", ""FMOD0080"", ""FMOD0113"", ""FMOD0031""]",1.0,True,16.0
20,REAL,FAST,Q6K00264,20,15662,6,4.912862,"[""FMOD0066"", ""FMOD0035"", ""FMOD0023"", ""FMOD0102"", ""FMOD0110"", ""FMOD0080""]",0.6,False,6.0
20,REAL,FAST,Q6K00267,20,15662,12,5.955328,"[""FMOD0023"", ""FMOD0100"", ""FMOD0035"", ""FMOD0102"", ""FMOD0083"", ""FMOD0110"", ""FMOD0005"", ""FMOD0089"", ""FMOD0031"", ""FMOD0017""]",0.8,False,12.0
20,REAL,FAST,Q6K00268,20,15662,10,5.016002,"[""FMOD0023"", ""FMOD0102"", ""FMOD0035"", ""FMOD0083"", ""FMOD0005"", ""FMOD0110"", ""FMOD0031"", ""FMOD0104"", ""FMOD0080"", ""FMOD0017""]",0.7,False,10.0
20,REAL,FAST,Q6K00271,20,15662,5,4.54336,"[""FMOD0023"", ""FMOD0035"", ""FMOD0110"", ""FMOD0102"", ""FMOD0066""]",0.4,False,5.0
20,REAL,FAST,Q6K00273,20,15662,5,4.522712,"[""FMOD0023"", ""FMOD0005"", ""FMOD0102"", ""FMOD0035"", ""FMOD0067""]",0.4,False,5.0
20,REAL,FAST,Q6K00274,20,15662,9,4.808867,"[""FMOD0067"", ""FMOD0113"", ""FMOD0023"", ""FMOD0035"", ""FMOD0102"", ""FMOD0083"", ""FMOD0104"", ""FMOD0016"", ""FMOD0066""]",0.6,False,9.0
20,REAL,FAST,Q6K00275,20,15662,7,4.376719,"[""FMOD0102"", ""FMOD0023"", ""FMOD0035"", ""FMOD0067"", ""FMOD0113"", ""FMOD0005"", ""FMOD0104""]",0.6,False,7.0
20,REAL,FAST,Q6K00283,20,15662,6,4.241067,"[""FMOD0035"", ""FMOD0023"", ""FMOD0110"", ""FMOD0031"", ""FMOD0005"", ""FMOD0104""]",0.6,False,6.0
20,REAL,FAST,Q6K00287,20,15662,12,4.910816,"[""FMOD0089"", ""FMOD0067"", ""FMOD0113"", ""FMOD0035"", ""FMOD0023"", ""FMOD0005"", ""FMOD0102"", ""FMOD0016"", ""FMOD0017"", ""FMOD0083""]",0.9,False,12.0
20,REAL,FAST,Q6K00293,20,15662,9,4.800804,"[""FMOD0035"", ""FMOD0102"", ""FMOD0023"", ""FMOD0031"", ""FMOD0083"", ""FMOD0110"", ""FMOD0005"", ""FMOD0104"", ""FMOD0080""]",0.7,False,9.0
20,REAL,FAST,Q6K00295,20,15662,10,5.026024,"[""FMOD0066"", ""FMOD0023"", ""FMOD0102"", ""FMOD0035"", ""FMOD0110"", ""FMOD0005"", ""FMOD0031"", ""FMOD0083"", ""FMOD0104"", ""FMOD0080""]",0.9,False,10.0
20,REAL,FAST,Q6K00296,20,15662,5,3.758114,"[""FMOD0066"", ""FMOD0023"", ""FMOD0102"", ""FMOD0083"", ""FMOD0104""]",0.4,False,5.0
20,REAL,FAST,Q6K00298,20,15662,14,5.198933,"[""FMOD0023"", ""FMOD0102"", ""FMOD0035"", ""FMOD0083"", ""FMOD0017"", ""FMOD0005"", ""FMOD0110"", ""FMOD0031"", ""FMOD0080"", ""FMOD0113""]",1.0,True,14.0
20,REAL,FAST,Q6K00299,20,15662,4,4.292532,"[""FMOD0089"", ""FMOD0035"", ""FMOD0023"", ""FMOD0110""]",0.4,False,4.0
20,REAL,FAST,Q6K00304,20,15662,10,4.791788,"[""FMOD0083"", ""FMOD0023"", ""FMOD0035"", ""FMOD0102"", ""FMOD0005"", ""FMOD0016"", ""FMOD0017"", ""FMOD0076"", ""FMOD0100"", ""FMOD0106""]",0.5,False,10.0
20,REAL,FAST,Q6K00310,20,15662,5,3.192351,"[""FMOD0005"", ""FMOD0035"", ""FMOD0102"", ""FMOD0089"", ""FMOD0083""]",0.5,False,5.0
20,REAL,FAST,Q6K00313,20,15662,16,4.92667,"[""FMOD0061"", ""FMOD0083"", ""FMOD0066"", ""FMOD0005"", ""FMOD0102"", ""FMOD0110"", ""FMOD0016"", ""FMOD0035"", ""FMOD0023"", ""FMOD0113""]",1.0,True,16.0
20,REAL,FAST,Q6K00317,20,15662,2,1.39827,"[""FMOD0061"", ""FMOD0089""]",0.2,False,2.0
20,REAL,FAST,Q6K00318,20,15662,5,5.429411,"[""FMOD0023"", ""FMOD0035"", ""FMOD0102"", ""FMOD0067"", ""FMOD0016""]",0.4,False,5.0
20,REAL,FAST,Q6K00325,20,15662,4,6.520519,"[""FMOD0023"", ""FMOD0035"", ""FMOD0110"", ""FMOD0102""]",0.4,False,4.0
20,REAL,FAST,Q6K00326,20,15662,4,3.602772,"[""FMOD0066"", ""FMOD0023"", ""FMOD0102"", ""FMOD0016""]",0.4,False,4.0
20,REAL,FAST,Q6K00327,20,15662,1,1.325914,"[""FMOD0016""]",0.1,False,1.0
20,REAL,FAST,Q6K00332,20,15662,4,4.750143,"[""FMOD0035"", ""FMOD0102"", ""FMOD0023"", ""FMOD0016""]",0.3,False,4.0
20,REAL,FAST,Q6K00333,20,15662,12,5.50349,"[""FMOD0083"", ""FMOD0110"", ""FMOD0035"", ""FMOD0102"", ""FMOD0023"", ""FMOD0005"", ""FMOD0080"", ""FMOD0113"", ""FMOD0104"", ""FMOD0031""]",0.9,False,12.0
20,REAL,FAST,Q6K00336,20,15662,9,5.998171,"[""FMOD0023"", ""FMOD0102"", ""FMOD0035"", ""FMOD0110"", ""FMOD0083"", ""FMOD0031"", ""FMOD0113"", ""FMOD0005"", ""FMOD0067""]",0.8,False,9.0
20,REAL,FAST,Q6K00338,20,15662,4,4.173361,"[""FMOD0067"", ""FMOD0023"", ""FMOD0102"", ""FMOD0076""]",0.3,False,4.0
20,REAL,FAST,Q6K00340,20,15662,4,3.775812,"[""FMOD0089"", ""FMOD0023"", ""FMOD0102"", ""FMOD0110""]",0.4,False,4.0
20,REAL,FAST,Q6K00342,20,15662,16,5.611342,"[""FMOD0023"", ""FMOD0102"", ""FMOD0035"", ""FMOD0110"", ""FMOD0104"", ""FMOD0005"", ""FMOD0067"", ""FMOD0083"", ""FMOD0116"", ""FMOD0031""]",1.0,True,16.0
20,REAL,FAST,Q6K00343,20,15662,3,4.18187,"[""FMOD0016"", ""FMOD0102"", ""FMOD0023""]",0.3,False,3.0
20,REAL,FAST,Q6K00344,20,15662,8,4.899612,"[""FMOD0023"", ""FMOD0035"", ""FMOD0110"", ""FMOD0005"", ""FMOD0017"", ""FMOD0080"", ""FMOD0100"", ""FMOD0106""]",0.4,False,8.0
20,REAL,FAST,Q6K00351,20,15662,5,3.37981,"[""FMOD0005"", ""FMOD0035"", ""FMOD0102"", ""FMOD0083"", ""FMOD0089""]",0.5,False,5.0
20,REAL,FAST,Q6K00355,20,15662,14,5.389867,"[""FMOD0023"", ""FMOD0035"", ""FMOD0016"", ""FMOD0102"", ""FMOD0110"", ""FMOD0083"", ""FMOD0067"", ""FMOD0031"", ""FMOD0116"", ""FMOD0005""]",1.0,True,14.0
20,REAL,FAST,Q6K00359,20,15662,5,4.904391,"[""FMOD0035"", ""FMOD0023"", ""FMOD0102"", ""FMOD0110"", ""FMOD0016""]",0.4,False,5.0
20,REAL,FAST,Q6K00360,20,15662,4,4.146799,"[""FMOD0066"", ""FMOD0023"", ""FMOD0102"", ""FMOD0005""]",0.4,False,4.0
20,REAL,FAST,Q6K00363,20,15662,9,6.023732,"[""FMOD0066"", ""FMOD0102"", ""FMOD0035"", ""FMOD0023"", ""FMOD0005"", ""FMOD0110"", ""FMOD0083"", ""FMOD0031"", ""FMOD0067""]",0.8,False,9.0
20,REAL,FAST,Q6K00365,20,15662,5,5.181066,"[""FMOD0035"", ""FMOD0023"", ""FMOD0102"", ""FMOD0080"", ""FMOD0076""]",0.3,False,5.0
20,REAL,FAST,Q6K00372,20,15662,5,4.675713,"[""FMOD0023"", ""FMOD0035"", ""FMOD0016"", ""FMOD0102"", ""FMOD0110""]",0.5,False,5.0
20,REAL,FAST,Q6K00375,20,15662,16,5.619876,"[""FMOD0023"", ""FMOD0035"", ""FMOD0102"", ""FMOD0083"", ""FMOD0110"", ""FMOD0005"", ""FMOD0017"", ""FMOD0031"", ""FMOD0080"", ""FMOD0113""]",1.0,True,16.0
20,REAL,FAST,Q6K00377,20,15662,9,4.780666,"[""FMOD0023"", ""FMOD0100"", ""FMOD0102"", ""FMOD0035"", ""FMOD0005"", ""FMOD0067"", ""FMOD0017"", ""FMOD0016"", ""FMOD0106""]",0.6,False,9.0
20,REAL,FAST,Q6K00378,20,15662,11,4.994549,"[""FMOD0023"", ""FMOD0083"", ""FMOD0102"", ""FMOD0110"", ""FMOD0005"", ""FMOD0035"", ""FMOD0080"", ""FMOD0031"", ""FMOD0104"", ""FMOD0016""]",1.0,True,11.0
20,REAL,FAST,Q6K00380,20,15662,9,4.947948,"[""FMOD0023"", ""FMOD0035"", ""FMOD0110"", ""FMOD0102"", ""FMOD0005"", ""FMOD0113"", ""FMOD0031"", ""FMOD0089"", ""FMOD0083""]",0.9,False,9.0
20,REAL,FAST,Q6K00384,20,15662,5,3.992827,"[""FMOD0083"", ""FMOD0102"", ""FMOD0023"", ""FMOD0113"", ""FMOD0080""]",0.5,False,5.0
20,REAL,FAST,Q6K00389,20,15662,3,4.174325,"[""FMOD0023"", ""FMOD0102"", ""FMOD0035""]",0.3,False,3.0
20,REAL,FAST,Q6K00390,20,15662,9,4.829855,"[""FMOD0023"", ""FMOD0102"", ""FMOD0035"", ""FMOD0110"", ""FMOD0031"", ""FMOD0067"", ""FMOD0083"", ""FMOD0005"", ""FMOD0016""]",0.8,False,9.0
20,REAL,FAST,Q6K00393,20,15662,7,5.015142,"[""FMOD0023"", ""FMOD0102"", ""FMOD0113"", ""FMOD0035"", ""FMOD0083"", ""FMOD0110"", ""FMOD0104""]",0.6,False,7.0
20,REAL,FAST,Q6K00395,20,15662,11,5.157079,"[""FMOD0035"", ""FMOD0023"", ""FMOD0067"", ""FMOD0083"", ""FMOD0102"", ""FMOD0005"", ""FMOD0110"", ""FMOD0104"", ""FMOD0116"", ""FMOD0017""]",0.8,False,11.0
20,REAL,FAST,Q6K00396,20,15662,5,4.229045,"[""FMOD0066"", ""FMOD0035"", ""FMOD0023"", ""FMOD0102"", ""FMOD0005""]",0.5,False,5.0
20,REAL,FAST,Q6K00400,20,15662,15,5.259962,"[""FMOD0023"", ""FMOD0035"", ""FMOD0100"", ""FMOD0031"", ""FMOD0102"", ""FMOD0083"", ""FMOD0113"", ""FMOD0067"", ""FMOD0005"", ""FMOD0080""]",1.0,True,15.0
20,REAL,FAST,Q6K00403,20,15662,10,4.932548,"[""FMOD0035"", ""FMOD0080"", ""FMOD0102"", ""FMOD0005"", ""FMOD0110"", ""FMOD0023"", ""FMOD0083"", ""FMOD0067"", ""FMOD0016"", ""FMOD0104""]",0.7,False,10.0
20,REAL,FAST,Q6K00405,20,15662,6,4.550453,"[""FMOD0016"", ""FMOD0102"", ""FMOD0023"", ""FMOD0035"", ""FMOD0110"", ""FMOD0104""]",0.6,False,6.0
20,REAL,FAST,Q6K00407,20,15662,5,4.648881,"[""FMOD0005"", ""FMOD0102"", ""FMOD0023"", ""FMOD0110"", ""FMOD0035""]",0.5,False,5.0
20,REAL,FAST,Q6K00410,20,15662,4,3.576328,"[""FMOD0005"", ""FMOD0023"", ""FMOD0035"", ""FMOD0089""]",0.4,False,4.0
20,REAL,FAST,Q6K00417,20,15662,4,2.023742,"[""FMOD0035"", ""FMOD0116"", ""FMOD0076"", ""FMOD0106""]",0.2,False,4.0
20,REAL,FAST,Q6K00420,20,15662,9,4.454181,"[""FMOD0067"", ""FMOD0023"", ""FMOD0035"", ""FMOD0102"", ""FMOD0113"", ""FMOD0083"", ""FMOD0104"", ""FMOD0080"", ""FMOD0066""]",0.7,False,9.0
20,REAL,FAST,Q6K00422,20,15662,6,4.455965,"[""FMOD0083"", ""FMOD0023"", ""FMOD0102"", ""FMOD0110"", ""FMOD0104"", ""FMOD0017""]",0.5,False,6.0
20,REAL,FAST,Q6K00423,20,15662,11,4.972103,"[""FMOD0061"", ""FMOD0035"", ""FMOD0102"", ""FMOD0110"", ""FMOD0067"", ""FMOD0005"", ""FMOD0023"", ""FMOD0080"", ""FMOD0016"", ""FMOD0066""]",0.8,False,11.0
20,REAL,FAST,Q6K00424,20,15662,7,4.607388,"[""FMOD0102"", ""FMOD0035"", ""FMOD0023"", ""FMOD0113"", ""FMOD0083"", ""FMOD0104"", ""FMOD0005""]",0.7,False,7.0
20,REAL,FAST,Q6K00427,20,15662,3,2.465101,"[""FMOD0005"", ""FMOD0035"", ""FMOD0089""]",0.2,False,3.0
20,REAL,FAST,Q6K00435,20,15662,6,4.999073,"[""FMOD0102"", ""FMOD0023"", ""FMOD0035"", ""FMOD0110"", ""FMOD0067"", ""FMOD0016""]",0.6,False,6.0
20,REAL,FAST,Q6K00436,20,15662,6,4.295448,"[""FMOD0023"", ""FMOD0035"", ""FMOD0102"", ""FMOD0083"", ""FMOD0067"", ""FMOD0016""]",0.5,False,6.0
20,REAL,FAST,Q6K00438,20,15662,20,5.164819,"[""FMOD0023"", ""FMOD0102"", ""FMOD0035"", ""FMOD0110"", ""FMOD0005"", ""FMOD0016"", ""FMOD0089"", ""FMOD0067"", ""FMOD0113"", ""FMOD0083""]",1.0,True,0.0
20,REAL,FAST,Q6K00442,20,15662,3,2.536677,"[""FMOD0102"", ""FMOD0110"", ""FMOD0076""]",0.2,False,3.0
20,REAL,FAST,Q6K00443,20,15662,5,4.238592,"[""FMOD0035"", ""FMOD0023"", ""FMOD0102"", ""FMOD0016"", ""FMOD0067""]",0.4,False,5.0
20,REAL,FAST,Q6K00444,20,15662,6,4.338186,"[""FMOD0023"", ""FMOD0102"", ""FMOD0035"", ""FMOD0083"", ""FMOD0089"", ""FMOD0066""]",0.5,False,6.0
20,REAL,FAST,Q6K00446,20,15662,9,4.962653,"[""FMOD0067"", ""FMOD0023"", ""FMOD0035"", ""FMOD0102"", ""FMOD0110"", ""FMOD0005"", ""FMOD0113"", ""FMOD0104"", ""FMOD0080""]",0.8,False,9.0
20,REAL,FAST,Q6K00453,20,15662,6,4.825321,"[""FMOD0035"", ""FMOD0023"", ""FMOD0102"", ""FMOD0110"", ""FMOD0104"", ""FMOD0016""]",0.4,False,6.0
20,REAL,FAST,Q6K00456,20,15662,8,3.830115,"[""FMOD0016"", ""FMOD0067"", ""FMOD0113"", ""FMOD0083"", ""FMOD0023"", ""FMOD0102"", ""FMOD0104"", ""FMOD0066""]",0.6,False,8.0
20,REAL,FAST,Q6K00458,20,15662,3,2.6401,"[""FMOD0016"", ""FMOD0102"", ""FMOD0110""]",0.3,False,3.0
20,REAL,FAST,Q6K00461,20,15662,2,2.02656,"[""FMOD0089"", ""FMOD0035""]",0.2,False,2.0
20,REAL,FAST,Q6K00465,20,15662,5,1.948734,"[""FMOD0083"", ""FMOD0110"", ""FMOD0005"", ""FMOD0017"", ""FMOD0066""]",0.3,False,5.0
20,REAL,FAST,Q6K00470,20,15662,9,5.178856,"[""FMOD0102"", ""FMOD0061"", ""FMOD0035"", ""FMOD0110"", ""FMOD0031"", ""FMOD0023"", ""FMOD0083"", ""FMOD0005"", ""FMOD0067""]",0.9,False,9.0
20,REAL,FAST,Q6K00471,20,15662,5,4.580629,"[""FMOD0023"", ""FMOD0102"", ""FMOD0035"", ""FMOD0110"", ""FMOD0016""]",0.4,False,5.0
20,REAL,FAST,Q6K00473,20,15662,11,4.974754,"[""FMOD0023"", ""FMOD0083"", ""FMOD0067"", ""FMOD0035"", ""FMOD0102"", ""FMOD0110"", ""FMOD0005"", ""FMOD0031"", ""FMOD0066"", ""FMOD0016""]",0.8,False,11.0
20,REAL,FAST,Q6K00479,20,15662,5,3.521891,"[""FMOD0066"", ""FMOD0035"", ""FMOD0102"", ""FMOD0083"", ""FMOD0089""]",0.4,False,5.0
20,REAL,FAST,Q6K00481,20,15662,3,4.465197,"[""FMOD0035"", ""FMOD0023"", ""FMOD0102""]",0.3,False,3.0
20,REAL,FAST,Q6K00484,20,15662,1,1.970307,"[""FMOD0035""]",0.1,False,1.0
20,REAL,FAST,Q6K00485,20,15662,9,4.816069,"[""FMOD0035"", ""FMOD0023"", ""FMOD0067"", ""FMOD0083"", ""FMOD0102"", ""FMOD0110"", ""FMOD0005"", ""FMOD0031"", ""FMOD0116""]",0.8,False,9.0
20,REAL,FAST,Q6K00489,20,15662,4,5.493631,"[""FMOD0080"", ""FMOD0023"", ""FMOD0102"", ""FMOD0035""]",0.4,False,4.0
20,REAL,FAST,Q6K00495,20,15662,17,5.45212,"[""FMOD0083"", ""FMOD0023"", ""FMOD0035"", ""FMOD0110"", ""FMOD0102"", ""FMOD0031"", ""FMOD0005"", ""FMOD0113"", ""FMOD0080"", ""FMOD0017""]",1.0,True,17.0
20,REAL,FAST,Q6K00498,20,15662,7,3.685791,"[""FMOD0023"", ""FMOD0100"", ""FMOD0035"", ""FMOD0005"", ""FMOD0016"", ""FMOD0017"", ""FMOD0106""]",0.4,False,7.0
20,REAL,FAST,Q6K00507,20,15662,4,4.340044,"[""FMOD0035"", ""FMOD0023"", ""FMOD0016"", ""FMOD0102""]",0.4,False,4.0
20,REAL,FAST,Q6K00511,20,15662,11,5.453779,"[""FMOD0083"", ""FMOD0102"", ""FMOD0110"", ""FMOD0023"", ""FMOD0005"", ""FMOD0035"", ""FMOD0080"", ""FMOD0031"", ""FMOD0104"", ""FMOD0067""]",1.0,True,11.0
20,REAL,FAST,Q6K00512,20,15662,8,4.854536,"[""FMOD0035"", ""FMOD0023"", ""FMOD0110"", ""FMOD0083"", ""FMOD0031"", ""FMOD0005"", ""FMOD0080"", ""FMOD0067""]",0.8,False,8.0
20,REAL,FAST,Q6K00513,20,15662,14,6.552313,"[""FMOD0110"", ""FMOD0023"", ""FMOD0083"", ""FMOD0067"", ""FMOD0035"", ""FMOD0102"", ""FMOD0031"", ""FMOD0005"", ""FMOD0104"", ""FMOD0113""]",1.0,True,14.0
20,REAL,FAST,Q6K00517,20,15662,9,5.577465,"[""FMOD0023"", ""FMOD0102"", ""FMOD0110"", ""FMOD0035"", ""FMOD0104"", ""FMOD0005"", ""FMOD0067"", ""FMOD0113"", ""FMOD0080""]",0.6,False,9.0
20,REAL,FAST,Q6K00518,20,15662,15,5.496154,"[""FMOD0035"", ""FMOD0102"", ""FMOD0110"", ""FMOD0083"", ""FMOD0023"", ""FMOD0005"", ""FMOD0104"", ""FMOD0016"", ""FMOD0031"", ""FMOD0113""]",1.0,True,15.0
20,REAL,FAST,Q6K00523,20,15662,8,3.976136,"[""FMOD0035"", ""FMOD0102"", ""FMOD0110"", ""FMOD0005"", ""FMOD0104"", ""FMOD0067"", ""FMOD0113"", ""FMOD0080""]",0.7,False,8.0
20,REAL,FAST,Q6K00528,20,15662,4,4.54972,"[""FMOD0035"", ""FMOD0023"", ""FMOD0102"", ""FMOD0080""]",0.3,False,4.0
20,REAL,FAST,Q6K00530,20,15662,9,5.151952,"[""FMOD0035"", ""FMOD0023"", ""FMOD0067"", ""FMOD0083"", ""FMOD0102"", ""FMOD0110"", ""FMOD0005"", ""FMOD0031"", ""FMOD0116""]",0.8,False,9.0
20,REAL,FAST,Q6K00531,20,15662,9,4.884894,"[""FMOD0035"", ""FMOD0023"", ""FMOD0102"", ""FMOD0110"", ""FMOD0005"", ""FMOD0104"", ""FMOD0113"", ""FMOD0067"", ""FMOD0080""]",0.8,False,9.0
20,REAL,FAST,Q6K00533,20,15662,3,3.827458,"[""FMOD0023"", ""FMOD0035"", ""FMOD0080""]",0.3,False,3.0
20,REAL,FAST,Q6K00535,20,15662,10,5.12477,"[""FMOD0035"", ""FMOD0102"", ""FMOD0110"", ""FMOD0023"", ""FMOD0104"", ""FMOD0017"", ""FMOD0031"", ""FMOD0005"", ""FMOD0083"", ""FMOD0080""]",1.0,True,10.0
20,REAL,FAST,Q6K00537,20,15662,7,3.923948,"[""FMOD0023"", ""FMOD0100"", ""FMOD0035"", ""FMOD0005"", ""FMOD0016"", ""FMOD0017"", ""FMOD0106""]",0.4,False,7.0
20,REAL,FAST,Q6K00538,20,15662,9,5.156681,"[""FMOD0023"", ""FMOD0100"", ""FMOD0035"", ""FMOD0102"", ""FMOD0005"", ""FMOD0113"", ""FMOD0016"", ""FMOD0017"", ""FMOD0106""]",0.6,False,9.0
20,REAL,BALANCED,Q6K00183,20,15662,20,6.31493,"[""FMOD0023"", ""FMOD0035"", ""FMOD0102"", ""FMOD0110"", ""FMOD0005"", ""FMOD0031"", ""FMOD0113"", ""FMOD0067"", ""FMOD0083"", ""FMOD0089""]",1.0,True,20.0
20,REAL,BALANCED,Q6K00184,20,15662,19,5.963662,"[""FMOD0067"", ""FMOD0113"", ""FMOD0023"", ""FMOD0035"", ""FMOD0102"", ""FMOD0110"", ""FMOD0116"", ""FMOD0083"", ""FMOD0005"", ""FMOD0031""]",1.0,True,19.0
20,REAL,BALANCED,Q6K00193,20,15662,19,5.795624,"[""FMOD0023"", ""FMOD0102"", ""FMOD0035"", ""FMOD0005"", ""FMOD0031"", ""FMOD0113"", ""FMOD0080"", ""FMOD0100"", ""FMOD0110"", ""FMOD0083""]",1.0,True,19.0
20,REAL,BALANCED,Q6K00195,20,15662,18,6.12865,"[""FMOD0061"", ""FMOD0083"", ""FMOD0102"", ""FMOD0023"", ""FMOD0035"", ""FMOD0110"", ""FMOD0066"", ""FMOD0005"", ""FMOD0080"", ""FMOD0067""]",1.0,True,18.0
20,REAL,BALANCED,Q6K00197,20,15662,17,5.663651,"[""FMOD0102"", ""FMOD0005"", ""FMOD0110"", ""FMOD0083"", ""FMOD0035"", ""FMOD0016"", ""FMOD0023"", ""FMOD0031"", ""FMOD0113"", ""FMOD0104""]",1.0,True,17.0
20,REAL,BALANCED,Q6K00199,20,15662,19,6.520057,"[""FMOD0067"", ""FMOD0102"", ""FMOD0023"", ""FMOD0005"", ""FMOD0110"", ""FMOD0035"", ""FMOD0083"", ""FMOD0017"", ""FMOD0031"", ""FMOD0080""]",1.0,True,19.0
20,REAL,BALANCED,Q6K00200,20,15662,18,5.894382,"[""FMOD0023"", ""FMOD0102"", ""FMOD0035"", ""FMOD0016"", ""FMOD0110"", ""FMOD0005"", ""FMOD0083"", ""FMOD0031"", ""FMOD0067"", ""FMOD0089""]",1.0,True,18.0
20,REAL,BALANCED,Q6K00201,20,15662,17,5.816402,"[""FMOD0066"", ""FMOD0102"", ""FMOD0017"", ""FMOD0005"", ""FMOD0110"", ""FMOD0023"", ""FMOD0083"", ""FMOD0035"", ""FMOD0067"", ""FMOD0089""]",1.0,True,17.0
20,REAL,BALANCED,Q6K00205,20,15662,17,6.201043,"[""FMOD0023"", ""FMOD0035"", ""FMOD0016"", ""FMOD0102"", ""FMOD0005"", ""FMOD0067"", ""FMOD0083"", ""FMOD0110"", ""FMOD0113"", ""FMOD0089""]",1.0,True,17.0
20,REAL,BALANCED,Q6K00206,20,15662,19,6.273032,"[""FMOD0016"", ""FMOD0102"", ""FMOD0031"", ""FMOD0023"", ""FMOD0035"", ""FMOD0110"", ""FMOD0083"", ""FMOD0005"", ""FMOD0104"", ""FMOD0017""]",1.0,True,19.0
20,REAL,BALANCED,Q6K00207,20,15662,16,5.934728,"[""FMOD0023"", ""FMOD0035"", ""FMOD0102"", ""FMOD0110"", ""FMOD0005"", ""FMOD0083"", ""FMOD0067"", ""FMOD0089"", ""FMOD0104"", ""FMOD0116""]",1.0,True,16.0
20,REAL,BALANCED,Q6K00208,20,15662,19,6.339629,"[""FMOD0102"", ""FMOD0023"", ""FMOD0035"", ""FMOD0016"", ""FMOD0089"", ""FMOD0005"", ""FMOD0083"", ""FMOD0031"", ""FMOD0104"", ""FMOD0110""]",1.0,True,19.0
20,REAL,BALANCED,Q6K00212,20,15662,19,5.637258,"[""FMOD0023"", ""FMOD0102"", ""FMOD0035"", ""FMOD0005"", ""FMOD0067"", ""FMOD0110"", ""FMOD0017"", ""FMOD0083"", ""FMOD0076"", ""FMOD0080""]",1.0,True,19.0
20,REAL,BALANCED,Q6K00216,20,15662,18,6.053767,"[""FMOD0016"", ""FMOD0035"", ""FMOD0023"", ""FMOD0102"", ""FMOD0031"", ""FMOD0110"", ""FMOD0089"", ""FMOD0005"", ""FMOD0083"", ""FMOD0104""]",1.0,True,18.0
20,REAL,BALANCED,Q6K00227,20,15662,18,6.295507,"[""FMOD0023"", ""FMOD0035"", ""FMOD0102"", ""FMOD0005"", ""FMOD0113"", ""FMOD0110"", ""FMOD0067"", ""FMOD0116"", ""FMOD0016"", ""FMOD0083""]",1.0,True,18.0
20,REAL,BALANCED,Q6K00232,20,15662,19,5.595184,"[""FMOD0023"", ""FMOD0102"", ""FMOD0035"", ""FMOD0110"", ""FMOD0067"", ""FMOD0005"", ""FMOD0083"", ""FMOD0080"", ""FMOD0017"", ""FMOD0031""]",1.0,True,19.0
20,REAL,BALANCED,Q6K00235,20,15662,17,5.75463,"[""FMOD0023"", ""FMOD0035"", ""FMOD0102"", ""FMOD0005"", ""FMOD0110"", ""FMOD0113"", ""FMOD0067"", ""FMOD0083"", ""FMOD0031"", ""FMOD0080""]",1.0,True,17.0
20,REAL,BALANCED,Q6K00236,20,15662,18,6.616392,"[""FMOD0023"", ""FMOD0035"", ""FMOD0102"", ""FMOD0110"", ""FMOD0031"", ""FMOD0083"", ""FMOD0005"", ""FMOD0067"", ""FMOD0089"", ""FMOD0080""]",1.0,True,18.0
20,REAL,BALANCED,Q6K00237,20,15662,19,5.849019,"[""FMOD0067"", ""FMOD0023"", ""FMOD0102"", ""FMOD0110"", ""FMOD0035"", ""FMOD0089"", ""FMOD0083"", ""FMOD0113"", ""FMOD0005"", ""FMOD0017""]",1.0,True,19.0
20,REAL,BALANCED,Q6K00240,20,15662,16,6.477605,"[""FMOD0110"", ""FMOD0104"", ""FMOD0035"", ""FMOD0023"", ""FMOD0102"", ""FMOD0083"", ""FMOD0005"", ""FMOD0031"", ""FMOD0116"", ""FMOD0067""]",1.0,True,16.0
20,REAL,BALANCED,Q6K00247,20,15662,20,6.494636,"[""FMOD0023"", ""FMOD0083"", ""FMOD0110"", ""FMOD0035"", ""FMOD0102"", ""FMOD0005"", ""FMOD0031"", ""FMOD0113"", ""FMOD0104"", ""FMOD0080""]",1.0,True,20.0
20,REAL,BALANCED,Q6K00251,20,15662,19,6.20436,"[""FMOD0067"", ""FMOD0023"", ""FMOD0113"", ""FMOD0102"", ""FMOD0035"", ""FMOD0110"", ""FMOD0005"", ""FMOD0031"", ""FMOD0104"", ""FMOD0083""]",1.0,True,19.0
20,REAL,BALANCED,Q6K00252,20,15662,18,6.192788,"[""FMOD0023"", ""FMOD0035"", ""FMOD0102"", ""FMOD0031"", ""FMOD0005"", ""FMOD0110"", ""FMOD0083"", ""FMOD0113"", ""FMOD0066"", ""FMOD0016""]",1.0,True,18.0
20,REAL,BALANCED,Q6K00258,20,15662,18,5.584236,"[""FMOD0023"", ""FMOD0035"", ""FMOD0102"", ""FMOD0110"", ""FMOD0005"", ""FMOD0083"", ""FMOD0017"", ""FMOD0080"", ""FMOD0031"", ""FMOD0113""]",1.0,True,18.0
20,REAL,BALANCED,Q6K00259,20,15662,17,6.553148,"[""FMOD0089"", ""FMOD0023"", ""FMOD0035"", ""FMOD0102"", ""FMOD0005"", ""FMOD0083"", ""FMOD0031"", ""FMOD0110"", ""FMOD0016"", ""FMOD0080""]",1.0,True,17.0
20,REAL,BALANCED,Q6K00262,20,15662,20,6.023825,"[""FMOD0023"", ""FMOD0100"", ""FMOD0102"", ""FMOD0005"", ""FMOD0110"", ""FMOD0035"", ""FMOD0083"", ""FMOD0080"", ""FMOD0113"", ""FMOD0031""]",1.0,True,20.0
20,REAL,BALANCED,Q6K00264,20,15662,19,5.926698,"[""FMOD0066"", ""FMOD0035"", ""FMOD0023"", ""FMOD0005"", ""FMOD0102"", ""FMOD0083"", ""FMOD0110"", ""FMOD0089"", ""FMOD0113"", ""FMOD0080""]",1.0,True,19.0
20,REAL,BALANCED,Q6K00267,20,15662,19,6.506267,"[""FMOD0023"", ""FMOD0100"", ""FMOD0035"", ""FMOD0102"", ""FMOD0110"", ""FMOD0005"", ""FMOD0083"", ""FMOD0089"", ""FMOD0104"", ""FMOD0067""]",1.0,True,19.0
20,REAL,BALANCED,Q6K00268,20,15662,18,5.716266,"[""FMOD0023"", ""FMOD0035"", ""FMOD0102"", ""FMOD0083"", ""FMOD0005"", ""FMOD0110"", ""FMOD0031"", ""FMOD0089"", ""FMOD0113"", ""FMOD0067""]",1.0,True,18.0
20,REAL,BALANCED,Q6K00271,20,15662,20,6.518406,"[""FMOD0023"", ""FMOD0035"", ""FMOD0102"", ""FMOD0110"", ""FMOD0005"", ""FMOD0113"", ""FMOD0080"", ""FMOD0031"", ""FMOD0083"", ""FMOD0017""]",1.0,True,20.0
20,REAL,BALANCED,Q6K00273,20,15662,18,6.207723,"[""FMOD0023"", ""FMOD0005"", ""FMOD0102"", ""FMOD0110"", ""FMOD0035"", ""FMOD0083"", ""FMOD0089"", ""FMOD0080"", ""FMOD0113"", ""FMOD0104""]",1.0,True,18.0
20,REAL,BALANCED,Q6K00274,20,15662,19,5.955637,"[""FMOD0067"", ""FMOD0113"", ""FMOD0023"", ""FMOD0035"", ""FMOD0110"", ""FMOD0102"", ""FMOD0083"", ""FMOD0116"", ""FMOD0005"", ""FMOD0076""]",1.0,True,19.0
20,REAL,BALANCED,Q6K00275,20,15662,19,6.209979,"[""FMOD0102"", ""FMOD0023"", ""FMOD0035"", ""FMOD0110"", ""FMOD0067"", ""FMOD0113"", ""FMOD0066"", ""FMOD0005"", ""FMOD0031"", ""FMOD0089""]",1.0,True,19.0
20,REAL,BALANCED,Q6K00283,20,15662,19,5.92275,"[""FMOD0035"", ""FMOD0023"", ""FMOD0102"", ""FMOD0083"", ""FMOD0017"", ""FMOD0110"", ""FMOD0031"", ""FMOD0005"", ""FMOD0104"", ""FMOD0116""]",1.0,True,19.0
20,REAL,BALANCED,Q6K00287,20,15662,18,5.989069,"[""FMOD0089"", ""FMOD0067"", ""FMOD0113"", ""FMOD0035"", ""FMOD0023"", ""FMOD0005"", ""FMOD0110"", ""FMOD0102"", ""FMOD0016"", ""FMOD0017""]",1.0,True,18.0
20,REAL,BALANCED,Q6K00293,20,15662,17,5.738234,"[""FMOD0035"", ""FMOD0102"", ""FMOD0023"", ""FMOD0083"", ""FMOD0031"", ""FMOD0110"", ""FMOD0005"", ""FMOD0067"", ""FMOD0016"", ""FMOD0113""]",1.0,True,17.0
20,REAL,BALANCED,Q6K00295,20,15662,18,5.501812,"[""FMOD0066"", ""FMOD0023"", ""FMOD0102"", ""FMOD0035"", ""FMOD0110"", ""FMOD0005"", ""FMOD0031"", ""FMOD0083"", ""FMOD0104"", ""FMOD0089""]",1.0,True,18.0
20,REAL,BALANCED,Q6K00296,20,15662,19,6.256742,"[""FMOD0066"", ""FMOD0035"", ""FMOD0023"", ""FMOD0102"", ""FMOD0005"", ""FMOD0110"", ""FMOD0113"", ""FMOD0067"", ""FMOD0083"", ""FMOD0017""]",1.0,True,19.0
20,REAL,BALANCED,Q6K00298,20,15662,20,5.464836,"[""FMOD0023"", ""FMOD0102"", ""FMOD0035"", ""FMOD0083"", ""FMOD0017"", ""FMOD0005"", ""FMOD0110"", ""FMOD0031"", ""FMOD0080"", ""FMOD0113""]",1.0,True,20.0
20,REAL,BALANCED,Q6K00299,20,15662,17,5.544743,"[""FMOD0089"", ""FMOD0035"", ""FMOD0102"", ""FMOD0023"", ""FMOD0110"", ""FMOD0005"", ""FMOD0067"", ""FMOD0083"", ""FMOD0031"", ""FMOD0104""]",1.0,True,17.0
20,REAL,BALANCED,Q6K00304,20,15662,20,6.323516,"[""FMOD0083"", ""FMOD0023"", ""FMOD0035"", ""FMOD0110"", ""FMOD0102"", ""FMOD0113"", ""FMOD0067"", ""FMOD0089"", ""FMOD0104"", ""FMOD0005""]",1.0,True,20.0
20,REAL,BALANCED,Q6K00310,20,15662,17,5.326107,"[""FMOD0005"", ""FMOD0035"", ""FMOD0023"", ""FMOD0102"", ""FMOD0110"", ""FMOD0016"", ""FMOD0083"", ""FMOD0089"", ""FMOD0067"", ""FMOD0080""]",1.0,True,17.0
20,REAL,BALANCED,Q6K00313,20,15662,18,6.021213,"[""FMOD0061"", ""FMOD0083"", ""FMOD0066"", ""FMOD0005"", ""FMOD0102"", ""FMOD0110"", ""FMOD0016"", ""FMOD0035"", ""FMOD0023"", ""FMOD0113""]",1.0,True,18.0
20,REAL,BALANCED,Q6K00317,20,15662,18,5.436422,"[""FMOD0061"", ""FMOD0089"", ""FMOD0035"", ""FMOD0005"", ""FMOD0110"", ""FMOD0083"", ""FMOD0102"", ""FMOD0113"", ""FMOD0023"", ""FMOD0067""]",1.0,True,18.0
20,REAL,BALANCED,Q6K00318,20,15662,18,5.322516,"[""FMOD0023"", ""FMOD0035"", ""FMOD0102"", ""FMOD0110"", ""FMOD0005"", ""FMOD0067"", ""FMOD0083"", ""FMOD0113"", ""FMOD0089"", ""FMOD0076""]",1.0,True,18.0
20,REAL,BALANCED,Q6K00325,20,15662,18,5.637875,"[""FMOD0023"", ""FMOD0035"", ""FMOD0110"", ""FMOD0102"", ""FMOD0083"", ""FMOD0005"", ""FMOD0113"", ""FMOD0031"", ""FMOD0067"", ""FMOD0080""]",1.0,True,18.0
20,REAL,BALANCED,Q6K00326,20,15662,17,5.323551,"[""FMOD0066"", ""FMOD0023"", ""FMOD0102"", ""FMOD0035"", ""FMOD0110"", ""FMOD0083"", ""FMOD0016"", ""FMOD0017"", ""FMOD0067"", ""FMOD0116""]",1.0,True,17.0
20,REAL,BALANCED,Q6K00327,20,15662,18,5.959609,"[""FMOD0016"", ""FMOD0102"", ""FMOD0023"", ""FMOD0035"", ""FMOD0116"", ""FMOD0110"", ""FMOD0083"", ""FMOD0005"", ""FMOD0089"", ""FMOD0067""]",1.0,True,18.0
20,REAL,BALANCED,Q6K00332,20,15662,20,5.934918,"[""FMOD0035"", ""FMOD0023"", ""FMOD0102"", ""FMOD0110"", ""FMOD0005"", ""FMOD0083"", ""FMOD0113"", ""FMOD0116"", ""FMOD0017"", ""FMOD0067""]",1.0,True,20.0
20,REAL,BALANCED,Q6K00333,20,15662,19,5.356407,"[""FMOD0083"", ""FMOD0110"", ""FMOD0035"", ""FMOD0102"", ""FMOD0023"", ""FMOD0005"", ""FMOD0067"", ""FMOD0113"", ""FMOD0031"", ""FMOD0104""]",1.0,True,19.0
20,REAL,BALANCED,Q6K00336,20,15662,17,6.211212,"[""FMOD0023"", ""FMOD0102"", ""FMOD0035"", ""FMOD0110"", ""FMOD0083"", ""FMOD0031"", ""FMOD0113"", ""FMOD0016"", ""FMOD0005"", ""FMOD0089""]",1.0,True,17.0
20,REAL,BALANCED,Q6K00338,20,15662,19,5.303426,"[""FMOD0067"", ""FMOD0023"", ""FMOD0035"", ""FMOD0102"", ""FMOD0110"", ""FMOD0089"", ""FMOD0113"", ""FMOD0005"", ""FMOD0031"", ""FMOD0016""]",1.0,True,19.0
20,REAL,BALANCED,Q6K00340,20,15662,18,5.310584,"[""FMOD0089"", ""FMOD0023"", ""FMOD0035"", ""FMOD0102"", ""FMOD0110"", ""FMOD0083"", ""FMOD0113"", ""FMOD0005"", ""FMOD0031"", ""FMOD0067""]",1.0,True,18.0
20,REAL,BALANCED,Q6K00342,20,15662,20,5.36191,"[""FMOD0023"", ""FMOD0102"", ""FMOD0035"", ""FMOD0110"", ""FMOD0104"", ""FMOD0005"", ""FMOD0067"", ""FMOD0083"", ""FMOD0116"", ""FMOD0031""]",1.0,True,20.0
20,REAL,BALANCED,Q6K00343,20,15662,20,5.301343,"[""FMOD0016"", ""FMOD0102"", ""FMOD0023"", ""FMOD0035"", ""FMOD0005"", ""FMOD0116"", ""FMOD0110"", ""FMOD0089"", ""FMOD0067"", ""FMOD0104""]",1.0,True,20.0
20,REAL,BALANCED,Q6K00344,20,15662,19,5.259859,"[""FMOD0023"", ""FMOD0035"", ""FMOD0102"", ""FMOD0089"", ""FMOD0110"", ""FMOD0031"", ""FMOD0083"", ""FMOD0005"", ""FMOD0016"", ""FMOD0113""]",1.0,True,19.0
20,REAL,BALANCED,Q6K00351,20,15662,18,5.470234,"[""FMOD0005"", ""FMOD0035"", ""FMOD0023"", ""FMOD0102"", ""FMOD0110"", ""FMOD0083"", ""FMOD0089"", ""FMOD0104"", ""FMOD0116"", ""FMOD0031""]",1.0,True,18.0
20,REAL,BALANCED,Q6K00355,20,15662,18,5.192968,"[""FMOD0023"", ""FMOD0035"", ""FMOD0016"", ""FMOD0102"", ""FMOD0110"", ""FMOD0083"", ""FMOD0067"", ""FMOD0031"", ""FMOD0116"", ""FMOD0005""]",1.0,True,18.0
20,REAL,BALANCED,Q6K00359,20,15662,20,5.372051,"[""FMOD0023"", ""FMOD0035"", ""FMOD0110"", ""FMOD0102"", ""FMOD0005"", ""FMOD0089"", ""FMOD0083"", ""FMOD0113"", ""FMOD0104"", ""FMOD0067""]",1.0,True,20.0
20,REAL,BALANCED,Q6K00360,20,15662,18,5.311261,"[""FMOD0066"", ""FMOD0035"", ""FMOD0023"", ""FMOD0102"", ""FMOD0110"", ""FMOD0005"", ""FMOD0083"", ""FMOD0031"", ""FMOD0089"", ""FMOD0116""]",1.0,True,18.0
20,REAL,BALANCED,Q6K00363,20,15662,17,5.160739,"[""FMOD0066"", ""FMOD0102"", ""FMOD0035"", ""FMOD0023"", ""FMOD0005"", ""FMOD0110"", ""FMOD0083"", ""FMOD0104"", ""FMOD0080"", ""FMOD0031""]",1.0,True,17.0
20,REAL,BALANCED,Q6K00365,20,15662,19,5.558351,"[""FMOD0023"", ""FMOD0035"", ""FMOD0102"", ""FMOD0110"", ""FMOD0089"", ""FMOD0104"", ""FMOD0016"", ""FMOD0005"", ""FMOD0067"", ""FMOD0083""]",1.0,True,19.0
20,REAL,BALANCED,Q6K00372,20,15662,18,5.650267,"[""FMOD0023"", ""FMOD0035"", ""FMOD0016"", ""FMOD0102"", ""FMOD0110"", ""FMOD0104"", ""FMOD0067"", ""FMOD0005"", ""FMOD0083"", ""FMOD0089""]",1.0,True,18.0
20,REAL,BALANCED,Q6K00375,20,15662,19,5.457039,"[""FMOD0023"", ""FMOD0035"", ""FMOD0102"", ""FMOD0083"", ""FMOD0110"", ""FMOD0005"", ""FMOD0017"", ""FMOD0031"", ""FMOD0080"", ""FMOD0113""]",1.0,True,19.0
20,REAL,BALANCED,Q6K00377,20,15662,19,5.994708,"[""FMOD0023"", ""FMOD0100"", ""FMOD0102"", ""FMOD0035"", ""FMOD0110"", ""FMOD0083"", ""FMOD0005"", ""FMOD0113"", ""FMOD0067"", ""FMOD0104""]",1.0,True,19.0
20,REAL,BALANCED,Q6K00378,20,15662,18,5.296295,"[""FMOD0023"", ""FMOD0083"", ""FMOD0102"", ""FMOD0110"", ""FMOD0005"", ""FMOD0035"", ""FMOD0080"", ""FMOD0031"", ""FMOD0104"", ""FMOD0016""]",1.0,True,18.0
20,REAL,BALANCED,Q6K00380,20,15662,18,5.233588,"[""FMOD0023"", ""FMOD0035"", ""FMOD0110"", ""FMOD0102"", ""FMOD0005"", ""FMOD0113"", ""FMOD0031"", ""FMOD0089"", ""FMOD0016"", ""FMOD0083""]",1.0,True,18.0
20,REAL,BALANCED,Q6K00384,20,15662,18,5.765295,"[""FMOD0083"", ""FMOD0035"", ""FMOD0005"", ""FMOD0102"", ""FMOD0023"", ""FMOD0110"", ""FMOD0113"", ""FMOD0031"", ""FMOD0080"", ""FMOD0017""]",1.0,True,18.0
20,REAL,BALANCED,Q6K00389,20,15662,17,5.663695,"[""FMOD0023"", ""FMOD0102"", ""FMOD0035"", ""FMOD0067"", ""FMOD0016"", ""FMOD0110"", ""FMOD0005"", ""FMOD0083"", ""FMOD0116"", ""FMOD0017""]",1.0,True,17.0
20,REAL,BALANCED,Q6K00390,20,15662,18,5.585428,"[""FMOD0023"", ""FMOD0102"", ""FMOD0035"", ""FMOD0110"", ""FMOD0031"", ""FMOD0067"", ""FMOD0083"", ""FMOD0005"", ""FMOD0113"", ""FMOD0080""]",1.0,True,18.0
20,REAL,BALANCED,Q6K00393,20,15662,18,6.331345,"[""FMOD0023"", ""FMOD0102"", ""FMOD0113"", ""FMOD0035"", ""FMOD0083"", ""FMOD0110"", ""FMOD0089"", ""FMOD0005"", ""FMOD0067"", ""FMOD0017""]",1.0,True,18.0
20,REAL,BALANCED,Q6K00395,20,15662,18,5.72259,"[""FMOD0035"", ""FMOD0023"", ""FMOD0067"", ""FMOD0083"", ""FMOD0102"", ""FMOD0005"", ""FMOD0110"", ""FMOD0089"", ""FMOD0113"", ""FMOD0104""]",1.0,True,18.0
20,REAL,BALANCED,Q6K00396,20,15662,17,6.163226,"[""FMOD0066"", ""FMOD0035"", ""FMOD0023"", ""FMOD0102"", ""FMOD0017"", ""FMOD0005"", ""FMOD0104"", ""FMOD0083"", ""FMOD0110"", ""FMOD0067""]",1.0,True,17.0
20,REAL,BALANCED,Q6K00400,20,15662,20,6.151458,"[""FMOD0023"", ""FMOD0035"", ""FMOD0100"", ""FMOD0031"", ""FMOD0102"", ""FMOD0083"", ""FMOD0113"", ""FMOD0067"", ""FMOD0005"", ""FMOD0080""]",1.0,True,20.0
20,REAL,BALANCED,Q6K00403,20,15662,17,5.630742,"[""FMOD0035"", ""FMOD0080"", ""FMOD0102"", ""FMOD0005"", ""FMOD0110"", ""FMOD0113"", ""FMOD0031"", ""FMOD0023"", ""FMOD0089"", ""FMOD0083""]",1.0,True,17.0
20,REAL,BALANCED,Q6K00405,20,15662,19,6.125806,"[""FMOD0016"", ""FMOD0102"", ""FMOD0031"", ""FMOD0023"", ""FMOD0035"", ""FMOD0110"", ""FMOD0089"", ""FMOD0104"", ""FMOD0005"", ""FMOD0083""]",1.0,True,19.0
20,REAL,BALANCED,Q6K00407,20,15662,18,6.440717,"[""FMOD0005"", ""FMOD0102"", ""FMOD0023"", ""FMOD0104"", ""FMOD0110"", ""FMOD0035"", ""FMOD0083"", ""FMOD0031"", ""FMOD0067"", ""FMOD0089""]",1.0,True,18.0
20,REAL,BALANCED,Q6K00410,20,15662,18,5.823189,"[""FMOD0005"", ""FMOD0023"", ""FMOD0035"", ""FMOD0089"", ""FMOD0113"", ""FMOD0110"", ""FMOD0083"", ""FMOD0116"", ""FMOD0080"", ""FMOD0067""]",1.0,True,18.0
20,REAL,BALANCED,Q6K00417,20,15662,20,6.177256,"[""FMOD0102"", ""FMOD0035"", ""FMOD0023"", ""FMOD0067"", ""FMOD0005"", ""FMOD0116"", ""FMOD0089"", ""FMOD0080"", ""FMOD0110"", ""FMOD0083""]",1.0,True,20.0
20,REAL,BALANCED,Q6K00420,20,15662,20,5.62137,"[""FMOD0067"", ""FMOD0023"", ""FMOD0035"", ""FMOD0102"", ""FMOD0110"", ""FMOD0005"", ""FMOD0113"", ""FMOD0017"", ""FMOD0083"", ""FMOD0104""]",1.0,True,20.0
20,REAL,BALANCED,Q6K00422,20,15662,20,5.846833,"[""FMOD0083"", ""FMOD0035"", ""FMOD0102"", ""FMOD0023"", ""FMOD0110"", ""FMOD0005"", ""FMOD0104"", ""FMOD0113"", ""FMOD0067"", ""FMOD0080""]",1.0,True,20.0
20,REAL,BALANCED,Q6K00423,20,15662,20,5.84599,"[""FMOD0061"", ""FMOD0035"", ""FMOD0102"", ""FMOD0110"", ""FMOD0067"", ""FMOD0005"", ""FMOD0023"", ""FMOD0080"", ""FMOD0089"", ""FMOD0031""]",1.0,True,20.0
20,REAL,BALANCED,Q6K00424,20,15662,17,5.9778,"[""FMOD0102"", ""FMOD0035"", ""FMOD0023"", ""FMOD0113"", ""FMOD0083"", ""FMOD0110"", ""FMOD0005"", ""FMOD0031"", ""FMOD0080"", ""FMOD0104""]",1.0,True,17.0
20,REAL,BALANCED,Q6K00427,20,15662,17,6.124295,"[""FMOD0005"", ""FMOD0035"", ""FMOD0102"", ""FMOD0023"", ""FMOD0016"", ""FMOD0110"", ""FMOD0083"", ""FMOD0031"", ""FMOD0067"", ""FMOD0113""]",1.0,True,17.0
20,REAL,BALANCED,Q6K00435,20,15662,19,5.849507,"[""FMOD0102"", ""FMOD0023"", ""FMOD0035"", ""FMOD0110"", ""FMOD0005"", ""FMOD0089"", ""FMOD0067"", ""FMOD0104"", ""FMOD0083"", ""FMOD0016""]",1.0,True,19.0
20,REAL,BALANCED,Q6K00436,20,15662,20,6.157108,"[""FMOD0023"", ""FMOD0035"", ""FMOD0102"", ""FMOD0110"", ""FMOD0005"", ""FMOD0116"", ""FMOD0113"", ""FMOD0083"", ""FMOD0080"", ""FMOD0067""]",1.0,True,20.0
20,REAL,BALANCED,Q6K00438,20,15662,19,5.723525,"[""FMOD0023"", ""FMOD0102"", ""FMOD0035"", ""FMOD0110"", ""FMOD0005"", ""FMOD0016"", ""FMOD0089"", ""FMOD0067"", ""FMOD0113"", ""FMOD0083""]",1.0,True,19.0
20,REAL,BALANCED,Q6K00442,20,15662,17,5.774921,"[""FMOD0023"", ""FMOD0035"", ""FMOD0102"", ""FMOD0110"", ""FMOD0005"", ""FMOD0089"", ""FMOD0113"", ""FMOD0067"", ""FMOD0083"", ""FMOD0104""]",1.0,True,17.0
20,REAL,BALANCED,Q6K00443,20,15662,18,5.703677,"[""FMOD0035"", ""FMOD0023"", ""FMOD0102"", ""FMOD0104"", ""FMOD0110"", ""FMOD0083"", ""FMOD0089"", ""FMOD0005"", ""FMOD0080"", ""FMOD0016""]",1.0,True,18.0
20,REAL,BALANCED,Q6K00444,20,15662,18,5.786537,"[""FMOD0023"", ""FMOD0102"", ""FMOD0035"", ""FMOD0005"", ""FMOD0110"", ""FMOD0067"", ""FMOD0083"", ""FMOD0017"", ""FMOD0089"", ""FMOD0104""]",1.0,True,18.0
20,REAL,BALANCED,Q6K00446,20,15662,18,5.834298,"[""FMOD0067"", ""FMOD0023"", ""FMOD0035"", ""FMOD0102"", ""FMOD0110"", ""FMOD0005"", ""FMOD0083"", ""FMOD0113"", ""FMOD0089"", ""FMOD0104""]",1.0,True,18.0
20,REAL,BALANCED,Q6K00453,20,15662,19,5.458291,"[""FMOD0023"", ""FMOD0035"", ""FMOD0102"", ""FMOD0083"", ""FMOD0110"", ""FMOD0005"", ""FMOD0089"", ""FMOD0031"", ""FMOD0113"", ""FMOD0080""]",1.0,True,19.0
20,REAL,BALANCED,Q6K00456,20,15662,18,5.381057,"[""FMOD0016"", ""FMOD0067"", ""FMOD0113"", ""FMOD0083"", ""FMOD0023"", ""FMOD0005"", ""FMOD0035"", ""FMOD0102"", ""FMOD0110"", ""FMOD0116""]",1.0,True,18.0
20,REAL,BALANCED,Q6K00458,20,15662,16,6.085256,"[""FMOD0023"", ""FMOD0035"", ""FMOD0016"", ""FMOD0102"", ""FMOD0110"", ""FMOD0005"", ""FMOD0031"", ""FMOD0113"", ""FMOD0067"", ""FMOD0104""]",1.0,True,16.0
20,REAL,BALANCED,Q6K00461,20,15662,18,5.539168,"[""FMOD0089"", ""FMOD0035"", ""FMOD0023"", ""FMOD0102"", ""FMOD0005"", ""FMOD0116"", ""FMOD0110"", ""FMOD0083"", ""FMOD0104"", ""FMOD0080""]",1.0,True,18.0
20,REAL,BALANCED,Q6K00465,20,15662,20,5.680172,"[""FMOD0083"", ""FMOD0023"", ""FMOD0035"", ""FMOD0110"", ""FMOD0102"", ""FMOD0104"", ""FMOD0005"", ""FMOD0080"", ""FMOD0067"", ""FMOD0116""]",1.0,True,20.0
20,REAL,BALANCED,Q6K00470,20,15662,18,5.817795,"[""FMOD0102"", ""FMOD0061"", ""FMOD0035"", ""FMOD0110"", ""FMOD0031"", ""FMOD0023"", ""FMOD0016"", ""FMOD0083"", ""FMOD0005"", ""FMOD0067""]",1.0,True,18.0
20,REAL,BALANCED,Q6K00471,20,15662,19,5.570369,"[""FMOD0023"", ""FMOD0102"", ""FMOD0035"", ""FMOD0110"", ""FMOD0005"", ""FMOD0113"", ""FMOD0083"", ""FMOD0089"", ""FMOD0031"", ""FMOD0017""]",1.0,True,19.0
20,REAL,BALANCED,Q6K00473,20,15662,20,6.273787,"[""FMOD0023"", ""FMOD0083"", ""FMOD0067"", ""FMOD0035"", ""FMOD0102"", ""FMOD0110"", ""FMOD0005"", ""FMOD0031"", ""FMOD0017"", ""FMOD0113""]",1.0,True,20.0
20,REAL,BALANCED,Q6K00479,20,15662,17,6.37738,"[""FMOD0066"", ""FMOD0035"", ""FMOD0102"", ""FMOD0023"", ""FMOD0110"", ""FMOD0083"", ""FMOD0005"", ""FMOD0080"", ""FMOD0104"", ""FMOD0031""]",1.0,True,17.0
20,REAL,BALANCED,Q6K00481,20,15662,18,5.843091,"[""FMOD0035"", ""FMOD0023"", ""FMOD0102"", ""FMOD0083"", ""FMOD0005"", ""FMOD0110"", ""FMOD0104"", ""FMOD0116"", ""FMOD0031"", ""FMOD0113""]",1.0,True,18.0
20,REAL,BALANCED,Q6K00484,20,15662,18,5.926197,"[""FMOD0035"", ""FMOD0023"", ""FMOD0102"", ""FMOD0016"", ""FMOD0110"", ""FMOD0005"", ""FMOD0089"", ""FMOD0083"", ""FMOD0113"", ""FMOD0067""]",1.0,True,18.0
20,REAL,BALANCED,Q6K00485,20,15662,20,5.780152,"[""FMOD0035"", ""FMOD0023"", ""FMOD0067"", ""FMOD0083"", ""FMOD0102"", ""FMOD0113"", ""FMOD0110"", ""FMOD0005"", ""FMOD0104"", ""FMOD0031""]",1.0,True,20.0
20,REAL,BALANCED,Q6K00489,20,15662,18,6.346029,"[""FMOD0080"", ""FMOD0023"", ""FMOD0102"", ""FMOD0110"", ""FMOD0035"", ""FMOD0083"", ""FMOD0116"", ""FMOD0067"", ""FMOD0104"", ""FMOD0005""]",1.0,True,18.0
20,REAL,BALANCED,Q6K00495,20,15662,20,5.852485,"[""FMOD0083"", ""FMOD0023"", ""FMOD0035"", ""FMOD0110"", ""FMOD0102"", ""FMOD0031"", ""FMOD0005"", ""FMOD0113"", ""FMOD0080"", ""FMOD0017""]",1.0,True,20.0
20,REAL,BALANCED,Q6K00498,20,15662,19,5.573987,"[""FMOD0023"", ""FMOD0100"", ""FMOD0035"", ""FMOD0102"", ""FMOD0031"", ""FMOD0110"", ""FMOD0083"", ""FMOD0005"", ""FMOD0067"", ""FMOD0089""]",1.0,True,19.0
20,REAL,BALANCED,Q6K00507,20,15662,17,6.255181,"[""FMOD0023"", ""FMOD0035"", ""FMOD0016"", ""FMOD0110"", ""FMOD0113"", ""FMOD0102"", ""FMOD0005"", ""FMOD0116"", ""FMOD0104"", ""FMOD0083""]",1.0,True,17.0
20,REAL,BALANCED,Q6K00511,20,15662,18,5.868571,"[""FMOD0083"", ""FMOD0102"", ""FMOD0110"", ""FMOD0023"", ""FMOD0005"", ""FMOD0035"", ""FMOD0080"", ""FMOD0031"", ""FMOD0104"", ""FMOD0067""]",1.0,True,18.0
20,REAL,BALANCED,Q6K00512,20,15662,19,5.787129,"[""FMOD0035"", ""FMOD0023"", ""FMOD0110"", ""FMOD0083"", ""FMOD0031"", ""FMOD0005"", ""FMOD0080"", ""FMOD0067"", ""FMOD0102"", ""FMOD0089""]",1.0,True,19.0
20,REAL,BALANCED,Q6K00513,20,15662,20,6.218726,"[""FMOD0110"", ""FMOD0023"", ""FMOD0083"", ""FMOD0067"", ""FMOD0035"", ""FMOD0102"", ""FMOD0031"", ""FMOD0005"", ""FMOD0104"", ""FMOD0113""]",1.0,True,20.0
20,REAL,BALANCED,Q6K00517,20,15662,17,5.810891,"[""FMOD0023"", ""FMOD0102"", ""FMOD0110"", ""FMOD0035"", ""FMOD0083"", ""FMOD0089"", ""FMOD0104"", ""FMOD0005"", ""FMOD0017"", ""FMOD0031""]",1.0,True,17.0
20,REAL,BALANCED,Q6K00518,20,15662,17,6.206621,"[""FMOD0035"", ""FMOD0102"", ""FMOD0110"", ""FMOD0083"", ""FMOD0023"", ""FMOD0005"", ""FMOD0104"", ""FMOD0016"", ""FMOD0031"", ""FMOD0113""]",1.0,True,17.0
20,REAL,BALANCED,Q6K00523,20,15662,18,5.562725,"[""FMOD0035"", ""FMOD0023"", ""FMOD0102"", ""FMOD0110"", ""FMOD0083"", ""FMOD0089"", ""FMOD0104"", ""FMOD0005"", ""FMOD0067"", ""FMOD0080""]",1.0,True,18.0
20,REAL,BALANCED,Q6K00528,20,15662,18,5.480166,"[""FMOD0035"", ""FMOD0023"", ""FMOD0005"", ""FMOD0102"", ""FMOD0083"", ""FMOD0016"", ""FMOD0110"", ""FMOD0089"", ""FMOD0104"", ""FMOD0031""]",1.0,True,18.0
20,REAL,BALANCED,Q6K00530,20,15662,18,5.56848,"[""FMOD0035"", ""FMOD0023"", ""FMOD0067"", ""FMOD0083"", ""FMOD0102"", ""FMOD0113"", ""FMOD0110"", ""FMOD0005"", ""FMOD0031"", ""FMOD0104""]",1.0,True,18.0
20,REAL,BALANCED,Q6K00531,20,15662,17,5.322131,"[""FMOD0035"", ""FMOD0023"", ""FMOD0102"", ""FMOD0110"", ""FMOD0089"", ""FMOD0083"", ""FMOD0005"", ""FMOD0104"", ""FMOD0067"", ""FMOD0113""]",1.0,True,17.0
20,REAL,BALANCED,Q6K00533,20,15662,19,5.363956,"[""FMOD0023"", ""FMOD0110"", ""FMOD0102"", ""FMOD0035"", ""FMOD0067"", ""FMOD0005"", ""FMOD0083"", ""FMOD0104"", ""FMOD0080"", ""FMOD0113""]",1.0,True,19.0
20,REAL,BALANCED,Q6K00535,20,15662,17,4.877314,"[""FMOD0035"", ""FMOD0102"", ""FMOD0110"", ""FMOD0023"", ""FMOD0104"", ""FMOD0017"", ""FMOD0031"", ""FMOD0005"", ""FMOD0083"", ""FMOD0080""]",1.0,True,17.0
20,REAL,BALANCED,Q6K00537,20,15662,19,5.300955,"[""FMOD0023"", ""FMOD0100"", ""FMOD0035"", ""FMOD0102"", ""FMOD0110"", ""FMOD0083"", ""FMOD0113"", ""FMOD0031"", ""FMOD0067"", ""FMOD0005""]",1.0,True,19.0
20,REAL,BALANCED,Q6K00538,20,15662,19,5.3911,"[""FMOD0023"", ""FMOD0100"", ""FMOD0035"", ""FMOD0005"", ""FMOD0102"", ""FMOD0104"", ""FMOD0110"", ""FMOD0083"", ""FMOD0113"", ""FMOD0031""]",1.0,True,19.0
20,REAL,HIGH_RECALL,Q6K00183,20,15662,20,5.487078,"[""FMOD0023"", ""FMOD0035"", ""FMOD0102"", ""FMOD0110"", ""FMOD0005"", ""FMOD0031"", ""FMOD0113"", ""FMOD0067"", ""FMOD0083"", ""FMOD0089""]",1.0,True,20.0
20,REAL,HIGH_RECALL,Q6K00184,20,15662,20,5.361677,"[""FMOD0067"", ""FMOD0113"", ""FMOD0023"", ""FMOD0035"", ""FMOD0102"", ""FMOD0110"", ""FMOD0116"", ""FMOD0083"", ""FMOD0005"", ""FMOD0031""]",1.0,True,20.0
20,REAL,HIGH_RECALL,Q6K00193,20,15662,20,5.571667,"[""FMOD0023"", ""FMOD0102"", ""FMOD0035"", ""FMOD0005"", ""FMOD0031"", ""FMOD0113"", ""FMOD0080"", ""FMOD0100"", ""FMOD0110"", ""FMOD0083""]",1.0,True,20.0
20,REAL,HIGH_RECALL,Q6K00195,20,15662,20,5.43029,"[""FMOD0061"", ""FMOD0083"", ""FMOD0102"", ""FMOD0023"", ""FMOD0035"", ""FMOD0110"", ""FMOD0066"", ""FMOD0005"", ""FMOD0080"", ""FMOD0067""]",1.0,True,20.0
20,REAL,HIGH_RECALL,Q6K00197,20,15662,20,5.423286,"[""FMOD0102"", ""FMOD0005"", ""FMOD0110"", ""FMOD0083"", ""FMOD0035"", ""FMOD0016"", ""FMOD0023"", ""FMOD0031"", ""FMOD0113"", ""FMOD0104""]",1.0,True,20.0
20,REAL,HIGH_RECALL,Q6K00199,20,15662,20,5.536196,"[""FMOD0067"", ""FMOD0102"", ""FMOD0023"", ""FMOD0005"", ""FMOD0110"", ""FMOD0035"", ""FMOD0083"", ""FMOD0017"", ""FMOD0031"", ""FMOD0080""]",1.0,True,20.0
20,REAL,HIGH_RECALL,Q6K00200,20,15662,20,5.374724,"[""FMOD0023"", ""FMOD0102"", ""FMOD0035"", ""FMOD0016"", ""FMOD0110"", ""FMOD0005"", ""FMOD0083"", ""FMOD0031"", ""FMOD0067"", ""FMOD0089""]",1.0,True,20.0
20,REAL,HIGH_RECALL,Q6K00201,20,15662,20,5.415601,"[""FMOD0066"", ""FMOD0102"", ""FMOD0017"", ""FMOD0005"", ""FMOD0110"", ""FMOD0023"", ""FMOD0083"", ""FMOD0035"", ""FMOD0067"", ""FMOD0089""]",1.0,True,20.0
20,REAL,HIGH_RECALL,Q6K00205,20,15662,20,5.454162,"[""FMOD0023"", ""FMOD0035"", ""FMOD0016"", ""FMOD0102"", ""FMOD0005"", ""FMOD0067"", ""FMOD0083"", ""FMOD0110"", ""FMOD0113"", ""FMOD0089""]",1.0,True,20.0
20,REAL,HIGH_RECALL,Q6K00206,20,15662,20,5.416443,"[""FMOD0016"", ""FMOD0102"", ""FMOD0031"", ""FMOD0023"", ""FMOD0035"", ""FMOD0110"", ""FMOD0083"", ""FMOD0005"", ""FMOD0104"", ""FMOD0017""]",1.0,True,20.0
20,REAL,HIGH_RECALL,Q6K00207,20,15662,20,5.557602,"[""FMOD0023"", ""FMOD0035"", ""FMOD0102"", ""FMOD0110"", ""FMOD0005"", ""FMOD0083"", ""FMOD0067"", ""FMOD0089"", ""FMOD0104"", ""FMOD0116""]",1.0,True,20.0
20,REAL,HIGH_RECALL,Q6K00208,20,15662,20,6.028519,"[""FMOD0102"", ""FMOD0023"", ""FMOD0035"", ""FMOD0016"", ""FMOD0089"", ""FMOD0005"", ""FMOD0083"", ""FMOD0031"", ""FMOD0104"", ""FMOD0110""]",1.0,True,20.0
20,REAL,HIGH_RECALL,Q6K00212,20,15662,20,5.962469,"[""FMOD0023"", ""FMOD0102"", ""FMOD0035"", ""FMOD0005"", ""FMOD0067"", ""FMOD0110"", ""FMOD0017"", ""FMOD0083"", ""FMOD0076"", ""FMOD0080""]",1.0,True,20.0
20,REAL,HIGH_RECALL,Q6K00216,20,15662,20,5.362912,"[""FMOD0016"", ""FMOD0035"", ""FMOD0023"", ""FMOD0102"", ""FMOD0031"", ""FMOD0110"", ""FMOD0089"", ""FMOD0005"", ""FMOD0083"", ""FMOD0104""]",1.0,True,20.0
20,REAL,HIGH_RECALL,Q6K00227,20,15662,20,5.50853,"[""FMOD0023"", ""FMOD0035"", ""FMOD0102"", ""FMOD0005"", ""FMOD0113"", ""FMOD0110"", ""FMOD0067"", ""FMOD0116"", ""FMOD0016"", ""FMOD0083""]",1.0,True,20.0
20,REAL,HIGH_RECALL,Q6K00232,20,15662,20,5.418328,"[""FMOD0023"", ""FMOD0102"", ""FMOD0035"", ""FMOD0110"", ""FMOD0067"", ""FMOD0005"", ""FMOD0083"", ""FMOD0080"", ""FMOD0017"", ""FMOD0031""]",1.0,True,20.0
20,REAL,HIGH_RECALL,Q6K00235,20,15662,20,5.587686,"[""FMOD0023"", ""FMOD0035"", ""FMOD0102"", ""FMOD0005"", ""FMOD0110"", ""FMOD0113"", ""FMOD0067"", ""FMOD0083"", ""FMOD0031"", ""FMOD0080""]",1.0,True,20.0
20,REAL,HIGH_RECALL,Q6K00236,20,15662,20,5.385976,"[""FMOD0023"", ""FMOD0035"", ""FMOD0102"", ""FMOD0110"", ""FMOD0031"", ""FMOD0083"", ""FMOD0005"", ""FMOD0067"", ""FMOD0089"", ""FMOD0080""]",1.0,True,20.0
20,REAL,HIGH_RECALL,Q6K00237,20,15662,20,5.455991,"[""FMOD0067"", ""FMOD0023"", ""FMOD0102"", ""FMOD0110"", ""FMOD0035"", ""FMOD0089"", ""FMOD0083"", ""FMOD0113"", ""FMOD0005"", ""FMOD0017""]",1.0,True,20.0
20,REAL,HIGH_RECALL,Q6K00240,20,15662,20,5.977103,"[""FMOD0110"", ""FMOD0104"", ""FMOD0035"", ""FMOD0023"", ""FMOD0102"", ""FMOD0083"", ""FMOD0005"", ""FMOD0031"", ""FMOD0116"", ""FMOD0067""]",1.0,True,20.0
20,REAL,HIGH_RECALL,Q6K00247,20,15662,20,5.615563,"[""FMOD0023"", ""FMOD0083"", ""FMOD0110"", ""FMOD0035"", ""FMOD0102"", ""FMOD0005"", ""FMOD0031"", ""FMOD0113"", ""FMOD0104"", ""FMOD0080""]",1.0,True,20.0
20,REAL,HIGH_RECALL,Q6K00251,20,15662,20,5.585674,"[""FMOD0067"", ""FMOD0023"", ""FMOD0113"", ""FMOD0102"", ""FMOD0035"", ""FMOD0110"", ""FMOD0005"", ""FMOD0031"", ""FMOD0104"", ""FMOD0083""]",1.0,True,20.0
20,REAL,HIGH_RECALL,Q6K00252,20,15662,20,5.703268,"[""FMOD0023"", ""FMOD0035"", ""FMOD0102"", ""FMOD0031"", ""FMOD0005"", ""FMOD0110"", ""FMOD0083"", ""FMOD0113"", ""FMOD0066"", ""FMOD0016""]",1.0,True,20.0
20,REAL,HIGH_RECALL,Q6K00258,20,15662,20,5.387746,"[""FMOD0023"", ""FMOD0035"", ""FMOD0102"", ""FMOD0110"", ""FMOD0005"", ""FMOD0083"", ""FMOD0017"", ""FMOD0080"", ""FMOD0031"", ""FMOD0113""]",1.0,True,20.0
20,REAL,HIGH_RECALL,Q6K00259,20,15662,20,5.371701,"[""FMOD0089"", ""FMOD0023"", ""FMOD0035"", ""FMOD0102"", ""FMOD0005"", ""FMOD0083"", ""FMOD0031"", ""FMOD0110"", ""FMOD0016"", ""FMOD0080""]",1.0,True,20.0
20,REAL,HIGH_RECALL,Q6K00262,20,15662,20,5.414654,"[""FMOD0023"", ""FMOD0100"", ""FMOD0102"", ""FMOD0005"", ""FMOD0110"", ""FMOD0035"", ""FMOD0083"", ""FMOD0080"", ""FMOD0113"", ""FMOD0031""]",1.0,True,20.0
20,REAL,HIGH_RECALL,Q6K00264,20,15662,20,5.375417,"[""FMOD0066"", ""FMOD0035"", ""FMOD0023"", ""FMOD0005"", ""FMOD0102"", ""FMOD0083"", ""FMOD0110"", ""FMOD0089"", ""FMOD0113"", ""FMOD0080""]",1.0,True,20.0
20,REAL,HIGH_RECALL,Q6K00267,20,15662,20,5.559741,"[""FMOD0023"", ""FMOD0100"", ""FMOD0035"", ""FMOD0102"", ""FMOD0110"", ""FMOD0005"", ""FMOD0083"", ""FMOD0089"", ""FMOD0104"", ""FMOD0067""]",1.0,True,20.0
20,REAL,HIGH_RECALL,Q6K00268,20,15662,20,5.404376,"[""FMOD0023"", ""FMOD0035"", ""FMOD0102"", ""FMOD0083"", ""FMOD0005"", ""FMOD0110"", ""FMOD0031"", ""FMOD0089"", ""FMOD0113"", ""FMOD0067""]",1.0,True,20.0
20,REAL,HIGH_RECALL,Q6K00271,20,15662,20,5.285101,"[""FMOD0023"", ""FMOD0035"", ""FMOD0102"", ""FMOD0110"", ""FMOD0005"", ""FMOD0113"", ""FMOD0080"", ""FMOD0031"", ""FMOD0083"", ""FMOD0017""]",1.0,True,20.0
20,REAL,HIGH_RECALL,Q6K00273,20,15662,20,5.618591,"[""FMOD0023"", ""FMOD0005"", ""FMOD0102"", ""FMOD0110"", ""FMOD0035"", ""FMOD0083"", ""FMOD0089"", ""FMOD0080"", ""FMOD0113"", ""FMOD0104""]",1.0,True,20.0
20,REAL,HIGH_RECALL,Q6K00274,20,15662,20,5.507836,"[""FMOD0067"", ""FMOD0113"", ""FMOD0023"", ""FMOD0035"", ""FMOD0110"", ""FMOD0102"", ""FMOD0083"", ""FMOD0116"", ""FMOD0005"", ""FMOD0076""]",1.0,True,20.0
20,REAL,HIGH_RECALL,Q6K00275,20,15662,20,5.533351,"[""FMOD0102"", ""FMOD0023"", ""FMOD0035"", ""FMOD0110"", ""FMOD0067"", ""FMOD0113"", ""FMOD0066"", ""FMOD0005"", ""FMOD0031"", ""FMOD0089""]",1.0,True,20.0
20,REAL,HIGH_RECALL,Q6K00283,20,15662,20,5.554943,"[""FMOD0035"", ""FMOD0023"", ""FMOD0102"", ""FMOD0083"", ""FMOD0017"", ""FMOD0110"", ""FMOD0031"", ""FMOD0005"", ""FMOD0104"", ""FMOD0116""]",1.0,True,20.0
20,REAL,HIGH_RECALL,Q6K00287,20,15662,20,5.388302,"[""FMOD0089"", ""FMOD0067"", ""FMOD0113"", ""FMOD0035"", ""FMOD0023"", ""FMOD0005"", ""FMOD0110"", ""FMOD0102"", ""FMOD0016"", ""FMOD0017""]",1.0,True,20.0
20,REAL,HIGH_RECALL,Q6K00293,20,15662,20,5.49077,"[""FMOD0035"", ""FMOD0102"", ""FMOD0023"", ""FMOD0083"", ""FMOD0031"", ""FMOD0110"", ""FMOD0005"", ""FMOD0067"", ""FMOD0016"", ""FMOD0113""]",1.0,True,20.0
20,REAL,HIGH_RECALL,Q6K00295,20,15662,20,5.645008,"[""FMOD0066"", ""FMOD0023"", ""FMOD0102"", ""FMOD0035"", ""FMOD0110"", ""FMOD0005"", ""FMOD0031"", ""FMOD0083"", ""FMOD0104"", ""FMOD0089""]",1.0,True,20.0
20,REAL,HIGH_RECALL,Q6K00296,20,15662,20,5.64519,"[""FMOD0066"", ""FMOD0035"", ""FMOD0023"", ""FMOD0102"", ""FMOD0005"", ""FMOD0110"", ""FMOD0113"", ""FMOD0067"", ""FMOD0083"", ""FMOD0017""]",1.0,True,20.0
20,REAL,HIGH_RECALL,Q6K00298,20,15662,20,5.435321,"[""FMOD0023"", ""FMOD0102"", ""FMOD0035"", ""FMOD0083"", ""FMOD0017"", ""FMOD0005"", ""FMOD0110"", ""FMOD0031"", ""FMOD0080"", ""FMOD0113""]",1.0,True,20.0
20,REAL,HIGH_RECALL,Q6K00299,20,15662,20,5.757025,"[""FMOD0089"", ""FMOD0035"", ""FMOD0102"", ""FMOD0023"", ""FMOD0110"", ""FMOD0005"", ""FMOD0067"", ""FMOD0083"", ""FMOD0031"", ""FMOD0104""]",1.0,True,20.0
20,REAL,HIGH_RECALL,Q6K00304,20,15662,20,5.561981,"[""FMOD0083"", ""FMOD0023"", ""FMOD0035"", ""FMOD0110"", ""FMOD0102"", ""FMOD0113"", ""FMOD0067"", ""FMOD0089"", ""FMOD0104"", ""FMOD0005""]",1.0,True,20.0
20,REAL,HIGH_RECALL,Q6K00310,20,15662,20,5.560632,"[""FMOD0005"", ""FMOD0035"", ""FMOD0023"", ""FMOD0102"", ""FMOD0110"", ""FMOD0016"", ""FMOD0083"", ""FMOD0089"", ""FMOD0067"", ""FMOD0080""]",1.0,True,20.0
20,REAL,HIGH_RECALL,Q6K00313,20,15662,20,5.924107,"[""FMOD0061"", ""FMOD0083"", ""FMOD0066"", ""FMOD0005"", ""FMOD0102"", ""FMOD0110"", ""FMOD0016"", ""FMOD0035"", ""FMOD0023"", ""FMOD0113""]",1.0,True,20.0
20,REAL,HIGH_RECALL,Q6K00317,20,15662,20,5.473261,"[""FMOD0061"", ""FMOD0089"", ""FMOD0035"", ""FMOD0005"", ""FMOD0110"", ""FMOD0083"", ""FMOD0102"", ""FMOD0113"", ""FMOD0023"", ""FMOD0067""]",1.0,True,20.0
20,REAL,HIGH_RECALL,Q6K00318,20,15662,20,5.656793,"[""FMOD0023"", ""FMOD0035"", ""FMOD0102"", ""FMOD0110"", ""FMOD0005"", ""FMOD0067"", ""FMOD0083"", ""FMOD0113"", ""FMOD0089"", ""FMOD0076""]",1.0,True,20.0
20,REAL,HIGH_RECALL,Q6K00325,20,15662,20,5.506021,"[""FMOD0023"", ""FMOD0035"", ""FMOD0110"", ""FMOD0102"", ""FMOD0083"", ""FMOD0005"", ""FMOD0113"", ""FMOD0031"", ""FMOD0067"", ""FMOD0080""]",1.0,True,20.0
20,REAL,HIGH_RECALL,Q6K00326,20,15662,20,5.48021,"[""FMOD0066"", ""FMOD0023"", ""FMOD0102"", ""FMOD0035"", ""FMOD0110"", ""FMOD0083"", ""FMOD0016"", ""FMOD0017"", ""FMOD0067"", ""FMOD0116""]",1.0,True,20.0
20,REAL,HIGH_RECALL,Q6K00327,20,15662,19,5.709707,"[""FMOD0016"", ""FMOD0102"", ""FMOD0023"", ""FMOD0035"", ""FMOD0116"", ""FMOD0110"", ""FMOD0083"", ""FMOD0005"", ""FMOD0089"", ""FMOD0067""]",1.0,True,19.0
20,REAL,HIGH_RECALL,Q6K00332,20,15662,20,5.945415,"[""FMOD0035"", ""FMOD0023"", ""FMOD0102"", ""FMOD0110"", ""FMOD0005"", ""FMOD0083"", ""FMOD0113"", ""FMOD0116"", ""FMOD0017"", ""FMOD0067""]",1.0,True,20.0
20,REAL,HIGH_RECALL,Q6K00333,20,15662,20,5.82498,"[""FMOD0083"", ""FMOD0110"", ""FMOD0035"", ""FMOD0102"", ""FMOD0023"", ""FMOD0005"", ""FMOD0067"", ""FMOD0113"", ""FMOD0031"", ""FMOD0104""]",1.0,True,20.0
20,REAL,HIGH_RECALL,Q6K00336,20,15662,20,5.744047,"[""FMOD0023"", ""FMOD0102"", ""FMOD0035"", ""FMOD0110"", ""FMOD0083"", ""FMOD0031"", ""FMOD0113"", ""FMOD0016"", ""FMOD0005"", ""FMOD0089""]",1.0,True,20.0
20,REAL,HIGH_RECALL,Q6K00338,20,15662,20,5.524114,"[""FMOD0067"", ""FMOD0023"", ""FMOD0035"", ""FMOD0102"", ""FMOD0110"", ""FMOD0089"", ""FMOD0113"", ""FMOD0005"", ""FMOD0031"", ""FMOD0016""]",1.0,True,20.0
20,REAL,HIGH_RECALL,Q6K00340,20,15662,20,5.678122,"[""FMOD0089"", ""FMOD0023"", ""FMOD0035"", ""FMOD0102"", ""FMOD0110"", ""FMOD0083"", ""FMOD0113"", ""FMOD0005"", ""FMOD0031"", ""FMOD0067""]",1.0,True,20.0
20,REAL,HIGH_RECALL,Q6K00342,20,15662,20,5.530659,"[""FMOD0023"", ""FMOD0102"", ""FMOD0035"", ""FMOD0110"", ""FMOD0104"", ""FMOD0005"", ""FMOD0067"", ""FMOD0083"", ""FMOD0116"", ""FMOD0031""]",1.0,True,20.0
20,REAL,HIGH_RECALL,Q6K00343,20,15662,20,5.480881,"[""FMOD0016"", ""FMOD0102"", ""FMOD0023"", ""FMOD0035"", ""FMOD0005"", ""FMOD0116"", ""FMOD0110"", ""FMOD0089"", ""FMOD0067"", ""FMOD0104""]",1.0,True,20.0
20,REAL,HIGH_RECALL,Q6K00344,20,15662,20,7.109888,"[""FMOD0023"", ""FMOD0035"", ""FMOD0102"", ""FMOD0089"", ""FMOD0110"", ""FMOD0031"", ""FMOD0083"", ""FMOD0005"", ""FMOD0016"", ""FMOD0113""]",1.0,True,20.0
20,REAL,HIGH_RECALL,Q6K00351,20,15662,20,5.721592,"[""FMOD0005"", ""FMOD0035"", ""FMOD0023"", ""FMOD0102"", ""FMOD0110"", ""FMOD0083"", ""FMOD0089"", ""FMOD0104"", ""FMOD0116"", ""FMOD0031""]",1.0,True,20.0
20,REAL,HIGH_RECALL,Q6K00355,20,15662,20,6.48835,"[""FMOD0023"", ""FMOD0035"", ""FMOD0016"", ""FMOD0102"", ""FMOD0110"", ""FMOD0083"", ""FMOD0067"", ""FMOD0031"", ""FMOD0116"", ""FMOD0005""]",1.0,True,20.0
20,REAL,HIGH_RECALL,Q6K00359,20,15662,20,5.940632,"[""FMOD0023"", ""FMOD0035"", ""FMOD0110"", ""FMOD0102"", ""FMOD0005"", ""FMOD0089"", ""FMOD0083"", ""FMOD0113"", ""FMOD0104"", ""FMOD0067""]",1.0,True,20.0
20,REAL,HIGH_RECALL,Q6K00360,20,15662,20,6.3071,"[""FMOD0066"", ""FMOD0035"", ""FMOD0023"", ""FMOD0102"", ""FMOD0110"", ""FMOD0005"", ""FMOD0083"", ""FMOD0031"", ""FMOD0089"", ""FMOD0116""]",1.0,True,20.0
20,REAL,HIGH_RECALL,Q6K00363,20,15662,20,6.123084,"[""FMOD0066"", ""FMOD0102"", ""FMOD0035"", ""FMOD0023"", ""FMOD0005"", ""FMOD0110"", ""FMOD0083"", ""FMOD0104"", ""FMOD0080"", ""FMOD0031""]",1.0,True,20.0
20,REAL,HIGH_RECALL,Q6K00365,20,15662,20,5.735322,"[""FMOD0023"", ""FMOD0035"", ""FMOD0102"", ""FMOD0110"", ""FMOD0089"", ""FMOD0104"", ""FMOD0016"", ""FMOD0005"", ""FMOD0067"", ""FMOD0083""]",1.0,True,20.0
20,REAL,HIGH_RECALL,Q6K00372,20,15662,20,6.39451,"[""FMOD0023"", ""FMOD0035"", ""FMOD0016"", ""FMOD0102"", ""FMOD0110"", ""FMOD0104"", ""FMOD0067"", ""FMOD0005"", ""FMOD0083"", ""FMOD0089""]",1.0,True,20.0
20,REAL,HIGH_RECALL,Q6K00375,20,15662,20,6.03088,"[""FMOD0023"", ""FMOD0035"", ""FMOD0102"", ""FMOD0083"", ""FMOD0110"", ""FMOD0005"", ""FMOD0017"", ""FMOD0031"", ""FMOD0080"", ""FMOD0113""]",1.0,True,20.0
20,REAL,HIGH_RECALL,Q6K00377,20,15662,20,5.490257,"[""FMOD0023"", ""FMOD0100"", ""FMOD0102"", ""FMOD0035"", ""FMOD0110"", ""FMOD0083"", ""FMOD0005"", ""FMOD0113"", ""FMOD0067"", ""FMOD0104""]",1.0,True,20.0
20,REAL,HIGH_RECALL,Q6K00378,20,15662,20,5.647982,"[""FMOD0023"", ""FMOD0083"", ""FMOD0102"", ""FMOD0110"", ""FMOD0005"", ""FMOD0035"", ""FMOD0080"", ""FMOD0031"", ""FMOD0104"", ""FMOD0016""]",1.0,True,20.0
20,REAL,HIGH_RECALL,Q6K00380,20,15662,20,5.398519,"[""FMOD0023"", ""FMOD0035"", ""FMOD0110"", ""FMOD0102"", ""FMOD0005"", ""FMOD0113"", ""FMOD0031"", ""FMOD0089"", ""FMOD0016"", ""FMOD0083""]",1.0,True,20.0
20,REAL,HIGH_RECALL,Q6K00384,20,15662,20,5.659633,"[""FMOD0083"", ""FMOD0035"", ""FMOD0005"", ""FMOD0102"", ""FMOD0023"", ""FMOD0110"", ""FMOD0113"", ""FMOD0031"", ""FMOD0080"", ""FMOD0017""]",1.0,True,20.0
20,REAL,HIGH_RECALL,Q6K00389,20,15662,20,5.8191,"[""FMOD0023"", ""FMOD0102"", ""FMOD0035"", ""FMOD0067"", ""FMOD0016"", ""FMOD0110"", ""FMOD0005"", ""FMOD0083"", ""FMOD0116"", ""FMOD0017""]",1.0,True,20.0
20,REAL,HIGH_RECALL,Q6K00390,20,15662,20,5.511854,"[""FMOD0023"", ""FMOD0102"", ""FMOD0035"", ""FMOD0110"", ""FMOD0031"", ""FMOD0067"", ""FMOD0083"", ""FMOD0005"", ""FMOD0113"", ""FMOD0080""]",1.0,True,20.0
20,REAL,HIGH_RECALL,Q6K00393,20,15662,20,5.638911,"[""FMOD0023"", ""FMOD0102"", ""FMOD0113"", ""FMOD0035"", ""FMOD0083"", ""FMOD0110"", ""FMOD0089"", ""FMOD0005"", ""FMOD0067"", ""FMOD0017""]",1.0,True,20.0
20,REAL,HIGH_RECALL,Q6K00395,20,15662,20,5.531658,"[""FMOD0035"", ""FMOD0023"", ""FMOD0067"", ""FMOD0083"", ""FMOD0102"", ""FMOD0005"", ""FMOD0110"", ""FMOD0089"", ""FMOD0113"", ""FMOD0104""]",1.0,True,20.0
20,REAL,HIGH_RECALL,Q6K00396,20,15662,20,5.485033,"[""FMOD0066"", ""FMOD0035"", ""FMOD0023"", ""FMOD0102"", ""FMOD0017"", ""FMOD0005"", ""FMOD0104"", ""FMOD0083"", ""FMOD0110"", ""FMOD0067""]",1.0,True,20.0
20,REAL,HIGH_RECALL,Q6K00400,20,15662,20,5.957471,"[""FMOD0023"", ""FMOD0035"", ""FMOD0100"", ""FMOD0031"", ""FMOD0102"", ""FMOD0083"", ""FMOD0113"", ""FMOD0067"", ""FMOD0005"", ""FMOD0080""]",1.0,True,20.0
20,REAL,HIGH_RECALL,Q6K00403,20,15662,20,5.396486,"[""FMOD0035"", ""FMOD0080"", ""FMOD0102"", ""FMOD0005"", ""FMOD0110"", ""FMOD0113"", ""FMOD0031"", ""FMOD0023"", ""FMOD0089"", ""FMOD0083""]",1.0,True,20.0
20,REAL,HIGH_RECALL,Q6K00405,20,15662,20,5.334992,"[""FMOD0016"", ""FMOD0102"", ""FMOD0031"", ""FMOD0023"", ""FMOD0035"", ""FMOD0110"", ""FMOD0089"", ""FMOD0104"", ""FMOD0005"", ""FMOD0083""]",1.0,True,20.0
20,REAL,HIGH_RECALL,Q6K00407,20,15662,20,5.974886,"[""FMOD0005"", ""FMOD0102"", ""FMOD0023"", ""FMOD0104"", ""FMOD0110"", ""FMOD0035"", ""FMOD0083"", ""FMOD0031"", ""FMOD0067"", ""FMOD0089""]",1.0,True,20.0
20,REAL,HIGH_RECALL,Q6K00410,20,15662,20,5.484883,"[""FMOD0005"", ""FMOD0023"", ""FMOD0035"", ""FMOD0089"", ""FMOD0113"", ""FMOD0110"", ""FMOD0083"", ""FMOD0116"", ""FMOD0080"", ""FMOD0067""]",1.0,True,20.0
20,REAL,HIGH_RECALL,Q6K00417,20,15662,20,5.5416,"[""FMOD0102"", ""FMOD0035"", ""FMOD0023"", ""FMOD0067"", ""FMOD0005"", ""FMOD0116"", ""FMOD0089"", ""FMOD0080"", ""FMOD0110"", ""FMOD0083""]",1.0,True,20.0
20,REAL,HIGH_RECALL,Q6K00420,20,15662,20,5.735278,"[""FMOD0067"", ""FMOD0023"", ""FMOD0035"", ""FMOD0102"", ""FMOD0110"", ""FMOD0005"", ""FMOD0113"", ""FMOD0017"", ""FMOD0083"", ""FMOD0104""]",1.0,True,20.0
20,REAL,HIGH_RECALL,Q6K00422,20,15662,20,5.528266,"[""FMOD0083"", ""FMOD0035"", ""FMOD0102"", ""FMOD0023"", ""FMOD0110"", ""FMOD0005"", ""FMOD0104"", ""FMOD0113"", ""FMOD0067"", ""FMOD0080""]",1.0,True,20.0
20,REAL,HIGH_RECALL,Q6K00423,20,15662,20,5.476945,"[""FMOD0061"", ""FMOD0035"", ""FMOD0102"", ""FMOD0110"", ""FMOD0067"", ""FMOD0005"", ""FMOD0023"", ""FMOD0080"", ""FMOD0089"", ""FMOD0031""]",1.0,True,20.0
20,REAL,HIGH_RECALL,Q6K00424,20,15662,20,5.516078,"[""FMOD0102"", ""FMOD0035"", ""FMOD0023"", ""FMOD0113"", ""FMOD0083"", ""FMOD0110"", ""FMOD0005"", ""FMOD0031"", ""FMOD0080"", ""FMOD0104""]",1.0,True,20.0
20,REAL,HIGH_RECALL,Q6K00427,20,15662,20,5.573114,"[""FMOD0005"", ""FMOD0035"", ""FMOD0102"", ""FMOD0023"", ""FMOD0016"", ""FMOD0110"", ""FMOD0083"", ""FMOD0031"", ""FMOD0067"", ""FMOD0113""]",1.0,True,20.0
20,REAL,HIGH_RECALL,Q6K00435,20,15662,20,5.62627,"[""FMOD0102"", ""FMOD0023"", ""FMOD0035"", ""FMOD0110"", ""FMOD0005"", ""FMOD0089"", ""FMOD0067"", ""FMOD0104"", ""FMOD0083"", ""FMOD0016""]",1.0,True,20.0
20,REAL,HIGH_RECALL,Q6K00436,20,15662,20,5.610671,"[""FMOD0023"", ""FMOD0035"", ""FMOD0102"", ""FMOD0110"", ""FMOD0005"", ""FMOD0116"", ""FMOD0113"", ""FMOD0083"", ""FMOD0080"", ""FMOD0067""]",1.0,True,20.0
20,REAL,HIGH_RECALL,Q6K00438,20,15662,20,5.436959,"[""FMOD0023"", ""FMOD0102"", ""FMOD0035"", ""FMOD0110"", ""FMOD0005"", ""FMOD0016"", ""FMOD0089"", ""FMOD0067"", ""FMOD0113"", ""FMOD0083""]",1.0,True,20.0
20,REAL,HIGH_RECALL,Q6K00442,20,15662,20,5.957358,"[""FMOD0023"", ""FMOD0035"", ""FMOD0102"", ""FMOD0110"", ""FMOD0005"", ""FMOD0089"", ""FMOD0113"", ""FMOD0067"", ""FMOD0083"", ""FMOD0104""]",1.0,True,20.0
20,REAL,HIGH_RECALL,Q6K00443,20,15662,20,5.568339,"[""FMOD0035"", ""FMOD0023"", ""FMOD0102"", ""FMOD0104"", ""FMOD0110"", ""FMOD0083"", ""FMOD0089"", ""FMOD0005"", ""FMOD0080"", ""FMOD0016""]",1.0,True,20.0
20,REAL,HIGH_RECALL,Q6K00444,20,15662,20,5.796205,"[""FMOD0023"", ""FMOD0102"", ""FMOD0035"", ""FMOD0005"", ""FMOD0110"", ""FMOD0067"", ""FMOD0083"", ""FMOD0017"", ""FMOD0089"", ""FMOD0104""]",1.0,True,20.0
20,REAL,HIGH_RECALL,Q6K00446,20,15662,20,5.665415,"[""FMOD0067"", ""FMOD0023"", ""FMOD0035"", ""FMOD0102"", ""FMOD0110"", ""FMOD0005"", ""FMOD0083"", ""FMOD0113"", ""FMOD0089"", ""FMOD0104""]",1.0,True,20.0
20,REAL,HIGH_RECALL,Q6K00453,20,15662,20,5.350018,"[""FMOD0023"", ""FMOD0035"", ""FMOD0102"", ""FMOD0083"", ""FMOD0110"", ""FMOD0005"", ""FMOD0089"", ""FMOD0031"", ""FMOD0113"", ""FMOD0080""]",1.0,True,20.0
20,REAL,HIGH_RECALL,Q6K00456,20,15662,20,5.750822,"[""FMOD0016"", ""FMOD0067"", ""FMOD0113"", ""FMOD0083"", ""FMOD0023"", ""FMOD0005"", ""FMOD0035"", ""FMOD0102"", ""FMOD0110"", ""FMOD0116""]",1.0,True,20.0
20,REAL,HIGH_RECALL,Q6K00458,20,15662,20,5.312265,"[""FMOD0023"", ""FMOD0035"", ""FMOD0016"", ""FMOD0102"", ""FMOD0110"", ""FMOD0005"", ""FMOD0031"", ""FMOD0113"", ""FMOD0067"", ""FMOD0104""]",1.0,True,20.0
20,REAL,HIGH_RECALL,Q6K00461,20,15662,20,5.413477,"[""FMOD0089"", ""FMOD0035"", ""FMOD0023"", ""FMOD0102"", ""FMOD0005"", ""FMOD0116"", ""FMOD0110"", ""FMOD0083"", ""FMOD0104"", ""FMOD0080""]",1.0,True,20.0
20,REAL,HIGH_RECALL,Q6K00465,20,15662,20,5.644976,"[""FMOD0083"", ""FMOD0023"", ""FMOD0035"", ""FMOD0110"", ""FMOD0102"", ""FMOD0104"", ""FMOD0005"", ""FMOD0080"", ""FMOD0067"", ""FMOD0116""]",1.0,True,20.0
20,REAL,HIGH_RECALL,Q6K00470,20,15662,20,5.808059,"[""FMOD0102"", ""FMOD0061"", ""FMOD0035"", ""FMOD0110"", ""FMOD0031"", ""FMOD0023"", ""FMOD0016"", ""FMOD0083"", ""FMOD0005"", ""FMOD0067""]",1.0,True,20.0
20,REAL,HIGH_RECALL,Q6K00471,20,15662,20,5.567035,"[""FMOD0023"", ""FMOD0102"", ""FMOD0035"", ""FMOD0110"", ""FMOD0005"", ""FMOD0113"", ""FMOD0083"", ""FMOD0089"", ""FMOD0031"", ""FMOD0017""]",1.0,True,20.0
20,REAL,HIGH_RECALL,Q6K00473,20,15662,20,5.713849,"[""FMOD0023"", ""FMOD0083"", ""FMOD0067"", ""FMOD0035"", ""FMOD0102"", ""FMOD0110"", ""FMOD0005"", ""FMOD0031"", ""FMOD0017"", ""FMOD0113""]",1.0,True,20.0
20,REAL,HIGH_RECALL,Q6K00479,20,15662,20,5.502806,"[""FMOD0066"", ""FMOD0035"", ""FMOD0102"", ""FMOD0023"", ""FMOD0110"", ""FMOD0083"", ""FMOD0005"", ""FMOD0080"", ""FMOD0104"", ""FMOD0031""]",1.0,True,20.0
20,REAL,HIGH_RECALL,Q6K00481,20,15662,20,5.527814,"[""FMOD0035"", ""FMOD0023"", ""FMOD0102"", ""FMOD0083"", ""FMOD0005"", ""FMOD0110"", ""FMOD0104"", ""FMOD0116"", ""FMOD0031"", ""FMOD0113""]",1.0,True,20.0
20,REAL,HIGH_RECALL,Q6K00484,20,15662,20,5.368365,"[""FMOD0035"", ""FMOD0023"", ""FMOD0102"", ""FMOD0016"", ""FMOD0110"", ""FMOD0005"", ""FMOD0089"", ""FMOD0083"", ""FMOD0113"", ""FMOD0067""]",1.0,True,20.0
20,REAL,HIGH_RECALL,Q6K00485,20,15662,20,5.441935,"[""FMOD0035"", ""FMOD0023"", ""FMOD0067"", ""FMOD0083"", ""FMOD0102"", ""FMOD0113"", ""FMOD0110"", ""FMOD0005"", ""FMOD0104"", ""FMOD0031""]",1.0,True,20.0
20,REAL,HIGH_RECALL,Q6K00489,20,15662,20,6.069896,"[""FMOD0080"", ""FMOD0023"", ""FMOD0102"", ""FMOD0110"", ""FMOD0035"", ""FMOD0083"", ""FMOD0116"", ""FMOD0067"", ""FMOD0104"", ""FMOD0005""]",1.0,True,20.0
20,REAL,HIGH_RECALL,Q6K00495,20,15662,20,5.479277,"[""FMOD0083"", ""FMOD0023"", ""FMOD0035"", ""FMOD0110"", ""FMOD0102"", ""FMOD0031"", ""FMOD0005"", ""FMOD0113"", ""FMOD0080"", ""FMOD0017""]",1.0,True,20.0
20,REAL,HIGH_RECALL,Q6K00498,20,15662,20,5.353255,"[""FMOD0023"", ""FMOD0100"", ""FMOD0035"", ""FMOD0102"", ""FMOD0031"", ""FMOD0110"", ""FMOD0083"", ""FMOD0005"", ""FMOD0067"", ""FMOD0089""]",1.0,True,20.0
20,REAL,HIGH_RECALL,Q6K00507,20,15662,20,6.091767,"[""FMOD0023"", ""FMOD0035"", ""FMOD0016"", ""FMOD0110"", ""FMOD0113"", ""FMOD0102"", ""FMOD0005"", ""FMOD0116"", ""FMOD0104"", ""FMOD0083""]",1.0,True,20.0
20,REAL,HIGH_RECALL,Q6K00511,20,15662,20,5.527908,"[""FMOD0083"", ""FMOD0102"", ""FMOD0110"", ""FMOD0023"", ""FMOD0005"", ""FMOD0035"", ""FMOD0080"", ""FMOD0031"", ""FMOD0104"", ""FMOD0067""]",1.0,True,20.0
20,REAL,HIGH_RECALL,Q6K00512,20,15662,20,5.376314,"[""FMOD0035"", ""FMOD0023"", ""FMOD0110"", ""FMOD0083"", ""FMOD0031"", ""FMOD0005"", ""FMOD0080"", ""FMOD0067"", ""FMOD0102"", ""FMOD0089""]",1.0,True,20.0
20,REAL,HIGH_RECALL,Q6K00513,20,15662,20,5.887437,"[""FMOD0110"", ""FMOD0023"", ""FMOD0083"", ""FMOD0067"", ""FMOD0035"", ""FMOD0102"", ""FMOD0031"", ""FMOD0005"", ""FMOD0104"", ""FMOD0113""]",1.0,True,20.0
20,REAL,HIGH_RECALL,Q6K00517,20,15662,20,5.463515,"[""FMOD0023"", ""FMOD0102"", ""FMOD0110"", ""FMOD0035"", ""FMOD0083"", ""FMOD0089"", ""FMOD0104"", ""FMOD0005"", ""FMOD0017"", ""FMOD0031""]",1.0,True,20.0
20,REAL,HIGH_RECALL,Q6K00518,20,15662,20,5.693898,"[""FMOD0035"", ""FMOD0102"", ""FMOD0110"", ""FMOD0083"", ""FMOD0023"", ""FMOD0005"", ""FMOD0104"", ""FMOD0016"", ""FMOD0031"", ""FMOD0113""]",1.0,True,20.0
20,REAL,HIGH_RECALL,Q6K00523,20,15662,20,5.367222,"[""FMOD0035"", ""FMOD0023"", ""FMOD0102"", ""FMOD0110"", ""FMOD0083"", ""FMOD0089"", ""FMOD0104"", ""FMOD0005"", ""FMOD0067"", ""FMOD0080""]",1.0,True,20.0
20,REAL,HIGH_RECALL,Q6K00528,20,15662,20,5.449829,"[""FMOD0035"", ""FMOD0023"", ""FMOD0005"", ""FMOD0102"", ""FMOD0083"", ""FMOD0016"", ""FMOD0110"", ""FMOD0089"", ""FMOD0104"", ""FMOD0031""]",1.0,True,20.0
20,REAL,HIGH_RECALL,Q6K00530,20,15662,20,5.761528,"[""FMOD0035"", ""FMOD0023"", ""FMOD0067"", ""FMOD0083"", ""FMOD0102"", ""FMOD0113"", ""FMOD0110"", ""FMOD0005"", ""FMOD0031"", ""FMOD0104""]",1.0,True,20.0
20,REAL,HIGH_RECALL,Q6K00531,20,15662,20,5.345214,"[""FMOD0035"", ""FMOD0023"", ""FMOD0102"", ""FMOD0110"", ""FMOD0089"", ""FMOD0083"", ""FMOD0005"", ""FMOD0104"", ""FMOD0067"", ""FMOD0113""]",1.0,True,20.0
20,REAL,HIGH_RECALL,Q6K00533,20,15662,20,5.345282,"[""FMOD0023"", ""FMOD0110"", ""FMOD0102"", ""FMOD0035"", ""FMOD0067"", ""FMOD0005"", ""FMOD0083"", ""FMOD0104"", ""FMOD0080"", ""FMOD0113""]",1.0,True,20.0
20,REAL,HIGH_RECALL,Q6K00535,20,15662,20,5.222896,"[""FMOD0035"", ""FMOD0102"", ""FMOD0110"", ""FMOD0023"", ""FMOD0104"", ""FMOD0017"", ""FMOD0031"", ""FMOD0005"", ""FMOD0083"", ""FMOD0080""]",1.0,True,20.0
20,REAL,HIGH_RECALL,Q6K00537,20,15662,20,5.335592,"[""FMOD0023"", ""FMOD0100"", ""FMOD0035"", ""FMOD0102"", ""FMOD0110"", ""FMOD0083"", ""FMOD0113"", ""FMOD0031"", ""FMOD0067"", ""FMOD0005""]",1.0,True,20.0
20,REAL,HIGH_RECALL,Q6K00538,20,15662,20,5.41135,"[""FMOD0023"", ""FMOD0100"", ""FMOD0035"", ""FMOD0005"", ""FMOD0102"", ""FMOD0104"", ""FMOD0110"", ""FMOD0083"", ""FMOD0113"", ""FMOD0031""]",1.0,True,20.0
40,REAL,EXACT,Q6K00183,40,23398,40,8.901011,"[""FMOD0023"", ""FMOD0036"", ""FMOD0035"", ""FMOD0120"", ""FMOD0102"", ""FMOD0110"", ""FMOD0005"", ""FMOD0077"", ""FMOD0069"", ""FMOD0031""]",1.0,True,
40,REAL,EXACT,Q6K00184,40,23398,40,8.758054,"[""FMOD0067"", ""FMOD0113"", ""FMOD0036"", ""FMOD0023"", ""FMOD0035"", ""FMOD0102"", ""FMOD0069"", ""FMOD0110"", ""FMOD0079"", ""FMOD0120""]",1.0,True,
40,REAL,EXACT,Q6K00193,40,23398,40,9.207077,"[""FMOD0025"", ""FMOD0069"", ""FMOD0023"", ""FMOD0080"", ""FMOD0102"", ""FMOD0120"", ""FMOD0077"", ""FMOD0035"", ""FMOD0113"", ""FMOD0005""]",1.0,True,
40,REAL,EXACT,Q6K00195,40,23398,40,9.61268,"[""FMOD0061"", ""FMOD0083"", ""FMOD0102"", ""FMOD0023"", ""FMOD0035"", ""FMOD0069"", ""FMOD0120"", ""FMOD0036"", ""FMOD0110"", ""FMOD0079""]",1.0,True,
40,REAL,EXACT,Q6K00197,40,23398,40,8.968159,"[""FMOD0069"", ""FMOD0102"", ""FMOD0005"", ""FMOD0120"", ""FMOD0033"", ""FMOD0036"", ""FMOD0110"", ""FMOD0105"", ""FMOD0079"", ""FMOD0077""]",1.0,True,
40,REAL,EXACT,Q6K00199,40,23398,40,8.751313,"[""FMOD0067"", ""FMOD0069"", ""FMOD0102"", ""FMOD0120"", ""FMOD0023"", ""FMOD0036"", ""FMOD0005"", ""FMOD0110"", ""FMOD0035"", ""FMOD0079""]",1.0,True,
40,REAL,EXACT,Q6K00200,40,23398,40,8.806689,"[""FMOD0051"", ""FMOD0023"", ""FMOD0035"", ""FMOD0016"", ""FMOD0120"", ""FMOD0079"", ""FMOD0102"", ""FMOD0110"", ""FMOD0036"", ""FMOD0040""]",1.0,True,
40,REAL,EXACT,Q6K00201,40,23398,40,8.974373,"[""FMOD0066"", ""FMOD0036"", ""FMOD0102"", ""FMOD0120"", ""FMOD0079"", ""FMOD0017"", ""FMOD0005"", ""FMOD0110"", ""FMOD0023"", ""FMOD0069""]",1.0,True,
40,REAL,EXACT,Q6K00205,40,23398,40,9.257561,"[""FMOD0051"", ""FMOD0023"", ""FMOD0035"", ""FMOD0016"", ""FMOD0102"", ""FMOD0079"", ""FMOD0069"", ""FMOD0120"", ""FMOD0067"", ""FMOD0036""]",1.0,True,
40,REAL,EXACT,Q6K00206,40,23398,40,8.788602,"[""FMOD0016"", ""FMOD0102"", ""FMOD0031"", ""FMOD0023"", ""FMOD0035"", ""FMOD0033"", ""FMOD0051"", ""FMOD0120"", ""FMOD0069"", ""FMOD0079""]",1.0,True,
40,REAL,EXACT,Q6K00207,40,23398,40,8.989948,"[""FMOD0023"", ""FMOD0035"", ""FMOD0120"", ""FMOD0102"", ""FMOD0069"", ""FMOD0077"", ""FMOD0110"", ""FMOD0079"", ""FMOD0036"", ""FMOD0025""]",1.0,True,
40,REAL,EXACT,Q6K00208,40,23398,40,8.425078,"[""FMOD0102"", ""FMOD0079"", ""FMOD0023"", ""FMOD0035"", ""FMOD0036"", ""FMOD0014"", ""FMOD0120"", ""FMOD0043"", ""FMOD0016"", ""FMOD0089""]",1.0,True,
40,REAL,EXACT,Q6K00212,40,23398,40,9.036146,"[""FMOD0023"", ""FMOD0120"", ""FMOD0102"", ""FMOD0036"", ""FMOD0035"", ""FMOD0043"", ""FMOD0079"", ""FMOD0069"", ""FMOD0005"", ""FMOD0033""]",1.0,True,
40,REAL,EXACT,Q6K00216,40,23398,40,8.755803,"[""FMOD0016"", ""FMOD0035"", ""FMOD0023"", ""FMOD0120"", ""FMOD0079"", ""FMOD0102"", ""FMOD0069"", ""FMOD0036"", ""FMOD0031"", ""FMOD0077""]",1.0,True,
40,REAL,EXACT,Q6K00227,40,23398,40,8.868077,"[""FMOD0023"", ""FMOD0069"", ""FMOD0035"", ""FMOD0120"", ""FMOD0036"", ""FMOD0079"", ""FMOD0102"", ""FMOD0113"", ""FMOD0005"", ""FMOD0086""]",1.0,True,
40,REAL,EXACT,Q6K00232,40,23398,40,8.958118,"[""FMOD0023"", ""FMOD0120"", ""FMOD0036"", ""FMOD0069"", ""FMOD0035"", ""FMOD0102"", ""FMOD0086"", ""FMOD0110"", ""FMOD0043"", ""FMOD0025""]",1.0,True,
40,REAL,EXACT,Q6K00235,40,23398,40,8.876287,"[""FMOD0023"", ""FMOD0036"", ""FMOD0069"", ""FMOD0035"", ""FMOD0120"", ""FMOD0079"", ""FMOD0102"", ""FMOD0005"", ""FMOD0086"", ""FMOD0033""]",1.0,True,
40,REAL,EXACT,Q6K00236,40,23398,40,8.869425,"[""FMOD0036"", ""FMOD0079"", ""FMOD0120"", ""FMOD0086"", ""FMOD0102"", ""FMOD0035"", ""FMOD0083"", ""FMOD0069"", ""FMOD0005"", ""FMOD0024""]",1.0,True,
40,REAL,EXACT,Q6K00237,40,23398,40,8.791242,"[""FMOD0067"", ""FMOD0120"", ""FMOD0023"", ""FMOD0102"", ""FMOD0110"", ""FMOD0069"", ""FMOD0035"", ""FMOD0036"", ""FMOD0079"", ""FMOD0089""]",1.0,True,
40,REAL,EXACT,Q6K00240,40,23398,40,8.785772,"[""FMOD0069"", ""FMOD0110"", ""FMOD0104"", ""FMOD0035"", ""FMOD0043"", ""FMOD0023"", ""FMOD0102"", ""FMOD0083"", ""FMOD0120"", ""FMOD0079""]",1.0,True,
40,REAL,EXACT,Q6K00247,40,23398,40,8.646533,"[""FMOD0069"", ""FMOD0023"", ""FMOD0083"", ""FMOD0025"", ""FMOD0110"", ""FMOD0079"", ""FMOD0035"", ""FMOD0120"", ""FMOD0003"", ""FMOD0102""]",1.0,True,
40,REAL,EXACT,Q6K00251,40,23398,40,8.729468,"[""FMOD0067"", ""FMOD0120"", ""FMOD0023"", ""FMOD0069"", ""FMOD0086"", ""FMOD0077"", ""FMOD0035"", ""FMOD0102"", ""FMOD0113"", ""FMOD0110""]",1.0,True,
40,REAL,EXACT,Q6K00252,40,23398,40,8.887176,"[""FMOD0043"", ""FMOD0086"", ""FMOD0035"", ""FMOD0023"", ""FMOD0102"", ""FMOD0069"", ""FMOD0079"", ""FMOD0024"", ""FMOD0120"", ""FMOD0025""]",1.0,True,
40,REAL,EXACT,Q6K00258,40,23398,40,9.156287,"[""FMOD0001"", ""FMOD0035"", ""FMOD0069"", ""FMOD0023"", ""FMOD0120"", ""FMOD0036"", ""FMOD0043"", ""FMOD0025"", ""FMOD0083"", ""FMOD0110""]",1.0,True,
40,REAL,EXACT,Q6K00259,40,23398,40,9.29959,"[""FMOD0043"", ""FMOD0089"", ""FMOD0035"", ""FMOD0102"", ""FMOD0023"", ""FMOD0069"", ""FMOD0079"", ""FMOD0024"", ""FMOD0120"", ""FMOD0025""]",1.0,True,
40,REAL,EXACT,Q6K00262,40,23398,40,8.621404,"[""FMOD0069"", ""FMOD0023"", ""FMOD0025"", ""FMOD0100"", ""FMOD0102"", ""FMOD0120"", ""FMOD0005"", ""FMOD0079"", ""FMOD0110"", ""FMOD0035""]",1.0,True,
40,REAL,EXACT,Q6K00264,40,23398,40,8.768597,"[""FMOD0043"", ""FMOD0066"", ""FMOD0035"", ""FMOD0023"", ""FMOD0079"", ""FMOD0005"", ""FMOD0102"", ""FMOD0077"", ""FMOD0120"", ""FMOD0036""]",1.0,True,
40,REAL,EXACT,Q6K00267,40,23398,40,8.64414,"[""FMOD0022"", ""FMOD0069"", ""FMOD0023"", ""FMOD0025"", ""FMOD0100"", ""FMOD0040"", ""FMOD0035"", ""FMOD0102"", ""FMOD0120"", ""FMOD0079""]",1.0,True,
40,REAL,EXACT,Q6K00268,40,23398,40,9.100762,"[""FMOD0077"", ""FMOD0069"", ""FMOD0083"", ""FMOD0035"", ""FMOD0005"", ""FMOD0086"", ""FMOD0033"", ""FMOD0079"", ""FMOD0102"", ""FMOD0120""]",1.0,True,
40,REAL,EXACT,Q6K00271,40,23398,40,8.795582,"[""FMOD0086"", ""FMOD0120"", ""FMOD0069"", ""FMOD0035"", ""FMOD0023"", ""FMOD0077"", ""FMOD0102"", ""FMOD0110"", ""FMOD0036"", ""FMOD0079""]",1.0,True,
40,REAL,EXACT,Q6K00273,40,23398,40,8.705964,"[""FMOD0023"", ""FMOD0043"", ""FMOD0079"", ""FMOD0102"", ""FMOD0005"", ""FMOD0120"", ""FMOD0083"", ""FMOD0086"", ""FMOD0110"", ""FMOD0036""]",1.0,True,
40,REAL,EXACT,Q6K00274,40,23398,40,8.94235,"[""FMOD0067"", ""FMOD0113"", ""FMOD0036"", ""FMOD0023"", ""FMOD0120"", ""FMOD0035"", ""FMOD0069"", ""FMOD0033"", ""FMOD0110"", ""FMOD0102""]",1.0,True,
40,REAL,EXACT,Q6K00275,40,23398,40,47.971221,"[""FMOD0086"", ""FMOD0102"", ""FMOD0067"", ""FMOD0023"", ""FMOD0035"", ""FMOD0043"", ""FMOD0077"", ""FMOD0069"", ""FMOD0120"", ""FMOD0036""]",1.0,True,
40,REAL,EXACT,Q6K00283,40,23398,40,9.374262,"[""FMOD0036"", ""FMOD0035"", ""FMOD0023"", ""FMOD0120"", ""FMOD0079"", ""FMOD0102"", ""FMOD0069"", ""FMOD0017"", ""FMOD0110"", ""FMOD0086""]",1.0,True,
40,REAL,EXACT,Q6K00287,40,23398,40,8.721137,"[""FMOD0003"", ""FMOD0089"", ""FMOD0067"", ""FMOD0014"", ""FMOD0113"", ""FMOD0036"", ""FMOD0120"", ""FMOD0035"", ""FMOD0005"", ""FMOD0069""]",1.0,True,
40,REAL,EXACT,Q6K00293,40,23398,40,9.12563,"[""FMOD0043"", ""FMOD0035"", ""FMOD0102"", ""FMOD0069"", ""FMOD0023"", ""FMOD0079"", ""FMOD0120"", ""FMOD0025"", ""FMOD0024"", ""FMOD0077""]",1.0,True,
40,REAL,EXACT,Q6K00295,40,23398,40,8.642534,"[""FMOD0066"", ""FMOD0043"", ""FMOD0102"", ""FMOD0023"", ""FMOD0069"", ""FMOD0035"", ""FMOD0079"", ""FMOD0120"", ""FMOD0025"", ""FMOD0024""]",1.0,True,
40,REAL,EXACT,Q6K00296,40,23398,40,9.065895,"[""FMOD0066"", ""FMOD0120"", ""FMOD0035"", ""FMOD0023"", ""FMOD0102"", ""FMOD0036"", ""FMOD0110"", ""FMOD0005"", ""FMOD0086"", ""FMOD0113""]",1.0,True,
40,REAL,EXACT,Q6K00298,40,23398,40,8.767999,"[""FMOD0036"", ""FMOD0102"", ""FMOD0023"", ""FMOD0069"", ""FMOD0120"", ""FMOD0077"", ""FMOD0025"", ""FMOD0035"", ""FMOD0079"", ""FMOD0110""]",1.0,True,
40,REAL,EXACT,Q6K00299,40,23398,40,8.827661,"[""FMOD0040"", ""FMOD0089"", ""FMOD0035"", ""FMOD0079"", ""FMOD0023"", ""FMOD0102"", ""FMOD0014"", ""FMOD0051"", ""FMOD0069"", ""FMOD0120""]",1.0,True,
40,REAL,EXACT,Q6K00304,40,23398,40,8.905241,"[""FMOD0077"", ""FMOD0083"", ""FMOD0023"", ""FMOD0069"", ""FMOD0040"", ""FMOD0102"", ""FMOD0025"", ""FMOD0035"", ""FMOD0120"", ""FMOD0005""]",1.0,True,
40,REAL,EXACT,Q6K00310,40,23398,40,8.700982,"[""FMOD0005"", ""FMOD0022"", ""FMOD0035"", ""FMOD0023"", ""FMOD0033"", ""FMOD0036"", ""FMOD0079"", ""FMOD0102"", ""FMOD0040"", ""FMOD0043""]",1.0,True,
40,REAL,EXACT,Q6K00313,40,23398,40,8.937819,"[""FMOD0061"", ""FMOD0069"", ""FMOD0083"", ""FMOD0066"", ""FMOD0036"", ""FMOD0033"", ""FMOD0120"", ""FMOD0005"", ""FMOD0102"", ""FMOD0110""]",1.0,True,
40,REAL,EXACT,Q6K00317,40,23398,40,8.638484,"[""FMOD0061"", ""FMOD0089"", ""FMOD0036"", ""FMOD0079"", ""FMOD0035"", ""FMOD0005"", ""FMOD0023"", ""FMOD0110"", ""FMOD0077"", ""FMOD0083""]",1.0,True,
40,REAL,EXACT,Q6K00318,40,23398,40,8.9348,"[""FMOD0086"", ""FMOD0035"", ""FMOD0023"", ""FMOD0102"", ""FMOD0120"", ""FMOD0067"", ""FMOD0069"", ""FMOD0036"", ""FMOD0077"", ""FMOD0033""]",1.0,True,
40,REAL,EXACT,Q6K00325,40,23398,40,8.808074,"[""FMOD0086"", ""FMOD0023"", ""FMOD0035"", ""FMOD0069"", ""FMOD0043"", ""FMOD0120"", ""FMOD0079"", ""FMOD0102"", ""FMOD0110"", ""FMOD0040""]",1.0,True,
40,REAL,EXACT,Q6K00326,40,23398,40,8.80787,"[""FMOD0066"", ""FMOD0023"", ""FMOD0079"", ""FMOD0036"", ""FMOD0102"", ""FMOD0120"", ""FMOD0035"", ""FMOD0069"", ""FMOD0110"", ""FMOD0083""]",1.0,True,
40,REAL,EXACT,Q6K00327,40,23398,40,8.556263,"[""FMOD0016"", ""FMOD0051"", ""FMOD0102"", ""FMOD0023"", ""FMOD0035"", ""FMOD0036"", ""FMOD0077"", ""FMOD0069"", ""FMOD0120"", ""FMOD0110""]",1.0,True,
40,REAL,EXACT,Q6K00332,40,23398,40,8.693345,"[""FMOD0035"", ""FMOD0086"", ""FMOD0023"", ""FMOD0069"", ""FMOD0120"", ""FMOD0110"", ""FMOD0036"", ""FMOD0102"", ""FMOD0043"", ""FMOD0005""]",1.0,True,
40,REAL,EXACT,Q6K00333,40,23398,40,8.661274,"[""FMOD0069"", ""FMOD0083"", ""FMOD0025"", ""FMOD0079"", ""FMOD0110"", ""FMOD0120"", ""FMOD0035"", ""FMOD0003"", ""FMOD0023"", ""FMOD0102""]",1.0,True,
40,REAL,EXACT,Q6K00336,40,23398,40,8.621823,"[""FMOD0014"", ""FMOD0023"", ""FMOD0079"", ""FMOD0035"", ""FMOD0120"", ""FMOD0102"", ""FMOD0069"", ""FMOD0025"", ""FMOD0110"", ""FMOD0083""]",1.0,True,
40,REAL,EXACT,Q6K00338,40,23398,40,8.860263,"[""FMOD0067"", ""FMOD0003"", ""FMOD0035"", ""FMOD0023"", ""FMOD0102"", ""FMOD0120"", ""FMOD0069"", ""FMOD0077"", ""FMOD0025"", ""FMOD0110""]",1.0,True,
40,REAL,EXACT,Q6K00340,40,23398,40,8.678449,"[""FMOD0025"", ""FMOD0089"", ""FMOD0023"", ""FMOD0035"", ""FMOD0069"", ""FMOD0079"", ""FMOD0036"", ""FMOD0120"", ""FMOD0102"", ""FMOD0016""]",1.0,True,
40,REAL,EXACT,Q6K00342,40,23398,40,8.689694,"[""FMOD0023"", ""FMOD0102"", ""FMOD0035"", ""FMOD0110"", ""FMOD0036"", ""FMOD0079"", ""FMOD0120"", ""FMOD0069"", ""FMOD0077"", ""FMOD0040""]",1.0,True,
40,REAL,EXACT,Q6K00343,40,23398,40,8.709749,"[""FMOD0016"", ""FMOD0102"", ""FMOD0023"", ""FMOD0079"", ""FMOD0036"", ""FMOD0035"", ""FMOD0005"", ""FMOD0069"", ""FMOD0120"", ""FMOD0051""]",1.0,True,
40,REAL,EXACT,Q6K00344,40,23398,40,8.642881,"[""FMOD0023"", ""FMOD0025"", ""FMOD0043"", ""FMOD0069"", ""FMOD0035"", ""FMOD0040"", ""FMOD0120"", ""FMOD0036"", ""FMOD0102"", ""FMOD0033""]",1.0,True,
40,REAL,EXACT,Q6K00351,40,23398,40,9.121295,"[""FMOD0005"", ""FMOD0022"", ""FMOD0035"", ""FMOD0079"", ""FMOD0120"", ""FMOD0023"", ""FMOD0102"", ""FMOD0036"", ""FMOD0077"", ""FMOD0069""]",1.0,True,
40,REAL,EXACT,Q6K00355,40,23398,40,9.495505,"[""FMOD0023"", ""FMOD0035"", ""FMOD0043"", ""FMOD0077"", ""FMOD0016"", ""FMOD0102"", ""FMOD0069"", ""FMOD0120"", ""FMOD0110"", ""FMOD0067""]",1.0,True,
40,REAL,EXACT,Q6K00359,40,23398,40,9.705504,"[""FMOD0086"", ""FMOD0023"", ""FMOD0035"", ""FMOD0079"", ""FMOD0036"", ""FMOD0069"", ""FMOD0102"", ""FMOD0051"", ""FMOD0120"", ""FMOD0104""]",1.0,True,
40,REAL,EXACT,Q6K00360,40,23398,40,9.535455,"[""FMOD0066"", ""FMOD0043"", ""FMOD0035"", ""FMOD0023"", ""FMOD0079"", ""FMOD0120"", ""FMOD0036"", ""FMOD0005"", ""FMOD0083"", ""FMOD0102""]",1.0,True,
40,REAL,EXACT,Q6K00363,40,23398,40,9.153183,"[""FMOD0066"", ""FMOD0102"", ""FMOD0069"", ""FMOD0120"", ""FMOD0035"", ""FMOD0023"", ""FMOD0036"", ""FMOD0079"", ""FMOD0005"", ""FMOD0110""]",1.0,True,
40,REAL,EXACT,Q6K00365,40,23398,40,10.209259,"[""FMOD0023"", ""FMOD0035"", ""FMOD0102"", ""FMOD0036"", ""FMOD0110"", ""FMOD0120"", ""FMOD0079"", ""FMOD0069"", ""FMOD0089"", ""FMOD0104""]",1.0,True,
40,REAL,EXACT,Q6K00372,40,23398,40,9.151557,"[""FMOD0023"", ""FMOD0035"", ""FMOD0016"", ""FMOD0051"", ""FMOD0102"", ""FMOD0069"", ""FMOD0120"", ""FMOD0036"", ""FMOD0110"", ""FMOD0033""]",1.0,True,
40,REAL,EXACT,Q6K00375,40,23398,40,8.82798,"[""FMOD0023"", ""FMOD0069"", ""FMOD0025"", ""FMOD0035"", ""FMOD0079"", ""FMOD0102"", ""FMOD0036"", ""FMOD0120"", ""FMOD0083"", ""FMOD0110""]",1.0,True,
40,REAL,EXACT,Q6K00377,40,23398,40,8.744078,"[""FMOD0022"", ""FMOD0023"", ""FMOD0069"", ""FMOD0025"", ""FMOD0100"", ""FMOD0035"", ""FMOD0036"", ""FMOD0102"", ""FMOD0120"", ""FMOD0110""]",1.0,True,
40,REAL,EXACT,Q6K00378,40,23398,40,8.592488,"[""FMOD0023"", ""FMOD0025"", ""FMOD0083"", ""FMOD0079"", ""FMOD0102"", ""FMOD0120"", ""FMOD0069"", ""FMOD0110"", ""FMOD0005"", ""FMOD0024""]",1.0,True,
40,REAL,EXACT,Q6K00380,40,23398,40,8.795401,"[""FMOD0023"", ""FMOD0035"", ""FMOD0102"", ""FMOD0110"", ""FMOD0036"", ""FMOD0120"", ""FMOD0077"", ""FMOD0005"", ""FMOD0069"", ""FMOD0113""]",1.0,True,
40,REAL,EXACT,Q6K00384,40,23398,40,8.636264,"[""FMOD0083"", ""FMOD0086"", ""FMOD0069"", ""FMOD0035"", ""FMOD0120"", ""FMOD0005"", ""FMOD0036"", ""FMOD0079"", ""FMOD0102"", ""FMOD0023""]",1.0,True,
40,REAL,EXACT,Q6K00389,40,23398,40,8.724473,"[""FMOD0023"", ""FMOD0102"", ""FMOD0035"", ""FMOD0036"", ""FMOD0069"", ""FMOD0079"", ""FMOD0120"", ""FMOD0067"", ""FMOD0077"", ""FMOD0016""]",1.0,True,
40,REAL,EXACT,Q6K00390,40,23398,40,8.623592,"[""FMOD0023"", ""FMOD0102"", ""FMOD0120"", ""FMOD0069"", ""FMOD0035"", ""FMOD0079"", ""FMOD0022"", ""FMOD0110"", ""FMOD0031"", ""FMOD0067""]",1.0,True,
40,REAL,EXACT,Q6K00393,40,23398,40,8.689548,"[""FMOD0023"", ""FMOD0102"", ""FMOD0036"", ""FMOD0120"", ""FMOD0035"", ""FMOD0113"", ""FMOD0069"", ""FMOD0024"", ""FMOD0083"", ""FMOD0110""]",1.0,True,
40,REAL,EXACT,Q6K00395,40,23398,40,9.077575,"[""FMOD0069"", ""FMOD0035"", ""FMOD0023"", ""FMOD0036"", ""FMOD0067"", ""FMOD0083"", ""FMOD0025"", ""FMOD0024"", ""FMOD0102"", ""FMOD0120""]",1.0,True,
40,REAL,EXACT,Q6K00396,40,23398,40,8.710902,"[""FMOD0066"", ""FMOD0035"", ""FMOD0023"", ""FMOD0051"", ""FMOD0102"", ""FMOD0036"", ""FMOD0120"", ""FMOD0077"", ""FMOD0014"", ""FMOD0069""]",1.0,True,
40,REAL,EXACT,Q6K00400,40,23398,40,8.82805,"[""FMOD0023"", ""FMOD0025"", ""FMOD0035"", ""FMOD0069"", ""FMOD0100"", ""FMOD0036"", ""FMOD0031"", ""FMOD0120"", ""FMOD0102"", ""FMOD0077""]",1.0,True,
40,REAL,EXACT,Q6K00403,40,23398,40,8.585162,"[""FMOD0035"", ""FMOD0033"", ""FMOD0120"", ""FMOD0024"", ""FMOD0080"", ""FMOD0102"", ""FMOD0105"", ""FMOD0005"", ""FMOD0025"", ""FMOD0036""]",1.0,True,
40,REAL,EXACT,Q6K00405,40,23398,40,8.925084,"[""FMOD0016"", ""FMOD0102"", ""FMOD0031"", ""FMOD0023"", ""FMOD0035"", ""FMOD0033"", ""FMOD0079"", ""FMOD0022"", ""FMOD0051"", ""FMOD0014""]",1.0,True,
40,REAL,EXACT,Q6K00407,40,23398,40,9.401871,"[""FMOD0005"", ""FMOD0120"", ""FMOD0069"", ""FMOD0102"", ""FMOD0079"", ""FMOD0023"", ""FMOD0104"", ""FMOD0033"", ""FMOD0110"", ""FMOD0036""]",1.0,True,
40,REAL,EXACT,Q6K00410,40,23398,40,9.09403,"[""FMOD0005"", ""FMOD0023"", ""FMOD0035"", ""FMOD0089"", ""FMOD0024"", ""FMOD0113"", ""FMOD0120"", ""FMOD0079"", ""FMOD0110"", ""FMOD0083""]",1.0,True,
40,REAL,EXACT,Q6K00417,40,23398,40,9.41339,"[""FMOD0051"", ""FMOD0102"", ""FMOD0035"", ""FMOD0086"", ""FMOD0005"", ""FMOD0036"", ""FMOD0120"", ""FMOD0069"", ""FMOD0077"", ""FMOD0079""]",1.0,True,
40,REAL,EXACT,Q6K00420,40,23398,40,9.116025,"[""FMOD0036"", ""FMOD0067"", ""FMOD0035"", ""FMOD0079"", ""FMOD0120"", ""FMOD0023"", ""FMOD0005"", ""FMOD0017"", ""FMOD0083"", ""FMOD0104""]",1.0,True,
40,REAL,EXACT,Q6K00422,40,23398,40,9.102906,"[""FMOD0083"", ""FMOD0035"", ""FMOD0069"", ""FMOD0102"", ""FMOD0023"", ""FMOD0120"", ""FMOD0036"", ""FMOD0079"", ""FMOD0110"", ""FMOD0005""]",1.0,True,
40,REAL,EXACT,Q6K00423,40,23398,40,9.207928,"[""FMOD0061"", ""FMOD0086"", ""FMOD0035"", ""FMOD0033"", ""FMOD0014"", ""FMOD0102"", ""FMOD0120"", ""FMOD0069"", ""FMOD0025"", ""FMOD0110""]",1.0,True,
40,REAL,EXACT,Q6K00424,40,23398,40,9.432598,"[""FMOD0102"", ""FMOD0035"", ""FMOD0077"", ""FMOD0069"", ""FMOD0023"", ""FMOD0033"", ""FMOD0113"", ""FMOD0025"", ""FMOD0036"", ""FMOD0083""]",1.0,True,
40,REAL,EXACT,Q6K00427,40,23398,40,9.009288,"[""FMOD0005"", ""FMOD0035"", ""FMOD0043"", ""FMOD0102"", ""FMOD0023"", ""FMOD0069"", ""FMOD0036"", ""FMOD0120"", ""FMOD0016"", ""FMOD0110""]",1.0,True,
40,REAL,EXACT,Q6K00435,40,23398,40,8.848316,"[""FMOD0069"", ""FMOD0023"", ""FMOD0102"", ""FMOD0120"", ""FMOD0035"", ""FMOD0079"", ""FMOD0110"", ""FMOD0077"", ""FMOD0014"", ""FMOD0005""]",1.0,True,
40,REAL,EXACT,Q6K00436,40,23398,40,9.168581,"[""FMOD0023"", ""FMOD0035"", ""FMOD0120"", ""FMOD0069"", ""FMOD0036"", ""FMOD0102"", ""FMOD0077"", ""FMOD0079"", ""FMOD0110"", ""FMOD0113""]",1.0,True,
40,REAL,EXACT,Q6K00438,40,23398,40,8.477051,"[""FMOD0022"", ""FMOD0102"", ""FMOD0023"", ""FMOD0036"", ""FMOD0069"", ""FMOD0110"", ""FMOD0120"", ""FMOD0079"", ""FMOD0035"", ""FMOD0077""]",1.0,True,
40,REAL,EXACT,Q6K00442,40,23398,40,9.469132,"[""FMOD0023"", ""FMOD0035"", ""FMOD0102"", ""FMOD0120"", ""FMOD0079"", ""FMOD0110"", ""FMOD0077"", ""FMOD0069"", ""FMOD0005"", ""FMOD0036""]",1.0,True,
40,REAL,EXACT,Q6K00443,40,23398,40,9.39501,"[""FMOD0035"", ""FMOD0023"", ""FMOD0102"", ""FMOD0069"", ""FMOD0120"", ""FMOD0104"", ""FMOD0036"", ""FMOD0079"", ""FMOD0110"", ""FMOD0025""]",1.0,True,
40,REAL,EXACT,Q6K00444,40,23398,40,8.406358,"[""FMOD0003"", ""FMOD0022"", ""FMOD0069"", ""FMOD0120"", ""FMOD0079"", ""FMOD0005"", ""FMOD0102"", ""FMOD0067"", ""FMOD0036"", ""FMOD0110""]",1.0,True,
40,REAL,EXACT,Q6K00446,40,23398,40,8.623187,"[""FMOD0067"", ""FMOD0035"", ""FMOD0023"", ""FMOD0022"", ""FMOD0102"", ""FMOD0120"", ""FMOD0110"", ""FMOD0036"", ""FMOD0079"", ""FMOD0069""]",1.0,True,
40,REAL,EXACT,Q6K00453,40,23398,40,8.617772,"[""FMOD0079"", ""FMOD0023"", ""FMOD0035"", ""FMOD0120"", ""FMOD0102"", ""FMOD0110"", ""FMOD0069"", ""FMOD0083"", ""FMOD0036"", ""FMOD0077""]",1.0,True,
40,REAL,EXACT,Q6K00456,40,23398,40,8.844998,"[""FMOD0016"", ""FMOD0067"", ""FMOD0113"", ""FMOD0036"", ""FMOD0023"", ""FMOD0077"", ""FMOD0079"", ""FMOD0083"", ""FMOD0035"", ""FMOD0005""]",1.0,True,
40,REAL,EXACT,Q6K00458,40,23398,40,8.751572,"[""FMOD0079"", ""FMOD0023"", ""FMOD0016"", ""FMOD0035"", ""FMOD0102"", ""FMOD0120"", ""FMOD0077"", ""FMOD0036"", ""FMOD0110"", ""FMOD0005""]",1.0,True,
40,REAL,EXACT,Q6K00461,40,23398,40,8.74504,"[""FMOD0001"", ""FMOD0003"", ""FMOD0089"", ""FMOD0035"", ""FMOD0051"", ""FMOD0120"", ""FMOD0023"", ""FMOD0036"", ""FMOD0069"", ""FMOD0005""]",1.0,True,
40,REAL,EXACT,Q6K00465,40,23398,40,8.782138,"[""FMOD0083"", ""FMOD0023"", ""FMOD0035"", ""FMOD0036"", ""FMOD0120"", ""FMOD0110"", ""FMOD0102"", ""FMOD0069"", ""FMOD0104"", ""FMOD0005""]",1.0,True,
40,REAL,EXACT,Q6K00470,40,23398,40,8.598112,"[""FMOD0102"", ""FMOD0061"", ""FMOD0120"", ""FMOD0069"", ""FMOD0035"", ""FMOD0079"", ""FMOD0110"", ""FMOD0031"", ""FMOD0023"", ""FMOD0036""]",1.0,True,
40,REAL,EXACT,Q6K00471,40,23398,40,8.676856,"[""FMOD0025"", ""FMOD0023"", ""FMOD0102"", ""FMOD0120"", ""FMOD0024"", ""FMOD0035"", ""FMOD0069"", ""FMOD0005"", ""FMOD0110"", ""FMOD0014""]",1.0,True,
40,REAL,EXACT,Q6K00473,40,23398,40,8.650632,"[""FMOD0086"", ""FMOD0079"", ""FMOD0036"", ""FMOD0083"", ""FMOD0024"", ""FMOD0067"", ""FMOD0023"", ""FMOD0025"", ""FMOD0035"", ""FMOD0069""]",1.0,True,
40,REAL,EXACT,Q6K00479,40,23398,40,9.518843,"[""FMOD0066"", ""FMOD0022"", ""FMOD0023"", ""FMOD0035"", ""FMOD0079"", ""FMOD0036"", ""FMOD0102"", ""FMOD0005"", ""FMOD0120"", ""FMOD0110""]",1.0,True,
40,REAL,EXACT,Q6K00481,40,23398,40,9.120757,"[""FMOD0035"", ""FMOD0023"", ""FMOD0051"", ""FMOD0102"", ""FMOD0120"", ""FMOD0036"", ""FMOD0083"", ""FMOD0079"", ""FMOD0069"", ""FMOD0077""]",1.0,True,
40,REAL,EXACT,Q6K00484,40,23398,40,9.049425,"[""FMOD0035"", ""FMOD0023"", ""FMOD0120"", ""FMOD0036"", ""FMOD0069"", ""FMOD0051"", ""FMOD0079"", ""FMOD0016"", ""FMOD0102"", ""FMOD0110""]",1.0,True,
40,REAL,EXACT,Q6K00485,40,23398,40,9.080923,"[""FMOD0069"", ""FMOD0035"", ""FMOD0023"", ""FMOD0036"", ""FMOD0067"", ""FMOD0083"", ""FMOD0025"", ""FMOD0024"", ""FMOD0120"", ""FMOD0102""]",1.0,True,
40,REAL,EXACT,Q6K00489,40,23398,40,9.066572,"[""FMOD0080"", ""FMOD0086"", ""FMOD0015"", ""FMOD0023"", ""FMOD0102"", ""FMOD0069"", ""FMOD0110"", ""FMOD0120"", ""FMOD0035"", ""FMOD0079""]",1.0,True,
40,REAL,EXACT,Q6K00495,40,23398,40,9.277983,"[""FMOD0083"", ""FMOD0023"", ""FMOD0035"", ""FMOD0110"", ""FMOD0069"", ""FMOD0036"", ""FMOD0079"", ""FMOD0102"", ""FMOD0120"", ""FMOD0031""]",1.0,True,
40,REAL,EXACT,Q6K00498,40,23398,40,9.367799,"[""FMOD0069"", ""FMOD0023"", ""FMOD0025"", ""FMOD0100"", ""FMOD0035"", ""FMOD0102"", ""FMOD0036"", ""FMOD0120"", ""FMOD0079"", ""FMOD0031""]",1.0,True,
40,REAL,EXACT,Q6K00507,40,23398,40,9.071263,"[""FMOD0023"", ""FMOD0035"", ""FMOD0016"", ""FMOD0120"", ""FMOD0069"", ""FMOD0079"", ""FMOD0113"", ""FMOD0102"", ""FMOD0110"", ""FMOD0036""]",1.0,True,
40,REAL,EXACT,Q6K00511,40,23398,40,9.112488,"[""FMOD0025"", ""FMOD0083"", ""FMOD0102"", ""FMOD0079"", ""FMOD0120"", ""FMOD0069"", ""FMOD0110"", ""FMOD0023"", ""FMOD0005"", ""FMOD0024""]",1.0,True,
40,REAL,EXACT,Q6K00512,40,23398,40,8.491176,"[""FMOD0035"", ""FMOD0023"", ""FMOD0110"", ""FMOD0036"", ""FMOD0083"", ""FMOD0031"", ""FMOD0033"", ""FMOD0005"", ""FMOD0079"", ""FMOD0080""]",1.0,True,
40,REAL,EXACT,Q6K00513,40,23398,40,9.023204,"[""FMOD0110"", ""FMOD0023"", ""FMOD0083"", ""FMOD0036"", ""FMOD0024"", ""FMOD0025"", ""FMOD0067"", ""FMOD0035"", ""FMOD0069"", ""FMOD0120""]",1.0,True,
40,REAL,EXACT,Q6K00517,40,23398,40,8.944825,"[""FMOD0023"", ""FMOD0022"", ""FMOD0102"", ""FMOD0051"", ""FMOD0035"", ""FMOD0120"", ""FMOD0110"", ""FMOD0036"", ""FMOD0079"", ""FMOD0069""]",1.0,True,
40,REAL,EXACT,Q6K00518,40,23398,40,8.805741,"[""FMOD0035"", ""FMOD0102"", ""FMOD0110"", ""FMOD0069"", ""FMOD0033"", ""FMOD0083"", ""FMOD0086"", ""FMOD0120"", ""FMOD0023"", ""FMOD0036""]",1.0,True,
40,REAL,EXACT,Q6K00523,40,23398,40,9.006646,"[""FMOD0035"", ""FMOD0023"", ""FMOD0102"", ""FMOD0051"", ""FMOD0120"", ""FMOD0110"", ""FMOD0036"", ""FMOD0079"", ""FMOD0069"", ""FMOD0022""]",1.0,True,
40,REAL,EXACT,Q6K00528,40,23398,40,8.637193,"[""FMOD0035"", ""FMOD0023"", ""FMOD0051"", ""FMOD0079"", ""FMOD0005"", ""FMOD0102"", ""FMOD0083"", ""FMOD0016"", ""FMOD0036"", ""FMOD0120""]",1.0,True,
40,REAL,EXACT,Q6K00530,40,23398,40,9.092516,"[""FMOD0069"", ""FMOD0035"", ""FMOD0023"", ""FMOD0036"", ""FMOD0067"", ""FMOD0083"", ""FMOD0025"", ""FMOD0024"", ""FMOD0113"", ""FMOD0102""]",1.0,True,
40,REAL,EXACT,Q6K00531,40,23398,40,8.751534,"[""FMOD0035"", ""FMOD0023"", ""FMOD0102"", ""FMOD0110"", ""FMOD0051"", ""FMOD0036"", ""FMOD0079"", ""FMOD0120"", ""FMOD0069"", ""FMOD0089""]",1.0,True,
40,REAL,EXACT,Q6K00533,40,23398,40,10.830791,"[""FMOD0023"", ""FMOD0110"", ""FMOD0069"", ""FMOD0036"", ""FMOD0102"", ""FMOD0120"", ""FMOD0035"", ""FMOD0079"", ""FMOD0077"", ""FMOD0083""]",1.0,True,
40,REAL,EXACT,Q6K00535,40,23398,40,7.619575,"[""FMOD0035"", ""FMOD0102"", ""FMOD0069"", ""FMOD0036"", ""FMOD0079"", ""FMOD0120"", ""FMOD0110"", ""FMOD0023"", ""FMOD0104"", ""FMOD0033""]",1.0,True,
40,REAL,EXACT,Q6K00537,40,23398,40,8.609799,"[""FMOD0023"", ""FMOD0069"", ""FMOD0025"", ""FMOD0100"", ""FMOD0036"", ""FMOD0035"", ""FMOD0102"", ""FMOD0120"", ""FMOD0079"", ""FMOD0110""]",1.0,True,
40,REAL,EXACT,Q6K00538,40,23398,40,8.722378,"[""FMOD0023"", ""FMOD0069"", ""FMOD0025"", ""FMOD0100"", ""FMOD0035"", ""FMOD0120"", ""FMOD0036"", ""FMOD0079"", ""FMOD0102"", ""FMOD0077""]",1.0,True,
40,REAL,FAST,Q6K00183,40,23398,22,8.759864,"[""FMOD0023"", ""FMOD0036"", ""FMOD0035"", ""FMOD0120"", ""FMOD0102"", ""FMOD0110"", ""FMOD0005"", ""FMOD0077"", ""FMOD0069"", ""FMOD0031""]",1.0,True,22.0
40,REAL,FAST,Q6K00184,40,23398,18,8.549346,"[""FMOD0067"", ""FMOD0113"", ""FMOD0036"", ""FMOD0023"", ""FMOD0035"", ""FMOD0102"", ""FMOD0110"", ""FMOD0069"", ""FMOD0079"", ""FMOD0120""]",1.0,False,18.0
40,REAL,FAST,Q6K00193,40,23398,28,9.117212,"[""FMOD0025"", ""FMOD0069"", ""FMOD0023"", ""FMOD0080"", ""FMOD0102"", ""FMOD0120"", ""FMOD0077"", ""FMOD0035"", ""FMOD0113"", ""FMOD0005""]",1.0,True,28.0
40,REAL,FAST,Q6K00195,40,23398,5,2.661729,"[""FMOD0061"", ""FMOD0083"", ""FMOD0120"", ""FMOD0110"", ""FMOD0025""]",0.4,False,5.0
40,REAL,FAST,Q6K00197,40,23398,27,8.819778,"[""FMOD0069"", ""FMOD0102"", ""FMOD0005"", ""FMOD0120"", ""FMOD0033"", ""FMOD0036"", ""FMOD0110"", ""FMOD0105"", ""FMOD0079"", ""FMOD0077""]",1.0,True,27.0
40,REAL,FAST,Q6K00199,40,23398,29,9.299731,"[""FMOD0067"", ""FMOD0069"", ""FMOD0102"", ""FMOD0120"", ""FMOD0023"", ""FMOD0036"", ""FMOD0005"", ""FMOD0110"", ""FMOD0035"", ""FMOD0079""]",1.0,True,29.0
40,REAL,FAST,Q6K00200,40,23398,2,2.583531,"[""FMOD0051"", ""FMOD0120""]",0.2,False,2.0
40,REAL,FAST,Q6K00201,40,23398,2,1.386724,"[""FMOD0066"", ""FMOD0005""]",0.2,False,2.0
40,REAL,FAST,Q6K00205,40,23398,9,4.652427,"[""FMOD0051"", ""FMOD0023"", ""FMOD0035"", ""FMOD0016"", ""FMOD0120"", ""FMOD0036"", ""FMOD0077"", ""FMOD0014"", ""FMOD0022""]",0.6,False,9.0
40,REAL,FAST,Q6K00206,40,23398,7,5.137314,"[""FMOD0016"", ""FMOD0102"", ""FMOD0023"", ""FMOD0035"", ""FMOD0110"", ""FMOD0040"", ""FMOD0022""]",0.4,False,7.0
40,REAL,FAST,Q6K00207,40,23398,8,7.553857,"[""FMOD0023"", ""FMOD0035"", ""FMOD0120"", ""FMOD0102"", ""FMOD0069"", ""FMOD0077"", ""FMOD0079"", ""FMOD0036""]",0.8,False,8.0
40,REAL,FAST,Q6K00208,40,23398,11,5.462034,"[""FMOD0102"", ""FMOD0079"", ""FMOD0023"", ""FMOD0036"", ""FMOD0120"", ""FMOD0083"", ""FMOD0040"", ""FMOD0033"", ""FMOD0104"", ""FMOD0031""]",0.5,False,11.0
40,REAL,FAST,Q6K00212,40,23398,6,5.953567,"[""FMOD0023"", ""FMOD0102"", ""FMOD0079"", ""FMOD0069"", ""FMOD0051"", ""FMOD0066""]",0.4,False,6.0
40,REAL,FAST,Q6K00216,40,23398,6,4.011479,"[""FMOD0016"", ""FMOD0035"", ""FMOD0023"", ""FMOD0036"", ""FMOD0110"", ""FMOD0033""]",0.4,False,6.0
40,REAL,FAST,Q6K00227,40,23398,1,3.553819,"[""FMOD0069""]",0.1,False,1.0
40,REAL,FAST,Q6K00232,40,23398,6,4.211069,"[""FMOD0023"", ""FMOD0036"", ""FMOD0102"", ""FMOD0079"", ""FMOD0016"", ""FMOD0066""]",0.3,False,6.0
40,REAL,FAST,Q6K00235,40,23398,1,3.6141,"[""FMOD0069""]",0.1,False,1.0
40,REAL,FAST,Q6K00236,40,23398,8,4.819983,"[""FMOD0036"", ""FMOD0120"", ""FMOD0035"", ""FMOD0024"", ""FMOD0040"", ""FMOD0104"", ""FMOD0110"", ""FMOD0023""]",0.4,False,8.0
40,REAL,FAST,Q6K00237,40,23398,6,4.251784,"[""FMOD0067"", ""FMOD0120"", ""FMOD0023"", ""FMOD0035"", ""FMOD0022"", ""FMOD0076""]",0.4,False,6.0
40,REAL,FAST,Q6K00240,40,23398,22,8.953923,"[""FMOD0069"", ""FMOD0110"", ""FMOD0104"", ""FMOD0035"", ""FMOD0043"", ""FMOD0023"", ""FMOD0102"", ""FMOD0083"", ""FMOD0120"", ""FMOD0079""]",1.0,True,22.0
40,REAL,FAST,Q6K00247,40,23398,25,8.881208,"[""FMOD0069"", ""FMOD0023"", ""FMOD0083"", ""FMOD0079"", ""FMOD0025"", ""FMOD0110"", ""FMOD0035"", ""FMOD0120"", ""FMOD0003"", ""FMOD0102""]",1.0,False,25.0
40,REAL,FAST,Q6K00251,40,23398,10,7.638268,"[""FMOD0067"", ""FMOD0120"", ""FMOD0102"", ""FMOD0023"", ""FMOD0069"", ""FMOD0035"", ""FMOD0025"", ""FMOD0079"", ""FMOD0014"", ""FMOD0022""]",0.6,False,10.0
40,REAL,FAST,Q6K00252,40,23398,24,8.877234,"[""FMOD0043"", ""FMOD0086"", ""FMOD0035"", ""FMOD0023"", ""FMOD0102"", ""FMOD0069"", ""FMOD0079"", ""FMOD0024"", ""FMOD0120"", ""FMOD0025""]",1.0,True,24.0
40,REAL,FAST,Q6K00258,40,23398,27,8.911248,"[""FMOD0001"", ""FMOD0035"", ""FMOD0069"", ""FMOD0023"", ""FMOD0120"", ""FMOD0036"", ""FMOD0043"", ""FMOD0025"", ""FMOD0083"", ""FMOD0110""]",1.0,True,27.0
40,REAL,FAST,Q6K00259,40,23398,24,9.264349,"[""FMOD0043"", ""FMOD0089"", ""FMOD0035"", ""FMOD0102"", ""FMOD0023"", ""FMOD0069"", ""FMOD0079"", ""FMOD0024"", ""FMOD0120"", ""FMOD0025""]",1.0,True,24.0
40,REAL,FAST,Q6K00262,40,23398,30,8.998388,"[""FMOD0069"", ""FMOD0023"", ""FMOD0025"", ""FMOD0100"", ""FMOD0102"", ""FMOD0120"", ""FMOD0005"", ""FMOD0079"", ""FMOD0110"", ""FMOD0035""]",1.0,True,30.0
40,REAL,FAST,Q6K00264,40,23398,10,7.473205,"[""FMOD0043"", ""FMOD0066"", ""FMOD0035"", ""FMOD0023"", ""FMOD0102"", ""FMOD0120"", ""FMOD0036"", ""FMOD0110"", ""FMOD0069"", ""FMOD0080""]",0.7,False,10.0
40,REAL,FAST,Q6K00267,40,23398,21,9.429499,"[""FMOD0022"", ""FMOD0069"", ""FMOD0023"", ""FMOD0025"", ""FMOD0100"", ""FMOD0040"", ""FMOD0035"", ""FMOD0102"", ""FMOD0120"", ""FMOD0079""]",1.0,True,21.0
40,REAL,FAST,Q6K00268,40,23398,24,9.283012,"[""FMOD0077"", ""FMOD0069"", ""FMOD0083"", ""FMOD0035"", ""FMOD0005"", ""FMOD0086"", ""FMOD0033"", ""FMOD0079"", ""FMOD0102"", ""FMOD0120""]",1.0,True,24.0
40,REAL,FAST,Q6K00271,40,23398,12,8.443407,"[""FMOD0086"", ""FMOD0120"", ""FMOD0069"", ""FMOD0035"", ""FMOD0023"", ""FMOD0102"", ""FMOD0110"", ""FMOD0036"", ""FMOD0079"", ""FMOD0025""]",0.9,False,12.0
40,REAL,FAST,Q6K00273,40,23398,8,7.127046,"[""FMOD0023"", ""FMOD0043"", ""FMOD0102"", ""FMOD0005"", ""FMOD0120"", ""FMOD0035"", ""FMOD0069"", ""FMOD0067""]",0.5,False,8.0
40,REAL,FAST,Q6K00274,40,23398,19,8.682351,"[""FMOD0067"", ""FMOD0113"", ""FMOD0036"", ""FMOD0023"", ""FMOD0120"", ""FMOD0035"", ""FMOD0069"", ""FMOD0079"", ""FMOD0102"", ""FMOD0025""]",0.8,False,19.0
40,REAL,FAST,Q6K00275,40,23398,14,8.030382,"[""FMOD0086"", ""FMOD0102"", ""FMOD0023"", ""FMOD0035"", ""FMOD0067"", ""FMOD0077"", ""FMOD0120"", ""FMOD0069"", ""FMOD0043"", ""FMOD0079""]",0.9,False,14.0
40,REAL,FAST,Q6K00283,40,23398,9,5.264336,"[""FMOD0036"", ""FMOD0035"", ""FMOD0023"", ""FMOD0120"", ""FMOD0110"", ""FMOD0005"", ""FMOD0031"", ""FMOD0033"", ""FMOD0104""]",0.5,False,9.0
40,REAL,FAST,Q6K00287,40,23398,23,8.559026,"[""FMOD0003"", ""FMOD0089"", ""FMOD0067"", ""FMOD0014"", ""FMOD0113"", ""FMOD0036"", ""FMOD0120"", ""FMOD0035"", ""FMOD0005"", ""FMOD0069""]",1.0,True,23.0
40,REAL,FAST,Q6K00293,40,23398,22,9.000666,"[""FMOD0043"", ""FMOD0035"", ""FMOD0102"", ""FMOD0069"", ""FMOD0023"", ""FMOD0120"", ""FMOD0079"", ""FMOD0025"", ""FMOD0024"", ""FMOD0077""]",1.0,False,22.0
40,REAL,FAST,Q6K00295,40,23398,23,8.839139,"[""FMOD0066"", ""FMOD0043"", ""FMOD0102"", ""FMOD0023"", ""FMOD0069"", ""FMOD0035"", ""FMOD0079"", ""FMOD0120"", ""FMOD0025"", ""FMOD0024""]",1.0,True,23.0
40,REAL,FAST,Q6K00296,40,23398,9,5.326347,"[""FMOD0066"", ""FMOD0120"", ""FMOD0023"", ""FMOD0036"", ""FMOD0102"", ""FMOD0079"", ""FMOD0083"", ""FMOD0040"", ""FMOD0104""]",0.5,False,9.0
40,REAL,FAST,Q6K00298,40,23398,28,9.720997,"[""FMOD0036"", ""FMOD0102"", ""FMOD0023"", ""FMOD0069"", ""FMOD0120"", ""FMOD0077"", ""FMOD0025"", ""FMOD0035"", ""FMOD0079"", ""FMOD0110""]",1.0,True,28.0
40,REAL,FAST,Q6K00299,40,23398,5,4.38254,"[""FMOD0040"", ""FMOD0089"", ""FMOD0035"", ""FMOD0023"", ""FMOD0110""]",0.4,False,5.0
40,REAL,FAST,Q6K00304,40,23398,16,7.369767,"[""FMOD0077"", ""FMOD0083"", ""FMOD0023"", ""FMOD0069"", ""FMOD0102"", ""FMOD0025"", ""FMOD0035"", ""FMOD0005"", ""FMOD0051"", ""FMOD0036""]",0.8,False,16.0
40,REAL,FAST,Q6K00310,40,23398,9,4.352397,"[""FMOD0005"", ""FMOD0022"", ""FMOD0035"", ""FMOD0036"", ""FMOD0102"", ""FMOD0089"", ""FMOD0120"", ""FMOD0083"", ""FMOD0025""]",0.5,False,9.0
40,REAL,FAST,Q6K00313,40,23398,29,9.764329,"[""FMOD0061"", ""FMOD0069"", ""FMOD0083"", ""FMOD0066"", ""FMOD0036"", ""FMOD0033"", ""FMOD0120"", ""FMOD0005"", ""FMOD0102"", ""FMOD0110""]",1.0,True,29.0
40,REAL,FAST,Q6K00317,40,23398,4,4.162485,"[""FMOD0061"", ""FMOD0089"", ""FMOD0079"", ""FMOD0069""]",0.3,False,4.0
40,REAL,FAST,Q6K00318,40,23398,13,7.387726,"[""FMOD0086"", ""FMOD0035"", ""FMOD0023"", ""FMOD0067"", ""FMOD0102"", ""FMOD0069"", ""FMOD0036"", ""FMOD0079"", ""FMOD0033"", ""FMOD0014""]",0.8,False,13.0
40,REAL,FAST,Q6K00325,40,23398,10,7.141299,"[""FMOD0086"", ""FMOD0023"", ""FMOD0035"", ""FMOD0069"", ""FMOD0079"", ""FMOD0102"", ""FMOD0110"", ""FMOD0036"", ""FMOD0077"", ""FMOD0025""]",0.7,False,10.0
40,REAL,FAST,Q6K00326,40,23398,9,6.529711,"[""FMOD0066"", ""FMOD0023"", ""FMOD0102"", ""FMOD0120"", ""FMOD0069"", ""FMOD0077"", ""FMOD0016"", ""FMOD0025"", ""FMOD0014""]",0.5,False,9.0
40,REAL,FAST,Q6K00327,40,23398,2,1.351501,"[""FMOD0016"", ""FMOD0051""]",0.2,False,2.0
40,REAL,FAST,Q6K00332,40,23398,7,6.60539,"[""FMOD0035"", ""FMOD0069"", ""FMOD0023"", ""FMOD0102"", ""FMOD0079"", ""FMOD0022"", ""FMOD0016""]",0.4,False,7.0
40,REAL,FAST,Q6K00333,40,23398,26,9.109255,"[""FMOD0069"", ""FMOD0083"", ""FMOD0025"", ""FMOD0110"", ""FMOD0079"", ""FMOD0120"", ""FMOD0003"", ""FMOD0035"", ""FMOD0023"", ""FMOD0086""]",0.9,False,26.0
40,REAL,FAST,Q6K00336,40,23398,18,8.470558,"[""FMOD0014"", ""FMOD0023"", ""FMOD0079"", ""FMOD0035"", ""FMOD0120"", ""FMOD0102"", ""FMOD0069"", ""FMOD0025"", ""FMOD0110"", ""FMOD0083""]",1.0,True,18.0
40,REAL,FAST,Q6K00338,40,23398,9,6.517898,"[""FMOD0067"", ""FMOD0003"", ""FMOD0023"", ""FMOD0102"", ""FMOD0120"", ""FMOD0069"", ""FMOD0077"", ""FMOD0079"", ""FMOD0076""]",0.7,False,9.0
40,REAL,FAST,Q6K00340,40,23398,7,6.477128,"[""FMOD0025"", ""FMOD0089"", ""FMOD0023"", ""FMOD0069"", ""FMOD0120"", ""FMOD0102"", ""FMOD0110""]",0.6,False,7.0
40,REAL,FAST,Q6K00342,40,23398,29,9.03224,"[""FMOD0023"", ""FMOD0102"", ""FMOD0035"", ""FMOD0110"", ""FMOD0036"", ""FMOD0079"", ""FMOD0120"", ""FMOD0069"", ""FMOD0077"", ""FMOD0040""]",1.0,True,29.0
40,REAL,FAST,Q6K00343,40,23398,6,4.214424,"[""FMOD0016"", ""FMOD0102"", ""FMOD0023"", ""FMOD0120"", ""FMOD0040"", ""FMOD0022""]",0.4,False,6.0
40,REAL,FAST,Q6K00344,40,23398,19,8.319572,"[""FMOD0023"", ""FMOD0025"", ""FMOD0043"", ""FMOD0069"", ""FMOD0035"", ""FMOD0040"", ""FMOD0120"", ""FMOD0036"", ""FMOD0033"", ""FMOD0110""]",0.9,False,19.0
40,REAL,FAST,Q6K00351,40,23398,8,4.243801,"[""FMOD0005"", ""FMOD0022"", ""FMOD0035"", ""FMOD0120"", ""FMOD0102"", ""FMOD0025"", ""FMOD0083"", ""FMOD0089""]",0.5,False,8.0
40,REAL,FAST,Q6K00355,40,23398,28,9.10096,"[""FMOD0023"", ""FMOD0035"", ""FMOD0043"", ""FMOD0077"", ""FMOD0016"", ""FMOD0102"", ""FMOD0069"", ""FMOD0120"", ""FMOD0110"", ""FMOD0067""]",1.0,True,28.0
40,REAL,FAST,Q6K00359,40,23398,11,7.300822,"[""FMOD0086"", ""FMOD0023"", ""FMOD0035"", ""FMOD0069"", ""FMOD0079"", ""FMOD0036"", ""FMOD0102"", ""FMOD0110"", ""FMOD0022"", ""FMOD0025""]",0.7,False,11.0
40,REAL,FAST,Q6K00360,40,23398,7,5.707262,"[""FMOD0066"", ""FMOD0043"", ""FMOD0023"", ""FMOD0005"", ""FMOD0102"", ""FMOD0051"", ""FMOD0069""]",0.5,False,7.0
40,REAL,FAST,Q6K00363,40,23398,16,8.599742,"[""FMOD0066"", ""FMOD0102"", ""FMOD0069"", ""FMOD0120"", ""FMOD0035"", ""FMOD0023"", ""FMOD0036"", ""FMOD0079"", ""FMOD0005"", ""FMOD0110""]",1.0,True,16.0
40,REAL,FAST,Q6K00365,40,23398,6,4.434021,"[""FMOD0023"", ""FMOD0035"", ""FMOD0036"", ""FMOD0102"", ""FMOD0080"", ""FMOD0076""]",0.4,False,6.0
40,REAL,FAST,Q6K00372,40,23398,10,7.849905,"[""FMOD0023"", ""FMOD0035"", ""FMOD0016"", ""FMOD0051"", ""FMOD0102"", ""FMOD0069"", ""FMOD0120"", ""FMOD0033"", ""FMOD0110"", ""FMOD0086""]",0.9,False,10.0
40,REAL,FAST,Q6K00375,40,23398,30,9.188517,"[""FMOD0023"", ""FMOD0069"", ""FMOD0025"", ""FMOD0035"", ""FMOD0079"", ""FMOD0102"", ""FMOD0036"", ""FMOD0120"", ""FMOD0083"", ""FMOD0110""]",1.0,True,30.0
40,REAL,FAST,Q6K00377,40,23398,18,8.936877,"[""FMOD0022"", ""FMOD0023"", ""FMOD0069"", ""FMOD0025"", ""FMOD0100"", ""FMOD0035"", ""FMOD0036"", ""FMOD0102"", ""FMOD0120"", ""FMOD0079""]",0.9,False,18.0
40,REAL,FAST,Q6K00378,40,23398,24,9.760105,"[""FMOD0023"", ""FMOD0025"", ""FMOD0083"", ""FMOD0102"", ""FMOD0079"", ""FMOD0120"", ""FMOD0069"", ""FMOD0110"", ""FMOD0005"", ""FMOD0024""]",1.0,False,24.0
40,REAL,FAST,Q6K00380,40,23398,16,9.185857,"[""FMOD0023"", ""FMOD0035"", ""FMOD0110"", ""FMOD0102"", ""FMOD0036"", ""FMOD0120"", ""FMOD0077"", ""FMOD0005"", ""FMOD0069"", ""FMOD0113""]",1.0,False,16.0
40,REAL,FAST,Q6K00384,40,23398,7,7.687476,"[""FMOD0083"", ""FMOD0069"", ""FMOD0120"", ""FMOD0102"", ""FMOD0023"", ""FMOD0113"", ""FMOD0080""]",0.5,False,7.0
40,REAL,FAST,Q6K00389,40,23398,9,7.648832,"[""FMOD0023"", ""FMOD0102"", ""FMOD0035"", ""FMOD0069"", ""FMOD0120"", ""FMOD0077"", ""FMOD0014"", ""FMOD0051"", ""FMOD0025""]",0.6,False,9.0
40,REAL,FAST,Q6K00390,40,23398,18,9.855173,"[""FMOD0023"", ""FMOD0102"", ""FMOD0120"", ""FMOD0069"", ""FMOD0035"", ""FMOD0079"", ""FMOD0022"", ""FMOD0110"", ""FMOD0031"", ""FMOD0067""]",1.0,True,18.0
40,REAL,FAST,Q6K00393,40,23398,12,8.116064,"[""FMOD0023"", ""FMOD0102"", ""FMOD0113"", ""FMOD0036"", ""FMOD0035"", ""FMOD0083"", ""FMOD0069"", ""FMOD0110"", ""FMOD0079"", ""FMOD0077""]",0.8,False,12.0
40,REAL,FAST,Q6K00395,40,23398,21,10.935725,"[""FMOD0069"", ""FMOD0035"", ""FMOD0023"", ""FMOD0036"", ""FMOD0067"", ""FMOD0083"", ""FMOD0025"", ""FMOD0024"", ""FMOD0120"", ""FMOD0102""]",1.0,False,21.0
40,REAL,FAST,Q6K00396,40,23398,9,7.846781,"[""FMOD0066"", ""FMOD0035"", ""FMOD0023"", ""FMOD0051"", ""FMOD0102"", ""FMOD0120"", ""FMOD0077"", ""FMOD0069"", ""FMOD0005""]",0.8,False,9.0
40,REAL,FAST,Q6K00400,40,23398,30,9.488538,"[""FMOD0023"", ""FMOD0025"", ""FMOD0035"", ""FMOD0069"", ""FMOD0100"", ""FMOD0036"", ""FMOD0031"", ""FMOD0120"", ""FMOD0102"", ""FMOD0077""]",1.0,True,30.0
40,REAL,FAST,Q6K00403,40,23398,18,9.791833,"[""FMOD0035"", ""FMOD0033"", ""FMOD0120"", ""FMOD0024"", ""FMOD0080"", ""FMOD0102"", ""FMOD0105"", ""FMOD0005"", ""FMOD0036"", ""FMOD0069""]",0.9,False,18.0
40,REAL,FAST,Q6K00405,40,23398,7,4.860723,"[""FMOD0016"", ""FMOD0102"", ""FMOD0023"", ""FMOD0035"", ""FMOD0110"", ""FMOD0040"", ""FMOD0104""]",0.4,False,7.0
40,REAL,FAST,Q6K00407,40,23398,9,8.085359,"[""FMOD0005"", ""FMOD0120"", ""FMOD0069"", ""FMOD0102"", ""FMOD0023"", ""FMOD0110"", ""FMOD0077"", ""FMOD0035"", ""FMOD0025""]",0.6,False,9.0
40,REAL,FAST,Q6K00410,40,23398,5,3.723668,"[""FMOD0005"", ""FMOD0023"", ""FMOD0035"", ""FMOD0089"", ""FMOD0036""]",0.4,False,5.0
40,REAL,FAST,Q6K00417,40,23398,11,6.455099,"[""FMOD0051"", ""FMOD0035"", ""FMOD0036"", ""FMOD0120"", ""FMOD0069"", ""FMOD0077"", ""FMOD0022"", ""FMOD0116"", ""FMOD0014"", ""FMOD0076""]",0.6,False,11.0
40,REAL,FAST,Q6K00420,40,23398,17,9.80384,"[""FMOD0036"", ""FMOD0067"", ""FMOD0035"", ""FMOD0079"", ""FMOD0120"", ""FMOD0023"", ""FMOD0083"", ""FMOD0104"", ""FMOD0102"", ""FMOD0069""]",0.8,False,17.0
40,REAL,FAST,Q6K00422,40,23398,8,4.521504,"[""FMOD0083"", ""FMOD0023"", ""FMOD0102"", ""FMOD0036"", ""FMOD0110"", ""FMOD0104"", ""FMOD0017"", ""FMOD0043""]",0.5,False,8.0
40,REAL,FAST,Q6K00423,40,23398,21,8.765798,"[""FMOD0061"", ""FMOD0086"", ""FMOD0035"", ""FMOD0033"", ""FMOD0014"", ""FMOD0102"", ""FMOD0120"", ""FMOD0069"", ""FMOD0025"", ""FMOD0110""]",1.0,True,21.0
40,REAL,FAST,Q6K00424,40,23398,18,8.427841,"[""FMOD0102"", ""FMOD0035"", ""FMOD0077"", ""FMOD0069"", ""FMOD0023"", ""FMOD0033"", ""FMOD0113"", ""FMOD0025"", ""FMOD0036"", ""FMOD0083""]",1.0,True,18.0
40,REAL,FAST,Q6K00427,40,23398,6,5.016117,"[""FMOD0005"", ""FMOD0035"", ""FMOD0043"", ""FMOD0069"", ""FMOD0036"", ""FMOD0089""]",0.5,False,6.0
40,REAL,FAST,Q6K00435,40,23398,11,7.876433,"[""FMOD0069"", ""FMOD0023"", ""FMOD0102"", ""FMOD0120"", ""FMOD0035"", ""FMOD0110"", ""FMOD0079"", ""FMOD0033"", ""FMOD0067"", ""FMOD0036""]",0.7,False,11.0
40,REAL,FAST,Q6K00436,40,23398,13,8.059724,"[""FMOD0023"", ""FMOD0035"", ""FMOD0120"", ""FMOD0069"", ""FMOD0102"", ""FMOD0036"", ""FMOD0079"", ""FMOD0014"", ""FMOD0083"", ""FMOD0024""]",0.7,False,13.0
40,REAL,FAST,Q6K00438,40,23398,1,1.49678,"[""FMOD0022""]",0.1,False,1.0
40,REAL,FAST,Q6K00442,40,23398,6,3.736641,"[""FMOD0102"", ""FMOD0120"", ""FMOD0079"", ""FMOD0036"", ""FMOD0110"", ""FMOD0076""]",0.5,False,6.0
40,REAL,FAST,Q6K00443,40,23398,9,7.06083,"[""FMOD0035"", ""FMOD0023"", ""FMOD0102"", ""FMOD0069"", ""FMOD0036"", ""FMOD0079"", ""FMOD0033"", ""FMOD0016"", ""FMOD0067""]",0.6,False,9.0
40,REAL,FAST,Q6K00444,40,23398,11,6.053418,"[""FMOD0003"", ""FMOD0022"", ""FMOD0120"", ""FMOD0102"", ""FMOD0036"", ""FMOD0023"", ""FMOD0035"", ""FMOD0083"", ""FMOD0025"", ""FMOD0089""]",0.5,False,11.0
40,REAL,FAST,Q6K00446,40,23398,15,8.323933,"[""FMOD0067"", ""FMOD0035"", ""FMOD0023"", ""FMOD0022"", ""FMOD0102"", ""FMOD0120"", ""FMOD0110"", ""FMOD0036"", ""FMOD0079"", ""FMOD0069""]",1.0,True,15.0
40,REAL,FAST,Q6K00453,40,23398,13,8.444527,"[""FMOD0079"", ""FMOD0023"", ""FMOD0035"", ""FMOD0120"", ""FMOD0102"", ""FMOD0110"", ""FMOD0069"", ""FMOD0086"", ""FMOD0036"", ""FMOD0022""]",0.8,False,13.0
40,REAL,FAST,Q6K00456,40,23398,17,7.989283,"[""FMOD0016"", ""FMOD0067"", ""FMOD0113"", ""FMOD0036"", ""FMOD0023"", ""FMOD0079"", ""FMOD0083"", ""FMOD0102"", ""FMOD0120"", ""FMOD0069""]",0.7,False,17.0
40,REAL,FAST,Q6K00458,40,23398,5,3.805359,"[""FMOD0079"", ""FMOD0016"", ""FMOD0102"", ""FMOD0120"", ""FMOD0110""]",0.5,False,5.0
40,REAL,FAST,Q6K00461,40,23398,4,2.167869,"[""FMOD0001"", ""FMOD0003"", ""FMOD0089"", ""FMOD0035""]",0.4,False,4.0
40,REAL,FAST,Q6K00465,40,23398,7,4.928282,"[""FMOD0083"", ""FMOD0120"", ""FMOD0110"", ""FMOD0069"", ""FMOD0005"", ""FMOD0017"", ""FMOD0066""]",0.5,False,7.0
40,REAL,FAST,Q6K00470,40,23398,17,8.978262,"[""FMOD0102"", ""FMOD0061"", ""FMOD0120"", ""FMOD0069"", ""FMOD0035"", ""FMOD0079"", ""FMOD0110"", ""FMOD0031"", ""FMOD0023"", ""FMOD0036""]",1.0,True,17.0
40,REAL,FAST,Q6K00471,40,23398,8,7.302309,"[""FMOD0025"", ""FMOD0023"", ""FMOD0102"", ""FMOD0120"", ""FMOD0110"", ""FMOD0069"", ""FMOD0035"", ""FMOD0016""]",0.7,False,8.0
40,REAL,FAST,Q6K00473,40,23398,19,9.190087,"[""FMOD0086"", ""FMOD0079"", ""FMOD0036"", ""FMOD0083"", ""FMOD0024"", ""FMOD0067"", ""FMOD0023"", ""FMOD0025"", ""FMOD0035"", ""FMOD0069""]",1.0,True,19.0
40,REAL,FAST,Q6K00479,40,23398,8,4.043969,"[""FMOD0066"", ""FMOD0022"", ""FMOD0035"", ""FMOD0102"", ""FMOD0120"", ""FMOD0083"", ""FMOD0089"", ""FMOD0025""]",0.5,False,8.0
40,REAL,FAST,Q6K00481,40,23398,8,7.74819,"[""FMOD0035"", ""FMOD0023"", ""FMOD0051"", ""FMOD0102"", ""FMOD0120"", ""FMOD0069"", ""FMOD0040"", ""FMOD0022""]",0.6,False,8.0
40,REAL,FAST,Q6K00484,40,23398,1,2.113359,"[""FMOD0035""]",0.1,False,1.0
40,REAL,FAST,Q6K00485,40,23398,15,7.95576,"[""FMOD0069"", ""FMOD0035"", ""FMOD0023"", ""FMOD0036"", ""FMOD0067"", ""FMOD0083"", ""FMOD0025"", ""FMOD0024"", ""FMOD0120"", ""FMOD0102""]",1.0,True,15.0
40,REAL,FAST,Q6K00489,40,23398,8,7.054968,"[""FMOD0080"", ""FMOD0086"", ""FMOD0015"", ""FMOD0023"", ""FMOD0102"", ""FMOD0069"", ""FMOD0035"", ""FMOD0077""]",0.7,False,8.0
40,REAL,FAST,Q6K00495,40,23398,31,9.527908,"[""FMOD0083"", ""FMOD0023"", ""FMOD0035"", ""FMOD0110"", ""FMOD0069"", ""FMOD0036"", ""FMOD0079"", ""FMOD0102"", ""FMOD0120"", ""FMOD0031""]",1.0,True,31.0
40,REAL,FAST,Q6K00498,40,23398,16,8.003974,"[""FMOD0069"", ""FMOD0023"", ""FMOD0025"", ""FMOD0100"", ""FMOD0035"", ""FMOD0036"", ""FMOD0120"", ""FMOD0079"", ""FMOD0077"", ""FMOD0005""]",0.8,False,16.0
40,REAL,FAST,Q6K00507,40,23398,8,5.27124,"[""FMOD0023"", ""FMOD0035"", ""FMOD0016"", ""FMOD0120"", ""FMOD0102"", ""FMOD0077"", ""FMOD0022"", ""FMOD0014""]",0.5,False,8.0
40,REAL,FAST,Q6K00511,40,23398,24,9.467769,"[""FMOD0025"", ""FMOD0083"", ""FMOD0102"", ""FMOD0079"", ""FMOD0120"", ""FMOD0069"", ""FMOD0110"", ""FMOD0023"", ""FMOD0005"", ""FMOD0024""]",1.0,True,24.0
40,REAL,FAST,Q6K00512,40,23398,16,5.742538,"[""FMOD0035"", ""FMOD0023"", ""FMOD0110"", ""FMOD0036"", ""FMOD0083"", ""FMOD0031"", ""FMOD0033"", ""FMOD0005"", ""FMOD0079"", ""FMOD0080""]",1.0,True,16.0
40,REAL,FAST,Q6K00513,40,23398,26,9.55983,"[""FMOD0110"", ""FMOD0023"", ""FMOD0083"", ""FMOD0036"", ""FMOD0024"", ""FMOD0025"", ""FMOD0067"", ""FMOD0035"", ""FMOD0069"", ""FMOD0120""]",1.0,True,26.0
40,REAL,FAST,Q6K00517,40,23398,15,8.410942,"[""FMOD0023"", ""FMOD0102"", ""FMOD0022"", ""FMOD0035"", ""FMOD0120"", ""FMOD0110"", ""FMOD0036"", ""FMOD0079"", ""FMOD0069"", ""FMOD0005""]",0.9,False,15.0
40,REAL,FAST,Q6K00518,40,23398,28,9.262624,"[""FMOD0035"", ""FMOD0102"", ""FMOD0110"", ""FMOD0069"", ""FMOD0033"", ""FMOD0083"", ""FMOD0086"", ""FMOD0120"", ""FMOD0023"", ""FMOD0036""]",1.0,True,28.0
40,REAL,FAST,Q6K00523,40,23398,14,7.013514,"[""FMOD0035"", ""FMOD0102"", ""FMOD0120"", ""FMOD0036"", ""FMOD0110"", ""FMOD0079"", ""FMOD0069"", ""FMOD0022"", ""FMOD0005"", ""FMOD0104""]",0.8,False,14.0
40,REAL,FAST,Q6K00528,40,23398,9,7.63999,"[""FMOD0035"", ""FMOD0023"", ""FMOD0051"", ""FMOD0102"", ""FMOD0120"", ""FMOD0069"", ""FMOD0077"", ""FMOD0025"", ""FMOD0080""]",0.5,False,9.0
40,REAL,FAST,Q6K00530,40,23398,15,8.322364,"[""FMOD0069"", ""FMOD0035"", ""FMOD0023"", ""FMOD0036"", ""FMOD0067"", ""FMOD0083"", ""FMOD0025"", ""FMOD0024"", ""FMOD0102"", ""FMOD0120""]",0.9,False,15.0
40,REAL,FAST,Q6K00531,40,23398,14,8.246865,"[""FMOD0035"", ""FMOD0023"", ""FMOD0102"", ""FMOD0110"", ""FMOD0036"", ""FMOD0079"", ""FMOD0120"", ""FMOD0069"", ""FMOD0077"", ""FMOD0005""]",0.8,False,14.0
40,REAL,FAST,Q6K00533,40,23398,4,5.418391,"[""FMOD0023"", ""FMOD0069"", ""FMOD0035"", ""FMOD0080""]",0.3,False,4.0
40,REAL,FAST,Q6K00535,40,23398,23,8.229864,"[""FMOD0035"", ""FMOD0102"", ""FMOD0069"", ""FMOD0036"", ""FMOD0079"", ""FMOD0120"", ""FMOD0110"", ""FMOD0023"", ""FMOD0104"", ""FMOD0033""]",1.0,True,23.0
40,REAL,FAST,Q6K00537,40,23398,16,7.6351,"[""FMOD0023"", ""FMOD0069"", ""FMOD0025"", ""FMOD0100"", ""FMOD0035"", ""FMOD0036"", ""FMOD0120"", ""FMOD0079"", ""FMOD0077"", ""FMOD0005""]",0.8,False,16.0
40,REAL,FAST,Q6K00538,40,23398,21,8.600416,"[""FMOD0023"", ""FMOD0069"", ""FMOD0025"", ""FMOD0100"", ""FMOD0035"", ""FMOD0120"", ""FMOD0036"", ""FMOD0079"", ""FMOD0077"", ""FMOD0102""]",1.0,False,21.0
40,REAL,BALANCED,Q6K00183,40,23398,38,10.252108,"[""FMOD0023"", ""FMOD0036"", ""FMOD0035"", ""FMOD0120"", ""FMOD0102"", ""FMOD0110"", ""FMOD0005"", ""FMOD0077"", ""FMOD0069"", ""FMOD0031""]",1.0,True,38.0
40,REAL,BALANCED,Q6K00184,40,23398,38,9.659141,"[""FMOD0067"", ""FMOD0113"", ""FMOD0036"", ""FMOD0023"", ""FMOD0035"", ""FMOD0102"", ""FMOD0069"", ""FMOD0110"", ""FMOD0079"", ""FMOD0120""]",1.0,True,38.0
40,REAL,BALANCED,Q6K00193,40,23398,38,9.932636,"[""FMOD0025"", ""FMOD0069"", ""FMOD0023"", ""FMOD0080"", ""FMOD0102"", ""FMOD0120"", ""FMOD0077"", ""FMOD0035"", ""FMOD0113"", ""FMOD0005""]",1.0,True,38.0
40,REAL,BALANCED,Q6K00195,40,23398,35,10.370272,"[""FMOD0061"", ""FMOD0083"", ""FMOD0102"", ""FMOD0023"", ""FMOD0035"", ""FMOD0069"", ""FMOD0120"", ""FMOD0036"", ""FMOD0110"", ""FMOD0079""]",1.0,True,35.0
40,REAL,BALANCED,Q6K00197,40,23398,32,8.99929,"[""FMOD0069"", ""FMOD0102"", ""FMOD0005"", ""FMOD0120"", ""FMOD0033"", ""FMOD0036"", ""FMOD0110"", ""FMOD0105"", ""FMOD0079"", ""FMOD0077""]",1.0,True,32.0
40,REAL,BALANCED,Q6K00199,40,23398,38,9.768185,"[""FMOD0067"", ""FMOD0069"", ""FMOD0102"", ""FMOD0120"", ""FMOD0023"", ""FMOD0036"", ""FMOD0005"", ""FMOD0110"", ""FMOD0035"", ""FMOD0079""]",1.0,True,38.0
40,REAL,BALANCED,Q6K00200,40,23398,35,9.536664,"[""FMOD0051"", ""FMOD0023"", ""FMOD0035"", ""FMOD0016"", ""FMOD0120"", ""FMOD0079"", ""FMOD0102"", ""FMOD0110"", ""FMOD0036"", ""FMOD0040""]",1.0,True,35.0
40,REAL,BALANCED,Q6K00201,40,23398,36,9.386738,"[""FMOD0066"", ""FMOD0036"", ""FMOD0102"", ""FMOD0120"", ""FMOD0079"", ""FMOD0017"", ""FMOD0005"", ""FMOD0110"", ""FMOD0023"", ""FMOD0069""]",1.0,True,36.0
40,REAL,BALANCED,Q6K00205,40,23398,34,9.317092,"[""FMOD0051"", ""FMOD0023"", ""FMOD0035"", ""FMOD0016"", ""FMOD0102"", ""FMOD0079"", ""FMOD0069"", ""FMOD0120"", ""FMOD0067"", ""FMOD0036""]",1.0,True,34.0
40,REAL,BALANCED,Q6K00206,40,23398,37,9.259016,"[""FMOD0016"", ""FMOD0102"", ""FMOD0031"", ""FMOD0023"", ""FMOD0035"", ""FMOD0033"", ""FMOD0051"", ""FMOD0120"", ""FMOD0069"", ""FMOD0079""]",1.0,True,37.0
40,REAL,BALANCED,Q6K00207,40,23398,33,10.256844,"[""FMOD0023"", ""FMOD0035"", ""FMOD0120"", ""FMOD0102"", ""FMOD0069"", ""FMOD0077"", ""FMOD0110"", ""FMOD0079"", ""FMOD0036"", ""FMOD0025""]",1.0,True,33.0
40,REAL,BALANCED,Q6K00208,40,23398,37,9.83073,"[""FMOD0102"", ""FMOD0079"", ""FMOD0023"", ""FMOD0035"", ""FMOD0036"", ""FMOD0014"", ""FMOD0120"", ""FMOD0043"", ""FMOD0016"", ""FMOD0089""]",1.0,True,37.0
40,REAL,BALANCED,Q6K00212,40,23398,37,9.071904,"[""FMOD0023"", ""FMOD0120"", ""FMOD0102"", ""FMOD0036"", ""FMOD0035"", ""FMOD0043"", ""FMOD0079"", ""FMOD0069"", ""FMOD0005"", ""FMOD0033""]",1.0,True,37.0
40,REAL,BALANCED,Q6K00216,40,23398,32,9.159817,"[""FMOD0016"", ""FMOD0035"", ""FMOD0023"", ""FMOD0120"", ""FMOD0079"", ""FMOD0102"", ""FMOD0069"", ""FMOD0036"", ""FMOD0031"", ""FMOD0077""]",1.0,True,32.0
40,REAL,BALANCED,Q6K00227,40,23398,34,9.472159,"[""FMOD0023"", ""FMOD0069"", ""FMOD0035"", ""FMOD0120"", ""FMOD0036"", ""FMOD0079"", ""FMOD0102"", ""FMOD0113"", ""FMOD0005"", ""FMOD0086""]",1.0,True,34.0
40,REAL,BALANCED,Q6K00232,40,23398,36,9.464731,"[""FMOD0023"", ""FMOD0120"", ""FMOD0036"", ""FMOD0069"", ""FMOD0035"", ""FMOD0102"", ""FMOD0086"", ""FMOD0110"", ""FMOD0043"", ""FMOD0025""]",1.0,True,36.0
40,REAL,BALANCED,Q6K00235,40,23398,33,9.421784,"[""FMOD0023"", ""FMOD0036"", ""FMOD0069"", ""FMOD0035"", ""FMOD0120"", ""FMOD0079"", ""FMOD0102"", ""FMOD0005"", ""FMOD0086"", ""FMOD0033""]",1.0,True,33.0
40,REAL,BALANCED,Q6K00236,40,23398,37,9.452433,"[""FMOD0036"", ""FMOD0079"", ""FMOD0120"", ""FMOD0086"", ""FMOD0102"", ""FMOD0035"", ""FMOD0083"", ""FMOD0069"", ""FMOD0005"", ""FMOD0024""]",1.0,True,37.0
40,REAL,BALANCED,Q6K00237,40,23398,37,9.85221,"[""FMOD0067"", ""FMOD0120"", ""FMOD0023"", ""FMOD0102"", ""FMOD0110"", ""FMOD0069"", ""FMOD0035"", ""FMOD0036"", ""FMOD0079"", ""FMOD0089""]",1.0,True,37.0
40,REAL,BALANCED,Q6K00240,40,23398,31,9.940332,"[""FMOD0069"", ""FMOD0110"", ""FMOD0104"", ""FMOD0035"", ""FMOD0043"", ""FMOD0023"", ""FMOD0102"", ""FMOD0083"", ""FMOD0120"", ""FMOD0079""]",1.0,True,31.0
40,REAL,BALANCED,Q6K00247,40,23398,38,10.217919,"[""FMOD0069"", ""FMOD0023"", ""FMOD0083"", ""FMOD0025"", ""FMOD0110"", ""FMOD0079"", ""FMOD0035"", ""FMOD0120"", ""FMOD0003"", ""FMOD0102""]",1.0,True,38.0
40,REAL,BALANCED,Q6K00251,40,23398,37,10.379911,"[""FMOD0067"", ""FMOD0120"", ""FMOD0023"", ""FMOD0069"", ""FMOD0086"", ""FMOD0077"", ""FMOD0035"", ""FMOD0102"", ""FMOD0113"", ""FMOD0110""]",1.0,True,37.0
40,REAL,BALANCED,Q6K00252,40,23398,36,10.532046,"[""FMOD0043"", ""FMOD0086"", ""FMOD0035"", ""FMOD0023"", ""FMOD0102"", ""FMOD0069"", ""FMOD0079"", ""FMOD0024"", ""FMOD0120"", ""FMOD0025""]",1.0,True,36.0
40,REAL,BALANCED,Q6K00258,40,23398,36,10.295909,"[""FMOD0001"", ""FMOD0035"", ""FMOD0069"", ""FMOD0023"", ""FMOD0120"", ""FMOD0036"", ""FMOD0043"", ""FMOD0025"", ""FMOD0083"", ""FMOD0110""]",1.0,True,36.0
40,REAL,BALANCED,Q6K00259,40,23398,35,10.724746,"[""FMOD0043"", ""FMOD0089"", ""FMOD0035"", ""FMOD0102"", ""FMOD0023"", ""FMOD0069"", ""FMOD0079"", ""FMOD0024"", ""FMOD0120"", ""FMOD0025""]",1.0,True,35.0
40,REAL,BALANCED,Q6K00262,40,23398,38,9.902091,"[""FMOD0069"", ""FMOD0023"", ""FMOD0025"", ""FMOD0100"", ""FMOD0102"", ""FMOD0120"", ""FMOD0005"", ""FMOD0079"", ""FMOD0110"", ""FMOD0035""]",1.0,True,38.0
40,REAL,BALANCED,Q6K00264,40,23398,37,9.504439,"[""FMOD0043"", ""FMOD0066"", ""FMOD0035"", ""FMOD0023"", ""FMOD0079"", ""FMOD0005"", ""FMOD0102"", ""FMOD0077"", ""FMOD0120"", ""FMOD0036""]",1.0,True,37.0
40,REAL,BALANCED,Q6K00267,40,23398,37,9.613795,"[""FMOD0022"", ""FMOD0069"", ""FMOD0023"", ""FMOD0025"", ""FMOD0100"", ""FMOD0040"", ""FMOD0035"", ""FMOD0102"", ""FMOD0120"", ""FMOD0079""]",1.0,True,37.0
40,REAL,BALANCED,Q6K00268,40,23398,35,9.97907,"[""FMOD0077"", ""FMOD0069"", ""FMOD0083"", ""FMOD0035"", ""FMOD0005"", ""FMOD0086"", ""FMOD0033"", ""FMOD0079"", ""FMOD0102"", ""FMOD0120""]",1.0,True,35.0
40,REAL,BALANCED,Q6K00271,40,23398,39,9.627234,"[""FMOD0086"", ""FMOD0120"", ""FMOD0069"", ""FMOD0035"", ""FMOD0023"", ""FMOD0077"", ""FMOD0102"", ""FMOD0110"", ""FMOD0036"", ""FMOD0079""]",1.0,True,39.0
40,REAL,BALANCED,Q6K00273,40,23398,35,9.686643,"[""FMOD0023"", ""FMOD0043"", ""FMOD0079"", ""FMOD0102"", ""FMOD0005"", ""FMOD0120"", ""FMOD0083"", ""FMOD0086"", ""FMOD0110"", ""FMOD0036""]",1.0,True,35.0
40,REAL,BALANCED,Q6K00274,40,23398,38,9.233457,"[""FMOD0067"", ""FMOD0113"", ""FMOD0036"", ""FMOD0023"", ""FMOD0120"", ""FMOD0035"", ""FMOD0069"", ""FMOD0033"", ""FMOD0110"", ""FMOD0102""]",1.0,True,38.0
40,REAL,BALANCED,Q6K00275,40,23398,38,10.356205,"[""FMOD0086"", ""FMOD0102"", ""FMOD0067"", ""FMOD0023"", ""FMOD0035"", ""FMOD0043"", ""FMOD0077"", ""FMOD0069"", ""FMOD0120"", ""FMOD0036""]",1.0,True,38.0
40,REAL,BALANCED,Q6K00283,40,23398,37,10.767527,"[""FMOD0036"", ""FMOD0035"", ""FMOD0023"", ""FMOD0120"", ""FMOD0079"", ""FMOD0102"", ""FMOD0069"", ""FMOD0017"", ""FMOD0110"", ""FMOD0086""]",1.0,True,37.0
40,REAL,BALANCED,Q6K00287,40,23398,37,10.361094,"[""FMOD0003"", ""FMOD0089"", ""FMOD0067"", ""FMOD0014"", ""FMOD0113"", ""FMOD0036"", ""FMOD0120"", ""FMOD0035"", ""FMOD0005"", ""FMOD0069""]",1.0,True,37.0
40,REAL,BALANCED,Q6K00293,40,23398,35,9.880162,"[""FMOD0043"", ""FMOD0035"", ""FMOD0102"", ""FMOD0069"", ""FMOD0023"", ""FMOD0079"", ""FMOD0120"", ""FMOD0025"", ""FMOD0024"", ""FMOD0077""]",1.0,True,35.0
40,REAL,BALANCED,Q6K00295,40,23398,37,9.736149,"[""FMOD0066"", ""FMOD0043"", ""FMOD0102"", ""FMOD0023"", ""FMOD0069"", ""FMOD0035"", ""FMOD0079"", ""FMOD0120"", ""FMOD0025"", ""FMOD0024""]",1.0,True,37.0
40,REAL,BALANCED,Q6K00296,40,23398,38,9.667303,"[""FMOD0066"", ""FMOD0120"", ""FMOD0035"", ""FMOD0023"", ""FMOD0102"", ""FMOD0036"", ""FMOD0110"", ""FMOD0005"", ""FMOD0086"", ""FMOD0113""]",1.0,True,38.0
40,REAL,BALANCED,Q6K00298,40,23398,37,9.618062,"[""FMOD0036"", ""FMOD0102"", ""FMOD0023"", ""FMOD0069"", ""FMOD0120"", ""FMOD0077"", ""FMOD0025"", ""FMOD0035"", ""FMOD0079"", ""FMOD0110""]",1.0,True,37.0
40,REAL,BALANCED,Q6K00299,40,23398,34,10.920893,"[""FMOD0040"", ""FMOD0089"", ""FMOD0035"", ""FMOD0079"", ""FMOD0023"", ""FMOD0102"", ""FMOD0014"", ""FMOD0051"", ""FMOD0069"", ""FMOD0120""]",1.0,True,34.0
40,REAL,BALANCED,Q6K00304,40,23398,37,9.543399,"[""FMOD0077"", ""FMOD0083"", ""FMOD0023"", ""FMOD0069"", ""FMOD0040"", ""FMOD0102"", ""FMOD0025"", ""FMOD0035"", ""FMOD0120"", ""FMOD0005""]",1.0,True,37.0
40,REAL,BALANCED,Q6K00310,40,23398,35,9.660052,"[""FMOD0005"", ""FMOD0022"", ""FMOD0035"", ""FMOD0023"", ""FMOD0033"", ""FMOD0036"", ""FMOD0079"", ""FMOD0102"", ""FMOD0040"", ""FMOD0043""]",1.0,True,35.0
40,REAL,BALANCED,Q6K00313,40,23398,36,9.864581,"[""FMOD0061"", ""FMOD0069"", ""FMOD0083"", ""FMOD0066"", ""FMOD0036"", ""FMOD0033"", ""FMOD0120"", ""FMOD0005"", ""FMOD0102"", ""FMOD0110""]",1.0,True,36.0
40,REAL,BALANCED,Q6K00317,40,23398,34,9.372596,"[""FMOD0061"", ""FMOD0089"", ""FMOD0036"", ""FMOD0079"", ""FMOD0035"", ""FMOD0005"", ""FMOD0023"", ""FMOD0110"", ""FMOD0077"", ""FMOD0083""]",1.0,True,34.0
40,REAL,BALANCED,Q6K00318,40,23398,36,9.974933,"[""FMOD0086"", ""FMOD0035"", ""FMOD0023"", ""FMOD0102"", ""FMOD0120"", ""FMOD0067"", ""FMOD0069"", ""FMOD0036"", ""FMOD0077"", ""FMOD0033""]",1.0,True,36.0
40,REAL,BALANCED,Q6K00325,40,23398,36,9.609804,"[""FMOD0086"", ""FMOD0023"", ""FMOD0035"", ""FMOD0069"", ""FMOD0043"", ""FMOD0120"", ""FMOD0079"", ""FMOD0102"", ""FMOD0110"", ""FMOD0040""]",1.0,True,36.0
40,REAL,BALANCED,Q6K00326,40,23398,36,9.880435,"[""FMOD0066"", ""FMOD0023"", ""FMOD0079"", ""FMOD0036"", ""FMOD0102"", ""FMOD0120"", ""FMOD0035"", ""FMOD0069"", ""FMOD0110"", ""FMOD0083""]",1.0,True,36.0
40,REAL,BALANCED,Q6K00327,40,23398,34,9.803755,"[""FMOD0016"", ""FMOD0051"", ""FMOD0102"", ""FMOD0023"", ""FMOD0035"", ""FMOD0036"", ""FMOD0077"", ""FMOD0069"", ""FMOD0120"", ""FMOD0110""]",1.0,True,34.0
40,REAL,BALANCED,Q6K00332,40,23398,39,9.640384,"[""FMOD0035"", ""FMOD0086"", ""FMOD0023"", ""FMOD0069"", ""FMOD0120"", ""FMOD0110"", ""FMOD0036"", ""FMOD0102"", ""FMOD0043"", ""FMOD0005""]",1.0,True,39.0
40,REAL,BALANCED,Q6K00333,40,23398,38,9.399742,"[""FMOD0069"", ""FMOD0083"", ""FMOD0025"", ""FMOD0079"", ""FMOD0110"", ""FMOD0120"", ""FMOD0035"", ""FMOD0003"", ""FMOD0023"", ""FMOD0102""]",1.0,True,38.0
40,REAL,BALANCED,Q6K00336,40,23398,34,9.346082,"[""FMOD0014"", ""FMOD0023"", ""FMOD0079"", ""FMOD0035"", ""FMOD0120"", ""FMOD0102"", ""FMOD0069"", ""FMOD0025"", ""FMOD0110"", ""FMOD0083""]",1.0,True,34.0
40,REAL,BALANCED,Q6K00338,40,23398,37,9.429094,"[""FMOD0067"", ""FMOD0003"", ""FMOD0035"", ""FMOD0023"", ""FMOD0102"", ""FMOD0120"", ""FMOD0069"", ""FMOD0077"", ""FMOD0025"", ""FMOD0110""]",1.0,True,37.0
40,REAL,BALANCED,Q6K00340,40,23398,36,9.539225,"[""FMOD0025"", ""FMOD0089"", ""FMOD0023"", ""FMOD0035"", ""FMOD0069"", ""FMOD0079"", ""FMOD0036"", ""FMOD0120"", ""FMOD0102"", ""FMOD0016""]",1.0,True,36.0
40,REAL,BALANCED,Q6K00342,40,23398,37,9.543512,"[""FMOD0023"", ""FMOD0102"", ""FMOD0035"", ""FMOD0110"", ""FMOD0036"", ""FMOD0079"", ""FMOD0120"", ""FMOD0069"", ""FMOD0077"", ""FMOD0040""]",1.0,True,37.0
40,REAL,BALANCED,Q6K00343,40,23398,39,9.351161,"[""FMOD0016"", ""FMOD0102"", ""FMOD0023"", ""FMOD0079"", ""FMOD0036"", ""FMOD0035"", ""FMOD0005"", ""FMOD0069"", ""FMOD0120"", ""FMOD0051""]",1.0,True,39.0
40,REAL,BALANCED,Q6K00344,40,23398,37,9.50221,"[""FMOD0023"", ""FMOD0025"", ""FMOD0043"", ""FMOD0069"", ""FMOD0035"", ""FMOD0040"", ""FMOD0120"", ""FMOD0036"", ""FMOD0102"", ""FMOD0033""]",1.0,True,37.0
40,REAL,BALANCED,Q6K00351,40,23398,36,9.335619,"[""FMOD0005"", ""FMOD0022"", ""FMOD0035"", ""FMOD0079"", ""FMOD0120"", ""FMOD0023"", ""FMOD0102"", ""FMOD0036"", ""FMOD0077"", ""FMOD0069""]",1.0,True,36.0
40,REAL,BALANCED,Q6K00355,40,23398,36,10.027356,"[""FMOD0023"", ""FMOD0035"", ""FMOD0043"", ""FMOD0077"", ""FMOD0016"", ""FMOD0102"", ""FMOD0069"", ""FMOD0120"", ""FMOD0110"", ""FMOD0067""]",1.0,True,36.0
40,REAL,BALANCED,Q6K00359,40,23398,38,9.708281,"[""FMOD0086"", ""FMOD0023"", ""FMOD0035"", ""FMOD0079"", ""FMOD0036"", ""FMOD0069"", ""FMOD0102"", ""FMOD0051"", ""FMOD0120"", ""FMOD0104""]",1.0,True,38.0
40,REAL,BALANCED,Q6K00360,40,23398,35,9.981742,"[""FMOD0066"", ""FMOD0043"", ""FMOD0035"", ""FMOD0023"", ""FMOD0079"", ""FMOD0120"", ""FMOD0036"", ""FMOD0005"", ""FMOD0083"", ""FMOD0102""]",1.0,True,35.0
40,REAL,BALANCED,Q6K00363,40,23398,36,9.871981,"[""FMOD0066"", ""FMOD0102"", ""FMOD0069"", ""FMOD0120"", ""FMOD0035"", ""FMOD0023"", ""FMOD0036"", ""FMOD0079"", ""FMOD0005"", ""FMOD0110""]",1.0,True,36.0
40,REAL,BALANCED,Q6K00365,40,23398,35,9.742098,"[""FMOD0023"", ""FMOD0035"", ""FMOD0102"", ""FMOD0036"", ""FMOD0110"", ""FMOD0120"", ""FMOD0079"", ""FMOD0069"", ""FMOD0089"", ""FMOD0104""]",1.0,True,35.0
40,REAL,BALANCED,Q6K00372,40,23398,36,10.092745,"[""FMOD0023"", ""FMOD0035"", ""FMOD0016"", ""FMOD0051"", ""FMOD0102"", ""FMOD0069"", ""FMOD0120"", ""FMOD0036"", ""FMOD0110"", ""FMOD0033""]",1.0,True,36.0
40,REAL,BALANCED,Q6K00375,40,23398,36,9.706686,"[""FMOD0023"", ""FMOD0069"", ""FMOD0025"", ""FMOD0035"", ""FMOD0079"", ""FMOD0102"", ""FMOD0036"", ""FMOD0120"", ""FMOD0083"", ""FMOD0110""]",1.0,True,36.0
40,REAL,BALANCED,Q6K00377,40,23398,37,9.338923,"[""FMOD0022"", ""FMOD0023"", ""FMOD0069"", ""FMOD0025"", ""FMOD0100"", ""FMOD0035"", ""FMOD0036"", ""FMOD0102"", ""FMOD0120"", ""FMOD0110""]",1.0,True,37.0
40,REAL,BALANCED,Q6K00378,40,23398,37,9.52499,"[""FMOD0023"", ""FMOD0025"", ""FMOD0083"", ""FMOD0079"", ""FMOD0102"", ""FMOD0120"", ""FMOD0069"", ""FMOD0110"", ""FMOD0005"", ""FMOD0024""]",1.0,True,37.0
40,REAL,BALANCED,Q6K00380,40,23398,36,10.143978,"[""FMOD0023"", ""FMOD0035"", ""FMOD0102"", ""FMOD0110"", ""FMOD0036"", ""FMOD0120"", ""FMOD0077"", ""FMOD0005"", ""FMOD0069"", ""FMOD0113""]",1.0,True,36.0
40,REAL,BALANCED,Q6K00384,40,23398,36,9.394672,"[""FMOD0083"", ""FMOD0086"", ""FMOD0069"", ""FMOD0035"", ""FMOD0120"", ""FMOD0005"", ""FMOD0036"", ""FMOD0079"", ""FMOD0102"", ""FMOD0023""]",1.0,True,36.0
40,REAL,BALANCED,Q6K00389,40,23398,34,9.694343,"[""FMOD0023"", ""FMOD0102"", ""FMOD0035"", ""FMOD0036"", ""FMOD0069"", ""FMOD0079"", ""FMOD0120"", ""FMOD0067"", ""FMOD0077"", ""FMOD0016""]",1.0,True,34.0
40,REAL,BALANCED,Q6K00390,40,23398,37,9.149659,"[""FMOD0023"", ""FMOD0102"", ""FMOD0120"", ""FMOD0069"", ""FMOD0035"", ""FMOD0079"", ""FMOD0022"", ""FMOD0110"", ""FMOD0031"", ""FMOD0067""]",1.0,True,37.0
40,REAL,BALANCED,Q6K00393,40,23398,37,9.216384,"[""FMOD0023"", ""FMOD0102"", ""FMOD0036"", ""FMOD0120"", ""FMOD0035"", ""FMOD0113"", ""FMOD0069"", ""FMOD0024"", ""FMOD0083"", ""FMOD0110""]",1.0,True,37.0
40,REAL,BALANCED,Q6K00395,40,23398,37,9.431323,"[""FMOD0069"", ""FMOD0035"", ""FMOD0023"", ""FMOD0036"", ""FMOD0067"", ""FMOD0083"", ""FMOD0025"", ""FMOD0024"", ""FMOD0102"", ""FMOD0120""]",1.0,True,37.0
40,REAL,BALANCED,Q6K00396,40,23398,35,9.579079,"[""FMOD0066"", ""FMOD0035"", ""FMOD0023"", ""FMOD0051"", ""FMOD0102"", ""FMOD0036"", ""FMOD0120"", ""FMOD0077"", ""FMOD0014"", ""FMOD0069""]",1.0,True,35.0
40,REAL,BALANCED,Q6K00400,40,23398,38,9.492069,"[""FMOD0023"", ""FMOD0025"", ""FMOD0035"", ""FMOD0069"", ""FMOD0100"", ""FMOD0036"", ""FMOD0031"", ""FMOD0120"", ""FMOD0102"", ""FMOD0077""]",1.0,True,38.0
40,REAL,BALANCED,Q6K00403,40,23398,34,9.646737,"[""FMOD0035"", ""FMOD0033"", ""FMOD0120"", ""FMOD0024"", ""FMOD0080"", ""FMOD0102"", ""FMOD0105"", ""FMOD0005"", ""FMOD0025"", ""FMOD0036""]",1.0,True,34.0
40,REAL,BALANCED,Q6K00405,40,23398,37,9.493057,"[""FMOD0016"", ""FMOD0102"", ""FMOD0031"", ""FMOD0023"", ""FMOD0035"", ""FMOD0033"", ""FMOD0079"", ""FMOD0022"", ""FMOD0051"", ""FMOD0014""]",1.0,True,37.0
40,REAL,BALANCED,Q6K00407,40,23398,34,9.970715,"[""FMOD0005"", ""FMOD0120"", ""FMOD0069"", ""FMOD0102"", ""FMOD0079"", ""FMOD0023"", ""FMOD0104"", ""FMOD0033"", ""FMOD0110"", ""FMOD0036""]",1.0,True,34.0
40,REAL,BALANCED,Q6K00410,40,23398,36,10.908263,"[""FMOD0005"", ""FMOD0023"", ""FMOD0035"", ""FMOD0089"", ""FMOD0024"", ""FMOD0113"", ""FMOD0120"", ""FMOD0079"", ""FMOD0110"", ""FMOD0083""]",1.0,True,36.0
40,REAL,BALANCED,Q6K00417,40,23398,37,9.815966,"[""FMOD0051"", ""FMOD0102"", ""FMOD0035"", ""FMOD0086"", ""FMOD0005"", ""FMOD0036"", ""FMOD0120"", ""FMOD0069"", ""FMOD0077"", ""FMOD0079""]",1.0,True,37.0
40,REAL,BALANCED,Q6K00420,40,23398,38,9.752444,"[""FMOD0036"", ""FMOD0067"", ""FMOD0035"", ""FMOD0079"", ""FMOD0120"", ""FMOD0023"", ""FMOD0005"", ""FMOD0017"", ""FMOD0083"", ""FMOD0104""]",1.0,True,38.0
40,REAL,BALANCED,Q6K00422,40,23398,38,10.190806,"[""FMOD0083"", ""FMOD0035"", ""FMOD0069"", ""FMOD0102"", ""FMOD0023"", ""FMOD0120"", ""FMOD0036"", ""FMOD0079"", ""FMOD0110"", ""FMOD0005""]",1.0,True,38.0
40,REAL,BALANCED,Q6K00423,40,23398,38,9.472782,"[""FMOD0061"", ""FMOD0086"", ""FMOD0035"", ""FMOD0033"", ""FMOD0014"", ""FMOD0102"", ""FMOD0120"", ""FMOD0069"", ""FMOD0025"", ""FMOD0110""]",1.0,True,38.0
40,REAL,BALANCED,Q6K00424,40,23398,34,9.815939,"[""FMOD0102"", ""FMOD0035"", ""FMOD0077"", ""FMOD0069"", ""FMOD0023"", ""FMOD0033"", ""FMOD0113"", ""FMOD0025"", ""FMOD0036"", ""FMOD0083""]",1.0,True,34.0
40,REAL,BALANCED,Q6K00427,40,23398,35,9.517452,"[""FMOD0005"", ""FMOD0035"", ""FMOD0043"", ""FMOD0102"", ""FMOD0023"", ""FMOD0069"", ""FMOD0036"", ""FMOD0120"", ""FMOD0016"", ""FMOD0110""]",1.0,True,35.0
40,REAL,BALANCED,Q6K00435,40,23398,37,9.925337,"[""FMOD0069"", ""FMOD0023"", ""FMOD0102"", ""FMOD0120"", ""FMOD0035"", ""FMOD0079"", ""FMOD0110"", ""FMOD0077"", ""FMOD0014"", ""FMOD0005""]",1.0,True,37.0
40,REAL,BALANCED,Q6K00436,40,23398,38,9.913988,"[""FMOD0023"", ""FMOD0035"", ""FMOD0120"", ""FMOD0069"", ""FMOD0036"", ""FMOD0102"", ""FMOD0077"", ""FMOD0079"", ""FMOD0110"", ""FMOD0113""]",1.0,True,38.0
40,REAL,BALANCED,Q6K00438,40,23398,35,9.583933,"[""FMOD0022"", ""FMOD0102"", ""FMOD0023"", ""FMOD0036"", ""FMOD0069"", ""FMOD0110"", ""FMOD0120"", ""FMOD0079"", ""FMOD0035"", ""FMOD0077""]",1.0,True,35.0
40,REAL,BALANCED,Q6K00442,40,23398,32,10.91992,"[""FMOD0023"", ""FMOD0035"", ""FMOD0102"", ""FMOD0120"", ""FMOD0079"", ""FMOD0110"", ""FMOD0077"", ""FMOD0069"", ""FMOD0005"", ""FMOD0036""]",1.0,True,32.0
40,REAL,BALANCED,Q6K00443,40,23398,38,10.24674,"[""FMOD0035"", ""FMOD0023"", ""FMOD0102"", ""FMOD0069"", ""FMOD0120"", ""FMOD0104"", ""FMOD0036"", ""FMOD0079"", ""FMOD0110"", ""FMOD0025""]",1.0,True,38.0
40,REAL,BALANCED,Q6K00444,40,23398,36,9.563103,"[""FMOD0003"", ""FMOD0022"", ""FMOD0069"", ""FMOD0120"", ""FMOD0079"", ""FMOD0005"", ""FMOD0102"", ""FMOD0067"", ""FMOD0036"", ""FMOD0110""]",1.0,True,36.0
40,REAL,BALANCED,Q6K00446,40,23398,36,9.870525,"[""FMOD0067"", ""FMOD0035"", ""FMOD0023"", ""FMOD0022"", ""FMOD0102"", ""FMOD0120"", ""FMOD0110"", ""FMOD0036"", ""FMOD0079"", ""FMOD0069""]",1.0,True,36.0
40,REAL,BALANCED,Q6K00453,40,23398,36,9.531864,"[""FMOD0079"", ""FMOD0023"", ""FMOD0035"", ""FMOD0120"", ""FMOD0102"", ""FMOD0110"", ""FMOD0069"", ""FMOD0083"", ""FMOD0036"", ""FMOD0077""]",1.0,True,36.0
40,REAL,BALANCED,Q6K00456,40,23398,37,9.508108,"[""FMOD0016"", ""FMOD0067"", ""FMOD0113"", ""FMOD0036"", ""FMOD0023"", ""FMOD0077"", ""FMOD0079"", ""FMOD0083"", ""FMOD0035"", ""FMOD0005""]",1.0,True,37.0
40,REAL,BALANCED,Q6K00458,40,23398,33,9.360947,"[""FMOD0079"", ""FMOD0023"", ""FMOD0016"", ""FMOD0035"", ""FMOD0102"", ""FMOD0120"", ""FMOD0077"", ""FMOD0036"", ""FMOD0110"", ""FMOD0005""]",1.0,True,33.0
40,REAL,BALANCED,Q6K00461,40,23398,37,9.227778,"[""FMOD0001"", ""FMOD0003"", ""FMOD0089"", ""FMOD0035"", ""FMOD0051"", ""FMOD0120"", ""FMOD0023"", ""FMOD0036"", ""FMOD0069"", ""FMOD0005""]",1.0,True,37.0
40,REAL,BALANCED,Q6K00465,40,23398,38,9.750844,"[""FMOD0083"", ""FMOD0023"", ""FMOD0035"", ""FMOD0036"", ""FMOD0120"", ""FMOD0110"", ""FMOD0102"", ""FMOD0069"", ""FMOD0104"", ""FMOD0005""]",1.0,True,38.0
40,REAL,BALANCED,Q6K00470,40,23398,35,9.448967,"[""FMOD0102"", ""FMOD0061"", ""FMOD0120"", ""FMOD0069"", ""FMOD0035"", ""FMOD0079"", ""FMOD0110"", ""FMOD0031"", ""FMOD0023"", ""FMOD0036""]",1.0,True,35.0
40,REAL,BALANCED,Q6K00471,40,23398,37,9.380956,"[""FMOD0025"", ""FMOD0023"", ""FMOD0102"", ""FMOD0120"", ""FMOD0024"", ""FMOD0035"", ""FMOD0069"", ""FMOD0005"", ""FMOD0110"", ""FMOD0014""]",1.0,True,37.0
40,REAL,BALANCED,Q6K00473,40,23398,39,9.609875,"[""FMOD0086"", ""FMOD0079"", ""FMOD0036"", ""FMOD0083"", ""FMOD0024"", ""FMOD0067"", ""FMOD0023"", ""FMOD0025"", ""FMOD0035"", ""FMOD0069""]",1.0,True,39.0
40,REAL,BALANCED,Q6K00479,40,23398,35,9.406087,"[""FMOD0066"", ""FMOD0022"", ""FMOD0023"", ""FMOD0035"", ""FMOD0079"", ""FMOD0036"", ""FMOD0102"", ""FMOD0005"", ""FMOD0120"", ""FMOD0110""]",1.0,True,35.0
40,REAL,BALANCED,Q6K00481,40,23398,36,9.524717,"[""FMOD0035"", ""FMOD0023"", ""FMOD0051"", ""FMOD0102"", ""FMOD0120"", ""FMOD0036"", ""FMOD0083"", ""FMOD0079"", ""FMOD0069"", ""FMOD0077""]",1.0,True,36.0
40,REAL,BALANCED,Q6K00484,40,23398,34,9.397768,"[""FMOD0035"", ""FMOD0023"", ""FMOD0120"", ""FMOD0036"", ""FMOD0069"", ""FMOD0051"", ""FMOD0079"", ""FMOD0016"", ""FMOD0102"", ""FMOD0110""]",1.0,True,34.0
40,REAL,BALANCED,Q6K00485,40,23398,37,9.38928,"[""FMOD0069"", ""FMOD0035"", ""FMOD0023"", ""FMOD0036"", ""FMOD0067"", ""FMOD0083"", ""FMOD0025"", ""FMOD0024"", ""FMOD0120"", ""FMOD0102""]",1.0,True,37.0
40,REAL,BALANCED,Q6K00489,40,23398,37,9.472182,"[""FMOD0080"", ""FMOD0086"", ""FMOD0015"", ""FMOD0023"", ""FMOD0102"", ""FMOD0069"", ""FMOD0110"", ""FMOD0120"", ""FMOD0035"", ""FMOD0079""]",1.0,True,37.0
40,REAL,BALANCED,Q6K00495,40,23398,39,9.865704,"[""FMOD0083"", ""FMOD0023"", ""FMOD0035"", ""FMOD0110"", ""FMOD0069"", ""FMOD0036"", ""FMOD0079"", ""FMOD0102"", ""FMOD0120"", ""FMOD0031""]",1.0,True,39.0
40,REAL,BALANCED,Q6K00498,40,23398,37,9.689975,"[""FMOD0069"", ""FMOD0023"", ""FMOD0025"", ""FMOD0100"", ""FMOD0035"", ""FMOD0102"", ""FMOD0036"", ""FMOD0120"", ""FMOD0079"", ""FMOD0031""]",1.0,True,37.0
40,REAL,BALANCED,Q6K00507,40,23398,35,10.572642,"[""FMOD0023"", ""FMOD0035"", ""FMOD0016"", ""FMOD0120"", ""FMOD0069"", ""FMOD0079"", ""FMOD0113"", ""FMOD0102"", ""FMOD0110"", ""FMOD0036""]",1.0,True,35.0
40,REAL,BALANCED,Q6K00511,40,23398,37,10.211082,"[""FMOD0025"", ""FMOD0083"", ""FMOD0102"", ""FMOD0079"", ""FMOD0120"", ""FMOD0069"", ""FMOD0110"", ""FMOD0023"", ""FMOD0005"", ""FMOD0024""]",1.0,True,37.0
40,REAL,BALANCED,Q6K00512,40,23398,38,9.508129,"[""FMOD0035"", ""FMOD0023"", ""FMOD0110"", ""FMOD0036"", ""FMOD0083"", ""FMOD0031"", ""FMOD0033"", ""FMOD0005"", ""FMOD0079"", ""FMOD0080""]",1.0,True,38.0
40,REAL,BALANCED,Q6K00513,40,23398,38,9.866247,"[""FMOD0110"", ""FMOD0023"", ""FMOD0083"", ""FMOD0036"", ""FMOD0024"", ""FMOD0025"", ""FMOD0067"", ""FMOD0035"", ""FMOD0069"", ""FMOD0120""]",1.0,True,38.0
40,REAL,BALANCED,Q6K00517,40,23398,34,9.775556,"[""FMOD0023"", ""FMOD0022"", ""FMOD0102"", ""FMOD0051"", ""FMOD0035"", ""FMOD0120"", ""FMOD0110"", ""FMOD0036"", ""FMOD0079"", ""FMOD0069""]",1.0,True,34.0
40,REAL,BALANCED,Q6K00518,40,23398,36,10.026116,"[""FMOD0035"", ""FMOD0102"", ""FMOD0110"", ""FMOD0069"", ""FMOD0033"", ""FMOD0083"", ""FMOD0086"", ""FMOD0120"", ""FMOD0023"", ""FMOD0036""]",1.0,True,36.0
40,REAL,BALANCED,Q6K00523,40,23398,35,9.738737,"[""FMOD0035"", ""FMOD0023"", ""FMOD0102"", ""FMOD0051"", ""FMOD0120"", ""FMOD0110"", ""FMOD0036"", ""FMOD0079"", ""FMOD0069"", ""FMOD0022""]",1.0,True,35.0
40,REAL,BALANCED,Q6K00528,40,23398,36,9.991189,"[""FMOD0035"", ""FMOD0023"", ""FMOD0051"", ""FMOD0079"", ""FMOD0005"", ""FMOD0102"", ""FMOD0083"", ""FMOD0016"", ""FMOD0036"", ""FMOD0120""]",1.0,True,36.0
40,REAL,BALANCED,Q6K00530,40,23398,35,9.841695,"[""FMOD0069"", ""FMOD0035"", ""FMOD0023"", ""FMOD0036"", ""FMOD0067"", ""FMOD0083"", ""FMOD0025"", ""FMOD0024"", ""FMOD0113"", ""FMOD0102""]",1.0,True,35.0
40,REAL,BALANCED,Q6K00531,40,23398,34,9.82734,"[""FMOD0035"", ""FMOD0023"", ""FMOD0102"", ""FMOD0110"", ""FMOD0051"", ""FMOD0036"", ""FMOD0079"", ""FMOD0120"", ""FMOD0069"", ""FMOD0089""]",1.0,True,34.0
40,REAL,BALANCED,Q6K00533,40,23398,37,9.464513,"[""FMOD0023"", ""FMOD0110"", ""FMOD0069"", ""FMOD0036"", ""FMOD0102"", ""FMOD0120"", ""FMOD0035"", ""FMOD0079"", ""FMOD0077"", ""FMOD0083""]",1.0,True,37.0
40,REAL,BALANCED,Q6K00535,40,23398,37,8.650035,"[""FMOD0035"", ""FMOD0102"", ""FMOD0069"", ""FMOD0036"", ""FMOD0079"", ""FMOD0120"", ""FMOD0110"", ""FMOD0023"", ""FMOD0104"", ""FMOD0033""]",1.0,True,37.0
40,REAL,BALANCED,Q6K00537,40,23398,38,9.615066,"[""FMOD0023"", ""FMOD0069"", ""FMOD0025"", ""FMOD0100"", ""FMOD0036"", ""FMOD0035"", ""FMOD0102"", ""FMOD0120"", ""FMOD0079"", ""FMOD0110""]",1.0,True,38.0
40,REAL,BALANCED,Q6K00538,40,23398,35,9.594659,"[""FMOD0023"", ""FMOD0069"", ""FMOD0025"", ""FMOD0100"", ""FMOD0035"", ""FMOD0120"", ""FMOD0036"", ""FMOD0079"", ""FMOD0102"", ""FMOD0077""]",1.0,True,35.0
40,REAL,HIGH_RECALL,Q6K00183,40,23398,40,10.030084,"[""FMOD0023"", ""FMOD0036"", ""FMOD0035"", ""FMOD0120"", ""FMOD0102"", ""FMOD0110"", ""FMOD0005"", ""FMOD0077"", ""FMOD0069"", ""FMOD0031""]",1.0,True,40.0
40,REAL,HIGH_RECALL,Q6K00184,40,23398,39,9.852127,"[""FMOD0067"", ""FMOD0113"", ""FMOD0036"", ""FMOD0023"", ""FMOD0035"", ""FMOD0102"", ""FMOD0069"", ""FMOD0110"", ""FMOD0079"", ""FMOD0120""]",1.0,True,39.0
40,REAL,HIGH_RECALL,Q6K00193,40,23398,40,10.576325,"[""FMOD0025"", ""FMOD0069"", ""FMOD0023"", ""FMOD0080"", ""FMOD0102"", ""FMOD0120"", ""FMOD0077"", ""FMOD0035"", ""FMOD0113"", ""FMOD0005""]",1.0,True,40.0
40,REAL,HIGH_RECALL,Q6K00195,40,23398,39,10.309238,"[""FMOD0061"", ""FMOD0083"", ""FMOD0102"", ""FMOD0023"", ""FMOD0035"", ""FMOD0069"", ""FMOD0120"", ""FMOD0036"", ""FMOD0110"", ""FMOD0079""]",1.0,True,39.0
40,REAL,HIGH_RECALL,Q6K00197,40,23398,40,11.800346,"[""FMOD0069"", ""FMOD0102"", ""FMOD0005"", ""FMOD0120"", ""FMOD0033"", ""FMOD0036"", ""FMOD0110"", ""FMOD0105"", ""FMOD0079"", ""FMOD0077""]",1.0,True,40.0
40,REAL,HIGH_RECALL,Q6K00199,40,23398,40,10.671873,"[""FMOD0067"", ""FMOD0069"", ""FMOD0102"", ""FMOD0120"", ""FMOD0023"", ""FMOD0036"", ""FMOD0005"", ""FMOD0110"", ""FMOD0035"", ""FMOD0079""]",1.0,True,40.0
40,REAL,HIGH_RECALL,Q6K00200,40,23398,39,10.075707,"[""FMOD0051"", ""FMOD0023"", ""FMOD0035"", ""FMOD0016"", ""FMOD0120"", ""FMOD0079"", ""FMOD0102"", ""FMOD0110"", ""FMOD0036"", ""FMOD0040""]",1.0,True,39.0
40,REAL,HIGH_RECALL,Q6K00201,40,23398,40,9.834641,"[""FMOD0066"", ""FMOD0036"", ""FMOD0102"", ""FMOD0120"", ""FMOD0079"", ""FMOD0017"", ""FMOD0005"", ""FMOD0110"", ""FMOD0023"", ""FMOD0069""]",1.0,True,40.0
40,REAL,HIGH_RECALL,Q6K00205,40,23398,40,9.543317,"[""FMOD0051"", ""FMOD0023"", ""FMOD0035"", ""FMOD0016"", ""FMOD0102"", ""FMOD0079"", ""FMOD0069"", ""FMOD0120"", ""FMOD0067"", ""FMOD0036""]",1.0,True,40.0
40,REAL,HIGH_RECALL,Q6K00206,40,23398,40,9.778694,"[""FMOD0016"", ""FMOD0102"", ""FMOD0031"", ""FMOD0023"", ""FMOD0035"", ""FMOD0033"", ""FMOD0051"", ""FMOD0120"", ""FMOD0069"", ""FMOD0079""]",1.0,True,40.0
40,REAL,HIGH_RECALL,Q6K00207,40,23398,40,9.707189,"[""FMOD0023"", ""FMOD0035"", ""FMOD0120"", ""FMOD0102"", ""FMOD0069"", ""FMOD0077"", ""FMOD0110"", ""FMOD0079"", ""FMOD0036"", ""FMOD0025""]",1.0,True,40.0
40,REAL,HIGH_RECALL,Q6K00208,40,23398,40,9.630843,"[""FMOD0102"", ""FMOD0079"", ""FMOD0023"", ""FMOD0035"", ""FMOD0036"", ""FMOD0014"", ""FMOD0120"", ""FMOD0043"", ""FMOD0016"", ""FMOD0089""]",1.0,True,40.0
40,REAL,HIGH_RECALL,Q6K00212,40,23398,39,10.118811,"[""FMOD0023"", ""FMOD0120"", ""FMOD0102"", ""FMOD0036"", ""FMOD0035"", ""FMOD0043"", ""FMOD0079"", ""FMOD0069"", ""FMOD0005"", ""FMOD0033""]",1.0,True,39.0
40,REAL,HIGH_RECALL,Q6K00216,40,23398,39,9.515119,"[""FMOD0016"", ""FMOD0035"", ""FMOD0023"", ""FMOD0120"", ""FMOD0079"", ""FMOD0102"", ""FMOD0069"", ""FMOD0036"", ""FMOD0031"", ""FMOD0077""]",1.0,True,39.0
40,REAL,HIGH_RECALL,Q6K00227,40,23398,39,9.865036,"[""FMOD0023"", ""FMOD0069"", ""FMOD0035"", ""FMOD0120"", ""FMOD0036"", ""FMOD0079"", ""FMOD0102"", ""FMOD0113"", ""FMOD0005"", ""FMOD0086""]",1.0,True,39.0
40,REAL,HIGH_RECALL,Q6K00232,40,23398,40,9.925752,"[""FMOD0023"", ""FMOD0120"", ""FMOD0036"", ""FMOD0069"", ""FMOD0035"", ""FMOD0102"", ""FMOD0086"", ""FMOD0110"", ""FMOD0043"", ""FMOD0025""]",1.0,True,40.0
40,REAL,HIGH_RECALL,Q6K00235,40,23398,39,9.661173,"[""FMOD0023"", ""FMOD0036"", ""FMOD0069"", ""FMOD0035"", ""FMOD0120"", ""FMOD0079"", ""FMOD0102"", ""FMOD0005"", ""FMOD0086"", ""FMOD0033""]",1.0,True,39.0
40,REAL,HIGH_RECALL,Q6K00236,40,23398,39,9.799028,"[""FMOD0036"", ""FMOD0079"", ""FMOD0120"", ""FMOD0086"", ""FMOD0102"", ""FMOD0035"", ""FMOD0083"", ""FMOD0069"", ""FMOD0005"", ""FMOD0024""]",1.0,True,39.0
40,REAL,HIGH_RECALL,Q6K00237,40,23398,40,9.910756,"[""FMOD0067"", ""FMOD0120"", ""FMOD0023"", ""FMOD0102"", ""FMOD0110"", ""FMOD0069"", ""FMOD0035"", ""FMOD0036"", ""FMOD0079"", ""FMOD0089""]",1.0,True,40.0
40,REAL,HIGH_RECALL,Q6K00240,40,23398,40,10.199554,"[""FMOD0069"", ""FMOD0110"", ""FMOD0104"", ""FMOD0035"", ""FMOD0043"", ""FMOD0023"", ""FMOD0102"", ""FMOD0083"", ""FMOD0120"", ""FMOD0079""]",1.0,True,40.0
40,REAL,HIGH_RECALL,Q6K00247,40,23398,40,10.006409,"[""FMOD0069"", ""FMOD0023"", ""FMOD0083"", ""FMOD0025"", ""FMOD0110"", ""FMOD0079"", ""FMOD0035"", ""FMOD0120"", ""FMOD0003"", ""FMOD0102""]",1.0,True,40.0
40,REAL,HIGH_RECALL,Q6K00251,40,23398,40,9.87713,"[""FMOD0067"", ""FMOD0120"", ""FMOD0023"", ""FMOD0069"", ""FMOD0086"", ""FMOD0077"", ""FMOD0035"", ""FMOD0102"", ""FMOD0113"", ""FMOD0110""]",1.0,True,40.0
40,REAL,HIGH_RECALL,Q6K00252,40,23398,39,9.454962,"[""FMOD0043"", ""FMOD0086"", ""FMOD0035"", ""FMOD0023"", ""FMOD0102"", ""FMOD0069"", ""FMOD0079"", ""FMOD0024"", ""FMOD0120"", ""FMOD0025""]",1.0,True,39.0
40,REAL,HIGH_RECALL,Q6K00258,40,23398,40,10.286795,"[""FMOD0001"", ""FMOD0035"", ""FMOD0069"", ""FMOD0023"", ""FMOD0120"", ""FMOD0036"", ""FMOD0043"", ""FMOD0025"", ""FMOD0083"", ""FMOD0110""]",1.0,True,40.0
40,REAL,HIGH_RECALL,Q6K00259,40,23398,39,10.299822,"[""FMOD0043"", ""FMOD0089"", ""FMOD0035"", ""FMOD0102"", ""FMOD0023"", ""FMOD0069"", ""FMOD0079"", ""FMOD0024"", ""FMOD0120"", ""FMOD0025""]",1.0,True,39.0
40,REAL,HIGH_RECALL,Q6K00262,40,23398,40,10.156795,"[""FMOD0069"", ""FMOD0023"", ""FMOD0025"", ""FMOD0100"", ""FMOD0102"", ""FMOD0120"", ""FMOD0005"", ""FMOD0079"", ""FMOD0110"", ""FMOD0035""]",1.0,True,40.0
40,REAL,HIGH_RECALL,Q6K00264,40,23398,40,10.313971,"[""FMOD0043"", ""FMOD0066"", ""FMOD0035"", ""FMOD0023"", ""FMOD0079"", ""FMOD0005"", ""FMOD0102"", ""FMOD0077"", ""FMOD0120"", ""FMOD0036""]",1.0,True,40.0
40,REAL,HIGH_RECALL,Q6K00267,40,23398,40,10.02519,"[""FMOD0022"", ""FMOD0069"", ""FMOD0023"", ""FMOD0025"", ""FMOD0100"", ""FMOD0040"", ""FMOD0035"", ""FMOD0102"", ""FMOD0120"", ""FMOD0079""]",1.0,True,40.0
40,REAL,HIGH_RECALL,Q6K00268,40,23398,39,9.60182,"[""FMOD0077"", ""FMOD0069"", ""FMOD0083"", ""FMOD0035"", ""FMOD0005"", ""FMOD0086"", ""FMOD0033"", ""FMOD0079"", ""FMOD0102"", ""FMOD0120""]",1.0,True,39.0
40,REAL,HIGH_RECALL,Q6K00271,40,23398,39,9.851166,"[""FMOD0086"", ""FMOD0120"", ""FMOD0069"", ""FMOD0035"", ""FMOD0023"", ""FMOD0077"", ""FMOD0102"", ""FMOD0110"", ""FMOD0036"", ""FMOD0079""]",1.0,True,39.0
40,REAL,HIGH_RECALL,Q6K00273,40,23398,39,9.652354,"[""FMOD0023"", ""FMOD0043"", ""FMOD0079"", ""FMOD0102"", ""FMOD0005"", ""FMOD0120"", ""FMOD0083"", ""FMOD0086"", ""FMOD0110"", ""FMOD0036""]",1.0,True,39.0
40,REAL,HIGH_RECALL,Q6K00274,40,23398,40,9.723975,"[""FMOD0067"", ""FMOD0113"", ""FMOD0036"", ""FMOD0023"", ""FMOD0120"", ""FMOD0035"", ""FMOD0069"", ""FMOD0033"", ""FMOD0110"", ""FMOD0102""]",1.0,True,40.0
40,REAL,HIGH_RECALL,Q6K00275,40,23398,39,9.947994,"[""FMOD0086"", ""FMOD0102"", ""FMOD0067"", ""FMOD0023"", ""FMOD0035"", ""FMOD0043"", ""FMOD0077"", ""FMOD0069"", ""FMOD0120"", ""FMOD0036""]",1.0,True,39.0
40,REAL,HIGH_RECALL,Q6K00283,40,23398,39,9.608475,"[""FMOD0036"", ""FMOD0035"", ""FMOD0023"", ""FMOD0120"", ""FMOD0079"", ""FMOD0102"", ""FMOD0069"", ""FMOD0017"", ""FMOD0110"", ""FMOD0086""]",1.0,True,39.0
40,REAL,HIGH_RECALL,Q6K00287,40,23398,40,10.02123,"[""FMOD0003"", ""FMOD0089"", ""FMOD0067"", ""FMOD0014"", ""FMOD0113"", ""FMOD0036"", ""FMOD0120"", ""FMOD0035"", ""FMOD0005"", ""FMOD0069""]",1.0,True,40.0
40,REAL,HIGH_RECALL,Q6K00293,40,23398,40,10.271214,"[""FMOD0043"", ""FMOD0035"", ""FMOD0102"", ""FMOD0069"", ""FMOD0023"", ""FMOD0079"", ""FMOD0120"", ""FMOD0025"", ""FMOD0024"", ""FMOD0077""]",1.0,True,40.0
40,REAL,HIGH_RECALL,Q6K00295,40,23398,40,9.554236,"[""FMOD0066"", ""FMOD0043"", ""FMOD0102"", ""FMOD0023"", ""FMOD0069"", ""FMOD0035"", ""FMOD0079"", ""FMOD0120"", ""FMOD0025"", ""FMOD0024""]",1.0,True,40.0
40,REAL,HIGH_RECALL,Q6K00296,40,23398,39,9.788613,"[""FMOD0066"", ""FMOD0120"", ""FMOD0035"", ""FMOD0023"", ""FMOD0102"", ""FMOD0036"", ""FMOD0110"", ""FMOD0005"", ""FMOD0086"", ""FMOD0113""]",1.0,True,39.0
40,REAL,HIGH_RECALL,Q6K00298,40,23398,39,9.706362,"[""FMOD0036"", ""FMOD0102"", ""FMOD0023"", ""FMOD0069"", ""FMOD0120"", ""FMOD0077"", ""FMOD0025"", ""FMOD0035"", ""FMOD0079"", ""FMOD0110""]",1.0,True,39.0
40,REAL,HIGH_RECALL,Q6K00299,40,23398,39,9.712229,"[""FMOD0040"", ""FMOD0089"", ""FMOD0035"", ""FMOD0079"", ""FMOD0023"", ""FMOD0102"", ""FMOD0014"", ""FMOD0051"", ""FMOD0069"", ""FMOD0120""]",1.0,True,39.0
40,REAL,HIGH_RECALL,Q6K00304,40,23398,39,9.721107,"[""FMOD0077"", ""FMOD0083"", ""FMOD0023"", ""FMOD0069"", ""FMOD0040"", ""FMOD0102"", ""FMOD0025"", ""FMOD0035"", ""FMOD0120"", ""FMOD0005""]",1.0,True,39.0
40,REAL,HIGH_RECALL,Q6K00310,40,23398,40,9.28904,"[""FMOD0005"", ""FMOD0022"", ""FMOD0035"", ""FMOD0023"", ""FMOD0033"", ""FMOD0036"", ""FMOD0079"", ""FMOD0102"", ""FMOD0040"", ""FMOD0043""]",1.0,True,40.0
40,REAL,HIGH_RECALL,Q6K00313,40,23398,39,9.702435,"[""FMOD0061"", ""FMOD0069"", ""FMOD0083"", ""FMOD0066"", ""FMOD0036"", ""FMOD0033"", ""FMOD0120"", ""FMOD0005"", ""FMOD0102"", ""FMOD0110""]",1.0,True,39.0
40,REAL,HIGH_RECALL,Q6K00317,40,23398,40,9.973439,"[""FMOD0061"", ""FMOD0089"", ""FMOD0036"", ""FMOD0079"", ""FMOD0035"", ""FMOD0005"", ""FMOD0023"", ""FMOD0110"", ""FMOD0077"", ""FMOD0083""]",1.0,True,40.0
40,REAL,HIGH_RECALL,Q6K00318,40,23398,40,9.659052,"[""FMOD0086"", ""FMOD0035"", ""FMOD0023"", ""FMOD0102"", ""FMOD0120"", ""FMOD0067"", ""FMOD0069"", ""FMOD0036"", ""FMOD0077"", ""FMOD0033""]",1.0,True,40.0
40,REAL,HIGH_RECALL,Q6K00325,40,23398,39,10.34758,"[""FMOD0086"", ""FMOD0023"", ""FMOD0035"", ""FMOD0069"", ""FMOD0043"", ""FMOD0120"", ""FMOD0079"", ""FMOD0102"", ""FMOD0110"", ""FMOD0040""]",1.0,True,39.0
40,REAL,HIGH_RECALL,Q6K00326,40,23398,39,10.257972,"[""FMOD0066"", ""FMOD0023"", ""FMOD0079"", ""FMOD0036"", ""FMOD0102"", ""FMOD0120"", ""FMOD0035"", ""FMOD0069"", ""FMOD0110"", ""FMOD0083""]",1.0,True,39.0
40,REAL,HIGH_RECALL,Q6K00327,40,23398,38,10.068078,"[""FMOD0016"", ""FMOD0051"", ""FMOD0102"", ""FMOD0023"", ""FMOD0035"", ""FMOD0036"", ""FMOD0077"", ""FMOD0069"", ""FMOD0120"", ""FMOD0110""]",1.0,True,38.0
40,REAL,HIGH_RECALL,Q6K00332,40,23398,40,9.702366,"[""FMOD0035"", ""FMOD0086"", ""FMOD0023"", ""FMOD0069"", ""FMOD0120"", ""FMOD0110"", ""FMOD0036"", ""FMOD0102"", ""FMOD0043"", ""FMOD0005""]",1.0,True,40.0
40,REAL,HIGH_RECALL,Q6K00333,40,23398,39,9.992364,"[""FMOD0069"", ""FMOD0083"", ""FMOD0025"", ""FMOD0079"", ""FMOD0110"", ""FMOD0120"", ""FMOD0035"", ""FMOD0003"", ""FMOD0023"", ""FMOD0102""]",1.0,True,39.0
40,REAL,HIGH_RECALL,Q6K00336,40,23398,39,10.372519,"[""FMOD0014"", ""FMOD0023"", ""FMOD0079"", ""FMOD0035"", ""FMOD0120"", ""FMOD0102"", ""FMOD0069"", ""FMOD0025"", ""FMOD0110"", ""FMOD0083""]",1.0,True,39.0
40,REAL,HIGH_RECALL,Q6K00338,40,23398,39,10.362879,"[""FMOD0067"", ""FMOD0003"", ""FMOD0035"", ""FMOD0023"", ""FMOD0102"", ""FMOD0120"", ""FMOD0069"", ""FMOD0077"", ""FMOD0025"", ""FMOD0110""]",1.0,True,39.0
40,REAL,HIGH_RECALL,Q6K00340,40,23398,39,10.529177,"[""FMOD0025"", ""FMOD0089"", ""FMOD0023"", ""FMOD0035"", ""FMOD0069"", ""FMOD0079"", ""FMOD0036"", ""FMOD0120"", ""FMOD0102"", ""FMOD0016""]",1.0,True,39.0
40,REAL,HIGH_RECALL,Q6K00342,40,23398,39,10.165122,"[""FMOD0023"", ""FMOD0102"", ""FMOD0035"", ""FMOD0110"", ""FMOD0036"", ""FMOD0079"", ""FMOD0120"", ""FMOD0069"", ""FMOD0077"", ""FMOD0040""]",1.0,True,39.0
40,REAL,HIGH_RECALL,Q6K00343,40,23398,40,9.798488,"[""FMOD0016"", ""FMOD0102"", ""FMOD0023"", ""FMOD0079"", ""FMOD0036"", ""FMOD0035"", ""FMOD0005"", ""FMOD0069"", ""FMOD0120"", ""FMOD0051""]",1.0,True,40.0
40,REAL,HIGH_RECALL,Q6K00344,40,23398,40,9.677087,"[""FMOD0023"", ""FMOD0025"", ""FMOD0043"", ""FMOD0069"", ""FMOD0035"", ""FMOD0040"", ""FMOD0120"", ""FMOD0036"", ""FMOD0102"", ""FMOD0033""]",1.0,True,40.0
40,REAL,HIGH_RECALL,Q6K00351,40,23398,39,10.996562,"[""FMOD0005"", ""FMOD0022"", ""FMOD0035"", ""FMOD0079"", ""FMOD0120"", ""FMOD0023"", ""FMOD0102"", ""FMOD0036"", ""FMOD0077"", ""FMOD0069""]",1.0,True,39.0
40,REAL,HIGH_RECALL,Q6K00355,40,23398,39,10.145552,"[""FMOD0023"", ""FMOD0035"", ""FMOD0043"", ""FMOD0077"", ""FMOD0016"", ""FMOD0102"", ""FMOD0069"", ""FMOD0120"", ""FMOD0110"", ""FMOD0067""]",1.0,True,39.0
40,REAL,HIGH_RECALL,Q6K00359,40,23398,40,9.667661,"[""FMOD0086"", ""FMOD0023"", ""FMOD0035"", ""FMOD0079"", ""FMOD0036"", ""FMOD0069"", ""FMOD0102"", ""FMOD0051"", ""FMOD0120"", ""FMOD0104""]",1.0,True,40.0
40,REAL,HIGH_RECALL,Q6K00360,40,23398,40,9.911631,"[""FMOD0066"", ""FMOD0043"", ""FMOD0035"", ""FMOD0023"", ""FMOD0079"", ""FMOD0120"", ""FMOD0036"", ""FMOD0005"", ""FMOD0083"", ""FMOD0102""]",1.0,True,40.0
40,REAL,HIGH_RECALL,Q6K00363,40,23398,40,9.80617,"[""FMOD0066"", ""FMOD0102"", ""FMOD0069"", ""FMOD0120"", ""FMOD0035"", ""FMOD0023"", ""FMOD0036"", ""FMOD0079"", ""FMOD0005"", ""FMOD0110""]",1.0,True,40.0
40,REAL,HIGH_RECALL,Q6K00365,40,23398,40,9.758838,"[""FMOD0023"", ""FMOD0035"", ""FMOD0102"", ""FMOD0036"", ""FMOD0110"", ""FMOD0120"", ""FMOD0079"", ""FMOD0069"", ""FMOD0089"", ""FMOD0104""]",1.0,True,40.0
40,REAL,HIGH_RECALL,Q6K00372,40,23398,39,10.127689,"[""FMOD0023"", ""FMOD0035"", ""FMOD0016"", ""FMOD0051"", ""FMOD0102"", ""FMOD0069"", ""FMOD0120"", ""FMOD0036"", ""FMOD0110"", ""FMOD0033""]",1.0,True,39.0
40,REAL,HIGH_RECALL,Q6K00375,40,23398,40,10.423495,"[""FMOD0023"", ""FMOD0069"", ""FMOD0025"", ""FMOD0035"", ""FMOD0079"", ""FMOD0102"", ""FMOD0036"", ""FMOD0120"", ""FMOD0083"", ""FMOD0110""]",1.0,True,40.0
40,REAL,HIGH_RECALL,Q6K00377,40,23398,40,10.263117,"[""FMOD0022"", ""FMOD0023"", ""FMOD0069"", ""FMOD0025"", ""FMOD0100"", ""FMOD0035"", ""FMOD0036"", ""FMOD0102"", ""FMOD0120"", ""FMOD0110""]",1.0,True,40.0
40,REAL,HIGH_RECALL,Q6K00378,40,23398,40,9.613871,"[""FMOD0023"", ""FMOD0025"", ""FMOD0083"", ""FMOD0079"", ""FMOD0102"", ""FMOD0120"", ""FMOD0069"", ""FMOD0110"", ""FMOD0005"", ""FMOD0024""]",1.0,True,40.0
40,REAL,HIGH_RECALL,Q6K00380,40,23398,39,9.846463,"[""FMOD0023"", ""FMOD0035"", ""FMOD0102"", ""FMOD0110"", ""FMOD0036"", ""FMOD0120"", ""FMOD0077"", ""FMOD0005"", ""FMOD0069"", ""FMOD0113""]",1.0,True,39.0
40,REAL,HIGH_RECALL,Q6K00384,40,23398,39,9.772297,"[""FMOD0083"", ""FMOD0086"", ""FMOD0069"", ""FMOD0035"", ""FMOD0120"", ""FMOD0005"", ""FMOD0036"", ""FMOD0079"", ""FMOD0102"", ""FMOD0023""]",1.0,True,39.0
40,REAL,HIGH_RECALL,Q6K00389,40,23398,39,10.440303,"[""FMOD0023"", ""FMOD0102"", ""FMOD0035"", ""FMOD0036"", ""FMOD0069"", ""FMOD0079"", ""FMOD0120"", ""FMOD0067"", ""FMOD0077"", ""FMOD0016""]",1.0,True,39.0
40,REAL,HIGH_RECALL,Q6K00390,40,23398,40,9.644981,"[""FMOD0023"", ""FMOD0102"", ""FMOD0120"", ""FMOD0069"", ""FMOD0035"", ""FMOD0079"", ""FMOD0022"", ""FMOD0110"", ""FMOD0031"", ""FMOD0067""]",1.0,True,40.0
40,REAL,HIGH_RECALL,Q6K00393,40,23398,39,9.460292,"[""FMOD0023"", ""FMOD0102"", ""FMOD0036"", ""FMOD0120"", ""FMOD0035"", ""FMOD0113"", ""FMOD0069"", ""FMOD0024"", ""FMOD0083"", ""FMOD0110""]",1.0,True,39.0
40,REAL,HIGH_RECALL,Q6K00395,40,23398,39,9.586331,"[""FMOD0069"", ""FMOD0035"", ""FMOD0023"", ""FMOD0036"", ""FMOD0067"", ""FMOD0083"", ""FMOD0025"", ""FMOD0024"", ""FMOD0102"", ""FMOD0120""]",1.0,True,39.0
40,REAL,HIGH_RECALL,Q6K00396,40,23398,39,9.813379,"[""FMOD0066"", ""FMOD0035"", ""FMOD0023"", ""FMOD0051"", ""FMOD0102"", ""FMOD0036"", ""FMOD0120"", ""FMOD0077"", ""FMOD0014"", ""FMOD0069""]",1.0,True,39.0
40,REAL,HIGH_RECALL,Q6K00400,40,23398,40,9.636647,"[""FMOD0023"", ""FMOD0025"", ""FMOD0035"", ""FMOD0069"", ""FMOD0100"", ""FMOD0036"", ""FMOD0031"", ""FMOD0120"", ""FMOD0102"", ""FMOD0077""]",1.0,True,40.0
40,REAL,HIGH_RECALL,Q6K00403,40,23398,40,9.497228,"[""FMOD0035"", ""FMOD0033"", ""FMOD0120"", ""FMOD0024"", ""FMOD0080"", ""FMOD0102"", ""FMOD0105"", ""FMOD0005"", ""FMOD0025"", ""FMOD0036""]",1.0,True,40.0
40,REAL,HIGH_RECALL,Q6K00405,40,23398,40,11.126469,"[""FMOD0016"", ""FMOD0102"", ""FMOD0031"", ""FMOD0023"", ""FMOD0035"", ""FMOD0033"", ""FMOD0079"", ""FMOD0022"", ""FMOD0051"", ""FMOD0014""]",1.0,True,40.0
40,REAL,HIGH_RECALL,Q6K00407,40,23398,39,10.027307,"[""FMOD0005"", ""FMOD0120"", ""FMOD0069"", ""FMOD0102"", ""FMOD0079"", ""FMOD0023"", ""FMOD0104"", ""FMOD0033"", ""FMOD0110"", ""FMOD0036""]",1.0,True,39.0
40,REAL,HIGH_RECALL,Q6K00410,40,23398,39,9.745554,"[""FMOD0005"", ""FMOD0023"", ""FMOD0035"", ""FMOD0089"", ""FMOD0024"", ""FMOD0113"", ""FMOD0120"", ""FMOD0079"", ""FMOD0110"", ""FMOD0083""]",1.0,True,39.0
40,REAL,HIGH_RECALL,Q6K00417,40,23398,40,9.550927,"[""FMOD0051"", ""FMOD0102"", ""FMOD0035"", ""FMOD0086"", ""FMOD0005"", ""FMOD0036"", ""FMOD0120"", ""FMOD0069"", ""FMOD0077"", ""FMOD0079""]",1.0,True,40.0
40,REAL,HIGH_RECALL,Q6K00420,40,23398,39,9.780034,"[""FMOD0036"", ""FMOD0067"", ""FMOD0035"", ""FMOD0079"", ""FMOD0120"", ""FMOD0023"", ""FMOD0005"", ""FMOD0017"", ""FMOD0083"", ""FMOD0104""]",1.0,True,39.0
40,REAL,HIGH_RECALL,Q6K00422,40,23398,39,9.844921,"[""FMOD0083"", ""FMOD0035"", ""FMOD0069"", ""FMOD0102"", ""FMOD0023"", ""FMOD0120"", ""FMOD0036"", ""FMOD0079"", ""FMOD0110"", ""FMOD0005""]",1.0,True,39.0
40,REAL,HIGH_RECALL,Q6K00423,40,23398,39,9.552753,"[""FMOD0061"", ""FMOD0086"", ""FMOD0035"", ""FMOD0033"", ""FMOD0014"", ""FMOD0102"", ""FMOD0120"", ""FMOD0069"", ""FMOD0025"", ""FMOD0110""]",1.0,True,39.0
40,REAL,HIGH_RECALL,Q6K00424,40,23398,39,9.873558,"[""FMOD0102"", ""FMOD0035"", ""FMOD0077"", ""FMOD0069"", ""FMOD0023"", ""FMOD0033"", ""FMOD0113"", ""FMOD0025"", ""FMOD0036"", ""FMOD0083""]",1.0,True,39.0
40,REAL,HIGH_RECALL,Q6K00427,40,23398,39,9.736143,"[""FMOD0005"", ""FMOD0035"", ""FMOD0043"", ""FMOD0102"", ""FMOD0023"", ""FMOD0069"", ""FMOD0036"", ""FMOD0120"", ""FMOD0016"", ""FMOD0110""]",1.0,True,39.0
40,REAL,HIGH_RECALL,Q6K00435,40,23398,40,10.861578,"[""FMOD0069"", ""FMOD0023"", ""FMOD0102"", ""FMOD0120"", ""FMOD0035"", ""FMOD0079"", ""FMOD0110"", ""FMOD0077"", ""FMOD0014"", ""FMOD0005""]",1.0,True,40.0
40,REAL,HIGH_RECALL,Q6K00436,40,23398,40,9.631484,"[""FMOD0023"", ""FMOD0035"", ""FMOD0120"", ""FMOD0069"", ""FMOD0036"", ""FMOD0102"", ""FMOD0077"", ""FMOD0079"", ""FMOD0110"", ""FMOD0113""]",1.0,True,40.0
40,REAL,HIGH_RECALL,Q6K00438,40,23398,39,9.862198,"[""FMOD0022"", ""FMOD0102"", ""FMOD0023"", ""FMOD0036"", ""FMOD0069"", ""FMOD0110"", ""FMOD0120"", ""FMOD0079"", ""FMOD0035"", ""FMOD0077""]",1.0,True,39.0
40,REAL,HIGH_RECALL,Q6K00442,40,23398,40,9.608021,"[""FMOD0023"", ""FMOD0035"", ""FMOD0102"", ""FMOD0120"", ""FMOD0079"", ""FMOD0110"", ""FMOD0077"", ""FMOD0069"", ""FMOD0005"", ""FMOD0036""]",1.0,True,40.0
40,REAL,HIGH_RECALL,Q6K00443,40,23398,40,9.775562,"[""FMOD0035"", ""FMOD0023"", ""FMOD0102"", ""FMOD0069"", ""FMOD0120"", ""FMOD0104"", ""FMOD0036"", ""FMOD0079"", ""FMOD0110"", ""FMOD0025""]",1.0,True,40.0
40,REAL,HIGH_RECALL,Q6K00444,40,23398,39,9.632646,"[""FMOD0003"", ""FMOD0022"", ""FMOD0069"", ""FMOD0120"", ""FMOD0079"", ""FMOD0005"", ""FMOD0102"", ""FMOD0067"", ""FMOD0036"", ""FMOD0110""]",1.0,True,39.0
40,REAL,HIGH_RECALL,Q6K00446,40,23398,39,9.937699,"[""FMOD0067"", ""FMOD0035"", ""FMOD0023"", ""FMOD0022"", ""FMOD0102"", ""FMOD0120"", ""FMOD0110"", ""FMOD0036"", ""FMOD0079"", ""FMOD0069""]",1.0,True,39.0
40,REAL,HIGH_RECALL,Q6K00453,40,23398,40,9.685076,"[""FMOD0079"", ""FMOD0023"", ""FMOD0035"", ""FMOD0120"", ""FMOD0102"", ""FMOD0110"", ""FMOD0069"", ""FMOD0083"", ""FMOD0036"", ""FMOD0077""]",1.0,True,40.0
40,REAL,HIGH_RECALL,Q6K00456,40,23398,40,9.546284,"[""FMOD0016"", ""FMOD0067"", ""FMOD0113"", ""FMOD0036"", ""FMOD0023"", ""FMOD0077"", ""FMOD0079"", ""FMOD0083"", ""FMOD0035"", ""FMOD0005""]",1.0,True,40.0
40,REAL,HIGH_RECALL,Q6K00458,40,23398,40,9.680177,"[""FMOD0079"", ""FMOD0023"", ""FMOD0016"", ""FMOD0035"", ""FMOD0102"", ""FMOD0120"", ""FMOD0077"", ""FMOD0036"", ""FMOD0110"", ""FMOD0005""]",1.0,True,40.0
40,REAL,HIGH_RECALL,Q6K00461,40,23398,39,9.991325,"[""FMOD0001"", ""FMOD0003"", ""FMOD0089"", ""FMOD0035"", ""FMOD0051"", ""FMOD0120"", ""FMOD0023"", ""FMOD0036"", ""FMOD0069"", ""FMOD0005""]",1.0,True,39.0
40,REAL,HIGH_RECALL,Q6K00465,40,23398,40,9.611961,"[""FMOD0083"", ""FMOD0023"", ""FMOD0035"", ""FMOD0036"", ""FMOD0120"", ""FMOD0110"", ""FMOD0102"", ""FMOD0069"", ""FMOD0104"", ""FMOD0005""]",1.0,True,40.0
40,REAL,HIGH_RECALL,Q6K00470,40,23398,39,9.647754,"[""FMOD0102"", ""FMOD0061"", ""FMOD0120"", ""FMOD0069"", ""FMOD0035"", ""FMOD0079"", ""FMOD0110"", ""FMOD0031"", ""FMOD0023"", ""FMOD0036""]",1.0,True,39.0
40,REAL,HIGH_RECALL,Q6K00471,40,23398,39,9.807879,"[""FMOD0025"", ""FMOD0023"", ""FMOD0102"", ""FMOD0120"", ""FMOD0024"", ""FMOD0035"", ""FMOD0069"", ""FMOD0005"", ""FMOD0110"", ""FMOD0014""]",1.0,True,39.0
40,REAL,HIGH_RECALL,Q6K00473,40,23398,40,9.589935,"[""FMOD0086"", ""FMOD0079"", ""FMOD0036"", ""FMOD0083"", ""FMOD0024"", ""FMOD0067"", ""FMOD0023"", ""FMOD0025"", ""FMOD0035"", ""FMOD0069""]",1.0,True,40.0
40,REAL,HIGH_RECALL,Q6K00479,40,23398,39,9.815725,"[""FMOD0066"", ""FMOD0022"", ""FMOD0023"", ""FMOD0035"", ""FMOD0079"", ""FMOD0036"", ""FMOD0102"", ""FMOD0005"", ""FMOD0120"", ""FMOD0110""]",1.0,True,39.0
40,REAL,HIGH_RECALL,Q6K00481,40,23398,39,9.562383,"[""FMOD0035"", ""FMOD0023"", ""FMOD0051"", ""FMOD0102"", ""FMOD0120"", ""FMOD0036"", ""FMOD0083"", ""FMOD0079"", ""FMOD0069"", ""FMOD0077""]",1.0,True,39.0
40,REAL,HIGH_RECALL,Q6K00484,40,23398,39,9.604264,"[""FMOD0035"", ""FMOD0023"", ""FMOD0120"", ""FMOD0036"", ""FMOD0069"", ""FMOD0051"", ""FMOD0079"", ""FMOD0016"", ""FMOD0102"", ""FMOD0110""]",1.0,True,39.0
40,REAL,HIGH_RECALL,Q6K00485,40,23398,39,9.834939,"[""FMOD0069"", ""FMOD0035"", ""FMOD0023"", ""FMOD0036"", ""FMOD0067"", ""FMOD0083"", ""FMOD0025"", ""FMOD0024"", ""FMOD0120"", ""FMOD0102""]",1.0,True,39.0
40,REAL,HIGH_RECALL,Q6K00489,40,23398,39,9.602085,"[""FMOD0080"", ""FMOD0086"", ""FMOD0015"", ""FMOD0023"", ""FMOD0102"", ""FMOD0069"", ""FMOD0110"", ""FMOD0120"", ""FMOD0035"", ""FMOD0079""]",1.0,True,39.0
40,REAL,HIGH_RECALL,Q6K00495,40,23398,40,9.875761,"[""FMOD0083"", ""FMOD0023"", ""FMOD0035"", ""FMOD0110"", ""FMOD0069"", ""FMOD0036"", ""FMOD0079"", ""FMOD0102"", ""FMOD0120"", ""FMOD0031""]",1.0,True,40.0
40,REAL,HIGH_RECALL,Q6K00498,40,23398,40,9.643124,"[""FMOD0069"", ""FMOD0023"", ""FMOD0025"", ""FMOD0100"", ""FMOD0035"", ""FMOD0102"", ""FMOD0036"", ""FMOD0120"", ""FMOD0079"", ""FMOD0031""]",1.0,True,40.0
40,REAL,HIGH_RECALL,Q6K00507,40,23398,40,9.603401,"[""FMOD0023"", ""FMOD0035"", ""FMOD0016"", ""FMOD0120"", ""FMOD0069"", ""FMOD0079"", ""FMOD0113"", ""FMOD0102"", ""FMOD0110"", ""FMOD0036""]",1.0,True,40.0
40,REAL,HIGH_RECALL,Q6K00511,40,23398,39,9.777213,"[""FMOD0025"", ""FMOD0083"", ""FMOD0102"", ""FMOD0079"", ""FMOD0120"", ""FMOD0069"", ""FMOD0110"", ""FMOD0023"", ""FMOD0005"", ""FMOD0024""]",1.0,True,39.0
40,REAL,HIGH_RECALL,Q6K00512,40,23398,40,9.720113,"[""FMOD0035"", ""FMOD0023"", ""FMOD0110"", ""FMOD0036"", ""FMOD0083"", ""FMOD0031"", ""FMOD0033"", ""FMOD0005"", ""FMOD0079"", ""FMOD0080""]",1.0,True,40.0
40,REAL,HIGH_RECALL,Q6K00513,40,23398,40,10.434394,"[""FMOD0110"", ""FMOD0023"", ""FMOD0083"", ""FMOD0036"", ""FMOD0024"", ""FMOD0025"", ""FMOD0067"", ""FMOD0035"", ""FMOD0069"", ""FMOD0120""]",1.0,True,40.0
40,REAL,HIGH_RECALL,Q6K00517,40,23398,39,10.102779,"[""FMOD0023"", ""FMOD0022"", ""FMOD0102"", ""FMOD0051"", ""FMOD0035"", ""FMOD0120"", ""FMOD0110"", ""FMOD0036"", ""FMOD0079"", ""FMOD0069""]",1.0,True,39.0
40,REAL,HIGH_RECALL,Q6K00518,40,23398,39,9.594059,"[""FMOD0035"", ""FMOD0102"", ""FMOD0110"", ""FMOD0069"", ""FMOD0033"", ""FMOD0083"", ""FMOD0086"", ""FMOD0120"", ""FMOD0023"", ""FMOD0036""]",1.0,True,39.0
40,REAL,HIGH_RECALL,Q6K00523,40,23398,39,10.474213,"[""FMOD0035"", ""FMOD0023"", ""FMOD0102"", ""FMOD0051"", ""FMOD0120"", ""FMOD0110"", ""FMOD0036"", ""FMOD0079"", ""FMOD0069"", ""FMOD0022""]",1.0,True,39.0
40,REAL,HIGH_RECALL,Q6K00528,40,23398,39,9.893378,"[""FMOD0035"", ""FMOD0023"", ""FMOD0051"", ""FMOD0079"", ""FMOD0005"", ""FMOD0102"", ""FMOD0083"", ""FMOD0016"", ""FMOD0036"", ""FMOD0120""]",1.0,True,39.0
40,REAL,HIGH_RECALL,Q6K00530,40,23398,39,9.642598,"[""FMOD0069"", ""FMOD0035"", ""FMOD0023"", ""FMOD0036"", ""FMOD0067"", ""FMOD0083"", ""FMOD0025"", ""FMOD0024"", ""FMOD0113"", ""FMOD0102""]",1.0,True,39.0
40,REAL,HIGH_RECALL,Q6K00531,40,23398,40,10.026501,"[""FMOD0035"", ""FMOD0023"", ""FMOD0102"", ""FMOD0110"", ""FMOD0051"", ""FMOD0036"", ""FMOD0079"", ""FMOD0120"", ""FMOD0069"", ""FMOD0089""]",1.0,True,40.0
40,REAL,HIGH_RECALL,Q6K00533,40,23398,39,10.467041,"[""FMOD0023"", ""FMOD0110"", ""FMOD0069"", ""FMOD0036"", ""FMOD0102"", ""FMOD0120"", ""FMOD0035"", ""FMOD0079"", ""FMOD0077"", ""FMOD0083""]",1.0,True,39.0
40,REAL,HIGH_RECALL,Q6K00535,40,23398,40,9.225753,"[""FMOD0035"", ""FMOD0102"", ""FMOD0069"", ""FMOD0036"", ""FMOD0079"", ""FMOD0120"", ""FMOD0110"", ""FMOD0023"", ""FMOD0104"", ""FMOD0033""]",1.0,True,40.0
40,REAL,HIGH_RECALL,Q6K00537,40,23398,40,10.246384,"[""FMOD0023"", ""FMOD0069"", ""FMOD0025"", ""FMOD0100"", ""FMOD0036"", ""FMOD0035"", ""FMOD0102"", ""FMOD0120"", ""FMOD0079"", ""FMOD0110""]",1.0,True,40.0
40,REAL,HIGH_RECALL,Q6K00538,40,23398,40,10.262965,"[""FMOD0023"", ""FMOD0069"", ""FMOD0025"", ""FMOD0100"", ""FMOD0035"", ""FMOD0120"", ""FMOD0036"", ""FMOD0079"", ""FMOD0102"", ""FMOD0077""]",1.0,True,40.0
60,REAL_FROZEN_TEST,EXACT,Q6K00183,60,26329,60,9.976198,"[""FMOD0023"", ""FMOD0036"", ""FMOD0119"", ""FMOD0035"", ""FMOD0120"", ""FMOD0102"", ""FMOD0110"", ""FMOD0075"", ""FMOD0005"", ""FMOD0077""]",1.0,True,
60,REAL_FROZEN_TEST,EXACT,Q6K00184,60,26329,60,10.333513,"[""FMOD0004"", ""FMOD0067"", ""FMOD0113"", ""FMOD0036"", ""FMOD0110"", ""FMOD0024"", ""FMOD0043"", ""FMOD0083"", ""FMOD0035"", ""FMOD0025""]",1.0,True,
60,REAL_FROZEN_TEST,EXACT,Q6K00193,60,26329,60,10.207377,"[""FMOD0025"", ""FMOD0069"", ""FMOD0023"", ""FMOD0055"", ""FMOD0096"", ""FMOD0080"", ""FMOD0102"", ""FMOD0120"", ""FMOD0077"", ""FMOD0119""]",1.0,True,
60,REAL_FROZEN_TEST,EXACT,Q6K00195,60,26329,60,10.077958,"[""FMOD0061"", ""FMOD0083"", ""FMOD0102"", ""FMOD0091"", ""FMOD0023"", ""FMOD0035"", ""FMOD0069"", ""FMOD0119"", ""FMOD0120"", ""FMOD0036""]",1.0,True,
60,REAL_FROZEN_TEST,EXACT,Q6K00197,60,26329,60,10.350687,"[""FMOD0069"", ""FMOD0102"", ""FMOD0119"", ""FMOD0005"", ""FMOD0120"", ""FMOD0033"", ""FMOD0036"", ""FMOD0110"", ""FMOD0105"", ""FMOD0079""]",1.0,True,
60,REAL_FROZEN_TEST,EXACT,Q6K00199,60,26329,60,10.418158,"[""FMOD0067"", ""FMOD0069"", ""FMOD0102"", ""FMOD0119"", ""FMOD0120"", ""FMOD0023"", ""FMOD0036"", ""FMOD0005"", ""FMOD0110"", ""FMOD0035""]",1.0,True,
60,REAL_FROZEN_TEST,EXACT,Q6K00200,60,26329,60,10.037901,"[""FMOD0051"", ""FMOD0023"", ""FMOD0035"", ""FMOD0016"", ""FMOD0120"", ""FMOD0079"", ""FMOD0119"", ""FMOD0055"", ""FMOD0102"", ""FMOD0087""]",1.0,True,
60,REAL_FROZEN_TEST,EXACT,Q6K00201,60,26329,60,10.255627,"[""FMOD0066"", ""FMOD0055"", ""FMOD0036"", ""FMOD0102"", ""FMOD0120"", ""FMOD0096"", ""FMOD0079"", ""FMOD0017"", ""FMOD0005"", ""FMOD0119""]",1.0,True,
60,REAL_FROZEN_TEST,EXACT,Q6K00205,60,26329,60,10.477739,"[""FMOD0051"", ""FMOD0023"", ""FMOD0035"", ""FMOD0016"", ""FMOD0119"", ""FMOD0102"", ""FMOD0055"", ""FMOD0079"", ""FMOD0069"", ""FMOD0120""]",1.0,True,
60,REAL_FROZEN_TEST,EXACT,Q6K00206,60,26329,60,9.894899,"[""FMOD0016"", ""FMOD0102"", ""FMOD0031"", ""FMOD0023"", ""FMOD0035"", ""FMOD0033"", ""FMOD0051"", ""FMOD0119"", ""FMOD0091"", ""FMOD0120""]",1.0,True,
60,REAL_FROZEN_TEST,EXACT,Q6K00207,60,26329,60,10.114032,"[""FMOD0023"", ""FMOD0035"", ""FMOD0120"", ""FMOD0102"", ""FMOD0069"", ""FMOD0119"", ""FMOD0077"", ""FMOD0110"", ""FMOD0079"", ""FMOD0053""]",1.0,True,
60,REAL_FROZEN_TEST,EXACT,Q6K00208,60,26329,60,10.420974,"[""FMOD0102"", ""FMOD0079"", ""FMOD0023"", ""FMOD0055"", ""FMOD0035"", ""FMOD0036"", ""FMOD0014"", ""FMOD0091"", ""FMOD0120"", ""FMOD0043""]",1.0,True,
60,REAL_FROZEN_TEST,EXACT,Q6K00212,60,26329,60,10.230709,"[""FMOD0060"", ""FMOD0023"", ""FMOD0075"", ""FMOD0096"", ""FMOD0102"", ""FMOD0036"", ""FMOD0043"", ""FMOD0120"", ""FMOD0083"", ""FMOD0024""]",1.0,True,
60,REAL_FROZEN_TEST,EXACT,Q6K00216,60,26329,60,10.261826,"[""FMOD0016"", ""FMOD0035"", ""FMOD0023"", ""FMOD0120"", ""FMOD0079"", ""FMOD0119"", ""FMOD0102"", ""FMOD0075"", ""FMOD0069"", ""FMOD0036""]",1.0,True,
60,REAL_FROZEN_TEST,EXACT,Q6K00227,60,26329,60,10.477813,"[""FMOD0096"", ""FMOD0023"", ""FMOD0120"", ""FMOD0119"", ""FMOD0035"", ""FMOD0113"", ""FMOD0069"", ""FMOD0025"", ""FMOD0086"", ""FMOD0055""]",1.0,True,
60,REAL_FROZEN_TEST,EXACT,Q6K00232,60,26329,60,10.228399,"[""FMOD0060"", ""FMOD0023"", ""FMOD0086"", ""FMOD0043"", ""FMOD0110"", ""FMOD0044"", ""FMOD0036"", ""FMOD0075"", ""FMOD0102"", ""FMOD0120""]",1.0,True,
60,REAL_FROZEN_TEST,EXACT,Q6K00235,60,26329,60,10.627769,"[""FMOD0096"", ""FMOD0120"", ""FMOD0119"", ""FMOD0023"", ""FMOD0035"", ""FMOD0069"", ""FMOD0055"", ""FMOD0102"", ""FMOD0005"", ""FMOD0036""]",1.0,True,
60,REAL_FROZEN_TEST,EXACT,Q6K00236,60,26329,60,10.546765,"[""FMOD0036"", ""FMOD0119"", ""FMOD0079"", ""FMOD0120"", ""FMOD0086"", ""FMOD0091"", ""FMOD0102"", ""FMOD0035"", ""FMOD0083"", ""FMOD0069""]",1.0,True,
60,REAL_FROZEN_TEST,EXACT,Q6K00237,60,26329,60,10.221458,"[""FMOD0067"", ""FMOD0119"", ""FMOD0120"", ""FMOD0023"", ""FMOD0102"", ""FMOD0110"", ""FMOD0069"", ""FMOD0035"", ""FMOD0036"", ""FMOD0079""]",1.0,True,
60,REAL_FROZEN_TEST,EXACT,Q6K00240,60,26329,60,10.746688,"[""FMOD0069"", ""FMOD0110"", ""FMOD0104"", ""FMOD0035"", ""FMOD0119"", ""FMOD0043"", ""FMOD0023"", ""FMOD0102"", ""FMOD0083"", ""FMOD0120""]",1.0,True,
60,REAL_FROZEN_TEST,EXACT,Q6K00247,60,26329,60,10.324249,"[""FMOD0069"", ""FMOD0060"", ""FMOD0119"", ""FMOD0023"", ""FMOD0083"", ""FMOD0025"", ""FMOD0110"", ""FMOD0079"", ""FMOD0003"", ""FMOD0120""]",1.0,True,
60,REAL_FROZEN_TEST,EXACT,Q6K00251,60,26329,60,10.207767,"[""FMOD0044"", ""FMOD0067"", ""FMOD0119"", ""FMOD0023"", ""FMOD0120"", ""FMOD0113"", ""FMOD0086"", ""FMOD0035"", ""FMOD0102"", ""FMOD0036""]",1.0,True,
60,REAL_FROZEN_TEST,EXACT,Q6K00252,60,26329,60,10.705414,"[""FMOD0043"", ""FMOD0086"", ""FMOD0035"", ""FMOD0023"", ""FMOD0102"", ""FMOD0096"", ""FMOD0069"", ""FMOD0079"", ""FMOD0024"", ""FMOD0119""]",1.0,True,
60,REAL_FROZEN_TEST,EXACT,Q6K00258,60,26329,60,10.306932,"[""FMOD0096"", ""FMOD0001"", ""FMOD0035"", ""FMOD0120"", ""FMOD0119"", ""FMOD0069"", ""FMOD0036"", ""FMOD0110"", ""FMOD0023"", ""FMOD0077""]",1.0,True,
60,REAL_FROZEN_TEST,EXACT,Q6K00259,60,26329,60,10.144532,"[""FMOD0043"", ""FMOD0089"", ""FMOD0035"", ""FMOD0102"", ""FMOD0096"", ""FMOD0023"", ""FMOD0069"", ""FMOD0079"", ""FMOD0024"", ""FMOD0119""]",1.0,True,
60,REAL_FROZEN_TEST,EXACT,Q6K00262,60,26329,60,11.163995,"[""FMOD0069"", ""FMOD0060"", ""FMOD0023"", ""FMOD0025"", ""FMOD0055"", ""FMOD0100"", ""FMOD0102"", ""FMOD0119"", ""FMOD0120"", ""FMOD0079""]",1.0,True,
60,REAL_FROZEN_TEST,EXACT,Q6K00264,60,26329,60,10.712112,"[""FMOD0043"", ""FMOD0066"", ""FMOD0035"", ""FMOD0119"", ""FMOD0023"", ""FMOD0079"", ""FMOD0005"", ""FMOD0075"", ""FMOD0102"", ""FMOD0077""]",1.0,True,
60,REAL_FROZEN_TEST,EXACT,Q6K00267,60,26329,60,10.366592,"[""FMOD0022"", ""FMOD0069"", ""FMOD0023"", ""FMOD0055"", ""FMOD0025"", ""FMOD0100"", ""FMOD0040"", ""FMOD0035"", ""FMOD0119"", ""FMOD0102""]",1.0,True,
60,REAL_FROZEN_TEST,EXACT,Q6K00268,60,26329,60,10.275531,"[""FMOD0077"", ""FMOD0050"", ""FMOD0055"", ""FMOD0083"", ""FMOD0005"", ""FMOD0035"", ""FMOD0033"", ""FMOD0069"", ""FMOD0091"", ""FMOD0086""]",1.0,True,
60,REAL_FROZEN_TEST,EXACT,Q6K00271,60,26329,60,10.784749,"[""FMOD0086"", ""FMOD0050"", ""FMOD0044"", ""FMOD0120"", ""FMOD0036"", ""FMOD0077"", ""FMOD0069"", ""FMOD0102"", ""FMOD0005"", ""FMOD0079""]",1.0,True,
60,REAL_FROZEN_TEST,EXACT,Q6K00273,60,26329,60,10.743882,"[""FMOD0023"", ""FMOD0043"", ""FMOD0119"", ""FMOD0079"", ""FMOD0102"", ""FMOD0005"", ""FMOD0075"", ""FMOD0120"", ""FMOD0083"", ""FMOD0086""]",1.0,True,
60,REAL_FROZEN_TEST,EXACT,Q6K00274,60,26329,60,9.928903,"[""FMOD0004"", ""FMOD0044"", ""FMOD0067"", ""FMOD0113"", ""FMOD0036"", ""FMOD0110"", ""FMOD0035"", ""FMOD0024"", ""FMOD0119"", ""FMOD0120""]",1.0,True,
60,REAL_FROZEN_TEST,EXACT,Q6K00275,60,26329,60,10.361832,"[""FMOD0086"", ""FMOD0074"", ""FMOD0050"", ""FMOD0102"", ""FMOD0035"", ""FMOD0024"", ""FMOD0043"", ""FMOD0023"", ""FMOD0069"", ""FMOD0119""]",1.0,True,
60,REAL_FROZEN_TEST,EXACT,Q6K00283,60,26329,60,10.72347,"[""FMOD0036"", ""FMOD0035"", ""FMOD0023"", ""FMOD0120"", ""FMOD0119"", ""FMOD0079"", ""FMOD0102"", ""FMOD0069"", ""FMOD0017"", ""FMOD0110""]",1.0,True,
60,REAL_FROZEN_TEST,EXACT,Q6K00287,60,26329,60,10.20792,"[""FMOD0003"", ""FMOD0089"", ""FMOD0004"", ""FMOD0067"", ""FMOD0014"", ""FMOD0113"", ""FMOD0036"", ""FMOD0120"", ""FMOD0035"", ""FMOD0091""]",1.0,True,
60,REAL_FROZEN_TEST,EXACT,Q6K00293,60,26329,60,10.553513,"[""FMOD0074"", ""FMOD0043"", ""FMOD0035"", ""FMOD0023"", ""FMOD0069"", ""FMOD0102"", ""FMOD0096"", ""FMOD0079"", ""FMOD0024"", ""FMOD0119""]",1.0,True,
60,REAL_FROZEN_TEST,EXACT,Q6K00295,60,26329,60,10.715726,"[""FMOD0066"", ""FMOD0043"", ""FMOD0102"", ""FMOD0023"", ""FMOD0069"", ""FMOD0035"", ""FMOD0096"", ""FMOD0079"", ""FMOD0119"", ""FMOD0120""]",1.0,True,
60,REAL_FROZEN_TEST,EXACT,Q6K00296,60,26329,60,10.432338,"[""FMOD0060"", ""FMOD0066"", ""FMOD0102"", ""FMOD0036"", ""FMOD0055"", ""FMOD0096"", ""FMOD0110"", ""FMOD0120"", ""FMOD0035"", ""FMOD0075""]",1.0,True,
60,REAL_FROZEN_TEST,EXACT,Q6K00298,60,26329,60,9.909081,"[""FMOD0074"", ""FMOD0036"", ""FMOD0079"", ""FMOD0119"", ""FMOD0120"", ""FMOD0017"", ""FMOD0091"", ""FMOD0023"", ""FMOD0083"", ""FMOD0035""]",1.0,True,
60,REAL_FROZEN_TEST,EXACT,Q6K00299,60,26329,60,10.047806,"[""FMOD0040"", ""FMOD0089"", ""FMOD0035"", ""FMOD0079"", ""FMOD0055"", ""FMOD0023"", ""FMOD0102"", ""FMOD0119"", ""FMOD0014"", ""FMOD0051""]",1.0,True,
60,REAL_FROZEN_TEST,EXACT,Q6K00304,60,26329,60,10.060089,"[""FMOD0077"", ""FMOD0083"", ""FMOD0087"", ""FMOD0023"", ""FMOD0069"", ""FMOD0055"", ""FMOD0102"", ""FMOD0025"", ""FMOD0040"", ""FMOD0091""]",1.0,True,
60,REAL_FROZEN_TEST,EXACT,Q6K00310,60,26329,60,10.442163,"[""FMOD0074"", ""FMOD0005"", ""FMOD0022"", ""FMOD0035"", ""FMOD0053"", ""FMOD0033"", ""FMOD0023"", ""FMOD0055"", ""FMOD0102"", ""FMOD0091""]",1.0,True,
60,REAL_FROZEN_TEST,EXACT,Q6K00313,60,26329,60,10.601431,"[""FMOD0061"", ""FMOD0069"", ""FMOD0083"", ""FMOD0066"", ""FMOD0036"", ""FMOD0033"", ""FMOD0120"", ""FMOD0005"", ""FMOD0102"", ""FMOD0075""]",1.0,True,
60,REAL_FROZEN_TEST,EXACT,Q6K00317,60,26329,60,10.341135,"[""FMOD0061"", ""FMOD0089"", ""FMOD0096"", ""FMOD0036"", ""FMOD0079"", ""FMOD0035"", ""FMOD0055"", ""FMOD0083"", ""FMOD0110"", ""FMOD0005""]",1.0,True,
60,REAL_FROZEN_TEST,EXACT,Q6K00318,60,26329,60,10.150101,"[""FMOD0086"", ""FMOD0004"", ""FMOD0050"", ""FMOD0067"", ""FMOD0035"", ""FMOD0053"", ""FMOD0110"", ""FMOD0005"", ""FMOD0102"", ""FMOD0120""]",1.0,True,
60,REAL_FROZEN_TEST,EXACT,Q6K00325,60,26329,60,10.473372,"[""FMOD0086"", ""FMOD0023"", ""FMOD0050"", ""FMOD0044"", ""FMOD0035"", ""FMOD0069"", ""FMOD0043"", ""FMOD0120"", ""FMOD0079"", ""FMOD0102""]",1.0,True,
60,REAL_FROZEN_TEST,EXACT,Q6K00326,60,26329,60,10.18839,"[""FMOD0099"", ""FMOD0055"", ""FMOD0066"", ""FMOD0036"", ""FMOD0102"", ""FMOD0023"", ""FMOD0017"", ""FMOD0079"", ""FMOD0119"", ""FMOD0110""]",1.0,True,
60,REAL_FROZEN_TEST,EXACT,Q6K00327,60,26329,60,10.106123,"[""FMOD0016"", ""FMOD0051"", ""FMOD0055"", ""FMOD0075"", ""FMOD0035"", ""FMOD0077"", ""FMOD0023"", ""FMOD0036"", ""FMOD0079"", ""FMOD0033""]",1.0,True,
60,REAL_FROZEN_TEST,EXACT,Q6K00332,60,26329,60,10.211055,"[""FMOD0044"", ""FMOD0035"", ""FMOD0069"", ""FMOD0086"", ""FMOD0120"", ""FMOD0119"", ""FMOD0050"", ""FMOD0036"", ""FMOD0102"", ""FMOD0023""]",1.0,True,
60,REAL_FROZEN_TEST,EXACT,Q6K00333,60,26329,60,10.59568,"[""FMOD0069"", ""FMOD0044"", ""FMOD0011"", ""FMOD0119"", ""FMOD0083"", ""FMOD0025"", ""FMOD0079"", ""FMOD0110"", ""FMOD0035"", ""FMOD0120""]",1.0,True,
60,REAL_FROZEN_TEST,EXACT,Q6K00336,60,26329,60,10.26672,"[""FMOD0014"", ""FMOD0023"", ""FMOD0079"", ""FMOD0035"", ""FMOD0120"", ""FMOD0119"", ""FMOD0102"", ""FMOD0087"", ""FMOD0069"", ""FMOD0074""]",1.0,True,
60,REAL_FROZEN_TEST,EXACT,Q6K00338,60,26329,60,10.294757,"[""FMOD0074"", ""FMOD0067"", ""FMOD0003"", ""FMOD0119"", ""FMOD0035"", ""FMOD0004"", ""FMOD0102"", ""FMOD0110"", ""FMOD0023"", ""FMOD0024""]",1.0,True,
60,REAL_FROZEN_TEST,EXACT,Q6K00340,60,26329,60,10.355727,"[""FMOD0025"", ""FMOD0011"", ""FMOD0089"", ""FMOD0023"", ""FMOD0069"", ""FMOD0035"", ""FMOD0119"", ""FMOD0079"", ""FMOD0120"", ""FMOD0102""]",1.0,True,
60,REAL_FROZEN_TEST,EXACT,Q6K00342,60,26329,60,10.176797,"[""FMOD0087"", ""FMOD0053"", ""FMOD0023"", ""FMOD0040"", ""FMOD0069"", ""FMOD0025"", ""FMOD0096"", ""FMOD0119"", ""FMOD0083"", ""FMOD0102""]",1.0,True,
60,REAL_FROZEN_TEST,EXACT,Q6K00343,60,26329,60,10.246326,"[""FMOD0087"", ""FMOD0016"", ""FMOD0055"", ""FMOD0023"", ""FMOD0102"", ""FMOD0035"", ""FMOD0119"", ""FMOD0079"", ""FMOD0005"", ""FMOD0036""]",1.0,True,
60,REAL_FROZEN_TEST,EXACT,Q6K00344,60,26329,60,10.40812,"[""FMOD0023"", ""FMOD0025"", ""FMOD0043"", ""FMOD0069"", ""FMOD0055"", ""FMOD0035"", ""FMOD0040"", ""FMOD0119"", ""FMOD0120"", ""FMOD0036""]",1.0,True,
60,REAL_FROZEN_TEST,EXACT,Q6K00351,60,26329,60,10.141632,"[""FMOD0005"", ""FMOD0099"", ""FMOD0022"", ""FMOD0055"", ""FMOD0119"", ""FMOD0079"", ""FMOD0023"", ""FMOD0036"", ""FMOD0077"", ""FMOD0035""]",1.0,True,
60,REAL_FROZEN_TEST,EXACT,Q6K00355,60,26329,60,10.946547,"[""FMOD0043"", ""FMOD0023"", ""FMOD0035"", ""FMOD0077"", ""FMOD0016"", ""FMOD0102"", ""FMOD0119"", ""FMOD0069"", ""FMOD0120"", ""FMOD0110""]",1.0,True,
60,REAL_FROZEN_TEST,EXACT,Q6K00359,60,26329,60,9.91549,"[""FMOD0086"", ""FMOD0087"", ""FMOD0044"", ""FMOD0102"", ""FMOD0079"", ""FMOD0036"", ""FMOD0051"", ""FMOD0069"", ""FMOD0055"", ""FMOD0119""]",1.0,True,
60,REAL_FROZEN_TEST,EXACT,Q6K00360,60,26329,60,10.077587,"[""FMOD0066"", ""FMOD0060"", ""FMOD0043"", ""FMOD0035"", ""FMOD0055"", ""FMOD0023"", ""FMOD0119"", ""FMOD0036"", ""FMOD0040"", ""FMOD0120""]",1.0,True,
60,REAL_FROZEN_TEST,EXACT,Q6K00363,60,26329,60,10.066697,"[""FMOD0066"", ""FMOD0102"", ""FMOD0119"", ""FMOD0069"", ""FMOD0120"", ""FMOD0035"", ""FMOD0023"", ""FMOD0036"", ""FMOD0079"", ""FMOD0005""]",1.0,True,
60,REAL_FROZEN_TEST,EXACT,Q6K00365,60,26329,60,10.102465,"[""FMOD0087"", ""FMOD0035"", ""FMOD0023"", ""FMOD0119"", ""FMOD0016"", ""FMOD0055"", ""FMOD0036"", ""FMOD0102"", ""FMOD0079"", ""FMOD0077""]",1.0,True,
60,REAL_FROZEN_TEST,EXACT,Q6K00372,60,26329,60,10.093101,"[""FMOD0023"", ""FMOD0035"", ""FMOD0016"", ""FMOD0051"", ""FMOD0119"", ""FMOD0102"", ""FMOD0069"", ""FMOD0120"", ""FMOD0055"", ""FMOD0036""]",1.0,True,
60,REAL_FROZEN_TEST,EXACT,Q6K00375,60,26329,60,10.185555,"[""FMOD0099"", ""FMOD0023"", ""FMOD0069"", ""FMOD0025"", ""FMOD0055"", ""FMOD0083"", ""FMOD0119"", ""FMOD0035"", ""FMOD0102"", ""FMOD0120""]",1.0,True,
60,REAL_FROZEN_TEST,EXACT,Q6K00377,60,26329,60,10.244765,"[""FMOD0022"", ""FMOD0023"", ""FMOD0069"", ""FMOD0055"", ""FMOD0025"", ""FMOD0100"", ""FMOD0119"", ""FMOD0035"", ""FMOD0036"", ""FMOD0102""]",1.0,True,
60,REAL_FROZEN_TEST,EXACT,Q6K00378,60,26329,60,9.902559,"[""FMOD0023"", ""FMOD0055"", ""FMOD0083"", ""FMOD0025"", ""FMOD0079"", ""FMOD0119"", ""FMOD0102"", ""FMOD0120"", ""FMOD0005"", ""FMOD0024""]",1.0,True,
60,REAL_FROZEN_TEST,EXACT,Q6K00380,60,26329,60,10.32779,"[""FMOD0023"", ""FMOD0035"", ""FMOD0119"", ""FMOD0102"", ""FMOD0110"", ""FMOD0036"", ""FMOD0120"", ""FMOD0077"", ""FMOD0005"", ""FMOD0075""]",1.0,True,
60,REAL_FROZEN_TEST,EXACT,Q6K00384,60,26329,60,10.545875,"[""FMOD0083"", ""FMOD0069"", ""FMOD0086"", ""FMOD0035"", ""FMOD0120"", ""FMOD0119"", ""FMOD0005"", ""FMOD0055"", ""FMOD0036"", ""FMOD0079""]",1.0,True,
60,REAL_FROZEN_TEST,EXACT,Q6K00389,60,26329,60,9.798767,"[""FMOD0055"", ""FMOD0023"", ""FMOD0035"", ""FMOD0079"", ""FMOD0119"", ""FMOD0102"", ""FMOD0120"", ""FMOD0069"", ""FMOD0067"", ""FMOD0087""]",1.0,True,
60,REAL_FROZEN_TEST,EXACT,Q6K00390,60,26329,60,9.914714,"[""FMOD0023"", ""FMOD0102"", ""FMOD0119"", ""FMOD0120"", ""FMOD0069"", ""FMOD0035"", ""FMOD0079"", ""FMOD0022"", ""FMOD0110"", ""FMOD0073""]",1.0,True,
60,REAL_FROZEN_TEST,EXACT,Q6K00393,60,26329,60,10.635717,"[""FMOD0023"", ""FMOD0102"", ""FMOD0119"", ""FMOD0120"", ""FMOD0036"", ""FMOD0035"", ""FMOD0053"", ""FMOD0113"", ""FMOD0024"", ""FMOD0110""]",1.0,True,
60,REAL_FROZEN_TEST,EXACT,Q6K00395,60,26329,60,10.780996,"[""FMOD0053"", ""FMOD0069"", ""FMOD0035"", ""FMOD0023"", ""FMOD0119"", ""FMOD0036"", ""FMOD0004"", ""FMOD0067"", ""FMOD0083"", ""FMOD0025""]",1.0,True,
60,REAL_FROZEN_TEST,EXACT,Q6K00396,60,26329,60,10.836859,"[""FMOD0066"", ""FMOD0035"", ""FMOD0023"", ""FMOD0051"", ""FMOD0119"", ""FMOD0102"", ""FMOD0036"", ""FMOD0055"", ""FMOD0120"", ""FMOD0077""]",1.0,True,
60,REAL_FROZEN_TEST,EXACT,Q6K00400,60,26329,60,10.865569,"[""FMOD0023"", ""FMOD0025"", ""FMOD0035"", ""FMOD0069"", ""FMOD0055"", ""FMOD0100"", ""FMOD0036"", ""FMOD0031"", ""FMOD0120"", ""FMOD0102""]",1.0,True,
60,REAL_FROZEN_TEST,EXACT,Q6K00403,60,26329,60,10.690677,"[""FMOD0035"", ""FMOD0033"", ""FMOD0119"", ""FMOD0120"", ""FMOD0024"", ""FMOD0080"", ""FMOD0102"", ""FMOD0105"", ""FMOD0005"", ""FMOD0091""]",1.0,True,
60,REAL_FROZEN_TEST,EXACT,Q6K00405,60,26329,60,10.33407,"[""FMOD0016"", ""FMOD0102"", ""FMOD0031"", ""FMOD0023"", ""FMOD0035"", ""FMOD0033"", ""FMOD0079"", ""FMOD0022"", ""FMOD0051"", ""FMOD0014""]",1.0,True,
60,REAL_FROZEN_TEST,EXACT,Q6K00407,60,26329,60,10.658749,"[""FMOD0005"", ""FMOD0120"", ""FMOD0069"", ""FMOD0102"", ""FMOD0119"", ""FMOD0079"", ""FMOD0023"", ""FMOD0104"", ""FMOD0033"", ""FMOD0110""]",1.0,True,
60,REAL_FROZEN_TEST,EXACT,Q6K00410,60,26329,60,10.966131,"[""FMOD0005"", ""FMOD0023"", ""FMOD0035"", ""FMOD0055"", ""FMOD0089"", ""FMOD0024"", ""FMOD0113"", ""FMOD0120"", ""FMOD0110"", ""FMOD0079""]",1.0,True,
60,REAL_FROZEN_TEST,EXACT,Q6K00417,60,26329,60,10.209759,"[""FMOD0051"", ""FMOD0102"", ""FMOD0035"", ""FMOD0086"", ""FMOD0005"", ""FMOD0075"", ""FMOD0036"", ""FMOD0096"", ""FMOD0120"", ""FMOD0069""]",1.0,True,
60,REAL_FROZEN_TEST,EXACT,Q6K00420,60,26329,60,10.159661,"[""FMOD0036"", ""FMOD0004"", ""FMOD0067"", ""FMOD0119"", ""FMOD0035"", ""FMOD0079"", ""FMOD0120"", ""FMOD0023"", ""FMOD0055"", ""FMOD0005""]",1.0,True,
60,REAL_FROZEN_TEST,EXACT,Q6K00422,60,26329,60,10.133623,"[""FMOD0053"", ""FMOD0083"", ""FMOD0035"", ""FMOD0023"", ""FMOD0051"", ""FMOD0036"", ""FMOD0079"", ""FMOD0102"", ""FMOD0120"", ""FMOD0110""]",1.0,True,
60,REAL_FROZEN_TEST,EXACT,Q6K00423,60,26329,60,10.241521,"[""FMOD0061"", ""FMOD0004"", ""FMOD0086"", ""FMOD0035"", ""FMOD0033"", ""FMOD0014"", ""FMOD0102"", ""FMOD0119"", ""FMOD0120"", ""FMOD0096""]",1.0,True,
60,REAL_FROZEN_TEST,EXACT,Q6K00424,60,26329,60,10.049141,"[""FMOD0053"", ""FMOD0102"", ""FMOD0023"", ""FMOD0035"", ""FMOD0077"", ""FMOD0069"", ""FMOD0033"", ""FMOD0113"", ""FMOD0119"", ""FMOD0025""]",1.0,True,
60,REAL_FROZEN_TEST,EXACT,Q6K00427,60,26329,60,11.042491,"[""FMOD0005"", ""FMOD0035"", ""FMOD0055"", ""FMOD0043"", ""FMOD0011"", ""FMOD0102"", ""FMOD0023"", ""FMOD0069"", ""FMOD0119"", ""FMOD0036""]",1.0,True,
60,REAL_FROZEN_TEST,EXACT,Q6K00435,60,26329,60,10.252797,"[""FMOD0099"", ""FMOD0069"", ""FMOD0119"", ""FMOD0023"", ""FMOD0035"", ""FMOD0102"", ""FMOD0120"", ""FMOD0110"", ""FMOD0077"", ""FMOD0079""]",1.0,True,
60,REAL_FROZEN_TEST,EXACT,Q6K00436,60,26329,60,10.962314,"[""FMOD0099"", ""FMOD0044"", ""FMOD0035"", ""FMOD0023"", ""FMOD0119"", ""FMOD0036"", ""FMOD0120"", ""FMOD0069"", ""FMOD0077"", ""FMOD0102""]",1.0,True,
60,REAL_FROZEN_TEST,EXACT,Q6K00438,60,26329,60,10.67919,"[""FMOD0022"", ""FMOD0055"", ""FMOD0023"", ""FMOD0102"", ""FMOD0069"", ""FMOD0110"", ""FMOD0120"", ""FMOD0079"", ""FMOD0119"", ""FMOD0036""]",1.0,True,
60,REAL_FROZEN_TEST,EXACT,Q6K00442,60,26329,60,10.683855,"[""FMOD0087"", ""FMOD0035"", ""FMOD0120"", ""FMOD0102"", ""FMOD0079"", ""FMOD0119"", ""FMOD0110"", ""FMOD0005"", ""FMOD0036"", ""FMOD0055""]",1.0,True,
60,REAL_FROZEN_TEST,EXACT,Q6K00443,60,26329,60,10.593315,"[""FMOD0035"", ""FMOD0011"", ""FMOD0023"", ""FMOD0119"", ""FMOD0102"", ""FMOD0079"", ""FMOD0060"", ""FMOD0069"", ""FMOD0077"", ""FMOD0055""]",1.0,True,
60,REAL_FROZEN_TEST,EXACT,Q6K00444,60,26329,60,10.696863,"[""FMOD0003"", ""FMOD0022"", ""FMOD0069"", ""FMOD0120"", ""FMOD0119"", ""FMOD0079"", ""FMOD0005"", ""FMOD0102"", ""FMOD0067"", ""FMOD0036""]",1.0,True,
60,REAL_FROZEN_TEST,EXACT,Q6K00446,60,26329,60,10.715237,"[""FMOD0067"", ""FMOD0060"", ""FMOD0035"", ""FMOD0023"", ""FMOD0022"", ""FMOD0119"", ""FMOD0102"", ""FMOD0120"", ""FMOD0110"", ""FMOD0036""]",1.0,True,
60,REAL_FROZEN_TEST,EXACT,Q6K00453,60,26329,60,10.543752,"[""FMOD0044"", ""FMOD0079"", ""FMOD0119"", ""FMOD0023"", ""FMOD0102"", ""FMOD0120"", ""FMOD0035"", ""FMOD0083"", ""FMOD0110"", ""FMOD0069""]",1.0,True,
60,REAL_FROZEN_TEST,EXACT,Q6K00456,60,26329,60,10.730979,"[""FMOD0004"", ""FMOD0016"", ""FMOD0067"", ""FMOD0113"", ""FMOD0036"", ""FMOD0023"", ""FMOD0035"", ""FMOD0079"", ""FMOD0077"", ""FMOD0119""]",1.0,True,
60,REAL_FROZEN_TEST,EXACT,Q6K00458,60,26329,60,11.002381,"[""FMOD0079"", ""FMOD0023"", ""FMOD0016"", ""FMOD0035"", ""FMOD0102"", ""FMOD0119"", ""FMOD0120"", ""FMOD0077"", ""FMOD0036"", ""FMOD0110""]",1.0,True,
60,REAL_FROZEN_TEST,EXACT,Q6K00461,60,26329,60,9.965294,"[""FMOD0001"", ""FMOD0003"", ""FMOD0089"", ""FMOD0035"", ""FMOD0051"", ""FMOD0120"", ""FMOD0023"", ""FMOD0119"", ""FMOD0036"", ""FMOD0069""]",1.0,True,
60,REAL_FROZEN_TEST,EXACT,Q6K00465,60,26329,60,10.652964,"[""FMOD0083"", ""FMOD0096"", ""FMOD0023"", ""FMOD0036"", ""FMOD0110"", ""FMOD0119"", ""FMOD0035"", ""FMOD0005"", ""FMOD0120"", ""FMOD0102""]",1.0,True,
60,REAL_FROZEN_TEST,EXACT,Q6K00470,60,26329,60,10.211856,"[""FMOD0060"", ""FMOD0102"", ""FMOD0061"", ""FMOD0120"", ""FMOD0119"", ""FMOD0069"", ""FMOD0035"", ""FMOD0079"", ""FMOD0031"", ""FMOD0110""]",1.0,True,
60,REAL_FROZEN_TEST,EXACT,Q6K00471,60,26329,60,10.35068,"[""FMOD0025"", ""FMOD0099"", ""FMOD0024"", ""FMOD0014"", ""FMOD0005"", ""FMOD0113"", ""FMOD0083"", ""FMOD0120"", ""FMOD0023"", ""FMOD0069""]",1.0,True,
60,REAL_FROZEN_TEST,EXACT,Q6K00473,60,26329,60,10.768581,"[""FMOD0086"", ""FMOD0079"", ""FMOD0036"", ""FMOD0083"", ""FMOD0119"", ""FMOD0004"", ""FMOD0024"", ""FMOD0067"", ""FMOD0023"", ""FMOD0025""]",1.0,True,
60,REAL_FROZEN_TEST,EXACT,Q6K00479,60,26329,60,11.628605,"[""FMOD0066"", ""FMOD0022"", ""FMOD0023"", ""FMOD0035"", ""FMOD0079"", ""FMOD0036"", ""FMOD0055"", ""FMOD0102"", ""FMOD0119"", ""FMOD0005""]",1.0,True,
60,REAL_FROZEN_TEST,EXACT,Q6K00481,60,26329,60,10.829442,"[""FMOD0035"", ""FMOD0023"", ""FMOD0051"", ""FMOD0119"", ""FMOD0102"", ""FMOD0120"", ""FMOD0036"", ""FMOD0079"", ""FMOD0083"", ""FMOD0069""]",1.0,True,
60,REAL_FROZEN_TEST,EXACT,Q6K00484,60,26329,60,10.113238,"[""FMOD0035"", ""FMOD0023"", ""FMOD0119"", ""FMOD0120"", ""FMOD0036"", ""FMOD0069"", ""FMOD0051"", ""FMOD0079"", ""FMOD0102"", ""FMOD0005""]",1.0,True,
60,REAL_FROZEN_TEST,EXACT,Q6K00485,60,26329,60,10.323017,"[""FMOD0069"", ""FMOD0035"", ""FMOD0023"", ""FMOD0119"", ""FMOD0036"", ""FMOD0067"", ""FMOD0004"", ""FMOD0083"", ""FMOD0025"", ""FMOD0053""]",1.0,True,
60,REAL_FROZEN_TEST,EXACT,Q6K00489,60,26329,60,10.388943,"[""FMOD0080"", ""FMOD0086"", ""FMOD0015"", ""FMOD0119"", ""FMOD0023"", ""FMOD0102"", ""FMOD0110"", ""FMOD0069"", ""FMOD0120"", ""FMOD0055""]",1.0,True,
60,REAL_FROZEN_TEST,EXACT,Q6K00495,60,26329,60,10.162237,"[""FMOD0083"", ""FMOD0096"", ""FMOD0023"", ""FMOD0119"", ""FMOD0035"", ""FMOD0110"", ""FMOD0069"", ""FMOD0036"", ""FMOD0079"", ""FMOD0102""]",1.0,True,
60,REAL_FROZEN_TEST,EXACT,Q6K00498,60,26329,60,10.307756,"[""FMOD0023"", ""FMOD0055"", ""FMOD0069"", ""FMOD0025"", ""FMOD0100"", ""FMOD0102"", ""FMOD0035"", ""FMOD0036"", ""FMOD0119"", ""FMOD0120""]",1.0,True,
60,REAL_FROZEN_TEST,EXACT,Q6K00507,60,26329,60,10.329464,"[""FMOD0023"", ""FMOD0035"", ""FMOD0016"", ""FMOD0119"", ""FMOD0120"", ""FMOD0069"", ""FMOD0113"", ""FMOD0079"", ""FMOD0102"", ""FMOD0055""]",1.0,True,
60,REAL_FROZEN_TEST,EXACT,Q6K00511,60,26329,60,10.135067,"[""FMOD0055"", ""FMOD0083"", ""FMOD0025"", ""FMOD0079"", ""FMOD0119"", ""FMOD0102"", ""FMOD0120"", ""FMOD0023"", ""FMOD0069"", ""FMOD0005""]",1.0,True,
60,REAL_FROZEN_TEST,EXACT,Q6K00512,60,26329,60,10.336116,"[""FMOD0035"", ""FMOD0023"", ""FMOD0119"", ""FMOD0110"", ""FMOD0036"", ""FMOD0060"", ""FMOD0083"", ""FMOD0031"", ""FMOD0033"", ""FMOD0005""]",1.0,True,
60,REAL_FROZEN_TEST,EXACT,Q6K00513,60,26329,60,9.958571,"[""FMOD0110"", ""FMOD0023"", ""FMOD0083"", ""FMOD0119"", ""FMOD0036"", ""FMOD0024"", ""FMOD0025"", ""FMOD0067"", ""FMOD0004"", ""FMOD0035""]",1.0,True,
60,REAL_FROZEN_TEST,EXACT,Q6K00517,60,26329,60,10.102888,"[""FMOD0023"", ""FMOD0119"", ""FMOD0102"", ""FMOD0022"", ""FMOD0051"", ""FMOD0035"", ""FMOD0120"", ""FMOD0036"", ""FMOD0110"", ""FMOD0079""]",1.0,True,
60,REAL_FROZEN_TEST,EXACT,Q6K00518,60,26329,60,10.204927,"[""FMOD0035"", ""FMOD0102"", ""FMOD0119"", ""FMOD0110"", ""FMOD0096"", ""FMOD0069"", ""FMOD0033"", ""FMOD0083"", ""FMOD0086"", ""FMOD0120""]",1.0,True,
60,REAL_FROZEN_TEST,EXACT,Q6K00523,60,26329,60,10.548981,"[""FMOD0035"", ""FMOD0023"", ""FMOD0119"", ""FMOD0102"", ""FMOD0051"", ""FMOD0120"", ""FMOD0036"", ""FMOD0110"", ""FMOD0079"", ""FMOD0087""]",1.0,True,
60,REAL_FROZEN_TEST,EXACT,Q6K00528,60,26329,60,9.990873,"[""FMOD0035"", ""FMOD0023"", ""FMOD0051"", ""FMOD0079"", ""FMOD0119"", ""FMOD0005"", ""FMOD0102"", ""FMOD0055"", ""FMOD0083"", ""FMOD0036""]",1.0,True,
60,REAL_FROZEN_TEST,EXACT,Q6K00530,60,26329,60,10.187602,"[""FMOD0069"", ""FMOD0035"", ""FMOD0023"", ""FMOD0119"", ""FMOD0036"", ""FMOD0067"", ""FMOD0004"", ""FMOD0083"", ""FMOD0025"", ""FMOD0053""]",1.0,True,
60,REAL_FROZEN_TEST,EXACT,Q6K00531,60,26329,60,10.675889,"[""FMOD0035"", ""FMOD0023"", ""FMOD0119"", ""FMOD0102"", ""FMOD0110"", ""FMOD0079"", ""FMOD0051"", ""FMOD0036"", ""FMOD0120"", ""FMOD0069""]",1.0,True,
60,REAL_FROZEN_TEST,EXACT,Q6K00533,60,26329,60,10.073556,"[""FMOD0119"", ""FMOD0023"", ""FMOD0110"", ""FMOD0036"", ""FMOD0069"", ""FMOD0120"", ""FMOD0102"", ""FMOD0035"", ""FMOD0055"", ""FMOD0079""]",1.0,True,
60,REAL_FROZEN_TEST,EXACT,Q6K00535,60,26329,60,9.045856,"[""FMOD0035"", ""FMOD0102"", ""FMOD0069"", ""FMOD0036"", ""FMOD0079"", ""FMOD0120"", ""FMOD0119"", ""FMOD0110"", ""FMOD0023"", ""FMOD0104""]",1.0,True,
60,REAL_FROZEN_TEST,EXACT,Q6K00537,60,26329,60,10.160905,"[""FMOD0023"", ""FMOD0055"", ""FMOD0069"", ""FMOD0025"", ""FMOD0100"", ""FMOD0119"", ""FMOD0036"", ""FMOD0035"", ""FMOD0102"", ""FMOD0120""]",1.0,True,
60,REAL_FROZEN_TEST,EXACT,Q6K00538,60,26329,60,9.994826,"[""FMOD0055"", ""FMOD0023"", ""FMOD0069"", ""FMOD0025"", ""FMOD0100"", ""FMOD0035"", ""FMOD0079"", ""FMOD0119"", ""FMOD0120"", ""FMOD0036""]",1.0,True,
60,REAL_FROZEN_TEST,FAST,Q6K00183,60,26329,31,10.459893,"[""FMOD0023"", ""FMOD0036"", ""FMOD0119"", ""FMOD0035"", ""FMOD0120"", ""FMOD0102"", ""FMOD0110"", ""FMOD0075"", ""FMOD0005"", ""FMOD0077""]",1.0,True,31.0
60,REAL_FROZEN_TEST,FAST,Q6K00184,60,26329,24,10.055831,"[""FMOD0004"", ""FMOD0067"", ""FMOD0113"", ""FMOD0036"", ""FMOD0110"", ""FMOD0024"", ""FMOD0083"", ""FMOD0035"", ""FMOD0025"", ""FMOD0075""]",0.9,False,24.0
60,REAL_FROZEN_TEST,FAST,Q6K00193,60,26329,35,11.176406,"[""FMOD0025"", ""FMOD0069"", ""FMOD0023"", ""FMOD0055"", ""FMOD0096"", ""FMOD0080"", ""FMOD0102"", ""FMOD0120"", ""FMOD0077"", ""FMOD0119""]",1.0,True,35.0
60,REAL_FROZEN_TEST,FAST,Q6K00195,60,26329,7,3.307178,"[""FMOD0061"", ""FMOD0083"", ""FMOD0119"", ""FMOD0120"", ""FMOD0110"", ""FMOD0025"", ""FMOD0073""]",0.4,False,7.0
60,REAL_FROZEN_TEST,FAST,Q6K00197,60,26329,35,10.897109,"[""FMOD0069"", ""FMOD0102"", ""FMOD0119"", ""FMOD0005"", ""FMOD0120"", ""FMOD0033"", ""FMOD0036"", ""FMOD0110"", ""FMOD0105"", ""FMOD0079""]",1.0,True,35.0
60,REAL_FROZEN_TEST,FAST,Q6K00199,60,26329,36,10.403658,"[""FMOD0067"", ""FMOD0069"", ""FMOD0102"", ""FMOD0119"", ""FMOD0120"", ""FMOD0023"", ""FMOD0036"", ""FMOD0005"", ""FMOD0110"", ""FMOD0035""]",1.0,True,36.0
60,REAL_FROZEN_TEST,FAST,Q6K00200,60,26329,2,1.993231,"[""FMOD0051"", ""FMOD0120""]",0.2,False,2.0
60,REAL_FROZEN_TEST,FAST,Q6K00201,60,26329,4,2.006195,"[""FMOD0066"", ""FMOD0055"", ""FMOD0005"", ""FMOD0050""]",0.3,False,4.0
60,REAL_FROZEN_TEST,FAST,Q6K00205,60,26329,9,4.48842,"[""FMOD0051"", ""FMOD0023"", ""FMOD0035"", ""FMOD0016"", ""FMOD0120"", ""FMOD0036"", ""FMOD0077"", ""FMOD0014"", ""FMOD0022""]",0.5,False,9.0
60,REAL_FROZEN_TEST,FAST,Q6K00206,60,26329,11,5.352712,"[""FMOD0016"", ""FMOD0102"", ""FMOD0023"", ""FMOD0035"", ""FMOD0091"", ""FMOD0110"", ""FMOD0055"", ""FMOD0040"", ""FMOD0075"", ""FMOD0022""]",0.5,False,11.0
60,REAL_FROZEN_TEST,FAST,Q6K00207,60,26329,12,9.077904,"[""FMOD0023"", ""FMOD0035"", ""FMOD0120"", ""FMOD0102"", ""FMOD0069"", ""FMOD0119"", ""FMOD0077"", ""FMOD0079"", ""FMOD0036"", ""FMOD0091""]",0.8,False,12.0
60,REAL_FROZEN_TEST,FAST,Q6K00208,60,26329,14,6.132794,"[""FMOD0102"", ""FMOD0079"", ""FMOD0023"", ""FMOD0055"", ""FMOD0036"", ""FMOD0120"", ""FMOD0119"", ""FMOD0083"", ""FMOD0040"", ""FMOD0033""]",0.6,False,14.0
60,REAL_FROZEN_TEST,FAST,Q6K00212,60,26329,9,6.813687,"[""FMOD0060"", ""FMOD0023"", ""FMOD0075"", ""FMOD0102"", ""FMOD0055"", ""FMOD0079"", ""FMOD0069"", ""FMOD0051"", ""FMOD0066""]",0.4,False,9.0
60,REAL_FROZEN_TEST,FAST,Q6K00216,60,26329,8,5.015773,"[""FMOD0016"", ""FMOD0035"", ""FMOD0023"", ""FMOD0119"", ""FMOD0036"", ""FMOD0110"", ""FMOD0033"", ""FMOD0053""]",0.5,False,8.0
60,REAL_FROZEN_TEST,FAST,Q6K00227,60,26329,3,4.281706,"[""FMOD0096"", ""FMOD0119"", ""FMOD0069""]",0.3,False,3.0
60,REAL_FROZEN_TEST,FAST,Q6K00232,60,26329,11,4.768818,"[""FMOD0060"", ""FMOD0023"", ""FMOD0036"", ""FMOD0075"", ""FMOD0102"", ""FMOD0055"", ""FMOD0079"", ""FMOD0016"", ""FMOD0087"", ""FMOD0066""]",0.5,False,11.0
60,REAL_FROZEN_TEST,FAST,Q6K00235,60,26329,3,4.111138,"[""FMOD0096"", ""FMOD0119"", ""FMOD0069""]",0.3,False,3.0
60,REAL_FROZEN_TEST,FAST,Q6K00236,60,26329,14,5.966014,"[""FMOD0036"", ""FMOD0119"", ""FMOD0120"", ""FMOD0091"", ""FMOD0035"", ""FMOD0055"", ""FMOD0024"", ""FMOD0040"", ""FMOD0104"", ""FMOD0110""]",0.5,False,14.0
60,REAL_FROZEN_TEST,FAST,Q6K00237,60,26329,7,4.445424,"[""FMOD0067"", ""FMOD0120"", ""FMOD0023"", ""FMOD0035"", ""FMOD0004"", ""FMOD0022"", ""FMOD0076""]",0.4,False,7.0
60,REAL_FROZEN_TEST,FAST,Q6K00240,60,26329,28,10.226332,"[""FMOD0069"", ""FMOD0110"", ""FMOD0104"", ""FMOD0035"", ""FMOD0119"", ""FMOD0043"", ""FMOD0023"", ""FMOD0102"", ""FMOD0083"", ""FMOD0120""]",1.0,True,28.0
60,REAL_FROZEN_TEST,FAST,Q6K00247,60,26329,35,10.542327,"[""FMOD0069"", ""FMOD0060"", ""FMOD0119"", ""FMOD0023"", ""FMOD0083"", ""FMOD0025"", ""FMOD0110"", ""FMOD0079"", ""FMOD0003"", ""FMOD0120""]",1.0,True,35.0
60,REAL_FROZEN_TEST,FAST,Q6K00251,60,26329,12,8.118934,"[""FMOD0044"", ""FMOD0067"", ""FMOD0119"", ""FMOD0023"", ""FMOD0120"", ""FMOD0035"", ""FMOD0102"", ""FMOD0069"", ""FMOD0079"", ""FMOD0025""]",0.7,False,12.0
60,REAL_FROZEN_TEST,FAST,Q6K00252,60,26329,31,10.495444,"[""FMOD0043"", ""FMOD0086"", ""FMOD0035"", ""FMOD0023"", ""FMOD0102"", ""FMOD0096"", ""FMOD0069"", ""FMOD0079"", ""FMOD0024"", ""FMOD0119""]",1.0,True,31.0
60,REAL_FROZEN_TEST,FAST,Q6K00258,60,26329,34,10.743639,"[""FMOD0096"", ""FMOD0001"", ""FMOD0035"", ""FMOD0120"", ""FMOD0119"", ""FMOD0069"", ""FMOD0036"", ""FMOD0110"", ""FMOD0023"", ""FMOD0077""]",1.0,True,34.0
60,REAL_FROZEN_TEST,FAST,Q6K00259,60,26329,30,10.861725,"[""FMOD0043"", ""FMOD0089"", ""FMOD0035"", ""FMOD0102"", ""FMOD0096"", ""FMOD0023"", ""FMOD0069"", ""FMOD0079"", ""FMOD0024"", ""FMOD0119""]",1.0,True,30.0
60,REAL_FROZEN_TEST,FAST,Q6K00262,60,26329,37,11.387437,"[""FMOD0069"", ""FMOD0060"", ""FMOD0023"", ""FMOD0025"", ""FMOD0055"", ""FMOD0100"", ""FMOD0102"", ""FMOD0119"", ""FMOD0120"", ""FMOD0079""]",1.0,True,37.0
60,REAL_FROZEN_TEST,FAST,Q6K00264,60,26329,12,9.288429,"[""FMOD0043"", ""FMOD0066"", ""FMOD0035"", ""FMOD0023"", ""FMOD0102"", ""FMOD0120"", ""FMOD0036"", ""FMOD0110"", ""FMOD0055"", ""FMOD0069""]",0.5,False,12.0
60,REAL_FROZEN_TEST,FAST,Q6K00267,60,26329,26,10.873809,"[""FMOD0022"", ""FMOD0069"", ""FMOD0023"", ""FMOD0055"", ""FMOD0025"", ""FMOD0100"", ""FMOD0040"", ""FMOD0035"", ""FMOD0119"", ""FMOD0102""]",1.0,True,26.0
60,REAL_FROZEN_TEST,FAST,Q6K00268,60,26329,31,10.697281,"[""FMOD0077"", ""FMOD0050"", ""FMOD0055"", ""FMOD0083"", ""FMOD0005"", ""FMOD0035"", ""FMOD0033"", ""FMOD0069"", ""FMOD0091"", ""FMOD0086""]",1.0,True,31.0
60,REAL_FROZEN_TEST,FAST,Q6K00271,60,26329,18,9.951068,"[""FMOD0086"", ""FMOD0050"", ""FMOD0044"", ""FMOD0120"", ""FMOD0036"", ""FMOD0069"", ""FMOD0102"", ""FMOD0079"", ""FMOD0110"", ""FMOD0119""]",0.8,False,18.0
60,REAL_FROZEN_TEST,FAST,Q6K00273,60,26329,10,8.256296,"[""FMOD0023"", ""FMOD0043"", ""FMOD0102"", ""FMOD0005"", ""FMOD0120"", ""FMOD0096"", ""FMOD0035"", ""FMOD0069"", ""FMOD0004"", ""FMOD0067""]",0.5,False,10.0
60,REAL_FROZEN_TEST,FAST,Q6K00274,60,26329,23,9.617242,"[""FMOD0004"", ""FMOD0044"", ""FMOD0067"", ""FMOD0113"", ""FMOD0036"", ""FMOD0035"", ""FMOD0024"", ""FMOD0119"", ""FMOD0120"", ""FMOD0083""]",0.9,False,23.0
60,REAL_FROZEN_TEST,FAST,Q6K00275,60,26329,21,9.475955,"[""FMOD0086"", ""FMOD0074"", ""FMOD0050"", ""FMOD0102"", ""FMOD0035"", ""FMOD0043"", ""FMOD0023"", ""FMOD0069"", ""FMOD0119"", ""FMOD0079""]",0.9,False,21.0
60,REAL_FROZEN_TEST,FAST,Q6K00283,60,26329,10,5.222101,"[""FMOD0036"", ""FMOD0035"", ""FMOD0023"", ""FMOD0120"", ""FMOD0110"", ""FMOD0005"", ""FMOD0055"", ""FMOD0031"", ""FMOD0033"", ""FMOD0104""]",0.5,False,10.0
60,REAL_FROZEN_TEST,FAST,Q6K00287,60,26329,28,9.337695,"[""FMOD0003"", ""FMOD0089"", ""FMOD0004"", ""FMOD0067"", ""FMOD0014"", ""FMOD0113"", ""FMOD0036"", ""FMOD0120"", ""FMOD0035"", ""FMOD0005""]",0.9,False,28.0
60,REAL_FROZEN_TEST,FAST,Q6K00293,60,26329,30,10.484282,"[""FMOD0074"", ""FMOD0043"", ""FMOD0035"", ""FMOD0023"", ""FMOD0069"", ""FMOD0102"", ""FMOD0096"", ""FMOD0079"", ""FMOD0024"", ""FMOD0119""]",1.0,True,30.0
60,REAL_FROZEN_TEST,FAST,Q6K00295,60,26329,29,10.28401,"[""FMOD0066"", ""FMOD0043"", ""FMOD0102"", ""FMOD0023"", ""FMOD0069"", ""FMOD0035"", ""FMOD0096"", ""FMOD0079"", ""FMOD0119"", ""FMOD0120""]",1.0,True,29.0
60,REAL_FROZEN_TEST,FAST,Q6K00296,60,26329,13,6.304914,"[""FMOD0060"", ""FMOD0066"", ""FMOD0102"", ""FMOD0036"", ""FMOD0055"", ""FMOD0120"", ""FMOD0023"", ""FMOD0119"", ""FMOD0079"", ""FMOD0083""]",0.6,False,13.0
60,REAL_FROZEN_TEST,FAST,Q6K00298,60,26329,37,10.804258,"[""FMOD0074"", ""FMOD0036"", ""FMOD0079"", ""FMOD0119"", ""FMOD0120"", ""FMOD0017"", ""FMOD0091"", ""FMOD0023"", ""FMOD0083"", ""FMOD0035""]",1.0,True,37.0
60,REAL_FROZEN_TEST,FAST,Q6K00299,60,26329,9,5.673508,"[""FMOD0040"", ""FMOD0089"", ""FMOD0035"", ""FMOD0055"", ""FMOD0023"", ""FMOD0119"", ""FMOD0110"", ""FMOD0053"", ""FMOD0050""]",0.6,False,9.0
60,REAL_FROZEN_TEST,FAST,Q6K00304,60,26329,21,9.202517,"[""FMOD0077"", ""FMOD0083"", ""FMOD0087"", ""FMOD0023"", ""FMOD0069"", ""FMOD0055"", ""FMOD0102"", ""FMOD0025"", ""FMOD0091"", ""FMOD0119""]",0.9,False,21.0
60,REAL_FROZEN_TEST,FAST,Q6K00310,60,26329,13,5.705942,"[""FMOD0074"", ""FMOD0005"", ""FMOD0022"", ""FMOD0035"", ""FMOD0055"", ""FMOD0102"", ""FMOD0119"", ""FMOD0120"", ""FMOD0036"", ""FMOD0025""]",0.6,False,13.0
60,REAL_FROZEN_TEST,FAST,Q6K00313,60,26329,38,10.603287,"[""FMOD0061"", ""FMOD0069"", ""FMOD0083"", ""FMOD0066"", ""FMOD0036"", ""FMOD0033"", ""FMOD0120"", ""FMOD0005"", ""FMOD0102"", ""FMOD0075""]",1.0,True,38.0
60,REAL_FROZEN_TEST,FAST,Q6K00317,60,26329,7,4.928207,"[""FMOD0061"", ""FMOD0089"", ""FMOD0096"", ""FMOD0079"", ""FMOD0119"", ""FMOD0069"", ""FMOD0053""]",0.4,False,7.0
60,REAL_FROZEN_TEST,FAST,Q6K00318,60,26329,18,9.144631,"[""FMOD0086"", ""FMOD0004"", ""FMOD0050"", ""FMOD0067"", ""FMOD0035"", ""FMOD0102"", ""FMOD0023"", ""FMOD0079"", ""FMOD0119"", ""FMOD0014""]",0.6,False,18.0
60,REAL_FROZEN_TEST,FAST,Q6K00325,60,26329,17,9.323107,"[""FMOD0086"", ""FMOD0023"", ""FMOD0050"", ""FMOD0044"", ""FMOD0035"", ""FMOD0069"", ""FMOD0079"", ""FMOD0102"", ""FMOD0036"", ""FMOD0110""]",0.8,False,17.0
60,REAL_FROZEN_TEST,FAST,Q6K00326,60,26329,13,7.181977,"[""FMOD0099"", ""FMOD0055"", ""FMOD0066"", ""FMOD0102"", ""FMOD0023"", ""FMOD0120"", ""FMOD0069"", ""FMOD0060"", ""FMOD0016"", ""FMOD0077""]",0.5,False,13.0
60,REAL_FROZEN_TEST,FAST,Q6K00327,60,26329,7,3.049698,"[""FMOD0051"", ""FMOD0016"", ""FMOD0055"", ""FMOD0119"", ""FMOD0074"", ""FMOD0096"", ""FMOD0044""]",0.3,False,7.0
60,REAL_FROZEN_TEST,FAST,Q6K00332,60,26329,10,8.23679,"[""FMOD0044"", ""FMOD0035"", ""FMOD0069"", ""FMOD0119"", ""FMOD0102"", ""FMOD0023"", ""FMOD0055"", ""FMOD0079"", ""FMOD0022"", ""FMOD0016""]",0.6,False,10.0
60,REAL_FROZEN_TEST,FAST,Q6K00333,60,26329,34,11.364658,"[""FMOD0069"", ""FMOD0044"", ""FMOD0011"", ""FMOD0119"", ""FMOD0083"", ""FMOD0025"", ""FMOD0079"", ""FMOD0110"", ""FMOD0035"", ""FMOD0120""]",1.0,True,34.0
60,REAL_FROZEN_TEST,FAST,Q6K00336,60,26329,26,9.602149,"[""FMOD0014"", ""FMOD0023"", ""FMOD0079"", ""FMOD0035"", ""FMOD0120"", ""FMOD0119"", ""FMOD0102"", ""FMOD0087"", ""FMOD0069"", ""FMOD0074""]",1.0,True,26.0
60,REAL_FROZEN_TEST,FAST,Q6K00338,60,26329,12,8.815201,"[""FMOD0074"", ""FMOD0067"", ""FMOD0003"", ""FMOD0119"", ""FMOD0102"", ""FMOD0023"", ""FMOD0120"", ""FMOD0069"", ""FMOD0079"", ""FMOD0077""]",0.6,False,12.0
60,REAL_FROZEN_TEST,FAST,Q6K00340,60,26329,9,7.768578,"[""FMOD0025"", ""FMOD0011"", ""FMOD0089"", ""FMOD0023"", ""FMOD0069"", ""FMOD0119"", ""FMOD0120"", ""FMOD0102"", ""FMOD0110""]",0.8,False,9.0
60,REAL_FROZEN_TEST,FAST,Q6K00342,60,26329,37,10.342309,"[""FMOD0087"", ""FMOD0053"", ""FMOD0023"", ""FMOD0040"", ""FMOD0069"", ""FMOD0025"", ""FMOD0096"", ""FMOD0119"", ""FMOD0083"", ""FMOD0102""]",1.0,True,37.0
60,REAL_FROZEN_TEST,FAST,Q6K00343,60,26329,11,5.586522,"[""FMOD0087"", ""FMOD0016"", ""FMOD0055"", ""FMOD0023"", ""FMOD0102"", ""FMOD0119"", ""FMOD0120"", ""FMOD0040"", ""FMOD0053"", ""FMOD0022""]",0.6,False,11.0
60,REAL_FROZEN_TEST,FAST,Q6K00344,60,26329,22,8.826782,"[""FMOD0023"", ""FMOD0025"", ""FMOD0043"", ""FMOD0069"", ""FMOD0055"", ""FMOD0035"", ""FMOD0040"", ""FMOD0119"", ""FMOD0120"", ""FMOD0036""]",1.0,True,22.0
60,REAL_FROZEN_TEST,FAST,Q6K00351,60,26329,13,5.261085,"[""FMOD0005"", ""FMOD0099"", ""FMOD0022"", ""FMOD0055"", ""FMOD0119"", ""FMOD0035"", ""FMOD0102"", ""FMOD0120"", ""FMOD0083"", ""FMOD0089""]",0.6,False,13.0
60,REAL_FROZEN_TEST,FAST,Q6K00355,60,26329,36,10.435823,"[""FMOD0043"", ""FMOD0023"", ""FMOD0035"", ""FMOD0077"", ""FMOD0016"", ""FMOD0102"", ""FMOD0119"", ""FMOD0069"", ""FMOD0120"", ""FMOD0110""]",1.0,True,36.0
60,REAL_FROZEN_TEST,FAST,Q6K00359,60,26329,17,8.877111,"[""FMOD0086"", ""FMOD0087"", ""FMOD0044"", ""FMOD0102"", ""FMOD0079"", ""FMOD0036"", ""FMOD0069"", ""FMOD0055"", ""FMOD0119"", ""FMOD0035""]",0.9,False,17.0
60,REAL_FROZEN_TEST,FAST,Q6K00360,60,26329,10,6.332825,"[""FMOD0066"", ""FMOD0060"", ""FMOD0043"", ""FMOD0055"", ""FMOD0023"", ""FMOD0102"", ""FMOD0069"", ""FMOD0005"", ""FMOD0051"", ""FMOD0050""]",0.5,False,10.0
60,REAL_FROZEN_TEST,FAST,Q6K00363,60,26329,22,9.784508,"[""FMOD0066"", ""FMOD0102"", ""FMOD0119"", ""FMOD0069"", ""FMOD0120"", ""FMOD0035"", ""FMOD0023"", ""FMOD0036"", ""FMOD0079"", ""FMOD0005""]",1.0,True,22.0
60,REAL_FROZEN_TEST,FAST,Q6K00365,60,26329,10,5.082064,"[""FMOD0087"", ""FMOD0035"", ""FMOD0023"", ""FMOD0119"", ""FMOD0036"", ""FMOD0102"", ""FMOD0091"", ""FMOD0080"", ""FMOD0049"", ""FMOD0076""]",0.6,False,10.0
60,REAL_FROZEN_TEST,FAST,Q6K00372,60,26329,13,8.313342,"[""FMOD0023"", ""FMOD0035"", ""FMOD0016"", ""FMOD0051"", ""FMOD0119"", ""FMOD0102"", ""FMOD0069"", ""FMOD0120"", ""FMOD0033"", ""FMOD0110""]",0.8,False,13.0
60,REAL_FROZEN_TEST,FAST,Q6K00375,60,26329,38,10.863446,"[""FMOD0099"", ""FMOD0023"", ""FMOD0069"", ""FMOD0025"", ""FMOD0055"", ""FMOD0083"", ""FMOD0119"", ""FMOD0035"", ""FMOD0102"", ""FMOD0120""]",1.0,True,38.0
60,REAL_FROZEN_TEST,FAST,Q6K00377,60,26329,21,9.353588,"[""FMOD0022"", ""FMOD0023"", ""FMOD0069"", ""FMOD0055"", ""FMOD0025"", ""FMOD0100"", ""FMOD0035"", ""FMOD0036"", ""FMOD0102"", ""FMOD0120""]",0.9,False,21.0
60,REAL_FROZEN_TEST,FAST,Q6K00378,60,26329,32,10.110212,"[""FMOD0023"", ""FMOD0055"", ""FMOD0083"", ""FMOD0025"", ""FMOD0079"", ""FMOD0119"", ""FMOD0102"", ""FMOD0120"", ""FMOD0005"", ""FMOD0024""]",1.0,True,32.0
60,REAL_FROZEN_TEST,FAST,Q6K00380,60,26329,23,9.799313,"[""FMOD0023"", ""FMOD0035"", ""FMOD0119"", ""FMOD0102"", ""FMOD0110"", ""FMOD0036"", ""FMOD0120"", ""FMOD0077"", ""FMOD0005"", ""FMOD0075""]",1.0,True,23.0
60,REAL_FROZEN_TEST,FAST,Q6K00384,60,26329,10,7.580808,"[""FMOD0083"", ""FMOD0069"", ""FMOD0120"", ""FMOD0119"", ""FMOD0055"", ""FMOD0102"", ""FMOD0023"", ""FMOD0113"", ""FMOD0096"", ""FMOD0080""]",0.5,False,10.0
60,REAL_FROZEN_TEST,FAST,Q6K00389,60,26329,13,7.760349,"[""FMOD0055"", ""FMOD0023"", ""FMOD0035"", ""FMOD0102"", ""FMOD0120"", ""FMOD0069"", ""FMOD0051"", ""FMOD0077"", ""FMOD0025"", ""FMOD0014""]",0.6,False,13.0
60,REAL_FROZEN_TEST,FAST,Q6K00390,60,26329,25,10.601759,"[""FMOD0023"", ""FMOD0102"", ""FMOD0119"", ""FMOD0120"", ""FMOD0069"", ""FMOD0035"", ""FMOD0079"", ""FMOD0022"", ""FMOD0110"", ""FMOD0073""]",1.0,True,25.0
60,REAL_FROZEN_TEST,FAST,Q6K00393,60,26329,14,8.233294,"[""FMOD0023"", ""FMOD0102"", ""FMOD0113"", ""FMOD0119"", ""FMOD0036"", ""FMOD0083"", ""FMOD0035"", ""FMOD0110"", ""FMOD0053"", ""FMOD0069""]",0.8,False,14.0
60,REAL_FROZEN_TEST,FAST,Q6K00395,60,26329,28,10.02444,"[""FMOD0053"", ""FMOD0069"", ""FMOD0035"", ""FMOD0023"", ""FMOD0119"", ""FMOD0036"", ""FMOD0004"", ""FMOD0067"", ""FMOD0083"", ""FMOD0025""]",1.0,True,28.0
60,REAL_FROZEN_TEST,FAST,Q6K00396,60,26329,12,8.260415,"[""FMOD0066"", ""FMOD0035"", ""FMOD0023"", ""FMOD0051"", ""FMOD0119"", ""FMOD0102"", ""FMOD0120"", ""FMOD0077"", ""FMOD0069"", ""FMOD0005""]",0.8,False,12.0
60,REAL_FROZEN_TEST,FAST,Q6K00400,60,26329,41,11.411909,"[""FMOD0023"", ""FMOD0025"", ""FMOD0035"", ""FMOD0069"", ""FMOD0055"", ""FMOD0100"", ""FMOD0036"", ""FMOD0031"", ""FMOD0120"", ""FMOD0102""]",1.0,True,41.0
60,REAL_FROZEN_TEST,FAST,Q6K00403,60,26329,25,9.809496,"[""FMOD0035"", ""FMOD0033"", ""FMOD0119"", ""FMOD0120"", ""FMOD0024"", ""FMOD0080"", ""FMOD0102"", ""FMOD0105"", ""FMOD0005"", ""FMOD0036""]",0.9,False,25.0
60,REAL_FROZEN_TEST,FAST,Q6K00405,60,26329,9,5.670309,"[""FMOD0016"", ""FMOD0102"", ""FMOD0023"", ""FMOD0035"", ""FMOD0055"", ""FMOD0110"", ""FMOD0040"", ""FMOD0104"", ""FMOD0050""]",0.4,False,9.0
60,REAL_FROZEN_TEST,FAST,Q6K00407,60,26329,11,8.582451,"[""FMOD0005"", ""FMOD0120"", ""FMOD0069"", ""FMOD0102"", ""FMOD0023"", ""FMOD0110"", ""FMOD0077"", ""FMOD0035"", ""FMOD0025"", ""FMOD0055""]",0.6,False,11.0
60,REAL_FROZEN_TEST,FAST,Q6K00410,60,26329,7,4.698824,"[""FMOD0005"", ""FMOD0023"", ""FMOD0035"", ""FMOD0055"", ""FMOD0089"", ""FMOD0036"", ""FMOD0053""]",0.5,False,7.0
60,REAL_FROZEN_TEST,FAST,Q6K00417,60,26329,13,5.93971,"[""FMOD0051"", ""FMOD0035"", ""FMOD0075"", ""FMOD0036"", ""FMOD0120"", ""FMOD0069"", ""FMOD0077"", ""FMOD0022"", ""FMOD0116"", ""FMOD0055""]",0.6,False,13.0
60,REAL_FROZEN_TEST,FAST,Q6K00420,60,26329,23,9.572028,"[""FMOD0036"", ""FMOD0004"", ""FMOD0067"", ""FMOD0119"", ""FMOD0035"", ""FMOD0079"", ""FMOD0120"", ""FMOD0023"", ""FMOD0055"", ""FMOD0083""]",0.9,False,23.0
60,REAL_FROZEN_TEST,FAST,Q6K00422,60,26329,13,5.592318,"[""FMOD0053"", ""FMOD0083"", ""FMOD0023"", ""FMOD0036"", ""FMOD0091"", ""FMOD0055"", ""FMOD0102"", ""FMOD0110"", ""FMOD0119"", ""FMOD0075""]",0.6,False,13.0
60,REAL_FROZEN_TEST,FAST,Q6K00423,60,26329,27,9.807707,"[""FMOD0061"", ""FMOD0004"", ""FMOD0086"", ""FMOD0035"", ""FMOD0033"", ""FMOD0014"", ""FMOD0102"", ""FMOD0119"", ""FMOD0120"", ""FMOD0096""]",1.0,True,27.0
60,REAL_FROZEN_TEST,FAST,Q6K00424,60,26329,26,9.782955,"[""FMOD0053"", ""FMOD0102"", ""FMOD0023"", ""FMOD0035"", ""FMOD0077"", ""FMOD0069"", ""FMOD0033"", ""FMOD0119"", ""FMOD0113"", ""FMOD0025""]",1.0,False,26.0
60,REAL_FROZEN_TEST,FAST,Q6K00427,60,26329,9,5.256065,"[""FMOD0005"", ""FMOD0035"", ""FMOD0055"", ""FMOD0043"", ""FMOD0011"", ""FMOD0069"", ""FMOD0036"", ""FMOD0075"", ""FMOD0089""]",0.7,False,9.0
60,REAL_FROZEN_TEST,FAST,Q6K00435,60,26329,15,8.861126,"[""FMOD0099"", ""FMOD0069"", ""FMOD0119"", ""FMOD0023"", ""FMOD0035"", ""FMOD0102"", ""FMOD0120"", ""FMOD0110"", ""FMOD0079"", ""FMOD0036""]",0.9,False,15.0
60,REAL_FROZEN_TEST,FAST,Q6K00436,60,26329,20,9.417511,"[""FMOD0099"", ""FMOD0044"", ""FMOD0035"", ""FMOD0023"", ""FMOD0119"", ""FMOD0036"", ""FMOD0120"", ""FMOD0069"", ""FMOD0102"", ""FMOD0079""]",0.9,False,20.0
60,REAL_FROZEN_TEST,FAST,Q6K00438,60,26329,6,2.953444,"[""FMOD0022"", ""FMOD0055"", ""FMOD0119"", ""FMOD0096"", ""FMOD0074"", ""FMOD0044""]",0.3,False,6.0
60,REAL_FROZEN_TEST,FAST,Q6K00442,60,26329,10,5.028979,"[""FMOD0087"", ""FMOD0120"", ""FMOD0102"", ""FMOD0079"", ""FMOD0119"", ""FMOD0110"", ""FMOD0036"", ""FMOD0055"", ""FMOD0091"", ""FMOD0076""]",0.8,False,10.0
60,REAL_FROZEN_TEST,FAST,Q6K00443,60,26329,15,8.812417,"[""FMOD0035"", ""FMOD0011"", ""FMOD0023"", ""FMOD0119"", ""FMOD0102"", ""FMOD0079"", ""FMOD0060"", ""FMOD0069"", ""FMOD0055"", ""FMOD0033""]",0.9,False,15.0
60,REAL_FROZEN_TEST,FAST,Q6K00444,60,26329,14,6.776014,"[""FMOD0003"", ""FMOD0022"", ""FMOD0120"", ""FMOD0119"", ""FMOD0102"", ""FMOD0036"", ""FMOD0023"", ""FMOD0055"", ""FMOD0035"", ""FMOD0083""]",0.6,False,14.0
60,REAL_FROZEN_TEST,FAST,Q6K00446,60,26329,22,10.815245,"[""FMOD0067"", ""FMOD0060"", ""FMOD0035"", ""FMOD0023"", ""FMOD0022"", ""FMOD0102"", ""FMOD0119"", ""FMOD0120"", ""FMOD0110"", ""FMOD0036""]",1.0,False,22.0
60,REAL_FROZEN_TEST,FAST,Q6K00453,60,26329,16,10.636232,"[""FMOD0044"", ""FMOD0079"", ""FMOD0119"", ""FMOD0035"", ""FMOD0023"", ""FMOD0120"", ""FMOD0102"", ""FMOD0055"", ""FMOD0110"", ""FMOD0069""]",0.9,False,16.0
60,REAL_FROZEN_TEST,FAST,Q6K00456,60,26329,22,8.830772,"[""FMOD0004"", ""FMOD0016"", ""FMOD0067"", ""FMOD0113"", ""FMOD0036"", ""FMOD0023"", ""FMOD0079"", ""FMOD0119"", ""FMOD0102"", ""FMOD0120""]",0.8,False,22.0
60,REAL_FROZEN_TEST,FAST,Q6K00458,60,26329,8,4.71872,"[""FMOD0079"", ""FMOD0016"", ""FMOD0102"", ""FMOD0119"", ""FMOD0120"", ""FMOD0110"", ""FMOD0055"", ""FMOD0053""]",0.6,False,8.0
60,REAL_FROZEN_TEST,FAST,Q6K00461,60,26329,4,2.112132,"[""FMOD0001"", ""FMOD0003"", ""FMOD0089"", ""FMOD0035""]",0.4,False,4.0
60,REAL_FROZEN_TEST,FAST,Q6K00465,60,26329,12,6.157972,"[""FMOD0083"", ""FMOD0096"", ""FMOD0110"", ""FMOD0119"", ""FMOD0005"", ""FMOD0120"", ""FMOD0055"", ""FMOD0069"", ""FMOD0017"", ""FMOD0074""]",0.6,False,12.0
60,REAL_FROZEN_TEST,FAST,Q6K00470,60,26329,23,10.542633,"[""FMOD0060"", ""FMOD0102"", ""FMOD0061"", ""FMOD0120"", ""FMOD0119"", ""FMOD0069"", ""FMOD0035"", ""FMOD0079"", ""FMOD0031"", ""FMOD0110""]",1.0,True,23.0
60,REAL_FROZEN_TEST,FAST,Q6K00471,60,26329,12,8.834714,"[""FMOD0025"", ""FMOD0099"", ""FMOD0120"", ""FMOD0023"", ""FMOD0069"", ""FMOD0102"", ""FMOD0110"", ""FMOD0119"", ""FMOD0060"", ""FMOD0035""]",0.5,False,12.0
60,REAL_FROZEN_TEST,FAST,Q6K00473,60,26329,24,9.991759,"[""FMOD0086"", ""FMOD0079"", ""FMOD0036"", ""FMOD0083"", ""FMOD0119"", ""FMOD0004"", ""FMOD0024"", ""FMOD0067"", ""FMOD0023"", ""FMOD0025""]",1.0,True,24.0
60,REAL_FROZEN_TEST,FAST,Q6K00479,60,26329,11,5.230122,"[""FMOD0066"", ""FMOD0022"", ""FMOD0035"", ""FMOD0055"", ""FMOD0102"", ""FMOD0119"", ""FMOD0120"", ""FMOD0083"", ""FMOD0089"", ""FMOD0025""]",0.6,False,11.0
60,REAL_FROZEN_TEST,FAST,Q6K00481,60,26329,10,7.747189,"[""FMOD0035"", ""FMOD0023"", ""FMOD0051"", ""FMOD0119"", ""FMOD0102"", ""FMOD0120"", ""FMOD0069"", ""FMOD0040"", ""FMOD0022"", ""FMOD0044""]",0.7,False,10.0
60,REAL_FROZEN_TEST,FAST,Q6K00484,60,26329,1,2.10156,"[""FMOD0035""]",0.1,False,1.0
60,REAL_FROZEN_TEST,FAST,Q6K00485,60,26329,20,9.680284,"[""FMOD0069"", ""FMOD0035"", ""FMOD0023"", ""FMOD0119"", ""FMOD0036"", ""FMOD0067"", ""FMOD0004"", ""FMOD0083"", ""FMOD0025"", ""FMOD0053""]",1.0,True,20.0
60,REAL_FROZEN_TEST,FAST,Q6K00489,60,26329,12,7.283965,"[""FMOD0080"", ""FMOD0086"", ""FMOD0015"", ""FMOD0023"", ""FMOD0069"", ""FMOD0102"", ""FMOD0035"", ""FMOD0055"", ""FMOD0077"", ""FMOD0075""]",0.7,False,12.0
60,REAL_FROZEN_TEST,FAST,Q6K00495,60,26329,40,11.349266,"[""FMOD0083"", ""FMOD0096"", ""FMOD0023"", ""FMOD0119"", ""FMOD0035"", ""FMOD0110"", ""FMOD0069"", ""FMOD0036"", ""FMOD0079"", ""FMOD0102""]",1.0,True,40.0
60,REAL_FROZEN_TEST,FAST,Q6K00498,60,26329,19,8.062283,"[""FMOD0069"", ""FMOD0023"", ""FMOD0055"", ""FMOD0025"", ""FMOD0100"", ""FMOD0035"", ""FMOD0120"", ""FMOD0036"", ""FMOD0079"", ""FMOD0077""]",0.8,False,19.0
60,REAL_FROZEN_TEST,FAST,Q6K00507,60,26329,8,5.016126,"[""FMOD0023"", ""FMOD0035"", ""FMOD0016"", ""FMOD0120"", ""FMOD0102"", ""FMOD0077"", ""FMOD0022"", ""FMOD0014""]",0.5,False,8.0
60,REAL_FROZEN_TEST,FAST,Q6K00511,60,26329,31,10.551222,"[""FMOD0055"", ""FMOD0083"", ""FMOD0025"", ""FMOD0079"", ""FMOD0119"", ""FMOD0102"", ""FMOD0023"", ""FMOD0120"", ""FMOD0069"", ""FMOD0005""]",1.0,False,31.0
60,REAL_FROZEN_TEST,FAST,Q6K00512,60,26329,25,6.84253,"[""FMOD0035"", ""FMOD0023"", ""FMOD0119"", ""FMOD0110"", ""FMOD0036"", ""FMOD0060"", ""FMOD0083"", ""FMOD0031"", ""FMOD0033"", ""FMOD0005""]",1.0,True,25.0
60,REAL_FROZEN_TEST,FAST,Q6K00513,60,26329,34,10.354481,"[""FMOD0110"", ""FMOD0023"", ""FMOD0083"", ""FMOD0119"", ""FMOD0036"", ""FMOD0024"", ""FMOD0025"", ""FMOD0067"", ""FMOD0004"", ""FMOD0035""]",1.0,True,34.0
60,REAL_FROZEN_TEST,FAST,Q6K00517,60,26329,20,9.689534,"[""FMOD0023"", ""FMOD0119"", ""FMOD0102"", ""FMOD0035"", ""FMOD0120"", ""FMOD0022"", ""FMOD0036"", ""FMOD0110"", ""FMOD0079"", ""FMOD0087""]",0.9,False,20.0
60,REAL_FROZEN_TEST,FAST,Q6K00518,60,26329,35,10.639792,"[""FMOD0035"", ""FMOD0102"", ""FMOD0119"", ""FMOD0110"", ""FMOD0096"", ""FMOD0069"", ""FMOD0033"", ""FMOD0083"", ""FMOD0086"", ""FMOD0120""]",1.0,True,35.0
60,REAL_FROZEN_TEST,FAST,Q6K00523,60,26329,19,9.301409,"[""FMOD0035"", ""FMOD0119"", ""FMOD0102"", ""FMOD0120"", ""FMOD0036"", ""FMOD0087"", ""FMOD0110"", ""FMOD0079"", ""FMOD0069"", ""FMOD0055""]",0.8,False,19.0
60,REAL_FROZEN_TEST,FAST,Q6K00528,60,26329,11,8.222701,"[""FMOD0035"", ""FMOD0023"", ""FMOD0051"", ""FMOD0119"", ""FMOD0102"", ""FMOD0055"", ""FMOD0120"", ""FMOD0069"", ""FMOD0077"", ""FMOD0025""]",0.6,False,11.0
60,REAL_FROZEN_TEST,FAST,Q6K00530,60,26329,20,9.510915,"[""FMOD0069"", ""FMOD0035"", ""FMOD0023"", ""FMOD0119"", ""FMOD0036"", ""FMOD0067"", ""FMOD0004"", ""FMOD0083"", ""FMOD0025"", ""FMOD0053""]",1.0,True,20.0
60,REAL_FROZEN_TEST,FAST,Q6K00531,60,26329,19,9.675928,"[""FMOD0035"", ""FMOD0023"", ""FMOD0119"", ""FMOD0102"", ""FMOD0110"", ""FMOD0036"", ""FMOD0079"", ""FMOD0120"", ""FMOD0069"", ""FMOD0087""]",0.9,False,19.0
60,REAL_FROZEN_TEST,FAST,Q6K00533,60,26329,6,5.420177,"[""FMOD0023"", ""FMOD0069"", ""FMOD0035"", ""FMOD0087"", ""FMOD0080"", ""FMOD0049""]",0.3,False,6.0
60,REAL_FROZEN_TEST,FAST,Q6K00535,60,26329,31,9.485688,"[""FMOD0035"", ""FMOD0102"", ""FMOD0069"", ""FMOD0036"", ""FMOD0079"", ""FMOD0120"", ""FMOD0119"", ""FMOD0110"", ""FMOD0023"", ""FMOD0104""]",1.0,True,31.0
60,REAL_FROZEN_TEST,FAST,Q6K00537,60,26329,19,8.010624,"[""FMOD0023"", ""FMOD0055"", ""FMOD0069"", ""FMOD0025"", ""FMOD0100"", ""FMOD0036"", ""FMOD0035"", ""FMOD0120"", ""FMOD0079"", ""FMOD0077""]",0.8,False,19.0
60,REAL_FROZEN_TEST,FAST,Q6K00538,60,26329,25,9.619189,"[""FMOD0055"", ""FMOD0023"", ""FMOD0069"", ""FMOD0025"", ""FMOD0100"", ""FMOD0035"", ""FMOD0119"", ""FMOD0120"", ""FMOD0036"", ""FMOD0079""]",1.0,False,25.0
60,REAL_FROZEN_TEST,BALANCED,Q6K00183,60,26329,56,11.753224,"[""FMOD0023"", ""FMOD0036"", ""FMOD0119"", ""FMOD0035"", ""FMOD0120"", ""FMOD0102"", ""FMOD0110"", ""FMOD0075"", ""FMOD0005"", ""FMOD0077""]",1.0,True,56.0
60,REAL_FROZEN_TEST,BALANCED,Q6K00184,60,26329,57,11.13461,"[""FMOD0004"", ""FMOD0067"", ""FMOD0113"", ""FMOD0036"", ""FMOD0110"", ""FMOD0024"", ""FMOD0043"", ""FMOD0083"", ""FMOD0035"", ""FMOD0025""]",1.0,True,57.0
60,REAL_FROZEN_TEST,BALANCED,Q6K00193,60,26329,56,11.574961,"[""FMOD0025"", ""FMOD0069"", ""FMOD0023"", ""FMOD0055"", ""FMOD0096"", ""FMOD0080"", ""FMOD0102"", ""FMOD0120"", ""FMOD0077"", ""FMOD0119""]",1.0,True,56.0
60,REAL_FROZEN_TEST,BALANCED,Q6K00195,60,26329,54,11.566612,"[""FMOD0061"", ""FMOD0083"", ""FMOD0102"", ""FMOD0091"", ""FMOD0023"", ""FMOD0035"", ""FMOD0069"", ""FMOD0119"", ""FMOD0120"", ""FMOD0036""]",1.0,True,54.0
60,REAL_FROZEN_TEST,BALANCED,Q6K00197,60,26329,47,11.12244,"[""FMOD0069"", ""FMOD0102"", ""FMOD0119"", ""FMOD0005"", ""FMOD0120"", ""FMOD0033"", ""FMOD0036"", ""FMOD0110"", ""FMOD0105"", ""FMOD0079""]",1.0,True,47.0
60,REAL_FROZEN_TEST,BALANCED,Q6K00199,60,26329,57,11.092641,"[""FMOD0067"", ""FMOD0069"", ""FMOD0102"", ""FMOD0119"", ""FMOD0120"", ""FMOD0023"", ""FMOD0036"", ""FMOD0005"", ""FMOD0110"", ""FMOD0035""]",1.0,True,57.0
60,REAL_FROZEN_TEST,BALANCED,Q6K00200,60,26329,51,11.074286,"[""FMOD0051"", ""FMOD0023"", ""FMOD0035"", ""FMOD0016"", ""FMOD0120"", ""FMOD0079"", ""FMOD0119"", ""FMOD0055"", ""FMOD0102"", ""FMOD0087""]",1.0,True,51.0
60,REAL_FROZEN_TEST,BALANCED,Q6K00201,60,26329,55,11.271122,"[""FMOD0066"", ""FMOD0055"", ""FMOD0036"", ""FMOD0102"", ""FMOD0120"", ""FMOD0096"", ""FMOD0079"", ""FMOD0017"", ""FMOD0005"", ""FMOD0119""]",1.0,True,55.0
60,REAL_FROZEN_TEST,BALANCED,Q6K00205,60,26329,52,11.384576,"[""FMOD0051"", ""FMOD0023"", ""FMOD0035"", ""FMOD0016"", ""FMOD0119"", ""FMOD0102"", ""FMOD0055"", ""FMOD0079"", ""FMOD0069"", ""FMOD0120""]",1.0,True,52.0
60,REAL_FROZEN_TEST,BALANCED,Q6K00206,60,26329,54,10.950894,"[""FMOD0016"", ""FMOD0102"", ""FMOD0031"", ""FMOD0023"", ""FMOD0035"", ""FMOD0033"", ""FMOD0051"", ""FMOD0119"", ""FMOD0091"", ""FMOD0120""]",1.0,True,54.0
60,REAL_FROZEN_TEST,BALANCED,Q6K00207,60,26329,50,11.516523,"[""FMOD0023"", ""FMOD0035"", ""FMOD0120"", ""FMOD0102"", ""FMOD0069"", ""FMOD0119"", ""FMOD0077"", ""FMOD0110"", ""FMOD0079"", ""FMOD0053""]",1.0,True,50.0
60,REAL_FROZEN_TEST,BALANCED,Q6K00208,60,26329,55,11.320364,"[""FMOD0102"", ""FMOD0079"", ""FMOD0023"", ""FMOD0055"", ""FMOD0035"", ""FMOD0036"", ""FMOD0014"", ""FMOD0091"", ""FMOD0120"", ""FMOD0043""]",1.0,True,55.0
60,REAL_FROZEN_TEST,BALANCED,Q6K00212,60,26329,56,11.402701,"[""FMOD0060"", ""FMOD0023"", ""FMOD0075"", ""FMOD0096"", ""FMOD0102"", ""FMOD0036"", ""FMOD0043"", ""FMOD0120"", ""FMOD0083"", ""FMOD0024""]",1.0,True,56.0
60,REAL_FROZEN_TEST,BALANCED,Q6K00216,60,26329,49,10.946338,"[""FMOD0016"", ""FMOD0035"", ""FMOD0023"", ""FMOD0120"", ""FMOD0079"", ""FMOD0119"", ""FMOD0102"", ""FMOD0075"", ""FMOD0069"", ""FMOD0036""]",1.0,True,49.0
60,REAL_FROZEN_TEST,BALANCED,Q6K00227,60,26329,50,11.286342,"[""FMOD0096"", ""FMOD0023"", ""FMOD0120"", ""FMOD0119"", ""FMOD0035"", ""FMOD0113"", ""FMOD0069"", ""FMOD0025"", ""FMOD0086"", ""FMOD0055""]",1.0,True,50.0
60,REAL_FROZEN_TEST,BALANCED,Q6K00232,60,26329,55,11.623267,"[""FMOD0060"", ""FMOD0023"", ""FMOD0086"", ""FMOD0043"", ""FMOD0110"", ""FMOD0044"", ""FMOD0036"", ""FMOD0075"", ""FMOD0102"", ""FMOD0120""]",1.0,True,55.0
60,REAL_FROZEN_TEST,BALANCED,Q6K00235,60,26329,49,11.547013,"[""FMOD0096"", ""FMOD0120"", ""FMOD0119"", ""FMOD0023"", ""FMOD0035"", ""FMOD0069"", ""FMOD0055"", ""FMOD0102"", ""FMOD0005"", ""FMOD0036""]",1.0,True,49.0
60,REAL_FROZEN_TEST,BALANCED,Q6K00236,60,26329,56,11.181061,"[""FMOD0036"", ""FMOD0119"", ""FMOD0079"", ""FMOD0120"", ""FMOD0086"", ""FMOD0091"", ""FMOD0102"", ""FMOD0035"", ""FMOD0083"", ""FMOD0069""]",1.0,True,56.0
60,REAL_FROZEN_TEST,BALANCED,Q6K00237,60,26329,56,11.562158,"[""FMOD0067"", ""FMOD0119"", ""FMOD0120"", ""FMOD0023"", ""FMOD0102"", ""FMOD0110"", ""FMOD0069"", ""FMOD0035"", ""FMOD0036"", ""FMOD0079""]",1.0,True,56.0
60,REAL_FROZEN_TEST,BALANCED,Q6K00240,60,26329,46,11.908418,"[""FMOD0069"", ""FMOD0110"", ""FMOD0104"", ""FMOD0035"", ""FMOD0119"", ""FMOD0043"", ""FMOD0023"", ""FMOD0102"", ""FMOD0083"", ""FMOD0120""]",1.0,True,46.0
60,REAL_FROZEN_TEST,BALANCED,Q6K00247,60,26329,57,11.528517,"[""FMOD0069"", ""FMOD0060"", ""FMOD0119"", ""FMOD0023"", ""FMOD0083"", ""FMOD0025"", ""FMOD0110"", ""FMOD0079"", ""FMOD0003"", ""FMOD0120""]",1.0,True,57.0
60,REAL_FROZEN_TEST,BALANCED,Q6K00251,60,26329,55,11.067323,"[""FMOD0044"", ""FMOD0067"", ""FMOD0119"", ""FMOD0023"", ""FMOD0120"", ""FMOD0113"", ""FMOD0086"", ""FMOD0035"", ""FMOD0102"", ""FMOD0036""]",1.0,True,55.0
60,REAL_FROZEN_TEST,BALANCED,Q6K00252,60,26329,55,11.269356,"[""FMOD0043"", ""FMOD0086"", ""FMOD0035"", ""FMOD0023"", ""FMOD0102"", ""FMOD0096"", ""FMOD0069"", ""FMOD0079"", ""FMOD0024"", ""FMOD0119""]",1.0,True,55.0
60,REAL_FROZEN_TEST,BALANCED,Q6K00258,60,26329,54,11.111966,"[""FMOD0096"", ""FMOD0001"", ""FMOD0035"", ""FMOD0120"", ""FMOD0119"", ""FMOD0069"", ""FMOD0036"", ""FMOD0110"", ""FMOD0023"", ""FMOD0077""]",1.0,True,54.0
60,REAL_FROZEN_TEST,BALANCED,Q6K00259,60,26329,54,11.061718,"[""FMOD0043"", ""FMOD0089"", ""FMOD0035"", ""FMOD0102"", ""FMOD0096"", ""FMOD0023"", ""FMOD0069"", ""FMOD0079"", ""FMOD0024"", ""FMOD0119""]",1.0,True,54.0
60,REAL_FROZEN_TEST,BALANCED,Q6K00262,60,26329,54,11.18295,"[""FMOD0069"", ""FMOD0060"", ""FMOD0023"", ""FMOD0025"", ""FMOD0055"", ""FMOD0100"", ""FMOD0102"", ""FMOD0119"", ""FMOD0120"", ""FMOD0079""]",1.0,True,54.0
60,REAL_FROZEN_TEST,BALANCED,Q6K00264,60,26329,55,11.271632,"[""FMOD0043"", ""FMOD0066"", ""FMOD0035"", ""FMOD0119"", ""FMOD0023"", ""FMOD0079"", ""FMOD0005"", ""FMOD0075"", ""FMOD0102"", ""FMOD0077""]",1.0,True,55.0
60,REAL_FROZEN_TEST,BALANCED,Q6K00267,60,26329,55,11.346215,"[""FMOD0022"", ""FMOD0069"", ""FMOD0023"", ""FMOD0055"", ""FMOD0025"", ""FMOD0100"", ""FMOD0040"", ""FMOD0035"", ""FMOD0119"", ""FMOD0102""]",1.0,True,55.0
60,REAL_FROZEN_TEST,BALANCED,Q6K00268,60,26329,53,11.8744,"[""FMOD0077"", ""FMOD0050"", ""FMOD0055"", ""FMOD0083"", ""FMOD0005"", ""FMOD0035"", ""FMOD0033"", ""FMOD0069"", ""FMOD0091"", ""FMOD0086""]",1.0,True,53.0
60,REAL_FROZEN_TEST,BALANCED,Q6K00271,60,26329,58,11.306932,"[""FMOD0086"", ""FMOD0050"", ""FMOD0044"", ""FMOD0120"", ""FMOD0036"", ""FMOD0077"", ""FMOD0069"", ""FMOD0102"", ""FMOD0005"", ""FMOD0079""]",1.0,True,58.0
60,REAL_FROZEN_TEST,BALANCED,Q6K00273,60,26329,53,11.48129,"[""FMOD0023"", ""FMOD0043"", ""FMOD0119"", ""FMOD0079"", ""FMOD0102"", ""FMOD0005"", ""FMOD0075"", ""FMOD0120"", ""FMOD0083"", ""FMOD0086""]",1.0,True,53.0
60,REAL_FROZEN_TEST,BALANCED,Q6K00274,60,26329,56,11.447039,"[""FMOD0004"", ""FMOD0044"", ""FMOD0067"", ""FMOD0113"", ""FMOD0036"", ""FMOD0110"", ""FMOD0035"", ""FMOD0024"", ""FMOD0119"", ""FMOD0120""]",1.0,True,56.0
60,REAL_FROZEN_TEST,BALANCED,Q6K00275,60,26329,57,11.781568,"[""FMOD0086"", ""FMOD0074"", ""FMOD0050"", ""FMOD0102"", ""FMOD0035"", ""FMOD0024"", ""FMOD0043"", ""FMOD0023"", ""FMOD0069"", ""FMOD0119""]",1.0,True,57.0
60,REAL_FROZEN_TEST,BALANCED,Q6K00283,60,26329,54,11.666823,"[""FMOD0036"", ""FMOD0035"", ""FMOD0023"", ""FMOD0120"", ""FMOD0119"", ""FMOD0079"", ""FMOD0102"", ""FMOD0069"", ""FMOD0017"", ""FMOD0110""]",1.0,True,54.0
60,REAL_FROZEN_TEST,BALANCED,Q6K00287,60,26329,56,11.472036,"[""FMOD0003"", ""FMOD0089"", ""FMOD0004"", ""FMOD0067"", ""FMOD0014"", ""FMOD0113"", ""FMOD0036"", ""FMOD0120"", ""FMOD0035"", ""FMOD0091""]",1.0,True,56.0
60,REAL_FROZEN_TEST,BALANCED,Q6K00293,60,26329,52,11.430388,"[""FMOD0074"", ""FMOD0043"", ""FMOD0035"", ""FMOD0023"", ""FMOD0069"", ""FMOD0102"", ""FMOD0096"", ""FMOD0079"", ""FMOD0024"", ""FMOD0119""]",1.0,True,52.0
60,REAL_FROZEN_TEST,BALANCED,Q6K00295,60,26329,55,11.114872,"[""FMOD0066"", ""FMOD0043"", ""FMOD0102"", ""FMOD0023"", ""FMOD0069"", ""FMOD0035"", ""FMOD0096"", ""FMOD0079"", ""FMOD0119"", ""FMOD0120""]",1.0,True,55.0
60,REAL_FROZEN_TEST,BALANCED,Q6K00296,60,26329,57,11.102746,"[""FMOD0060"", ""FMOD0066"", ""FMOD0102"", ""FMOD0036"", ""FMOD0055"", ""FMOD0096"", ""FMOD0110"", ""FMOD0120"", ""FMOD0035"", ""FMOD0075""]",1.0,True,57.0
60,REAL_FROZEN_TEST,BALANCED,Q6K00298,60,26329,56,11.233256,"[""FMOD0074"", ""FMOD0036"", ""FMOD0079"", ""FMOD0119"", ""FMOD0120"", ""FMOD0017"", ""FMOD0091"", ""FMOD0023"", ""FMOD0083"", ""FMOD0035""]",1.0,True,56.0
60,REAL_FROZEN_TEST,BALANCED,Q6K00299,60,26329,52,11.035822,"[""FMOD0040"", ""FMOD0089"", ""FMOD0035"", ""FMOD0079"", ""FMOD0055"", ""FMOD0023"", ""FMOD0102"", ""FMOD0119"", ""FMOD0014"", ""FMOD0051""]",1.0,True,52.0
60,REAL_FROZEN_TEST,BALANCED,Q6K00304,60,26329,55,11.065682,"[""FMOD0077"", ""FMOD0083"", ""FMOD0087"", ""FMOD0023"", ""FMOD0069"", ""FMOD0055"", ""FMOD0102"", ""FMOD0025"", ""FMOD0040"", ""FMOD0091""]",1.0,True,55.0
60,REAL_FROZEN_TEST,BALANCED,Q6K00310,60,26329,51,10.883765,"[""FMOD0074"", ""FMOD0005"", ""FMOD0022"", ""FMOD0035"", ""FMOD0053"", ""FMOD0033"", ""FMOD0023"", ""FMOD0055"", ""FMOD0102"", ""FMOD0091""]",1.0,True,51.0
60,REAL_FROZEN_TEST,BALANCED,Q6K00313,60,26329,53,11.065243,"[""FMOD0061"", ""FMOD0069"", ""FMOD0083"", ""FMOD0066"", ""FMOD0036"", ""FMOD0033"", ""FMOD0120"", ""FMOD0005"", ""FMOD0102"", ""FMOD0075""]",1.0,True,53.0
60,REAL_FROZEN_TEST,BALANCED,Q6K00317,60,26329,50,11.098219,"[""FMOD0061"", ""FMOD0089"", ""FMOD0096"", ""FMOD0036"", ""FMOD0079"", ""FMOD0035"", ""FMOD0055"", ""FMOD0083"", ""FMOD0110"", ""FMOD0005""]",1.0,True,50.0
60,REAL_FROZEN_TEST,BALANCED,Q6K00318,60,26329,55,11.664627,"[""FMOD0086"", ""FMOD0004"", ""FMOD0050"", ""FMOD0067"", ""FMOD0035"", ""FMOD0053"", ""FMOD0110"", ""FMOD0005"", ""FMOD0102"", ""FMOD0120""]",1.0,True,55.0
60,REAL_FROZEN_TEST,BALANCED,Q6K00325,60,26329,54,11.114443,"[""FMOD0086"", ""FMOD0023"", ""FMOD0050"", ""FMOD0044"", ""FMOD0035"", ""FMOD0069"", ""FMOD0043"", ""FMOD0120"", ""FMOD0079"", ""FMOD0102""]",1.0,True,54.0
60,REAL_FROZEN_TEST,BALANCED,Q6K00326,60,26329,55,11.137473,"[""FMOD0099"", ""FMOD0055"", ""FMOD0066"", ""FMOD0036"", ""FMOD0102"", ""FMOD0023"", ""FMOD0017"", ""FMOD0079"", ""FMOD0119"", ""FMOD0110""]",1.0,True,55.0
60,REAL_FROZEN_TEST,BALANCED,Q6K00327,60,26329,51,11.248497,"[""FMOD0016"", ""FMOD0051"", ""FMOD0055"", ""FMOD0075"", ""FMOD0035"", ""FMOD0077"", ""FMOD0023"", ""FMOD0036"", ""FMOD0079"", ""FMOD0033""]",1.0,True,51.0
60,REAL_FROZEN_TEST,BALANCED,Q6K00332,60,26329,58,11.933696,"[""FMOD0044"", ""FMOD0035"", ""FMOD0069"", ""FMOD0086"", ""FMOD0120"", ""FMOD0119"", ""FMOD0050"", ""FMOD0036"", ""FMOD0102"", ""FMOD0023""]",1.0,True,58.0
60,REAL_FROZEN_TEST,BALANCED,Q6K00333,60,26329,57,11.148714,"[""FMOD0069"", ""FMOD0044"", ""FMOD0011"", ""FMOD0119"", ""FMOD0083"", ""FMOD0025"", ""FMOD0079"", ""FMOD0110"", ""FMOD0035"", ""FMOD0120""]",1.0,True,57.0
60,REAL_FROZEN_TEST,BALANCED,Q6K00336,60,26329,48,11.494471,"[""FMOD0014"", ""FMOD0023"", ""FMOD0079"", ""FMOD0035"", ""FMOD0120"", ""FMOD0119"", ""FMOD0102"", ""FMOD0087"", ""FMOD0069"", ""FMOD0074""]",1.0,True,48.0
60,REAL_FROZEN_TEST,BALANCED,Q6K00338,60,26329,56,11.618354,"[""FMOD0074"", ""FMOD0067"", ""FMOD0003"", ""FMOD0119"", ""FMOD0035"", ""FMOD0004"", ""FMOD0102"", ""FMOD0110"", ""FMOD0023"", ""FMOD0024""]",1.0,True,56.0
60,REAL_FROZEN_TEST,BALANCED,Q6K00340,60,26329,55,11.332549,"[""FMOD0025"", ""FMOD0011"", ""FMOD0089"", ""FMOD0023"", ""FMOD0069"", ""FMOD0035"", ""FMOD0119"", ""FMOD0079"", ""FMOD0120"", ""FMOD0102""]",1.0,True,55.0
60,REAL_FROZEN_TEST,BALANCED,Q6K00342,60,26329,54,11.275938,"[""FMOD0087"", ""FMOD0053"", ""FMOD0023"", ""FMOD0040"", ""FMOD0069"", ""FMOD0025"", ""FMOD0096"", ""FMOD0119"", ""FMOD0083"", ""FMOD0102""]",1.0,True,54.0
60,REAL_FROZEN_TEST,BALANCED,Q6K00343,60,26329,59,11.505664,"[""FMOD0087"", ""FMOD0016"", ""FMOD0055"", ""FMOD0023"", ""FMOD0102"", ""FMOD0035"", ""FMOD0119"", ""FMOD0079"", ""FMOD0005"", ""FMOD0036""]",1.0,True,59.0
60,REAL_FROZEN_TEST,BALANCED,Q6K00344,60,26329,55,11.729239,"[""FMOD0023"", ""FMOD0025"", ""FMOD0043"", ""FMOD0069"", ""FMOD0055"", ""FMOD0035"", ""FMOD0040"", ""FMOD0119"", ""FMOD0120"", ""FMOD0036""]",1.0,True,55.0
60,REAL_FROZEN_TEST,BALANCED,Q6K00351,60,26329,56,11.624204,"[""FMOD0005"", ""FMOD0099"", ""FMOD0022"", ""FMOD0055"", ""FMOD0119"", ""FMOD0079"", ""FMOD0023"", ""FMOD0036"", ""FMOD0077"", ""FMOD0035""]",1.0,True,56.0
60,REAL_FROZEN_TEST,BALANCED,Q6K00355,60,26329,52,11.397551,"[""FMOD0043"", ""FMOD0023"", ""FMOD0035"", ""FMOD0077"", ""FMOD0016"", ""FMOD0102"", ""FMOD0119"", ""FMOD0069"", ""FMOD0120"", ""FMOD0110""]",1.0,True,52.0
60,REAL_FROZEN_TEST,BALANCED,Q6K00359,60,26329,57,11.269582,"[""FMOD0086"", ""FMOD0087"", ""FMOD0044"", ""FMOD0102"", ""FMOD0079"", ""FMOD0036"", ""FMOD0051"", ""FMOD0069"", ""FMOD0055"", ""FMOD0119""]",1.0,True,57.0
60,REAL_FROZEN_TEST,BALANCED,Q6K00360,60,26329,54,11.034851,"[""FMOD0066"", ""FMOD0060"", ""FMOD0043"", ""FMOD0035"", ""FMOD0055"", ""FMOD0023"", ""FMOD0119"", ""FMOD0036"", ""FMOD0040"", ""FMOD0120""]",1.0,True,54.0
60,REAL_FROZEN_TEST,BALANCED,Q6K00363,60,26329,55,11.078927,"[""FMOD0066"", ""FMOD0102"", ""FMOD0119"", ""FMOD0069"", ""FMOD0120"", ""FMOD0035"", ""FMOD0023"", ""FMOD0036"", ""FMOD0079"", ""FMOD0005""]",1.0,True,55.0
60,REAL_FROZEN_TEST,BALANCED,Q6K00365,60,26329,51,10.914366,"[""FMOD0087"", ""FMOD0035"", ""FMOD0023"", ""FMOD0119"", ""FMOD0016"", ""FMOD0055"", ""FMOD0036"", ""FMOD0102"", ""FMOD0079"", ""FMOD0077""]",1.0,True,51.0
60,REAL_FROZEN_TEST,BALANCED,Q6K00372,60,26329,52,11.082411,"[""FMOD0023"", ""FMOD0035"", ""FMOD0016"", ""FMOD0051"", ""FMOD0119"", ""FMOD0102"", ""FMOD0069"", ""FMOD0120"", ""FMOD0055"", ""FMOD0036""]",1.0,True,52.0
60,REAL_FROZEN_TEST,BALANCED,Q6K00375,60,26329,53,12.242964,"[""FMOD0099"", ""FMOD0023"", ""FMOD0069"", ""FMOD0025"", ""FMOD0055"", ""FMOD0083"", ""FMOD0119"", ""FMOD0035"", ""FMOD0102"", ""FMOD0120""]",1.0,True,53.0
60,REAL_FROZEN_TEST,BALANCED,Q6K00377,60,26329,55,11.334705,"[""FMOD0022"", ""FMOD0023"", ""FMOD0069"", ""FMOD0055"", ""FMOD0025"", ""FMOD0100"", ""FMOD0119"", ""FMOD0035"", ""FMOD0036"", ""FMOD0102""]",1.0,True,55.0
60,REAL_FROZEN_TEST,BALANCED,Q6K00378,60,26329,56,11.294409,"[""FMOD0023"", ""FMOD0055"", ""FMOD0083"", ""FMOD0025"", ""FMOD0079"", ""FMOD0119"", ""FMOD0102"", ""FMOD0120"", ""FMOD0005"", ""FMOD0024""]",1.0,True,56.0
60,REAL_FROZEN_TEST,BALANCED,Q6K00380,60,26329,54,11.093782,"[""FMOD0023"", ""FMOD0035"", ""FMOD0119"", ""FMOD0102"", ""FMOD0110"", ""FMOD0036"", ""FMOD0120"", ""FMOD0077"", ""FMOD0005"", ""FMOD0075""]",1.0,True,54.0
60,REAL_FROZEN_TEST,BALANCED,Q6K00384,60,26329,52,10.934902,"[""FMOD0083"", ""FMOD0069"", ""FMOD0086"", ""FMOD0035"", ""FMOD0120"", ""FMOD0119"", ""FMOD0005"", ""FMOD0055"", ""FMOD0036"", ""FMOD0079""]",1.0,True,52.0
60,REAL_FROZEN_TEST,BALANCED,Q6K00389,60,26329,51,12.376781,"[""FMOD0055"", ""FMOD0023"", ""FMOD0035"", ""FMOD0079"", ""FMOD0119"", ""FMOD0102"", ""FMOD0120"", ""FMOD0069"", ""FMOD0067"", ""FMOD0087""]",1.0,True,51.0
60,REAL_FROZEN_TEST,BALANCED,Q6K00390,60,26329,55,11.151599,"[""FMOD0023"", ""FMOD0102"", ""FMOD0119"", ""FMOD0120"", ""FMOD0069"", ""FMOD0035"", ""FMOD0079"", ""FMOD0022"", ""FMOD0110"", ""FMOD0073""]",1.0,True,55.0
60,REAL_FROZEN_TEST,BALANCED,Q6K00393,60,26329,56,11.147838,"[""FMOD0023"", ""FMOD0102"", ""FMOD0119"", ""FMOD0120"", ""FMOD0036"", ""FMOD0035"", ""FMOD0053"", ""FMOD0113"", ""FMOD0024"", ""FMOD0110""]",1.0,True,56.0
60,REAL_FROZEN_TEST,BALANCED,Q6K00395,60,26329,56,11.397876,"[""FMOD0053"", ""FMOD0069"", ""FMOD0035"", ""FMOD0023"", ""FMOD0119"", ""FMOD0036"", ""FMOD0004"", ""FMOD0067"", ""FMOD0083"", ""FMOD0025""]",1.0,True,56.0
60,REAL_FROZEN_TEST,BALANCED,Q6K00396,60,26329,54,11.001003,"[""FMOD0066"", ""FMOD0035"", ""FMOD0023"", ""FMOD0051"", ""FMOD0119"", ""FMOD0102"", ""FMOD0036"", ""FMOD0055"", ""FMOD0120"", ""FMOD0077""]",1.0,True,54.0
60,REAL_FROZEN_TEST,BALANCED,Q6K00400,60,26329,56,11.241856,"[""FMOD0023"", ""FMOD0025"", ""FMOD0035"", ""FMOD0069"", ""FMOD0055"", ""FMOD0100"", ""FMOD0036"", ""FMOD0031"", ""FMOD0120"", ""FMOD0102""]",1.0,True,56.0
60,REAL_FROZEN_TEST,BALANCED,Q6K00403,60,26329,52,11.313393,"[""FMOD0035"", ""FMOD0033"", ""FMOD0119"", ""FMOD0120"", ""FMOD0024"", ""FMOD0080"", ""FMOD0102"", ""FMOD0105"", ""FMOD0005"", ""FMOD0091""]",1.0,True,52.0
60,REAL_FROZEN_TEST,BALANCED,Q6K00405,60,26329,55,11.101111,"[""FMOD0016"", ""FMOD0102"", ""FMOD0031"", ""FMOD0023"", ""FMOD0035"", ""FMOD0033"", ""FMOD0079"", ""FMOD0022"", ""FMOD0051"", ""FMOD0014""]",1.0,True,55.0
60,REAL_FROZEN_TEST,BALANCED,Q6K00407,60,26329,52,10.904587,"[""FMOD0005"", ""FMOD0120"", ""FMOD0069"", ""FMOD0102"", ""FMOD0119"", ""FMOD0079"", ""FMOD0023"", ""FMOD0104"", ""FMOD0033"", ""FMOD0110""]",1.0,True,52.0
60,REAL_FROZEN_TEST,BALANCED,Q6K00410,60,26329,54,11.136815,"[""FMOD0005"", ""FMOD0023"", ""FMOD0035"", ""FMOD0055"", ""FMOD0089"", ""FMOD0024"", ""FMOD0113"", ""FMOD0120"", ""FMOD0110"", ""FMOD0079""]",1.0,True,54.0
60,REAL_FROZEN_TEST,BALANCED,Q6K00417,60,26329,56,11.140671,"[""FMOD0051"", ""FMOD0102"", ""FMOD0035"", ""FMOD0086"", ""FMOD0005"", ""FMOD0075"", ""FMOD0036"", ""FMOD0096"", ""FMOD0120"", ""FMOD0069""]",1.0,True,56.0
60,REAL_FROZEN_TEST,BALANCED,Q6K00420,60,26329,56,11.113468,"[""FMOD0036"", ""FMOD0004"", ""FMOD0067"", ""FMOD0119"", ""FMOD0035"", ""FMOD0079"", ""FMOD0120"", ""FMOD0023"", ""FMOD0055"", ""FMOD0005""]",1.0,True,56.0
60,REAL_FROZEN_TEST,BALANCED,Q6K00422,60,26329,55,11.207922,"[""FMOD0053"", ""FMOD0083"", ""FMOD0035"", ""FMOD0023"", ""FMOD0051"", ""FMOD0036"", ""FMOD0079"", ""FMOD0102"", ""FMOD0120"", ""FMOD0110""]",1.0,True,55.0
60,REAL_FROZEN_TEST,BALANCED,Q6K00423,60,26329,57,11.252494,"[""FMOD0061"", ""FMOD0004"", ""FMOD0086"", ""FMOD0035"", ""FMOD0033"", ""FMOD0014"", ""FMOD0102"", ""FMOD0119"", ""FMOD0120"", ""FMOD0096""]",1.0,True,57.0
60,REAL_FROZEN_TEST,BALANCED,Q6K00424,60,26329,52,11.616393,"[""FMOD0053"", ""FMOD0102"", ""FMOD0023"", ""FMOD0035"", ""FMOD0077"", ""FMOD0069"", ""FMOD0033"", ""FMOD0113"", ""FMOD0119"", ""FMOD0025""]",1.0,True,52.0
60,REAL_FROZEN_TEST,BALANCED,Q6K00427,60,26329,53,10.924427,"[""FMOD0005"", ""FMOD0035"", ""FMOD0055"", ""FMOD0043"", ""FMOD0011"", ""FMOD0102"", ""FMOD0023"", ""FMOD0069"", ""FMOD0119"", ""FMOD0036""]",1.0,True,53.0
60,REAL_FROZEN_TEST,BALANCED,Q6K00435,60,26329,56,11.637145,"[""FMOD0099"", ""FMOD0069"", ""FMOD0119"", ""FMOD0023"", ""FMOD0035"", ""FMOD0102"", ""FMOD0120"", ""FMOD0110"", ""FMOD0077"", ""FMOD0079""]",1.0,True,56.0
60,REAL_FROZEN_TEST,BALANCED,Q6K00436,60,26329,58,11.361145,"[""FMOD0099"", ""FMOD0044"", ""FMOD0035"", ""FMOD0023"", ""FMOD0119"", ""FMOD0036"", ""FMOD0120"", ""FMOD0069"", ""FMOD0077"", ""FMOD0102""]",1.0,True,58.0
60,REAL_FROZEN_TEST,BALANCED,Q6K00438,60,26329,51,11.140914,"[""FMOD0022"", ""FMOD0055"", ""FMOD0023"", ""FMOD0102"", ""FMOD0069"", ""FMOD0110"", ""FMOD0120"", ""FMOD0079"", ""FMOD0119"", ""FMOD0036""]",1.0,True,51.0
60,REAL_FROZEN_TEST,BALANCED,Q6K00442,60,26329,49,11.469831,"[""FMOD0087"", ""FMOD0035"", ""FMOD0120"", ""FMOD0102"", ""FMOD0079"", ""FMOD0119"", ""FMOD0110"", ""FMOD0005"", ""FMOD0036"", ""FMOD0055""]",1.0,True,49.0
60,REAL_FROZEN_TEST,BALANCED,Q6K00443,60,26329,55,10.910539,"[""FMOD0035"", ""FMOD0011"", ""FMOD0023"", ""FMOD0119"", ""FMOD0102"", ""FMOD0079"", ""FMOD0060"", ""FMOD0069"", ""FMOD0077"", ""FMOD0055""]",1.0,True,55.0
60,REAL_FROZEN_TEST,BALANCED,Q6K00444,60,26329,55,12.761146,"[""FMOD0003"", ""FMOD0022"", ""FMOD0069"", ""FMOD0120"", ""FMOD0119"", ""FMOD0079"", ""FMOD0005"", ""FMOD0102"", ""FMOD0067"", ""FMOD0036""]",1.0,True,55.0
60,REAL_FROZEN_TEST,BALANCED,Q6K00446,60,26329,54,11.79286,"[""FMOD0067"", ""FMOD0060"", ""FMOD0035"", ""FMOD0023"", ""FMOD0022"", ""FMOD0119"", ""FMOD0102"", ""FMOD0120"", ""FMOD0110"", ""FMOD0036""]",1.0,True,54.0
60,REAL_FROZEN_TEST,BALANCED,Q6K00453,60,26329,56,11.007833,"[""FMOD0044"", ""FMOD0079"", ""FMOD0119"", ""FMOD0023"", ""FMOD0102"", ""FMOD0120"", ""FMOD0035"", ""FMOD0083"", ""FMOD0110"", ""FMOD0069""]",1.0,True,56.0
60,REAL_FROZEN_TEST,BALANCED,Q6K00456,60,26329,55,11.125723,"[""FMOD0004"", ""FMOD0016"", ""FMOD0067"", ""FMOD0113"", ""FMOD0036"", ""FMOD0023"", ""FMOD0035"", ""FMOD0079"", ""FMOD0077"", ""FMOD0119""]",1.0,True,55.0
60,REAL_FROZEN_TEST,BALANCED,Q6K00458,60,26329,51,11.003045,"[""FMOD0079"", ""FMOD0023"", ""FMOD0016"", ""FMOD0035"", ""FMOD0102"", ""FMOD0119"", ""FMOD0120"", ""FMOD0077"", ""FMOD0036"", ""FMOD0110""]",1.0,True,51.0
60,REAL_FROZEN_TEST,BALANCED,Q6K00461,60,26329,55,11.218066,"[""FMOD0001"", ""FMOD0003"", ""FMOD0089"", ""FMOD0035"", ""FMOD0051"", ""FMOD0120"", ""FMOD0023"", ""FMOD0119"", ""FMOD0036"", ""FMOD0069""]",1.0,True,55.0
60,REAL_FROZEN_TEST,BALANCED,Q6K00465,60,26329,58,11.134481,"[""FMOD0083"", ""FMOD0096"", ""FMOD0023"", ""FMOD0036"", ""FMOD0110"", ""FMOD0119"", ""FMOD0035"", ""FMOD0005"", ""FMOD0120"", ""FMOD0102""]",1.0,True,58.0
60,REAL_FROZEN_TEST,BALANCED,Q6K00470,60,26329,53,11.306782,"[""FMOD0060"", ""FMOD0102"", ""FMOD0061"", ""FMOD0120"", ""FMOD0119"", ""FMOD0069"", ""FMOD0035"", ""FMOD0079"", ""FMOD0031"", ""FMOD0110""]",1.0,True,53.0
60,REAL_FROZEN_TEST,BALANCED,Q6K00471,60,26329,56,11.434336,"[""FMOD0025"", ""FMOD0099"", ""FMOD0024"", ""FMOD0014"", ""FMOD0005"", ""FMOD0113"", ""FMOD0083"", ""FMOD0120"", ""FMOD0023"", ""FMOD0069""]",1.0,True,56.0
60,REAL_FROZEN_TEST,BALANCED,Q6K00473,60,26329,58,11.351417,"[""FMOD0086"", ""FMOD0079"", ""FMOD0036"", ""FMOD0083"", ""FMOD0119"", ""FMOD0004"", ""FMOD0024"", ""FMOD0067"", ""FMOD0023"", ""FMOD0025""]",1.0,True,58.0
60,REAL_FROZEN_TEST,BALANCED,Q6K00479,60,26329,54,11.06702,"[""FMOD0066"", ""FMOD0022"", ""FMOD0023"", ""FMOD0035"", ""FMOD0079"", ""FMOD0036"", ""FMOD0055"", ""FMOD0102"", ""FMOD0119"", ""FMOD0005""]",1.0,True,54.0
60,REAL_FROZEN_TEST,BALANCED,Q6K00481,60,26329,55,11.07853,"[""FMOD0035"", ""FMOD0023"", ""FMOD0051"", ""FMOD0119"", ""FMOD0102"", ""FMOD0120"", ""FMOD0036"", ""FMOD0079"", ""FMOD0083"", ""FMOD0069""]",1.0,True,55.0
60,REAL_FROZEN_TEST,BALANCED,Q6K00484,60,26329,49,12.14516,"[""FMOD0035"", ""FMOD0023"", ""FMOD0119"", ""FMOD0120"", ""FMOD0036"", ""FMOD0069"", ""FMOD0051"", ""FMOD0079"", ""FMOD0102"", ""FMOD0005""]",1.0,True,49.0
60,REAL_FROZEN_TEST,BALANCED,Q6K00485,60,26329,55,11.372326,"[""FMOD0069"", ""FMOD0035"", ""FMOD0023"", ""FMOD0119"", ""FMOD0036"", ""FMOD0067"", ""FMOD0004"", ""FMOD0083"", ""FMOD0025"", ""FMOD0053""]",1.0,True,55.0
60,REAL_FROZEN_TEST,BALANCED,Q6K00489,60,26329,55,11.232261,"[""FMOD0080"", ""FMOD0086"", ""FMOD0015"", ""FMOD0119"", ""FMOD0023"", ""FMOD0102"", ""FMOD0110"", ""FMOD0069"", ""FMOD0120"", ""FMOD0055""]",1.0,True,55.0
60,REAL_FROZEN_TEST,BALANCED,Q6K00495,60,26329,59,11.575967,"[""FMOD0083"", ""FMOD0096"", ""FMOD0023"", ""FMOD0119"", ""FMOD0035"", ""FMOD0110"", ""FMOD0069"", ""FMOD0036"", ""FMOD0079"", ""FMOD0102""]",1.0,True,59.0
60,REAL_FROZEN_TEST,BALANCED,Q6K00498,60,26329,56,12.052577,"[""FMOD0023"", ""FMOD0055"", ""FMOD0069"", ""FMOD0025"", ""FMOD0100"", ""FMOD0102"", ""FMOD0035"", ""FMOD0036"", ""FMOD0119"", ""FMOD0120""]",1.0,True,56.0
60,REAL_FROZEN_TEST,BALANCED,Q6K00507,60,26329,53,10.888097,"[""FMOD0023"", ""FMOD0035"", ""FMOD0016"", ""FMOD0119"", ""FMOD0120"", ""FMOD0069"", ""FMOD0113"", ""FMOD0079"", ""FMOD0102"", ""FMOD0055""]",1.0,True,53.0
60,REAL_FROZEN_TEST,BALANCED,Q6K00511,60,26329,55,10.966916,"[""FMOD0055"", ""FMOD0083"", ""FMOD0025"", ""FMOD0079"", ""FMOD0119"", ""FMOD0102"", ""FMOD0120"", ""FMOD0023"", ""FMOD0069"", ""FMOD0005""]",1.0,True,55.0
60,REAL_FROZEN_TEST,BALANCED,Q6K00512,60,26329,56,11.171459,"[""FMOD0035"", ""FMOD0023"", ""FMOD0119"", ""FMOD0110"", ""FMOD0036"", ""FMOD0060"", ""FMOD0083"", ""FMOD0031"", ""FMOD0033"", ""FMOD0005""]",1.0,True,56.0
60,REAL_FROZEN_TEST,BALANCED,Q6K00513,60,26329,58,11.171234,"[""FMOD0110"", ""FMOD0023"", ""FMOD0083"", ""FMOD0119"", ""FMOD0036"", ""FMOD0024"", ""FMOD0025"", ""FMOD0067"", ""FMOD0004"", ""FMOD0035""]",1.0,True,58.0
60,REAL_FROZEN_TEST,BALANCED,Q6K00517,60,26329,51,11.115328,"[""FMOD0023"", ""FMOD0119"", ""FMOD0102"", ""FMOD0022"", ""FMOD0051"", ""FMOD0035"", ""FMOD0120"", ""FMOD0036"", ""FMOD0110"", ""FMOD0079""]",1.0,True,51.0
60,REAL_FROZEN_TEST,BALANCED,Q6K00518,60,26329,54,11.076456,"[""FMOD0035"", ""FMOD0102"", ""FMOD0119"", ""FMOD0110"", ""FMOD0096"", ""FMOD0069"", ""FMOD0033"", ""FMOD0083"", ""FMOD0086"", ""FMOD0120""]",1.0,True,54.0
60,REAL_FROZEN_TEST,BALANCED,Q6K00523,60,26329,52,11.363256,"[""FMOD0035"", ""FMOD0023"", ""FMOD0119"", ""FMOD0102"", ""FMOD0051"", ""FMOD0120"", ""FMOD0036"", ""FMOD0110"", ""FMOD0079"", ""FMOD0087""]",1.0,True,52.0
60,REAL_FROZEN_TEST,BALANCED,Q6K00528,60,26329,55,11.656284,"[""FMOD0035"", ""FMOD0023"", ""FMOD0051"", ""FMOD0079"", ""FMOD0119"", ""FMOD0005"", ""FMOD0102"", ""FMOD0055"", ""FMOD0083"", ""FMOD0036""]",1.0,True,55.0
60,REAL_FROZEN_TEST,BALANCED,Q6K00530,60,26329,53,11.390797,"[""FMOD0069"", ""FMOD0035"", ""FMOD0023"", ""FMOD0119"", ""FMOD0036"", ""FMOD0067"", ""FMOD0004"", ""FMOD0083"", ""FMOD0025"", ""FMOD0053""]",1.0,True,53.0
60,REAL_FROZEN_TEST,BALANCED,Q6K00531,60,26329,51,11.112118,"[""FMOD0035"", ""FMOD0023"", ""FMOD0119"", ""FMOD0102"", ""FMOD0110"", ""FMOD0079"", ""FMOD0051"", ""FMOD0036"", ""FMOD0120"", ""FMOD0069""]",1.0,True,51.0
60,REAL_FROZEN_TEST,BALANCED,Q6K00533,60,26329,56,11.213955,"[""FMOD0119"", ""FMOD0023"", ""FMOD0110"", ""FMOD0036"", ""FMOD0069"", ""FMOD0120"", ""FMOD0102"", ""FMOD0035"", ""FMOD0055"", ""FMOD0079""]",1.0,True,56.0
60,REAL_FROZEN_TEST,BALANCED,Q6K00535,60,26329,55,10.012818,"[""FMOD0035"", ""FMOD0102"", ""FMOD0069"", ""FMOD0036"", ""FMOD0079"", ""FMOD0120"", ""FMOD0119"", ""FMOD0110"", ""FMOD0023"", ""FMOD0104""]",1.0,True,55.0
60,REAL_FROZEN_TEST,BALANCED,Q6K00537,60,26329,56,11.092108,"[""FMOD0023"", ""FMOD0055"", ""FMOD0069"", ""FMOD0025"", ""FMOD0100"", ""FMOD0119"", ""FMOD0036"", ""FMOD0035"", ""FMOD0102"", ""FMOD0120""]",1.0,True,56.0
60,REAL_FROZEN_TEST,BALANCED,Q6K00538,60,26329,53,11.01964,"[""FMOD0055"", ""FMOD0023"", ""FMOD0069"", ""FMOD0025"", ""FMOD0100"", ""FMOD0035"", ""FMOD0079"", ""FMOD0119"", ""FMOD0120"", ""FMOD0036""]",1.0,True,53.0
60,REAL_FROZEN_TEST,HIGH_RECALL,Q6K00183,60,26329,60,11.519332,"[""FMOD0023"", ""FMOD0036"", ""FMOD0119"", ""FMOD0035"", ""FMOD0120"", ""FMOD0102"", ""FMOD0110"", ""FMOD0075"", ""FMOD0005"", ""FMOD0077""]",1.0,True,60.0
60,REAL_FROZEN_TEST,HIGH_RECALL,Q6K00184,60,26329,59,11.406144,"[""FMOD0004"", ""FMOD0067"", ""FMOD0113"", ""FMOD0036"", ""FMOD0110"", ""FMOD0024"", ""FMOD0043"", ""FMOD0083"", ""FMOD0035"", ""FMOD0025""]",1.0,True,59.0
60,REAL_FROZEN_TEST,HIGH_RECALL,Q6K00193,60,26329,60,11.075163,"[""FMOD0025"", ""FMOD0069"", ""FMOD0023"", ""FMOD0055"", ""FMOD0096"", ""FMOD0080"", ""FMOD0102"", ""FMOD0120"", ""FMOD0077"", ""FMOD0119""]",1.0,True,60.0
60,REAL_FROZEN_TEST,HIGH_RECALL,Q6K00195,60,26329,59,11.547122,"[""FMOD0061"", ""FMOD0083"", ""FMOD0102"", ""FMOD0091"", ""FMOD0023"", ""FMOD0035"", ""FMOD0069"", ""FMOD0119"", ""FMOD0120"", ""FMOD0036""]",1.0,True,59.0
60,REAL_FROZEN_TEST,HIGH_RECALL,Q6K00197,60,26329,60,11.130533,"[""FMOD0069"", ""FMOD0102"", ""FMOD0119"", ""FMOD0005"", ""FMOD0120"", ""FMOD0033"", ""FMOD0036"", ""FMOD0110"", ""FMOD0105"", ""FMOD0079""]",1.0,True,60.0
60,REAL_FROZEN_TEST,HIGH_RECALL,Q6K00199,60,26329,60,11.349436,"[""FMOD0067"", ""FMOD0069"", ""FMOD0102"", ""FMOD0119"", ""FMOD0120"", ""FMOD0023"", ""FMOD0036"", ""FMOD0005"", ""FMOD0110"", ""FMOD0035""]",1.0,True,60.0
60,REAL_FROZEN_TEST,HIGH_RECALL,Q6K00200,60,26329,59,11.232195,"[""FMOD0051"", ""FMOD0023"", ""FMOD0035"", ""FMOD0016"", ""FMOD0120"", ""FMOD0079"", ""FMOD0119"", ""FMOD0055"", ""FMOD0102"", ""FMOD0087""]",1.0,True,59.0
60,REAL_FROZEN_TEST,HIGH_RECALL,Q6K00201,60,26329,60,11.504271,"[""FMOD0066"", ""FMOD0055"", ""FMOD0036"", ""FMOD0102"", ""FMOD0120"", ""FMOD0096"", ""FMOD0079"", ""FMOD0017"", ""FMOD0005"", ""FMOD0119""]",1.0,True,60.0
60,REAL_FROZEN_TEST,HIGH_RECALL,Q6K00205,60,26329,60,11.300868,"[""FMOD0051"", ""FMOD0023"", ""FMOD0035"", ""FMOD0016"", ""FMOD0119"", ""FMOD0102"", ""FMOD0055"", ""FMOD0079"", ""FMOD0069"", ""FMOD0120""]",1.0,True,60.0
60,REAL_FROZEN_TEST,HIGH_RECALL,Q6K00206,60,26329,60,11.131298,"[""FMOD0016"", ""FMOD0102"", ""FMOD0031"", ""FMOD0023"", ""FMOD0035"", ""FMOD0033"", ""FMOD0051"", ""FMOD0119"", ""FMOD0091"", ""FMOD0120""]",1.0,True,60.0
60,REAL_FROZEN_TEST,HIGH_RECALL,Q6K00207,60,26329,59,11.046594,"[""FMOD0023"", ""FMOD0035"", ""FMOD0120"", ""FMOD0102"", ""FMOD0069"", ""FMOD0119"", ""FMOD0077"", ""FMOD0110"", ""FMOD0079"", ""FMOD0053""]",1.0,True,59.0
60,REAL_FROZEN_TEST,HIGH_RECALL,Q6K00208,60,26329,60,11.31802,"[""FMOD0102"", ""FMOD0079"", ""FMOD0023"", ""FMOD0055"", ""FMOD0035"", ""FMOD0036"", ""FMOD0014"", ""FMOD0091"", ""FMOD0120"", ""FMOD0043""]",1.0,True,60.0
60,REAL_FROZEN_TEST,HIGH_RECALL,Q6K00212,60,26329,59,11.411476,"[""FMOD0060"", ""FMOD0023"", ""FMOD0075"", ""FMOD0096"", ""FMOD0102"", ""FMOD0036"", ""FMOD0043"", ""FMOD0120"", ""FMOD0083"", ""FMOD0024""]",1.0,True,59.0
60,REAL_FROZEN_TEST,HIGH_RECALL,Q6K00216,60,26329,59,11.277574,"[""FMOD0016"", ""FMOD0035"", ""FMOD0023"", ""FMOD0120"", ""FMOD0079"", ""FMOD0119"", ""FMOD0102"", ""FMOD0075"", ""FMOD0069"", ""FMOD0036""]",1.0,True,59.0
60,REAL_FROZEN_TEST,HIGH_RECALL,Q6K00227,60,26329,59,11.094834,"[""FMOD0096"", ""FMOD0023"", ""FMOD0120"", ""FMOD0119"", ""FMOD0035"", ""FMOD0113"", ""FMOD0069"", ""FMOD0025"", ""FMOD0086"", ""FMOD0055""]",1.0,True,59.0
60,REAL_FROZEN_TEST,HIGH_RECALL,Q6K00232,60,26329,60,11.501147,"[""FMOD0060"", ""FMOD0023"", ""FMOD0086"", ""FMOD0043"", ""FMOD0110"", ""FMOD0044"", ""FMOD0036"", ""FMOD0075"", ""FMOD0102"", ""FMOD0120""]",1.0,True,60.0
60,REAL_FROZEN_TEST,HIGH_RECALL,Q6K00235,60,26329,59,11.411486,"[""FMOD0096"", ""FMOD0120"", ""FMOD0119"", ""FMOD0023"", ""FMOD0035"", ""FMOD0069"", ""FMOD0055"", ""FMOD0102"", ""FMOD0005"", ""FMOD0036""]",1.0,True,59.0
60,REAL_FROZEN_TEST,HIGH_RECALL,Q6K00236,60,26329,59,11.439634,"[""FMOD0036"", ""FMOD0119"", ""FMOD0079"", ""FMOD0120"", ""FMOD0086"", ""FMOD0091"", ""FMOD0102"", ""FMOD0035"", ""FMOD0083"", ""FMOD0069""]",1.0,True,59.0
60,REAL_FROZEN_TEST,HIGH_RECALL,Q6K00237,60,26329,60,12.645729,"[""FMOD0067"", ""FMOD0119"", ""FMOD0120"", ""FMOD0023"", ""FMOD0102"", ""FMOD0110"", ""FMOD0069"", ""FMOD0035"", ""FMOD0036"", ""FMOD0079""]",1.0,True,60.0
60,REAL_FROZEN_TEST,HIGH_RECALL,Q6K00240,60,26329,60,11.931,"[""FMOD0069"", ""FMOD0110"", ""FMOD0104"", ""FMOD0035"", ""FMOD0119"", ""FMOD0043"", ""FMOD0023"", ""FMOD0102"", ""FMOD0083"", ""FMOD0120""]",1.0,True,60.0
60,REAL_FROZEN_TEST,HIGH_RECALL,Q6K00247,60,26329,60,11.474549,"[""FMOD0069"", ""FMOD0060"", ""FMOD0119"", ""FMOD0023"", ""FMOD0083"", ""FMOD0025"", ""FMOD0110"", ""FMOD0079"", ""FMOD0003"", ""FMOD0120""]",1.0,True,60.0
60,REAL_FROZEN_TEST,HIGH_RECALL,Q6K00251,60,26329,60,11.453545,"[""FMOD0044"", ""FMOD0067"", ""FMOD0119"", ""FMOD0023"", ""FMOD0120"", ""FMOD0113"", ""FMOD0086"", ""FMOD0035"", ""FMOD0102"", ""FMOD0036""]",1.0,True,60.0
60,REAL_FROZEN_TEST,HIGH_RECALL,Q6K00252,60,26329,59,11.612006,"[""FMOD0043"", ""FMOD0086"", ""FMOD0035"", ""FMOD0023"", ""FMOD0102"", ""FMOD0096"", ""FMOD0069"", ""FMOD0079"", ""FMOD0024"", ""FMOD0119""]",1.0,True,59.0
60,REAL_FROZEN_TEST,HIGH_RECALL,Q6K00258,60,26329,60,11.292622,"[""FMOD0096"", ""FMOD0001"", ""FMOD0035"", ""FMOD0120"", ""FMOD0119"", ""FMOD0069"", ""FMOD0036"", ""FMOD0110"", ""FMOD0023"", ""FMOD0077""]",1.0,True,60.0
60,REAL_FROZEN_TEST,HIGH_RECALL,Q6K00259,60,26329,59,11.421938,"[""FMOD0043"", ""FMOD0089"", ""FMOD0035"", ""FMOD0102"", ""FMOD0096"", ""FMOD0023"", ""FMOD0069"", ""FMOD0079"", ""FMOD0024"", ""FMOD0119""]",1.0,True,59.0
60,REAL_FROZEN_TEST,HIGH_RECALL,Q6K00262,60,26329,60,11.565577,"[""FMOD0069"", ""FMOD0060"", ""FMOD0023"", ""FMOD0025"", ""FMOD0055"", ""FMOD0100"", ""FMOD0102"", ""FMOD0119"", ""FMOD0120"", ""FMOD0079""]",1.0,True,60.0
60,REAL_FROZEN_TEST,HIGH_RECALL,Q6K00264,60,26329,60,11.660879,"[""FMOD0043"", ""FMOD0066"", ""FMOD0035"", ""FMOD0119"", ""FMOD0023"", ""FMOD0079"", ""FMOD0005"", ""FMOD0075"", ""FMOD0102"", ""FMOD0077""]",1.0,True,60.0
60,REAL_FROZEN_TEST,HIGH_RECALL,Q6K00267,60,26329,60,11.164183,"[""FMOD0022"", ""FMOD0069"", ""FMOD0023"", ""FMOD0055"", ""FMOD0025"", ""FMOD0100"", ""FMOD0040"", ""FMOD0035"", ""FMOD0119"", ""FMOD0102""]",1.0,True,60.0
60,REAL_FROZEN_TEST,HIGH_RECALL,Q6K00268,60,26329,58,11.388029,"[""FMOD0077"", ""FMOD0050"", ""FMOD0055"", ""FMOD0083"", ""FMOD0005"", ""FMOD0035"", ""FMOD0033"", ""FMOD0069"", ""FMOD0091"", ""FMOD0086""]",1.0,True,58.0
60,REAL_FROZEN_TEST,HIGH_RECALL,Q6K00271,60,26329,59,11.530818,"[""FMOD0086"", ""FMOD0050"", ""FMOD0044"", ""FMOD0120"", ""FMOD0036"", ""FMOD0077"", ""FMOD0069"", ""FMOD0102"", ""FMOD0005"", ""FMOD0079""]",1.0,True,59.0
60,REAL_FROZEN_TEST,HIGH_RECALL,Q6K00273,60,26329,59,11.474005,"[""FMOD0023"", ""FMOD0043"", ""FMOD0119"", ""FMOD0079"", ""FMOD0102"", ""FMOD0005"", ""FMOD0075"", ""FMOD0120"", ""FMOD0083"", ""FMOD0086""]",1.0,True,59.0
60,REAL_FROZEN_TEST,HIGH_RECALL,Q6K00274,60,26329,60,11.090331,"[""FMOD0004"", ""FMOD0044"", ""FMOD0067"", ""FMOD0113"", ""FMOD0036"", ""FMOD0110"", ""FMOD0035"", ""FMOD0024"", ""FMOD0119"", ""FMOD0120""]",1.0,True,60.0
60,REAL_FROZEN_TEST,HIGH_RECALL,Q6K00275,60,26329,58,11.949491,"[""FMOD0086"", ""FMOD0074"", ""FMOD0050"", ""FMOD0102"", ""FMOD0035"", ""FMOD0024"", ""FMOD0043"", ""FMOD0023"", ""FMOD0069"", ""FMOD0119""]",1.0,True,58.0
60,REAL_FROZEN_TEST,HIGH_RECALL,Q6K00283,60,26329,59,12.291688,"[""FMOD0036"", ""FMOD0035"", ""FMOD0023"", ""FMOD0120"", ""FMOD0119"", ""FMOD0079"", ""FMOD0102"", ""FMOD0069"", ""FMOD0017"", ""FMOD0110""]",1.0,True,59.0
60,REAL_FROZEN_TEST,HIGH_RECALL,Q6K00287,60,26329,60,11.060702,"[""FMOD0003"", ""FMOD0089"", ""FMOD0004"", ""FMOD0067"", ""FMOD0014"", ""FMOD0113"", ""FMOD0036"", ""FMOD0120"", ""FMOD0035"", ""FMOD0091""]",1.0,True,60.0
60,REAL_FROZEN_TEST,HIGH_RECALL,Q6K00293,60,26329,60,11.090529,"[""FMOD0074"", ""FMOD0043"", ""FMOD0035"", ""FMOD0023"", ""FMOD0069"", ""FMOD0102"", ""FMOD0096"", ""FMOD0079"", ""FMOD0024"", ""FMOD0119""]",1.0,True,60.0
60,REAL_FROZEN_TEST,HIGH_RECALL,Q6K00295,60,26329,60,11.407964,"[""FMOD0066"", ""FMOD0043"", ""FMOD0102"", ""FMOD0023"", ""FMOD0069"", ""FMOD0035"", ""FMOD0096"", ""FMOD0079"", ""FMOD0119"", ""FMOD0120""]",1.0,True,60.0
60,REAL_FROZEN_TEST,HIGH_RECALL,Q6K00296,60,26329,59,11.251931,"[""FMOD0060"", ""FMOD0066"", ""FMOD0102"", ""FMOD0036"", ""FMOD0055"", ""FMOD0096"", ""FMOD0110"", ""FMOD0120"", ""FMOD0035"", ""FMOD0075""]",1.0,True,59.0
60,REAL_FROZEN_TEST,HIGH_RECALL,Q6K00298,60,26329,59,11.193084,"[""FMOD0074"", ""FMOD0036"", ""FMOD0079"", ""FMOD0119"", ""FMOD0120"", ""FMOD0017"", ""FMOD0091"", ""FMOD0023"", ""FMOD0083"", ""FMOD0035""]",1.0,True,59.0
60,REAL_FROZEN_TEST,HIGH_RECALL,Q6K00299,60,26329,59,11.288574,"[""FMOD0040"", ""FMOD0089"", ""FMOD0035"", ""FMOD0079"", ""FMOD0055"", ""FMOD0023"", ""FMOD0102"", ""FMOD0119"", ""FMOD0014"", ""FMOD0051""]",1.0,True,59.0
60,REAL_FROZEN_TEST,HIGH_RECALL,Q6K00304,60,26329,59,11.254897,"[""FMOD0077"", ""FMOD0083"", ""FMOD0087"", ""FMOD0023"", ""FMOD0069"", ""FMOD0055"", ""FMOD0102"", ""FMOD0025"", ""FMOD0040"", ""FMOD0091""]",1.0,True,59.0
60,REAL_FROZEN_TEST,HIGH_RECALL,Q6K00310,60,26329,60,11.334262,"[""FMOD0074"", ""FMOD0005"", ""FMOD0022"", ""FMOD0035"", ""FMOD0053"", ""FMOD0033"", ""FMOD0023"", ""FMOD0055"", ""FMOD0102"", ""FMOD0091""]",1.0,True,60.0
60,REAL_FROZEN_TEST,HIGH_RECALL,Q6K00313,60,26329,59,11.240651,"[""FMOD0061"", ""FMOD0069"", ""FMOD0083"", ""FMOD0066"", ""FMOD0036"", ""FMOD0033"", ""FMOD0120"", ""FMOD0005"", ""FMOD0102"", ""FMOD0075""]",1.0,True,59.0
60,REAL_FROZEN_TEST,HIGH_RECALL,Q6K00317,60,26329,60,11.132101,"[""FMOD0061"", ""FMOD0089"", ""FMOD0096"", ""FMOD0036"", ""FMOD0079"", ""FMOD0035"", ""FMOD0055"", ""FMOD0083"", ""FMOD0110"", ""FMOD0005""]",1.0,True,60.0
60,REAL_FROZEN_TEST,HIGH_RECALL,Q6K00318,60,26329,60,12.072218,"[""FMOD0086"", ""FMOD0004"", ""FMOD0050"", ""FMOD0067"", ""FMOD0035"", ""FMOD0053"", ""FMOD0110"", ""FMOD0005"", ""FMOD0102"", ""FMOD0120""]",1.0,True,60.0
60,REAL_FROZEN_TEST,HIGH_RECALL,Q6K00325,60,26329,59,11.761011,"[""FMOD0086"", ""FMOD0023"", ""FMOD0050"", ""FMOD0044"", ""FMOD0035"", ""FMOD0069"", ""FMOD0043"", ""FMOD0120"", ""FMOD0079"", ""FMOD0102""]",1.0,True,59.0
60,REAL_FROZEN_TEST,HIGH_RECALL,Q6K00326,60,26329,59,11.457663,"[""FMOD0099"", ""FMOD0055"", ""FMOD0066"", ""FMOD0036"", ""FMOD0102"", ""FMOD0023"", ""FMOD0017"", ""FMOD0079"", ""FMOD0119"", ""FMOD0110""]",1.0,True,59.0
60,REAL_FROZEN_TEST,HIGH_RECALL,Q6K00327,60,26329,57,11.348991,"[""FMOD0016"", ""FMOD0051"", ""FMOD0055"", ""FMOD0075"", ""FMOD0035"", ""FMOD0077"", ""FMOD0023"", ""FMOD0036"", ""FMOD0079"", ""FMOD0033""]",1.0,True,57.0
60,REAL_FROZEN_TEST,HIGH_RECALL,Q6K00332,60,26329,60,11.346237,"[""FMOD0044"", ""FMOD0035"", ""FMOD0069"", ""FMOD0086"", ""FMOD0120"", ""FMOD0119"", ""FMOD0050"", ""FMOD0036"", ""FMOD0102"", ""FMOD0023""]",1.0,True,60.0
60,REAL_FROZEN_TEST,HIGH_RECALL,Q6K00333,60,26329,59,11.772439,"[""FMOD0069"", ""FMOD0044"", ""FMOD0011"", ""FMOD0119"", ""FMOD0083"", ""FMOD0025"", ""FMOD0079"", ""FMOD0110"", ""FMOD0035"", ""FMOD0120""]",1.0,True,59.0
60,REAL_FROZEN_TEST,HIGH_RECALL,Q6K00336,60,26329,58,12.116504,"[""FMOD0014"", ""FMOD0023"", ""FMOD0079"", ""FMOD0035"", ""FMOD0120"", ""FMOD0119"", ""FMOD0102"", ""FMOD0087"", ""FMOD0069"", ""FMOD0074""]",1.0,True,58.0
60,REAL_FROZEN_TEST,HIGH_RECALL,Q6K00338,60,26329,59,11.633384,"[""FMOD0074"", ""FMOD0067"", ""FMOD0003"", ""FMOD0119"", ""FMOD0035"", ""FMOD0004"", ""FMOD0102"", ""FMOD0110"", ""FMOD0023"", ""FMOD0024""]",1.0,True,59.0
60,REAL_FROZEN_TEST,HIGH_RECALL,Q6K00340,60,26329,59,11.605175,"[""FMOD0025"", ""FMOD0011"", ""FMOD0089"", ""FMOD0023"", ""FMOD0069"", ""FMOD0035"", ""FMOD0119"", ""FMOD0079"", ""FMOD0120"", ""FMOD0102""]",1.0,True,59.0
60,REAL_FROZEN_TEST,HIGH_RECALL,Q6K00342,60,26329,59,12.404408,"[""FMOD0087"", ""FMOD0053"", ""FMOD0023"", ""FMOD0040"", ""FMOD0069"", ""FMOD0025"", ""FMOD0096"", ""FMOD0119"", ""FMOD0083"", ""FMOD0102""]",1.0,True,59.0
60,REAL_FROZEN_TEST,HIGH_RECALL,Q6K00343,60,26329,60,11.711923,"[""FMOD0087"", ""FMOD0016"", ""FMOD0055"", ""FMOD0023"", ""FMOD0102"", ""FMOD0035"", ""FMOD0119"", ""FMOD0079"", ""FMOD0005"", ""FMOD0036""]",1.0,True,60.0
60,REAL_FROZEN_TEST,HIGH_RECALL,Q6K00344,60,26329,60,11.265505,"[""FMOD0023"", ""FMOD0025"", ""FMOD0043"", ""FMOD0069"", ""FMOD0055"", ""FMOD0035"", ""FMOD0040"", ""FMOD0119"", ""FMOD0120"", ""FMOD0036""]",1.0,True,60.0
60,REAL_FROZEN_TEST,HIGH_RECALL,Q6K00351,60,26329,59,12.384419,"[""FMOD0005"", ""FMOD0099"", ""FMOD0022"", ""FMOD0055"", ""FMOD0119"", ""FMOD0079"", ""FMOD0023"", ""FMOD0036"", ""FMOD0077"", ""FMOD0035""]",1.0,True,59.0
60,REAL_FROZEN_TEST,HIGH_RECALL,Q6K00355,60,26329,59,11.626915,"[""FMOD0043"", ""FMOD0023"", ""FMOD0035"", ""FMOD0077"", ""FMOD0016"", ""FMOD0102"", ""FMOD0119"", ""FMOD0069"", ""FMOD0120"", ""FMOD0110""]",1.0,True,59.0
60,REAL_FROZEN_TEST,HIGH_RECALL,Q6K00359,60,26329,60,11.330367,"[""FMOD0086"", ""FMOD0087"", ""FMOD0044"", ""FMOD0102"", ""FMOD0079"", ""FMOD0036"", ""FMOD0051"", ""FMOD0069"", ""FMOD0055"", ""FMOD0119""]",1.0,True,60.0
60,REAL_FROZEN_TEST,HIGH_RECALL,Q6K00360,60,26329,60,11.681716,"[""FMOD0066"", ""FMOD0060"", ""FMOD0043"", ""FMOD0035"", ""FMOD0055"", ""FMOD0023"", ""FMOD0119"", ""FMOD0036"", ""FMOD0040"", ""FMOD0120""]",1.0,True,60.0
60,REAL_FROZEN_TEST,HIGH_RECALL,Q6K00363,60,26329,60,11.570389,"[""FMOD0066"", ""FMOD0102"", ""FMOD0119"", ""FMOD0069"", ""FMOD0120"", ""FMOD0035"", ""FMOD0023"", ""FMOD0036"", ""FMOD0079"", ""FMOD0005""]",1.0,True,60.0
60,REAL_FROZEN_TEST,HIGH_RECALL,Q6K00365,60,26329,60,11.709239,"[""FMOD0087"", ""FMOD0035"", ""FMOD0023"", ""FMOD0119"", ""FMOD0016"", ""FMOD0055"", ""FMOD0036"", ""FMOD0102"", ""FMOD0079"", ""FMOD0077""]",1.0,True,60.0
60,REAL_FROZEN_TEST,HIGH_RECALL,Q6K00372,60,26329,59,11.417129,"[""FMOD0023"", ""FMOD0035"", ""FMOD0016"", ""FMOD0051"", ""FMOD0119"", ""FMOD0102"", ""FMOD0069"", ""FMOD0120"", ""FMOD0055"", ""FMOD0036""]",1.0,True,59.0
60,REAL_FROZEN_TEST,HIGH_RECALL,Q6K00375,60,26329,60,11.408418,"[""FMOD0099"", ""FMOD0023"", ""FMOD0069"", ""FMOD0025"", ""FMOD0055"", ""FMOD0083"", ""FMOD0119"", ""FMOD0035"", ""FMOD0102"", ""FMOD0120""]",1.0,True,60.0
60,REAL_FROZEN_TEST,HIGH_RECALL,Q6K00377,60,26329,60,11.440729,"[""FMOD0022"", ""FMOD0023"", ""FMOD0069"", ""FMOD0055"", ""FMOD0025"", ""FMOD0100"", ""FMOD0119"", ""FMOD0035"", ""FMOD0036"", ""FMOD0102""]",1.0,True,60.0
60,REAL_FROZEN_TEST,HIGH_RECALL,Q6K00378,60,26329,60,11.411941,"[""FMOD0023"", ""FMOD0055"", ""FMOD0083"", ""FMOD0025"", ""FMOD0079"", ""FMOD0119"", ""FMOD0102"", ""FMOD0120"", ""FMOD0005"", ""FMOD0024""]",1.0,True,60.0
60,REAL_FROZEN_TEST,HIGH_RECALL,Q6K00380,60,26329,58,11.283628,"[""FMOD0023"", ""FMOD0035"", ""FMOD0119"", ""FMOD0102"", ""FMOD0110"", ""FMOD0036"", ""FMOD0120"", ""FMOD0077"", ""FMOD0005"", ""FMOD0075""]",1.0,True,58.0
60,REAL_FROZEN_TEST,HIGH_RECALL,Q6K00384,60,26329,59,12.436916,"[""FMOD0083"", ""FMOD0069"", ""FMOD0086"", ""FMOD0035"", ""FMOD0120"", ""FMOD0119"", ""FMOD0005"", ""FMOD0055"", ""FMOD0036"", ""FMOD0079""]",1.0,True,59.0
60,REAL_FROZEN_TEST,HIGH_RECALL,Q6K00389,60,26329,59,12.296734,"[""FMOD0055"", ""FMOD0023"", ""FMOD0035"", ""FMOD0079"", ""FMOD0119"", ""FMOD0102"", ""FMOD0120"", ""FMOD0069"", ""FMOD0067"", ""FMOD0087""]",1.0,True,59.0
60,REAL_FROZEN_TEST,HIGH_RECALL,Q6K00390,60,26329,60,11.8817,"[""FMOD0023"", ""FMOD0102"", ""FMOD0119"", ""FMOD0120"", ""FMOD0069"", ""FMOD0035"", ""FMOD0079"", ""FMOD0022"", ""FMOD0110"", ""FMOD0073""]",1.0,True,60.0
60,REAL_FROZEN_TEST,HIGH_RECALL,Q6K00393,60,26329,59,11.632373,"[""FMOD0023"", ""FMOD0102"", ""FMOD0119"", ""FMOD0120"", ""FMOD0036"", ""FMOD0035"", ""FMOD0053"", ""FMOD0113"", ""FMOD0024"", ""FMOD0110""]",1.0,True,59.0
60,REAL_FROZEN_TEST,HIGH_RECALL,Q6K00395,60,26329,59,11.783484,"[""FMOD0053"", ""FMOD0069"", ""FMOD0035"", ""FMOD0023"", ""FMOD0119"", ""FMOD0036"", ""FMOD0004"", ""FMOD0067"", ""FMOD0083"", ""FMOD0025""]",1.0,True,59.0
60,REAL_FROZEN_TEST,HIGH_RECALL,Q6K00396,60,26329,59,11.926835,"[""FMOD0066"", ""FMOD0035"", ""FMOD0023"", ""FMOD0051"", ""FMOD0119"", ""FMOD0102"", ""FMOD0036"", ""FMOD0055"", ""FMOD0120"", ""FMOD0077""]",1.0,True,59.0
60,REAL_FROZEN_TEST,HIGH_RECALL,Q6K00400,60,26329,60,12.498804,"[""FMOD0023"", ""FMOD0025"", ""FMOD0035"", ""FMOD0069"", ""FMOD0055"", ""FMOD0100"", ""FMOD0036"", ""FMOD0031"", ""FMOD0120"", ""FMOD0102""]",1.0,True,60.0
60,REAL_FROZEN_TEST,HIGH_RECALL,Q6K00403,60,26329,60,11.959475,"[""FMOD0035"", ""FMOD0033"", ""FMOD0119"", ""FMOD0120"", ""FMOD0024"", ""FMOD0080"", ""FMOD0102"", ""FMOD0105"", ""FMOD0005"", ""FMOD0091""]",1.0,True,60.0
60,REAL_FROZEN_TEST,HIGH_RECALL,Q6K00405,60,26329,60,12.25797,"[""FMOD0016"", ""FMOD0102"", ""FMOD0031"", ""FMOD0023"", ""FMOD0035"", ""FMOD0033"", ""FMOD0079"", ""FMOD0022"", ""FMOD0051"", ""FMOD0014""]",1.0,True,60.0
60,REAL_FROZEN_TEST,HIGH_RECALL,Q6K00407,60,26329,59,12.148852,"[""FMOD0005"", ""FMOD0120"", ""FMOD0069"", ""FMOD0102"", ""FMOD0119"", ""FMOD0079"", ""FMOD0023"", ""FMOD0104"", ""FMOD0033"", ""FMOD0110""]",1.0,True,59.0
60,REAL_FROZEN_TEST,HIGH_RECALL,Q6K00410,60,26329,59,12.304338,"[""FMOD0005"", ""FMOD0023"", ""FMOD0035"", ""FMOD0055"", ""FMOD0089"", ""FMOD0024"", ""FMOD0113"", ""FMOD0120"", ""FMOD0110"", ""FMOD0079""]",1.0,True,59.0
60,REAL_FROZEN_TEST,HIGH_RECALL,Q6K00417,60,26329,60,11.959934,"[""FMOD0051"", ""FMOD0102"", ""FMOD0035"", ""FMOD0086"", ""FMOD0005"", ""FMOD0075"", ""FMOD0036"", ""FMOD0096"", ""FMOD0120"", ""FMOD0069""]",1.0,True,60.0
60,REAL_FROZEN_TEST,HIGH_RECALL,Q6K00420,60,26329,59,11.493452,"[""FMOD0036"", ""FMOD0004"", ""FMOD0067"", ""FMOD0119"", ""FMOD0035"", ""FMOD0079"", ""FMOD0120"", ""FMOD0023"", ""FMOD0055"", ""FMOD0005""]",1.0,True,59.0
60,REAL_FROZEN_TEST,HIGH_RECALL,Q6K00422,60,26329,59,11.773733,"[""FMOD0053"", ""FMOD0083"", ""FMOD0035"", ""FMOD0023"", ""FMOD0051"", ""FMOD0036"", ""FMOD0079"", ""FMOD0102"", ""FMOD0120"", ""FMOD0110""]",1.0,True,59.0
60,REAL_FROZEN_TEST,HIGH_RECALL,Q6K00423,60,26329,59,11.604388,"[""FMOD0061"", ""FMOD0004"", ""FMOD0086"", ""FMOD0035"", ""FMOD0033"", ""FMOD0014"", ""FMOD0102"", ""FMOD0119"", ""FMOD0120"", ""FMOD0096""]",1.0,True,59.0
60,REAL_FROZEN_TEST,HIGH_RECALL,Q6K00424,60,26329,59,11.184199,"[""FMOD0053"", ""FMOD0102"", ""FMOD0023"", ""FMOD0035"", ""FMOD0077"", ""FMOD0069"", ""FMOD0033"", ""FMOD0113"", ""FMOD0119"", ""FMOD0025""]",1.0,True,59.0
60,REAL_FROZEN_TEST,HIGH_RECALL,Q6K00427,60,26329,59,11.309872,"[""FMOD0005"", ""FMOD0035"", ""FMOD0055"", ""FMOD0043"", ""FMOD0011"", ""FMOD0102"", ""FMOD0023"", ""FMOD0069"", ""FMOD0119"", ""FMOD0036""]",1.0,True,59.0
60,REAL_FROZEN_TEST,HIGH_RECALL,Q6K00435,60,26329,60,11.342123,"[""FMOD0099"", ""FMOD0069"", ""FMOD0119"", ""FMOD0023"", ""FMOD0035"", ""FMOD0102"", ""FMOD0120"", ""FMOD0110"", ""FMOD0077"", ""FMOD0079""]",1.0,True,60.0
60,REAL_FROZEN_TEST,HIGH_RECALL,Q6K00436,60,26329,60,11.577008,"[""FMOD0099"", ""FMOD0044"", ""FMOD0035"", ""FMOD0023"", ""FMOD0119"", ""FMOD0036"", ""FMOD0120"", ""FMOD0069"", ""FMOD0077"", ""FMOD0102""]",1.0,True,60.0
60,REAL_FROZEN_TEST,HIGH_RECALL,Q6K00438,60,26329,58,11.525931,"[""FMOD0022"", ""FMOD0055"", ""FMOD0023"", ""FMOD0102"", ""FMOD0069"", ""FMOD0110"", ""FMOD0120"", ""FMOD0079"", ""FMOD0119"", ""FMOD0036""]",1.0,True,58.0
60,REAL_FROZEN_TEST,HIGH_RECALL,Q6K00442,60,26329,60,11.082375,"[""FMOD0087"", ""FMOD0035"", ""FMOD0120"", ""FMOD0102"", ""FMOD0079"", ""FMOD0119"", ""FMOD0110"", ""FMOD0005"", ""FMOD0036"", ""FMOD0055""]",1.0,True,60.0
60,REAL_FROZEN_TEST,HIGH_RECALL,Q6K00443,60,26329,60,11.353395,"[""FMOD0035"", ""FMOD0011"", ""FMOD0023"", ""FMOD0119"", ""FMOD0102"", ""FMOD0079"", ""FMOD0060"", ""FMOD0069"", ""FMOD0077"", ""FMOD0055""]",1.0,True,60.0
60,REAL_FROZEN_TEST,HIGH_RECALL,Q6K00444,60,26329,59,11.263699,"[""FMOD0003"", ""FMOD0022"", ""FMOD0069"", ""FMOD0120"", ""FMOD0119"", ""FMOD0079"", ""FMOD0005"", ""FMOD0102"", ""FMOD0067"", ""FMOD0036""]",1.0,True,59.0
60,REAL_FROZEN_TEST,HIGH_RECALL,Q6K00446,60,26329,58,11.122714,"[""FMOD0067"", ""FMOD0060"", ""FMOD0035"", ""FMOD0023"", ""FMOD0022"", ""FMOD0119"", ""FMOD0102"", ""FMOD0120"", ""FMOD0110"", ""FMOD0036""]",1.0,True,58.0
60,REAL_FROZEN_TEST,HIGH_RECALL,Q6K00453,60,26329,60,11.15875,"[""FMOD0044"", ""FMOD0079"", ""FMOD0119"", ""FMOD0023"", ""FMOD0102"", ""FMOD0120"", ""FMOD0035"", ""FMOD0083"", ""FMOD0110"", ""FMOD0069""]",1.0,True,60.0
60,REAL_FROZEN_TEST,HIGH_RECALL,Q6K00456,60,26329,60,11.588899,"[""FMOD0004"", ""FMOD0016"", ""FMOD0067"", ""FMOD0113"", ""FMOD0036"", ""FMOD0023"", ""FMOD0035"", ""FMOD0079"", ""FMOD0077"", ""FMOD0119""]",1.0,True,60.0
60,REAL_FROZEN_TEST,HIGH_RECALL,Q6K00458,60,26329,60,11.370224,"[""FMOD0079"", ""FMOD0023"", ""FMOD0016"", ""FMOD0035"", ""FMOD0102"", ""FMOD0119"", ""FMOD0120"", ""FMOD0077"", ""FMOD0036"", ""FMOD0110""]",1.0,True,60.0
60,REAL_FROZEN_TEST,HIGH_RECALL,Q6K00461,60,26329,59,11.249091,"[""FMOD0001"", ""FMOD0003"", ""FMOD0089"", ""FMOD0035"", ""FMOD0051"", ""FMOD0120"", ""FMOD0023"", ""FMOD0119"", ""FMOD0036"", ""FMOD0069""]",1.0,True,59.0
60,REAL_FROZEN_TEST,HIGH_RECALL,Q6K00465,60,26329,60,11.942555,"[""FMOD0083"", ""FMOD0096"", ""FMOD0023"", ""FMOD0036"", ""FMOD0110"", ""FMOD0119"", ""FMOD0035"", ""FMOD0005"", ""FMOD0120"", ""FMOD0102""]",1.0,True,60.0
60,REAL_FROZEN_TEST,HIGH_RECALL,Q6K00470,60,26329,58,11.452008,"[""FMOD0060"", ""FMOD0102"", ""FMOD0061"", ""FMOD0120"", ""FMOD0119"", ""FMOD0069"", ""FMOD0035"", ""FMOD0079"", ""FMOD0031"", ""FMOD0110""]",1.0,True,58.0
60,REAL_FROZEN_TEST,HIGH_RECALL,Q6K00471,60,26329,59,11.316941,"[""FMOD0025"", ""FMOD0099"", ""FMOD0024"", ""FMOD0014"", ""FMOD0005"", ""FMOD0113"", ""FMOD0083"", ""FMOD0120"", ""FMOD0023"", ""FMOD0069""]",1.0,True,59.0
60,REAL_FROZEN_TEST,HIGH_RECALL,Q6K00473,60,26329,60,11.178928,"[""FMOD0086"", ""FMOD0079"", ""FMOD0036"", ""FMOD0083"", ""FMOD0119"", ""FMOD0004"", ""FMOD0024"", ""FMOD0067"", ""FMOD0023"", ""FMOD0025""]",1.0,True,60.0
60,REAL_FROZEN_TEST,HIGH_RECALL,Q6K00479,60,26329,59,11.253503,"[""FMOD0066"", ""FMOD0022"", ""FMOD0023"", ""FMOD0035"", ""FMOD0079"", ""FMOD0036"", ""FMOD0055"", ""FMOD0102"", ""FMOD0119"", ""FMOD0005""]",1.0,True,59.0
60,REAL_FROZEN_TEST,HIGH_RECALL,Q6K00481,60,26329,59,11.706545,"[""FMOD0035"", ""FMOD0023"", ""FMOD0051"", ""FMOD0119"", ""FMOD0102"", ""FMOD0120"", ""FMOD0036"", ""FMOD0079"", ""FMOD0083"", ""FMOD0069""]",1.0,True,59.0
60,REAL_FROZEN_TEST,HIGH_RECALL,Q6K00484,60,26329,59,12.039682,"[""FMOD0035"", ""FMOD0023"", ""FMOD0119"", ""FMOD0120"", ""FMOD0036"", ""FMOD0069"", ""FMOD0051"", ""FMOD0079"", ""FMOD0102"", ""FMOD0005""]",1.0,True,59.0
60,REAL_FROZEN_TEST,HIGH_RECALL,Q6K00485,60,26329,58,12.062844,"[""FMOD0069"", ""FMOD0035"", ""FMOD0023"", ""FMOD0119"", ""FMOD0036"", ""FMOD0067"", ""FMOD0004"", ""FMOD0083"", ""FMOD0025"", ""FMOD0053""]",1.0,True,58.0
60,REAL_FROZEN_TEST,HIGH_RECALL,Q6K00489,60,26329,59,11.427054,"[""FMOD0080"", ""FMOD0086"", ""FMOD0015"", ""FMOD0119"", ""FMOD0023"", ""FMOD0102"", ""FMOD0110"", ""FMOD0069"", ""FMOD0120"", ""FMOD0055""]",1.0,True,59.0
60,REAL_FROZEN_TEST,HIGH_RECALL,Q6K00495,60,26329,60,11.537184,"[""FMOD0083"", ""FMOD0096"", ""FMOD0023"", ""FMOD0119"", ""FMOD0035"", ""FMOD0110"", ""FMOD0069"", ""FMOD0036"", ""FMOD0079"", ""FMOD0102""]",1.0,True,60.0
60,REAL_FROZEN_TEST,HIGH_RECALL,Q6K00498,60,26329,60,11.730504,"[""FMOD0023"", ""FMOD0055"", ""FMOD0069"", ""FMOD0025"", ""FMOD0100"", ""FMOD0102"", ""FMOD0035"", ""FMOD0036"", ""FMOD0119"", ""FMOD0120""]",1.0,True,60.0
60,REAL_FROZEN_TEST,HIGH_RECALL,Q6K00507,60,26329,60,11.940038,"[""FMOD0023"", ""FMOD0035"", ""FMOD0016"", ""FMOD0119"", ""FMOD0120"", ""FMOD0069"", ""FMOD0113"", ""FMOD0079"", ""FMOD0102"", ""FMOD0055""]",1.0,True,60.0
60,REAL_FROZEN_TEST,HIGH_RECALL,Q6K00511,60,26329,58,11.893098,"[""FMOD0055"", ""FMOD0083"", ""FMOD0025"", ""FMOD0079"", ""FMOD0119"", ""FMOD0102"", ""FMOD0120"", ""FMOD0023"", ""FMOD0069"", ""FMOD0005""]",1.0,True,58.0
60,REAL_FROZEN_TEST,HIGH_RECALL,Q6K00512,60,26329,60,11.244011,"[""FMOD0035"", ""FMOD0023"", ""FMOD0119"", ""FMOD0110"", ""FMOD0036"", ""FMOD0060"", ""FMOD0083"", ""FMOD0031"", ""FMOD0033"", ""FMOD0005""]",1.0,True,60.0
60,REAL_FROZEN_TEST,HIGH_RECALL,Q6K00513,60,26329,60,12.000132,"[""FMOD0110"", ""FMOD0023"", ""FMOD0083"", ""FMOD0119"", ""FMOD0036"", ""FMOD0024"", ""FMOD0025"", ""FMOD0067"", ""FMOD0004"", ""FMOD0035""]",1.0,True,60.0
60,REAL_FROZEN_TEST,HIGH_RECALL,Q6K00517,60,26329,59,11.570443,"[""FMOD0023"", ""FMOD0119"", ""FMOD0102"", ""FMOD0022"", ""FMOD0051"", ""FMOD0035"", ""FMOD0120"", ""FMOD0036"", ""FMOD0110"", ""FMOD0079""]",1.0,True,59.0
60,REAL_FROZEN_TEST,HIGH_RECALL,Q6K00518,60,26329,59,11.588117,"[""FMOD0035"", ""FMOD0102"", ""FMOD0119"", ""FMOD0110"", ""FMOD0096"", ""FMOD0069"", ""FMOD0033"", ""FMOD0083"", ""FMOD0086"", ""FMOD0120""]",1.0,True,59.0
60,REAL_FROZEN_TEST,HIGH_RECALL,Q6K00523,60,26329,58,11.154476,"[""FMOD0035"", ""FMOD0023"", ""FMOD0119"", ""FMOD0102"", ""FMOD0051"", ""FMOD0120"", ""FMOD0036"", ""FMOD0110"", ""FMOD0079"", ""FMOD0087""]",1.0,True,58.0
60,REAL_FROZEN_TEST,HIGH_RECALL,Q6K00528,60,26329,59,11.375195,"[""FMOD0035"", ""FMOD0023"", ""FMOD0051"", ""FMOD0079"", ""FMOD0119"", ""FMOD0005"", ""FMOD0102"", ""FMOD0055"", ""FMOD0083"", ""FMOD0036""]",1.0,True,59.0
60,REAL_FROZEN_TEST,HIGH_RECALL,Q6K00530,60,26329,58,11.318107,"[""FMOD0069"", ""FMOD0035"", ""FMOD0023"", ""FMOD0119"", ""FMOD0036"", ""FMOD0067"", ""FMOD0004"", ""FMOD0083"", ""FMOD0025"", ""FMOD0053""]",1.0,True,58.0
60,REAL_FROZEN_TEST,HIGH_RECALL,Q6K00531,60,26329,60,11.721133,"[""FMOD0035"", ""FMOD0023"", ""FMOD0119"", ""FMOD0102"", ""FMOD0110"", ""FMOD0079"", ""FMOD0051"", ""FMOD0036"", ""FMOD0120"", ""FMOD0069""]",1.0,True,60.0
60,REAL_FROZEN_TEST,HIGH_RECALL,Q6K00533,60,26329,59,11.9482,"[""FMOD0119"", ""FMOD0023"", ""FMOD0110"", ""FMOD0036"", ""FMOD0069"", ""FMOD0120"", ""FMOD0102"", ""FMOD0035"", ""FMOD0055"", ""FMOD0079""]",1.0,True,59.0
60,REAL_FROZEN_TEST,HIGH_RECALL,Q6K00535,60,26329,60,11.301971,"[""FMOD0035"", ""FMOD0102"", ""FMOD0069"", ""FMOD0036"", ""FMOD0079"", ""FMOD0120"", ""FMOD0119"", ""FMOD0110"", ""FMOD0023"", ""FMOD0104""]",1.0,True,60.0
60,REAL_FROZEN_TEST,HIGH_RECALL,Q6K00537,60,26329,60,11.781621,"[""FMOD0023"", ""FMOD0055"", ""FMOD0069"", ""FMOD0025"", ""FMOD0100"", ""FMOD0119"", ""FMOD0036"", ""FMOD0035"", ""FMOD0102"", ""FMOD0120""]",1.0,True,60.0
60,REAL_FROZEN_TEST,HIGH_RECALL,Q6K00538,60,26329,60,11.564078,"[""FMOD0055"", ""FMOD0023"", ""FMOD0069"", ""FMOD0025"", ""FMOD0100"", ""FMOD0035"", ""FMOD0079"", ""FMOD0119"", ""FMOD0120"", ""FMOD0036""]",1.0,True,60.0
80,REAL,EXACT,Q6K00183,80,40939,80,20.183357,"[""FMOD0023"", ""FMOD0029"", ""FMOD0036"", ""FMOD0119"", ""FMOD0035"", ""FMOD0082"", ""FMOD0030"", ""FMOD0120"", ""FMOD0102"", ""FMOD0110""]",1.0,True,
80,REAL,EXACT,Q6K00184,80,40939,80,19.311344,"[""FMOD0004"", ""FMOD0067"", ""FMOD0113"", ""FMOD0036"", ""FMOD0056"", ""FMOD0110"", ""FMOD0020"", ""FMOD0024"", ""FMOD0078"", ""FMOD0043""]",1.0,True,
80,REAL,EXACT,Q6K00193,80,40939,80,19.431656,"[""FMOD0025"", ""FMOD0069"", ""FMOD0023"", ""FMOD0029"", ""FMOD0056"", ""FMOD0055"", ""FMOD0078"", ""FMOD0096"", ""FMOD0080"", ""FMOD0102""]",1.0,True,
80,REAL,EXACT,Q6K00195,80,40939,80,18.596878,"[""FMOD0061"", ""FMOD0083"", ""FMOD0029"", ""FMOD0056"", ""FMOD0102"", ""FMOD0091"", ""FMOD0023"", ""FMOD0030"", ""FMOD0035"", ""FMOD0069""]",1.0,True,
80,REAL,EXACT,Q6K00197,80,40939,80,18.354508,"[""FMOD0069"", ""FMOD0029"", ""FMOD0102"", ""FMOD0030"", ""FMOD0119"", ""FMOD0005"", ""FMOD0120"", ""FMOD0033"", ""FMOD0036"", ""FMOD0110""]",1.0,True,
80,REAL,EXACT,Q6K00199,80,40939,80,18.504159,"[""FMOD0067"", ""FMOD0069"", ""FMOD0029"", ""FMOD0102"", ""FMOD0119"", ""FMOD0056"", ""FMOD0120"", ""FMOD0030"", ""FMOD0026"", ""FMOD0023""]",1.0,True,
80,REAL,EXACT,Q6K00200,80,40939,80,18.486945,"[""FMOD0051"", ""FMOD0023"", ""FMOD0029"", ""FMOD0035"", ""FMOD0016"", ""FMOD0120"", ""FMOD0082"", ""FMOD0079"", ""FMOD0020"", ""FMOD0119""]",1.0,True,
80,REAL,EXACT,Q6K00201,80,40939,80,18.404452,"[""FMOD0066"", ""FMOD0055"", ""FMOD0030"", ""FMOD0029"", ""FMOD0036"", ""FMOD0102"", ""FMOD0112"", ""FMOD0120"", ""FMOD0096"", ""FMOD0079""]",1.0,True,
80,REAL,EXACT,Q6K00205,80,40939,80,19.232887,"[""FMOD0051"", ""FMOD0023"", ""FMOD0035"", ""FMOD0020"", ""FMOD0016"", ""FMOD0119"", ""FMOD0029"", ""FMOD0102"", ""FMOD0082"", ""FMOD0030""]",1.0,True,
80,REAL,EXACT,Q6K00206,80,40939,80,18.980161,"[""FMOD0016"", ""FMOD0102"", ""FMOD0031"", ""FMOD0029"", ""FMOD0023"", ""FMOD0035"", ""FMOD0082"", ""FMOD0033"", ""FMOD0030"", ""FMOD0051""]",1.0,True,
80,REAL,EXACT,Q6K00207,80,40939,80,18.388601,"[""FMOD0023"", ""FMOD0029"", ""FMOD0035"", ""FMOD0120"", ""FMOD0102"", ""FMOD0069"", ""FMOD0119"", ""FMOD0077"", ""FMOD0082"", ""FMOD0110""]",1.0,True,
80,REAL,EXACT,Q6K00208,80,40939,80,18.854446,"[""FMOD0102"", ""FMOD0079"", ""FMOD0023"", ""FMOD0030"", ""FMOD0029"", ""FMOD0055"", ""FMOD0035"", ""FMOD0082"", ""FMOD0036"", ""FMOD0014""]",1.0,True,
80,REAL,EXACT,Q6K00212,80,40939,80,19.164005,"[""FMOD0060"", ""FMOD0029"", ""FMOD0023"", ""FMOD0082"", ""FMOD0075"", ""FMOD0096"", ""FMOD0102"", ""FMOD0056"", ""FMOD0036"", ""FMOD0043""]",1.0,True,
80,REAL,EXACT,Q6K00216,80,40939,80,19.419567,"[""FMOD0016"", ""FMOD0029"", ""FMOD0035"", ""FMOD0023"", ""FMOD0120"", ""FMOD0079"", ""FMOD0119"", ""FMOD0102"", ""FMOD0056"", ""FMOD0075""]",1.0,True,
80,REAL,EXACT,Q6K00227,80,40939,80,19.450569,"[""FMOD0096"", ""FMOD0029"", ""FMOD0023"", ""FMOD0120"", ""FMOD0119"", ""FMOD0035"", ""FMOD0056"", ""FMOD0113"", ""FMOD0069"", ""FMOD0025""]",1.0,True,
80,REAL,EXACT,Q6K00232,80,40939,80,19.269154,"[""FMOD0060"", ""FMOD0029"", ""FMOD0023"", ""FMOD0086"", ""FMOD0056"", ""FMOD0043"", ""FMOD0110"", ""FMOD0044"", ""FMOD0036"", ""FMOD0075""]",1.0,True,
80,REAL,EXACT,Q6K00235,80,40939,80,20.073123,"[""FMOD0096"", ""FMOD0029"", ""FMOD0120"", ""FMOD0119"", ""FMOD0023"", ""FMOD0035"", ""FMOD0056"", ""FMOD0069"", ""FMOD0030"", ""FMOD0102""]",1.0,True,
80,REAL,EXACT,Q6K00236,80,40939,80,18.395644,"[""FMOD0036"", ""FMOD0119"", ""FMOD0079"", ""FMOD0120"", ""FMOD0056"", ""FMOD0086"", ""FMOD0082"", ""FMOD0091"", ""FMOD0029"", ""FMOD0102""]",1.0,True,
80,REAL,EXACT,Q6K00237,80,40939,80,18.387113,"[""FMOD0067"", ""FMOD0029"", ""FMOD0119"", ""FMOD0120"", ""FMOD0023"", ""FMOD0102"", ""FMOD0056"", ""FMOD0082"", ""FMOD0110"", ""FMOD0069""]",1.0,True,
80,REAL,EXACT,Q6K00240,80,40939,80,18.52003,"[""FMOD0069"", ""FMOD0029"", ""FMOD0110"", ""FMOD0104"", ""FMOD0035"", ""FMOD0119"", ""FMOD0043"", ""FMOD0023"", ""FMOD0102"", ""FMOD0083""]",1.0,True,
80,REAL,EXACT,Q6K00247,80,40939,80,18.575445,"[""FMOD0069"", ""FMOD0060"", ""FMOD0119"", ""FMOD0029"", ""FMOD0023"", ""FMOD0083"", ""FMOD0025"", ""FMOD0110"", ""FMOD0079"", ""FMOD0003""]",1.0,True,
80,REAL,EXACT,Q6K00251,80,40939,80,18.53477,"[""FMOD0044"", ""FMOD0067"", ""FMOD0119"", ""FMOD0029"", ""FMOD0023"", ""FMOD0120"", ""FMOD0113"", ""FMOD0086"", ""FMOD0035"", ""FMOD0030""]",1.0,True,
80,REAL,EXACT,Q6K00252,80,40939,80,18.559719,"[""FMOD0043"", ""FMOD0086"", ""FMOD0035"", ""FMOD0023"", ""FMOD0102"", ""FMOD0029"", ""FMOD0096"", ""FMOD0069"", ""FMOD0079"", ""FMOD0024""]",1.0,True,
80,REAL,EXACT,Q6K00258,80,40939,80,18.510669,"[""FMOD0096"", ""FMOD0001"", ""FMOD0029"", ""FMOD0035"", ""FMOD0030"", ""FMOD0120"", ""FMOD0119"", ""FMOD0056"", ""FMOD0069"", ""FMOD0036""]",1.0,True,
80,REAL,EXACT,Q6K00259,80,40939,80,18.604883,"[""FMOD0043"", ""FMOD0089"", ""FMOD0035"", ""FMOD0102"", ""FMOD0096"", ""FMOD0023"", ""FMOD0029"", ""FMOD0069"", ""FMOD0079"", ""FMOD0024""]",1.0,True,
80,REAL,EXACT,Q6K00262,80,40939,80,18.582905,"[""FMOD0069"", ""FMOD0060"", ""FMOD0023"", ""FMOD0025"", ""FMOD0055"", ""FMOD0082"", ""FMOD0100"", ""FMOD0029"", ""FMOD0102"", ""FMOD0119""]",1.0,True,
80,REAL,EXACT,Q6K00264,80,40939,80,19.254504,"[""FMOD0043"", ""FMOD0066"", ""FMOD0035"", ""FMOD0056"", ""FMOD0082"", ""FMOD0030"", ""FMOD0119"", ""FMOD0023"", ""FMOD0029"", ""FMOD0079""]",1.0,True,
80,REAL,EXACT,Q6K00267,80,40939,80,18.58105,"[""FMOD0022"", ""FMOD0069"", ""FMOD0082"", ""FMOD0023"", ""FMOD0055"", ""FMOD0025"", ""FMOD0100"", ""FMOD0072"", ""FMOD0035"", ""FMOD0040""]",1.0,True,
80,REAL,EXACT,Q6K00268,80,40939,80,18.877764,"[""FMOD0077"", ""FMOD0050"", ""FMOD0055"", ""FMOD0083"", ""FMOD0005"", ""FMOD0035"", ""FMOD0029"", ""FMOD0033"", ""FMOD0069"", ""FMOD0091""]",1.0,True,
80,REAL,EXACT,Q6K00271,80,40939,80,18.509004,"[""FMOD0086"", ""FMOD0050"", ""FMOD0044"", ""FMOD0120"", ""FMOD0029"", ""FMOD0036"", ""FMOD0077"", ""FMOD0069"", ""FMOD0102"", ""FMOD0005""]",1.0,True,
80,REAL,EXACT,Q6K00273,80,40939,80,18.75184,"[""FMOD0023"", ""FMOD0043"", ""FMOD0119"", ""FMOD0079"", ""FMOD0029"", ""FMOD0102"", ""FMOD0056"", ""FMOD0005"", ""FMOD0030"", ""FMOD0075""]",1.0,True,
80,REAL,EXACT,Q6K00274,80,40939,80,18.956338,"[""FMOD0004"", ""FMOD0044"", ""FMOD0067"", ""FMOD0113"", ""FMOD0036"", ""FMOD0056"", ""FMOD0110"", ""FMOD0035"", ""FMOD0020"", ""FMOD0029""]",1.0,True,
80,REAL,EXACT,Q6K00275,80,40939,80,19.251107,"[""FMOD0086"", ""FMOD0074"", ""FMOD0050"", ""FMOD0029"", ""FMOD0056"", ""FMOD0102"", ""FMOD0035"", ""FMOD0024"", ""FMOD0043"", ""FMOD0023""]",1.0,True,
80,REAL,EXACT,Q6K00283,80,40939,80,18.506021,"[""FMOD0036"", ""FMOD0035"", ""FMOD0029"", ""FMOD0023"", ""FMOD0120"", ""FMOD0119"", ""FMOD0079"", ""FMOD0102"", ""FMOD0069"", ""FMOD0082""]",1.0,True,
80,REAL,EXACT,Q6K00287,80,40939,80,18.45323,"[""FMOD0003"", ""FMOD0089"", ""FMOD0004"", ""FMOD0067"", ""FMOD0014"", ""FMOD0113"", ""FMOD0036"", ""FMOD0029"", ""FMOD0120"", ""FMOD0020""]",1.0,True,
80,REAL,EXACT,Q6K00293,80,40939,80,18.282899,"[""FMOD0074"", ""FMOD0043"", ""FMOD0035"", ""FMOD0029"", ""FMOD0023"", ""FMOD0069"", ""FMOD0102"", ""FMOD0096"", ""FMOD0079"", ""FMOD0024""]",1.0,True,
80,REAL,EXACT,Q6K00295,80,40939,80,18.432629,"[""FMOD0066"", ""FMOD0043"", ""FMOD0102"", ""FMOD0029"", ""FMOD0023"", ""FMOD0069"", ""FMOD0035"", ""FMOD0096"", ""FMOD0079"", ""FMOD0119""]",1.0,True,
80,REAL,EXACT,Q6K00296,80,40939,80,18.386097,"[""FMOD0060"", ""FMOD0066"", ""FMOD0029"", ""FMOD0102"", ""FMOD0056"", ""FMOD0110"", ""FMOD0036"", ""FMOD0035"", ""FMOD0055"", ""FMOD0096""]",1.0,True,
80,REAL,EXACT,Q6K00298,80,40939,80,20.33978,"[""FMOD0074"", ""FMOD0036"", ""FMOD0079"", ""FMOD0119"", ""FMOD0120"", ""FMOD0017"", ""FMOD0091"", ""FMOD0056"", ""FMOD0023"", ""FMOD0083""]",1.0,True,
80,REAL,EXACT,Q6K00299,80,40939,80,18.865399,"[""FMOD0040"", ""FMOD0089"", ""FMOD0029"", ""FMOD0035"", ""FMOD0079"", ""FMOD0030"", ""FMOD0055"", ""FMOD0023"", ""FMOD0056"", ""FMOD0102""]",1.0,True,
80,REAL,EXACT,Q6K00304,80,40939,80,18.58591,"[""FMOD0077"", ""FMOD0083"", ""FMOD0087"", ""FMOD0023"", ""FMOD0069"", ""FMOD0056"", ""FMOD0020"", ""FMOD0055"", ""FMOD0102"", ""FMOD0025""]",1.0,True,
80,REAL,EXACT,Q6K00310,80,40939,80,19.764726,"[""FMOD0074"", ""FMOD0005"", ""FMOD0022"", ""FMOD0035"", ""FMOD0053"", ""FMOD0029"", ""FMOD0033"", ""FMOD0023"", ""FMOD0082"", ""FMOD0055""]",1.0,True,
80,REAL,EXACT,Q6K00313,80,40939,80,19.388681,"[""FMOD0061"", ""FMOD0069"", ""FMOD0083"", ""FMOD0066"", ""FMOD0029"", ""FMOD0036"", ""FMOD0033"", ""FMOD0030"", ""FMOD0120"", ""FMOD0005""]",1.0,True,
80,REAL,EXACT,Q6K00317,80,40939,80,19.333836,"[""FMOD0061"", ""FMOD0089"", ""FMOD0096"", ""FMOD0036"", ""FMOD0029"", ""FMOD0079"", ""FMOD0035"", ""FMOD0055"", ""FMOD0083"", ""FMOD0110""]",1.0,True,
80,REAL,EXACT,Q6K00318,80,40939,80,18.678985,"[""FMOD0086"", ""FMOD0004"", ""FMOD0050"", ""FMOD0082"", ""FMOD0067"", ""FMOD0035"", ""FMOD0053"", ""FMOD0110"", ""FMOD0005"", ""FMOD0102""]",1.0,True,
80,REAL,EXACT,Q6K00325,80,40939,80,20.420195,"[""FMOD0086"", ""FMOD0023"", ""FMOD0050"", ""FMOD0044"", ""FMOD0029"", ""FMOD0035"", ""FMOD0030"", ""FMOD0069"", ""FMOD0043"", ""FMOD0082""]",1.0,True,
80,REAL,EXACT,Q6K00326,80,40939,80,18.586318,"[""FMOD0099"", ""FMOD0055"", ""FMOD0066"", ""FMOD0036"", ""FMOD0102"", ""FMOD0056"", ""FMOD0112"", ""FMOD0029"", ""FMOD0023"", ""FMOD0017""]",1.0,True,
80,REAL,EXACT,Q6K00327,80,40939,80,18.526168,"[""FMOD0016"", ""FMOD0051"", ""FMOD0055"", ""FMOD0075"", ""FMOD0035"", ""FMOD0077"", ""FMOD0023"", ""FMOD0029"", ""FMOD0036"", ""FMOD0079""]",1.0,True,
80,REAL,EXACT,Q6K00332,80,40939,80,18.555278,"[""FMOD0044"", ""FMOD0035"", ""FMOD0029"", ""FMOD0069"", ""FMOD0030"", ""FMOD0086"", ""FMOD0120"", ""FMOD0119"", ""FMOD0050"", ""FMOD0036""]",1.0,True,
80,REAL,EXACT,Q6K00333,80,40939,80,19.422826,"[""FMOD0069"", ""FMOD0044"", ""FMOD0011"", ""FMOD0119"", ""FMOD0029"", ""FMOD0083"", ""FMOD0025"", ""FMOD0079"", ""FMOD0110"", ""FMOD0035""]",1.0,True,
80,REAL,EXACT,Q6K00336,80,40939,80,18.476877,"[""FMOD0014"", ""FMOD0023"", ""FMOD0079"", ""FMOD0035"", ""FMOD0082"", ""FMOD0029"", ""FMOD0120"", ""FMOD0119"", ""FMOD0102"", ""FMOD0087""]",1.0,True,
80,REAL,EXACT,Q6K00338,80,40939,80,18.701269,"[""FMOD0074"", ""FMOD0067"", ""FMOD0003"", ""FMOD0056"", ""FMOD0029"", ""FMOD0119"", ""FMOD0035"", ""FMOD0004"", ""FMOD0082"", ""FMOD0110""]",1.0,True,
80,REAL,EXACT,Q6K00340,80,40939,80,18.624607,"[""FMOD0025"", ""FMOD0011"", ""FMOD0089"", ""FMOD0029"", ""FMOD0023"", ""FMOD0030"", ""FMOD0069"", ""FMOD0035"", ""FMOD0119"", ""FMOD0079""]",1.0,True,
80,REAL,EXACT,Q6K00342,80,40939,80,19.239659,"[""FMOD0087"", ""FMOD0053"", ""FMOD0023"", ""FMOD0040"", ""FMOD0069"", ""FMOD0029"", ""FMOD0002"", ""FMOD0056"", ""FMOD0025"", ""FMOD0096""]",1.0,True,
80,REAL,EXACT,Q6K00343,80,40939,80,18.368954,"[""FMOD0087"", ""FMOD0016"", ""FMOD0055"", ""FMOD0030"", ""FMOD0029"", ""FMOD0023"", ""FMOD0102"", ""FMOD0056"", ""FMOD0035"", ""FMOD0119""]",1.0,True,
80,REAL,EXACT,Q6K00344,80,40939,80,18.60067,"[""FMOD0023"", ""FMOD0025"", ""FMOD0043"", ""FMOD0069"", ""FMOD0029"", ""FMOD0030"", ""FMOD0082"", ""FMOD0055"", ""FMOD0035"", ""FMOD0040""]",1.0,True,
80,REAL,EXACT,Q6K00351,80,40939,80,18.607401,"[""FMOD0005"", ""FMOD0099"", ""FMOD0022"", ""FMOD0082"", ""FMOD0055"", ""FMOD0029"", ""FMOD0020"", ""FMOD0119"", ""FMOD0030"", ""FMOD0079""]",1.0,True,
80,REAL,EXACT,Q6K00355,80,40939,80,18.664261,"[""FMOD0043"", ""FMOD0023"", ""FMOD0035"", ""FMOD0077"", ""FMOD0016"", ""FMOD0029"", ""FMOD0102"", ""FMOD0119"", ""FMOD0069"", ""FMOD0030""]",1.0,True,
80,REAL,EXACT,Q6K00359,80,40939,80,18.214874,"[""FMOD0086"", ""FMOD0087"", ""FMOD0044"", ""FMOD0056"", ""FMOD0097"", ""FMOD0029"", ""FMOD0079"", ""FMOD0102"", ""FMOD0036"", ""FMOD0051""]",1.0,True,
80,REAL,EXACT,Q6K00360,80,40939,80,18.290193,"[""FMOD0066"", ""FMOD0060"", ""FMOD0043"", ""FMOD0082"", ""FMOD0030"", ""FMOD0035"", ""FMOD0055"", ""FMOD0112"", ""FMOD0023"", ""FMOD0119""]",1.0,True,
80,REAL,EXACT,Q6K00363,80,40939,80,18.342453,"[""FMOD0066"", ""FMOD0029"", ""FMOD0102"", ""FMOD0056"", ""FMOD0119"", ""FMOD0069"", ""FMOD0120"", ""FMOD0035"", ""FMOD0023"", ""FMOD0030""]",1.0,True,
80,REAL,EXACT,Q6K00365,80,40939,80,18.331996,"[""FMOD0087"", ""FMOD0029"", ""FMOD0035"", ""FMOD0023"", ""FMOD0119"", ""FMOD0016"", ""FMOD0055"", ""FMOD0036"", ""FMOD0030"", ""FMOD0082""]",1.0,True,
80,REAL,EXACT,Q6K00372,80,40939,80,18.540501,"[""FMOD0023"", ""FMOD0035"", ""FMOD0020"", ""FMOD0016"", ""FMOD0051"", ""FMOD0029"", ""FMOD0030"", ""FMOD0119"", ""FMOD0102"", ""FMOD0069""]",1.0,True,
80,REAL,EXACT,Q6K00375,80,40939,80,18.282787,"[""FMOD0099"", ""FMOD0023"", ""FMOD0069"", ""FMOD0025"", ""FMOD0055"", ""FMOD0082"", ""FMOD0029"", ""FMOD0083"", ""FMOD0119"", ""FMOD0035""]",1.0,True,
80,REAL,EXACT,Q6K00377,80,40939,80,18.310766,"[""FMOD0082"", ""FMOD0022"", ""FMOD0023"", ""FMOD0069"", ""FMOD0055"", ""FMOD0025"", ""FMOD0100"", ""FMOD0029"", ""FMOD0119"", ""FMOD0035""]",1.0,True,
80,REAL,EXACT,Q6K00378,80,40939,80,18.381507,"[""FMOD0023"", ""FMOD0030"", ""FMOD0055"", ""FMOD0029"", ""FMOD0083"", ""FMOD0025"", ""FMOD0079"", ""FMOD0119"", ""FMOD0102"", ""FMOD0120""]",1.0,True,
80,REAL,EXACT,Q6K00380,80,40939,80,18.272385,"[""FMOD0023"", ""FMOD0029"", ""FMOD0030"", ""FMOD0035"", ""FMOD0082"", ""FMOD0119"", ""FMOD0102"", ""FMOD0110"", ""FMOD0036"", ""FMOD0120""]",1.0,True,
80,REAL,EXACT,Q6K00384,80,40939,80,18.566538,"[""FMOD0083"", ""FMOD0029"", ""FMOD0069"", ""FMOD0086"", ""FMOD0035"", ""FMOD0120"", ""FMOD0056"", ""FMOD0030"", ""FMOD0119"", ""FMOD0005""]",1.0,True,
80,REAL,EXACT,Q6K00389,80,40939,80,18.438908,"[""FMOD0055"", ""FMOD0023"", ""FMOD0029"", ""FMOD0035"", ""FMOD0082"", ""FMOD0079"", ""FMOD0119"", ""FMOD0056"", ""FMOD0102"", ""FMOD0030""]",1.0,True,
80,REAL,EXACT,Q6K00390,80,40939,80,18.266527,"[""FMOD0023"", ""FMOD0102"", ""FMOD0029"", ""FMOD0119"", ""FMOD0120"", ""FMOD0069"", ""FMOD0035"", ""FMOD0056"", ""FMOD0082"", ""FMOD0079""]",1.0,True,
80,REAL,EXACT,Q6K00393,80,40939,80,19.271198,"[""FMOD0029"", ""FMOD0023"", ""FMOD0102"", ""FMOD0119"", ""FMOD0120"", ""FMOD0036"", ""FMOD0030"", ""FMOD0053"", ""FMOD0113"", ""FMOD0035""]",1.0,True,
80,REAL,EXACT,Q6K00395,80,40939,80,18.953331,"[""FMOD0053"", ""FMOD0069"", ""FMOD0035"", ""FMOD0023"", ""FMOD0029"", ""FMOD0056"", ""FMOD0119"", ""FMOD0036"", ""FMOD0112"", ""FMOD0004""]",1.0,True,
80,REAL,EXACT,Q6K00396,80,40939,80,18.581016,"[""FMOD0066"", ""FMOD0035"", ""FMOD0023"", ""FMOD0051"", ""FMOD0029"", ""FMOD0082"", ""FMOD0119"", ""FMOD0036"", ""FMOD0102"", ""FMOD0055""]",1.0,True,
80,REAL,EXACT,Q6K00400,80,40939,80,18.53028,"[""FMOD0023"", ""FMOD0025"", ""FMOD0035"", ""FMOD0069"", ""FMOD0030"", ""FMOD0055"", ""FMOD0078"", ""FMOD0100"", ""FMOD0036"", ""FMOD0056""]",1.0,True,
80,REAL,EXACT,Q6K00403,80,40939,80,18.348426,"[""FMOD0035"", ""FMOD0033"", ""FMOD0029"", ""FMOD0119"", ""FMOD0120"", ""FMOD0078"", ""FMOD0024"", ""FMOD0080"", ""FMOD0108"", ""FMOD0102""]",1.0,True,
80,REAL,EXACT,Q6K00405,80,40939,80,18.646521,"[""FMOD0016"", ""FMOD0102"", ""FMOD0031"", ""FMOD0056"", ""FMOD0029"", ""FMOD0023"", ""FMOD0082"", ""FMOD0035"", ""FMOD0033"", ""FMOD0079""]",1.0,True,
80,REAL,EXACT,Q6K00407,80,40939,80,18.673966,"[""FMOD0005"", ""FMOD0029"", ""FMOD0120"", ""FMOD0069"", ""FMOD0102"", ""FMOD0030"", ""FMOD0119"", ""FMOD0079"", ""FMOD0023"", ""FMOD0020""]",1.0,True,
80,REAL,EXACT,Q6K00410,80,40939,80,18.218146,"[""FMOD0005"", ""FMOD0030"", ""FMOD0023"", ""FMOD0035"", ""FMOD0055"", ""FMOD0029"", ""FMOD0082"", ""FMOD0089"", ""FMOD0024"", ""FMOD0113""]",1.0,True,
80,REAL,EXACT,Q6K00417,80,40939,80,18.368708,"[""FMOD0051"", ""FMOD0082"", ""FMOD0102"", ""FMOD0035"", ""FMOD0067"", ""FMOD0119"", ""FMOD0005"", ""FMOD0056"", ""FMOD0086"", ""FMOD0036""]",1.0,True,
80,REAL,EXACT,Q6K00420,80,40939,80,18.205198,"[""FMOD0036"", ""FMOD0004"", ""FMOD0067"", ""FMOD0119"", ""FMOD0029"", ""FMOD0035"", ""FMOD0079"", ""FMOD0120"", ""FMOD0023"", ""FMOD0055""]",1.0,True,
80,REAL,EXACT,Q6K00422,80,40939,80,18.619171,"[""FMOD0053"", ""FMOD0083"", ""FMOD0035"", ""FMOD0082"", ""FMOD0023"", ""FMOD0029"", ""FMOD0051"", ""FMOD0030"", ""FMOD0079"", ""FMOD0036""]",1.0,True,
80,REAL,EXACT,Q6K00423,80,40939,80,18.361545,"[""FMOD0061"", ""FMOD0004"", ""FMOD0086"", ""FMOD0035"", ""FMOD0029"", ""FMOD0033"", ""FMOD0056"", ""FMOD0014"", ""FMOD0102"", ""FMOD0119""]",1.0,True,
80,REAL,EXACT,Q6K00424,80,40939,80,18.361718,"[""FMOD0053"", ""FMOD0102"", ""FMOD0029"", ""FMOD0082"", ""FMOD0023"", ""FMOD0035"", ""FMOD0077"", ""FMOD0069"", ""FMOD0033"", ""FMOD0056""]",1.0,True,
80,REAL,EXACT,Q6K00427,80,40939,80,18.587694,"[""FMOD0005"", ""FMOD0035"", ""FMOD0082"", ""FMOD0055"", ""FMOD0056"", ""FMOD0043"", ""FMOD0072"", ""FMOD0002"", ""FMOD0011"", ""FMOD0023""]",1.0,True,
80,REAL,EXACT,Q6K00435,80,40939,80,18.417794,"[""FMOD0099"", ""FMOD0069"", ""FMOD0029"", ""FMOD0119"", ""FMOD0023"", ""FMOD0035"", ""FMOD0102"", ""FMOD0030"", ""FMOD0120"", ""FMOD0110""]",1.0,True,
80,REAL,EXACT,Q6K00436,80,40939,80,18.791377,"[""FMOD0099"", ""FMOD0044"", ""FMOD0029"", ""FMOD0030"", ""FMOD0035"", ""FMOD0023"", ""FMOD0119"", ""FMOD0036"", ""FMOD0120"", ""FMOD0069""]",1.0,True,
80,REAL,EXACT,Q6K00438,80,40939,80,18.759375,"[""FMOD0022"", ""FMOD0055"", ""FMOD0029"", ""FMOD0082"", ""FMOD0030"", ""FMOD0023"", ""FMOD0102"", ""FMOD0069"", ""FMOD0110"", ""FMOD0079""]",1.0,True,
80,REAL,EXACT,Q6K00442,80,40939,80,18.998971,"[""FMOD0087"", ""FMOD0029"", ""FMOD0120"", ""FMOD0035"", ""FMOD0082"", ""FMOD0056"", ""FMOD0102"", ""FMOD0079"", ""FMOD0119"", ""FMOD0005""]",1.0,True,
80,REAL,EXACT,Q6K00443,80,40939,80,18.507472,"[""FMOD0035"", ""FMOD0011"", ""FMOD0023"", ""FMOD0082"", ""FMOD0119"", ""FMOD0102"", ""FMOD0112"", ""FMOD0079"", ""FMOD0060"", ""FMOD0030""]",1.0,True,
80,REAL,EXACT,Q6K00444,80,40939,80,18.985338,"[""FMOD0003"", ""FMOD0022"", ""FMOD0069"", ""FMOD0120"", ""FMOD0119"", ""FMOD0079"", ""FMOD0102"", ""FMOD0005"", ""FMOD0078"", ""FMOD0082""]",1.0,True,
80,REAL,EXACT,Q6K00446,80,40939,80,19.147256,"[""FMOD0082"", ""FMOD0067"", ""FMOD0060"", ""FMOD0035"", ""FMOD0023"", ""FMOD0097"", ""FMOD0022"", ""FMOD0029"", ""FMOD0119"", ""FMOD0102""]",1.0,True,
80,REAL,EXACT,Q6K00453,80,40939,80,18.959703,"[""FMOD0044"", ""FMOD0079"", ""FMOD0029"", ""FMOD0119"", ""FMOD0023"", ""FMOD0102"", ""FMOD0120"", ""FMOD0083"", ""FMOD0035"", ""FMOD0110""]",1.0,True,
80,REAL,EXACT,Q6K00456,80,40939,80,18.804551,"[""FMOD0004"", ""FMOD0016"", ""FMOD0067"", ""FMOD0113"", ""FMOD0036"", ""FMOD0029"", ""FMOD0023"", ""FMOD0035"", ""FMOD0056"", ""FMOD0079""]",1.0,True,
80,REAL,EXACT,Q6K00458,80,40939,80,18.57193,"[""FMOD0079"", ""FMOD0023"", ""FMOD0016"", ""FMOD0035"", ""FMOD0030"", ""FMOD0029"", ""FMOD0020"", ""FMOD0102"", ""FMOD0082"", ""FMOD0119""]",1.0,True,
80,REAL,EXACT,Q6K00461,80,40939,80,18.522791,"[""FMOD0001"", ""FMOD0003"", ""FMOD0089"", ""FMOD0030"", ""FMOD0035"", ""FMOD0029"", ""FMOD0051"", ""FMOD0120"", ""FMOD0023"", ""FMOD0119""]",1.0,True,
80,REAL,EXACT,Q6K00465,80,40939,80,18.224947,"[""FMOD0083"", ""FMOD0096"", ""FMOD0029"", ""FMOD0023"", ""FMOD0036"", ""FMOD0110"", ""FMOD0119"", ""FMOD0035"", ""FMOD0005"", ""FMOD0120""]",1.0,True,
80,REAL,EXACT,Q6K00470,80,40939,80,18.770875,"[""FMOD0060"", ""FMOD0102"", ""FMOD0029"", ""FMOD0061"", ""FMOD0120"", ""FMOD0119"", ""FMOD0056"", ""FMOD0069"", ""FMOD0035"", ""FMOD0079""]",1.0,True,
80,REAL,EXACT,Q6K00471,80,40939,80,18.708545,"[""FMOD0025"", ""FMOD0099"", ""FMOD0029"", ""FMOD0024"", ""FMOD0005"", ""FMOD0014"", ""FMOD0113"", ""FMOD0083"", ""FMOD0120"", ""FMOD0023""]",1.0,True,
80,REAL,EXACT,Q6K00473,80,40939,80,18.455909,"[""FMOD0086"", ""FMOD0079"", ""FMOD0056"", ""FMOD0078"", ""FMOD0097"", ""FMOD0036"", ""FMOD0083"", ""FMOD0119"", ""FMOD0029"", ""FMOD0004""]",1.0,True,
80,REAL,EXACT,Q6K00479,80,40939,80,18.326909,"[""FMOD0066"", ""FMOD0022"", ""FMOD0082"", ""FMOD0023"", ""FMOD0035"", ""FMOD0079"", ""FMOD0036"", ""FMOD0029"", ""FMOD0112"", ""FMOD0030""]",1.0,True,
80,REAL,EXACT,Q6K00481,80,40939,80,18.271024,"[""FMOD0035"", ""FMOD0023"", ""FMOD0051"", ""FMOD0029"", ""FMOD0119"", ""FMOD0082"", ""FMOD0102"", ""FMOD0030"", ""FMOD0120"", ""FMOD0036""]",1.0,True,
80,REAL,EXACT,Q6K00484,80,40939,80,18.417312,"[""FMOD0029"", ""FMOD0030"", ""FMOD0035"", ""FMOD0023"", ""FMOD0119"", ""FMOD0082"", ""FMOD0051"", ""FMOD0036"", ""FMOD0120"", ""FMOD0069""]",1.0,True,
80,REAL,EXACT,Q6K00485,80,40939,80,18.808859,"[""FMOD0069"", ""FMOD0035"", ""FMOD0023"", ""FMOD0119"", ""FMOD0029"", ""FMOD0056"", ""FMOD0036"", ""FMOD0112"", ""FMOD0067"", ""FMOD0078""]",1.0,True,
80,REAL,EXACT,Q6K00489,80,40939,80,19.100538,"[""FMOD0080"", ""FMOD0086"", ""FMOD0015"", ""FMOD0029"", ""FMOD0023"", ""FMOD0119"", ""FMOD0030"", ""FMOD0102"", ""FMOD0069"", ""FMOD0082""]",1.0,True,
80,REAL,EXACT,Q6K00495,80,40939,80,18.788642,"[""FMOD0083"", ""FMOD0096"", ""FMOD0029"", ""FMOD0023"", ""FMOD0119"", ""FMOD0035"", ""FMOD0110"", ""FMOD0069"", ""FMOD0036"", ""FMOD0030""]",1.0,True,
80,REAL,EXACT,Q6K00498,80,40939,80,19.683462,"[""FMOD0055"", ""FMOD0023"", ""FMOD0069"", ""FMOD0082"", ""FMOD0025"", ""FMOD0100"", ""FMOD0029"", ""FMOD0035"", ""FMOD0102"", ""FMOD0036""]",1.0,True,
80,REAL,EXACT,Q6K00507,80,40939,80,19.536447,"[""FMOD0082"", ""FMOD0023"", ""FMOD0035"", ""FMOD0059"", ""FMOD0016"", ""FMOD0030"", ""FMOD0029"", ""FMOD0119"", ""FMOD0112"", ""FMOD0120""]",1.0,True,
80,REAL,EXACT,Q6K00511,80,40939,80,19.404214,"[""FMOD0030"", ""FMOD0055"", ""FMOD0029"", ""FMOD0083"", ""FMOD0025"", ""FMOD0079"", ""FMOD0102"", ""FMOD0119"", ""FMOD0023"", ""FMOD0120""]",1.0,True,
80,REAL,EXACT,Q6K00512,80,40939,80,18.214179,"[""FMOD0035"", ""FMOD0023"", ""FMOD0119"", ""FMOD0029"", ""FMOD0110"", ""FMOD0108"", ""FMOD0036"", ""FMOD0042"", ""FMOD0060"", ""FMOD0083""]",1.0,True,
80,REAL,EXACT,Q6K00513,80,40939,80,18.550883,"[""FMOD0029"", ""FMOD0110"", ""FMOD0056"", ""FMOD0023"", ""FMOD0083"", ""FMOD0119"", ""FMOD0112"", ""FMOD0036"", ""FMOD0078"", ""FMOD0024""]",1.0,True,
80,REAL,EXACT,Q6K00517,80,40939,80,18.339321,"[""FMOD0082"", ""FMOD0029"", ""FMOD0023"", ""FMOD0119"", ""FMOD0022"", ""FMOD0102"", ""FMOD0097"", ""FMOD0051"", ""FMOD0035"", ""FMOD0120""]",1.0,True,
80,REAL,EXACT,Q6K00518,80,40939,80,18.959336,"[""FMOD0029"", ""FMOD0035"", ""FMOD0102"", ""FMOD0119"", ""FMOD0110"", ""FMOD0096"", ""FMOD0108"", ""FMOD0018"", ""FMOD0069"", ""FMOD0030""]",1.0,True,
80,REAL,EXACT,Q6K00523,80,40939,80,18.942481,"[""FMOD0082"", ""FMOD0029"", ""FMOD0035"", ""FMOD0023"", ""FMOD0119"", ""FMOD0102"", ""FMOD0051"", ""FMOD0120"", ""FMOD0036"", ""FMOD0110""]",1.0,True,
80,REAL,EXACT,Q6K00528,80,40939,80,18.465253,"[""FMOD0035"", ""FMOD0023"", ""FMOD0051"", ""FMOD0029"", ""FMOD0079"", ""FMOD0119"", ""FMOD0082"", ""FMOD0005"", ""FMOD0030"", ""FMOD0102""]",1.0,True,
80,REAL,EXACT,Q6K00530,80,40939,80,18.418013,"[""FMOD0069"", ""FMOD0035"", ""FMOD0023"", ""FMOD0029"", ""FMOD0119"", ""FMOD0056"", ""FMOD0036"", ""FMOD0112"", ""FMOD0067"", ""FMOD0078""]",1.0,True,
80,REAL,EXACT,Q6K00531,80,40939,80,18.789065,"[""FMOD0082"", ""FMOD0029"", ""FMOD0035"", ""FMOD0023"", ""FMOD0119"", ""FMOD0102"", ""FMOD0030"", ""FMOD0110"", ""FMOD0051"", ""FMOD0079""]",1.0,True,
80,REAL,EXACT,Q6K00533,80,40939,80,18.667678,"[""FMOD0029"", ""FMOD0119"", ""FMOD0023"", ""FMOD0036"", ""FMOD0030"", ""FMOD0102"", ""FMOD0035"", ""FMOD0120"", ""FMOD0110"", ""FMOD0069""]",1.0,True,
80,REAL,EXACT,Q6K00535,80,40939,80,16.420027,"[""FMOD0035"", ""FMOD0118"", ""FMOD0102"", ""FMOD0069"", ""FMOD0029"", ""FMOD0030"", ""FMOD0036"", ""FMOD0079"", ""FMOD0120"", ""FMOD0119""]",1.0,True,
80,REAL,EXACT,Q6K00537,80,40939,80,18.652665,"[""FMOD0055"", ""FMOD0023"", ""FMOD0069"", ""FMOD0025"", ""FMOD0082"", ""FMOD0100"", ""FMOD0029"", ""FMOD0119"", ""FMOD0036"", ""FMOD0035""]",1.0,True,
80,REAL,EXACT,Q6K00538,80,40939,80,18.04442,"[""FMOD0055"", ""FMOD0023"", ""FMOD0069"", ""FMOD0025"", ""FMOD0082"", ""FMOD0100"", ""FMOD0029"", ""FMOD0035"", ""FMOD0119"", ""FMOD0036""]",1.0,True,
80,REAL,FAST,Q6K00183,80,40939,41,19.285069,"[""FMOD0023"", ""FMOD0029"", ""FMOD0036"", ""FMOD0119"", ""FMOD0035"", ""FMOD0082"", ""FMOD0030"", ""FMOD0120"", ""FMOD0102"", ""FMOD0110""]",1.0,True,41.0
80,REAL,FAST,Q6K00184,80,40939,31,18.1927,"[""FMOD0004"", ""FMOD0067"", ""FMOD0113"", ""FMOD0036"", ""FMOD0056"", ""FMOD0110"", ""FMOD0020"", ""FMOD0024"", ""FMOD0083"", ""FMOD0035""]",0.8,False,31.0
80,REAL,FAST,Q6K00193,80,40939,44,19.90567,"[""FMOD0025"", ""FMOD0069"", ""FMOD0023"", ""FMOD0029"", ""FMOD0056"", ""FMOD0055"", ""FMOD0078"", ""FMOD0096"", ""FMOD0080"", ""FMOD0102""]",1.0,True,44.0
80,REAL,FAST,Q6K00195,80,40939,8,9.751282,"[""FMOD0061"", ""FMOD0083"", ""FMOD0029"", ""FMOD0119"", ""FMOD0120"", ""FMOD0110"", ""FMOD0025"", ""FMOD0073""]",0.3,False,8.0
80,REAL,FAST,Q6K00197,80,40939,47,18.513994,"[""FMOD0069"", ""FMOD0029"", ""FMOD0102"", ""FMOD0030"", ""FMOD0119"", ""FMOD0005"", ""FMOD0120"", ""FMOD0033"", ""FMOD0036"", ""FMOD0110""]",1.0,True,47.0
80,REAL,FAST,Q6K00199,80,40939,48,19.308917,"[""FMOD0067"", ""FMOD0069"", ""FMOD0029"", ""FMOD0102"", ""FMOD0119"", ""FMOD0056"", ""FMOD0120"", ""FMOD0030"", ""FMOD0026"", ""FMOD0023""]",1.0,True,48.0
80,REAL,FAST,Q6K00200,80,40939,3,2.484568,"[""FMOD0051"", ""FMOD0082"", ""FMOD0120""]",0.3,False,3.0
80,REAL,FAST,Q6K00201,80,40939,4,1.91755,"[""FMOD0066"", ""FMOD0055"", ""FMOD0005"", ""FMOD0050""]",0.2,False,4.0
80,REAL,FAST,Q6K00205,80,40939,14,13.024057,"[""FMOD0051"", ""FMOD0023"", ""FMOD0035"", ""FMOD0020"", ""FMOD0016"", ""FMOD0029"", ""FMOD0082"", ""FMOD0030"", ""FMOD0120"", ""FMOD0112""]",0.8,False,14.0
80,REAL,FAST,Q6K00206,80,40939,16,13.260267,"[""FMOD0016"", ""FMOD0102"", ""FMOD0029"", ""FMOD0023"", ""FMOD0035"", ""FMOD0082"", ""FMOD0030"", ""FMOD0091"", ""FMOD0020"", ""FMOD0110""]",0.7,False,16.0
80,REAL,FAST,Q6K00207,80,40939,17,16.436193,"[""FMOD0023"", ""FMOD0029"", ""FMOD0035"", ""FMOD0120"", ""FMOD0102"", ""FMOD0069"", ""FMOD0119"", ""FMOD0077"", ""FMOD0079"", ""FMOD0036""]",0.8,False,17.0
80,REAL,FAST,Q6K00208,80,40939,19,13.76538,"[""FMOD0102"", ""FMOD0079"", ""FMOD0023"", ""FMOD0030"", ""FMOD0029"", ""FMOD0055"", ""FMOD0036"", ""FMOD0120"", ""FMOD0119"", ""FMOD0020""]",0.7,False,19.0
80,REAL,FAST,Q6K00212,80,40939,11,14.721613,"[""FMOD0060"", ""FMOD0029"", ""FMOD0023"", ""FMOD0075"", ""FMOD0102"", ""FMOD0030"", ""FMOD0055"", ""FMOD0079"", ""FMOD0069"", ""FMOD0051""]",0.5,False,11.0
80,REAL,FAST,Q6K00216,80,40939,10,11.995017,"[""FMOD0016"", ""FMOD0029"", ""FMOD0035"", ""FMOD0023"", ""FMOD0119"", ""FMOD0030"", ""FMOD0036"", ""FMOD0110"", ""FMOD0033"", ""FMOD0053""]",0.5,False,10.0
80,REAL,FAST,Q6K00227,80,40939,6,11.802145,"[""FMOD0096"", ""FMOD0029"", ""FMOD0119"", ""FMOD0056"", ""FMOD0069"", ""FMOD0030""]",0.5,False,6.0
80,REAL,FAST,Q6K00232,80,40939,16,11.019454,"[""FMOD0060"", ""FMOD0029"", ""FMOD0023"", ""FMOD0036"", ""FMOD0075"", ""FMOD0102"", ""FMOD0082"", ""FMOD0055"", ""FMOD0079"", ""FMOD0026""]",0.5,False,16.0
80,REAL,FAST,Q6K00235,80,40939,6,11.518208,"[""FMOD0096"", ""FMOD0029"", ""FMOD0119"", ""FMOD0056"", ""FMOD0069"", ""FMOD0030""]",0.6,False,6.0
80,REAL,FAST,Q6K00236,80,40939,20,14.134457,"[""FMOD0036"", ""FMOD0119"", ""FMOD0120"", ""FMOD0056"", ""FMOD0082"", ""FMOD0091"", ""FMOD0029"", ""FMOD0035"", ""FMOD0055"", ""FMOD0078""]",0.7,False,20.0
80,REAL,FAST,Q6K00237,80,40939,10,10.902664,"[""FMOD0067"", ""FMOD0029"", ""FMOD0120"", ""FMOD0023"", ""FMOD0056"", ""FMOD0082"", ""FMOD0035"", ""FMOD0004"", ""FMOD0022"", ""FMOD0076""]",0.6,False,10.0
80,REAL,FAST,Q6K00240,80,40939,40,18.210063,"[""FMOD0069"", ""FMOD0029"", ""FMOD0110"", ""FMOD0104"", ""FMOD0035"", ""FMOD0119"", ""FMOD0043"", ""FMOD0023"", ""FMOD0102"", ""FMOD0083""]",1.0,True,40.0
80,REAL,FAST,Q6K00247,80,40939,49,18.962213,"[""FMOD0069"", ""FMOD0060"", ""FMOD0119"", ""FMOD0029"", ""FMOD0023"", ""FMOD0083"", ""FMOD0025"", ""FMOD0110"", ""FMOD0079"", ""FMOD0003""]",1.0,True,49.0
80,REAL,FAST,Q6K00251,80,40939,15,17.644929,"[""FMOD0044"", ""FMOD0067"", ""FMOD0119"", ""FMOD0029"", ""FMOD0023"", ""FMOD0120"", ""FMOD0035"", ""FMOD0030"", ""FMOD0102"", ""FMOD0069""]",0.8,False,15.0
80,REAL,FAST,Q6K00252,80,40939,43,18.628709,"[""FMOD0043"", ""FMOD0086"", ""FMOD0035"", ""FMOD0023"", ""FMOD0102"", ""FMOD0029"", ""FMOD0096"", ""FMOD0069"", ""FMOD0079"", ""FMOD0024""]",1.0,True,43.0
80,REAL,FAST,Q6K00258,80,40939,46,18.925676,"[""FMOD0096"", ""FMOD0001"", ""FMOD0029"", ""FMOD0035"", ""FMOD0030"", ""FMOD0120"", ""FMOD0119"", ""FMOD0056"", ""FMOD0069"", ""FMOD0036""]",1.0,True,46.0
80,REAL,FAST,Q6K00259,80,40939,42,19.337258,"[""FMOD0043"", ""FMOD0089"", ""FMOD0035"", ""FMOD0102"", ""FMOD0096"", ""FMOD0023"", ""FMOD0029"", ""FMOD0069"", ""FMOD0079"", ""FMOD0024""]",1.0,True,42.0
80,REAL,FAST,Q6K00262,80,40939,50,19.4218,"[""FMOD0069"", ""FMOD0060"", ""FMOD0023"", ""FMOD0025"", ""FMOD0055"", ""FMOD0082"", ""FMOD0100"", ""FMOD0029"", ""FMOD0102"", ""FMOD0119""]",1.0,True,50.0
80,REAL,FAST,Q6K00264,80,40939,14,14.495063,"[""FMOD0043"", ""FMOD0066"", ""FMOD0035"", ""FMOD0056"", ""FMOD0023"", ""FMOD0029"", ""FMOD0102"", ""FMOD0120"", ""FMOD0036"", ""FMOD0110""]",0.6,False,14.0
80,REAL,FAST,Q6K00267,80,40939,33,18.421845,"[""FMOD0022"", ""FMOD0069"", ""FMOD0082"", ""FMOD0023"", ""FMOD0055"", ""FMOD0025"", ""FMOD0100"", ""FMOD0072"", ""FMOD0035"", ""FMOD0040""]",1.0,True,33.0
80,REAL,FAST,Q6K00268,80,40939,44,20.070515,"[""FMOD0077"", ""FMOD0050"", ""FMOD0055"", ""FMOD0083"", ""FMOD0005"", ""FMOD0035"", ""FMOD0029"", ""FMOD0033"", ""FMOD0069"", ""FMOD0091""]",1.0,True,44.0
80,REAL,FAST,Q6K00271,80,40939,24,17.810592,"[""FMOD0086"", ""FMOD0050"", ""FMOD0044"", ""FMOD0120"", ""FMOD0029"", ""FMOD0036"", ""FMOD0069"", ""FMOD0102"", ""FMOD0079"", ""FMOD0082""]",0.8,False,24.0
80,REAL,FAST,Q6K00273,80,40939,12,14.740657,"[""FMOD0023"", ""FMOD0043"", ""FMOD0029"", ""FMOD0102"", ""FMOD0005"", ""FMOD0030"", ""FMOD0120"", ""FMOD0096"", ""FMOD0035"", ""FMOD0069""]",0.6,False,12.0
80,REAL,FAST,Q6K00274,80,40939,28,17.033849,"[""FMOD0004"", ""FMOD0044"", ""FMOD0067"", ""FMOD0113"", ""FMOD0036"", ""FMOD0056"", ""FMOD0035"", ""FMOD0020"", ""FMOD0029"", ""FMOD0024""]",0.9,False,28.0
80,REAL,FAST,Q6K00275,80,40939,27,17.026562,"[""FMOD0086"", ""FMOD0074"", ""FMOD0050"", ""FMOD0029"", ""FMOD0056"", ""FMOD0102"", ""FMOD0035"", ""FMOD0043"", ""FMOD0023"", ""FMOD0069""]",0.9,False,27.0
80,REAL,FAST,Q6K00283,80,40939,14,13.01859,"[""FMOD0036"", ""FMOD0035"", ""FMOD0029"", ""FMOD0023"", ""FMOD0120"", ""FMOD0082"", ""FMOD0110"", ""FMOD0005"", ""FMOD0055"", ""FMOD0031""]",0.6,False,14.0
80,REAL,FAST,Q6K00287,80,40939,37,18.406349,"[""FMOD0003"", ""FMOD0089"", ""FMOD0004"", ""FMOD0067"", ""FMOD0014"", ""FMOD0113"", ""FMOD0036"", ""FMOD0029"", ""FMOD0120"", ""FMOD0020""]",1.0,True,37.0
80,REAL,FAST,Q6K00293,80,40939,42,18.866803,"[""FMOD0074"", ""FMOD0043"", ""FMOD0035"", ""FMOD0029"", ""FMOD0023"", ""FMOD0069"", ""FMOD0102"", ""FMOD0096"", ""FMOD0079"", ""FMOD0024""]",1.0,True,42.0
80,REAL,FAST,Q6K00295,80,40939,41,18.885467,"[""FMOD0066"", ""FMOD0043"", ""FMOD0102"", ""FMOD0029"", ""FMOD0023"", ""FMOD0069"", ""FMOD0035"", ""FMOD0096"", ""FMOD0079"", ""FMOD0119""]",1.0,True,41.0
80,REAL,FAST,Q6K00296,80,40939,18,13.495152,"[""FMOD0060"", ""FMOD0066"", ""FMOD0029"", ""FMOD0102"", ""FMOD0056"", ""FMOD0036"", ""FMOD0055"", ""FMOD0120"", ""FMOD0023"", ""FMOD0119""]",0.7,False,18.0
80,REAL,FAST,Q6K00298,80,40939,50,19.321985,"[""FMOD0074"", ""FMOD0036"", ""FMOD0079"", ""FMOD0119"", ""FMOD0120"", ""FMOD0017"", ""FMOD0091"", ""FMOD0056"", ""FMOD0023"", ""FMOD0083""]",1.0,True,50.0
80,REAL,FAST,Q6K00299,80,40939,12,12.288656,"[""FMOD0040"", ""FMOD0089"", ""FMOD0029"", ""FMOD0035"", ""FMOD0030"", ""FMOD0055"", ""FMOD0023"", ""FMOD0119"", ""FMOD0020"", ""FMOD0110""]",0.7,False,12.0
80,REAL,FAST,Q6K00304,80,40939,27,17.080819,"[""FMOD0077"", ""FMOD0083"", ""FMOD0087"", ""FMOD0023"", ""FMOD0069"", ""FMOD0056"", ""FMOD0020"", ""FMOD0055"", ""FMOD0102"", ""FMOD0025""]",1.0,True,27.0
80,REAL,FAST,Q6K00310,80,40939,17,12.783168,"[""FMOD0074"", ""FMOD0005"", ""FMOD0022"", ""FMOD0035"", ""FMOD0029"", ""FMOD0055"", ""FMOD0102"", ""FMOD0119"", ""FMOD0120"", ""FMOD0030""]",0.6,False,17.0
80,REAL,FAST,Q6K00313,80,40939,50,20.133438,"[""FMOD0061"", ""FMOD0069"", ""FMOD0083"", ""FMOD0066"", ""FMOD0029"", ""FMOD0036"", ""FMOD0033"", ""FMOD0030"", ""FMOD0120"", ""FMOD0005""]",1.0,True,50.0
80,REAL,FAST,Q6K00317,80,40939,10,12.038059,"[""FMOD0061"", ""FMOD0089"", ""FMOD0096"", ""FMOD0029"", ""FMOD0079"", ""FMOD0056"", ""FMOD0030"", ""FMOD0119"", ""FMOD0069"", ""FMOD0053""]",0.5,False,10.0
80,REAL,FAST,Q6K00318,80,40939,24,16.466163,"[""FMOD0086"", ""FMOD0004"", ""FMOD0050"", ""FMOD0082"", ""FMOD0067"", ""FMOD0035"", ""FMOD0102"", ""FMOD0029"", ""FMOD0023"", ""FMOD0079""]",0.7,False,24.0
80,REAL,FAST,Q6K00325,80,40939,21,17.186754,"[""FMOD0086"", ""FMOD0023"", ""FMOD0050"", ""FMOD0044"", ""FMOD0029"", ""FMOD0035"", ""FMOD0030"", ""FMOD0069"", ""FMOD0079"", ""FMOD0056""]",0.8,False,21.0
80,REAL,FAST,Q6K00326,80,40939,21,16.062913,"[""FMOD0099"", ""FMOD0055"", ""FMOD0066"", ""FMOD0102"", ""FMOD0056"", ""FMOD0112"", ""FMOD0029"", ""FMOD0023"", ""FMOD0120"", ""FMOD0030""]",0.8,False,21.0
80,REAL,FAST,Q6K00327,80,40939,11,11.272937,"[""FMOD0016"", ""FMOD0051"", ""FMOD0055"", ""FMOD0029"", ""FMOD0020"", ""FMOD0119"", ""FMOD0030"", ""FMOD0074"", ""FMOD0096"", ""FMOD0018""]",0.4,False,11.0
80,REAL,FAST,Q6K00332,80,40939,12,15.742255,"[""FMOD0044"", ""FMOD0035"", ""FMOD0029"", ""FMOD0030"", ""FMOD0069"", ""FMOD0119"", ""FMOD0102"", ""FMOD0023"", ""FMOD0055"", ""FMOD0079""]",0.6,False,12.0
80,REAL,FAST,Q6K00333,80,40939,47,18.807733,"[""FMOD0069"", ""FMOD0044"", ""FMOD0011"", ""FMOD0119"", ""FMOD0029"", ""FMOD0083"", ""FMOD0025"", ""FMOD0079"", ""FMOD0110"", ""FMOD0035""]",1.0,True,47.0
80,REAL,FAST,Q6K00336,80,40939,32,16.703291,"[""FMOD0014"", ""FMOD0023"", ""FMOD0079"", ""FMOD0035"", ""FMOD0082"", ""FMOD0029"", ""FMOD0120"", ""FMOD0119"", ""FMOD0102"", ""FMOD0087""]",1.0,True,32.0
80,REAL,FAST,Q6K00338,80,40939,17,15.464939,"[""FMOD0074"", ""FMOD0067"", ""FMOD0003"", ""FMOD0056"", ""FMOD0029"", ""FMOD0119"", ""FMOD0102"", ""FMOD0023"", ""FMOD0120"", ""FMOD0069""]",0.6,False,17.0
80,REAL,FAST,Q6K00340,80,40939,10,14.594211,"[""FMOD0025"", ""FMOD0011"", ""FMOD0089"", ""FMOD0029"", ""FMOD0023"", ""FMOD0069"", ""FMOD0119"", ""FMOD0120"", ""FMOD0102"", ""FMOD0110""]",0.7,False,10.0
80,REAL,FAST,Q6K00342,80,40939,49,19.419267,"[""FMOD0087"", ""FMOD0053"", ""FMOD0023"", ""FMOD0040"", ""FMOD0069"", ""FMOD0029"", ""FMOD0002"", ""FMOD0056"", ""FMOD0025"", ""FMOD0096""]",1.0,True,49.0
80,REAL,FAST,Q6K00343,80,40939,16,13.311243,"[""FMOD0087"", ""FMOD0016"", ""FMOD0055"", ""FMOD0030"", ""FMOD0029"", ""FMOD0023"", ""FMOD0102"", ""FMOD0119"", ""FMOD0082"", ""FMOD0120""]",0.8,False,16.0
80,REAL,FAST,Q6K00344,80,40939,27,17.839245,"[""FMOD0023"", ""FMOD0025"", ""FMOD0043"", ""FMOD0069"", ""FMOD0029"", ""FMOD0030"", ""FMOD0082"", ""FMOD0055"", ""FMOD0035"", ""FMOD0040""]",1.0,True,27.0
80,REAL,FAST,Q6K00351,80,40939,18,13.234955,"[""FMOD0005"", ""FMOD0099"", ""FMOD0022"", ""FMOD0082"", ""FMOD0055"", ""FMOD0029"", ""FMOD0020"", ""FMOD0119"", ""FMOD0030"", ""FMOD0035""]",0.9,False,18.0
80,REAL,FAST,Q6K00355,80,40939,49,19.346886,"[""FMOD0043"", ""FMOD0023"", ""FMOD0035"", ""FMOD0077"", ""FMOD0016"", ""FMOD0029"", ""FMOD0102"", ""FMOD0119"", ""FMOD0069"", ""FMOD0030""]",1.0,True,49.0
80,REAL,FAST,Q6K00359,80,40939,22,16.885612,"[""FMOD0086"", ""FMOD0087"", ""FMOD0044"", ""FMOD0056"", ""FMOD0029"", ""FMOD0079"", ""FMOD0102"", ""FMOD0036"", ""FMOD0055"", ""FMOD0069""]",0.8,False,22.0
80,REAL,FAST,Q6K00360,80,40939,12,13.440598,"[""FMOD0066"", ""FMOD0060"", ""FMOD0043"", ""FMOD0030"", ""FMOD0055"", ""FMOD0023"", ""FMOD0102"", ""FMOD0029"", ""FMOD0069"", ""FMOD0005""]",0.6,False,12.0
80,REAL,FAST,Q6K00363,80,40939,29,17.477218,"[""FMOD0066"", ""FMOD0029"", ""FMOD0102"", ""FMOD0056"", ""FMOD0119"", ""FMOD0069"", ""FMOD0120"", ""FMOD0035"", ""FMOD0023"", ""FMOD0030""]",1.0,True,29.0
80,REAL,FAST,Q6K00365,80,40939,12,5.749237,"[""FMOD0087"", ""FMOD0035"", ""FMOD0023"", ""FMOD0119"", ""FMOD0036"", ""FMOD0082"", ""FMOD0102"", ""FMOD0020"", ""FMOD0091"", ""FMOD0080""]",0.6,False,12.0
80,REAL,FAST,Q6K00372,80,40939,17,15.936956,"[""FMOD0023"", ""FMOD0035"", ""FMOD0020"", ""FMOD0016"", ""FMOD0051"", ""FMOD0029"", ""FMOD0030"", ""FMOD0119"", ""FMOD0102"", ""FMOD0069""]",1.0,True,17.0
80,REAL,FAST,Q6K00375,80,40939,51,19.33181,"[""FMOD0099"", ""FMOD0023"", ""FMOD0069"", ""FMOD0025"", ""FMOD0055"", ""FMOD0082"", ""FMOD0029"", ""FMOD0083"", ""FMOD0119"", ""FMOD0035""]",1.0,True,51.0
80,REAL,FAST,Q6K00377,80,40939,25,16.733555,"[""FMOD0082"", ""FMOD0022"", ""FMOD0023"", ""FMOD0069"", ""FMOD0055"", ""FMOD0025"", ""FMOD0100"", ""FMOD0029"", ""FMOD0035"", ""FMOD0036""]",0.9,False,25.0
80,REAL,FAST,Q6K00378,80,40939,45,19.064342,"[""FMOD0023"", ""FMOD0030"", ""FMOD0055"", ""FMOD0029"", ""FMOD0083"", ""FMOD0025"", ""FMOD0079"", ""FMOD0119"", ""FMOD0102"", ""FMOD0120""]",1.0,True,45.0
80,REAL,FAST,Q6K00380,80,40939,27,18.15327,"[""FMOD0023"", ""FMOD0029"", ""FMOD0030"", ""FMOD0035"", ""FMOD0082"", ""FMOD0119"", ""FMOD0102"", ""FMOD0110"", ""FMOD0036"", ""FMOD0120""]",1.0,True,27.0
80,REAL,FAST,Q6K00384,80,40939,15,14.098531,"[""FMOD0083"", ""FMOD0029"", ""FMOD0069"", ""FMOD0120"", ""FMOD0056"", ""FMOD0119"", ""FMOD0055"", ""FMOD0102"", ""FMOD0023"", ""FMOD0020""]",0.6,False,15.0
80,REAL,FAST,Q6K00389,80,40939,18,16.021082,"[""FMOD0055"", ""FMOD0023"", ""FMOD0029"", ""FMOD0035"", ""FMOD0056"", ""FMOD0102"", ""FMOD0030"", ""FMOD0120"", ""FMOD0069"", ""FMOD0051""]",0.7,False,18.0
80,REAL,FAST,Q6K00390,80,40939,35,18.345142,"[""FMOD0023"", ""FMOD0102"", ""FMOD0029"", ""FMOD0119"", ""FMOD0120"", ""FMOD0069"", ""FMOD0035"", ""FMOD0056"", ""FMOD0082"", ""FMOD0079""]",1.0,True,35.0
80,REAL,FAST,Q6K00393,80,40939,20,16.31121,"[""FMOD0029"", ""FMOD0023"", ""FMOD0102"", ""FMOD0119"", ""FMOD0113"", ""FMOD0053"", ""FMOD0083"", ""FMOD0036"", ""FMOD0035"", ""FMOD0030""]",0.9,False,20.0
80,REAL,FAST,Q6K00395,80,40939,37,19.101925,"[""FMOD0053"", ""FMOD0069"", ""FMOD0035"", ""FMOD0023"", ""FMOD0029"", ""FMOD0056"", ""FMOD0119"", ""FMOD0036"", ""FMOD0112"", ""FMOD0004""]",1.0,True,37.0
80,REAL,FAST,Q6K00396,80,40939,17,16.313049,"[""FMOD0066"", ""FMOD0035"", ""FMOD0023"", ""FMOD0051"", ""FMOD0029"", ""FMOD0119"", ""FMOD0102"", ""FMOD0082"", ""FMOD0030"", ""FMOD0120""]",0.8,False,17.0
80,REAL,FAST,Q6K00400,80,40939,52,19.625975,"[""FMOD0023"", ""FMOD0025"", ""FMOD0035"", ""FMOD0069"", ""FMOD0030"", ""FMOD0055"", ""FMOD0078"", ""FMOD0100"", ""FMOD0036"", ""FMOD0056""]",1.0,True,52.0
80,REAL,FAST,Q6K00403,80,40939,33,18.671343,"[""FMOD0035"", ""FMOD0033"", ""FMOD0029"", ""FMOD0119"", ""FMOD0120"", ""FMOD0078"", ""FMOD0024"", ""FMOD0080"", ""FMOD0108"", ""FMOD0102""]",1.0,True,33.0
80,REAL,FAST,Q6K00405,80,40939,11,11.75759,"[""FMOD0016"", ""FMOD0102"", ""FMOD0029"", ""FMOD0023"", ""FMOD0082"", ""FMOD0035"", ""FMOD0055"", ""FMOD0040"", ""FMOD0110"", ""FMOD0104""]",0.6,False,11.0
80,REAL,FAST,Q6K00407,80,40939,14,16.273897,"[""FMOD0005"", ""FMOD0029"", ""FMOD0120"", ""FMOD0069"", ""FMOD0030"", ""FMOD0102"", ""FMOD0023"", ""FMOD0020"", ""FMOD0110"", ""FMOD0077""]",0.8,False,14.0
80,REAL,FAST,Q6K00410,80,40939,10,11.830914,"[""FMOD0005"", ""FMOD0030"", ""FMOD0023"", ""FMOD0082"", ""FMOD0089"", ""FMOD0035"", ""FMOD0055"", ""FMOD0029"", ""FMOD0036"", ""FMOD0053""]",0.8,False,10.0
80,REAL,FAST,Q6K00417,80,40939,19,13.810066,"[""FMOD0051"", ""FMOD0082"", ""FMOD0035"", ""FMOD0036"", ""FMOD0120"", ""FMOD0075"", ""FMOD0069"", ""FMOD0030"", ""FMOD0077"", ""FMOD0116""]",0.4,False,19.0
80,REAL,FAST,Q6K00420,80,40939,29,17.468583,"[""FMOD0036"", ""FMOD0004"", ""FMOD0067"", ""FMOD0119"", ""FMOD0029"", ""FMOD0035"", ""FMOD0079"", ""FMOD0120"", ""FMOD0023"", ""FMOD0055""]",1.0,True,29.0
80,REAL,FAST,Q6K00422,80,40939,17,12.251338,"[""FMOD0053"", ""FMOD0083"", ""FMOD0023"", ""FMOD0029"", ""FMOD0036"", ""FMOD0091"", ""FMOD0055"", ""FMOD0020"", ""FMOD0102"", ""FMOD0110""]",0.5,False,17.0
80,REAL,FAST,Q6K00423,80,40939,33,18.303531,"[""FMOD0061"", ""FMOD0004"", ""FMOD0086"", ""FMOD0035"", ""FMOD0029"", ""FMOD0033"", ""FMOD0056"", ""FMOD0014"", ""FMOD0102"", ""FMOD0119""]",1.0,True,33.0
80,REAL,FAST,Q6K00424,80,40939,32,17.975224,"[""FMOD0053"", ""FMOD0102"", ""FMOD0029"", ""FMOD0082"", ""FMOD0023"", ""FMOD0035"", ""FMOD0077"", ""FMOD0069"", ""FMOD0033"", ""FMOD0056""]",1.0,True,32.0
80,REAL,FAST,Q6K00427,80,40939,15,12.191052,"[""FMOD0005"", ""FMOD0035"", ""FMOD0082"", ""FMOD0055"", ""FMOD0056"", ""FMOD0043"", ""FMOD0072"", ""FMOD0002"", ""FMOD0011"", ""FMOD0029""]",0.9,False,15.0
80,REAL,FAST,Q6K00435,80,40939,21,16.175123,"[""FMOD0099"", ""FMOD0069"", ""FMOD0029"", ""FMOD0119"", ""FMOD0023"", ""FMOD0035"", ""FMOD0102"", ""FMOD0120"", ""FMOD0110"", ""FMOD0079""]",0.9,False,21.0
80,REAL,FAST,Q6K00436,80,40939,30,17.637113,"[""FMOD0099"", ""FMOD0044"", ""FMOD0029"", ""FMOD0030"", ""FMOD0035"", ""FMOD0023"", ""FMOD0119"", ""FMOD0036"", ""FMOD0120"", ""FMOD0069""]",1.0,True,30.0
80,REAL,FAST,Q6K00438,80,40939,8,10.319011,"[""FMOD0022"", ""FMOD0055"", ""FMOD0029"", ""FMOD0030"", ""FMOD0119"", ""FMOD0096"", ""FMOD0074"", ""FMOD0044""]",0.4,False,8.0
80,REAL,FAST,Q6K00442,80,40939,12,11.658814,"[""FMOD0087"", ""FMOD0029"", ""FMOD0120"", ""FMOD0102"", ""FMOD0082"", ""FMOD0079"", ""FMOD0119"", ""FMOD0110"", ""FMOD0036"", ""FMOD0055""]",0.7,False,12.0
80,REAL,FAST,Q6K00443,80,40939,20,16.403107,"[""FMOD0035"", ""FMOD0011"", ""FMOD0023"", ""FMOD0082"", ""FMOD0119"", ""FMOD0102"", ""FMOD0079"", ""FMOD0060"", ""FMOD0030"", ""FMOD0069""]",0.9,False,20.0
80,REAL,FAST,Q6K00444,80,40939,17,14.214458,"[""FMOD0003"", ""FMOD0022"", ""FMOD0120"", ""FMOD0119"", ""FMOD0102"", ""FMOD0036"", ""FMOD0023"", ""FMOD0055"", ""FMOD0029"", ""FMOD0035""]",0.5,False,17.0
80,REAL,FAST,Q6K00446,80,40939,29,18.625199,"[""FMOD0082"", ""FMOD0067"", ""FMOD0060"", ""FMOD0035"", ""FMOD0023"", ""FMOD0097"", ""FMOD0022"", ""FMOD0029"", ""FMOD0119"", ""FMOD0102""]",1.0,True,29.0
80,REAL,FAST,Q6K00453,80,40939,19,17.150461,"[""FMOD0044"", ""FMOD0079"", ""FMOD0029"", ""FMOD0030"", ""FMOD0035"", ""FMOD0119"", ""FMOD0120"", ""FMOD0023"", ""FMOD0102"", ""FMOD0055""]",0.8,False,19.0
80,REAL,FAST,Q6K00456,80,40939,27,16.472252,"[""FMOD0004"", ""FMOD0016"", ""FMOD0067"", ""FMOD0113"", ""FMOD0036"", ""FMOD0029"", ""FMOD0023"", ""FMOD0056"", ""FMOD0079"", ""FMOD0119""]",0.9,False,27.0
80,REAL,FAST,Q6K00458,80,40939,10,11.938129,"[""FMOD0079"", ""FMOD0016"", ""FMOD0030"", ""FMOD0029"", ""FMOD0102"", ""FMOD0119"", ""FMOD0120"", ""FMOD0110"", ""FMOD0055"", ""FMOD0053""]",0.6,False,10.0
80,REAL,FAST,Q6K00461,80,40939,5,8.303535,"[""FMOD0001"", ""FMOD0003"", ""FMOD0089"", ""FMOD0035"", ""FMOD0029""]",0.5,False,5.0
80,REAL,FAST,Q6K00465,80,40939,15,12.471475,"[""FMOD0083"", ""FMOD0096"", ""FMOD0029"", ""FMOD0110"", ""FMOD0119"", ""FMOD0005"", ""FMOD0120"", ""FMOD0055"", ""FMOD0069"", ""FMOD0042""]",0.7,False,15.0
80,REAL,FAST,Q6K00470,80,40939,32,17.677943,"[""FMOD0060"", ""FMOD0102"", ""FMOD0029"", ""FMOD0061"", ""FMOD0120"", ""FMOD0119"", ""FMOD0056"", ""FMOD0069"", ""FMOD0035"", ""FMOD0079""]",1.0,True,32.0
80,REAL,FAST,Q6K00471,80,40939,17,15.051142,"[""FMOD0025"", ""FMOD0099"", ""FMOD0029"", ""FMOD0120"", ""FMOD0023"", ""FMOD0069"", ""FMOD0102"", ""FMOD0110"", ""FMOD0119"", ""FMOD0060""]",0.5,False,17.0
80,REAL,FAST,Q6K00473,80,40939,31,17.637862,"[""FMOD0086"", ""FMOD0079"", ""FMOD0056"", ""FMOD0078"", ""FMOD0097"", ""FMOD0036"", ""FMOD0083"", ""FMOD0119"", ""FMOD0029"", ""FMOD0004""]",1.0,True,31.0
80,REAL,FAST,Q6K00479,80,40939,15,12.901348,"[""FMOD0066"", ""FMOD0022"", ""FMOD0082"", ""FMOD0035"", ""FMOD0029"", ""FMOD0030"", ""FMOD0055"", ""FMOD0102"", ""FMOD0119"", ""FMOD0120""]",0.6,False,15.0
80,REAL,FAST,Q6K00481,80,40939,15,15.666314,"[""FMOD0035"", ""FMOD0023"", ""FMOD0051"", ""FMOD0029"", ""FMOD0119"", ""FMOD0082"", ""FMOD0102"", ""FMOD0030"", ""FMOD0120"", ""FMOD0069""]",0.9,False,15.0
80,REAL,FAST,Q6K00484,80,40939,2,8.178314,"[""FMOD0029"", ""FMOD0035""]",0.2,False,2.0
80,REAL,FAST,Q6K00485,80,40939,28,17.866792,"[""FMOD0069"", ""FMOD0035"", ""FMOD0023"", ""FMOD0119"", ""FMOD0029"", ""FMOD0056"", ""FMOD0036"", ""FMOD0112"", ""FMOD0067"", ""FMOD0078""]",1.0,True,28.0
80,REAL,FAST,Q6K00489,80,40939,17,14.816413,"[""FMOD0080"", ""FMOD0086"", ""FMOD0015"", ""FMOD0029"", ""FMOD0023"", ""FMOD0102"", ""FMOD0082"", ""FMOD0030"", ""FMOD0069"", ""FMOD0035""]",0.9,False,17.0
80,REAL,FAST,Q6K00495,80,40939,53,18.988273,"[""FMOD0083"", ""FMOD0096"", ""FMOD0029"", ""FMOD0023"", ""FMOD0119"", ""FMOD0035"", ""FMOD0110"", ""FMOD0069"", ""FMOD0036"", ""FMOD0030""]",1.0,True,53.0
80,REAL,FAST,Q6K00498,80,40939,24,15.780594,"[""FMOD0069"", ""FMOD0023"", ""FMOD0055"", ""FMOD0082"", ""FMOD0025"", ""FMOD0100"", ""FMOD0029"", ""FMOD0035"", ""FMOD0120"", ""FMOD0036""]",0.9,False,24.0
80,REAL,FAST,Q6K00507,80,40939,15,13.505419,"[""FMOD0082"", ""FMOD0023"", ""FMOD0035"", ""FMOD0059"", ""FMOD0016"", ""FMOD0030"", ""FMOD0029"", ""FMOD0120"", ""FMOD0020"", ""FMOD0102""]",0.8,False,15.0
80,REAL,FAST,Q6K00511,80,40939,45,18.754016,"[""FMOD0030"", ""FMOD0055"", ""FMOD0029"", ""FMOD0083"", ""FMOD0025"", ""FMOD0079"", ""FMOD0102"", ""FMOD0023"", ""FMOD0119"", ""FMOD0120""]",1.0,False,45.0
80,REAL,FAST,Q6K00512,80,40939,32,16.662783,"[""FMOD0035"", ""FMOD0023"", ""FMOD0119"", ""FMOD0029"", ""FMOD0110"", ""FMOD0108"", ""FMOD0036"", ""FMOD0042"", ""FMOD0060"", ""FMOD0083""]",1.0,True,32.0
80,REAL,FAST,Q6K00513,80,40939,44,19.747875,"[""FMOD0029"", ""FMOD0110"", ""FMOD0056"", ""FMOD0023"", ""FMOD0083"", ""FMOD0119"", ""FMOD0036"", ""FMOD0112"", ""FMOD0078"", ""FMOD0024""]",1.0,False,44.0
80,REAL,FAST,Q6K00517,80,40939,26,18.096878,"[""FMOD0082"", ""FMOD0029"", ""FMOD0023"", ""FMOD0119"", ""FMOD0102"", ""FMOD0022"", ""FMOD0035"", ""FMOD0120"", ""FMOD0036"", ""FMOD0110""]",0.8,False,26.0
80,REAL,FAST,Q6K00518,80,40939,47,19.410779,"[""FMOD0029"", ""FMOD0035"", ""FMOD0102"", ""FMOD0119"", ""FMOD0110"", ""FMOD0096"", ""FMOD0108"", ""FMOD0018"", ""FMOD0069"", ""FMOD0030""]",1.0,True,47.0
80,REAL,FAST,Q6K00523,80,40939,25,16.913948,"[""FMOD0082"", ""FMOD0029"", ""FMOD0035"", ""FMOD0119"", ""FMOD0102"", ""FMOD0120"", ""FMOD0036"", ""FMOD0110"", ""FMOD0079"", ""FMOD0030""]",0.8,False,25.0
80,REAL,FAST,Q6K00528,80,40939,16,16.470641,"[""FMOD0035"", ""FMOD0023"", ""FMOD0051"", ""FMOD0029"", ""FMOD0119"", ""FMOD0082"", ""FMOD0030"", ""FMOD0102"", ""FMOD0055"", ""FMOD0120""]",0.8,False,16.0
80,REAL,FAST,Q6K00530,80,40939,28,18.011956,"[""FMOD0069"", ""FMOD0035"", ""FMOD0023"", ""FMOD0029"", ""FMOD0119"", ""FMOD0056"", ""FMOD0036"", ""FMOD0112"", ""FMOD0067"", ""FMOD0078""]",1.0,True,28.0
80,REAL,FAST,Q6K00531,80,40939,26,18.239088,"[""FMOD0082"", ""FMOD0029"", ""FMOD0035"", ""FMOD0023"", ""FMOD0119"", ""FMOD0030"", ""FMOD0102"", ""FMOD0036"", ""FMOD0079"", ""FMOD0110""]",0.9,False,26.0
80,REAL,FAST,Q6K00533,80,40939,10,13.259445,"[""FMOD0029"", ""FMOD0023"", ""FMOD0035"", ""FMOD0069"", ""FMOD0030"", ""FMOD0082"", ""FMOD0020"", ""FMOD0080"", ""FMOD0087"", ""FMOD0049""]",0.5,False,10.0
80,REAL,FAST,Q6K00535,80,40939,43,16.716362,"[""FMOD0035"", ""FMOD0118"", ""FMOD0102"", ""FMOD0069"", ""FMOD0029"", ""FMOD0030"", ""FMOD0036"", ""FMOD0079"", ""FMOD0120"", ""FMOD0119""]",1.0,True,43.0
80,REAL,FAST,Q6K00537,80,40939,23,15.88937,"[""FMOD0055"", ""FMOD0023"", ""FMOD0069"", ""FMOD0025"", ""FMOD0082"", ""FMOD0100"", ""FMOD0029"", ""FMOD0036"", ""FMOD0035"", ""FMOD0030""]",0.9,False,23.0
80,REAL,FAST,Q6K00538,80,40939,31,17.661294,"[""FMOD0055"", ""FMOD0023"", ""FMOD0069"", ""FMOD0025"", ""FMOD0082"", ""FMOD0100"", ""FMOD0029"", ""FMOD0035"", ""FMOD0119"", ""FMOD0036""]",1.0,True,31.0
80,REAL,BALANCED,Q6K00183,80,40939,73,19.999633,"[""FMOD0023"", ""FMOD0029"", ""FMOD0036"", ""FMOD0119"", ""FMOD0035"", ""FMOD0082"", ""FMOD0030"", ""FMOD0120"", ""FMOD0102"", ""FMOD0110""]",1.0,True,73.0
80,REAL,BALANCED,Q6K00184,80,40939,76,20.11374,"[""FMOD0004"", ""FMOD0067"", ""FMOD0113"", ""FMOD0036"", ""FMOD0056"", ""FMOD0110"", ""FMOD0020"", ""FMOD0024"", ""FMOD0078"", ""FMOD0043""]",1.0,True,76.0
80,REAL,BALANCED,Q6K00193,80,40939,75,20.221887,"[""FMOD0025"", ""FMOD0069"", ""FMOD0023"", ""FMOD0029"", ""FMOD0056"", ""FMOD0055"", ""FMOD0078"", ""FMOD0096"", ""FMOD0080"", ""FMOD0102""]",1.0,True,75.0
80,REAL,BALANCED,Q6K00195,80,40939,71,19.726596,"[""FMOD0061"", ""FMOD0083"", ""FMOD0029"", ""FMOD0056"", ""FMOD0102"", ""FMOD0091"", ""FMOD0023"", ""FMOD0030"", ""FMOD0035"", ""FMOD0069""]",1.0,True,71.0
80,REAL,BALANCED,Q6K00197,80,40939,64,19.949663,"[""FMOD0069"", ""FMOD0029"", ""FMOD0102"", ""FMOD0030"", ""FMOD0119"", ""FMOD0005"", ""FMOD0120"", ""FMOD0033"", ""FMOD0036"", ""FMOD0110""]",1.0,True,64.0
80,REAL,BALANCED,Q6K00199,80,40939,77,19.990503,"[""FMOD0067"", ""FMOD0069"", ""FMOD0029"", ""FMOD0102"", ""FMOD0119"", ""FMOD0056"", ""FMOD0120"", ""FMOD0030"", ""FMOD0026"", ""FMOD0023""]",1.0,True,77.0
80,REAL,BALANCED,Q6K00200,80,40939,70,19.959322,"[""FMOD0051"", ""FMOD0023"", ""FMOD0029"", ""FMOD0035"", ""FMOD0016"", ""FMOD0120"", ""FMOD0082"", ""FMOD0079"", ""FMOD0020"", ""FMOD0119""]",1.0,True,70.0
80,REAL,BALANCED,Q6K00201,80,40939,74,20.346367,"[""FMOD0066"", ""FMOD0055"", ""FMOD0030"", ""FMOD0029"", ""FMOD0036"", ""FMOD0102"", ""FMOD0112"", ""FMOD0120"", ""FMOD0096"", ""FMOD0079""]",1.0,True,74.0
80,REAL,BALANCED,Q6K00205,80,40939,71,20.877832,"[""FMOD0051"", ""FMOD0023"", ""FMOD0035"", ""FMOD0020"", ""FMOD0016"", ""FMOD0119"", ""FMOD0029"", ""FMOD0102"", ""FMOD0082"", ""FMOD0030""]",1.0,True,71.0
80,REAL,BALANCED,Q6K00206,80,40939,73,21.102478,"[""FMOD0016"", ""FMOD0102"", ""FMOD0031"", ""FMOD0029"", ""FMOD0023"", ""FMOD0035"", ""FMOD0082"", ""FMOD0033"", ""FMOD0030"", ""FMOD0051""]",1.0,True,73.0
80,REAL,BALANCED,Q6K00207,80,40939,70,21.122841,"[""FMOD0023"", ""FMOD0029"", ""FMOD0035"", ""FMOD0120"", ""FMOD0102"", ""FMOD0069"", ""FMOD0119"", ""FMOD0077"", ""FMOD0082"", ""FMOD0110""]",1.0,True,70.0
80,REAL,BALANCED,Q6K00208,80,40939,72,19.701075,"[""FMOD0102"", ""FMOD0079"", ""FMOD0023"", ""FMOD0030"", ""FMOD0029"", ""FMOD0055"", ""FMOD0035"", ""FMOD0082"", ""FMOD0036"", ""FMOD0014""]",1.0,True,72.0
80,REAL,BALANCED,Q6K00212,80,40939,76,19.437694,"[""FMOD0060"", ""FMOD0029"", ""FMOD0023"", ""FMOD0082"", ""FMOD0075"", ""FMOD0096"", ""FMOD0102"", ""FMOD0056"", ""FMOD0036"", ""FMOD0043""]",1.0,True,76.0
80,REAL,BALANCED,Q6K00216,80,40939,67,19.748199,"[""FMOD0016"", ""FMOD0029"", ""FMOD0035"", ""FMOD0023"", ""FMOD0120"", ""FMOD0079"", ""FMOD0119"", ""FMOD0102"", ""FMOD0056"", ""FMOD0075""]",1.0,True,67.0
80,REAL,BALANCED,Q6K00227,80,40939,64,19.891857,"[""FMOD0096"", ""FMOD0029"", ""FMOD0023"", ""FMOD0120"", ""FMOD0119"", ""FMOD0035"", ""FMOD0056"", ""FMOD0113"", ""FMOD0069"", ""FMOD0025""]",1.0,True,64.0
80,REAL,BALANCED,Q6K00232,80,40939,74,19.860827,"[""FMOD0060"", ""FMOD0029"", ""FMOD0023"", ""FMOD0086"", ""FMOD0056"", ""FMOD0043"", ""FMOD0110"", ""FMOD0044"", ""FMOD0036"", ""FMOD0075""]",1.0,True,74.0
80,REAL,BALANCED,Q6K00235,80,40939,63,20.364612,"[""FMOD0096"", ""FMOD0029"", ""FMOD0120"", ""FMOD0119"", ""FMOD0023"", ""FMOD0035"", ""FMOD0056"", ""FMOD0069"", ""FMOD0030"", ""FMOD0102""]",1.0,True,63.0
80,REAL,BALANCED,Q6K00236,80,40939,75,19.820273,"[""FMOD0036"", ""FMOD0119"", ""FMOD0079"", ""FMOD0120"", ""FMOD0056"", ""FMOD0086"", ""FMOD0082"", ""FMOD0091"", ""FMOD0029"", ""FMOD0102""]",1.0,True,75.0
80,REAL,BALANCED,Q6K00237,80,40939,76,19.736226,"[""FMOD0067"", ""FMOD0029"", ""FMOD0119"", ""FMOD0120"", ""FMOD0023"", ""FMOD0102"", ""FMOD0056"", ""FMOD0082"", ""FMOD0110"", ""FMOD0069""]",1.0,True,76.0
80,REAL,BALANCED,Q6K00240,80,40939,63,19.706772,"[""FMOD0069"", ""FMOD0029"", ""FMOD0110"", ""FMOD0104"", ""FMOD0035"", ""FMOD0119"", ""FMOD0043"", ""FMOD0023"", ""FMOD0102"", ""FMOD0083""]",1.0,True,63.0
80,REAL,BALANCED,Q6K00247,80,40939,76,20.143606,"[""FMOD0069"", ""FMOD0060"", ""FMOD0119"", ""FMOD0029"", ""FMOD0023"", ""FMOD0083"", ""FMOD0025"", ""FMOD0110"", ""FMOD0079"", ""FMOD0003""]",1.0,True,76.0
80,REAL,BALANCED,Q6K00251,80,40939,72,19.62632,"[""FMOD0044"", ""FMOD0067"", ""FMOD0119"", ""FMOD0029"", ""FMOD0023"", ""FMOD0120"", ""FMOD0113"", ""FMOD0086"", ""FMOD0035"", ""FMOD0030""]",1.0,True,72.0
80,REAL,BALANCED,Q6K00252,80,40939,74,19.546135,"[""FMOD0043"", ""FMOD0086"", ""FMOD0035"", ""FMOD0023"", ""FMOD0102"", ""FMOD0029"", ""FMOD0096"", ""FMOD0069"", ""FMOD0079"", ""FMOD0024""]",1.0,True,74.0
80,REAL,BALANCED,Q6K00258,80,40939,74,19.85392,"[""FMOD0096"", ""FMOD0001"", ""FMOD0029"", ""FMOD0035"", ""FMOD0030"", ""FMOD0120"", ""FMOD0119"", ""FMOD0056"", ""FMOD0069"", ""FMOD0036""]",1.0,True,74.0
80,REAL,BALANCED,Q6K00259,80,40939,74,20.099928,"[""FMOD0043"", ""FMOD0089"", ""FMOD0035"", ""FMOD0102"", ""FMOD0096"", ""FMOD0023"", ""FMOD0029"", ""FMOD0069"", ""FMOD0079"", ""FMOD0024""]",1.0,True,74.0
80,REAL,BALANCED,Q6K00262,80,40939,73,20.243239,"[""FMOD0069"", ""FMOD0060"", ""FMOD0023"", ""FMOD0025"", ""FMOD0055"", ""FMOD0082"", ""FMOD0100"", ""FMOD0029"", ""FMOD0102"", ""FMOD0119""]",1.0,True,73.0
80,REAL,BALANCED,Q6K00264,80,40939,74,19.727871,"[""FMOD0043"", ""FMOD0066"", ""FMOD0035"", ""FMOD0056"", ""FMOD0082"", ""FMOD0030"", ""FMOD0119"", ""FMOD0023"", ""FMOD0029"", ""FMOD0079""]",1.0,True,74.0
80,REAL,BALANCED,Q6K00267,80,40939,75,19.849136,"[""FMOD0022"", ""FMOD0069"", ""FMOD0082"", ""FMOD0023"", ""FMOD0055"", ""FMOD0025"", ""FMOD0100"", ""FMOD0072"", ""FMOD0035"", ""FMOD0040""]",1.0,True,75.0
80,REAL,BALANCED,Q6K00268,80,40939,70,19.59063,"[""FMOD0077"", ""FMOD0050"", ""FMOD0055"", ""FMOD0083"", ""FMOD0005"", ""FMOD0035"", ""FMOD0029"", ""FMOD0033"", ""FMOD0069"", ""FMOD0091""]",1.0,True,70.0
80,REAL,BALANCED,Q6K00271,80,40939,78,19.699811,"[""FMOD0086"", ""FMOD0050"", ""FMOD0044"", ""FMOD0120"", ""FMOD0029"", ""FMOD0036"", ""FMOD0077"", ""FMOD0069"", ""FMOD0102"", ""FMOD0005""]",1.0,True,78.0
80,REAL,BALANCED,Q6K00273,80,40939,70,19.438915,"[""FMOD0023"", ""FMOD0043"", ""FMOD0119"", ""FMOD0079"", ""FMOD0029"", ""FMOD0102"", ""FMOD0056"", ""FMOD0005"", ""FMOD0030"", ""FMOD0075""]",1.0,True,70.0
80,REAL,BALANCED,Q6K00274,80,40939,75,19.260174,"[""FMOD0004"", ""FMOD0044"", ""FMOD0067"", ""FMOD0113"", ""FMOD0036"", ""FMOD0056"", ""FMOD0110"", ""FMOD0035"", ""FMOD0020"", ""FMOD0029""]",1.0,True,75.0
80,REAL,BALANCED,Q6K00275,80,40939,76,20.032114,"[""FMOD0086"", ""FMOD0074"", ""FMOD0050"", ""FMOD0029"", ""FMOD0056"", ""FMOD0102"", ""FMOD0035"", ""FMOD0024"", ""FMOD0043"", ""FMOD0023""]",1.0,True,76.0
80,REAL,BALANCED,Q6K00283,80,40939,73,20.268074,"[""FMOD0036"", ""FMOD0035"", ""FMOD0029"", ""FMOD0023"", ""FMOD0120"", ""FMOD0119"", ""FMOD0079"", ""FMOD0102"", ""FMOD0069"", ""FMOD0082""]",1.0,True,73.0
80,REAL,BALANCED,Q6K00287,80,40939,75,21.167469,"[""FMOD0003"", ""FMOD0089"", ""FMOD0004"", ""FMOD0067"", ""FMOD0014"", ""FMOD0113"", ""FMOD0036"", ""FMOD0029"", ""FMOD0120"", ""FMOD0020""]",1.0,True,75.0
80,REAL,BALANCED,Q6K00293,80,40939,71,20.215892,"[""FMOD0074"", ""FMOD0043"", ""FMOD0035"", ""FMOD0029"", ""FMOD0023"", ""FMOD0069"", ""FMOD0102"", ""FMOD0096"", ""FMOD0079"", ""FMOD0024""]",1.0,True,71.0
80,REAL,BALANCED,Q6K00295,80,40939,73,19.786961,"[""FMOD0066"", ""FMOD0043"", ""FMOD0102"", ""FMOD0029"", ""FMOD0023"", ""FMOD0069"", ""FMOD0035"", ""FMOD0096"", ""FMOD0079"", ""FMOD0119""]",1.0,True,73.0
80,REAL,BALANCED,Q6K00296,80,40939,77,19.458929,"[""FMOD0060"", ""FMOD0066"", ""FMOD0029"", ""FMOD0102"", ""FMOD0056"", ""FMOD0110"", ""FMOD0036"", ""FMOD0035"", ""FMOD0055"", ""FMOD0096""]",1.0,True,77.0
80,REAL,BALANCED,Q6K00298,80,40939,73,19.438495,"[""FMOD0074"", ""FMOD0036"", ""FMOD0079"", ""FMOD0119"", ""FMOD0120"", ""FMOD0017"", ""FMOD0091"", ""FMOD0056"", ""FMOD0023"", ""FMOD0083""]",1.0,True,73.0
80,REAL,BALANCED,Q6K00299,80,40939,71,20.897716,"[""FMOD0040"", ""FMOD0089"", ""FMOD0029"", ""FMOD0035"", ""FMOD0079"", ""FMOD0030"", ""FMOD0055"", ""FMOD0023"", ""FMOD0056"", ""FMOD0102""]",1.0,True,71.0
80,REAL,BALANCED,Q6K00304,80,40939,74,19.964483,"[""FMOD0077"", ""FMOD0083"", ""FMOD0087"", ""FMOD0023"", ""FMOD0069"", ""FMOD0056"", ""FMOD0020"", ""FMOD0055"", ""FMOD0102"", ""FMOD0025""]",1.0,True,74.0
80,REAL,BALANCED,Q6K00310,80,40939,71,19.91705,"[""FMOD0074"", ""FMOD0005"", ""FMOD0022"", ""FMOD0035"", ""FMOD0053"", ""FMOD0029"", ""FMOD0033"", ""FMOD0023"", ""FMOD0082"", ""FMOD0055""]",1.0,True,71.0
80,REAL,BALANCED,Q6K00313,80,40939,72,19.441786,"[""FMOD0061"", ""FMOD0069"", ""FMOD0083"", ""FMOD0066"", ""FMOD0029"", ""FMOD0036"", ""FMOD0033"", ""FMOD0030"", ""FMOD0120"", ""FMOD0005""]",1.0,True,72.0
80,REAL,BALANCED,Q6K00317,80,40939,68,20.014593,"[""FMOD0061"", ""FMOD0089"", ""FMOD0096"", ""FMOD0036"", ""FMOD0029"", ""FMOD0079"", ""FMOD0035"", ""FMOD0055"", ""FMOD0083"", ""FMOD0110""]",1.0,True,68.0
80,REAL,BALANCED,Q6K00318,80,40939,74,20.170059,"[""FMOD0086"", ""FMOD0004"", ""FMOD0050"", ""FMOD0082"", ""FMOD0067"", ""FMOD0035"", ""FMOD0053"", ""FMOD0110"", ""FMOD0005"", ""FMOD0102""]",1.0,True,74.0
80,REAL,BALANCED,Q6K00325,80,40939,71,19.565988,"[""FMOD0086"", ""FMOD0023"", ""FMOD0050"", ""FMOD0044"", ""FMOD0029"", ""FMOD0035"", ""FMOD0030"", ""FMOD0069"", ""FMOD0043"", ""FMOD0082""]",1.0,True,71.0
80,REAL,BALANCED,Q6K00326,80,40939,74,19.920416,"[""FMOD0099"", ""FMOD0055"", ""FMOD0066"", ""FMOD0036"", ""FMOD0102"", ""FMOD0056"", ""FMOD0112"", ""FMOD0029"", ""FMOD0023"", ""FMOD0017""]",1.0,True,74.0
80,REAL,BALANCED,Q6K00327,80,40939,68,19.776077,"[""FMOD0016"", ""FMOD0051"", ""FMOD0055"", ""FMOD0075"", ""FMOD0035"", ""FMOD0077"", ""FMOD0023"", ""FMOD0029"", ""FMOD0036"", ""FMOD0079""]",1.0,True,68.0
80,REAL,BALANCED,Q6K00332,80,40939,75,19.612467,"[""FMOD0044"", ""FMOD0035"", ""FMOD0029"", ""FMOD0069"", ""FMOD0030"", ""FMOD0086"", ""FMOD0120"", ""FMOD0119"", ""FMOD0050"", ""FMOD0036""]",1.0,True,75.0
80,REAL,BALANCED,Q6K00333,80,40939,76,20.648251,"[""FMOD0069"", ""FMOD0044"", ""FMOD0011"", ""FMOD0119"", ""FMOD0029"", ""FMOD0083"", ""FMOD0025"", ""FMOD0079"", ""FMOD0110"", ""FMOD0035""]",1.0,True,76.0
80,REAL,BALANCED,Q6K00336,80,40939,63,20.001104,"[""FMOD0014"", ""FMOD0023"", ""FMOD0079"", ""FMOD0035"", ""FMOD0082"", ""FMOD0029"", ""FMOD0120"", ""FMOD0119"", ""FMOD0102"", ""FMOD0087""]",1.0,True,63.0
80,REAL,BALANCED,Q6K00338,80,40939,76,19.728707,"[""FMOD0074"", ""FMOD0067"", ""FMOD0003"", ""FMOD0056"", ""FMOD0029"", ""FMOD0119"", ""FMOD0035"", ""FMOD0004"", ""FMOD0082"", ""FMOD0110""]",1.0,True,76.0
80,REAL,BALANCED,Q6K00340,80,40939,70,20.007497,"[""FMOD0025"", ""FMOD0011"", ""FMOD0089"", ""FMOD0029"", ""FMOD0023"", ""FMOD0030"", ""FMOD0069"", ""FMOD0035"", ""FMOD0119"", ""FMOD0079""]",1.0,True,70.0
80,REAL,BALANCED,Q6K00342,80,40939,73,20.032353,"[""FMOD0087"", ""FMOD0053"", ""FMOD0023"", ""FMOD0040"", ""FMOD0069"", ""FMOD0029"", ""FMOD0002"", ""FMOD0056"", ""FMOD0025"", ""FMOD0096""]",1.0,True,73.0
80,REAL,BALANCED,Q6K00343,80,40939,77,19.548876,"[""FMOD0087"", ""FMOD0016"", ""FMOD0055"", ""FMOD0030"", ""FMOD0029"", ""FMOD0023"", ""FMOD0102"", ""FMOD0056"", ""FMOD0035"", ""FMOD0119""]",1.0,True,77.0
80,REAL,BALANCED,Q6K00344,80,40939,69,19.764491,"[""FMOD0023"", ""FMOD0025"", ""FMOD0043"", ""FMOD0069"", ""FMOD0029"", ""FMOD0030"", ""FMOD0082"", ""FMOD0055"", ""FMOD0035"", ""FMOD0040""]",1.0,True,69.0
80,REAL,BALANCED,Q6K00351,80,40939,74,19.503165,"[""FMOD0005"", ""FMOD0099"", ""FMOD0022"", ""FMOD0082"", ""FMOD0055"", ""FMOD0029"", ""FMOD0020"", ""FMOD0119"", ""FMOD0030"", ""FMOD0079""]",1.0,True,74.0
80,REAL,BALANCED,Q6K00355,80,40939,68,19.74812,"[""FMOD0043"", ""FMOD0023"", ""FMOD0035"", ""FMOD0077"", ""FMOD0016"", ""FMOD0029"", ""FMOD0102"", ""FMOD0119"", ""FMOD0069"", ""FMOD0030""]",1.0,True,68.0
80,REAL,BALANCED,Q6K00359,80,40939,77,20.498762,"[""FMOD0086"", ""FMOD0087"", ""FMOD0044"", ""FMOD0056"", ""FMOD0097"", ""FMOD0029"", ""FMOD0079"", ""FMOD0102"", ""FMOD0036"", ""FMOD0051""]",1.0,True,77.0
80,REAL,BALANCED,Q6K00360,80,40939,74,19.855045,"[""FMOD0066"", ""FMOD0060"", ""FMOD0043"", ""FMOD0082"", ""FMOD0030"", ""FMOD0035"", ""FMOD0055"", ""FMOD0112"", ""FMOD0023"", ""FMOD0119""]",1.0,True,74.0
80,REAL,BALANCED,Q6K00363,80,40939,75,20.204337,"[""FMOD0066"", ""FMOD0029"", ""FMOD0102"", ""FMOD0056"", ""FMOD0119"", ""FMOD0069"", ""FMOD0120"", ""FMOD0035"", ""FMOD0023"", ""FMOD0030""]",1.0,True,75.0
80,REAL,BALANCED,Q6K00365,80,40939,67,19.544052,"[""FMOD0087"", ""FMOD0029"", ""FMOD0035"", ""FMOD0023"", ""FMOD0119"", ""FMOD0016"", ""FMOD0055"", ""FMOD0036"", ""FMOD0030"", ""FMOD0082""]",1.0,True,67.0
80,REAL,BALANCED,Q6K00372,80,40939,70,20.869564,"[""FMOD0023"", ""FMOD0035"", ""FMOD0020"", ""FMOD0016"", ""FMOD0051"", ""FMOD0029"", ""FMOD0030"", ""FMOD0119"", ""FMOD0102"", ""FMOD0069""]",1.0,True,70.0
80,REAL,BALANCED,Q6K00375,80,40939,71,21.80375,"[""FMOD0099"", ""FMOD0023"", ""FMOD0069"", ""FMOD0025"", ""FMOD0055"", ""FMOD0082"", ""FMOD0029"", ""FMOD0083"", ""FMOD0119"", ""FMOD0035""]",1.0,True,71.0
80,REAL,BALANCED,Q6K00377,80,40939,74,20.655415,"[""FMOD0082"", ""FMOD0022"", ""FMOD0023"", ""FMOD0069"", ""FMOD0055"", ""FMOD0025"", ""FMOD0100"", ""FMOD0029"", ""FMOD0119"", ""FMOD0035""]",1.0,True,74.0
80,REAL,BALANCED,Q6K00378,80,40939,75,19.823979,"[""FMOD0023"", ""FMOD0030"", ""FMOD0055"", ""FMOD0029"", ""FMOD0083"", ""FMOD0025"", ""FMOD0079"", ""FMOD0119"", ""FMOD0102"", ""FMOD0120""]",1.0,True,75.0
80,REAL,BALANCED,Q6K00380,80,40939,70,19.301944,"[""FMOD0023"", ""FMOD0029"", ""FMOD0030"", ""FMOD0035"", ""FMOD0082"", ""FMOD0119"", ""FMOD0102"", ""FMOD0110"", ""FMOD0036"", ""FMOD0120""]",1.0,True,70.0
80,REAL,BALANCED,Q6K00384,80,40939,68,19.452915,"[""FMOD0083"", ""FMOD0029"", ""FMOD0069"", ""FMOD0086"", ""FMOD0035"", ""FMOD0120"", ""FMOD0056"", ""FMOD0030"", ""FMOD0119"", ""FMOD0005""]",1.0,True,68.0
80,REAL,BALANCED,Q6K00389,80,40939,70,20.968368,"[""FMOD0055"", ""FMOD0023"", ""FMOD0029"", ""FMOD0035"", ""FMOD0082"", ""FMOD0079"", ""FMOD0119"", ""FMOD0056"", ""FMOD0102"", ""FMOD0030""]",1.0,True,70.0
80,REAL,BALANCED,Q6K00390,80,40939,75,19.865626,"[""FMOD0023"", ""FMOD0102"", ""FMOD0029"", ""FMOD0119"", ""FMOD0120"", ""FMOD0069"", ""FMOD0035"", ""FMOD0056"", ""FMOD0082"", ""FMOD0079""]",1.0,True,75.0
80,REAL,BALANCED,Q6K00393,80,40939,75,18.950524,"[""FMOD0029"", ""FMOD0023"", ""FMOD0102"", ""FMOD0119"", ""FMOD0120"", ""FMOD0036"", ""FMOD0030"", ""FMOD0053"", ""FMOD0113"", ""FMOD0035""]",1.0,True,75.0
80,REAL,BALANCED,Q6K00395,80,40939,75,19.60783,"[""FMOD0053"", ""FMOD0069"", ""FMOD0035"", ""FMOD0023"", ""FMOD0029"", ""FMOD0056"", ""FMOD0119"", ""FMOD0036"", ""FMOD0112"", ""FMOD0004""]",1.0,True,75.0
80,REAL,BALANCED,Q6K00396,80,40939,74,21.086066,"[""FMOD0066"", ""FMOD0035"", ""FMOD0023"", ""FMOD0051"", ""FMOD0029"", ""FMOD0082"", ""FMOD0119"", ""FMOD0036"", ""FMOD0102"", ""FMOD0055""]",1.0,True,74.0
80,REAL,BALANCED,Q6K00400,80,40939,74,20.159599,"[""FMOD0023"", ""FMOD0025"", ""FMOD0035"", ""FMOD0069"", ""FMOD0030"", ""FMOD0055"", ""FMOD0078"", ""FMOD0100"", ""FMOD0036"", ""FMOD0056""]",1.0,True,74.0
80,REAL,BALANCED,Q6K00403,80,40939,72,19.636644,"[""FMOD0035"", ""FMOD0033"", ""FMOD0029"", ""FMOD0119"", ""FMOD0120"", ""FMOD0078"", ""FMOD0024"", ""FMOD0080"", ""FMOD0108"", ""FMOD0102""]",1.0,True,72.0
80,REAL,BALANCED,Q6K00405,80,40939,75,20.91217,"[""FMOD0016"", ""FMOD0102"", ""FMOD0031"", ""FMOD0056"", ""FMOD0029"", ""FMOD0023"", ""FMOD0082"", ""FMOD0035"", ""FMOD0033"", ""FMOD0079""]",1.0,True,75.0
80,REAL,BALANCED,Q6K00407,80,40939,67,20.660309,"[""FMOD0005"", ""FMOD0029"", ""FMOD0120"", ""FMOD0069"", ""FMOD0102"", ""FMOD0030"", ""FMOD0119"", ""FMOD0079"", ""FMOD0023"", ""FMOD0020""]",1.0,True,67.0
80,REAL,BALANCED,Q6K00410,80,40939,70,22.289989,"[""FMOD0005"", ""FMOD0030"", ""FMOD0023"", ""FMOD0035"", ""FMOD0055"", ""FMOD0029"", ""FMOD0082"", ""FMOD0089"", ""FMOD0024"", ""FMOD0113""]",1.0,True,70.0
80,REAL,BALANCED,Q6K00417,80,40939,76,20.402067,"[""FMOD0051"", ""FMOD0082"", ""FMOD0102"", ""FMOD0035"", ""FMOD0067"", ""FMOD0119"", ""FMOD0005"", ""FMOD0056"", ""FMOD0086"", ""FMOD0036""]",1.0,True,76.0
80,REAL,BALANCED,Q6K00420,80,40939,75,21.199319,"[""FMOD0036"", ""FMOD0004"", ""FMOD0067"", ""FMOD0119"", ""FMOD0029"", ""FMOD0035"", ""FMOD0079"", ""FMOD0120"", ""FMOD0023"", ""FMOD0055""]",1.0,True,75.0
80,REAL,BALANCED,Q6K00422,80,40939,74,20.923818,"[""FMOD0053"", ""FMOD0083"", ""FMOD0035"", ""FMOD0082"", ""FMOD0023"", ""FMOD0029"", ""FMOD0051"", ""FMOD0030"", ""FMOD0079"", ""FMOD0036""]",1.0,True,74.0
80,REAL,BALANCED,Q6K00423,80,40939,77,20.0156,"[""FMOD0061"", ""FMOD0004"", ""FMOD0086"", ""FMOD0035"", ""FMOD0029"", ""FMOD0033"", ""FMOD0056"", ""FMOD0014"", ""FMOD0102"", ""FMOD0119""]",1.0,True,77.0
80,REAL,BALANCED,Q6K00424,80,40939,72,20.012259,"[""FMOD0053"", ""FMOD0102"", ""FMOD0029"", ""FMOD0082"", ""FMOD0023"", ""FMOD0035"", ""FMOD0077"", ""FMOD0069"", ""FMOD0033"", ""FMOD0056""]",1.0,True,72.0
80,REAL,BALANCED,Q6K00427,80,40939,71,20.408217,"[""FMOD0005"", ""FMOD0035"", ""FMOD0082"", ""FMOD0055"", ""FMOD0056"", ""FMOD0043"", ""FMOD0072"", ""FMOD0002"", ""FMOD0011"", ""FMOD0023""]",1.0,True,71.0
80,REAL,BALANCED,Q6K00435,80,40939,71,19.540427,"[""FMOD0099"", ""FMOD0069"", ""FMOD0029"", ""FMOD0119"", ""FMOD0023"", ""FMOD0035"", ""FMOD0102"", ""FMOD0030"", ""FMOD0120"", ""FMOD0110""]",1.0,True,71.0
80,REAL,BALANCED,Q6K00436,80,40939,77,20.209396,"[""FMOD0099"", ""FMOD0044"", ""FMOD0029"", ""FMOD0030"", ""FMOD0035"", ""FMOD0023"", ""FMOD0119"", ""FMOD0036"", ""FMOD0120"", ""FMOD0069""]",1.0,True,77.0
80,REAL,BALANCED,Q6K00438,80,40939,68,20.503953,"[""FMOD0022"", ""FMOD0055"", ""FMOD0029"", ""FMOD0082"", ""FMOD0030"", ""FMOD0023"", ""FMOD0102"", ""FMOD0069"", ""FMOD0110"", ""FMOD0079""]",1.0,True,68.0
80,REAL,BALANCED,Q6K00442,80,40939,64,20.416478,"[""FMOD0087"", ""FMOD0029"", ""FMOD0120"", ""FMOD0035"", ""FMOD0082"", ""FMOD0056"", ""FMOD0102"", ""FMOD0079"", ""FMOD0119"", ""FMOD0005""]",1.0,True,64.0
80,REAL,BALANCED,Q6K00443,80,40939,74,19.769395,"[""FMOD0035"", ""FMOD0011"", ""FMOD0023"", ""FMOD0082"", ""FMOD0119"", ""FMOD0102"", ""FMOD0112"", ""FMOD0079"", ""FMOD0060"", ""FMOD0030""]",1.0,True,74.0
80,REAL,BALANCED,Q6K00444,80,40939,73,20.48631,"[""FMOD0003"", ""FMOD0022"", ""FMOD0069"", ""FMOD0120"", ""FMOD0119"", ""FMOD0079"", ""FMOD0102"", ""FMOD0005"", ""FMOD0078"", ""FMOD0082""]",1.0,True,73.0
80,REAL,BALANCED,Q6K00446,80,40939,74,19.649496,"[""FMOD0082"", ""FMOD0067"", ""FMOD0060"", ""FMOD0035"", ""FMOD0023"", ""FMOD0097"", ""FMOD0022"", ""FMOD0029"", ""FMOD0119"", ""FMOD0102""]",1.0,True,74.0
80,REAL,BALANCED,Q6K00453,80,40939,75,19.969538,"[""FMOD0044"", ""FMOD0079"", ""FMOD0029"", ""FMOD0119"", ""FMOD0023"", ""FMOD0102"", ""FMOD0120"", ""FMOD0083"", ""FMOD0035"", ""FMOD0110""]",1.0,True,75.0
80,REAL,BALANCED,Q6K00456,80,40939,74,19.64572,"[""FMOD0004"", ""FMOD0016"", ""FMOD0067"", ""FMOD0113"", ""FMOD0036"", ""FMOD0029"", ""FMOD0023"", ""FMOD0035"", ""FMOD0056"", ""FMOD0079""]",1.0,True,74.0
80,REAL,BALANCED,Q6K00458,80,40939,68,20.42162,"[""FMOD0079"", ""FMOD0023"", ""FMOD0016"", ""FMOD0035"", ""FMOD0029"", ""FMOD0030"", ""FMOD0020"", ""FMOD0102"", ""FMOD0082"", ""FMOD0119""]",1.0,False,68.0
80,REAL,BALANCED,Q6K00461,80,40939,75,19.942795,"[""FMOD0001"", ""FMOD0003"", ""FMOD0089"", ""FMOD0030"", ""FMOD0035"", ""FMOD0029"", ""FMOD0051"", ""FMOD0120"", ""FMOD0023"", ""FMOD0119""]",1.0,True,75.0
80,REAL,BALANCED,Q6K00465,80,40939,78,19.963744,"[""FMOD0083"", ""FMOD0096"", ""FMOD0029"", ""FMOD0023"", ""FMOD0036"", ""FMOD0110"", ""FMOD0119"", ""FMOD0035"", ""FMOD0005"", ""FMOD0120""]",1.0,True,78.0
80,REAL,BALANCED,Q6K00470,80,40939,72,20.678093,"[""FMOD0060"", ""FMOD0102"", ""FMOD0029"", ""FMOD0061"", ""FMOD0120"", ""FMOD0119"", ""FMOD0056"", ""FMOD0069"", ""FMOD0035"", ""FMOD0079""]",1.0,True,72.0
80,REAL,BALANCED,Q6K00471,80,40939,72,20.38132,"[""FMOD0025"", ""FMOD0099"", ""FMOD0029"", ""FMOD0024"", ""FMOD0005"", ""FMOD0014"", ""FMOD0113"", ""FMOD0083"", ""FMOD0120"", ""FMOD0023""]",1.0,True,72.0
80,REAL,BALANCED,Q6K00473,80,40939,77,20.298108,"[""FMOD0086"", ""FMOD0079"", ""FMOD0056"", ""FMOD0078"", ""FMOD0097"", ""FMOD0036"", ""FMOD0083"", ""FMOD0119"", ""FMOD0029"", ""FMOD0004""]",1.0,True,77.0
80,REAL,BALANCED,Q6K00479,80,40939,71,21.430083,"[""FMOD0066"", ""FMOD0022"", ""FMOD0082"", ""FMOD0023"", ""FMOD0035"", ""FMOD0079"", ""FMOD0036"", ""FMOD0029"", ""FMOD0112"", ""FMOD0030""]",1.0,True,71.0
80,REAL,BALANCED,Q6K00481,80,40939,75,19.590604,"[""FMOD0035"", ""FMOD0023"", ""FMOD0051"", ""FMOD0029"", ""FMOD0119"", ""FMOD0082"", ""FMOD0102"", ""FMOD0030"", ""FMOD0120"", ""FMOD0036""]",1.0,True,75.0
80,REAL,BALANCED,Q6K00484,80,40939,67,19.95735,"[""FMOD0029"", ""FMOD0030"", ""FMOD0035"", ""FMOD0023"", ""FMOD0119"", ""FMOD0082"", ""FMOD0051"", ""FMOD0036"", ""FMOD0120"", ""FMOD0069""]",1.0,True,67.0
80,REAL,BALANCED,Q6K00485,80,40939,72,20.826635,"[""FMOD0069"", ""FMOD0035"", ""FMOD0023"", ""FMOD0119"", ""FMOD0029"", ""FMOD0056"", ""FMOD0036"", ""FMOD0112"", ""FMOD0067"", ""FMOD0078""]",1.0,True,72.0
80,REAL,BALANCED,Q6K00489,80,40939,73,19.470956,"[""FMOD0080"", ""FMOD0086"", ""FMOD0015"", ""FMOD0029"", ""FMOD0023"", ""FMOD0119"", ""FMOD0030"", ""FMOD0102"", ""FMOD0069"", ""FMOD0082""]",1.0,True,73.0
80,REAL,BALANCED,Q6K00495,80,40939,79,19.630053,"[""FMOD0083"", ""FMOD0096"", ""FMOD0029"", ""FMOD0023"", ""FMOD0119"", ""FMOD0035"", ""FMOD0110"", ""FMOD0069"", ""FMOD0036"", ""FMOD0030""]",1.0,True,79.0
80,REAL,BALANCED,Q6K00498,80,40939,76,20.124298,"[""FMOD0055"", ""FMOD0023"", ""FMOD0069"", ""FMOD0082"", ""FMOD0025"", ""FMOD0100"", ""FMOD0029"", ""FMOD0035"", ""FMOD0102"", ""FMOD0036""]",1.0,True,76.0
80,REAL,BALANCED,Q6K00507,80,40939,71,20.049048,"[""FMOD0082"", ""FMOD0023"", ""FMOD0035"", ""FMOD0059"", ""FMOD0016"", ""FMOD0030"", ""FMOD0029"", ""FMOD0119"", ""FMOD0112"", ""FMOD0120""]",1.0,True,71.0
80,REAL,BALANCED,Q6K00511,80,40939,74,19.615438,"[""FMOD0030"", ""FMOD0055"", ""FMOD0029"", ""FMOD0083"", ""FMOD0025"", ""FMOD0079"", ""FMOD0102"", ""FMOD0119"", ""FMOD0023"", ""FMOD0120""]",1.0,True,74.0
80,REAL,BALANCED,Q6K00512,80,40939,76,21.79215,"[""FMOD0035"", ""FMOD0023"", ""FMOD0119"", ""FMOD0029"", ""FMOD0110"", ""FMOD0108"", ""FMOD0036"", ""FMOD0042"", ""FMOD0060"", ""FMOD0083""]",1.0,True,76.0
80,REAL,BALANCED,Q6K00513,80,40939,78,19.667824,"[""FMOD0029"", ""FMOD0110"", ""FMOD0056"", ""FMOD0023"", ""FMOD0083"", ""FMOD0119"", ""FMOD0112"", ""FMOD0036"", ""FMOD0078"", ""FMOD0024""]",1.0,True,78.0
80,REAL,BALANCED,Q6K00517,80,40939,70,19.286143,"[""FMOD0082"", ""FMOD0029"", ""FMOD0023"", ""FMOD0119"", ""FMOD0022"", ""FMOD0102"", ""FMOD0097"", ""FMOD0051"", ""FMOD0035"", ""FMOD0120""]",1.0,True,70.0
80,REAL,BALANCED,Q6K00518,80,40939,74,20.009257,"[""FMOD0029"", ""FMOD0035"", ""FMOD0102"", ""FMOD0119"", ""FMOD0110"", ""FMOD0096"", ""FMOD0108"", ""FMOD0018"", ""FMOD0069"", ""FMOD0030""]",1.0,True,74.0
80,REAL,BALANCED,Q6K00523,80,40939,71,19.381349,"[""FMOD0082"", ""FMOD0029"", ""FMOD0035"", ""FMOD0023"", ""FMOD0119"", ""FMOD0102"", ""FMOD0051"", ""FMOD0120"", ""FMOD0036"", ""FMOD0110""]",1.0,True,71.0
80,REAL,BALANCED,Q6K00528,80,40939,74,20.131091,"[""FMOD0035"", ""FMOD0023"", ""FMOD0051"", ""FMOD0029"", ""FMOD0079"", ""FMOD0119"", ""FMOD0082"", ""FMOD0005"", ""FMOD0030"", ""FMOD0102""]",1.0,True,74.0
80,REAL,BALANCED,Q6K00530,80,40939,70,20.60176,"[""FMOD0069"", ""FMOD0035"", ""FMOD0023"", ""FMOD0029"", ""FMOD0119"", ""FMOD0056"", ""FMOD0036"", ""FMOD0112"", ""FMOD0067"", ""FMOD0078""]",1.0,True,70.0
80,REAL,BALANCED,Q6K00531,80,40939,70,19.950938,"[""FMOD0082"", ""FMOD0029"", ""FMOD0035"", ""FMOD0023"", ""FMOD0119"", ""FMOD0102"", ""FMOD0030"", ""FMOD0110"", ""FMOD0051"", ""FMOD0079""]",1.0,True,70.0
80,REAL,BALANCED,Q6K00533,80,40939,75,19.548943,"[""FMOD0029"", ""FMOD0119"", ""FMOD0023"", ""FMOD0036"", ""FMOD0030"", ""FMOD0102"", ""FMOD0035"", ""FMOD0120"", ""FMOD0110"", ""FMOD0069""]",1.0,True,75.0
80,REAL,BALANCED,Q6K00535,80,40939,75,17.630905,"[""FMOD0035"", ""FMOD0118"", ""FMOD0102"", ""FMOD0069"", ""FMOD0029"", ""FMOD0030"", ""FMOD0036"", ""FMOD0079"", ""FMOD0120"", ""FMOD0119""]",1.0,True,75.0
80,REAL,BALANCED,Q6K00537,80,40939,75,19.895127,"[""FMOD0055"", ""FMOD0023"", ""FMOD0069"", ""FMOD0025"", ""FMOD0082"", ""FMOD0100"", ""FMOD0029"", ""FMOD0119"", ""FMOD0036"", ""FMOD0035""]",1.0,True,75.0
80,REAL,BALANCED,Q6K00538,80,40939,70,19.995149,"[""FMOD0055"", ""FMOD0023"", ""FMOD0069"", ""FMOD0025"", ""FMOD0082"", ""FMOD0100"", ""FMOD0029"", ""FMOD0035"", ""FMOD0119"", ""FMOD0036""]",1.0,True,70.0
80,REAL,HIGH_RECALL,Q6K00183,80,40939,80,20.162462,"[""FMOD0023"", ""FMOD0029"", ""FMOD0036"", ""FMOD0119"", ""FMOD0035"", ""FMOD0082"", ""FMOD0030"", ""FMOD0120"", ""FMOD0102"", ""FMOD0110""]",1.0,True,80.0
80,REAL,HIGH_RECALL,Q6K00184,80,40939,79,20.696649,"[""FMOD0004"", ""FMOD0067"", ""FMOD0113"", ""FMOD0036"", ""FMOD0056"", ""FMOD0110"", ""FMOD0020"", ""FMOD0024"", ""FMOD0078"", ""FMOD0043""]",1.0,True,79.0
80,REAL,HIGH_RECALL,Q6K00193,80,40939,80,20.589998,"[""FMOD0025"", ""FMOD0069"", ""FMOD0023"", ""FMOD0029"", ""FMOD0056"", ""FMOD0055"", ""FMOD0078"", ""FMOD0096"", ""FMOD0080"", ""FMOD0102""]",1.0,True,80.0
80,REAL,HIGH_RECALL,Q6K00195,80,40939,79,20.584782,"[""FMOD0061"", ""FMOD0083"", ""FMOD0029"", ""FMOD0056"", ""FMOD0102"", ""FMOD0091"", ""FMOD0023"", ""FMOD0030"", ""FMOD0035"", ""FMOD0069""]",1.0,True,79.0
80,REAL,HIGH_RECALL,Q6K00197,80,40939,80,20.615977,"[""FMOD0069"", ""FMOD0029"", ""FMOD0102"", ""FMOD0030"", ""FMOD0119"", ""FMOD0005"", ""FMOD0120"", ""FMOD0033"", ""FMOD0036"", ""FMOD0110""]",1.0,True,80.0
80,REAL,HIGH_RECALL,Q6K00199,80,40939,80,20.032723,"[""FMOD0067"", ""FMOD0069"", ""FMOD0029"", ""FMOD0102"", ""FMOD0119"", ""FMOD0056"", ""FMOD0120"", ""FMOD0030"", ""FMOD0026"", ""FMOD0023""]",1.0,True,80.0
80,REAL,HIGH_RECALL,Q6K00200,80,40939,79,19.953152,"[""FMOD0051"", ""FMOD0023"", ""FMOD0029"", ""FMOD0035"", ""FMOD0016"", ""FMOD0120"", ""FMOD0082"", ""FMOD0079"", ""FMOD0020"", ""FMOD0119""]",1.0,True,79.0
80,REAL,HIGH_RECALL,Q6K00201,80,40939,80,19.970685,"[""FMOD0066"", ""FMOD0055"", ""FMOD0030"", ""FMOD0029"", ""FMOD0036"", ""FMOD0102"", ""FMOD0112"", ""FMOD0120"", ""FMOD0096"", ""FMOD0079""]",1.0,True,80.0
80,REAL,HIGH_RECALL,Q6K00205,80,40939,80,20.018184,"[""FMOD0051"", ""FMOD0023"", ""FMOD0035"", ""FMOD0020"", ""FMOD0016"", ""FMOD0119"", ""FMOD0029"", ""FMOD0102"", ""FMOD0082"", ""FMOD0030""]",1.0,True,80.0
80,REAL,HIGH_RECALL,Q6K00206,80,40939,80,19.68196,"[""FMOD0016"", ""FMOD0102"", ""FMOD0031"", ""FMOD0029"", ""FMOD0023"", ""FMOD0035"", ""FMOD0082"", ""FMOD0033"", ""FMOD0030"", ""FMOD0051""]",1.0,True,80.0
80,REAL,HIGH_RECALL,Q6K00207,80,40939,79,19.960792,"[""FMOD0023"", ""FMOD0029"", ""FMOD0035"", ""FMOD0120"", ""FMOD0102"", ""FMOD0069"", ""FMOD0119"", ""FMOD0077"", ""FMOD0082"", ""FMOD0110""]",1.0,True,79.0
80,REAL,HIGH_RECALL,Q6K00208,80,40939,80,20.231803,"[""FMOD0102"", ""FMOD0079"", ""FMOD0023"", ""FMOD0030"", ""FMOD0029"", ""FMOD0055"", ""FMOD0035"", ""FMOD0082"", ""FMOD0036"", ""FMOD0014""]",1.0,True,80.0
80,REAL,HIGH_RECALL,Q6K00212,80,40939,79,19.976142,"[""FMOD0060"", ""FMOD0029"", ""FMOD0023"", ""FMOD0082"", ""FMOD0075"", ""FMOD0096"", ""FMOD0102"", ""FMOD0056"", ""FMOD0036"", ""FMOD0043""]",1.0,True,79.0
80,REAL,HIGH_RECALL,Q6K00216,80,40939,79,20.122772,"[""FMOD0016"", ""FMOD0029"", ""FMOD0035"", ""FMOD0023"", ""FMOD0120"", ""FMOD0079"", ""FMOD0119"", ""FMOD0102"", ""FMOD0056"", ""FMOD0075""]",1.0,True,79.0
80,REAL,HIGH_RECALL,Q6K00227,80,40939,79,20.06547,"[""FMOD0096"", ""FMOD0029"", ""FMOD0023"", ""FMOD0120"", ""FMOD0119"", ""FMOD0035"", ""FMOD0056"", ""FMOD0113"", ""FMOD0069"", ""FMOD0025""]",1.0,True,79.0
80,REAL,HIGH_RECALL,Q6K00232,80,40939,80,20.340086,"[""FMOD0060"", ""FMOD0029"", ""FMOD0023"", ""FMOD0086"", ""FMOD0056"", ""FMOD0043"", ""FMOD0110"", ""FMOD0044"", ""FMOD0036"", ""FMOD0075""]",1.0,True,80.0
80,REAL,HIGH_RECALL,Q6K00235,80,40939,79,21.662912,"[""FMOD0096"", ""FMOD0029"", ""FMOD0120"", ""FMOD0119"", ""FMOD0023"", ""FMOD0035"", ""FMOD0056"", ""FMOD0069"", ""FMOD0030"", ""FMOD0102""]",1.0,True,79.0
80,REAL,HIGH_RECALL,Q6K00236,80,40939,79,19.983501,"[""FMOD0036"", ""FMOD0119"", ""FMOD0079"", ""FMOD0120"", ""FMOD0056"", ""FMOD0086"", ""FMOD0082"", ""FMOD0091"", ""FMOD0029"", ""FMOD0102""]",1.0,True,79.0
80,REAL,HIGH_RECALL,Q6K00237,80,40939,80,19.753155,"[""FMOD0067"", ""FMOD0029"", ""FMOD0119"", ""FMOD0120"", ""FMOD0023"", ""FMOD0102"", ""FMOD0056"", ""FMOD0082"", ""FMOD0110"", ""FMOD0069""]",1.0,True,80.0
80,REAL,HIGH_RECALL,Q6K00240,80,40939,80,20.234655,"[""FMOD0069"", ""FMOD0029"", ""FMOD0110"", ""FMOD0104"", ""FMOD0035"", ""FMOD0119"", ""FMOD0043"", ""FMOD0023"", ""FMOD0102"", ""FMOD0083""]",1.0,True,80.0
80,REAL,HIGH_RECALL,Q6K00247,80,40939,80,19.804626,"[""FMOD0069"", ""FMOD0060"", ""FMOD0119"", ""FMOD0029"", ""FMOD0023"", ""FMOD0083"", ""FMOD0025"", ""FMOD0110"", ""FMOD0079"", ""FMOD0003""]",1.0,True,80.0
80,REAL,HIGH_RECALL,Q6K00251,80,40939,80,19.616531,"[""FMOD0044"", ""FMOD0067"", ""FMOD0119"", ""FMOD0029"", ""FMOD0023"", ""FMOD0120"", ""FMOD0113"", ""FMOD0086"", ""FMOD0035"", ""FMOD0030""]",1.0,True,80.0
80,REAL,HIGH_RECALL,Q6K00252,80,40939,79,19.694335,"[""FMOD0043"", ""FMOD0086"", ""FMOD0035"", ""FMOD0023"", ""FMOD0102"", ""FMOD0029"", ""FMOD0096"", ""FMOD0069"", ""FMOD0079"", ""FMOD0024""]",1.0,True,79.0
80,REAL,HIGH_RECALL,Q6K00258,80,40939,80,19.861009,"[""FMOD0096"", ""FMOD0001"", ""FMOD0029"", ""FMOD0035"", ""FMOD0030"", ""FMOD0120"", ""FMOD0119"", ""FMOD0056"", ""FMOD0069"", ""FMOD0036""]",1.0,True,80.0
80,REAL,HIGH_RECALL,Q6K00259,80,40939,79,19.945102,"[""FMOD0043"", ""FMOD0089"", ""FMOD0035"", ""FMOD0102"", ""FMOD0096"", ""FMOD0023"", ""FMOD0029"", ""FMOD0069"", ""FMOD0079"", ""FMOD0024""]",1.0,True,79.0
80,REAL,HIGH_RECALL,Q6K00262,80,40939,80,19.713735,"[""FMOD0069"", ""FMOD0060"", ""FMOD0023"", ""FMOD0025"", ""FMOD0055"", ""FMOD0082"", ""FMOD0100"", ""FMOD0029"", ""FMOD0102"", ""FMOD0119""]",1.0,True,80.0
80,REAL,HIGH_RECALL,Q6K00264,80,40939,80,20.124808,"[""FMOD0043"", ""FMOD0066"", ""FMOD0035"", ""FMOD0056"", ""FMOD0082"", ""FMOD0030"", ""FMOD0119"", ""FMOD0023"", ""FMOD0029"", ""FMOD0079""]",1.0,True,80.0
80,REAL,HIGH_RECALL,Q6K00267,80,40939,80,19.908721,"[""FMOD0022"", ""FMOD0069"", ""FMOD0082"", ""FMOD0023"", ""FMOD0055"", ""FMOD0025"", ""FMOD0100"", ""FMOD0072"", ""FMOD0035"", ""FMOD0040""]",1.0,True,80.0
80,REAL,HIGH_RECALL,Q6K00268,80,40939,78,19.895246,"[""FMOD0077"", ""FMOD0050"", ""FMOD0055"", ""FMOD0083"", ""FMOD0005"", ""FMOD0035"", ""FMOD0029"", ""FMOD0033"", ""FMOD0069"", ""FMOD0091""]",1.0,True,78.0
80,REAL,HIGH_RECALL,Q6K00271,80,40939,79,20.065713,"[""FMOD0086"", ""FMOD0050"", ""FMOD0044"", ""FMOD0120"", ""FMOD0029"", ""FMOD0036"", ""FMOD0077"", ""FMOD0069"", ""FMOD0102"", ""FMOD0005""]",1.0,True,79.0
80,REAL,HIGH_RECALL,Q6K00273,80,40939,79,19.988215,"[""FMOD0023"", ""FMOD0043"", ""FMOD0119"", ""FMOD0079"", ""FMOD0029"", ""FMOD0102"", ""FMOD0056"", ""FMOD0005"", ""FMOD0030"", ""FMOD0075""]",1.0,True,79.0
80,REAL,HIGH_RECALL,Q6K00274,80,40939,80,20.993776,"[""FMOD0004"", ""FMOD0044"", ""FMOD0067"", ""FMOD0113"", ""FMOD0036"", ""FMOD0056"", ""FMOD0110"", ""FMOD0035"", ""FMOD0020"", ""FMOD0029""]",1.0,True,80.0
80,REAL,HIGH_RECALL,Q6K00275,80,40939,78,20.467914,"[""FMOD0086"", ""FMOD0074"", ""FMOD0050"", ""FMOD0029"", ""FMOD0056"", ""FMOD0102"", ""FMOD0035"", ""FMOD0024"", ""FMOD0043"", ""FMOD0023""]",1.0,True,78.0
80,REAL,HIGH_RECALL,Q6K00283,80,40939,79,20.081833,"[""FMOD0036"", ""FMOD0035"", ""FMOD0029"", ""FMOD0023"", ""FMOD0120"", ""FMOD0119"", ""FMOD0079"", ""FMOD0102"", ""FMOD0069"", ""FMOD0082""]",1.0,True,79.0
80,REAL,HIGH_RECALL,Q6K00287,80,40939,80,20.022644,"[""FMOD0003"", ""FMOD0089"", ""FMOD0004"", ""FMOD0067"", ""FMOD0014"", ""FMOD0113"", ""FMOD0036"", ""FMOD0029"", ""FMOD0120"", ""FMOD0020""]",1.0,True,80.0
80,REAL,HIGH_RECALL,Q6K00293,80,40939,80,20.474238,"[""FMOD0074"", ""FMOD0043"", ""FMOD0035"", ""FMOD0029"", ""FMOD0023"", ""FMOD0069"", ""FMOD0102"", ""FMOD0096"", ""FMOD0079"", ""FMOD0024""]",1.0,True,80.0
80,REAL,HIGH_RECALL,Q6K00295,80,40939,80,20.300079,"[""FMOD0066"", ""FMOD0043"", ""FMOD0102"", ""FMOD0029"", ""FMOD0023"", ""FMOD0069"", ""FMOD0035"", ""FMOD0096"", ""FMOD0079"", ""FMOD0119""]",1.0,True,80.0
80,REAL,HIGH_RECALL,Q6K00296,80,40939,79,20.058535,"[""FMOD0060"", ""FMOD0066"", ""FMOD0029"", ""FMOD0102"", ""FMOD0056"", ""FMOD0110"", ""FMOD0036"", ""FMOD0035"", ""FMOD0055"", ""FMOD0096""]",1.0,True,79.0
80,REAL,HIGH_RECALL,Q6K00298,80,40939,79,19.989962,"[""FMOD0074"", ""FMOD0036"", ""FMOD0079"", ""FMOD0119"", ""FMOD0120"", ""FMOD0017"", ""FMOD0091"", ""FMOD0056"", ""FMOD0023"", ""FMOD0083""]",1.0,True,79.0
80,REAL,HIGH_RECALL,Q6K00299,80,40939,79,20.021248,"[""FMOD0040"", ""FMOD0089"", ""FMOD0029"", ""FMOD0035"", ""FMOD0079"", ""FMOD0030"", ""FMOD0055"", ""FMOD0023"", ""FMOD0056"", ""FMOD0102""]",1.0,True,79.0
80,REAL,HIGH_RECALL,Q6K00304,80,40939,79,20.110957,"[""FMOD0077"", ""FMOD0083"", ""FMOD0087"", ""FMOD0023"", ""FMOD0069"", ""FMOD0056"", ""FMOD0020"", ""FMOD0055"", ""FMOD0102"", ""FMOD0025""]",1.0,True,79.0
80,REAL,HIGH_RECALL,Q6K00310,80,40939,80,20.214439,"[""FMOD0074"", ""FMOD0005"", ""FMOD0022"", ""FMOD0035"", ""FMOD0053"", ""FMOD0029"", ""FMOD0033"", ""FMOD0023"", ""FMOD0082"", ""FMOD0055""]",1.0,True,80.0
80,REAL,HIGH_RECALL,Q6K00313,80,40939,79,20.037193,"[""FMOD0061"", ""FMOD0069"", ""FMOD0083"", ""FMOD0066"", ""FMOD0029"", ""FMOD0036"", ""FMOD0033"", ""FMOD0030"", ""FMOD0120"", ""FMOD0005""]",1.0,True,79.0
80,REAL,HIGH_RECALL,Q6K00317,80,40939,80,20.091565,"[""FMOD0061"", ""FMOD0089"", ""FMOD0096"", ""FMOD0036"", ""FMOD0029"", ""FMOD0079"", ""FMOD0035"", ""FMOD0055"", ""FMOD0083"", ""FMOD0110""]",1.0,True,80.0
80,REAL,HIGH_RECALL,Q6K00318,80,40939,80,20.354236,"[""FMOD0086"", ""FMOD0004"", ""FMOD0050"", ""FMOD0082"", ""FMOD0067"", ""FMOD0035"", ""FMOD0053"", ""FMOD0110"", ""FMOD0005"", ""FMOD0102""]",1.0,True,80.0
80,REAL,HIGH_RECALL,Q6K00325,80,40939,79,19.977934,"[""FMOD0086"", ""FMOD0023"", ""FMOD0050"", ""FMOD0044"", ""FMOD0029"", ""FMOD0035"", ""FMOD0030"", ""FMOD0069"", ""FMOD0043"", ""FMOD0082""]",1.0,True,79.0
80,REAL,HIGH_RECALL,Q6K00326,80,40939,79,19.739404,"[""FMOD0099"", ""FMOD0055"", ""FMOD0066"", ""FMOD0036"", ""FMOD0102"", ""FMOD0056"", ""FMOD0112"", ""FMOD0029"", ""FMOD0023"", ""FMOD0017""]",1.0,True,79.0
80,REAL,HIGH_RECALL,Q6K00327,80,40939,77,19.708988,"[""FMOD0016"", ""FMOD0051"", ""FMOD0055"", ""FMOD0075"", ""FMOD0035"", ""FMOD0077"", ""FMOD0023"", ""FMOD0029"", ""FMOD0036"", ""FMOD0079""]",1.0,True,77.0
80,REAL,HIGH_RECALL,Q6K00332,80,40939,80,20.194334,"[""FMOD0044"", ""FMOD0035"", ""FMOD0029"", ""FMOD0069"", ""FMOD0030"", ""FMOD0086"", ""FMOD0120"", ""FMOD0119"", ""FMOD0050"", ""FMOD0036""]",1.0,True,80.0
80,REAL,HIGH_RECALL,Q6K00333,80,40939,79,19.944189,"[""FMOD0069"", ""FMOD0044"", ""FMOD0011"", ""FMOD0119"", ""FMOD0029"", ""FMOD0083"", ""FMOD0025"", ""FMOD0079"", ""FMOD0110"", ""FMOD0035""]",1.0,True,79.0
80,REAL,HIGH_RECALL,Q6K00336,80,40939,78,19.941782,"[""FMOD0014"", ""FMOD0023"", ""FMOD0079"", ""FMOD0035"", ""FMOD0082"", ""FMOD0029"", ""FMOD0120"", ""FMOD0119"", ""FMOD0102"", ""FMOD0087""]",1.0,True,78.0
80,REAL,HIGH_RECALL,Q6K00338,80,40939,79,20.69513,"[""FMOD0074"", ""FMOD0067"", ""FMOD0003"", ""FMOD0056"", ""FMOD0029"", ""FMOD0119"", ""FMOD0035"", ""FMOD0004"", ""FMOD0082"", ""FMOD0110""]",1.0,True,79.0
80,REAL,HIGH_RECALL,Q6K00340,80,40939,79,20.900378,"[""FMOD0025"", ""FMOD0011"", ""FMOD0089"", ""FMOD0029"", ""FMOD0023"", ""FMOD0030"", ""FMOD0069"", ""FMOD0035"", ""FMOD0119"", ""FMOD0079""]",1.0,True,79.0
80,REAL,HIGH_RECALL,Q6K00342,80,40939,79,19.76235,"[""FMOD0087"", ""FMOD0053"", ""FMOD0023"", ""FMOD0040"", ""FMOD0069"", ""FMOD0029"", ""FMOD0002"", ""FMOD0056"", ""FMOD0025"", ""FMOD0096""]",1.0,True,79.0
80,REAL,HIGH_RECALL,Q6K00343,80,40939,80,20.153262,"[""FMOD0087"", ""FMOD0016"", ""FMOD0055"", ""FMOD0030"", ""FMOD0029"", ""FMOD0023"", ""FMOD0102"", ""FMOD0056"", ""FMOD0035"", ""FMOD0119""]",1.0,True,80.0
80,REAL,HIGH_RECALL,Q6K00344,80,40939,80,19.929709,"[""FMOD0023"", ""FMOD0025"", ""FMOD0043"", ""FMOD0069"", ""FMOD0029"", ""FMOD0030"", ""FMOD0082"", ""FMOD0055"", ""FMOD0035"", ""FMOD0040""]",1.0,True,80.0
80,REAL,HIGH_RECALL,Q6K00351,80,40939,79,19.927033,"[""FMOD0005"", ""FMOD0099"", ""FMOD0022"", ""FMOD0082"", ""FMOD0055"", ""FMOD0029"", ""FMOD0020"", ""FMOD0119"", ""FMOD0030"", ""FMOD0079""]",1.0,True,79.0
80,REAL,HIGH_RECALL,Q6K00355,80,40939,79,20.338123,"[""FMOD0043"", ""FMOD0023"", ""FMOD0035"", ""FMOD0077"", ""FMOD0016"", ""FMOD0029"", ""FMOD0102"", ""FMOD0119"", ""FMOD0069"", ""FMOD0030""]",1.0,True,79.0
80,REAL,HIGH_RECALL,Q6K00359,80,40939,80,20.013835,"[""FMOD0086"", ""FMOD0087"", ""FMOD0044"", ""FMOD0056"", ""FMOD0097"", ""FMOD0029"", ""FMOD0079"", ""FMOD0102"", ""FMOD0036"", ""FMOD0051""]",1.0,True,80.0
80,REAL,HIGH_RECALL,Q6K00360,80,40939,80,20.315488,"[""FMOD0066"", ""FMOD0060"", ""FMOD0043"", ""FMOD0082"", ""FMOD0030"", ""FMOD0035"", ""FMOD0055"", ""FMOD0112"", ""FMOD0023"", ""FMOD0119""]",1.0,True,80.0
80,REAL,HIGH_RECALL,Q6K00363,80,40939,80,19.764442,"[""FMOD0066"", ""FMOD0029"", ""FMOD0102"", ""FMOD0056"", ""FMOD0119"", ""FMOD0069"", ""FMOD0120"", ""FMOD0035"", ""FMOD0023"", ""FMOD0030""]",1.0,True,80.0
80,REAL,HIGH_RECALL,Q6K00365,80,40939,80,19.980882,"[""FMOD0087"", ""FMOD0029"", ""FMOD0035"", ""FMOD0023"", ""FMOD0119"", ""FMOD0016"", ""FMOD0055"", ""FMOD0036"", ""FMOD0030"", ""FMOD0082""]",1.0,True,80.0
80,REAL,HIGH_RECALL,Q6K00372,80,40939,79,19.776126,"[""FMOD0023"", ""FMOD0035"", ""FMOD0020"", ""FMOD0016"", ""FMOD0051"", ""FMOD0029"", ""FMOD0030"", ""FMOD0119"", ""FMOD0102"", ""FMOD0069""]",1.0,True,79.0
80,REAL,HIGH_RECALL,Q6K00375,80,40939,80,20.734574,"[""FMOD0099"", ""FMOD0023"", ""FMOD0069"", ""FMOD0025"", ""FMOD0055"", ""FMOD0082"", ""FMOD0029"", ""FMOD0083"", ""FMOD0119"", ""FMOD0035""]",1.0,True,80.0
80,REAL,HIGH_RECALL,Q6K00377,80,40939,80,19.792486,"[""FMOD0082"", ""FMOD0022"", ""FMOD0023"", ""FMOD0069"", ""FMOD0055"", ""FMOD0025"", ""FMOD0100"", ""FMOD0029"", ""FMOD0119"", ""FMOD0035""]",1.0,True,80.0
80,REAL,HIGH_RECALL,Q6K00378,80,40939,80,19.777807,"[""FMOD0023"", ""FMOD0030"", ""FMOD0055"", ""FMOD0029"", ""FMOD0083"", ""FMOD0025"", ""FMOD0079"", ""FMOD0119"", ""FMOD0102"", ""FMOD0120""]",1.0,True,80.0
80,REAL,HIGH_RECALL,Q6K00380,80,40939,78,19.664587,"[""FMOD0023"", ""FMOD0029"", ""FMOD0030"", ""FMOD0035"", ""FMOD0082"", ""FMOD0119"", ""FMOD0102"", ""FMOD0110"", ""FMOD0036"", ""FMOD0120""]",1.0,True,78.0
80,REAL,HIGH_RECALL,Q6K00384,80,40939,79,20.31391,"[""FMOD0083"", ""FMOD0029"", ""FMOD0069"", ""FMOD0086"", ""FMOD0035"", ""FMOD0120"", ""FMOD0056"", ""FMOD0030"", ""FMOD0119"", ""FMOD0005""]",1.0,True,79.0
80,REAL,HIGH_RECALL,Q6K00389,80,40939,79,19.876677,"[""FMOD0055"", ""FMOD0023"", ""FMOD0029"", ""FMOD0035"", ""FMOD0082"", ""FMOD0079"", ""FMOD0119"", ""FMOD0056"", ""FMOD0102"", ""FMOD0030""]",1.0,True,79.0
80,REAL,HIGH_RECALL,Q6K00390,80,40939,80,19.609576,"[""FMOD0023"", ""FMOD0102"", ""FMOD0029"", ""FMOD0119"", ""FMOD0120"", ""FMOD0069"", ""FMOD0035"", ""FMOD0056"", ""FMOD0082"", ""FMOD0079""]",1.0,True,80.0
80,REAL,HIGH_RECALL,Q6K00393,80,40939,79,20.553265,"[""FMOD0029"", ""FMOD0023"", ""FMOD0102"", ""FMOD0119"", ""FMOD0120"", ""FMOD0036"", ""FMOD0030"", ""FMOD0053"", ""FMOD0113"", ""FMOD0035""]",1.0,True,79.0
80,REAL,HIGH_RECALL,Q6K00395,80,40939,79,20.17974,"[""FMOD0053"", ""FMOD0069"", ""FMOD0035"", ""FMOD0023"", ""FMOD0029"", ""FMOD0056"", ""FMOD0119"", ""FMOD0036"", ""FMOD0112"", ""FMOD0004""]",1.0,True,79.0
80,REAL,HIGH_RECALL,Q6K00396,80,40939,79,20.309731,"[""FMOD0066"", ""FMOD0035"", ""FMOD0023"", ""FMOD0051"", ""FMOD0029"", ""FMOD0082"", ""FMOD0119"", ""FMOD0036"", ""FMOD0102"", ""FMOD0055""]",1.0,True,79.0
80,REAL,HIGH_RECALL,Q6K00400,80,40939,80,20.426261,"[""FMOD0023"", ""FMOD0025"", ""FMOD0035"", ""FMOD0069"", ""FMOD0030"", ""FMOD0055"", ""FMOD0078"", ""FMOD0100"", ""FMOD0036"", ""FMOD0056""]",1.0,True,80.0
80,REAL,HIGH_RECALL,Q6K00403,80,40939,80,20.260097,"[""FMOD0035"", ""FMOD0033"", ""FMOD0029"", ""FMOD0119"", ""FMOD0120"", ""FMOD0078"", ""FMOD0024"", ""FMOD0080"", ""FMOD0108"", ""FMOD0102""]",1.0,True,80.0
80,REAL,HIGH_RECALL,Q6K00405,80,40939,80,20.597494,"[""FMOD0016"", ""FMOD0102"", ""FMOD0031"", ""FMOD0056"", ""FMOD0029"", ""FMOD0023"", ""FMOD0082"", ""FMOD0035"", ""FMOD0033"", ""FMOD0079""]",1.0,True,80.0
80,REAL,HIGH_RECALL,Q6K00407,80,40939,79,21.247009,"[""FMOD0005"", ""FMOD0029"", ""FMOD0120"", ""FMOD0069"", ""FMOD0102"", ""FMOD0030"", ""FMOD0119"", ""FMOD0079"", ""FMOD0023"", ""FMOD0020""]",1.0,True,79.0
80,REAL,HIGH_RECALL,Q6K00410,80,40939,79,20.012775,"[""FMOD0005"", ""FMOD0030"", ""FMOD0023"", ""FMOD0035"", ""FMOD0055"", ""FMOD0029"", ""FMOD0082"", ""FMOD0089"", ""FMOD0024"", ""FMOD0113""]",1.0,True,79.0
80,REAL,HIGH_RECALL,Q6K00417,80,40939,80,19.969376,"[""FMOD0051"", ""FMOD0082"", ""FMOD0102"", ""FMOD0035"", ""FMOD0067"", ""FMOD0119"", ""FMOD0005"", ""FMOD0056"", ""FMOD0086"", ""FMOD0036""]",1.0,True,80.0
80,REAL,HIGH_RECALL,Q6K00420,80,40939,79,20.257266,"[""FMOD0036"", ""FMOD0004"", ""FMOD0067"", ""FMOD0119"", ""FMOD0029"", ""FMOD0035"", ""FMOD0079"", ""FMOD0120"", ""FMOD0023"", ""FMOD0055""]",1.0,True,79.0
80,REAL,HIGH_RECALL,Q6K00422,80,40939,79,19.550442,"[""FMOD0053"", ""FMOD0083"", ""FMOD0035"", ""FMOD0082"", ""FMOD0023"", ""FMOD0029"", ""FMOD0051"", ""FMOD0030"", ""FMOD0079"", ""FMOD0036""]",1.0,True,79.0
80,REAL,HIGH_RECALL,Q6K00423,80,40939,79,19.55793,"[""FMOD0061"", ""FMOD0004"", ""FMOD0086"", ""FMOD0035"", ""FMOD0029"", ""FMOD0033"", ""FMOD0056"", ""FMOD0014"", ""FMOD0102"", ""FMOD0119""]",1.0,True,79.0
80,REAL,HIGH_RECALL,Q6K00424,80,40939,79,19.996094,"[""FMOD0053"", ""FMOD0102"", ""FMOD0029"", ""FMOD0082"", ""FMOD0023"", ""FMOD0035"", ""FMOD0077"", ""FMOD0069"", ""FMOD0033"", ""FMOD0056""]",1.0,True,79.0
80,REAL,HIGH_RECALL,Q6K00427,80,40939,79,20.048676,"[""FMOD0005"", ""FMOD0035"", ""FMOD0082"", ""FMOD0055"", ""FMOD0056"", ""FMOD0043"", ""FMOD0072"", ""FMOD0002"", ""FMOD0011"", ""FMOD0023""]",1.0,True,79.0
80,REAL,HIGH_RECALL,Q6K00435,80,40939,80,20.226947,"[""FMOD0099"", ""FMOD0069"", ""FMOD0029"", ""FMOD0119"", ""FMOD0023"", ""FMOD0035"", ""FMOD0102"", ""FMOD0030"", ""FMOD0120"", ""FMOD0110""]",1.0,True,80.0
80,REAL,HIGH_RECALL,Q6K00436,80,40939,80,20.044824,"[""FMOD0099"", ""FMOD0044"", ""FMOD0029"", ""FMOD0030"", ""FMOD0035"", ""FMOD0023"", ""FMOD0119"", ""FMOD0036"", ""FMOD0120"", ""FMOD0069""]",1.0,True,80.0
80,REAL,HIGH_RECALL,Q6K00438,80,40939,78,19.77258,"[""FMOD0022"", ""FMOD0055"", ""FMOD0029"", ""FMOD0082"", ""FMOD0030"", ""FMOD0023"", ""FMOD0102"", ""FMOD0069"", ""FMOD0110"", ""FMOD0079""]",1.0,True,78.0
80,REAL,HIGH_RECALL,Q6K00442,80,40939,80,19.854361,"[""FMOD0087"", ""FMOD0029"", ""FMOD0120"", ""FMOD0035"", ""FMOD0082"", ""FMOD0056"", ""FMOD0102"", ""FMOD0079"", ""FMOD0119"", ""FMOD0005""]",1.0,True,80.0
80,REAL,HIGH_RECALL,Q6K00443,80,40939,80,21.10631,"[""FMOD0035"", ""FMOD0011"", ""FMOD0023"", ""FMOD0082"", ""FMOD0119"", ""FMOD0102"", ""FMOD0112"", ""FMOD0079"", ""FMOD0060"", ""FMOD0030""]",1.0,True,80.0
80,REAL,HIGH_RECALL,Q6K00444,80,40939,79,19.929619,"[""FMOD0003"", ""FMOD0022"", ""FMOD0069"", ""FMOD0120"", ""FMOD0119"", ""FMOD0079"", ""FMOD0102"", ""FMOD0005"", ""FMOD0078"", ""FMOD0082""]",1.0,True,79.0
80,REAL,HIGH_RECALL,Q6K00446,80,40939,78,20.0405,"[""FMOD0082"", ""FMOD0067"", ""FMOD0060"", ""FMOD0035"", ""FMOD0023"", ""FMOD0097"", ""FMOD0022"", ""FMOD0029"", ""FMOD0119"", ""FMOD0102""]",1.0,True,78.0
80,REAL,HIGH_RECALL,Q6K00453,80,40939,80,20.525158,"[""FMOD0044"", ""FMOD0079"", ""FMOD0029"", ""FMOD0119"", ""FMOD0023"", ""FMOD0102"", ""FMOD0120"", ""FMOD0083"", ""FMOD0035"", ""FMOD0110""]",1.0,True,80.0
80,REAL,HIGH_RECALL,Q6K00456,80,40939,80,19.38887,"[""FMOD0004"", ""FMOD0016"", ""FMOD0067"", ""FMOD0113"", ""FMOD0036"", ""FMOD0029"", ""FMOD0023"", ""FMOD0035"", ""FMOD0056"", ""FMOD0079""]",1.0,True,80.0
80,REAL,HIGH_RECALL,Q6K00458,80,40939,80,19.819778,"[""FMOD0079"", ""FMOD0023"", ""FMOD0016"", ""FMOD0035"", ""FMOD0030"", ""FMOD0029"", ""FMOD0020"", ""FMOD0102"", ""FMOD0082"", ""FMOD0119""]",1.0,True,80.0
80,REAL,HIGH_RECALL,Q6K00461,80,40939,79,19.987946,"[""FMOD0001"", ""FMOD0003"", ""FMOD0089"", ""FMOD0030"", ""FMOD0035"", ""FMOD0029"", ""FMOD0051"", ""FMOD0120"", ""FMOD0023"", ""FMOD0119""]",1.0,True,79.0
80,REAL,HIGH_RECALL,Q6K00465,80,40939,80,21.303066,"[""FMOD0083"", ""FMOD0096"", ""FMOD0029"", ""FMOD0023"", ""FMOD0036"", ""FMOD0110"", ""FMOD0119"", ""FMOD0035"", ""FMOD0005"", ""FMOD0120""]",1.0,True,80.0
80,REAL,HIGH_RECALL,Q6K00470,80,40939,78,20.148868,"[""FMOD0060"", ""FMOD0102"", ""FMOD0029"", ""FMOD0061"", ""FMOD0120"", ""FMOD0119"", ""FMOD0056"", ""FMOD0069"", ""FMOD0035"", ""FMOD0079""]",1.0,True,78.0
80,REAL,HIGH_RECALL,Q6K00471,80,40939,79,20.186893,"[""FMOD0025"", ""FMOD0099"", ""FMOD0029"", ""FMOD0024"", ""FMOD0005"", ""FMOD0014"", ""FMOD0113"", ""FMOD0083"", ""FMOD0120"", ""FMOD0023""]",1.0,True,79.0
80,REAL,HIGH_RECALL,Q6K00473,80,40939,80,20.506537,"[""FMOD0086"", ""FMOD0079"", ""FMOD0056"", ""FMOD0078"", ""FMOD0097"", ""FMOD0036"", ""FMOD0083"", ""FMOD0119"", ""FMOD0029"", ""FMOD0004""]",1.0,True,80.0
80,REAL,HIGH_RECALL,Q6K00479,80,40939,79,20.882937,"[""FMOD0066"", ""FMOD0022"", ""FMOD0082"", ""FMOD0023"", ""FMOD0035"", ""FMOD0079"", ""FMOD0036"", ""FMOD0029"", ""FMOD0112"", ""FMOD0030""]",1.0,True,79.0
80,REAL,HIGH_RECALL,Q6K00481,80,40939,79,20.406511,"[""FMOD0035"", ""FMOD0023"", ""FMOD0051"", ""FMOD0029"", ""FMOD0119"", ""FMOD0082"", ""FMOD0102"", ""FMOD0030"", ""FMOD0120"", ""FMOD0036""]",1.0,True,79.0
80,REAL,HIGH_RECALL,Q6K00484,80,40939,79,20.317869,"[""FMOD0029"", ""FMOD0030"", ""FMOD0035"", ""FMOD0023"", ""FMOD0119"", ""FMOD0082"", ""FMOD0051"", ""FMOD0036"", ""FMOD0120"", ""FMOD0069""]",1.0,True,79.0
80,REAL,HIGH_RECALL,Q6K00485,80,40939,78,20.005974,"[""FMOD0069"", ""FMOD0035"", ""FMOD0023"", ""FMOD0119"", ""FMOD0029"", ""FMOD0056"", ""FMOD0036"", ""FMOD0112"", ""FMOD0067"", ""FMOD0078""]",1.0,True,78.0
80,REAL,HIGH_RECALL,Q6K00489,80,40939,79,19.832925,"[""FMOD0080"", ""FMOD0086"", ""FMOD0015"", ""FMOD0029"", ""FMOD0023"", ""FMOD0119"", ""FMOD0030"", ""FMOD0102"", ""FMOD0069"", ""FMOD0082""]",1.0,True,79.0
80,REAL,HIGH_RECALL,Q6K00495,80,40939,80,19.953897,"[""FMOD0083"", ""FMOD0096"", ""FMOD0029"", ""FMOD0023"", ""FMOD0119"", ""FMOD0035"", ""FMOD0110"", ""FMOD0069"", ""FMOD0036"", ""FMOD0030""]",1.0,True,80.0
80,REAL,HIGH_RECALL,Q6K00498,80,40939,80,19.614778,"[""FMOD0055"", ""FMOD0023"", ""FMOD0069"", ""FMOD0082"", ""FMOD0025"", ""FMOD0100"", ""FMOD0029"", ""FMOD0035"", ""FMOD0102"", ""FMOD0036""]",1.0,True,80.0
80,REAL,HIGH_RECALL,Q6K00507,80,40939,80,19.678436,"[""FMOD0082"", ""FMOD0023"", ""FMOD0035"", ""FMOD0059"", ""FMOD0016"", ""FMOD0030"", ""FMOD0029"", ""FMOD0119"", ""FMOD0112"", ""FMOD0120""]",1.0,True,80.0
80,REAL,HIGH_RECALL,Q6K00511,80,40939,78,19.821549,"[""FMOD0030"", ""FMOD0055"", ""FMOD0029"", ""FMOD0083"", ""FMOD0025"", ""FMOD0079"", ""FMOD0102"", ""FMOD0119"", ""FMOD0023"", ""FMOD0120""]",1.0,True,78.0
80,REAL,HIGH_RECALL,Q6K00512,80,40939,80,19.920883,"[""FMOD0035"", ""FMOD0023"", ""FMOD0119"", ""FMOD0029"", ""FMOD0110"", ""FMOD0108"", ""FMOD0036"", ""FMOD0042"", ""FMOD0060"", ""FMOD0083""]",1.0,True,80.0
80,REAL,HIGH_RECALL,Q6K00513,80,40939,80,20.548248,"[""FMOD0029"", ""FMOD0110"", ""FMOD0056"", ""FMOD0023"", ""FMOD0083"", ""FMOD0119"", ""FMOD0112"", ""FMOD0036"", ""FMOD0078"", ""FMOD0024""]",1.0,True,80.0
80,REAL,HIGH_RECALL,Q6K00517,80,40939,79,20.299234,"[""FMOD0082"", ""FMOD0029"", ""FMOD0023"", ""FMOD0119"", ""FMOD0022"", ""FMOD0102"", ""FMOD0097"", ""FMOD0051"", ""FMOD0035"", ""FMOD0120""]",1.0,True,79.0
80,REAL,HIGH_RECALL,Q6K00518,80,40939,79,20.066984,"[""FMOD0029"", ""FMOD0035"", ""FMOD0102"", ""FMOD0119"", ""FMOD0110"", ""FMOD0096"", ""FMOD0108"", ""FMOD0018"", ""FMOD0069"", ""FMOD0030""]",1.0,True,79.0
80,REAL,HIGH_RECALL,Q6K00523,80,40939,78,20.012356,"[""FMOD0082"", ""FMOD0029"", ""FMOD0035"", ""FMOD0023"", ""FMOD0119"", ""FMOD0102"", ""FMOD0051"", ""FMOD0120"", ""FMOD0036"", ""FMOD0110""]",1.0,True,78.0
80,REAL,HIGH_RECALL,Q6K00528,80,40939,79,21.12194,"[""FMOD0035"", ""FMOD0023"", ""FMOD0051"", ""FMOD0029"", ""FMOD0079"", ""FMOD0119"", ""FMOD0082"", ""FMOD0005"", ""FMOD0030"", ""FMOD0102""]",1.0,True,79.0
80,REAL,HIGH_RECALL,Q6K00530,80,40939,78,20.056465,"[""FMOD0069"", ""FMOD0035"", ""FMOD0023"", ""FMOD0029"", ""FMOD0119"", ""FMOD0056"", ""FMOD0036"", ""FMOD0112"", ""FMOD0067"", ""FMOD0078""]",1.0,True,78.0
80,REAL,HIGH_RECALL,Q6K00531,80,40939,80,19.922731,"[""FMOD0082"", ""FMOD0029"", ""FMOD0035"", ""FMOD0023"", ""FMOD0119"", ""FMOD0102"", ""FMOD0030"", ""FMOD0110"", ""FMOD0051"", ""FMOD0079""]",1.0,True,80.0
80,REAL,HIGH_RECALL,Q6K00533,80,40939,79,20.065206,"[""FMOD0029"", ""FMOD0119"", ""FMOD0023"", ""FMOD0036"", ""FMOD0030"", ""FMOD0102"", ""FMOD0035"", ""FMOD0120"", ""FMOD0110"", ""FMOD0069""]",1.0,True,79.0
80,REAL,HIGH_RECALL,Q6K00535,80,40939,80,17.628591,"[""FMOD0035"", ""FMOD0118"", ""FMOD0102"", ""FMOD0069"", ""FMOD0029"", ""FMOD0030"", ""FMOD0036"", ""FMOD0079"", ""FMOD0120"", ""FMOD0119""]",1.0,True,80.0
80,REAL,HIGH_RECALL,Q6K00537,80,40939,80,20.214316,"[""FMOD0055"", ""FMOD0023"", ""FMOD0069"", ""FMOD0025"", ""FMOD0082"", ""FMOD0100"", ""FMOD0029"", ""FMOD0119"", ""FMOD0036"", ""FMOD0035""]",1.0,True,80.0
80,REAL,HIGH_RECALL,Q6K00538,80,40939,80,20.136834,"[""FMOD0055"", ""FMOD0023"", ""FMOD0069"", ""FMOD0025"", ""FMOD0082"", ""FMOD0100"", ""FMOD0029"", ""FMOD0035"", ""FMOD0119"", ""FMOD0036""]",1.0,True,80.0
100,REAL,EXACT,Q6K00183,100,48376,100,21.451954,"[""FMOD0023"", ""FMOD0029"", ""FMOD0081"", ""FMOD0036"", ""FMOD0114"", ""FMOD0119"", ""FMOD0035"", ""FMOD0082"", ""FMOD0030"", ""FMOD0120""]",1.0,True,
100,REAL,EXACT,Q6K00184,100,48376,100,21.771761,"[""FMOD0004"", ""FMOD0067"", ""FMOD0113"", ""FMOD0052"", ""FMOD0036"", ""FMOD0114"", ""FMOD0056"", ""FMOD0101"", ""FMOD0110"", ""FMOD0081""]",1.0,True,
100,REAL,EXACT,Q6K00193,100,48376,100,22.409751,"[""FMOD0025"", ""FMOD0069"", ""FMOD0023"", ""FMOD0029"", ""FMOD0056"", ""FMOD0055"", ""FMOD0114"", ""FMOD0078"", ""FMOD0096"", ""FMOD0080""]",1.0,True,
100,REAL,EXACT,Q6K00195,100,48376,100,20.135827,"[""FMOD0061"", ""FMOD0083"", ""FMOD0029"", ""FMOD0056"", ""FMOD0102"", ""FMOD0091"", ""FMOD0023"", ""FMOD0081"", ""FMOD0114"", ""FMOD0030""]",1.0,True,
100,REAL,EXACT,Q6K00197,100,48376,100,20.57304,"[""FMOD0069"", ""FMOD0029"", ""FMOD0102"", ""FMOD0114"", ""FMOD0030"", ""FMOD0119"", ""FMOD0005"", ""FMOD0120"", ""FMOD0033"", ""FMOD0036""]",1.0,True,
100,REAL,EXACT,Q6K00199,100,48376,100,21.197357,"[""FMOD0067"", ""FMOD0069"", ""FMOD0029"", ""FMOD0102"", ""FMOD0119"", ""FMOD0056"", ""FMOD0120"", ""FMOD0030"", ""FMOD0026"", ""FMOD0023""]",1.0,True,
100,REAL,EXACT,Q6K00200,100,48376,100,21.338194,"[""FMOD0051"", ""FMOD0023"", ""FMOD0029"", ""FMOD0035"", ""FMOD0016"", ""FMOD0081"", ""FMOD0120"", ""FMOD0082"", ""FMOD0079"", ""FMOD0020""]",1.0,True,
100,REAL,EXACT,Q6K00201,100,48376,100,20.42633,"[""FMOD0066"", ""FMOD0055"", ""FMOD0030"", ""FMOD0029"", ""FMOD0010"", ""FMOD0041"", ""FMOD0036"", ""FMOD0102"", ""FMOD0112"", ""FMOD0120""]",1.0,True,
100,REAL,EXACT,Q6K00205,100,48376,100,20.495592,"[""FMOD0051"", ""FMOD0023"", ""FMOD0035"", ""FMOD0020"", ""FMOD0016"", ""FMOD0081"", ""FMOD0119"", ""FMOD0029"", ""FMOD0065"", ""FMOD0114""]",1.0,True,
100,REAL,EXACT,Q6K00206,100,48376,100,21.848997,"[""FMOD0016"", ""FMOD0102"", ""FMOD0031"", ""FMOD0029"", ""FMOD0023"", ""FMOD0035"", ""FMOD0082"", ""FMOD0065"", ""FMOD0114"", ""FMOD0033""]",1.0,True,
100,REAL,EXACT,Q6K00207,100,48376,100,20.89794,"[""FMOD0023"", ""FMOD0029"", ""FMOD0035"", ""FMOD0120"", ""FMOD0102"", ""FMOD0069"", ""FMOD0119"", ""FMOD0077"", ""FMOD0082"", ""FMOD0110""]",1.0,True,
100,REAL,EXACT,Q6K00208,100,48376,100,20.242068,"[""FMOD0102"", ""FMOD0079"", ""FMOD0023"", ""FMOD0030"", ""FMOD0029"", ""FMOD0055"", ""FMOD0035"", ""FMOD0082"", ""FMOD0036"", ""FMOD0014""]",1.0,True,
100,REAL,EXACT,Q6K00212,100,48376,100,21.06303,"[""FMOD0060"", ""FMOD0029"", ""FMOD0023"", ""FMOD0082"", ""FMOD0075"", ""FMOD0096"", ""FMOD0102"", ""FMOD0056"", ""FMOD0036"", ""FMOD0081""]",1.0,True,
100,REAL,EXACT,Q6K00216,100,48376,100,20.704595,"[""FMOD0016"", ""FMOD0029"", ""FMOD0035"", ""FMOD0023"", ""FMOD0081"", ""FMOD0079"", ""FMOD0119"", ""FMOD0102"", ""FMOD0114"", ""FMOD0056""]",1.0,True,
100,REAL,EXACT,Q6K00227,100,48376,100,20.959133,"[""FMOD0096"", ""FMOD0029"", ""FMOD0023"", ""FMOD0120"", ""FMOD0119"", ""FMOD0035"", ""FMOD0056"", ""FMOD0113"", ""FMOD0069"", ""FMOD0025""]",1.0,True,
100,REAL,EXACT,Q6K00232,100,48376,100,20.693025,"[""FMOD0060"", ""FMOD0029"", ""FMOD0023"", ""FMOD0086"", ""FMOD0056"", ""FMOD0043"", ""FMOD0110"", ""FMOD0044"", ""FMOD0036"", ""FMOD0075""]",1.0,True,
100,REAL,EXACT,Q6K00235,100,48376,100,20.698976,"[""FMOD0096"", ""FMOD0114"", ""FMOD0029"", ""FMOD0120"", ""FMOD0119"", ""FMOD0023"", ""FMOD0035"", ""FMOD0056"", ""FMOD0069"", ""FMOD0030""]",1.0,True,
100,REAL,EXACT,Q6K00236,100,48376,100,20.94287,"[""FMOD0036"", ""FMOD0119"", ""FMOD0079"", ""FMOD0120"", ""FMOD0056"", ""FMOD0086"", ""FMOD0082"", ""FMOD0091"", ""FMOD0029"", ""FMOD0102""]",1.0,True,
100,REAL,EXACT,Q6K00237,100,48376,100,21.335307,"[""FMOD0067"", ""FMOD0029"", ""FMOD0119"", ""FMOD0120"", ""FMOD0023"", ""FMOD0102"", ""FMOD0056"", ""FMOD0082"", ""FMOD0110"", ""FMOD0069""]",1.0,True,
100,REAL,EXACT,Q6K00240,100,48376,100,20.556612,"[""FMOD0069"", ""FMOD0029"", ""FMOD0110"", ""FMOD0104"", ""FMOD0035"", ""FMOD0119"", ""FMOD0043"", ""FMOD0023"", ""FMOD0102"", ""FMOD0083""]",1.0,True,
100,REAL,EXACT,Q6K00247,100,48376,100,20.363986,"[""FMOD0069"", ""FMOD0060"", ""FMOD0119"", ""FMOD0029"", ""FMOD0023"", ""FMOD0083"", ""FMOD0025"", ""FMOD0110"", ""FMOD0079"", ""FMOD0003""]",1.0,True,
100,REAL,EXACT,Q6K00251,100,48376,100,21.003736,"[""FMOD0044"", ""FMOD0067"", ""FMOD0119"", ""FMOD0029"", ""FMOD0023"", ""FMOD0120"", ""FMOD0113"", ""FMOD0086"", ""FMOD0035"", ""FMOD0030""]",1.0,True,
100,REAL,EXACT,Q6K00252,100,48376,100,20.017147,"[""FMOD0043"", ""FMOD0086"", ""FMOD0035"", ""FMOD0023"", ""FMOD0102"", ""FMOD0029"", ""FMOD0096"", ""FMOD0069"", ""FMOD0079"", ""FMOD0024""]",1.0,True,
100,REAL,EXACT,Q6K00258,100,48376,100,20.514927,"[""FMOD0096"", ""FMOD0001"", ""FMOD0029"", ""FMOD0041"", ""FMOD0035"", ""FMOD0030"", ""FMOD0056"", ""FMOD0120"", ""FMOD0069"", ""FMOD0119""]",1.0,True,
100,REAL,EXACT,Q6K00259,100,48376,100,20.550652,"[""FMOD0043"", ""FMOD0089"", ""FMOD0035"", ""FMOD0102"", ""FMOD0096"", ""FMOD0023"", ""FMOD0029"", ""FMOD0069"", ""FMOD0079"", ""FMOD0024""]",1.0,True,
100,REAL,EXACT,Q6K00262,100,48376,100,20.352295,"[""FMOD0069"", ""FMOD0060"", ""FMOD0023"", ""FMOD0025"", ""FMOD0055"", ""FMOD0082"", ""FMOD0100"", ""FMOD0029"", ""FMOD0102"", ""FMOD0119""]",1.0,True,
100,REAL,EXACT,Q6K00264,100,48376,100,20.654527,"[""FMOD0043"", ""FMOD0066"", ""FMOD0035"", ""FMOD0056"", ""FMOD0081"", ""FMOD0082"", ""FMOD0030"", ""FMOD0119"", ""FMOD0023"", ""FMOD0029""]",1.0,True,
100,REAL,EXACT,Q6K00267,100,48376,100,20.343149,"[""FMOD0022"", ""FMOD0069"", ""FMOD0034"", ""FMOD0082"", ""FMOD0023"", ""FMOD0055"", ""FMOD0025"", ""FMOD0100"", ""FMOD0072"", ""FMOD0035""]",1.0,True,
100,REAL,EXACT,Q6K00268,100,48376,100,20.392705,"[""FMOD0077"", ""FMOD0050"", ""FMOD0055"", ""FMOD0083"", ""FMOD0005"", ""FMOD0035"", ""FMOD0114"", ""FMOD0029"", ""FMOD0033"", ""FMOD0069""]",1.0,True,
100,REAL,EXACT,Q6K00271,100,48376,100,20.749872,"[""FMOD0086"", ""FMOD0050"", ""FMOD0044"", ""FMOD0120"", ""FMOD0029"", ""FMOD0036"", ""FMOD0077"", ""FMOD0069"", ""FMOD0102"", ""FMOD0005""]",1.0,True,
100,REAL,EXACT,Q6K00273,100,48376,100,20.22814,"[""FMOD0023"", ""FMOD0043"", ""FMOD0119"", ""FMOD0079"", ""FMOD0029"", ""FMOD0102"", ""FMOD0056"", ""FMOD0005"", ""FMOD0030"", ""FMOD0075""]",1.0,True,
100,REAL,EXACT,Q6K00274,100,48376,100,19.456894,"[""FMOD0004"", ""FMOD0044"", ""FMOD0067"", ""FMOD0113"", ""FMOD0052"", ""FMOD0036"", ""FMOD0114"", ""FMOD0056"", ""FMOD0110"", ""FMOD0035""]",1.0,True,
100,REAL,EXACT,Q6K00275,100,48376,100,20.369611,"[""FMOD0086"", ""FMOD0074"", ""FMOD0050"", ""FMOD0029"", ""FMOD0056"", ""FMOD0102"", ""FMOD0035"", ""FMOD0024"", ""FMOD0114"", ""FMOD0043""]",1.0,True,
100,REAL,EXACT,Q6K00283,100,48376,100,20.347554,"[""FMOD0036"", ""FMOD0035"", ""FMOD0029"", ""FMOD0023"", ""FMOD0120"", ""FMOD0119"", ""FMOD0079"", ""FMOD0102"", ""FMOD0069"", ""FMOD0082""]",1.0,True,
100,REAL,EXACT,Q6K00287,100,48376,100,20.905025,"[""FMOD0003"", ""FMOD0089"", ""FMOD0004"", ""FMOD0063"", ""FMOD0067"", ""FMOD0014"", ""FMOD0113"", ""FMOD0052"", ""FMOD0036"", ""FMOD0114""]",1.0,True,
100,REAL,EXACT,Q6K00293,100,48376,100,21.004947,"[""FMOD0074"", ""FMOD0043"", ""FMOD0035"", ""FMOD0029"", ""FMOD0023"", ""FMOD0069"", ""FMOD0102"", ""FMOD0096"", ""FMOD0079"", ""FMOD0024""]",1.0,True,
100,REAL,EXACT,Q6K00295,100,48376,100,20.885729,"[""FMOD0066"", ""FMOD0043"", ""FMOD0102"", ""FMOD0029"", ""FMOD0023"", ""FMOD0069"", ""FMOD0035"", ""FMOD0096"", ""FMOD0079"", ""FMOD0119""]",1.0,True,
100,REAL,EXACT,Q6K00296,100,48376,100,20.073779,"[""FMOD0060"", ""FMOD0066"", ""FMOD0029"", ""FMOD0102"", ""FMOD0056"", ""FMOD0035"", ""FMOD0010"", ""FMOD0110"", ""FMOD0036"", ""FMOD0055""]",1.0,True,
100,REAL,EXACT,Q6K00298,100,48376,100,20.415481,"[""FMOD0074"", ""FMOD0036"", ""FMOD0079"", ""FMOD0119"", ""FMOD0120"", ""FMOD0017"", ""FMOD0091"", ""FMOD0056"", ""FMOD0023"", ""FMOD0083""]",1.0,True,
100,REAL,EXACT,Q6K00299,100,48376,100,20.448779,"[""FMOD0040"", ""FMOD0089"", ""FMOD0029"", ""FMOD0035"", ""FMOD0079"", ""FMOD0081"", ""FMOD0030"", ""FMOD0055"", ""FMOD0023"", ""FMOD0056""]",1.0,True,
100,REAL,EXACT,Q6K00304,100,48376,100,20.30325,"[""FMOD0077"", ""FMOD0083"", ""FMOD0087"", ""FMOD0023"", ""FMOD0069"", ""FMOD0056"", ""FMOD0020"", ""FMOD0055"", ""FMOD0102"", ""FMOD0025""]",1.0,True,
100,REAL,EXACT,Q6K00310,100,48376,100,19.820795,"[""FMOD0074"", ""FMOD0005"", ""FMOD0022"", ""FMOD0034"", ""FMOD0035"", ""FMOD0053"", ""FMOD0114"", ""FMOD0029"", ""FMOD0033"", ""FMOD0023""]",1.0,True,
100,REAL,EXACT,Q6K00313,100,48376,100,20.572962,"[""FMOD0061"", ""FMOD0069"", ""FMOD0083"", ""FMOD0066"", ""FMOD0114"", ""FMOD0029"", ""FMOD0036"", ""FMOD0033"", ""FMOD0030"", ""FMOD0120""]",1.0,True,
100,REAL,EXACT,Q6K00317,100,48376,100,20.68432,"[""FMOD0061"", ""FMOD0089"", ""FMOD0096"", ""FMOD0036"", ""FMOD0029"", ""FMOD0079"", ""FMOD0035"", ""FMOD0055"", ""FMOD0083"", ""FMOD0110""]",1.0,True,
100,REAL,EXACT,Q6K00318,100,48376,100,21.602388,"[""FMOD0086"", ""FMOD0004"", ""FMOD0050"", ""FMOD0082"", ""FMOD0067"", ""FMOD0035"", ""FMOD0114"", ""FMOD0053"", ""FMOD0081"", ""FMOD0110""]",1.0,True,
100,REAL,EXACT,Q6K00325,100,48376,100,20.251382,"[""FMOD0086"", ""FMOD0023"", ""FMOD0050"", ""FMOD0044"", ""FMOD0029"", ""FMOD0035"", ""FMOD0030"", ""FMOD0069"", ""FMOD0043"", ""FMOD0082""]",1.0,True,
100,REAL,EXACT,Q6K00326,100,48376,100,20.780094,"[""FMOD0099"", ""FMOD0055"", ""FMOD0066"", ""FMOD0036"", ""FMOD0010"", ""FMOD0102"", ""FMOD0056"", ""FMOD0112"", ""FMOD0029"", ""FMOD0023""]",1.0,True,
100,REAL,EXACT,Q6K00327,100,48376,100,20.111292,"[""FMOD0016"", ""FMOD0051"", ""FMOD0055"", ""FMOD0114"", ""FMOD0075"", ""FMOD0081"", ""FMOD0035"", ""FMOD0077"", ""FMOD0023"", ""FMOD0029""]",1.0,True,
100,REAL,EXACT,Q6K00332,100,48376,100,21.061128,"[""FMOD0044"", ""FMOD0035"", ""FMOD0029"", ""FMOD0069"", ""FMOD0030"", ""FMOD0086"", ""FMOD0120"", ""FMOD0119"", ""FMOD0041"", ""FMOD0050""]",1.0,True,
100,REAL,EXACT,Q6K00333,100,48376,100,21.449707,"[""FMOD0069"", ""FMOD0044"", ""FMOD0011"", ""FMOD0119"", ""FMOD0029"", ""FMOD0083"", ""FMOD0025"", ""FMOD0079"", ""FMOD0110"", ""FMOD0035""]",1.0,True,
100,REAL,EXACT,Q6K00336,100,48376,100,20.653164,"[""FMOD0014"", ""FMOD0023"", ""FMOD0079"", ""FMOD0035"", ""FMOD0082"", ""FMOD0081"", ""FMOD0029"", ""FMOD0120"", ""FMOD0119"", ""FMOD0102""]",1.0,True,
100,REAL,EXACT,Q6K00338,100,48376,100,20.444144,"[""FMOD0074"", ""FMOD0067"", ""FMOD0003"", ""FMOD0056"", ""FMOD0029"", ""FMOD0119"", ""FMOD0035"", ""FMOD0081"", ""FMOD0004"", ""FMOD0082""]",1.0,True,
100,REAL,EXACT,Q6K00340,100,48376,100,20.318933,"[""FMOD0025"", ""FMOD0011"", ""FMOD0089"", ""FMOD0029"", ""FMOD0023"", ""FMOD0030"", ""FMOD0069"", ""FMOD0035"", ""FMOD0119"", ""FMOD0041""]",1.0,True,
100,REAL,EXACT,Q6K00342,100,48376,100,20.664761,"[""FMOD0087"", ""FMOD0053"", ""FMOD0114"", ""FMOD0023"", ""FMOD0052"", ""FMOD0040"", ""FMOD0069"", ""FMOD0029"", ""FMOD0002"", ""FMOD0056""]",1.0,True,
100,REAL,EXACT,Q6K00343,100,48376,100,20.165568,"[""FMOD0087"", ""FMOD0016"", ""FMOD0041"", ""FMOD0055"", ""FMOD0030"", ""FMOD0029"", ""FMOD0023"", ""FMOD0081"", ""FMOD0102"", ""FMOD0056""]",1.0,True,
100,REAL,EXACT,Q6K00344,100,48376,100,20.969161,"[""FMOD0023"", ""FMOD0025"", ""FMOD0043"", ""FMOD0069"", ""FMOD0029"", ""FMOD0030"", ""FMOD0082"", ""FMOD0055"", ""FMOD0035"", ""FMOD0040""]",1.0,True,
100,REAL,EXACT,Q6K00351,100,48376,100,20.656775,"[""FMOD0005"", ""FMOD0099"", ""FMOD0022"", ""FMOD0034"", ""FMOD0082"", ""FMOD0055"", ""FMOD0029"", ""FMOD0020"", ""FMOD0119"", ""FMOD0030""]",1.0,True,
100,REAL,EXACT,Q6K00355,100,48376,100,20.533263,"[""FMOD0043"", ""FMOD0023"", ""FMOD0035"", ""FMOD0077"", ""FMOD0016"", ""FMOD0029"", ""FMOD0102"", ""FMOD0119"", ""FMOD0069"", ""FMOD0030""]",1.0,True,
100,REAL,EXACT,Q6K00359,100,48376,100,20.45324,"[""FMOD0086"", ""FMOD0087"", ""FMOD0044"", ""FMOD0081"", ""FMOD0039"", ""FMOD0056"", ""FMOD0097"", ""FMOD0029"", ""FMOD0079"", ""FMOD0102""]",1.0,True,
100,REAL,EXACT,Q6K00360,100,48376,100,19.91636,"[""FMOD0066"", ""FMOD0060"", ""FMOD0043"", ""FMOD0082"", ""FMOD0030"", ""FMOD0035"", ""FMOD0081"", ""FMOD0010"", ""FMOD0055"", ""FMOD0112""]",1.0,True,
100,REAL,EXACT,Q6K00363,100,48376,100,20.723899,"[""FMOD0066"", ""FMOD0029"", ""FMOD0102"", ""FMOD0056"", ""FMOD0119"", ""FMOD0114"", ""FMOD0069"", ""FMOD0120"", ""FMOD0035"", ""FMOD0023""]",1.0,True,
100,REAL,EXACT,Q6K00365,100,48376,100,21.766704,"[""FMOD0087"", ""FMOD0029"", ""FMOD0035"", ""FMOD0023"", ""FMOD0065"", ""FMOD0016"", ""FMOD0119"", ""FMOD0039"", ""FMOD0036"", ""FMOD0114""]",1.0,True,
100,REAL,EXACT,Q6K00372,100,48376,100,20.860666,"[""FMOD0023"", ""FMOD0035"", ""FMOD0020"", ""FMOD0016"", ""FMOD0051"", ""FMOD0029"", ""FMOD0030"", ""FMOD0119"", ""FMOD0102"", ""FMOD0069""]",1.0,True,
100,REAL,EXACT,Q6K00375,100,48376,100,20.691193,"[""FMOD0099"", ""FMOD0023"", ""FMOD0069"", ""FMOD0025"", ""FMOD0055"", ""FMOD0082"", ""FMOD0029"", ""FMOD0083"", ""FMOD0119"", ""FMOD0035""]",1.0,True,
100,REAL,EXACT,Q6K00377,100,48376,100,20.694442,"[""FMOD0082"", ""FMOD0022"", ""FMOD0023"", ""FMOD0069"", ""FMOD0055"", ""FMOD0025"", ""FMOD0100"", ""FMOD0034"", ""FMOD0029"", ""FMOD0119""]",1.0,True,
100,REAL,EXACT,Q6K00378,100,48376,100,20.49643,"[""FMOD0010"", ""FMOD0023"", ""FMOD0030"", ""FMOD0041"", ""FMOD0055"", ""FMOD0029"", ""FMOD0083"", ""FMOD0025"", ""FMOD0045"", ""FMOD0079""]",1.0,True,
100,REAL,EXACT,Q6K00380,100,48376,100,20.563178,"[""FMOD0023"", ""FMOD0029"", ""FMOD0030"", ""FMOD0035"", ""FMOD0082"", ""FMOD0119"", ""FMOD0102"", ""FMOD0110"", ""FMOD0036"", ""FMOD0120""]",1.0,True,
100,REAL,EXACT,Q6K00384,100,48376,100,20.688121,"[""FMOD0083"", ""FMOD0029"", ""FMOD0069"", ""FMOD0086"", ""FMOD0035"", ""FMOD0120"", ""FMOD0056"", ""FMOD0030"", ""FMOD0119"", ""FMOD0005""]",1.0,True,
100,REAL,EXACT,Q6K00389,100,48376,100,21.574504,"[""FMOD0055"", ""FMOD0034"", ""FMOD0039"", ""FMOD0065"", ""FMOD0023"", ""FMOD0082"", ""FMOD0035"", ""FMOD0029"", ""FMOD0030"", ""FMOD0079""]",1.0,True,
100,REAL,EXACT,Q6K00390,100,48376,100,21.385648,"[""FMOD0023"", ""FMOD0102"", ""FMOD0029"", ""FMOD0119"", ""FMOD0120"", ""FMOD0114"", ""FMOD0069"", ""FMOD0035"", ""FMOD0056"", ""FMOD0082""]",1.0,True,
100,REAL,EXACT,Q6K00393,100,48376,100,20.448025,"[""FMOD0029"", ""FMOD0023"", ""FMOD0102"", ""FMOD0119"", ""FMOD0041"", ""FMOD0120"", ""FMOD0036"", ""FMOD0030"", ""FMOD0053"", ""FMOD0035""]",1.0,True,
100,REAL,EXACT,Q6K00395,100,48376,100,20.533907,"[""FMOD0053"", ""FMOD0069"", ""FMOD0035"", ""FMOD0023"", ""FMOD0029"", ""FMOD0056"", ""FMOD0119"", ""FMOD0036"", ""FMOD0112"", ""FMOD0004""]",1.0,True,
100,REAL,EXACT,Q6K00396,100,48376,100,21.308193,"[""FMOD0066"", ""FMOD0035"", ""FMOD0023"", ""FMOD0051"", ""FMOD0081"", ""FMOD0029"", ""FMOD0119"", ""FMOD0036"", ""FMOD0102"", ""FMOD0010""]",1.0,True,
100,REAL,EXACT,Q6K00400,100,48376,100,20.407317,"[""FMOD0023"", ""FMOD0025"", ""FMOD0035"", ""FMOD0069"", ""FMOD0030"", ""FMOD0055"", ""FMOD0078"", ""FMOD0100"", ""FMOD0036"", ""FMOD0056""]",1.0,True,
100,REAL,EXACT,Q6K00403,100,48376,100,20.268712,"[""FMOD0035"", ""FMOD0033"", ""FMOD0029"", ""FMOD0119"", ""FMOD0120"", ""FMOD0078"", ""FMOD0024"", ""FMOD0080"", ""FMOD0108"", ""FMOD0102""]",1.0,True,
100,REAL,EXACT,Q6K00405,100,48376,100,20.690424,"[""FMOD0016"", ""FMOD0102"", ""FMOD0031"", ""FMOD0056"", ""FMOD0029"", ""FMOD0023"", ""FMOD0082"", ""FMOD0035"", ""FMOD0065"", ""FMOD0114""]",1.0,True,
100,REAL,EXACT,Q6K00407,100,48376,100,20.039777,"[""FMOD0005"", ""FMOD0029"", ""FMOD0120"", ""FMOD0069"", ""FMOD0102"", ""FMOD0030"", ""FMOD0079"", ""FMOD0119"", ""FMOD0023"", ""FMOD0020""]",1.0,True,
100,REAL,EXACT,Q6K00410,100,48376,100,20.707529,"[""FMOD0005"", ""FMOD0030"", ""FMOD0023"", ""FMOD0035"", ""FMOD0055"", ""FMOD0029"", ""FMOD0082"", ""FMOD0089"", ""FMOD0024"", ""FMOD0113""]",1.0,True,
100,REAL,EXACT,Q6K00417,100,48376,100,21.204687,"[""FMOD0051"", ""FMOD0082"", ""FMOD0081"", ""FMOD0102"", ""FMOD0035"", ""FMOD0067"", ""FMOD0021"", ""FMOD0114"", ""FMOD0065"", ""FMOD0119""]",1.0,True,
100,REAL,EXACT,Q6K00420,100,48376,100,20.565713,"[""FMOD0036"", ""FMOD0004"", ""FMOD0067"", ""FMOD0119"", ""FMOD0029"", ""FMOD0035"", ""FMOD0079"", ""FMOD0120"", ""FMOD0023"", ""FMOD0055""]",1.0,True,
100,REAL,EXACT,Q6K00422,100,48376,100,21.151702,"[""FMOD0053"", ""FMOD0083"", ""FMOD0035"", ""FMOD0082"", ""FMOD0023"", ""FMOD0029"", ""FMOD0021"", ""FMOD0081"", ""FMOD0051"", ""FMOD0030""]",1.0,True,
100,REAL,EXACT,Q6K00423,100,48376,100,19.665983,"[""FMOD0061"", ""FMOD0004"", ""FMOD0086"", ""FMOD0035"", ""FMOD0029"", ""FMOD0010"", ""FMOD0033"", ""FMOD0056"", ""FMOD0014"", ""FMOD0102""]",1.0,True,
100,REAL,EXACT,Q6K00424,100,48376,100,20.288909,"[""FMOD0053"", ""FMOD0102"", ""FMOD0029"", ""FMOD0082"", ""FMOD0039"", ""FMOD0034"", ""FMOD0023"", ""FMOD0035"", ""FMOD0077"", ""FMOD0114""]",1.0,True,
100,REAL,EXACT,Q6K00427,100,48376,100,20.018676,"[""FMOD0005"", ""FMOD0081"", ""FMOD0035"", ""FMOD0082"", ""FMOD0055"", ""FMOD0056"", ""FMOD0043"", ""FMOD0034"", ""FMOD0072"", ""FMOD0002""]",1.0,True,
100,REAL,EXACT,Q6K00435,100,48376,100,20.506644,"[""FMOD0099"", ""FMOD0069"", ""FMOD0029"", ""FMOD0119"", ""FMOD0023"", ""FMOD0035"", ""FMOD0102"", ""FMOD0030"", ""FMOD0120"", ""FMOD0010""]",1.0,True,
100,REAL,EXACT,Q6K00436,100,48376,100,20.467251,"[""FMOD0099"", ""FMOD0044"", ""FMOD0029"", ""FMOD0030"", ""FMOD0035"", ""FMOD0023"", ""FMOD0119"", ""FMOD0036"", ""FMOD0120"", ""FMOD0069""]",1.0,True,
100,REAL,EXACT,Q6K00438,100,48376,100,21.134123,"[""FMOD0022"", ""FMOD0055"", ""FMOD0029"", ""FMOD0081"", ""FMOD0082"", ""FMOD0030"", ""FMOD0039"", ""FMOD0023"", ""FMOD0102"", ""FMOD0069""]",1.0,True,
100,REAL,EXACT,Q6K00442,100,48376,100,20.620611,"[""FMOD0087"", ""FMOD0029"", ""FMOD0081"", ""FMOD0120"", ""FMOD0082"", ""FMOD0056"", ""FMOD0102"", ""FMOD0035"", ""FMOD0079"", ""FMOD0119""]",1.0,True,
100,REAL,EXACT,Q6K00443,100,48376,100,20.158258,"[""FMOD0035"", ""FMOD0011"", ""FMOD0023"", ""FMOD0041"", ""FMOD0082"", ""FMOD0119"", ""FMOD0102"", ""FMOD0114"", ""FMOD0112"", ""FMOD0079""]",1.0,True,
100,REAL,EXACT,Q6K00444,100,48376,100,20.439185,"[""FMOD0003"", ""FMOD0022"", ""FMOD0034"", ""FMOD0069"", ""FMOD0120"", ""FMOD0119"", ""FMOD0079"", ""FMOD0102"", ""FMOD0005"", ""FMOD0078""]",1.0,True,
100,REAL,EXACT,Q6K00446,100,48376,100,20.787599,"[""FMOD0082"", ""FMOD0067"", ""FMOD0060"", ""FMOD0035"", ""FMOD0023"", ""FMOD0101"", ""FMOD0021"", ""FMOD0097"", ""FMOD0022"", ""FMOD0081""]",1.0,True,
100,REAL,EXACT,Q6K00453,100,48376,100,19.916529,"[""FMOD0044"", ""FMOD0079"", ""FMOD0029"", ""FMOD0114"", ""FMOD0119"", ""FMOD0023"", ""FMOD0102"", ""FMOD0120"", ""FMOD0083"", ""FMOD0035""]",1.0,True,
100,REAL,EXACT,Q6K00456,100,48376,100,22.403375,"[""FMOD0004"", ""FMOD0016"", ""FMOD0067"", ""FMOD0113"", ""FMOD0052"", ""FMOD0036"", ""FMOD0114"", ""FMOD0029"", ""FMOD0023"", ""FMOD0035""]",1.0,True,
100,REAL,EXACT,Q6K00458,100,48376,100,20.814129,"[""FMOD0079"", ""FMOD0023"", ""FMOD0016"", ""FMOD0035"", ""FMOD0030"", ""FMOD0029"", ""FMOD0081"", ""FMOD0020"", ""FMOD0102"", ""FMOD0082""]",1.0,True,
100,REAL,EXACT,Q6K00461,100,48376,100,20.042363,"[""FMOD0001"", ""FMOD0003"", ""FMOD0089"", ""FMOD0030"", ""FMOD0035"", ""FMOD0029"", ""FMOD0051"", ""FMOD0120"", ""FMOD0023"", ""FMOD0036""]",1.0,True,
100,REAL,EXACT,Q6K00465,100,48376,100,20.773415,"[""FMOD0083"", ""FMOD0096"", ""FMOD0029"", ""FMOD0023"", ""FMOD0036"", ""FMOD0110"", ""FMOD0119"", ""FMOD0035"", ""FMOD0005"", ""FMOD0120""]",1.0,True,
100,REAL,EXACT,Q6K00470,100,48376,100,20.367334,"[""FMOD0060"", ""FMOD0102"", ""FMOD0029"", ""FMOD0061"", ""FMOD0120"", ""FMOD0119"", ""FMOD0056"", ""FMOD0114"", ""FMOD0069"", ""FMOD0035""]",1.0,True,
100,REAL,EXACT,Q6K00471,100,48376,100,20.163681,"[""FMOD0025"", ""FMOD0099"", ""FMOD0029"", ""FMOD0024"", ""FMOD0114"", ""FMOD0005"", ""FMOD0014"", ""FMOD0113"", ""FMOD0083"", ""FMOD0120""]",1.0,True,
100,REAL,EXACT,Q6K00473,100,48376,100,20.029904,"[""FMOD0086"", ""FMOD0079"", ""FMOD0056"", ""FMOD0078"", ""FMOD0097"", ""FMOD0036"", ""FMOD0117"", ""FMOD0083"", ""FMOD0119"", ""FMOD0114""]",1.0,True,
100,REAL,EXACT,Q6K00479,100,48376,100,20.014721,"[""FMOD0066"", ""FMOD0022"", ""FMOD0034"", ""FMOD0082"", ""FMOD0023"", ""FMOD0035"", ""FMOD0079"", ""FMOD0036"", ""FMOD0029"", ""FMOD0112""]",1.0,True,
100,REAL,EXACT,Q6K00481,100,48376,100,20.014248,"[""FMOD0035"", ""FMOD0023"", ""FMOD0051"", ""FMOD0081"", ""FMOD0029"", ""FMOD0119"", ""FMOD0102"", ""FMOD0082"", ""FMOD0120"", ""FMOD0036""]",1.0,True,
100,REAL,EXACT,Q6K00484,100,48376,100,20.109823,"[""FMOD0029"", ""FMOD0035"", ""FMOD0030"", ""FMOD0023"", ""FMOD0119"", ""FMOD0082"", ""FMOD0051"", ""FMOD0120"", ""FMOD0016"", ""FMOD0069""]",1.0,True,
100,REAL,EXACT,Q6K00485,100,48376,100,20.2806,"[""FMOD0069"", ""FMOD0035"", ""FMOD0023"", ""FMOD0119"", ""FMOD0029"", ""FMOD0056"", ""FMOD0036"", ""FMOD0112"", ""FMOD0067"", ""FMOD0078""]",1.0,True,
100,REAL,EXACT,Q6K00489,100,48376,100,20.212858,"[""FMOD0080"", ""FMOD0086"", ""FMOD0015"", ""FMOD0107"", ""FMOD0029"", ""FMOD0023"", ""FMOD0119"", ""FMOD0030"", ""FMOD0102"", ""FMOD0069""]",1.0,True,
100,REAL,EXACT,Q6K00495,100,48376,100,20.308391,"[""FMOD0083"", ""FMOD0096"", ""FMOD0029"", ""FMOD0023"", ""FMOD0119"", ""FMOD0035"", ""FMOD0110"", ""FMOD0069"", ""FMOD0036"", ""FMOD0030""]",1.0,True,
100,REAL,EXACT,Q6K00498,100,48376,100,21.18595,"[""FMOD0023"", ""FMOD0069"", ""FMOD0055"", ""FMOD0082"", ""FMOD0025"", ""FMOD0100"", ""FMOD0029"", ""FMOD0035"", ""FMOD0102"", ""FMOD0036""]",1.0,True,
100,REAL,EXACT,Q6K00507,100,48376,100,20.437531,"[""FMOD0082"", ""FMOD0039"", ""FMOD0034"", ""FMOD0023"", ""FMOD0035"", ""FMOD0065"", ""FMOD0016"", ""FMOD0059"", ""FMOD0021"", ""FMOD0030""]",1.0,True,
100,REAL,EXACT,Q6K00511,100,48376,100,20.776393,"[""FMOD0010"", ""FMOD0030"", ""FMOD0041"", ""FMOD0055"", ""FMOD0029"", ""FMOD0083"", ""FMOD0045"", ""FMOD0025"", ""FMOD0079"", ""FMOD0102""]",1.0,True,
100,REAL,EXACT,Q6K00512,100,48376,100,20.24441,"[""FMOD0035"", ""FMOD0023"", ""FMOD0119"", ""FMOD0029"", ""FMOD0110"", ""FMOD0108"", ""FMOD0036"", ""FMOD0042"", ""FMOD0107"", ""FMOD0060""]",1.0,True,
100,REAL,EXACT,Q6K00513,100,48376,100,20.877301,"[""FMOD0029"", ""FMOD0110"", ""FMOD0056"", ""FMOD0023"", ""FMOD0083"", ""FMOD0119"", ""FMOD0112"", ""FMOD0036"", ""FMOD0078"", ""FMOD0114""]",1.0,True,
100,REAL,EXACT,Q6K00517,100,48376,100,21.317981,"[""FMOD0082"", ""FMOD0021"", ""FMOD0081"", ""FMOD0039"", ""FMOD0034"", ""FMOD0029"", ""FMOD0023"", ""FMOD0119"", ""FMOD0102"", ""FMOD0051""]",1.0,True,
100,REAL,EXACT,Q6K00518,100,48376,100,20.660246,"[""FMOD0029"", ""FMOD0035"", ""FMOD0102"", ""FMOD0119"", ""FMOD0110"", ""FMOD0096"", ""FMOD0114"", ""FMOD0108"", ""FMOD0018"", ""FMOD0010""]",1.0,True,
100,REAL,EXACT,Q6K00523,100,48376,100,21.235311,"[""FMOD0082"", ""FMOD0081"", ""FMOD0039"", ""FMOD0034"", ""FMOD0029"", ""FMOD0035"", ""FMOD0119"", ""FMOD0023"", ""FMOD0102"", ""FMOD0051""]",1.0,True,
100,REAL,EXACT,Q6K00528,100,48376,100,20.430249,"[""FMOD0035"", ""FMOD0023"", ""FMOD0051"", ""FMOD0081"", ""FMOD0029"", ""FMOD0079"", ""FMOD0119"", ""FMOD0082"", ""FMOD0005"", ""FMOD0030""]",1.0,True,
100,REAL,EXACT,Q6K00530,100,48376,100,20.458579,"[""FMOD0069"", ""FMOD0035"", ""FMOD0023"", ""FMOD0029"", ""FMOD0119"", ""FMOD0056"", ""FMOD0036"", ""FMOD0112"", ""FMOD0067"", ""FMOD0078""]",1.0,True,
100,REAL,EXACT,Q6K00531,100,48376,100,21.153402,"[""FMOD0082"", ""FMOD0081"", ""FMOD0029"", ""FMOD0035"", ""FMOD0023"", ""FMOD0119"", ""FMOD0034"", ""FMOD0102"", ""FMOD0030"", ""FMOD0065""]",1.0,True,
100,REAL,EXACT,Q6K00533,100,48376,100,20.905659,"[""FMOD0029"", ""FMOD0119"", ""FMOD0023"", ""FMOD0030"", ""FMOD0036"", ""FMOD0035"", ""FMOD0114"", ""FMOD0102"", ""FMOD0120"", ""FMOD0110""]",1.0,True,
100,REAL,EXACT,Q6K00535,100,48376,100,18.706651,"[""FMOD0035"", ""FMOD0118"", ""FMOD0102"", ""FMOD0069"", ""FMOD0029"", ""FMOD0030"", ""FMOD0036"", ""FMOD0079"", ""FMOD0120"", ""FMOD0041""]",1.0,True,
100,REAL,EXACT,Q6K00537,100,48376,100,21.033985,"[""FMOD0023"", ""FMOD0055"", ""FMOD0069"", ""FMOD0025"", ""FMOD0082"", ""FMOD0100"", ""FMOD0029"", ""FMOD0119"", ""FMOD0036"", ""FMOD0035""]",1.0,True,
100,REAL,EXACT,Q6K00538,100,48376,100,21.165115,"[""FMOD0055"", ""FMOD0023"", ""FMOD0069"", ""FMOD0025"", ""FMOD0082"", ""FMOD0100"", ""FMOD0029"", ""FMOD0035"", ""FMOD0114"", ""FMOD0119""]",1.0,True,
100,REAL,FAST,Q6K00183,100,48376,51,20.277958,"[""FMOD0023"", ""FMOD0029"", ""FMOD0081"", ""FMOD0036"", ""FMOD0114"", ""FMOD0119"", ""FMOD0035"", ""FMOD0082"", ""FMOD0030"", ""FMOD0120""]",1.0,True,51.0
100,REAL,FAST,Q6K00184,100,48376,38,19.855023,"[""FMOD0004"", ""FMOD0067"", ""FMOD0113"", ""FMOD0052"", ""FMOD0036"", ""FMOD0114"", ""FMOD0056"", ""FMOD0101"", ""FMOD0110"", ""FMOD0020""]",0.9,False,38.0
100,REAL,FAST,Q6K00193,100,48376,51,20.634429,"[""FMOD0025"", ""FMOD0069"", ""FMOD0023"", ""FMOD0029"", ""FMOD0056"", ""FMOD0055"", ""FMOD0114"", ""FMOD0078"", ""FMOD0096"", ""FMOD0080""]",1.0,True,51.0
100,REAL,FAST,Q6K00195,100,48376,8,9.697461,"[""FMOD0061"", ""FMOD0083"", ""FMOD0029"", ""FMOD0119"", ""FMOD0120"", ""FMOD0110"", ""FMOD0025"", ""FMOD0073""]",0.3,False,8.0
100,REAL,FAST,Q6K00197,100,48376,57,21.392931,"[""FMOD0069"", ""FMOD0029"", ""FMOD0102"", ""FMOD0114"", ""FMOD0030"", ""FMOD0119"", ""FMOD0005"", ""FMOD0120"", ""FMOD0033"", ""FMOD0036""]",1.0,True,57.0
100,REAL,FAST,Q6K00199,100,48376,58,21.141857,"[""FMOD0067"", ""FMOD0069"", ""FMOD0029"", ""FMOD0102"", ""FMOD0119"", ""FMOD0056"", ""FMOD0120"", ""FMOD0030"", ""FMOD0026"", ""FMOD0023""]",1.0,True,58.0
100,REAL,FAST,Q6K00200,100,48376,3,2.721279,"[""FMOD0051"", ""FMOD0082"", ""FMOD0120""]",0.3,False,3.0
100,REAL,FAST,Q6K00201,100,48376,5,2.116845,"[""FMOD0066"", ""FMOD0055"", ""FMOD0005"", ""FMOD0034"", ""FMOD0050""]",0.2,False,5.0
100,REAL,FAST,Q6K00205,100,48376,17,13.468327,"[""FMOD0051"", ""FMOD0023"", ""FMOD0035"", ""FMOD0020"", ""FMOD0016"", ""FMOD0081"", ""FMOD0029"", ""FMOD0065"", ""FMOD0082"", ""FMOD0030""]",0.8,False,17.0
100,REAL,FAST,Q6K00206,100,48376,18,13.643311,"[""FMOD0016"", ""FMOD0102"", ""FMOD0029"", ""FMOD0023"", ""FMOD0035"", ""FMOD0082"", ""FMOD0081"", ""FMOD0030"", ""FMOD0091"", ""FMOD0034""]",0.6,False,18.0
100,REAL,FAST,Q6K00207,100,48376,22,18.491618,"[""FMOD0023"", ""FMOD0029"", ""FMOD0035"", ""FMOD0120"", ""FMOD0102"", ""FMOD0069"", ""FMOD0119"", ""FMOD0077"", ""FMOD0041"", ""FMOD0114""]",0.8,False,22.0
100,REAL,FAST,Q6K00208,100,48376,22,14.869094,"[""FMOD0102"", ""FMOD0079"", ""FMOD0023"", ""FMOD0030"", ""FMOD0029"", ""FMOD0055"", ""FMOD0036"", ""FMOD0120"", ""FMOD0119"", ""FMOD0020""]",0.7,False,22.0
100,REAL,FAST,Q6K00212,100,48376,11,13.718691,"[""FMOD0060"", ""FMOD0029"", ""FMOD0023"", ""FMOD0075"", ""FMOD0102"", ""FMOD0030"", ""FMOD0055"", ""FMOD0079"", ""FMOD0069"", ""FMOD0051""]",0.5,False,11.0
100,REAL,FAST,Q6K00216,100,48376,14,13.621433,"[""FMOD0016"", ""FMOD0029"", ""FMOD0035"", ""FMOD0023"", ""FMOD0081"", ""FMOD0119"", ""FMOD0114"", ""FMOD0030"", ""FMOD0041"", ""FMOD0036""]",0.7,False,14.0
100,REAL,FAST,Q6K00227,100,48376,8,12.643926,"[""FMOD0096"", ""FMOD0029"", ""FMOD0119"", ""FMOD0056"", ""FMOD0069"", ""FMOD0030"", ""FMOD0041"", ""FMOD0081""]",0.5,False,8.0
100,REAL,FAST,Q6K00232,100,48376,16,11.644269,"[""FMOD0060"", ""FMOD0029"", ""FMOD0023"", ""FMOD0036"", ""FMOD0075"", ""FMOD0102"", ""FMOD0082"", ""FMOD0055"", ""FMOD0079"", ""FMOD0026""]",0.5,False,16.0
100,REAL,FAST,Q6K00235,100,48376,9,13.401797,"[""FMOD0096"", ""FMOD0114"", ""FMOD0029"", ""FMOD0119"", ""FMOD0056"", ""FMOD0069"", ""FMOD0030"", ""FMOD0041"", ""FMOD0081""]",0.7,False,9.0
100,REAL,FAST,Q6K00236,100,48376,21,14.872069,"[""FMOD0036"", ""FMOD0119"", ""FMOD0120"", ""FMOD0056"", ""FMOD0082"", ""FMOD0091"", ""FMOD0029"", ""FMOD0035"", ""FMOD0055"", ""FMOD0078""]",0.7,False,21.0
100,REAL,FAST,Q6K00237,100,48376,11,11.460691,"[""FMOD0067"", ""FMOD0029"", ""FMOD0120"", ""FMOD0023"", ""FMOD0056"", ""FMOD0082"", ""FMOD0035"", ""FMOD0010"", ""FMOD0004"", ""FMOD0022""]",0.6,False,11.0
100,REAL,FAST,Q6K00240,100,48376,49,20.929254,"[""FMOD0069"", ""FMOD0029"", ""FMOD0110"", ""FMOD0104"", ""FMOD0035"", ""FMOD0119"", ""FMOD0043"", ""FMOD0023"", ""FMOD0102"", ""FMOD0083""]",1.0,True,49.0
100,REAL,FAST,Q6K00247,100,48376,58,21.269409,"[""FMOD0069"", ""FMOD0060"", ""FMOD0119"", ""FMOD0029"", ""FMOD0023"", ""FMOD0083"", ""FMOD0025"", ""FMOD0110"", ""FMOD0079"", ""FMOD0003""]",1.0,True,58.0
100,REAL,FAST,Q6K00251,100,48376,17,18.096861,"[""FMOD0044"", ""FMOD0067"", ""FMOD0119"", ""FMOD0029"", ""FMOD0023"", ""FMOD0120"", ""FMOD0035"", ""FMOD0030"", ""FMOD0041"", ""FMOD0102""]",0.8,False,17.0
100,REAL,FAST,Q6K00252,100,48376,52,20.822099,"[""FMOD0043"", ""FMOD0086"", ""FMOD0035"", ""FMOD0023"", ""FMOD0102"", ""FMOD0029"", ""FMOD0096"", ""FMOD0069"", ""FMOD0079"", ""FMOD0024""]",1.0,True,52.0
100,REAL,FAST,Q6K00258,100,48376,56,21.631135,"[""FMOD0096"", ""FMOD0001"", ""FMOD0029"", ""FMOD0041"", ""FMOD0035"", ""FMOD0030"", ""FMOD0056"", ""FMOD0120"", ""FMOD0069"", ""FMOD0119""]",1.0,True,56.0
100,REAL,FAST,Q6K00259,100,48376,52,26.344808,"[""FMOD0043"", ""FMOD0089"", ""FMOD0035"", ""FMOD0102"", ""FMOD0096"", ""FMOD0023"", ""FMOD0029"", ""FMOD0069"", ""FMOD0079"", ""FMOD0024""]",1.0,True,52.0
100,REAL,FAST,Q6K00262,100,48376,60,23.734851,"[""FMOD0069"", ""FMOD0060"", ""FMOD0023"", ""FMOD0025"", ""FMOD0055"", ""FMOD0082"", ""FMOD0100"", ""FMOD0029"", ""FMOD0102"", ""FMOD0119""]",1.0,True,60.0
100,REAL,FAST,Q6K00264,100,48376,14,14.835066,"[""FMOD0043"", ""FMOD0066"", ""FMOD0035"", ""FMOD0056"", ""FMOD0023"", ""FMOD0029"", ""FMOD0102"", ""FMOD0120"", ""FMOD0036"", ""FMOD0110""]",0.6,False,14.0
100,REAL,FAST,Q6K00267,100,48376,37,19.877081,"[""FMOD0022"", ""FMOD0069"", ""FMOD0034"", ""FMOD0082"", ""FMOD0023"", ""FMOD0055"", ""FMOD0025"", ""FMOD0100"", ""FMOD0072"", ""FMOD0035""]",1.0,True,37.0
100,REAL,FAST,Q6K00268,100,48376,55,21.017094,"[""FMOD0077"", ""FMOD0050"", ""FMOD0055"", ""FMOD0083"", ""FMOD0005"", ""FMOD0035"", ""FMOD0114"", ""FMOD0029"", ""FMOD0033"", ""FMOD0069""]",1.0,True,55.0
100,REAL,FAST,Q6K00271,100,48376,28,18.919032,"[""FMOD0086"", ""FMOD0050"", ""FMOD0044"", ""FMOD0120"", ""FMOD0029"", ""FMOD0036"", ""FMOD0069"", ""FMOD0102"", ""FMOD0079"", ""FMOD0082""]",0.8,False,28.0
100,REAL,FAST,Q6K00273,100,48376,12,14.41169,"[""FMOD0023"", ""FMOD0043"", ""FMOD0029"", ""FMOD0102"", ""FMOD0005"", ""FMOD0030"", ""FMOD0120"", ""FMOD0096"", ""FMOD0035"", ""FMOD0069""]",0.6,False,12.0
100,REAL,FAST,Q6K00274,100,48376,36,18.721234,"[""FMOD0004"", ""FMOD0044"", ""FMOD0067"", ""FMOD0113"", ""FMOD0052"", ""FMOD0036"", ""FMOD0114"", ""FMOD0056"", ""FMOD0035"", ""FMOD0020""]",0.9,False,36.0
100,REAL,FAST,Q6K00275,100,48376,32,18.546382,"[""FMOD0086"", ""FMOD0074"", ""FMOD0050"", ""FMOD0029"", ""FMOD0056"", ""FMOD0102"", ""FMOD0035"", ""FMOD0114"", ""FMOD0043"", ""FMOD0023""]",0.9,False,32.0
100,REAL,FAST,Q6K00283,100,48376,20,14.099791,"[""FMOD0036"", ""FMOD0035"", ""FMOD0029"", ""FMOD0023"", ""FMOD0120"", ""FMOD0082"", ""FMOD0114"", ""FMOD0110"", ""FMOD0005"", ""FMOD0055""]",0.6,False,20.0
100,REAL,FAST,Q6K00287,100,48376,47,19.947635,"[""FMOD0003"", ""FMOD0089"", ""FMOD0004"", ""FMOD0063"", ""FMOD0067"", ""FMOD0014"", ""FMOD0113"", ""FMOD0052"", ""FMOD0036"", ""FMOD0114""]",1.0,True,47.0
100,REAL,FAST,Q6K00293,100,48376,51,20.40016,"[""FMOD0074"", ""FMOD0043"", ""FMOD0035"", ""FMOD0029"", ""FMOD0023"", ""FMOD0069"", ""FMOD0102"", ""FMOD0096"", ""FMOD0079"", ""FMOD0024""]",1.0,True,51.0
100,REAL,FAST,Q6K00295,100,48376,50,20.661804,"[""FMOD0066"", ""FMOD0043"", ""FMOD0102"", ""FMOD0029"", ""FMOD0023"", ""FMOD0069"", ""FMOD0035"", ""FMOD0096"", ""FMOD0079"", ""FMOD0119""]",1.0,True,50.0
100,REAL,FAST,Q6K00296,100,48376,20,14.875567,"[""FMOD0060"", ""FMOD0066"", ""FMOD0029"", ""FMOD0102"", ""FMOD0056"", ""FMOD0010"", ""FMOD0036"", ""FMOD0055"", ""FMOD0120"", ""FMOD0023""]",0.8,False,20.0
100,REAL,FAST,Q6K00298,100,48376,62,22.487246,"[""FMOD0074"", ""FMOD0036"", ""FMOD0079"", ""FMOD0119"", ""FMOD0120"", ""FMOD0017"", ""FMOD0091"", ""FMOD0056"", ""FMOD0023"", ""FMOD0083""]",1.0,True,62.0
100,REAL,FAST,Q6K00299,100,48376,14,14.424368,"[""FMOD0040"", ""FMOD0089"", ""FMOD0029"", ""FMOD0035"", ""FMOD0030"", ""FMOD0055"", ""FMOD0023"", ""FMOD0119"", ""FMOD0020"", ""FMOD0041""]",0.7,False,14.0
100,REAL,FAST,Q6K00304,100,48376,31,19.214941,"[""FMOD0077"", ""FMOD0083"", ""FMOD0087"", ""FMOD0023"", ""FMOD0069"", ""FMOD0056"", ""FMOD0020"", ""FMOD0055"", ""FMOD0102"", ""FMOD0025""]",1.0,True,31.0
100,REAL,FAST,Q6K00310,100,48376,19,14.071138,"[""FMOD0074"", ""FMOD0005"", ""FMOD0022"", ""FMOD0034"", ""FMOD0035"", ""FMOD0029"", ""FMOD0055"", ""FMOD0102"", ""FMOD0119"", ""FMOD0120""]",0.6,False,19.0
100,REAL,FAST,Q6K00313,100,48376,61,21.106316,"[""FMOD0061"", ""FMOD0069"", ""FMOD0083"", ""FMOD0066"", ""FMOD0114"", ""FMOD0029"", ""FMOD0036"", ""FMOD0033"", ""FMOD0030"", ""FMOD0120""]",1.0,True,61.0
100,REAL,FAST,Q6K00317,100,48376,13,13.326883,"[""FMOD0061"", ""FMOD0089"", ""FMOD0096"", ""FMOD0029"", ""FMOD0079"", ""FMOD0081"", ""FMOD0056"", ""FMOD0030"", ""FMOD0119"", ""FMOD0069""]",0.5,False,13.0
100,REAL,FAST,Q6K00318,100,48376,28,18.122532,"[""FMOD0086"", ""FMOD0004"", ""FMOD0050"", ""FMOD0082"", ""FMOD0067"", ""FMOD0035"", ""FMOD0102"", ""FMOD0029"", ""FMOD0023"", ""FMOD0079""]",0.6,False,28.0
100,REAL,FAST,Q6K00325,100,48376,23,17.999508,"[""FMOD0086"", ""FMOD0023"", ""FMOD0050"", ""FMOD0044"", ""FMOD0029"", ""FMOD0035"", ""FMOD0030"", ""FMOD0069"", ""FMOD0079"", ""FMOD0056""]",0.8,False,23.0
100,REAL,FAST,Q6K00326,100,48376,25,17.037045,"[""FMOD0099"", ""FMOD0055"", ""FMOD0066"", ""FMOD0010"", ""FMOD0102"", ""FMOD0056"", ""FMOD0112"", ""FMOD0029"", ""FMOD0023"", ""FMOD0081""]",0.9,False,25.0
100,REAL,FAST,Q6K00327,100,48376,14,11.116497,"[""FMOD0016"", ""FMOD0051"", ""FMOD0055"", ""FMOD0114"", ""FMOD0081"", ""FMOD0029"", ""FMOD0030"", ""FMOD0020"", ""FMOD0074"", ""FMOD0119""]",0.6,False,14.0
100,REAL,FAST,Q6K00332,100,48376,15,16.761722,"[""FMOD0044"", ""FMOD0035"", ""FMOD0029"", ""FMOD0030"", ""FMOD0069"", ""FMOD0119"", ""FMOD0041"", ""FMOD0102"", ""FMOD0023"", ""FMOD0055""]",0.7,False,15.0
100,REAL,FAST,Q6K00333,100,48376,57,20.986546,"[""FMOD0069"", ""FMOD0044"", ""FMOD0011"", ""FMOD0119"", ""FMOD0029"", ""FMOD0083"", ""FMOD0025"", ""FMOD0079"", ""FMOD0110"", ""FMOD0035""]",1.0,True,57.0
100,REAL,FAST,Q6K00336,100,48376,37,17.368102,"[""FMOD0014"", ""FMOD0023"", ""FMOD0079"", ""FMOD0035"", ""FMOD0082"", ""FMOD0081"", ""FMOD0029"", ""FMOD0120"", ""FMOD0119"", ""FMOD0102""]",1.0,True,37.0
100,REAL,FAST,Q6K00338,100,48376,18,16.376088,"[""FMOD0074"", ""FMOD0067"", ""FMOD0003"", ""FMOD0056"", ""FMOD0029"", ""FMOD0119"", ""FMOD0102"", ""FMOD0023"", ""FMOD0120"", ""FMOD0069""]",0.6,False,18.0
100,REAL,FAST,Q6K00340,100,48376,10,13.469268,"[""FMOD0025"", ""FMOD0011"", ""FMOD0089"", ""FMOD0029"", ""FMOD0023"", ""FMOD0069"", ""FMOD0119"", ""FMOD0120"", ""FMOD0102"", ""FMOD0110""]",0.7,False,10.0
100,REAL,FAST,Q6K00342,100,48376,60,21.095097,"[""FMOD0087"", ""FMOD0053"", ""FMOD0114"", ""FMOD0023"", ""FMOD0052"", ""FMOD0040"", ""FMOD0069"", ""FMOD0029"", ""FMOD0002"", ""FMOD0056""]",1.0,True,60.0
100,REAL,FAST,Q6K00343,100,48376,19,14.878204,"[""FMOD0087"", ""FMOD0016"", ""FMOD0041"", ""FMOD0055"", ""FMOD0030"", ""FMOD0029"", ""FMOD0023"", ""FMOD0102"", ""FMOD0119"", ""FMOD0082""]",0.8,False,19.0
100,REAL,FAST,Q6K00344,100,48376,32,18.573912,"[""FMOD0023"", ""FMOD0025"", ""FMOD0043"", ""FMOD0069"", ""FMOD0029"", ""FMOD0030"", ""FMOD0082"", ""FMOD0055"", ""FMOD0035"", ""FMOD0040""]",1.0,True,32.0
100,REAL,FAST,Q6K00351,100,48376,19,13.285243,"[""FMOD0005"", ""FMOD0099"", ""FMOD0022"", ""FMOD0034"", ""FMOD0082"", ""FMOD0055"", ""FMOD0029"", ""FMOD0020"", ""FMOD0119"", ""FMOD0030""]",1.0,True,19.0
100,REAL,FAST,Q6K00355,100,48376,59,20.480623,"[""FMOD0043"", ""FMOD0023"", ""FMOD0035"", ""FMOD0077"", ""FMOD0016"", ""FMOD0029"", ""FMOD0102"", ""FMOD0119"", ""FMOD0069"", ""FMOD0030""]",1.0,True,59.0
100,REAL,FAST,Q6K00359,100,48376,28,18.677299,"[""FMOD0086"", ""FMOD0087"", ""FMOD0044"", ""FMOD0081"", ""FMOD0039"", ""FMOD0056"", ""FMOD0029"", ""FMOD0079"", ""FMOD0102"", ""FMOD0036""]",0.9,False,28.0
100,REAL,FAST,Q6K00360,100,48376,13,13.640867,"[""FMOD0066"", ""FMOD0060"", ""FMOD0043"", ""FMOD0030"", ""FMOD0055"", ""FMOD0023"", ""FMOD0102"", ""FMOD0029"", ""FMOD0069"", ""FMOD0005""]",0.5,False,13.0
100,REAL,FAST,Q6K00363,100,48376,38,19.465405,"[""FMOD0066"", ""FMOD0029"", ""FMOD0102"", ""FMOD0056"", ""FMOD0119"", ""FMOD0114"", ""FMOD0069"", ""FMOD0120"", ""FMOD0035"", ""FMOD0023""]",1.0,True,38.0
100,REAL,FAST,Q6K00365,100,48376,14,6.081994,"[""FMOD0087"", ""FMOD0035"", ""FMOD0023"", ""FMOD0119"", ""FMOD0036"", ""FMOD0082"", ""FMOD0081"", ""FMOD0102"", ""FMOD0020"", ""FMOD0039""]",0.6,False,14.0
100,REAL,FAST,Q6K00372,100,48376,19,16.39315,"[""FMOD0023"", ""FMOD0035"", ""FMOD0020"", ""FMOD0016"", ""FMOD0051"", ""FMOD0029"", ""FMOD0030"", ""FMOD0119"", ""FMOD0102"", ""FMOD0069""]",1.0,True,19.0
100,REAL,FAST,Q6K00375,100,48376,62,20.828762,"[""FMOD0099"", ""FMOD0023"", ""FMOD0069"", ""FMOD0025"", ""FMOD0055"", ""FMOD0082"", ""FMOD0029"", ""FMOD0083"", ""FMOD0119"", ""FMOD0035""]",1.0,True,62.0
100,REAL,FAST,Q6K00377,100,48376,30,17.925794,"[""FMOD0082"", ""FMOD0022"", ""FMOD0023"", ""FMOD0069"", ""FMOD0055"", ""FMOD0025"", ""FMOD0100"", ""FMOD0029"", ""FMOD0035"", ""FMOD0036""]",0.8,False,30.0
100,REAL,FAST,Q6K00378,100,48376,56,20.622724,"[""FMOD0010"", ""FMOD0023"", ""FMOD0030"", ""FMOD0041"", ""FMOD0055"", ""FMOD0029"", ""FMOD0083"", ""FMOD0025"", ""FMOD0045"", ""FMOD0079""]",1.0,True,56.0
100,REAL,FAST,Q6K00380,100,48376,33,19.698542,"[""FMOD0023"", ""FMOD0029"", ""FMOD0030"", ""FMOD0035"", ""FMOD0082"", ""FMOD0119"", ""FMOD0102"", ""FMOD0110"", ""FMOD0036"", ""FMOD0120""]",1.0,True,33.0
100,REAL,FAST,Q6K00384,100,48376,18,15.556847,"[""FMOD0083"", ""FMOD0029"", ""FMOD0069"", ""FMOD0120"", ""FMOD0056"", ""FMOD0119"", ""FMOD0055"", ""FMOD0102"", ""FMOD0023"", ""FMOD0041""]",0.6,False,18.0
100,REAL,FAST,Q6K00389,100,48376,25,16.944005,"[""FMOD0055"", ""FMOD0034"", ""FMOD0039"", ""FMOD0065"", ""FMOD0023"", ""FMOD0035"", ""FMOD0029"", ""FMOD0030"", ""FMOD0081"", ""FMOD0102""]",0.8,False,25.0
100,REAL,FAST,Q6K00390,100,48376,49,20.65138,"[""FMOD0023"", ""FMOD0102"", ""FMOD0029"", ""FMOD0119"", ""FMOD0120"", ""FMOD0114"", ""FMOD0069"", ""FMOD0035"", ""FMOD0056"", ""FMOD0082""]",1.0,True,49.0
100,REAL,FAST,Q6K00393,100,48376,24,16.849875,"[""FMOD0029"", ""FMOD0023"", ""FMOD0102"", ""FMOD0119"", ""FMOD0113"", ""FMOD0053"", ""FMOD0083"", ""FMOD0036"", ""FMOD0114"", ""FMOD0035""]",0.7,False,24.0
100,REAL,FAST,Q6K00395,100,48376,46,20.381942,"[""FMOD0053"", ""FMOD0069"", ""FMOD0035"", ""FMOD0023"", ""FMOD0029"", ""FMOD0056"", ""FMOD0119"", ""FMOD0036"", ""FMOD0112"", ""FMOD0004""]",1.0,True,46.0
100,REAL,FAST,Q6K00396,100,48376,21,16.959947,"[""FMOD0066"", ""FMOD0035"", ""FMOD0023"", ""FMOD0051"", ""FMOD0081"", ""FMOD0029"", ""FMOD0119"", ""FMOD0102"", ""FMOD0041"", ""FMOD0120""]",0.8,False,21.0
100,REAL,FAST,Q6K00400,100,48376,64,21.772264,"[""FMOD0023"", ""FMOD0025"", ""FMOD0035"", ""FMOD0069"", ""FMOD0030"", ""FMOD0055"", ""FMOD0078"", ""FMOD0100"", ""FMOD0036"", ""FMOD0056""]",1.0,True,64.0
100,REAL,FAST,Q6K00403,100,48376,39,19.873318,"[""FMOD0035"", ""FMOD0033"", ""FMOD0029"", ""FMOD0119"", ""FMOD0120"", ""FMOD0078"", ""FMOD0024"", ""FMOD0080"", ""FMOD0108"", ""FMOD0102""]",1.0,True,39.0
100,REAL,FAST,Q6K00405,100,48376,12,12.474063,"[""FMOD0016"", ""FMOD0102"", ""FMOD0029"", ""FMOD0023"", ""FMOD0082"", ""FMOD0035"", ""FMOD0055"", ""FMOD0041"", ""FMOD0040"", ""FMOD0110""]",0.6,False,12.0
100,REAL,FAST,Q6K00407,100,48376,16,16.788459,"[""FMOD0005"", ""FMOD0029"", ""FMOD0120"", ""FMOD0069"", ""FMOD0030"", ""FMOD0102"", ""FMOD0023"", ""FMOD0020"", ""FMOD0010"", ""FMOD0110""]",0.8,False,16.0
100,REAL,FAST,Q6K00410,100,48376,13,13.211255,"[""FMOD0005"", ""FMOD0030"", ""FMOD0023"", ""FMOD0082"", ""FMOD0089"", ""FMOD0035"", ""FMOD0055"", ""FMOD0029"", ""FMOD0063"", ""FMOD0034""]",0.8,False,13.0
100,REAL,FAST,Q6K00417,100,48376,24,14.999473,"[""FMOD0051"", ""FMOD0082"", ""FMOD0081"", ""FMOD0035"", ""FMOD0021"", ""FMOD0065"", ""FMOD0036"", ""FMOD0120"", ""FMOD0075"", ""FMOD0069""]",0.6,False,24.0
100,REAL,FAST,Q6K00420,100,48376,36,18.968174,"[""FMOD0036"", ""FMOD0004"", ""FMOD0067"", ""FMOD0119"", ""FMOD0029"", ""FMOD0035"", ""FMOD0079"", ""FMOD0120"", ""FMOD0023"", ""FMOD0055""]",1.0,True,36.0
100,REAL,FAST,Q6K00422,100,48376,20,12.228401,"[""FMOD0053"", ""FMOD0083"", ""FMOD0023"", ""FMOD0081"", ""FMOD0029"", ""FMOD0036"", ""FMOD0091"", ""FMOD0055"", ""FMOD0020"", ""FMOD0102""]",0.5,False,20.0
100,REAL,FAST,Q6K00423,100,48376,38,19.322416,"[""FMOD0061"", ""FMOD0004"", ""FMOD0086"", ""FMOD0035"", ""FMOD0029"", ""FMOD0010"", ""FMOD0033"", ""FMOD0056"", ""FMOD0014"", ""FMOD0102""]",1.0,True,38.0
100,REAL,FAST,Q6K00424,100,48376,39,19.376743,"[""FMOD0053"", ""FMOD0102"", ""FMOD0029"", ""FMOD0082"", ""FMOD0039"", ""FMOD0034"", ""FMOD0023"", ""FMOD0035"", ""FMOD0077"", ""FMOD0114""]",1.0,True,39.0
100,REAL,FAST,Q6K00427,100,48376,19,12.107878,"[""FMOD0081"", ""FMOD0005"", ""FMOD0035"", ""FMOD0082"", ""FMOD0055"", ""FMOD0056"", ""FMOD0043"", ""FMOD0034"", ""FMOD0072"", ""FMOD0002""]",1.0,False,19.0
100,REAL,FAST,Q6K00435,100,48376,24,16.922993,"[""FMOD0099"", ""FMOD0069"", ""FMOD0029"", ""FMOD0119"", ""FMOD0023"", ""FMOD0035"", ""FMOD0102"", ""FMOD0120"", ""FMOD0114"", ""FMOD0110""]",0.8,False,24.0
100,REAL,FAST,Q6K00436,100,48376,36,19.153566,"[""FMOD0099"", ""FMOD0044"", ""FMOD0029"", ""FMOD0030"", ""FMOD0035"", ""FMOD0023"", ""FMOD0119"", ""FMOD0036"", ""FMOD0120"", ""FMOD0069""]",1.0,True,36.0
100,REAL,FAST,Q6K00438,100,48376,9,9.898082,"[""FMOD0022"", ""FMOD0055"", ""FMOD0029"", ""FMOD0030"", ""FMOD0010"", ""FMOD0119"", ""FMOD0096"", ""FMOD0074"", ""FMOD0044""]",0.4,False,9.0
100,REAL,FAST,Q6K00442,100,48376,15,12.574324,"[""FMOD0087"", ""FMOD0029"", ""FMOD0081"", ""FMOD0120"", ""FMOD0102"", ""FMOD0082"", ""FMOD0079"", ""FMOD0119"", ""FMOD0110"", ""FMOD0036""]",0.8,False,15.0
100,REAL,FAST,Q6K00443,100,48376,25,17.838808,"[""FMOD0035"", ""FMOD0011"", ""FMOD0023"", ""FMOD0041"", ""FMOD0082"", ""FMOD0119"", ""FMOD0102"", ""FMOD0079"", ""FMOD0060"", ""FMOD0030""]",0.8,False,25.0
100,REAL,FAST,Q6K00444,100,48376,18,14.441849,"[""FMOD0003"", ""FMOD0022"", ""FMOD0034"", ""FMOD0120"", ""FMOD0119"", ""FMOD0102"", ""FMOD0036"", ""FMOD0023"", ""FMOD0055"", ""FMOD0029""]",0.6,False,18.0
100,REAL,FAST,Q6K00446,100,48376,36,19.686402,"[""FMOD0082"", ""FMOD0067"", ""FMOD0060"", ""FMOD0035"", ""FMOD0023"", ""FMOD0101"", ""FMOD0021"", ""FMOD0097"", ""FMOD0022"", ""FMOD0081""]",1.0,True,36.0
100,REAL,FAST,Q6K00453,100,48376,24,18.345111,"[""FMOD0044"", ""FMOD0079"", ""FMOD0029"", ""FMOD0114"", ""FMOD0030"", ""FMOD0035"", ""FMOD0119"", ""FMOD0120"", ""FMOD0023"", ""FMOD0110""]",0.8,False,24.0
100,REAL,FAST,Q6K00456,100,48376,35,17.229943,"[""FMOD0004"", ""FMOD0016"", ""FMOD0067"", ""FMOD0113"", ""FMOD0052"", ""FMOD0036"", ""FMOD0114"", ""FMOD0029"", ""FMOD0023"", ""FMOD0056""]",0.9,False,35.0
100,REAL,FAST,Q6K00458,100,48376,11,12.404295,"[""FMOD0079"", ""FMOD0016"", ""FMOD0030"", ""FMOD0029"", ""FMOD0102"", ""FMOD0119"", ""FMOD0120"", ""FMOD0041"", ""FMOD0110"", ""FMOD0055""]",0.5,False,11.0
100,REAL,FAST,Q6K00461,100,48376,6,9.083825,"[""FMOD0001"", ""FMOD0003"", ""FMOD0089"", ""FMOD0035"", ""FMOD0029"", ""FMOD0041""]",0.5,False,6.0
100,REAL,FAST,Q6K00465,100,48376,18,13.542567,"[""FMOD0083"", ""FMOD0096"", ""FMOD0029"", ""FMOD0110"", ""FMOD0119"", ""FMOD0005"", ""FMOD0120"", ""FMOD0055"", ""FMOD0041"", ""FMOD0114""]",0.7,False,18.0
100,REAL,FAST,Q6K00470,100,48376,40,19.308254,"[""FMOD0060"", ""FMOD0102"", ""FMOD0029"", ""FMOD0061"", ""FMOD0120"", ""FMOD0119"", ""FMOD0056"", ""FMOD0114"", ""FMOD0069"", ""FMOD0035""]",1.0,True,40.0
100,REAL,FAST,Q6K00471,100,48376,18,16.355724,"[""FMOD0025"", ""FMOD0099"", ""FMOD0029"", ""FMOD0114"", ""FMOD0120"", ""FMOD0023"", ""FMOD0069"", ""FMOD0102"", ""FMOD0110"", ""FMOD0119""]",0.5,False,18.0
100,REAL,FAST,Q6K00473,100,48376,42,18.944969,"[""FMOD0086"", ""FMOD0079"", ""FMOD0056"", ""FMOD0078"", ""FMOD0097"", ""FMOD0036"", ""FMOD0117"", ""FMOD0083"", ""FMOD0119"", ""FMOD0114""]",1.0,True,42.0
100,REAL,FAST,Q6K00479,100,48376,16,12.620271,"[""FMOD0066"", ""FMOD0022"", ""FMOD0034"", ""FMOD0082"", ""FMOD0035"", ""FMOD0029"", ""FMOD0030"", ""FMOD0055"", ""FMOD0102"", ""FMOD0119""]",0.6,False,16.0
100,REAL,FAST,Q6K00481,100,48376,23,17.336224,"[""FMOD0035"", ""FMOD0023"", ""FMOD0051"", ""FMOD0081"", ""FMOD0029"", ""FMOD0119"", ""FMOD0102"", ""FMOD0082"", ""FMOD0120"", ""FMOD0041""]",0.9,False,23.0
100,REAL,FAST,Q6K00484,100,48376,4,8.467547,"[""FMOD0029"", ""FMOD0035"", ""FMOD0114"", ""FMOD0041""]",0.2,False,4.0
100,REAL,FAST,Q6K00485,100,48376,38,18.676286,"[""FMOD0069"", ""FMOD0035"", ""FMOD0023"", ""FMOD0119"", ""FMOD0029"", ""FMOD0056"", ""FMOD0036"", ""FMOD0112"", ""FMOD0067"", ""FMOD0078""]",1.0,True,38.0
100,REAL,FAST,Q6K00489,100,48376,24,16.122419,"[""FMOD0080"", ""FMOD0086"", ""FMOD0015"", ""FMOD0107"", ""FMOD0029"", ""FMOD0023"", ""FMOD0102"", ""FMOD0082"", ""FMOD0030"", ""FMOD0069""]",0.9,False,24.0
100,REAL,FAST,Q6K00495,100,48376,64,21.798195,"[""FMOD0083"", ""FMOD0096"", ""FMOD0029"", ""FMOD0023"", ""FMOD0119"", ""FMOD0035"", ""FMOD0110"", ""FMOD0069"", ""FMOD0036"", ""FMOD0030""]",1.0,True,64.0
100,REAL,FAST,Q6K00498,100,48376,29,18.049925,"[""FMOD0069"", ""FMOD0023"", ""FMOD0055"", ""FMOD0082"", ""FMOD0025"", ""FMOD0100"", ""FMOD0029"", ""FMOD0035"", ""FMOD0120"", ""FMOD0036""]",0.9,False,29.0
100,REAL,FAST,Q6K00507,100,48376,19,13.728038,"[""FMOD0082"", ""FMOD0039"", ""FMOD0034"", ""FMOD0023"", ""FMOD0035"", ""FMOD0065"", ""FMOD0059"", ""FMOD0016"", ""FMOD0021"", ""FMOD0030""]",1.0,False,19.0
100,REAL,FAST,Q6K00511,100,48376,57,20.509854,"[""FMOD0010"", ""FMOD0030"", ""FMOD0041"", ""FMOD0055"", ""FMOD0029"", ""FMOD0083"", ""FMOD0045"", ""FMOD0025"", ""FMOD0079"", ""FMOD0023""]",0.9,False,57.0
100,REAL,FAST,Q6K00512,100,48376,40,16.515669,"[""FMOD0035"", ""FMOD0023"", ""FMOD0119"", ""FMOD0029"", ""FMOD0110"", ""FMOD0108"", ""FMOD0036"", ""FMOD0042"", ""FMOD0107"", ""FMOD0060""]",1.0,True,40.0
100,REAL,FAST,Q6K00513,100,48376,54,20.40928,"[""FMOD0029"", ""FMOD0110"", ""FMOD0056"", ""FMOD0023"", ""FMOD0083"", ""FMOD0119"", ""FMOD0036"", ""FMOD0112"", ""FMOD0078"", ""FMOD0114""]",1.0,False,54.0
100,REAL,FAST,Q6K00517,100,48376,33,19.179908,"[""FMOD0082"", ""FMOD0021"", ""FMOD0081"", ""FMOD0039"", ""FMOD0034"", ""FMOD0029"", ""FMOD0023"", ""FMOD0119"", ""FMOD0102"", ""FMOD0035""]",0.9,False,33.0
100,REAL,FAST,Q6K00518,100,48376,57,20.305426,"[""FMOD0029"", ""FMOD0035"", ""FMOD0102"", ""FMOD0119"", ""FMOD0110"", ""FMOD0096"", ""FMOD0114"", ""FMOD0108"", ""FMOD0018"", ""FMOD0010""]",1.0,True,57.0
100,REAL,FAST,Q6K00523,100,48376,31,18.049085,"[""FMOD0082"", ""FMOD0081"", ""FMOD0039"", ""FMOD0034"", ""FMOD0029"", ""FMOD0035"", ""FMOD0119"", ""FMOD0102"", ""FMOD0120"", ""FMOD0036""]",0.8,False,31.0
100,REAL,FAST,Q6K00528,100,48376,25,18.029984,"[""FMOD0035"", ""FMOD0023"", ""FMOD0051"", ""FMOD0081"", ""FMOD0029"", ""FMOD0119"", ""FMOD0030"", ""FMOD0082"", ""FMOD0102"", ""FMOD0055""]",0.8,False,25.0
100,REAL,FAST,Q6K00530,100,48376,35,19.073689,"[""FMOD0069"", ""FMOD0035"", ""FMOD0023"", ""FMOD0029"", ""FMOD0119"", ""FMOD0056"", ""FMOD0036"", ""FMOD0112"", ""FMOD0067"", ""FMOD0078""]",1.0,True,35.0
100,REAL,FAST,Q6K00531,100,48376,31,19.020886,"[""FMOD0082"", ""FMOD0081"", ""FMOD0029"", ""FMOD0035"", ""FMOD0023"", ""FMOD0119"", ""FMOD0030"", ""FMOD0102"", ""FMOD0110"", ""FMOD0036""]",0.8,False,31.0
100,REAL,FAST,Q6K00533,100,48376,12,13.905234,"[""FMOD0029"", ""FMOD0114"", ""FMOD0023"", ""FMOD0030"", ""FMOD0035"", ""FMOD0069"", ""FMOD0082"", ""FMOD0020"", ""FMOD0010"", ""FMOD0080""]",0.5,False,12.0
100,REAL,FAST,Q6K00535,100,48376,52,17.94132,"[""FMOD0035"", ""FMOD0118"", ""FMOD0102"", ""FMOD0069"", ""FMOD0029"", ""FMOD0030"", ""FMOD0036"", ""FMOD0079"", ""FMOD0120"", ""FMOD0041""]",1.0,True,52.0
100,REAL,FAST,Q6K00537,100,48376,28,17.315107,"[""FMOD0055"", ""FMOD0023"", ""FMOD0069"", ""FMOD0025"", ""FMOD0082"", ""FMOD0100"", ""FMOD0029"", ""FMOD0036"", ""FMOD0035"", ""FMOD0030""]",0.9,False,28.0
100,REAL,FAST,Q6K00538,100,48376,39,19.162383,"[""FMOD0055"", ""FMOD0023"", ""FMOD0025"", ""FMOD0069"", ""FMOD0082"", ""FMOD0100"", ""FMOD0029"", ""FMOD0035"", ""FMOD0114"", ""FMOD0119""]",1.0,False,39.0
100,REAL,BALANCED,Q6K00183,100,48376,92,23.256871,"[""FMOD0023"", ""FMOD0029"", ""FMOD0081"", ""FMOD0036"", ""FMOD0114"", ""FMOD0119"", ""FMOD0035"", ""FMOD0082"", ""FMOD0030"", ""FMOD0120""]",1.0,True,92.0
100,REAL,BALANCED,Q6K00184,100,48376,96,22.840928,"[""FMOD0004"", ""FMOD0067"", ""FMOD0113"", ""FMOD0052"", ""FMOD0036"", ""FMOD0114"", ""FMOD0056"", ""FMOD0101"", ""FMOD0110"", ""FMOD0081""]",1.0,True,96.0
100,REAL,BALANCED,Q6K00193,100,48376,94,22.467625,"[""FMOD0025"", ""FMOD0069"", ""FMOD0023"", ""FMOD0029"", ""FMOD0056"", ""FMOD0055"", ""FMOD0114"", ""FMOD0078"", ""FMOD0096"", ""FMOD0080""]",1.0,True,94.0
100,REAL,BALANCED,Q6K00195,100,48376,91,22.734934,"[""FMOD0061"", ""FMOD0083"", ""FMOD0029"", ""FMOD0056"", ""FMOD0102"", ""FMOD0091"", ""FMOD0023"", ""FMOD0081"", ""FMOD0114"", ""FMOD0030""]",1.0,True,91.0
100,REAL,BALANCED,Q6K00197,100,48376,81,22.109809,"[""FMOD0069"", ""FMOD0029"", ""FMOD0102"", ""FMOD0114"", ""FMOD0030"", ""FMOD0119"", ""FMOD0005"", ""FMOD0120"", ""FMOD0033"", ""FMOD0036""]",1.0,True,81.0
100,REAL,BALANCED,Q6K00199,100,48376,97,22.303594,"[""FMOD0067"", ""FMOD0069"", ""FMOD0029"", ""FMOD0102"", ""FMOD0119"", ""FMOD0056"", ""FMOD0120"", ""FMOD0030"", ""FMOD0026"", ""FMOD0023""]",1.0,True,97.0
100,REAL,BALANCED,Q6K00200,100,48376,88,21.885864,"[""FMOD0051"", ""FMOD0023"", ""FMOD0029"", ""FMOD0035"", ""FMOD0016"", ""FMOD0081"", ""FMOD0120"", ""FMOD0082"", ""FMOD0079"", ""FMOD0020""]",1.0,True,88.0
100,REAL,BALANCED,Q6K00201,100,48376,93,21.966883,"[""FMOD0066"", ""FMOD0055"", ""FMOD0030"", ""FMOD0029"", ""FMOD0010"", ""FMOD0041"", ""FMOD0036"", ""FMOD0102"", ""FMOD0112"", ""FMOD0120""]",1.0,True,93.0
100,REAL,BALANCED,Q6K00205,100,48376,89,22.017702,"[""FMOD0051"", ""FMOD0023"", ""FMOD0035"", ""FMOD0020"", ""FMOD0016"", ""FMOD0081"", ""FMOD0119"", ""FMOD0029"", ""FMOD0065"", ""FMOD0114""]",1.0,True,89.0
100,REAL,BALANCED,Q6K00206,100,48376,90,21.835386,"[""FMOD0016"", ""FMOD0102"", ""FMOD0031"", ""FMOD0029"", ""FMOD0023"", ""FMOD0035"", ""FMOD0082"", ""FMOD0065"", ""FMOD0114"", ""FMOD0033""]",1.0,True,90.0
100,REAL,BALANCED,Q6K00207,100,48376,89,22.380757,"[""FMOD0023"", ""FMOD0029"", ""FMOD0035"", ""FMOD0120"", ""FMOD0102"", ""FMOD0069"", ""FMOD0119"", ""FMOD0077"", ""FMOD0082"", ""FMOD0110""]",1.0,True,89.0
100,REAL,BALANCED,Q6K00208,100,48376,90,22.762747,"[""FMOD0102"", ""FMOD0079"", ""FMOD0023"", ""FMOD0030"", ""FMOD0029"", ""FMOD0055"", ""FMOD0035"", ""FMOD0082"", ""FMOD0036"", ""FMOD0014""]",1.0,True,90.0
100,REAL,BALANCED,Q6K00212,100,48376,96,21.778528,"[""FMOD0060"", ""FMOD0029"", ""FMOD0023"", ""FMOD0082"", ""FMOD0075"", ""FMOD0096"", ""FMOD0102"", ""FMOD0056"", ""FMOD0036"", ""FMOD0081""]",1.0,True,96.0
100,REAL,BALANCED,Q6K00216,100,48376,84,21.630159,"[""FMOD0016"", ""FMOD0029"", ""FMOD0035"", ""FMOD0023"", ""FMOD0081"", ""FMOD0079"", ""FMOD0119"", ""FMOD0102"", ""FMOD0114"", ""FMOD0056""]",1.0,True,84.0
100,REAL,BALANCED,Q6K00227,100,48376,80,21.542332,"[""FMOD0096"", ""FMOD0029"", ""FMOD0023"", ""FMOD0120"", ""FMOD0119"", ""FMOD0035"", ""FMOD0056"", ""FMOD0113"", ""FMOD0069"", ""FMOD0025""]",1.0,True,80.0
100,REAL,BALANCED,Q6K00232,100,48376,94,22.905376,"[""FMOD0060"", ""FMOD0029"", ""FMOD0023"", ""FMOD0086"", ""FMOD0056"", ""FMOD0043"", ""FMOD0110"", ""FMOD0044"", ""FMOD0036"", ""FMOD0075""]",1.0,True,94.0
100,REAL,BALANCED,Q6K00235,100,48376,79,21.489858,"[""FMOD0096"", ""FMOD0114"", ""FMOD0029"", ""FMOD0120"", ""FMOD0119"", ""FMOD0023"", ""FMOD0035"", ""FMOD0056"", ""FMOD0069"", ""FMOD0030""]",1.0,True,79.0
100,REAL,BALANCED,Q6K00236,100,48376,94,22.235628,"[""FMOD0036"", ""FMOD0119"", ""FMOD0079"", ""FMOD0120"", ""FMOD0056"", ""FMOD0086"", ""FMOD0082"", ""FMOD0091"", ""FMOD0029"", ""FMOD0102""]",1.0,True,94.0
100,REAL,BALANCED,Q6K00237,100,48376,96,21.627934,"[""FMOD0067"", ""FMOD0029"", ""FMOD0119"", ""FMOD0120"", ""FMOD0023"", ""FMOD0102"", ""FMOD0056"", ""FMOD0082"", ""FMOD0110"", ""FMOD0069""]",1.0,True,96.0
100,REAL,BALANCED,Q6K00240,100,48376,79,21.86235,"[""FMOD0069"", ""FMOD0029"", ""FMOD0110"", ""FMOD0104"", ""FMOD0035"", ""FMOD0119"", ""FMOD0043"", ""FMOD0023"", ""FMOD0102"", ""FMOD0083""]",1.0,True,79.0
100,REAL,BALANCED,Q6K00247,100,48376,95,22.989828,"[""FMOD0069"", ""FMOD0060"", ""FMOD0119"", ""FMOD0029"", ""FMOD0023"", ""FMOD0083"", ""FMOD0025"", ""FMOD0110"", ""FMOD0079"", ""FMOD0003""]",1.0,True,95.0
100,REAL,BALANCED,Q6K00251,100,48376,90,22.750097,"[""FMOD0044"", ""FMOD0067"", ""FMOD0119"", ""FMOD0029"", ""FMOD0023"", ""FMOD0120"", ""FMOD0113"", ""FMOD0086"", ""FMOD0035"", ""FMOD0030""]",1.0,True,90.0
100,REAL,BALANCED,Q6K00252,100,48376,92,23.487075,"[""FMOD0043"", ""FMOD0086"", ""FMOD0035"", ""FMOD0023"", ""FMOD0102"", ""FMOD0029"", ""FMOD0096"", ""FMOD0069"", ""FMOD0079"", ""FMOD0024""]",1.0,True,92.0
100,REAL,BALANCED,Q6K00258,100,48376,93,22.311654,"[""FMOD0096"", ""FMOD0001"", ""FMOD0029"", ""FMOD0041"", ""FMOD0035"", ""FMOD0030"", ""FMOD0056"", ""FMOD0120"", ""FMOD0069"", ""FMOD0119""]",1.0,True,93.0
100,REAL,BALANCED,Q6K00259,100,48376,93,22.079474,"[""FMOD0043"", ""FMOD0089"", ""FMOD0035"", ""FMOD0102"", ""FMOD0096"", ""FMOD0023"", ""FMOD0029"", ""FMOD0069"", ""FMOD0079"", ""FMOD0024""]",1.0,True,93.0
100,REAL,BALANCED,Q6K00262,100,48376,92,22.235385,"[""FMOD0069"", ""FMOD0060"", ""FMOD0023"", ""FMOD0025"", ""FMOD0055"", ""FMOD0082"", ""FMOD0100"", ""FMOD0029"", ""FMOD0102"", ""FMOD0119""]",1.0,True,92.0
100,REAL,BALANCED,Q6K00264,100,48376,94,21.910462,"[""FMOD0043"", ""FMOD0066"", ""FMOD0035"", ""FMOD0056"", ""FMOD0081"", ""FMOD0082"", ""FMOD0030"", ""FMOD0119"", ""FMOD0023"", ""FMOD0029""]",1.0,True,94.0
100,REAL,BALANCED,Q6K00267,100,48376,94,23.38633,"[""FMOD0022"", ""FMOD0069"", ""FMOD0034"", ""FMOD0082"", ""FMOD0023"", ""FMOD0055"", ""FMOD0025"", ""FMOD0100"", ""FMOD0072"", ""FMOD0035""]",1.0,True,94.0
100,REAL,BALANCED,Q6K00268,100,48376,87,23.779388,"[""FMOD0077"", ""FMOD0050"", ""FMOD0055"", ""FMOD0083"", ""FMOD0005"", ""FMOD0035"", ""FMOD0114"", ""FMOD0029"", ""FMOD0033"", ""FMOD0069""]",1.0,True,87.0
100,REAL,BALANCED,Q6K00271,100,48376,98,22.575591,"[""FMOD0086"", ""FMOD0050"", ""FMOD0044"", ""FMOD0120"", ""FMOD0029"", ""FMOD0036"", ""FMOD0077"", ""FMOD0069"", ""FMOD0102"", ""FMOD0005""]",1.0,True,98.0
100,REAL,BALANCED,Q6K00273,100,48376,87,21.856292,"[""FMOD0023"", ""FMOD0043"", ""FMOD0119"", ""FMOD0079"", ""FMOD0029"", ""FMOD0102"", ""FMOD0056"", ""FMOD0005"", ""FMOD0030"", ""FMOD0075""]",1.0,True,87.0
100,REAL,BALANCED,Q6K00274,100,48376,95,21.717789,"[""FMOD0004"", ""FMOD0044"", ""FMOD0067"", ""FMOD0113"", ""FMOD0052"", ""FMOD0036"", ""FMOD0114"", ""FMOD0056"", ""FMOD0110"", ""FMOD0035""]",1.0,True,95.0
100,REAL,BALANCED,Q6K00275,100,48376,96,23.334855,"[""FMOD0086"", ""FMOD0074"", ""FMOD0050"", ""FMOD0029"", ""FMOD0056"", ""FMOD0102"", ""FMOD0035"", ""FMOD0024"", ""FMOD0114"", ""FMOD0043""]",1.0,True,96.0
100,REAL,BALANCED,Q6K00283,100,48376,92,22.096734,"[""FMOD0036"", ""FMOD0035"", ""FMOD0029"", ""FMOD0023"", ""FMOD0120"", ""FMOD0119"", ""FMOD0079"", ""FMOD0102"", ""FMOD0069"", ""FMOD0082""]",1.0,True,92.0
100,REAL,BALANCED,Q6K00287,100,48376,94,22.240864,"[""FMOD0003"", ""FMOD0089"", ""FMOD0004"", ""FMOD0063"", ""FMOD0067"", ""FMOD0014"", ""FMOD0113"", ""FMOD0052"", ""FMOD0036"", ""FMOD0114""]",1.0,True,94.0
100,REAL,BALANCED,Q6K00293,100,48376,91,21.659426,"[""FMOD0074"", ""FMOD0043"", ""FMOD0035"", ""FMOD0029"", ""FMOD0023"", ""FMOD0069"", ""FMOD0102"", ""FMOD0096"", ""FMOD0079"", ""FMOD0024""]",1.0,True,91.0
100,REAL,BALANCED,Q6K00295,100,48376,90,21.873089,"[""FMOD0066"", ""FMOD0043"", ""FMOD0102"", ""FMOD0029"", ""FMOD0023"", ""FMOD0069"", ""FMOD0035"", ""FMOD0096"", ""FMOD0079"", ""FMOD0119""]",1.0,True,90.0
100,REAL,BALANCED,Q6K00296,100,48376,96,22.084019,"[""FMOD0060"", ""FMOD0066"", ""FMOD0029"", ""FMOD0102"", ""FMOD0056"", ""FMOD0035"", ""FMOD0010"", ""FMOD0110"", ""FMOD0036"", ""FMOD0055""]",1.0,True,96.0
100,REAL,BALANCED,Q6K00298,100,48376,93,22.049118,"[""FMOD0074"", ""FMOD0036"", ""FMOD0079"", ""FMOD0119"", ""FMOD0120"", ""FMOD0017"", ""FMOD0091"", ""FMOD0056"", ""FMOD0023"", ""FMOD0083""]",1.0,True,93.0
100,REAL,BALANCED,Q6K00299,100,48376,89,22.174948,"[""FMOD0040"", ""FMOD0089"", ""FMOD0029"", ""FMOD0035"", ""FMOD0079"", ""FMOD0081"", ""FMOD0030"", ""FMOD0055"", ""FMOD0023"", ""FMOD0056""]",1.0,True,89.0
100,REAL,BALANCED,Q6K00304,100,48376,92,21.820576,"[""FMOD0077"", ""FMOD0083"", ""FMOD0087"", ""FMOD0023"", ""FMOD0069"", ""FMOD0056"", ""FMOD0020"", ""FMOD0055"", ""FMOD0102"", ""FMOD0025""]",1.0,True,92.0
100,REAL,BALANCED,Q6K00310,100,48376,90,21.980555,"[""FMOD0074"", ""FMOD0005"", ""FMOD0022"", ""FMOD0034"", ""FMOD0035"", ""FMOD0053"", ""FMOD0114"", ""FMOD0029"", ""FMOD0033"", ""FMOD0023""]",1.0,True,90.0
100,REAL,BALANCED,Q6K00313,100,48376,92,21.712236,"[""FMOD0061"", ""FMOD0069"", ""FMOD0083"", ""FMOD0066"", ""FMOD0114"", ""FMOD0029"", ""FMOD0036"", ""FMOD0033"", ""FMOD0030"", ""FMOD0120""]",1.0,True,92.0
100,REAL,BALANCED,Q6K00317,100,48376,85,21.594204,"[""FMOD0061"", ""FMOD0089"", ""FMOD0096"", ""FMOD0036"", ""FMOD0029"", ""FMOD0079"", ""FMOD0035"", ""FMOD0055"", ""FMOD0083"", ""FMOD0110""]",1.0,True,85.0
100,REAL,BALANCED,Q6K00318,100,48376,94,21.911331,"[""FMOD0086"", ""FMOD0004"", ""FMOD0050"", ""FMOD0082"", ""FMOD0067"", ""FMOD0035"", ""FMOD0114"", ""FMOD0053"", ""FMOD0081"", ""FMOD0110""]",1.0,True,94.0
100,REAL,BALANCED,Q6K00325,100,48376,90,21.928773,"[""FMOD0086"", ""FMOD0023"", ""FMOD0050"", ""FMOD0044"", ""FMOD0029"", ""FMOD0035"", ""FMOD0030"", ""FMOD0069"", ""FMOD0043"", ""FMOD0082""]",1.0,True,90.0
100,REAL,BALANCED,Q6K00326,100,48376,93,22.582842,"[""FMOD0099"", ""FMOD0055"", ""FMOD0066"", ""FMOD0036"", ""FMOD0010"", ""FMOD0102"", ""FMOD0056"", ""FMOD0112"", ""FMOD0029"", ""FMOD0023""]",1.0,True,93.0
100,REAL,BALANCED,Q6K00327,100,48376,86,22.21019,"[""FMOD0016"", ""FMOD0051"", ""FMOD0055"", ""FMOD0114"", ""FMOD0075"", ""FMOD0081"", ""FMOD0035"", ""FMOD0077"", ""FMOD0023"", ""FMOD0029""]",1.0,True,86.0
100,REAL,BALANCED,Q6K00332,100,48376,95,21.73236,"[""FMOD0044"", ""FMOD0035"", ""FMOD0029"", ""FMOD0069"", ""FMOD0030"", ""FMOD0086"", ""FMOD0120"", ""FMOD0119"", ""FMOD0041"", ""FMOD0050""]",1.0,True,95.0
100,REAL,BALANCED,Q6K00333,100,48376,95,21.957553,"[""FMOD0069"", ""FMOD0044"", ""FMOD0011"", ""FMOD0119"", ""FMOD0029"", ""FMOD0083"", ""FMOD0025"", ""FMOD0079"", ""FMOD0110"", ""FMOD0035""]",1.0,True,95.0
100,REAL,BALANCED,Q6K00336,100,48376,80,22.669402,"[""FMOD0014"", ""FMOD0023"", ""FMOD0079"", ""FMOD0035"", ""FMOD0082"", ""FMOD0081"", ""FMOD0029"", ""FMOD0120"", ""FMOD0119"", ""FMOD0102""]",1.0,True,80.0
100,REAL,BALANCED,Q6K00338,100,48376,96,22.720331,"[""FMOD0074"", ""FMOD0067"", ""FMOD0003"", ""FMOD0056"", ""FMOD0029"", ""FMOD0119"", ""FMOD0035"", ""FMOD0081"", ""FMOD0004"", ""FMOD0082""]",1.0,True,96.0
100,REAL,BALANCED,Q6K00340,100,48376,87,23.189282,"[""FMOD0025"", ""FMOD0011"", ""FMOD0089"", ""FMOD0029"", ""FMOD0023"", ""FMOD0030"", ""FMOD0069"", ""FMOD0035"", ""FMOD0119"", ""FMOD0041""]",1.0,True,87.0
100,REAL,BALANCED,Q6K00342,100,48376,92,22.93251,"[""FMOD0087"", ""FMOD0053"", ""FMOD0114"", ""FMOD0023"", ""FMOD0052"", ""FMOD0040"", ""FMOD0069"", ""FMOD0029"", ""FMOD0002"", ""FMOD0056""]",1.0,True,92.0
100,REAL,BALANCED,Q6K00343,100,48376,97,23.54224,"[""FMOD0087"", ""FMOD0016"", ""FMOD0041"", ""FMOD0055"", ""FMOD0030"", ""FMOD0029"", ""FMOD0023"", ""FMOD0081"", ""FMOD0102"", ""FMOD0056""]",1.0,True,97.0
100,REAL,BALANCED,Q6K00344,100,48376,86,22.913433,"[""FMOD0023"", ""FMOD0025"", ""FMOD0043"", ""FMOD0069"", ""FMOD0029"", ""FMOD0030"", ""FMOD0082"", ""FMOD0055"", ""FMOD0035"", ""FMOD0040""]",1.0,True,86.0
100,REAL,BALANCED,Q6K00351,100,48376,93,22.694062,"[""FMOD0005"", ""FMOD0099"", ""FMOD0022"", ""FMOD0034"", ""FMOD0082"", ""FMOD0055"", ""FMOD0029"", ""FMOD0020"", ""FMOD0119"", ""FMOD0030""]",1.0,True,93.0
100,REAL,BALANCED,Q6K00355,100,48376,85,22.012223,"[""FMOD0043"", ""FMOD0023"", ""FMOD0035"", ""FMOD0077"", ""FMOD0016"", ""FMOD0029"", ""FMOD0102"", ""FMOD0119"", ""FMOD0069"", ""FMOD0030""]",1.0,True,85.0
100,REAL,BALANCED,Q6K00359,100,48376,97,22.656631,"[""FMOD0086"", ""FMOD0087"", ""FMOD0044"", ""FMOD0081"", ""FMOD0039"", ""FMOD0056"", ""FMOD0097"", ""FMOD0029"", ""FMOD0079"", ""FMOD0102""]",1.0,True,97.0
100,REAL,BALANCED,Q6K00360,100,48376,93,22.204204,"[""FMOD0066"", ""FMOD0060"", ""FMOD0043"", ""FMOD0082"", ""FMOD0030"", ""FMOD0035"", ""FMOD0081"", ""FMOD0010"", ""FMOD0055"", ""FMOD0112""]",1.0,True,93.0
100,REAL,BALANCED,Q6K00363,100,48376,95,21.973723,"[""FMOD0066"", ""FMOD0029"", ""FMOD0102"", ""FMOD0056"", ""FMOD0119"", ""FMOD0114"", ""FMOD0069"", ""FMOD0120"", ""FMOD0035"", ""FMOD0023""]",1.0,True,95.0
100,REAL,BALANCED,Q6K00365,100,48376,85,21.472258,"[""FMOD0087"", ""FMOD0029"", ""FMOD0035"", ""FMOD0023"", ""FMOD0065"", ""FMOD0016"", ""FMOD0119"", ""FMOD0039"", ""FMOD0036"", ""FMOD0114""]",1.0,True,85.0
100,REAL,BALANCED,Q6K00372,100,48376,87,21.712205,"[""FMOD0023"", ""FMOD0035"", ""FMOD0020"", ""FMOD0016"", ""FMOD0051"", ""FMOD0029"", ""FMOD0030"", ""FMOD0119"", ""FMOD0102"", ""FMOD0069""]",1.0,True,87.0
100,REAL,BALANCED,Q6K00375,100,48376,88,21.966926,"[""FMOD0099"", ""FMOD0023"", ""FMOD0069"", ""FMOD0025"", ""FMOD0055"", ""FMOD0082"", ""FMOD0029"", ""FMOD0083"", ""FMOD0119"", ""FMOD0035""]",1.0,True,88.0
100,REAL,BALANCED,Q6K00377,100,48376,93,21.679932,"[""FMOD0082"", ""FMOD0022"", ""FMOD0023"", ""FMOD0069"", ""FMOD0055"", ""FMOD0025"", ""FMOD0100"", ""FMOD0034"", ""FMOD0029"", ""FMOD0119""]",1.0,True,93.0
100,REAL,BALANCED,Q6K00378,100,48376,94,22.020986,"[""FMOD0010"", ""FMOD0023"", ""FMOD0030"", ""FMOD0041"", ""FMOD0055"", ""FMOD0029"", ""FMOD0083"", ""FMOD0025"", ""FMOD0045"", ""FMOD0079""]",1.0,True,94.0
100,REAL,BALANCED,Q6K00380,100,48376,88,22.166349,"[""FMOD0023"", ""FMOD0029"", ""FMOD0030"", ""FMOD0035"", ""FMOD0082"", ""FMOD0119"", ""FMOD0102"", ""FMOD0110"", ""FMOD0036"", ""FMOD0120""]",1.0,True,88.0
100,REAL,BALANCED,Q6K00384,100,48376,84,22.257758,"[""FMOD0083"", ""FMOD0029"", ""FMOD0069"", ""FMOD0086"", ""FMOD0035"", ""FMOD0120"", ""FMOD0056"", ""FMOD0030"", ""FMOD0119"", ""FMOD0005""]",1.0,True,84.0
100,REAL,BALANCED,Q6K00389,100,48376,87,21.781667,"[""FMOD0055"", ""FMOD0034"", ""FMOD0039"", ""FMOD0065"", ""FMOD0023"", ""FMOD0082"", ""FMOD0035"", ""FMOD0029"", ""FMOD0030"", ""FMOD0079""]",1.0,True,87.0
100,REAL,BALANCED,Q6K00390,100,48376,94,22.014264,"[""FMOD0023"", ""FMOD0102"", ""FMOD0029"", ""FMOD0119"", ""FMOD0120"", ""FMOD0114"", ""FMOD0069"", ""FMOD0035"", ""FMOD0056"", ""FMOD0082""]",1.0,True,94.0
100,REAL,BALANCED,Q6K00393,100,48376,94,22.209422,"[""FMOD0029"", ""FMOD0023"", ""FMOD0102"", ""FMOD0119"", ""FMOD0041"", ""FMOD0120"", ""FMOD0036"", ""FMOD0030"", ""FMOD0053"", ""FMOD0035""]",1.0,True,94.0
100,REAL,BALANCED,Q6K00395,100,48376,94,22.986099,"[""FMOD0053"", ""FMOD0069"", ""FMOD0035"", ""FMOD0023"", ""FMOD0029"", ""FMOD0056"", ""FMOD0119"", ""FMOD0036"", ""FMOD0112"", ""FMOD0004""]",1.0,True,94.0
100,REAL,BALANCED,Q6K00396,100,48376,94,23.207406,"[""FMOD0066"", ""FMOD0035"", ""FMOD0023"", ""FMOD0051"", ""FMOD0081"", ""FMOD0029"", ""FMOD0119"", ""FMOD0036"", ""FMOD0102"", ""FMOD0010""]",1.0,True,94.0
100,REAL,BALANCED,Q6K00400,100,48376,93,22.46022,"[""FMOD0023"", ""FMOD0025"", ""FMOD0035"", ""FMOD0069"", ""FMOD0030"", ""FMOD0055"", ""FMOD0078"", ""FMOD0100"", ""FMOD0036"", ""FMOD0056""]",1.0,True,93.0
100,REAL,BALANCED,Q6K00403,100,48376,91,22.502903,"[""FMOD0035"", ""FMOD0033"", ""FMOD0029"", ""FMOD0119"", ""FMOD0120"", ""FMOD0078"", ""FMOD0024"", ""FMOD0080"", ""FMOD0108"", ""FMOD0102""]",1.0,True,91.0
100,REAL,BALANCED,Q6K00405,100,48376,93,21.732621,"[""FMOD0016"", ""FMOD0102"", ""FMOD0031"", ""FMOD0056"", ""FMOD0029"", ""FMOD0023"", ""FMOD0082"", ""FMOD0035"", ""FMOD0065"", ""FMOD0114""]",1.0,True,93.0
100,REAL,BALANCED,Q6K00407,100,48376,82,21.701403,"[""FMOD0005"", ""FMOD0029"", ""FMOD0120"", ""FMOD0069"", ""FMOD0102"", ""FMOD0030"", ""FMOD0079"", ""FMOD0119"", ""FMOD0023"", ""FMOD0020""]",1.0,True,82.0
100,REAL,BALANCED,Q6K00410,100,48376,89,23.044772,"[""FMOD0005"", ""FMOD0030"", ""FMOD0023"", ""FMOD0035"", ""FMOD0055"", ""FMOD0029"", ""FMOD0082"", ""FMOD0089"", ""FMOD0024"", ""FMOD0113""]",1.0,True,89.0
100,REAL,BALANCED,Q6K00417,100,48376,96,22.248231,"[""FMOD0051"", ""FMOD0082"", ""FMOD0081"", ""FMOD0102"", ""FMOD0035"", ""FMOD0067"", ""FMOD0021"", ""FMOD0114"", ""FMOD0065"", ""FMOD0119""]",1.0,True,96.0
100,REAL,BALANCED,Q6K00420,100,48376,94,22.942491,"[""FMOD0036"", ""FMOD0004"", ""FMOD0067"", ""FMOD0119"", ""FMOD0029"", ""FMOD0035"", ""FMOD0079"", ""FMOD0120"", ""FMOD0023"", ""FMOD0055""]",1.0,True,94.0
100,REAL,BALANCED,Q6K00422,100,48376,93,23.185137,"[""FMOD0053"", ""FMOD0083"", ""FMOD0035"", ""FMOD0082"", ""FMOD0023"", ""FMOD0029"", ""FMOD0021"", ""FMOD0081"", ""FMOD0051"", ""FMOD0030""]",1.0,True,93.0
100,REAL,BALANCED,Q6K00423,100,48376,96,21.893482,"[""FMOD0061"", ""FMOD0004"", ""FMOD0086"", ""FMOD0035"", ""FMOD0029"", ""FMOD0010"", ""FMOD0033"", ""FMOD0056"", ""FMOD0014"", ""FMOD0102""]",1.0,True,96.0
100,REAL,BALANCED,Q6K00424,100,48376,91,23.065321,"[""FMOD0053"", ""FMOD0102"", ""FMOD0029"", ""FMOD0082"", ""FMOD0039"", ""FMOD0034"", ""FMOD0023"", ""FMOD0035"", ""FMOD0077"", ""FMOD0114""]",1.0,True,91.0
100,REAL,BALANCED,Q6K00427,100,48376,88,22.58435,"[""FMOD0005"", ""FMOD0081"", ""FMOD0035"", ""FMOD0082"", ""FMOD0055"", ""FMOD0056"", ""FMOD0043"", ""FMOD0034"", ""FMOD0072"", ""FMOD0002""]",1.0,True,88.0
100,REAL,BALANCED,Q6K00435,100,48376,87,22.013031,"[""FMOD0099"", ""FMOD0069"", ""FMOD0029"", ""FMOD0119"", ""FMOD0023"", ""FMOD0035"", ""FMOD0102"", ""FMOD0030"", ""FMOD0120"", ""FMOD0010""]",1.0,True,87.0
100,REAL,BALANCED,Q6K00436,100,48376,96,22.159591,"[""FMOD0099"", ""FMOD0044"", ""FMOD0029"", ""FMOD0030"", ""FMOD0035"", ""FMOD0023"", ""FMOD0119"", ""FMOD0036"", ""FMOD0120"", ""FMOD0069""]",1.0,True,96.0
100,REAL,BALANCED,Q6K00438,100,48376,86,21.61136,"[""FMOD0022"", ""FMOD0055"", ""FMOD0029"", ""FMOD0081"", ""FMOD0082"", ""FMOD0030"", ""FMOD0039"", ""FMOD0023"", ""FMOD0102"", ""FMOD0069""]",1.0,True,86.0
100,REAL,BALANCED,Q6K00442,100,48376,83,22.240008,"[""FMOD0087"", ""FMOD0029"", ""FMOD0081"", ""FMOD0120"", ""FMOD0082"", ""FMOD0056"", ""FMOD0102"", ""FMOD0035"", ""FMOD0079"", ""FMOD0119""]",1.0,True,83.0
100,REAL,BALANCED,Q6K00443,100,48376,93,22.111228,"[""FMOD0035"", ""FMOD0011"", ""FMOD0023"", ""FMOD0041"", ""FMOD0082"", ""FMOD0119"", ""FMOD0102"", ""FMOD0114"", ""FMOD0112"", ""FMOD0079""]",1.0,True,93.0
100,REAL,BALANCED,Q6K00444,100,48376,92,22.217813,"[""FMOD0003"", ""FMOD0022"", ""FMOD0034"", ""FMOD0069"", ""FMOD0120"", ""FMOD0119"", ""FMOD0079"", ""FMOD0102"", ""FMOD0005"", ""FMOD0078""]",1.0,True,92.0
100,REAL,BALANCED,Q6K00446,100,48376,93,22.667451,"[""FMOD0082"", ""FMOD0067"", ""FMOD0060"", ""FMOD0035"", ""FMOD0023"", ""FMOD0101"", ""FMOD0021"", ""FMOD0097"", ""FMOD0022"", ""FMOD0081""]",1.0,True,93.0
100,REAL,BALANCED,Q6K00453,100,48376,95,23.506969,"[""FMOD0044"", ""FMOD0079"", ""FMOD0029"", ""FMOD0114"", ""FMOD0119"", ""FMOD0023"", ""FMOD0102"", ""FMOD0120"", ""FMOD0083"", ""FMOD0035""]",1.0,True,95.0
100,REAL,BALANCED,Q6K00456,100,48376,93,21.906881,"[""FMOD0004"", ""FMOD0016"", ""FMOD0067"", ""FMOD0113"", ""FMOD0052"", ""FMOD0036"", ""FMOD0114"", ""FMOD0029"", ""FMOD0023"", ""FMOD0035""]",1.0,True,93.0
100,REAL,BALANCED,Q6K00458,100,48376,85,22.457982,"[""FMOD0079"", ""FMOD0023"", ""FMOD0016"", ""FMOD0035"", ""FMOD0029"", ""FMOD0030"", ""FMOD0081"", ""FMOD0020"", ""FMOD0102"", ""FMOD0082""]",1.0,False,85.0
100,REAL,BALANCED,Q6K00461,100,48376,92,22.269596,"[""FMOD0001"", ""FMOD0003"", ""FMOD0089"", ""FMOD0030"", ""FMOD0035"", ""FMOD0029"", ""FMOD0051"", ""FMOD0120"", ""FMOD0023"", ""FMOD0036""]",1.0,True,92.0
100,REAL,BALANCED,Q6K00465,100,48376,98,23.051479,"[""FMOD0083"", ""FMOD0096"", ""FMOD0029"", ""FMOD0023"", ""FMOD0036"", ""FMOD0110"", ""FMOD0119"", ""FMOD0035"", ""FMOD0005"", ""FMOD0120""]",1.0,True,98.0
100,REAL,BALANCED,Q6K00470,100,48376,91,22.486631,"[""FMOD0060"", ""FMOD0102"", ""FMOD0029"", ""FMOD0061"", ""FMOD0120"", ""FMOD0119"", ""FMOD0056"", ""FMOD0114"", ""FMOD0069"", ""FMOD0035""]",1.0,True,91.0
100,REAL,BALANCED,Q6K00471,100,48376,91,23.073051,"[""FMOD0025"", ""FMOD0099"", ""FMOD0029"", ""FMOD0024"", ""FMOD0114"", ""FMOD0005"", ""FMOD0014"", ""FMOD0113"", ""FMOD0083"", ""FMOD0120""]",1.0,True,91.0
100,REAL,BALANCED,Q6K00473,100,48376,97,23.074049,"[""FMOD0086"", ""FMOD0079"", ""FMOD0056"", ""FMOD0078"", ""FMOD0097"", ""FMOD0036"", ""FMOD0117"", ""FMOD0083"", ""FMOD0119"", ""FMOD0114""]",1.0,True,97.0
100,REAL,BALANCED,Q6K00479,100,48376,89,21.868546,"[""FMOD0066"", ""FMOD0022"", ""FMOD0034"", ""FMOD0082"", ""FMOD0023"", ""FMOD0035"", ""FMOD0079"", ""FMOD0036"", ""FMOD0029"", ""FMOD0112""]",1.0,True,89.0
100,REAL,BALANCED,Q6K00481,100,48376,94,22.530791,"[""FMOD0035"", ""FMOD0023"", ""FMOD0051"", ""FMOD0081"", ""FMOD0029"", ""FMOD0119"", ""FMOD0102"", ""FMOD0082"", ""FMOD0120"", ""FMOD0036""]",1.0,True,94.0
100,REAL,BALANCED,Q6K00484,100,48376,84,22.332022,"[""FMOD0029"", ""FMOD0035"", ""FMOD0030"", ""FMOD0023"", ""FMOD0119"", ""FMOD0082"", ""FMOD0051"", ""FMOD0120"", ""FMOD0016"", ""FMOD0069""]",1.0,True,84.0
100,REAL,BALANCED,Q6K00485,100,48376,91,22.583121,"[""FMOD0069"", ""FMOD0035"", ""FMOD0023"", ""FMOD0119"", ""FMOD0029"", ""FMOD0056"", ""FMOD0036"", ""FMOD0112"", ""FMOD0067"", ""FMOD0078""]",1.0,True,91.0
100,REAL,BALANCED,Q6K00489,100,48376,91,24.216749,"[""FMOD0080"", ""FMOD0086"", ""FMOD0015"", ""FMOD0107"", ""FMOD0029"", ""FMOD0023"", ""FMOD0119"", ""FMOD0030"", ""FMOD0102"", ""FMOD0069""]",1.0,True,91.0
100,REAL,BALANCED,Q6K00495,100,48376,99,22.671479,"[""FMOD0083"", ""FMOD0096"", ""FMOD0029"", ""FMOD0023"", ""FMOD0119"", ""FMOD0035"", ""FMOD0110"", ""FMOD0069"", ""FMOD0036"", ""FMOD0030""]",1.0,True,99.0
100,REAL,BALANCED,Q6K00498,100,48376,94,23.206043,"[""FMOD0055"", ""FMOD0023"", ""FMOD0069"", ""FMOD0082"", ""FMOD0025"", ""FMOD0100"", ""FMOD0029"", ""FMOD0035"", ""FMOD0102"", ""FMOD0036""]",1.0,False,94.0
100,REAL,BALANCED,Q6K00507,100,48376,88,23.144424,"[""FMOD0082"", ""FMOD0039"", ""FMOD0034"", ""FMOD0023"", ""FMOD0035"", ""FMOD0065"", ""FMOD0016"", ""FMOD0059"", ""FMOD0021"", ""FMOD0030""]",1.0,True,88.0
100,REAL,BALANCED,Q6K00511,100,48376,92,23.056533,"[""FMOD0010"", ""FMOD0030"", ""FMOD0041"", ""FMOD0055"", ""FMOD0029"", ""FMOD0083"", ""FMOD0045"", ""FMOD0025"", ""FMOD0079"", ""FMOD0102""]",1.0,True,92.0
100,REAL,BALANCED,Q6K00512,100,48376,95,23.185631,"[""FMOD0035"", ""FMOD0023"", ""FMOD0119"", ""FMOD0029"", ""FMOD0110"", ""FMOD0108"", ""FMOD0036"", ""FMOD0042"", ""FMOD0107"", ""FMOD0060""]",1.0,True,95.0
100,REAL,BALANCED,Q6K00513,100,48376,98,22.694204,"[""FMOD0029"", ""FMOD0110"", ""FMOD0056"", ""FMOD0023"", ""FMOD0083"", ""FMOD0119"", ""FMOD0112"", ""FMOD0036"", ""FMOD0078"", ""FMOD0114""]",1.0,True,98.0
100,REAL,BALANCED,Q6K00517,100,48376,88,22.536523,"[""FMOD0082"", ""FMOD0021"", ""FMOD0081"", ""FMOD0039"", ""FMOD0034"", ""FMOD0029"", ""FMOD0023"", ""FMOD0119"", ""FMOD0102"", ""FMOD0051""]",1.0,True,88.0
100,REAL,BALANCED,Q6K00518,100,48376,90,24.406251,"[""FMOD0029"", ""FMOD0035"", ""FMOD0102"", ""FMOD0119"", ""FMOD0110"", ""FMOD0096"", ""FMOD0114"", ""FMOD0108"", ""FMOD0018"", ""FMOD0010""]",1.0,True,90.0
100,REAL,BALANCED,Q6K00523,100,48376,89,22.471682,"[""FMOD0082"", ""FMOD0081"", ""FMOD0039"", ""FMOD0034"", ""FMOD0029"", ""FMOD0035"", ""FMOD0119"", ""FMOD0023"", ""FMOD0102"", ""FMOD0051""]",1.0,True,89.0
100,REAL,BALANCED,Q6K00528,100,48376,93,22.426686,"[""FMOD0035"", ""FMOD0023"", ""FMOD0051"", ""FMOD0081"", ""FMOD0029"", ""FMOD0079"", ""FMOD0119"", ""FMOD0082"", ""FMOD0005"", ""FMOD0030""]",1.0,True,93.0
100,REAL,BALANCED,Q6K00530,100,48376,88,22.205105,"[""FMOD0069"", ""FMOD0035"", ""FMOD0023"", ""FMOD0029"", ""FMOD0119"", ""FMOD0056"", ""FMOD0036"", ""FMOD0112"", ""FMOD0067"", ""FMOD0078""]",1.0,True,88.0
100,REAL,BALANCED,Q6K00531,100,48376,87,22.07959,"[""FMOD0082"", ""FMOD0081"", ""FMOD0029"", ""FMOD0035"", ""FMOD0023"", ""FMOD0119"", ""FMOD0034"", ""FMOD0102"", ""FMOD0030"", ""FMOD0065""]",1.0,True,87.0
100,REAL,BALANCED,Q6K00533,100,48376,91,22.351608,"[""FMOD0029"", ""FMOD0119"", ""FMOD0023"", ""FMOD0030"", ""FMOD0036"", ""FMOD0035"", ""FMOD0114"", ""FMOD0102"", ""FMOD0120"", ""FMOD0110""]",1.0,True,91.0
100,REAL,BALANCED,Q6K00535,100,48376,93,19.896417,"[""FMOD0035"", ""FMOD0118"", ""FMOD0102"", ""FMOD0069"", ""FMOD0029"", ""FMOD0030"", ""FMOD0036"", ""FMOD0079"", ""FMOD0120"", ""FMOD0041""]",1.0,True,93.0
100,REAL,BALANCED,Q6K00537,100,48376,93,23.976245,"[""FMOD0055"", ""FMOD0023"", ""FMOD0069"", ""FMOD0025"", ""FMOD0082"", ""FMOD0100"", ""FMOD0029"", ""FMOD0119"", ""FMOD0036"", ""FMOD0035""]",1.0,False,93.0
100,REAL,BALANCED,Q6K00538,100,48376,88,24.790088,"[""FMOD0055"", ""FMOD0023"", ""FMOD0069"", ""FMOD0025"", ""FMOD0082"", ""FMOD0100"", ""FMOD0029"", ""FMOD0035"", ""FMOD0114"", ""FMOD0119""]",1.0,True,88.0
100,REAL,HIGH_RECALL,Q6K00183,100,48376,100,22.845076,"[""FMOD0023"", ""FMOD0029"", ""FMOD0081"", ""FMOD0036"", ""FMOD0114"", ""FMOD0119"", ""FMOD0035"", ""FMOD0082"", ""FMOD0030"", ""FMOD0120""]",1.0,True,100.0
100,REAL,HIGH_RECALL,Q6K00184,100,48376,99,22.876573,"[""FMOD0004"", ""FMOD0067"", ""FMOD0113"", ""FMOD0052"", ""FMOD0036"", ""FMOD0114"", ""FMOD0056"", ""FMOD0101"", ""FMOD0110"", ""FMOD0081""]",1.0,True,99.0
100,REAL,HIGH_RECALL,Q6K00193,100,48376,100,22.33537,"[""FMOD0025"", ""FMOD0069"", ""FMOD0023"", ""FMOD0029"", ""FMOD0056"", ""FMOD0055"", ""FMOD0114"", ""FMOD0078"", ""FMOD0096"", ""FMOD0080""]",1.0,True,100.0
100,REAL,HIGH_RECALL,Q6K00195,100,48376,99,23.231803,"[""FMOD0061"", ""FMOD0083"", ""FMOD0029"", ""FMOD0056"", ""FMOD0102"", ""FMOD0091"", ""FMOD0023"", ""FMOD0081"", ""FMOD0114"", ""FMOD0030""]",1.0,True,99.0
100,REAL,HIGH_RECALL,Q6K00197,100,48376,100,22.959126,"[""FMOD0069"", ""FMOD0029"", ""FMOD0102"", ""FMOD0114"", ""FMOD0030"", ""FMOD0119"", ""FMOD0005"", ""FMOD0120"", ""FMOD0033"", ""FMOD0036""]",1.0,True,100.0
100,REAL,HIGH_RECALL,Q6K00199,100,48376,100,22.792902,"[""FMOD0067"", ""FMOD0069"", ""FMOD0029"", ""FMOD0102"", ""FMOD0119"", ""FMOD0056"", ""FMOD0120"", ""FMOD0030"", ""FMOD0026"", ""FMOD0023""]",1.0,True,100.0
100,REAL,HIGH_RECALL,Q6K00200,100,48376,99,22.449998,"[""FMOD0051"", ""FMOD0023"", ""FMOD0029"", ""FMOD0035"", ""FMOD0016"", ""FMOD0081"", ""FMOD0120"", ""FMOD0082"", ""FMOD0079"", ""FMOD0020""]",1.0,True,99.0
100,REAL,HIGH_RECALL,Q6K00201,100,48376,100,22.700327,"[""FMOD0066"", ""FMOD0055"", ""FMOD0030"", ""FMOD0029"", ""FMOD0010"", ""FMOD0041"", ""FMOD0036"", ""FMOD0102"", ""FMOD0112"", ""FMOD0120""]",1.0,True,100.0
100,REAL,HIGH_RECALL,Q6K00205,100,48376,100,22.47788,"[""FMOD0051"", ""FMOD0023"", ""FMOD0035"", ""FMOD0020"", ""FMOD0016"", ""FMOD0081"", ""FMOD0119"", ""FMOD0029"", ""FMOD0065"", ""FMOD0114""]",1.0,True,100.0
100,REAL,HIGH_RECALL,Q6K00206,100,48376,100,22.811408,"[""FMOD0016"", ""FMOD0102"", ""FMOD0031"", ""FMOD0029"", ""FMOD0023"", ""FMOD0035"", ""FMOD0082"", ""FMOD0065"", ""FMOD0114"", ""FMOD0033""]",1.0,True,100.0
100,REAL,HIGH_RECALL,Q6K00207,100,48376,99,22.636905,"[""FMOD0023"", ""FMOD0029"", ""FMOD0035"", ""FMOD0120"", ""FMOD0102"", ""FMOD0069"", ""FMOD0119"", ""FMOD0077"", ""FMOD0082"", ""FMOD0110""]",1.0,True,99.0
100,REAL,HIGH_RECALL,Q6K00208,100,48376,100,22.920516,"[""FMOD0102"", ""FMOD0079"", ""FMOD0023"", ""FMOD0030"", ""FMOD0029"", ""FMOD0055"", ""FMOD0035"", ""FMOD0082"", ""FMOD0036"", ""FMOD0014""]",1.0,True,100.0
100,REAL,HIGH_RECALL,Q6K00212,100,48376,99,26.367031,"[""FMOD0060"", ""FMOD0029"", ""FMOD0023"", ""FMOD0082"", ""FMOD0075"", ""FMOD0096"", ""FMOD0102"", ""FMOD0056"", ""FMOD0036"", ""FMOD0081""]",1.0,True,99.0
100,REAL,HIGH_RECALL,Q6K00216,100,48376,99,23.373032,"[""FMOD0016"", ""FMOD0029"", ""FMOD0035"", ""FMOD0023"", ""FMOD0081"", ""FMOD0079"", ""FMOD0119"", ""FMOD0102"", ""FMOD0114"", ""FMOD0056""]",1.0,True,99.0
100,REAL,HIGH_RECALL,Q6K00227,100,48376,99,22.735192,"[""FMOD0096"", ""FMOD0029"", ""FMOD0023"", ""FMOD0120"", ""FMOD0119"", ""FMOD0035"", ""FMOD0056"", ""FMOD0113"", ""FMOD0069"", ""FMOD0025""]",1.0,True,99.0
100,REAL,HIGH_RECALL,Q6K00232,100,48376,100,23.004688,"[""FMOD0060"", ""FMOD0029"", ""FMOD0023"", ""FMOD0086"", ""FMOD0056"", ""FMOD0043"", ""FMOD0110"", ""FMOD0044"", ""FMOD0036"", ""FMOD0075""]",1.0,True,100.0
100,REAL,HIGH_RECALL,Q6K00235,100,48376,99,23.704821,"[""FMOD0096"", ""FMOD0114"", ""FMOD0029"", ""FMOD0120"", ""FMOD0119"", ""FMOD0023"", ""FMOD0035"", ""FMOD0056"", ""FMOD0069"", ""FMOD0030""]",1.0,True,99.0
100,REAL,HIGH_RECALL,Q6K00236,100,48376,99,33.872543,"[""FMOD0036"", ""FMOD0119"", ""FMOD0079"", ""FMOD0120"", ""FMOD0056"", ""FMOD0086"", ""FMOD0082"", ""FMOD0091"", ""FMOD0029"", ""FMOD0102""]",1.0,True,99.0
100,REAL,HIGH_RECALL,Q6K00237,100,48376,100,25.256004,"[""FMOD0067"", ""FMOD0029"", ""FMOD0119"", ""FMOD0120"", ""FMOD0023"", ""FMOD0102"", ""FMOD0056"", ""FMOD0082"", ""FMOD0110"", ""FMOD0069""]",1.0,True,100.0
100,REAL,HIGH_RECALL,Q6K00240,100,48376,100,23.797791,"[""FMOD0069"", ""FMOD0029"", ""FMOD0110"", ""FMOD0104"", ""FMOD0035"", ""FMOD0119"", ""FMOD0043"", ""FMOD0023"", ""FMOD0102"", ""FMOD0083""]",1.0,True,100.0
100,REAL,HIGH_RECALL,Q6K00247,100,48376,100,25.455607,"[""FMOD0069"", ""FMOD0060"", ""FMOD0119"", ""FMOD0029"", ""FMOD0023"", ""FMOD0083"", ""FMOD0025"", ""FMOD0110"", ""FMOD0079"", ""FMOD0003""]",1.0,True,100.0
100,REAL,HIGH_RECALL,Q6K00251,100,48376,100,23.405191,"[""FMOD0044"", ""FMOD0067"", ""FMOD0119"", ""FMOD0029"", ""FMOD0023"", ""FMOD0120"", ""FMOD0113"", ""FMOD0086"", ""FMOD0035"", ""FMOD0030""]",1.0,True,100.0
100,REAL,HIGH_RECALL,Q6K00252,100,48376,99,22.839778,"[""FMOD0043"", ""FMOD0086"", ""FMOD0035"", ""FMOD0023"", ""FMOD0102"", ""FMOD0029"", ""FMOD0096"", ""FMOD0069"", ""FMOD0079"", ""FMOD0024""]",1.0,True,99.0
100,REAL,HIGH_RECALL,Q6K00258,100,48376,100,22.21695,"[""FMOD0096"", ""FMOD0001"", ""FMOD0029"", ""FMOD0041"", ""FMOD0035"", ""FMOD0030"", ""FMOD0056"", ""FMOD0120"", ""FMOD0069"", ""FMOD0119""]",1.0,True,100.0
100,REAL,HIGH_RECALL,Q6K00259,100,48376,99,22.822447,"[""FMOD0043"", ""FMOD0089"", ""FMOD0035"", ""FMOD0102"", ""FMOD0096"", ""FMOD0023"", ""FMOD0029"", ""FMOD0069"", ""FMOD0079"", ""FMOD0024""]",1.0,True,99.0
100,REAL,HIGH_RECALL,Q6K00262,100,48376,100,23.119614,"[""FMOD0069"", ""FMOD0060"", ""FMOD0023"", ""FMOD0025"", ""FMOD0055"", ""FMOD0082"", ""FMOD0100"", ""FMOD0029"", ""FMOD0102"", ""FMOD0119""]",1.0,True,100.0
100,REAL,HIGH_RECALL,Q6K00264,100,48376,100,23.002604,"[""FMOD0043"", ""FMOD0066"", ""FMOD0035"", ""FMOD0056"", ""FMOD0081"", ""FMOD0082"", ""FMOD0030"", ""FMOD0119"", ""FMOD0023"", ""FMOD0029""]",1.0,True,100.0
100,REAL,HIGH_RECALL,Q6K00267,100,48376,100,22.659433,"[""FMOD0022"", ""FMOD0069"", ""FMOD0034"", ""FMOD0082"", ""FMOD0023"", ""FMOD0055"", ""FMOD0025"", ""FMOD0100"", ""FMOD0072"", ""FMOD0035""]",1.0,True,100.0
100,REAL,HIGH_RECALL,Q6K00268,100,48376,98,22.955945,"[""FMOD0077"", ""FMOD0050"", ""FMOD0055"", ""FMOD0083"", ""FMOD0005"", ""FMOD0035"", ""FMOD0114"", ""FMOD0029"", ""FMOD0033"", ""FMOD0069""]",1.0,True,98.0
100,REAL,HIGH_RECALL,Q6K00271,100,48376,99,24.057806,"[""FMOD0086"", ""FMOD0050"", ""FMOD0044"", ""FMOD0120"", ""FMOD0029"", ""FMOD0036"", ""FMOD0077"", ""FMOD0069"", ""FMOD0102"", ""FMOD0005""]",1.0,True,99.0
100,REAL,HIGH_RECALL,Q6K00273,100,48376,99,24.800224,"[""FMOD0023"", ""FMOD0043"", ""FMOD0119"", ""FMOD0079"", ""FMOD0029"", ""FMOD0102"", ""FMOD0056"", ""FMOD0005"", ""FMOD0030"", ""FMOD0075""]",1.0,True,99.0
100,REAL,HIGH_RECALL,Q6K00274,100,48376,100,24.689701,"[""FMOD0004"", ""FMOD0044"", ""FMOD0067"", ""FMOD0113"", ""FMOD0052"", ""FMOD0036"", ""FMOD0114"", ""FMOD0056"", ""FMOD0110"", ""FMOD0035""]",1.0,True,100.0
100,REAL,HIGH_RECALL,Q6K00275,100,48376,98,23.162457,"[""FMOD0086"", ""FMOD0074"", ""FMOD0050"", ""FMOD0029"", ""FMOD0056"", ""FMOD0102"", ""FMOD0035"", ""FMOD0024"", ""FMOD0114"", ""FMOD0043""]",1.0,True,98.0
100,REAL,HIGH_RECALL,Q6K00283,100,48376,99,22.092732,"[""FMOD0036"", ""FMOD0035"", ""FMOD0029"", ""FMOD0023"", ""FMOD0120"", ""FMOD0119"", ""FMOD0079"", ""FMOD0102"", ""FMOD0069"", ""FMOD0082""]",1.0,True,99.0
100,REAL,HIGH_RECALL,Q6K00287,100,48376,100,22.876018,"[""FMOD0003"", ""FMOD0089"", ""FMOD0004"", ""FMOD0063"", ""FMOD0067"", ""FMOD0014"", ""FMOD0113"", ""FMOD0052"", ""FMOD0036"", ""FMOD0114""]",1.0,True,100.0
100,REAL,HIGH_RECALL,Q6K00293,100,48376,100,22.660263,"[""FMOD0074"", ""FMOD0043"", ""FMOD0035"", ""FMOD0029"", ""FMOD0023"", ""FMOD0069"", ""FMOD0102"", ""FMOD0096"", ""FMOD0079"", ""FMOD0024""]",1.0,True,100.0
100,REAL,HIGH_RECALL,Q6K00295,100,48376,100,22.867893,"[""FMOD0066"", ""FMOD0043"", ""FMOD0102"", ""FMOD0029"", ""FMOD0023"", ""FMOD0069"", ""FMOD0035"", ""FMOD0096"", ""FMOD0079"", ""FMOD0119""]",1.0,True,100.0
100,REAL,HIGH_RECALL,Q6K00296,100,48376,99,22.445363,"[""FMOD0060"", ""FMOD0066"", ""FMOD0029"", ""FMOD0102"", ""FMOD0056"", ""FMOD0035"", ""FMOD0010"", ""FMOD0110"", ""FMOD0036"", ""FMOD0055""]",1.0,True,99.0
100,REAL,HIGH_RECALL,Q6K00298,100,48376,99,23.68289,"[""FMOD0074"", ""FMOD0036"", ""FMOD0079"", ""FMOD0119"", ""FMOD0120"", ""FMOD0017"", ""FMOD0091"", ""FMOD0056"", ""FMOD0023"", ""FMOD0083""]",1.0,True,99.0
100,REAL,HIGH_RECALL,Q6K00299,100,48376,99,22.547569,"[""FMOD0040"", ""FMOD0089"", ""FMOD0029"", ""FMOD0035"", ""FMOD0079"", ""FMOD0081"", ""FMOD0030"", ""FMOD0055"", ""FMOD0023"", ""FMOD0056""]",1.0,True,99.0
100,REAL,HIGH_RECALL,Q6K00304,100,48376,99,22.572887,"[""FMOD0077"", ""FMOD0083"", ""FMOD0087"", ""FMOD0023"", ""FMOD0069"", ""FMOD0056"", ""FMOD0020"", ""FMOD0055"", ""FMOD0102"", ""FMOD0025""]",1.0,True,99.0
100,REAL,HIGH_RECALL,Q6K00310,100,48376,100,23.339301,"[""FMOD0074"", ""FMOD0005"", ""FMOD0022"", ""FMOD0034"", ""FMOD0035"", ""FMOD0053"", ""FMOD0114"", ""FMOD0029"", ""FMOD0033"", ""FMOD0023""]",1.0,True,100.0
100,REAL,HIGH_RECALL,Q6K00313,100,48376,99,22.547707,"[""FMOD0061"", ""FMOD0069"", ""FMOD0083"", ""FMOD0066"", ""FMOD0114"", ""FMOD0029"", ""FMOD0036"", ""FMOD0033"", ""FMOD0030"", ""FMOD0120""]",1.0,True,99.0
100,REAL,HIGH_RECALL,Q6K00317,100,48376,100,22.601628,"[""FMOD0061"", ""FMOD0089"", ""FMOD0096"", ""FMOD0036"", ""FMOD0029"", ""FMOD0079"", ""FMOD0035"", ""FMOD0055"", ""FMOD0083"", ""FMOD0110""]",1.0,True,100.0
100,REAL,HIGH_RECALL,Q6K00318,100,48376,100,22.567172,"[""FMOD0086"", ""FMOD0004"", ""FMOD0050"", ""FMOD0082"", ""FMOD0067"", ""FMOD0035"", ""FMOD0114"", ""FMOD0053"", ""FMOD0081"", ""FMOD0110""]",1.0,True,100.0
100,REAL,HIGH_RECALL,Q6K00325,100,48376,99,22.68366,"[""FMOD0086"", ""FMOD0023"", ""FMOD0050"", ""FMOD0044"", ""FMOD0029"", ""FMOD0035"", ""FMOD0030"", ""FMOD0069"", ""FMOD0043"", ""FMOD0082""]",1.0,True,99.0
100,REAL,HIGH_RECALL,Q6K00326,100,48376,99,23.084855,"[""FMOD0099"", ""FMOD0055"", ""FMOD0066"", ""FMOD0036"", ""FMOD0010"", ""FMOD0102"", ""FMOD0056"", ""FMOD0112"", ""FMOD0029"", ""FMOD0023""]",1.0,True,99.0
100,REAL,HIGH_RECALL,Q6K00327,100,48376,97,22.925872,"[""FMOD0016"", ""FMOD0051"", ""FMOD0055"", ""FMOD0114"", ""FMOD0075"", ""FMOD0081"", ""FMOD0035"", ""FMOD0077"", ""FMOD0023"", ""FMOD0029""]",1.0,True,97.0
100,REAL,HIGH_RECALL,Q6K00332,100,48376,100,22.875787,"[""FMOD0044"", ""FMOD0035"", ""FMOD0029"", ""FMOD0069"", ""FMOD0030"", ""FMOD0086"", ""FMOD0120"", ""FMOD0119"", ""FMOD0041"", ""FMOD0050""]",1.0,True,100.0
100,REAL,HIGH_RECALL,Q6K00333,100,48376,99,22.930818,"[""FMOD0069"", ""FMOD0044"", ""FMOD0011"", ""FMOD0119"", ""FMOD0029"", ""FMOD0083"", ""FMOD0025"", ""FMOD0079"", ""FMOD0110"", ""FMOD0035""]",1.0,True,99.0
100,REAL,HIGH_RECALL,Q6K00336,100,48376,98,22.635163,"[""FMOD0014"", ""FMOD0023"", ""FMOD0079"", ""FMOD0035"", ""FMOD0082"", ""FMOD0081"", ""FMOD0029"", ""FMOD0120"", ""FMOD0119"", ""FMOD0102""]",1.0,True,98.0
100,REAL,HIGH_RECALL,Q6K00338,100,48376,99,23.190288,"[""FMOD0074"", ""FMOD0067"", ""FMOD0003"", ""FMOD0056"", ""FMOD0029"", ""FMOD0119"", ""FMOD0035"", ""FMOD0081"", ""FMOD0004"", ""FMOD0082""]",1.0,True,99.0
100,REAL,HIGH_RECALL,Q6K00340,100,48376,99,22.717205,"[""FMOD0025"", ""FMOD0011"", ""FMOD0089"", ""FMOD0029"", ""FMOD0023"", ""FMOD0030"", ""FMOD0069"", ""FMOD0035"", ""FMOD0119"", ""FMOD0041""]",1.0,True,99.0
100,REAL,HIGH_RECALL,Q6K00342,100,48376,99,22.710565,"[""FMOD0087"", ""FMOD0053"", ""FMOD0114"", ""FMOD0023"", ""FMOD0052"", ""FMOD0040"", ""FMOD0069"", ""FMOD0029"", ""FMOD0002"", ""FMOD0056""]",1.0,True,99.0
100,REAL,HIGH_RECALL,Q6K00343,100,48376,100,22.880123,"[""FMOD0087"", ""FMOD0016"", ""FMOD0041"", ""FMOD0055"", ""FMOD0030"", ""FMOD0029"", ""FMOD0023"", ""FMOD0081"", ""FMOD0102"", ""FMOD0056""]",1.0,True,100.0
100,REAL,HIGH_RECALL,Q6K00344,100,48376,100,22.74025,"[""FMOD0023"", ""FMOD0025"", ""FMOD0043"", ""FMOD0069"", ""FMOD0029"", ""FMOD0030"", ""FMOD0082"", ""FMOD0055"", ""FMOD0035"", ""FMOD0040""]",1.0,True,100.0
100,REAL,HIGH_RECALL,Q6K00351,100,48376,99,23.446388,"[""FMOD0005"", ""FMOD0099"", ""FMOD0022"", ""FMOD0034"", ""FMOD0082"", ""FMOD0055"", ""FMOD0029"", ""FMOD0020"", ""FMOD0119"", ""FMOD0030""]",1.0,True,99.0
100,REAL,HIGH_RECALL,Q6K00355,100,48376,99,22.982384,"[""FMOD0043"", ""FMOD0023"", ""FMOD0035"", ""FMOD0077"", ""FMOD0016"", ""FMOD0029"", ""FMOD0102"", ""FMOD0119"", ""FMOD0069"", ""FMOD0030""]",1.0,True,99.0
100,REAL,HIGH_RECALL,Q6K00359,100,48376,100,22.393861,"[""FMOD0086"", ""FMOD0087"", ""FMOD0044"", ""FMOD0081"", ""FMOD0039"", ""FMOD0056"", ""FMOD0097"", ""FMOD0029"", ""FMOD0079"", ""FMOD0102""]",1.0,True,100.0
100,REAL,HIGH_RECALL,Q6K00360,100,48376,100,23.090229,"[""FMOD0066"", ""FMOD0060"", ""FMOD0043"", ""FMOD0082"", ""FMOD0030"", ""FMOD0035"", ""FMOD0081"", ""FMOD0010"", ""FMOD0055"", ""FMOD0112""]",1.0,True,100.0
100,REAL,HIGH_RECALL,Q6K00363,100,48376,100,22.704708,"[""FMOD0066"", ""FMOD0029"", ""FMOD0102"", ""FMOD0056"", ""FMOD0119"", ""FMOD0114"", ""FMOD0069"", ""FMOD0120"", ""FMOD0035"", ""FMOD0023""]",1.0,True,100.0
100,REAL,HIGH_RECALL,Q6K00365,100,48376,100,23.310191,"[""FMOD0087"", ""FMOD0029"", ""FMOD0035"", ""FMOD0023"", ""FMOD0065"", ""FMOD0016"", ""FMOD0119"", ""FMOD0039"", ""FMOD0036"", ""FMOD0114""]",1.0,True,100.0
100,REAL,HIGH_RECALL,Q6K00372,100,48376,99,22.558647,"[""FMOD0023"", ""FMOD0035"", ""FMOD0020"", ""FMOD0016"", ""FMOD0051"", ""FMOD0029"", ""FMOD0030"", ""FMOD0119"", ""FMOD0102"", ""FMOD0069""]",1.0,True,99.0
100,REAL,HIGH_RECALL,Q6K00375,100,48376,100,22.800364,"[""FMOD0099"", ""FMOD0023"", ""FMOD0069"", ""FMOD0025"", ""FMOD0055"", ""FMOD0082"", ""FMOD0029"", ""FMOD0083"", ""FMOD0119"", ""FMOD0035""]",1.0,True,100.0
100,REAL,HIGH_RECALL,Q6K00377,100,48376,100,23.17684,"[""FMOD0082"", ""FMOD0022"", ""FMOD0023"", ""FMOD0069"", ""FMOD0055"", ""FMOD0025"", ""FMOD0100"", ""FMOD0034"", ""FMOD0029"", ""FMOD0119""]",1.0,True,100.0
100,REAL,HIGH_RECALL,Q6K00378,100,48376,100,22.505751,"[""FMOD0010"", ""FMOD0023"", ""FMOD0030"", ""FMOD0041"", ""FMOD0055"", ""FMOD0029"", ""FMOD0083"", ""FMOD0025"", ""FMOD0045"", ""FMOD0079""]",1.0,True,100.0
100,REAL,HIGH_RECALL,Q6K00380,100,48376,98,22.831911,"[""FMOD0023"", ""FMOD0029"", ""FMOD0030"", ""FMOD0035"", ""FMOD0082"", ""FMOD0119"", ""FMOD0102"", ""FMOD0110"", ""FMOD0036"", ""FMOD0120""]",1.0,True,98.0
100,REAL,HIGH_RECALL,Q6K00384,100,48376,99,22.133165,"[""FMOD0083"", ""FMOD0029"", ""FMOD0069"", ""FMOD0086"", ""FMOD0035"", ""FMOD0120"", ""FMOD0056"", ""FMOD0030"", ""FMOD0119"", ""FMOD0005""]",1.0,True,99.0
100,REAL,HIGH_RECALL,Q6K00389,100,48376,99,22.371557,"[""FMOD0055"", ""FMOD0034"", ""FMOD0039"", ""FMOD0065"", ""FMOD0023"", ""FMOD0082"", ""FMOD0035"", ""FMOD0029"", ""FMOD0030"", ""FMOD0079""]",1.0,True,99.0
100,REAL,HIGH_RECALL,Q6K00390,100,48376,100,23.151636,"[""FMOD0023"", ""FMOD0102"", ""FMOD0029"", ""FMOD0119"", ""FMOD0120"", ""FMOD0114"", ""FMOD0069"", ""FMOD0035"", ""FMOD0056"", ""FMOD0082""]",1.0,True,100.0
100,REAL,HIGH_RECALL,Q6K00393,100,48376,99,23.088437,"[""FMOD0029"", ""FMOD0023"", ""FMOD0102"", ""FMOD0119"", ""FMOD0041"", ""FMOD0120"", ""FMOD0036"", ""FMOD0030"", ""FMOD0053"", ""FMOD0035""]",1.0,True,99.0
100,REAL,HIGH_RECALL,Q6K00395,100,48376,99,22.488079,"[""FMOD0053"", ""FMOD0069"", ""FMOD0035"", ""FMOD0023"", ""FMOD0029"", ""FMOD0056"", ""FMOD0119"", ""FMOD0036"", ""FMOD0112"", ""FMOD0004""]",1.0,True,99.0
100,REAL,HIGH_RECALL,Q6K00396,100,48376,99,22.529839,"[""FMOD0066"", ""FMOD0035"", ""FMOD0023"", ""FMOD0051"", ""FMOD0081"", ""FMOD0029"", ""FMOD0119"", ""FMOD0036"", ""FMOD0102"", ""FMOD0010""]",1.0,True,99.0
100,REAL,HIGH_RECALL,Q6K00400,100,48376,100,22.233964,"[""FMOD0023"", ""FMOD0025"", ""FMOD0035"", ""FMOD0069"", ""FMOD0030"", ""FMOD0055"", ""FMOD0078"", ""FMOD0100"", ""FMOD0036"", ""FMOD0056""]",1.0,True,100.0
100,REAL,HIGH_RECALL,Q6K00403,100,48376,100,24.097212,"[""FMOD0035"", ""FMOD0033"", ""FMOD0029"", ""FMOD0119"", ""FMOD0120"", ""FMOD0078"", ""FMOD0024"", ""FMOD0080"", ""FMOD0108"", ""FMOD0102""]",1.0,True,100.0
100,REAL,HIGH_RECALL,Q6K00405,100,48376,100,22.991411,"[""FMOD0016"", ""FMOD0102"", ""FMOD0031"", ""FMOD0056"", ""FMOD0029"", ""FMOD0023"", ""FMOD0082"", ""FMOD0035"", ""FMOD0065"", ""FMOD0114""]",1.0,True,100.0
100,REAL,HIGH_RECALL,Q6K00407,100,48376,99,22.703736,"[""FMOD0005"", ""FMOD0029"", ""FMOD0120"", ""FMOD0069"", ""FMOD0102"", ""FMOD0030"", ""FMOD0079"", ""FMOD0119"", ""FMOD0023"", ""FMOD0020""]",1.0,True,99.0
100,REAL,HIGH_RECALL,Q6K00410,100,48376,99,22.592111,"[""FMOD0005"", ""FMOD0030"", ""FMOD0023"", ""FMOD0035"", ""FMOD0055"", ""FMOD0029"", ""FMOD0082"", ""FMOD0089"", ""FMOD0024"", ""FMOD0113""]",1.0,True,99.0
100,REAL,HIGH_RECALL,Q6K00417,100,48376,100,22.728597,"[""FMOD0051"", ""FMOD0082"", ""FMOD0081"", ""FMOD0102"", ""FMOD0035"", ""FMOD0067"", ""FMOD0021"", ""FMOD0114"", ""FMOD0065"", ""FMOD0119""]",1.0,True,100.0
100,REAL,HIGH_RECALL,Q6K00420,100,48376,99,24.311322,"[""FMOD0036"", ""FMOD0004"", ""FMOD0067"", ""FMOD0119"", ""FMOD0029"", ""FMOD0035"", ""FMOD0079"", ""FMOD0120"", ""FMOD0023"", ""FMOD0055""]",1.0,True,99.0
100,REAL,HIGH_RECALL,Q6K00422,100,48376,99,23.26411,"[""FMOD0053"", ""FMOD0083"", ""FMOD0035"", ""FMOD0082"", ""FMOD0023"", ""FMOD0029"", ""FMOD0021"", ""FMOD0081"", ""FMOD0051"", ""FMOD0030""]",1.0,True,99.0
100,REAL,HIGH_RECALL,Q6K00423,100,48376,99,24.018894,"[""FMOD0061"", ""FMOD0004"", ""FMOD0086"", ""FMOD0035"", ""FMOD0029"", ""FMOD0010"", ""FMOD0033"", ""FMOD0056"", ""FMOD0014"", ""FMOD0102""]",1.0,True,99.0
100,REAL,HIGH_RECALL,Q6K00424,100,48376,99,22.968365,"[""FMOD0053"", ""FMOD0102"", ""FMOD0029"", ""FMOD0082"", ""FMOD0039"", ""FMOD0034"", ""FMOD0023"", ""FMOD0035"", ""FMOD0077"", ""FMOD0114""]",1.0,True,99.0
100,REAL,HIGH_RECALL,Q6K00427,100,48376,99,22.776657,"[""FMOD0005"", ""FMOD0081"", ""FMOD0035"", ""FMOD0082"", ""FMOD0055"", ""FMOD0056"", ""FMOD0043"", ""FMOD0034"", ""FMOD0072"", ""FMOD0002""]",1.0,True,99.0
100,REAL,HIGH_RECALL,Q6K00435,100,48376,100,22.958119,"[""FMOD0099"", ""FMOD0069"", ""FMOD0029"", ""FMOD0119"", ""FMOD0023"", ""FMOD0035"", ""FMOD0102"", ""FMOD0030"", ""FMOD0120"", ""FMOD0010""]",1.0,True,100.0
100,REAL,HIGH_RECALL,Q6K00436,100,48376,100,22.836523,"[""FMOD0099"", ""FMOD0044"", ""FMOD0029"", ""FMOD0030"", ""FMOD0035"", ""FMOD0023"", ""FMOD0119"", ""FMOD0036"", ""FMOD0120"", ""FMOD0069""]",1.0,True,100.0
100,REAL,HIGH_RECALL,Q6K00438,100,48376,98,22.369112,"[""FMOD0022"", ""FMOD0055"", ""FMOD0029"", ""FMOD0081"", ""FMOD0082"", ""FMOD0030"", ""FMOD0039"", ""FMOD0023"", ""FMOD0102"", ""FMOD0069""]",1.0,True,98.0
100,REAL,HIGH_RECALL,Q6K00442,100,48376,100,22.805536,"[""FMOD0087"", ""FMOD0029"", ""FMOD0081"", ""FMOD0120"", ""FMOD0082"", ""FMOD0056"", ""FMOD0102"", ""FMOD0035"", ""FMOD0079"", ""FMOD0119""]",1.0,True,100.0
100,REAL,HIGH_RECALL,Q6K00443,100,48376,100,22.939291,"[""FMOD0035"", ""FMOD0011"", ""FMOD0023"", ""FMOD0041"", ""FMOD0082"", ""FMOD0119"", ""FMOD0102"", ""FMOD0114"", ""FMOD0112"", ""FMOD0079""]",1.0,True,100.0
100,REAL,HIGH_RECALL,Q6K00444,100,48376,99,23.099951,"[""FMOD0003"", ""FMOD0022"", ""FMOD0034"", ""FMOD0069"", ""FMOD0120"", ""FMOD0119"", ""FMOD0079"", ""FMOD0102"", ""FMOD0005"", ""FMOD0078""]",1.0,True,99.0
100,REAL,HIGH_RECALL,Q6K00446,100,48376,98,23.149817,"[""FMOD0082"", ""FMOD0067"", ""FMOD0060"", ""FMOD0035"", ""FMOD0023"", ""FMOD0101"", ""FMOD0021"", ""FMOD0097"", ""FMOD0022"", ""FMOD0081""]",1.0,True,98.0
100,REAL,HIGH_RECALL,Q6K00453,100,48376,100,22.911777,"[""FMOD0044"", ""FMOD0079"", ""FMOD0029"", ""FMOD0114"", ""FMOD0119"", ""FMOD0023"", ""FMOD0102"", ""FMOD0120"", ""FMOD0083"", ""FMOD0035""]",1.0,True,100.0
100,REAL,HIGH_RECALL,Q6K00456,100,48376,100,22.769276,"[""FMOD0004"", ""FMOD0016"", ""FMOD0067"", ""FMOD0113"", ""FMOD0052"", ""FMOD0036"", ""FMOD0114"", ""FMOD0029"", ""FMOD0023"", ""FMOD0035""]",1.0,True,100.0
100,REAL,HIGH_RECALL,Q6K00458,100,48376,100,23.093406,"[""FMOD0079"", ""FMOD0023"", ""FMOD0016"", ""FMOD0035"", ""FMOD0030"", ""FMOD0029"", ""FMOD0081"", ""FMOD0020"", ""FMOD0102"", ""FMOD0082""]",1.0,True,100.0
100,REAL,HIGH_RECALL,Q6K00461,100,48376,99,23.455575,"[""FMOD0001"", ""FMOD0003"", ""FMOD0089"", ""FMOD0030"", ""FMOD0035"", ""FMOD0029"", ""FMOD0051"", ""FMOD0120"", ""FMOD0023"", ""FMOD0036""]",1.0,True,99.0
100,REAL,HIGH_RECALL,Q6K00465,100,48376,100,23.360774,"[""FMOD0083"", ""FMOD0096"", ""FMOD0029"", ""FMOD0023"", ""FMOD0036"", ""FMOD0110"", ""FMOD0119"", ""FMOD0035"", ""FMOD0005"", ""FMOD0120""]",1.0,True,100.0
100,REAL,HIGH_RECALL,Q6K00470,100,48376,98,23.73004,"[""FMOD0060"", ""FMOD0102"", ""FMOD0029"", ""FMOD0061"", ""FMOD0120"", ""FMOD0119"", ""FMOD0056"", ""FMOD0114"", ""FMOD0069"", ""FMOD0035""]",1.0,True,98.0
100,REAL,HIGH_RECALL,Q6K00471,100,48376,99,23.362847,"[""FMOD0025"", ""FMOD0099"", ""FMOD0029"", ""FMOD0024"", ""FMOD0114"", ""FMOD0005"", ""FMOD0014"", ""FMOD0113"", ""FMOD0083"", ""FMOD0120""]",1.0,True,99.0
100,REAL,HIGH_RECALL,Q6K00473,100,48376,100,23.843379,"[""FMOD0086"", ""FMOD0079"", ""FMOD0056"", ""FMOD0078"", ""FMOD0097"", ""FMOD0036"", ""FMOD0117"", ""FMOD0083"", ""FMOD0119"", ""FMOD0114""]",1.0,True,100.0
100,REAL,HIGH_RECALL,Q6K00479,100,48376,99,24.74806,"[""FMOD0066"", ""FMOD0022"", ""FMOD0034"", ""FMOD0082"", ""FMOD0023"", ""FMOD0035"", ""FMOD0079"", ""FMOD0036"", ""FMOD0029"", ""FMOD0112""]",1.0,True,99.0
100,REAL,HIGH_RECALL,Q6K00481,100,48376,99,23.435535,"[""FMOD0035"", ""FMOD0023"", ""FMOD0051"", ""FMOD0081"", ""FMOD0029"", ""FMOD0119"", ""FMOD0102"", ""FMOD0082"", ""FMOD0120"", ""FMOD0036""]",1.0,True,99.0
100,REAL,HIGH_RECALL,Q6K00484,100,48376,99,23.786698,"[""FMOD0029"", ""FMOD0035"", ""FMOD0030"", ""FMOD0023"", ""FMOD0119"", ""FMOD0082"", ""FMOD0051"", ""FMOD0120"", ""FMOD0016"", ""FMOD0069""]",1.0,True,99.0
100,REAL,HIGH_RECALL,Q6K00485,100,48376,98,23.202432,"[""FMOD0069"", ""FMOD0035"", ""FMOD0023"", ""FMOD0119"", ""FMOD0029"", ""FMOD0056"", ""FMOD0036"", ""FMOD0112"", ""FMOD0067"", ""FMOD0078""]",1.0,True,98.0
100,REAL,HIGH_RECALL,Q6K00489,100,48376,99,23.536062,"[""FMOD0080"", ""FMOD0086"", ""FMOD0015"", ""FMOD0107"", ""FMOD0029"", ""FMOD0023"", ""FMOD0119"", ""FMOD0030"", ""FMOD0102"", ""FMOD0069""]",1.0,True,99.0
100,REAL,HIGH_RECALL,Q6K00495,100,48376,100,22.516555,"[""FMOD0083"", ""FMOD0096"", ""FMOD0029"", ""FMOD0023"", ""FMOD0119"", ""FMOD0035"", ""FMOD0110"", ""FMOD0069"", ""FMOD0036"", ""FMOD0030""]",1.0,True,100.0
100,REAL,HIGH_RECALL,Q6K00498,100,48376,100,22.948309,"[""FMOD0023"", ""FMOD0069"", ""FMOD0055"", ""FMOD0082"", ""FMOD0025"", ""FMOD0100"", ""FMOD0029"", ""FMOD0035"", ""FMOD0102"", ""FMOD0036""]",1.0,True,100.0
100,REAL,HIGH_RECALL,Q6K00507,100,48376,100,22.769354,"[""FMOD0082"", ""FMOD0039"", ""FMOD0034"", ""FMOD0023"", ""FMOD0035"", ""FMOD0065"", ""FMOD0016"", ""FMOD0059"", ""FMOD0021"", ""FMOD0030""]",1.0,True,100.0
100,REAL,HIGH_RECALL,Q6K00511,100,48376,98,24.258398,"[""FMOD0010"", ""FMOD0030"", ""FMOD0041"", ""FMOD0055"", ""FMOD0029"", ""FMOD0083"", ""FMOD0045"", ""FMOD0025"", ""FMOD0079"", ""FMOD0102""]",1.0,True,98.0
100,REAL,HIGH_RECALL,Q6K00512,100,48376,100,24.509805,"[""FMOD0035"", ""FMOD0023"", ""FMOD0119"", ""FMOD0029"", ""FMOD0110"", ""FMOD0108"", ""FMOD0036"", ""FMOD0042"", ""FMOD0107"", ""FMOD0060""]",1.0,True,100.0
100,REAL,HIGH_RECALL,Q6K00513,100,48376,100,26.251345,"[""FMOD0029"", ""FMOD0110"", ""FMOD0056"", ""FMOD0023"", ""FMOD0083"", ""FMOD0119"", ""FMOD0112"", ""FMOD0036"", ""FMOD0078"", ""FMOD0114""]",1.0,True,100.0
100,REAL,HIGH_RECALL,Q6K00517,100,48376,99,23.443214,"[""FMOD0082"", ""FMOD0021"", ""FMOD0081"", ""FMOD0039"", ""FMOD0034"", ""FMOD0029"", ""FMOD0023"", ""FMOD0119"", ""FMOD0102"", ""FMOD0051""]",1.0,True,99.0
100,REAL,HIGH_RECALL,Q6K00518,100,48376,99,23.122233,"[""FMOD0029"", ""FMOD0035"", ""FMOD0102"", ""FMOD0119"", ""FMOD0110"", ""FMOD0096"", ""FMOD0114"", ""FMOD0108"", ""FMOD0018"", ""FMOD0010""]",1.0,True,99.0
100,REAL,HIGH_RECALL,Q6K00523,100,48376,98,23.622818,"[""FMOD0082"", ""FMOD0081"", ""FMOD0039"", ""FMOD0034"", ""FMOD0029"", ""FMOD0035"", ""FMOD0119"", ""FMOD0023"", ""FMOD0102"", ""FMOD0051""]",1.0,True,98.0
100,REAL,HIGH_RECALL,Q6K00528,100,48376,99,23.210448,"[""FMOD0035"", ""FMOD0023"", ""FMOD0051"", ""FMOD0081"", ""FMOD0029"", ""FMOD0079"", ""FMOD0119"", ""FMOD0082"", ""FMOD0005"", ""FMOD0030""]",1.0,True,99.0
100,REAL,HIGH_RECALL,Q6K00530,100,48376,98,22.839617,"[""FMOD0069"", ""FMOD0035"", ""FMOD0023"", ""FMOD0029"", ""FMOD0119"", ""FMOD0056"", ""FMOD0036"", ""FMOD0112"", ""FMOD0067"", ""FMOD0078""]",1.0,True,98.0
100,REAL,HIGH_RECALL,Q6K00531,100,48376,100,22.69639,"[""FMOD0082"", ""FMOD0081"", ""FMOD0029"", ""FMOD0035"", ""FMOD0023"", ""FMOD0119"", ""FMOD0034"", ""FMOD0102"", ""FMOD0030"", ""FMOD0065""]",1.0,True,100.0
100,REAL,HIGH_RECALL,Q6K00533,100,48376,99,23.169835,"[""FMOD0029"", ""FMOD0119"", ""FMOD0023"", ""FMOD0030"", ""FMOD0036"", ""FMOD0035"", ""FMOD0114"", ""FMOD0102"", ""FMOD0120"", ""FMOD0110""]",1.0,True,99.0
100,REAL,HIGH_RECALL,Q6K00535,100,48376,100,20.78888,"[""FMOD0035"", ""FMOD0118"", ""FMOD0102"", ""FMOD0069"", ""FMOD0029"", ""FMOD0030"", ""FMOD0036"", ""FMOD0079"", ""FMOD0120"", ""FMOD0041""]",1.0,True,100.0
100,REAL,HIGH_RECALL,Q6K00537,100,48376,100,22.208809,"[""FMOD0023"", ""FMOD0055"", ""FMOD0069"", ""FMOD0025"", ""FMOD0082"", ""FMOD0100"", ""FMOD0029"", ""FMOD0119"", ""FMOD0036"", ""FMOD0035""]",1.0,True,100.0
100,REAL,HIGH_RECALL,Q6K00538,100,48376,100,22.739331,"[""FMOD0055"", ""FMOD0023"", ""FMOD0069"", ""FMOD0025"", ""FMOD0082"", ""FMOD0100"", ""FMOD0029"", ""FMOD0035"", ""FMOD0114"", ""FMOD0119""]",1.0,True,100.0
200eq,SYNTHETIC_COMPONENT_VOLUME,EXACT,Q6K00183,100,96752,100,39.844543,"[""FMOD0023"", ""FMOD0029"", ""FMOD0081"", ""FMOD0036"", ""FMOD0114"", ""FMOD0119"", ""FMOD0035"", ""FMOD0082"", ""FMOD0030"", ""FMOD0120""]",1.0,True,
200eq,SYNTHETIC_COMPONENT_VOLUME,EXACT,Q6K00184,100,96752,100,39.455234,"[""FMOD0004"", ""FMOD0067"", ""FMOD0113"", ""FMOD0052"", ""FMOD0036"", ""FMOD0114"", ""FMOD0056"", ""FMOD0101"", ""FMOD0110"", ""FMOD0081""]",1.0,True,
200eq,SYNTHETIC_COMPONENT_VOLUME,EXACT,Q6K00193,100,96752,100,39.429828,"[""FMOD0025"", ""FMOD0069"", ""FMOD0023"", ""FMOD0029"", ""FMOD0056"", ""FMOD0055"", ""FMOD0114"", ""FMOD0078"", ""FMOD0096"", ""FMOD0080""]",1.0,True,
200eq,SYNTHETIC_COMPONENT_VOLUME,EXACT,Q6K00195,100,96752,100,39.436978,"[""FMOD0061"", ""FMOD0083"", ""FMOD0029"", ""FMOD0056"", ""FMOD0102"", ""FMOD0091"", ""FMOD0023"", ""FMOD0081"", ""FMOD0114"", ""FMOD0030""]",1.0,True,
200eq,SYNTHETIC_COMPONENT_VOLUME,EXACT,Q6K00197,100,96752,100,41.183938,"[""FMOD0069"", ""FMOD0029"", ""FMOD0102"", ""FMOD0114"", ""FMOD0030"", ""FMOD0119"", ""FMOD0005"", ""FMOD0120"", ""FMOD0033"", ""FMOD0036""]",1.0,True,
200eq,SYNTHETIC_COMPONENT_VOLUME,EXACT,Q6K00199,100,96752,100,41.149697,"[""FMOD0067"", ""FMOD0069"", ""FMOD0029"", ""FMOD0102"", ""FMOD0119"", ""FMOD0056"", ""FMOD0120"", ""FMOD0030"", ""FMOD0026"", ""FMOD0023""]",1.0,True,
200eq,SYNTHETIC_COMPONENT_VOLUME,EXACT,Q6K00200,100,96752,100,42.114364,"[""FMOD0051"", ""FMOD0023"", ""FMOD0029"", ""FMOD0035"", ""FMOD0016"", ""FMOD0081"", ""FMOD0120"", ""FMOD0082"", ""FMOD0079"", ""FMOD0020""]",1.0,True,
200eq,SYNTHETIC_COMPONENT_VOLUME,EXACT,Q6K00201,100,96752,100,39.849523,"[""FMOD0066"", ""FMOD0055"", ""FMOD0030"", ""FMOD0029"", ""FMOD0010"", ""FMOD0041"", ""FMOD0036"", ""FMOD0102"", ""FMOD0112"", ""FMOD0120""]",1.0,True,
200eq,SYNTHETIC_COMPONENT_VOLUME,EXACT,Q6K00205,100,96752,100,39.354248,"[""FMOD0051"", ""FMOD0023"", ""FMOD0035"", ""FMOD0020"", ""FMOD0016"", ""FMOD0081"", ""FMOD0119"", ""FMOD0029"", ""FMOD0065"", ""FMOD0114""]",1.0,True,
200eq,SYNTHETIC_COMPONENT_VOLUME,EXACT,Q6K00206,100,96752,100,39.465898,"[""FMOD0016"", ""FMOD0102"", ""FMOD0031"", ""FMOD0029"", ""FMOD0023"", ""FMOD0035"", ""FMOD0082"", ""FMOD0065"", ""FMOD0114"", ""FMOD0033""]",1.0,True,
200eq,SYNTHETIC_COMPONENT_VOLUME,EXACT,Q6K00207,100,96752,100,39.912825,"[""FMOD0023"", ""FMOD0029"", ""FMOD0035"", ""FMOD0120"", ""FMOD0102"", ""FMOD0069"", ""FMOD0119"", ""FMOD0077"", ""FMOD0082"", ""FMOD0110""]",1.0,True,
200eq,SYNTHETIC_COMPONENT_VOLUME,EXACT,Q6K00208,100,96752,100,39.546502,"[""FMOD0102"", ""FMOD0079"", ""FMOD0023"", ""FMOD0030"", ""FMOD0029"", ""FMOD0055"", ""FMOD0035"", ""FMOD0082"", ""FMOD0036"", ""FMOD0014""]",1.0,True,
200eq,SYNTHETIC_COMPONENT_VOLUME,EXACT,Q6K00212,100,96752,100,39.05041,"[""FMOD0060"", ""FMOD0029"", ""FMOD0023"", ""FMOD0082"", ""FMOD0075"", ""FMOD0096"", ""FMOD0102"", ""FMOD0056"", ""FMOD0036"", ""FMOD0081""]",1.0,True,
200eq,SYNTHETIC_COMPONENT_VOLUME,EXACT,Q6K00216,100,96752,100,39.543087,"[""FMOD0016"", ""FMOD0029"", ""FMOD0035"", ""FMOD0023"", ""FMOD0081"", ""FMOD0079"", ""FMOD0119"", ""FMOD0102"", ""FMOD0114"", ""FMOD0056""]",1.0,True,
200eq,SYNTHETIC_COMPONENT_VOLUME,EXACT,Q6K00227,100,96752,100,39.212908,"[""FMOD0096"", ""FMOD0029"", ""FMOD0023"", ""FMOD0120"", ""FMOD0119"", ""FMOD0035"", ""FMOD0056"", ""FMOD0113"", ""FMOD0069"", ""FMOD0025""]",1.0,True,
200eq,SYNTHETIC_COMPONENT_VOLUME,EXACT,Q6K00232,100,96752,100,39.510369,"[""FMOD0060"", ""FMOD0029"", ""FMOD0023"", ""FMOD0086"", ""FMOD0056"", ""FMOD0043"", ""FMOD0110"", ""FMOD0044"", ""FMOD0036"", ""FMOD0075""]",1.0,True,
200eq,SYNTHETIC_COMPONENT_VOLUME,EXACT,Q6K00235,100,96752,100,40.792713,"[""FMOD0096"", ""FMOD0114"", ""FMOD0029"", ""FMOD0120"", ""FMOD0119"", ""FMOD0023"", ""FMOD0035"", ""FMOD0056"", ""FMOD0069"", ""FMOD0030""]",1.0,True,
200eq,SYNTHETIC_COMPONENT_VOLUME,EXACT,Q6K00236,100,96752,100,39.276753,"[""FMOD0036"", ""FMOD0119"", ""FMOD0079"", ""FMOD0120"", ""FMOD0056"", ""FMOD0086"", ""FMOD0082"", ""FMOD0091"", ""FMOD0029"", ""FMOD0102""]",1.0,True,
200eq,SYNTHETIC_COMPONENT_VOLUME,EXACT,Q6K00237,100,96752,100,39.537272,"[""FMOD0067"", ""FMOD0029"", ""FMOD0119"", ""FMOD0120"", ""FMOD0023"", ""FMOD0102"", ""FMOD0056"", ""FMOD0082"", ""FMOD0110"", ""FMOD0069""]",1.0,True,
200eq,SYNTHETIC_COMPONENT_VOLUME,EXACT,Q6K00240,100,96752,100,38.983847,"[""FMOD0069"", ""FMOD0029"", ""FMOD0110"", ""FMOD0104"", ""FMOD0035"", ""FMOD0119"", ""FMOD0043"", ""FMOD0023"", ""FMOD0102"", ""FMOD0083""]",1.0,True,
200eq,SYNTHETIC_COMPONENT_VOLUME,EXACT,Q6K00247,100,96752,100,39.929982,"[""FMOD0069"", ""FMOD0060"", ""FMOD0119"", ""FMOD0029"", ""FMOD0023"", ""FMOD0083"", ""FMOD0025"", ""FMOD0110"", ""FMOD0079"", ""FMOD0003""]",1.0,True,
200eq,SYNTHETIC_COMPONENT_VOLUME,EXACT,Q6K00251,100,96752,100,39.787976,"[""FMOD0044"", ""FMOD0067"", ""FMOD0119"", ""FMOD0029"", ""FMOD0023"", ""FMOD0120"", ""FMOD0113"", ""FMOD0086"", ""FMOD0035"", ""FMOD0030""]",1.0,True,
200eq,SYNTHETIC_COMPONENT_VOLUME,EXACT,Q6K00252,100,96752,100,38.799133,"[""FMOD0043"", ""FMOD0086"", ""FMOD0035"", ""FMOD0023"", ""FMOD0102"", ""FMOD0029"", ""FMOD0096"", ""FMOD0069"", ""FMOD0079"", ""FMOD0024""]",1.0,True,
200eq,SYNTHETIC_COMPONENT_VOLUME,EXACT,Q6K00258,100,96752,100,39.490094,"[""FMOD0096"", ""FMOD0001"", ""FMOD0029"", ""FMOD0041"", ""FMOD0035"", ""FMOD0030"", ""FMOD0056"", ""FMOD0120"", ""FMOD0069"", ""FMOD0119""]",1.0,True,
200eq,SYNTHETIC_COMPONENT_VOLUME,EXACT,Q6K00259,100,96752,100,39.259326,"[""FMOD0043"", ""FMOD0089"", ""FMOD0035"", ""FMOD0102"", ""FMOD0096"", ""FMOD0023"", ""FMOD0029"", ""FMOD0069"", ""FMOD0079"", ""FMOD0024""]",1.0,True,
200eq,SYNTHETIC_COMPONENT_VOLUME,EXACT,Q6K00262,100,96752,100,39.475177,"[""FMOD0069"", ""FMOD0060"", ""FMOD0023"", ""FMOD0025"", ""FMOD0055"", ""FMOD0082"", ""FMOD0100"", ""FMOD0029"", ""FMOD0102"", ""FMOD0119""]",1.0,True,
200eq,SYNTHETIC_COMPONENT_VOLUME,EXACT,Q6K00264,100,96752,100,39.212653,"[""FMOD0043"", ""FMOD0066"", ""FMOD0035"", ""FMOD0056"", ""FMOD0081"", ""FMOD0082"", ""FMOD0030"", ""FMOD0119"", ""FMOD0023"", ""FMOD0029""]",1.0,True,
200eq,SYNTHETIC_COMPONENT_VOLUME,EXACT,Q6K00267,100,96752,100,39.953402,"[""FMOD0022"", ""FMOD0069"", ""FMOD0034"", ""FMOD0082"", ""FMOD0023"", ""FMOD0055"", ""FMOD0025"", ""FMOD0100"", ""FMOD0072"", ""FMOD0035""]",1.0,True,
200eq,SYNTHETIC_COMPONENT_VOLUME,EXACT,Q6K00268,100,96752,100,39.127071,"[""FMOD0077"", ""FMOD0050"", ""FMOD0055"", ""FMOD0083"", ""FMOD0005"", ""FMOD0035"", ""FMOD0114"", ""FMOD0029"", ""FMOD0033"", ""FMOD0069""]",1.0,True,
200eq,SYNTHETIC_COMPONENT_VOLUME,EXACT,Q6K00271,100,96752,100,38.779442,"[""FMOD0086"", ""FMOD0050"", ""FMOD0044"", ""FMOD0120"", ""FMOD0029"", ""FMOD0036"", ""FMOD0077"", ""FMOD0069"", ""FMOD0102"", ""FMOD0005""]",1.0,True,
200eq,SYNTHETIC_COMPONENT_VOLUME,EXACT,Q6K00273,100,96752,100,39.257951,"[""FMOD0023"", ""FMOD0043"", ""FMOD0119"", ""FMOD0079"", ""FMOD0029"", ""FMOD0102"", ""FMOD0056"", ""FMOD0005"", ""FMOD0030"", ""FMOD0075""]",1.0,True,
200eq,SYNTHETIC_COMPONENT_VOLUME,EXACT,Q6K00274,100,96752,100,38.805334,"[""FMOD0004"", ""FMOD0044"", ""FMOD0067"", ""FMOD0113"", ""FMOD0052"", ""FMOD0036"", ""FMOD0114"", ""FMOD0056"", ""FMOD0110"", ""FMOD0035""]",1.0,True,
200eq,SYNTHETIC_COMPONENT_VOLUME,EXACT,Q6K00275,100,96752,100,39.79077,"[""FMOD0086"", ""FMOD0074"", ""FMOD0050"", ""FMOD0029"", ""FMOD0056"", ""FMOD0102"", ""FMOD0035"", ""FMOD0024"", ""FMOD0114"", ""FMOD0043""]",1.0,True,
200eq,SYNTHETIC_COMPONENT_VOLUME,EXACT,Q6K00283,100,96752,100,39.176644,"[""FMOD0036"", ""FMOD0035"", ""FMOD0029"", ""FMOD0023"", ""FMOD0120"", ""FMOD0119"", ""FMOD0079"", ""FMOD0102"", ""FMOD0069"", ""FMOD0082""]",1.0,True,
200eq,SYNTHETIC_COMPONENT_VOLUME,EXACT,Q6K00287,100,96752,100,39.330833,"[""FMOD0003"", ""FMOD0089"", ""FMOD0004"", ""FMOD0063"", ""FMOD0067"", ""FMOD0014"", ""FMOD0113"", ""FMOD0052"", ""FMOD0036"", ""FMOD0114""]",1.0,True,
200eq,SYNTHETIC_COMPONENT_VOLUME,EXACT,Q6K00293,100,96752,100,39.006095,"[""FMOD0074"", ""FMOD0043"", ""FMOD0035"", ""FMOD0029"", ""FMOD0023"", ""FMOD0069"", ""FMOD0102"", ""FMOD0096"", ""FMOD0079"", ""FMOD0024""]",1.0,True,
200eq,SYNTHETIC_COMPONENT_VOLUME,EXACT,Q6K00295,100,96752,100,39.494649,"[""FMOD0066"", ""FMOD0043"", ""FMOD0102"", ""FMOD0029"", ""FMOD0023"", ""FMOD0069"", ""FMOD0035"", ""FMOD0096"", ""FMOD0079"", ""FMOD0119""]",1.0,True,
200eq,SYNTHETIC_COMPONENT_VOLUME,EXACT,Q6K00296,100,96752,100,39.64463,"[""FMOD0060"", ""FMOD0066"", ""FMOD0029"", ""FMOD0102"", ""FMOD0056"", ""FMOD0035"", ""FMOD0010"", ""FMOD0110"", ""FMOD0036"", ""FMOD0055""]",1.0,True,
200eq,SYNTHETIC_COMPONENT_VOLUME,EXACT,Q6K00298,100,96752,100,39.528239,"[""FMOD0074"", ""FMOD0036"", ""FMOD0079"", ""FMOD0119"", ""FMOD0120"", ""FMOD0017"", ""FMOD0091"", ""FMOD0056"", ""FMOD0023"", ""FMOD0083""]",1.0,True,
200eq,SYNTHETIC_COMPONENT_VOLUME,EXACT,Q6K00299,100,96752,100,39.371778,"[""FMOD0040"", ""FMOD0089"", ""FMOD0029"", ""FMOD0035"", ""FMOD0079"", ""FMOD0081"", ""FMOD0030"", ""FMOD0055"", ""FMOD0023"", ""FMOD0056""]",1.0,True,
200eq,SYNTHETIC_COMPONENT_VOLUME,EXACT,Q6K00304,100,96752,100,39.482411,"[""FMOD0077"", ""FMOD0083"", ""FMOD0087"", ""FMOD0023"", ""FMOD0069"", ""FMOD0056"", ""FMOD0020"", ""FMOD0055"", ""FMOD0102"", ""FMOD0025""]",1.0,True,
200eq,SYNTHETIC_COMPONENT_VOLUME,EXACT,Q6K00310,100,96752,100,39.362041,"[""FMOD0074"", ""FMOD0005"", ""FMOD0022"", ""FMOD0034"", ""FMOD0035"", ""FMOD0053"", ""FMOD0114"", ""FMOD0029"", ""FMOD0033"", ""FMOD0023""]",1.0,True,
200eq,SYNTHETIC_COMPONENT_VOLUME,EXACT,Q6K00313,100,96752,100,39.514235,"[""FMOD0061"", ""FMOD0069"", ""FMOD0083"", ""FMOD0066"", ""FMOD0114"", ""FMOD0029"", ""FMOD0036"", ""FMOD0033"", ""FMOD0030"", ""FMOD0120""]",1.0,True,
200eq,SYNTHETIC_COMPONENT_VOLUME,EXACT,Q6K00317,100,96752,100,39.278884,"[""FMOD0061"", ""FMOD0089"", ""FMOD0096"", ""FMOD0036"", ""FMOD0029"", ""FMOD0079"", ""FMOD0035"", ""FMOD0055"", ""FMOD0083"", ""FMOD0110""]",1.0,True,
200eq,SYNTHETIC_COMPONENT_VOLUME,EXACT,Q6K00318,100,96752,100,40.104211,"[""FMOD0086"", ""FMOD0004"", ""FMOD0050"", ""FMOD0082"", ""FMOD0067"", ""FMOD0035"", ""FMOD0114"", ""FMOD0053"", ""FMOD0081"", ""FMOD0110""]",1.0,True,
200eq,SYNTHETIC_COMPONENT_VOLUME,EXACT,Q6K00325,100,96752,100,38.857626,"[""FMOD0086"", ""FMOD0023"", ""FMOD0050"", ""FMOD0044"", ""FMOD0029"", ""FMOD0035"", ""FMOD0030"", ""FMOD0069"", ""FMOD0043"", ""FMOD0082""]",1.0,True,
200eq,SYNTHETIC_COMPONENT_VOLUME,EXACT,Q6K00326,100,96752,100,40.493576,"[""FMOD0099"", ""FMOD0055"", ""FMOD0066"", ""FMOD0036"", ""FMOD0010"", ""FMOD0102"", ""FMOD0056"", ""FMOD0112"", ""FMOD0029"", ""FMOD0023""]",1.0,True,
200eq,SYNTHETIC_COMPONENT_VOLUME,EXACT,Q6K00327,100,96752,100,39.384681,"[""FMOD0016"", ""FMOD0051"", ""FMOD0055"", ""FMOD0114"", ""FMOD0075"", ""FMOD0081"", ""FMOD0035"", ""FMOD0077"", ""FMOD0023"", ""FMOD0029""]",1.0,True,
200eq,SYNTHETIC_COMPONENT_VOLUME,EXACT,Q6K00332,100,96752,100,39.121169,"[""FMOD0044"", ""FMOD0035"", ""FMOD0029"", ""FMOD0069"", ""FMOD0030"", ""FMOD0086"", ""FMOD0120"", ""FMOD0119"", ""FMOD0041"", ""FMOD0050""]",1.0,True,
200eq,SYNTHETIC_COMPONENT_VOLUME,EXACT,Q6K00333,100,96752,100,39.239085,"[""FMOD0069"", ""FMOD0044"", ""FMOD0011"", ""FMOD0119"", ""FMOD0029"", ""FMOD0083"", ""FMOD0025"", ""FMOD0079"", ""FMOD0110"", ""FMOD0035""]",1.0,True,
200eq,SYNTHETIC_COMPONENT_VOLUME,EXACT,Q6K00336,100,96752,100,38.512482,"[""FMOD0014"", ""FMOD0023"", ""FMOD0079"", ""FMOD0035"", ""FMOD0082"", ""FMOD0081"", ""FMOD0029"", ""FMOD0120"", ""FMOD0119"", ""FMOD0102""]",1.0,True,
200eq,SYNTHETIC_COMPONENT_VOLUME,EXACT,Q6K00338,100,96752,100,39.569223,"[""FMOD0074"", ""FMOD0067"", ""FMOD0003"", ""FMOD0056"", ""FMOD0029"", ""FMOD0119"", ""FMOD0035"", ""FMOD0081"", ""FMOD0004"", ""FMOD0082""]",1.0,True,
200eq,SYNTHETIC_COMPONENT_VOLUME,EXACT,Q6K00340,100,96752,100,39.419911,"[""FMOD0025"", ""FMOD0011"", ""FMOD0089"", ""FMOD0029"", ""FMOD0023"", ""FMOD0030"", ""FMOD0069"", ""FMOD0035"", ""FMOD0119"", ""FMOD0041""]",1.0,True,
200eq,SYNTHETIC_COMPONENT_VOLUME,EXACT,Q6K00342,100,96752,100,39.436254,"[""FMOD0087"", ""FMOD0053"", ""FMOD0114"", ""FMOD0023"", ""FMOD0052"", ""FMOD0040"", ""FMOD0069"", ""FMOD0029"", ""FMOD0002"", ""FMOD0056""]",1.0,True,
200eq,SYNTHETIC_COMPONENT_VOLUME,EXACT,Q6K00343,100,96752,100,39.879026,"[""FMOD0087"", ""FMOD0016"", ""FMOD0041"", ""FMOD0055"", ""FMOD0030"", ""FMOD0029"", ""FMOD0023"", ""FMOD0081"", ""FMOD0102"", ""FMOD0056""]",1.0,True,
200eq,SYNTHETIC_COMPONENT_VOLUME,EXACT,Q6K00344,100,96752,100,39.114179,"[""FMOD0023"", ""FMOD0025"", ""FMOD0043"", ""FMOD0069"", ""FMOD0029"", ""FMOD0030"", ""FMOD0082"", ""FMOD0055"", ""FMOD0035"", ""FMOD0040""]",1.0,True,
200eq,SYNTHETIC_COMPONENT_VOLUME,EXACT,Q6K00351,100,96752,100,39.395433,"[""FMOD0005"", ""FMOD0099"", ""FMOD0022"", ""FMOD0034"", ""FMOD0082"", ""FMOD0055"", ""FMOD0029"", ""FMOD0020"", ""FMOD0119"", ""FMOD0030""]",1.0,True,
200eq,SYNTHETIC_COMPONENT_VOLUME,EXACT,Q6K00355,100,96752,100,39.339382,"[""FMOD0043"", ""FMOD0023"", ""FMOD0035"", ""FMOD0077"", ""FMOD0016"", ""FMOD0029"", ""FMOD0102"", ""FMOD0119"", ""FMOD0069"", ""FMOD0030""]",1.0,True,
200eq,SYNTHETIC_COMPONENT_VOLUME,EXACT,Q6K00359,100,96752,100,39.93401,"[""FMOD0086"", ""FMOD0087"", ""FMOD0044"", ""FMOD0081"", ""FMOD0039"", ""FMOD0056"", ""FMOD0097"", ""FMOD0029"", ""FMOD0079"", ""FMOD0102""]",1.0,True,
200eq,SYNTHETIC_COMPONENT_VOLUME,EXACT,Q6K00360,100,96752,100,39.143631,"[""FMOD0066"", ""FMOD0060"", ""FMOD0043"", ""FMOD0082"", ""FMOD0030"", ""FMOD0035"", ""FMOD0081"", ""FMOD0010"", ""FMOD0055"", ""FMOD0112""]",1.0,True,
200eq,SYNTHETIC_COMPONENT_VOLUME,EXACT,Q6K00363,100,96752,100,39.164589,"[""FMOD0066"", ""FMOD0029"", ""FMOD0102"", ""FMOD0056"", ""FMOD0119"", ""FMOD0114"", ""FMOD0069"", ""FMOD0120"", ""FMOD0035"", ""FMOD0023""]",1.0,True,
200eq,SYNTHETIC_COMPONENT_VOLUME,EXACT,Q6K00365,100,96752,100,39.942433,"[""FMOD0087"", ""FMOD0029"", ""FMOD0035"", ""FMOD0023"", ""FMOD0065"", ""FMOD0016"", ""FMOD0119"", ""FMOD0039"", ""FMOD0036"", ""FMOD0114""]",1.0,True,
200eq,SYNTHETIC_COMPONENT_VOLUME,EXACT,Q6K00372,100,96752,100,39.597006,"[""FMOD0023"", ""FMOD0035"", ""FMOD0020"", ""FMOD0016"", ""FMOD0051"", ""FMOD0029"", ""FMOD0030"", ""FMOD0119"", ""FMOD0102"", ""FMOD0069""]",1.0,True,
200eq,SYNTHETIC_COMPONENT_VOLUME,EXACT,Q6K00375,100,96752,100,39.8512,"[""FMOD0099"", ""FMOD0023"", ""FMOD0069"", ""FMOD0025"", ""FMOD0055"", ""FMOD0082"", ""FMOD0029"", ""FMOD0083"", ""FMOD0119"", ""FMOD0035""]",1.0,True,
200eq,SYNTHETIC_COMPONENT_VOLUME,EXACT,Q6K00377,100,96752,100,39.412863,"[""FMOD0082"", ""FMOD0022"", ""FMOD0023"", ""FMOD0069"", ""FMOD0055"", ""FMOD0025"", ""FMOD0100"", ""FMOD0034"", ""FMOD0029"", ""FMOD0119""]",1.0,True,
200eq,SYNTHETIC_COMPONENT_VOLUME,EXACT,Q6K00378,100,96752,100,40.118424,"[""FMOD0010"", ""FMOD0023"", ""FMOD0030"", ""FMOD0041"", ""FMOD0055"", ""FMOD0029"", ""FMOD0083"", ""FMOD0025"", ""FMOD0045"", ""FMOD0079""]",1.0,True,
200eq,SYNTHETIC_COMPONENT_VOLUME,EXACT,Q6K00380,100,96752,100,39.823568,"[""FMOD0023"", ""FMOD0029"", ""FMOD0030"", ""FMOD0035"", ""FMOD0082"", ""FMOD0119"", ""FMOD0102"", ""FMOD0110"", ""FMOD0036"", ""FMOD0120""]",1.0,True,
200eq,SYNTHETIC_COMPONENT_VOLUME,EXACT,Q6K00384,100,96752,100,39.40035,"[""FMOD0083"", ""FMOD0029"", ""FMOD0069"", ""FMOD0086"", ""FMOD0035"", ""FMOD0120"", ""FMOD0056"", ""FMOD0030"", ""FMOD0119"", ""FMOD0005""]",1.0,True,
200eq,SYNTHETIC_COMPONENT_VOLUME,EXACT,Q6K00389,100,96752,100,39.534645,"[""FMOD0055"", ""FMOD0034"", ""FMOD0039"", ""FMOD0065"", ""FMOD0023"", ""FMOD0082"", ""FMOD0035"", ""FMOD0029"", ""FMOD0030"", ""FMOD0079""]",1.0,True,
200eq,SYNTHETIC_COMPONENT_VOLUME,EXACT,Q6K00390,100,96752,100,39.537659,"[""FMOD0023"", ""FMOD0102"", ""FMOD0029"", ""FMOD0119"", ""FMOD0120"", ""FMOD0114"", ""FMOD0069"", ""FMOD0035"", ""FMOD0056"", ""FMOD0082""]",1.0,True,
200eq,SYNTHETIC_COMPONENT_VOLUME,EXACT,Q6K00393,100,96752,100,39.864157,"[""FMOD0029"", ""FMOD0023"", ""FMOD0102"", ""FMOD0119"", ""FMOD0041"", ""FMOD0120"", ""FMOD0036"", ""FMOD0030"", ""FMOD0053"", ""FMOD0035""]",1.0,True,
200eq,SYNTHETIC_COMPONENT_VOLUME,EXACT,Q6K00395,100,96752,100,40.477399,"[""FMOD0053"", ""FMOD0069"", ""FMOD0035"", ""FMOD0023"", ""FMOD0029"", ""FMOD0056"", ""FMOD0119"", ""FMOD0036"", ""FMOD0112"", ""FMOD0004""]",1.0,True,
200eq,SYNTHETIC_COMPONENT_VOLUME,EXACT,Q6K00396,100,96752,100,39.927013,"[""FMOD0066"", ""FMOD0035"", ""FMOD0023"", ""FMOD0051"", ""FMOD0081"", ""FMOD0029"", ""FMOD0119"", ""FMOD0036"", ""FMOD0102"", ""FMOD0010""]",1.0,True,
200eq,SYNTHETIC_COMPONENT_VOLUME,EXACT,Q6K00400,100,96752,100,40.141411,"[""FMOD0023"", ""FMOD0025"", ""FMOD0035"", ""FMOD0069"", ""FMOD0030"", ""FMOD0055"", ""FMOD0078"", ""FMOD0100"", ""FMOD0036"", ""FMOD0056""]",1.0,True,
200eq,SYNTHETIC_COMPONENT_VOLUME,EXACT,Q6K00403,100,96752,100,40.671402,"[""FMOD0035"", ""FMOD0033"", ""FMOD0029"", ""FMOD0119"", ""FMOD0120"", ""FMOD0078"", ""FMOD0024"", ""FMOD0080"", ""FMOD0108"", ""FMOD0102""]",1.0,True,
200eq,SYNTHETIC_COMPONENT_VOLUME,EXACT,Q6K00405,100,96752,100,39.69049,"[""FMOD0016"", ""FMOD0102"", ""FMOD0031"", ""FMOD0056"", ""FMOD0029"", ""FMOD0023"", ""FMOD0082"", ""FMOD0035"", ""FMOD0065"", ""FMOD0114""]",1.0,True,
200eq,SYNTHETIC_COMPONENT_VOLUME,EXACT,Q6K00407,100,96752,100,39.706312,"[""FMOD0005"", ""FMOD0029"", ""FMOD0120"", ""FMOD0069"", ""FMOD0102"", ""FMOD0030"", ""FMOD0079"", ""FMOD0119"", ""FMOD0023"", ""FMOD0020""]",1.0,True,
200eq,SYNTHETIC_COMPONENT_VOLUME,EXACT,Q6K00410,100,96752,100,40.089087,"[""FMOD0005"", ""FMOD0030"", ""FMOD0023"", ""FMOD0035"", ""FMOD0055"", ""FMOD0029"", ""FMOD0082"", ""FMOD0089"", ""FMOD0024"", ""FMOD0113""]",1.0,True,
200eq,SYNTHETIC_COMPONENT_VOLUME,EXACT,Q6K00417,100,96752,100,39.678851,"[""FMOD0051"", ""FMOD0082"", ""FMOD0081"", ""FMOD0102"", ""FMOD0035"", ""FMOD0067"", ""FMOD0021"", ""FMOD0114"", ""FMOD0065"", ""FMOD0119""]",1.0,True,
200eq,SYNTHETIC_COMPONENT_VOLUME,EXACT,Q6K00420,100,96752,100,42.179422,"[""FMOD0036"", ""FMOD0004"", ""FMOD0067"", ""FMOD0119"", ""FMOD0029"", ""FMOD0035"", ""FMOD0079"", ""FMOD0120"", ""FMOD0023"", ""FMOD0055""]",1.0,True,
200eq,SYNTHETIC_COMPONENT_VOLUME,EXACT,Q6K00422,100,96752,100,41.628679,"[""FMOD0053"", ""FMOD0083"", ""FMOD0035"", ""FMOD0082"", ""FMOD0023"", ""FMOD0029"", ""FMOD0021"", ""FMOD0081"", ""FMOD0051"", ""FMOD0030""]",1.0,True,
200eq,SYNTHETIC_COMPONENT_VOLUME,EXACT,Q6K00423,100,96752,100,40.207709,"[""FMOD0061"", ""FMOD0004"", ""FMOD0086"", ""FMOD0035"", ""FMOD0029"", ""FMOD0010"", ""FMOD0033"", ""FMOD0056"", ""FMOD0014"", ""FMOD0102""]",1.0,True,
200eq,SYNTHETIC_COMPONENT_VOLUME,EXACT,Q6K00424,100,96752,100,39.475644,"[""FMOD0053"", ""FMOD0102"", ""FMOD0029"", ""FMOD0082"", ""FMOD0039"", ""FMOD0034"", ""FMOD0023"", ""FMOD0035"", ""FMOD0077"", ""FMOD0114""]",1.0,True,
200eq,SYNTHETIC_COMPONENT_VOLUME,EXACT,Q6K00427,100,96752,100,41.243706,"[""FMOD0005"", ""FMOD0081"", ""FMOD0035"", ""FMOD0082"", ""FMOD0055"", ""FMOD0056"", ""FMOD0043"", ""FMOD0034"", ""FMOD0072"", ""FMOD0002""]",1.0,True,
200eq,SYNTHETIC_COMPONENT_VOLUME,EXACT,Q6K00435,100,96752,100,40.811493,"[""FMOD0099"", ""FMOD0069"", ""FMOD0029"", ""FMOD0119"", ""FMOD0023"", ""FMOD0035"", ""FMOD0102"", ""FMOD0030"", ""FMOD0120"", ""FMOD0010""]",1.0,True,
200eq,SYNTHETIC_COMPONENT_VOLUME,EXACT,Q6K00436,100,96752,100,40.940463,"[""FMOD0099"", ""FMOD0044"", ""FMOD0029"", ""FMOD0030"", ""FMOD0035"", ""FMOD0023"", ""FMOD0119"", ""FMOD0036"", ""FMOD0120"", ""FMOD0069""]",1.0,True,
200eq,SYNTHETIC_COMPONENT_VOLUME,EXACT,Q6K00438,100,96752,100,40.604129,"[""FMOD0022"", ""FMOD0055"", ""FMOD0029"", ""FMOD0081"", ""FMOD0082"", ""FMOD0030"", ""FMOD0039"", ""FMOD0023"", ""FMOD0102"", ""FMOD0069""]",1.0,True,
200eq,SYNTHETIC_COMPONENT_VOLUME,EXACT,Q6K00442,100,96752,100,40.645477,"[""FMOD0087"", ""FMOD0029"", ""FMOD0081"", ""FMOD0120"", ""FMOD0082"", ""FMOD0056"", ""FMOD0102"", ""FMOD0035"", ""FMOD0079"", ""FMOD0119""]",1.0,True,
200eq,SYNTHETIC_COMPONENT_VOLUME,EXACT,Q6K00443,100,96752,100,41.576312,"[""FMOD0035"", ""FMOD0011"", ""FMOD0023"", ""FMOD0041"", ""FMOD0082"", ""FMOD0119"", ""FMOD0102"", ""FMOD0114"", ""FMOD0112"", ""FMOD0079""]",1.0,True,
200eq,SYNTHETIC_COMPONENT_VOLUME,EXACT,Q6K00444,100,96752,100,40.177482,"[""FMOD0003"", ""FMOD0022"", ""FMOD0034"", ""FMOD0069"", ""FMOD0120"", ""FMOD0119"", ""FMOD0079"", ""FMOD0102"", ""FMOD0005"", ""FMOD0078""]",1.0,True,
200eq,SYNTHETIC_COMPONENT_VOLUME,EXACT,Q6K00446,100,96752,100,40.676608,"[""FMOD0082"", ""FMOD0067"", ""FMOD0060"", ""FMOD0035"", ""FMOD0023"", ""FMOD0101"", ""FMOD0021"", ""FMOD0097"", ""FMOD0022"", ""FMOD0081""]",1.0,True,
200eq,SYNTHETIC_COMPONENT_VOLUME,EXACT,Q6K00453,100,96752,100,40.062732,"[""FMOD0044"", ""FMOD0079"", ""FMOD0029"", ""FMOD0114"", ""FMOD0119"", ""FMOD0023"", ""FMOD0102"", ""FMOD0120"", ""FMOD0083"", ""FMOD0035""]",1.0,True,
200eq,SYNTHETIC_COMPONENT_VOLUME,EXACT,Q6K00456,100,96752,100,39.837749,"[""FMOD0004"", ""FMOD0016"", ""FMOD0067"", ""FMOD0113"", ""FMOD0052"", ""FMOD0036"", ""FMOD0114"", ""FMOD0029"", ""FMOD0023"", ""FMOD0035""]",1.0,True,
200eq,SYNTHETIC_COMPONENT_VOLUME,EXACT,Q6K00458,100,96752,100,40.436222,"[""FMOD0079"", ""FMOD0023"", ""FMOD0016"", ""FMOD0035"", ""FMOD0030"", ""FMOD0029"", ""FMOD0081"", ""FMOD0020"", ""FMOD0102"", ""FMOD0082""]",1.0,True,
200eq,SYNTHETIC_COMPONENT_VOLUME,EXACT,Q6K00461,100,96752,100,39.551926,"[""FMOD0001"", ""FMOD0003"", ""FMOD0089"", ""FMOD0030"", ""FMOD0035"", ""FMOD0029"", ""FMOD0051"", ""FMOD0120"", ""FMOD0023"", ""FMOD0036""]",1.0,True,
200eq,SYNTHETIC_COMPONENT_VOLUME,EXACT,Q6K00465,100,96752,100,40.222696,"[""FMOD0083"", ""FMOD0096"", ""FMOD0029"", ""FMOD0023"", ""FMOD0036"", ""FMOD0110"", ""FMOD0119"", ""FMOD0035"", ""FMOD0005"", ""FMOD0120""]",1.0,True,
200eq,SYNTHETIC_COMPONENT_VOLUME,EXACT,Q6K00470,100,96752,100,40.544727,"[""FMOD0060"", ""FMOD0102"", ""FMOD0029"", ""FMOD0061"", ""FMOD0120"", ""FMOD0119"", ""FMOD0056"", ""FMOD0114"", ""FMOD0069"", ""FMOD0035""]",1.0,True,
200eq,SYNTHETIC_COMPONENT_VOLUME,EXACT,Q6K00471,100,96752,100,40.123303,"[""FMOD0025"", ""FMOD0099"", ""FMOD0029"", ""FMOD0024"", ""FMOD0114"", ""FMOD0005"", ""FMOD0014"", ""FMOD0113"", ""FMOD0083"", ""FMOD0120""]",1.0,True,
200eq,SYNTHETIC_COMPONENT_VOLUME,EXACT,Q6K00473,100,96752,100,41.002062,"[""FMOD0086"", ""FMOD0079"", ""FMOD0056"", ""FMOD0078"", ""FMOD0097"", ""FMOD0036"", ""FMOD0117"", ""FMOD0083"", ""FMOD0119"", ""FMOD0114""]",1.0,True,
200eq,SYNTHETIC_COMPONENT_VOLUME,EXACT,Q6K00479,100,96752,100,41.403103,"[""FMOD0066"", ""FMOD0022"", ""FMOD0034"", ""FMOD0082"", ""FMOD0023"", ""FMOD0035"", ""FMOD0079"", ""FMOD0036"", ""FMOD0029"", ""FMOD0112""]",1.0,True,
200eq,SYNTHETIC_COMPONENT_VOLUME,EXACT,Q6K00481,100,96752,100,39.49696,"[""FMOD0035"", ""FMOD0023"", ""FMOD0051"", ""FMOD0081"", ""FMOD0029"", ""FMOD0119"", ""FMOD0102"", ""FMOD0082"", ""FMOD0120"", ""FMOD0036""]",1.0,True,
200eq,SYNTHETIC_COMPONENT_VOLUME,EXACT,Q6K00484,100,96752,100,40.364704,"[""FMOD0029"", ""FMOD0035"", ""FMOD0030"", ""FMOD0023"", ""FMOD0119"", ""FMOD0082"", ""FMOD0051"", ""FMOD0120"", ""FMOD0016"", ""FMOD0069""]",1.0,True,
200eq,SYNTHETIC_COMPONENT_VOLUME,EXACT,Q6K00485,100,96752,100,39.617021,"[""FMOD0069"", ""FMOD0035"", ""FMOD0023"", ""FMOD0119"", ""FMOD0029"", ""FMOD0056"", ""FMOD0036"", ""FMOD0112"", ""FMOD0067"", ""FMOD0078""]",1.0,True,
200eq,SYNTHETIC_COMPONENT_VOLUME,EXACT,Q6K00489,100,96752,100,39.987029,"[""FMOD0080"", ""FMOD0086"", ""FMOD0015"", ""FMOD0107"", ""FMOD0029"", ""FMOD0023"", ""FMOD0119"", ""FMOD0030"", ""FMOD0102"", ""FMOD0069""]",1.0,True,
200eq,SYNTHETIC_COMPONENT_VOLUME,EXACT,Q6K00495,100,96752,100,40.156206,"[""FMOD0083"", ""FMOD0096"", ""FMOD0029"", ""FMOD0023"", ""FMOD0119"", ""FMOD0035"", ""FMOD0110"", ""FMOD0069"", ""FMOD0036"", ""FMOD0030""]",1.0,True,
200eq,SYNTHETIC_COMPONENT_VOLUME,EXACT,Q6K00498,100,96752,100,39.980443,"[""FMOD0023"", ""FMOD0069"", ""FMOD0055"", ""FMOD0082"", ""FMOD0025"", ""FMOD0100"", ""FMOD0029"", ""FMOD0035"", ""FMOD0102"", ""FMOD0036""]",1.0,True,
200eq,SYNTHETIC_COMPONENT_VOLUME,EXACT,Q6K00507,100,96752,100,40.809405,"[""FMOD0082"", ""FMOD0039"", ""FMOD0034"", ""FMOD0023"", ""FMOD0035"", ""FMOD0065"", ""FMOD0016"", ""FMOD0059"", ""FMOD0021"", ""FMOD0030""]",1.0,True,
200eq,SYNTHETIC_COMPONENT_VOLUME,EXACT,Q6K00511,100,96752,100,40.843318,"[""FMOD0010"", ""FMOD0030"", ""FMOD0041"", ""FMOD0055"", ""FMOD0029"", ""FMOD0083"", ""FMOD0045"", ""FMOD0025"", ""FMOD0079"", ""FMOD0102""]",1.0,True,
200eq,SYNTHETIC_COMPONENT_VOLUME,EXACT,Q6K00512,100,96752,100,41.044707,"[""FMOD0035"", ""FMOD0023"", ""FMOD0119"", ""FMOD0029"", ""FMOD0110"", ""FMOD0108"", ""FMOD0036"", ""FMOD0042"", ""FMOD0107"", ""FMOD0060""]",1.0,True,
200eq,SYNTHETIC_COMPONENT_VOLUME,EXACT,Q6K00513,100,96752,100,41.042023,"[""FMOD0029"", ""FMOD0110"", ""FMOD0056"", ""FMOD0023"", ""FMOD0083"", ""FMOD0119"", ""FMOD0112"", ""FMOD0036"", ""FMOD0078"", ""FMOD0114""]",1.0,True,
200eq,SYNTHETIC_COMPONENT_VOLUME,EXACT,Q6K00517,100,96752,100,42.601213,"[""FMOD0082"", ""FMOD0021"", ""FMOD0081"", ""FMOD0039"", ""FMOD0034"", ""FMOD0029"", ""FMOD0023"", ""FMOD0119"", ""FMOD0102"", ""FMOD0051""]",1.0,True,
200eq,SYNTHETIC_COMPONENT_VOLUME,EXACT,Q6K00518,100,96752,100,41.239702,"[""FMOD0029"", ""FMOD0035"", ""FMOD0102"", ""FMOD0119"", ""FMOD0110"", ""FMOD0096"", ""FMOD0114"", ""FMOD0108"", ""FMOD0018"", ""FMOD0010""]",1.0,True,
200eq,SYNTHETIC_COMPONENT_VOLUME,EXACT,Q6K00523,100,96752,100,41.762372,"[""FMOD0082"", ""FMOD0081"", ""FMOD0039"", ""FMOD0034"", ""FMOD0029"", ""FMOD0035"", ""FMOD0119"", ""FMOD0023"", ""FMOD0102"", ""FMOD0051""]",1.0,True,
200eq,SYNTHETIC_COMPONENT_VOLUME,EXACT,Q6K00528,100,96752,100,41.302335,"[""FMOD0035"", ""FMOD0023"", ""FMOD0051"", ""FMOD0081"", ""FMOD0029"", ""FMOD0079"", ""FMOD0119"", ""FMOD0082"", ""FMOD0005"", ""FMOD0030""]",1.0,True,
200eq,SYNTHETIC_COMPONENT_VOLUME,EXACT,Q6K00530,100,96752,100,46.602606,"[""FMOD0069"", ""FMOD0035"", ""FMOD0023"", ""FMOD0029"", ""FMOD0119"", ""FMOD0056"", ""FMOD0036"", ""FMOD0112"", ""FMOD0067"", ""FMOD0078""]",1.0,True,
200eq,SYNTHETIC_COMPONENT_VOLUME,EXACT,Q6K00531,100,96752,100,45.528124,"[""FMOD0082"", ""FMOD0081"", ""FMOD0029"", ""FMOD0035"", ""FMOD0023"", ""FMOD0119"", ""FMOD0034"", ""FMOD0102"", ""FMOD0030"", ""FMOD0065""]",1.0,True,
200eq,SYNTHETIC_COMPONENT_VOLUME,EXACT,Q6K00533,100,96752,100,43.20115,"[""FMOD0029"", ""FMOD0119"", ""FMOD0023"", ""FMOD0030"", ""FMOD0036"", ""FMOD0035"", ""FMOD0114"", ""FMOD0102"", ""FMOD0120"", ""FMOD0110""]",1.0,True,
200eq,SYNTHETIC_COMPONENT_VOLUME,EXACT,Q6K00535,100,96752,100,35.973991,"[""FMOD0035"", ""FMOD0118"", ""FMOD0102"", ""FMOD0069"", ""FMOD0029"", ""FMOD0030"", ""FMOD0036"", ""FMOD0079"", ""FMOD0120"", ""FMOD0041""]",1.0,True,
200eq,SYNTHETIC_COMPONENT_VOLUME,EXACT,Q6K00537,100,96752,100,39.845669,"[""FMOD0023"", ""FMOD0055"", ""FMOD0069"", ""FMOD0025"", ""FMOD0082"", ""FMOD0100"", ""FMOD0029"", ""FMOD0119"", ""FMOD0036"", ""FMOD0035""]",1.0,True,
200eq,SYNTHETIC_COMPONENT_VOLUME,EXACT,Q6K00538,100,96752,100,39.644555,"[""FMOD0055"", ""FMOD0023"", ""FMOD0069"", ""FMOD0025"", ""FMOD0082"", ""FMOD0100"", ""FMOD0029"", ""FMOD0035"", ""FMOD0114"", ""FMOD0119""]",1.0,True,
200eq,SYNTHETIC_COMPONENT_VOLUME,FAST,Q6K00183,100,96752,51,40.547324,"[""FMOD0023"", ""FMOD0029"", ""FMOD0081"", ""FMOD0036"", ""FMOD0114"", ""FMOD0119"", ""FMOD0035"", ""FMOD0082"", ""FMOD0030"", ""FMOD0120""]",1.0,True,51.0
200eq,SYNTHETIC_COMPONENT_VOLUME,FAST,Q6K00184,100,96752,38,38.176257,"[""FMOD0004"", ""FMOD0067"", ""FMOD0113"", ""FMOD0052"", ""FMOD0036"", ""FMOD0114"", ""FMOD0056"", ""FMOD0101"", ""FMOD0110"", ""FMOD0020""]",0.9,False,38.0
200eq,SYNTHETIC_COMPONENT_VOLUME,FAST,Q6K00193,100,96752,51,39.961597,"[""FMOD0025"", ""FMOD0069"", ""FMOD0023"", ""FMOD0029"", ""FMOD0056"", ""FMOD0055"", ""FMOD0114"", ""FMOD0078"", ""FMOD0096"", ""FMOD0080""]",1.0,True,51.0
200eq,SYNTHETIC_COMPONENT_VOLUME,FAST,Q6K00195,100,96752,8,18.370314,"[""FMOD0061"", ""FMOD0083"", ""FMOD0029"", ""FMOD0119"", ""FMOD0120"", ""FMOD0110"", ""FMOD0025"", ""FMOD0073""]",0.3,False,8.0
200eq,SYNTHETIC_COMPONENT_VOLUME,FAST,Q6K00197,100,96752,57,40.065945,"[""FMOD0069"", ""FMOD0029"", ""FMOD0102"", ""FMOD0114"", ""FMOD0030"", ""FMOD0119"", ""FMOD0005"", ""FMOD0120"", ""FMOD0033"", ""FMOD0036""]",1.0,True,57.0
200eq,SYNTHETIC_COMPONENT_VOLUME,FAST,Q6K00199,100,96752,58,40.44116,"[""FMOD0067"", ""FMOD0069"", ""FMOD0029"", ""FMOD0102"", ""FMOD0119"", ""FMOD0056"", ""FMOD0120"", ""FMOD0030"", ""FMOD0026"", ""FMOD0023""]",1.0,True,58.0
200eq,SYNTHETIC_COMPONENT_VOLUME,FAST,Q6K00200,100,96752,3,3.652256,"[""FMOD0051"", ""FMOD0082"", ""FMOD0120""]",0.3,False,3.0
200eq,SYNTHETIC_COMPONENT_VOLUME,FAST,Q6K00201,100,96752,5,2.815011,"[""FMOD0066"", ""FMOD0055"", ""FMOD0005"", ""FMOD0034"", ""FMOD0050""]",0.2,False,5.0
200eq,SYNTHETIC_COMPONENT_VOLUME,FAST,Q6K00205,100,96752,17,24.637343,"[""FMOD0051"", ""FMOD0023"", ""FMOD0035"", ""FMOD0020"", ""FMOD0016"", ""FMOD0081"", ""FMOD0029"", ""FMOD0065"", ""FMOD0082"", ""FMOD0030""]",0.8,False,17.0
200eq,SYNTHETIC_COMPONENT_VOLUME,FAST,Q6K00206,100,96752,18,26.130825,"[""FMOD0016"", ""FMOD0102"", ""FMOD0029"", ""FMOD0023"", ""FMOD0035"", ""FMOD0082"", ""FMOD0081"", ""FMOD0030"", ""FMOD0091"", ""FMOD0034""]",0.6,False,18.0
200eq,SYNTHETIC_COMPONENT_VOLUME,FAST,Q6K00207,100,96752,22,34.48263,"[""FMOD0023"", ""FMOD0029"", ""FMOD0035"", ""FMOD0120"", ""FMOD0102"", ""FMOD0069"", ""FMOD0119"", ""FMOD0077"", ""FMOD0041"", ""FMOD0114""]",0.8,False,22.0
200eq,SYNTHETIC_COMPONENT_VOLUME,FAST,Q6K00208,100,96752,22,30.560924,"[""FMOD0102"", ""FMOD0079"", ""FMOD0023"", ""FMOD0030"", ""FMOD0029"", ""FMOD0055"", ""FMOD0036"", ""FMOD0120"", ""FMOD0119"", ""FMOD0020""]",0.7,False,22.0
200eq,SYNTHETIC_COMPONENT_VOLUME,FAST,Q6K00212,100,96752,11,27.324804,"[""FMOD0060"", ""FMOD0029"", ""FMOD0023"", ""FMOD0075"", ""FMOD0102"", ""FMOD0030"", ""FMOD0055"", ""FMOD0079"", ""FMOD0069"", ""FMOD0051""]",0.5,False,11.0
200eq,SYNTHETIC_COMPONENT_VOLUME,FAST,Q6K00216,100,96752,14,25.779935,"[""FMOD0016"", ""FMOD0029"", ""FMOD0035"", ""FMOD0023"", ""FMOD0081"", ""FMOD0119"", ""FMOD0114"", ""FMOD0030"", ""FMOD0041"", ""FMOD0036""]",0.7,False,14.0
200eq,SYNTHETIC_COMPONENT_VOLUME,FAST,Q6K00227,100,96752,8,24.242999,"[""FMOD0096"", ""FMOD0029"", ""FMOD0119"", ""FMOD0056"", ""FMOD0069"", ""FMOD0030"", ""FMOD0041"", ""FMOD0081""]",0.5,False,8.0
200eq,SYNTHETIC_COMPONENT_VOLUME,FAST,Q6K00232,100,96752,16,22.46824,"[""FMOD0060"", ""FMOD0029"", ""FMOD0023"", ""FMOD0036"", ""FMOD0075"", ""FMOD0102"", ""FMOD0082"", ""FMOD0055"", ""FMOD0079"", ""FMOD0026""]",0.5,False,16.0
200eq,SYNTHETIC_COMPONENT_VOLUME,FAST,Q6K00235,100,96752,9,24.630872,"[""FMOD0096"", ""FMOD0114"", ""FMOD0029"", ""FMOD0119"", ""FMOD0056"", ""FMOD0069"", ""FMOD0030"", ""FMOD0041"", ""FMOD0081""]",0.7,False,9.0
200eq,SYNTHETIC_COMPONENT_VOLUME,FAST,Q6K00236,100,96752,21,30.116934,"[""FMOD0036"", ""FMOD0119"", ""FMOD0120"", ""FMOD0056"", ""FMOD0082"", ""FMOD0091"", ""FMOD0029"", ""FMOD0035"", ""FMOD0055"", ""FMOD0078""]",0.7,False,21.0
200eq,SYNTHETIC_COMPONENT_VOLUME,FAST,Q6K00237,100,96752,11,22.58302,"[""FMOD0067"", ""FMOD0029"", ""FMOD0120"", ""FMOD0023"", ""FMOD0056"", ""FMOD0082"", ""FMOD0035"", ""FMOD0010"", ""FMOD0004"", ""FMOD0022""]",0.6,False,11.0
200eq,SYNTHETIC_COMPONENT_VOLUME,FAST,Q6K00240,100,96752,49,40.39386,"[""FMOD0069"", ""FMOD0029"", ""FMOD0110"", ""FMOD0104"", ""FMOD0035"", ""FMOD0119"", ""FMOD0043"", ""FMOD0023"", ""FMOD0102"", ""FMOD0083""]",1.0,True,49.0
200eq,SYNTHETIC_COMPONENT_VOLUME,FAST,Q6K00247,100,96752,58,40.440722,"[""FMOD0069"", ""FMOD0060"", ""FMOD0119"", ""FMOD0029"", ""FMOD0023"", ""FMOD0083"", ""FMOD0025"", ""FMOD0110"", ""FMOD0079"", ""FMOD0003""]",1.0,True,58.0
200eq,SYNTHETIC_COMPONENT_VOLUME,FAST,Q6K00251,100,96752,17,33.037433,"[""FMOD0044"", ""FMOD0067"", ""FMOD0119"", ""FMOD0029"", ""FMOD0023"", ""FMOD0120"", ""FMOD0035"", ""FMOD0030"", ""FMOD0041"", ""FMOD0102""]",0.8,False,17.0
200eq,SYNTHETIC_COMPONENT_VOLUME,FAST,Q6K00252,100,96752,52,40.062941,"[""FMOD0043"", ""FMOD0086"", ""FMOD0035"", ""FMOD0023"", ""FMOD0102"", ""FMOD0029"", ""FMOD0096"", ""FMOD0069"", ""FMOD0079"", ""FMOD0024""]",1.0,True,52.0
200eq,SYNTHETIC_COMPONENT_VOLUME,FAST,Q6K00258,100,96752,56,40.112416,"[""FMOD0096"", ""FMOD0001"", ""FMOD0029"", ""FMOD0041"", ""FMOD0035"", ""FMOD0030"", ""FMOD0056"", ""FMOD0120"", ""FMOD0069"", ""FMOD0119""]",1.0,True,56.0
200eq,SYNTHETIC_COMPONENT_VOLUME,FAST,Q6K00259,100,96752,52,40.870613,"[""FMOD0043"", ""FMOD0089"", ""FMOD0035"", ""FMOD0102"", ""FMOD0096"", ""FMOD0023"", ""FMOD0029"", ""FMOD0069"", ""FMOD0079"", ""FMOD0024""]",1.0,True,52.0
200eq,SYNTHETIC_COMPONENT_VOLUME,FAST,Q6K00262,100,96752,60,41.97405,"[""FMOD0069"", ""FMOD0060"", ""FMOD0023"", ""FMOD0025"", ""FMOD0055"", ""FMOD0082"", ""FMOD0100"", ""FMOD0029"", ""FMOD0102"", ""FMOD0119""]",1.0,True,60.0
200eq,SYNTHETIC_COMPONENT_VOLUME,FAST,Q6K00264,100,96752,14,29.737798,"[""FMOD0043"", ""FMOD0066"", ""FMOD0035"", ""FMOD0056"", ""FMOD0023"", ""FMOD0029"", ""FMOD0102"", ""FMOD0120"", ""FMOD0036"", ""FMOD0110""]",0.6,False,14.0
200eq,SYNTHETIC_COMPONENT_VOLUME,FAST,Q6K00267,100,96752,37,40.512514,"[""FMOD0022"", ""FMOD0069"", ""FMOD0034"", ""FMOD0082"", ""FMOD0023"", ""FMOD0055"", ""FMOD0025"", ""FMOD0100"", ""FMOD0072"", ""FMOD0035""]",1.0,True,37.0
200eq,SYNTHETIC_COMPONENT_VOLUME,FAST,Q6K00268,100,96752,55,43.260597,"[""FMOD0077"", ""FMOD0050"", ""FMOD0055"", ""FMOD0083"", ""FMOD0005"", ""FMOD0035"", ""FMOD0114"", ""FMOD0029"", ""FMOD0033"", ""FMOD0069""]",1.0,True,55.0
200eq,SYNTHETIC_COMPONENT_VOLUME,FAST,Q6K00271,100,96752,28,37.347754,"[""FMOD0086"", ""FMOD0050"", ""FMOD0044"", ""FMOD0120"", ""FMOD0029"", ""FMOD0036"", ""FMOD0069"", ""FMOD0102"", ""FMOD0079"", ""FMOD0082""]",0.8,False,28.0
200eq,SYNTHETIC_COMPONENT_VOLUME,FAST,Q6K00273,100,96752,12,28.38639,"[""FMOD0023"", ""FMOD0043"", ""FMOD0029"", ""FMOD0102"", ""FMOD0005"", ""FMOD0030"", ""FMOD0120"", ""FMOD0096"", ""FMOD0035"", ""FMOD0069""]",0.6,False,12.0
200eq,SYNTHETIC_COMPONENT_VOLUME,FAST,Q6K00274,100,96752,36,37.893796,"[""FMOD0004"", ""FMOD0044"", ""FMOD0067"", ""FMOD0113"", ""FMOD0052"", ""FMOD0036"", ""FMOD0114"", ""FMOD0056"", ""FMOD0035"", ""FMOD0020""]",0.9,False,36.0
200eq,SYNTHETIC_COMPONENT_VOLUME,FAST,Q6K00275,100,96752,32,35.899581,"[""FMOD0086"", ""FMOD0074"", ""FMOD0050"", ""FMOD0029"", ""FMOD0056"", ""FMOD0102"", ""FMOD0035"", ""FMOD0114"", ""FMOD0043"", ""FMOD0023""]",0.9,False,32.0
200eq,SYNTHETIC_COMPONENT_VOLUME,FAST,Q6K00283,100,96752,20,27.555745,"[""FMOD0036"", ""FMOD0035"", ""FMOD0029"", ""FMOD0023"", ""FMOD0120"", ""FMOD0082"", ""FMOD0114"", ""FMOD0110"", ""FMOD0005"", ""FMOD0055""]",0.6,False,20.0
200eq,SYNTHETIC_COMPONENT_VOLUME,FAST,Q6K00287,100,96752,47,38.225796,"[""FMOD0003"", ""FMOD0089"", ""FMOD0004"", ""FMOD0063"", ""FMOD0067"", ""FMOD0014"", ""FMOD0113"", ""FMOD0052"", ""FMOD0036"", ""FMOD0114""]",1.0,True,47.0
200eq,SYNTHETIC_COMPONENT_VOLUME,FAST,Q6K00293,100,96752,51,40.509747,"[""FMOD0074"", ""FMOD0043"", ""FMOD0035"", ""FMOD0029"", ""FMOD0023"", ""FMOD0069"", ""FMOD0102"", ""FMOD0096"", ""FMOD0079"", ""FMOD0024""]",1.0,True,51.0
200eq,SYNTHETIC_COMPONENT_VOLUME,FAST,Q6K00295,100,96752,50,43.270376,"[""FMOD0066"", ""FMOD0043"", ""FMOD0102"", ""FMOD0029"", ""FMOD0023"", ""FMOD0069"", ""FMOD0035"", ""FMOD0096"", ""FMOD0079"", ""FMOD0119""]",1.0,True,50.0
200eq,SYNTHETIC_COMPONENT_VOLUME,FAST,Q6K00296,100,96752,20,29.032469,"[""FMOD0060"", ""FMOD0066"", ""FMOD0029"", ""FMOD0102"", ""FMOD0056"", ""FMOD0010"", ""FMOD0036"", ""FMOD0055"", ""FMOD0120"", ""FMOD0023""]",0.8,False,20.0
200eq,SYNTHETIC_COMPONENT_VOLUME,FAST,Q6K00298,100,96752,62,40.864013,"[""FMOD0074"", ""FMOD0036"", ""FMOD0079"", ""FMOD0119"", ""FMOD0120"", ""FMOD0017"", ""FMOD0091"", ""FMOD0056"", ""FMOD0023"", ""FMOD0083""]",1.0,True,62.0
200eq,SYNTHETIC_COMPONENT_VOLUME,FAST,Q6K00299,100,96752,14,26.14807,"[""FMOD0040"", ""FMOD0089"", ""FMOD0029"", ""FMOD0035"", ""FMOD0030"", ""FMOD0055"", ""FMOD0023"", ""FMOD0119"", ""FMOD0020"", ""FMOD0041""]",0.7,False,14.0
200eq,SYNTHETIC_COMPONENT_VOLUME,FAST,Q6K00304,100,96752,31,36.984841,"[""FMOD0077"", ""FMOD0083"", ""FMOD0087"", ""FMOD0023"", ""FMOD0069"", ""FMOD0056"", ""FMOD0020"", ""FMOD0055"", ""FMOD0102"", ""FMOD0025""]",1.0,True,31.0
200eq,SYNTHETIC_COMPONENT_VOLUME,FAST,Q6K00310,100,96752,19,26.466568,"[""FMOD0074"", ""FMOD0005"", ""FMOD0022"", ""FMOD0034"", ""FMOD0035"", ""FMOD0029"", ""FMOD0055"", ""FMOD0102"", ""FMOD0119"", ""FMOD0120""]",0.6,False,19.0
200eq,SYNTHETIC_COMPONENT_VOLUME,FAST,Q6K00313,100,96752,61,40.894962,"[""FMOD0061"", ""FMOD0069"", ""FMOD0083"", ""FMOD0066"", ""FMOD0114"", ""FMOD0029"", ""FMOD0036"", ""FMOD0033"", ""FMOD0030"", ""FMOD0120""]",1.0,True,61.0
200eq,SYNTHETIC_COMPONENT_VOLUME,FAST,Q6K00317,100,96752,13,27.049188,"[""FMOD0061"", ""FMOD0089"", ""FMOD0096"", ""FMOD0029"", ""FMOD0079"", ""FMOD0081"", ""FMOD0056"", ""FMOD0030"", ""FMOD0119"", ""FMOD0069""]",0.5,False,13.0
200eq,SYNTHETIC_COMPONENT_VOLUME,FAST,Q6K00318,100,96752,28,34.142091,"[""FMOD0086"", ""FMOD0004"", ""FMOD0050"", ""FMOD0082"", ""FMOD0067"", ""FMOD0035"", ""FMOD0102"", ""FMOD0029"", ""FMOD0023"", ""FMOD0079""]",0.6,False,28.0
200eq,SYNTHETIC_COMPONENT_VOLUME,FAST,Q6K00325,100,96752,23,33.750256,"[""FMOD0086"", ""FMOD0023"", ""FMOD0050"", ""FMOD0044"", ""FMOD0029"", ""FMOD0035"", ""FMOD0030"", ""FMOD0069"", ""FMOD0079"", ""FMOD0056""]",0.8,False,23.0
200eq,SYNTHETIC_COMPONENT_VOLUME,FAST,Q6K00326,100,96752,25,32.180556,"[""FMOD0099"", ""FMOD0055"", ""FMOD0066"", ""FMOD0010"", ""FMOD0102"", ""FMOD0056"", ""FMOD0112"", ""FMOD0029"", ""FMOD0023"", ""FMOD0081""]",0.9,False,25.0
200eq,SYNTHETIC_COMPONENT_VOLUME,FAST,Q6K00327,100,96752,14,21.218617,"[""FMOD0016"", ""FMOD0051"", ""FMOD0055"", ""FMOD0114"", ""FMOD0081"", ""FMOD0029"", ""FMOD0030"", ""FMOD0020"", ""FMOD0074"", ""FMOD0119""]",0.6,False,14.0
200eq,SYNTHETIC_COMPONENT_VOLUME,FAST,Q6K00332,100,96752,15,32.709217,"[""FMOD0044"", ""FMOD0035"", ""FMOD0029"", ""FMOD0030"", ""FMOD0069"", ""FMOD0119"", ""FMOD0041"", ""FMOD0102"", ""FMOD0023"", ""FMOD0055""]",0.7,False,15.0
200eq,SYNTHETIC_COMPONENT_VOLUME,FAST,Q6K00333,100,96752,57,42.707415,"[""FMOD0069"", ""FMOD0044"", ""FMOD0011"", ""FMOD0119"", ""FMOD0029"", ""FMOD0083"", ""FMOD0025"", ""FMOD0079"", ""FMOD0110"", ""FMOD0035""]",1.0,True,57.0
200eq,SYNTHETIC_COMPONENT_VOLUME,FAST,Q6K00336,100,96752,37,33.515312,"[""FMOD0014"", ""FMOD0023"", ""FMOD0079"", ""FMOD0035"", ""FMOD0082"", ""FMOD0081"", ""FMOD0029"", ""FMOD0120"", ""FMOD0119"", ""FMOD0102""]",1.0,True,37.0
200eq,SYNTHETIC_COMPONENT_VOLUME,FAST,Q6K00338,100,96752,18,31.384172,"[""FMOD0074"", ""FMOD0067"", ""FMOD0003"", ""FMOD0056"", ""FMOD0029"", ""FMOD0119"", ""FMOD0102"", ""FMOD0023"", ""FMOD0120"", ""FMOD0069""]",0.6,False,18.0
200eq,SYNTHETIC_COMPONENT_VOLUME,FAST,Q6K00340,100,96752,10,25.884092,"[""FMOD0025"", ""FMOD0011"", ""FMOD0089"", ""FMOD0029"", ""FMOD0023"", ""FMOD0069"", ""FMOD0119"", ""FMOD0120"", ""FMOD0102"", ""FMOD0110""]",0.7,False,10.0
200eq,SYNTHETIC_COMPONENT_VOLUME,FAST,Q6K00342,100,96752,60,40.298186,"[""FMOD0087"", ""FMOD0053"", ""FMOD0114"", ""FMOD0023"", ""FMOD0052"", ""FMOD0040"", ""FMOD0069"", ""FMOD0029"", ""FMOD0002"", ""FMOD0056""]",1.0,True,60.0
200eq,SYNTHETIC_COMPONENT_VOLUME,FAST,Q6K00343,100,96752,19,27.525744,"[""FMOD0087"", ""FMOD0016"", ""FMOD0041"", ""FMOD0055"", ""FMOD0030"", ""FMOD0029"", ""FMOD0023"", ""FMOD0102"", ""FMOD0119"", ""FMOD0082""]",0.8,False,19.0
200eq,SYNTHETIC_COMPONENT_VOLUME,FAST,Q6K00344,100,96752,32,35.691387,"[""FMOD0023"", ""FMOD0025"", ""FMOD0043"", ""FMOD0069"", ""FMOD0029"", ""FMOD0030"", ""FMOD0082"", ""FMOD0055"", ""FMOD0035"", ""FMOD0040""]",1.0,True,32.0
200eq,SYNTHETIC_COMPONENT_VOLUME,FAST,Q6K00351,100,96752,19,24.945706,"[""FMOD0005"", ""FMOD0099"", ""FMOD0022"", ""FMOD0034"", ""FMOD0082"", ""FMOD0055"", ""FMOD0029"", ""FMOD0020"", ""FMOD0119"", ""FMOD0030""]",1.0,True,19.0
200eq,SYNTHETIC_COMPONENT_VOLUME,FAST,Q6K00355,100,96752,59,40.752599,"[""FMOD0043"", ""FMOD0023"", ""FMOD0035"", ""FMOD0077"", ""FMOD0016"", ""FMOD0029"", ""FMOD0102"", ""FMOD0119"", ""FMOD0069"", ""FMOD0030""]",1.0,True,59.0
200eq,SYNTHETIC_COMPONENT_VOLUME,FAST,Q6K00359,100,96752,28,35.08415,"[""FMOD0086"", ""FMOD0087"", ""FMOD0044"", ""FMOD0081"", ""FMOD0039"", ""FMOD0056"", ""FMOD0029"", ""FMOD0079"", ""FMOD0102"", ""FMOD0036""]",0.9,False,28.0
200eq,SYNTHETIC_COMPONENT_VOLUME,FAST,Q6K00360,100,96752,13,27.279149,"[""FMOD0066"", ""FMOD0060"", ""FMOD0043"", ""FMOD0030"", ""FMOD0055"", ""FMOD0023"", ""FMOD0102"", ""FMOD0029"", ""FMOD0069"", ""FMOD0005""]",0.5,False,13.0
200eq,SYNTHETIC_COMPONENT_VOLUME,FAST,Q6K00363,100,96752,38,37.925271,"[""FMOD0066"", ""FMOD0029"", ""FMOD0102"", ""FMOD0056"", ""FMOD0119"", ""FMOD0114"", ""FMOD0069"", ""FMOD0120"", ""FMOD0035"", ""FMOD0023""]",1.0,True,38.0
200eq,SYNTHETIC_COMPONENT_VOLUME,FAST,Q6K00365,100,96752,14,10.498305,"[""FMOD0087"", ""FMOD0035"", ""FMOD0023"", ""FMOD0119"", ""FMOD0036"", ""FMOD0082"", ""FMOD0081"", ""FMOD0102"", ""FMOD0020"", ""FMOD0039""]",0.6,False,14.0
200eq,SYNTHETIC_COMPONENT_VOLUME,FAST,Q6K00372,100,96752,19,31.331811,"[""FMOD0023"", ""FMOD0035"", ""FMOD0020"", ""FMOD0016"", ""FMOD0051"", ""FMOD0029"", ""FMOD0030"", ""FMOD0119"", ""FMOD0102"", ""FMOD0069""]",1.0,True,19.0
200eq,SYNTHETIC_COMPONENT_VOLUME,FAST,Q6K00375,100,96752,62,40.465259,"[""FMOD0099"", ""FMOD0023"", ""FMOD0069"", ""FMOD0025"", ""FMOD0055"", ""FMOD0082"", ""FMOD0029"", ""FMOD0083"", ""FMOD0119"", ""FMOD0035""]",1.0,True,62.0
200eq,SYNTHETIC_COMPONENT_VOLUME,FAST,Q6K00377,100,96752,30,34.837527,"[""FMOD0082"", ""FMOD0022"", ""FMOD0023"", ""FMOD0069"", ""FMOD0055"", ""FMOD0025"", ""FMOD0100"", ""FMOD0029"", ""FMOD0035"", ""FMOD0036""]",0.8,False,30.0
200eq,SYNTHETIC_COMPONENT_VOLUME,FAST,Q6K00378,100,96752,56,42.350838,"[""FMOD0010"", ""FMOD0023"", ""FMOD0030"", ""FMOD0041"", ""FMOD0055"", ""FMOD0029"", ""FMOD0083"", ""FMOD0025"", ""FMOD0045"", ""FMOD0079""]",1.0,True,56.0
200eq,SYNTHETIC_COMPONENT_VOLUME,FAST,Q6K00380,100,96752,33,36.986837,"[""FMOD0023"", ""FMOD0029"", ""FMOD0030"", ""FMOD0035"", ""FMOD0082"", ""FMOD0119"", ""FMOD0102"", ""FMOD0110"", ""FMOD0036"", ""FMOD0120""]",1.0,True,33.0
200eq,SYNTHETIC_COMPONENT_VOLUME,FAST,Q6K00384,100,96752,18,29.727451,"[""FMOD0083"", ""FMOD0029"", ""FMOD0069"", ""FMOD0120"", ""FMOD0056"", ""FMOD0119"", ""FMOD0055"", ""FMOD0102"", ""FMOD0023"", ""FMOD0041""]",0.6,False,18.0
200eq,SYNTHETIC_COMPONENT_VOLUME,FAST,Q6K00389,100,96752,25,33.434464,"[""FMOD0055"", ""FMOD0034"", ""FMOD0039"", ""FMOD0065"", ""FMOD0023"", ""FMOD0035"", ""FMOD0029"", ""FMOD0030"", ""FMOD0081"", ""FMOD0102""]",0.8,False,25.0
200eq,SYNTHETIC_COMPONENT_VOLUME,FAST,Q6K00390,100,96752,49,38.644558,"[""FMOD0023"", ""FMOD0102"", ""FMOD0029"", ""FMOD0119"", ""FMOD0120"", ""FMOD0114"", ""FMOD0069"", ""FMOD0035"", ""FMOD0056"", ""FMOD0082""]",1.0,True,49.0
200eq,SYNTHETIC_COMPONENT_VOLUME,FAST,Q6K00393,100,96752,24,32.63074,"[""FMOD0029"", ""FMOD0023"", ""FMOD0102"", ""FMOD0119"", ""FMOD0113"", ""FMOD0053"", ""FMOD0083"", ""FMOD0036"", ""FMOD0114"", ""FMOD0035""]",0.7,False,24.0
200eq,SYNTHETIC_COMPONENT_VOLUME,FAST,Q6K00395,100,96752,46,39.255655,"[""FMOD0053"", ""FMOD0069"", ""FMOD0035"", ""FMOD0023"", ""FMOD0029"", ""FMOD0056"", ""FMOD0119"", ""FMOD0036"", ""FMOD0112"", ""FMOD0004""]",1.0,True,46.0
200eq,SYNTHETIC_COMPONENT_VOLUME,FAST,Q6K00396,100,96752,21,32.912082,"[""FMOD0066"", ""FMOD0035"", ""FMOD0023"", ""FMOD0051"", ""FMOD0081"", ""FMOD0029"", ""FMOD0119"", ""FMOD0102"", ""FMOD0041"", ""FMOD0120""]",0.8,False,21.0
200eq,SYNTHETIC_COMPONENT_VOLUME,FAST,Q6K00400,100,96752,64,40.800021,"[""FMOD0023"", ""FMOD0025"", ""FMOD0035"", ""FMOD0069"", ""FMOD0030"", ""FMOD0055"", ""FMOD0078"", ""FMOD0100"", ""FMOD0036"", ""FMOD0056""]",1.0,True,64.0
200eq,SYNTHETIC_COMPONENT_VOLUME,FAST,Q6K00403,100,96752,39,38.120238,"[""FMOD0035"", ""FMOD0033"", ""FMOD0029"", ""FMOD0119"", ""FMOD0120"", ""FMOD0078"", ""FMOD0024"", ""FMOD0080"", ""FMOD0108"", ""FMOD0102""]",1.0,True,39.0
200eq,SYNTHETIC_COMPONENT_VOLUME,FAST,Q6K00405,100,96752,12,23.116958,"[""FMOD0016"", ""FMOD0102"", ""FMOD0029"", ""FMOD0023"", ""FMOD0082"", ""FMOD0035"", ""FMOD0055"", ""FMOD0041"", ""FMOD0040"", ""FMOD0110""]",0.6,False,12.0
200eq,SYNTHETIC_COMPONENT_VOLUME,FAST,Q6K00407,100,96752,16,31.664584,"[""FMOD0005"", ""FMOD0029"", ""FMOD0120"", ""FMOD0069"", ""FMOD0030"", ""FMOD0102"", ""FMOD0023"", ""FMOD0020"", ""FMOD0010"", ""FMOD0110""]",0.8,False,16.0
200eq,SYNTHETIC_COMPONENT_VOLUME,FAST,Q6K00410,100,96752,13,23.74011,"[""FMOD0005"", ""FMOD0030"", ""FMOD0023"", ""FMOD0082"", ""FMOD0089"", ""FMOD0035"", ""FMOD0055"", ""FMOD0029"", ""FMOD0063"", ""FMOD0034""]",0.8,False,13.0
200eq,SYNTHETIC_COMPONENT_VOLUME,FAST,Q6K00417,100,96752,24,29.410056,"[""FMOD0051"", ""FMOD0082"", ""FMOD0081"", ""FMOD0035"", ""FMOD0021"", ""FMOD0065"", ""FMOD0036"", ""FMOD0120"", ""FMOD0075"", ""FMOD0069""]",0.6,False,24.0
200eq,SYNTHETIC_COMPONENT_VOLUME,FAST,Q6K00420,100,96752,36,38.044166,"[""FMOD0036"", ""FMOD0004"", ""FMOD0067"", ""FMOD0119"", ""FMOD0029"", ""FMOD0035"", ""FMOD0079"", ""FMOD0120"", ""FMOD0023"", ""FMOD0055""]",1.0,True,36.0
200eq,SYNTHETIC_COMPONENT_VOLUME,FAST,Q6K00422,100,96752,20,24.288266,"[""FMOD0053"", ""FMOD0083"", ""FMOD0023"", ""FMOD0081"", ""FMOD0029"", ""FMOD0036"", ""FMOD0091"", ""FMOD0055"", ""FMOD0020"", ""FMOD0102""]",0.5,False,20.0
200eq,SYNTHETIC_COMPONENT_VOLUME,FAST,Q6K00423,100,96752,38,37.163712,"[""FMOD0061"", ""FMOD0004"", ""FMOD0086"", ""FMOD0035"", ""FMOD0029"", ""FMOD0010"", ""FMOD0033"", ""FMOD0056"", ""FMOD0014"", ""FMOD0102""]",1.0,True,38.0
200eq,SYNTHETIC_COMPONENT_VOLUME,FAST,Q6K00424,100,96752,39,38.968105,"[""FMOD0053"", ""FMOD0102"", ""FMOD0029"", ""FMOD0082"", ""FMOD0039"", ""FMOD0034"", ""FMOD0023"", ""FMOD0035"", ""FMOD0077"", ""FMOD0114""]",1.0,True,39.0
200eq,SYNTHETIC_COMPONENT_VOLUME,FAST,Q6K00427,100,96752,19,23.445378,"[""FMOD0081"", ""FMOD0005"", ""FMOD0035"", ""FMOD0082"", ""FMOD0055"", ""FMOD0056"", ""FMOD0043"", ""FMOD0034"", ""FMOD0072"", ""FMOD0002""]",1.0,False,19.0
200eq,SYNTHETIC_COMPONENT_VOLUME,FAST,Q6K00435,100,96752,24,32.488788,"[""FMOD0099"", ""FMOD0069"", ""FMOD0029"", ""FMOD0119"", ""FMOD0023"", ""FMOD0035"", ""FMOD0102"", ""FMOD0120"", ""FMOD0114"", ""FMOD0110""]",0.8,False,24.0
200eq,SYNTHETIC_COMPONENT_VOLUME,FAST,Q6K00436,100,96752,36,36.220905,"[""FMOD0099"", ""FMOD0044"", ""FMOD0029"", ""FMOD0030"", ""FMOD0035"", ""FMOD0023"", ""FMOD0119"", ""FMOD0036"", ""FMOD0120"", ""FMOD0069""]",1.0,True,36.0
200eq,SYNTHETIC_COMPONENT_VOLUME,FAST,Q6K00438,100,96752,9,19.495072,"[""FMOD0022"", ""FMOD0055"", ""FMOD0029"", ""FMOD0030"", ""FMOD0010"", ""FMOD0119"", ""FMOD0096"", ""FMOD0074"", ""FMOD0044""]",0.4,False,9.0
200eq,SYNTHETIC_COMPONENT_VOLUME,FAST,Q6K00442,100,96752,15,24.320655,"[""FMOD0087"", ""FMOD0029"", ""FMOD0081"", ""FMOD0120"", ""FMOD0102"", ""FMOD0082"", ""FMOD0079"", ""FMOD0119"", ""FMOD0110"", ""FMOD0036""]",0.8,False,15.0
200eq,SYNTHETIC_COMPONENT_VOLUME,FAST,Q6K00443,100,96752,25,36.106715,"[""FMOD0035"", ""FMOD0011"", ""FMOD0023"", ""FMOD0041"", ""FMOD0082"", ""FMOD0119"", ""FMOD0102"", ""FMOD0079"", ""FMOD0060"", ""FMOD0030""]",0.8,False,25.0
200eq,SYNTHETIC_COMPONENT_VOLUME,FAST,Q6K00444,100,96752,18,27.544628,"[""FMOD0003"", ""FMOD0022"", ""FMOD0034"", ""FMOD0120"", ""FMOD0119"", ""FMOD0102"", ""FMOD0036"", ""FMOD0023"", ""FMOD0055"", ""FMOD0029""]",0.6,False,18.0
200eq,SYNTHETIC_COMPONENT_VOLUME,FAST,Q6K00446,100,96752,36,39.779734,"[""FMOD0082"", ""FMOD0067"", ""FMOD0060"", ""FMOD0035"", ""FMOD0023"", ""FMOD0101"", ""FMOD0021"", ""FMOD0097"", ""FMOD0022"", ""FMOD0081""]",1.0,True,36.0
200eq,SYNTHETIC_COMPONENT_VOLUME,FAST,Q6K00453,100,96752,24,35.888913,"[""FMOD0044"", ""FMOD0079"", ""FMOD0029"", ""FMOD0114"", ""FMOD0030"", ""FMOD0035"", ""FMOD0119"", ""FMOD0120"", ""FMOD0023"", ""FMOD0110""]",0.8,False,24.0
200eq,SYNTHETIC_COMPONENT_VOLUME,FAST,Q6K00456,100,96752,35,34.364978,"[""FMOD0004"", ""FMOD0016"", ""FMOD0067"", ""FMOD0113"", ""FMOD0052"", ""FMOD0036"", ""FMOD0114"", ""FMOD0029"", ""FMOD0023"", ""FMOD0056""]",0.9,False,35.0
200eq,SYNTHETIC_COMPONENT_VOLUME,FAST,Q6K00458,100,96752,11,24.202436,"[""FMOD0079"", ""FMOD0016"", ""FMOD0030"", ""FMOD0029"", ""FMOD0102"", ""FMOD0119"", ""FMOD0120"", ""FMOD0041"", ""FMOD0110"", ""FMOD0055""]",0.5,False,11.0
200eq,SYNTHETIC_COMPONENT_VOLUME,FAST,Q6K00461,100,96752,6,16.620875,"[""FMOD0001"", ""FMOD0003"", ""FMOD0089"", ""FMOD0035"", ""FMOD0029"", ""FMOD0041""]",0.5,False,6.0
200eq,SYNTHETIC_COMPONENT_VOLUME,FAST,Q6K00465,100,96752,18,25.983927,"[""FMOD0083"", ""FMOD0096"", ""FMOD0029"", ""FMOD0110"", ""FMOD0119"", ""FMOD0005"", ""FMOD0120"", ""FMOD0055"", ""FMOD0041"", ""FMOD0114""]",0.7,False,18.0
200eq,SYNTHETIC_COMPONENT_VOLUME,FAST,Q6K00470,100,96752,40,38.327548,"[""FMOD0060"", ""FMOD0102"", ""FMOD0029"", ""FMOD0061"", ""FMOD0120"", ""FMOD0119"", ""FMOD0056"", ""FMOD0114"", ""FMOD0069"", ""FMOD0035""]",1.0,True,40.0
200eq,SYNTHETIC_COMPONENT_VOLUME,FAST,Q6K00471,100,96752,18,30.15821,"[""FMOD0025"", ""FMOD0099"", ""FMOD0029"", ""FMOD0114"", ""FMOD0120"", ""FMOD0023"", ""FMOD0069"", ""FMOD0102"", ""FMOD0110"", ""FMOD0119""]",0.5,False,18.0
200eq,SYNTHETIC_COMPONENT_VOLUME,FAST,Q6K00473,100,96752,42,37.309955,"[""FMOD0086"", ""FMOD0079"", ""FMOD0056"", ""FMOD0078"", ""FMOD0097"", ""FMOD0036"", ""FMOD0117"", ""FMOD0083"", ""FMOD0119"", ""FMOD0114""]",1.0,True,42.0
200eq,SYNTHETIC_COMPONENT_VOLUME,FAST,Q6K00479,100,96752,16,24.309846,"[""FMOD0066"", ""FMOD0022"", ""FMOD0034"", ""FMOD0082"", ""FMOD0035"", ""FMOD0029"", ""FMOD0030"", ""FMOD0055"", ""FMOD0102"", ""FMOD0119""]",0.6,False,16.0
200eq,SYNTHETIC_COMPONENT_VOLUME,FAST,Q6K00481,100,96752,23,32.545477,"[""FMOD0035"", ""FMOD0023"", ""FMOD0051"", ""FMOD0081"", ""FMOD0029"", ""FMOD0119"", ""FMOD0102"", ""FMOD0082"", ""FMOD0120"", ""FMOD0041""]",0.9,False,23.0
200eq,SYNTHETIC_COMPONENT_VOLUME,FAST,Q6K00484,100,96752,4,16.52608,"[""FMOD0029"", ""FMOD0035"", ""FMOD0114"", ""FMOD0041""]",0.2,False,4.0
200eq,SYNTHETIC_COMPONENT_VOLUME,FAST,Q6K00485,100,96752,38,37.839549,"[""FMOD0069"", ""FMOD0035"", ""FMOD0023"", ""FMOD0119"", ""FMOD0029"", ""FMOD0056"", ""FMOD0036"", ""FMOD0112"", ""FMOD0067"", ""FMOD0078""]",1.0,True,38.0
200eq,SYNTHETIC_COMPONENT_VOLUME,FAST,Q6K00489,100,96752,24,32.458361,"[""FMOD0080"", ""FMOD0086"", ""FMOD0015"", ""FMOD0107"", ""FMOD0029"", ""FMOD0023"", ""FMOD0102"", ""FMOD0082"", ""FMOD0030"", ""FMOD0069""]",0.9,False,24.0
200eq,SYNTHETIC_COMPONENT_VOLUME,FAST,Q6K00495,100,96752,64,41.257943,"[""FMOD0083"", ""FMOD0096"", ""FMOD0029"", ""FMOD0023"", ""FMOD0119"", ""FMOD0035"", ""FMOD0110"", ""FMOD0069"", ""FMOD0036"", ""FMOD0030""]",1.0,True,64.0
200eq,SYNTHETIC_COMPONENT_VOLUME,FAST,Q6K00498,100,96752,29,36.475689,"[""FMOD0069"", ""FMOD0023"", ""FMOD0055"", ""FMOD0082"", ""FMOD0025"", ""FMOD0100"", ""FMOD0029"", ""FMOD0035"", ""FMOD0120"", ""FMOD0036""]",0.9,False,29.0
200eq,SYNTHETIC_COMPONENT_VOLUME,FAST,Q6K00507,100,96752,19,24.999389,"[""FMOD0082"", ""FMOD0039"", ""FMOD0034"", ""FMOD0023"", ""FMOD0035"", ""FMOD0065"", ""FMOD0059"", ""FMOD0016"", ""FMOD0021"", ""FMOD0030""]",1.0,False,19.0
200eq,SYNTHETIC_COMPONENT_VOLUME,FAST,Q6K00511,100,96752,57,41.940802,"[""FMOD0010"", ""FMOD0030"", ""FMOD0041"", ""FMOD0055"", ""FMOD0029"", ""FMOD0083"", ""FMOD0045"", ""FMOD0025"", ""FMOD0079"", ""FMOD0023""]",0.9,False,57.0
200eq,SYNTHETIC_COMPONENT_VOLUME,FAST,Q6K00512,100,96752,40,31.661039,"[""FMOD0035"", ""FMOD0023"", ""FMOD0119"", ""FMOD0029"", ""FMOD0110"", ""FMOD0108"", ""FMOD0036"", ""FMOD0042"", ""FMOD0107"", ""FMOD0060""]",1.0,True,40.0
200eq,SYNTHETIC_COMPONENT_VOLUME,FAST,Q6K00513,100,96752,54,39.116644,"[""FMOD0029"", ""FMOD0110"", ""FMOD0056"", ""FMOD0023"", ""FMOD0083"", ""FMOD0119"", ""FMOD0036"", ""FMOD0112"", ""FMOD0078"", ""FMOD0114""]",1.0,False,54.0
200eq,SYNTHETIC_COMPONENT_VOLUME,FAST,Q6K00517,100,96752,33,40.23591,"[""FMOD0082"", ""FMOD0021"", ""FMOD0081"", ""FMOD0039"", ""FMOD0034"", ""FMOD0029"", ""FMOD0023"", ""FMOD0119"", ""FMOD0102"", ""FMOD0035""]",0.9,False,33.0
200eq,SYNTHETIC_COMPONENT_VOLUME,FAST,Q6K00518,100,96752,57,38.974718,"[""FMOD0029"", ""FMOD0035"", ""FMOD0102"", ""FMOD0119"", ""FMOD0110"", ""FMOD0096"", ""FMOD0114"", ""FMOD0108"", ""FMOD0018"", ""FMOD0010""]",1.0,True,57.0
200eq,SYNTHETIC_COMPONENT_VOLUME,FAST,Q6K00523,100,96752,31,34.234032,"[""FMOD0082"", ""FMOD0081"", ""FMOD0039"", ""FMOD0034"", ""FMOD0029"", ""FMOD0035"", ""FMOD0119"", ""FMOD0102"", ""FMOD0120"", ""FMOD0036""]",0.8,False,31.0
200eq,SYNTHETIC_COMPONENT_VOLUME,FAST,Q6K00528,100,96752,25,34.623843,"[""FMOD0035"", ""FMOD0023"", ""FMOD0051"", ""FMOD0081"", ""FMOD0029"", ""FMOD0119"", ""FMOD0030"", ""FMOD0082"", ""FMOD0102"", ""FMOD0055""]",0.8,False,25.0
200eq,SYNTHETIC_COMPONENT_VOLUME,FAST,Q6K00530,100,96752,35,37.484943,"[""FMOD0069"", ""FMOD0035"", ""FMOD0023"", ""FMOD0029"", ""FMOD0119"", ""FMOD0056"", ""FMOD0036"", ""FMOD0112"", ""FMOD0067"", ""FMOD0078""]",1.0,True,35.0
200eq,SYNTHETIC_COMPONENT_VOLUME,FAST,Q6K00531,100,96752,31,36.450883,"[""FMOD0082"", ""FMOD0081"", ""FMOD0029"", ""FMOD0035"", ""FMOD0023"", ""FMOD0119"", ""FMOD0030"", ""FMOD0102"", ""FMOD0110"", ""FMOD0036""]",0.8,False,31.0
200eq,SYNTHETIC_COMPONENT_VOLUME,FAST,Q6K00533,100,96752,12,26.207412,"[""FMOD0029"", ""FMOD0114"", ""FMOD0023"", ""FMOD0030"", ""FMOD0035"", ""FMOD0069"", ""FMOD0082"", ""FMOD0020"", ""FMOD0010"", ""FMOD0080""]",0.5,False,12.0
200eq,SYNTHETIC_COMPONENT_VOLUME,FAST,Q6K00535,100,96752,52,34.068646,"[""FMOD0035"", ""FMOD0118"", ""FMOD0102"", ""FMOD0069"", ""FMOD0029"", ""FMOD0030"", ""FMOD0036"", ""FMOD0079"", ""FMOD0120"", ""FMOD0041""]",1.0,True,52.0
200eq,SYNTHETIC_COMPONENT_VOLUME,FAST,Q6K00537,100,96752,28,32.222618,"[""FMOD0055"", ""FMOD0023"", ""FMOD0069"", ""FMOD0025"", ""FMOD0082"", ""FMOD0100"", ""FMOD0029"", ""FMOD0036"", ""FMOD0035"", ""FMOD0030""]",0.9,False,28.0
200eq,SYNTHETIC_COMPONENT_VOLUME,FAST,Q6K00538,100,96752,39,36.041396,"[""FMOD0055"", ""FMOD0023"", ""FMOD0025"", ""FMOD0069"", ""FMOD0082"", ""FMOD0100"", ""FMOD0029"", ""FMOD0035"", ""FMOD0114"", ""FMOD0119""]",1.0,False,39.0
200eq,SYNTHETIC_COMPONENT_VOLUME,BALANCED,Q6K00183,100,96752,92,42.391791,"[""FMOD0023"", ""FMOD0029"", ""FMOD0081"", ""FMOD0036"", ""FMOD0114"", ""FMOD0119"", ""FMOD0035"", ""FMOD0082"", ""FMOD0030"", ""FMOD0120""]",1.0,True,92.0
200eq,SYNTHETIC_COMPONENT_VOLUME,BALANCED,Q6K00184,100,96752,96,40.585334,"[""FMOD0004"", ""FMOD0067"", ""FMOD0113"", ""FMOD0052"", ""FMOD0036"", ""FMOD0114"", ""FMOD0056"", ""FMOD0101"", ""FMOD0110"", ""FMOD0081""]",1.0,True,96.0
200eq,SYNTHETIC_COMPONENT_VOLUME,BALANCED,Q6K00193,100,96752,94,41.775664,"[""FMOD0025"", ""FMOD0069"", ""FMOD0023"", ""FMOD0029"", ""FMOD0056"", ""FMOD0055"", ""FMOD0114"", ""FMOD0078"", ""FMOD0096"", ""FMOD0080""]",1.0,True,94.0
200eq,SYNTHETIC_COMPONENT_VOLUME,BALANCED,Q6K00195,100,96752,91,42.426656,"[""FMOD0061"", ""FMOD0083"", ""FMOD0029"", ""FMOD0056"", ""FMOD0102"", ""FMOD0091"", ""FMOD0023"", ""FMOD0081"", ""FMOD0114"", ""FMOD0030""]",1.0,True,91.0
200eq,SYNTHETIC_COMPONENT_VOLUME,BALANCED,Q6K00197,100,96752,81,41.47607,"[""FMOD0069"", ""FMOD0029"", ""FMOD0102"", ""FMOD0114"", ""FMOD0030"", ""FMOD0119"", ""FMOD0005"", ""FMOD0120"", ""FMOD0033"", ""FMOD0036""]",1.0,True,81.0
200eq,SYNTHETIC_COMPONENT_VOLUME,BALANCED,Q6K00199,100,96752,97,40.870528,"[""FMOD0067"", ""FMOD0069"", ""FMOD0029"", ""FMOD0102"", ""FMOD0119"", ""FMOD0056"", ""FMOD0120"", ""FMOD0030"", ""FMOD0026"", ""FMOD0023""]",1.0,True,97.0
200eq,SYNTHETIC_COMPONENT_VOLUME,BALANCED,Q6K00200,100,96752,88,42.185594,"[""FMOD0051"", ""FMOD0023"", ""FMOD0029"", ""FMOD0035"", ""FMOD0016"", ""FMOD0081"", ""FMOD0120"", ""FMOD0082"", ""FMOD0079"", ""FMOD0020""]",1.0,True,88.0
200eq,SYNTHETIC_COMPONENT_VOLUME,BALANCED,Q6K00201,100,96752,93,41.695859,"[""FMOD0066"", ""FMOD0055"", ""FMOD0030"", ""FMOD0029"", ""FMOD0010"", ""FMOD0041"", ""FMOD0036"", ""FMOD0102"", ""FMOD0112"", ""FMOD0120""]",1.0,True,93.0
200eq,SYNTHETIC_COMPONENT_VOLUME,BALANCED,Q6K00205,100,96752,89,41.695841,"[""FMOD0051"", ""FMOD0023"", ""FMOD0035"", ""FMOD0020"", ""FMOD0016"", ""FMOD0081"", ""FMOD0119"", ""FMOD0029"", ""FMOD0065"", ""FMOD0114""]",1.0,True,89.0
200eq,SYNTHETIC_COMPONENT_VOLUME,BALANCED,Q6K00206,100,96752,90,40.87943,"[""FMOD0016"", ""FMOD0102"", ""FMOD0031"", ""FMOD0029"", ""FMOD0023"", ""FMOD0035"", ""FMOD0082"", ""FMOD0065"", ""FMOD0114"", ""FMOD0033""]",1.0,True,90.0
200eq,SYNTHETIC_COMPONENT_VOLUME,BALANCED,Q6K00207,100,96752,89,40.797415,"[""FMOD0023"", ""FMOD0029"", ""FMOD0035"", ""FMOD0120"", ""FMOD0102"", ""FMOD0069"", ""FMOD0119"", ""FMOD0077"", ""FMOD0082"", ""FMOD0110""]",1.0,True,89.0
200eq,SYNTHETIC_COMPONENT_VOLUME,BALANCED,Q6K00208,100,96752,90,40.88591,"[""FMOD0102"", ""FMOD0079"", ""FMOD0023"", ""FMOD0030"", ""FMOD0029"", ""FMOD0055"", ""FMOD0035"", ""FMOD0082"", ""FMOD0036"", ""FMOD0014""]",1.0,True,90.0
200eq,SYNTHETIC_COMPONENT_VOLUME,BALANCED,Q6K00212,100,96752,96,43.969148,"[""FMOD0060"", ""FMOD0029"", ""FMOD0023"", ""FMOD0082"", ""FMOD0075"", ""FMOD0096"", ""FMOD0102"", ""FMOD0056"", ""FMOD0036"", ""FMOD0081""]",1.0,True,96.0
200eq,SYNTHETIC_COMPONENT_VOLUME,BALANCED,Q6K00216,100,96752,84,41.174229,"[""FMOD0016"", ""FMOD0029"", ""FMOD0035"", ""FMOD0023"", ""FMOD0081"", ""FMOD0079"", ""FMOD0119"", ""FMOD0102"", ""FMOD0114"", ""FMOD0056""]",1.0,True,84.0
200eq,SYNTHETIC_COMPONENT_VOLUME,BALANCED,Q6K00227,100,96752,80,41.222806,"[""FMOD0096"", ""FMOD0029"", ""FMOD0023"", ""FMOD0120"", ""FMOD0119"", ""FMOD0035"", ""FMOD0056"", ""FMOD0113"", ""FMOD0069"", ""FMOD0025""]",1.0,True,80.0
200eq,SYNTHETIC_COMPONENT_VOLUME,BALANCED,Q6K00232,100,96752,94,41.499933,"[""FMOD0060"", ""FMOD0029"", ""FMOD0023"", ""FMOD0086"", ""FMOD0056"", ""FMOD0043"", ""FMOD0110"", ""FMOD0044"", ""FMOD0036"", ""FMOD0075""]",1.0,True,94.0
200eq,SYNTHETIC_COMPONENT_VOLUME,BALANCED,Q6K00235,100,96752,79,41.092738,"[""FMOD0096"", ""FMOD0114"", ""FMOD0029"", ""FMOD0120"", ""FMOD0119"", ""FMOD0023"", ""FMOD0035"", ""FMOD0056"", ""FMOD0069"", ""FMOD0030""]",1.0,True,79.0
200eq,SYNTHETIC_COMPONENT_VOLUME,BALANCED,Q6K00236,100,96752,94,43.130004,"[""FMOD0036"", ""FMOD0119"", ""FMOD0079"", ""FMOD0120"", ""FMOD0056"", ""FMOD0086"", ""FMOD0082"", ""FMOD0091"", ""FMOD0029"", ""FMOD0102""]",1.0,True,94.0
200eq,SYNTHETIC_COMPONENT_VOLUME,BALANCED,Q6K00237,100,96752,96,43.216278,"[""FMOD0067"", ""FMOD0029"", ""FMOD0119"", ""FMOD0120"", ""FMOD0023"", ""FMOD0102"", ""FMOD0056"", ""FMOD0082"", ""FMOD0110"", ""FMOD0069""]",1.0,True,96.0
200eq,SYNTHETIC_COMPONENT_VOLUME,BALANCED,Q6K00240,100,96752,79,41.01645,"[""FMOD0069"", ""FMOD0029"", ""FMOD0110"", ""FMOD0104"", ""FMOD0035"", ""FMOD0119"", ""FMOD0043"", ""FMOD0023"", ""FMOD0102"", ""FMOD0083""]",1.0,True,79.0
200eq,SYNTHETIC_COMPONENT_VOLUME,BALANCED,Q6K00247,100,96752,95,41.910764,"[""FMOD0069"", ""FMOD0060"", ""FMOD0119"", ""FMOD0029"", ""FMOD0023"", ""FMOD0083"", ""FMOD0025"", ""FMOD0110"", ""FMOD0079"", ""FMOD0003""]",1.0,True,95.0
200eq,SYNTHETIC_COMPONENT_VOLUME,BALANCED,Q6K00251,100,96752,90,40.065119,"[""FMOD0044"", ""FMOD0067"", ""FMOD0119"", ""FMOD0029"", ""FMOD0023"", ""FMOD0120"", ""FMOD0113"", ""FMOD0086"", ""FMOD0035"", ""FMOD0030""]",1.0,True,90.0
200eq,SYNTHETIC_COMPONENT_VOLUME,BALANCED,Q6K00252,100,96752,92,41.070017,"[""FMOD0043"", ""FMOD0086"", ""FMOD0035"", ""FMOD0023"", ""FMOD0102"", ""FMOD0029"", ""FMOD0096"", ""FMOD0069"", ""FMOD0079"", ""FMOD0024""]",1.0,True,92.0
200eq,SYNTHETIC_COMPONENT_VOLUME,BALANCED,Q6K00258,100,96752,93,42.094385,"[""FMOD0096"", ""FMOD0001"", ""FMOD0029"", ""FMOD0041"", ""FMOD0035"", ""FMOD0030"", ""FMOD0056"", ""FMOD0120"", ""FMOD0069"", ""FMOD0119""]",1.0,True,93.0
200eq,SYNTHETIC_COMPONENT_VOLUME,BALANCED,Q6K00259,100,96752,93,42.207549,"[""FMOD0043"", ""FMOD0089"", ""FMOD0035"", ""FMOD0102"", ""FMOD0096"", ""FMOD0023"", ""FMOD0029"", ""FMOD0069"", ""FMOD0079"", ""FMOD0024""]",1.0,True,93.0
200eq,SYNTHETIC_COMPONENT_VOLUME,BALANCED,Q6K00262,100,96752,92,41.639504,"[""FMOD0069"", ""FMOD0060"", ""FMOD0023"", ""FMOD0025"", ""FMOD0055"", ""FMOD0082"", ""FMOD0100"", ""FMOD0029"", ""FMOD0102"", ""FMOD0119""]",1.0,True,92.0
200eq,SYNTHETIC_COMPONENT_VOLUME,BALANCED,Q6K00264,100,96752,94,44.63064,"[""FMOD0043"", ""FMOD0066"", ""FMOD0035"", ""FMOD0056"", ""FMOD0081"", ""FMOD0082"", ""FMOD0030"", ""FMOD0119"", ""FMOD0023"", ""FMOD0029""]",1.0,True,94.0
200eq,SYNTHETIC_COMPONENT_VOLUME,BALANCED,Q6K00267,100,96752,94,41.89962,"[""FMOD0022"", ""FMOD0069"", ""FMOD0034"", ""FMOD0082"", ""FMOD0023"", ""FMOD0055"", ""FMOD0025"", ""FMOD0100"", ""FMOD0072"", ""FMOD0035""]",1.0,True,94.0
200eq,SYNTHETIC_COMPONENT_VOLUME,BALANCED,Q6K00268,100,96752,87,41.243853,"[""FMOD0077"", ""FMOD0050"", ""FMOD0055"", ""FMOD0083"", ""FMOD0005"", ""FMOD0035"", ""FMOD0114"", ""FMOD0029"", ""FMOD0033"", ""FMOD0069""]",1.0,True,87.0
200eq,SYNTHETIC_COMPONENT_VOLUME,BALANCED,Q6K00271,100,96752,98,41.973587,"[""FMOD0086"", ""FMOD0050"", ""FMOD0044"", ""FMOD0120"", ""FMOD0029"", ""FMOD0036"", ""FMOD0077"", ""FMOD0069"", ""FMOD0102"", ""FMOD0005""]",1.0,True,98.0
200eq,SYNTHETIC_COMPONENT_VOLUME,BALANCED,Q6K00273,100,96752,87,40.838075,"[""FMOD0023"", ""FMOD0043"", ""FMOD0119"", ""FMOD0079"", ""FMOD0029"", ""FMOD0102"", ""FMOD0056"", ""FMOD0005"", ""FMOD0030"", ""FMOD0075""]",1.0,True,87.0
200eq,SYNTHETIC_COMPONENT_VOLUME,BALANCED,Q6K00274,100,96752,95,43.989133,"[""FMOD0004"", ""FMOD0044"", ""FMOD0067"", ""FMOD0113"", ""FMOD0052"", ""FMOD0036"", ""FMOD0114"", ""FMOD0056"", ""FMOD0110"", ""FMOD0035""]",1.0,True,95.0
200eq,SYNTHETIC_COMPONENT_VOLUME,BALANCED,Q6K00275,100,96752,96,43.510463,"[""FMOD0086"", ""FMOD0074"", ""FMOD0050"", ""FMOD0029"", ""FMOD0056"", ""FMOD0102"", ""FMOD0035"", ""FMOD0024"", ""FMOD0114"", ""FMOD0043""]",1.0,True,96.0
200eq,SYNTHETIC_COMPONENT_VOLUME,BALANCED,Q6K00283,100,96752,92,43.206447,"[""FMOD0036"", ""FMOD0035"", ""FMOD0029"", ""FMOD0023"", ""FMOD0120"", ""FMOD0119"", ""FMOD0079"", ""FMOD0102"", ""FMOD0069"", ""FMOD0082""]",1.0,True,92.0
200eq,SYNTHETIC_COMPONENT_VOLUME,BALANCED,Q6K00287,100,96752,94,42.131743,"[""FMOD0003"", ""FMOD0089"", ""FMOD0004"", ""FMOD0063"", ""FMOD0067"", ""FMOD0014"", ""FMOD0113"", ""FMOD0052"", ""FMOD0036"", ""FMOD0114""]",1.0,True,94.0
200eq,SYNTHETIC_COMPONENT_VOLUME,BALANCED,Q6K00293,100,96752,91,42.578546,"[""FMOD0074"", ""FMOD0043"", ""FMOD0035"", ""FMOD0029"", ""FMOD0023"", ""FMOD0069"", ""FMOD0102"", ""FMOD0096"", ""FMOD0079"", ""FMOD0024""]",1.0,True,91.0
200eq,SYNTHETIC_COMPONENT_VOLUME,BALANCED,Q6K00295,100,96752,90,41.223446,"[""FMOD0066"", ""FMOD0043"", ""FMOD0102"", ""FMOD0029"", ""FMOD0023"", ""FMOD0069"", ""FMOD0035"", ""FMOD0096"", ""FMOD0079"", ""FMOD0119""]",1.0,True,90.0
200eq,SYNTHETIC_COMPONENT_VOLUME,BALANCED,Q6K00296,100,96752,96,41.431477,"[""FMOD0060"", ""FMOD0066"", ""FMOD0029"", ""FMOD0102"", ""FMOD0056"", ""FMOD0035"", ""FMOD0010"", ""FMOD0110"", ""FMOD0036"", ""FMOD0055""]",1.0,True,96.0
200eq,SYNTHETIC_COMPONENT_VOLUME,BALANCED,Q6K00298,100,96752,93,42.835261,"[""FMOD0074"", ""FMOD0036"", ""FMOD0079"", ""FMOD0119"", ""FMOD0120"", ""FMOD0017"", ""FMOD0091"", ""FMOD0056"", ""FMOD0023"", ""FMOD0083""]",1.0,True,93.0
200eq,SYNTHETIC_COMPONENT_VOLUME,BALANCED,Q6K00299,100,96752,89,42.314831,"[""FMOD0040"", ""FMOD0089"", ""FMOD0029"", ""FMOD0035"", ""FMOD0079"", ""FMOD0081"", ""FMOD0030"", ""FMOD0055"", ""FMOD0023"", ""FMOD0056""]",1.0,True,89.0
200eq,SYNTHETIC_COMPONENT_VOLUME,BALANCED,Q6K00304,100,96752,92,42.669665,"[""FMOD0077"", ""FMOD0083"", ""FMOD0087"", ""FMOD0023"", ""FMOD0069"", ""FMOD0056"", ""FMOD0020"", ""FMOD0055"", ""FMOD0102"", ""FMOD0025""]",1.0,True,92.0
200eq,SYNTHETIC_COMPONENT_VOLUME,BALANCED,Q6K00310,100,96752,90,43.487263,"[""FMOD0074"", ""FMOD0005"", ""FMOD0022"", ""FMOD0034"", ""FMOD0035"", ""FMOD0053"", ""FMOD0114"", ""FMOD0029"", ""FMOD0033"", ""FMOD0023""]",1.0,True,90.0
200eq,SYNTHETIC_COMPONENT_VOLUME,BALANCED,Q6K00313,100,96752,92,46.689645,"[""FMOD0061"", ""FMOD0069"", ""FMOD0083"", ""FMOD0066"", ""FMOD0114"", ""FMOD0029"", ""FMOD0036"", ""FMOD0033"", ""FMOD0030"", ""FMOD0120""]",1.0,True,92.0
200eq,SYNTHETIC_COMPONENT_VOLUME,BALANCED,Q6K00317,100,96752,85,44.639216,"[""FMOD0061"", ""FMOD0089"", ""FMOD0096"", ""FMOD0036"", ""FMOD0029"", ""FMOD0079"", ""FMOD0035"", ""FMOD0055"", ""FMOD0083"", ""FMOD0110""]",1.0,True,85.0
200eq,SYNTHETIC_COMPONENT_VOLUME,BALANCED,Q6K00318,100,96752,94,48.035805,"[""FMOD0086"", ""FMOD0004"", ""FMOD0050"", ""FMOD0082"", ""FMOD0067"", ""FMOD0035"", ""FMOD0114"", ""FMOD0053"", ""FMOD0081"", ""FMOD0110""]",1.0,True,94.0
200eq,SYNTHETIC_COMPONENT_VOLUME,BALANCED,Q6K00325,100,96752,90,45.188006,"[""FMOD0086"", ""FMOD0023"", ""FMOD0050"", ""FMOD0044"", ""FMOD0029"", ""FMOD0035"", ""FMOD0030"", ""FMOD0069"", ""FMOD0043"", ""FMOD0082""]",1.0,True,90.0
200eq,SYNTHETIC_COMPONENT_VOLUME,BALANCED,Q6K00326,100,96752,93,47.078855,"[""FMOD0099"", ""FMOD0055"", ""FMOD0066"", ""FMOD0036"", ""FMOD0010"", ""FMOD0102"", ""FMOD0056"", ""FMOD0112"", ""FMOD0029"", ""FMOD0023""]",1.0,True,93.0
200eq,SYNTHETIC_COMPONENT_VOLUME,BALANCED,Q6K00327,100,96752,86,45.591555,"[""FMOD0016"", ""FMOD0051"", ""FMOD0055"", ""FMOD0114"", ""FMOD0075"", ""FMOD0081"", ""FMOD0035"", ""FMOD0077"", ""FMOD0023"", ""FMOD0029""]",1.0,True,86.0
200eq,SYNTHETIC_COMPONENT_VOLUME,BALANCED,Q6K00332,100,96752,95,46.60614,"[""FMOD0044"", ""FMOD0035"", ""FMOD0029"", ""FMOD0069"", ""FMOD0030"", ""FMOD0086"", ""FMOD0120"", ""FMOD0119"", ""FMOD0041"", ""FMOD0050""]",1.0,True,95.0
200eq,SYNTHETIC_COMPONENT_VOLUME,BALANCED,Q6K00333,100,96752,95,47.421321,"[""FMOD0069"", ""FMOD0044"", ""FMOD0011"", ""FMOD0119"", ""FMOD0029"", ""FMOD0083"", ""FMOD0025"", ""FMOD0079"", ""FMOD0110"", ""FMOD0035""]",1.0,True,95.0
200eq,SYNTHETIC_COMPONENT_VOLUME,BALANCED,Q6K00336,100,96752,80,47.432575,"[""FMOD0014"", ""FMOD0023"", ""FMOD0079"", ""FMOD0035"", ""FMOD0082"", ""FMOD0081"", ""FMOD0029"", ""FMOD0120"", ""FMOD0119"", ""FMOD0102""]",1.0,True,80.0
200eq,SYNTHETIC_COMPONENT_VOLUME,BALANCED,Q6K00338,100,96752,96,46.51206,"[""FMOD0074"", ""FMOD0067"", ""FMOD0003"", ""FMOD0056"", ""FMOD0029"", ""FMOD0119"", ""FMOD0035"", ""FMOD0081"", ""FMOD0004"", ""FMOD0082""]",1.0,True,96.0
200eq,SYNTHETIC_COMPONENT_VOLUME,BALANCED,Q6K00340,100,96752,87,46.793072,"[""FMOD0025"", ""FMOD0011"", ""FMOD0089"", ""FMOD0029"", ""FMOD0023"", ""FMOD0030"", ""FMOD0069"", ""FMOD0035"", ""FMOD0119"", ""FMOD0041""]",1.0,True,87.0
200eq,SYNTHETIC_COMPONENT_VOLUME,BALANCED,Q6K00342,100,96752,92,46.885079,"[""FMOD0087"", ""FMOD0053"", ""FMOD0114"", ""FMOD0023"", ""FMOD0052"", ""FMOD0040"", ""FMOD0069"", ""FMOD0029"", ""FMOD0002"", ""FMOD0056""]",1.0,True,92.0
200eq,SYNTHETIC_COMPONENT_VOLUME,BALANCED,Q6K00343,100,96752,97,46.916934,"[""FMOD0087"", ""FMOD0016"", ""FMOD0041"", ""FMOD0055"", ""FMOD0030"", ""FMOD0029"", ""FMOD0023"", ""FMOD0081"", ""FMOD0102"", ""FMOD0056""]",1.0,True,97.0
200eq,SYNTHETIC_COMPONENT_VOLUME,BALANCED,Q6K00344,100,96752,86,47.978642,"[""FMOD0023"", ""FMOD0025"", ""FMOD0043"", ""FMOD0069"", ""FMOD0029"", ""FMOD0030"", ""FMOD0082"", ""FMOD0055"", ""FMOD0035"", ""FMOD0040""]",1.0,True,86.0
200eq,SYNTHETIC_COMPONENT_VOLUME,BALANCED,Q6K00351,100,96752,93,48.132895,"[""FMOD0005"", ""FMOD0099"", ""FMOD0022"", ""FMOD0034"", ""FMOD0082"", ""FMOD0055"", ""FMOD0029"", ""FMOD0020"", ""FMOD0119"", ""FMOD0030""]",1.0,True,93.0
200eq,SYNTHETIC_COMPONENT_VOLUME,BALANCED,Q6K00355,100,96752,85,48.231107,"[""FMOD0043"", ""FMOD0023"", ""FMOD0035"", ""FMOD0077"", ""FMOD0016"", ""FMOD0029"", ""FMOD0102"", ""FMOD0119"", ""FMOD0069"", ""FMOD0030""]",1.0,True,85.0
200eq,SYNTHETIC_COMPONENT_VOLUME,BALANCED,Q6K00359,100,96752,97,46.389491,"[""FMOD0086"", ""FMOD0087"", ""FMOD0044"", ""FMOD0081"", ""FMOD0039"", ""FMOD0056"", ""FMOD0097"", ""FMOD0029"", ""FMOD0079"", ""FMOD0102""]",1.0,True,97.0
200eq,SYNTHETIC_COMPONENT_VOLUME,BALANCED,Q6K00360,100,96752,93,47.008287,"[""FMOD0066"", ""FMOD0060"", ""FMOD0043"", ""FMOD0082"", ""FMOD0030"", ""FMOD0035"", ""FMOD0081"", ""FMOD0010"", ""FMOD0055"", ""FMOD0112""]",1.0,True,93.0
200eq,SYNTHETIC_COMPONENT_VOLUME,BALANCED,Q6K00363,100,96752,95,47.102424,"[""FMOD0066"", ""FMOD0029"", ""FMOD0102"", ""FMOD0056"", ""FMOD0119"", ""FMOD0114"", ""FMOD0069"", ""FMOD0120"", ""FMOD0035"", ""FMOD0023""]",1.0,True,95.0
200eq,SYNTHETIC_COMPONENT_VOLUME,BALANCED,Q6K00365,100,96752,85,47.330156,"[""FMOD0087"", ""FMOD0029"", ""FMOD0035"", ""FMOD0023"", ""FMOD0065"", ""FMOD0016"", ""FMOD0119"", ""FMOD0039"", ""FMOD0036"", ""FMOD0114""]",1.0,True,85.0
200eq,SYNTHETIC_COMPONENT_VOLUME,BALANCED,Q6K00372,100,96752,87,46.257289,"[""FMOD0023"", ""FMOD0035"", ""FMOD0020"", ""FMOD0016"", ""FMOD0051"", ""FMOD0029"", ""FMOD0030"", ""FMOD0119"", ""FMOD0102"", ""FMOD0069""]",1.0,True,87.0
200eq,SYNTHETIC_COMPONENT_VOLUME,BALANCED,Q6K00375,100,96752,88,45.898273,"[""FMOD0099"", ""FMOD0023"", ""FMOD0069"", ""FMOD0025"", ""FMOD0055"", ""FMOD0082"", ""FMOD0029"", ""FMOD0083"", ""FMOD0119"", ""FMOD0035""]",1.0,True,88.0
200eq,SYNTHETIC_COMPONENT_VOLUME,BALANCED,Q6K00377,100,96752,93,47.333108,"[""FMOD0082"", ""FMOD0022"", ""FMOD0023"", ""FMOD0069"", ""FMOD0055"", ""FMOD0025"", ""FMOD0100"", ""FMOD0034"", ""FMOD0029"", ""FMOD0119""]",1.0,True,93.0
200eq,SYNTHETIC_COMPONENT_VOLUME,BALANCED,Q6K00378,100,96752,94,47.501173,"[""FMOD0010"", ""FMOD0023"", ""FMOD0030"", ""FMOD0041"", ""FMOD0055"", ""FMOD0029"", ""FMOD0083"", ""FMOD0025"", ""FMOD0045"", ""FMOD0079""]",1.0,True,94.0
200eq,SYNTHETIC_COMPONENT_VOLUME,BALANCED,Q6K00380,100,96752,88,45.909628,"[""FMOD0023"", ""FMOD0029"", ""FMOD0030"", ""FMOD0035"", ""FMOD0082"", ""FMOD0119"", ""FMOD0102"", ""FMOD0110"", ""FMOD0036"", ""FMOD0120""]",1.0,True,88.0
200eq,SYNTHETIC_COMPONENT_VOLUME,BALANCED,Q6K00384,100,96752,84,46.41531,"[""FMOD0083"", ""FMOD0029"", ""FMOD0069"", ""FMOD0086"", ""FMOD0035"", ""FMOD0120"", ""FMOD0056"", ""FMOD0030"", ""FMOD0119"", ""FMOD0005""]",1.0,True,84.0
200eq,SYNTHETIC_COMPONENT_VOLUME,BALANCED,Q6K00389,100,96752,87,46.479872,"[""FMOD0055"", ""FMOD0034"", ""FMOD0039"", ""FMOD0065"", ""FMOD0023"", ""FMOD0082"", ""FMOD0035"", ""FMOD0029"", ""FMOD0030"", ""FMOD0079""]",1.0,True,87.0
200eq,SYNTHETIC_COMPONENT_VOLUME,BALANCED,Q6K00390,100,96752,94,50.831547,"[""FMOD0023"", ""FMOD0102"", ""FMOD0029"", ""FMOD0119"", ""FMOD0120"", ""FMOD0114"", ""FMOD0069"", ""FMOD0035"", ""FMOD0056"", ""FMOD0082""]",1.0,True,94.0
200eq,SYNTHETIC_COMPONENT_VOLUME,BALANCED,Q6K00393,100,96752,94,46.754583,"[""FMOD0029"", ""FMOD0023"", ""FMOD0102"", ""FMOD0119"", ""FMOD0041"", ""FMOD0120"", ""FMOD0036"", ""FMOD0030"", ""FMOD0053"", ""FMOD0035""]",1.0,True,94.0
200eq,SYNTHETIC_COMPONENT_VOLUME,BALANCED,Q6K00395,100,96752,94,46.855827,"[""FMOD0053"", ""FMOD0069"", ""FMOD0035"", ""FMOD0023"", ""FMOD0029"", ""FMOD0056"", ""FMOD0119"", ""FMOD0036"", ""FMOD0112"", ""FMOD0004""]",1.0,True,94.0
200eq,SYNTHETIC_COMPONENT_VOLUME,BALANCED,Q6K00396,100,96752,94,46.802747,"[""FMOD0066"", ""FMOD0035"", ""FMOD0023"", ""FMOD0051"", ""FMOD0081"", ""FMOD0029"", ""FMOD0119"", ""FMOD0036"", ""FMOD0102"", ""FMOD0010""]",1.0,True,94.0
200eq,SYNTHETIC_COMPONENT_VOLUME,BALANCED,Q6K00400,100,96752,93,45.944723,"[""FMOD0023"", ""FMOD0025"", ""FMOD0035"", ""FMOD0069"", ""FMOD0030"", ""FMOD0055"", ""FMOD0078"", ""FMOD0100"", ""FMOD0036"", ""FMOD0056""]",1.0,True,93.0
200eq,SYNTHETIC_COMPONENT_VOLUME,BALANCED,Q6K00403,100,96752,91,46.006821,"[""FMOD0035"", ""FMOD0033"", ""FMOD0029"", ""FMOD0119"", ""FMOD0120"", ""FMOD0078"", ""FMOD0024"", ""FMOD0080"", ""FMOD0108"", ""FMOD0102""]",1.0,True,91.0
200eq,SYNTHETIC_COMPONENT_VOLUME,BALANCED,Q6K00405,100,96752,93,46.284474,"[""FMOD0016"", ""FMOD0102"", ""FMOD0031"", ""FMOD0056"", ""FMOD0029"", ""FMOD0023"", ""FMOD0082"", ""FMOD0035"", ""FMOD0065"", ""FMOD0114""]",1.0,True,93.0
200eq,SYNTHETIC_COMPONENT_VOLUME,BALANCED,Q6K00407,100,96752,82,45.332848,"[""FMOD0005"", ""FMOD0029"", ""FMOD0120"", ""FMOD0069"", ""FMOD0102"", ""FMOD0030"", ""FMOD0079"", ""FMOD0119"", ""FMOD0023"", ""FMOD0020""]",1.0,True,82.0
200eq,SYNTHETIC_COMPONENT_VOLUME,BALANCED,Q6K00410,100,96752,89,45.933796,"[""FMOD0005"", ""FMOD0030"", ""FMOD0023"", ""FMOD0035"", ""FMOD0055"", ""FMOD0029"", ""FMOD0082"", ""FMOD0089"", ""FMOD0024"", ""FMOD0113""]",1.0,True,89.0
200eq,SYNTHETIC_COMPONENT_VOLUME,BALANCED,Q6K00417,100,96752,96,46.816444,"[""FMOD0051"", ""FMOD0082"", ""FMOD0081"", ""FMOD0102"", ""FMOD0035"", ""FMOD0067"", ""FMOD0021"", ""FMOD0114"", ""FMOD0065"", ""FMOD0119""]",1.0,True,96.0
200eq,SYNTHETIC_COMPONENT_VOLUME,BALANCED,Q6K00420,100,96752,94,46.068358,"[""FMOD0036"", ""FMOD0004"", ""FMOD0067"", ""FMOD0119"", ""FMOD0029"", ""FMOD0035"", ""FMOD0079"", ""FMOD0120"", ""FMOD0023"", ""FMOD0055""]",1.0,True,94.0
200eq,SYNTHETIC_COMPONENT_VOLUME,BALANCED,Q6K00422,100,96752,93,46.555801,"[""FMOD0053"", ""FMOD0083"", ""FMOD0035"", ""FMOD0082"", ""FMOD0023"", ""FMOD0029"", ""FMOD0021"", ""FMOD0081"", ""FMOD0051"", ""FMOD0030""]",1.0,True,93.0
200eq,SYNTHETIC_COMPONENT_VOLUME,BALANCED,Q6K00423,100,96752,96,47.282339,"[""FMOD0061"", ""FMOD0004"", ""FMOD0086"", ""FMOD0035"", ""FMOD0029"", ""FMOD0010"", ""FMOD0033"", ""FMOD0056"", ""FMOD0014"", ""FMOD0102""]",1.0,True,96.0
200eq,SYNTHETIC_COMPONENT_VOLUME,BALANCED,Q6K00424,100,96752,91,46.830683,"[""FMOD0053"", ""FMOD0102"", ""FMOD0029"", ""FMOD0082"", ""FMOD0039"", ""FMOD0034"", ""FMOD0023"", ""FMOD0035"", ""FMOD0077"", ""FMOD0114""]",1.0,True,91.0
200eq,SYNTHETIC_COMPONENT_VOLUME,BALANCED,Q6K00427,100,96752,88,45.898853,"[""FMOD0005"", ""FMOD0081"", ""FMOD0035"", ""FMOD0082"", ""FMOD0055"", ""FMOD0056"", ""FMOD0043"", ""FMOD0034"", ""FMOD0072"", ""FMOD0002""]",1.0,True,88.0
200eq,SYNTHETIC_COMPONENT_VOLUME,BALANCED,Q6K00435,100,96752,87,46.364088,"[""FMOD0099"", ""FMOD0069"", ""FMOD0029"", ""FMOD0119"", ""FMOD0023"", ""FMOD0035"", ""FMOD0102"", ""FMOD0030"", ""FMOD0120"", ""FMOD0010""]",1.0,True,87.0
200eq,SYNTHETIC_COMPONENT_VOLUME,BALANCED,Q6K00436,100,96752,96,47.150998,"[""FMOD0099"", ""FMOD0044"", ""FMOD0029"", ""FMOD0030"", ""FMOD0035"", ""FMOD0023"", ""FMOD0119"", ""FMOD0036"", ""FMOD0120"", ""FMOD0069""]",1.0,True,96.0
200eq,SYNTHETIC_COMPONENT_VOLUME,BALANCED,Q6K00438,100,96752,86,45.877309,"[""FMOD0022"", ""FMOD0055"", ""FMOD0029"", ""FMOD0081"", ""FMOD0082"", ""FMOD0030"", ""FMOD0039"", ""FMOD0023"", ""FMOD0102"", ""FMOD0069""]",1.0,True,86.0
200eq,SYNTHETIC_COMPONENT_VOLUME,BALANCED,Q6K00442,100,96752,83,47.585278,"[""FMOD0087"", ""FMOD0029"", ""FMOD0081"", ""FMOD0120"", ""FMOD0082"", ""FMOD0056"", ""FMOD0102"", ""FMOD0035"", ""FMOD0079"", ""FMOD0119""]",1.0,True,83.0
200eq,SYNTHETIC_COMPONENT_VOLUME,BALANCED,Q6K00443,100,96752,93,47.031599,"[""FMOD0035"", ""FMOD0011"", ""FMOD0023"", ""FMOD0041"", ""FMOD0082"", ""FMOD0119"", ""FMOD0102"", ""FMOD0114"", ""FMOD0112"", ""FMOD0079""]",1.0,True,93.0
200eq,SYNTHETIC_COMPONENT_VOLUME,BALANCED,Q6K00444,100,96752,92,46.733298,"[""FMOD0003"", ""FMOD0022"", ""FMOD0034"", ""FMOD0069"", ""FMOD0120"", ""FMOD0119"", ""FMOD0079"", ""FMOD0102"", ""FMOD0005"", ""FMOD0078""]",1.0,True,92.0
200eq,SYNTHETIC_COMPONENT_VOLUME,BALANCED,Q6K00446,100,96752,93,48.067207,"[""FMOD0082"", ""FMOD0067"", ""FMOD0060"", ""FMOD0035"", ""FMOD0023"", ""FMOD0101"", ""FMOD0021"", ""FMOD0097"", ""FMOD0022"", ""FMOD0081""]",1.0,True,93.0
200eq,SYNTHETIC_COMPONENT_VOLUME,BALANCED,Q6K00453,100,96752,95,46.941311,"[""FMOD0044"", ""FMOD0079"", ""FMOD0029"", ""FMOD0114"", ""FMOD0119"", ""FMOD0023"", ""FMOD0102"", ""FMOD0120"", ""FMOD0083"", ""FMOD0035""]",1.0,True,95.0
200eq,SYNTHETIC_COMPONENT_VOLUME,BALANCED,Q6K00456,100,96752,93,45.573822,"[""FMOD0004"", ""FMOD0016"", ""FMOD0067"", ""FMOD0113"", ""FMOD0052"", ""FMOD0036"", ""FMOD0114"", ""FMOD0029"", ""FMOD0023"", ""FMOD0035""]",1.0,True,93.0
200eq,SYNTHETIC_COMPONENT_VOLUME,BALANCED,Q6K00458,100,96752,85,46.252788,"[""FMOD0079"", ""FMOD0023"", ""FMOD0016"", ""FMOD0035"", ""FMOD0029"", ""FMOD0030"", ""FMOD0081"", ""FMOD0020"", ""FMOD0102"", ""FMOD0082""]",1.0,False,85.0
200eq,SYNTHETIC_COMPONENT_VOLUME,BALANCED,Q6K00461,100,96752,92,45.917246,"[""FMOD0001"", ""FMOD0003"", ""FMOD0089"", ""FMOD0030"", ""FMOD0035"", ""FMOD0029"", ""FMOD0051"", ""FMOD0120"", ""FMOD0023"", ""FMOD0036""]",1.0,True,92.0
200eq,SYNTHETIC_COMPONENT_VOLUME,BALANCED,Q6K00465,100,96752,98,46.505043,"[""FMOD0083"", ""FMOD0096"", ""FMOD0029"", ""FMOD0023"", ""FMOD0036"", ""FMOD0110"", ""FMOD0119"", ""FMOD0035"", ""FMOD0005"", ""FMOD0120""]",1.0,True,98.0
200eq,SYNTHETIC_COMPONENT_VOLUME,BALANCED,Q6K00470,100,96752,91,45.853335,"[""FMOD0060"", ""FMOD0102"", ""FMOD0029"", ""FMOD0061"", ""FMOD0120"", ""FMOD0119"", ""FMOD0056"", ""FMOD0114"", ""FMOD0069"", ""FMOD0035""]",1.0,True,91.0
200eq,SYNTHETIC_COMPONENT_VOLUME,BALANCED,Q6K00471,100,96752,91,48.432909,"[""FMOD0025"", ""FMOD0099"", ""FMOD0029"", ""FMOD0024"", ""FMOD0114"", ""FMOD0005"", ""FMOD0014"", ""FMOD0113"", ""FMOD0083"", ""FMOD0120""]",1.0,True,91.0
200eq,SYNTHETIC_COMPONENT_VOLUME,BALANCED,Q6K00473,100,96752,97,47.814733,"[""FMOD0086"", ""FMOD0079"", ""FMOD0056"", ""FMOD0078"", ""FMOD0097"", ""FMOD0036"", ""FMOD0117"", ""FMOD0083"", ""FMOD0119"", ""FMOD0114""]",1.0,True,97.0
200eq,SYNTHETIC_COMPONENT_VOLUME,BALANCED,Q6K00479,100,96752,89,47.535534,"[""FMOD0066"", ""FMOD0022"", ""FMOD0034"", ""FMOD0082"", ""FMOD0023"", ""FMOD0035"", ""FMOD0079"", ""FMOD0036"", ""FMOD0029"", ""FMOD0112""]",1.0,True,89.0
200eq,SYNTHETIC_COMPONENT_VOLUME,BALANCED,Q6K00481,100,96752,94,45.759492,"[""FMOD0035"", ""FMOD0023"", ""FMOD0051"", ""FMOD0081"", ""FMOD0029"", ""FMOD0119"", ""FMOD0102"", ""FMOD0082"", ""FMOD0120"", ""FMOD0036""]",1.0,True,94.0
200eq,SYNTHETIC_COMPONENT_VOLUME,BALANCED,Q6K00484,100,96752,84,45.867906,"[""FMOD0029"", ""FMOD0035"", ""FMOD0030"", ""FMOD0023"", ""FMOD0119"", ""FMOD0082"", ""FMOD0051"", ""FMOD0120"", ""FMOD0016"", ""FMOD0069""]",1.0,True,84.0
200eq,SYNTHETIC_COMPONENT_VOLUME,BALANCED,Q6K00485,100,96752,91,45.710375,"[""FMOD0069"", ""FMOD0035"", ""FMOD0023"", ""FMOD0119"", ""FMOD0029"", ""FMOD0056"", ""FMOD0036"", ""FMOD0112"", ""FMOD0067"", ""FMOD0078""]",1.0,True,91.0
200eq,SYNTHETIC_COMPONENT_VOLUME,BALANCED,Q6K00489,100,96752,91,48.989203,"[""FMOD0080"", ""FMOD0086"", ""FMOD0015"", ""FMOD0107"", ""FMOD0029"", ""FMOD0023"", ""FMOD0119"", ""FMOD0030"", ""FMOD0102"", ""FMOD0069""]",1.0,True,91.0
200eq,SYNTHETIC_COMPONENT_VOLUME,BALANCED,Q6K00495,100,96752,99,48.374108,"[""FMOD0083"", ""FMOD0096"", ""FMOD0029"", ""FMOD0023"", ""FMOD0119"", ""FMOD0035"", ""FMOD0110"", ""FMOD0069"", ""FMOD0036"", ""FMOD0030""]",1.0,True,99.0
200eq,SYNTHETIC_COMPONENT_VOLUME,BALANCED,Q6K00498,100,96752,94,45.319958,"[""FMOD0055"", ""FMOD0023"", ""FMOD0069"", ""FMOD0082"", ""FMOD0025"", ""FMOD0100"", ""FMOD0029"", ""FMOD0035"", ""FMOD0102"", ""FMOD0036""]",1.0,False,94.0
200eq,SYNTHETIC_COMPONENT_VOLUME,BALANCED,Q6K00507,100,96752,88,45.601842,"[""FMOD0082"", ""FMOD0039"", ""FMOD0034"", ""FMOD0023"", ""FMOD0035"", ""FMOD0065"", ""FMOD0016"", ""FMOD0059"", ""FMOD0021"", ""FMOD0030""]",1.0,True,88.0
200eq,SYNTHETIC_COMPONENT_VOLUME,BALANCED,Q6K00511,100,96752,92,47.18756,"[""FMOD0010"", ""FMOD0030"", ""FMOD0041"", ""FMOD0055"", ""FMOD0029"", ""FMOD0083"", ""FMOD0045"", ""FMOD0025"", ""FMOD0079"", ""FMOD0102""]",1.0,True,92.0
200eq,SYNTHETIC_COMPONENT_VOLUME,BALANCED,Q6K00512,100,96752,95,46.30494,"[""FMOD0035"", ""FMOD0023"", ""FMOD0119"", ""FMOD0029"", ""FMOD0110"", ""FMOD0108"", ""FMOD0036"", ""FMOD0042"", ""FMOD0107"", ""FMOD0060""]",1.0,True,95.0
200eq,SYNTHETIC_COMPONENT_VOLUME,BALANCED,Q6K00513,100,96752,98,46.3138,"[""FMOD0029"", ""FMOD0110"", ""FMOD0056"", ""FMOD0023"", ""FMOD0083"", ""FMOD0119"", ""FMOD0112"", ""FMOD0036"", ""FMOD0078"", ""FMOD0114""]",1.0,True,98.0
200eq,SYNTHETIC_COMPONENT_VOLUME,BALANCED,Q6K00517,100,96752,88,45.931004,"[""FMOD0082"", ""FMOD0021"", ""FMOD0081"", ""FMOD0039"", ""FMOD0034"", ""FMOD0029"", ""FMOD0023"", ""FMOD0119"", ""FMOD0102"", ""FMOD0051""]",1.0,True,88.0
200eq,SYNTHETIC_COMPONENT_VOLUME,BALANCED,Q6K00518,100,96752,90,45.601377,"[""FMOD0029"", ""FMOD0035"", ""FMOD0102"", ""FMOD0119"", ""FMOD0110"", ""FMOD0096"", ""FMOD0114"", ""FMOD0108"", ""FMOD0018"", ""FMOD0010""]",1.0,True,90.0
200eq,SYNTHETIC_COMPONENT_VOLUME,BALANCED,Q6K00523,100,96752,89,45.594142,"[""FMOD0082"", ""FMOD0081"", ""FMOD0039"", ""FMOD0034"", ""FMOD0029"", ""FMOD0035"", ""FMOD0119"", ""FMOD0023"", ""FMOD0102"", ""FMOD0051""]",1.0,True,89.0
200eq,SYNTHETIC_COMPONENT_VOLUME,BALANCED,Q6K00528,100,96752,93,46.189961,"[""FMOD0035"", ""FMOD0023"", ""FMOD0051"", ""FMOD0081"", ""FMOD0029"", ""FMOD0079"", ""FMOD0119"", ""FMOD0082"", ""FMOD0005"", ""FMOD0030""]",1.0,True,93.0
200eq,SYNTHETIC_COMPONENT_VOLUME,BALANCED,Q6K00530,100,96752,88,47.030659,"[""FMOD0069"", ""FMOD0035"", ""FMOD0023"", ""FMOD0029"", ""FMOD0119"", ""FMOD0056"", ""FMOD0036"", ""FMOD0112"", ""FMOD0067"", ""FMOD0078""]",1.0,True,88.0
200eq,SYNTHETIC_COMPONENT_VOLUME,BALANCED,Q6K00531,100,96752,87,45.482954,"[""FMOD0082"", ""FMOD0081"", ""FMOD0029"", ""FMOD0035"", ""FMOD0023"", ""FMOD0119"", ""FMOD0034"", ""FMOD0102"", ""FMOD0030"", ""FMOD0065""]",1.0,True,87.0
200eq,SYNTHETIC_COMPONENT_VOLUME,BALANCED,Q6K00533,100,96752,91,45.789288,"[""FMOD0029"", ""FMOD0119"", ""FMOD0023"", ""FMOD0030"", ""FMOD0036"", ""FMOD0035"", ""FMOD0114"", ""FMOD0102"", ""FMOD0120"", ""FMOD0110""]",1.0,True,91.0
200eq,SYNTHETIC_COMPONENT_VOLUME,BALANCED,Q6K00535,100,96752,93,41.12798,"[""FMOD0035"", ""FMOD0118"", ""FMOD0102"", ""FMOD0069"", ""FMOD0029"", ""FMOD0030"", ""FMOD0036"", ""FMOD0079"", ""FMOD0120"", ""FMOD0041""]",1.0,True,93.0
200eq,SYNTHETIC_COMPONENT_VOLUME,BALANCED,Q6K00537,100,96752,93,45.894769,"[""FMOD0055"", ""FMOD0023"", ""FMOD0069"", ""FMOD0025"", ""FMOD0082"", ""FMOD0100"", ""FMOD0029"", ""FMOD0119"", ""FMOD0036"", ""FMOD0035""]",1.0,False,93.0
200eq,SYNTHETIC_COMPONENT_VOLUME,BALANCED,Q6K00538,100,96752,88,46.817952,"[""FMOD0055"", ""FMOD0023"", ""FMOD0069"", ""FMOD0025"", ""FMOD0082"", ""FMOD0100"", ""FMOD0029"", ""FMOD0035"", ""FMOD0114"", ""FMOD0119""]",1.0,True,88.0
200eq,SYNTHETIC_COMPONENT_VOLUME,HIGH_RECALL,Q6K00183,100,96752,100,46.677263,"[""FMOD0023"", ""FMOD0029"", ""FMOD0081"", ""FMOD0036"", ""FMOD0114"", ""FMOD0119"", ""FMOD0035"", ""FMOD0082"", ""FMOD0030"", ""FMOD0120""]",1.0,True,100.0
200eq,SYNTHETIC_COMPONENT_VOLUME,HIGH_RECALL,Q6K00184,100,96752,99,48.006187,"[""FMOD0004"", ""FMOD0067"", ""FMOD0113"", ""FMOD0052"", ""FMOD0036"", ""FMOD0114"", ""FMOD0056"", ""FMOD0101"", ""FMOD0110"", ""FMOD0081""]",1.0,True,99.0
200eq,SYNTHETIC_COMPONENT_VOLUME,HIGH_RECALL,Q6K00193,100,96752,100,46.175654,"[""FMOD0025"", ""FMOD0069"", ""FMOD0023"", ""FMOD0029"", ""FMOD0056"", ""FMOD0055"", ""FMOD0114"", ""FMOD0078"", ""FMOD0096"", ""FMOD0080""]",1.0,True,100.0
200eq,SYNTHETIC_COMPONENT_VOLUME,HIGH_RECALL,Q6K00195,100,96752,99,47.92956,"[""FMOD0061"", ""FMOD0083"", ""FMOD0029"", ""FMOD0056"", ""FMOD0102"", ""FMOD0091"", ""FMOD0023"", ""FMOD0081"", ""FMOD0114"", ""FMOD0030""]",1.0,True,99.0
200eq,SYNTHETIC_COMPONENT_VOLUME,HIGH_RECALL,Q6K00197,100,96752,100,48.379879,"[""FMOD0069"", ""FMOD0029"", ""FMOD0102"", ""FMOD0114"", ""FMOD0030"", ""FMOD0119"", ""FMOD0005"", ""FMOD0120"", ""FMOD0033"", ""FMOD0036""]",1.0,True,100.0
200eq,SYNTHETIC_COMPONENT_VOLUME,HIGH_RECALL,Q6K00199,100,96752,100,47.152313,"[""FMOD0067"", ""FMOD0069"", ""FMOD0029"", ""FMOD0102"", ""FMOD0119"", ""FMOD0056"", ""FMOD0120"", ""FMOD0030"", ""FMOD0026"", ""FMOD0023""]",1.0,True,100.0
200eq,SYNTHETIC_COMPONENT_VOLUME,HIGH_RECALL,Q6K00200,100,96752,99,47.617655,"[""FMOD0051"", ""FMOD0023"", ""FMOD0029"", ""FMOD0035"", ""FMOD0016"", ""FMOD0081"", ""FMOD0120"", ""FMOD0082"", ""FMOD0079"", ""FMOD0020""]",1.0,True,99.0
200eq,SYNTHETIC_COMPONENT_VOLUME,HIGH_RECALL,Q6K00201,100,96752,100,47.354295,"[""FMOD0066"", ""FMOD0055"", ""FMOD0030"", ""FMOD0029"", ""FMOD0010"", ""FMOD0041"", ""FMOD0036"", ""FMOD0102"", ""FMOD0112"", ""FMOD0120""]",1.0,True,100.0
200eq,SYNTHETIC_COMPONENT_VOLUME,HIGH_RECALL,Q6K00205,100,96752,100,46.957591,"[""FMOD0051"", ""FMOD0023"", ""FMOD0035"", ""FMOD0020"", ""FMOD0016"", ""FMOD0081"", ""FMOD0119"", ""FMOD0029"", ""FMOD0065"", ""FMOD0114""]",1.0,True,100.0
200eq,SYNTHETIC_COMPONENT_VOLUME,HIGH_RECALL,Q6K00206,100,96752,100,47.476304,"[""FMOD0016"", ""FMOD0102"", ""FMOD0031"", ""FMOD0029"", ""FMOD0023"", ""FMOD0035"", ""FMOD0082"", ""FMOD0065"", ""FMOD0114"", ""FMOD0033""]",1.0,True,100.0
200eq,SYNTHETIC_COMPONENT_VOLUME,HIGH_RECALL,Q6K00207,100,96752,99,47.575728,"[""FMOD0023"", ""FMOD0029"", ""FMOD0035"", ""FMOD0120"", ""FMOD0102"", ""FMOD0069"", ""FMOD0119"", ""FMOD0077"", ""FMOD0082"", ""FMOD0110""]",1.0,True,99.0
200eq,SYNTHETIC_COMPONENT_VOLUME,HIGH_RECALL,Q6K00208,100,96752,100,49.983681,"[""FMOD0102"", ""FMOD0079"", ""FMOD0023"", ""FMOD0030"", ""FMOD0029"", ""FMOD0055"", ""FMOD0035"", ""FMOD0082"", ""FMOD0036"", ""FMOD0014""]",1.0,True,100.0
200eq,SYNTHETIC_COMPONENT_VOLUME,HIGH_RECALL,Q6K00212,100,96752,99,47.618136,"[""FMOD0060"", ""FMOD0029"", ""FMOD0023"", ""FMOD0082"", ""FMOD0075"", ""FMOD0096"", ""FMOD0102"", ""FMOD0056"", ""FMOD0036"", ""FMOD0081""]",1.0,True,99.0
200eq,SYNTHETIC_COMPONENT_VOLUME,HIGH_RECALL,Q6K00216,100,96752,99,47.623734,"[""FMOD0016"", ""FMOD0029"", ""FMOD0035"", ""FMOD0023"", ""FMOD0081"", ""FMOD0079"", ""FMOD0119"", ""FMOD0102"", ""FMOD0114"", ""FMOD0056""]",1.0,True,99.0
200eq,SYNTHETIC_COMPONENT_VOLUME,HIGH_RECALL,Q6K00227,100,96752,99,47.751658,"[""FMOD0096"", ""FMOD0029"", ""FMOD0023"", ""FMOD0120"", ""FMOD0119"", ""FMOD0035"", ""FMOD0056"", ""FMOD0113"", ""FMOD0069"", ""FMOD0025""]",1.0,True,99.0
200eq,SYNTHETIC_COMPONENT_VOLUME,HIGH_RECALL,Q6K00232,100,96752,100,47.399539,"[""FMOD0060"", ""FMOD0029"", ""FMOD0023"", ""FMOD0086"", ""FMOD0056"", ""FMOD0043"", ""FMOD0110"", ""FMOD0044"", ""FMOD0036"", ""FMOD0075""]",1.0,True,100.0
200eq,SYNTHETIC_COMPONENT_VOLUME,HIGH_RECALL,Q6K00235,100,96752,99,46.167207,"[""FMOD0096"", ""FMOD0114"", ""FMOD0029"", ""FMOD0120"", ""FMOD0119"", ""FMOD0023"", ""FMOD0035"", ""FMOD0056"", ""FMOD0069"", ""FMOD0030""]",1.0,True,99.0
200eq,SYNTHETIC_COMPONENT_VOLUME,HIGH_RECALL,Q6K00236,100,96752,99,49.062049,"[""FMOD0036"", ""FMOD0119"", ""FMOD0079"", ""FMOD0120"", ""FMOD0056"", ""FMOD0086"", ""FMOD0082"", ""FMOD0091"", ""FMOD0029"", ""FMOD0102""]",1.0,True,99.0
200eq,SYNTHETIC_COMPONENT_VOLUME,HIGH_RECALL,Q6K00237,100,96752,100,45.932826,"[""FMOD0067"", ""FMOD0029"", ""FMOD0119"", ""FMOD0120"", ""FMOD0023"", ""FMOD0102"", ""FMOD0056"", ""FMOD0082"", ""FMOD0110"", ""FMOD0069""]",1.0,True,100.0
200eq,SYNTHETIC_COMPONENT_VOLUME,HIGH_RECALL,Q6K00240,100,96752,100,47.417519,"[""FMOD0069"", ""FMOD0029"", ""FMOD0110"", ""FMOD0104"", ""FMOD0035"", ""FMOD0119"", ""FMOD0043"", ""FMOD0023"", ""FMOD0102"", ""FMOD0083""]",1.0,True,100.0
200eq,SYNTHETIC_COMPONENT_VOLUME,HIGH_RECALL,Q6K00247,100,96752,100,46.249973,"[""FMOD0069"", ""FMOD0060"", ""FMOD0119"", ""FMOD0029"", ""FMOD0023"", ""FMOD0083"", ""FMOD0025"", ""FMOD0110"", ""FMOD0079"", ""FMOD0003""]",1.0,True,100.0
200eq,SYNTHETIC_COMPONENT_VOLUME,HIGH_RECALL,Q6K00251,100,96752,100,47.674843,"[""FMOD0044"", ""FMOD0067"", ""FMOD0119"", ""FMOD0029"", ""FMOD0023"", ""FMOD0120"", ""FMOD0113"", ""FMOD0086"", ""FMOD0035"", ""FMOD0030""]",1.0,True,100.0
200eq,SYNTHETIC_COMPONENT_VOLUME,HIGH_RECALL,Q6K00252,100,96752,99,48.376359,"[""FMOD0043"", ""FMOD0086"", ""FMOD0035"", ""FMOD0023"", ""FMOD0102"", ""FMOD0029"", ""FMOD0096"", ""FMOD0069"", ""FMOD0079"", ""FMOD0024""]",1.0,True,99.0
200eq,SYNTHETIC_COMPONENT_VOLUME,HIGH_RECALL,Q6K00258,100,96752,100,48.14055,"[""FMOD0096"", ""FMOD0001"", ""FMOD0029"", ""FMOD0041"", ""FMOD0035"", ""FMOD0030"", ""FMOD0056"", ""FMOD0120"", ""FMOD0069"", ""FMOD0119""]",1.0,True,100.0
200eq,SYNTHETIC_COMPONENT_VOLUME,HIGH_RECALL,Q6K00259,100,96752,99,46.948535,"[""FMOD0043"", ""FMOD0089"", ""FMOD0035"", ""FMOD0102"", ""FMOD0096"", ""FMOD0023"", ""FMOD0029"", ""FMOD0069"", ""FMOD0079"", ""FMOD0024""]",1.0,True,99.0
200eq,SYNTHETIC_COMPONENT_VOLUME,HIGH_RECALL,Q6K00262,100,96752,100,49.144281,"[""FMOD0069"", ""FMOD0060"", ""FMOD0023"", ""FMOD0025"", ""FMOD0055"", ""FMOD0082"", ""FMOD0100"", ""FMOD0029"", ""FMOD0102"", ""FMOD0119""]",1.0,True,100.0
200eq,SYNTHETIC_COMPONENT_VOLUME,HIGH_RECALL,Q6K00264,100,96752,100,46.359932,"[""FMOD0043"", ""FMOD0066"", ""FMOD0035"", ""FMOD0056"", ""FMOD0081"", ""FMOD0082"", ""FMOD0030"", ""FMOD0119"", ""FMOD0023"", ""FMOD0029""]",1.0,True,100.0
200eq,SYNTHETIC_COMPONENT_VOLUME,HIGH_RECALL,Q6K00267,100,96752,100,48.876289,"[""FMOD0022"", ""FMOD0069"", ""FMOD0034"", ""FMOD0082"", ""FMOD0023"", ""FMOD0055"", ""FMOD0025"", ""FMOD0100"", ""FMOD0072"", ""FMOD0035""]",1.0,True,100.0
200eq,SYNTHETIC_COMPONENT_VOLUME,HIGH_RECALL,Q6K00268,100,96752,98,47.17595,"[""FMOD0077"", ""FMOD0050"", ""FMOD0055"", ""FMOD0083"", ""FMOD0005"", ""FMOD0035"", ""FMOD0114"", ""FMOD0029"", ""FMOD0033"", ""FMOD0069""]",1.0,True,98.0
200eq,SYNTHETIC_COMPONENT_VOLUME,HIGH_RECALL,Q6K00271,100,96752,99,49.716878,"[""FMOD0086"", ""FMOD0050"", ""FMOD0044"", ""FMOD0120"", ""FMOD0029"", ""FMOD0036"", ""FMOD0077"", ""FMOD0069"", ""FMOD0102"", ""FMOD0005""]",1.0,True,99.0
200eq,SYNTHETIC_COMPONENT_VOLUME,HIGH_RECALL,Q6K00273,100,96752,99,46.56793,"[""FMOD0023"", ""FMOD0043"", ""FMOD0119"", ""FMOD0079"", ""FMOD0029"", ""FMOD0102"", ""FMOD0056"", ""FMOD0005"", ""FMOD0030"", ""FMOD0075""]",1.0,True,99.0
200eq,SYNTHETIC_COMPONENT_VOLUME,HIGH_RECALL,Q6K00274,100,96752,100,47.952066,"[""FMOD0004"", ""FMOD0044"", ""FMOD0067"", ""FMOD0113"", ""FMOD0052"", ""FMOD0036"", ""FMOD0114"", ""FMOD0056"", ""FMOD0110"", ""FMOD0035""]",1.0,True,100.0
200eq,SYNTHETIC_COMPONENT_VOLUME,HIGH_RECALL,Q6K00275,100,96752,98,47.389282,"[""FMOD0086"", ""FMOD0074"", ""FMOD0050"", ""FMOD0029"", ""FMOD0056"", ""FMOD0102"", ""FMOD0035"", ""FMOD0024"", ""FMOD0114"", ""FMOD0043""]",1.0,True,98.0
200eq,SYNTHETIC_COMPONENT_VOLUME,HIGH_RECALL,Q6K00283,100,96752,99,50.217414,"[""FMOD0036"", ""FMOD0035"", ""FMOD0029"", ""FMOD0023"", ""FMOD0120"", ""FMOD0119"", ""FMOD0079"", ""FMOD0102"", ""FMOD0069"", ""FMOD0082""]",1.0,True,99.0
200eq,SYNTHETIC_COMPONENT_VOLUME,HIGH_RECALL,Q6K00287,100,96752,100,50.566439,"[""FMOD0003"", ""FMOD0089"", ""FMOD0004"", ""FMOD0063"", ""FMOD0067"", ""FMOD0014"", ""FMOD0113"", ""FMOD0052"", ""FMOD0036"", ""FMOD0114""]",1.0,True,100.0
200eq,SYNTHETIC_COMPONENT_VOLUME,HIGH_RECALL,Q6K00293,100,96752,100,50.533516,"[""FMOD0074"", ""FMOD0043"", ""FMOD0035"", ""FMOD0029"", ""FMOD0023"", ""FMOD0069"", ""FMOD0102"", ""FMOD0096"", ""FMOD0079"", ""FMOD0024""]",1.0,True,100.0
200eq,SYNTHETIC_COMPONENT_VOLUME,HIGH_RECALL,Q6K00295,100,96752,100,47.560722,"[""FMOD0066"", ""FMOD0043"", ""FMOD0102"", ""FMOD0029"", ""FMOD0023"", ""FMOD0069"", ""FMOD0035"", ""FMOD0096"", ""FMOD0079"", ""FMOD0119""]",1.0,True,100.0
200eq,SYNTHETIC_COMPONENT_VOLUME,HIGH_RECALL,Q6K00296,100,96752,99,47.564218,"[""FMOD0060"", ""FMOD0066"", ""FMOD0029"", ""FMOD0102"", ""FMOD0056"", ""FMOD0035"", ""FMOD0010"", ""FMOD0110"", ""FMOD0036"", ""FMOD0055""]",1.0,True,99.0
200eq,SYNTHETIC_COMPONENT_VOLUME,HIGH_RECALL,Q6K00298,100,96752,99,46.507299,"[""FMOD0074"", ""FMOD0036"", ""FMOD0079"", ""FMOD0119"", ""FMOD0120"", ""FMOD0017"", ""FMOD0091"", ""FMOD0056"", ""FMOD0023"", ""FMOD0083""]",1.0,True,99.0
200eq,SYNTHETIC_COMPONENT_VOLUME,HIGH_RECALL,Q6K00299,100,96752,99,48.011821,"[""FMOD0040"", ""FMOD0089"", ""FMOD0029"", ""FMOD0035"", ""FMOD0079"", ""FMOD0081"", ""FMOD0030"", ""FMOD0055"", ""FMOD0023"", ""FMOD0056""]",1.0,True,99.0
200eq,SYNTHETIC_COMPONENT_VOLUME,HIGH_RECALL,Q6K00304,100,96752,99,47.449024,"[""FMOD0077"", ""FMOD0083"", ""FMOD0087"", ""FMOD0023"", ""FMOD0069"", ""FMOD0056"", ""FMOD0020"", ""FMOD0055"", ""FMOD0102"", ""FMOD0025""]",1.0,True,99.0
200eq,SYNTHETIC_COMPONENT_VOLUME,HIGH_RECALL,Q6K00310,100,96752,100,48.537281,"[""FMOD0074"", ""FMOD0005"", ""FMOD0022"", ""FMOD0034"", ""FMOD0035"", ""FMOD0053"", ""FMOD0114"", ""FMOD0029"", ""FMOD0033"", ""FMOD0023""]",1.0,True,100.0
200eq,SYNTHETIC_COMPONENT_VOLUME,HIGH_RECALL,Q6K00313,100,96752,99,46.613345,"[""FMOD0061"", ""FMOD0069"", ""FMOD0083"", ""FMOD0066"", ""FMOD0114"", ""FMOD0029"", ""FMOD0036"", ""FMOD0033"", ""FMOD0030"", ""FMOD0120""]",1.0,True,99.0
200eq,SYNTHETIC_COMPONENT_VOLUME,HIGH_RECALL,Q6K00317,100,96752,100,47.078734,"[""FMOD0061"", ""FMOD0089"", ""FMOD0096"", ""FMOD0036"", ""FMOD0029"", ""FMOD0079"", ""FMOD0035"", ""FMOD0055"", ""FMOD0083"", ""FMOD0110""]",1.0,True,100.0
200eq,SYNTHETIC_COMPONENT_VOLUME,HIGH_RECALL,Q6K00318,100,96752,100,45.981348,"[""FMOD0086"", ""FMOD0004"", ""FMOD0050"", ""FMOD0082"", ""FMOD0067"", ""FMOD0035"", ""FMOD0114"", ""FMOD0053"", ""FMOD0081"", ""FMOD0110""]",1.0,True,100.0
200eq,SYNTHETIC_COMPONENT_VOLUME,HIGH_RECALL,Q6K00325,100,96752,99,47.758813,"[""FMOD0086"", ""FMOD0023"", ""FMOD0050"", ""FMOD0044"", ""FMOD0029"", ""FMOD0035"", ""FMOD0030"", ""FMOD0069"", ""FMOD0043"", ""FMOD0082""]",1.0,True,99.0
200eq,SYNTHETIC_COMPONENT_VOLUME,HIGH_RECALL,Q6K00326,100,96752,99,47.20276,"[""FMOD0099"", ""FMOD0055"", ""FMOD0066"", ""FMOD0036"", ""FMOD0010"", ""FMOD0102"", ""FMOD0056"", ""FMOD0112"", ""FMOD0029"", ""FMOD0023""]",1.0,True,99.0
200eq,SYNTHETIC_COMPONENT_VOLUME,HIGH_RECALL,Q6K00327,100,96752,97,47.504559,"[""FMOD0016"", ""FMOD0051"", ""FMOD0055"", ""FMOD0114"", ""FMOD0075"", ""FMOD0081"", ""FMOD0035"", ""FMOD0077"", ""FMOD0023"", ""FMOD0029""]",1.0,True,97.0
200eq,SYNTHETIC_COMPONENT_VOLUME,HIGH_RECALL,Q6K00332,100,96752,100,47.046564,"[""FMOD0044"", ""FMOD0035"", ""FMOD0029"", ""FMOD0069"", ""FMOD0030"", ""FMOD0086"", ""FMOD0120"", ""FMOD0119"", ""FMOD0041"", ""FMOD0050""]",1.0,True,100.0
200eq,SYNTHETIC_COMPONENT_VOLUME,HIGH_RECALL,Q6K00333,100,96752,99,46.997663,"[""FMOD0069"", ""FMOD0044"", ""FMOD0011"", ""FMOD0119"", ""FMOD0029"", ""FMOD0083"", ""FMOD0025"", ""FMOD0079"", ""FMOD0110"", ""FMOD0035""]",1.0,True,99.0
200eq,SYNTHETIC_COMPONENT_VOLUME,HIGH_RECALL,Q6K00336,100,96752,98,49.283761,"[""FMOD0014"", ""FMOD0023"", ""FMOD0079"", ""FMOD0035"", ""FMOD0082"", ""FMOD0081"", ""FMOD0029"", ""FMOD0120"", ""FMOD0119"", ""FMOD0102""]",1.0,True,98.0
200eq,SYNTHETIC_COMPONENT_VOLUME,HIGH_RECALL,Q6K00338,100,96752,99,48.391999,"[""FMOD0074"", ""FMOD0067"", ""FMOD0003"", ""FMOD0056"", ""FMOD0029"", ""FMOD0119"", ""FMOD0035"", ""FMOD0081"", ""FMOD0004"", ""FMOD0082""]",1.0,True,99.0
200eq,SYNTHETIC_COMPONENT_VOLUME,HIGH_RECALL,Q6K00340,100,96752,99,45.690581,"[""FMOD0025"", ""FMOD0011"", ""FMOD0089"", ""FMOD0029"", ""FMOD0023"", ""FMOD0030"", ""FMOD0069"", ""FMOD0035"", ""FMOD0119"", ""FMOD0041""]",1.0,True,99.0
200eq,SYNTHETIC_COMPONENT_VOLUME,HIGH_RECALL,Q6K00342,100,96752,99,47.280048,"[""FMOD0087"", ""FMOD0053"", ""FMOD0114"", ""FMOD0023"", ""FMOD0052"", ""FMOD0040"", ""FMOD0069"", ""FMOD0029"", ""FMOD0002"", ""FMOD0056""]",1.0,True,99.0
200eq,SYNTHETIC_COMPONENT_VOLUME,HIGH_RECALL,Q6K00343,100,96752,100,46.508889,"[""FMOD0087"", ""FMOD0016"", ""FMOD0041"", ""FMOD0055"", ""FMOD0030"", ""FMOD0029"", ""FMOD0023"", ""FMOD0081"", ""FMOD0102"", ""FMOD0056""]",1.0,True,100.0
200eq,SYNTHETIC_COMPONENT_VOLUME,HIGH_RECALL,Q6K00344,100,96752,100,47.486541,"[""FMOD0023"", ""FMOD0025"", ""FMOD0043"", ""FMOD0069"", ""FMOD0029"", ""FMOD0030"", ""FMOD0082"", ""FMOD0055"", ""FMOD0035"", ""FMOD0040""]",1.0,True,100.0
200eq,SYNTHETIC_COMPONENT_VOLUME,HIGH_RECALL,Q6K00351,100,96752,99,47.90237,"[""FMOD0005"", ""FMOD0099"", ""FMOD0022"", ""FMOD0034"", ""FMOD0082"", ""FMOD0055"", ""FMOD0029"", ""FMOD0020"", ""FMOD0119"", ""FMOD0030""]",1.0,True,99.0
200eq,SYNTHETIC_COMPONENT_VOLUME,HIGH_RECALL,Q6K00355,100,96752,99,48.122667,"[""FMOD0043"", ""FMOD0023"", ""FMOD0035"", ""FMOD0077"", ""FMOD0016"", ""FMOD0029"", ""FMOD0102"", ""FMOD0119"", ""FMOD0069"", ""FMOD0030""]",1.0,True,99.0
200eq,SYNTHETIC_COMPONENT_VOLUME,HIGH_RECALL,Q6K00359,100,96752,100,47.156078,"[""FMOD0086"", ""FMOD0087"", ""FMOD0044"", ""FMOD0081"", ""FMOD0039"", ""FMOD0056"", ""FMOD0097"", ""FMOD0029"", ""FMOD0079"", ""FMOD0102""]",1.0,True,100.0
200eq,SYNTHETIC_COMPONENT_VOLUME,HIGH_RECALL,Q6K00360,100,96752,100,49.013279,"[""FMOD0066"", ""FMOD0060"", ""FMOD0043"", ""FMOD0082"", ""FMOD0030"", ""FMOD0035"", ""FMOD0081"", ""FMOD0010"", ""FMOD0055"", ""FMOD0112""]",1.0,True,100.0
200eq,SYNTHETIC_COMPONENT_VOLUME,HIGH_RECALL,Q6K00363,100,96752,100,45.960604,"[""FMOD0066"", ""FMOD0029"", ""FMOD0102"", ""FMOD0056"", ""FMOD0119"", ""FMOD0114"", ""FMOD0069"", ""FMOD0120"", ""FMOD0035"", ""FMOD0023""]",1.0,True,100.0
200eq,SYNTHETIC_COMPONENT_VOLUME,HIGH_RECALL,Q6K00365,100,96752,100,47.614422,"[""FMOD0087"", ""FMOD0029"", ""FMOD0035"", ""FMOD0023"", ""FMOD0065"", ""FMOD0016"", ""FMOD0119"", ""FMOD0039"", ""FMOD0036"", ""FMOD0114""]",1.0,True,100.0
200eq,SYNTHETIC_COMPONENT_VOLUME,HIGH_RECALL,Q6K00372,100,96752,99,47.401129,"[""FMOD0023"", ""FMOD0035"", ""FMOD0020"", ""FMOD0016"", ""FMOD0051"", ""FMOD0029"", ""FMOD0030"", ""FMOD0119"", ""FMOD0102"", ""FMOD0069""]",1.0,True,99.0
200eq,SYNTHETIC_COMPONENT_VOLUME,HIGH_RECALL,Q6K00375,100,96752,100,51.173774,"[""FMOD0099"", ""FMOD0023"", ""FMOD0069"", ""FMOD0025"", ""FMOD0055"", ""FMOD0082"", ""FMOD0029"", ""FMOD0083"", ""FMOD0119"", ""FMOD0035""]",1.0,True,100.0
200eq,SYNTHETIC_COMPONENT_VOLUME,HIGH_RECALL,Q6K00377,100,96752,100,47.947661,"[""FMOD0082"", ""FMOD0022"", ""FMOD0023"", ""FMOD0069"", ""FMOD0055"", ""FMOD0025"", ""FMOD0100"", ""FMOD0034"", ""FMOD0029"", ""FMOD0119""]",1.0,True,100.0
200eq,SYNTHETIC_COMPONENT_VOLUME,HIGH_RECALL,Q6K00378,100,96752,100,46.649939,"[""FMOD0010"", ""FMOD0023"", ""FMOD0030"", ""FMOD0041"", ""FMOD0055"", ""FMOD0029"", ""FMOD0083"", ""FMOD0025"", ""FMOD0045"", ""FMOD0079""]",1.0,True,100.0
200eq,SYNTHETIC_COMPONENT_VOLUME,HIGH_RECALL,Q6K00380,100,96752,98,42.167834,"[""FMOD0023"", ""FMOD0029"", ""FMOD0030"", ""FMOD0035"", ""FMOD0082"", ""FMOD0119"", ""FMOD0102"", ""FMOD0110"", ""FMOD0036"", ""FMOD0120""]",1.0,True,98.0
200eq,SYNTHETIC_COMPONENT_VOLUME,HIGH_RECALL,Q6K00384,100,96752,99,44.478568,"[""FMOD0083"", ""FMOD0029"", ""FMOD0069"", ""FMOD0086"", ""FMOD0035"", ""FMOD0120"", ""FMOD0056"", ""FMOD0030"", ""FMOD0119"", ""FMOD0005""]",1.0,True,99.0
200eq,SYNTHETIC_COMPONENT_VOLUME,HIGH_RECALL,Q6K00389,100,96752,99,42.879682,"[""FMOD0055"", ""FMOD0034"", ""FMOD0039"", ""FMOD0065"", ""FMOD0023"", ""FMOD0082"", ""FMOD0035"", ""FMOD0029"", ""FMOD0030"", ""FMOD0079""]",1.0,True,99.0
200eq,SYNTHETIC_COMPONENT_VOLUME,HIGH_RECALL,Q6K00390,100,96752,100,43.389223,"[""FMOD0023"", ""FMOD0102"", ""FMOD0029"", ""FMOD0119"", ""FMOD0120"", ""FMOD0114"", ""FMOD0069"", ""FMOD0035"", ""FMOD0056"", ""FMOD0082""]",1.0,True,100.0
200eq,SYNTHETIC_COMPONENT_VOLUME,HIGH_RECALL,Q6K00393,100,96752,99,42.917458,"[""FMOD0029"", ""FMOD0023"", ""FMOD0102"", ""FMOD0119"", ""FMOD0041"", ""FMOD0120"", ""FMOD0036"", ""FMOD0030"", ""FMOD0053"", ""FMOD0035""]",1.0,True,99.0
200eq,SYNTHETIC_COMPONENT_VOLUME,HIGH_RECALL,Q6K00395,100,96752,99,43.892664,"[""FMOD0053"", ""FMOD0069"", ""FMOD0035"", ""FMOD0023"", ""FMOD0029"", ""FMOD0056"", ""FMOD0119"", ""FMOD0036"", ""FMOD0112"", ""FMOD0004""]",1.0,True,99.0
200eq,SYNTHETIC_COMPONENT_VOLUME,HIGH_RECALL,Q6K00396,100,96752,99,45.61664,"[""FMOD0066"", ""FMOD0035"", ""FMOD0023"", ""FMOD0051"", ""FMOD0081"", ""FMOD0029"", ""FMOD0119"", ""FMOD0036"", ""FMOD0102"", ""FMOD0010""]",1.0,True,99.0
200eq,SYNTHETIC_COMPONENT_VOLUME,HIGH_RECALL,Q6K00400,100,96752,100,44.931007,"[""FMOD0023"", ""FMOD0025"", ""FMOD0035"", ""FMOD0069"", ""FMOD0030"", ""FMOD0055"", ""FMOD0078"", ""FMOD0100"", ""FMOD0036"", ""FMOD0056""]",1.0,True,100.0
200eq,SYNTHETIC_COMPONENT_VOLUME,HIGH_RECALL,Q6K00403,100,96752,100,42.744439,"[""FMOD0035"", ""FMOD0033"", ""FMOD0029"", ""FMOD0119"", ""FMOD0120"", ""FMOD0078"", ""FMOD0024"", ""FMOD0080"", ""FMOD0108"", ""FMOD0102""]",1.0,True,100.0
200eq,SYNTHETIC_COMPONENT_VOLUME,HIGH_RECALL,Q6K00405,100,96752,100,45.225819,"[""FMOD0016"", ""FMOD0102"", ""FMOD0031"", ""FMOD0056"", ""FMOD0029"", ""FMOD0023"", ""FMOD0082"", ""FMOD0035"", ""FMOD0065"", ""FMOD0114""]",1.0,True,100.0
200eq,SYNTHETIC_COMPONENT_VOLUME,HIGH_RECALL,Q6K00407,100,96752,99,42.700872,"[""FMOD0005"", ""FMOD0029"", ""FMOD0120"", ""FMOD0069"", ""FMOD0102"", ""FMOD0030"", ""FMOD0079"", ""FMOD0119"", ""FMOD0023"", ""FMOD0020""]",1.0,True,99.0
200eq,SYNTHETIC_COMPONENT_VOLUME,HIGH_RECALL,Q6K00410,100,96752,99,44.214958,"[""FMOD0005"", ""FMOD0030"", ""FMOD0023"", ""FMOD0035"", ""FMOD0055"", ""FMOD0029"", ""FMOD0082"", ""FMOD0089"", ""FMOD0024"", ""FMOD0113""]",1.0,True,99.0
200eq,SYNTHETIC_COMPONENT_VOLUME,HIGH_RECALL,Q6K00417,100,96752,100,43.14044,"[""FMOD0051"", ""FMOD0082"", ""FMOD0081"", ""FMOD0102"", ""FMOD0035"", ""FMOD0067"", ""FMOD0021"", ""FMOD0114"", ""FMOD0065"", ""FMOD0119""]",1.0,True,100.0
200eq,SYNTHETIC_COMPONENT_VOLUME,HIGH_RECALL,Q6K00420,100,96752,99,44.916446,"[""FMOD0036"", ""FMOD0004"", ""FMOD0067"", ""FMOD0119"", ""FMOD0029"", ""FMOD0035"", ""FMOD0079"", ""FMOD0120"", ""FMOD0023"", ""FMOD0055""]",1.0,True,99.0
200eq,SYNTHETIC_COMPONENT_VOLUME,HIGH_RECALL,Q6K00422,100,96752,99,42.962137,"[""FMOD0053"", ""FMOD0083"", ""FMOD0035"", ""FMOD0082"", ""FMOD0023"", ""FMOD0029"", ""FMOD0021"", ""FMOD0081"", ""FMOD0051"", ""FMOD0030""]",1.0,True,99.0
200eq,SYNTHETIC_COMPONENT_VOLUME,HIGH_RECALL,Q6K00423,100,96752,99,44.244026,"[""FMOD0061"", ""FMOD0004"", ""FMOD0086"", ""FMOD0035"", ""FMOD0029"", ""FMOD0010"", ""FMOD0033"", ""FMOD0056"", ""FMOD0014"", ""FMOD0102""]",1.0,True,99.0
200eq,SYNTHETIC_COMPONENT_VOLUME,HIGH_RECALL,Q6K00424,100,96752,99,42.464505,"[""FMOD0053"", ""FMOD0102"", ""FMOD0029"", ""FMOD0082"", ""FMOD0039"", ""FMOD0034"", ""FMOD0023"", ""FMOD0035"", ""FMOD0077"", ""FMOD0114""]",1.0,True,99.0
200eq,SYNTHETIC_COMPONENT_VOLUME,HIGH_RECALL,Q6K00427,100,96752,99,43.443189,"[""FMOD0005"", ""FMOD0081"", ""FMOD0035"", ""FMOD0082"", ""FMOD0055"", ""FMOD0056"", ""FMOD0043"", ""FMOD0034"", ""FMOD0072"", ""FMOD0002""]",1.0,True,99.0
200eq,SYNTHETIC_COMPONENT_VOLUME,HIGH_RECALL,Q6K00435,100,96752,100,42.891138,"[""FMOD0099"", ""FMOD0069"", ""FMOD0029"", ""FMOD0119"", ""FMOD0023"", ""FMOD0035"", ""FMOD0102"", ""FMOD0030"", ""FMOD0120"", ""FMOD0010""]",1.0,True,100.0
200eq,SYNTHETIC_COMPONENT_VOLUME,HIGH_RECALL,Q6K00436,100,96752,100,44.414148,"[""FMOD0099"", ""FMOD0044"", ""FMOD0029"", ""FMOD0030"", ""FMOD0035"", ""FMOD0023"", ""FMOD0119"", ""FMOD0036"", ""FMOD0120"", ""FMOD0069""]",1.0,True,100.0
200eq,SYNTHETIC_COMPONENT_VOLUME,HIGH_RECALL,Q6K00438,100,96752,98,43.685733,"[""FMOD0022"", ""FMOD0055"", ""FMOD0029"", ""FMOD0081"", ""FMOD0082"", ""FMOD0030"", ""FMOD0039"", ""FMOD0023"", ""FMOD0102"", ""FMOD0069""]",1.0,True,98.0
200eq,SYNTHETIC_COMPONENT_VOLUME,HIGH_RECALL,Q6K00442,100,96752,100,44.866033,"[""FMOD0087"", ""FMOD0029"", ""FMOD0081"", ""FMOD0120"", ""FMOD0082"", ""FMOD0056"", ""FMOD0102"", ""FMOD0035"", ""FMOD0079"", ""FMOD0119""]",1.0,True,100.0
200eq,SYNTHETIC_COMPONENT_VOLUME,HIGH_RECALL,Q6K00443,100,96752,100,45.437709,"[""FMOD0035"", ""FMOD0011"", ""FMOD0023"", ""FMOD0041"", ""FMOD0082"", ""FMOD0119"", ""FMOD0102"", ""FMOD0114"", ""FMOD0112"", ""FMOD0079""]",1.0,True,100.0
200eq,SYNTHETIC_COMPONENT_VOLUME,HIGH_RECALL,Q6K00444,100,96752,99,44.850676,"[""FMOD0003"", ""FMOD0022"", ""FMOD0034"", ""FMOD0069"", ""FMOD0120"", ""FMOD0119"", ""FMOD0079"", ""FMOD0102"", ""FMOD0005"", ""FMOD0078""]",1.0,True,99.0
200eq,SYNTHETIC_COMPONENT_VOLUME,HIGH_RECALL,Q6K00446,100,96752,98,45.974211,"[""FMOD0082"", ""FMOD0067"", ""FMOD0060"", ""FMOD0035"", ""FMOD0023"", ""FMOD0101"", ""FMOD0021"", ""FMOD0097"", ""FMOD0022"", ""FMOD0081""]",1.0,True,98.0
200eq,SYNTHETIC_COMPONENT_VOLUME,HIGH_RECALL,Q6K00453,100,96752,100,46.391713,"[""FMOD0044"", ""FMOD0079"", ""FMOD0029"", ""FMOD0114"", ""FMOD0119"", ""FMOD0023"", ""FMOD0102"", ""FMOD0120"", ""FMOD0083"", ""FMOD0035""]",1.0,True,100.0
200eq,SYNTHETIC_COMPONENT_VOLUME,HIGH_RECALL,Q6K00456,100,96752,100,43.120808,"[""FMOD0004"", ""FMOD0016"", ""FMOD0067"", ""FMOD0113"", ""FMOD0052"", ""FMOD0036"", ""FMOD0114"", ""FMOD0029"", ""FMOD0023"", ""FMOD0035""]",1.0,True,100.0
200eq,SYNTHETIC_COMPONENT_VOLUME,HIGH_RECALL,Q6K00458,100,96752,100,45.084527,"[""FMOD0079"", ""FMOD0023"", ""FMOD0016"", ""FMOD0035"", ""FMOD0030"", ""FMOD0029"", ""FMOD0081"", ""FMOD0020"", ""FMOD0102"", ""FMOD0082""]",1.0,True,100.0
200eq,SYNTHETIC_COMPONENT_VOLUME,HIGH_RECALL,Q6K00461,100,96752,99,44.111603,"[""FMOD0001"", ""FMOD0003"", ""FMOD0089"", ""FMOD0030"", ""FMOD0035"", ""FMOD0029"", ""FMOD0051"", ""FMOD0120"", ""FMOD0023"", ""FMOD0036""]",1.0,True,99.0
200eq,SYNTHETIC_COMPONENT_VOLUME,HIGH_RECALL,Q6K00465,100,96752,100,45.011807,"[""FMOD0083"", ""FMOD0096"", ""FMOD0029"", ""FMOD0023"", ""FMOD0036"", ""FMOD0110"", ""FMOD0119"", ""FMOD0035"", ""FMOD0005"", ""FMOD0120""]",1.0,True,100.0
200eq,SYNTHETIC_COMPONENT_VOLUME,HIGH_RECALL,Q6K00470,100,96752,98,42.929476,"[""FMOD0060"", ""FMOD0102"", ""FMOD0029"", ""FMOD0061"", ""FMOD0120"", ""FMOD0119"", ""FMOD0056"", ""FMOD0114"", ""FMOD0069"", ""FMOD0035""]",1.0,True,98.0
200eq,SYNTHETIC_COMPONENT_VOLUME,HIGH_RECALL,Q6K00471,100,96752,99,43.729837,"[""FMOD0025"", ""FMOD0099"", ""FMOD0029"", ""FMOD0024"", ""FMOD0114"", ""FMOD0005"", ""FMOD0014"", ""FMOD0113"", ""FMOD0083"", ""FMOD0120""]",1.0,True,99.0
200eq,SYNTHETIC_COMPONENT_VOLUME,HIGH_RECALL,Q6K00473,100,96752,100,42.57522,"[""FMOD0086"", ""FMOD0079"", ""FMOD0056"", ""FMOD0078"", ""FMOD0097"", ""FMOD0036"", ""FMOD0117"", ""FMOD0083"", ""FMOD0119"", ""FMOD0114""]",1.0,True,100.0
200eq,SYNTHETIC_COMPONENT_VOLUME,HIGH_RECALL,Q6K00479,100,96752,99,43.549042,"[""FMOD0066"", ""FMOD0022"", ""FMOD0034"", ""FMOD0082"", ""FMOD0023"", ""FMOD0035"", ""FMOD0079"", ""FMOD0036"", ""FMOD0029"", ""FMOD0112""]",1.0,True,99.0
200eq,SYNTHETIC_COMPONENT_VOLUME,HIGH_RECALL,Q6K00481,100,96752,99,42.851663,"[""FMOD0035"", ""FMOD0023"", ""FMOD0051"", ""FMOD0081"", ""FMOD0029"", ""FMOD0119"", ""FMOD0102"", ""FMOD0082"", ""FMOD0120"", ""FMOD0036""]",1.0,True,99.0
200eq,SYNTHETIC_COMPONENT_VOLUME,HIGH_RECALL,Q6K00484,100,96752,99,42.899752,"[""FMOD0029"", ""FMOD0035"", ""FMOD0030"", ""FMOD0023"", ""FMOD0119"", ""FMOD0082"", ""FMOD0051"", ""FMOD0120"", ""FMOD0016"", ""FMOD0069""]",1.0,True,99.0
200eq,SYNTHETIC_COMPONENT_VOLUME,HIGH_RECALL,Q6K00485,100,96752,98,43.028636,"[""FMOD0069"", ""FMOD0035"", ""FMOD0023"", ""FMOD0119"", ""FMOD0029"", ""FMOD0056"", ""FMOD0036"", ""FMOD0112"", ""FMOD0067"", ""FMOD0078""]",1.0,True,98.0
200eq,SYNTHETIC_COMPONENT_VOLUME,HIGH_RECALL,Q6K00489,100,96752,99,45.540194,"[""FMOD0080"", ""FMOD0086"", ""FMOD0015"", ""FMOD0107"", ""FMOD0029"", ""FMOD0023"", ""FMOD0119"", ""FMOD0030"", ""FMOD0102"", ""FMOD0069""]",1.0,True,99.0
200eq,SYNTHETIC_COMPONENT_VOLUME,HIGH_RECALL,Q6K00495,100,96752,100,45.273385,"[""FMOD0083"", ""FMOD0096"", ""FMOD0029"", ""FMOD0023"", ""FMOD0119"", ""FMOD0035"", ""FMOD0110"", ""FMOD0069"", ""FMOD0036"", ""FMOD0030""]",1.0,True,100.0
200eq,SYNTHETIC_COMPONENT_VOLUME,HIGH_RECALL,Q6K00498,100,96752,100,40.698495,"[""FMOD0023"", ""FMOD0069"", ""FMOD0055"", ""FMOD0082"", ""FMOD0025"", ""FMOD0100"", ""FMOD0029"", ""FMOD0035"", ""FMOD0102"", ""FMOD0036""]",1.0,True,100.0
200eq,SYNTHETIC_COMPONENT_VOLUME,HIGH_RECALL,Q6K00507,100,96752,100,40.457135,"[""FMOD0082"", ""FMOD0039"", ""FMOD0034"", ""FMOD0023"", ""FMOD0035"", ""FMOD0065"", ""FMOD0016"", ""FMOD0059"", ""FMOD0021"", ""FMOD0030""]",1.0,True,100.0
200eq,SYNTHETIC_COMPONENT_VOLUME,HIGH_RECALL,Q6K00511,100,96752,98,40.592445,"[""FMOD0010"", ""FMOD0030"", ""FMOD0041"", ""FMOD0055"", ""FMOD0029"", ""FMOD0083"", ""FMOD0045"", ""FMOD0025"", ""FMOD0079"", ""FMOD0102""]",1.0,True,98.0
200eq,SYNTHETIC_COMPONENT_VOLUME,HIGH_RECALL,Q6K00512,100,96752,100,40.443046,"[""FMOD0035"", ""FMOD0023"", ""FMOD0119"", ""FMOD0029"", ""FMOD0110"", ""FMOD0108"", ""FMOD0036"", ""FMOD0042"", ""FMOD0107"", ""FMOD0060""]",1.0,True,100.0
200eq,SYNTHETIC_COMPONENT_VOLUME,HIGH_RECALL,Q6K00513,100,96752,100,40.816142,"[""FMOD0029"", ""FMOD0110"", ""FMOD0056"", ""FMOD0023"", ""FMOD0083"", ""FMOD0119"", ""FMOD0112"", ""FMOD0036"", ""FMOD0078"", ""FMOD0114""]",1.0,True,100.0
200eq,SYNTHETIC_COMPONENT_VOLUME,HIGH_RECALL,Q6K00517,100,96752,99,40.729612,"[""FMOD0082"", ""FMOD0021"", ""FMOD0081"", ""FMOD0039"", ""FMOD0034"", ""FMOD0029"", ""FMOD0023"", ""FMOD0119"", ""FMOD0102"", ""FMOD0051""]",1.0,True,99.0
200eq,SYNTHETIC_COMPONENT_VOLUME,HIGH_RECALL,Q6K00518,100,96752,99,42.436223,"[""FMOD0029"", ""FMOD0035"", ""FMOD0102"", ""FMOD0119"", ""FMOD0110"", ""FMOD0096"", ""FMOD0114"", ""FMOD0108"", ""FMOD0018"", ""FMOD0010""]",1.0,True,99.0
200eq,SYNTHETIC_COMPONENT_VOLUME,HIGH_RECALL,Q6K00523,100,96752,98,40.937226,"[""FMOD0082"", ""FMOD0081"", ""FMOD0039"", ""FMOD0034"", ""FMOD0029"", ""FMOD0035"", ""FMOD0119"", ""FMOD0023"", ""FMOD0102"", ""FMOD0051""]",1.0,True,98.0
200eq,SYNTHETIC_COMPONENT_VOLUME,HIGH_RECALL,Q6K00528,100,96752,99,40.806229,"[""FMOD0035"", ""FMOD0023"", ""FMOD0051"", ""FMOD0081"", ""FMOD0029"", ""FMOD0079"", ""FMOD0119"", ""FMOD0082"", ""FMOD0005"", ""FMOD0030""]",1.0,True,99.0
200eq,SYNTHETIC_COMPONENT_VOLUME,HIGH_RECALL,Q6K00530,100,96752,98,40.349632,"[""FMOD0069"", ""FMOD0035"", ""FMOD0023"", ""FMOD0029"", ""FMOD0119"", ""FMOD0056"", ""FMOD0036"", ""FMOD0112"", ""FMOD0067"", ""FMOD0078""]",1.0,True,98.0
200eq,SYNTHETIC_COMPONENT_VOLUME,HIGH_RECALL,Q6K00531,100,96752,100,40.113695,"[""FMOD0082"", ""FMOD0081"", ""FMOD0029"", ""FMOD0035"", ""FMOD0023"", ""FMOD0119"", ""FMOD0034"", ""FMOD0102"", ""FMOD0030"", ""FMOD0065""]",1.0,True,100.0
200eq,SYNTHETIC_COMPONENT_VOLUME,HIGH_RECALL,Q6K00533,100,96752,99,40.469326,"[""FMOD0029"", ""FMOD0119"", ""FMOD0023"", ""FMOD0030"", ""FMOD0036"", ""FMOD0035"", ""FMOD0114"", ""FMOD0102"", ""FMOD0120"", ""FMOD0110""]",1.0,True,99.0
200eq,SYNTHETIC_COMPONENT_VOLUME,HIGH_RECALL,Q6K00535,100,96752,100,36.330055,"[""FMOD0035"", ""FMOD0118"", ""FMOD0102"", ""FMOD0069"", ""FMOD0029"", ""FMOD0030"", ""FMOD0036"", ""FMOD0079"", ""FMOD0120"", ""FMOD0041""]",1.0,True,100.0
200eq,SYNTHETIC_COMPONENT_VOLUME,HIGH_RECALL,Q6K00537,100,96752,100,42.135804,"[""FMOD0023"", ""FMOD0055"", ""FMOD0069"", ""FMOD0025"", ""FMOD0082"", ""FMOD0100"", ""FMOD0029"", ""FMOD0119"", ""FMOD0036"", ""FMOD0035""]",1.0,True,100.0
200eq,SYNTHETIC_COMPONENT_VOLUME,HIGH_RECALL,Q6K00538,100,96752,100,40.686637,"[""FMOD0055"", ""FMOD0023"", ""FMOD0069"", ""FMOD0025"", ""FMOD0082"", ""FMOD0100"", ""FMOD0029"", ""FMOD0035"", ""FMOD0114"", ""FMOD0119""]",1.0,True,100.0
500eq,SYNTHETIC_COMPONENT_VOLUME,EXACT,Q6K00183,100,241880,100,97.100492,"[""FMOD0023"", ""FMOD0029"", ""FMOD0081"", ""FMOD0036"", ""FMOD0114"", ""FMOD0119"", ""FMOD0035"", ""FMOD0082"", ""FMOD0030"", ""FMOD0120""]",1.0,True,
500eq,SYNTHETIC_COMPONENT_VOLUME,EXACT,Q6K00184,100,241880,100,97.28707,"[""FMOD0004"", ""FMOD0067"", ""FMOD0113"", ""FMOD0052"", ""FMOD0036"", ""FMOD0114"", ""FMOD0056"", ""FMOD0101"", ""FMOD0110"", ""FMOD0081""]",1.0,True,
500eq,SYNTHETIC_COMPONENT_VOLUME,EXACT,Q6K00193,100,241880,100,96.289829,"[""FMOD0025"", ""FMOD0069"", ""FMOD0023"", ""FMOD0029"", ""FMOD0056"", ""FMOD0055"", ""FMOD0114"", ""FMOD0078"", ""FMOD0096"", ""FMOD0080""]",1.0,True,
500eq,SYNTHETIC_COMPONENT_VOLUME,EXACT,Q6K00195,100,241880,100,95.226155,"[""FMOD0061"", ""FMOD0083"", ""FMOD0029"", ""FMOD0056"", ""FMOD0102"", ""FMOD0091"", ""FMOD0023"", ""FMOD0081"", ""FMOD0114"", ""FMOD0030""]",1.0,True,
500eq,SYNTHETIC_COMPONENT_VOLUME,EXACT,Q6K00197,100,241880,100,98.548718,"[""FMOD0069"", ""FMOD0029"", ""FMOD0102"", ""FMOD0114"", ""FMOD0030"", ""FMOD0119"", ""FMOD0005"", ""FMOD0120"", ""FMOD0033"", ""FMOD0036""]",1.0,True,
500eq,SYNTHETIC_COMPONENT_VOLUME,EXACT,Q6K00199,100,241880,100,94.818585,"[""FMOD0067"", ""FMOD0069"", ""FMOD0029"", ""FMOD0102"", ""FMOD0119"", ""FMOD0056"", ""FMOD0120"", ""FMOD0030"", ""FMOD0026"", ""FMOD0023""]",1.0,True,
500eq,SYNTHETIC_COMPONENT_VOLUME,EXACT,Q6K00200,100,241880,100,96.951081,"[""FMOD0051"", ""FMOD0023"", ""FMOD0029"", ""FMOD0035"", ""FMOD0016"", ""FMOD0081"", ""FMOD0120"", ""FMOD0082"", ""FMOD0079"", ""FMOD0020""]",1.0,True,
500eq,SYNTHETIC_COMPONENT_VOLUME,EXACT,Q6K00201,100,241880,100,96.664137,"[""FMOD0066"", ""FMOD0055"", ""FMOD0030"", ""FMOD0029"", ""FMOD0010"", ""FMOD0041"", ""FMOD0036"", ""FMOD0102"", ""FMOD0112"", ""FMOD0120""]",1.0,True,
500eq,SYNTHETIC_COMPONENT_VOLUME,EXACT,Q6K00205,100,241880,100,96.645127,"[""FMOD0051"", ""FMOD0023"", ""FMOD0035"", ""FMOD0020"", ""FMOD0016"", ""FMOD0081"", ""FMOD0119"", ""FMOD0029"", ""FMOD0065"", ""FMOD0114""]",1.0,True,
500eq,SYNTHETIC_COMPONENT_VOLUME,EXACT,Q6K00206,100,241880,100,95.48169,"[""FMOD0016"", ""FMOD0102"", ""FMOD0031"", ""FMOD0029"", ""FMOD0023"", ""FMOD0035"", ""FMOD0082"", ""FMOD0065"", ""FMOD0114"", ""FMOD0033""]",1.0,True,
500eq,SYNTHETIC_COMPONENT_VOLUME,EXACT,Q6K00207,100,241880,100,95.439318,"[""FMOD0023"", ""FMOD0029"", ""FMOD0035"", ""FMOD0120"", ""FMOD0102"", ""FMOD0069"", ""FMOD0119"", ""FMOD0077"", ""FMOD0082"", ""FMOD0110""]",1.0,True,
500eq,SYNTHETIC_COMPONENT_VOLUME,EXACT,Q6K00208,100,241880,100,95.977403,"[""FMOD0102"", ""FMOD0079"", ""FMOD0023"", ""FMOD0030"", ""FMOD0029"", ""FMOD0055"", ""FMOD0035"", ""FMOD0082"", ""FMOD0036"", ""FMOD0014""]",1.0,True,
500eq,SYNTHETIC_COMPONENT_VOLUME,EXACT,Q6K00212,100,241880,100,96.70097,"[""FMOD0060"", ""FMOD0029"", ""FMOD0023"", ""FMOD0082"", ""FMOD0075"", ""FMOD0096"", ""FMOD0102"", ""FMOD0056"", ""FMOD0036"", ""FMOD0081""]",1.0,True,
500eq,SYNTHETIC_COMPONENT_VOLUME,EXACT,Q6K00216,100,241880,100,95.657458,"[""FMOD0016"", ""FMOD0029"", ""FMOD0035"", ""FMOD0023"", ""FMOD0081"", ""FMOD0079"", ""FMOD0119"", ""FMOD0102"", ""FMOD0114"", ""FMOD0056""]",1.0,True,
500eq,SYNTHETIC_COMPONENT_VOLUME,EXACT,Q6K00227,100,241880,100,96.041641,"[""FMOD0096"", ""FMOD0029"", ""FMOD0023"", ""FMOD0120"", ""FMOD0119"", ""FMOD0035"", ""FMOD0056"", ""FMOD0113"", ""FMOD0069"", ""FMOD0025""]",1.0,True,
500eq,SYNTHETIC_COMPONENT_VOLUME,EXACT,Q6K00232,100,241880,100,94.620056,"[""FMOD0060"", ""FMOD0029"", ""FMOD0023"", ""FMOD0086"", ""FMOD0056"", ""FMOD0043"", ""FMOD0110"", ""FMOD0044"", ""FMOD0036"", ""FMOD0075""]",1.0,True,
500eq,SYNTHETIC_COMPONENT_VOLUME,EXACT,Q6K00235,100,241880,100,94.966242,"[""FMOD0096"", ""FMOD0114"", ""FMOD0029"", ""FMOD0120"", ""FMOD0119"", ""FMOD0023"", ""FMOD0035"", ""FMOD0056"", ""FMOD0069"", ""FMOD0030""]",1.0,True,
500eq,SYNTHETIC_COMPONENT_VOLUME,EXACT,Q6K00236,100,241880,100,96.198081,"[""FMOD0036"", ""FMOD0119"", ""FMOD0079"", ""FMOD0120"", ""FMOD0056"", ""FMOD0086"", ""FMOD0082"", ""FMOD0091"", ""FMOD0029"", ""FMOD0102""]",1.0,True,
500eq,SYNTHETIC_COMPONENT_VOLUME,EXACT,Q6K00237,100,241880,100,96.675635,"[""FMOD0067"", ""FMOD0029"", ""FMOD0119"", ""FMOD0120"", ""FMOD0023"", ""FMOD0102"", ""FMOD0056"", ""FMOD0082"", ""FMOD0110"", ""FMOD0069""]",1.0,True,
500eq,SYNTHETIC_COMPONENT_VOLUME,EXACT,Q6K00240,100,241880,100,96.50172,"[""FMOD0069"", ""FMOD0029"", ""FMOD0110"", ""FMOD0104"", ""FMOD0035"", ""FMOD0119"", ""FMOD0043"", ""FMOD0023"", ""FMOD0102"", ""FMOD0083""]",1.0,True,
500eq,SYNTHETIC_COMPONENT_VOLUME,EXACT,Q6K00247,100,241880,100,94.708033,"[""FMOD0069"", ""FMOD0060"", ""FMOD0119"", ""FMOD0029"", ""FMOD0023"", ""FMOD0083"", ""FMOD0025"", ""FMOD0110"", ""FMOD0079"", ""FMOD0003""]",1.0,True,
500eq,SYNTHETIC_COMPONENT_VOLUME,EXACT,Q6K00251,100,241880,100,95.94606,"[""FMOD0044"", ""FMOD0067"", ""FMOD0119"", ""FMOD0029"", ""FMOD0023"", ""FMOD0120"", ""FMOD0113"", ""FMOD0086"", ""FMOD0035"", ""FMOD0030""]",1.0,True,
500eq,SYNTHETIC_COMPONENT_VOLUME,EXACT,Q6K00252,100,241880,100,97.489524,"[""FMOD0043"", ""FMOD0086"", ""FMOD0035"", ""FMOD0023"", ""FMOD0102"", ""FMOD0029"", ""FMOD0096"", ""FMOD0069"", ""FMOD0079"", ""FMOD0024""]",1.0,True,
500eq,SYNTHETIC_COMPONENT_VOLUME,EXACT,Q6K00258,100,241880,100,96.246443,"[""FMOD0096"", ""FMOD0001"", ""FMOD0029"", ""FMOD0041"", ""FMOD0035"", ""FMOD0030"", ""FMOD0056"", ""FMOD0120"", ""FMOD0069"", ""FMOD0119""]",1.0,True,
500eq,SYNTHETIC_COMPONENT_VOLUME,EXACT,Q6K00259,100,241880,100,98.567153,"[""FMOD0043"", ""FMOD0089"", ""FMOD0035"", ""FMOD0102"", ""FMOD0096"", ""FMOD0023"", ""FMOD0029"", ""FMOD0069"", ""FMOD0079"", ""FMOD0024""]",1.0,True,
500eq,SYNTHETIC_COMPONENT_VOLUME,EXACT,Q6K00262,100,241880,100,97.197278,"[""FMOD0069"", ""FMOD0060"", ""FMOD0023"", ""FMOD0025"", ""FMOD0055"", ""FMOD0082"", ""FMOD0100"", ""FMOD0029"", ""FMOD0102"", ""FMOD0119""]",1.0,True,
500eq,SYNTHETIC_COMPONENT_VOLUME,EXACT,Q6K00264,100,241880,100,93.702539,"[""FMOD0043"", ""FMOD0066"", ""FMOD0035"", ""FMOD0056"", ""FMOD0081"", ""FMOD0082"", ""FMOD0030"", ""FMOD0119"", ""FMOD0023"", ""FMOD0029""]",1.0,True,
500eq,SYNTHETIC_COMPONENT_VOLUME,EXACT,Q6K00267,100,241880,100,95.665103,"[""FMOD0022"", ""FMOD0069"", ""FMOD0034"", ""FMOD0082"", ""FMOD0023"", ""FMOD0055"", ""FMOD0025"", ""FMOD0100"", ""FMOD0072"", ""FMOD0035""]",1.0,True,
500eq,SYNTHETIC_COMPONENT_VOLUME,EXACT,Q6K00268,100,241880,100,97.022759,"[""FMOD0077"", ""FMOD0050"", ""FMOD0055"", ""FMOD0083"", ""FMOD0005"", ""FMOD0035"", ""FMOD0114"", ""FMOD0029"", ""FMOD0033"", ""FMOD0069""]",1.0,True,
500eq,SYNTHETIC_COMPONENT_VOLUME,EXACT,Q6K00271,100,241880,100,95.406913,"[""FMOD0086"", ""FMOD0050"", ""FMOD0044"", ""FMOD0120"", ""FMOD0029"", ""FMOD0036"", ""FMOD0077"", ""FMOD0069"", ""FMOD0102"", ""FMOD0005""]",1.0,True,
500eq,SYNTHETIC_COMPONENT_VOLUME,EXACT,Q6K00273,100,241880,100,95.361546,"[""FMOD0023"", ""FMOD0043"", ""FMOD0119"", ""FMOD0079"", ""FMOD0029"", ""FMOD0102"", ""FMOD0056"", ""FMOD0005"", ""FMOD0030"", ""FMOD0075""]",1.0,True,
500eq,SYNTHETIC_COMPONENT_VOLUME,EXACT,Q6K00274,100,241880,100,93.59969,"[""FMOD0004"", ""FMOD0044"", ""FMOD0067"", ""FMOD0113"", ""FMOD0052"", ""FMOD0036"", ""FMOD0114"", ""FMOD0056"", ""FMOD0110"", ""FMOD0035""]",1.0,True,
500eq,SYNTHETIC_COMPONENT_VOLUME,EXACT,Q6K00275,100,241880,100,96.252836,"[""FMOD0086"", ""FMOD0074"", ""FMOD0050"", ""FMOD0029"", ""FMOD0056"", ""FMOD0102"", ""FMOD0035"", ""FMOD0024"", ""FMOD0114"", ""FMOD0043""]",1.0,True,
500eq,SYNTHETIC_COMPONENT_VOLUME,EXACT,Q6K00283,100,241880,100,95.133606,"[""FMOD0036"", ""FMOD0035"", ""FMOD0029"", ""FMOD0023"", ""FMOD0120"", ""FMOD0119"", ""FMOD0079"", ""FMOD0102"", ""FMOD0069"", ""FMOD0082""]",1.0,True,
500eq,SYNTHETIC_COMPONENT_VOLUME,EXACT,Q6K00287,100,241880,100,95.158003,"[""FMOD0003"", ""FMOD0089"", ""FMOD0004"", ""FMOD0063"", ""FMOD0067"", ""FMOD0014"", ""FMOD0113"", ""FMOD0052"", ""FMOD0036"", ""FMOD0114""]",1.0,True,
500eq,SYNTHETIC_COMPONENT_VOLUME,EXACT,Q6K00293,100,241880,100,93.662818,"[""FMOD0074"", ""FMOD0043"", ""FMOD0035"", ""FMOD0029"", ""FMOD0023"", ""FMOD0069"", ""FMOD0102"", ""FMOD0096"", ""FMOD0079"", ""FMOD0024""]",1.0,True,
500eq,SYNTHETIC_COMPONENT_VOLUME,EXACT,Q6K00295,100,241880,100,95.003432,"[""FMOD0066"", ""FMOD0043"", ""FMOD0102"", ""FMOD0029"", ""FMOD0023"", ""FMOD0069"", ""FMOD0035"", ""FMOD0096"", ""FMOD0079"", ""FMOD0119""]",1.0,True,
500eq,SYNTHETIC_COMPONENT_VOLUME,EXACT,Q6K00296,100,241880,100,95.836366,"[""FMOD0060"", ""FMOD0066"", ""FMOD0029"", ""FMOD0102"", ""FMOD0056"", ""FMOD0035"", ""FMOD0010"", ""FMOD0110"", ""FMOD0036"", ""FMOD0055""]",1.0,True,
500eq,SYNTHETIC_COMPONENT_VOLUME,EXACT,Q6K00298,100,241880,100,96.71578,"[""FMOD0074"", ""FMOD0036"", ""FMOD0079"", ""FMOD0119"", ""FMOD0120"", ""FMOD0017"", ""FMOD0091"", ""FMOD0056"", ""FMOD0023"", ""FMOD0083""]",1.0,True,
500eq,SYNTHETIC_COMPONENT_VOLUME,EXACT,Q6K00299,100,241880,100,100.221392,"[""FMOD0040"", ""FMOD0089"", ""FMOD0029"", ""FMOD0035"", ""FMOD0079"", ""FMOD0081"", ""FMOD0030"", ""FMOD0055"", ""FMOD0023"", ""FMOD0056""]",1.0,True,
500eq,SYNTHETIC_COMPONENT_VOLUME,EXACT,Q6K00304,100,241880,100,102.947008,"[""FMOD0077"", ""FMOD0083"", ""FMOD0087"", ""FMOD0023"", ""FMOD0069"", ""FMOD0056"", ""FMOD0020"", ""FMOD0055"", ""FMOD0102"", ""FMOD0025""]",1.0,True,
500eq,SYNTHETIC_COMPONENT_VOLUME,EXACT,Q6K00310,100,241880,100,101.849779,"[""FMOD0074"", ""FMOD0005"", ""FMOD0022"", ""FMOD0034"", ""FMOD0035"", ""FMOD0053"", ""FMOD0114"", ""FMOD0029"", ""FMOD0033"", ""FMOD0023""]",1.0,True,
500eq,SYNTHETIC_COMPONENT_VOLUME,EXACT,Q6K00313,100,241880,100,101.173539,"[""FMOD0061"", ""FMOD0069"", ""FMOD0083"", ""FMOD0066"", ""FMOD0114"", ""FMOD0029"", ""FMOD0036"", ""FMOD0033"", ""FMOD0030"", ""FMOD0120""]",1.0,True,
500eq,SYNTHETIC_COMPONENT_VOLUME,EXACT,Q6K00317,100,241880,100,102.794747,"[""FMOD0061"", ""FMOD0089"", ""FMOD0096"", ""FMOD0036"", ""FMOD0029"", ""FMOD0079"", ""FMOD0035"", ""FMOD0055"", ""FMOD0083"", ""FMOD0110""]",1.0,True,
500eq,SYNTHETIC_COMPONENT_VOLUME,EXACT,Q6K00318,100,241880,100,100.038233,"[""FMOD0086"", ""FMOD0004"", ""FMOD0050"", ""FMOD0082"", ""FMOD0067"", ""FMOD0035"", ""FMOD0114"", ""FMOD0053"", ""FMOD0081"", ""FMOD0110""]",1.0,True,
500eq,SYNTHETIC_COMPONENT_VOLUME,EXACT,Q6K00325,100,241880,100,99.482143,"[""FMOD0086"", ""FMOD0023"", ""FMOD0050"", ""FMOD0044"", ""FMOD0029"", ""FMOD0035"", ""FMOD0030"", ""FMOD0069"", ""FMOD0043"", ""FMOD0082""]",1.0,True,
500eq,SYNTHETIC_COMPONENT_VOLUME,EXACT,Q6K00326,100,241880,100,100.075617,"[""FMOD0099"", ""FMOD0055"", ""FMOD0066"", ""FMOD0036"", ""FMOD0010"", ""FMOD0102"", ""FMOD0056"", ""FMOD0112"", ""FMOD0029"", ""FMOD0023""]",1.0,True,
500eq,SYNTHETIC_COMPONENT_VOLUME,EXACT,Q6K00327,100,241880,100,102.244067,"[""FMOD0016"", ""FMOD0051"", ""FMOD0055"", ""FMOD0114"", ""FMOD0075"", ""FMOD0081"", ""FMOD0035"", ""FMOD0077"", ""FMOD0023"", ""FMOD0029""]",1.0,True,
500eq,SYNTHETIC_COMPONENT_VOLUME,EXACT,Q6K00332,100,241880,100,98.805184,"[""FMOD0044"", ""FMOD0035"", ""FMOD0029"", ""FMOD0069"", ""FMOD0030"", ""FMOD0086"", ""FMOD0120"", ""FMOD0119"", ""FMOD0041"", ""FMOD0050""]",1.0,True,
500eq,SYNTHETIC_COMPONENT_VOLUME,EXACT,Q6K00333,100,241880,100,99.538182,"[""FMOD0069"", ""FMOD0044"", ""FMOD0011"", ""FMOD0119"", ""FMOD0029"", ""FMOD0083"", ""FMOD0025"", ""FMOD0079"", ""FMOD0110"", ""FMOD0035""]",1.0,True,
500eq,SYNTHETIC_COMPONENT_VOLUME,EXACT,Q6K00336,100,241880,100,99.500286,"[""FMOD0014"", ""FMOD0023"", ""FMOD0079"", ""FMOD0035"", ""FMOD0082"", ""FMOD0081"", ""FMOD0029"", ""FMOD0120"", ""FMOD0119"", ""FMOD0102""]",1.0,True,
500eq,SYNTHETIC_COMPONENT_VOLUME,EXACT,Q6K00338,100,241880,100,101.930131,"[""FMOD0074"", ""FMOD0067"", ""FMOD0003"", ""FMOD0056"", ""FMOD0029"", ""FMOD0119"", ""FMOD0035"", ""FMOD0081"", ""FMOD0004"", ""FMOD0082""]",1.0,True,
500eq,SYNTHETIC_COMPONENT_VOLUME,EXACT,Q6K00340,100,241880,100,99.547193,"[""FMOD0025"", ""FMOD0011"", ""FMOD0089"", ""FMOD0029"", ""FMOD0023"", ""FMOD0030"", ""FMOD0069"", ""FMOD0035"", ""FMOD0119"", ""FMOD0041""]",1.0,True,
500eq,SYNTHETIC_COMPONENT_VOLUME,EXACT,Q6K00342,100,241880,100,98.253934,"[""FMOD0087"", ""FMOD0053"", ""FMOD0114"", ""FMOD0023"", ""FMOD0052"", ""FMOD0040"", ""FMOD0069"", ""FMOD0029"", ""FMOD0002"", ""FMOD0056""]",1.0,True,
500eq,SYNTHETIC_COMPONENT_VOLUME,EXACT,Q6K00343,100,241880,100,98.314868,"[""FMOD0087"", ""FMOD0016"", ""FMOD0041"", ""FMOD0055"", ""FMOD0030"", ""FMOD0029"", ""FMOD0023"", ""FMOD0081"", ""FMOD0102"", ""FMOD0056""]",1.0,True,
500eq,SYNTHETIC_COMPONENT_VOLUME,EXACT,Q6K00344,100,241880,100,97.922708,"[""FMOD0023"", ""FMOD0025"", ""FMOD0043"", ""FMOD0069"", ""FMOD0029"", ""FMOD0030"", ""FMOD0082"", ""FMOD0055"", ""FMOD0035"", ""FMOD0040""]",1.0,True,
500eq,SYNTHETIC_COMPONENT_VOLUME,EXACT,Q6K00351,100,241880,100,99.00708,"[""FMOD0005"", ""FMOD0099"", ""FMOD0022"", ""FMOD0034"", ""FMOD0082"", ""FMOD0055"", ""FMOD0029"", ""FMOD0020"", ""FMOD0119"", ""FMOD0030""]",1.0,True,
500eq,SYNTHETIC_COMPONENT_VOLUME,EXACT,Q6K00355,100,241880,100,103.073913,"[""FMOD0043"", ""FMOD0023"", ""FMOD0035"", ""FMOD0077"", ""FMOD0016"", ""FMOD0029"", ""FMOD0102"", ""FMOD0119"", ""FMOD0069"", ""FMOD0030""]",1.0,True,
500eq,SYNTHETIC_COMPONENT_VOLUME,EXACT,Q6K00359,100,241880,100,99.790004,"[""FMOD0086"", ""FMOD0087"", ""FMOD0044"", ""FMOD0081"", ""FMOD0039"", ""FMOD0056"", ""FMOD0097"", ""FMOD0029"", ""FMOD0079"", ""FMOD0102""]",1.0,True,
500eq,SYNTHETIC_COMPONENT_VOLUME,EXACT,Q6K00360,100,241880,100,100.459227,"[""FMOD0066"", ""FMOD0060"", ""FMOD0043"", ""FMOD0082"", ""FMOD0030"", ""FMOD0035"", ""FMOD0081"", ""FMOD0010"", ""FMOD0055"", ""FMOD0112""]",1.0,True,
500eq,SYNTHETIC_COMPONENT_VOLUME,EXACT,Q6K00363,100,241880,100,98.969621,"[""FMOD0066"", ""FMOD0029"", ""FMOD0102"", ""FMOD0056"", ""FMOD0119"", ""FMOD0114"", ""FMOD0069"", ""FMOD0120"", ""FMOD0035"", ""FMOD0023""]",1.0,True,
500eq,SYNTHETIC_COMPONENT_VOLUME,EXACT,Q6K00365,100,241880,100,100.131339,"[""FMOD0087"", ""FMOD0029"", ""FMOD0035"", ""FMOD0023"", ""FMOD0065"", ""FMOD0016"", ""FMOD0119"", ""FMOD0039"", ""FMOD0036"", ""FMOD0114""]",1.0,True,
500eq,SYNTHETIC_COMPONENT_VOLUME,EXACT,Q6K00372,100,241880,100,99.513418,"[""FMOD0023"", ""FMOD0035"", ""FMOD0020"", ""FMOD0016"", ""FMOD0051"", ""FMOD0029"", ""FMOD0030"", ""FMOD0119"", ""FMOD0102"", ""FMOD0069""]",1.0,True,
500eq,SYNTHETIC_COMPONENT_VOLUME,EXACT,Q6K00375,100,241880,100,100.702621,"[""FMOD0099"", ""FMOD0023"", ""FMOD0069"", ""FMOD0025"", ""FMOD0055"", ""FMOD0082"", ""FMOD0029"", ""FMOD0083"", ""FMOD0119"", ""FMOD0035""]",1.0,True,
500eq,SYNTHETIC_COMPONENT_VOLUME,EXACT,Q6K00377,100,241880,100,97.361541,"[""FMOD0082"", ""FMOD0022"", ""FMOD0023"", ""FMOD0069"", ""FMOD0055"", ""FMOD0025"", ""FMOD0100"", ""FMOD0034"", ""FMOD0029"", ""FMOD0119""]",1.0,True,
500eq,SYNTHETIC_COMPONENT_VOLUME,EXACT,Q6K00378,100,241880,100,98.767533,"[""FMOD0010"", ""FMOD0023"", ""FMOD0030"", ""FMOD0041"", ""FMOD0055"", ""FMOD0029"", ""FMOD0083"", ""FMOD0025"", ""FMOD0045"", ""FMOD0079""]",1.0,True,
500eq,SYNTHETIC_COMPONENT_VOLUME,EXACT,Q6K00380,100,241880,100,102.988781,"[""FMOD0023"", ""FMOD0029"", ""FMOD0030"", ""FMOD0035"", ""FMOD0082"", ""FMOD0119"", ""FMOD0102"", ""FMOD0110"", ""FMOD0036"", ""FMOD0120""]",1.0,True,
500eq,SYNTHETIC_COMPONENT_VOLUME,EXACT,Q6K00384,100,241880,100,98.747766,"[""FMOD0083"", ""FMOD0029"", ""FMOD0069"", ""FMOD0086"", ""FMOD0035"", ""FMOD0120"", ""FMOD0056"", ""FMOD0030"", ""FMOD0119"", ""FMOD0005""]",1.0,True,
500eq,SYNTHETIC_COMPONENT_VOLUME,EXACT,Q6K00389,100,241880,100,100.839575,"[""FMOD0055"", ""FMOD0034"", ""FMOD0039"", ""FMOD0065"", ""FMOD0023"", ""FMOD0082"", ""FMOD0035"", ""FMOD0029"", ""FMOD0030"", ""FMOD0079""]",1.0,True,
500eq,SYNTHETIC_COMPONENT_VOLUME,EXACT,Q6K00390,100,241880,100,99.151215,"[""FMOD0023"", ""FMOD0102"", ""FMOD0029"", ""FMOD0119"", ""FMOD0120"", ""FMOD0114"", ""FMOD0069"", ""FMOD0035"", ""FMOD0056"", ""FMOD0082""]",1.0,True,
500eq,SYNTHETIC_COMPONENT_VOLUME,EXACT,Q6K00393,100,241880,100,98.114748,"[""FMOD0029"", ""FMOD0023"", ""FMOD0102"", ""FMOD0119"", ""FMOD0041"", ""FMOD0120"", ""FMOD0036"", ""FMOD0030"", ""FMOD0053"", ""FMOD0035""]",1.0,True,
500eq,SYNTHETIC_COMPONENT_VOLUME,EXACT,Q6K00395,100,241880,100,98.462438,"[""FMOD0053"", ""FMOD0069"", ""FMOD0035"", ""FMOD0023"", ""FMOD0029"", ""FMOD0056"", ""FMOD0119"", ""FMOD0036"", ""FMOD0112"", ""FMOD0004""]",1.0,True,
500eq,SYNTHETIC_COMPONENT_VOLUME,EXACT,Q6K00396,100,241880,100,98.769517,"[""FMOD0066"", ""FMOD0035"", ""FMOD0023"", ""FMOD0051"", ""FMOD0081"", ""FMOD0029"", ""FMOD0119"", ""FMOD0036"", ""FMOD0102"", ""FMOD0010""]",1.0,True,
500eq,SYNTHETIC_COMPONENT_VOLUME,EXACT,Q6K00400,100,241880,100,99.598062,"[""FMOD0023"", ""FMOD0025"", ""FMOD0035"", ""FMOD0069"", ""FMOD0030"", ""FMOD0055"", ""FMOD0078"", ""FMOD0100"", ""FMOD0036"", ""FMOD0056""]",1.0,True,
500eq,SYNTHETIC_COMPONENT_VOLUME,EXACT,Q6K00403,100,241880,100,100.724192,"[""FMOD0035"", ""FMOD0033"", ""FMOD0029"", ""FMOD0119"", ""FMOD0120"", ""FMOD0078"", ""FMOD0024"", ""FMOD0080"", ""FMOD0108"", ""FMOD0102""]",1.0,True,
500eq,SYNTHETIC_COMPONENT_VOLUME,EXACT,Q6K00405,100,241880,100,97.540044,"[""FMOD0016"", ""FMOD0102"", ""FMOD0031"", ""FMOD0056"", ""FMOD0029"", ""FMOD0023"", ""FMOD0082"", ""FMOD0035"", ""FMOD0065"", ""FMOD0114""]",1.0,True,
500eq,SYNTHETIC_COMPONENT_VOLUME,EXACT,Q6K00407,100,241880,100,99.590238,"[""FMOD0005"", ""FMOD0029"", ""FMOD0120"", ""FMOD0069"", ""FMOD0102"", ""FMOD0030"", ""FMOD0079"", ""FMOD0119"", ""FMOD0023"", ""FMOD0020""]",1.0,True,
500eq,SYNTHETIC_COMPONENT_VOLUME,EXACT,Q6K00410,100,241880,100,99.555727,"[""FMOD0005"", ""FMOD0030"", ""FMOD0023"", ""FMOD0035"", ""FMOD0055"", ""FMOD0029"", ""FMOD0082"", ""FMOD0089"", ""FMOD0024"", ""FMOD0113""]",1.0,True,
500eq,SYNTHETIC_COMPONENT_VOLUME,EXACT,Q6K00417,100,241880,100,97.998925,"[""FMOD0051"", ""FMOD0082"", ""FMOD0081"", ""FMOD0102"", ""FMOD0035"", ""FMOD0067"", ""FMOD0021"", ""FMOD0114"", ""FMOD0065"", ""FMOD0119""]",1.0,True,
500eq,SYNTHETIC_COMPONENT_VOLUME,EXACT,Q6K00420,100,241880,100,99.04551,"[""FMOD0036"", ""FMOD0004"", ""FMOD0067"", ""FMOD0119"", ""FMOD0029"", ""FMOD0035"", ""FMOD0079"", ""FMOD0120"", ""FMOD0023"", ""FMOD0055""]",1.0,True,
500eq,SYNTHETIC_COMPONENT_VOLUME,EXACT,Q6K00422,100,241880,100,99.178024,"[""FMOD0053"", ""FMOD0083"", ""FMOD0035"", ""FMOD0082"", ""FMOD0023"", ""FMOD0029"", ""FMOD0021"", ""FMOD0081"", ""FMOD0051"", ""FMOD0030""]",1.0,True,
500eq,SYNTHETIC_COMPONENT_VOLUME,EXACT,Q6K00423,100,241880,100,100.508485,"[""FMOD0061"", ""FMOD0004"", ""FMOD0086"", ""FMOD0035"", ""FMOD0029"", ""FMOD0010"", ""FMOD0033"", ""FMOD0056"", ""FMOD0014"", ""FMOD0102""]",1.0,True,
500eq,SYNTHETIC_COMPONENT_VOLUME,EXACT,Q6K00424,100,241880,100,104.877714,"[""FMOD0053"", ""FMOD0102"", ""FMOD0029"", ""FMOD0082"", ""FMOD0039"", ""FMOD0034"", ""FMOD0023"", ""FMOD0035"", ""FMOD0077"", ""FMOD0114""]",1.0,True,
500eq,SYNTHETIC_COMPONENT_VOLUME,EXACT,Q6K00427,100,241880,100,98.056679,"[""FMOD0005"", ""FMOD0081"", ""FMOD0035"", ""FMOD0082"", ""FMOD0055"", ""FMOD0056"", ""FMOD0043"", ""FMOD0034"", ""FMOD0072"", ""FMOD0002""]",1.0,True,
500eq,SYNTHETIC_COMPONENT_VOLUME,EXACT,Q6K00435,100,241880,100,99.883817,"[""FMOD0099"", ""FMOD0069"", ""FMOD0029"", ""FMOD0119"", ""FMOD0023"", ""FMOD0035"", ""FMOD0102"", ""FMOD0030"", ""FMOD0120"", ""FMOD0010""]",1.0,True,
500eq,SYNTHETIC_COMPONENT_VOLUME,EXACT,Q6K00436,100,241880,100,99.465976,"[""FMOD0099"", ""FMOD0044"", ""FMOD0029"", ""FMOD0030"", ""FMOD0035"", ""FMOD0023"", ""FMOD0119"", ""FMOD0036"", ""FMOD0120"", ""FMOD0069""]",1.0,True,
500eq,SYNTHETIC_COMPONENT_VOLUME,EXACT,Q6K00438,100,241880,100,102.201772,"[""FMOD0022"", ""FMOD0055"", ""FMOD0029"", ""FMOD0081"", ""FMOD0082"", ""FMOD0030"", ""FMOD0039"", ""FMOD0023"", ""FMOD0102"", ""FMOD0069""]",1.0,True,
500eq,SYNTHETIC_COMPONENT_VOLUME,EXACT,Q6K00442,100,241880,100,98.934736,"[""FMOD0087"", ""FMOD0029"", ""FMOD0081"", ""FMOD0120"", ""FMOD0082"", ""FMOD0056"", ""FMOD0102"", ""FMOD0035"", ""FMOD0079"", ""FMOD0119""]",1.0,True,
500eq,SYNTHETIC_COMPONENT_VOLUME,EXACT,Q6K00443,100,241880,100,99.235256,"[""FMOD0035"", ""FMOD0011"", ""FMOD0023"", ""FMOD0041"", ""FMOD0082"", ""FMOD0119"", ""FMOD0102"", ""FMOD0114"", ""FMOD0112"", ""FMOD0079""]",1.0,True,
500eq,SYNTHETIC_COMPONENT_VOLUME,EXACT,Q6K00444,100,241880,100,99.073388,"[""FMOD0003"", ""FMOD0022"", ""FMOD0034"", ""FMOD0069"", ""FMOD0120"", ""FMOD0119"", ""FMOD0079"", ""FMOD0102"", ""FMOD0005"", ""FMOD0078""]",1.0,True,
500eq,SYNTHETIC_COMPONENT_VOLUME,EXACT,Q6K00446,100,241880,100,99.403873,"[""FMOD0082"", ""FMOD0067"", ""FMOD0060"", ""FMOD0035"", ""FMOD0023"", ""FMOD0101"", ""FMOD0021"", ""FMOD0097"", ""FMOD0022"", ""FMOD0081""]",1.0,True,
500eq,SYNTHETIC_COMPONENT_VOLUME,EXACT,Q6K00453,100,241880,100,99.088345,"[""FMOD0044"", ""FMOD0079"", ""FMOD0029"", ""FMOD0114"", ""FMOD0119"", ""FMOD0023"", ""FMOD0102"", ""FMOD0120"", ""FMOD0083"", ""FMOD0035""]",1.0,True,
500eq,SYNTHETIC_COMPONENT_VOLUME,EXACT,Q6K00456,100,241880,100,98.054801,"[""FMOD0004"", ""FMOD0016"", ""FMOD0067"", ""FMOD0113"", ""FMOD0052"", ""FMOD0036"", ""FMOD0114"", ""FMOD0029"", ""FMOD0023"", ""FMOD0035""]",1.0,True,
500eq,SYNTHETIC_COMPONENT_VOLUME,EXACT,Q6K00458,100,241880,100,99.685921,"[""FMOD0079"", ""FMOD0023"", ""FMOD0016"", ""FMOD0035"", ""FMOD0030"", ""FMOD0029"", ""FMOD0081"", ""FMOD0020"", ""FMOD0102"", ""FMOD0082""]",1.0,True,
500eq,SYNTHETIC_COMPONENT_VOLUME,EXACT,Q6K00461,100,241880,100,101.552078,"[""FMOD0001"", ""FMOD0003"", ""FMOD0089"", ""FMOD0030"", ""FMOD0035"", ""FMOD0029"", ""FMOD0051"", ""FMOD0120"", ""FMOD0023"", ""FMOD0036""]",1.0,True,
500eq,SYNTHETIC_COMPONENT_VOLUME,EXACT,Q6K00465,100,241880,100,98.003942,"[""FMOD0083"", ""FMOD0096"", ""FMOD0029"", ""FMOD0023"", ""FMOD0036"", ""FMOD0110"", ""FMOD0119"", ""FMOD0035"", ""FMOD0005"", ""FMOD0120""]",1.0,True,
500eq,SYNTHETIC_COMPONENT_VOLUME,EXACT,Q6K00470,100,241880,100,98.14515,"[""FMOD0060"", ""FMOD0102"", ""FMOD0029"", ""FMOD0061"", ""FMOD0120"", ""FMOD0119"", ""FMOD0056"", ""FMOD0114"", ""FMOD0069"", ""FMOD0035""]",1.0,True,
500eq,SYNTHETIC_COMPONENT_VOLUME,EXACT,Q6K00471,100,241880,100,101.174451,"[""FMOD0025"", ""FMOD0099"", ""FMOD0029"", ""FMOD0024"", ""FMOD0114"", ""FMOD0005"", ""FMOD0014"", ""FMOD0113"", ""FMOD0083"", ""FMOD0120""]",1.0,True,
500eq,SYNTHETIC_COMPONENT_VOLUME,EXACT,Q6K00473,100,241880,100,99.995613,"[""FMOD0086"", ""FMOD0079"", ""FMOD0056"", ""FMOD0078"", ""FMOD0097"", ""FMOD0036"", ""FMOD0117"", ""FMOD0083"", ""FMOD0119"", ""FMOD0114""]",1.0,True,
500eq,SYNTHETIC_COMPONENT_VOLUME,EXACT,Q6K00479,100,241880,100,99.744685,"[""FMOD0066"", ""FMOD0022"", ""FMOD0034"", ""FMOD0082"", ""FMOD0023"", ""FMOD0035"", ""FMOD0079"", ""FMOD0036"", ""FMOD0029"", ""FMOD0112""]",1.0,True,
500eq,SYNTHETIC_COMPONENT_VOLUME,EXACT,Q6K00481,100,241880,100,98.481243,"[""FMOD0035"", ""FMOD0023"", ""FMOD0051"", ""FMOD0081"", ""FMOD0029"", ""FMOD0119"", ""FMOD0102"", ""FMOD0082"", ""FMOD0120"", ""FMOD0036""]",1.0,True,
500eq,SYNTHETIC_COMPONENT_VOLUME,EXACT,Q6K00484,100,241880,100,98.120215,"[""FMOD0029"", ""FMOD0035"", ""FMOD0030"", ""FMOD0023"", ""FMOD0119"", ""FMOD0082"", ""FMOD0051"", ""FMOD0120"", ""FMOD0016"", ""FMOD0069""]",1.0,True,
500eq,SYNTHETIC_COMPONENT_VOLUME,EXACT,Q6K00485,100,241880,100,99.390657,"[""FMOD0069"", ""FMOD0035"", ""FMOD0023"", ""FMOD0119"", ""FMOD0029"", ""FMOD0056"", ""FMOD0036"", ""FMOD0112"", ""FMOD0067"", ""FMOD0078""]",1.0,True,
500eq,SYNTHETIC_COMPONENT_VOLUME,EXACT,Q6K00489,100,241880,100,99.662094,"[""FMOD0080"", ""FMOD0086"", ""FMOD0015"", ""FMOD0107"", ""FMOD0029"", ""FMOD0023"", ""FMOD0119"", ""FMOD0030"", ""FMOD0102"", ""FMOD0069""]",1.0,True,
500eq,SYNTHETIC_COMPONENT_VOLUME,EXACT,Q6K00495,100,241880,100,99.197848,"[""FMOD0083"", ""FMOD0096"", ""FMOD0029"", ""FMOD0023"", ""FMOD0119"", ""FMOD0035"", ""FMOD0110"", ""FMOD0069"", ""FMOD0036"", ""FMOD0030""]",1.0,True,
500eq,SYNTHETIC_COMPONENT_VOLUME,EXACT,Q6K00498,100,241880,100,100.125077,"[""FMOD0023"", ""FMOD0069"", ""FMOD0055"", ""FMOD0082"", ""FMOD0025"", ""FMOD0100"", ""FMOD0029"", ""FMOD0035"", ""FMOD0102"", ""FMOD0036""]",1.0,True,
500eq,SYNTHETIC_COMPONENT_VOLUME,EXACT,Q6K00507,100,241880,100,98.599323,"[""FMOD0082"", ""FMOD0039"", ""FMOD0034"", ""FMOD0023"", ""FMOD0035"", ""FMOD0065"", ""FMOD0016"", ""FMOD0059"", ""FMOD0021"", ""FMOD0030""]",1.0,True,
500eq,SYNTHETIC_COMPONENT_VOLUME,EXACT,Q6K00511,100,241880,100,97.363202,"[""FMOD0010"", ""FMOD0030"", ""FMOD0041"", ""FMOD0055"", ""FMOD0029"", ""FMOD0083"", ""FMOD0045"", ""FMOD0025"", ""FMOD0079"", ""FMOD0102""]",1.0,True,
500eq,SYNTHETIC_COMPONENT_VOLUME,EXACT,Q6K00512,100,241880,100,102.748855,"[""FMOD0035"", ""FMOD0023"", ""FMOD0119"", ""FMOD0029"", ""FMOD0110"", ""FMOD0108"", ""FMOD0036"", ""FMOD0042"", ""FMOD0107"", ""FMOD0060""]",1.0,True,
500eq,SYNTHETIC_COMPONENT_VOLUME,EXACT,Q6K00513,100,241880,100,101.413986,"[""FMOD0029"", ""FMOD0110"", ""FMOD0056"", ""FMOD0023"", ""FMOD0083"", ""FMOD0119"", ""FMOD0112"", ""FMOD0036"", ""FMOD0078"", ""FMOD0114""]",1.0,True,
500eq,SYNTHETIC_COMPONENT_VOLUME,EXACT,Q6K00517,100,241880,100,98.115094,"[""FMOD0082"", ""FMOD0021"", ""FMOD0081"", ""FMOD0039"", ""FMOD0034"", ""FMOD0029"", ""FMOD0023"", ""FMOD0119"", ""FMOD0102"", ""FMOD0051""]",1.0,True,
500eq,SYNTHETIC_COMPONENT_VOLUME,EXACT,Q6K00518,100,241880,100,99.781806,"[""FMOD0029"", ""FMOD0035"", ""FMOD0102"", ""FMOD0119"", ""FMOD0110"", ""FMOD0096"", ""FMOD0114"", ""FMOD0108"", ""FMOD0018"", ""FMOD0010""]",1.0,True,
500eq,SYNTHETIC_COMPONENT_VOLUME,EXACT,Q6K00523,100,241880,100,98.239846,"[""FMOD0082"", ""FMOD0081"", ""FMOD0039"", ""FMOD0034"", ""FMOD0029"", ""FMOD0035"", ""FMOD0119"", ""FMOD0023"", ""FMOD0102"", ""FMOD0051""]",1.0,True,
500eq,SYNTHETIC_COMPONENT_VOLUME,EXACT,Q6K00528,100,241880,100,99.145017,"[""FMOD0035"", ""FMOD0023"", ""FMOD0051"", ""FMOD0081"", ""FMOD0029"", ""FMOD0079"", ""FMOD0119"", ""FMOD0082"", ""FMOD0005"", ""FMOD0030""]",1.0,True,
500eq,SYNTHETIC_COMPONENT_VOLUME,EXACT,Q6K00530,100,241880,100,103.2889,"[""FMOD0069"", ""FMOD0035"", ""FMOD0023"", ""FMOD0029"", ""FMOD0119"", ""FMOD0056"", ""FMOD0036"", ""FMOD0112"", ""FMOD0067"", ""FMOD0078""]",1.0,True,
500eq,SYNTHETIC_COMPONENT_VOLUME,EXACT,Q6K00531,100,241880,100,98.081556,"[""FMOD0082"", ""FMOD0081"", ""FMOD0029"", ""FMOD0035"", ""FMOD0023"", ""FMOD0119"", ""FMOD0034"", ""FMOD0102"", ""FMOD0030"", ""FMOD0065""]",1.0,True,
500eq,SYNTHETIC_COMPONENT_VOLUME,EXACT,Q6K00533,100,241880,100,97.424471,"[""FMOD0029"", ""FMOD0119"", ""FMOD0023"", ""FMOD0030"", ""FMOD0036"", ""FMOD0035"", ""FMOD0114"", ""FMOD0102"", ""FMOD0120"", ""FMOD0110""]",1.0,True,
500eq,SYNTHETIC_COMPONENT_VOLUME,EXACT,Q6K00535,100,241880,100,87.811054,"[""FMOD0035"", ""FMOD0118"", ""FMOD0102"", ""FMOD0069"", ""FMOD0029"", ""FMOD0030"", ""FMOD0036"", ""FMOD0079"", ""FMOD0120"", ""FMOD0041""]",1.0,True,
500eq,SYNTHETIC_COMPONENT_VOLUME,EXACT,Q6K00537,100,241880,100,103.54049,"[""FMOD0023"", ""FMOD0055"", ""FMOD0069"", ""FMOD0025"", ""FMOD0082"", ""FMOD0100"", ""FMOD0029"", ""FMOD0119"", ""FMOD0036"", ""FMOD0035""]",1.0,True,
500eq,SYNTHETIC_COMPONENT_VOLUME,EXACT,Q6K00538,100,241880,100,98.631099,"[""FMOD0055"", ""FMOD0023"", ""FMOD0069"", ""FMOD0025"", ""FMOD0082"", ""FMOD0100"", ""FMOD0029"", ""FMOD0035"", ""FMOD0114"", ""FMOD0119""]",1.0,True,
500eq,SYNTHETIC_COMPONENT_VOLUME,FAST,Q6K00183,100,241880,51,98.025772,"[""FMOD0023"", ""FMOD0029"", ""FMOD0081"", ""FMOD0036"", ""FMOD0114"", ""FMOD0119"", ""FMOD0035"", ""FMOD0082"", ""FMOD0030"", ""FMOD0120""]",1.0,True,51.0
500eq,SYNTHETIC_COMPONENT_VOLUME,FAST,Q6K00184,100,241880,38,94.136721,"[""FMOD0004"", ""FMOD0067"", ""FMOD0113"", ""FMOD0052"", ""FMOD0036"", ""FMOD0114"", ""FMOD0056"", ""FMOD0101"", ""FMOD0110"", ""FMOD0020""]",0.9,False,38.0
500eq,SYNTHETIC_COMPONENT_VOLUME,FAST,Q6K00193,100,241880,51,95.911492,"[""FMOD0025"", ""FMOD0069"", ""FMOD0023"", ""FMOD0029"", ""FMOD0056"", ""FMOD0055"", ""FMOD0114"", ""FMOD0078"", ""FMOD0096"", ""FMOD0080""]",1.0,True,51.0
500eq,SYNTHETIC_COMPONENT_VOLUME,FAST,Q6K00195,100,241880,8,41.351639,"[""FMOD0061"", ""FMOD0083"", ""FMOD0029"", ""FMOD0119"", ""FMOD0120"", ""FMOD0110"", ""FMOD0025"", ""FMOD0073""]",0.3,False,8.0
500eq,SYNTHETIC_COMPONENT_VOLUME,FAST,Q6K00197,100,241880,57,95.798086,"[""FMOD0069"", ""FMOD0029"", ""FMOD0102"", ""FMOD0114"", ""FMOD0030"", ""FMOD0119"", ""FMOD0005"", ""FMOD0120"", ""FMOD0033"", ""FMOD0036""]",1.0,True,57.0
500eq,SYNTHETIC_COMPONENT_VOLUME,FAST,Q6K00199,100,241880,58,98.691424,"[""FMOD0067"", ""FMOD0069"", ""FMOD0029"", ""FMOD0102"", ""FMOD0119"", ""FMOD0056"", ""FMOD0120"", ""FMOD0030"", ""FMOD0026"", ""FMOD0023""]",1.0,True,58.0
500eq,SYNTHETIC_COMPONENT_VOLUME,FAST,Q6K00200,100,241880,3,7.300642,"[""FMOD0051"", ""FMOD0082"", ""FMOD0120""]",0.3,False,3.0
500eq,SYNTHETIC_COMPONENT_VOLUME,FAST,Q6K00201,100,241880,5,4.967711,"[""FMOD0066"", ""FMOD0055"", ""FMOD0005"", ""FMOD0034"", ""FMOD0050""]",0.2,False,5.0
500eq,SYNTHETIC_COMPONENT_VOLUME,FAST,Q6K00205,100,241880,17,59.175567,"[""FMOD0051"", ""FMOD0023"", ""FMOD0035"", ""FMOD0020"", ""FMOD0016"", ""FMOD0081"", ""FMOD0029"", ""FMOD0065"", ""FMOD0082"", ""FMOD0030""]",0.8,False,17.0
500eq,SYNTHETIC_COMPONENT_VOLUME,FAST,Q6K00206,100,241880,18,62.404877,"[""FMOD0016"", ""FMOD0102"", ""FMOD0029"", ""FMOD0023"", ""FMOD0035"", ""FMOD0082"", ""FMOD0081"", ""FMOD0030"", ""FMOD0091"", ""FMOD0034""]",0.6,False,18.0
500eq,SYNTHETIC_COMPONENT_VOLUME,FAST,Q6K00207,100,241880,22,86.19589,"[""FMOD0023"", ""FMOD0029"", ""FMOD0035"", ""FMOD0120"", ""FMOD0102"", ""FMOD0069"", ""FMOD0119"", ""FMOD0077"", ""FMOD0041"", ""FMOD0114""]",0.8,False,22.0
500eq,SYNTHETIC_COMPONENT_VOLUME,FAST,Q6K00208,100,241880,22,69.493526,"[""FMOD0102"", ""FMOD0079"", ""FMOD0023"", ""FMOD0030"", ""FMOD0029"", ""FMOD0055"", ""FMOD0036"", ""FMOD0120"", ""FMOD0119"", ""FMOD0020""]",0.7,False,22.0
500eq,SYNTHETIC_COMPONENT_VOLUME,FAST,Q6K00212,100,241880,11,67.496531,"[""FMOD0060"", ""FMOD0029"", ""FMOD0023"", ""FMOD0075"", ""FMOD0102"", ""FMOD0030"", ""FMOD0055"", ""FMOD0079"", ""FMOD0069"", ""FMOD0051""]",0.5,False,11.0
500eq,SYNTHETIC_COMPONENT_VOLUME,FAST,Q6K00216,100,241880,14,60.335294,"[""FMOD0016"", ""FMOD0029"", ""FMOD0035"", ""FMOD0023"", ""FMOD0081"", ""FMOD0119"", ""FMOD0114"", ""FMOD0030"", ""FMOD0041"", ""FMOD0036""]",0.7,False,14.0
500eq,SYNTHETIC_COMPONENT_VOLUME,FAST,Q6K00227,100,241880,8,54.277283,"[""FMOD0096"", ""FMOD0029"", ""FMOD0119"", ""FMOD0056"", ""FMOD0069"", ""FMOD0030"", ""FMOD0041"", ""FMOD0081""]",0.5,False,8.0
500eq,SYNTHETIC_COMPONENT_VOLUME,FAST,Q6K00232,100,241880,16,48.490356,"[""FMOD0060"", ""FMOD0029"", ""FMOD0023"", ""FMOD0036"", ""FMOD0075"", ""FMOD0102"", ""FMOD0082"", ""FMOD0055"", ""FMOD0079"", ""FMOD0026""]",0.5,False,16.0
500eq,SYNTHETIC_COMPONENT_VOLUME,FAST,Q6K00235,100,241880,9,54.602831,"[""FMOD0096"", ""FMOD0114"", ""FMOD0029"", ""FMOD0119"", ""FMOD0056"", ""FMOD0069"", ""FMOD0030"", ""FMOD0041"", ""FMOD0081""]",0.7,False,9.0
500eq,SYNTHETIC_COMPONENT_VOLUME,FAST,Q6K00236,100,241880,21,64.455293,"[""FMOD0036"", ""FMOD0119"", ""FMOD0120"", ""FMOD0056"", ""FMOD0082"", ""FMOD0091"", ""FMOD0029"", ""FMOD0035"", ""FMOD0055"", ""FMOD0078""]",0.7,False,21.0
500eq,SYNTHETIC_COMPONENT_VOLUME,FAST,Q6K00237,100,241880,11,46.830846,"[""FMOD0067"", ""FMOD0029"", ""FMOD0120"", ""FMOD0023"", ""FMOD0056"", ""FMOD0082"", ""FMOD0035"", ""FMOD0010"", ""FMOD0004"", ""FMOD0022""]",0.6,False,11.0
500eq,SYNTHETIC_COMPONENT_VOLUME,FAST,Q6K00240,100,241880,49,88.768458,"[""FMOD0069"", ""FMOD0029"", ""FMOD0110"", ""FMOD0104"", ""FMOD0035"", ""FMOD0119"", ""FMOD0043"", ""FMOD0023"", ""FMOD0102"", ""FMOD0083""]",1.0,True,49.0
500eq,SYNTHETIC_COMPONENT_VOLUME,FAST,Q6K00247,100,241880,58,90.299929,"[""FMOD0069"", ""FMOD0060"", ""FMOD0119"", ""FMOD0029"", ""FMOD0023"", ""FMOD0083"", ""FMOD0025"", ""FMOD0110"", ""FMOD0079"", ""FMOD0003""]",1.0,True,58.0
500eq,SYNTHETIC_COMPONENT_VOLUME,FAST,Q6K00251,100,241880,17,75.595755,"[""FMOD0044"", ""FMOD0067"", ""FMOD0119"", ""FMOD0029"", ""FMOD0023"", ""FMOD0120"", ""FMOD0035"", ""FMOD0030"", ""FMOD0041"", ""FMOD0102""]",0.8,False,17.0
500eq,SYNTHETIC_COMPONENT_VOLUME,FAST,Q6K00252,100,241880,52,88.910098,"[""FMOD0043"", ""FMOD0086"", ""FMOD0035"", ""FMOD0023"", ""FMOD0102"", ""FMOD0029"", ""FMOD0096"", ""FMOD0069"", ""FMOD0079"", ""FMOD0024""]",1.0,True,52.0
500eq,SYNTHETIC_COMPONENT_VOLUME,FAST,Q6K00258,100,241880,56,91.505704,"[""FMOD0096"", ""FMOD0001"", ""FMOD0029"", ""FMOD0041"", ""FMOD0035"", ""FMOD0030"", ""FMOD0056"", ""FMOD0120"", ""FMOD0069"", ""FMOD0119""]",1.0,True,56.0
500eq,SYNTHETIC_COMPONENT_VOLUME,FAST,Q6K00259,100,241880,52,93.057286,"[""FMOD0043"", ""FMOD0089"", ""FMOD0035"", ""FMOD0102"", ""FMOD0096"", ""FMOD0023"", ""FMOD0029"", ""FMOD0069"", ""FMOD0079"", ""FMOD0024""]",1.0,True,52.0
500eq,SYNTHETIC_COMPONENT_VOLUME,FAST,Q6K00262,100,241880,60,92.859445,"[""FMOD0069"", ""FMOD0060"", ""FMOD0023"", ""FMOD0025"", ""FMOD0055"", ""FMOD0082"", ""FMOD0100"", ""FMOD0029"", ""FMOD0102"", ""FMOD0119""]",1.0,True,60.0
500eq,SYNTHETIC_COMPONENT_VOLUME,FAST,Q6K00264,100,241880,14,62.457273,"[""FMOD0043"", ""FMOD0066"", ""FMOD0035"", ""FMOD0056"", ""FMOD0023"", ""FMOD0029"", ""FMOD0102"", ""FMOD0120"", ""FMOD0036"", ""FMOD0110""]",0.6,False,14.0
500eq,SYNTHETIC_COMPONENT_VOLUME,FAST,Q6K00267,100,241880,37,87.607153,"[""FMOD0022"", ""FMOD0069"", ""FMOD0034"", ""FMOD0082"", ""FMOD0023"", ""FMOD0055"", ""FMOD0025"", ""FMOD0100"", ""FMOD0072"", ""FMOD0035""]",1.0,True,37.0
500eq,SYNTHETIC_COMPONENT_VOLUME,FAST,Q6K00268,100,241880,55,100.646506,"[""FMOD0077"", ""FMOD0050"", ""FMOD0055"", ""FMOD0083"", ""FMOD0005"", ""FMOD0035"", ""FMOD0114"", ""FMOD0029"", ""FMOD0033"", ""FMOD0069""]",1.0,True,55.0
500eq,SYNTHETIC_COMPONENT_VOLUME,FAST,Q6K00271,100,241880,28,83.952228,"[""FMOD0086"", ""FMOD0050"", ""FMOD0044"", ""FMOD0120"", ""FMOD0029"", ""FMOD0036"", ""FMOD0069"", ""FMOD0102"", ""FMOD0079"", ""FMOD0082""]",0.8,False,28.0
500eq,SYNTHETIC_COMPONENT_VOLUME,FAST,Q6K00273,100,241880,12,64.035715,"[""FMOD0023"", ""FMOD0043"", ""FMOD0029"", ""FMOD0102"", ""FMOD0005"", ""FMOD0030"", ""FMOD0120"", ""FMOD0096"", ""FMOD0035"", ""FMOD0069""]",0.6,False,12.0
500eq,SYNTHETIC_COMPONENT_VOLUME,FAST,Q6K00274,100,241880,36,84.944241,"[""FMOD0004"", ""FMOD0044"", ""FMOD0067"", ""FMOD0113"", ""FMOD0052"", ""FMOD0036"", ""FMOD0114"", ""FMOD0056"", ""FMOD0035"", ""FMOD0020""]",0.9,False,36.0
500eq,SYNTHETIC_COMPONENT_VOLUME,FAST,Q6K00275,100,241880,32,84.502803,"[""FMOD0086"", ""FMOD0074"", ""FMOD0050"", ""FMOD0029"", ""FMOD0056"", ""FMOD0102"", ""FMOD0035"", ""FMOD0114"", ""FMOD0043"", ""FMOD0023""]",0.9,False,32.0
500eq,SYNTHETIC_COMPONENT_VOLUME,FAST,Q6K00283,100,241880,20,62.795607,"[""FMOD0036"", ""FMOD0035"", ""FMOD0029"", ""FMOD0023"", ""FMOD0120"", ""FMOD0082"", ""FMOD0114"", ""FMOD0110"", ""FMOD0005"", ""FMOD0055""]",0.6,False,20.0
500eq,SYNTHETIC_COMPONENT_VOLUME,FAST,Q6K00287,100,241880,47,86.889838,"[""FMOD0003"", ""FMOD0089"", ""FMOD0004"", ""FMOD0063"", ""FMOD0067"", ""FMOD0014"", ""FMOD0113"", ""FMOD0052"", ""FMOD0036"", ""FMOD0114""]",1.0,True,47.0
500eq,SYNTHETIC_COMPONENT_VOLUME,FAST,Q6K00293,100,241880,51,91.616282,"[""FMOD0074"", ""FMOD0043"", ""FMOD0035"", ""FMOD0029"", ""FMOD0023"", ""FMOD0069"", ""FMOD0102"", ""FMOD0096"", ""FMOD0079"", ""FMOD0024""]",1.0,True,51.0
500eq,SYNTHETIC_COMPONENT_VOLUME,FAST,Q6K00295,100,241880,50,92.015037,"[""FMOD0066"", ""FMOD0043"", ""FMOD0102"", ""FMOD0029"", ""FMOD0023"", ""FMOD0069"", ""FMOD0035"", ""FMOD0096"", ""FMOD0079"", ""FMOD0119""]",1.0,True,50.0
500eq,SYNTHETIC_COMPONENT_VOLUME,FAST,Q6K00296,100,241880,20,62.717872,"[""FMOD0060"", ""FMOD0066"", ""FMOD0029"", ""FMOD0102"", ""FMOD0056"", ""FMOD0010"", ""FMOD0036"", ""FMOD0055"", ""FMOD0120"", ""FMOD0023""]",0.8,False,20.0
500eq,SYNTHETIC_COMPONENT_VOLUME,FAST,Q6K00298,100,241880,62,92.01757,"[""FMOD0074"", ""FMOD0036"", ""FMOD0079"", ""FMOD0119"", ""FMOD0120"", ""FMOD0017"", ""FMOD0091"", ""FMOD0056"", ""FMOD0023"", ""FMOD0083""]",1.0,True,62.0
500eq,SYNTHETIC_COMPONENT_VOLUME,FAST,Q6K00299,100,241880,14,58.706538,"[""FMOD0040"", ""FMOD0089"", ""FMOD0029"", ""FMOD0035"", ""FMOD0030"", ""FMOD0055"", ""FMOD0023"", ""FMOD0119"", ""FMOD0020"", ""FMOD0041""]",0.7,False,14.0
500eq,SYNTHETIC_COMPONENT_VOLUME,FAST,Q6K00304,100,241880,31,83.662181,"[""FMOD0077"", ""FMOD0083"", ""FMOD0087"", ""FMOD0023"", ""FMOD0069"", ""FMOD0056"", ""FMOD0020"", ""FMOD0055"", ""FMOD0102"", ""FMOD0025""]",1.0,True,31.0
500eq,SYNTHETIC_COMPONENT_VOLUME,FAST,Q6K00310,100,241880,19,64.19284,"[""FMOD0074"", ""FMOD0005"", ""FMOD0022"", ""FMOD0034"", ""FMOD0035"", ""FMOD0029"", ""FMOD0055"", ""FMOD0102"", ""FMOD0119"", ""FMOD0120""]",0.6,False,19.0
500eq,SYNTHETIC_COMPONENT_VOLUME,FAST,Q6K00313,100,241880,61,92.404862,"[""FMOD0061"", ""FMOD0069"", ""FMOD0083"", ""FMOD0066"", ""FMOD0114"", ""FMOD0029"", ""FMOD0036"", ""FMOD0033"", ""FMOD0030"", ""FMOD0120""]",1.0,True,61.0
500eq,SYNTHETIC_COMPONENT_VOLUME,FAST,Q6K00317,100,241880,13,58.482805,"[""FMOD0061"", ""FMOD0089"", ""FMOD0096"", ""FMOD0029"", ""FMOD0079"", ""FMOD0081"", ""FMOD0056"", ""FMOD0030"", ""FMOD0119"", ""FMOD0069""]",0.5,False,13.0
500eq,SYNTHETIC_COMPONENT_VOLUME,FAST,Q6K00318,100,241880,28,80.07248,"[""FMOD0086"", ""FMOD0004"", ""FMOD0050"", ""FMOD0082"", ""FMOD0067"", ""FMOD0035"", ""FMOD0102"", ""FMOD0029"", ""FMOD0023"", ""FMOD0079""]",0.6,False,28.0
500eq,SYNTHETIC_COMPONENT_VOLUME,FAST,Q6K00325,100,241880,23,76.908848,"[""FMOD0086"", ""FMOD0023"", ""FMOD0050"", ""FMOD0044"", ""FMOD0029"", ""FMOD0035"", ""FMOD0030"", ""FMOD0069"", ""FMOD0079"", ""FMOD0056""]",0.8,False,23.0
500eq,SYNTHETIC_COMPONENT_VOLUME,FAST,Q6K00326,100,241880,25,71.424509,"[""FMOD0099"", ""FMOD0055"", ""FMOD0066"", ""FMOD0010"", ""FMOD0102"", ""FMOD0056"", ""FMOD0112"", ""FMOD0029"", ""FMOD0023"", ""FMOD0081""]",0.9,False,25.0
500eq,SYNTHETIC_COMPONENT_VOLUME,FAST,Q6K00327,100,241880,14,45.113047,"[""FMOD0016"", ""FMOD0051"", ""FMOD0055"", ""FMOD0114"", ""FMOD0081"", ""FMOD0029"", ""FMOD0030"", ""FMOD0020"", ""FMOD0074"", ""FMOD0119""]",0.6,False,14.0
500eq,SYNTHETIC_COMPONENT_VOLUME,FAST,Q6K00332,100,241880,15,72.548412,"[""FMOD0044"", ""FMOD0035"", ""FMOD0029"", ""FMOD0030"", ""FMOD0069"", ""FMOD0119"", ""FMOD0041"", ""FMOD0102"", ""FMOD0023"", ""FMOD0055""]",0.7,False,15.0
500eq,SYNTHETIC_COMPONENT_VOLUME,FAST,Q6K00333,100,241880,57,95.826885,"[""FMOD0069"", ""FMOD0044"", ""FMOD0011"", ""FMOD0119"", ""FMOD0029"", ""FMOD0083"", ""FMOD0025"", ""FMOD0079"", ""FMOD0110"", ""FMOD0035""]",1.0,True,57.0
500eq,SYNTHETIC_COMPONENT_VOLUME,FAST,Q6K00336,100,241880,37,75.205744,"[""FMOD0014"", ""FMOD0023"", ""FMOD0079"", ""FMOD0035"", ""FMOD0082"", ""FMOD0081"", ""FMOD0029"", ""FMOD0120"", ""FMOD0119"", ""FMOD0102""]",1.0,True,37.0
500eq,SYNTHETIC_COMPONENT_VOLUME,FAST,Q6K00338,100,241880,18,72.273015,"[""FMOD0074"", ""FMOD0067"", ""FMOD0003"", ""FMOD0056"", ""FMOD0029"", ""FMOD0119"", ""FMOD0102"", ""FMOD0023"", ""FMOD0120"", ""FMOD0069""]",0.6,False,18.0
500eq,SYNTHETIC_COMPONENT_VOLUME,FAST,Q6K00340,100,241880,10,58.461408,"[""FMOD0025"", ""FMOD0011"", ""FMOD0089"", ""FMOD0029"", ""FMOD0023"", ""FMOD0069"", ""FMOD0119"", ""FMOD0120"", ""FMOD0102"", ""FMOD0110""]",0.7,False,10.0
500eq,SYNTHETIC_COMPONENT_VOLUME,FAST,Q6K00342,100,241880,60,92.928839,"[""FMOD0087"", ""FMOD0053"", ""FMOD0114"", ""FMOD0023"", ""FMOD0052"", ""FMOD0040"", ""FMOD0069"", ""FMOD0029"", ""FMOD0002"", ""FMOD0056""]",1.0,True,60.0
500eq,SYNTHETIC_COMPONENT_VOLUME,FAST,Q6K00343,100,241880,19,62.786694,"[""FMOD0087"", ""FMOD0016"", ""FMOD0041"", ""FMOD0055"", ""FMOD0030"", ""FMOD0029"", ""FMOD0023"", ""FMOD0102"", ""FMOD0119"", ""FMOD0082""]",0.8,False,19.0
500eq,SYNTHETIC_COMPONENT_VOLUME,FAST,Q6K00344,100,241880,32,81.951873,"[""FMOD0023"", ""FMOD0025"", ""FMOD0043"", ""FMOD0069"", ""FMOD0029"", ""FMOD0030"", ""FMOD0082"", ""FMOD0055"", ""FMOD0035"", ""FMOD0040""]",1.0,True,32.0
500eq,SYNTHETIC_COMPONENT_VOLUME,FAST,Q6K00351,100,241880,19,56.256231,"[""FMOD0005"", ""FMOD0099"", ""FMOD0022"", ""FMOD0034"", ""FMOD0082"", ""FMOD0055"", ""FMOD0029"", ""FMOD0020"", ""FMOD0119"", ""FMOD0030""]",1.0,True,19.0
500eq,SYNTHETIC_COMPONENT_VOLUME,FAST,Q6K00355,100,241880,59,94.08424,"[""FMOD0043"", ""FMOD0023"", ""FMOD0035"", ""FMOD0077"", ""FMOD0016"", ""FMOD0029"", ""FMOD0102"", ""FMOD0119"", ""FMOD0069"", ""FMOD0030""]",1.0,True,59.0
500eq,SYNTHETIC_COMPONENT_VOLUME,FAST,Q6K00359,100,241880,28,80.87393,"[""FMOD0086"", ""FMOD0087"", ""FMOD0044"", ""FMOD0081"", ""FMOD0039"", ""FMOD0056"", ""FMOD0029"", ""FMOD0079"", ""FMOD0102"", ""FMOD0036""]",0.9,False,28.0
500eq,SYNTHETIC_COMPONENT_VOLUME,FAST,Q6K00360,100,241880,13,60.041713,"[""FMOD0066"", ""FMOD0060"", ""FMOD0043"", ""FMOD0030"", ""FMOD0055"", ""FMOD0023"", ""FMOD0102"", ""FMOD0029"", ""FMOD0069"", ""FMOD0005""]",0.5,False,13.0
500eq,SYNTHETIC_COMPONENT_VOLUME,FAST,Q6K00363,100,241880,38,84.30299,"[""FMOD0066"", ""FMOD0029"", ""FMOD0102"", ""FMOD0056"", ""FMOD0119"", ""FMOD0114"", ""FMOD0069"", ""FMOD0120"", ""FMOD0035"", ""FMOD0023""]",1.0,True,38.0
500eq,SYNTHETIC_COMPONENT_VOLUME,FAST,Q6K00365,100,241880,14,22.844088,"[""FMOD0087"", ""FMOD0035"", ""FMOD0023"", ""FMOD0119"", ""FMOD0036"", ""FMOD0082"", ""FMOD0081"", ""FMOD0102"", ""FMOD0020"", ""FMOD0039""]",0.6,False,14.0
500eq,SYNTHETIC_COMPONENT_VOLUME,FAST,Q6K00372,100,241880,19,71.434354,"[""FMOD0023"", ""FMOD0035"", ""FMOD0020"", ""FMOD0016"", ""FMOD0051"", ""FMOD0029"", ""FMOD0030"", ""FMOD0119"", ""FMOD0102"", ""FMOD0069""]",1.0,True,19.0
500eq,SYNTHETIC_COMPONENT_VOLUME,FAST,Q6K00375,100,241880,62,93.715962,"[""FMOD0099"", ""FMOD0023"", ""FMOD0069"", ""FMOD0025"", ""FMOD0055"", ""FMOD0082"", ""FMOD0029"", ""FMOD0083"", ""FMOD0119"", ""FMOD0035""]",1.0,True,62.0
500eq,SYNTHETIC_COMPONENT_VOLUME,FAST,Q6K00377,100,241880,30,79.432719,"[""FMOD0082"", ""FMOD0022"", ""FMOD0023"", ""FMOD0069"", ""FMOD0055"", ""FMOD0025"", ""FMOD0100"", ""FMOD0029"", ""FMOD0035"", ""FMOD0036""]",0.8,False,30.0
500eq,SYNTHETIC_COMPONENT_VOLUME,FAST,Q6K00378,100,241880,56,93.722952,"[""FMOD0010"", ""FMOD0023"", ""FMOD0030"", ""FMOD0041"", ""FMOD0055"", ""FMOD0029"", ""FMOD0083"", ""FMOD0025"", ""FMOD0045"", ""FMOD0079""]",1.0,True,56.0
500eq,SYNTHETIC_COMPONENT_VOLUME,FAST,Q6K00380,100,241880,33,84.856056,"[""FMOD0023"", ""FMOD0029"", ""FMOD0030"", ""FMOD0035"", ""FMOD0082"", ""FMOD0119"", ""FMOD0102"", ""FMOD0110"", ""FMOD0036"", ""FMOD0120""]",1.0,True,33.0
500eq,SYNTHETIC_COMPONENT_VOLUME,FAST,Q6K00384,100,241880,18,68.967863,"[""FMOD0083"", ""FMOD0029"", ""FMOD0069"", ""FMOD0120"", ""FMOD0056"", ""FMOD0119"", ""FMOD0055"", ""FMOD0102"", ""FMOD0023"", ""FMOD0041""]",0.6,False,18.0
500eq,SYNTHETIC_COMPONENT_VOLUME,FAST,Q6K00389,100,241880,25,76.649547,"[""FMOD0055"", ""FMOD0034"", ""FMOD0039"", ""FMOD0065"", ""FMOD0023"", ""FMOD0035"", ""FMOD0029"", ""FMOD0030"", ""FMOD0081"", ""FMOD0102""]",0.8,False,25.0
500eq,SYNTHETIC_COMPONENT_VOLUME,FAST,Q6K00390,100,241880,49,91.378042,"[""FMOD0023"", ""FMOD0102"", ""FMOD0029"", ""FMOD0119"", ""FMOD0120"", ""FMOD0114"", ""FMOD0069"", ""FMOD0035"", ""FMOD0056"", ""FMOD0082""]",1.0,True,49.0
500eq,SYNTHETIC_COMPONENT_VOLUME,FAST,Q6K00393,100,241880,24,74.790422,"[""FMOD0029"", ""FMOD0023"", ""FMOD0102"", ""FMOD0119"", ""FMOD0113"", ""FMOD0053"", ""FMOD0083"", ""FMOD0036"", ""FMOD0114"", ""FMOD0035""]",0.7,False,24.0
500eq,SYNTHETIC_COMPONENT_VOLUME,FAST,Q6K00395,100,241880,46,89.253119,"[""FMOD0053"", ""FMOD0069"", ""FMOD0035"", ""FMOD0023"", ""FMOD0029"", ""FMOD0056"", ""FMOD0119"", ""FMOD0036"", ""FMOD0112"", ""FMOD0004""]",1.0,True,46.0
500eq,SYNTHETIC_COMPONENT_VOLUME,FAST,Q6K00396,100,241880,21,74.960515,"[""FMOD0066"", ""FMOD0035"", ""FMOD0023"", ""FMOD0051"", ""FMOD0081"", ""FMOD0029"", ""FMOD0119"", ""FMOD0102"", ""FMOD0041"", ""FMOD0120""]",0.8,False,21.0
500eq,SYNTHETIC_COMPONENT_VOLUME,FAST,Q6K00400,100,241880,64,92.641271,"[""FMOD0023"", ""FMOD0025"", ""FMOD0035"", ""FMOD0069"", ""FMOD0030"", ""FMOD0055"", ""FMOD0078"", ""FMOD0100"", ""FMOD0036"", ""FMOD0056""]",1.0,True,64.0
500eq,SYNTHETIC_COMPONENT_VOLUME,FAST,Q6K00403,100,241880,39,88.408526,"[""FMOD0035"", ""FMOD0033"", ""FMOD0029"", ""FMOD0119"", ""FMOD0120"", ""FMOD0078"", ""FMOD0024"", ""FMOD0080"", ""FMOD0108"", ""FMOD0102""]",1.0,True,39.0
500eq,SYNTHETIC_COMPONENT_VOLUME,FAST,Q6K00405,100,241880,12,52.617615,"[""FMOD0016"", ""FMOD0102"", ""FMOD0029"", ""FMOD0023"", ""FMOD0082"", ""FMOD0035"", ""FMOD0055"", ""FMOD0041"", ""FMOD0040"", ""FMOD0110""]",0.6,False,12.0
500eq,SYNTHETIC_COMPONENT_VOLUME,FAST,Q6K00407,100,241880,16,80.491594,"[""FMOD0005"", ""FMOD0029"", ""FMOD0120"", ""FMOD0069"", ""FMOD0030"", ""FMOD0102"", ""FMOD0023"", ""FMOD0020"", ""FMOD0010"", ""FMOD0110""]",0.8,False,16.0
500eq,SYNTHETIC_COMPONENT_VOLUME,FAST,Q6K00410,100,241880,13,57.553587,"[""FMOD0005"", ""FMOD0030"", ""FMOD0023"", ""FMOD0082"", ""FMOD0089"", ""FMOD0035"", ""FMOD0055"", ""FMOD0029"", ""FMOD0063"", ""FMOD0034""]",0.8,False,13.0
500eq,SYNTHETIC_COMPONENT_VOLUME,FAST,Q6K00417,100,241880,24,72.791259,"[""FMOD0051"", ""FMOD0082"", ""FMOD0081"", ""FMOD0035"", ""FMOD0021"", ""FMOD0065"", ""FMOD0036"", ""FMOD0120"", ""FMOD0075"", ""FMOD0069""]",0.6,False,24.0
500eq,SYNTHETIC_COMPONENT_VOLUME,FAST,Q6K00420,100,241880,36,92.128834,"[""FMOD0036"", ""FMOD0004"", ""FMOD0067"", ""FMOD0119"", ""FMOD0029"", ""FMOD0035"", ""FMOD0079"", ""FMOD0120"", ""FMOD0023"", ""FMOD0055""]",1.0,True,36.0
500eq,SYNTHETIC_COMPONENT_VOLUME,FAST,Q6K00422,100,241880,20,58.280418,"[""FMOD0053"", ""FMOD0083"", ""FMOD0023"", ""FMOD0081"", ""FMOD0029"", ""FMOD0036"", ""FMOD0091"", ""FMOD0055"", ""FMOD0020"", ""FMOD0102""]",0.5,False,20.0
500eq,SYNTHETIC_COMPONENT_VOLUME,FAST,Q6K00423,100,241880,38,92.995034,"[""FMOD0061"", ""FMOD0004"", ""FMOD0086"", ""FMOD0035"", ""FMOD0029"", ""FMOD0010"", ""FMOD0033"", ""FMOD0056"", ""FMOD0014"", ""FMOD0102""]",1.0,True,38.0
500eq,SYNTHETIC_COMPONENT_VOLUME,FAST,Q6K00424,100,241880,39,93.759245,"[""FMOD0053"", ""FMOD0102"", ""FMOD0029"", ""FMOD0082"", ""FMOD0039"", ""FMOD0034"", ""FMOD0023"", ""FMOD0035"", ""FMOD0077"", ""FMOD0114""]",1.0,True,39.0
500eq,SYNTHETIC_COMPONENT_VOLUME,FAST,Q6K00427,100,241880,19,58.375113,"[""FMOD0081"", ""FMOD0005"", ""FMOD0035"", ""FMOD0082"", ""FMOD0055"", ""FMOD0056"", ""FMOD0043"", ""FMOD0034"", ""FMOD0072"", ""FMOD0002""]",1.0,False,19.0
500eq,SYNTHETIC_COMPONENT_VOLUME,FAST,Q6K00435,100,241880,24,82.820918,"[""FMOD0099"", ""FMOD0069"", ""FMOD0029"", ""FMOD0119"", ""FMOD0023"", ""FMOD0035"", ""FMOD0102"", ""FMOD0120"", ""FMOD0114"", ""FMOD0110""]",0.8,False,24.0
500eq,SYNTHETIC_COMPONENT_VOLUME,FAST,Q6K00436,100,241880,36,90.049814,"[""FMOD0099"", ""FMOD0044"", ""FMOD0029"", ""FMOD0030"", ""FMOD0035"", ""FMOD0023"", ""FMOD0119"", ""FMOD0036"", ""FMOD0120"", ""FMOD0069""]",1.0,True,36.0
500eq,SYNTHETIC_COMPONENT_VOLUME,FAST,Q6K00438,100,241880,9,46.915924,"[""FMOD0022"", ""FMOD0055"", ""FMOD0029"", ""FMOD0030"", ""FMOD0010"", ""FMOD0119"", ""FMOD0096"", ""FMOD0074"", ""FMOD0044""]",0.4,False,9.0
500eq,SYNTHETIC_COMPONENT_VOLUME,FAST,Q6K00442,100,241880,15,59.426242,"[""FMOD0087"", ""FMOD0029"", ""FMOD0081"", ""FMOD0120"", ""FMOD0102"", ""FMOD0082"", ""FMOD0079"", ""FMOD0119"", ""FMOD0110"", ""FMOD0036""]",0.8,False,15.0
500eq,SYNTHETIC_COMPONENT_VOLUME,FAST,Q6K00443,100,241880,25,81.631811,"[""FMOD0035"", ""FMOD0011"", ""FMOD0023"", ""FMOD0041"", ""FMOD0082"", ""FMOD0119"", ""FMOD0102"", ""FMOD0079"", ""FMOD0060"", ""FMOD0030""]",0.8,False,25.0
500eq,SYNTHETIC_COMPONENT_VOLUME,FAST,Q6K00444,100,241880,18,68.034591,"[""FMOD0003"", ""FMOD0022"", ""FMOD0034"", ""FMOD0120"", ""FMOD0119"", ""FMOD0102"", ""FMOD0036"", ""FMOD0023"", ""FMOD0055"", ""FMOD0029""]",0.6,False,18.0
500eq,SYNTHETIC_COMPONENT_VOLUME,FAST,Q6K00446,100,241880,36,99.38513,"[""FMOD0082"", ""FMOD0067"", ""FMOD0060"", ""FMOD0035"", ""FMOD0023"", ""FMOD0101"", ""FMOD0021"", ""FMOD0097"", ""FMOD0022"", ""FMOD0081""]",1.0,True,36.0
500eq,SYNTHETIC_COMPONENT_VOLUME,FAST,Q6K00453,100,241880,24,90.266253,"[""FMOD0044"", ""FMOD0079"", ""FMOD0029"", ""FMOD0114"", ""FMOD0030"", ""FMOD0035"", ""FMOD0119"", ""FMOD0120"", ""FMOD0023"", ""FMOD0110""]",0.8,False,24.0
500eq,SYNTHETIC_COMPONENT_VOLUME,FAST,Q6K00456,100,241880,35,86.802592,"[""FMOD0004"", ""FMOD0016"", ""FMOD0067"", ""FMOD0113"", ""FMOD0052"", ""FMOD0036"", ""FMOD0114"", ""FMOD0029"", ""FMOD0023"", ""FMOD0056""]",0.9,False,35.0
500eq,SYNTHETIC_COMPONENT_VOLUME,FAST,Q6K00458,100,241880,11,61.395048,"[""FMOD0079"", ""FMOD0016"", ""FMOD0030"", ""FMOD0029"", ""FMOD0102"", ""FMOD0119"", ""FMOD0120"", ""FMOD0041"", ""FMOD0110"", ""FMOD0055""]",0.5,False,11.0
500eq,SYNTHETIC_COMPONENT_VOLUME,FAST,Q6K00461,100,241880,6,40.268166,"[""FMOD0001"", ""FMOD0003"", ""FMOD0089"", ""FMOD0035"", ""FMOD0029"", ""FMOD0041""]",0.5,False,6.0
500eq,SYNTHETIC_COMPONENT_VOLUME,FAST,Q6K00465,100,241880,18,63.418367,"[""FMOD0083"", ""FMOD0096"", ""FMOD0029"", ""FMOD0110"", ""FMOD0119"", ""FMOD0005"", ""FMOD0120"", ""FMOD0055"", ""FMOD0041"", ""FMOD0114""]",0.7,False,18.0
500eq,SYNTHETIC_COMPONENT_VOLUME,FAST,Q6K00470,100,241880,40,95.604641,"[""FMOD0060"", ""FMOD0102"", ""FMOD0029"", ""FMOD0061"", ""FMOD0120"", ""FMOD0119"", ""FMOD0056"", ""FMOD0114"", ""FMOD0069"", ""FMOD0035""]",1.0,True,40.0
500eq,SYNTHETIC_COMPONENT_VOLUME,FAST,Q6K00471,100,241880,18,73.03573,"[""FMOD0025"", ""FMOD0099"", ""FMOD0029"", ""FMOD0114"", ""FMOD0120"", ""FMOD0023"", ""FMOD0069"", ""FMOD0102"", ""FMOD0110"", ""FMOD0119""]",0.5,False,18.0
500eq,SYNTHETIC_COMPONENT_VOLUME,FAST,Q6K00473,100,241880,42,93.534891,"[""FMOD0086"", ""FMOD0079"", ""FMOD0056"", ""FMOD0078"", ""FMOD0097"", ""FMOD0036"", ""FMOD0117"", ""FMOD0083"", ""FMOD0119"", ""FMOD0114""]",1.0,True,42.0
500eq,SYNTHETIC_COMPONENT_VOLUME,FAST,Q6K00479,100,241880,16,62.339959,"[""FMOD0066"", ""FMOD0022"", ""FMOD0034"", ""FMOD0082"", ""FMOD0035"", ""FMOD0029"", ""FMOD0030"", ""FMOD0055"", ""FMOD0102"", ""FMOD0119""]",0.6,False,16.0
500eq,SYNTHETIC_COMPONENT_VOLUME,FAST,Q6K00481,100,241880,23,81.683989,"[""FMOD0035"", ""FMOD0023"", ""FMOD0051"", ""FMOD0081"", ""FMOD0029"", ""FMOD0119"", ""FMOD0102"", ""FMOD0082"", ""FMOD0120"", ""FMOD0041""]",0.9,False,23.0
500eq,SYNTHETIC_COMPONENT_VOLUME,FAST,Q6K00484,100,241880,4,40.057655,"[""FMOD0029"", ""FMOD0035"", ""FMOD0114"", ""FMOD0041""]",0.2,False,4.0
500eq,SYNTHETIC_COMPONENT_VOLUME,FAST,Q6K00485,100,241880,38,94.839749,"[""FMOD0069"", ""FMOD0035"", ""FMOD0023"", ""FMOD0119"", ""FMOD0029"", ""FMOD0056"", ""FMOD0036"", ""FMOD0112"", ""FMOD0067"", ""FMOD0078""]",1.0,True,38.0
500eq,SYNTHETIC_COMPONENT_VOLUME,FAST,Q6K00489,100,241880,24,79.184315,"[""FMOD0080"", ""FMOD0086"", ""FMOD0015"", ""FMOD0107"", ""FMOD0029"", ""FMOD0023"", ""FMOD0102"", ""FMOD0082"", ""FMOD0030"", ""FMOD0069""]",0.9,False,24.0
500eq,SYNTHETIC_COMPONENT_VOLUME,FAST,Q6K00495,100,241880,64,101.012351,"[""FMOD0083"", ""FMOD0096"", ""FMOD0029"", ""FMOD0023"", ""FMOD0119"", ""FMOD0035"", ""FMOD0110"", ""FMOD0069"", ""FMOD0036"", ""FMOD0030""]",1.0,True,64.0
500eq,SYNTHETIC_COMPONENT_VOLUME,FAST,Q6K00498,100,241880,29,83.380347,"[""FMOD0069"", ""FMOD0023"", ""FMOD0055"", ""FMOD0082"", ""FMOD0025"", ""FMOD0100"", ""FMOD0029"", ""FMOD0035"", ""FMOD0120"", ""FMOD0036""]",0.9,False,29.0
500eq,SYNTHETIC_COMPONENT_VOLUME,FAST,Q6K00507,100,241880,19,63.153306,"[""FMOD0082"", ""FMOD0039"", ""FMOD0034"", ""FMOD0023"", ""FMOD0035"", ""FMOD0065"", ""FMOD0059"", ""FMOD0016"", ""FMOD0021"", ""FMOD0030""]",1.0,False,19.0
500eq,SYNTHETIC_COMPONENT_VOLUME,FAST,Q6K00511,100,241880,57,98.434862,"[""FMOD0010"", ""FMOD0030"", ""FMOD0041"", ""FMOD0055"", ""FMOD0029"", ""FMOD0083"", ""FMOD0045"", ""FMOD0025"", ""FMOD0079"", ""FMOD0023""]",0.9,False,57.0
500eq,SYNTHETIC_COMPONENT_VOLUME,FAST,Q6K00512,100,241880,40,80.806048,"[""FMOD0035"", ""FMOD0023"", ""FMOD0119"", ""FMOD0029"", ""FMOD0110"", ""FMOD0108"", ""FMOD0036"", ""FMOD0042"", ""FMOD0107"", ""FMOD0060""]",1.0,True,40.0
500eq,SYNTHETIC_COMPONENT_VOLUME,FAST,Q6K00513,100,241880,54,100.563233,"[""FMOD0029"", ""FMOD0110"", ""FMOD0056"", ""FMOD0023"", ""FMOD0083"", ""FMOD0119"", ""FMOD0036"", ""FMOD0112"", ""FMOD0078"", ""FMOD0114""]",1.0,False,54.0
500eq,SYNTHETIC_COMPONENT_VOLUME,FAST,Q6K00517,100,241880,33,97.050449,"[""FMOD0082"", ""FMOD0021"", ""FMOD0081"", ""FMOD0039"", ""FMOD0034"", ""FMOD0029"", ""FMOD0023"", ""FMOD0119"", ""FMOD0102"", ""FMOD0035""]",0.9,False,33.0
500eq,SYNTHETIC_COMPONENT_VOLUME,FAST,Q6K00518,100,241880,57,100.987881,"[""FMOD0029"", ""FMOD0035"", ""FMOD0102"", ""FMOD0119"", ""FMOD0110"", ""FMOD0096"", ""FMOD0114"", ""FMOD0108"", ""FMOD0018"", ""FMOD0010""]",1.0,True,57.0
500eq,SYNTHETIC_COMPONENT_VOLUME,FAST,Q6K00523,100,241880,31,89.915643,"[""FMOD0082"", ""FMOD0081"", ""FMOD0039"", ""FMOD0034"", ""FMOD0029"", ""FMOD0035"", ""FMOD0119"", ""FMOD0102"", ""FMOD0120"", ""FMOD0036""]",0.8,False,31.0
500eq,SYNTHETIC_COMPONENT_VOLUME,FAST,Q6K00528,100,241880,25,87.087141,"[""FMOD0035"", ""FMOD0023"", ""FMOD0051"", ""FMOD0081"", ""FMOD0029"", ""FMOD0119"", ""FMOD0030"", ""FMOD0082"", ""FMOD0102"", ""FMOD0055""]",0.8,False,25.0
500eq,SYNTHETIC_COMPONENT_VOLUME,FAST,Q6K00530,100,241880,35,96.674041,"[""FMOD0069"", ""FMOD0035"", ""FMOD0023"", ""FMOD0029"", ""FMOD0119"", ""FMOD0056"", ""FMOD0036"", ""FMOD0112"", ""FMOD0067"", ""FMOD0078""]",1.0,True,35.0
500eq,SYNTHETIC_COMPONENT_VOLUME,FAST,Q6K00531,100,241880,31,92.394047,"[""FMOD0082"", ""FMOD0081"", ""FMOD0029"", ""FMOD0035"", ""FMOD0023"", ""FMOD0119"", ""FMOD0030"", ""FMOD0102"", ""FMOD0110"", ""FMOD0036""]",0.8,False,31.0
500eq,SYNTHETIC_COMPONENT_VOLUME,FAST,Q6K00533,100,241880,12,64.433227,"[""FMOD0029"", ""FMOD0114"", ""FMOD0023"", ""FMOD0030"", ""FMOD0035"", ""FMOD0069"", ""FMOD0082"", ""FMOD0020"", ""FMOD0010"", ""FMOD0080""]",0.5,False,12.0
500eq,SYNTHETIC_COMPONENT_VOLUME,FAST,Q6K00535,100,241880,52,86.643734,"[""FMOD0035"", ""FMOD0118"", ""FMOD0102"", ""FMOD0069"", ""FMOD0029"", ""FMOD0030"", ""FMOD0036"", ""FMOD0079"", ""FMOD0120"", ""FMOD0041""]",1.0,True,52.0
500eq,SYNTHETIC_COMPONENT_VOLUME,FAST,Q6K00537,100,241880,28,83.613868,"[""FMOD0055"", ""FMOD0023"", ""FMOD0069"", ""FMOD0025"", ""FMOD0082"", ""FMOD0100"", ""FMOD0029"", ""FMOD0036"", ""FMOD0035"", ""FMOD0030""]",0.9,False,28.0
500eq,SYNTHETIC_COMPONENT_VOLUME,FAST,Q6K00538,100,241880,39,91.788287,"[""FMOD0055"", ""FMOD0023"", ""FMOD0025"", ""FMOD0069"", ""FMOD0082"", ""FMOD0100"", ""FMOD0029"", ""FMOD0035"", ""FMOD0114"", ""FMOD0119""]",1.0,False,39.0
500eq,SYNTHETIC_COMPONENT_VOLUME,BALANCED,Q6K00183,100,241880,92,103.258988,"[""FMOD0023"", ""FMOD0029"", ""FMOD0081"", ""FMOD0036"", ""FMOD0114"", ""FMOD0119"", ""FMOD0035"", ""FMOD0082"", ""FMOD0030"", ""FMOD0120""]",1.0,True,92.0
500eq,SYNTHETIC_COMPONENT_VOLUME,BALANCED,Q6K00184,100,241880,96,103.248632,"[""FMOD0004"", ""FMOD0067"", ""FMOD0113"", ""FMOD0052"", ""FMOD0036"", ""FMOD0114"", ""FMOD0056"", ""FMOD0101"", ""FMOD0110"", ""FMOD0081""]",1.0,True,96.0
500eq,SYNTHETIC_COMPONENT_VOLUME,BALANCED,Q6K00193,100,241880,94,105.544437,"[""FMOD0025"", ""FMOD0069"", ""FMOD0023"", ""FMOD0029"", ""FMOD0056"", ""FMOD0055"", ""FMOD0114"", ""FMOD0078"", ""FMOD0096"", ""FMOD0080""]",1.0,True,94.0
500eq,SYNTHETIC_COMPONENT_VOLUME,BALANCED,Q6K00195,100,241880,91,102.556049,"[""FMOD0061"", ""FMOD0083"", ""FMOD0029"", ""FMOD0056"", ""FMOD0102"", ""FMOD0091"", ""FMOD0023"", ""FMOD0081"", ""FMOD0114"", ""FMOD0030""]",1.0,True,91.0
500eq,SYNTHETIC_COMPONENT_VOLUME,BALANCED,Q6K00197,100,241880,81,99.883531,"[""FMOD0069"", ""FMOD0029"", ""FMOD0102"", ""FMOD0114"", ""FMOD0030"", ""FMOD0119"", ""FMOD0005"", ""FMOD0120"", ""FMOD0033"", ""FMOD0036""]",1.0,True,81.0
500eq,SYNTHETIC_COMPONENT_VOLUME,BALANCED,Q6K00199,100,241880,97,101.351739,"[""FMOD0067"", ""FMOD0069"", ""FMOD0029"", ""FMOD0102"", ""FMOD0119"", ""FMOD0056"", ""FMOD0120"", ""FMOD0030"", ""FMOD0026"", ""FMOD0023""]",1.0,True,97.0
500eq,SYNTHETIC_COMPONENT_VOLUME,BALANCED,Q6K00200,100,241880,88,104.656868,"[""FMOD0051"", ""FMOD0023"", ""FMOD0029"", ""FMOD0035"", ""FMOD0016"", ""FMOD0081"", ""FMOD0120"", ""FMOD0082"", ""FMOD0079"", ""FMOD0020""]",1.0,True,88.0
500eq,SYNTHETIC_COMPONENT_VOLUME,BALANCED,Q6K00201,100,241880,93,105.384876,"[""FMOD0066"", ""FMOD0055"", ""FMOD0030"", ""FMOD0029"", ""FMOD0010"", ""FMOD0041"", ""FMOD0036"", ""FMOD0102"", ""FMOD0112"", ""FMOD0120""]",1.0,True,93.0
500eq,SYNTHETIC_COMPONENT_VOLUME,BALANCED,Q6K00205,100,241880,89,108.191529,"[""FMOD0051"", ""FMOD0023"", ""FMOD0035"", ""FMOD0020"", ""FMOD0016"", ""FMOD0081"", ""FMOD0119"", ""FMOD0029"", ""FMOD0065"", ""FMOD0114""]",1.0,True,89.0
500eq,SYNTHETIC_COMPONENT_VOLUME,BALANCED,Q6K00206,100,241880,90,101.436137,"[""FMOD0016"", ""FMOD0102"", ""FMOD0031"", ""FMOD0029"", ""FMOD0023"", ""FMOD0035"", ""FMOD0082"", ""FMOD0065"", ""FMOD0114"", ""FMOD0033""]",1.0,True,90.0
500eq,SYNTHETIC_COMPONENT_VOLUME,BALANCED,Q6K00207,100,241880,89,104.174921,"[""FMOD0023"", ""FMOD0029"", ""FMOD0035"", ""FMOD0120"", ""FMOD0102"", ""FMOD0069"", ""FMOD0119"", ""FMOD0077"", ""FMOD0082"", ""FMOD0110""]",1.0,True,89.0
500eq,SYNTHETIC_COMPONENT_VOLUME,BALANCED,Q6K00208,100,241880,90,103.083618,"[""FMOD0102"", ""FMOD0079"", ""FMOD0023"", ""FMOD0030"", ""FMOD0029"", ""FMOD0055"", ""FMOD0035"", ""FMOD0082"", ""FMOD0036"", ""FMOD0014""]",1.0,True,90.0
500eq,SYNTHETIC_COMPONENT_VOLUME,BALANCED,Q6K00212,100,241880,96,103.000675,"[""FMOD0060"", ""FMOD0029"", ""FMOD0023"", ""FMOD0082"", ""FMOD0075"", ""FMOD0096"", ""FMOD0102"", ""FMOD0056"", ""FMOD0036"", ""FMOD0081""]",1.0,True,96.0
500eq,SYNTHETIC_COMPONENT_VOLUME,BALANCED,Q6K00216,100,241880,84,102.783618,"[""FMOD0016"", ""FMOD0029"", ""FMOD0035"", ""FMOD0023"", ""FMOD0081"", ""FMOD0079"", ""FMOD0119"", ""FMOD0102"", ""FMOD0114"", ""FMOD0056""]",1.0,True,84.0
500eq,SYNTHETIC_COMPONENT_VOLUME,BALANCED,Q6K00227,100,241880,80,101.828145,"[""FMOD0096"", ""FMOD0029"", ""FMOD0023"", ""FMOD0120"", ""FMOD0119"", ""FMOD0035"", ""FMOD0056"", ""FMOD0113"", ""FMOD0069"", ""FMOD0025""]",1.0,True,80.0
500eq,SYNTHETIC_COMPONENT_VOLUME,BALANCED,Q6K00232,100,241880,94,102.956456,"[""FMOD0060"", ""FMOD0029"", ""FMOD0023"", ""FMOD0086"", ""FMOD0056"", ""FMOD0043"", ""FMOD0110"", ""FMOD0044"", ""FMOD0036"", ""FMOD0075""]",1.0,True,94.0
500eq,SYNTHETIC_COMPONENT_VOLUME,BALANCED,Q6K00235,100,241880,79,101.522254,"[""FMOD0096"", ""FMOD0114"", ""FMOD0029"", ""FMOD0120"", ""FMOD0119"", ""FMOD0023"", ""FMOD0035"", ""FMOD0056"", ""FMOD0069"", ""FMOD0030""]",1.0,True,79.0
500eq,SYNTHETIC_COMPONENT_VOLUME,BALANCED,Q6K00236,100,241880,94,100.103376,"[""FMOD0036"", ""FMOD0119"", ""FMOD0079"", ""FMOD0120"", ""FMOD0056"", ""FMOD0086"", ""FMOD0082"", ""FMOD0091"", ""FMOD0029"", ""FMOD0102""]",1.0,True,94.0
500eq,SYNTHETIC_COMPONENT_VOLUME,BALANCED,Q6K00237,100,241880,96,107.369756,"[""FMOD0067"", ""FMOD0029"", ""FMOD0119"", ""FMOD0120"", ""FMOD0023"", ""FMOD0102"", ""FMOD0056"", ""FMOD0082"", ""FMOD0110"", ""FMOD0069""]",1.0,True,96.0
500eq,SYNTHETIC_COMPONENT_VOLUME,BALANCED,Q6K00240,100,241880,79,102.296106,"[""FMOD0069"", ""FMOD0029"", ""FMOD0110"", ""FMOD0104"", ""FMOD0035"", ""FMOD0119"", ""FMOD0043"", ""FMOD0023"", ""FMOD0102"", ""FMOD0083""]",1.0,True,79.0
500eq,SYNTHETIC_COMPONENT_VOLUME,BALANCED,Q6K00247,100,241880,95,104.681465,"[""FMOD0069"", ""FMOD0060"", ""FMOD0119"", ""FMOD0029"", ""FMOD0023"", ""FMOD0083"", ""FMOD0025"", ""FMOD0110"", ""FMOD0079"", ""FMOD0003""]",1.0,True,95.0
500eq,SYNTHETIC_COMPONENT_VOLUME,BALANCED,Q6K00251,100,241880,90,105.235101,"[""FMOD0044"", ""FMOD0067"", ""FMOD0119"", ""FMOD0029"", ""FMOD0023"", ""FMOD0120"", ""FMOD0113"", ""FMOD0086"", ""FMOD0035"", ""FMOD0030""]",1.0,True,90.0
500eq,SYNTHETIC_COMPONENT_VOLUME,BALANCED,Q6K00252,100,241880,92,102.167207,"[""FMOD0043"", ""FMOD0086"", ""FMOD0035"", ""FMOD0023"", ""FMOD0102"", ""FMOD0029"", ""FMOD0096"", ""FMOD0069"", ""FMOD0079"", ""FMOD0024""]",1.0,True,92.0
500eq,SYNTHETIC_COMPONENT_VOLUME,BALANCED,Q6K00258,100,241880,93,105.310784,"[""FMOD0096"", ""FMOD0001"", ""FMOD0029"", ""FMOD0041"", ""FMOD0035"", ""FMOD0030"", ""FMOD0056"", ""FMOD0120"", ""FMOD0069"", ""FMOD0119""]",1.0,True,93.0
500eq,SYNTHETIC_COMPONENT_VOLUME,BALANCED,Q6K00259,100,241880,93,101.122623,"[""FMOD0043"", ""FMOD0089"", ""FMOD0035"", ""FMOD0102"", ""FMOD0096"", ""FMOD0023"", ""FMOD0029"", ""FMOD0069"", ""FMOD0079"", ""FMOD0024""]",1.0,True,93.0
500eq,SYNTHETIC_COMPONENT_VOLUME,BALANCED,Q6K00262,100,241880,92,103.212445,"[""FMOD0069"", ""FMOD0060"", ""FMOD0023"", ""FMOD0025"", ""FMOD0055"", ""FMOD0082"", ""FMOD0100"", ""FMOD0029"", ""FMOD0102"", ""FMOD0119""]",1.0,True,92.0
500eq,SYNTHETIC_COMPONENT_VOLUME,BALANCED,Q6K00264,100,241880,94,105.290045,"[""FMOD0043"", ""FMOD0066"", ""FMOD0035"", ""FMOD0056"", ""FMOD0081"", ""FMOD0082"", ""FMOD0030"", ""FMOD0119"", ""FMOD0023"", ""FMOD0029""]",1.0,True,94.0
500eq,SYNTHETIC_COMPONENT_VOLUME,BALANCED,Q6K00267,100,241880,94,102.278489,"[""FMOD0022"", ""FMOD0069"", ""FMOD0034"", ""FMOD0082"", ""FMOD0023"", ""FMOD0055"", ""FMOD0025"", ""FMOD0100"", ""FMOD0072"", ""FMOD0035""]",1.0,True,94.0
500eq,SYNTHETIC_COMPONENT_VOLUME,BALANCED,Q6K00268,100,241880,87,105.956721,"[""FMOD0077"", ""FMOD0050"", ""FMOD0055"", ""FMOD0083"", ""FMOD0005"", ""FMOD0035"", ""FMOD0114"", ""FMOD0029"", ""FMOD0033"", ""FMOD0069""]",1.0,True,87.0
500eq,SYNTHETIC_COMPONENT_VOLUME,BALANCED,Q6K00271,100,241880,98,102.895776,"[""FMOD0086"", ""FMOD0050"", ""FMOD0044"", ""FMOD0120"", ""FMOD0029"", ""FMOD0036"", ""FMOD0077"", ""FMOD0069"", ""FMOD0102"", ""FMOD0005""]",1.0,True,98.0
500eq,SYNTHETIC_COMPONENT_VOLUME,BALANCED,Q6K00273,100,241880,87,104.7199,"[""FMOD0023"", ""FMOD0043"", ""FMOD0119"", ""FMOD0079"", ""FMOD0029"", ""FMOD0102"", ""FMOD0056"", ""FMOD0005"", ""FMOD0030"", ""FMOD0075""]",1.0,True,87.0
500eq,SYNTHETIC_COMPONENT_VOLUME,BALANCED,Q6K00274,100,241880,95,106.137187,"[""FMOD0004"", ""FMOD0044"", ""FMOD0067"", ""FMOD0113"", ""FMOD0052"", ""FMOD0036"", ""FMOD0114"", ""FMOD0056"", ""FMOD0110"", ""FMOD0035""]",1.0,True,95.0
500eq,SYNTHETIC_COMPONENT_VOLUME,BALANCED,Q6K00275,100,241880,96,103.265946,"[""FMOD0086"", ""FMOD0074"", ""FMOD0050"", ""FMOD0029"", ""FMOD0056"", ""FMOD0102"", ""FMOD0035"", ""FMOD0024"", ""FMOD0114"", ""FMOD0043""]",1.0,True,96.0
500eq,SYNTHETIC_COMPONENT_VOLUME,BALANCED,Q6K00283,100,241880,92,102.16996,"[""FMOD0036"", ""FMOD0035"", ""FMOD0029"", ""FMOD0023"", ""FMOD0120"", ""FMOD0119"", ""FMOD0079"", ""FMOD0102"", ""FMOD0069"", ""FMOD0082""]",1.0,True,92.0
500eq,SYNTHETIC_COMPONENT_VOLUME,BALANCED,Q6K00287,100,241880,94,104.987895,"[""FMOD0003"", ""FMOD0089"", ""FMOD0004"", ""FMOD0063"", ""FMOD0067"", ""FMOD0014"", ""FMOD0113"", ""FMOD0052"", ""FMOD0036"", ""FMOD0114""]",1.0,True,94.0
500eq,SYNTHETIC_COMPONENT_VOLUME,BALANCED,Q6K00293,100,241880,91,100.159752,"[""FMOD0074"", ""FMOD0043"", ""FMOD0035"", ""FMOD0029"", ""FMOD0023"", ""FMOD0069"", ""FMOD0102"", ""FMOD0096"", ""FMOD0079"", ""FMOD0024""]",1.0,True,91.0
500eq,SYNTHETIC_COMPONENT_VOLUME,BALANCED,Q6K00295,100,241880,90,102.771253,"[""FMOD0066"", ""FMOD0043"", ""FMOD0102"", ""FMOD0029"", ""FMOD0023"", ""FMOD0069"", ""FMOD0035"", ""FMOD0096"", ""FMOD0079"", ""FMOD0119""]",1.0,True,90.0
500eq,SYNTHETIC_COMPONENT_VOLUME,BALANCED,Q6K00296,100,241880,96,102.515186,"[""FMOD0060"", ""FMOD0066"", ""FMOD0029"", ""FMOD0102"", ""FMOD0056"", ""FMOD0035"", ""FMOD0010"", ""FMOD0110"", ""FMOD0036"", ""FMOD0055""]",1.0,True,96.0
500eq,SYNTHETIC_COMPONENT_VOLUME,BALANCED,Q6K00298,100,241880,93,104.565038,"[""FMOD0074"", ""FMOD0036"", ""FMOD0079"", ""FMOD0119"", ""FMOD0120"", ""FMOD0017"", ""FMOD0091"", ""FMOD0056"", ""FMOD0023"", ""FMOD0083""]",1.0,True,93.0
500eq,SYNTHETIC_COMPONENT_VOLUME,BALANCED,Q6K00299,100,241880,89,101.775543,"[""FMOD0040"", ""FMOD0089"", ""FMOD0029"", ""FMOD0035"", ""FMOD0079"", ""FMOD0081"", ""FMOD0030"", ""FMOD0055"", ""FMOD0023"", ""FMOD0056""]",1.0,True,89.0
500eq,SYNTHETIC_COMPONENT_VOLUME,BALANCED,Q6K00304,100,241880,92,101.268402,"[""FMOD0077"", ""FMOD0083"", ""FMOD0087"", ""FMOD0023"", ""FMOD0069"", ""FMOD0056"", ""FMOD0020"", ""FMOD0055"", ""FMOD0102"", ""FMOD0025""]",1.0,True,92.0
500eq,SYNTHETIC_COMPONENT_VOLUME,BALANCED,Q6K00310,100,241880,90,104.281959,"[""FMOD0074"", ""FMOD0005"", ""FMOD0022"", ""FMOD0034"", ""FMOD0035"", ""FMOD0053"", ""FMOD0114"", ""FMOD0029"", ""FMOD0033"", ""FMOD0023""]",1.0,True,90.0
500eq,SYNTHETIC_COMPONENT_VOLUME,BALANCED,Q6K00313,100,241880,92,100.388323,"[""FMOD0061"", ""FMOD0069"", ""FMOD0083"", ""FMOD0066"", ""FMOD0114"", ""FMOD0029"", ""FMOD0036"", ""FMOD0033"", ""FMOD0030"", ""FMOD0120""]",1.0,True,92.0
500eq,SYNTHETIC_COMPONENT_VOLUME,BALANCED,Q6K00317,100,241880,85,100.073384,"[""FMOD0061"", ""FMOD0089"", ""FMOD0096"", ""FMOD0036"", ""FMOD0029"", ""FMOD0079"", ""FMOD0035"", ""FMOD0055"", ""FMOD0083"", ""FMOD0110""]",1.0,True,85.0
500eq,SYNTHETIC_COMPONENT_VOLUME,BALANCED,Q6K00318,100,241880,94,107.737187,"[""FMOD0086"", ""FMOD0004"", ""FMOD0050"", ""FMOD0082"", ""FMOD0067"", ""FMOD0035"", ""FMOD0114"", ""FMOD0053"", ""FMOD0081"", ""FMOD0110""]",1.0,True,94.0
500eq,SYNTHETIC_COMPONENT_VOLUME,BALANCED,Q6K00325,100,241880,90,106.212058,"[""FMOD0086"", ""FMOD0023"", ""FMOD0050"", ""FMOD0044"", ""FMOD0029"", ""FMOD0035"", ""FMOD0030"", ""FMOD0069"", ""FMOD0043"", ""FMOD0082""]",1.0,True,90.0
500eq,SYNTHETIC_COMPONENT_VOLUME,BALANCED,Q6K00326,100,241880,93,101.173962,"[""FMOD0099"", ""FMOD0055"", ""FMOD0066"", ""FMOD0036"", ""FMOD0010"", ""FMOD0102"", ""FMOD0056"", ""FMOD0112"", ""FMOD0029"", ""FMOD0023""]",1.0,True,93.0
500eq,SYNTHETIC_COMPONENT_VOLUME,BALANCED,Q6K00327,100,241880,86,105.22373,"[""FMOD0016"", ""FMOD0051"", ""FMOD0055"", ""FMOD0114"", ""FMOD0075"", ""FMOD0081"", ""FMOD0035"", ""FMOD0077"", ""FMOD0023"", ""FMOD0029""]",1.0,True,86.0
500eq,SYNTHETIC_COMPONENT_VOLUME,BALANCED,Q6K00332,100,241880,95,102.499916,"[""FMOD0044"", ""FMOD0035"", ""FMOD0029"", ""FMOD0069"", ""FMOD0030"", ""FMOD0086"", ""FMOD0120"", ""FMOD0119"", ""FMOD0041"", ""FMOD0050""]",1.0,True,95.0
500eq,SYNTHETIC_COMPONENT_VOLUME,BALANCED,Q6K00333,100,241880,95,107.796785,"[""FMOD0069"", ""FMOD0044"", ""FMOD0011"", ""FMOD0119"", ""FMOD0029"", ""FMOD0083"", ""FMOD0025"", ""FMOD0079"", ""FMOD0110"", ""FMOD0035""]",1.0,True,95.0
500eq,SYNTHETIC_COMPONENT_VOLUME,BALANCED,Q6K00336,100,241880,80,104.209066,"[""FMOD0014"", ""FMOD0023"", ""FMOD0079"", ""FMOD0035"", ""FMOD0082"", ""FMOD0081"", ""FMOD0029"", ""FMOD0120"", ""FMOD0119"", ""FMOD0102""]",1.0,True,80.0
500eq,SYNTHETIC_COMPONENT_VOLUME,BALANCED,Q6K00338,100,241880,96,102.376965,"[""FMOD0074"", ""FMOD0067"", ""FMOD0003"", ""FMOD0056"", ""FMOD0029"", ""FMOD0119"", ""FMOD0035"", ""FMOD0081"", ""FMOD0004"", ""FMOD0082""]",1.0,True,96.0
500eq,SYNTHETIC_COMPONENT_VOLUME,BALANCED,Q6K00340,100,241880,87,105.658797,"[""FMOD0025"", ""FMOD0011"", ""FMOD0089"", ""FMOD0029"", ""FMOD0023"", ""FMOD0030"", ""FMOD0069"", ""FMOD0035"", ""FMOD0119"", ""FMOD0041""]",1.0,True,87.0
500eq,SYNTHETIC_COMPONENT_VOLUME,BALANCED,Q6K00342,100,241880,92,103.939473,"[""FMOD0087"", ""FMOD0053"", ""FMOD0114"", ""FMOD0023"", ""FMOD0052"", ""FMOD0040"", ""FMOD0069"", ""FMOD0029"", ""FMOD0002"", ""FMOD0056""]",1.0,True,92.0
500eq,SYNTHETIC_COMPONENT_VOLUME,BALANCED,Q6K00343,100,241880,97,104.005316,"[""FMOD0087"", ""FMOD0016"", ""FMOD0041"", ""FMOD0055"", ""FMOD0030"", ""FMOD0029"", ""FMOD0023"", ""FMOD0081"", ""FMOD0102"", ""FMOD0056""]",1.0,True,97.0
500eq,SYNTHETIC_COMPONENT_VOLUME,BALANCED,Q6K00344,100,241880,86,105.531888,"[""FMOD0023"", ""FMOD0025"", ""FMOD0043"", ""FMOD0069"", ""FMOD0029"", ""FMOD0030"", ""FMOD0082"", ""FMOD0055"", ""FMOD0035"", ""FMOD0040""]",1.0,True,86.0
500eq,SYNTHETIC_COMPONENT_VOLUME,BALANCED,Q6K00351,100,241880,93,105.203941,"[""FMOD0005"", ""FMOD0099"", ""FMOD0022"", ""FMOD0034"", ""FMOD0082"", ""FMOD0055"", ""FMOD0029"", ""FMOD0020"", ""FMOD0119"", ""FMOD0030""]",1.0,True,93.0
500eq,SYNTHETIC_COMPONENT_VOLUME,BALANCED,Q6K00355,100,241880,85,102.649191,"[""FMOD0043"", ""FMOD0023"", ""FMOD0035"", ""FMOD0077"", ""FMOD0016"", ""FMOD0029"", ""FMOD0102"", ""FMOD0119"", ""FMOD0069"", ""FMOD0030""]",1.0,True,85.0
500eq,SYNTHETIC_COMPONENT_VOLUME,BALANCED,Q6K00359,100,241880,97,105.093841,"[""FMOD0086"", ""FMOD0087"", ""FMOD0044"", ""FMOD0081"", ""FMOD0039"", ""FMOD0056"", ""FMOD0097"", ""FMOD0029"", ""FMOD0079"", ""FMOD0102""]",1.0,True,97.0
500eq,SYNTHETIC_COMPONENT_VOLUME,BALANCED,Q6K00360,100,241880,93,101.619597,"[""FMOD0066"", ""FMOD0060"", ""FMOD0043"", ""FMOD0082"", ""FMOD0030"", ""FMOD0035"", ""FMOD0081"", ""FMOD0010"", ""FMOD0055"", ""FMOD0112""]",1.0,True,93.0
500eq,SYNTHETIC_COMPONENT_VOLUME,BALANCED,Q6K00363,100,241880,95,104.419307,"[""FMOD0066"", ""FMOD0029"", ""FMOD0102"", ""FMOD0056"", ""FMOD0119"", ""FMOD0114"", ""FMOD0069"", ""FMOD0120"", ""FMOD0035"", ""FMOD0023""]",1.0,True,95.0
500eq,SYNTHETIC_COMPONENT_VOLUME,BALANCED,Q6K00365,100,241880,85,101.533624,"[""FMOD0087"", ""FMOD0029"", ""FMOD0035"", ""FMOD0023"", ""FMOD0065"", ""FMOD0016"", ""FMOD0119"", ""FMOD0039"", ""FMOD0036"", ""FMOD0114""]",1.0,True,85.0
500eq,SYNTHETIC_COMPONENT_VOLUME,BALANCED,Q6K00372,100,241880,87,105.057928,"[""FMOD0023"", ""FMOD0035"", ""FMOD0020"", ""FMOD0016"", ""FMOD0051"", ""FMOD0029"", ""FMOD0030"", ""FMOD0119"", ""FMOD0102"", ""FMOD0069""]",1.0,True,87.0
500eq,SYNTHETIC_COMPONENT_VOLUME,BALANCED,Q6K00375,100,241880,88,103.592349,"[""FMOD0099"", ""FMOD0023"", ""FMOD0069"", ""FMOD0025"", ""FMOD0055"", ""FMOD0082"", ""FMOD0029"", ""FMOD0083"", ""FMOD0119"", ""FMOD0035""]",1.0,True,88.0
500eq,SYNTHETIC_COMPONENT_VOLUME,BALANCED,Q6K00377,100,241880,93,100.473603,"[""FMOD0082"", ""FMOD0022"", ""FMOD0023"", ""FMOD0069"", ""FMOD0055"", ""FMOD0025"", ""FMOD0100"", ""FMOD0034"", ""FMOD0029"", ""FMOD0119""]",1.0,True,93.0
500eq,SYNTHETIC_COMPONENT_VOLUME,BALANCED,Q6K00378,100,241880,94,105.98261,"[""FMOD0010"", ""FMOD0023"", ""FMOD0030"", ""FMOD0041"", ""FMOD0055"", ""FMOD0029"", ""FMOD0083"", ""FMOD0025"", ""FMOD0045"", ""FMOD0079""]",1.0,True,94.0
500eq,SYNTHETIC_COMPONENT_VOLUME,BALANCED,Q6K00380,100,241880,88,104.14558,"[""FMOD0023"", ""FMOD0029"", ""FMOD0030"", ""FMOD0035"", ""FMOD0082"", ""FMOD0119"", ""FMOD0102"", ""FMOD0110"", ""FMOD0036"", ""FMOD0120""]",1.0,True,88.0
500eq,SYNTHETIC_COMPONENT_VOLUME,BALANCED,Q6K00384,100,241880,84,102.302059,"[""FMOD0083"", ""FMOD0029"", ""FMOD0069"", ""FMOD0086"", ""FMOD0035"", ""FMOD0120"", ""FMOD0056"", ""FMOD0030"", ""FMOD0119"", ""FMOD0005""]",1.0,True,84.0
500eq,SYNTHETIC_COMPONENT_VOLUME,BALANCED,Q6K00389,100,241880,87,100.926462,"[""FMOD0055"", ""FMOD0034"", ""FMOD0039"", ""FMOD0065"", ""FMOD0023"", ""FMOD0082"", ""FMOD0035"", ""FMOD0029"", ""FMOD0030"", ""FMOD0079""]",1.0,True,87.0
500eq,SYNTHETIC_COMPONENT_VOLUME,BALANCED,Q6K00390,100,241880,94,101.679507,"[""FMOD0023"", ""FMOD0102"", ""FMOD0029"", ""FMOD0119"", ""FMOD0120"", ""FMOD0114"", ""FMOD0069"", ""FMOD0035"", ""FMOD0056"", ""FMOD0082""]",1.0,True,94.0
500eq,SYNTHETIC_COMPONENT_VOLUME,BALANCED,Q6K00393,100,241880,94,105.137442,"[""FMOD0029"", ""FMOD0023"", ""FMOD0102"", ""FMOD0119"", ""FMOD0041"", ""FMOD0120"", ""FMOD0036"", ""FMOD0030"", ""FMOD0053"", ""FMOD0035""]",1.0,True,94.0
500eq,SYNTHETIC_COMPONENT_VOLUME,BALANCED,Q6K00395,100,241880,94,105.923887,"[""FMOD0053"", ""FMOD0069"", ""FMOD0035"", ""FMOD0023"", ""FMOD0029"", ""FMOD0056"", ""FMOD0119"", ""FMOD0036"", ""FMOD0112"", ""FMOD0004""]",1.0,True,94.0
500eq,SYNTHETIC_COMPONENT_VOLUME,BALANCED,Q6K00396,100,241880,94,104.079252,"[""FMOD0066"", ""FMOD0035"", ""FMOD0023"", ""FMOD0051"", ""FMOD0081"", ""FMOD0029"", ""FMOD0119"", ""FMOD0036"", ""FMOD0102"", ""FMOD0010""]",1.0,True,94.0
500eq,SYNTHETIC_COMPONENT_VOLUME,BALANCED,Q6K00400,100,241880,93,101.025913,"[""FMOD0023"", ""FMOD0025"", ""FMOD0035"", ""FMOD0069"", ""FMOD0030"", ""FMOD0055"", ""FMOD0078"", ""FMOD0100"", ""FMOD0036"", ""FMOD0056""]",1.0,True,93.0
500eq,SYNTHETIC_COMPONENT_VOLUME,BALANCED,Q6K00403,100,241880,91,107.296127,"[""FMOD0035"", ""FMOD0033"", ""FMOD0029"", ""FMOD0119"", ""FMOD0120"", ""FMOD0078"", ""FMOD0024"", ""FMOD0080"", ""FMOD0108"", ""FMOD0102""]",1.0,True,91.0
500eq,SYNTHETIC_COMPONENT_VOLUME,BALANCED,Q6K00405,100,241880,93,102.913324,"[""FMOD0016"", ""FMOD0102"", ""FMOD0031"", ""FMOD0056"", ""FMOD0029"", ""FMOD0023"", ""FMOD0082"", ""FMOD0035"", ""FMOD0065"", ""FMOD0114""]",1.0,True,93.0
500eq,SYNTHETIC_COMPONENT_VOLUME,BALANCED,Q6K00407,100,241880,82,102.069249,"[""FMOD0005"", ""FMOD0029"", ""FMOD0120"", ""FMOD0069"", ""FMOD0102"", ""FMOD0030"", ""FMOD0079"", ""FMOD0119"", ""FMOD0023"", ""FMOD0020""]",1.0,True,82.0
500eq,SYNTHETIC_COMPONENT_VOLUME,BALANCED,Q6K00410,100,241880,89,103.236988,"[""FMOD0005"", ""FMOD0030"", ""FMOD0023"", ""FMOD0035"", ""FMOD0055"", ""FMOD0029"", ""FMOD0082"", ""FMOD0089"", ""FMOD0024"", ""FMOD0113""]",1.0,True,89.0
500eq,SYNTHETIC_COMPONENT_VOLUME,BALANCED,Q6K00417,100,241880,96,102.498344,"[""FMOD0051"", ""FMOD0082"", ""FMOD0081"", ""FMOD0102"", ""FMOD0035"", ""FMOD0067"", ""FMOD0021"", ""FMOD0114"", ""FMOD0065"", ""FMOD0119""]",1.0,True,96.0
500eq,SYNTHETIC_COMPONENT_VOLUME,BALANCED,Q6K00420,100,241880,94,105.824373,"[""FMOD0036"", ""FMOD0004"", ""FMOD0067"", ""FMOD0119"", ""FMOD0029"", ""FMOD0035"", ""FMOD0079"", ""FMOD0120"", ""FMOD0023"", ""FMOD0055""]",1.0,True,94.0
500eq,SYNTHETIC_COMPONENT_VOLUME,BALANCED,Q6K00422,100,241880,93,102.302525,"[""FMOD0053"", ""FMOD0083"", ""FMOD0035"", ""FMOD0082"", ""FMOD0023"", ""FMOD0029"", ""FMOD0021"", ""FMOD0081"", ""FMOD0051"", ""FMOD0030""]",1.0,True,93.0
500eq,SYNTHETIC_COMPONENT_VOLUME,BALANCED,Q6K00423,100,241880,96,104.641742,"[""FMOD0061"", ""FMOD0004"", ""FMOD0086"", ""FMOD0035"", ""FMOD0029"", ""FMOD0010"", ""FMOD0033"", ""FMOD0056"", ""FMOD0014"", ""FMOD0102""]",1.0,True,96.0
500eq,SYNTHETIC_COMPONENT_VOLUME,BALANCED,Q6K00424,100,241880,91,103.551996,"[""FMOD0053"", ""FMOD0102"", ""FMOD0029"", ""FMOD0082"", ""FMOD0039"", ""FMOD0034"", ""FMOD0023"", ""FMOD0035"", ""FMOD0077"", ""FMOD0114""]",1.0,True,91.0
500eq,SYNTHETIC_COMPONENT_VOLUME,BALANCED,Q6K00427,100,241880,88,101.049763,"[""FMOD0005"", ""FMOD0081"", ""FMOD0035"", ""FMOD0082"", ""FMOD0055"", ""FMOD0056"", ""FMOD0043"", ""FMOD0034"", ""FMOD0072"", ""FMOD0002""]",1.0,True,88.0
500eq,SYNTHETIC_COMPONENT_VOLUME,BALANCED,Q6K00435,100,241880,87,105.103314,"[""FMOD0099"", ""FMOD0069"", ""FMOD0029"", ""FMOD0119"", ""FMOD0023"", ""FMOD0035"", ""FMOD0102"", ""FMOD0030"", ""FMOD0120"", ""FMOD0010""]",1.0,True,87.0
500eq,SYNTHETIC_COMPONENT_VOLUME,BALANCED,Q6K00436,100,241880,96,106.136412,"[""FMOD0099"", ""FMOD0044"", ""FMOD0029"", ""FMOD0030"", ""FMOD0035"", ""FMOD0023"", ""FMOD0119"", ""FMOD0036"", ""FMOD0120"", ""FMOD0069""]",1.0,True,96.0
500eq,SYNTHETIC_COMPONENT_VOLUME,BALANCED,Q6K00438,100,241880,86,104.066072,"[""FMOD0022"", ""FMOD0055"", ""FMOD0029"", ""FMOD0081"", ""FMOD0082"", ""FMOD0030"", ""FMOD0039"", ""FMOD0023"", ""FMOD0102"", ""FMOD0069""]",1.0,True,86.0
500eq,SYNTHETIC_COMPONENT_VOLUME,BALANCED,Q6K00442,100,241880,83,99.573934,"[""FMOD0087"", ""FMOD0029"", ""FMOD0081"", ""FMOD0120"", ""FMOD0082"", ""FMOD0056"", ""FMOD0102"", ""FMOD0035"", ""FMOD0079"", ""FMOD0119""]",1.0,True,83.0
500eq,SYNTHETIC_COMPONENT_VOLUME,BALANCED,Q6K00443,100,241880,93,103.815247,"[""FMOD0035"", ""FMOD0011"", ""FMOD0023"", ""FMOD0041"", ""FMOD0082"", ""FMOD0119"", ""FMOD0102"", ""FMOD0114"", ""FMOD0112"", ""FMOD0079""]",1.0,True,93.0
500eq,SYNTHETIC_COMPONENT_VOLUME,BALANCED,Q6K00444,100,241880,92,100.221994,"[""FMOD0003"", ""FMOD0022"", ""FMOD0034"", ""FMOD0069"", ""FMOD0120"", ""FMOD0119"", ""FMOD0079"", ""FMOD0102"", ""FMOD0005"", ""FMOD0078""]",1.0,True,92.0
500eq,SYNTHETIC_COMPONENT_VOLUME,BALANCED,Q6K00446,100,241880,93,105.117077,"[""FMOD0082"", ""FMOD0067"", ""FMOD0060"", ""FMOD0035"", ""FMOD0023"", ""FMOD0101"", ""FMOD0021"", ""FMOD0097"", ""FMOD0022"", ""FMOD0081""]",1.0,True,93.0
500eq,SYNTHETIC_COMPONENT_VOLUME,BALANCED,Q6K00453,100,241880,95,100.673051,"[""FMOD0044"", ""FMOD0079"", ""FMOD0029"", ""FMOD0114"", ""FMOD0119"", ""FMOD0023"", ""FMOD0102"", ""FMOD0120"", ""FMOD0083"", ""FMOD0035""]",1.0,True,95.0
500eq,SYNTHETIC_COMPONENT_VOLUME,BALANCED,Q6K00456,100,241880,93,103.603087,"[""FMOD0004"", ""FMOD0016"", ""FMOD0067"", ""FMOD0113"", ""FMOD0052"", ""FMOD0036"", ""FMOD0114"", ""FMOD0029"", ""FMOD0023"", ""FMOD0035""]",1.0,True,93.0
500eq,SYNTHETIC_COMPONENT_VOLUME,BALANCED,Q6K00458,100,241880,85,105.952554,"[""FMOD0079"", ""FMOD0023"", ""FMOD0016"", ""FMOD0035"", ""FMOD0029"", ""FMOD0030"", ""FMOD0081"", ""FMOD0020"", ""FMOD0102"", ""FMOD0082""]",1.0,False,85.0
500eq,SYNTHETIC_COMPONENT_VOLUME,BALANCED,Q6K00461,100,241880,92,104.927529,"[""FMOD0001"", ""FMOD0003"", ""FMOD0089"", ""FMOD0030"", ""FMOD0035"", ""FMOD0029"", ""FMOD0051"", ""FMOD0120"", ""FMOD0023"", ""FMOD0036""]",1.0,True,92.0
500eq,SYNTHETIC_COMPONENT_VOLUME,BALANCED,Q6K00465,100,241880,98,104.932636,"[""FMOD0083"", ""FMOD0096"", ""FMOD0029"", ""FMOD0023"", ""FMOD0036"", ""FMOD0110"", ""FMOD0119"", ""FMOD0035"", ""FMOD0005"", ""FMOD0120""]",1.0,True,98.0
500eq,SYNTHETIC_COMPONENT_VOLUME,BALANCED,Q6K00470,100,241880,91,104.020111,"[""FMOD0060"", ""FMOD0102"", ""FMOD0029"", ""FMOD0061"", ""FMOD0120"", ""FMOD0119"", ""FMOD0056"", ""FMOD0114"", ""FMOD0069"", ""FMOD0035""]",1.0,True,91.0
500eq,SYNTHETIC_COMPONENT_VOLUME,BALANCED,Q6K00471,100,241880,91,104.356098,"[""FMOD0025"", ""FMOD0099"", ""FMOD0029"", ""FMOD0024"", ""FMOD0114"", ""FMOD0005"", ""FMOD0014"", ""FMOD0113"", ""FMOD0083"", ""FMOD0120""]",1.0,True,91.0
500eq,SYNTHETIC_COMPONENT_VOLUME,BALANCED,Q6K00473,100,241880,97,108.54634,"[""FMOD0086"", ""FMOD0079"", ""FMOD0056"", ""FMOD0078"", ""FMOD0097"", ""FMOD0036"", ""FMOD0117"", ""FMOD0083"", ""FMOD0119"", ""FMOD0114""]",1.0,True,97.0
500eq,SYNTHETIC_COMPONENT_VOLUME,BALANCED,Q6K00479,100,241880,89,105.21435,"[""FMOD0066"", ""FMOD0022"", ""FMOD0034"", ""FMOD0082"", ""FMOD0023"", ""FMOD0035"", ""FMOD0079"", ""FMOD0036"", ""FMOD0029"", ""FMOD0112""]",1.0,True,89.0
500eq,SYNTHETIC_COMPONENT_VOLUME,BALANCED,Q6K00481,100,241880,94,102.737484,"[""FMOD0035"", ""FMOD0023"", ""FMOD0051"", ""FMOD0081"", ""FMOD0029"", ""FMOD0119"", ""FMOD0102"", ""FMOD0082"", ""FMOD0120"", ""FMOD0036""]",1.0,True,94.0
500eq,SYNTHETIC_COMPONENT_VOLUME,BALANCED,Q6K00484,100,241880,84,104.286954,"[""FMOD0029"", ""FMOD0035"", ""FMOD0030"", ""FMOD0023"", ""FMOD0119"", ""FMOD0082"", ""FMOD0051"", ""FMOD0120"", ""FMOD0016"", ""FMOD0069""]",1.0,True,84.0
500eq,SYNTHETIC_COMPONENT_VOLUME,BALANCED,Q6K00485,100,241880,91,104.312111,"[""FMOD0069"", ""FMOD0035"", ""FMOD0023"", ""FMOD0119"", ""FMOD0029"", ""FMOD0056"", ""FMOD0036"", ""FMOD0112"", ""FMOD0067"", ""FMOD0078""]",1.0,True,91.0
500eq,SYNTHETIC_COMPONENT_VOLUME,BALANCED,Q6K00489,100,241880,91,101.29021,"[""FMOD0080"", ""FMOD0086"", ""FMOD0015"", ""FMOD0107"", ""FMOD0029"", ""FMOD0023"", ""FMOD0119"", ""FMOD0030"", ""FMOD0102"", ""FMOD0069""]",1.0,True,91.0
500eq,SYNTHETIC_COMPONENT_VOLUME,BALANCED,Q6K00495,100,241880,99,102.537059,"[""FMOD0083"", ""FMOD0096"", ""FMOD0029"", ""FMOD0023"", ""FMOD0119"", ""FMOD0035"", ""FMOD0110"", ""FMOD0069"", ""FMOD0036"", ""FMOD0030""]",1.0,True,99.0
500eq,SYNTHETIC_COMPONENT_VOLUME,BALANCED,Q6K00498,100,241880,94,104.990211,"[""FMOD0055"", ""FMOD0023"", ""FMOD0069"", ""FMOD0082"", ""FMOD0025"", ""FMOD0100"", ""FMOD0029"", ""FMOD0035"", ""FMOD0102"", ""FMOD0036""]",1.0,False,94.0
500eq,SYNTHETIC_COMPONENT_VOLUME,BALANCED,Q6K00507,100,241880,88,101.636358,"[""FMOD0082"", ""FMOD0039"", ""FMOD0034"", ""FMOD0023"", ""FMOD0035"", ""FMOD0065"", ""FMOD0016"", ""FMOD0059"", ""FMOD0021"", ""FMOD0030""]",1.0,True,88.0
500eq,SYNTHETIC_COMPONENT_VOLUME,BALANCED,Q6K00511,100,241880,92,104.77149,"[""FMOD0010"", ""FMOD0030"", ""FMOD0041"", ""FMOD0055"", ""FMOD0029"", ""FMOD0083"", ""FMOD0045"", ""FMOD0025"", ""FMOD0079"", ""FMOD0102""]",1.0,True,92.0
500eq,SYNTHETIC_COMPONENT_VOLUME,BALANCED,Q6K00512,100,241880,95,103.371565,"[""FMOD0035"", ""FMOD0023"", ""FMOD0119"", ""FMOD0029"", ""FMOD0110"", ""FMOD0108"", ""FMOD0036"", ""FMOD0042"", ""FMOD0107"", ""FMOD0060""]",1.0,True,95.0
500eq,SYNTHETIC_COMPONENT_VOLUME,BALANCED,Q6K00513,100,241880,98,104.706915,"[""FMOD0029"", ""FMOD0110"", ""FMOD0056"", ""FMOD0023"", ""FMOD0083"", ""FMOD0119"", ""FMOD0112"", ""FMOD0036"", ""FMOD0078"", ""FMOD0114""]",1.0,True,98.0
500eq,SYNTHETIC_COMPONENT_VOLUME,BALANCED,Q6K00517,100,241880,88,106.698238,"[""FMOD0082"", ""FMOD0021"", ""FMOD0081"", ""FMOD0039"", ""FMOD0034"", ""FMOD0029"", ""FMOD0023"", ""FMOD0119"", ""FMOD0102"", ""FMOD0051""]",1.0,True,88.0
500eq,SYNTHETIC_COMPONENT_VOLUME,BALANCED,Q6K00518,100,241880,90,104.781827,"[""FMOD0029"", ""FMOD0035"", ""FMOD0102"", ""FMOD0119"", ""FMOD0110"", ""FMOD0096"", ""FMOD0114"", ""FMOD0108"", ""FMOD0018"", ""FMOD0010""]",1.0,True,90.0
500eq,SYNTHETIC_COMPONENT_VOLUME,BALANCED,Q6K00523,100,241880,89,104.764328,"[""FMOD0082"", ""FMOD0081"", ""FMOD0039"", ""FMOD0034"", ""FMOD0029"", ""FMOD0035"", ""FMOD0119"", ""FMOD0023"", ""FMOD0102"", ""FMOD0051""]",1.0,True,89.0
500eq,SYNTHETIC_COMPONENT_VOLUME,BALANCED,Q6K00528,100,241880,93,103.119957,"[""FMOD0035"", ""FMOD0023"", ""FMOD0051"", ""FMOD0081"", ""FMOD0029"", ""FMOD0079"", ""FMOD0119"", ""FMOD0082"", ""FMOD0005"", ""FMOD0030""]",1.0,True,93.0
500eq,SYNTHETIC_COMPONENT_VOLUME,BALANCED,Q6K00530,100,241880,88,106.001132,"[""FMOD0069"", ""FMOD0035"", ""FMOD0023"", ""FMOD0029"", ""FMOD0119"", ""FMOD0056"", ""FMOD0036"", ""FMOD0112"", ""FMOD0067"", ""FMOD0078""]",1.0,True,88.0
500eq,SYNTHETIC_COMPONENT_VOLUME,BALANCED,Q6K00531,100,241880,87,101.062651,"[""FMOD0082"", ""FMOD0081"", ""FMOD0029"", ""FMOD0035"", ""FMOD0023"", ""FMOD0119"", ""FMOD0034"", ""FMOD0102"", ""FMOD0030"", ""FMOD0065""]",1.0,True,87.0
500eq,SYNTHETIC_COMPONENT_VOLUME,BALANCED,Q6K00533,100,241880,91,105.391934,"[""FMOD0029"", ""FMOD0119"", ""FMOD0023"", ""FMOD0030"", ""FMOD0036"", ""FMOD0035"", ""FMOD0114"", ""FMOD0102"", ""FMOD0120"", ""FMOD0110""]",1.0,True,91.0
500eq,SYNTHETIC_COMPONENT_VOLUME,BALANCED,Q6K00535,100,241880,93,90.48678,"[""FMOD0035"", ""FMOD0118"", ""FMOD0102"", ""FMOD0069"", ""FMOD0029"", ""FMOD0030"", ""FMOD0036"", ""FMOD0079"", ""FMOD0120"", ""FMOD0041""]",1.0,True,93.0
500eq,SYNTHETIC_COMPONENT_VOLUME,BALANCED,Q6K00537,100,241880,93,104.537644,"[""FMOD0055"", ""FMOD0023"", ""FMOD0069"", ""FMOD0025"", ""FMOD0082"", ""FMOD0100"", ""FMOD0029"", ""FMOD0119"", ""FMOD0036"", ""FMOD0035""]",1.0,False,93.0
500eq,SYNTHETIC_COMPONENT_VOLUME,BALANCED,Q6K00538,100,241880,88,101.363487,"[""FMOD0055"", ""FMOD0023"", ""FMOD0069"", ""FMOD0025"", ""FMOD0082"", ""FMOD0100"", ""FMOD0029"", ""FMOD0035"", ""FMOD0114"", ""FMOD0119""]",1.0,True,88.0
500eq,SYNTHETIC_COMPONENT_VOLUME,HIGH_RECALL,Q6K00183,100,241880,100,103.214403,"[""FMOD0023"", ""FMOD0029"", ""FMOD0081"", ""FMOD0036"", ""FMOD0114"", ""FMOD0119"", ""FMOD0035"", ""FMOD0082"", ""FMOD0030"", ""FMOD0120""]",1.0,True,100.0
500eq,SYNTHETIC_COMPONENT_VOLUME,HIGH_RECALL,Q6K00184,100,241880,99,102.319558,"[""FMOD0004"", ""FMOD0067"", ""FMOD0113"", ""FMOD0052"", ""FMOD0036"", ""FMOD0114"", ""FMOD0056"", ""FMOD0101"", ""FMOD0110"", ""FMOD0081""]",1.0,True,99.0
500eq,SYNTHETIC_COMPONENT_VOLUME,HIGH_RECALL,Q6K00193,100,241880,100,104.197897,"[""FMOD0025"", ""FMOD0069"", ""FMOD0023"", ""FMOD0029"", ""FMOD0056"", ""FMOD0055"", ""FMOD0114"", ""FMOD0078"", ""FMOD0096"", ""FMOD0080""]",1.0,True,100.0
500eq,SYNTHETIC_COMPONENT_VOLUME,HIGH_RECALL,Q6K00195,100,241880,99,103.637881,"[""FMOD0061"", ""FMOD0083"", ""FMOD0029"", ""FMOD0056"", ""FMOD0102"", ""FMOD0091"", ""FMOD0023"", ""FMOD0081"", ""FMOD0114"", ""FMOD0030""]",1.0,True,99.0
500eq,SYNTHETIC_COMPONENT_VOLUME,HIGH_RECALL,Q6K00197,100,241880,100,103.613065,"[""FMOD0069"", ""FMOD0029"", ""FMOD0102"", ""FMOD0114"", ""FMOD0030"", ""FMOD0119"", ""FMOD0005"", ""FMOD0120"", ""FMOD0033"", ""FMOD0036""]",1.0,True,100.0
500eq,SYNTHETIC_COMPONENT_VOLUME,HIGH_RECALL,Q6K00199,100,241880,100,103.653989,"[""FMOD0067"", ""FMOD0069"", ""FMOD0029"", ""FMOD0102"", ""FMOD0119"", ""FMOD0056"", ""FMOD0120"", ""FMOD0030"", ""FMOD0026"", ""FMOD0023""]",1.0,True,100.0
500eq,SYNTHETIC_COMPONENT_VOLUME,HIGH_RECALL,Q6K00200,100,241880,99,106.737068,"[""FMOD0051"", ""FMOD0023"", ""FMOD0029"", ""FMOD0035"", ""FMOD0016"", ""FMOD0081"", ""FMOD0120"", ""FMOD0082"", ""FMOD0079"", ""FMOD0020""]",1.0,True,99.0
500eq,SYNTHETIC_COMPONENT_VOLUME,HIGH_RECALL,Q6K00201,100,241880,100,103.058909,"[""FMOD0066"", ""FMOD0055"", ""FMOD0030"", ""FMOD0029"", ""FMOD0010"", ""FMOD0041"", ""FMOD0036"", ""FMOD0102"", ""FMOD0112"", ""FMOD0120""]",1.0,True,100.0
500eq,SYNTHETIC_COMPONENT_VOLUME,HIGH_RECALL,Q6K00205,100,241880,100,104.919272,"[""FMOD0051"", ""FMOD0023"", ""FMOD0035"", ""FMOD0020"", ""FMOD0016"", ""FMOD0081"", ""FMOD0119"", ""FMOD0029"", ""FMOD0065"", ""FMOD0114""]",1.0,True,100.0
500eq,SYNTHETIC_COMPONENT_VOLUME,HIGH_RECALL,Q6K00206,100,241880,100,103.239188,"[""FMOD0016"", ""FMOD0102"", ""FMOD0031"", ""FMOD0029"", ""FMOD0023"", ""FMOD0035"", ""FMOD0082"", ""FMOD0065"", ""FMOD0114"", ""FMOD0033""]",1.0,True,100.0
500eq,SYNTHETIC_COMPONENT_VOLUME,HIGH_RECALL,Q6K00207,100,241880,99,103.499256,"[""FMOD0023"", ""FMOD0029"", ""FMOD0035"", ""FMOD0120"", ""FMOD0102"", ""FMOD0069"", ""FMOD0119"", ""FMOD0077"", ""FMOD0082"", ""FMOD0110""]",1.0,True,99.0
500eq,SYNTHETIC_COMPONENT_VOLUME,HIGH_RECALL,Q6K00208,100,241880,100,104.820476,"[""FMOD0102"", ""FMOD0079"", ""FMOD0023"", ""FMOD0030"", ""FMOD0029"", ""FMOD0055"", ""FMOD0035"", ""FMOD0082"", ""FMOD0036"", ""FMOD0014""]",1.0,True,100.0
500eq,SYNTHETIC_COMPONENT_VOLUME,HIGH_RECALL,Q6K00212,100,241880,99,104.855213,"[""FMOD0060"", ""FMOD0029"", ""FMOD0023"", ""FMOD0082"", ""FMOD0075"", ""FMOD0096"", ""FMOD0102"", ""FMOD0056"", ""FMOD0036"", ""FMOD0081""]",1.0,True,99.0
500eq,SYNTHETIC_COMPONENT_VOLUME,HIGH_RECALL,Q6K00216,100,241880,99,105.933991,"[""FMOD0016"", ""FMOD0029"", ""FMOD0035"", ""FMOD0023"", ""FMOD0081"", ""FMOD0079"", ""FMOD0119"", ""FMOD0102"", ""FMOD0114"", ""FMOD0056""]",1.0,True,99.0
500eq,SYNTHETIC_COMPONENT_VOLUME,HIGH_RECALL,Q6K00227,100,241880,99,104.119037,"[""FMOD0096"", ""FMOD0029"", ""FMOD0023"", ""FMOD0120"", ""FMOD0119"", ""FMOD0035"", ""FMOD0056"", ""FMOD0113"", ""FMOD0069"", ""FMOD0025""]",1.0,True,99.0
500eq,SYNTHETIC_COMPONENT_VOLUME,HIGH_RECALL,Q6K00232,100,241880,100,103.745117,"[""FMOD0060"", ""FMOD0029"", ""FMOD0023"", ""FMOD0086"", ""FMOD0056"", ""FMOD0043"", ""FMOD0110"", ""FMOD0044"", ""FMOD0036"", ""FMOD0075""]",1.0,True,100.0
500eq,SYNTHETIC_COMPONENT_VOLUME,HIGH_RECALL,Q6K00235,100,241880,99,103.364394,"[""FMOD0096"", ""FMOD0114"", ""FMOD0029"", ""FMOD0120"", ""FMOD0119"", ""FMOD0023"", ""FMOD0035"", ""FMOD0056"", ""FMOD0069"", ""FMOD0030""]",1.0,True,99.0
500eq,SYNTHETIC_COMPONENT_VOLUME,HIGH_RECALL,Q6K00236,100,241880,99,103.672897,"[""FMOD0036"", ""FMOD0119"", ""FMOD0079"", ""FMOD0120"", ""FMOD0056"", ""FMOD0086"", ""FMOD0082"", ""FMOD0091"", ""FMOD0029"", ""FMOD0102""]",1.0,True,99.0
500eq,SYNTHETIC_COMPONENT_VOLUME,HIGH_RECALL,Q6K00237,100,241880,100,102.229306,"[""FMOD0067"", ""FMOD0029"", ""FMOD0119"", ""FMOD0120"", ""FMOD0023"", ""FMOD0102"", ""FMOD0056"", ""FMOD0082"", ""FMOD0110"", ""FMOD0069""]",1.0,True,100.0
500eq,SYNTHETIC_COMPONENT_VOLUME,HIGH_RECALL,Q6K00240,100,241880,100,103.760417,"[""FMOD0069"", ""FMOD0029"", ""FMOD0110"", ""FMOD0104"", ""FMOD0035"", ""FMOD0119"", ""FMOD0043"", ""FMOD0023"", ""FMOD0102"", ""FMOD0083""]",1.0,True,100.0
500eq,SYNTHETIC_COMPONENT_VOLUME,HIGH_RECALL,Q6K00247,100,241880,100,103.635553,"[""FMOD0069"", ""FMOD0060"", ""FMOD0119"", ""FMOD0029"", ""FMOD0023"", ""FMOD0083"", ""FMOD0025"", ""FMOD0110"", ""FMOD0079"", ""FMOD0003""]",1.0,True,100.0
500eq,SYNTHETIC_COMPONENT_VOLUME,HIGH_RECALL,Q6K00251,100,241880,100,103.464966,"[""FMOD0044"", ""FMOD0067"", ""FMOD0119"", ""FMOD0029"", ""FMOD0023"", ""FMOD0120"", ""FMOD0113"", ""FMOD0086"", ""FMOD0035"", ""FMOD0030""]",1.0,True,100.0
500eq,SYNTHETIC_COMPONENT_VOLUME,HIGH_RECALL,Q6K00252,100,241880,99,103.074049,"[""FMOD0043"", ""FMOD0086"", ""FMOD0035"", ""FMOD0023"", ""FMOD0102"", ""FMOD0029"", ""FMOD0096"", ""FMOD0069"", ""FMOD0079"", ""FMOD0024""]",1.0,True,99.0
500eq,SYNTHETIC_COMPONENT_VOLUME,HIGH_RECALL,Q6K00258,100,241880,100,104.029345,"[""FMOD0096"", ""FMOD0001"", ""FMOD0029"", ""FMOD0041"", ""FMOD0035"", ""FMOD0030"", ""FMOD0056"", ""FMOD0120"", ""FMOD0069"", ""FMOD0119""]",1.0,True,100.0
500eq,SYNTHETIC_COMPONENT_VOLUME,HIGH_RECALL,Q6K00259,100,241880,99,103.499577,"[""FMOD0043"", ""FMOD0089"", ""FMOD0035"", ""FMOD0102"", ""FMOD0096"", ""FMOD0023"", ""FMOD0029"", ""FMOD0069"", ""FMOD0079"", ""FMOD0024""]",1.0,True,99.0
500eq,SYNTHETIC_COMPONENT_VOLUME,HIGH_RECALL,Q6K00262,100,241880,100,104.303307,"[""FMOD0069"", ""FMOD0060"", ""FMOD0023"", ""FMOD0025"", ""FMOD0055"", ""FMOD0082"", ""FMOD0100"", ""FMOD0029"", ""FMOD0102"", ""FMOD0119""]",1.0,True,100.0
500eq,SYNTHETIC_COMPONENT_VOLUME,HIGH_RECALL,Q6K00264,100,241880,100,104.22762,"[""FMOD0043"", ""FMOD0066"", ""FMOD0035"", ""FMOD0056"", ""FMOD0081"", ""FMOD0082"", ""FMOD0030"", ""FMOD0119"", ""FMOD0023"", ""FMOD0029""]",1.0,True,100.0
500eq,SYNTHETIC_COMPONENT_VOLUME,HIGH_RECALL,Q6K00267,100,241880,100,105.281868,"[""FMOD0022"", ""FMOD0069"", ""FMOD0034"", ""FMOD0082"", ""FMOD0023"", ""FMOD0055"", ""FMOD0025"", ""FMOD0100"", ""FMOD0072"", ""FMOD0035""]",1.0,True,100.0
500eq,SYNTHETIC_COMPONENT_VOLUME,HIGH_RECALL,Q6K00268,100,241880,98,106.941043,"[""FMOD0077"", ""FMOD0050"", ""FMOD0055"", ""FMOD0083"", ""FMOD0005"", ""FMOD0035"", ""FMOD0114"", ""FMOD0029"", ""FMOD0033"", ""FMOD0069""]",1.0,True,98.0
500eq,SYNTHETIC_COMPONENT_VOLUME,HIGH_RECALL,Q6K00271,100,241880,99,104.762465,"[""FMOD0086"", ""FMOD0050"", ""FMOD0044"", ""FMOD0120"", ""FMOD0029"", ""FMOD0036"", ""FMOD0077"", ""FMOD0069"", ""FMOD0102"", ""FMOD0005""]",1.0,True,99.0
500eq,SYNTHETIC_COMPONENT_VOLUME,HIGH_RECALL,Q6K00273,100,241880,99,102.869943,"[""FMOD0023"", ""FMOD0043"", ""FMOD0119"", ""FMOD0079"", ""FMOD0029"", ""FMOD0102"", ""FMOD0056"", ""FMOD0005"", ""FMOD0030"", ""FMOD0075""]",1.0,True,99.0
500eq,SYNTHETIC_COMPONENT_VOLUME,HIGH_RECALL,Q6K00274,100,241880,100,103.834484,"[""FMOD0004"", ""FMOD0044"", ""FMOD0067"", ""FMOD0113"", ""FMOD0052"", ""FMOD0036"", ""FMOD0114"", ""FMOD0056"", ""FMOD0110"", ""FMOD0035""]",1.0,True,100.0
500eq,SYNTHETIC_COMPONENT_VOLUME,HIGH_RECALL,Q6K00275,100,241880,98,103.127422,"[""FMOD0086"", ""FMOD0074"", ""FMOD0050"", ""FMOD0029"", ""FMOD0056"", ""FMOD0102"", ""FMOD0035"", ""FMOD0024"", ""FMOD0114"", ""FMOD0043""]",1.0,True,98.0
500eq,SYNTHETIC_COMPONENT_VOLUME,HIGH_RECALL,Q6K00283,100,241880,99,104.50623,"[""FMOD0036"", ""FMOD0035"", ""FMOD0029"", ""FMOD0023"", ""FMOD0120"", ""FMOD0119"", ""FMOD0079"", ""FMOD0102"", ""FMOD0069"", ""FMOD0082""]",1.0,True,99.0
500eq,SYNTHETIC_COMPONENT_VOLUME,HIGH_RECALL,Q6K00287,100,241880,100,103.673194,"[""FMOD0003"", ""FMOD0089"", ""FMOD0004"", ""FMOD0063"", ""FMOD0067"", ""FMOD0014"", ""FMOD0113"", ""FMOD0052"", ""FMOD0036"", ""FMOD0114""]",1.0,True,100.0
500eq,SYNTHETIC_COMPONENT_VOLUME,HIGH_RECALL,Q6K00293,100,241880,100,104.533206,"[""FMOD0074"", ""FMOD0043"", ""FMOD0035"", ""FMOD0029"", ""FMOD0023"", ""FMOD0069"", ""FMOD0102"", ""FMOD0096"", ""FMOD0079"", ""FMOD0024""]",1.0,True,100.0
500eq,SYNTHETIC_COMPONENT_VOLUME,HIGH_RECALL,Q6K00295,100,241880,100,104.617808,"[""FMOD0066"", ""FMOD0043"", ""FMOD0102"", ""FMOD0029"", ""FMOD0023"", ""FMOD0069"", ""FMOD0035"", ""FMOD0096"", ""FMOD0079"", ""FMOD0119""]",1.0,True,100.0
500eq,SYNTHETIC_COMPONENT_VOLUME,HIGH_RECALL,Q6K00296,100,241880,99,104.255417,"[""FMOD0060"", ""FMOD0066"", ""FMOD0029"", ""FMOD0102"", ""FMOD0056"", ""FMOD0035"", ""FMOD0010"", ""FMOD0110"", ""FMOD0036"", ""FMOD0055""]",1.0,True,99.0
500eq,SYNTHETIC_COMPONENT_VOLUME,HIGH_RECALL,Q6K00298,100,241880,99,104.452209,"[""FMOD0074"", ""FMOD0036"", ""FMOD0079"", ""FMOD0119"", ""FMOD0120"", ""FMOD0017"", ""FMOD0091"", ""FMOD0056"", ""FMOD0023"", ""FMOD0083""]",1.0,True,99.0
500eq,SYNTHETIC_COMPONENT_VOLUME,HIGH_RECALL,Q6K00299,100,241880,99,103.478918,"[""FMOD0040"", ""FMOD0089"", ""FMOD0029"", ""FMOD0035"", ""FMOD0079"", ""FMOD0081"", ""FMOD0030"", ""FMOD0055"", ""FMOD0023"", ""FMOD0056""]",1.0,True,99.0
500eq,SYNTHETIC_COMPONENT_VOLUME,HIGH_RECALL,Q6K00304,100,241880,99,104.364077,"[""FMOD0077"", ""FMOD0083"", ""FMOD0087"", ""FMOD0023"", ""FMOD0069"", ""FMOD0056"", ""FMOD0020"", ""FMOD0055"", ""FMOD0102"", ""FMOD0025""]",1.0,True,99.0
500eq,SYNTHETIC_COMPONENT_VOLUME,HIGH_RECALL,Q6K00310,100,241880,100,103.863332,"[""FMOD0074"", ""FMOD0005"", ""FMOD0022"", ""FMOD0034"", ""FMOD0035"", ""FMOD0053"", ""FMOD0114"", ""FMOD0029"", ""FMOD0033"", ""FMOD0023""]",1.0,True,100.0
500eq,SYNTHETIC_COMPONENT_VOLUME,HIGH_RECALL,Q6K00313,100,241880,99,104.234308,"[""FMOD0061"", ""FMOD0069"", ""FMOD0083"", ""FMOD0066"", ""FMOD0114"", ""FMOD0029"", ""FMOD0036"", ""FMOD0033"", ""FMOD0030"", ""FMOD0120""]",1.0,True,99.0
500eq,SYNTHETIC_COMPONENT_VOLUME,HIGH_RECALL,Q6K00317,100,241880,100,103.814082,"[""FMOD0061"", ""FMOD0089"", ""FMOD0096"", ""FMOD0036"", ""FMOD0029"", ""FMOD0079"", ""FMOD0035"", ""FMOD0055"", ""FMOD0083"", ""FMOD0110""]",1.0,True,100.0
500eq,SYNTHETIC_COMPONENT_VOLUME,HIGH_RECALL,Q6K00318,100,241880,100,104.120506,"[""FMOD0086"", ""FMOD0004"", ""FMOD0050"", ""FMOD0082"", ""FMOD0067"", ""FMOD0035"", ""FMOD0114"", ""FMOD0053"", ""FMOD0081"", ""FMOD0110""]",1.0,True,100.0
500eq,SYNTHETIC_COMPONENT_VOLUME,HIGH_RECALL,Q6K00325,100,241880,99,104.001246,"[""FMOD0086"", ""FMOD0023"", ""FMOD0050"", ""FMOD0044"", ""FMOD0029"", ""FMOD0035"", ""FMOD0030"", ""FMOD0069"", ""FMOD0043"", ""FMOD0082""]",1.0,True,99.0
500eq,SYNTHETIC_COMPONENT_VOLUME,HIGH_RECALL,Q6K00326,100,241880,99,103.423293,"[""FMOD0099"", ""FMOD0055"", ""FMOD0066"", ""FMOD0036"", ""FMOD0010"", ""FMOD0102"", ""FMOD0056"", ""FMOD0112"", ""FMOD0029"", ""FMOD0023""]",1.0,True,99.0
500eq,SYNTHETIC_COMPONENT_VOLUME,HIGH_RECALL,Q6K00327,100,241880,97,105.309764,"[""FMOD0016"", ""FMOD0051"", ""FMOD0055"", ""FMOD0114"", ""FMOD0075"", ""FMOD0081"", ""FMOD0035"", ""FMOD0077"", ""FMOD0023"", ""FMOD0029""]",1.0,True,97.0
500eq,SYNTHETIC_COMPONENT_VOLUME,HIGH_RECALL,Q6K00332,100,241880,100,103.031311,"[""FMOD0044"", ""FMOD0035"", ""FMOD0029"", ""FMOD0069"", ""FMOD0030"", ""FMOD0086"", ""FMOD0120"", ""FMOD0119"", ""FMOD0041"", ""FMOD0050""]",1.0,True,100.0
500eq,SYNTHETIC_COMPONENT_VOLUME,HIGH_RECALL,Q6K00333,100,241880,99,105.410906,"[""FMOD0069"", ""FMOD0044"", ""FMOD0011"", ""FMOD0119"", ""FMOD0029"", ""FMOD0083"", ""FMOD0025"", ""FMOD0079"", ""FMOD0110"", ""FMOD0035""]",1.0,True,99.0
500eq,SYNTHETIC_COMPONENT_VOLUME,HIGH_RECALL,Q6K00336,100,241880,98,105.374966,"[""FMOD0014"", ""FMOD0023"", ""FMOD0079"", ""FMOD0035"", ""FMOD0082"", ""FMOD0081"", ""FMOD0029"", ""FMOD0120"", ""FMOD0119"", ""FMOD0102""]",1.0,True,98.0
500eq,SYNTHETIC_COMPONENT_VOLUME,HIGH_RECALL,Q6K00338,100,241880,99,104.386894,"[""FMOD0074"", ""FMOD0067"", ""FMOD0003"", ""FMOD0056"", ""FMOD0029"", ""FMOD0119"", ""FMOD0035"", ""FMOD0081"", ""FMOD0004"", ""FMOD0082""]",1.0,True,99.0
500eq,SYNTHETIC_COMPONENT_VOLUME,HIGH_RECALL,Q6K00340,100,241880,99,104.809768,"[""FMOD0025"", ""FMOD0011"", ""FMOD0089"", ""FMOD0029"", ""FMOD0023"", ""FMOD0030"", ""FMOD0069"", ""FMOD0035"", ""FMOD0119"", ""FMOD0041""]",1.0,True,99.0
500eq,SYNTHETIC_COMPONENT_VOLUME,HIGH_RECALL,Q6K00342,100,241880,99,103.828812,"[""FMOD0087"", ""FMOD0053"", ""FMOD0114"", ""FMOD0023"", ""FMOD0052"", ""FMOD0040"", ""FMOD0069"", ""FMOD0029"", ""FMOD0002"", ""FMOD0056""]",1.0,True,99.0
500eq,SYNTHETIC_COMPONENT_VOLUME,HIGH_RECALL,Q6K00343,100,241880,100,104.577732,"[""FMOD0087"", ""FMOD0016"", ""FMOD0041"", ""FMOD0055"", ""FMOD0030"", ""FMOD0029"", ""FMOD0023"", ""FMOD0081"", ""FMOD0102"", ""FMOD0056""]",1.0,True,100.0
500eq,SYNTHETIC_COMPONENT_VOLUME,HIGH_RECALL,Q6K00344,100,241880,100,102.705159,"[""FMOD0023"", ""FMOD0025"", ""FMOD0043"", ""FMOD0069"", ""FMOD0029"", ""FMOD0030"", ""FMOD0082"", ""FMOD0055"", ""FMOD0035"", ""FMOD0040""]",1.0,True,100.0
500eq,SYNTHETIC_COMPONENT_VOLUME,HIGH_RECALL,Q6K00351,100,241880,99,103.303911,"[""FMOD0005"", ""FMOD0099"", ""FMOD0022"", ""FMOD0034"", ""FMOD0082"", ""FMOD0055"", ""FMOD0029"", ""FMOD0020"", ""FMOD0119"", ""FMOD0030""]",1.0,True,99.0
500eq,SYNTHETIC_COMPONENT_VOLUME,HIGH_RECALL,Q6K00355,100,241880,99,102.944029,"[""FMOD0043"", ""FMOD0023"", ""FMOD0035"", ""FMOD0077"", ""FMOD0016"", ""FMOD0029"", ""FMOD0102"", ""FMOD0119"", ""FMOD0069"", ""FMOD0030""]",1.0,True,99.0
500eq,SYNTHETIC_COMPONENT_VOLUME,HIGH_RECALL,Q6K00359,100,241880,100,104.36511,"[""FMOD0086"", ""FMOD0087"", ""FMOD0044"", ""FMOD0081"", ""FMOD0039"", ""FMOD0056"", ""FMOD0097"", ""FMOD0029"", ""FMOD0079"", ""FMOD0102""]",1.0,True,100.0
500eq,SYNTHETIC_COMPONENT_VOLUME,HIGH_RECALL,Q6K00360,100,241880,100,104.683557,"[""FMOD0066"", ""FMOD0060"", ""FMOD0043"", ""FMOD0082"", ""FMOD0030"", ""FMOD0035"", ""FMOD0081"", ""FMOD0010"", ""FMOD0055"", ""FMOD0112""]",1.0,True,100.0
500eq,SYNTHETIC_COMPONENT_VOLUME,HIGH_RECALL,Q6K00363,100,241880,100,104.810381,"[""FMOD0066"", ""FMOD0029"", ""FMOD0102"", ""FMOD0056"", ""FMOD0119"", ""FMOD0114"", ""FMOD0069"", ""FMOD0120"", ""FMOD0035"", ""FMOD0023""]",1.0,True,100.0
500eq,SYNTHETIC_COMPONENT_VOLUME,HIGH_RECALL,Q6K00365,100,241880,100,102.814534,"[""FMOD0087"", ""FMOD0029"", ""FMOD0035"", ""FMOD0023"", ""FMOD0065"", ""FMOD0016"", ""FMOD0119"", ""FMOD0039"", ""FMOD0036"", ""FMOD0114""]",1.0,True,100.0
500eq,SYNTHETIC_COMPONENT_VOLUME,HIGH_RECALL,Q6K00372,100,241880,99,104.851829,"[""FMOD0023"", ""FMOD0035"", ""FMOD0020"", ""FMOD0016"", ""FMOD0051"", ""FMOD0029"", ""FMOD0030"", ""FMOD0119"", ""FMOD0102"", ""FMOD0069""]",1.0,True,99.0
500eq,SYNTHETIC_COMPONENT_VOLUME,HIGH_RECALL,Q6K00375,100,241880,100,105.650874,"[""FMOD0099"", ""FMOD0023"", ""FMOD0069"", ""FMOD0025"", ""FMOD0055"", ""FMOD0082"", ""FMOD0029"", ""FMOD0083"", ""FMOD0119"", ""FMOD0035""]",1.0,True,100.0
500eq,SYNTHETIC_COMPONENT_VOLUME,HIGH_RECALL,Q6K00377,100,241880,100,103.558147,"[""FMOD0082"", ""FMOD0022"", ""FMOD0023"", ""FMOD0069"", ""FMOD0055"", ""FMOD0025"", ""FMOD0100"", ""FMOD0034"", ""FMOD0029"", ""FMOD0119""]",1.0,True,100.0
500eq,SYNTHETIC_COMPONENT_VOLUME,HIGH_RECALL,Q6K00378,100,241880,100,103.849337,"[""FMOD0010"", ""FMOD0023"", ""FMOD0030"", ""FMOD0041"", ""FMOD0055"", ""FMOD0029"", ""FMOD0083"", ""FMOD0025"", ""FMOD0045"", ""FMOD0079""]",1.0,True,100.0
500eq,SYNTHETIC_COMPONENT_VOLUME,HIGH_RECALL,Q6K00380,100,241880,98,103.745287,"[""FMOD0023"", ""FMOD0029"", ""FMOD0030"", ""FMOD0035"", ""FMOD0082"", ""FMOD0119"", ""FMOD0102"", ""FMOD0110"", ""FMOD0036"", ""FMOD0120""]",1.0,True,98.0
500eq,SYNTHETIC_COMPONENT_VOLUME,HIGH_RECALL,Q6K00384,100,241880,99,104.643177,"[""FMOD0083"", ""FMOD0029"", ""FMOD0069"", ""FMOD0086"", ""FMOD0035"", ""FMOD0120"", ""FMOD0056"", ""FMOD0030"", ""FMOD0119"", ""FMOD0005""]",1.0,True,99.0
500eq,SYNTHETIC_COMPONENT_VOLUME,HIGH_RECALL,Q6K00389,100,241880,99,103.135879,"[""FMOD0055"", ""FMOD0034"", ""FMOD0039"", ""FMOD0065"", ""FMOD0023"", ""FMOD0082"", ""FMOD0035"", ""FMOD0029"", ""FMOD0030"", ""FMOD0079""]",1.0,True,99.0
500eq,SYNTHETIC_COMPONENT_VOLUME,HIGH_RECALL,Q6K00390,100,241880,100,105.353191,"[""FMOD0023"", ""FMOD0102"", ""FMOD0029"", ""FMOD0119"", ""FMOD0120"", ""FMOD0114"", ""FMOD0069"", ""FMOD0035"", ""FMOD0056"", ""FMOD0082""]",1.0,True,100.0
500eq,SYNTHETIC_COMPONENT_VOLUME,HIGH_RECALL,Q6K00393,100,241880,99,104.167962,"[""FMOD0029"", ""FMOD0023"", ""FMOD0102"", ""FMOD0119"", ""FMOD0041"", ""FMOD0120"", ""FMOD0036"", ""FMOD0030"", ""FMOD0053"", ""FMOD0035""]",1.0,True,99.0
500eq,SYNTHETIC_COMPONENT_VOLUME,HIGH_RECALL,Q6K00395,100,241880,99,104.821208,"[""FMOD0053"", ""FMOD0069"", ""FMOD0035"", ""FMOD0023"", ""FMOD0029"", ""FMOD0056"", ""FMOD0119"", ""FMOD0036"", ""FMOD0112"", ""FMOD0004""]",1.0,True,99.0
500eq,SYNTHETIC_COMPONENT_VOLUME,HIGH_RECALL,Q6K00396,100,241880,99,104.335502,"[""FMOD0066"", ""FMOD0035"", ""FMOD0023"", ""FMOD0051"", ""FMOD0081"", ""FMOD0029"", ""FMOD0119"", ""FMOD0036"", ""FMOD0102"", ""FMOD0010""]",1.0,True,99.0
500eq,SYNTHETIC_COMPONENT_VOLUME,HIGH_RECALL,Q6K00400,100,241880,100,106.800655,"[""FMOD0023"", ""FMOD0025"", ""FMOD0035"", ""FMOD0069"", ""FMOD0030"", ""FMOD0055"", ""FMOD0078"", ""FMOD0100"", ""FMOD0036"", ""FMOD0056""]",1.0,True,100.0
500eq,SYNTHETIC_COMPONENT_VOLUME,HIGH_RECALL,Q6K00403,100,241880,100,102.699983,"[""FMOD0035"", ""FMOD0033"", ""FMOD0029"", ""FMOD0119"", ""FMOD0120"", ""FMOD0078"", ""FMOD0024"", ""FMOD0080"", ""FMOD0108"", ""FMOD0102""]",1.0,True,100.0
500eq,SYNTHETIC_COMPONENT_VOLUME,HIGH_RECALL,Q6K00405,100,241880,100,105.320535,"[""FMOD0016"", ""FMOD0102"", ""FMOD0031"", ""FMOD0056"", ""FMOD0029"", ""FMOD0023"", ""FMOD0082"", ""FMOD0035"", ""FMOD0065"", ""FMOD0114""]",1.0,True,100.0
500eq,SYNTHETIC_COMPONENT_VOLUME,HIGH_RECALL,Q6K00407,100,241880,99,104.687153,"[""FMOD0005"", ""FMOD0029"", ""FMOD0120"", ""FMOD0069"", ""FMOD0102"", ""FMOD0030"", ""FMOD0079"", ""FMOD0119"", ""FMOD0023"", ""FMOD0020""]",1.0,True,99.0
500eq,SYNTHETIC_COMPONENT_VOLUME,HIGH_RECALL,Q6K00410,100,241880,99,103.95867,"[""FMOD0005"", ""FMOD0030"", ""FMOD0023"", ""FMOD0035"", ""FMOD0055"", ""FMOD0029"", ""FMOD0082"", ""FMOD0089"", ""FMOD0024"", ""FMOD0113""]",1.0,True,99.0
500eq,SYNTHETIC_COMPONENT_VOLUME,HIGH_RECALL,Q6K00417,100,241880,100,104.230029,"[""FMOD0051"", ""FMOD0082"", ""FMOD0081"", ""FMOD0102"", ""FMOD0035"", ""FMOD0067"", ""FMOD0021"", ""FMOD0114"", ""FMOD0065"", ""FMOD0119""]",1.0,True,100.0
500eq,SYNTHETIC_COMPONENT_VOLUME,HIGH_RECALL,Q6K00420,100,241880,99,103.535979,"[""FMOD0036"", ""FMOD0004"", ""FMOD0067"", ""FMOD0119"", ""FMOD0029"", ""FMOD0035"", ""FMOD0079"", ""FMOD0120"", ""FMOD0023"", ""FMOD0055""]",1.0,True,99.0
500eq,SYNTHETIC_COMPONENT_VOLUME,HIGH_RECALL,Q6K00422,100,241880,99,105.152282,"[""FMOD0053"", ""FMOD0083"", ""FMOD0035"", ""FMOD0082"", ""FMOD0023"", ""FMOD0029"", ""FMOD0021"", ""FMOD0081"", ""FMOD0051"", ""FMOD0030""]",1.0,True,99.0
500eq,SYNTHETIC_COMPONENT_VOLUME,HIGH_RECALL,Q6K00423,100,241880,99,104.538903,"[""FMOD0061"", ""FMOD0004"", ""FMOD0086"", ""FMOD0035"", ""FMOD0029"", ""FMOD0010"", ""FMOD0033"", ""FMOD0056"", ""FMOD0014"", ""FMOD0102""]",1.0,True,99.0
500eq,SYNTHETIC_COMPONENT_VOLUME,HIGH_RECALL,Q6K00424,100,241880,99,104.708409,"[""FMOD0053"", ""FMOD0102"", ""FMOD0029"", ""FMOD0082"", ""FMOD0039"", ""FMOD0034"", ""FMOD0023"", ""FMOD0035"", ""FMOD0077"", ""FMOD0114""]",1.0,True,99.0
500eq,SYNTHETIC_COMPONENT_VOLUME,HIGH_RECALL,Q6K00427,100,241880,99,107.840207,"[""FMOD0005"", ""FMOD0081"", ""FMOD0035"", ""FMOD0082"", ""FMOD0055"", ""FMOD0056"", ""FMOD0043"", ""FMOD0034"", ""FMOD0072"", ""FMOD0002""]",1.0,True,99.0
500eq,SYNTHETIC_COMPONENT_VOLUME,HIGH_RECALL,Q6K00435,100,241880,100,104.431872,"[""FMOD0099"", ""FMOD0069"", ""FMOD0029"", ""FMOD0119"", ""FMOD0023"", ""FMOD0035"", ""FMOD0102"", ""FMOD0030"", ""FMOD0120"", ""FMOD0010""]",1.0,True,100.0
500eq,SYNTHETIC_COMPONENT_VOLUME,HIGH_RECALL,Q6K00436,100,241880,100,105.603301,"[""FMOD0099"", ""FMOD0044"", ""FMOD0029"", ""FMOD0030"", ""FMOD0035"", ""FMOD0023"", ""FMOD0119"", ""FMOD0036"", ""FMOD0120"", ""FMOD0069""]",1.0,True,100.0
500eq,SYNTHETIC_COMPONENT_VOLUME,HIGH_RECALL,Q6K00438,100,241880,98,103.464262,"[""FMOD0022"", ""FMOD0055"", ""FMOD0029"", ""FMOD0081"", ""FMOD0082"", ""FMOD0030"", ""FMOD0039"", ""FMOD0023"", ""FMOD0102"", ""FMOD0069""]",1.0,True,98.0
500eq,SYNTHETIC_COMPONENT_VOLUME,HIGH_RECALL,Q6K00442,100,241880,100,103.531215,"[""FMOD0087"", ""FMOD0029"", ""FMOD0081"", ""FMOD0120"", ""FMOD0082"", ""FMOD0056"", ""FMOD0102"", ""FMOD0035"", ""FMOD0079"", ""FMOD0119""]",1.0,True,100.0
500eq,SYNTHETIC_COMPONENT_VOLUME,HIGH_RECALL,Q6K00443,100,241880,100,103.284232,"[""FMOD0035"", ""FMOD0011"", ""FMOD0023"", ""FMOD0041"", ""FMOD0082"", ""FMOD0119"", ""FMOD0102"", ""FMOD0114"", ""FMOD0112"", ""FMOD0079""]",1.0,True,100.0
500eq,SYNTHETIC_COMPONENT_VOLUME,HIGH_RECALL,Q6K00444,100,241880,99,105.069852,"[""FMOD0003"", ""FMOD0022"", ""FMOD0034"", ""FMOD0069"", ""FMOD0120"", ""FMOD0119"", ""FMOD0079"", ""FMOD0102"", ""FMOD0005"", ""FMOD0078""]",1.0,True,99.0
500eq,SYNTHETIC_COMPONENT_VOLUME,HIGH_RECALL,Q6K00446,100,241880,98,104.57518,"[""FMOD0082"", ""FMOD0067"", ""FMOD0060"", ""FMOD0035"", ""FMOD0023"", ""FMOD0101"", ""FMOD0021"", ""FMOD0097"", ""FMOD0022"", ""FMOD0081""]",1.0,True,98.0
500eq,SYNTHETIC_COMPONENT_VOLUME,HIGH_RECALL,Q6K00453,100,241880,100,104.247541,"[""FMOD0044"", ""FMOD0079"", ""FMOD0029"", ""FMOD0114"", ""FMOD0119"", ""FMOD0023"", ""FMOD0102"", ""FMOD0120"", ""FMOD0083"", ""FMOD0035""]",1.0,True,100.0
500eq,SYNTHETIC_COMPONENT_VOLUME,HIGH_RECALL,Q6K00456,100,241880,100,104.583286,"[""FMOD0004"", ""FMOD0016"", ""FMOD0067"", ""FMOD0113"", ""FMOD0052"", ""FMOD0036"", ""FMOD0114"", ""FMOD0029"", ""FMOD0023"", ""FMOD0035""]",1.0,True,100.0
500eq,SYNTHETIC_COMPONENT_VOLUME,HIGH_RECALL,Q6K00458,100,241880,100,104.809557,"[""FMOD0079"", ""FMOD0023"", ""FMOD0016"", ""FMOD0035"", ""FMOD0030"", ""FMOD0029"", ""FMOD0081"", ""FMOD0020"", ""FMOD0102"", ""FMOD0082""]",1.0,True,100.0
500eq,SYNTHETIC_COMPONENT_VOLUME,HIGH_RECALL,Q6K00461,100,241880,99,104.579697,"[""FMOD0001"", ""FMOD0003"", ""FMOD0089"", ""FMOD0030"", ""FMOD0035"", ""FMOD0029"", ""FMOD0051"", ""FMOD0120"", ""FMOD0023"", ""FMOD0036""]",1.0,True,99.0
500eq,SYNTHETIC_COMPONENT_VOLUME,HIGH_RECALL,Q6K00465,100,241880,100,103.708113,"[""FMOD0083"", ""FMOD0096"", ""FMOD0029"", ""FMOD0023"", ""FMOD0036"", ""FMOD0110"", ""FMOD0119"", ""FMOD0035"", ""FMOD0005"", ""FMOD0120""]",1.0,True,100.0
500eq,SYNTHETIC_COMPONENT_VOLUME,HIGH_RECALL,Q6K00470,100,241880,98,102.993215,"[""FMOD0060"", ""FMOD0102"", ""FMOD0029"", ""FMOD0061"", ""FMOD0120"", ""FMOD0119"", ""FMOD0056"", ""FMOD0114"", ""FMOD0069"", ""FMOD0035""]",1.0,True,98.0
500eq,SYNTHETIC_COMPONENT_VOLUME,HIGH_RECALL,Q6K00471,100,241880,99,103.843793,"[""FMOD0025"", ""FMOD0099"", ""FMOD0029"", ""FMOD0024"", ""FMOD0114"", ""FMOD0005"", ""FMOD0014"", ""FMOD0113"", ""FMOD0083"", ""FMOD0120""]",1.0,True,99.0
500eq,SYNTHETIC_COMPONENT_VOLUME,HIGH_RECALL,Q6K00473,100,241880,100,104.131831,"[""FMOD0086"", ""FMOD0079"", ""FMOD0056"", ""FMOD0078"", ""FMOD0097"", ""FMOD0036"", ""FMOD0117"", ""FMOD0083"", ""FMOD0119"", ""FMOD0114""]",1.0,True,100.0
500eq,SYNTHETIC_COMPONENT_VOLUME,HIGH_RECALL,Q6K00479,100,241880,99,103.173575,"[""FMOD0066"", ""FMOD0022"", ""FMOD0034"", ""FMOD0082"", ""FMOD0023"", ""FMOD0035"", ""FMOD0079"", ""FMOD0036"", ""FMOD0029"", ""FMOD0112""]",1.0,True,99.0
500eq,SYNTHETIC_COMPONENT_VOLUME,HIGH_RECALL,Q6K00481,100,241880,99,104.239022,"[""FMOD0035"", ""FMOD0023"", ""FMOD0051"", ""FMOD0081"", ""FMOD0029"", ""FMOD0119"", ""FMOD0102"", ""FMOD0082"", ""FMOD0120"", ""FMOD0036""]",1.0,True,99.0
500eq,SYNTHETIC_COMPONENT_VOLUME,HIGH_RECALL,Q6K00484,100,241880,99,104.251903,"[""FMOD0029"", ""FMOD0035"", ""FMOD0030"", ""FMOD0023"", ""FMOD0119"", ""FMOD0082"", ""FMOD0051"", ""FMOD0120"", ""FMOD0016"", ""FMOD0069""]",1.0,True,99.0
500eq,SYNTHETIC_COMPONENT_VOLUME,HIGH_RECALL,Q6K00485,100,241880,98,105.534297,"[""FMOD0069"", ""FMOD0035"", ""FMOD0023"", ""FMOD0119"", ""FMOD0029"", ""FMOD0056"", ""FMOD0036"", ""FMOD0112"", ""FMOD0067"", ""FMOD0078""]",1.0,True,98.0
500eq,SYNTHETIC_COMPONENT_VOLUME,HIGH_RECALL,Q6K00489,100,241880,99,103.892386,"[""FMOD0080"", ""FMOD0086"", ""FMOD0015"", ""FMOD0107"", ""FMOD0029"", ""FMOD0023"", ""FMOD0119"", ""FMOD0030"", ""FMOD0102"", ""FMOD0069""]",1.0,True,99.0
500eq,SYNTHETIC_COMPONENT_VOLUME,HIGH_RECALL,Q6K00495,100,241880,100,105.763665,"[""FMOD0083"", ""FMOD0096"", ""FMOD0029"", ""FMOD0023"", ""FMOD0119"", ""FMOD0035"", ""FMOD0110"", ""FMOD0069"", ""FMOD0036"", ""FMOD0030""]",1.0,True,100.0
500eq,SYNTHETIC_COMPONENT_VOLUME,HIGH_RECALL,Q6K00498,100,241880,100,105.806718,"[""FMOD0023"", ""FMOD0069"", ""FMOD0055"", ""FMOD0082"", ""FMOD0025"", ""FMOD0100"", ""FMOD0029"", ""FMOD0035"", ""FMOD0102"", ""FMOD0036""]",1.0,True,100.0
500eq,SYNTHETIC_COMPONENT_VOLUME,HIGH_RECALL,Q6K00507,100,241880,100,104.854272,"[""FMOD0082"", ""FMOD0039"", ""FMOD0034"", ""FMOD0023"", ""FMOD0035"", ""FMOD0065"", ""FMOD0016"", ""FMOD0059"", ""FMOD0021"", ""FMOD0030""]",1.0,True,100.0
500eq,SYNTHETIC_COMPONENT_VOLUME,HIGH_RECALL,Q6K00511,100,241880,98,105.023128,"[""FMOD0010"", ""FMOD0030"", ""FMOD0041"", ""FMOD0055"", ""FMOD0029"", ""FMOD0083"", ""FMOD0045"", ""FMOD0025"", ""FMOD0079"", ""FMOD0102""]",1.0,True,98.0
500eq,SYNTHETIC_COMPONENT_VOLUME,HIGH_RECALL,Q6K00512,100,241880,100,104.044561,"[""FMOD0035"", ""FMOD0023"", ""FMOD0119"", ""FMOD0029"", ""FMOD0110"", ""FMOD0108"", ""FMOD0036"", ""FMOD0042"", ""FMOD0107"", ""FMOD0060""]",1.0,True,100.0
500eq,SYNTHETIC_COMPONENT_VOLUME,HIGH_RECALL,Q6K00513,100,241880,100,103.509838,"[""FMOD0029"", ""FMOD0110"", ""FMOD0056"", ""FMOD0023"", ""FMOD0083"", ""FMOD0119"", ""FMOD0112"", ""FMOD0036"", ""FMOD0078"", ""FMOD0114""]",1.0,True,100.0
500eq,SYNTHETIC_COMPONENT_VOLUME,HIGH_RECALL,Q6K00517,100,241880,99,103.556277,"[""FMOD0082"", ""FMOD0021"", ""FMOD0081"", ""FMOD0039"", ""FMOD0034"", ""FMOD0029"", ""FMOD0023"", ""FMOD0119"", ""FMOD0102"", ""FMOD0051""]",1.0,True,99.0
500eq,SYNTHETIC_COMPONENT_VOLUME,HIGH_RECALL,Q6K00518,100,241880,99,104.980772,"[""FMOD0029"", ""FMOD0035"", ""FMOD0102"", ""FMOD0119"", ""FMOD0110"", ""FMOD0096"", ""FMOD0114"", ""FMOD0108"", ""FMOD0018"", ""FMOD0010""]",1.0,True,99.0
500eq,SYNTHETIC_COMPONENT_VOLUME,HIGH_RECALL,Q6K00523,100,241880,98,106.093708,"[""FMOD0082"", ""FMOD0081"", ""FMOD0039"", ""FMOD0034"", ""FMOD0029"", ""FMOD0035"", ""FMOD0119"", ""FMOD0023"", ""FMOD0102"", ""FMOD0051""]",1.0,True,98.0
500eq,SYNTHETIC_COMPONENT_VOLUME,HIGH_RECALL,Q6K00528,100,241880,99,103.641914,"[""FMOD0035"", ""FMOD0023"", ""FMOD0051"", ""FMOD0081"", ""FMOD0029"", ""FMOD0079"", ""FMOD0119"", ""FMOD0082"", ""FMOD0005"", ""FMOD0030""]",1.0,True,99.0
500eq,SYNTHETIC_COMPONENT_VOLUME,HIGH_RECALL,Q6K00530,100,241880,98,104.385576,"[""FMOD0069"", ""FMOD0035"", ""FMOD0023"", ""FMOD0029"", ""FMOD0119"", ""FMOD0056"", ""FMOD0036"", ""FMOD0112"", ""FMOD0067"", ""FMOD0078""]",1.0,True,98.0
500eq,SYNTHETIC_COMPONENT_VOLUME,HIGH_RECALL,Q6K00531,100,241880,100,103.573958,"[""FMOD0082"", ""FMOD0081"", ""FMOD0029"", ""FMOD0035"", ""FMOD0023"", ""FMOD0119"", ""FMOD0034"", ""FMOD0102"", ""FMOD0030"", ""FMOD0065""]",1.0,True,100.0
500eq,SYNTHETIC_COMPONENT_VOLUME,HIGH_RECALL,Q6K00533,100,241880,99,104.159444,"[""FMOD0029"", ""FMOD0119"", ""FMOD0023"", ""FMOD0030"", ""FMOD0036"", ""FMOD0035"", ""FMOD0114"", ""FMOD0102"", ""FMOD0120"", ""FMOD0110""]",1.0,True,99.0
500eq,SYNTHETIC_COMPONENT_VOLUME,HIGH_RECALL,Q6K00535,100,241880,100,92.598929,"[""FMOD0035"", ""FMOD0118"", ""FMOD0102"", ""FMOD0069"", ""FMOD0029"", ""FMOD0030"", ""FMOD0036"", ""FMOD0079"", ""FMOD0120"", ""FMOD0041""]",1.0,True,100.0
500eq,SYNTHETIC_COMPONENT_VOLUME,HIGH_RECALL,Q6K00537,100,241880,100,103.185655,"[""FMOD0023"", ""FMOD0055"", ""FMOD0069"", ""FMOD0025"", ""FMOD0082"", ""FMOD0100"", ""FMOD0029"", ""FMOD0119"", ""FMOD0036"", ""FMOD0035""]",1.0,True,100.0
500eq,SYNTHETIC_COMPONENT_VOLUME,HIGH_RECALL,Q6K00538,100,241880,100,102.59942,"[""FMOD0055"", ""FMOD0023"", ""FMOD0069"", ""FMOD0025"", ""FMOD0082"", ""FMOD0100"", ""FMOD0029"", ""FMOD0035"", ""FMOD0114"", ""FMOD0119""]",1.0,True,100.0
1000eq,SYNTHETIC_COMPONENT_VOLUME,EXACT,Q6K00183,100,483760,100,199.73027,"[""FMOD0023"", ""FMOD0029"", ""FMOD0081"", ""FMOD0036"", ""FMOD0114"", ""FMOD0119"", ""FMOD0035"", ""FMOD0082"", ""FMOD0030"", ""FMOD0120""]",1.0,True,
1000eq,SYNTHETIC_COMPONENT_VOLUME,EXACT,Q6K00184,100,483760,100,192.692866,"[""FMOD0004"", ""FMOD0067"", ""FMOD0113"", ""FMOD0052"", ""FMOD0036"", ""FMOD0114"", ""FMOD0056"", ""FMOD0101"", ""FMOD0110"", ""FMOD0081""]",1.0,True,
1000eq,SYNTHETIC_COMPONENT_VOLUME,EXACT,Q6K00193,100,483760,100,195.147978,"[""FMOD0025"", ""FMOD0069"", ""FMOD0023"", ""FMOD0029"", ""FMOD0056"", ""FMOD0055"", ""FMOD0114"", ""FMOD0078"", ""FMOD0096"", ""FMOD0080""]",1.0,True,
1000eq,SYNTHETIC_COMPONENT_VOLUME,EXACT,Q6K00195,100,483760,100,195.344788,"[""FMOD0061"", ""FMOD0083"", ""FMOD0029"", ""FMOD0056"", ""FMOD0102"", ""FMOD0091"", ""FMOD0023"", ""FMOD0081"", ""FMOD0114"", ""FMOD0030""]",1.0,True,
1000eq,SYNTHETIC_COMPONENT_VOLUME,EXACT,Q6K00197,100,483760,100,194.049603,"[""FMOD0069"", ""FMOD0029"", ""FMOD0102"", ""FMOD0114"", ""FMOD0030"", ""FMOD0119"", ""FMOD0005"", ""FMOD0120"", ""FMOD0033"", ""FMOD0036""]",1.0,True,
1000eq,SYNTHETIC_COMPONENT_VOLUME,EXACT,Q6K00199,100,483760,100,192.796676,"[""FMOD0067"", ""FMOD0069"", ""FMOD0029"", ""FMOD0102"", ""FMOD0119"", ""FMOD0056"", ""FMOD0120"", ""FMOD0030"", ""FMOD0026"", ""FMOD0023""]",1.0,True,
1000eq,SYNTHETIC_COMPONENT_VOLUME,EXACT,Q6K00200,100,483760,100,194.934127,"[""FMOD0051"", ""FMOD0023"", ""FMOD0029"", ""FMOD0035"", ""FMOD0016"", ""FMOD0081"", ""FMOD0120"", ""FMOD0082"", ""FMOD0079"", ""FMOD0020""]",1.0,True,
1000eq,SYNTHETIC_COMPONENT_VOLUME,EXACT,Q6K00201,100,483760,100,193.69381,"[""FMOD0066"", ""FMOD0055"", ""FMOD0030"", ""FMOD0029"", ""FMOD0010"", ""FMOD0041"", ""FMOD0036"", ""FMOD0102"", ""FMOD0112"", ""FMOD0120""]",1.0,True,
1000eq,SYNTHETIC_COMPONENT_VOLUME,EXACT,Q6K00205,100,483760,100,194.985661,"[""FMOD0051"", ""FMOD0023"", ""FMOD0035"", ""FMOD0020"", ""FMOD0016"", ""FMOD0081"", ""FMOD0119"", ""FMOD0029"", ""FMOD0065"", ""FMOD0114""]",1.0,True,
1000eq,SYNTHETIC_COMPONENT_VOLUME,EXACT,Q6K00206,100,483760,100,194.603737,"[""FMOD0016"", ""FMOD0102"", ""FMOD0031"", ""FMOD0029"", ""FMOD0023"", ""FMOD0035"", ""FMOD0082"", ""FMOD0065"", ""FMOD0114"", ""FMOD0033""]",1.0,True,
1000eq,SYNTHETIC_COMPONENT_VOLUME,EXACT,Q6K00207,100,483760,100,196.205376,"[""FMOD0023"", ""FMOD0029"", ""FMOD0035"", ""FMOD0120"", ""FMOD0102"", ""FMOD0069"", ""FMOD0119"", ""FMOD0077"", ""FMOD0082"", ""FMOD0110""]",1.0,True,
1000eq,SYNTHETIC_COMPONENT_VOLUME,EXACT,Q6K00208,100,483760,100,194.898157,"[""FMOD0102"", ""FMOD0079"", ""FMOD0023"", ""FMOD0030"", ""FMOD0029"", ""FMOD0055"", ""FMOD0035"", ""FMOD0082"", ""FMOD0036"", ""FMOD0014""]",1.0,True,
1000eq,SYNTHETIC_COMPONENT_VOLUME,EXACT,Q6K00212,100,483760,100,194.039811,"[""FMOD0060"", ""FMOD0029"", ""FMOD0023"", ""FMOD0082"", ""FMOD0075"", ""FMOD0096"", ""FMOD0102"", ""FMOD0056"", ""FMOD0036"", ""FMOD0081""]",1.0,True,
1000eq,SYNTHETIC_COMPONENT_VOLUME,EXACT,Q6K00216,100,483760,100,195.491222,"[""FMOD0016"", ""FMOD0029"", ""FMOD0035"", ""FMOD0023"", ""FMOD0081"", ""FMOD0079"", ""FMOD0119"", ""FMOD0102"", ""FMOD0114"", ""FMOD0056""]",1.0,True,
1000eq,SYNTHETIC_COMPONENT_VOLUME,EXACT,Q6K00227,100,483760,100,192.612273,"[""FMOD0096"", ""FMOD0029"", ""FMOD0023"", ""FMOD0120"", ""FMOD0119"", ""FMOD0035"", ""FMOD0056"", ""FMOD0113"", ""FMOD0069"", ""FMOD0025""]",1.0,True,
1000eq,SYNTHETIC_COMPONENT_VOLUME,EXACT,Q6K00232,100,483760,100,195.081335,"[""FMOD0060"", ""FMOD0029"", ""FMOD0023"", ""FMOD0086"", ""FMOD0056"", ""FMOD0043"", ""FMOD0110"", ""FMOD0044"", ""FMOD0036"", ""FMOD0075""]",1.0,True,
1000eq,SYNTHETIC_COMPONENT_VOLUME,EXACT,Q6K00235,100,483760,100,192.561386,"[""FMOD0096"", ""FMOD0114"", ""FMOD0029"", ""FMOD0120"", ""FMOD0119"", ""FMOD0023"", ""FMOD0035"", ""FMOD0056"", ""FMOD0069"", ""FMOD0030""]",1.0,True,
1000eq,SYNTHETIC_COMPONENT_VOLUME,EXACT,Q6K00236,100,483760,100,196.043983,"[""FMOD0036"", ""FMOD0119"", ""FMOD0079"", ""FMOD0120"", ""FMOD0056"", ""FMOD0086"", ""FMOD0082"", ""FMOD0091"", ""FMOD0029"", ""FMOD0102""]",1.0,True,
1000eq,SYNTHETIC_COMPONENT_VOLUME,EXACT,Q6K00237,100,483760,100,195.853898,"[""FMOD0067"", ""FMOD0029"", ""FMOD0119"", ""FMOD0120"", ""FMOD0023"", ""FMOD0102"", ""FMOD0056"", ""FMOD0082"", ""FMOD0110"", ""FMOD0069""]",1.0,True,
1000eq,SYNTHETIC_COMPONENT_VOLUME,EXACT,Q6K00240,100,483760,100,195.508126,"[""FMOD0069"", ""FMOD0029"", ""FMOD0110"", ""FMOD0104"", ""FMOD0035"", ""FMOD0119"", ""FMOD0043"", ""FMOD0023"", ""FMOD0102"", ""FMOD0083""]",1.0,True,
1000eq,SYNTHETIC_COMPONENT_VOLUME,EXACT,Q6K00247,100,483760,100,197.328936,"[""FMOD0069"", ""FMOD0060"", ""FMOD0119"", ""FMOD0029"", ""FMOD0023"", ""FMOD0083"", ""FMOD0025"", ""FMOD0110"", ""FMOD0079"", ""FMOD0003""]",1.0,True,
1000eq,SYNTHETIC_COMPONENT_VOLUME,EXACT,Q6K00251,100,483760,100,194.217961,"[""FMOD0044"", ""FMOD0067"", ""FMOD0119"", ""FMOD0029"", ""FMOD0023"", ""FMOD0120"", ""FMOD0113"", ""FMOD0086"", ""FMOD0035"", ""FMOD0030""]",1.0,True,
1000eq,SYNTHETIC_COMPONENT_VOLUME,EXACT,Q6K00252,100,483760,100,194.648505,"[""FMOD0043"", ""FMOD0086"", ""FMOD0035"", ""FMOD0023"", ""FMOD0102"", ""FMOD0029"", ""FMOD0096"", ""FMOD0069"", ""FMOD0079"", ""FMOD0024""]",1.0,True,
1000eq,SYNTHETIC_COMPONENT_VOLUME,EXACT,Q6K00258,100,483760,100,195.788096,"[""FMOD0096"", ""FMOD0001"", ""FMOD0029"", ""FMOD0041"", ""FMOD0035"", ""FMOD0030"", ""FMOD0056"", ""FMOD0120"", ""FMOD0069"", ""FMOD0119""]",1.0,True,
1000eq,SYNTHETIC_COMPONENT_VOLUME,EXACT,Q6K00259,100,483760,100,193.868779,"[""FMOD0043"", ""FMOD0089"", ""FMOD0035"", ""FMOD0102"", ""FMOD0096"", ""FMOD0023"", ""FMOD0029"", ""FMOD0069"", ""FMOD0079"", ""FMOD0024""]",1.0,True,
1000eq,SYNTHETIC_COMPONENT_VOLUME,EXACT,Q6K00262,100,483760,100,193.700341,"[""FMOD0069"", ""FMOD0060"", ""FMOD0023"", ""FMOD0025"", ""FMOD0055"", ""FMOD0082"", ""FMOD0100"", ""FMOD0029"", ""FMOD0102"", ""FMOD0119""]",1.0,True,
1000eq,SYNTHETIC_COMPONENT_VOLUME,EXACT,Q6K00264,100,483760,100,197.401863,"[""FMOD0043"", ""FMOD0066"", ""FMOD0035"", ""FMOD0056"", ""FMOD0081"", ""FMOD0082"", ""FMOD0030"", ""FMOD0119"", ""FMOD0023"", ""FMOD0029""]",1.0,True,
1000eq,SYNTHETIC_COMPONENT_VOLUME,EXACT,Q6K00267,100,483760,100,196.403103,"[""FMOD0022"", ""FMOD0069"", ""FMOD0034"", ""FMOD0082"", ""FMOD0023"", ""FMOD0055"", ""FMOD0025"", ""FMOD0100"", ""FMOD0072"", ""FMOD0035""]",1.0,True,
1000eq,SYNTHETIC_COMPONENT_VOLUME,EXACT,Q6K00268,100,483760,100,195.092422,"[""FMOD0077"", ""FMOD0050"", ""FMOD0055"", ""FMOD0083"", ""FMOD0005"", ""FMOD0035"", ""FMOD0114"", ""FMOD0029"", ""FMOD0033"", ""FMOD0069""]",1.0,True,
1000eq,SYNTHETIC_COMPONENT_VOLUME,EXACT,Q6K00271,100,483760,100,193.630996,"[""FMOD0086"", ""FMOD0050"", ""FMOD0044"", ""FMOD0120"", ""FMOD0029"", ""FMOD0036"", ""FMOD0077"", ""FMOD0069"", ""FMOD0102"", ""FMOD0005""]",1.0,True,
1000eq,SYNTHETIC_COMPONENT_VOLUME,EXACT,Q6K00273,100,483760,100,194.970894,"[""FMOD0023"", ""FMOD0043"", ""FMOD0119"", ""FMOD0079"", ""FMOD0029"", ""FMOD0102"", ""FMOD0056"", ""FMOD0005"", ""FMOD0030"", ""FMOD0075""]",1.0,True,
1000eq,SYNTHETIC_COMPONENT_VOLUME,EXACT,Q6K00274,100,483760,100,195.384016,"[""FMOD0004"", ""FMOD0044"", ""FMOD0067"", ""FMOD0113"", ""FMOD0052"", ""FMOD0036"", ""FMOD0114"", ""FMOD0056"", ""FMOD0110"", ""FMOD0035""]",1.0,True,
1000eq,SYNTHETIC_COMPONENT_VOLUME,EXACT,Q6K00275,100,483760,100,281.564179,"[""FMOD0086"", ""FMOD0074"", ""FMOD0050"", ""FMOD0029"", ""FMOD0056"", ""FMOD0102"", ""FMOD0035"", ""FMOD0024"", ""FMOD0114"", ""FMOD0043""]",1.0,True,
1000eq,SYNTHETIC_COMPONENT_VOLUME,EXACT,Q6K00283,100,483760,100,194.329531,"[""FMOD0036"", ""FMOD0035"", ""FMOD0029"", ""FMOD0023"", ""FMOD0120"", ""FMOD0119"", ""FMOD0079"", ""FMOD0102"", ""FMOD0069"", ""FMOD0082""]",1.0,True,
1000eq,SYNTHETIC_COMPONENT_VOLUME,EXACT,Q6K00287,100,483760,100,198.021883,"[""FMOD0003"", ""FMOD0089"", ""FMOD0004"", ""FMOD0063"", ""FMOD0067"", ""FMOD0014"", ""FMOD0113"", ""FMOD0052"", ""FMOD0036"", ""FMOD0114""]",1.0,True,
1000eq,SYNTHETIC_COMPONENT_VOLUME,EXACT,Q6K00293,100,483760,100,194.772601,"[""FMOD0074"", ""FMOD0043"", ""FMOD0035"", ""FMOD0029"", ""FMOD0023"", ""FMOD0069"", ""FMOD0102"", ""FMOD0096"", ""FMOD0079"", ""FMOD0024""]",1.0,True,
1000eq,SYNTHETIC_COMPONENT_VOLUME,EXACT,Q6K00295,100,483760,100,192.86036,"[""FMOD0066"", ""FMOD0043"", ""FMOD0102"", ""FMOD0029"", ""FMOD0023"", ""FMOD0069"", ""FMOD0035"", ""FMOD0096"", ""FMOD0079"", ""FMOD0119""]",1.0,True,
1000eq,SYNTHETIC_COMPONENT_VOLUME,EXACT,Q6K00296,100,483760,100,198.206826,"[""FMOD0060"", ""FMOD0066"", ""FMOD0029"", ""FMOD0102"", ""FMOD0056"", ""FMOD0035"", ""FMOD0010"", ""FMOD0110"", ""FMOD0036"", ""FMOD0055""]",1.0,True,
1000eq,SYNTHETIC_COMPONENT_VOLUME,EXACT,Q6K00298,100,483760,100,197.813484,"[""FMOD0074"", ""FMOD0036"", ""FMOD0079"", ""FMOD0119"", ""FMOD0120"", ""FMOD0017"", ""FMOD0091"", ""FMOD0056"", ""FMOD0023"", ""FMOD0083""]",1.0,True,
1000eq,SYNTHETIC_COMPONENT_VOLUME,EXACT,Q6K00299,100,483760,100,199.643269,"[""FMOD0040"", ""FMOD0089"", ""FMOD0029"", ""FMOD0035"", ""FMOD0079"", ""FMOD0081"", ""FMOD0030"", ""FMOD0055"", ""FMOD0023"", ""FMOD0056""]",1.0,True,
1000eq,SYNTHETIC_COMPONENT_VOLUME,EXACT,Q6K00304,100,483760,100,195.279484,"[""FMOD0077"", ""FMOD0083"", ""FMOD0087"", ""FMOD0023"", ""FMOD0069"", ""FMOD0056"", ""FMOD0020"", ""FMOD0055"", ""FMOD0102"", ""FMOD0025""]",1.0,True,
1000eq,SYNTHETIC_COMPONENT_VOLUME,EXACT,Q6K00310,100,483760,100,202.258713,"[""FMOD0074"", ""FMOD0005"", ""FMOD0022"", ""FMOD0034"", ""FMOD0035"", ""FMOD0053"", ""FMOD0114"", ""FMOD0029"", ""FMOD0033"", ""FMOD0023""]",1.0,True,
1000eq,SYNTHETIC_COMPONENT_VOLUME,EXACT,Q6K00313,100,483760,100,198.100853,"[""FMOD0061"", ""FMOD0069"", ""FMOD0083"", ""FMOD0066"", ""FMOD0114"", ""FMOD0029"", ""FMOD0036"", ""FMOD0033"", ""FMOD0030"", ""FMOD0120""]",1.0,True,
1000eq,SYNTHETIC_COMPONENT_VOLUME,EXACT,Q6K00317,100,483760,100,198.357424,"[""FMOD0061"", ""FMOD0089"", ""FMOD0096"", ""FMOD0036"", ""FMOD0029"", ""FMOD0079"", ""FMOD0035"", ""FMOD0055"", ""FMOD0083"", ""FMOD0110""]",1.0,True,
1000eq,SYNTHETIC_COMPONENT_VOLUME,EXACT,Q6K00318,100,483760,100,197.961155,"[""FMOD0086"", ""FMOD0004"", ""FMOD0050"", ""FMOD0082"", ""FMOD0067"", ""FMOD0035"", ""FMOD0114"", ""FMOD0053"", ""FMOD0081"", ""FMOD0110""]",1.0,True,
1000eq,SYNTHETIC_COMPONENT_VOLUME,EXACT,Q6K00325,100,483760,100,196.589588,"[""FMOD0086"", ""FMOD0023"", ""FMOD0050"", ""FMOD0044"", ""FMOD0029"", ""FMOD0035"", ""FMOD0030"", ""FMOD0069"", ""FMOD0043"", ""FMOD0082""]",1.0,True,
1000eq,SYNTHETIC_COMPONENT_VOLUME,EXACT,Q6K00326,100,483760,100,194.981931,"[""FMOD0099"", ""FMOD0055"", ""FMOD0066"", ""FMOD0036"", ""FMOD0010"", ""FMOD0102"", ""FMOD0056"", ""FMOD0112"", ""FMOD0029"", ""FMOD0023""]",1.0,True,
1000eq,SYNTHETIC_COMPONENT_VOLUME,EXACT,Q6K00327,100,483760,100,192.987017,"[""FMOD0016"", ""FMOD0051"", ""FMOD0055"", ""FMOD0114"", ""FMOD0075"", ""FMOD0081"", ""FMOD0035"", ""FMOD0077"", ""FMOD0023"", ""FMOD0029""]",1.0,True,
1000eq,SYNTHETIC_COMPONENT_VOLUME,EXACT,Q6K00332,100,483760,100,197.185779,"[""FMOD0044"", ""FMOD0035"", ""FMOD0029"", ""FMOD0069"", ""FMOD0030"", ""FMOD0086"", ""FMOD0120"", ""FMOD0119"", ""FMOD0041"", ""FMOD0050""]",1.0,True,
1000eq,SYNTHETIC_COMPONENT_VOLUME,EXACT,Q6K00333,100,483760,100,195.363673,"[""FMOD0069"", ""FMOD0044"", ""FMOD0011"", ""FMOD0119"", ""FMOD0029"", ""FMOD0083"", ""FMOD0025"", ""FMOD0079"", ""FMOD0110"", ""FMOD0035""]",1.0,True,
1000eq,SYNTHETIC_COMPONENT_VOLUME,EXACT,Q6K00336,100,483760,100,195.392539,"[""FMOD0014"", ""FMOD0023"", ""FMOD0079"", ""FMOD0035"", ""FMOD0082"", ""FMOD0081"", ""FMOD0029"", ""FMOD0120"", ""FMOD0119"", ""FMOD0102""]",1.0,True,
1000eq,SYNTHETIC_COMPONENT_VOLUME,EXACT,Q6K00338,100,483760,100,195.558634,"[""FMOD0074"", ""FMOD0067"", ""FMOD0003"", ""FMOD0056"", ""FMOD0029"", ""FMOD0119"", ""FMOD0035"", ""FMOD0081"", ""FMOD0004"", ""FMOD0082""]",1.0,True,
1000eq,SYNTHETIC_COMPONENT_VOLUME,EXACT,Q6K00340,100,483760,100,195.568181,"[""FMOD0025"", ""FMOD0011"", ""FMOD0089"", ""FMOD0029"", ""FMOD0023"", ""FMOD0030"", ""FMOD0069"", ""FMOD0035"", ""FMOD0119"", ""FMOD0041""]",1.0,True,
1000eq,SYNTHETIC_COMPONENT_VOLUME,EXACT,Q6K00342,100,483760,100,195.662032,"[""FMOD0087"", ""FMOD0053"", ""FMOD0114"", ""FMOD0023"", ""FMOD0052"", ""FMOD0040"", ""FMOD0069"", ""FMOD0029"", ""FMOD0002"", ""FMOD0056""]",1.0,True,
1000eq,SYNTHETIC_COMPONENT_VOLUME,EXACT,Q6K00343,100,483760,100,192.95867,"[""FMOD0087"", ""FMOD0016"", ""FMOD0041"", ""FMOD0055"", ""FMOD0030"", ""FMOD0029"", ""FMOD0023"", ""FMOD0081"", ""FMOD0102"", ""FMOD0056""]",1.0,True,
1000eq,SYNTHETIC_COMPONENT_VOLUME,EXACT,Q6K00344,100,483760,100,192.483458,"[""FMOD0023"", ""FMOD0025"", ""FMOD0043"", ""FMOD0069"", ""FMOD0029"", ""FMOD0030"", ""FMOD0082"", ""FMOD0055"", ""FMOD0035"", ""FMOD0040""]",1.0,True,
1000eq,SYNTHETIC_COMPONENT_VOLUME,EXACT,Q6K00351,100,483760,100,191.541394,"[""FMOD0005"", ""FMOD0099"", ""FMOD0022"", ""FMOD0034"", ""FMOD0082"", ""FMOD0055"", ""FMOD0029"", ""FMOD0020"", ""FMOD0119"", ""FMOD0030""]",1.0,True,
1000eq,SYNTHETIC_COMPONENT_VOLUME,EXACT,Q6K00355,100,483760,100,193.647267,"[""FMOD0043"", ""FMOD0023"", ""FMOD0035"", ""FMOD0077"", ""FMOD0016"", ""FMOD0029"", ""FMOD0102"", ""FMOD0119"", ""FMOD0069"", ""FMOD0030""]",1.0,True,
1000eq,SYNTHETIC_COMPONENT_VOLUME,EXACT,Q6K00359,100,483760,100,193.90787,"[""FMOD0086"", ""FMOD0087"", ""FMOD0044"", ""FMOD0081"", ""FMOD0039"", ""FMOD0056"", ""FMOD0097"", ""FMOD0029"", ""FMOD0079"", ""FMOD0102""]",1.0,True,
1000eq,SYNTHETIC_COMPONENT_VOLUME,EXACT,Q6K00360,100,483760,100,193.914817,"[""FMOD0066"", ""FMOD0060"", ""FMOD0043"", ""FMOD0082"", ""FMOD0030"", ""FMOD0035"", ""FMOD0081"", ""FMOD0010"", ""FMOD0055"", ""FMOD0112""]",1.0,True,
1000eq,SYNTHETIC_COMPONENT_VOLUME,EXACT,Q6K00363,100,483760,100,198.152666,"[""FMOD0066"", ""FMOD0029"", ""FMOD0102"", ""FMOD0056"", ""FMOD0119"", ""FMOD0114"", ""FMOD0069"", ""FMOD0120"", ""FMOD0035"", ""FMOD0023""]",1.0,True,
1000eq,SYNTHETIC_COMPONENT_VOLUME,EXACT,Q6K00365,100,483760,100,193.669848,"[""FMOD0087"", ""FMOD0029"", ""FMOD0035"", ""FMOD0023"", ""FMOD0065"", ""FMOD0016"", ""FMOD0119"", ""FMOD0039"", ""FMOD0036"", ""FMOD0114""]",1.0,True,
1000eq,SYNTHETIC_COMPONENT_VOLUME,EXACT,Q6K00372,100,483760,100,194.485999,"[""FMOD0023"", ""FMOD0035"", ""FMOD0020"", ""FMOD0016"", ""FMOD0051"", ""FMOD0029"", ""FMOD0030"", ""FMOD0119"", ""FMOD0102"", ""FMOD0069""]",1.0,True,
1000eq,SYNTHETIC_COMPONENT_VOLUME,EXACT,Q6K00375,100,483760,100,193.824066,"[""FMOD0099"", ""FMOD0023"", ""FMOD0069"", ""FMOD0025"", ""FMOD0055"", ""FMOD0082"", ""FMOD0029"", ""FMOD0083"", ""FMOD0119"", ""FMOD0035""]",1.0,True,
1000eq,SYNTHETIC_COMPONENT_VOLUME,EXACT,Q6K00377,100,483760,100,195.899944,"[""FMOD0082"", ""FMOD0022"", ""FMOD0023"", ""FMOD0069"", ""FMOD0055"", ""FMOD0025"", ""FMOD0100"", ""FMOD0034"", ""FMOD0029"", ""FMOD0119""]",1.0,True,
1000eq,SYNTHETIC_COMPONENT_VOLUME,EXACT,Q6K00378,100,483760,100,196.960363,"[""FMOD0010"", ""FMOD0023"", ""FMOD0030"", ""FMOD0041"", ""FMOD0055"", ""FMOD0029"", ""FMOD0083"", ""FMOD0025"", ""FMOD0045"", ""FMOD0079""]",1.0,True,
1000eq,SYNTHETIC_COMPONENT_VOLUME,EXACT,Q6K00380,100,483760,100,192.607846,"[""FMOD0023"", ""FMOD0029"", ""FMOD0030"", ""FMOD0035"", ""FMOD0082"", ""FMOD0119"", ""FMOD0102"", ""FMOD0110"", ""FMOD0036"", ""FMOD0120""]",1.0,True,
1000eq,SYNTHETIC_COMPONENT_VOLUME,EXACT,Q6K00384,100,483760,100,196.281933,"[""FMOD0083"", ""FMOD0029"", ""FMOD0069"", ""FMOD0086"", ""FMOD0035"", ""FMOD0120"", ""FMOD0056"", ""FMOD0030"", ""FMOD0119"", ""FMOD0005""]",1.0,True,
1000eq,SYNTHETIC_COMPONENT_VOLUME,EXACT,Q6K00389,100,483760,100,203.731659,"[""FMOD0055"", ""FMOD0034"", ""FMOD0039"", ""FMOD0065"", ""FMOD0023"", ""FMOD0082"", ""FMOD0035"", ""FMOD0029"", ""FMOD0030"", ""FMOD0079""]",1.0,True,
1000eq,SYNTHETIC_COMPONENT_VOLUME,EXACT,Q6K00390,100,483760,100,194.377184,"[""FMOD0023"", ""FMOD0102"", ""FMOD0029"", ""FMOD0119"", ""FMOD0120"", ""FMOD0114"", ""FMOD0069"", ""FMOD0035"", ""FMOD0056"", ""FMOD0082""]",1.0,True,
1000eq,SYNTHETIC_COMPONENT_VOLUME,EXACT,Q6K00393,100,483760,100,194.584581,"[""FMOD0029"", ""FMOD0023"", ""FMOD0102"", ""FMOD0119"", ""FMOD0041"", ""FMOD0120"", ""FMOD0036"", ""FMOD0030"", ""FMOD0053"", ""FMOD0035""]",1.0,True,
1000eq,SYNTHETIC_COMPONENT_VOLUME,EXACT,Q6K00395,100,483760,100,197.138005,"[""FMOD0053"", ""FMOD0069"", ""FMOD0035"", ""FMOD0023"", ""FMOD0029"", ""FMOD0056"", ""FMOD0119"", ""FMOD0036"", ""FMOD0112"", ""FMOD0004""]",1.0,True,
1000eq,SYNTHETIC_COMPONENT_VOLUME,EXACT,Q6K00396,100,483760,100,194.783507,"[""FMOD0066"", ""FMOD0035"", ""FMOD0023"", ""FMOD0051"", ""FMOD0081"", ""FMOD0029"", ""FMOD0119"", ""FMOD0036"", ""FMOD0102"", ""FMOD0010""]",1.0,True,
1000eq,SYNTHETIC_COMPONENT_VOLUME,EXACT,Q6K00400,100,483760,100,193.832899,"[""FMOD0023"", ""FMOD0025"", ""FMOD0035"", ""FMOD0069"", ""FMOD0030"", ""FMOD0055"", ""FMOD0078"", ""FMOD0100"", ""FMOD0036"", ""FMOD0056""]",1.0,True,
1000eq,SYNTHETIC_COMPONENT_VOLUME,EXACT,Q6K00403,100,483760,100,195.972539,"[""FMOD0035"", ""FMOD0033"", ""FMOD0029"", ""FMOD0119"", ""FMOD0120"", ""FMOD0078"", ""FMOD0024"", ""FMOD0080"", ""FMOD0108"", ""FMOD0102""]",1.0,True,
1000eq,SYNTHETIC_COMPONENT_VOLUME,EXACT,Q6K00405,100,483760,100,193.455692,"[""FMOD0016"", ""FMOD0102"", ""FMOD0031"", ""FMOD0056"", ""FMOD0029"", ""FMOD0023"", ""FMOD0082"", ""FMOD0035"", ""FMOD0065"", ""FMOD0114""]",1.0,True,
1000eq,SYNTHETIC_COMPONENT_VOLUME,EXACT,Q6K00407,100,483760,100,195.213626,"[""FMOD0005"", ""FMOD0029"", ""FMOD0120"", ""FMOD0069"", ""FMOD0102"", ""FMOD0030"", ""FMOD0079"", ""FMOD0119"", ""FMOD0023"", ""FMOD0020""]",1.0,True,
1000eq,SYNTHETIC_COMPONENT_VOLUME,EXACT,Q6K00410,100,483760,100,193.186109,"[""FMOD0005"", ""FMOD0030"", ""FMOD0023"", ""FMOD0035"", ""FMOD0055"", ""FMOD0029"", ""FMOD0082"", ""FMOD0089"", ""FMOD0024"", ""FMOD0113""]",1.0,True,
1000eq,SYNTHETIC_COMPONENT_VOLUME,EXACT,Q6K00417,100,483760,100,195.651616,"[""FMOD0051"", ""FMOD0082"", ""FMOD0081"", ""FMOD0102"", ""FMOD0035"", ""FMOD0067"", ""FMOD0021"", ""FMOD0114"", ""FMOD0065"", ""FMOD0119""]",1.0,True,
1000eq,SYNTHETIC_COMPONENT_VOLUME,EXACT,Q6K00420,100,483760,100,195.985303,"[""FMOD0036"", ""FMOD0004"", ""FMOD0067"", ""FMOD0119"", ""FMOD0029"", ""FMOD0035"", ""FMOD0079"", ""FMOD0120"", ""FMOD0023"", ""FMOD0055""]",1.0,True,
1000eq,SYNTHETIC_COMPONENT_VOLUME,EXACT,Q6K00422,100,483760,100,191.165656,"[""FMOD0053"", ""FMOD0083"", ""FMOD0035"", ""FMOD0082"", ""FMOD0023"", ""FMOD0029"", ""FMOD0021"", ""FMOD0081"", ""FMOD0051"", ""FMOD0030""]",1.0,True,
1000eq,SYNTHETIC_COMPONENT_VOLUME,EXACT,Q6K00423,100,483760,100,197.152111,"[""FMOD0061"", ""FMOD0004"", ""FMOD0086"", ""FMOD0035"", ""FMOD0029"", ""FMOD0010"", ""FMOD0033"", ""FMOD0056"", ""FMOD0014"", ""FMOD0102""]",1.0,True,
1000eq,SYNTHETIC_COMPONENT_VOLUME,EXACT,Q6K00424,100,483760,100,192.408001,"[""FMOD0053"", ""FMOD0102"", ""FMOD0029"", ""FMOD0082"", ""FMOD0039"", ""FMOD0034"", ""FMOD0023"", ""FMOD0035"", ""FMOD0077"", ""FMOD0114""]",1.0,True,
1000eq,SYNTHETIC_COMPONENT_VOLUME,EXACT,Q6K00427,100,483760,100,222.082063,"[""FMOD0005"", ""FMOD0081"", ""FMOD0035"", ""FMOD0082"", ""FMOD0055"", ""FMOD0056"", ""FMOD0043"", ""FMOD0034"", ""FMOD0072"", ""FMOD0002""]",1.0,True,
1000eq,SYNTHETIC_COMPONENT_VOLUME,EXACT,Q6K00435,100,483760,100,209.140628,"[""FMOD0099"", ""FMOD0069"", ""FMOD0029"", ""FMOD0119"", ""FMOD0023"", ""FMOD0035"", ""FMOD0102"", ""FMOD0030"", ""FMOD0120"", ""FMOD0010""]",1.0,True,
1000eq,SYNTHETIC_COMPONENT_VOLUME,EXACT,Q6K00436,100,483760,100,198.226373,"[""FMOD0099"", ""FMOD0044"", ""FMOD0029"", ""FMOD0030"", ""FMOD0035"", ""FMOD0023"", ""FMOD0119"", ""FMOD0036"", ""FMOD0120"", ""FMOD0069""]",1.0,True,
1000eq,SYNTHETIC_COMPONENT_VOLUME,EXACT,Q6K00438,100,483760,100,197.418929,"[""FMOD0022"", ""FMOD0055"", ""FMOD0029"", ""FMOD0081"", ""FMOD0082"", ""FMOD0030"", ""FMOD0039"", ""FMOD0023"", ""FMOD0102"", ""FMOD0069""]",1.0,True,
1000eq,SYNTHETIC_COMPONENT_VOLUME,EXACT,Q6K00442,100,483760,100,210.394395,"[""FMOD0087"", ""FMOD0029"", ""FMOD0081"", ""FMOD0120"", ""FMOD0082"", ""FMOD0056"", ""FMOD0102"", ""FMOD0035"", ""FMOD0079"", ""FMOD0119""]",1.0,True,
1000eq,SYNTHETIC_COMPONENT_VOLUME,EXACT,Q6K00443,100,483760,100,192.81192,"[""FMOD0035"", ""FMOD0011"", ""FMOD0023"", ""FMOD0041"", ""FMOD0082"", ""FMOD0119"", ""FMOD0102"", ""FMOD0114"", ""FMOD0112"", ""FMOD0079""]",1.0,True,
1000eq,SYNTHETIC_COMPONENT_VOLUME,EXACT,Q6K00444,100,483760,100,207.330143,"[""FMOD0003"", ""FMOD0022"", ""FMOD0034"", ""FMOD0069"", ""FMOD0120"", ""FMOD0119"", ""FMOD0079"", ""FMOD0102"", ""FMOD0005"", ""FMOD0078""]",1.0,True,
1000eq,SYNTHETIC_COMPONENT_VOLUME,EXACT,Q6K00446,100,483760,100,214.31395,"[""FMOD0082"", ""FMOD0067"", ""FMOD0060"", ""FMOD0035"", ""FMOD0023"", ""FMOD0101"", ""FMOD0021"", ""FMOD0097"", ""FMOD0022"", ""FMOD0081""]",1.0,True,
1000eq,SYNTHETIC_COMPONENT_VOLUME,EXACT,Q6K00453,100,483760,100,199.436784,"[""FMOD0044"", ""FMOD0079"", ""FMOD0029"", ""FMOD0114"", ""FMOD0119"", ""FMOD0023"", ""FMOD0102"", ""FMOD0120"", ""FMOD0083"", ""FMOD0035""]",1.0,True,
1000eq,SYNTHETIC_COMPONENT_VOLUME,EXACT,Q6K00456,100,483760,100,195.039365,"[""FMOD0004"", ""FMOD0016"", ""FMOD0067"", ""FMOD0113"", ""FMOD0052"", ""FMOD0036"", ""FMOD0114"", ""FMOD0029"", ""FMOD0023"", ""FMOD0035""]",1.0,True,
1000eq,SYNTHETIC_COMPONENT_VOLUME,EXACT,Q6K00458,100,483760,100,203.490978,"[""FMOD0079"", ""FMOD0023"", ""FMOD0016"", ""FMOD0035"", ""FMOD0030"", ""FMOD0029"", ""FMOD0081"", ""FMOD0020"", ""FMOD0102"", ""FMOD0082""]",1.0,True,
1000eq,SYNTHETIC_COMPONENT_VOLUME,EXACT,Q6K00461,100,483760,100,212.388352,"[""FMOD0001"", ""FMOD0003"", ""FMOD0089"", ""FMOD0030"", ""FMOD0035"", ""FMOD0029"", ""FMOD0051"", ""FMOD0120"", ""FMOD0023"", ""FMOD0036""]",1.0,True,
1000eq,SYNTHETIC_COMPONENT_VOLUME,EXACT,Q6K00465,100,483760,100,196.793243,"[""FMOD0083"", ""FMOD0096"", ""FMOD0029"", ""FMOD0023"", ""FMOD0036"", ""FMOD0110"", ""FMOD0119"", ""FMOD0035"", ""FMOD0005"", ""FMOD0120""]",1.0,True,
1000eq,SYNTHETIC_COMPONENT_VOLUME,EXACT,Q6K00470,100,483760,100,201.918446,"[""FMOD0060"", ""FMOD0102"", ""FMOD0029"", ""FMOD0061"", ""FMOD0120"", ""FMOD0119"", ""FMOD0056"", ""FMOD0114"", ""FMOD0069"", ""FMOD0035""]",1.0,True,
1000eq,SYNTHETIC_COMPONENT_VOLUME,EXACT,Q6K00471,100,483760,100,198.223785,"[""FMOD0025"", ""FMOD0099"", ""FMOD0029"", ""FMOD0024"", ""FMOD0114"", ""FMOD0005"", ""FMOD0014"", ""FMOD0113"", ""FMOD0083"", ""FMOD0120""]",1.0,True,
1000eq,SYNTHETIC_COMPONENT_VOLUME,EXACT,Q6K00473,100,483760,100,196.706109,"[""FMOD0086"", ""FMOD0079"", ""FMOD0056"", ""FMOD0078"", ""FMOD0097"", ""FMOD0036"", ""FMOD0117"", ""FMOD0083"", ""FMOD0119"", ""FMOD0114""]",1.0,True,
1000eq,SYNTHETIC_COMPONENT_VOLUME,EXACT,Q6K00479,100,483760,100,213.069168,"[""FMOD0066"", ""FMOD0022"", ""FMOD0034"", ""FMOD0082"", ""FMOD0023"", ""FMOD0035"", ""FMOD0079"", ""FMOD0036"", ""FMOD0029"", ""FMOD0112""]",1.0,True,
1000eq,SYNTHETIC_COMPONENT_VOLUME,EXACT,Q6K00481,100,483760,100,194.047356,"[""FMOD0035"", ""FMOD0023"", ""FMOD0051"", ""FMOD0081"", ""FMOD0029"", ""FMOD0119"", ""FMOD0102"", ""FMOD0082"", ""FMOD0120"", ""FMOD0036""]",1.0,True,
1000eq,SYNTHETIC_COMPONENT_VOLUME,EXACT,Q6K00484,100,483760,100,197.94369,"[""FMOD0029"", ""FMOD0035"", ""FMOD0030"", ""FMOD0023"", ""FMOD0119"", ""FMOD0082"", ""FMOD0051"", ""FMOD0120"", ""FMOD0016"", ""FMOD0069""]",1.0,True,
1000eq,SYNTHETIC_COMPONENT_VOLUME,EXACT,Q6K00485,100,483760,100,195.274781,"[""FMOD0069"", ""FMOD0035"", ""FMOD0023"", ""FMOD0119"", ""FMOD0029"", ""FMOD0056"", ""FMOD0036"", ""FMOD0112"", ""FMOD0067"", ""FMOD0078""]",1.0,True,
1000eq,SYNTHETIC_COMPONENT_VOLUME,EXACT,Q6K00489,100,483760,100,201.171632,"[""FMOD0080"", ""FMOD0086"", ""FMOD0015"", ""FMOD0107"", ""FMOD0029"", ""FMOD0023"", ""FMOD0119"", ""FMOD0030"", ""FMOD0102"", ""FMOD0069""]",1.0,True,
1000eq,SYNTHETIC_COMPONENT_VOLUME,EXACT,Q6K00495,100,483760,100,194.480025,"[""FMOD0083"", ""FMOD0096"", ""FMOD0029"", ""FMOD0023"", ""FMOD0119"", ""FMOD0035"", ""FMOD0110"", ""FMOD0069"", ""FMOD0036"", ""FMOD0030""]",1.0,True,
1000eq,SYNTHETIC_COMPONENT_VOLUME,EXACT,Q6K00498,100,483760,100,195.158239,"[""FMOD0023"", ""FMOD0069"", ""FMOD0055"", ""FMOD0082"", ""FMOD0025"", ""FMOD0100"", ""FMOD0029"", ""FMOD0035"", ""FMOD0102"", ""FMOD0036""]",1.0,True,
1000eq,SYNTHETIC_COMPONENT_VOLUME,EXACT,Q6K00507,100,483760,100,201.203243,"[""FMOD0082"", ""FMOD0039"", ""FMOD0034"", ""FMOD0023"", ""FMOD0035"", ""FMOD0065"", ""FMOD0016"", ""FMOD0059"", ""FMOD0021"", ""FMOD0030""]",1.0,True,
1000eq,SYNTHETIC_COMPONENT_VOLUME,EXACT,Q6K00511,100,483760,100,205.482037,"[""FMOD0010"", ""FMOD0030"", ""FMOD0041"", ""FMOD0055"", ""FMOD0029"", ""FMOD0083"", ""FMOD0045"", ""FMOD0025"", ""FMOD0079"", ""FMOD0102""]",1.0,True,
1000eq,SYNTHETIC_COMPONENT_VOLUME,EXACT,Q6K00512,100,483760,100,201.630989,"[""FMOD0035"", ""FMOD0023"", ""FMOD0119"", ""FMOD0029"", ""FMOD0110"", ""FMOD0108"", ""FMOD0036"", ""FMOD0042"", ""FMOD0107"", ""FMOD0060""]",1.0,True,
1000eq,SYNTHETIC_COMPONENT_VOLUME,EXACT,Q6K00513,100,483760,100,197.176429,"[""FMOD0029"", ""FMOD0110"", ""FMOD0056"", ""FMOD0023"", ""FMOD0083"", ""FMOD0119"", ""FMOD0112"", ""FMOD0036"", ""FMOD0078"", ""FMOD0114""]",1.0,True,
1000eq,SYNTHETIC_COMPONENT_VOLUME,EXACT,Q6K00517,100,483760,100,204.224801,"[""FMOD0082"", ""FMOD0021"", ""FMOD0081"", ""FMOD0039"", ""FMOD0034"", ""FMOD0029"", ""FMOD0023"", ""FMOD0119"", ""FMOD0102"", ""FMOD0051""]",1.0,True,
1000eq,SYNTHETIC_COMPONENT_VOLUME,EXACT,Q6K00518,100,483760,100,194.838478,"[""FMOD0029"", ""FMOD0035"", ""FMOD0102"", ""FMOD0119"", ""FMOD0110"", ""FMOD0096"", ""FMOD0114"", ""FMOD0108"", ""FMOD0018"", ""FMOD0010""]",1.0,True,
1000eq,SYNTHETIC_COMPONENT_VOLUME,EXACT,Q6K00523,100,483760,100,195.5116,"[""FMOD0082"", ""FMOD0081"", ""FMOD0039"", ""FMOD0034"", ""FMOD0029"", ""FMOD0035"", ""FMOD0119"", ""FMOD0023"", ""FMOD0102"", ""FMOD0051""]",1.0,True,
1000eq,SYNTHETIC_COMPONENT_VOLUME,EXACT,Q6K00528,100,483760,100,197.385877,"[""FMOD0035"", ""FMOD0023"", ""FMOD0051"", ""FMOD0081"", ""FMOD0029"", ""FMOD0079"", ""FMOD0119"", ""FMOD0082"", ""FMOD0005"", ""FMOD0030""]",1.0,True,
1000eq,SYNTHETIC_COMPONENT_VOLUME,EXACT,Q6K00530,100,483760,100,194.321608,"[""FMOD0069"", ""FMOD0035"", ""FMOD0023"", ""FMOD0029"", ""FMOD0119"", ""FMOD0056"", ""FMOD0036"", ""FMOD0112"", ""FMOD0067"", ""FMOD0078""]",1.0,True,
1000eq,SYNTHETIC_COMPONENT_VOLUME,EXACT,Q6K00531,100,483760,100,193.79418,"[""FMOD0082"", ""FMOD0081"", ""FMOD0029"", ""FMOD0035"", ""FMOD0023"", ""FMOD0119"", ""FMOD0034"", ""FMOD0102"", ""FMOD0030"", ""FMOD0065""]",1.0,True,
1000eq,SYNTHETIC_COMPONENT_VOLUME,EXACT,Q6K00533,100,483760,100,196.428465,"[""FMOD0029"", ""FMOD0119"", ""FMOD0023"", ""FMOD0030"", ""FMOD0036"", ""FMOD0035"", ""FMOD0114"", ""FMOD0102"", ""FMOD0120"", ""FMOD0110""]",1.0,True,
1000eq,SYNTHETIC_COMPONENT_VOLUME,EXACT,Q6K00535,100,483760,100,174.93063,"[""FMOD0035"", ""FMOD0118"", ""FMOD0102"", ""FMOD0069"", ""FMOD0029"", ""FMOD0030"", ""FMOD0036"", ""FMOD0079"", ""FMOD0120"", ""FMOD0041""]",1.0,True,
1000eq,SYNTHETIC_COMPONENT_VOLUME,EXACT,Q6K00537,100,483760,100,196.032517,"[""FMOD0023"", ""FMOD0055"", ""FMOD0069"", ""FMOD0025"", ""FMOD0082"", ""FMOD0100"", ""FMOD0029"", ""FMOD0119"", ""FMOD0036"", ""FMOD0035""]",1.0,True,
1000eq,SYNTHETIC_COMPONENT_VOLUME,EXACT,Q6K00538,100,483760,100,195.386993,"[""FMOD0055"", ""FMOD0023"", ""FMOD0069"", ""FMOD0025"", ""FMOD0082"", ""FMOD0100"", ""FMOD0029"", ""FMOD0035"", ""FMOD0114"", ""FMOD0119""]",1.0,True,
1000eq,SYNTHETIC_COMPONENT_VOLUME,FAST,Q6K00183,100,483760,51,190.87789,"[""FMOD0023"", ""FMOD0029"", ""FMOD0081"", ""FMOD0036"", ""FMOD0114"", ""FMOD0119"", ""FMOD0035"", ""FMOD0082"", ""FMOD0030"", ""FMOD0120""]",1.0,True,51.0
1000eq,SYNTHETIC_COMPONENT_VOLUME,FAST,Q6K00184,100,483760,38,180.957345,"[""FMOD0004"", ""FMOD0067"", ""FMOD0113"", ""FMOD0052"", ""FMOD0036"", ""FMOD0114"", ""FMOD0056"", ""FMOD0101"", ""FMOD0110"", ""FMOD0020""]",0.9,False,38.0
1000eq,SYNTHETIC_COMPONENT_VOLUME,FAST,Q6K00193,100,483760,51,193.909546,"[""FMOD0025"", ""FMOD0069"", ""FMOD0023"", ""FMOD0029"", ""FMOD0056"", ""FMOD0055"", ""FMOD0114"", ""FMOD0078"", ""FMOD0096"", ""FMOD0080""]",1.0,True,51.0
1000eq,SYNTHETIC_COMPONENT_VOLUME,FAST,Q6K00195,100,483760,8,82.974012,"[""FMOD0061"", ""FMOD0083"", ""FMOD0029"", ""FMOD0119"", ""FMOD0120"", ""FMOD0110"", ""FMOD0025"", ""FMOD0073""]",0.3,False,8.0
1000eq,SYNTHETIC_COMPONENT_VOLUME,FAST,Q6K00197,100,483760,57,197.790825,"[""FMOD0069"", ""FMOD0029"", ""FMOD0102"", ""FMOD0114"", ""FMOD0030"", ""FMOD0119"", ""FMOD0005"", ""FMOD0120"", ""FMOD0033"", ""FMOD0036""]",1.0,True,57.0
1000eq,SYNTHETIC_COMPONENT_VOLUME,FAST,Q6K00199,100,483760,58,199.287597,"[""FMOD0067"", ""FMOD0069"", ""FMOD0029"", ""FMOD0102"", ""FMOD0119"", ""FMOD0056"", ""FMOD0120"", ""FMOD0030"", ""FMOD0026"", ""FMOD0023""]",1.0,True,58.0
1000eq,SYNTHETIC_COMPONENT_VOLUME,FAST,Q6K00200,100,483760,3,13.145024,"[""FMOD0051"", ""FMOD0082"", ""FMOD0120""]",0.3,False,3.0
1000eq,SYNTHETIC_COMPONENT_VOLUME,FAST,Q6K00201,100,483760,5,8.633873,"[""FMOD0066"", ""FMOD0055"", ""FMOD0005"", ""FMOD0034"", ""FMOD0050""]",0.2,False,5.0
1000eq,SYNTHETIC_COMPONENT_VOLUME,FAST,Q6K00205,100,483760,17,120.495803,"[""FMOD0051"", ""FMOD0023"", ""FMOD0035"", ""FMOD0020"", ""FMOD0016"", ""FMOD0081"", ""FMOD0029"", ""FMOD0065"", ""FMOD0082"", ""FMOD0030""]",0.8,False,17.0
1000eq,SYNTHETIC_COMPONENT_VOLUME,FAST,Q6K00206,100,483760,18,128.793608,"[""FMOD0016"", ""FMOD0102"", ""FMOD0029"", ""FMOD0023"", ""FMOD0035"", ""FMOD0082"", ""FMOD0081"", ""FMOD0030"", ""FMOD0091"", ""FMOD0034""]",0.6,False,18.0
1000eq,SYNTHETIC_COMPONENT_VOLUME,FAST,Q6K00207,100,483760,22,169.214891,"[""FMOD0023"", ""FMOD0029"", ""FMOD0035"", ""FMOD0120"", ""FMOD0102"", ""FMOD0069"", ""FMOD0119"", ""FMOD0077"", ""FMOD0041"", ""FMOD0114""]",0.8,False,22.0
1000eq,SYNTHETIC_COMPONENT_VOLUME,FAST,Q6K00208,100,483760,22,141.298327,"[""FMOD0102"", ""FMOD0079"", ""FMOD0023"", ""FMOD0030"", ""FMOD0029"", ""FMOD0055"", ""FMOD0036"", ""FMOD0120"", ""FMOD0119"", ""FMOD0020""]",0.7,False,22.0
1000eq,SYNTHETIC_COMPONENT_VOLUME,FAST,Q6K00212,100,483760,11,132.009869,"[""FMOD0060"", ""FMOD0029"", ""FMOD0023"", ""FMOD0075"", ""FMOD0102"", ""FMOD0030"", ""FMOD0055"", ""FMOD0079"", ""FMOD0069"", ""FMOD0051""]",0.5,False,11.0
1000eq,SYNTHETIC_COMPONENT_VOLUME,FAST,Q6K00216,100,483760,14,123.913957,"[""FMOD0016"", ""FMOD0029"", ""FMOD0035"", ""FMOD0023"", ""FMOD0081"", ""FMOD0119"", ""FMOD0114"", ""FMOD0030"", ""FMOD0041"", ""FMOD0036""]",0.7,False,14.0
1000eq,SYNTHETIC_COMPONENT_VOLUME,FAST,Q6K00227,100,483760,8,117.688088,"[""FMOD0096"", ""FMOD0029"", ""FMOD0119"", ""FMOD0056"", ""FMOD0069"", ""FMOD0030"", ""FMOD0041"", ""FMOD0081""]",0.5,False,8.0
1000eq,SYNTHETIC_COMPONENT_VOLUME,FAST,Q6K00232,100,483760,16,104.291813,"[""FMOD0060"", ""FMOD0029"", ""FMOD0023"", ""FMOD0036"", ""FMOD0075"", ""FMOD0102"", ""FMOD0082"", ""FMOD0055"", ""FMOD0079"", ""FMOD0026""]",0.5,False,16.0
1000eq,SYNTHETIC_COMPONENT_VOLUME,FAST,Q6K00235,100,483760,9,121.651968,"[""FMOD0096"", ""FMOD0114"", ""FMOD0029"", ""FMOD0119"", ""FMOD0056"", ""FMOD0069"", ""FMOD0030"", ""FMOD0041"", ""FMOD0081""]",0.7,False,9.0
1000eq,SYNTHETIC_COMPONENT_VOLUME,FAST,Q6K00236,100,483760,21,134.965385,"[""FMOD0036"", ""FMOD0119"", ""FMOD0120"", ""FMOD0056"", ""FMOD0082"", ""FMOD0091"", ""FMOD0029"", ""FMOD0035"", ""FMOD0055"", ""FMOD0078""]",0.7,False,21.0
1000eq,SYNTHETIC_COMPONENT_VOLUME,FAST,Q6K00237,100,483760,11,99.95146,"[""FMOD0067"", ""FMOD0029"", ""FMOD0120"", ""FMOD0023"", ""FMOD0056"", ""FMOD0082"", ""FMOD0035"", ""FMOD0010"", ""FMOD0004"", ""FMOD0022""]",0.6,False,11.0
1000eq,SYNTHETIC_COMPONENT_VOLUME,FAST,Q6K00240,100,483760,49,193.219745,"[""FMOD0069"", ""FMOD0029"", ""FMOD0110"", ""FMOD0104"", ""FMOD0035"", ""FMOD0119"", ""FMOD0043"", ""FMOD0023"", ""FMOD0102"", ""FMOD0083""]",1.0,True,49.0
1000eq,SYNTHETIC_COMPONENT_VOLUME,FAST,Q6K00247,100,483760,58,195.63386,"[""FMOD0069"", ""FMOD0060"", ""FMOD0119"", ""FMOD0029"", ""FMOD0023"", ""FMOD0083"", ""FMOD0025"", ""FMOD0110"", ""FMOD0079"", ""FMOD0003""]",1.0,True,58.0
1000eq,SYNTHETIC_COMPONENT_VOLUME,FAST,Q6K00251,100,483760,17,155.21023,"[""FMOD0044"", ""FMOD0067"", ""FMOD0119"", ""FMOD0029"", ""FMOD0023"", ""FMOD0120"", ""FMOD0035"", ""FMOD0030"", ""FMOD0041"", ""FMOD0102""]",0.8,False,17.0
1000eq,SYNTHETIC_COMPONENT_VOLUME,FAST,Q6K00252,100,483760,52,196.447662,"[""FMOD0043"", ""FMOD0086"", ""FMOD0035"", ""FMOD0023"", ""FMOD0102"", ""FMOD0029"", ""FMOD0096"", ""FMOD0069"", ""FMOD0079"", ""FMOD0024""]",1.0,True,52.0
1000eq,SYNTHETIC_COMPONENT_VOLUME,FAST,Q6K00258,100,483760,56,194.920774,"[""FMOD0096"", ""FMOD0001"", ""FMOD0029"", ""FMOD0041"", ""FMOD0035"", ""FMOD0030"", ""FMOD0056"", ""FMOD0120"", ""FMOD0069"", ""FMOD0119""]",1.0,True,56.0
1000eq,SYNTHETIC_COMPONENT_VOLUME,FAST,Q6K00259,100,483760,52,194.087395,"[""FMOD0043"", ""FMOD0089"", ""FMOD0035"", ""FMOD0102"", ""FMOD0096"", ""FMOD0023"", ""FMOD0029"", ""FMOD0069"", ""FMOD0079"", ""FMOD0024""]",1.0,True,52.0
1000eq,SYNTHETIC_COMPONENT_VOLUME,FAST,Q6K00262,100,483760,60,192.973358,"[""FMOD0069"", ""FMOD0060"", ""FMOD0023"", ""FMOD0025"", ""FMOD0055"", ""FMOD0082"", ""FMOD0100"", ""FMOD0029"", ""FMOD0102"", ""FMOD0119""]",1.0,True,60.0
1000eq,SYNTHETIC_COMPONENT_VOLUME,FAST,Q6K00264,100,483760,14,137.270694,"[""FMOD0043"", ""FMOD0066"", ""FMOD0035"", ""FMOD0056"", ""FMOD0023"", ""FMOD0029"", ""FMOD0102"", ""FMOD0120"", ""FMOD0036"", ""FMOD0110""]",0.6,False,14.0
1000eq,SYNTHETIC_COMPONENT_VOLUME,FAST,Q6K00267,100,483760,37,179.607576,"[""FMOD0022"", ""FMOD0069"", ""FMOD0034"", ""FMOD0082"", ""FMOD0023"", ""FMOD0055"", ""FMOD0025"", ""FMOD0100"", ""FMOD0072"", ""FMOD0035""]",1.0,True,37.0
1000eq,SYNTHETIC_COMPONENT_VOLUME,FAST,Q6K00268,100,483760,55,199.724181,"[""FMOD0077"", ""FMOD0050"", ""FMOD0055"", ""FMOD0083"", ""FMOD0005"", ""FMOD0035"", ""FMOD0114"", ""FMOD0029"", ""FMOD0033"", ""FMOD0069""]",1.0,True,55.0
1000eq,SYNTHETIC_COMPONENT_VOLUME,FAST,Q6K00271,100,483760,28,179.301496,"[""FMOD0086"", ""FMOD0050"", ""FMOD0044"", ""FMOD0120"", ""FMOD0029"", ""FMOD0036"", ""FMOD0069"", ""FMOD0102"", ""FMOD0079"", ""FMOD0082""]",0.8,False,28.0
1000eq,SYNTHETIC_COMPONENT_VOLUME,FAST,Q6K00273,100,483760,12,137.232734,"[""FMOD0023"", ""FMOD0043"", ""FMOD0029"", ""FMOD0102"", ""FMOD0005"", ""FMOD0030"", ""FMOD0120"", ""FMOD0096"", ""FMOD0035"", ""FMOD0069""]",0.6,False,12.0
1000eq,SYNTHETIC_COMPONENT_VOLUME,FAST,Q6K00274,100,483760,36,181.128237,"[""FMOD0004"", ""FMOD0044"", ""FMOD0067"", ""FMOD0113"", ""FMOD0052"", ""FMOD0036"", ""FMOD0114"", ""FMOD0056"", ""FMOD0035"", ""FMOD0020""]",0.9,False,36.0
1000eq,SYNTHETIC_COMPONENT_VOLUME,FAST,Q6K00275,100,483760,32,173.688227,"[""FMOD0086"", ""FMOD0074"", ""FMOD0050"", ""FMOD0029"", ""FMOD0056"", ""FMOD0102"", ""FMOD0035"", ""FMOD0114"", ""FMOD0043"", ""FMOD0023""]",0.9,False,32.0
1000eq,SYNTHETIC_COMPONENT_VOLUME,FAST,Q6K00283,100,483760,20,135.395227,"[""FMOD0036"", ""FMOD0035"", ""FMOD0029"", ""FMOD0023"", ""FMOD0120"", ""FMOD0082"", ""FMOD0114"", ""FMOD0110"", ""FMOD0005"", ""FMOD0055""]",0.6,False,20.0
1000eq,SYNTHETIC_COMPONENT_VOLUME,FAST,Q6K00287,100,483760,47,188.259568,"[""FMOD0003"", ""FMOD0089"", ""FMOD0004"", ""FMOD0063"", ""FMOD0067"", ""FMOD0014"", ""FMOD0113"", ""FMOD0052"", ""FMOD0036"", ""FMOD0114""]",1.0,True,47.0
1000eq,SYNTHETIC_COMPONENT_VOLUME,FAST,Q6K00293,100,483760,51,192.796702,"[""FMOD0074"", ""FMOD0043"", ""FMOD0035"", ""FMOD0029"", ""FMOD0023"", ""FMOD0069"", ""FMOD0102"", ""FMOD0096"", ""FMOD0079"", ""FMOD0024""]",1.0,True,51.0
1000eq,SYNTHETIC_COMPONENT_VOLUME,FAST,Q6K00295,100,483760,50,195.519151,"[""FMOD0066"", ""FMOD0043"", ""FMOD0102"", ""FMOD0029"", ""FMOD0023"", ""FMOD0069"", ""FMOD0035"", ""FMOD0096"", ""FMOD0079"", ""FMOD0119""]",1.0,True,50.0
1000eq,SYNTHETIC_COMPONENT_VOLUME,FAST,Q6K00296,100,483760,20,141.074241,"[""FMOD0060"", ""FMOD0066"", ""FMOD0029"", ""FMOD0102"", ""FMOD0056"", ""FMOD0010"", ""FMOD0036"", ""FMOD0055"", ""FMOD0120"", ""FMOD0023""]",0.8,False,20.0
1000eq,SYNTHETIC_COMPONENT_VOLUME,FAST,Q6K00298,100,483760,62,196.832469,"[""FMOD0074"", ""FMOD0036"", ""FMOD0079"", ""FMOD0119"", ""FMOD0120"", ""FMOD0017"", ""FMOD0091"", ""FMOD0056"", ""FMOD0023"", ""FMOD0083""]",1.0,True,62.0
1000eq,SYNTHETIC_COMPONENT_VOLUME,FAST,Q6K00299,100,483760,14,123.371375,"[""FMOD0040"", ""FMOD0089"", ""FMOD0029"", ""FMOD0035"", ""FMOD0030"", ""FMOD0055"", ""FMOD0023"", ""FMOD0119"", ""FMOD0020"", ""FMOD0041""]",0.7,False,14.0
1000eq,SYNTHETIC_COMPONENT_VOLUME,FAST,Q6K00304,100,483760,31,179.864649,"[""FMOD0077"", ""FMOD0083"", ""FMOD0087"", ""FMOD0023"", ""FMOD0069"", ""FMOD0056"", ""FMOD0020"", ""FMOD0055"", ""FMOD0102"", ""FMOD0025""]",1.0,True,31.0
1000eq,SYNTHETIC_COMPONENT_VOLUME,FAST,Q6K00310,100,483760,19,127.807167,"[""FMOD0074"", ""FMOD0005"", ""FMOD0022"", ""FMOD0034"", ""FMOD0035"", ""FMOD0029"", ""FMOD0055"", ""FMOD0102"", ""FMOD0119"", ""FMOD0120""]",0.6,False,19.0
1000eq,SYNTHETIC_COMPONENT_VOLUME,FAST,Q6K00313,100,483760,61,197.822405,"[""FMOD0061"", ""FMOD0069"", ""FMOD0083"", ""FMOD0066"", ""FMOD0114"", ""FMOD0029"", ""FMOD0036"", ""FMOD0033"", ""FMOD0030"", ""FMOD0120""]",1.0,True,61.0
1000eq,SYNTHETIC_COMPONENT_VOLUME,FAST,Q6K00317,100,483760,13,123.641648,"[""FMOD0061"", ""FMOD0089"", ""FMOD0096"", ""FMOD0029"", ""FMOD0079"", ""FMOD0081"", ""FMOD0056"", ""FMOD0030"", ""FMOD0119"", ""FMOD0069""]",0.5,False,13.0
1000eq,SYNTHETIC_COMPONENT_VOLUME,FAST,Q6K00318,100,483760,28,167.299568,"[""FMOD0086"", ""FMOD0004"", ""FMOD0050"", ""FMOD0082"", ""FMOD0067"", ""FMOD0035"", ""FMOD0102"", ""FMOD0029"", ""FMOD0023"", ""FMOD0079""]",0.6,False,28.0
1000eq,SYNTHETIC_COMPONENT_VOLUME,FAST,Q6K00325,100,483760,23,162.517604,"[""FMOD0086"", ""FMOD0023"", ""FMOD0050"", ""FMOD0044"", ""FMOD0029"", ""FMOD0035"", ""FMOD0030"", ""FMOD0069"", ""FMOD0079"", ""FMOD0056""]",0.8,False,23.0
1000eq,SYNTHETIC_COMPONENT_VOLUME,FAST,Q6K00326,100,483760,25,164.940974,"[""FMOD0099"", ""FMOD0055"", ""FMOD0066"", ""FMOD0010"", ""FMOD0102"", ""FMOD0056"", ""FMOD0112"", ""FMOD0029"", ""FMOD0023"", ""FMOD0081""]",0.9,False,25.0
1000eq,SYNTHETIC_COMPONENT_VOLUME,FAST,Q6K00327,100,483760,14,98.121029,"[""FMOD0016"", ""FMOD0051"", ""FMOD0055"", ""FMOD0114"", ""FMOD0081"", ""FMOD0029"", ""FMOD0030"", ""FMOD0020"", ""FMOD0074"", ""FMOD0119""]",0.6,False,14.0
1000eq,SYNTHETIC_COMPONENT_VOLUME,FAST,Q6K00332,100,483760,15,155.47331,"[""FMOD0044"", ""FMOD0035"", ""FMOD0029"", ""FMOD0030"", ""FMOD0069"", ""FMOD0119"", ""FMOD0041"", ""FMOD0102"", ""FMOD0023"", ""FMOD0055""]",0.7,False,15.0
1000eq,SYNTHETIC_COMPONENT_VOLUME,FAST,Q6K00333,100,483760,57,199.114682,"[""FMOD0069"", ""FMOD0044"", ""FMOD0011"", ""FMOD0119"", ""FMOD0029"", ""FMOD0083"", ""FMOD0025"", ""FMOD0079"", ""FMOD0110"", ""FMOD0035""]",1.0,True,57.0
1000eq,SYNTHETIC_COMPONENT_VOLUME,FAST,Q6K00336,100,483760,37,164.262063,"[""FMOD0014"", ""FMOD0023"", ""FMOD0079"", ""FMOD0035"", ""FMOD0082"", ""FMOD0081"", ""FMOD0029"", ""FMOD0120"", ""FMOD0119"", ""FMOD0102""]",1.0,True,37.0
1000eq,SYNTHETIC_COMPONENT_VOLUME,FAST,Q6K00338,100,483760,18,154.823534,"[""FMOD0074"", ""FMOD0067"", ""FMOD0003"", ""FMOD0056"", ""FMOD0029"", ""FMOD0119"", ""FMOD0102"", ""FMOD0023"", ""FMOD0120"", ""FMOD0069""]",0.6,False,18.0
1000eq,SYNTHETIC_COMPONENT_VOLUME,FAST,Q6K00340,100,483760,10,124.527766,"[""FMOD0025"", ""FMOD0011"", ""FMOD0089"", ""FMOD0029"", ""FMOD0023"", ""FMOD0069"", ""FMOD0119"", ""FMOD0120"", ""FMOD0102"", ""FMOD0110""]",0.7,False,10.0
1000eq,SYNTHETIC_COMPONENT_VOLUME,FAST,Q6K00342,100,483760,60,195.211066,"[""FMOD0087"", ""FMOD0053"", ""FMOD0114"", ""FMOD0023"", ""FMOD0052"", ""FMOD0040"", ""FMOD0069"", ""FMOD0029"", ""FMOD0002"", ""FMOD0056""]",1.0,True,60.0
1000eq,SYNTHETIC_COMPONENT_VOLUME,FAST,Q6K00343,100,483760,19,138.945244,"[""FMOD0087"", ""FMOD0016"", ""FMOD0041"", ""FMOD0055"", ""FMOD0030"", ""FMOD0029"", ""FMOD0023"", ""FMOD0102"", ""FMOD0119"", ""FMOD0082""]",0.8,False,19.0
1000eq,SYNTHETIC_COMPONENT_VOLUME,FAST,Q6K00344,100,483760,32,179.098074,"[""FMOD0023"", ""FMOD0025"", ""FMOD0043"", ""FMOD0069"", ""FMOD0029"", ""FMOD0030"", ""FMOD0082"", ""FMOD0055"", ""FMOD0035"", ""FMOD0040""]",1.0,True,32.0
1000eq,SYNTHETIC_COMPONENT_VOLUME,FAST,Q6K00351,100,483760,19,120.4039,"[""FMOD0005"", ""FMOD0099"", ""FMOD0022"", ""FMOD0034"", ""FMOD0082"", ""FMOD0055"", ""FMOD0029"", ""FMOD0020"", ""FMOD0119"", ""FMOD0030""]",1.0,True,19.0
1000eq,SYNTHETIC_COMPONENT_VOLUME,FAST,Q6K00355,100,483760,59,196.240081,"[""FMOD0043"", ""FMOD0023"", ""FMOD0035"", ""FMOD0077"", ""FMOD0016"", ""FMOD0029"", ""FMOD0102"", ""FMOD0119"", ""FMOD0069"", ""FMOD0030""]",1.0,True,59.0
1000eq,SYNTHETIC_COMPONENT_VOLUME,FAST,Q6K00359,100,483760,28,171.559863,"[""FMOD0086"", ""FMOD0087"", ""FMOD0044"", ""FMOD0081"", ""FMOD0039"", ""FMOD0056"", ""FMOD0029"", ""FMOD0079"", ""FMOD0102"", ""FMOD0036""]",0.9,False,28.0
1000eq,SYNTHETIC_COMPONENT_VOLUME,FAST,Q6K00360,100,483760,13,124.403216,"[""FMOD0066"", ""FMOD0060"", ""FMOD0043"", ""FMOD0030"", ""FMOD0055"", ""FMOD0023"", ""FMOD0102"", ""FMOD0029"", ""FMOD0069"", ""FMOD0005""]",0.5,False,13.0
1000eq,SYNTHETIC_COMPONENT_VOLUME,FAST,Q6K00363,100,483760,38,183.100744,"[""FMOD0066"", ""FMOD0029"", ""FMOD0102"", ""FMOD0056"", ""FMOD0119"", ""FMOD0114"", ""FMOD0069"", ""FMOD0120"", ""FMOD0035"", ""FMOD0023""]",1.0,True,38.0
1000eq,SYNTHETIC_COMPONENT_VOLUME,FAST,Q6K00365,100,483760,14,46.872346,"[""FMOD0087"", ""FMOD0035"", ""FMOD0023"", ""FMOD0119"", ""FMOD0036"", ""FMOD0082"", ""FMOD0081"", ""FMOD0102"", ""FMOD0020"", ""FMOD0039""]",0.6,False,14.0
1000eq,SYNTHETIC_COMPONENT_VOLUME,FAST,Q6K00372,100,483760,19,155.217784,"[""FMOD0023"", ""FMOD0035"", ""FMOD0020"", ""FMOD0016"", ""FMOD0051"", ""FMOD0029"", ""FMOD0030"", ""FMOD0119"", ""FMOD0102"", ""FMOD0069""]",1.0,True,19.0
1000eq,SYNTHETIC_COMPONENT_VOLUME,FAST,Q6K00375,100,483760,62,206.0582,"[""FMOD0099"", ""FMOD0023"", ""FMOD0069"", ""FMOD0025"", ""FMOD0055"", ""FMOD0082"", ""FMOD0029"", ""FMOD0083"", ""FMOD0119"", ""FMOD0035""]",1.0,True,62.0
1000eq,SYNTHETIC_COMPONENT_VOLUME,FAST,Q6K00377,100,483760,30,174.18887,"[""FMOD0082"", ""FMOD0022"", ""FMOD0023"", ""FMOD0069"", ""FMOD0055"", ""FMOD0025"", ""FMOD0100"", ""FMOD0029"", ""FMOD0035"", ""FMOD0036""]",0.8,False,30.0
1000eq,SYNTHETIC_COMPONENT_VOLUME,FAST,Q6K00378,100,483760,56,196.31323,"[""FMOD0010"", ""FMOD0023"", ""FMOD0030"", ""FMOD0041"", ""FMOD0055"", ""FMOD0029"", ""FMOD0083"", ""FMOD0025"", ""FMOD0045"", ""FMOD0079""]",1.0,True,56.0
1000eq,SYNTHETIC_COMPONENT_VOLUME,FAST,Q6K00380,100,483760,33,176.866729,"[""FMOD0023"", ""FMOD0029"", ""FMOD0030"", ""FMOD0035"", ""FMOD0082"", ""FMOD0119"", ""FMOD0102"", ""FMOD0110"", ""FMOD0036"", ""FMOD0120""]",1.0,True,33.0
1000eq,SYNTHETIC_COMPONENT_VOLUME,FAST,Q6K00384,100,483760,18,150.726461,"[""FMOD0083"", ""FMOD0029"", ""FMOD0069"", ""FMOD0120"", ""FMOD0056"", ""FMOD0119"", ""FMOD0055"", ""FMOD0102"", ""FMOD0023"", ""FMOD0041""]",0.6,False,18.0
1000eq,SYNTHETIC_COMPONENT_VOLUME,FAST,Q6K00389,100,483760,25,158.970089,"[""FMOD0055"", ""FMOD0034"", ""FMOD0039"", ""FMOD0065"", ""FMOD0023"", ""FMOD0035"", ""FMOD0029"", ""FMOD0030"", ""FMOD0081"", ""FMOD0102""]",0.8,False,25.0
1000eq,SYNTHETIC_COMPONENT_VOLUME,FAST,Q6K00390,100,483760,49,193.819782,"[""FMOD0023"", ""FMOD0102"", ""FMOD0029"", ""FMOD0119"", ""FMOD0120"", ""FMOD0114"", ""FMOD0069"", ""FMOD0035"", ""FMOD0056"", ""FMOD0082""]",1.0,True,49.0
1000eq,SYNTHETIC_COMPONENT_VOLUME,FAST,Q6K00393,100,483760,24,166.890316,"[""FMOD0029"", ""FMOD0023"", ""FMOD0102"", ""FMOD0119"", ""FMOD0113"", ""FMOD0053"", ""FMOD0083"", ""FMOD0036"", ""FMOD0114"", ""FMOD0035""]",0.7,False,24.0
1000eq,SYNTHETIC_COMPONENT_VOLUME,FAST,Q6K00395,100,483760,46,193.539833,"[""FMOD0053"", ""FMOD0069"", ""FMOD0035"", ""FMOD0023"", ""FMOD0029"", ""FMOD0056"", ""FMOD0119"", ""FMOD0036"", ""FMOD0112"", ""FMOD0004""]",1.0,True,46.0
1000eq,SYNTHETIC_COMPONENT_VOLUME,FAST,Q6K00396,100,483760,21,161.540782,"[""FMOD0066"", ""FMOD0035"", ""FMOD0023"", ""FMOD0051"", ""FMOD0081"", ""FMOD0029"", ""FMOD0119"", ""FMOD0102"", ""FMOD0041"", ""FMOD0120""]",0.8,False,21.0
1000eq,SYNTHETIC_COMPONENT_VOLUME,FAST,Q6K00400,100,483760,64,199.822634,"[""FMOD0023"", ""FMOD0025"", ""FMOD0035"", ""FMOD0069"", ""FMOD0030"", ""FMOD0055"", ""FMOD0078"", ""FMOD0100"", ""FMOD0036"", ""FMOD0056""]",1.0,True,64.0
1000eq,SYNTHETIC_COMPONENT_VOLUME,FAST,Q6K00403,100,483760,39,188.505067,"[""FMOD0035"", ""FMOD0033"", ""FMOD0029"", ""FMOD0119"", ""FMOD0120"", ""FMOD0078"", ""FMOD0024"", ""FMOD0080"", ""FMOD0108"", ""FMOD0102""]",1.0,True,39.0
1000eq,SYNTHETIC_COMPONENT_VOLUME,FAST,Q6K00405,100,483760,12,115.373791,"[""FMOD0016"", ""FMOD0102"", ""FMOD0029"", ""FMOD0023"", ""FMOD0082"", ""FMOD0035"", ""FMOD0055"", ""FMOD0041"", ""FMOD0040"", ""FMOD0110""]",0.6,False,12.0
1000eq,SYNTHETIC_COMPONENT_VOLUME,FAST,Q6K00407,100,483760,16,165.23597,"[""FMOD0005"", ""FMOD0029"", ""FMOD0120"", ""FMOD0069"", ""FMOD0030"", ""FMOD0102"", ""FMOD0023"", ""FMOD0020"", ""FMOD0010"", ""FMOD0110""]",0.8,False,16.0
1000eq,SYNTHETIC_COMPONENT_VOLUME,FAST,Q6K00410,100,483760,13,114.171285,"[""FMOD0005"", ""FMOD0030"", ""FMOD0023"", ""FMOD0082"", ""FMOD0089"", ""FMOD0035"", ""FMOD0055"", ""FMOD0029"", ""FMOD0063"", ""FMOD0034""]",0.8,False,13.0
1000eq,SYNTHETIC_COMPONENT_VOLUME,FAST,Q6K00417,100,483760,24,137.788571,"[""FMOD0051"", ""FMOD0082"", ""FMOD0081"", ""FMOD0035"", ""FMOD0021"", ""FMOD0065"", ""FMOD0036"", ""FMOD0120"", ""FMOD0075"", ""FMOD0069""]",0.6,False,24.0
1000eq,SYNTHETIC_COMPONENT_VOLUME,FAST,Q6K00420,100,483760,36,185.557173,"[""FMOD0036"", ""FMOD0004"", ""FMOD0067"", ""FMOD0119"", ""FMOD0029"", ""FMOD0035"", ""FMOD0079"", ""FMOD0120"", ""FMOD0023"", ""FMOD0055""]",1.0,True,36.0
1000eq,SYNTHETIC_COMPONENT_VOLUME,FAST,Q6K00422,100,483760,20,116.088768,"[""FMOD0053"", ""FMOD0083"", ""FMOD0023"", ""FMOD0081"", ""FMOD0029"", ""FMOD0036"", ""FMOD0091"", ""FMOD0055"", ""FMOD0020"", ""FMOD0102""]",0.5,False,20.0
1000eq,SYNTHETIC_COMPONENT_VOLUME,FAST,Q6K00423,100,483760,38,183.244802,"[""FMOD0061"", ""FMOD0004"", ""FMOD0086"", ""FMOD0035"", ""FMOD0029"", ""FMOD0010"", ""FMOD0033"", ""FMOD0056"", ""FMOD0014"", ""FMOD0102""]",1.0,True,38.0
1000eq,SYNTHETIC_COMPONENT_VOLUME,FAST,Q6K00424,100,483760,39,189.503792,"[""FMOD0053"", ""FMOD0102"", ""FMOD0029"", ""FMOD0082"", ""FMOD0039"", ""FMOD0034"", ""FMOD0023"", ""FMOD0035"", ""FMOD0077"", ""FMOD0114""]",1.0,True,39.0
1000eq,SYNTHETIC_COMPONENT_VOLUME,FAST,Q6K00427,100,483760,19,117.04286,"[""FMOD0081"", ""FMOD0005"", ""FMOD0035"", ""FMOD0082"", ""FMOD0055"", ""FMOD0056"", ""FMOD0043"", ""FMOD0034"", ""FMOD0072"", ""FMOD0002""]",1.0,False,19.0
1000eq,SYNTHETIC_COMPONENT_VOLUME,FAST,Q6K00435,100,483760,24,163.724235,"[""FMOD0099"", ""FMOD0069"", ""FMOD0029"", ""FMOD0119"", ""FMOD0023"", ""FMOD0035"", ""FMOD0102"", ""FMOD0120"", ""FMOD0114"", ""FMOD0110""]",0.8,False,24.0
1000eq,SYNTHETIC_COMPONENT_VOLUME,FAST,Q6K00436,100,483760,36,184.960634,"[""FMOD0099"", ""FMOD0044"", ""FMOD0029"", ""FMOD0030"", ""FMOD0035"", ""FMOD0023"", ""FMOD0119"", ""FMOD0036"", ""FMOD0120"", ""FMOD0069""]",1.0,True,36.0
1000eq,SYNTHETIC_COMPONENT_VOLUME,FAST,Q6K00438,100,483760,9,96.291488,"[""FMOD0022"", ""FMOD0055"", ""FMOD0029"", ""FMOD0030"", ""FMOD0010"", ""FMOD0119"", ""FMOD0096"", ""FMOD0074"", ""FMOD0044""]",0.4,False,9.0
1000eq,SYNTHETIC_COMPONENT_VOLUME,FAST,Q6K00442,100,483760,15,116.489572,"[""FMOD0087"", ""FMOD0029"", ""FMOD0081"", ""FMOD0120"", ""FMOD0102"", ""FMOD0082"", ""FMOD0079"", ""FMOD0119"", ""FMOD0110"", ""FMOD0036""]",0.8,False,15.0
1000eq,SYNTHETIC_COMPONENT_VOLUME,FAST,Q6K00443,100,483760,25,164.255477,"[""FMOD0035"", ""FMOD0011"", ""FMOD0023"", ""FMOD0041"", ""FMOD0082"", ""FMOD0119"", ""FMOD0102"", ""FMOD0079"", ""FMOD0060"", ""FMOD0030""]",0.8,False,25.0
1000eq,SYNTHETIC_COMPONENT_VOLUME,FAST,Q6K00444,100,483760,18,128.424523,"[""FMOD0003"", ""FMOD0022"", ""FMOD0034"", ""FMOD0120"", ""FMOD0119"", ""FMOD0102"", ""FMOD0036"", ""FMOD0023"", ""FMOD0055"", ""FMOD0029""]",0.6,False,18.0
1000eq,SYNTHETIC_COMPONENT_VOLUME,FAST,Q6K00446,100,483760,36,186.916215,"[""FMOD0082"", ""FMOD0067"", ""FMOD0060"", ""FMOD0035"", ""FMOD0023"", ""FMOD0101"", ""FMOD0021"", ""FMOD0097"", ""FMOD0022"", ""FMOD0081""]",1.0,True,36.0
1000eq,SYNTHETIC_COMPONENT_VOLUME,FAST,Q6K00453,100,483760,24,178.458997,"[""FMOD0044"", ""FMOD0079"", ""FMOD0029"", ""FMOD0114"", ""FMOD0030"", ""FMOD0035"", ""FMOD0119"", ""FMOD0120"", ""FMOD0023"", ""FMOD0110""]",0.8,False,24.0
1000eq,SYNTHETIC_COMPONENT_VOLUME,FAST,Q6K00456,100,483760,35,172.810955,"[""FMOD0004"", ""FMOD0016"", ""FMOD0067"", ""FMOD0113"", ""FMOD0052"", ""FMOD0036"", ""FMOD0114"", ""FMOD0029"", ""FMOD0023"", ""FMOD0056""]",0.9,False,35.0
1000eq,SYNTHETIC_COMPONENT_VOLUME,FAST,Q6K00458,100,483760,11,116.552115,"[""FMOD0079"", ""FMOD0016"", ""FMOD0030"", ""FMOD0029"", ""FMOD0102"", ""FMOD0119"", ""FMOD0120"", ""FMOD0041"", ""FMOD0110"", ""FMOD0055""]",0.5,False,11.0
1000eq,SYNTHETIC_COMPONENT_VOLUME,FAST,Q6K00461,100,483760,6,78.489569,"[""FMOD0001"", ""FMOD0003"", ""FMOD0089"", ""FMOD0035"", ""FMOD0029"", ""FMOD0041""]",0.5,False,6.0
1000eq,SYNTHETIC_COMPONENT_VOLUME,FAST,Q6K00465,100,483760,18,124.706083,"[""FMOD0083"", ""FMOD0096"", ""FMOD0029"", ""FMOD0110"", ""FMOD0119"", ""FMOD0005"", ""FMOD0120"", ""FMOD0055"", ""FMOD0041"", ""FMOD0114""]",0.7,False,18.0
1000eq,SYNTHETIC_COMPONENT_VOLUME,FAST,Q6K00470,100,483760,40,182.289957,"[""FMOD0060"", ""FMOD0102"", ""FMOD0029"", ""FMOD0061"", ""FMOD0120"", ""FMOD0119"", ""FMOD0056"", ""FMOD0114"", ""FMOD0069"", ""FMOD0035""]",1.0,True,40.0
1000eq,SYNTHETIC_COMPONENT_VOLUME,FAST,Q6K00471,100,483760,18,144.87676,"[""FMOD0025"", ""FMOD0099"", ""FMOD0029"", ""FMOD0114"", ""FMOD0120"", ""FMOD0023"", ""FMOD0069"", ""FMOD0102"", ""FMOD0110"", ""FMOD0119""]",0.5,False,18.0
1000eq,SYNTHETIC_COMPONENT_VOLUME,FAST,Q6K00473,100,483760,42,183.82392,"[""FMOD0086"", ""FMOD0079"", ""FMOD0056"", ""FMOD0078"", ""FMOD0097"", ""FMOD0036"", ""FMOD0117"", ""FMOD0083"", ""FMOD0119"", ""FMOD0114""]",1.0,True,42.0
1000eq,SYNTHETIC_COMPONENT_VOLUME,FAST,Q6K00479,100,483760,16,119.873738,"[""FMOD0066"", ""FMOD0022"", ""FMOD0034"", ""FMOD0082"", ""FMOD0035"", ""FMOD0029"", ""FMOD0030"", ""FMOD0055"", ""FMOD0102"", ""FMOD0119""]",0.6,False,16.0
1000eq,SYNTHETIC_COMPONENT_VOLUME,FAST,Q6K00481,100,483760,23,165.352678,"[""FMOD0035"", ""FMOD0023"", ""FMOD0051"", ""FMOD0081"", ""FMOD0029"", ""FMOD0119"", ""FMOD0102"", ""FMOD0082"", ""FMOD0120"", ""FMOD0041""]",0.9,False,23.0
1000eq,SYNTHETIC_COMPONENT_VOLUME,FAST,Q6K00484,100,483760,4,80.058151,"[""FMOD0029"", ""FMOD0035"", ""FMOD0114"", ""FMOD0041""]",0.2,False,4.0
1000eq,SYNTHETIC_COMPONENT_VOLUME,FAST,Q6K00485,100,483760,38,181.620018,"[""FMOD0069"", ""FMOD0035"", ""FMOD0023"", ""FMOD0119"", ""FMOD0029"", ""FMOD0056"", ""FMOD0036"", ""FMOD0112"", ""FMOD0067"", ""FMOD0078""]",1.0,True,38.0
1000eq,SYNTHETIC_COMPONENT_VOLUME,FAST,Q6K00489,100,483760,24,155.922277,"[""FMOD0080"", ""FMOD0086"", ""FMOD0015"", ""FMOD0107"", ""FMOD0029"", ""FMOD0023"", ""FMOD0102"", ""FMOD0082"", ""FMOD0030"", ""FMOD0069""]",0.9,False,24.0
1000eq,SYNTHETIC_COMPONENT_VOLUME,FAST,Q6K00495,100,483760,64,199.141742,"[""FMOD0083"", ""FMOD0096"", ""FMOD0029"", ""FMOD0023"", ""FMOD0119"", ""FMOD0035"", ""FMOD0110"", ""FMOD0069"", ""FMOD0036"", ""FMOD0030""]",1.0,True,64.0
1000eq,SYNTHETIC_COMPONENT_VOLUME,FAST,Q6K00498,100,483760,29,160.833677,"[""FMOD0069"", ""FMOD0023"", ""FMOD0055"", ""FMOD0082"", ""FMOD0025"", ""FMOD0100"", ""FMOD0029"", ""FMOD0035"", ""FMOD0120"", ""FMOD0036""]",0.9,False,29.0
1000eq,SYNTHETIC_COMPONENT_VOLUME,FAST,Q6K00507,100,483760,19,125.646457,"[""FMOD0082"", ""FMOD0039"", ""FMOD0034"", ""FMOD0023"", ""FMOD0035"", ""FMOD0065"", ""FMOD0059"", ""FMOD0016"", ""FMOD0021"", ""FMOD0030""]",1.0,False,19.0
1000eq,SYNTHETIC_COMPONENT_VOLUME,FAST,Q6K00511,100,483760,57,200.840791,"[""FMOD0010"", ""FMOD0030"", ""FMOD0041"", ""FMOD0055"", ""FMOD0029"", ""FMOD0083"", ""FMOD0045"", ""FMOD0025"", ""FMOD0079"", ""FMOD0023""]",0.9,False,57.0
1000eq,SYNTHETIC_COMPONENT_VOLUME,FAST,Q6K00512,100,483760,40,158.486346,"[""FMOD0035"", ""FMOD0023"", ""FMOD0119"", ""FMOD0029"", ""FMOD0110"", ""FMOD0108"", ""FMOD0036"", ""FMOD0042"", ""FMOD0107"", ""FMOD0060""]",1.0,True,40.0
1000eq,SYNTHETIC_COMPONENT_VOLUME,FAST,Q6K00513,100,483760,54,193.971322,"[""FMOD0029"", ""FMOD0110"", ""FMOD0056"", ""FMOD0023"", ""FMOD0083"", ""FMOD0119"", ""FMOD0036"", ""FMOD0112"", ""FMOD0078"", ""FMOD0114""]",1.0,False,54.0
1000eq,SYNTHETIC_COMPONENT_VOLUME,FAST,Q6K00517,100,483760,33,191.706491,"[""FMOD0082"", ""FMOD0021"", ""FMOD0081"", ""FMOD0039"", ""FMOD0034"", ""FMOD0029"", ""FMOD0023"", ""FMOD0119"", ""FMOD0102"", ""FMOD0035""]",0.9,False,33.0
1000eq,SYNTHETIC_COMPONENT_VOLUME,FAST,Q6K00518,100,483760,57,198.14626,"[""FMOD0029"", ""FMOD0035"", ""FMOD0102"", ""FMOD0119"", ""FMOD0110"", ""FMOD0096"", ""FMOD0114"", ""FMOD0108"", ""FMOD0018"", ""FMOD0010""]",1.0,True,57.0
1000eq,SYNTHETIC_COMPONENT_VOLUME,FAST,Q6K00523,100,483760,31,173.928969,"[""FMOD0082"", ""FMOD0081"", ""FMOD0039"", ""FMOD0034"", ""FMOD0029"", ""FMOD0035"", ""FMOD0119"", ""FMOD0102"", ""FMOD0120"", ""FMOD0036""]",0.8,False,31.0
1000eq,SYNTHETIC_COMPONENT_VOLUME,FAST,Q6K00528,100,483760,25,172.155179,"[""FMOD0035"", ""FMOD0023"", ""FMOD0051"", ""FMOD0081"", ""FMOD0029"", ""FMOD0119"", ""FMOD0030"", ""FMOD0082"", ""FMOD0102"", ""FMOD0055""]",0.8,False,25.0
1000eq,SYNTHETIC_COMPONENT_VOLUME,FAST,Q6K00530,100,483760,35,181.106028,"[""FMOD0069"", ""FMOD0035"", ""FMOD0023"", ""FMOD0029"", ""FMOD0119"", ""FMOD0056"", ""FMOD0036"", ""FMOD0112"", ""FMOD0067"", ""FMOD0078""]",1.0,True,35.0
1000eq,SYNTHETIC_COMPONENT_VOLUME,FAST,Q6K00531,100,483760,31,186.369278,"[""FMOD0082"", ""FMOD0081"", ""FMOD0029"", ""FMOD0035"", ""FMOD0023"", ""FMOD0119"", ""FMOD0030"", ""FMOD0102"", ""FMOD0110"", ""FMOD0036""]",0.8,False,31.0
1000eq,SYNTHETIC_COMPONENT_VOLUME,FAST,Q6K00533,100,483760,12,134.367857,"[""FMOD0029"", ""FMOD0114"", ""FMOD0023"", ""FMOD0030"", ""FMOD0035"", ""FMOD0069"", ""FMOD0082"", ""FMOD0020"", ""FMOD0010"", ""FMOD0080""]",0.5,False,12.0
1000eq,SYNTHETIC_COMPONENT_VOLUME,FAST,Q6K00535,100,483760,52,173.34751,"[""FMOD0035"", ""FMOD0118"", ""FMOD0102"", ""FMOD0069"", ""FMOD0029"", ""FMOD0030"", ""FMOD0036"", ""FMOD0079"", ""FMOD0120"", ""FMOD0041""]",1.0,True,52.0
1000eq,SYNTHETIC_COMPONENT_VOLUME,FAST,Q6K00537,100,483760,28,162.037816,"[""FMOD0055"", ""FMOD0023"", ""FMOD0069"", ""FMOD0025"", ""FMOD0082"", ""FMOD0100"", ""FMOD0029"", ""FMOD0036"", ""FMOD0035"", ""FMOD0030""]",0.9,False,28.0
1000eq,SYNTHETIC_COMPONENT_VOLUME,FAST,Q6K00538,100,483760,39,186.044634,"[""FMOD0055"", ""FMOD0023"", ""FMOD0025"", ""FMOD0069"", ""FMOD0082"", ""FMOD0100"", ""FMOD0029"", ""FMOD0035"", ""FMOD0114"", ""FMOD0119""]",1.0,False,39.0
1000eq,SYNTHETIC_COMPONENT_VOLUME,BALANCED,Q6K00183,100,483760,92,209.206174,"[""FMOD0023"", ""FMOD0029"", ""FMOD0081"", ""FMOD0036"", ""FMOD0114"", ""FMOD0119"", ""FMOD0035"", ""FMOD0082"", ""FMOD0030"", ""FMOD0120""]",1.0,True,92.0
1000eq,SYNTHETIC_COMPONENT_VOLUME,BALANCED,Q6K00184,100,483760,96,206.214663,"[""FMOD0004"", ""FMOD0067"", ""FMOD0113"", ""FMOD0052"", ""FMOD0036"", ""FMOD0114"", ""FMOD0056"", ""FMOD0101"", ""FMOD0110"", ""FMOD0081""]",1.0,True,96.0
1000eq,SYNTHETIC_COMPONENT_VOLUME,BALANCED,Q6K00193,100,483760,94,211.46053,"[""FMOD0025"", ""FMOD0069"", ""FMOD0023"", ""FMOD0029"", ""FMOD0056"", ""FMOD0055"", ""FMOD0114"", ""FMOD0078"", ""FMOD0096"", ""FMOD0080""]",1.0,True,94.0
1000eq,SYNTHETIC_COMPONENT_VOLUME,BALANCED,Q6K00195,100,483760,91,212.549244,"[""FMOD0061"", ""FMOD0083"", ""FMOD0029"", ""FMOD0056"", ""FMOD0102"", ""FMOD0091"", ""FMOD0023"", ""FMOD0081"", ""FMOD0114"", ""FMOD0030""]",1.0,True,91.0
1000eq,SYNTHETIC_COMPONENT_VOLUME,BALANCED,Q6K00197,100,483760,81,203.812557,"[""FMOD0069"", ""FMOD0029"", ""FMOD0102"", ""FMOD0114"", ""FMOD0030"", ""FMOD0119"", ""FMOD0005"", ""FMOD0120"", ""FMOD0033"", ""FMOD0036""]",1.0,True,81.0
1000eq,SYNTHETIC_COMPONENT_VOLUME,BALANCED,Q6K00199,100,483760,97,213.110265,"[""FMOD0067"", ""FMOD0069"", ""FMOD0029"", ""FMOD0102"", ""FMOD0119"", ""FMOD0056"", ""FMOD0120"", ""FMOD0030"", ""FMOD0026"", ""FMOD0023""]",1.0,True,97.0
1000eq,SYNTHETIC_COMPONENT_VOLUME,BALANCED,Q6K00200,100,483760,88,206.623708,"[""FMOD0051"", ""FMOD0023"", ""FMOD0029"", ""FMOD0035"", ""FMOD0016"", ""FMOD0081"", ""FMOD0120"", ""FMOD0082"", ""FMOD0079"", ""FMOD0020""]",1.0,True,88.0
1000eq,SYNTHETIC_COMPONENT_VOLUME,BALANCED,Q6K00201,100,483760,93,215.014956,"[""FMOD0066"", ""FMOD0055"", ""FMOD0030"", ""FMOD0029"", ""FMOD0010"", ""FMOD0041"", ""FMOD0036"", ""FMOD0102"", ""FMOD0112"", ""FMOD0120""]",1.0,True,93.0
1000eq,SYNTHETIC_COMPONENT_VOLUME,BALANCED,Q6K00205,100,483760,89,208.824328,"[""FMOD0051"", ""FMOD0023"", ""FMOD0035"", ""FMOD0020"", ""FMOD0016"", ""FMOD0081"", ""FMOD0119"", ""FMOD0029"", ""FMOD0065"", ""FMOD0114""]",1.0,True,89.0
1000eq,SYNTHETIC_COMPONENT_VOLUME,BALANCED,Q6K00206,100,483760,90,207.416943,"[""FMOD0016"", ""FMOD0102"", ""FMOD0031"", ""FMOD0029"", ""FMOD0023"", ""FMOD0035"", ""FMOD0082"", ""FMOD0065"", ""FMOD0114"", ""FMOD0033""]",1.0,True,90.0
1000eq,SYNTHETIC_COMPONENT_VOLUME,BALANCED,Q6K00207,100,483760,89,210.956536,"[""FMOD0023"", ""FMOD0029"", ""FMOD0035"", ""FMOD0120"", ""FMOD0102"", ""FMOD0069"", ""FMOD0119"", ""FMOD0077"", ""FMOD0082"", ""FMOD0110""]",1.0,True,89.0
1000eq,SYNTHETIC_COMPONENT_VOLUME,BALANCED,Q6K00208,100,483760,90,204.427475,"[""FMOD0102"", ""FMOD0079"", ""FMOD0023"", ""FMOD0030"", ""FMOD0029"", ""FMOD0055"", ""FMOD0035"", ""FMOD0082"", ""FMOD0036"", ""FMOD0014""]",1.0,True,90.0
1000eq,SYNTHETIC_COMPONENT_VOLUME,BALANCED,Q6K00212,100,483760,96,213.859347,"[""FMOD0060"", ""FMOD0029"", ""FMOD0023"", ""FMOD0082"", ""FMOD0075"", ""FMOD0096"", ""FMOD0102"", ""FMOD0056"", ""FMOD0036"", ""FMOD0081""]",1.0,True,96.0
1000eq,SYNTHETIC_COMPONENT_VOLUME,BALANCED,Q6K00216,100,483760,84,206.161659,"[""FMOD0016"", ""FMOD0029"", ""FMOD0035"", ""FMOD0023"", ""FMOD0081"", ""FMOD0079"", ""FMOD0119"", ""FMOD0102"", ""FMOD0114"", ""FMOD0056""]",1.0,True,84.0
1000eq,SYNTHETIC_COMPONENT_VOLUME,BALANCED,Q6K00227,100,483760,80,204.217047,"[""FMOD0096"", ""FMOD0029"", ""FMOD0023"", ""FMOD0120"", ""FMOD0119"", ""FMOD0035"", ""FMOD0056"", ""FMOD0113"", ""FMOD0069"", ""FMOD0025""]",1.0,True,80.0
1000eq,SYNTHETIC_COMPONENT_VOLUME,BALANCED,Q6K00232,100,483760,94,211.002381,"[""FMOD0060"", ""FMOD0029"", ""FMOD0023"", ""FMOD0086"", ""FMOD0056"", ""FMOD0043"", ""FMOD0110"", ""FMOD0044"", ""FMOD0036"", ""FMOD0075""]",1.0,True,94.0
1000eq,SYNTHETIC_COMPONENT_VOLUME,BALANCED,Q6K00235,100,483760,79,201.367251,"[""FMOD0096"", ""FMOD0114"", ""FMOD0029"", ""FMOD0120"", ""FMOD0119"", ""FMOD0023"", ""FMOD0035"", ""FMOD0056"", ""FMOD0069"", ""FMOD0030""]",1.0,True,79.0
1000eq,SYNTHETIC_COMPONENT_VOLUME,BALANCED,Q6K00236,100,483760,94,203.74926,"[""FMOD0036"", ""FMOD0119"", ""FMOD0079"", ""FMOD0120"", ""FMOD0056"", ""FMOD0086"", ""FMOD0082"", ""FMOD0091"", ""FMOD0029"", ""FMOD0102""]",1.0,True,94.0
1000eq,SYNTHETIC_COMPONENT_VOLUME,BALANCED,Q6K00237,100,483760,96,203.891443,"[""FMOD0067"", ""FMOD0029"", ""FMOD0119"", ""FMOD0120"", ""FMOD0023"", ""FMOD0102"", ""FMOD0056"", ""FMOD0082"", ""FMOD0110"", ""FMOD0069""]",1.0,True,96.0
1000eq,SYNTHETIC_COMPONENT_VOLUME,BALANCED,Q6K00240,100,483760,79,204.354815,"[""FMOD0069"", ""FMOD0029"", ""FMOD0110"", ""FMOD0104"", ""FMOD0035"", ""FMOD0119"", ""FMOD0043"", ""FMOD0023"", ""FMOD0102"", ""FMOD0083""]",1.0,True,79.0
1000eq,SYNTHETIC_COMPONENT_VOLUME,BALANCED,Q6K00247,100,483760,95,206.618976,"[""FMOD0069"", ""FMOD0060"", ""FMOD0119"", ""FMOD0029"", ""FMOD0023"", ""FMOD0083"", ""FMOD0025"", ""FMOD0110"", ""FMOD0079"", ""FMOD0003""]",1.0,True,95.0
1000eq,SYNTHETIC_COMPONENT_VOLUME,BALANCED,Q6K00251,100,483760,90,207.415376,"[""FMOD0044"", ""FMOD0067"", ""FMOD0119"", ""FMOD0029"", ""FMOD0023"", ""FMOD0120"", ""FMOD0113"", ""FMOD0086"", ""FMOD0035"", ""FMOD0030""]",1.0,True,90.0
1000eq,SYNTHETIC_COMPONENT_VOLUME,BALANCED,Q6K00252,100,483760,92,210.067554,"[""FMOD0043"", ""FMOD0086"", ""FMOD0035"", ""FMOD0023"", ""FMOD0102"", ""FMOD0029"", ""FMOD0096"", ""FMOD0069"", ""FMOD0079"", ""FMOD0024""]",1.0,True,92.0
1000eq,SYNTHETIC_COMPONENT_VOLUME,BALANCED,Q6K00258,100,483760,93,207.955968,"[""FMOD0096"", ""FMOD0001"", ""FMOD0029"", ""FMOD0041"", ""FMOD0035"", ""FMOD0030"", ""FMOD0056"", ""FMOD0120"", ""FMOD0069"", ""FMOD0119""]",1.0,True,93.0
1000eq,SYNTHETIC_COMPONENT_VOLUME,BALANCED,Q6K00259,100,483760,93,200.801099,"[""FMOD0043"", ""FMOD0089"", ""FMOD0035"", ""FMOD0102"", ""FMOD0096"", ""FMOD0023"", ""FMOD0029"", ""FMOD0069"", ""FMOD0079"", ""FMOD0024""]",1.0,True,93.0
1000eq,SYNTHETIC_COMPONENT_VOLUME,BALANCED,Q6K00262,100,483760,92,208.661435,"[""FMOD0069"", ""FMOD0060"", ""FMOD0023"", ""FMOD0025"", ""FMOD0055"", ""FMOD0082"", ""FMOD0100"", ""FMOD0029"", ""FMOD0102"", ""FMOD0119""]",1.0,True,92.0
1000eq,SYNTHETIC_COMPONENT_VOLUME,BALANCED,Q6K00264,100,483760,94,208.219811,"[""FMOD0043"", ""FMOD0066"", ""FMOD0035"", ""FMOD0056"", ""FMOD0081"", ""FMOD0082"", ""FMOD0030"", ""FMOD0119"", ""FMOD0023"", ""FMOD0029""]",1.0,True,94.0
1000eq,SYNTHETIC_COMPONENT_VOLUME,BALANCED,Q6K00267,100,483760,94,206.036117,"[""FMOD0022"", ""FMOD0069"", ""FMOD0034"", ""FMOD0082"", ""FMOD0023"", ""FMOD0055"", ""FMOD0025"", ""FMOD0100"", ""FMOD0072"", ""FMOD0035""]",1.0,True,94.0
1000eq,SYNTHETIC_COMPONENT_VOLUME,BALANCED,Q6K00268,100,483760,87,207.437732,"[""FMOD0077"", ""FMOD0050"", ""FMOD0055"", ""FMOD0083"", ""FMOD0005"", ""FMOD0035"", ""FMOD0114"", ""FMOD0029"", ""FMOD0033"", ""FMOD0069""]",1.0,True,87.0
1000eq,SYNTHETIC_COMPONENT_VOLUME,BALANCED,Q6K00271,100,483760,98,203.931864,"[""FMOD0086"", ""FMOD0050"", ""FMOD0044"", ""FMOD0120"", ""FMOD0029"", ""FMOD0036"", ""FMOD0077"", ""FMOD0069"", ""FMOD0102"", ""FMOD0005""]",1.0,True,98.0
1000eq,SYNTHETIC_COMPONENT_VOLUME,BALANCED,Q6K00273,100,483760,87,206.55986,"[""FMOD0023"", ""FMOD0043"", ""FMOD0119"", ""FMOD0079"", ""FMOD0029"", ""FMOD0102"", ""FMOD0056"", ""FMOD0005"", ""FMOD0030"", ""FMOD0075""]",1.0,True,87.0
1000eq,SYNTHETIC_COMPONENT_VOLUME,BALANCED,Q6K00274,100,483760,95,210.761783,"[""FMOD0004"", ""FMOD0044"", ""FMOD0067"", ""FMOD0113"", ""FMOD0052"", ""FMOD0036"", ""FMOD0114"", ""FMOD0056"", ""FMOD0110"", ""FMOD0035""]",1.0,True,95.0
1000eq,SYNTHETIC_COMPONENT_VOLUME,BALANCED,Q6K00275,100,483760,96,204.776728,"[""FMOD0086"", ""FMOD0074"", ""FMOD0050"", ""FMOD0029"", ""FMOD0056"", ""FMOD0102"", ""FMOD0035"", ""FMOD0024"", ""FMOD0114"", ""FMOD0043""]",1.0,True,96.0
1000eq,SYNTHETIC_COMPONENT_VOLUME,BALANCED,Q6K00283,100,483760,92,213.639187,"[""FMOD0036"", ""FMOD0035"", ""FMOD0029"", ""FMOD0023"", ""FMOD0120"", ""FMOD0119"", ""FMOD0079"", ""FMOD0102"", ""FMOD0069"", ""FMOD0082""]",1.0,True,92.0
1000eq,SYNTHETIC_COMPONENT_VOLUME,BALANCED,Q6K00287,100,483760,94,201.008749,"[""FMOD0003"", ""FMOD0089"", ""FMOD0004"", ""FMOD0063"", ""FMOD0067"", ""FMOD0014"", ""FMOD0113"", ""FMOD0052"", ""FMOD0036"", ""FMOD0114""]",1.0,True,94.0
1000eq,SYNTHETIC_COMPONENT_VOLUME,BALANCED,Q6K00293,100,483760,91,208.562241,"[""FMOD0074"", ""FMOD0043"", ""FMOD0035"", ""FMOD0029"", ""FMOD0023"", ""FMOD0069"", ""FMOD0102"", ""FMOD0096"", ""FMOD0079"", ""FMOD0024""]",1.0,True,91.0
1000eq,SYNTHETIC_COMPONENT_VOLUME,BALANCED,Q6K00295,100,483760,90,208.070315,"[""FMOD0066"", ""FMOD0043"", ""FMOD0102"", ""FMOD0029"", ""FMOD0023"", ""FMOD0069"", ""FMOD0035"", ""FMOD0096"", ""FMOD0079"", ""FMOD0119""]",1.0,True,90.0
1000eq,SYNTHETIC_COMPONENT_VOLUME,BALANCED,Q6K00296,100,483760,96,208.23866,"[""FMOD0060"", ""FMOD0066"", ""FMOD0029"", ""FMOD0102"", ""FMOD0056"", ""FMOD0035"", ""FMOD0010"", ""FMOD0110"", ""FMOD0036"", ""FMOD0055""]",1.0,True,96.0
1000eq,SYNTHETIC_COMPONENT_VOLUME,BALANCED,Q6K00298,100,483760,93,206.382027,"[""FMOD0074"", ""FMOD0036"", ""FMOD0079"", ""FMOD0119"", ""FMOD0120"", ""FMOD0017"", ""FMOD0091"", ""FMOD0056"", ""FMOD0023"", ""FMOD0083""]",1.0,True,93.0
1000eq,SYNTHETIC_COMPONENT_VOLUME,BALANCED,Q6K00299,100,483760,89,208.494568,"[""FMOD0040"", ""FMOD0089"", ""FMOD0029"", ""FMOD0035"", ""FMOD0079"", ""FMOD0081"", ""FMOD0030"", ""FMOD0055"", ""FMOD0023"", ""FMOD0056""]",1.0,True,89.0
1000eq,SYNTHETIC_COMPONENT_VOLUME,BALANCED,Q6K00304,100,483760,92,203.470581,"[""FMOD0077"", ""FMOD0083"", ""FMOD0087"", ""FMOD0023"", ""FMOD0069"", ""FMOD0056"", ""FMOD0020"", ""FMOD0055"", ""FMOD0102"", ""FMOD0025""]",1.0,True,92.0
1000eq,SYNTHETIC_COMPONENT_VOLUME,BALANCED,Q6K00310,100,483760,90,206.48808,"[""FMOD0074"", ""FMOD0005"", ""FMOD0022"", ""FMOD0034"", ""FMOD0035"", ""FMOD0053"", ""FMOD0114"", ""FMOD0029"", ""FMOD0033"", ""FMOD0023""]",1.0,True,90.0
1000eq,SYNTHETIC_COMPONENT_VOLUME,BALANCED,Q6K00313,100,483760,92,209.037708,"[""FMOD0061"", ""FMOD0069"", ""FMOD0083"", ""FMOD0066"", ""FMOD0114"", ""FMOD0029"", ""FMOD0036"", ""FMOD0033"", ""FMOD0030"", ""FMOD0120""]",1.0,True,92.0
1000eq,SYNTHETIC_COMPONENT_VOLUME,BALANCED,Q6K00317,100,483760,85,204.705834,"[""FMOD0061"", ""FMOD0089"", ""FMOD0096"", ""FMOD0036"", ""FMOD0029"", ""FMOD0079"", ""FMOD0035"", ""FMOD0055"", ""FMOD0083"", ""FMOD0110""]",1.0,True,85.0
1000eq,SYNTHETIC_COMPONENT_VOLUME,BALANCED,Q6K00318,100,483760,94,214.853218,"[""FMOD0086"", ""FMOD0004"", ""FMOD0050"", ""FMOD0082"", ""FMOD0067"", ""FMOD0035"", ""FMOD0114"", ""FMOD0053"", ""FMOD0081"", ""FMOD0110""]",1.0,True,94.0
1000eq,SYNTHETIC_COMPONENT_VOLUME,BALANCED,Q6K00325,100,483760,90,203.080397,"[""FMOD0086"", ""FMOD0023"", ""FMOD0050"", ""FMOD0044"", ""FMOD0029"", ""FMOD0035"", ""FMOD0030"", ""FMOD0069"", ""FMOD0043"", ""FMOD0082""]",1.0,True,90.0
1000eq,SYNTHETIC_COMPONENT_VOLUME,BALANCED,Q6K00326,100,483760,93,225.622303,"[""FMOD0099"", ""FMOD0055"", ""FMOD0066"", ""FMOD0036"", ""FMOD0010"", ""FMOD0102"", ""FMOD0056"", ""FMOD0112"", ""FMOD0029"", ""FMOD0023""]",1.0,True,93.0
1000eq,SYNTHETIC_COMPONENT_VOLUME,BALANCED,Q6K00327,100,483760,86,207.321603,"[""FMOD0016"", ""FMOD0051"", ""FMOD0055"", ""FMOD0114"", ""FMOD0075"", ""FMOD0081"", ""FMOD0035"", ""FMOD0077"", ""FMOD0023"", ""FMOD0029""]",1.0,True,86.0
1000eq,SYNTHETIC_COMPONENT_VOLUME,BALANCED,Q6K00332,100,483760,95,206.831317,"[""FMOD0044"", ""FMOD0035"", ""FMOD0029"", ""FMOD0069"", ""FMOD0030"", ""FMOD0086"", ""FMOD0120"", ""FMOD0119"", ""FMOD0041"", ""FMOD0050""]",1.0,True,95.0
1000eq,SYNTHETIC_COMPONENT_VOLUME,BALANCED,Q6K00333,100,483760,95,205.71567,"[""FMOD0069"", ""FMOD0044"", ""FMOD0011"", ""FMOD0119"", ""FMOD0029"", ""FMOD0083"", ""FMOD0025"", ""FMOD0079"", ""FMOD0110"", ""FMOD0035""]",1.0,True,95.0
1000eq,SYNTHETIC_COMPONENT_VOLUME,BALANCED,Q6K00336,100,483760,80,208.389383,"[""FMOD0014"", ""FMOD0023"", ""FMOD0079"", ""FMOD0035"", ""FMOD0082"", ""FMOD0081"", ""FMOD0029"", ""FMOD0120"", ""FMOD0119"", ""FMOD0102""]",1.0,True,80.0
1000eq,SYNTHETIC_COMPONENT_VOLUME,BALANCED,Q6K00338,100,483760,96,208.639465,"[""FMOD0074"", ""FMOD0067"", ""FMOD0003"", ""FMOD0056"", ""FMOD0029"", ""FMOD0119"", ""FMOD0035"", ""FMOD0081"", ""FMOD0004"", ""FMOD0082""]",1.0,True,96.0
1000eq,SYNTHETIC_COMPONENT_VOLUME,BALANCED,Q6K00340,100,483760,87,217.716413,"[""FMOD0025"", ""FMOD0011"", ""FMOD0089"", ""FMOD0029"", ""FMOD0023"", ""FMOD0030"", ""FMOD0069"", ""FMOD0035"", ""FMOD0119"", ""FMOD0041""]",1.0,True,87.0
1000eq,SYNTHETIC_COMPONENT_VOLUME,BALANCED,Q6K00342,100,483760,92,207.221631,"[""FMOD0087"", ""FMOD0053"", ""FMOD0114"", ""FMOD0023"", ""FMOD0052"", ""FMOD0040"", ""FMOD0069"", ""FMOD0029"", ""FMOD0002"", ""FMOD0056""]",1.0,True,92.0
1000eq,SYNTHETIC_COMPONENT_VOLUME,BALANCED,Q6K00343,100,483760,97,208.581625,"[""FMOD0087"", ""FMOD0016"", ""FMOD0041"", ""FMOD0055"", ""FMOD0030"", ""FMOD0029"", ""FMOD0023"", ""FMOD0081"", ""FMOD0102"", ""FMOD0056""]",1.0,True,97.0
1000eq,SYNTHETIC_COMPONENT_VOLUME,BALANCED,Q6K00344,100,483760,86,208.810358,"[""FMOD0023"", ""FMOD0025"", ""FMOD0043"", ""FMOD0069"", ""FMOD0029"", ""FMOD0030"", ""FMOD0082"", ""FMOD0055"", ""FMOD0035"", ""FMOD0040""]",1.0,True,86.0
1000eq,SYNTHETIC_COMPONENT_VOLUME,BALANCED,Q6K00351,100,483760,93,207.497797,"[""FMOD0005"", ""FMOD0099"", ""FMOD0022"", ""FMOD0034"", ""FMOD0082"", ""FMOD0055"", ""FMOD0029"", ""FMOD0020"", ""FMOD0119"", ""FMOD0030""]",1.0,True,93.0
1000eq,SYNTHETIC_COMPONENT_VOLUME,BALANCED,Q6K00355,100,483760,85,206.903917,"[""FMOD0043"", ""FMOD0023"", ""FMOD0035"", ""FMOD0077"", ""FMOD0016"", ""FMOD0029"", ""FMOD0102"", ""FMOD0119"", ""FMOD0069"", ""FMOD0030""]",1.0,True,85.0
1000eq,SYNTHETIC_COMPONENT_VOLUME,BALANCED,Q6K00359,100,483760,97,210.578972,"[""FMOD0086"", ""FMOD0087"", ""FMOD0044"", ""FMOD0081"", ""FMOD0039"", ""FMOD0056"", ""FMOD0097"", ""FMOD0029"", ""FMOD0079"", ""FMOD0102""]",1.0,True,97.0
1000eq,SYNTHETIC_COMPONENT_VOLUME,BALANCED,Q6K00360,100,483760,93,204.15663,"[""FMOD0066"", ""FMOD0060"", ""FMOD0043"", ""FMOD0082"", ""FMOD0030"", ""FMOD0035"", ""FMOD0081"", ""FMOD0010"", ""FMOD0055"", ""FMOD0112""]",1.0,True,93.0
1000eq,SYNTHETIC_COMPONENT_VOLUME,BALANCED,Q6K00363,100,483760,95,207.732214,"[""FMOD0066"", ""FMOD0029"", ""FMOD0102"", ""FMOD0056"", ""FMOD0119"", ""FMOD0114"", ""FMOD0069"", ""FMOD0120"", ""FMOD0035"", ""FMOD0023""]",1.0,True,95.0
1000eq,SYNTHETIC_COMPONENT_VOLUME,BALANCED,Q6K00365,100,483760,85,207.909645,"[""FMOD0087"", ""FMOD0029"", ""FMOD0035"", ""FMOD0023"", ""FMOD0065"", ""FMOD0016"", ""FMOD0119"", ""FMOD0039"", ""FMOD0036"", ""FMOD0114""]",1.0,True,85.0
1000eq,SYNTHETIC_COMPONENT_VOLUME,BALANCED,Q6K00372,100,483760,87,206.423032,"[""FMOD0023"", ""FMOD0035"", ""FMOD0020"", ""FMOD0016"", ""FMOD0051"", ""FMOD0029"", ""FMOD0030"", ""FMOD0119"", ""FMOD0102"", ""FMOD0069""]",1.0,True,87.0
1000eq,SYNTHETIC_COMPONENT_VOLUME,BALANCED,Q6K00375,100,483760,88,214.686524,"[""FMOD0099"", ""FMOD0023"", ""FMOD0069"", ""FMOD0025"", ""FMOD0055"", ""FMOD0082"", ""FMOD0029"", ""FMOD0083"", ""FMOD0119"", ""FMOD0035""]",1.0,True,88.0
1000eq,SYNTHETIC_COMPONENT_VOLUME,BALANCED,Q6K00377,100,483760,93,211.937162,"[""FMOD0082"", ""FMOD0022"", ""FMOD0023"", ""FMOD0069"", ""FMOD0055"", ""FMOD0025"", ""FMOD0100"", ""FMOD0034"", ""FMOD0029"", ""FMOD0119""]",1.0,True,93.0
1000eq,SYNTHETIC_COMPONENT_VOLUME,BALANCED,Q6K00378,100,483760,94,210.402472,"[""FMOD0010"", ""FMOD0023"", ""FMOD0030"", ""FMOD0041"", ""FMOD0055"", ""FMOD0029"", ""FMOD0083"", ""FMOD0025"", ""FMOD0045"", ""FMOD0079""]",1.0,True,94.0
1000eq,SYNTHETIC_COMPONENT_VOLUME,BALANCED,Q6K00380,100,483760,88,213.831264,"[""FMOD0023"", ""FMOD0029"", ""FMOD0030"", ""FMOD0035"", ""FMOD0082"", ""FMOD0119"", ""FMOD0102"", ""FMOD0110"", ""FMOD0036"", ""FMOD0120""]",1.0,True,88.0
1000eq,SYNTHETIC_COMPONENT_VOLUME,BALANCED,Q6K00384,100,483760,84,204.600598,"[""FMOD0083"", ""FMOD0029"", ""FMOD0069"", ""FMOD0086"", ""FMOD0035"", ""FMOD0120"", ""FMOD0056"", ""FMOD0030"", ""FMOD0119"", ""FMOD0005""]",1.0,True,84.0
1000eq,SYNTHETIC_COMPONENT_VOLUME,BALANCED,Q6K00389,100,483760,87,211.008589,"[""FMOD0055"", ""FMOD0034"", ""FMOD0039"", ""FMOD0065"", ""FMOD0023"", ""FMOD0082"", ""FMOD0035"", ""FMOD0029"", ""FMOD0030"", ""FMOD0079""]",1.0,True,87.0
1000eq,SYNTHETIC_COMPONENT_VOLUME,BALANCED,Q6K00390,100,483760,94,209.476026,"[""FMOD0023"", ""FMOD0102"", ""FMOD0029"", ""FMOD0119"", ""FMOD0120"", ""FMOD0114"", ""FMOD0069"", ""FMOD0035"", ""FMOD0056"", ""FMOD0082""]",1.0,True,94.0
1000eq,SYNTHETIC_COMPONENT_VOLUME,BALANCED,Q6K00393,100,483760,94,210.479096,"[""FMOD0029"", ""FMOD0023"", ""FMOD0102"", ""FMOD0119"", ""FMOD0041"", ""FMOD0120"", ""FMOD0036"", ""FMOD0030"", ""FMOD0053"", ""FMOD0035""]",1.0,True,94.0
1000eq,SYNTHETIC_COMPONENT_VOLUME,BALANCED,Q6K00395,100,483760,94,208.425446,"[""FMOD0053"", ""FMOD0069"", ""FMOD0035"", ""FMOD0023"", ""FMOD0029"", ""FMOD0056"", ""FMOD0119"", ""FMOD0036"", ""FMOD0112"", ""FMOD0004""]",1.0,True,94.0
1000eq,SYNTHETIC_COMPONENT_VOLUME,BALANCED,Q6K00396,100,483760,94,213.911878,"[""FMOD0066"", ""FMOD0035"", ""FMOD0023"", ""FMOD0051"", ""FMOD0081"", ""FMOD0029"", ""FMOD0119"", ""FMOD0036"", ""FMOD0102"", ""FMOD0010""]",1.0,True,94.0
1000eq,SYNTHETIC_COMPONENT_VOLUME,BALANCED,Q6K00400,100,483760,93,210.743335,"[""FMOD0023"", ""FMOD0025"", ""FMOD0035"", ""FMOD0069"", ""FMOD0030"", ""FMOD0055"", ""FMOD0078"", ""FMOD0100"", ""FMOD0036"", ""FMOD0056""]",1.0,True,93.0
1000eq,SYNTHETIC_COMPONENT_VOLUME,BALANCED,Q6K00403,100,483760,91,218.338806,"[""FMOD0035"", ""FMOD0033"", ""FMOD0029"", ""FMOD0119"", ""FMOD0120"", ""FMOD0078"", ""FMOD0024"", ""FMOD0080"", ""FMOD0108"", ""FMOD0102""]",1.0,True,91.0
1000eq,SYNTHETIC_COMPONENT_VOLUME,BALANCED,Q6K00405,100,483760,93,207.847897,"[""FMOD0016"", ""FMOD0102"", ""FMOD0031"", ""FMOD0056"", ""FMOD0029"", ""FMOD0023"", ""FMOD0082"", ""FMOD0035"", ""FMOD0065"", ""FMOD0114""]",1.0,True,93.0
1000eq,SYNTHETIC_COMPONENT_VOLUME,BALANCED,Q6K00407,100,483760,82,208.520408,"[""FMOD0005"", ""FMOD0029"", ""FMOD0120"", ""FMOD0069"", ""FMOD0102"", ""FMOD0030"", ""FMOD0079"", ""FMOD0119"", ""FMOD0023"", ""FMOD0020""]",1.0,True,82.0
1000eq,SYNTHETIC_COMPONENT_VOLUME,BALANCED,Q6K00410,100,483760,89,205.068306,"[""FMOD0005"", ""FMOD0030"", ""FMOD0023"", ""FMOD0035"", ""FMOD0055"", ""FMOD0029"", ""FMOD0082"", ""FMOD0089"", ""FMOD0024"", ""FMOD0113""]",1.0,True,89.0
1000eq,SYNTHETIC_COMPONENT_VOLUME,BALANCED,Q6K00417,100,483760,96,200.268278,"[""FMOD0051"", ""FMOD0082"", ""FMOD0081"", ""FMOD0102"", ""FMOD0035"", ""FMOD0067"", ""FMOD0021"", ""FMOD0114"", ""FMOD0065"", ""FMOD0119""]",1.0,True,96.0
1000eq,SYNTHETIC_COMPONENT_VOLUME,BALANCED,Q6K00420,100,483760,94,204.063123,"[""FMOD0036"", ""FMOD0004"", ""FMOD0067"", ""FMOD0119"", ""FMOD0029"", ""FMOD0035"", ""FMOD0079"", ""FMOD0120"", ""FMOD0023"", ""FMOD0055""]",1.0,True,94.0
1000eq,SYNTHETIC_COMPONENT_VOLUME,BALANCED,Q6K00422,100,483760,93,201.963106,"[""FMOD0053"", ""FMOD0083"", ""FMOD0035"", ""FMOD0082"", ""FMOD0023"", ""FMOD0029"", ""FMOD0021"", ""FMOD0081"", ""FMOD0051"", ""FMOD0030""]",1.0,True,93.0
1000eq,SYNTHETIC_COMPONENT_VOLUME,BALANCED,Q6K00423,100,483760,96,202.363376,"[""FMOD0061"", ""FMOD0004"", ""FMOD0086"", ""FMOD0035"", ""FMOD0029"", ""FMOD0010"", ""FMOD0033"", ""FMOD0056"", ""FMOD0014"", ""FMOD0102""]",1.0,True,96.0
1000eq,SYNTHETIC_COMPONENT_VOLUME,BALANCED,Q6K00424,100,483760,91,202.886076,"[""FMOD0053"", ""FMOD0102"", ""FMOD0029"", ""FMOD0082"", ""FMOD0039"", ""FMOD0034"", ""FMOD0023"", ""FMOD0035"", ""FMOD0077"", ""FMOD0114""]",1.0,True,91.0
1000eq,SYNTHETIC_COMPONENT_VOLUME,BALANCED,Q6K00427,100,483760,88,206.923713,"[""FMOD0005"", ""FMOD0081"", ""FMOD0035"", ""FMOD0082"", ""FMOD0055"", ""FMOD0056"", ""FMOD0043"", ""FMOD0034"", ""FMOD0072"", ""FMOD0002""]",1.0,True,88.0
1000eq,SYNTHETIC_COMPONENT_VOLUME,BALANCED,Q6K00435,100,483760,87,202.799393,"[""FMOD0099"", ""FMOD0069"", ""FMOD0029"", ""FMOD0119"", ""FMOD0023"", ""FMOD0035"", ""FMOD0102"", ""FMOD0030"", ""FMOD0120"", ""FMOD0010""]",1.0,True,87.0
1000eq,SYNTHETIC_COMPONENT_VOLUME,BALANCED,Q6K00436,100,483760,96,205.815186,"[""FMOD0099"", ""FMOD0044"", ""FMOD0029"", ""FMOD0030"", ""FMOD0035"", ""FMOD0023"", ""FMOD0119"", ""FMOD0036"", ""FMOD0120"", ""FMOD0069""]",1.0,True,96.0
1000eq,SYNTHETIC_COMPONENT_VOLUME,BALANCED,Q6K00438,100,483760,86,209.662628,"[""FMOD0022"", ""FMOD0055"", ""FMOD0029"", ""FMOD0081"", ""FMOD0082"", ""FMOD0030"", ""FMOD0039"", ""FMOD0023"", ""FMOD0102"", ""FMOD0069""]",1.0,True,86.0
1000eq,SYNTHETIC_COMPONENT_VOLUME,BALANCED,Q6K00442,100,483760,83,205.551341,"[""FMOD0087"", ""FMOD0029"", ""FMOD0081"", ""FMOD0120"", ""FMOD0082"", ""FMOD0056"", ""FMOD0102"", ""FMOD0035"", ""FMOD0079"", ""FMOD0119""]",1.0,True,83.0
1000eq,SYNTHETIC_COMPONENT_VOLUME,BALANCED,Q6K00443,100,483760,93,204.624072,"[""FMOD0035"", ""FMOD0011"", ""FMOD0023"", ""FMOD0041"", ""FMOD0082"", ""FMOD0119"", ""FMOD0102"", ""FMOD0114"", ""FMOD0112"", ""FMOD0079""]",1.0,True,93.0
1000eq,SYNTHETIC_COMPONENT_VOLUME,BALANCED,Q6K00444,100,483760,92,204.713712,"[""FMOD0003"", ""FMOD0022"", ""FMOD0034"", ""FMOD0069"", ""FMOD0120"", ""FMOD0119"", ""FMOD0079"", ""FMOD0102"", ""FMOD0005"", ""FMOD0078""]",1.0,True,92.0
1000eq,SYNTHETIC_COMPONENT_VOLUME,BALANCED,Q6K00446,100,483760,93,202.196026,"[""FMOD0082"", ""FMOD0067"", ""FMOD0060"", ""FMOD0035"", ""FMOD0023"", ""FMOD0101"", ""FMOD0021"", ""FMOD0097"", ""FMOD0022"", ""FMOD0081""]",1.0,True,93.0
1000eq,SYNTHETIC_COMPONENT_VOLUME,BALANCED,Q6K00453,100,483760,95,201.98245,"[""FMOD0044"", ""FMOD0079"", ""FMOD0029"", ""FMOD0114"", ""FMOD0119"", ""FMOD0023"", ""FMOD0102"", ""FMOD0120"", ""FMOD0083"", ""FMOD0035""]",1.0,True,95.0
1000eq,SYNTHETIC_COMPONENT_VOLUME,BALANCED,Q6K00456,100,483760,93,208.694978,"[""FMOD0004"", ""FMOD0016"", ""FMOD0067"", ""FMOD0113"", ""FMOD0052"", ""FMOD0036"", ""FMOD0114"", ""FMOD0029"", ""FMOD0023"", ""FMOD0035""]",1.0,True,93.0
1000eq,SYNTHETIC_COMPONENT_VOLUME,BALANCED,Q6K00458,100,483760,85,202.94769,"[""FMOD0079"", ""FMOD0023"", ""FMOD0016"", ""FMOD0035"", ""FMOD0029"", ""FMOD0030"", ""FMOD0081"", ""FMOD0020"", ""FMOD0102"", ""FMOD0082""]",1.0,False,85.0
1000eq,SYNTHETIC_COMPONENT_VOLUME,BALANCED,Q6K00461,100,483760,92,202.226011,"[""FMOD0001"", ""FMOD0003"", ""FMOD0089"", ""FMOD0030"", ""FMOD0035"", ""FMOD0029"", ""FMOD0051"", ""FMOD0120"", ""FMOD0023"", ""FMOD0036""]",1.0,True,92.0
1000eq,SYNTHETIC_COMPONENT_VOLUME,BALANCED,Q6K00465,100,483760,98,198.925703,"[""FMOD0083"", ""FMOD0096"", ""FMOD0029"", ""FMOD0023"", ""FMOD0036"", ""FMOD0110"", ""FMOD0119"", ""FMOD0035"", ""FMOD0005"", ""FMOD0120""]",1.0,True,98.0
1000eq,SYNTHETIC_COMPONENT_VOLUME,BALANCED,Q6K00470,100,483760,91,217.386396,"[""FMOD0060"", ""FMOD0102"", ""FMOD0029"", ""FMOD0061"", ""FMOD0120"", ""FMOD0119"", ""FMOD0056"", ""FMOD0114"", ""FMOD0069"", ""FMOD0035""]",1.0,True,91.0
1000eq,SYNTHETIC_COMPONENT_VOLUME,BALANCED,Q6K00471,100,483760,91,206.844966,"[""FMOD0025"", ""FMOD0099"", ""FMOD0029"", ""FMOD0024"", ""FMOD0114"", ""FMOD0005"", ""FMOD0014"", ""FMOD0113"", ""FMOD0083"", ""FMOD0120""]",1.0,True,91.0
1000eq,SYNTHETIC_COMPONENT_VOLUME,BALANCED,Q6K00473,100,483760,97,205.897209,"[""FMOD0086"", ""FMOD0079"", ""FMOD0056"", ""FMOD0078"", ""FMOD0097"", ""FMOD0036"", ""FMOD0117"", ""FMOD0083"", ""FMOD0119"", ""FMOD0114""]",1.0,True,97.0
1000eq,SYNTHETIC_COMPONENT_VOLUME,BALANCED,Q6K00479,100,483760,89,199.837707,"[""FMOD0066"", ""FMOD0022"", ""FMOD0034"", ""FMOD0082"", ""FMOD0023"", ""FMOD0035"", ""FMOD0079"", ""FMOD0036"", ""FMOD0029"", ""FMOD0112""]",1.0,True,89.0
1000eq,SYNTHETIC_COMPONENT_VOLUME,BALANCED,Q6K00481,100,483760,94,207.824595,"[""FMOD0035"", ""FMOD0023"", ""FMOD0051"", ""FMOD0081"", ""FMOD0029"", ""FMOD0119"", ""FMOD0102"", ""FMOD0082"", ""FMOD0120"", ""FMOD0036""]",1.0,True,94.0
1000eq,SYNTHETIC_COMPONENT_VOLUME,BALANCED,Q6K00484,100,483760,84,218.98038,"[""FMOD0029"", ""FMOD0035"", ""FMOD0030"", ""FMOD0023"", ""FMOD0119"", ""FMOD0082"", ""FMOD0051"", ""FMOD0120"", ""FMOD0016"", ""FMOD0069""]",1.0,True,84.0
1000eq,SYNTHETIC_COMPONENT_VOLUME,BALANCED,Q6K00485,100,483760,91,202.786179,"[""FMOD0069"", ""FMOD0035"", ""FMOD0023"", ""FMOD0119"", ""FMOD0029"", ""FMOD0056"", ""FMOD0036"", ""FMOD0112"", ""FMOD0067"", ""FMOD0078""]",1.0,True,91.0
1000eq,SYNTHETIC_COMPONENT_VOLUME,BALANCED,Q6K00489,100,483760,91,201.934475,"[""FMOD0080"", ""FMOD0086"", ""FMOD0015"", ""FMOD0107"", ""FMOD0029"", ""FMOD0023"", ""FMOD0119"", ""FMOD0030"", ""FMOD0102"", ""FMOD0069""]",1.0,True,91.0
1000eq,SYNTHETIC_COMPONENT_VOLUME,BALANCED,Q6K00495,100,483760,99,204.584823,"[""FMOD0083"", ""FMOD0096"", ""FMOD0029"", ""FMOD0023"", ""FMOD0119"", ""FMOD0035"", ""FMOD0110"", ""FMOD0069"", ""FMOD0036"", ""FMOD0030""]",1.0,True,99.0
1000eq,SYNTHETIC_COMPONENT_VOLUME,BALANCED,Q6K00498,100,483760,94,199.227307,"[""FMOD0055"", ""FMOD0023"", ""FMOD0069"", ""FMOD0082"", ""FMOD0025"", ""FMOD0100"", ""FMOD0029"", ""FMOD0035"", ""FMOD0102"", ""FMOD0036""]",1.0,False,94.0
1000eq,SYNTHETIC_COMPONENT_VOLUME,BALANCED,Q6K00507,100,483760,88,202.281884,"[""FMOD0082"", ""FMOD0039"", ""FMOD0034"", ""FMOD0023"", ""FMOD0035"", ""FMOD0065"", ""FMOD0016"", ""FMOD0059"", ""FMOD0021"", ""FMOD0030""]",1.0,True,88.0
1000eq,SYNTHETIC_COMPONENT_VOLUME,BALANCED,Q6K00511,100,483760,92,200.595413,"[""FMOD0010"", ""FMOD0030"", ""FMOD0041"", ""FMOD0055"", ""FMOD0029"", ""FMOD0083"", ""FMOD0045"", ""FMOD0025"", ""FMOD0079"", ""FMOD0102""]",1.0,True,92.0
1000eq,SYNTHETIC_COMPONENT_VOLUME,BALANCED,Q6K00512,100,483760,95,207.546939,"[""FMOD0035"", ""FMOD0023"", ""FMOD0119"", ""FMOD0029"", ""FMOD0110"", ""FMOD0108"", ""FMOD0036"", ""FMOD0042"", ""FMOD0107"", ""FMOD0060""]",1.0,True,95.0
1000eq,SYNTHETIC_COMPONENT_VOLUME,BALANCED,Q6K00513,100,483760,98,214.318208,"[""FMOD0029"", ""FMOD0110"", ""FMOD0056"", ""FMOD0023"", ""FMOD0083"", ""FMOD0119"", ""FMOD0112"", ""FMOD0036"", ""FMOD0078"", ""FMOD0114""]",1.0,True,98.0
1000eq,SYNTHETIC_COMPONENT_VOLUME,BALANCED,Q6K00517,100,483760,88,211.264034,"[""FMOD0082"", ""FMOD0021"", ""FMOD0081"", ""FMOD0039"", ""FMOD0034"", ""FMOD0029"", ""FMOD0023"", ""FMOD0119"", ""FMOD0102"", ""FMOD0051""]",1.0,True,88.0
1000eq,SYNTHETIC_COMPONENT_VOLUME,BALANCED,Q6K00518,100,483760,90,211.426535,"[""FMOD0029"", ""FMOD0035"", ""FMOD0102"", ""FMOD0119"", ""FMOD0110"", ""FMOD0096"", ""FMOD0114"", ""FMOD0108"", ""FMOD0018"", ""FMOD0010""]",1.0,True,90.0
1000eq,SYNTHETIC_COMPONENT_VOLUME,BALANCED,Q6K00523,100,483760,89,209.106587,"[""FMOD0082"", ""FMOD0081"", ""FMOD0039"", ""FMOD0034"", ""FMOD0029"", ""FMOD0035"", ""FMOD0119"", ""FMOD0023"", ""FMOD0102"", ""FMOD0051""]",1.0,True,89.0
1000eq,SYNTHETIC_COMPONENT_VOLUME,BALANCED,Q6K00528,100,483760,93,214.243801,"[""FMOD0035"", ""FMOD0023"", ""FMOD0051"", ""FMOD0081"", ""FMOD0029"", ""FMOD0079"", ""FMOD0119"", ""FMOD0082"", ""FMOD0005"", ""FMOD0030""]",1.0,True,93.0
1000eq,SYNTHETIC_COMPONENT_VOLUME,BALANCED,Q6K00530,100,483760,88,213.107753,"[""FMOD0069"", ""FMOD0035"", ""FMOD0023"", ""FMOD0029"", ""FMOD0119"", ""FMOD0056"", ""FMOD0036"", ""FMOD0112"", ""FMOD0067"", ""FMOD0078""]",1.0,True,88.0
1000eq,SYNTHETIC_COMPONENT_VOLUME,BALANCED,Q6K00531,100,483760,87,212.805025,"[""FMOD0082"", ""FMOD0081"", ""FMOD0029"", ""FMOD0035"", ""FMOD0023"", ""FMOD0119"", ""FMOD0034"", ""FMOD0102"", ""FMOD0030"", ""FMOD0065""]",1.0,True,87.0
1000eq,SYNTHETIC_COMPONENT_VOLUME,BALANCED,Q6K00533,100,483760,91,209.788251,"[""FMOD0029"", ""FMOD0119"", ""FMOD0023"", ""FMOD0030"", ""FMOD0036"", ""FMOD0035"", ""FMOD0114"", ""FMOD0102"", ""FMOD0120"", ""FMOD0110""]",1.0,True,91.0
1000eq,SYNTHETIC_COMPONENT_VOLUME,BALANCED,Q6K00535,100,483760,93,183.25858,"[""FMOD0035"", ""FMOD0118"", ""FMOD0102"", ""FMOD0069"", ""FMOD0029"", ""FMOD0030"", ""FMOD0036"", ""FMOD0079"", ""FMOD0120"", ""FMOD0041""]",1.0,True,93.0
1000eq,SYNTHETIC_COMPONENT_VOLUME,BALANCED,Q6K00537,100,483760,93,210.545984,"[""FMOD0055"", ""FMOD0023"", ""FMOD0069"", ""FMOD0025"", ""FMOD0082"", ""FMOD0100"", ""FMOD0029"", ""FMOD0119"", ""FMOD0036"", ""FMOD0035""]",1.0,False,93.0
1000eq,SYNTHETIC_COMPONENT_VOLUME,BALANCED,Q6K00538,100,483760,88,210.233201,"[""FMOD0055"", ""FMOD0023"", ""FMOD0069"", ""FMOD0025"", ""FMOD0082"", ""FMOD0100"", ""FMOD0029"", ""FMOD0035"", ""FMOD0114"", ""FMOD0119""]",1.0,True,88.0
1000eq,SYNTHETIC_COMPONENT_VOLUME,HIGH_RECALL,Q6K00183,100,483760,100,207.8793,"[""FMOD0023"", ""FMOD0029"", ""FMOD0081"", ""FMOD0036"", ""FMOD0114"", ""FMOD0119"", ""FMOD0035"", ""FMOD0082"", ""FMOD0030"", ""FMOD0120""]",1.0,True,100.0
1000eq,SYNTHETIC_COMPONENT_VOLUME,HIGH_RECALL,Q6K00184,100,483760,99,213.979088,"[""FMOD0004"", ""FMOD0067"", ""FMOD0113"", ""FMOD0052"", ""FMOD0036"", ""FMOD0114"", ""FMOD0056"", ""FMOD0101"", ""FMOD0110"", ""FMOD0081""]",1.0,True,99.0
1000eq,SYNTHETIC_COMPONENT_VOLUME,HIGH_RECALL,Q6K00193,100,483760,100,211.557171,"[""FMOD0025"", ""FMOD0069"", ""FMOD0023"", ""FMOD0029"", ""FMOD0056"", ""FMOD0055"", ""FMOD0114"", ""FMOD0078"", ""FMOD0096"", ""FMOD0080""]",1.0,True,100.0
1000eq,SYNTHETIC_COMPONENT_VOLUME,HIGH_RECALL,Q6K00195,100,483760,99,209.538357,"[""FMOD0061"", ""FMOD0083"", ""FMOD0029"", ""FMOD0056"", ""FMOD0102"", ""FMOD0091"", ""FMOD0023"", ""FMOD0081"", ""FMOD0114"", ""FMOD0030""]",1.0,True,99.0
1000eq,SYNTHETIC_COMPONENT_VOLUME,HIGH_RECALL,Q6K00197,100,483760,100,206.941491,"[""FMOD0069"", ""FMOD0029"", ""FMOD0102"", ""FMOD0114"", ""FMOD0030"", ""FMOD0119"", ""FMOD0005"", ""FMOD0120"", ""FMOD0033"", ""FMOD0036""]",1.0,True,100.0
1000eq,SYNTHETIC_COMPONENT_VOLUME,HIGH_RECALL,Q6K00199,100,483760,100,209.72675,"[""FMOD0067"", ""FMOD0069"", ""FMOD0029"", ""FMOD0102"", ""FMOD0119"", ""FMOD0056"", ""FMOD0120"", ""FMOD0030"", ""FMOD0026"", ""FMOD0023""]",1.0,True,100.0
1000eq,SYNTHETIC_COMPONENT_VOLUME,HIGH_RECALL,Q6K00200,100,483760,99,208.452781,"[""FMOD0051"", ""FMOD0023"", ""FMOD0029"", ""FMOD0035"", ""FMOD0016"", ""FMOD0081"", ""FMOD0120"", ""FMOD0082"", ""FMOD0079"", ""FMOD0020""]",1.0,True,99.0
1000eq,SYNTHETIC_COMPONENT_VOLUME,HIGH_RECALL,Q6K00201,100,483760,100,208.486239,"[""FMOD0066"", ""FMOD0055"", ""FMOD0030"", ""FMOD0029"", ""FMOD0010"", ""FMOD0041"", ""FMOD0036"", ""FMOD0102"", ""FMOD0112"", ""FMOD0120""]",1.0,True,100.0
1000eq,SYNTHETIC_COMPONENT_VOLUME,HIGH_RECALL,Q6K00205,100,483760,100,209.499681,"[""FMOD0051"", ""FMOD0023"", ""FMOD0035"", ""FMOD0020"", ""FMOD0016"", ""FMOD0081"", ""FMOD0119"", ""FMOD0029"", ""FMOD0065"", ""FMOD0114""]",1.0,True,100.0
1000eq,SYNTHETIC_COMPONENT_VOLUME,HIGH_RECALL,Q6K00206,100,483760,100,210.472675,"[""FMOD0016"", ""FMOD0102"", ""FMOD0031"", ""FMOD0029"", ""FMOD0023"", ""FMOD0035"", ""FMOD0082"", ""FMOD0065"", ""FMOD0114"", ""FMOD0033""]",1.0,True,100.0
1000eq,SYNTHETIC_COMPONENT_VOLUME,HIGH_RECALL,Q6K00207,100,483760,99,208.694523,"[""FMOD0023"", ""FMOD0029"", ""FMOD0035"", ""FMOD0120"", ""FMOD0102"", ""FMOD0069"", ""FMOD0119"", ""FMOD0077"", ""FMOD0082"", ""FMOD0110""]",1.0,True,99.0
1000eq,SYNTHETIC_COMPONENT_VOLUME,HIGH_RECALL,Q6K00208,100,483760,100,208.361149,"[""FMOD0102"", ""FMOD0079"", ""FMOD0023"", ""FMOD0030"", ""FMOD0029"", ""FMOD0055"", ""FMOD0035"", ""FMOD0082"", ""FMOD0036"", ""FMOD0014""]",1.0,True,100.0
1000eq,SYNTHETIC_COMPONENT_VOLUME,HIGH_RECALL,Q6K00212,100,483760,99,207.78882,"[""FMOD0060"", ""FMOD0029"", ""FMOD0023"", ""FMOD0082"", ""FMOD0075"", ""FMOD0096"", ""FMOD0102"", ""FMOD0056"", ""FMOD0036"", ""FMOD0081""]",1.0,True,99.0
1000eq,SYNTHETIC_COMPONENT_VOLUME,HIGH_RECALL,Q6K00216,100,483760,99,208.094296,"[""FMOD0016"", ""FMOD0029"", ""FMOD0035"", ""FMOD0023"", ""FMOD0081"", ""FMOD0079"", ""FMOD0119"", ""FMOD0102"", ""FMOD0114"", ""FMOD0056""]",1.0,True,99.0
1000eq,SYNTHETIC_COMPONENT_VOLUME,HIGH_RECALL,Q6K00227,100,483760,99,209.103056,"[""FMOD0096"", ""FMOD0029"", ""FMOD0023"", ""FMOD0120"", ""FMOD0119"", ""FMOD0035"", ""FMOD0056"", ""FMOD0113"", ""FMOD0069"", ""FMOD0025""]",1.0,True,99.0
1000eq,SYNTHETIC_COMPONENT_VOLUME,HIGH_RECALL,Q6K00232,100,483760,100,209.153297,"[""FMOD0060"", ""FMOD0029"", ""FMOD0023"", ""FMOD0086"", ""FMOD0056"", ""FMOD0043"", ""FMOD0110"", ""FMOD0044"", ""FMOD0036"", ""FMOD0075""]",1.0,True,100.0
1000eq,SYNTHETIC_COMPONENT_VOLUME,HIGH_RECALL,Q6K00235,100,483760,99,205.87732,"[""FMOD0096"", ""FMOD0114"", ""FMOD0029"", ""FMOD0120"", ""FMOD0119"", ""FMOD0023"", ""FMOD0035"", ""FMOD0056"", ""FMOD0069"", ""FMOD0030""]",1.0,True,99.0
1000eq,SYNTHETIC_COMPONENT_VOLUME,HIGH_RECALL,Q6K00236,100,483760,99,211.198246,"[""FMOD0036"", ""FMOD0119"", ""FMOD0079"", ""FMOD0120"", ""FMOD0056"", ""FMOD0086"", ""FMOD0082"", ""FMOD0091"", ""FMOD0029"", ""FMOD0102""]",1.0,True,99.0
1000eq,SYNTHETIC_COMPONENT_VOLUME,HIGH_RECALL,Q6K00237,100,483760,100,207.045588,"[""FMOD0067"", ""FMOD0029"", ""FMOD0119"", ""FMOD0120"", ""FMOD0023"", ""FMOD0102"", ""FMOD0056"", ""FMOD0082"", ""FMOD0110"", ""FMOD0069""]",1.0,True,100.0
1000eq,SYNTHETIC_COMPONENT_VOLUME,HIGH_RECALL,Q6K00240,100,483760,100,211.054469,"[""FMOD0069"", ""FMOD0029"", ""FMOD0110"", ""FMOD0104"", ""FMOD0035"", ""FMOD0119"", ""FMOD0043"", ""FMOD0023"", ""FMOD0102"", ""FMOD0083""]",1.0,True,100.0
1000eq,SYNTHETIC_COMPONENT_VOLUME,HIGH_RECALL,Q6K00247,100,483760,100,206.153861,"[""FMOD0069"", ""FMOD0060"", ""FMOD0119"", ""FMOD0029"", ""FMOD0023"", ""FMOD0083"", ""FMOD0025"", ""FMOD0110"", ""FMOD0079"", ""FMOD0003""]",1.0,True,100.0
1000eq,SYNTHETIC_COMPONENT_VOLUME,HIGH_RECALL,Q6K00251,100,483760,100,210.522774,"[""FMOD0044"", ""FMOD0067"", ""FMOD0119"", ""FMOD0029"", ""FMOD0023"", ""FMOD0120"", ""FMOD0113"", ""FMOD0086"", ""FMOD0035"", ""FMOD0030""]",1.0,True,100.0
1000eq,SYNTHETIC_COMPONENT_VOLUME,HIGH_RECALL,Q6K00252,100,483760,99,208.094999,"[""FMOD0043"", ""FMOD0086"", ""FMOD0035"", ""FMOD0023"", ""FMOD0102"", ""FMOD0029"", ""FMOD0096"", ""FMOD0069"", ""FMOD0079"", ""FMOD0024""]",1.0,True,99.0
1000eq,SYNTHETIC_COMPONENT_VOLUME,HIGH_RECALL,Q6K00258,100,483760,100,209.070782,"[""FMOD0096"", ""FMOD0001"", ""FMOD0029"", ""FMOD0041"", ""FMOD0035"", ""FMOD0030"", ""FMOD0056"", ""FMOD0120"", ""FMOD0069"", ""FMOD0119""]",1.0,True,100.0
1000eq,SYNTHETIC_COMPONENT_VOLUME,HIGH_RECALL,Q6K00259,100,483760,99,213.814448,"[""FMOD0043"", ""FMOD0089"", ""FMOD0035"", ""FMOD0102"", ""FMOD0096"", ""FMOD0023"", ""FMOD0029"", ""FMOD0069"", ""FMOD0079"", ""FMOD0024""]",1.0,True,99.0
1000eq,SYNTHETIC_COMPONENT_VOLUME,HIGH_RECALL,Q6K00262,100,483760,100,208.387694,"[""FMOD0069"", ""FMOD0060"", ""FMOD0023"", ""FMOD0025"", ""FMOD0055"", ""FMOD0082"", ""FMOD0100"", ""FMOD0029"", ""FMOD0102"", ""FMOD0119""]",1.0,True,100.0
1000eq,SYNTHETIC_COMPONENT_VOLUME,HIGH_RECALL,Q6K00264,100,483760,100,207.267773,"[""FMOD0043"", ""FMOD0066"", ""FMOD0035"", ""FMOD0056"", ""FMOD0081"", ""FMOD0082"", ""FMOD0030"", ""FMOD0119"", ""FMOD0023"", ""FMOD0029""]",1.0,True,100.0
1000eq,SYNTHETIC_COMPONENT_VOLUME,HIGH_RECALL,Q6K00267,100,483760,100,209.92977,"[""FMOD0022"", ""FMOD0069"", ""FMOD0034"", ""FMOD0082"", ""FMOD0023"", ""FMOD0055"", ""FMOD0025"", ""FMOD0100"", ""FMOD0072"", ""FMOD0035""]",1.0,True,100.0
1000eq,SYNTHETIC_COMPONENT_VOLUME,HIGH_RECALL,Q6K00268,100,483760,98,213.159565,"[""FMOD0077"", ""FMOD0050"", ""FMOD0055"", ""FMOD0083"", ""FMOD0005"", ""FMOD0035"", ""FMOD0114"", ""FMOD0029"", ""FMOD0033"", ""FMOD0069""]",1.0,True,98.0
1000eq,SYNTHETIC_COMPONENT_VOLUME,HIGH_RECALL,Q6K00271,100,483760,99,211.157355,"[""FMOD0086"", ""FMOD0050"", ""FMOD0044"", ""FMOD0120"", ""FMOD0029"", ""FMOD0036"", ""FMOD0077"", ""FMOD0069"", ""FMOD0102"", ""FMOD0005""]",1.0,True,99.0
1000eq,SYNTHETIC_COMPONENT_VOLUME,HIGH_RECALL,Q6K00273,100,483760,99,213.841839,"[""FMOD0023"", ""FMOD0043"", ""FMOD0119"", ""FMOD0079"", ""FMOD0029"", ""FMOD0102"", ""FMOD0056"", ""FMOD0005"", ""FMOD0030"", ""FMOD0075""]",1.0,True,99.0
1000eq,SYNTHETIC_COMPONENT_VOLUME,HIGH_RECALL,Q6K00274,100,483760,100,206.329073,"[""FMOD0004"", ""FMOD0044"", ""FMOD0067"", ""FMOD0113"", ""FMOD0052"", ""FMOD0036"", ""FMOD0114"", ""FMOD0056"", ""FMOD0110"", ""FMOD0035""]",1.0,True,100.0
1000eq,SYNTHETIC_COMPONENT_VOLUME,HIGH_RECALL,Q6K00275,100,483760,98,207.889608,"[""FMOD0086"", ""FMOD0074"", ""FMOD0050"", ""FMOD0029"", ""FMOD0056"", ""FMOD0102"", ""FMOD0035"", ""FMOD0024"", ""FMOD0114"", ""FMOD0043""]",1.0,True,98.0
1000eq,SYNTHETIC_COMPONENT_VOLUME,HIGH_RECALL,Q6K00283,100,483760,99,208.472661,"[""FMOD0036"", ""FMOD0035"", ""FMOD0029"", ""FMOD0023"", ""FMOD0120"", ""FMOD0119"", ""FMOD0079"", ""FMOD0102"", ""FMOD0069"", ""FMOD0082""]",1.0,True,99.0
1000eq,SYNTHETIC_COMPONENT_VOLUME,HIGH_RECALL,Q6K00287,100,483760,100,210.175199,"[""FMOD0003"", ""FMOD0089"", ""FMOD0004"", ""FMOD0063"", ""FMOD0067"", ""FMOD0014"", ""FMOD0113"", ""FMOD0052"", ""FMOD0036"", ""FMOD0114""]",1.0,True,100.0
1000eq,SYNTHETIC_COMPONENT_VOLUME,HIGH_RECALL,Q6K00293,100,483760,100,208.961187,"[""FMOD0074"", ""FMOD0043"", ""FMOD0035"", ""FMOD0029"", ""FMOD0023"", ""FMOD0069"", ""FMOD0102"", ""FMOD0096"", ""FMOD0079"", ""FMOD0024""]",1.0,True,100.0
1000eq,SYNTHETIC_COMPONENT_VOLUME,HIGH_RECALL,Q6K00295,100,483760,100,209.869638,"[""FMOD0066"", ""FMOD0043"", ""FMOD0102"", ""FMOD0029"", ""FMOD0023"", ""FMOD0069"", ""FMOD0035"", ""FMOD0096"", ""FMOD0079"", ""FMOD0119""]",1.0,True,100.0
1000eq,SYNTHETIC_COMPONENT_VOLUME,HIGH_RECALL,Q6K00296,100,483760,99,206.979462,"[""FMOD0060"", ""FMOD0066"", ""FMOD0029"", ""FMOD0102"", ""FMOD0056"", ""FMOD0035"", ""FMOD0010"", ""FMOD0110"", ""FMOD0036"", ""FMOD0055""]",1.0,True,99.0
1000eq,SYNTHETIC_COMPONENT_VOLUME,HIGH_RECALL,Q6K00298,100,483760,99,208.851944,"[""FMOD0074"", ""FMOD0036"", ""FMOD0079"", ""FMOD0119"", ""FMOD0120"", ""FMOD0017"", ""FMOD0091"", ""FMOD0056"", ""FMOD0023"", ""FMOD0083""]",1.0,True,99.0
1000eq,SYNTHETIC_COMPONENT_VOLUME,HIGH_RECALL,Q6K00299,100,483760,99,206.366179,"[""FMOD0040"", ""FMOD0089"", ""FMOD0029"", ""FMOD0035"", ""FMOD0079"", ""FMOD0081"", ""FMOD0030"", ""FMOD0055"", ""FMOD0023"", ""FMOD0056""]",1.0,True,99.0
1000eq,SYNTHETIC_COMPONENT_VOLUME,HIGH_RECALL,Q6K00304,100,483760,99,205.63566,"[""FMOD0077"", ""FMOD0083"", ""FMOD0087"", ""FMOD0023"", ""FMOD0069"", ""FMOD0056"", ""FMOD0020"", ""FMOD0055"", ""FMOD0102"", ""FMOD0025""]",1.0,True,99.0
1000eq,SYNTHETIC_COMPONENT_VOLUME,HIGH_RECALL,Q6K00310,100,483760,100,207.076172,"[""FMOD0074"", ""FMOD0005"", ""FMOD0022"", ""FMOD0034"", ""FMOD0035"", ""FMOD0053"", ""FMOD0114"", ""FMOD0029"", ""FMOD0033"", ""FMOD0023""]",1.0,True,100.0
1000eq,SYNTHETIC_COMPONENT_VOLUME,HIGH_RECALL,Q6K00313,100,483760,99,210.931872,"[""FMOD0061"", ""FMOD0069"", ""FMOD0083"", ""FMOD0066"", ""FMOD0114"", ""FMOD0029"", ""FMOD0036"", ""FMOD0033"", ""FMOD0030"", ""FMOD0120""]",1.0,True,99.0
1000eq,SYNTHETIC_COMPONENT_VOLUME,HIGH_RECALL,Q6K00317,100,483760,100,207.646139,"[""FMOD0061"", ""FMOD0089"", ""FMOD0096"", ""FMOD0036"", ""FMOD0029"", ""FMOD0079"", ""FMOD0035"", ""FMOD0055"", ""FMOD0083"", ""FMOD0110""]",1.0,True,100.0
1000eq,SYNTHETIC_COMPONENT_VOLUME,HIGH_RECALL,Q6K00318,100,483760,100,207.15062,"[""FMOD0086"", ""FMOD0004"", ""FMOD0050"", ""FMOD0082"", ""FMOD0067"", ""FMOD0035"", ""FMOD0114"", ""FMOD0053"", ""FMOD0081"", ""FMOD0110""]",1.0,True,100.0
1000eq,SYNTHETIC_COMPONENT_VOLUME,HIGH_RECALL,Q6K00325,100,483760,99,209.342449,"[""FMOD0086"", ""FMOD0023"", ""FMOD0050"", ""FMOD0044"", ""FMOD0029"", ""FMOD0035"", ""FMOD0030"", ""FMOD0069"", ""FMOD0043"", ""FMOD0082""]",1.0,True,99.0
1000eq,SYNTHETIC_COMPONENT_VOLUME,HIGH_RECALL,Q6K00326,100,483760,99,209.283594,"[""FMOD0099"", ""FMOD0055"", ""FMOD0066"", ""FMOD0036"", ""FMOD0010"", ""FMOD0102"", ""FMOD0056"", ""FMOD0112"", ""FMOD0029"", ""FMOD0023""]",1.0,True,99.0
1000eq,SYNTHETIC_COMPONENT_VOLUME,HIGH_RECALL,Q6K00327,100,483760,97,211.10675,"[""FMOD0016"", ""FMOD0051"", ""FMOD0055"", ""FMOD0114"", ""FMOD0075"", ""FMOD0081"", ""FMOD0035"", ""FMOD0077"", ""FMOD0023"", ""FMOD0029""]",1.0,True,97.0
1000eq,SYNTHETIC_COMPONENT_VOLUME,HIGH_RECALL,Q6K00332,100,483760,100,208.998179,"[""FMOD0044"", ""FMOD0035"", ""FMOD0029"", ""FMOD0069"", ""FMOD0030"", ""FMOD0086"", ""FMOD0120"", ""FMOD0119"", ""FMOD0041"", ""FMOD0050""]",1.0,True,100.0
1000eq,SYNTHETIC_COMPONENT_VOLUME,HIGH_RECALL,Q6K00333,100,483760,99,211.26203,"[""FMOD0069"", ""FMOD0044"", ""FMOD0011"", ""FMOD0119"", ""FMOD0029"", ""FMOD0083"", ""FMOD0025"", ""FMOD0079"", ""FMOD0110"", ""FMOD0035""]",1.0,True,99.0
1000eq,SYNTHETIC_COMPONENT_VOLUME,HIGH_RECALL,Q6K00336,100,483760,98,209.718026,"[""FMOD0014"", ""FMOD0023"", ""FMOD0079"", ""FMOD0035"", ""FMOD0082"", ""FMOD0081"", ""FMOD0029"", ""FMOD0120"", ""FMOD0119"", ""FMOD0102""]",1.0,True,98.0
1000eq,SYNTHETIC_COMPONENT_VOLUME,HIGH_RECALL,Q6K00338,100,483760,99,208.010508,"[""FMOD0074"", ""FMOD0067"", ""FMOD0003"", ""FMOD0056"", ""FMOD0029"", ""FMOD0119"", ""FMOD0035"", ""FMOD0081"", ""FMOD0004"", ""FMOD0082""]",1.0,True,99.0
1000eq,SYNTHETIC_COMPONENT_VOLUME,HIGH_RECALL,Q6K00340,100,483760,99,209.351208,"[""FMOD0025"", ""FMOD0011"", ""FMOD0089"", ""FMOD0029"", ""FMOD0023"", ""FMOD0030"", ""FMOD0069"", ""FMOD0035"", ""FMOD0119"", ""FMOD0041""]",1.0,True,99.0
1000eq,SYNTHETIC_COMPONENT_VOLUME,HIGH_RECALL,Q6K00342,100,483760,99,206.910502,"[""FMOD0087"", ""FMOD0053"", ""FMOD0114"", ""FMOD0023"", ""FMOD0052"", ""FMOD0040"", ""FMOD0069"", ""FMOD0029"", ""FMOD0002"", ""FMOD0056""]",1.0,True,99.0
1000eq,SYNTHETIC_COMPONENT_VOLUME,HIGH_RECALL,Q6K00343,100,483760,100,208.692375,"[""FMOD0087"", ""FMOD0016"", ""FMOD0041"", ""FMOD0055"", ""FMOD0030"", ""FMOD0029"", ""FMOD0023"", ""FMOD0081"", ""FMOD0102"", ""FMOD0056""]",1.0,True,100.0
1000eq,SYNTHETIC_COMPONENT_VOLUME,HIGH_RECALL,Q6K00344,100,483760,100,211.365331,"[""FMOD0023"", ""FMOD0025"", ""FMOD0043"", ""FMOD0069"", ""FMOD0029"", ""FMOD0030"", ""FMOD0082"", ""FMOD0055"", ""FMOD0035"", ""FMOD0040""]",1.0,True,100.0
1000eq,SYNTHETIC_COMPONENT_VOLUME,HIGH_RECALL,Q6K00351,100,483760,99,205.77291,"[""FMOD0005"", ""FMOD0099"", ""FMOD0022"", ""FMOD0034"", ""FMOD0082"", ""FMOD0055"", ""FMOD0029"", ""FMOD0020"", ""FMOD0119"", ""FMOD0030""]",1.0,True,99.0
1000eq,SYNTHETIC_COMPONENT_VOLUME,HIGH_RECALL,Q6K00355,100,483760,99,209.313878,"[""FMOD0043"", ""FMOD0023"", ""FMOD0035"", ""FMOD0077"", ""FMOD0016"", ""FMOD0029"", ""FMOD0102"", ""FMOD0119"", ""FMOD0069"", ""FMOD0030""]",1.0,True,99.0
1000eq,SYNTHETIC_COMPONENT_VOLUME,HIGH_RECALL,Q6K00359,100,483760,100,208.511363,"[""FMOD0086"", ""FMOD0087"", ""FMOD0044"", ""FMOD0081"", ""FMOD0039"", ""FMOD0056"", ""FMOD0097"", ""FMOD0029"", ""FMOD0079"", ""FMOD0102""]",1.0,True,100.0
1000eq,SYNTHETIC_COMPONENT_VOLUME,HIGH_RECALL,Q6K00360,100,483760,100,209.007504,"[""FMOD0066"", ""FMOD0060"", ""FMOD0043"", ""FMOD0082"", ""FMOD0030"", ""FMOD0035"", ""FMOD0081"", ""FMOD0010"", ""FMOD0055"", ""FMOD0112""]",1.0,True,100.0
1000eq,SYNTHETIC_COMPONENT_VOLUME,HIGH_RECALL,Q6K00363,100,483760,100,213.58644,"[""FMOD0066"", ""FMOD0029"", ""FMOD0102"", ""FMOD0056"", ""FMOD0119"", ""FMOD0114"", ""FMOD0069"", ""FMOD0120"", ""FMOD0035"", ""FMOD0023""]",1.0,True,100.0
1000eq,SYNTHETIC_COMPONENT_VOLUME,HIGH_RECALL,Q6K00365,100,483760,100,215.340079,"[""FMOD0087"", ""FMOD0029"", ""FMOD0035"", ""FMOD0023"", ""FMOD0065"", ""FMOD0016"", ""FMOD0119"", ""FMOD0039"", ""FMOD0036"", ""FMOD0114""]",1.0,True,100.0
1000eq,SYNTHETIC_COMPONENT_VOLUME,HIGH_RECALL,Q6K00372,100,483760,99,210.147999,"[""FMOD0023"", ""FMOD0035"", ""FMOD0020"", ""FMOD0016"", ""FMOD0051"", ""FMOD0029"", ""FMOD0030"", ""FMOD0119"", ""FMOD0102"", ""FMOD0069""]",1.0,True,99.0
1000eq,SYNTHETIC_COMPONENT_VOLUME,HIGH_RECALL,Q6K00375,100,483760,100,209.706546,"[""FMOD0099"", ""FMOD0023"", ""FMOD0069"", ""FMOD0025"", ""FMOD0055"", ""FMOD0082"", ""FMOD0029"", ""FMOD0083"", ""FMOD0119"", ""FMOD0035""]",1.0,True,100.0
1000eq,SYNTHETIC_COMPONENT_VOLUME,HIGH_RECALL,Q6K00377,100,483760,100,213.421259,"[""FMOD0082"", ""FMOD0022"", ""FMOD0023"", ""FMOD0069"", ""FMOD0055"", ""FMOD0025"", ""FMOD0100"", ""FMOD0034"", ""FMOD0029"", ""FMOD0119""]",1.0,True,100.0
1000eq,SYNTHETIC_COMPONENT_VOLUME,HIGH_RECALL,Q6K00378,100,483760,100,212.420395,"[""FMOD0010"", ""FMOD0023"", ""FMOD0030"", ""FMOD0041"", ""FMOD0055"", ""FMOD0029"", ""FMOD0083"", ""FMOD0025"", ""FMOD0045"", ""FMOD0079""]",1.0,True,100.0
1000eq,SYNTHETIC_COMPONENT_VOLUME,HIGH_RECALL,Q6K00380,100,483760,98,209.02034,"[""FMOD0023"", ""FMOD0029"", ""FMOD0030"", ""FMOD0035"", ""FMOD0082"", ""FMOD0119"", ""FMOD0102"", ""FMOD0110"", ""FMOD0036"", ""FMOD0120""]",1.0,True,98.0
1000eq,SYNTHETIC_COMPONENT_VOLUME,HIGH_RECALL,Q6K00384,100,483760,99,205.537355,"[""FMOD0083"", ""FMOD0029"", ""FMOD0069"", ""FMOD0086"", ""FMOD0035"", ""FMOD0120"", ""FMOD0056"", ""FMOD0030"", ""FMOD0119"", ""FMOD0005""]",1.0,True,99.0
1000eq,SYNTHETIC_COMPONENT_VOLUME,HIGH_RECALL,Q6K00389,100,483760,99,206.292951,"[""FMOD0055"", ""FMOD0034"", ""FMOD0039"", ""FMOD0065"", ""FMOD0023"", ""FMOD0082"", ""FMOD0035"", ""FMOD0029"", ""FMOD0030"", ""FMOD0079""]",1.0,True,99.0
1000eq,SYNTHETIC_COMPONENT_VOLUME,HIGH_RECALL,Q6K00390,100,483760,100,205.259274,"[""FMOD0023"", ""FMOD0102"", ""FMOD0029"", ""FMOD0119"", ""FMOD0120"", ""FMOD0114"", ""FMOD0069"", ""FMOD0035"", ""FMOD0056"", ""FMOD0082""]",1.0,True,100.0
1000eq,SYNTHETIC_COMPONENT_VOLUME,HIGH_RECALL,Q6K00393,100,483760,99,208.466098,"[""FMOD0029"", ""FMOD0023"", ""FMOD0102"", ""FMOD0119"", ""FMOD0041"", ""FMOD0120"", ""FMOD0036"", ""FMOD0030"", ""FMOD0053"", ""FMOD0035""]",1.0,True,99.0
1000eq,SYNTHETIC_COMPONENT_VOLUME,HIGH_RECALL,Q6K00395,100,483760,99,210.592435,"[""FMOD0053"", ""FMOD0069"", ""FMOD0035"", ""FMOD0023"", ""FMOD0029"", ""FMOD0056"", ""FMOD0119"", ""FMOD0036"", ""FMOD0112"", ""FMOD0004""]",1.0,True,99.0
1000eq,SYNTHETIC_COMPONENT_VOLUME,HIGH_RECALL,Q6K00396,100,483760,99,207.772788,"[""FMOD0066"", ""FMOD0035"", ""FMOD0023"", ""FMOD0051"", ""FMOD0081"", ""FMOD0029"", ""FMOD0119"", ""FMOD0036"", ""FMOD0102"", ""FMOD0010""]",1.0,True,99.0
1000eq,SYNTHETIC_COMPONENT_VOLUME,HIGH_RECALL,Q6K00400,100,483760,100,207.965424,"[""FMOD0023"", ""FMOD0025"", ""FMOD0035"", ""FMOD0069"", ""FMOD0030"", ""FMOD0055"", ""FMOD0078"", ""FMOD0100"", ""FMOD0036"", ""FMOD0056""]",1.0,True,100.0
1000eq,SYNTHETIC_COMPONENT_VOLUME,HIGH_RECALL,Q6K00403,100,483760,100,207.879599,"[""FMOD0035"", ""FMOD0033"", ""FMOD0029"", ""FMOD0119"", ""FMOD0120"", ""FMOD0078"", ""FMOD0024"", ""FMOD0080"", ""FMOD0108"", ""FMOD0102""]",1.0,True,100.0
1000eq,SYNTHETIC_COMPONENT_VOLUME,HIGH_RECALL,Q6K00405,100,483760,100,208.720084,"[""FMOD0016"", ""FMOD0102"", ""FMOD0031"", ""FMOD0056"", ""FMOD0029"", ""FMOD0023"", ""FMOD0082"", ""FMOD0035"", ""FMOD0065"", ""FMOD0114""]",1.0,True,100.0
1000eq,SYNTHETIC_COMPONENT_VOLUME,HIGH_RECALL,Q6K00407,100,483760,99,214.972776,"[""FMOD0005"", ""FMOD0029"", ""FMOD0120"", ""FMOD0069"", ""FMOD0102"", ""FMOD0030"", ""FMOD0079"", ""FMOD0119"", ""FMOD0023"", ""FMOD0020""]",1.0,True,99.0
1000eq,SYNTHETIC_COMPONENT_VOLUME,HIGH_RECALL,Q6K00410,100,483760,99,209.382068,"[""FMOD0005"", ""FMOD0030"", ""FMOD0023"", ""FMOD0035"", ""FMOD0055"", ""FMOD0029"", ""FMOD0082"", ""FMOD0089"", ""FMOD0024"", ""FMOD0113""]",1.0,True,99.0
1000eq,SYNTHETIC_COMPONENT_VOLUME,HIGH_RECALL,Q6K00417,100,483760,100,212.023258,"[""FMOD0051"", ""FMOD0082"", ""FMOD0081"", ""FMOD0102"", ""FMOD0035"", ""FMOD0067"", ""FMOD0021"", ""FMOD0114"", ""FMOD0065"", ""FMOD0119""]",1.0,True,100.0
1000eq,SYNTHETIC_COMPONENT_VOLUME,HIGH_RECALL,Q6K00420,100,483760,99,210.442905,"[""FMOD0036"", ""FMOD0004"", ""FMOD0067"", ""FMOD0119"", ""FMOD0029"", ""FMOD0035"", ""FMOD0079"", ""FMOD0120"", ""FMOD0023"", ""FMOD0055""]",1.0,True,99.0
1000eq,SYNTHETIC_COMPONENT_VOLUME,HIGH_RECALL,Q6K00422,100,483760,99,210.799761,"[""FMOD0053"", ""FMOD0083"", ""FMOD0035"", ""FMOD0082"", ""FMOD0023"", ""FMOD0029"", ""FMOD0021"", ""FMOD0081"", ""FMOD0051"", ""FMOD0030""]",1.0,True,99.0
1000eq,SYNTHETIC_COMPONENT_VOLUME,HIGH_RECALL,Q6K00423,100,483760,99,217.808831,"[""FMOD0061"", ""FMOD0004"", ""FMOD0086"", ""FMOD0035"", ""FMOD0029"", ""FMOD0010"", ""FMOD0033"", ""FMOD0056"", ""FMOD0014"", ""FMOD0102""]",1.0,True,99.0
1000eq,SYNTHETIC_COMPONENT_VOLUME,HIGH_RECALL,Q6K00424,100,483760,99,207.321539,"[""FMOD0053"", ""FMOD0102"", ""FMOD0029"", ""FMOD0082"", ""FMOD0039"", ""FMOD0034"", ""FMOD0023"", ""FMOD0035"", ""FMOD0077"", ""FMOD0114""]",1.0,True,99.0
1000eq,SYNTHETIC_COMPONENT_VOLUME,HIGH_RECALL,Q6K00427,100,483760,99,210.541527,"[""FMOD0005"", ""FMOD0081"", ""FMOD0035"", ""FMOD0082"", ""FMOD0055"", ""FMOD0056"", ""FMOD0043"", ""FMOD0034"", ""FMOD0072"", ""FMOD0002""]",1.0,True,99.0
1000eq,SYNTHETIC_COMPONENT_VOLUME,HIGH_RECALL,Q6K00435,100,483760,100,209.73408,"[""FMOD0099"", ""FMOD0069"", ""FMOD0029"", ""FMOD0119"", ""FMOD0023"", ""FMOD0035"", ""FMOD0102"", ""FMOD0030"", ""FMOD0120"", ""FMOD0010""]",1.0,True,100.0
1000eq,SYNTHETIC_COMPONENT_VOLUME,HIGH_RECALL,Q6K00436,100,483760,100,209.676378,"[""FMOD0099"", ""FMOD0044"", ""FMOD0029"", ""FMOD0030"", ""FMOD0035"", ""FMOD0023"", ""FMOD0119"", ""FMOD0036"", ""FMOD0120"", ""FMOD0069""]",1.0,True,100.0
1000eq,SYNTHETIC_COMPONENT_VOLUME,HIGH_RECALL,Q6K00438,100,483760,98,210.257035,"[""FMOD0022"", ""FMOD0055"", ""FMOD0029"", ""FMOD0081"", ""FMOD0082"", ""FMOD0030"", ""FMOD0039"", ""FMOD0023"", ""FMOD0102"", ""FMOD0069""]",1.0,True,98.0
1000eq,SYNTHETIC_COMPONENT_VOLUME,HIGH_RECALL,Q6K00442,100,483760,100,215.164765,"[""FMOD0087"", ""FMOD0029"", ""FMOD0081"", ""FMOD0120"", ""FMOD0082"", ""FMOD0056"", ""FMOD0102"", ""FMOD0035"", ""FMOD0079"", ""FMOD0119""]",1.0,True,100.0
1000eq,SYNTHETIC_COMPONENT_VOLUME,HIGH_RECALL,Q6K00443,100,483760,100,208.778408,"[""FMOD0035"", ""FMOD0011"", ""FMOD0023"", ""FMOD0041"", ""FMOD0082"", ""FMOD0119"", ""FMOD0102"", ""FMOD0114"", ""FMOD0112"", ""FMOD0079""]",1.0,True,100.0
1000eq,SYNTHETIC_COMPONENT_VOLUME,HIGH_RECALL,Q6K00444,100,483760,99,212.94217,"[""FMOD0003"", ""FMOD0022"", ""FMOD0034"", ""FMOD0069"", ""FMOD0120"", ""FMOD0119"", ""FMOD0079"", ""FMOD0102"", ""FMOD0005"", ""FMOD0078""]",1.0,True,99.0
1000eq,SYNTHETIC_COMPONENT_VOLUME,HIGH_RECALL,Q6K00446,100,483760,98,210.043513,"[""FMOD0082"", ""FMOD0067"", ""FMOD0060"", ""FMOD0035"", ""FMOD0023"", ""FMOD0101"", ""FMOD0021"", ""FMOD0097"", ""FMOD0022"", ""FMOD0081""]",1.0,True,98.0
1000eq,SYNTHETIC_COMPONENT_VOLUME,HIGH_RECALL,Q6K00453,100,483760,100,212.522447,"[""FMOD0044"", ""FMOD0079"", ""FMOD0029"", ""FMOD0114"", ""FMOD0119"", ""FMOD0023"", ""FMOD0102"", ""FMOD0120"", ""FMOD0083"", ""FMOD0035""]",1.0,True,100.0
1000eq,SYNTHETIC_COMPONENT_VOLUME,HIGH_RECALL,Q6K00456,100,483760,100,207.706404,"[""FMOD0004"", ""FMOD0016"", ""FMOD0067"", ""FMOD0113"", ""FMOD0052"", ""FMOD0036"", ""FMOD0114"", ""FMOD0029"", ""FMOD0023"", ""FMOD0035""]",1.0,True,100.0
1000eq,SYNTHETIC_COMPONENT_VOLUME,HIGH_RECALL,Q6K00458,100,483760,100,210.265454,"[""FMOD0079"", ""FMOD0023"", ""FMOD0016"", ""FMOD0035"", ""FMOD0030"", ""FMOD0029"", ""FMOD0081"", ""FMOD0020"", ""FMOD0102"", ""FMOD0082""]",1.0,True,100.0
1000eq,SYNTHETIC_COMPONENT_VOLUME,HIGH_RECALL,Q6K00461,100,483760,99,213.947172,"[""FMOD0001"", ""FMOD0003"", ""FMOD0089"", ""FMOD0030"", ""FMOD0035"", ""FMOD0029"", ""FMOD0051"", ""FMOD0120"", ""FMOD0023"", ""FMOD0036""]",1.0,True,99.0
1000eq,SYNTHETIC_COMPONENT_VOLUME,HIGH_RECALL,Q6K00465,100,483760,100,209.519913,"[""FMOD0083"", ""FMOD0096"", ""FMOD0029"", ""FMOD0023"", ""FMOD0036"", ""FMOD0110"", ""FMOD0119"", ""FMOD0035"", ""FMOD0005"", ""FMOD0120""]",1.0,True,100.0
1000eq,SYNTHETIC_COMPONENT_VOLUME,HIGH_RECALL,Q6K00470,100,483760,98,207.080931,"[""FMOD0060"", ""FMOD0102"", ""FMOD0029"", ""FMOD0061"", ""FMOD0120"", ""FMOD0119"", ""FMOD0056"", ""FMOD0114"", ""FMOD0069"", ""FMOD0035""]",1.0,True,98.0
1000eq,SYNTHETIC_COMPONENT_VOLUME,HIGH_RECALL,Q6K00471,100,483760,99,209.587297,"[""FMOD0025"", ""FMOD0099"", ""FMOD0029"", ""FMOD0024"", ""FMOD0114"", ""FMOD0005"", ""FMOD0014"", ""FMOD0113"", ""FMOD0083"", ""FMOD0120""]",1.0,True,99.0
1000eq,SYNTHETIC_COMPONENT_VOLUME,HIGH_RECALL,Q6K00473,100,483760,100,210.289729,"[""FMOD0086"", ""FMOD0079"", ""FMOD0056"", ""FMOD0078"", ""FMOD0097"", ""FMOD0036"", ""FMOD0117"", ""FMOD0083"", ""FMOD0119"", ""FMOD0114""]",1.0,True,100.0
1000eq,SYNTHETIC_COMPONENT_VOLUME,HIGH_RECALL,Q6K00479,100,483760,99,209.347284,"[""FMOD0066"", ""FMOD0022"", ""FMOD0034"", ""FMOD0082"", ""FMOD0023"", ""FMOD0035"", ""FMOD0079"", ""FMOD0036"", ""FMOD0029"", ""FMOD0112""]",1.0,True,99.0
1000eq,SYNTHETIC_COMPONENT_VOLUME,HIGH_RECALL,Q6K00481,100,483760,99,210.187613,"[""FMOD0035"", ""FMOD0023"", ""FMOD0051"", ""FMOD0081"", ""FMOD0029"", ""FMOD0119"", ""FMOD0102"", ""FMOD0082"", ""FMOD0120"", ""FMOD0036""]",1.0,True,99.0
1000eq,SYNTHETIC_COMPONENT_VOLUME,HIGH_RECALL,Q6K00484,100,483760,99,208.681331,"[""FMOD0029"", ""FMOD0035"", ""FMOD0030"", ""FMOD0023"", ""FMOD0119"", ""FMOD0082"", ""FMOD0051"", ""FMOD0120"", ""FMOD0016"", ""FMOD0069""]",1.0,True,99.0
1000eq,SYNTHETIC_COMPONENT_VOLUME,HIGH_RECALL,Q6K00485,100,483760,98,210.016652,"[""FMOD0069"", ""FMOD0035"", ""FMOD0023"", ""FMOD0119"", ""FMOD0029"", ""FMOD0056"", ""FMOD0036"", ""FMOD0112"", ""FMOD0067"", ""FMOD0078""]",1.0,True,98.0
1000eq,SYNTHETIC_COMPONENT_VOLUME,HIGH_RECALL,Q6K00489,100,483760,99,211.176598,"[""FMOD0080"", ""FMOD0086"", ""FMOD0015"", ""FMOD0107"", ""FMOD0029"", ""FMOD0023"", ""FMOD0119"", ""FMOD0030"", ""FMOD0102"", ""FMOD0069""]",1.0,True,99.0
1000eq,SYNTHETIC_COMPONENT_VOLUME,HIGH_RECALL,Q6K00495,100,483760,100,211.930134,"[""FMOD0083"", ""FMOD0096"", ""FMOD0029"", ""FMOD0023"", ""FMOD0119"", ""FMOD0035"", ""FMOD0110"", ""FMOD0069"", ""FMOD0036"", ""FMOD0030""]",1.0,True,100.0
1000eq,SYNTHETIC_COMPONENT_VOLUME,HIGH_RECALL,Q6K00498,100,483760,100,212.081815,"[""FMOD0023"", ""FMOD0069"", ""FMOD0055"", ""FMOD0082"", ""FMOD0025"", ""FMOD0100"", ""FMOD0029"", ""FMOD0035"", ""FMOD0102"", ""FMOD0036""]",1.0,True,100.0
1000eq,SYNTHETIC_COMPONENT_VOLUME,HIGH_RECALL,Q6K00507,100,483760,100,207.764951,"[""FMOD0082"", ""FMOD0039"", ""FMOD0034"", ""FMOD0023"", ""FMOD0035"", ""FMOD0065"", ""FMOD0016"", ""FMOD0059"", ""FMOD0021"", ""FMOD0030""]",1.0,True,100.0
1000eq,SYNTHETIC_COMPONENT_VOLUME,HIGH_RECALL,Q6K00511,100,483760,98,211.337825,"[""FMOD0010"", ""FMOD0030"", ""FMOD0041"", ""FMOD0055"", ""FMOD0029"", ""FMOD0083"", ""FMOD0045"", ""FMOD0025"", ""FMOD0079"", ""FMOD0102""]",1.0,True,98.0
1000eq,SYNTHETIC_COMPONENT_VOLUME,HIGH_RECALL,Q6K00512,100,483760,100,211.503462,"[""FMOD0035"", ""FMOD0023"", ""FMOD0119"", ""FMOD0029"", ""FMOD0110"", ""FMOD0108"", ""FMOD0036"", ""FMOD0042"", ""FMOD0107"", ""FMOD0060""]",1.0,True,100.0
1000eq,SYNTHETIC_COMPONENT_VOLUME,HIGH_RECALL,Q6K00513,100,483760,100,207.437481,"[""FMOD0029"", ""FMOD0110"", ""FMOD0056"", ""FMOD0023"", ""FMOD0083"", ""FMOD0119"", ""FMOD0112"", ""FMOD0036"", ""FMOD0078"", ""FMOD0114""]",1.0,True,100.0
1000eq,SYNTHETIC_COMPONENT_VOLUME,HIGH_RECALL,Q6K00517,100,483760,99,207.9785,"[""FMOD0082"", ""FMOD0021"", ""FMOD0081"", ""FMOD0039"", ""FMOD0034"", ""FMOD0029"", ""FMOD0023"", ""FMOD0119"", ""FMOD0102"", ""FMOD0051""]",1.0,True,99.0
1000eq,SYNTHETIC_COMPONENT_VOLUME,HIGH_RECALL,Q6K00518,100,483760,99,196.978938,"[""FMOD0029"", ""FMOD0035"", ""FMOD0102"", ""FMOD0119"", ""FMOD0110"", ""FMOD0096"", ""FMOD0114"", ""FMOD0108"", ""FMOD0018"", ""FMOD0010""]",1.0,True,99.0
1000eq,SYNTHETIC_COMPONENT_VOLUME,HIGH_RECALL,Q6K00523,100,483760,98,202.652278,"[""FMOD0082"", ""FMOD0081"", ""FMOD0039"", ""FMOD0034"", ""FMOD0029"", ""FMOD0035"", ""FMOD0119"", ""FMOD0023"", ""FMOD0102"", ""FMOD0051""]",1.0,True,98.0
1000eq,SYNTHETIC_COMPONENT_VOLUME,HIGH_RECALL,Q6K00528,100,483760,99,195.094486,"[""FMOD0035"", ""FMOD0023"", ""FMOD0051"", ""FMOD0081"", ""FMOD0029"", ""FMOD0079"", ""FMOD0119"", ""FMOD0082"", ""FMOD0005"", ""FMOD0030""]",1.0,True,99.0
1000eq,SYNTHETIC_COMPONENT_VOLUME,HIGH_RECALL,Q6K00530,100,483760,98,196.903657,"[""FMOD0069"", ""FMOD0035"", ""FMOD0023"", ""FMOD0029"", ""FMOD0119"", ""FMOD0056"", ""FMOD0036"", ""FMOD0112"", ""FMOD0067"", ""FMOD0078""]",1.0,True,98.0
1000eq,SYNTHETIC_COMPONENT_VOLUME,HIGH_RECALL,Q6K00531,100,483760,100,197.750076,"[""FMOD0082"", ""FMOD0081"", ""FMOD0029"", ""FMOD0035"", ""FMOD0023"", ""FMOD0119"", ""FMOD0034"", ""FMOD0102"", ""FMOD0030"", ""FMOD0065""]",1.0,True,100.0
1000eq,SYNTHETIC_COMPONENT_VOLUME,HIGH_RECALL,Q6K00533,100,483760,99,196.550183,"[""FMOD0029"", ""FMOD0119"", ""FMOD0023"", ""FMOD0030"", ""FMOD0036"", ""FMOD0035"", ""FMOD0114"", ""FMOD0102"", ""FMOD0120"", ""FMOD0110""]",1.0,True,99.0
1000eq,SYNTHETIC_COMPONENT_VOLUME,HIGH_RECALL,Q6K00535,100,483760,100,172.633064,"[""FMOD0035"", ""FMOD0118"", ""FMOD0102"", ""FMOD0069"", ""FMOD0029"", ""FMOD0030"", ""FMOD0036"", ""FMOD0079"", ""FMOD0120"", ""FMOD0041""]",1.0,True,100.0
1000eq,SYNTHETIC_COMPONENT_VOLUME,HIGH_RECALL,Q6K00537,100,483760,100,200.711049,"[""FMOD0023"", ""FMOD0055"", ""FMOD0069"", ""FMOD0025"", ""FMOD0082"", ""FMOD0100"", ""FMOD0029"", ""FMOD0119"", ""FMOD0036"", ""FMOD0035""]",1.0,True,100.0
1000eq,SYNTHETIC_COMPONENT_VOLUME,HIGH_RECALL,Q6K00538,100,483760,100,197.128715,"[""FMOD0055"", ""FMOD0023"", ""FMOD0069"", ""FMOD0025"", ""FMOD0082"", ""FMOD0100"", ""FMOD0029"", ""FMOD0035"", ""FMOD0114"", ""FMOD0119""]",1.0,True,100.0
