query_id,fresh_id,gallery_role,included,hidden_as_pseudo_unknown
Q6K00001,FMOD0002,KNOWN,True,False
Q6K00001,FMOD0012,KNOWN,True,False
Q6K00001,FMOD0019,KNOWN,True,False
Q6K00001,FMOD0020,KNOWN,True,False
Q6K00001,FMOD0021,KNOWN,True,False
Q6K00001,FMOD0030,KNOWN,True,False
Q6K00001,FMOD0034,KNOWN,True,False
Q6K00001,FMOD0039,KNOWN,True,False
Q6K00001,FMOD0041,KNOWN,True,False
Q6K00001,FMOD0045,KNOWN,True,False
Q6K00001,FMOD0052,KNOWN,True,False
Q6K00001,FMOD0056,KNOWN,True,False
Q6K00001,FMOD0057,KNOWN,True,False
Q6K00001,FMOD0058,KNOWN,True,False
Q6K00001,FMOD0059,KNOWN,True,False
Q6K00001,FMOD0063,KNOWN,True,False
Q6K00001,FMOD0064,KNOWN,True,False
Q6K00001,FMOD0065,KNOWN,False,True
Q6K00001,FMOD0071,KNOWN,True,False
Q6K00001,FMOD0072,KNOWN,True,False
Q6K00001,FMOD0078,KNOWN,True,False
Q6K00001,FMOD0081,KNOWN,True,False
Q6K00001,FMOD0082,KNOWN,True,False
Q6K00001,FMOD0097,KNOWN,True,False
Q6K00001,FMOD0101,KNOWN,True,False
Q6K00001,FMOD0010,BACKGROUND,True,False
Q6K00001,FMOD0018,BACKGROUND,True,False
Q6K00001,FMOD0026,BACKGROUND,True,False
Q6K00001,FMOD0029,BACKGROUND,True,False
Q6K00001,FMOD0037,BACKGROUND,True,False
Q6K00001,FMOD0042,BACKGROUND,True,False
Q6K00001,FMOD0098,BACKGROUND,True,False
Q6K00001,FMOD0103,BACKGROUND,True,False
Q6K00001,FMOD0107,BACKGROUND,True,False
Q6K00001,FMOD0108,BACKGROUND,True,False
Q6K00001,FMOD0111,BACKGROUND,True,False
Q6K00001,FMOD0112,BACKGROUND,True,False
Q6K00001,FMOD0114,BACKGROUND,True,False
Q6K00001,FMOD0117,BACKGROUND,True,False
Q6K00001,FMOD0118,BACKGROUND,True,False
Q6K00002,FMOD0002,KNOWN,True,False
Q6K00002,FMOD0012,KNOWN,True,False
Q6K00002,FMOD0019,KNOWN,True,False
Q6K00002,FMOD0020,KNOWN,True,False
Q6K00002,FMOD0021,KNOWN,True,False
Q6K00002,FMOD0030,KNOWN,True,False
Q6K00002,FMOD0034,KNOWN,True,False
Q6K00002,FMOD0039,KNOWN,True,False
Q6K00002,FMOD0041,KNOWN,True,False
Q6K00002,FMOD0045,KNOWN,True,False
Q6K00002,FMOD0052,KNOWN,True,False
Q6K00002,FMOD0056,KNOWN,True,False
Q6K00002,FMOD0057,KNOWN,True,False
Q6K00002,FMOD0058,KNOWN,True,False
Q6K00002,FMOD0059,KNOWN,True,False
Q6K00002,FMOD0063,KNOWN,True,False
Q6K00002,FMOD0064,KNOWN,True,False
Q6K00002,FMOD0065,KNOWN,True,False
Q6K00002,FMOD0071,KNOWN,True,False
Q6K00002,FMOD0072,KNOWN,True,False
Q6K00002,FMOD0078,KNOWN,True,False
Q6K00002,FMOD0081,KNOWN,True,False
Q6K00002,FMOD0082,KNOWN,True,False
Q6K00002,FMOD0097,KNOWN,True,False
Q6K00002,FMOD0101,KNOWN,False,True
Q6K00002,FMOD0010,BACKGROUND,True,False
Q6K00002,FMOD0018,BACKGROUND,True,False
Q6K00002,FMOD0026,BACKGROUND,True,False
Q6K00002,FMOD0029,BACKGROUND,True,False
Q6K00002,FMOD0037,BACKGROUND,True,False
Q6K00002,FMOD0042,BACKGROUND,True,False
Q6K00002,FMOD0098,BACKGROUND,True,False
Q6K00002,FMOD0103,BACKGROUND,True,False
Q6K00002,FMOD0107,BACKGROUND,True,False
Q6K00002,FMOD0108,BACKGROUND,True,False
Q6K00002,FMOD0111,BACKGROUND,True,False
Q6K00002,FMOD0112,BACKGROUND,True,False
Q6K00002,FMOD0114,BACKGROUND,True,False
Q6K00002,FMOD0117,BACKGROUND,True,False
Q6K00002,FMOD0118,BACKGROUND,True,False
Q6K00003,FMOD0002,KNOWN,True,False
Q6K00003,FMOD0012,KNOWN,True,False
Q6K00003,FMOD0019,KNOWN,True,False
Q6K00003,FMOD0020,KNOWN,True,False
Q6K00003,FMOD0021,KNOWN,True,False
Q6K00003,FMOD0030,KNOWN,True,False
Q6K00003,FMOD0034,KNOWN,True,False
Q6K00003,FMOD0039,KNOWN,True,False
Q6K00003,FMOD0041,KNOWN,True,False
Q6K00003,FMOD0045,KNOWN,True,False
Q6K00003,FMOD0052,KNOWN,True,False
Q6K00003,FMOD0056,KNOWN,True,False
Q6K00003,FMOD0057,KNOWN,True,False
Q6K00003,FMOD0058,KNOWN,False,True
Q6K00003,FMOD0059,KNOWN,True,False
Q6K00003,FMOD0063,KNOWN,True,False
Q6K00003,FMOD0064,KNOWN,True,False
Q6K00003,FMOD0065,KNOWN,True,False
Q6K00003,FMOD0071,KNOWN,True,False
Q6K00003,FMOD0072,KNOWN,True,False
Q6K00003,FMOD0078,KNOWN,True,False
Q6K00003,FMOD0081,KNOWN,True,False
Q6K00003,FMOD0082,KNOWN,True,False
Q6K00003,FMOD0097,KNOWN,True,False
Q6K00003,FMOD0101,KNOWN,True,False
Q6K00003,FMOD0010,BACKGROUND,True,False
Q6K00003,FMOD0018,BACKGROUND,True,False
Q6K00003,FMOD0026,BACKGROUND,True,False
Q6K00003,FMOD0029,BACKGROUND,True,False
Q6K00003,FMOD0037,BACKGROUND,True,False
Q6K00003,FMOD0042,BACKGROUND,True,False
Q6K00003,FMOD0098,BACKGROUND,True,False
Q6K00003,FMOD0103,BACKGROUND,True,False
Q6K00003,FMOD0107,BACKGROUND,True,False
Q6K00003,FMOD0108,BACKGROUND,True,False
Q6K00003,FMOD0111,BACKGROUND,True,False
Q6K00003,FMOD0112,BACKGROUND,True,False
Q6K00003,FMOD0114,BACKGROUND,True,False
Q6K00003,FMOD0117,BACKGROUND,True,False
Q6K00003,FMOD0118,BACKGROUND,True,False
Q6K00004,FMOD0002,KNOWN,True,False
Q6K00004,FMOD0012,KNOWN,True,False
Q6K00004,FMOD0019,KNOWN,True,False
Q6K00004,FMOD0020,KNOWN,True,False
Q6K00004,FMOD0021,KNOWN,True,False
Q6K00004,FMOD0030,KNOWN,True,False
Q6K00004,FMOD0034,KNOWN,True,False
Q6K00004,FMOD0039,KNOWN,True,False
Q6K00004,FMOD0041,KNOWN,True,False
Q6K00004,FMOD0045,KNOWN,True,False
Q6K00004,FMOD0052,KNOWN,True,False
Q6K00004,FMOD0056,KNOWN,True,False
Q6K00004,FMOD0057,KNOWN,True,False
Q6K00004,FMOD0058,KNOWN,True,False
Q6K00004,FMOD0059,KNOWN,True,False
Q6K00004,FMOD0063,KNOWN,True,False
Q6K00004,FMOD0064,KNOWN,True,False
Q6K00004,FMOD0065,KNOWN,True,False
Q6K00004,FMOD0071,KNOWN,True,False
Q6K00004,FMOD0072,KNOWN,True,False
Q6K00004,FMOD0078,KNOWN,True,False
Q6K00004,FMOD0081,KNOWN,True,False
Q6K00004,FMOD0082,KNOWN,False,True
Q6K00004,FMOD0097,KNOWN,True,False
Q6K00004,FMOD0101,KNOWN,True,False
Q6K00004,FMOD0010,BACKGROUND,True,False
Q6K00004,FMOD0018,BACKGROUND,True,False
Q6K00004,FMOD0026,BACKGROUND,True,False
Q6K00004,FMOD0029,BACKGROUND,True,False
Q6K00004,FMOD0037,BACKGROUND,True,False
Q6K00004,FMOD0042,BACKGROUND,True,False
Q6K00004,FMOD0098,BACKGROUND,True,False
Q6K00004,FMOD0103,BACKGROUND,True,False
Q6K00004,FMOD0107,BACKGROUND,True,False
Q6K00004,FMOD0108,BACKGROUND,True,False
Q6K00004,FMOD0111,BACKGROUND,True,False
Q6K00004,FMOD0112,BACKGROUND,True,False
Q6K00004,FMOD0114,BACKGROUND,True,False
Q6K00004,FMOD0117,BACKGROUND,True,False
Q6K00004,FMOD0118,BACKGROUND,True,False
Q6K00005,FMOD0002,KNOWN,True,False
Q6K00005,FMOD0012,KNOWN,True,False
Q6K00005,FMOD0019,KNOWN,True,False
Q6K00005,FMOD0020,KNOWN,False,True
Q6K00005,FMOD0021,KNOWN,True,False
Q6K00005,FMOD0030,KNOWN,True,False
Q6K00005,FMOD0034,KNOWN,True,False
Q6K00005,FMOD0039,KNOWN,True,False
Q6K00005,FMOD0041,KNOWN,True,False
Q6K00005,FMOD0045,KNOWN,True,False
Q6K00005,FMOD0052,KNOWN,True,False
Q6K00005,FMOD0056,KNOWN,True,False
Q6K00005,FMOD0057,KNOWN,True,False
Q6K00005,FMOD0058,KNOWN,True,False
Q6K00005,FMOD0059,KNOWN,True,False
Q6K00005,FMOD0063,KNOWN,True,False
Q6K00005,FMOD0064,KNOWN,True,False
Q6K00005,FMOD0065,KNOWN,True,False
Q6K00005,FMOD0071,KNOWN,True,False
Q6K00005,FMOD0072,KNOWN,True,False
Q6K00005,FMOD0078,KNOWN,True,False
Q6K00005,FMOD0081,KNOWN,True,False
Q6K00005,FMOD0082,KNOWN,True,False
Q6K00005,FMOD0097,KNOWN,True,False
Q6K00005,FMOD0101,KNOWN,True,False
Q6K00005,FMOD0010,BACKGROUND,True,False
Q6K00005,FMOD0018,BACKGROUND,True,False
Q6K00005,FMOD0026,BACKGROUND,True,False
Q6K00005,FMOD0029,BACKGROUND,True,False
Q6K00005,FMOD0037,BACKGROUND,True,False
Q6K00005,FMOD0042,BACKGROUND,True,False
Q6K00005,FMOD0098,BACKGROUND,True,False
Q6K00005,FMOD0103,BACKGROUND,True,False
Q6K00005,FMOD0107,BACKGROUND,True,False
Q6K00005,FMOD0108,BACKGROUND,True,False
Q6K00005,FMOD0111,BACKGROUND,True,False
Q6K00005,FMOD0112,BACKGROUND,True,False
Q6K00005,FMOD0114,BACKGROUND,True,False
Q6K00005,FMOD0117,BACKGROUND,True,False
Q6K00005,FMOD0118,BACKGROUND,True,False
Q6K00006,FMOD0002,KNOWN,True,False
Q6K00006,FMOD0012,KNOWN,True,False
Q6K00006,FMOD0019,KNOWN,True,False
Q6K00006,FMOD0020,KNOWN,True,False
Q6K00006,FMOD0021,KNOWN,True,False
Q6K00006,FMOD0030,KNOWN,True,False
Q6K00006,FMOD0034,KNOWN,True,False
Q6K00006,FMOD0039,KNOWN,True,False
Q6K00006,FMOD0041,KNOWN,True,False
Q6K00006,FMOD0045,KNOWN,True,False
Q6K00006,FMOD0052,KNOWN,True,False
Q6K00006,FMOD0056,KNOWN,True,False
Q6K00006,FMOD0057,KNOWN,True,False
Q6K00006,FMOD0058,KNOWN,True,False
Q6K00006,FMOD0059,KNOWN,True,False
Q6K00006,FMOD0063,KNOWN,True,False
Q6K00006,FMOD0064,KNOWN,True,False
Q6K00006,FMOD0065,KNOWN,True,False
Q6K00006,FMOD0071,KNOWN,True,False
Q6K00006,FMOD0072,KNOWN,True,False
Q6K00006,FMOD0078,KNOWN,True,False
Q6K00006,FMOD0081,KNOWN,False,True
Q6K00006,FMOD0082,KNOWN,True,False
Q6K00006,FMOD0097,KNOWN,True,False
Q6K00006,FMOD0101,KNOWN,True,False
Q6K00006,FMOD0010,BACKGROUND,True,False
Q6K00006,FMOD0018,BACKGROUND,True,False
Q6K00006,FMOD0026,BACKGROUND,True,False
Q6K00006,FMOD0029,BACKGROUND,True,False
Q6K00006,FMOD0037,BACKGROUND,True,False
Q6K00006,FMOD0042,BACKGROUND,True,False
Q6K00006,FMOD0098,BACKGROUND,True,False
Q6K00006,FMOD0103,BACKGROUND,True,False
Q6K00006,FMOD0107,BACKGROUND,True,False
Q6K00006,FMOD0108,BACKGROUND,True,False
Q6K00006,FMOD0111,BACKGROUND,True,False
Q6K00006,FMOD0112,BACKGROUND,True,False
Q6K00006,FMOD0114,BACKGROUND,True,False
Q6K00006,FMOD0117,BACKGROUND,True,False
Q6K00006,FMOD0118,BACKGROUND,True,False
Q6K00007,FMOD0002,KNOWN,True,False
Q6K00007,FMOD0012,KNOWN,True,False
Q6K00007,FMOD0019,KNOWN,True,False
Q6K00007,FMOD0020,KNOWN,True,False
Q6K00007,FMOD0021,KNOWN,True,False
Q6K00007,FMOD0030,KNOWN,False,True
Q6K00007,FMOD0034,KNOWN,True,False
Q6K00007,FMOD0039,KNOWN,True,False
Q6K00007,FMOD0041,KNOWN,True,False
Q6K00007,FMOD0045,KNOWN,True,False
Q6K00007,FMOD0052,KNOWN,True,False
Q6K00007,FMOD0056,KNOWN,True,False
Q6K00007,FMOD0057,KNOWN,True,False
Q6K00007,FMOD0058,KNOWN,True,False
Q6K00007,FMOD0059,KNOWN,True,False
Q6K00007,FMOD0063,KNOWN,True,False
Q6K00007,FMOD0064,KNOWN,True,False
Q6K00007,FMOD0065,KNOWN,True,False
Q6K00007,FMOD0071,KNOWN,True,False
Q6K00007,FMOD0072,KNOWN,True,False
Q6K00007,FMOD0078,KNOWN,True,False
Q6K00007,FMOD0081,KNOWN,True,False
Q6K00007,FMOD0082,KNOWN,True,False
Q6K00007,FMOD0097,KNOWN,True,False
Q6K00007,FMOD0101,KNOWN,True,False
Q6K00007,FMOD0010,BACKGROUND,True,False
Q6K00007,FMOD0018,BACKGROUND,True,False
Q6K00007,FMOD0026,BACKGROUND,True,False
Q6K00007,FMOD0029,BACKGROUND,True,False
Q6K00007,FMOD0037,BACKGROUND,True,False
Q6K00007,FMOD0042,BACKGROUND,True,False
Q6K00007,FMOD0098,BACKGROUND,True,False
Q6K00007,FMOD0103,BACKGROUND,True,False
Q6K00007,FMOD0107,BACKGROUND,True,False
Q6K00007,FMOD0108,BACKGROUND,True,False
Q6K00007,FMOD0111,BACKGROUND,True,False
Q6K00007,FMOD0112,BACKGROUND,True,False
Q6K00007,FMOD0114,BACKGROUND,True,False
Q6K00007,FMOD0117,BACKGROUND,True,False
Q6K00007,FMOD0118,BACKGROUND,True,False
Q6K00008,FMOD0002,KNOWN,True,False
Q6K00008,FMOD0012,KNOWN,True,False
Q6K00008,FMOD0019,KNOWN,True,False
Q6K00008,FMOD0020,KNOWN,True,False
Q6K00008,FMOD0021,KNOWN,True,False
Q6K00008,FMOD0030,KNOWN,True,False
Q6K00008,FMOD0034,KNOWN,True,False
Q6K00008,FMOD0039,KNOWN,True,False
Q6K00008,FMOD0041,KNOWN,True,False
Q6K00008,FMOD0045,KNOWN,True,False
Q6K00008,FMOD0052,KNOWN,True,False
Q6K00008,FMOD0056,KNOWN,False,True
Q6K00008,FMOD0057,KNOWN,True,False
Q6K00008,FMOD0058,KNOWN,True,False
Q6K00008,FMOD0059,KNOWN,True,False
Q6K00008,FMOD0063,KNOWN,True,False
Q6K00008,FMOD0064,KNOWN,True,False
Q6K00008,FMOD0065,KNOWN,True,False
Q6K00008,FMOD0071,KNOWN,True,False
Q6K00008,FMOD0072,KNOWN,True,False
Q6K00008,FMOD0078,KNOWN,True,False
Q6K00008,FMOD0081,KNOWN,True,False
Q6K00008,FMOD0082,KNOWN,True,False
Q6K00008,FMOD0097,KNOWN,True,False
Q6K00008,FMOD0101,KNOWN,True,False
Q6K00008,FMOD0010,BACKGROUND,True,False
Q6K00008,FMOD0018,BACKGROUND,True,False
Q6K00008,FMOD0026,BACKGROUND,True,False
Q6K00008,FMOD0029,BACKGROUND,True,False
Q6K00008,FMOD0037,BACKGROUND,True,False
Q6K00008,FMOD0042,BACKGROUND,True,False
Q6K00008,FMOD0098,BACKGROUND,True,False
Q6K00008,FMOD0103,BACKGROUND,True,False
Q6K00008,FMOD0107,BACKGROUND,True,False
Q6K00008,FMOD0108,BACKGROUND,True,False
Q6K00008,FMOD0111,BACKGROUND,True,False
Q6K00008,FMOD0112,BACKGROUND,True,False
Q6K00008,FMOD0114,BACKGROUND,True,False
Q6K00008,FMOD0117,BACKGROUND,True,False
Q6K00008,FMOD0118,BACKGROUND,True,False
Q6K00009,FMOD0002,KNOWN,True,False
Q6K00009,FMOD0012,KNOWN,True,False
Q6K00009,FMOD0019,KNOWN,True,False
Q6K00009,FMOD0020,KNOWN,True,False
Q6K00009,FMOD0021,KNOWN,True,False
Q6K00009,FMOD0030,KNOWN,True,False
Q6K00009,FMOD0034,KNOWN,False,True
Q6K00009,FMOD0039,KNOWN,True,False
Q6K00009,FMOD0041,KNOWN,True,False
Q6K00009,FMOD0045,KNOWN,True,False
Q6K00009,FMOD0052,KNOWN,True,False
Q6K00009,FMOD0056,KNOWN,True,False
Q6K00009,FMOD0057,KNOWN,True,False
Q6K00009,FMOD0058,KNOWN,True,False
Q6K00009,FMOD0059,KNOWN,True,False
Q6K00009,FMOD0063,KNOWN,True,False
Q6K00009,FMOD0064,KNOWN,True,False
Q6K00009,FMOD0065,KNOWN,True,False
Q6K00009,FMOD0071,KNOWN,True,False
Q6K00009,FMOD0072,KNOWN,True,False
Q6K00009,FMOD0078,KNOWN,True,False
Q6K00009,FMOD0081,KNOWN,True,False
Q6K00009,FMOD0082,KNOWN,True,False
Q6K00009,FMOD0097,KNOWN,True,False
Q6K00009,FMOD0101,KNOWN,True,False
Q6K00009,FMOD0010,BACKGROUND,True,False
Q6K00009,FMOD0018,BACKGROUND,True,False
Q6K00009,FMOD0026,BACKGROUND,True,False
Q6K00009,FMOD0029,BACKGROUND,True,False
Q6K00009,FMOD0037,BACKGROUND,True,False
Q6K00009,FMOD0042,BACKGROUND,True,False
Q6K00009,FMOD0098,BACKGROUND,True,False
Q6K00009,FMOD0103,BACKGROUND,True,False
Q6K00009,FMOD0107,BACKGROUND,True,False
Q6K00009,FMOD0108,BACKGROUND,True,False
Q6K00009,FMOD0111,BACKGROUND,True,False
Q6K00009,FMOD0112,BACKGROUND,True,False
Q6K00009,FMOD0114,BACKGROUND,True,False
Q6K00009,FMOD0117,BACKGROUND,True,False
Q6K00009,FMOD0118,BACKGROUND,True,False
Q6K00010,FMOD0002,KNOWN,True,False
Q6K00010,FMOD0012,KNOWN,True,False
Q6K00010,FMOD0019,KNOWN,True,False
Q6K00010,FMOD0020,KNOWN,False,True
Q6K00010,FMOD0021,KNOWN,True,False
Q6K00010,FMOD0030,KNOWN,True,False
Q6K00010,FMOD0034,KNOWN,True,False
Q6K00010,FMOD0039,KNOWN,True,False
Q6K00010,FMOD0041,KNOWN,True,False
Q6K00010,FMOD0045,KNOWN,True,False
Q6K00010,FMOD0052,KNOWN,True,False
Q6K00010,FMOD0056,KNOWN,True,False
Q6K00010,FMOD0057,KNOWN,True,False
Q6K00010,FMOD0058,KNOWN,True,False
Q6K00010,FMOD0059,KNOWN,True,False
Q6K00010,FMOD0063,KNOWN,True,False
Q6K00010,FMOD0064,KNOWN,True,False
Q6K00010,FMOD0065,KNOWN,True,False
Q6K00010,FMOD0071,KNOWN,True,False
Q6K00010,FMOD0072,KNOWN,True,False
Q6K00010,FMOD0078,KNOWN,True,False
Q6K00010,FMOD0081,KNOWN,True,False
Q6K00010,FMOD0082,KNOWN,True,False
Q6K00010,FMOD0097,KNOWN,True,False
Q6K00010,FMOD0101,KNOWN,True,False
Q6K00010,FMOD0010,BACKGROUND,True,False
Q6K00010,FMOD0018,BACKGROUND,True,False
Q6K00010,FMOD0026,BACKGROUND,True,False
Q6K00010,FMOD0029,BACKGROUND,True,False
Q6K00010,FMOD0037,BACKGROUND,True,False
Q6K00010,FMOD0042,BACKGROUND,True,False
Q6K00010,FMOD0098,BACKGROUND,True,False
Q6K00010,FMOD0103,BACKGROUND,True,False
Q6K00010,FMOD0107,BACKGROUND,True,False
Q6K00010,FMOD0108,BACKGROUND,True,False
Q6K00010,FMOD0111,BACKGROUND,True,False
Q6K00010,FMOD0112,BACKGROUND,True,False
Q6K00010,FMOD0114,BACKGROUND,True,False
Q6K00010,FMOD0117,BACKGROUND,True,False
Q6K00010,FMOD0118,BACKGROUND,True,False
Q6K00011,FMOD0002,KNOWN,True,False
Q6K00011,FMOD0012,KNOWN,True,False
Q6K00011,FMOD0019,KNOWN,True,False
Q6K00011,FMOD0020,KNOWN,True,False
Q6K00011,FMOD0021,KNOWN,True,False
Q6K00011,FMOD0030,KNOWN,True,False
Q6K00011,FMOD0034,KNOWN,True,False
Q6K00011,FMOD0039,KNOWN,True,False
Q6K00011,FMOD0041,KNOWN,False,True
Q6K00011,FMOD0045,KNOWN,True,False
Q6K00011,FMOD0052,KNOWN,True,False
Q6K00011,FMOD0056,KNOWN,True,False
Q6K00011,FMOD0057,KNOWN,True,False
Q6K00011,FMOD0058,KNOWN,True,False
Q6K00011,FMOD0059,KNOWN,True,False
Q6K00011,FMOD0063,KNOWN,True,False
Q6K00011,FMOD0064,KNOWN,True,False
Q6K00011,FMOD0065,KNOWN,True,False
Q6K00011,FMOD0071,KNOWN,True,False
Q6K00011,FMOD0072,KNOWN,True,False
Q6K00011,FMOD0078,KNOWN,True,False
Q6K00011,FMOD0081,KNOWN,True,False
Q6K00011,FMOD0082,KNOWN,True,False
Q6K00011,FMOD0097,KNOWN,True,False
Q6K00011,FMOD0101,KNOWN,True,False
Q6K00011,FMOD0010,BACKGROUND,True,False
Q6K00011,FMOD0018,BACKGROUND,True,False
Q6K00011,FMOD0026,BACKGROUND,True,False
Q6K00011,FMOD0029,BACKGROUND,True,False
Q6K00011,FMOD0037,BACKGROUND,True,False
Q6K00011,FMOD0042,BACKGROUND,True,False
Q6K00011,FMOD0098,BACKGROUND,True,False
Q6K00011,FMOD0103,BACKGROUND,True,False
Q6K00011,FMOD0107,BACKGROUND,True,False
Q6K00011,FMOD0108,BACKGROUND,True,False
Q6K00011,FMOD0111,BACKGROUND,True,False
Q6K00011,FMOD0112,BACKGROUND,True,False
Q6K00011,FMOD0114,BACKGROUND,True,False
Q6K00011,FMOD0117,BACKGROUND,True,False
Q6K00011,FMOD0118,BACKGROUND,True,False
Q6K00012,FMOD0002,KNOWN,True,False
Q6K00012,FMOD0012,KNOWN,True,False
Q6K00012,FMOD0019,KNOWN,True,False
Q6K00012,FMOD0020,KNOWN,True,False
Q6K00012,FMOD0021,KNOWN,True,False
Q6K00012,FMOD0030,KNOWN,True,False
Q6K00012,FMOD0034,KNOWN,True,False
Q6K00012,FMOD0039,KNOWN,True,False
Q6K00012,FMOD0041,KNOWN,True,False
Q6K00012,FMOD0045,KNOWN,False,True
Q6K00012,FMOD0052,KNOWN,True,False
Q6K00012,FMOD0056,KNOWN,True,False
Q6K00012,FMOD0057,KNOWN,True,False
Q6K00012,FMOD0058,KNOWN,True,False
Q6K00012,FMOD0059,KNOWN,True,False
Q6K00012,FMOD0063,KNOWN,True,False
Q6K00012,FMOD0064,KNOWN,True,False
Q6K00012,FMOD0065,KNOWN,True,False
Q6K00012,FMOD0071,KNOWN,True,False
Q6K00012,FMOD0072,KNOWN,True,False
Q6K00012,FMOD0078,KNOWN,True,False
Q6K00012,FMOD0081,KNOWN,True,False
Q6K00012,FMOD0082,KNOWN,True,False
Q6K00012,FMOD0097,KNOWN,True,False
Q6K00012,FMOD0101,KNOWN,True,False
Q6K00012,FMOD0010,BACKGROUND,True,False
Q6K00012,FMOD0018,BACKGROUND,True,False
Q6K00012,FMOD0026,BACKGROUND,True,False
Q6K00012,FMOD0029,BACKGROUND,True,False
Q6K00012,FMOD0037,BACKGROUND,True,False
Q6K00012,FMOD0042,BACKGROUND,True,False
Q6K00012,FMOD0098,BACKGROUND,True,False
Q6K00012,FMOD0103,BACKGROUND,True,False
Q6K00012,FMOD0107,BACKGROUND,True,False
Q6K00012,FMOD0108,BACKGROUND,True,False
Q6K00012,FMOD0111,BACKGROUND,True,False
Q6K00012,FMOD0112,BACKGROUND,True,False
Q6K00012,FMOD0114,BACKGROUND,True,False
Q6K00012,FMOD0117,BACKGROUND,True,False
Q6K00012,FMOD0118,BACKGROUND,True,False
Q6K00013,FMOD0002,KNOWN,True,False
Q6K00013,FMOD0012,KNOWN,True,False
Q6K00013,FMOD0019,KNOWN,True,False
Q6K00013,FMOD0020,KNOWN,True,False
Q6K00013,FMOD0021,KNOWN,True,False
Q6K00013,FMOD0030,KNOWN,True,False
Q6K00013,FMOD0034,KNOWN,True,False
Q6K00013,FMOD0039,KNOWN,True,False
Q6K00013,FMOD0041,KNOWN,True,False
Q6K00013,FMOD0045,KNOWN,True,False
Q6K00013,FMOD0052,KNOWN,True,False
Q6K00013,FMOD0056,KNOWN,True,False
Q6K00013,FMOD0057,KNOWN,True,False
Q6K00013,FMOD0058,KNOWN,True,False
Q6K00013,FMOD0059,KNOWN,True,False
Q6K00013,FMOD0063,KNOWN,True,False
Q6K00013,FMOD0064,KNOWN,True,False
Q6K00013,FMOD0065,KNOWN,True,False
Q6K00013,FMOD0071,KNOWN,True,False
Q6K00013,FMOD0072,KNOWN,True,False
Q6K00013,FMOD0078,KNOWN,True,False
Q6K00013,FMOD0081,KNOWN,True,False
Q6K00013,FMOD0082,KNOWN,True,False
Q6K00013,FMOD0097,KNOWN,False,True
Q6K00013,FMOD0101,KNOWN,True,False
Q6K00013,FMOD0010,BACKGROUND,True,False
Q6K00013,FMOD0018,BACKGROUND,True,False
Q6K00013,FMOD0026,BACKGROUND,True,False
Q6K00013,FMOD0029,BACKGROUND,True,False
Q6K00013,FMOD0037,BACKGROUND,True,False
Q6K00013,FMOD0042,BACKGROUND,True,False
Q6K00013,FMOD0098,BACKGROUND,True,False
Q6K00013,FMOD0103,BACKGROUND,True,False
Q6K00013,FMOD0107,BACKGROUND,True,False
Q6K00013,FMOD0108,BACKGROUND,True,False
Q6K00013,FMOD0111,BACKGROUND,True,False
Q6K00013,FMOD0112,BACKGROUND,True,False
Q6K00013,FMOD0114,BACKGROUND,True,False
Q6K00013,FMOD0117,BACKGROUND,True,False
Q6K00013,FMOD0118,BACKGROUND,True,False
Q6K00014,FMOD0002,KNOWN,True,False
Q6K00014,FMOD0012,KNOWN,True,False
Q6K00014,FMOD0019,KNOWN,True,False
Q6K00014,FMOD0020,KNOWN,True,False
Q6K00014,FMOD0021,KNOWN,True,False
Q6K00014,FMOD0030,KNOWN,True,False
Q6K00014,FMOD0034,KNOWN,True,False
Q6K00014,FMOD0039,KNOWN,True,False
Q6K00014,FMOD0041,KNOWN,True,False
Q6K00014,FMOD0045,KNOWN,True,False
Q6K00014,FMOD0052,KNOWN,True,False
Q6K00014,FMOD0056,KNOWN,True,False
Q6K00014,FMOD0057,KNOWN,True,False
Q6K00014,FMOD0058,KNOWN,True,False
Q6K00014,FMOD0059,KNOWN,True,False
Q6K00014,FMOD0063,KNOWN,True,False
Q6K00014,FMOD0064,KNOWN,True,False
Q6K00014,FMOD0065,KNOWN,True,False
Q6K00014,FMOD0071,KNOWN,True,False
Q6K00014,FMOD0072,KNOWN,True,False
Q6K00014,FMOD0078,KNOWN,True,False
Q6K00014,FMOD0081,KNOWN,False,True
Q6K00014,FMOD0082,KNOWN,True,False
Q6K00014,FMOD0097,KNOWN,True,False
Q6K00014,FMOD0101,KNOWN,True,False
Q6K00014,FMOD0010,BACKGROUND,True,False
Q6K00014,FMOD0018,BACKGROUND,True,False
Q6K00014,FMOD0026,BACKGROUND,True,False
Q6K00014,FMOD0029,BACKGROUND,True,False
Q6K00014,FMOD0037,BACKGROUND,True,False
Q6K00014,FMOD0042,BACKGROUND,True,False
Q6K00014,FMOD0098,BACKGROUND,True,False
Q6K00014,FMOD0103,BACKGROUND,True,False
Q6K00014,FMOD0107,BACKGROUND,True,False
Q6K00014,FMOD0108,BACKGROUND,True,False
Q6K00014,FMOD0111,BACKGROUND,True,False
Q6K00014,FMOD0112,BACKGROUND,True,False
Q6K00014,FMOD0114,BACKGROUND,True,False
Q6K00014,FMOD0117,BACKGROUND,True,False
Q6K00014,FMOD0118,BACKGROUND,True,False
Q6K00015,FMOD0002,KNOWN,True,False
Q6K00015,FMOD0012,KNOWN,True,False
Q6K00015,FMOD0019,KNOWN,True,False
Q6K00015,FMOD0020,KNOWN,True,False
Q6K00015,FMOD0021,KNOWN,True,False
Q6K00015,FMOD0030,KNOWN,True,False
Q6K00015,FMOD0034,KNOWN,True,False
Q6K00015,FMOD0039,KNOWN,False,True
Q6K00015,FMOD0041,KNOWN,True,False
Q6K00015,FMOD0045,KNOWN,True,False
Q6K00015,FMOD0052,KNOWN,True,False
Q6K00015,FMOD0056,KNOWN,True,False
Q6K00015,FMOD0057,KNOWN,True,False
Q6K00015,FMOD0058,KNOWN,True,False
Q6K00015,FMOD0059,KNOWN,True,False
Q6K00015,FMOD0063,KNOWN,True,False
Q6K00015,FMOD0064,KNOWN,True,False
Q6K00015,FMOD0065,KNOWN,True,False
Q6K00015,FMOD0071,KNOWN,True,False
Q6K00015,FMOD0072,KNOWN,True,False
Q6K00015,FMOD0078,KNOWN,True,False
Q6K00015,FMOD0081,KNOWN,True,False
Q6K00015,FMOD0082,KNOWN,True,False
Q6K00015,FMOD0097,KNOWN,True,False
Q6K00015,FMOD0101,KNOWN,True,False
Q6K00015,FMOD0010,BACKGROUND,True,False
Q6K00015,FMOD0018,BACKGROUND,True,False
Q6K00015,FMOD0026,BACKGROUND,True,False
Q6K00015,FMOD0029,BACKGROUND,True,False
Q6K00015,FMOD0037,BACKGROUND,True,False
Q6K00015,FMOD0042,BACKGROUND,True,False
Q6K00015,FMOD0098,BACKGROUND,True,False
Q6K00015,FMOD0103,BACKGROUND,True,False
Q6K00015,FMOD0107,BACKGROUND,True,False
Q6K00015,FMOD0108,BACKGROUND,True,False
Q6K00015,FMOD0111,BACKGROUND,True,False
Q6K00015,FMOD0112,BACKGROUND,True,False
Q6K00015,FMOD0114,BACKGROUND,True,False
Q6K00015,FMOD0117,BACKGROUND,True,False
Q6K00015,FMOD0118,BACKGROUND,True,False
Q6K00016,FMOD0002,KNOWN,True,False
Q6K00016,FMOD0012,KNOWN,True,False
Q6K00016,FMOD0019,KNOWN,True,False
Q6K00016,FMOD0020,KNOWN,True,False
Q6K00016,FMOD0021,KNOWN,True,False
Q6K00016,FMOD0030,KNOWN,True,False
Q6K00016,FMOD0034,KNOWN,True,False
Q6K00016,FMOD0039,KNOWN,True,False
Q6K00016,FMOD0041,KNOWN,False,True
Q6K00016,FMOD0045,KNOWN,True,False
Q6K00016,FMOD0052,KNOWN,True,False
Q6K00016,FMOD0056,KNOWN,True,False
Q6K00016,FMOD0057,KNOWN,True,False
Q6K00016,FMOD0058,KNOWN,True,False
Q6K00016,FMOD0059,KNOWN,True,False
Q6K00016,FMOD0063,KNOWN,True,False
Q6K00016,FMOD0064,KNOWN,True,False
Q6K00016,FMOD0065,KNOWN,True,False
Q6K00016,FMOD0071,KNOWN,True,False
Q6K00016,FMOD0072,KNOWN,True,False
Q6K00016,FMOD0078,KNOWN,True,False
Q6K00016,FMOD0081,KNOWN,True,False
Q6K00016,FMOD0082,KNOWN,True,False
Q6K00016,FMOD0097,KNOWN,True,False
Q6K00016,FMOD0101,KNOWN,True,False
Q6K00016,FMOD0010,BACKGROUND,True,False
Q6K00016,FMOD0018,BACKGROUND,True,False
Q6K00016,FMOD0026,BACKGROUND,True,False
Q6K00016,FMOD0029,BACKGROUND,True,False
Q6K00016,FMOD0037,BACKGROUND,True,False
Q6K00016,FMOD0042,BACKGROUND,True,False
Q6K00016,FMOD0098,BACKGROUND,True,False
Q6K00016,FMOD0103,BACKGROUND,True,False
Q6K00016,FMOD0107,BACKGROUND,True,False
Q6K00016,FMOD0108,BACKGROUND,True,False
Q6K00016,FMOD0111,BACKGROUND,True,False
Q6K00016,FMOD0112,BACKGROUND,True,False
Q6K00016,FMOD0114,BACKGROUND,True,False
Q6K00016,FMOD0117,BACKGROUND,True,False
Q6K00016,FMOD0118,BACKGROUND,True,False
Q6K00017,FMOD0002,KNOWN,True,False
Q6K00017,FMOD0012,KNOWN,True,False
Q6K00017,FMOD0019,KNOWN,True,False
Q6K00017,FMOD0020,KNOWN,True,False
Q6K00017,FMOD0021,KNOWN,True,False
Q6K00017,FMOD0030,KNOWN,True,False
Q6K00017,FMOD0034,KNOWN,False,True
Q6K00017,FMOD0039,KNOWN,True,False
Q6K00017,FMOD0041,KNOWN,True,False
Q6K00017,FMOD0045,KNOWN,True,False
Q6K00017,FMOD0052,KNOWN,True,False
Q6K00017,FMOD0056,KNOWN,True,False
Q6K00017,FMOD0057,KNOWN,True,False
Q6K00017,FMOD0058,KNOWN,True,False
Q6K00017,FMOD0059,KNOWN,True,False
Q6K00017,FMOD0063,KNOWN,True,False
Q6K00017,FMOD0064,KNOWN,True,False
Q6K00017,FMOD0065,KNOWN,True,False
Q6K00017,FMOD0071,KNOWN,True,False
Q6K00017,FMOD0072,KNOWN,True,False
Q6K00017,FMOD0078,KNOWN,True,False
Q6K00017,FMOD0081,KNOWN,True,False
Q6K00017,FMOD0082,KNOWN,True,False
Q6K00017,FMOD0097,KNOWN,True,False
Q6K00017,FMOD0101,KNOWN,True,False
Q6K00017,FMOD0010,BACKGROUND,True,False
Q6K00017,FMOD0018,BACKGROUND,True,False
Q6K00017,FMOD0026,BACKGROUND,True,False
Q6K00017,FMOD0029,BACKGROUND,True,False
Q6K00017,FMOD0037,BACKGROUND,True,False
Q6K00017,FMOD0042,BACKGROUND,True,False
Q6K00017,FMOD0098,BACKGROUND,True,False
Q6K00017,FMOD0103,BACKGROUND,True,False
Q6K00017,FMOD0107,BACKGROUND,True,False
Q6K00017,FMOD0108,BACKGROUND,True,False
Q6K00017,FMOD0111,BACKGROUND,True,False
Q6K00017,FMOD0112,BACKGROUND,True,False
Q6K00017,FMOD0114,BACKGROUND,True,False
Q6K00017,FMOD0117,BACKGROUND,True,False
Q6K00017,FMOD0118,BACKGROUND,True,False
Q6K00018,FMOD0002,KNOWN,True,False
Q6K00018,FMOD0012,KNOWN,True,False
Q6K00018,FMOD0019,KNOWN,True,False
Q6K00018,FMOD0020,KNOWN,True,False
Q6K00018,FMOD0021,KNOWN,True,False
Q6K00018,FMOD0030,KNOWN,True,False
Q6K00018,FMOD0034,KNOWN,True,False
Q6K00018,FMOD0039,KNOWN,True,False
Q6K00018,FMOD0041,KNOWN,True,False
Q6K00018,FMOD0045,KNOWN,True,False
Q6K00018,FMOD0052,KNOWN,True,False
Q6K00018,FMOD0056,KNOWN,True,False
Q6K00018,FMOD0057,KNOWN,True,False
Q6K00018,FMOD0058,KNOWN,True,False
Q6K00018,FMOD0059,KNOWN,True,False
Q6K00018,FMOD0063,KNOWN,True,False
Q6K00018,FMOD0064,KNOWN,True,False
Q6K00018,FMOD0065,KNOWN,True,False
Q6K00018,FMOD0071,KNOWN,True,False
Q6K00018,FMOD0072,KNOWN,True,False
Q6K00018,FMOD0078,KNOWN,True,False
Q6K00018,FMOD0081,KNOWN,True,False
Q6K00018,FMOD0082,KNOWN,False,True
Q6K00018,FMOD0097,KNOWN,True,False
Q6K00018,FMOD0101,KNOWN,True,False
Q6K00018,FMOD0010,BACKGROUND,True,False
Q6K00018,FMOD0018,BACKGROUND,True,False
Q6K00018,FMOD0026,BACKGROUND,True,False
Q6K00018,FMOD0029,BACKGROUND,True,False
Q6K00018,FMOD0037,BACKGROUND,True,False
Q6K00018,FMOD0042,BACKGROUND,True,False
Q6K00018,FMOD0098,BACKGROUND,True,False
Q6K00018,FMOD0103,BACKGROUND,True,False
Q6K00018,FMOD0107,BACKGROUND,True,False
Q6K00018,FMOD0108,BACKGROUND,True,False
Q6K00018,FMOD0111,BACKGROUND,True,False
Q6K00018,FMOD0112,BACKGROUND,True,False
Q6K00018,FMOD0114,BACKGROUND,True,False
Q6K00018,FMOD0117,BACKGROUND,True,False
Q6K00018,FMOD0118,BACKGROUND,True,False
Q6K00019,FMOD0002,KNOWN,True,False
Q6K00019,FMOD0012,KNOWN,True,False
Q6K00019,FMOD0019,KNOWN,True,False
Q6K00019,FMOD0020,KNOWN,True,False
Q6K00019,FMOD0021,KNOWN,True,False
Q6K00019,FMOD0030,KNOWN,False,True
Q6K00019,FMOD0034,KNOWN,True,False
Q6K00019,FMOD0039,KNOWN,True,False
Q6K00019,FMOD0041,KNOWN,True,False
Q6K00019,FMOD0045,KNOWN,True,False
Q6K00019,FMOD0052,KNOWN,True,False
Q6K00019,FMOD0056,KNOWN,True,False
Q6K00019,FMOD0057,KNOWN,True,False
Q6K00019,FMOD0058,KNOWN,True,False
Q6K00019,FMOD0059,KNOWN,True,False
Q6K00019,FMOD0063,KNOWN,True,False
Q6K00019,FMOD0064,KNOWN,True,False
Q6K00019,FMOD0065,KNOWN,True,False
Q6K00019,FMOD0071,KNOWN,True,False
Q6K00019,FMOD0072,KNOWN,True,False
Q6K00019,FMOD0078,KNOWN,True,False
Q6K00019,FMOD0081,KNOWN,True,False
Q6K00019,FMOD0082,KNOWN,True,False
Q6K00019,FMOD0097,KNOWN,True,False
Q6K00019,FMOD0101,KNOWN,True,False
Q6K00019,FMOD0010,BACKGROUND,True,False
Q6K00019,FMOD0018,BACKGROUND,True,False
Q6K00019,FMOD0026,BACKGROUND,True,False
Q6K00019,FMOD0029,BACKGROUND,True,False
Q6K00019,FMOD0037,BACKGROUND,True,False
Q6K00019,FMOD0042,BACKGROUND,True,False
Q6K00019,FMOD0098,BACKGROUND,True,False
Q6K00019,FMOD0103,BACKGROUND,True,False
Q6K00019,FMOD0107,BACKGROUND,True,False
Q6K00019,FMOD0108,BACKGROUND,True,False
Q6K00019,FMOD0111,BACKGROUND,True,False
Q6K00019,FMOD0112,BACKGROUND,True,False
Q6K00019,FMOD0114,BACKGROUND,True,False
Q6K00019,FMOD0117,BACKGROUND,True,False
Q6K00019,FMOD0118,BACKGROUND,True,False
Q6K00020,FMOD0002,KNOWN,True,False
Q6K00020,FMOD0012,KNOWN,True,False
Q6K00020,FMOD0019,KNOWN,True,False
Q6K00020,FMOD0020,KNOWN,True,False
Q6K00020,FMOD0021,KNOWN,True,False
Q6K00020,FMOD0030,KNOWN,True,False
Q6K00020,FMOD0034,KNOWN,False,True
Q6K00020,FMOD0039,KNOWN,True,False
Q6K00020,FMOD0041,KNOWN,True,False
Q6K00020,FMOD0045,KNOWN,True,False
Q6K00020,FMOD0052,KNOWN,True,False
Q6K00020,FMOD0056,KNOWN,True,False
Q6K00020,FMOD0057,KNOWN,True,False
Q6K00020,FMOD0058,KNOWN,True,False
Q6K00020,FMOD0059,KNOWN,True,False
Q6K00020,FMOD0063,KNOWN,True,False
Q6K00020,FMOD0064,KNOWN,True,False
Q6K00020,FMOD0065,KNOWN,True,False
Q6K00020,FMOD0071,KNOWN,True,False
Q6K00020,FMOD0072,KNOWN,True,False
Q6K00020,FMOD0078,KNOWN,True,False
Q6K00020,FMOD0081,KNOWN,True,False
Q6K00020,FMOD0082,KNOWN,True,False
Q6K00020,FMOD0097,KNOWN,True,False
Q6K00020,FMOD0101,KNOWN,True,False
Q6K00020,FMOD0010,BACKGROUND,True,False
Q6K00020,FMOD0018,BACKGROUND,True,False
Q6K00020,FMOD0026,BACKGROUND,True,False
Q6K00020,FMOD0029,BACKGROUND,True,False
Q6K00020,FMOD0037,BACKGROUND,True,False
Q6K00020,FMOD0042,BACKGROUND,True,False
Q6K00020,FMOD0098,BACKGROUND,True,False
Q6K00020,FMOD0103,BACKGROUND,True,False
Q6K00020,FMOD0107,BACKGROUND,True,False
Q6K00020,FMOD0108,BACKGROUND,True,False
Q6K00020,FMOD0111,BACKGROUND,True,False
Q6K00020,FMOD0112,BACKGROUND,True,False
Q6K00020,FMOD0114,BACKGROUND,True,False
Q6K00020,FMOD0117,BACKGROUND,True,False
Q6K00020,FMOD0118,BACKGROUND,True,False
Q6K00021,FMOD0002,KNOWN,True,False
Q6K00021,FMOD0012,KNOWN,True,False
Q6K00021,FMOD0019,KNOWN,True,False
Q6K00021,FMOD0020,KNOWN,True,False
Q6K00021,FMOD0021,KNOWN,True,False
Q6K00021,FMOD0030,KNOWN,True,False
Q6K00021,FMOD0034,KNOWN,False,True
Q6K00021,FMOD0039,KNOWN,True,False
Q6K00021,FMOD0041,KNOWN,True,False
Q6K00021,FMOD0045,KNOWN,True,False
Q6K00021,FMOD0052,KNOWN,True,False
Q6K00021,FMOD0056,KNOWN,True,False
Q6K00021,FMOD0057,KNOWN,True,False
Q6K00021,FMOD0058,KNOWN,True,False
Q6K00021,FMOD0059,KNOWN,True,False
Q6K00021,FMOD0063,KNOWN,True,False
Q6K00021,FMOD0064,KNOWN,True,False
Q6K00021,FMOD0065,KNOWN,True,False
Q6K00021,FMOD0071,KNOWN,True,False
Q6K00021,FMOD0072,KNOWN,True,False
Q6K00021,FMOD0078,KNOWN,True,False
Q6K00021,FMOD0081,KNOWN,True,False
Q6K00021,FMOD0082,KNOWN,True,False
Q6K00021,FMOD0097,KNOWN,True,False
Q6K00021,FMOD0101,KNOWN,True,False
Q6K00021,FMOD0010,BACKGROUND,True,False
Q6K00021,FMOD0018,BACKGROUND,True,False
Q6K00021,FMOD0026,BACKGROUND,True,False
Q6K00021,FMOD0029,BACKGROUND,True,False
Q6K00021,FMOD0037,BACKGROUND,True,False
Q6K00021,FMOD0042,BACKGROUND,True,False
Q6K00021,FMOD0098,BACKGROUND,True,False
Q6K00021,FMOD0103,BACKGROUND,True,False
Q6K00021,FMOD0107,BACKGROUND,True,False
Q6K00021,FMOD0108,BACKGROUND,True,False
Q6K00021,FMOD0111,BACKGROUND,True,False
Q6K00021,FMOD0112,BACKGROUND,True,False
Q6K00021,FMOD0114,BACKGROUND,True,False
Q6K00021,FMOD0117,BACKGROUND,True,False
Q6K00021,FMOD0118,BACKGROUND,True,False
Q6K00022,FMOD0002,KNOWN,False,True
Q6K00022,FMOD0012,KNOWN,True,False
Q6K00022,FMOD0019,KNOWN,True,False
Q6K00022,FMOD0020,KNOWN,True,False
Q6K00022,FMOD0021,KNOWN,True,False
Q6K00022,FMOD0030,KNOWN,True,False
Q6K00022,FMOD0034,KNOWN,True,False
Q6K00022,FMOD0039,KNOWN,True,False
Q6K00022,FMOD0041,KNOWN,True,False
Q6K00022,FMOD0045,KNOWN,True,False
Q6K00022,FMOD0052,KNOWN,True,False
Q6K00022,FMOD0056,KNOWN,True,False
Q6K00022,FMOD0057,KNOWN,True,False
Q6K00022,FMOD0058,KNOWN,True,False
Q6K00022,FMOD0059,KNOWN,True,False
Q6K00022,FMOD0063,KNOWN,True,False
Q6K00022,FMOD0064,KNOWN,True,False
Q6K00022,FMOD0065,KNOWN,True,False
Q6K00022,FMOD0071,KNOWN,True,False
Q6K00022,FMOD0072,KNOWN,True,False
Q6K00022,FMOD0078,KNOWN,True,False
Q6K00022,FMOD0081,KNOWN,True,False
Q6K00022,FMOD0082,KNOWN,True,False
Q6K00022,FMOD0097,KNOWN,True,False
Q6K00022,FMOD0101,KNOWN,True,False
Q6K00022,FMOD0010,BACKGROUND,True,False
Q6K00022,FMOD0018,BACKGROUND,True,False
Q6K00022,FMOD0026,BACKGROUND,True,False
Q6K00022,FMOD0029,BACKGROUND,True,False
Q6K00022,FMOD0037,BACKGROUND,True,False
Q6K00022,FMOD0042,BACKGROUND,True,False
Q6K00022,FMOD0098,BACKGROUND,True,False
Q6K00022,FMOD0103,BACKGROUND,True,False
Q6K00022,FMOD0107,BACKGROUND,True,False
Q6K00022,FMOD0108,BACKGROUND,True,False
Q6K00022,FMOD0111,BACKGROUND,True,False
Q6K00022,FMOD0112,BACKGROUND,True,False
Q6K00022,FMOD0114,BACKGROUND,True,False
Q6K00022,FMOD0117,BACKGROUND,True,False
Q6K00022,FMOD0118,BACKGROUND,True,False
Q6K00023,FMOD0002,KNOWN,True,False
Q6K00023,FMOD0012,KNOWN,True,False
Q6K00023,FMOD0019,KNOWN,True,False
Q6K00023,FMOD0020,KNOWN,True,False
Q6K00023,FMOD0021,KNOWN,True,False
Q6K00023,FMOD0030,KNOWN,True,False
Q6K00023,FMOD0034,KNOWN,True,False
Q6K00023,FMOD0039,KNOWN,True,False
Q6K00023,FMOD0041,KNOWN,True,False
Q6K00023,FMOD0045,KNOWN,True,False
Q6K00023,FMOD0052,KNOWN,True,False
Q6K00023,FMOD0056,KNOWN,True,False
Q6K00023,FMOD0057,KNOWN,True,False
Q6K00023,FMOD0058,KNOWN,True,False
Q6K00023,FMOD0059,KNOWN,True,False
Q6K00023,FMOD0063,KNOWN,True,False
Q6K00023,FMOD0064,KNOWN,True,False
Q6K00023,FMOD0065,KNOWN,True,False
Q6K00023,FMOD0071,KNOWN,True,False
Q6K00023,FMOD0072,KNOWN,False,True
Q6K00023,FMOD0078,KNOWN,True,False
Q6K00023,FMOD0081,KNOWN,True,False
Q6K00023,FMOD0082,KNOWN,True,False
Q6K00023,FMOD0097,KNOWN,True,False
Q6K00023,FMOD0101,KNOWN,True,False
Q6K00023,FMOD0010,BACKGROUND,True,False
Q6K00023,FMOD0018,BACKGROUND,True,False
Q6K00023,FMOD0026,BACKGROUND,True,False
Q6K00023,FMOD0029,BACKGROUND,True,False
Q6K00023,FMOD0037,BACKGROUND,True,False
Q6K00023,FMOD0042,BACKGROUND,True,False
Q6K00023,FMOD0098,BACKGROUND,True,False
Q6K00023,FMOD0103,BACKGROUND,True,False
Q6K00023,FMOD0107,BACKGROUND,True,False
Q6K00023,FMOD0108,BACKGROUND,True,False
Q6K00023,FMOD0111,BACKGROUND,True,False
Q6K00023,FMOD0112,BACKGROUND,True,False
Q6K00023,FMOD0114,BACKGROUND,True,False
Q6K00023,FMOD0117,BACKGROUND,True,False
Q6K00023,FMOD0118,BACKGROUND,True,False
Q6K00024,FMOD0002,KNOWN,True,False
Q6K00024,FMOD0012,KNOWN,True,False
Q6K00024,FMOD0019,KNOWN,True,False
Q6K00024,FMOD0020,KNOWN,True,False
Q6K00024,FMOD0021,KNOWN,True,False
Q6K00024,FMOD0030,KNOWN,True,False
Q6K00024,FMOD0034,KNOWN,True,False
Q6K00024,FMOD0039,KNOWN,True,False
Q6K00024,FMOD0041,KNOWN,True,False
Q6K00024,FMOD0045,KNOWN,True,False
Q6K00024,FMOD0052,KNOWN,False,True
Q6K00024,FMOD0056,KNOWN,True,False
Q6K00024,FMOD0057,KNOWN,True,False
Q6K00024,FMOD0058,KNOWN,True,False
Q6K00024,FMOD0059,KNOWN,True,False
Q6K00024,FMOD0063,KNOWN,True,False
Q6K00024,FMOD0064,KNOWN,True,False
Q6K00024,FMOD0065,KNOWN,True,False
Q6K00024,FMOD0071,KNOWN,True,False
Q6K00024,FMOD0072,KNOWN,True,False
Q6K00024,FMOD0078,KNOWN,True,False
Q6K00024,FMOD0081,KNOWN,True,False
Q6K00024,FMOD0082,KNOWN,True,False
Q6K00024,FMOD0097,KNOWN,True,False
Q6K00024,FMOD0101,KNOWN,True,False
Q6K00024,FMOD0010,BACKGROUND,True,False
Q6K00024,FMOD0018,BACKGROUND,True,False
Q6K00024,FMOD0026,BACKGROUND,True,False
Q6K00024,FMOD0029,BACKGROUND,True,False
Q6K00024,FMOD0037,BACKGROUND,True,False
Q6K00024,FMOD0042,BACKGROUND,True,False
Q6K00024,FMOD0098,BACKGROUND,True,False
Q6K00024,FMOD0103,BACKGROUND,True,False
Q6K00024,FMOD0107,BACKGROUND,True,False
Q6K00024,FMOD0108,BACKGROUND,True,False
Q6K00024,FMOD0111,BACKGROUND,True,False
Q6K00024,FMOD0112,BACKGROUND,True,False
Q6K00024,FMOD0114,BACKGROUND,True,False
Q6K00024,FMOD0117,BACKGROUND,True,False
Q6K00024,FMOD0118,BACKGROUND,True,False
Q6K00025,FMOD0002,KNOWN,False,True
Q6K00025,FMOD0012,KNOWN,True,False
Q6K00025,FMOD0019,KNOWN,True,False
Q6K00025,FMOD0020,KNOWN,True,False
Q6K00025,FMOD0021,KNOWN,True,False
Q6K00025,FMOD0030,KNOWN,True,False
Q6K00025,FMOD0034,KNOWN,True,False
Q6K00025,FMOD0039,KNOWN,True,False
Q6K00025,FMOD0041,KNOWN,True,False
Q6K00025,FMOD0045,KNOWN,True,False
Q6K00025,FMOD0052,KNOWN,True,False
Q6K00025,FMOD0056,KNOWN,True,False
Q6K00025,FMOD0057,KNOWN,True,False
Q6K00025,FMOD0058,KNOWN,True,False
Q6K00025,FMOD0059,KNOWN,True,False
Q6K00025,FMOD0063,KNOWN,True,False
Q6K00025,FMOD0064,KNOWN,True,False
Q6K00025,FMOD0065,KNOWN,True,False
Q6K00025,FMOD0071,KNOWN,True,False
Q6K00025,FMOD0072,KNOWN,True,False
Q6K00025,FMOD0078,KNOWN,True,False
Q6K00025,FMOD0081,KNOWN,True,False
Q6K00025,FMOD0082,KNOWN,True,False
Q6K00025,FMOD0097,KNOWN,True,False
Q6K00025,FMOD0101,KNOWN,True,False
Q6K00025,FMOD0010,BACKGROUND,True,False
Q6K00025,FMOD0018,BACKGROUND,True,False
Q6K00025,FMOD0026,BACKGROUND,True,False
Q6K00025,FMOD0029,BACKGROUND,True,False
Q6K00025,FMOD0037,BACKGROUND,True,False
Q6K00025,FMOD0042,BACKGROUND,True,False
Q6K00025,FMOD0098,BACKGROUND,True,False
Q6K00025,FMOD0103,BACKGROUND,True,False
Q6K00025,FMOD0107,BACKGROUND,True,False
Q6K00025,FMOD0108,BACKGROUND,True,False
Q6K00025,FMOD0111,BACKGROUND,True,False
Q6K00025,FMOD0112,BACKGROUND,True,False
Q6K00025,FMOD0114,BACKGROUND,True,False
Q6K00025,FMOD0117,BACKGROUND,True,False
Q6K00025,FMOD0118,BACKGROUND,True,False
Q6K00026,FMOD0002,KNOWN,True,False
Q6K00026,FMOD0012,KNOWN,True,False
Q6K00026,FMOD0019,KNOWN,True,False
Q6K00026,FMOD0020,KNOWN,True,False
Q6K00026,FMOD0021,KNOWN,True,False
Q6K00026,FMOD0030,KNOWN,True,False
Q6K00026,FMOD0034,KNOWN,True,False
Q6K00026,FMOD0039,KNOWN,True,False
Q6K00026,FMOD0041,KNOWN,True,False
Q6K00026,FMOD0045,KNOWN,True,False
Q6K00026,FMOD0052,KNOWN,True,False
Q6K00026,FMOD0056,KNOWN,False,True
Q6K00026,FMOD0057,KNOWN,True,False
Q6K00026,FMOD0058,KNOWN,True,False
Q6K00026,FMOD0059,KNOWN,True,False
Q6K00026,FMOD0063,KNOWN,True,False
Q6K00026,FMOD0064,KNOWN,True,False
Q6K00026,FMOD0065,KNOWN,True,False
Q6K00026,FMOD0071,KNOWN,True,False
Q6K00026,FMOD0072,KNOWN,True,False
Q6K00026,FMOD0078,KNOWN,True,False
Q6K00026,FMOD0081,KNOWN,True,False
Q6K00026,FMOD0082,KNOWN,True,False
Q6K00026,FMOD0097,KNOWN,True,False
Q6K00026,FMOD0101,KNOWN,True,False
Q6K00026,FMOD0010,BACKGROUND,True,False
Q6K00026,FMOD0018,BACKGROUND,True,False
Q6K00026,FMOD0026,BACKGROUND,True,False
Q6K00026,FMOD0029,BACKGROUND,True,False
Q6K00026,FMOD0037,BACKGROUND,True,False
Q6K00026,FMOD0042,BACKGROUND,True,False
Q6K00026,FMOD0098,BACKGROUND,True,False
Q6K00026,FMOD0103,BACKGROUND,True,False
Q6K00026,FMOD0107,BACKGROUND,True,False
Q6K00026,FMOD0108,BACKGROUND,True,False
Q6K00026,FMOD0111,BACKGROUND,True,False
Q6K00026,FMOD0112,BACKGROUND,True,False
Q6K00026,FMOD0114,BACKGROUND,True,False
Q6K00026,FMOD0117,BACKGROUND,True,False
Q6K00026,FMOD0118,BACKGROUND,True,False
Q6K00027,FMOD0002,KNOWN,True,False
Q6K00027,FMOD0012,KNOWN,True,False
Q6K00027,FMOD0019,KNOWN,True,False
Q6K00027,FMOD0020,KNOWN,True,False
Q6K00027,FMOD0021,KNOWN,True,False
Q6K00027,FMOD0030,KNOWN,True,False
Q6K00027,FMOD0034,KNOWN,True,False
Q6K00027,FMOD0039,KNOWN,True,False
Q6K00027,FMOD0041,KNOWN,True,False
Q6K00027,FMOD0045,KNOWN,True,False
Q6K00027,FMOD0052,KNOWN,True,False
Q6K00027,FMOD0056,KNOWN,True,False
Q6K00027,FMOD0057,KNOWN,True,False
Q6K00027,FMOD0058,KNOWN,True,False
Q6K00027,FMOD0059,KNOWN,True,False
Q6K00027,FMOD0063,KNOWN,False,True
Q6K00027,FMOD0064,KNOWN,True,False
Q6K00027,FMOD0065,KNOWN,True,False
Q6K00027,FMOD0071,KNOWN,True,False
Q6K00027,FMOD0072,KNOWN,True,False
Q6K00027,FMOD0078,KNOWN,True,False
Q6K00027,FMOD0081,KNOWN,True,False
Q6K00027,FMOD0082,KNOWN,True,False
Q6K00027,FMOD0097,KNOWN,True,False
Q6K00027,FMOD0101,KNOWN,True,False
Q6K00027,FMOD0010,BACKGROUND,True,False
Q6K00027,FMOD0018,BACKGROUND,True,False
Q6K00027,FMOD0026,BACKGROUND,True,False
Q6K00027,FMOD0029,BACKGROUND,True,False
Q6K00027,FMOD0037,BACKGROUND,True,False
Q6K00027,FMOD0042,BACKGROUND,True,False
Q6K00027,FMOD0098,BACKGROUND,True,False
Q6K00027,FMOD0103,BACKGROUND,True,False
Q6K00027,FMOD0107,BACKGROUND,True,False
Q6K00027,FMOD0108,BACKGROUND,True,False
Q6K00027,FMOD0111,BACKGROUND,True,False
Q6K00027,FMOD0112,BACKGROUND,True,False
Q6K00027,FMOD0114,BACKGROUND,True,False
Q6K00027,FMOD0117,BACKGROUND,True,False
Q6K00027,FMOD0118,BACKGROUND,True,False
Q6K00028,FMOD0002,KNOWN,True,False
Q6K00028,FMOD0012,KNOWN,True,False
Q6K00028,FMOD0019,KNOWN,True,False
Q6K00028,FMOD0020,KNOWN,True,False
Q6K00028,FMOD0021,KNOWN,True,False
Q6K00028,FMOD0030,KNOWN,True,False
Q6K00028,FMOD0034,KNOWN,True,False
Q6K00028,FMOD0039,KNOWN,True,False
Q6K00028,FMOD0041,KNOWN,True,False
Q6K00028,FMOD0045,KNOWN,True,False
Q6K00028,FMOD0052,KNOWN,True,False
Q6K00028,FMOD0056,KNOWN,True,False
Q6K00028,FMOD0057,KNOWN,True,False
Q6K00028,FMOD0058,KNOWN,True,False
Q6K00028,FMOD0059,KNOWN,True,False
Q6K00028,FMOD0063,KNOWN,True,False
Q6K00028,FMOD0064,KNOWN,True,False
Q6K00028,FMOD0065,KNOWN,True,False
Q6K00028,FMOD0071,KNOWN,True,False
Q6K00028,FMOD0072,KNOWN,False,True
Q6K00028,FMOD0078,KNOWN,True,False
Q6K00028,FMOD0081,KNOWN,True,False
Q6K00028,FMOD0082,KNOWN,True,False
Q6K00028,FMOD0097,KNOWN,True,False
Q6K00028,FMOD0101,KNOWN,True,False
Q6K00028,FMOD0010,BACKGROUND,True,False
Q6K00028,FMOD0018,BACKGROUND,True,False
Q6K00028,FMOD0026,BACKGROUND,True,False
Q6K00028,FMOD0029,BACKGROUND,True,False
Q6K00028,FMOD0037,BACKGROUND,True,False
Q6K00028,FMOD0042,BACKGROUND,True,False
Q6K00028,FMOD0098,BACKGROUND,True,False
Q6K00028,FMOD0103,BACKGROUND,True,False
Q6K00028,FMOD0107,BACKGROUND,True,False
Q6K00028,FMOD0108,BACKGROUND,True,False
Q6K00028,FMOD0111,BACKGROUND,True,False
Q6K00028,FMOD0112,BACKGROUND,True,False
Q6K00028,FMOD0114,BACKGROUND,True,False
Q6K00028,FMOD0117,BACKGROUND,True,False
Q6K00028,FMOD0118,BACKGROUND,True,False
Q6K00029,FMOD0002,KNOWN,True,False
Q6K00029,FMOD0012,KNOWN,True,False
Q6K00029,FMOD0019,KNOWN,True,False
Q6K00029,FMOD0020,KNOWN,True,False
Q6K00029,FMOD0021,KNOWN,True,False
Q6K00029,FMOD0030,KNOWN,True,False
Q6K00029,FMOD0034,KNOWN,True,False
Q6K00029,FMOD0039,KNOWN,True,False
Q6K00029,FMOD0041,KNOWN,True,False
Q6K00029,FMOD0045,KNOWN,True,False
Q6K00029,FMOD0052,KNOWN,True,False
Q6K00029,FMOD0056,KNOWN,True,False
Q6K00029,FMOD0057,KNOWN,False,True
Q6K00029,FMOD0058,KNOWN,True,False
Q6K00029,FMOD0059,KNOWN,True,False
Q6K00029,FMOD0063,KNOWN,True,False
Q6K00029,FMOD0064,KNOWN,True,False
Q6K00029,FMOD0065,KNOWN,True,False
Q6K00029,FMOD0071,KNOWN,True,False
Q6K00029,FMOD0072,KNOWN,True,False
Q6K00029,FMOD0078,KNOWN,True,False
Q6K00029,FMOD0081,KNOWN,True,False
Q6K00029,FMOD0082,KNOWN,True,False
Q6K00029,FMOD0097,KNOWN,True,False
Q6K00029,FMOD0101,KNOWN,True,False
Q6K00029,FMOD0010,BACKGROUND,True,False
Q6K00029,FMOD0018,BACKGROUND,True,False
Q6K00029,FMOD0026,BACKGROUND,True,False
Q6K00029,FMOD0029,BACKGROUND,True,False
Q6K00029,FMOD0037,BACKGROUND,True,False
Q6K00029,FMOD0042,BACKGROUND,True,False
Q6K00029,FMOD0098,BACKGROUND,True,False
Q6K00029,FMOD0103,BACKGROUND,True,False
Q6K00029,FMOD0107,BACKGROUND,True,False
Q6K00029,FMOD0108,BACKGROUND,True,False
Q6K00029,FMOD0111,BACKGROUND,True,False
Q6K00029,FMOD0112,BACKGROUND,True,False
Q6K00029,FMOD0114,BACKGROUND,True,False
Q6K00029,FMOD0117,BACKGROUND,True,False
Q6K00029,FMOD0118,BACKGROUND,True,False
Q6K00030,FMOD0002,KNOWN,True,False
Q6K00030,FMOD0012,KNOWN,True,False
Q6K00030,FMOD0019,KNOWN,True,False
Q6K00030,FMOD0020,KNOWN,True,False
Q6K00030,FMOD0021,KNOWN,True,False
Q6K00030,FMOD0030,KNOWN,True,False
Q6K00030,FMOD0034,KNOWN,False,True
Q6K00030,FMOD0039,KNOWN,True,False
Q6K00030,FMOD0041,KNOWN,True,False
Q6K00030,FMOD0045,KNOWN,True,False
Q6K00030,FMOD0052,KNOWN,True,False
Q6K00030,FMOD0056,KNOWN,True,False
Q6K00030,FMOD0057,KNOWN,True,False
Q6K00030,FMOD0058,KNOWN,True,False
Q6K00030,FMOD0059,KNOWN,True,False
Q6K00030,FMOD0063,KNOWN,True,False
Q6K00030,FMOD0064,KNOWN,True,False
Q6K00030,FMOD0065,KNOWN,True,False
Q6K00030,FMOD0071,KNOWN,True,False
Q6K00030,FMOD0072,KNOWN,True,False
Q6K00030,FMOD0078,KNOWN,True,False
Q6K00030,FMOD0081,KNOWN,True,False
Q6K00030,FMOD0082,KNOWN,True,False
Q6K00030,FMOD0097,KNOWN,True,False
Q6K00030,FMOD0101,KNOWN,True,False
Q6K00030,FMOD0010,BACKGROUND,True,False
Q6K00030,FMOD0018,BACKGROUND,True,False
Q6K00030,FMOD0026,BACKGROUND,True,False
Q6K00030,FMOD0029,BACKGROUND,True,False
Q6K00030,FMOD0037,BACKGROUND,True,False
Q6K00030,FMOD0042,BACKGROUND,True,False
Q6K00030,FMOD0098,BACKGROUND,True,False
Q6K00030,FMOD0103,BACKGROUND,True,False
Q6K00030,FMOD0107,BACKGROUND,True,False
Q6K00030,FMOD0108,BACKGROUND,True,False
Q6K00030,FMOD0111,BACKGROUND,True,False
Q6K00030,FMOD0112,BACKGROUND,True,False
Q6K00030,FMOD0114,BACKGROUND,True,False
Q6K00030,FMOD0117,BACKGROUND,True,False
Q6K00030,FMOD0118,BACKGROUND,True,False
Q6K00031,FMOD0002,KNOWN,True,False
Q6K00031,FMOD0012,KNOWN,True,False
Q6K00031,FMOD0019,KNOWN,True,False
Q6K00031,FMOD0020,KNOWN,True,False
Q6K00031,FMOD0021,KNOWN,True,False
Q6K00031,FMOD0030,KNOWN,True,False
Q6K00031,FMOD0034,KNOWN,True,False
Q6K00031,FMOD0039,KNOWN,True,False
Q6K00031,FMOD0041,KNOWN,True,False
Q6K00031,FMOD0045,KNOWN,True,False
Q6K00031,FMOD0052,KNOWN,True,False
Q6K00031,FMOD0056,KNOWN,True,False
Q6K00031,FMOD0057,KNOWN,True,False
Q6K00031,FMOD0058,KNOWN,True,False
Q6K00031,FMOD0059,KNOWN,True,False
Q6K00031,FMOD0063,KNOWN,True,False
Q6K00031,FMOD0064,KNOWN,True,False
Q6K00031,FMOD0065,KNOWN,True,False
Q6K00031,FMOD0071,KNOWN,True,False
Q6K00031,FMOD0072,KNOWN,True,False
Q6K00031,FMOD0078,KNOWN,True,False
Q6K00031,FMOD0081,KNOWN,True,False
Q6K00031,FMOD0082,KNOWN,True,False
Q6K00031,FMOD0097,KNOWN,False,True
Q6K00031,FMOD0101,KNOWN,True,False
Q6K00031,FMOD0010,BACKGROUND,True,False
Q6K00031,FMOD0018,BACKGROUND,True,False
Q6K00031,FMOD0026,BACKGROUND,True,False
Q6K00031,FMOD0029,BACKGROUND,True,False
Q6K00031,FMOD0037,BACKGROUND,True,False
Q6K00031,FMOD0042,BACKGROUND,True,False
Q6K00031,FMOD0098,BACKGROUND,True,False
Q6K00031,FMOD0103,BACKGROUND,True,False
Q6K00031,FMOD0107,BACKGROUND,True,False
Q6K00031,FMOD0108,BACKGROUND,True,False
Q6K00031,FMOD0111,BACKGROUND,True,False
Q6K00031,FMOD0112,BACKGROUND,True,False
Q6K00031,FMOD0114,BACKGROUND,True,False
Q6K00031,FMOD0117,BACKGROUND,True,False
Q6K00031,FMOD0118,BACKGROUND,True,False
Q6K00032,FMOD0002,KNOWN,True,False
Q6K00032,FMOD0012,KNOWN,True,False
Q6K00032,FMOD0019,KNOWN,True,False
Q6K00032,FMOD0020,KNOWN,True,False
Q6K00032,FMOD0021,KNOWN,True,False
Q6K00032,FMOD0030,KNOWN,True,False
Q6K00032,FMOD0034,KNOWN,True,False
Q6K00032,FMOD0039,KNOWN,True,False
Q6K00032,FMOD0041,KNOWN,True,False
Q6K00032,FMOD0045,KNOWN,True,False
Q6K00032,FMOD0052,KNOWN,True,False
Q6K00032,FMOD0056,KNOWN,True,False
Q6K00032,FMOD0057,KNOWN,True,False
Q6K00032,FMOD0058,KNOWN,True,False
Q6K00032,FMOD0059,KNOWN,False,True
Q6K00032,FMOD0063,KNOWN,True,False
Q6K00032,FMOD0064,KNOWN,True,False
Q6K00032,FMOD0065,KNOWN,True,False
Q6K00032,FMOD0071,KNOWN,True,False
Q6K00032,FMOD0072,KNOWN,True,False
Q6K00032,FMOD0078,KNOWN,True,False
Q6K00032,FMOD0081,KNOWN,True,False
Q6K00032,FMOD0082,KNOWN,True,False
Q6K00032,FMOD0097,KNOWN,True,False
Q6K00032,FMOD0101,KNOWN,True,False
Q6K00032,FMOD0010,BACKGROUND,True,False
Q6K00032,FMOD0018,BACKGROUND,True,False
Q6K00032,FMOD0026,BACKGROUND,True,False
Q6K00032,FMOD0029,BACKGROUND,True,False
Q6K00032,FMOD0037,BACKGROUND,True,False
Q6K00032,FMOD0042,BACKGROUND,True,False
Q6K00032,FMOD0098,BACKGROUND,True,False
Q6K00032,FMOD0103,BACKGROUND,True,False
Q6K00032,FMOD0107,BACKGROUND,True,False
Q6K00032,FMOD0108,BACKGROUND,True,False
Q6K00032,FMOD0111,BACKGROUND,True,False
Q6K00032,FMOD0112,BACKGROUND,True,False
Q6K00032,FMOD0114,BACKGROUND,True,False
Q6K00032,FMOD0117,BACKGROUND,True,False
Q6K00032,FMOD0118,BACKGROUND,True,False
Q6K00033,FMOD0002,KNOWN,True,False
Q6K00033,FMOD0012,KNOWN,True,False
Q6K00033,FMOD0019,KNOWN,True,False
Q6K00033,FMOD0020,KNOWN,True,False
Q6K00033,FMOD0021,KNOWN,True,False
Q6K00033,FMOD0030,KNOWN,True,False
Q6K00033,FMOD0034,KNOWN,True,False
Q6K00033,FMOD0039,KNOWN,True,False
Q6K00033,FMOD0041,KNOWN,True,False
Q6K00033,FMOD0045,KNOWN,True,False
Q6K00033,FMOD0052,KNOWN,True,False
Q6K00033,FMOD0056,KNOWN,True,False
Q6K00033,FMOD0057,KNOWN,True,False
Q6K00033,FMOD0058,KNOWN,True,False
Q6K00033,FMOD0059,KNOWN,True,False
Q6K00033,FMOD0063,KNOWN,True,False
Q6K00033,FMOD0064,KNOWN,True,False
Q6K00033,FMOD0065,KNOWN,True,False
Q6K00033,FMOD0071,KNOWN,True,False
Q6K00033,FMOD0072,KNOWN,True,False
Q6K00033,FMOD0078,KNOWN,True,False
Q6K00033,FMOD0081,KNOWN,True,False
Q6K00033,FMOD0082,KNOWN,True,False
Q6K00033,FMOD0097,KNOWN,True,False
Q6K00033,FMOD0101,KNOWN,False,True
Q6K00033,FMOD0010,BACKGROUND,True,False
Q6K00033,FMOD0018,BACKGROUND,True,False
Q6K00033,FMOD0026,BACKGROUND,True,False
Q6K00033,FMOD0029,BACKGROUND,True,False
Q6K00033,FMOD0037,BACKGROUND,True,False
Q6K00033,FMOD0042,BACKGROUND,True,False
Q6K00033,FMOD0098,BACKGROUND,True,False
Q6K00033,FMOD0103,BACKGROUND,True,False
Q6K00033,FMOD0107,BACKGROUND,True,False
Q6K00033,FMOD0108,BACKGROUND,True,False
Q6K00033,FMOD0111,BACKGROUND,True,False
Q6K00033,FMOD0112,BACKGROUND,True,False
Q6K00033,FMOD0114,BACKGROUND,True,False
Q6K00033,FMOD0117,BACKGROUND,True,False
Q6K00033,FMOD0118,BACKGROUND,True,False
Q6K00034,FMOD0002,KNOWN,True,False
Q6K00034,FMOD0012,KNOWN,True,False
Q6K00034,FMOD0019,KNOWN,True,False
Q6K00034,FMOD0020,KNOWN,True,False
Q6K00034,FMOD0021,KNOWN,True,False
Q6K00034,FMOD0030,KNOWN,True,False
Q6K00034,FMOD0034,KNOWN,True,False
Q6K00034,FMOD0039,KNOWN,True,False
Q6K00034,FMOD0041,KNOWN,True,False
Q6K00034,FMOD0045,KNOWN,True,False
Q6K00034,FMOD0052,KNOWN,True,False
Q6K00034,FMOD0056,KNOWN,False,True
Q6K00034,FMOD0057,KNOWN,True,False
Q6K00034,FMOD0058,KNOWN,True,False
Q6K00034,FMOD0059,KNOWN,True,False
Q6K00034,FMOD0063,KNOWN,True,False
Q6K00034,FMOD0064,KNOWN,True,False
Q6K00034,FMOD0065,KNOWN,True,False
Q6K00034,FMOD0071,KNOWN,True,False
Q6K00034,FMOD0072,KNOWN,True,False
Q6K00034,FMOD0078,KNOWN,True,False
Q6K00034,FMOD0081,KNOWN,True,False
Q6K00034,FMOD0082,KNOWN,True,False
Q6K00034,FMOD0097,KNOWN,True,False
Q6K00034,FMOD0101,KNOWN,True,False
Q6K00034,FMOD0010,BACKGROUND,True,False
Q6K00034,FMOD0018,BACKGROUND,True,False
Q6K00034,FMOD0026,BACKGROUND,True,False
Q6K00034,FMOD0029,BACKGROUND,True,False
Q6K00034,FMOD0037,BACKGROUND,True,False
Q6K00034,FMOD0042,BACKGROUND,True,False
Q6K00034,FMOD0098,BACKGROUND,True,False
Q6K00034,FMOD0103,BACKGROUND,True,False
Q6K00034,FMOD0107,BACKGROUND,True,False
Q6K00034,FMOD0108,BACKGROUND,True,False
Q6K00034,FMOD0111,BACKGROUND,True,False
Q6K00034,FMOD0112,BACKGROUND,True,False
Q6K00034,FMOD0114,BACKGROUND,True,False
Q6K00034,FMOD0117,BACKGROUND,True,False
Q6K00034,FMOD0118,BACKGROUND,True,False
Q6K00035,FMOD0002,KNOWN,True,False
Q6K00035,FMOD0012,KNOWN,True,False
Q6K00035,FMOD0019,KNOWN,True,False
Q6K00035,FMOD0020,KNOWN,False,True
Q6K00035,FMOD0021,KNOWN,True,False
Q6K00035,FMOD0030,KNOWN,True,False
Q6K00035,FMOD0034,KNOWN,True,False
Q6K00035,FMOD0039,KNOWN,True,False
Q6K00035,FMOD0041,KNOWN,True,False
Q6K00035,FMOD0045,KNOWN,True,False
Q6K00035,FMOD0052,KNOWN,True,False
Q6K00035,FMOD0056,KNOWN,True,False
Q6K00035,FMOD0057,KNOWN,True,False
Q6K00035,FMOD0058,KNOWN,True,False
Q6K00035,FMOD0059,KNOWN,True,False
Q6K00035,FMOD0063,KNOWN,True,False
Q6K00035,FMOD0064,KNOWN,True,False
Q6K00035,FMOD0065,KNOWN,True,False
Q6K00035,FMOD0071,KNOWN,True,False
Q6K00035,FMOD0072,KNOWN,True,False
Q6K00035,FMOD0078,KNOWN,True,False
Q6K00035,FMOD0081,KNOWN,True,False
Q6K00035,FMOD0082,KNOWN,True,False
Q6K00035,FMOD0097,KNOWN,True,False
Q6K00035,FMOD0101,KNOWN,True,False
Q6K00035,FMOD0010,BACKGROUND,True,False
Q6K00035,FMOD0018,BACKGROUND,True,False
Q6K00035,FMOD0026,BACKGROUND,True,False
Q6K00035,FMOD0029,BACKGROUND,True,False
Q6K00035,FMOD0037,BACKGROUND,True,False
Q6K00035,FMOD0042,BACKGROUND,True,False
Q6K00035,FMOD0098,BACKGROUND,True,False
Q6K00035,FMOD0103,BACKGROUND,True,False
Q6K00035,FMOD0107,BACKGROUND,True,False
Q6K00035,FMOD0108,BACKGROUND,True,False
Q6K00035,FMOD0111,BACKGROUND,True,False
Q6K00035,FMOD0112,BACKGROUND,True,False
Q6K00035,FMOD0114,BACKGROUND,True,False
Q6K00035,FMOD0117,BACKGROUND,True,False
Q6K00035,FMOD0118,BACKGROUND,True,False
Q6K00036,FMOD0002,KNOWN,True,False
Q6K00036,FMOD0012,KNOWN,True,False
Q6K00036,FMOD0019,KNOWN,True,False
Q6K00036,FMOD0020,KNOWN,True,False
Q6K00036,FMOD0021,KNOWN,True,False
Q6K00036,FMOD0030,KNOWN,False,True
Q6K00036,FMOD0034,KNOWN,True,False
Q6K00036,FMOD0039,KNOWN,True,False
Q6K00036,FMOD0041,KNOWN,True,False
Q6K00036,FMOD0045,KNOWN,True,False
Q6K00036,FMOD0052,KNOWN,True,False
Q6K00036,FMOD0056,KNOWN,True,False
Q6K00036,FMOD0057,KNOWN,True,False
Q6K00036,FMOD0058,KNOWN,True,False
Q6K00036,FMOD0059,KNOWN,True,False
Q6K00036,FMOD0063,KNOWN,True,False
Q6K00036,FMOD0064,KNOWN,True,False
Q6K00036,FMOD0065,KNOWN,True,False
Q6K00036,FMOD0071,KNOWN,True,False
Q6K00036,FMOD0072,KNOWN,True,False
Q6K00036,FMOD0078,KNOWN,True,False
Q6K00036,FMOD0081,KNOWN,True,False
Q6K00036,FMOD0082,KNOWN,True,False
Q6K00036,FMOD0097,KNOWN,True,False
Q6K00036,FMOD0101,KNOWN,True,False
Q6K00036,FMOD0010,BACKGROUND,True,False
Q6K00036,FMOD0018,BACKGROUND,True,False
Q6K00036,FMOD0026,BACKGROUND,True,False
Q6K00036,FMOD0029,BACKGROUND,True,False
Q6K00036,FMOD0037,BACKGROUND,True,False
Q6K00036,FMOD0042,BACKGROUND,True,False
Q6K00036,FMOD0098,BACKGROUND,True,False
Q6K00036,FMOD0103,BACKGROUND,True,False
Q6K00036,FMOD0107,BACKGROUND,True,False
Q6K00036,FMOD0108,BACKGROUND,True,False
Q6K00036,FMOD0111,BACKGROUND,True,False
Q6K00036,FMOD0112,BACKGROUND,True,False
Q6K00036,FMOD0114,BACKGROUND,True,False
Q6K00036,FMOD0117,BACKGROUND,True,False
Q6K00036,FMOD0118,BACKGROUND,True,False
Q6K00037,FMOD0002,KNOWN,True,False
Q6K00037,FMOD0012,KNOWN,True,False
Q6K00037,FMOD0019,KNOWN,True,False
Q6K00037,FMOD0020,KNOWN,True,False
Q6K00037,FMOD0021,KNOWN,True,False
Q6K00037,FMOD0030,KNOWN,True,False
Q6K00037,FMOD0034,KNOWN,True,False
Q6K00037,FMOD0039,KNOWN,True,False
Q6K00037,FMOD0041,KNOWN,True,False
Q6K00037,FMOD0045,KNOWN,True,False
Q6K00037,FMOD0052,KNOWN,True,False
Q6K00037,FMOD0056,KNOWN,True,False
Q6K00037,FMOD0057,KNOWN,True,False
Q6K00037,FMOD0058,KNOWN,True,False
Q6K00037,FMOD0059,KNOWN,True,False
Q6K00037,FMOD0063,KNOWN,True,False
Q6K00037,FMOD0064,KNOWN,True,False
Q6K00037,FMOD0065,KNOWN,True,False
Q6K00037,FMOD0071,KNOWN,True,False
Q6K00037,FMOD0072,KNOWN,True,False
Q6K00037,FMOD0078,KNOWN,True,False
Q6K00037,FMOD0081,KNOWN,True,False
Q6K00037,FMOD0082,KNOWN,True,False
Q6K00037,FMOD0097,KNOWN,True,False
Q6K00037,FMOD0101,KNOWN,False,True
Q6K00037,FMOD0010,BACKGROUND,True,False
Q6K00037,FMOD0018,BACKGROUND,True,False
Q6K00037,FMOD0026,BACKGROUND,True,False
Q6K00037,FMOD0029,BACKGROUND,True,False
Q6K00037,FMOD0037,BACKGROUND,True,False
Q6K00037,FMOD0042,BACKGROUND,True,False
Q6K00037,FMOD0098,BACKGROUND,True,False
Q6K00037,FMOD0103,BACKGROUND,True,False
Q6K00037,FMOD0107,BACKGROUND,True,False
Q6K00037,FMOD0108,BACKGROUND,True,False
Q6K00037,FMOD0111,BACKGROUND,True,False
Q6K00037,FMOD0112,BACKGROUND,True,False
Q6K00037,FMOD0114,BACKGROUND,True,False
Q6K00037,FMOD0117,BACKGROUND,True,False
Q6K00037,FMOD0118,BACKGROUND,True,False
Q6K00038,FMOD0002,KNOWN,True,False
Q6K00038,FMOD0012,KNOWN,True,False
Q6K00038,FMOD0019,KNOWN,True,False
Q6K00038,FMOD0020,KNOWN,True,False
Q6K00038,FMOD0021,KNOWN,True,False
Q6K00038,FMOD0030,KNOWN,True,False
Q6K00038,FMOD0034,KNOWN,True,False
Q6K00038,FMOD0039,KNOWN,True,False
Q6K00038,FMOD0041,KNOWN,True,False
Q6K00038,FMOD0045,KNOWN,True,False
Q6K00038,FMOD0052,KNOWN,True,False
Q6K00038,FMOD0056,KNOWN,True,False
Q6K00038,FMOD0057,KNOWN,True,False
Q6K00038,FMOD0058,KNOWN,True,False
Q6K00038,FMOD0059,KNOWN,False,True
Q6K00038,FMOD0063,KNOWN,True,False
Q6K00038,FMOD0064,KNOWN,True,False
Q6K00038,FMOD0065,KNOWN,True,False
Q6K00038,FMOD0071,KNOWN,True,False
Q6K00038,FMOD0072,KNOWN,True,False
Q6K00038,FMOD0078,KNOWN,True,False
Q6K00038,FMOD0081,KNOWN,True,False
Q6K00038,FMOD0082,KNOWN,True,False
Q6K00038,FMOD0097,KNOWN,True,False
Q6K00038,FMOD0101,KNOWN,True,False
Q6K00038,FMOD0010,BACKGROUND,True,False
Q6K00038,FMOD0018,BACKGROUND,True,False
Q6K00038,FMOD0026,BACKGROUND,True,False
Q6K00038,FMOD0029,BACKGROUND,True,False
Q6K00038,FMOD0037,BACKGROUND,True,False
Q6K00038,FMOD0042,BACKGROUND,True,False
Q6K00038,FMOD0098,BACKGROUND,True,False
Q6K00038,FMOD0103,BACKGROUND,True,False
Q6K00038,FMOD0107,BACKGROUND,True,False
Q6K00038,FMOD0108,BACKGROUND,True,False
Q6K00038,FMOD0111,BACKGROUND,True,False
Q6K00038,FMOD0112,BACKGROUND,True,False
Q6K00038,FMOD0114,BACKGROUND,True,False
Q6K00038,FMOD0117,BACKGROUND,True,False
Q6K00038,FMOD0118,BACKGROUND,True,False
Q6K00039,FMOD0002,KNOWN,True,False
Q6K00039,FMOD0012,KNOWN,True,False
Q6K00039,FMOD0019,KNOWN,True,False
Q6K00039,FMOD0020,KNOWN,True,False
Q6K00039,FMOD0021,KNOWN,True,False
Q6K00039,FMOD0030,KNOWN,True,False
Q6K00039,FMOD0034,KNOWN,True,False
Q6K00039,FMOD0039,KNOWN,True,False
Q6K00039,FMOD0041,KNOWN,True,False
Q6K00039,FMOD0045,KNOWN,True,False
Q6K00039,FMOD0052,KNOWN,True,False
Q6K00039,FMOD0056,KNOWN,True,False
Q6K00039,FMOD0057,KNOWN,True,False
Q6K00039,FMOD0058,KNOWN,True,False
Q6K00039,FMOD0059,KNOWN,True,False
Q6K00039,FMOD0063,KNOWN,True,False
Q6K00039,FMOD0064,KNOWN,True,False
Q6K00039,FMOD0065,KNOWN,False,True
Q6K00039,FMOD0071,KNOWN,True,False
Q6K00039,FMOD0072,KNOWN,True,False
Q6K00039,FMOD0078,KNOWN,True,False
Q6K00039,FMOD0081,KNOWN,True,False
Q6K00039,FMOD0082,KNOWN,True,False
Q6K00039,FMOD0097,KNOWN,True,False
Q6K00039,FMOD0101,KNOWN,True,False
Q6K00039,FMOD0010,BACKGROUND,True,False
Q6K00039,FMOD0018,BACKGROUND,True,False
Q6K00039,FMOD0026,BACKGROUND,True,False
Q6K00039,FMOD0029,BACKGROUND,True,False
Q6K00039,FMOD0037,BACKGROUND,True,False
Q6K00039,FMOD0042,BACKGROUND,True,False
Q6K00039,FMOD0098,BACKGROUND,True,False
Q6K00039,FMOD0103,BACKGROUND,True,False
Q6K00039,FMOD0107,BACKGROUND,True,False
Q6K00039,FMOD0108,BACKGROUND,True,False
Q6K00039,FMOD0111,BACKGROUND,True,False
Q6K00039,FMOD0112,BACKGROUND,True,False
Q6K00039,FMOD0114,BACKGROUND,True,False
Q6K00039,FMOD0117,BACKGROUND,True,False
Q6K00039,FMOD0118,BACKGROUND,True,False
Q6K00040,FMOD0002,KNOWN,True,False
Q6K00040,FMOD0012,KNOWN,True,False
Q6K00040,FMOD0019,KNOWN,True,False
Q6K00040,FMOD0020,KNOWN,True,False
Q6K00040,FMOD0021,KNOWN,True,False
Q6K00040,FMOD0030,KNOWN,True,False
Q6K00040,FMOD0034,KNOWN,True,False
Q6K00040,FMOD0039,KNOWN,True,False
Q6K00040,FMOD0041,KNOWN,True,False
Q6K00040,FMOD0045,KNOWN,True,False
Q6K00040,FMOD0052,KNOWN,True,False
Q6K00040,FMOD0056,KNOWN,True,False
Q6K00040,FMOD0057,KNOWN,True,False
Q6K00040,FMOD0058,KNOWN,True,False
Q6K00040,FMOD0059,KNOWN,True,False
Q6K00040,FMOD0063,KNOWN,True,False
Q6K00040,FMOD0064,KNOWN,True,False
Q6K00040,FMOD0065,KNOWN,False,True
Q6K00040,FMOD0071,KNOWN,True,False
Q6K00040,FMOD0072,KNOWN,True,False
Q6K00040,FMOD0078,KNOWN,True,False
Q6K00040,FMOD0081,KNOWN,True,False
Q6K00040,FMOD0082,KNOWN,True,False
Q6K00040,FMOD0097,KNOWN,True,False
Q6K00040,FMOD0101,KNOWN,True,False
Q6K00040,FMOD0010,BACKGROUND,True,False
Q6K00040,FMOD0018,BACKGROUND,True,False
Q6K00040,FMOD0026,BACKGROUND,True,False
Q6K00040,FMOD0029,BACKGROUND,True,False
Q6K00040,FMOD0037,BACKGROUND,True,False
Q6K00040,FMOD0042,BACKGROUND,True,False
Q6K00040,FMOD0098,BACKGROUND,True,False
Q6K00040,FMOD0103,BACKGROUND,True,False
Q6K00040,FMOD0107,BACKGROUND,True,False
Q6K00040,FMOD0108,BACKGROUND,True,False
Q6K00040,FMOD0111,BACKGROUND,True,False
Q6K00040,FMOD0112,BACKGROUND,True,False
Q6K00040,FMOD0114,BACKGROUND,True,False
Q6K00040,FMOD0117,BACKGROUND,True,False
Q6K00040,FMOD0118,BACKGROUND,True,False
Q6K00041,FMOD0002,KNOWN,True,False
Q6K00041,FMOD0012,KNOWN,True,False
Q6K00041,FMOD0019,KNOWN,True,False
Q6K00041,FMOD0020,KNOWN,True,False
Q6K00041,FMOD0021,KNOWN,True,False
Q6K00041,FMOD0030,KNOWN,False,True
Q6K00041,FMOD0034,KNOWN,True,False
Q6K00041,FMOD0039,KNOWN,True,False
Q6K00041,FMOD0041,KNOWN,True,False
Q6K00041,FMOD0045,KNOWN,True,False
Q6K00041,FMOD0052,KNOWN,True,False
Q6K00041,FMOD0056,KNOWN,True,False
Q6K00041,FMOD0057,KNOWN,True,False
Q6K00041,FMOD0058,KNOWN,True,False
Q6K00041,FMOD0059,KNOWN,True,False
Q6K00041,FMOD0063,KNOWN,True,False
Q6K00041,FMOD0064,KNOWN,True,False
Q6K00041,FMOD0065,KNOWN,True,False
Q6K00041,FMOD0071,KNOWN,True,False
Q6K00041,FMOD0072,KNOWN,True,False
Q6K00041,FMOD0078,KNOWN,True,False
Q6K00041,FMOD0081,KNOWN,True,False
Q6K00041,FMOD0082,KNOWN,True,False
Q6K00041,FMOD0097,KNOWN,True,False
Q6K00041,FMOD0101,KNOWN,True,False
Q6K00041,FMOD0010,BACKGROUND,True,False
Q6K00041,FMOD0018,BACKGROUND,True,False
Q6K00041,FMOD0026,BACKGROUND,True,False
Q6K00041,FMOD0029,BACKGROUND,True,False
Q6K00041,FMOD0037,BACKGROUND,True,False
Q6K00041,FMOD0042,BACKGROUND,True,False
Q6K00041,FMOD0098,BACKGROUND,True,False
Q6K00041,FMOD0103,BACKGROUND,True,False
Q6K00041,FMOD0107,BACKGROUND,True,False
Q6K00041,FMOD0108,BACKGROUND,True,False
Q6K00041,FMOD0111,BACKGROUND,True,False
Q6K00041,FMOD0112,BACKGROUND,True,False
Q6K00041,FMOD0114,BACKGROUND,True,False
Q6K00041,FMOD0117,BACKGROUND,True,False
Q6K00041,FMOD0118,BACKGROUND,True,False
Q6K00042,FMOD0002,KNOWN,True,False
Q6K00042,FMOD0012,KNOWN,True,False
Q6K00042,FMOD0019,KNOWN,True,False
Q6K00042,FMOD0020,KNOWN,True,False
Q6K00042,FMOD0021,KNOWN,True,False
Q6K00042,FMOD0030,KNOWN,True,False
Q6K00042,FMOD0034,KNOWN,True,False
Q6K00042,FMOD0039,KNOWN,True,False
Q6K00042,FMOD0041,KNOWN,True,False
Q6K00042,FMOD0045,KNOWN,False,True
Q6K00042,FMOD0052,KNOWN,True,False
Q6K00042,FMOD0056,KNOWN,True,False
Q6K00042,FMOD0057,KNOWN,True,False
Q6K00042,FMOD0058,KNOWN,True,False
Q6K00042,FMOD0059,KNOWN,True,False
Q6K00042,FMOD0063,KNOWN,True,False
Q6K00042,FMOD0064,KNOWN,True,False
Q6K00042,FMOD0065,KNOWN,True,False
Q6K00042,FMOD0071,KNOWN,True,False
Q6K00042,FMOD0072,KNOWN,True,False
Q6K00042,FMOD0078,KNOWN,True,False
Q6K00042,FMOD0081,KNOWN,True,False
Q6K00042,FMOD0082,KNOWN,True,False
Q6K00042,FMOD0097,KNOWN,True,False
Q6K00042,FMOD0101,KNOWN,True,False
Q6K00042,FMOD0010,BACKGROUND,True,False
Q6K00042,FMOD0018,BACKGROUND,True,False
Q6K00042,FMOD0026,BACKGROUND,True,False
Q6K00042,FMOD0029,BACKGROUND,True,False
Q6K00042,FMOD0037,BACKGROUND,True,False
Q6K00042,FMOD0042,BACKGROUND,True,False
Q6K00042,FMOD0098,BACKGROUND,True,False
Q6K00042,FMOD0103,BACKGROUND,True,False
Q6K00042,FMOD0107,BACKGROUND,True,False
Q6K00042,FMOD0108,BACKGROUND,True,False
Q6K00042,FMOD0111,BACKGROUND,True,False
Q6K00042,FMOD0112,BACKGROUND,True,False
Q6K00042,FMOD0114,BACKGROUND,True,False
Q6K00042,FMOD0117,BACKGROUND,True,False
Q6K00042,FMOD0118,BACKGROUND,True,False
Q6K00043,FMOD0002,KNOWN,True,False
Q6K00043,FMOD0012,KNOWN,True,False
Q6K00043,FMOD0019,KNOWN,True,False
Q6K00043,FMOD0020,KNOWN,True,False
Q6K00043,FMOD0021,KNOWN,True,False
Q6K00043,FMOD0030,KNOWN,True,False
Q6K00043,FMOD0034,KNOWN,True,False
Q6K00043,FMOD0039,KNOWN,True,False
Q6K00043,FMOD0041,KNOWN,True,False
Q6K00043,FMOD0045,KNOWN,True,False
Q6K00043,FMOD0052,KNOWN,True,False
Q6K00043,FMOD0056,KNOWN,True,False
Q6K00043,FMOD0057,KNOWN,True,False
Q6K00043,FMOD0058,KNOWN,True,False
Q6K00043,FMOD0059,KNOWN,True,False
Q6K00043,FMOD0063,KNOWN,True,False
Q6K00043,FMOD0064,KNOWN,True,False
Q6K00043,FMOD0065,KNOWN,False,True
Q6K00043,FMOD0071,KNOWN,True,False
Q6K00043,FMOD0072,KNOWN,True,False
Q6K00043,FMOD0078,KNOWN,True,False
Q6K00043,FMOD0081,KNOWN,True,False
Q6K00043,FMOD0082,KNOWN,True,False
Q6K00043,FMOD0097,KNOWN,True,False
Q6K00043,FMOD0101,KNOWN,True,False
Q6K00043,FMOD0010,BACKGROUND,True,False
Q6K00043,FMOD0018,BACKGROUND,True,False
Q6K00043,FMOD0026,BACKGROUND,True,False
Q6K00043,FMOD0029,BACKGROUND,True,False
Q6K00043,FMOD0037,BACKGROUND,True,False
Q6K00043,FMOD0042,BACKGROUND,True,False
Q6K00043,FMOD0098,BACKGROUND,True,False
Q6K00043,FMOD0103,BACKGROUND,True,False
Q6K00043,FMOD0107,BACKGROUND,True,False
Q6K00043,FMOD0108,BACKGROUND,True,False
Q6K00043,FMOD0111,BACKGROUND,True,False
Q6K00043,FMOD0112,BACKGROUND,True,False
Q6K00043,FMOD0114,BACKGROUND,True,False
Q6K00043,FMOD0117,BACKGROUND,True,False
Q6K00043,FMOD0118,BACKGROUND,True,False
Q6K00044,FMOD0002,KNOWN,True,False
Q6K00044,FMOD0012,KNOWN,True,False
Q6K00044,FMOD0019,KNOWN,True,False
Q6K00044,FMOD0020,KNOWN,True,False
Q6K00044,FMOD0021,KNOWN,True,False
Q6K00044,FMOD0030,KNOWN,True,False
Q6K00044,FMOD0034,KNOWN,True,False
Q6K00044,FMOD0039,KNOWN,True,False
Q6K00044,FMOD0041,KNOWN,True,False
Q6K00044,FMOD0045,KNOWN,False,True
Q6K00044,FMOD0052,KNOWN,True,False
Q6K00044,FMOD0056,KNOWN,True,False
Q6K00044,FMOD0057,KNOWN,True,False
Q6K00044,FMOD0058,KNOWN,True,False
Q6K00044,FMOD0059,KNOWN,True,False
Q6K00044,FMOD0063,KNOWN,True,False
Q6K00044,FMOD0064,KNOWN,True,False
Q6K00044,FMOD0065,KNOWN,True,False
Q6K00044,FMOD0071,KNOWN,True,False
Q6K00044,FMOD0072,KNOWN,True,False
Q6K00044,FMOD0078,KNOWN,True,False
Q6K00044,FMOD0081,KNOWN,True,False
Q6K00044,FMOD0082,KNOWN,True,False
Q6K00044,FMOD0097,KNOWN,True,False
Q6K00044,FMOD0101,KNOWN,True,False
Q6K00044,FMOD0010,BACKGROUND,True,False
Q6K00044,FMOD0018,BACKGROUND,True,False
Q6K00044,FMOD0026,BACKGROUND,True,False
Q6K00044,FMOD0029,BACKGROUND,True,False
Q6K00044,FMOD0037,BACKGROUND,True,False
Q6K00044,FMOD0042,BACKGROUND,True,False
Q6K00044,FMOD0098,BACKGROUND,True,False
Q6K00044,FMOD0103,BACKGROUND,True,False
Q6K00044,FMOD0107,BACKGROUND,True,False
Q6K00044,FMOD0108,BACKGROUND,True,False
Q6K00044,FMOD0111,BACKGROUND,True,False
Q6K00044,FMOD0112,BACKGROUND,True,False
Q6K00044,FMOD0114,BACKGROUND,True,False
Q6K00044,FMOD0117,BACKGROUND,True,False
Q6K00044,FMOD0118,BACKGROUND,True,False
Q6K00045,FMOD0002,KNOWN,True,False
Q6K00045,FMOD0012,KNOWN,True,False
Q6K00045,FMOD0019,KNOWN,True,False
Q6K00045,FMOD0020,KNOWN,True,False
Q6K00045,FMOD0021,KNOWN,True,False
Q6K00045,FMOD0030,KNOWN,True,False
Q6K00045,FMOD0034,KNOWN,True,False
Q6K00045,FMOD0039,KNOWN,False,True
Q6K00045,FMOD0041,KNOWN,True,False
Q6K00045,FMOD0045,KNOWN,True,False
Q6K00045,FMOD0052,KNOWN,True,False
Q6K00045,FMOD0056,KNOWN,True,False
Q6K00045,FMOD0057,KNOWN,True,False
Q6K00045,FMOD0058,KNOWN,True,False
Q6K00045,FMOD0059,KNOWN,True,False
Q6K00045,FMOD0063,KNOWN,True,False
Q6K00045,FMOD0064,KNOWN,True,False
Q6K00045,FMOD0065,KNOWN,True,False
Q6K00045,FMOD0071,KNOWN,True,False
Q6K00045,FMOD0072,KNOWN,True,False
Q6K00045,FMOD0078,KNOWN,True,False
Q6K00045,FMOD0081,KNOWN,True,False
Q6K00045,FMOD0082,KNOWN,True,False
Q6K00045,FMOD0097,KNOWN,True,False
Q6K00045,FMOD0101,KNOWN,True,False
Q6K00045,FMOD0010,BACKGROUND,True,False
Q6K00045,FMOD0018,BACKGROUND,True,False
Q6K00045,FMOD0026,BACKGROUND,True,False
Q6K00045,FMOD0029,BACKGROUND,True,False
Q6K00045,FMOD0037,BACKGROUND,True,False
Q6K00045,FMOD0042,BACKGROUND,True,False
Q6K00045,FMOD0098,BACKGROUND,True,False
Q6K00045,FMOD0103,BACKGROUND,True,False
Q6K00045,FMOD0107,BACKGROUND,True,False
Q6K00045,FMOD0108,BACKGROUND,True,False
Q6K00045,FMOD0111,BACKGROUND,True,False
Q6K00045,FMOD0112,BACKGROUND,True,False
Q6K00045,FMOD0114,BACKGROUND,True,False
Q6K00045,FMOD0117,BACKGROUND,True,False
Q6K00045,FMOD0118,BACKGROUND,True,False
Q6K00046,FMOD0002,KNOWN,True,False
Q6K00046,FMOD0012,KNOWN,True,False
Q6K00046,FMOD0019,KNOWN,True,False
Q6K00046,FMOD0020,KNOWN,True,False
Q6K00046,FMOD0021,KNOWN,True,False
Q6K00046,FMOD0030,KNOWN,True,False
Q6K00046,FMOD0034,KNOWN,True,False
Q6K00046,FMOD0039,KNOWN,True,False
Q6K00046,FMOD0041,KNOWN,True,False
Q6K00046,FMOD0045,KNOWN,False,True
Q6K00046,FMOD0052,KNOWN,True,False
Q6K00046,FMOD0056,KNOWN,True,False
Q6K00046,FMOD0057,KNOWN,True,False
Q6K00046,FMOD0058,KNOWN,True,False
Q6K00046,FMOD0059,KNOWN,True,False
Q6K00046,FMOD0063,KNOWN,True,False
Q6K00046,FMOD0064,KNOWN,True,False
Q6K00046,FMOD0065,KNOWN,True,False
Q6K00046,FMOD0071,KNOWN,True,False
Q6K00046,FMOD0072,KNOWN,True,False
Q6K00046,FMOD0078,KNOWN,True,False
Q6K00046,FMOD0081,KNOWN,True,False
Q6K00046,FMOD0082,KNOWN,True,False
Q6K00046,FMOD0097,KNOWN,True,False
Q6K00046,FMOD0101,KNOWN,True,False
Q6K00046,FMOD0010,BACKGROUND,True,False
Q6K00046,FMOD0018,BACKGROUND,True,False
Q6K00046,FMOD0026,BACKGROUND,True,False
Q6K00046,FMOD0029,BACKGROUND,True,False
Q6K00046,FMOD0037,BACKGROUND,True,False
Q6K00046,FMOD0042,BACKGROUND,True,False
Q6K00046,FMOD0098,BACKGROUND,True,False
Q6K00046,FMOD0103,BACKGROUND,True,False
Q6K00046,FMOD0107,BACKGROUND,True,False
Q6K00046,FMOD0108,BACKGROUND,True,False
Q6K00046,FMOD0111,BACKGROUND,True,False
Q6K00046,FMOD0112,BACKGROUND,True,False
Q6K00046,FMOD0114,BACKGROUND,True,False
Q6K00046,FMOD0117,BACKGROUND,True,False
Q6K00046,FMOD0118,BACKGROUND,True,False
Q6K00047,FMOD0002,KNOWN,True,False
Q6K00047,FMOD0012,KNOWN,True,False
Q6K00047,FMOD0019,KNOWN,True,False
Q6K00047,FMOD0020,KNOWN,False,True
Q6K00047,FMOD0021,KNOWN,True,False
Q6K00047,FMOD0030,KNOWN,True,False
Q6K00047,FMOD0034,KNOWN,True,False
Q6K00047,FMOD0039,KNOWN,True,False
Q6K00047,FMOD0041,KNOWN,True,False
Q6K00047,FMOD0045,KNOWN,True,False
Q6K00047,FMOD0052,KNOWN,True,False
Q6K00047,FMOD0056,KNOWN,True,False
Q6K00047,FMOD0057,KNOWN,True,False
Q6K00047,FMOD0058,KNOWN,True,False
Q6K00047,FMOD0059,KNOWN,True,False
Q6K00047,FMOD0063,KNOWN,True,False
Q6K00047,FMOD0064,KNOWN,True,False
Q6K00047,FMOD0065,KNOWN,True,False
Q6K00047,FMOD0071,KNOWN,True,False
Q6K00047,FMOD0072,KNOWN,True,False
Q6K00047,FMOD0078,KNOWN,True,False
Q6K00047,FMOD0081,KNOWN,True,False
Q6K00047,FMOD0082,KNOWN,True,False
Q6K00047,FMOD0097,KNOWN,True,False
Q6K00047,FMOD0101,KNOWN,True,False
Q6K00047,FMOD0010,BACKGROUND,True,False
Q6K00047,FMOD0018,BACKGROUND,True,False
Q6K00047,FMOD0026,BACKGROUND,True,False
Q6K00047,FMOD0029,BACKGROUND,True,False
Q6K00047,FMOD0037,BACKGROUND,True,False
Q6K00047,FMOD0042,BACKGROUND,True,False
Q6K00047,FMOD0098,BACKGROUND,True,False
Q6K00047,FMOD0103,BACKGROUND,True,False
Q6K00047,FMOD0107,BACKGROUND,True,False
Q6K00047,FMOD0108,BACKGROUND,True,False
Q6K00047,FMOD0111,BACKGROUND,True,False
Q6K00047,FMOD0112,BACKGROUND,True,False
Q6K00047,FMOD0114,BACKGROUND,True,False
Q6K00047,FMOD0117,BACKGROUND,True,False
Q6K00047,FMOD0118,BACKGROUND,True,False
Q6K00048,FMOD0002,KNOWN,True,False
Q6K00048,FMOD0012,KNOWN,True,False
Q6K00048,FMOD0019,KNOWN,True,False
Q6K00048,FMOD0020,KNOWN,True,False
Q6K00048,FMOD0021,KNOWN,True,False
Q6K00048,FMOD0030,KNOWN,True,False
Q6K00048,FMOD0034,KNOWN,True,False
Q6K00048,FMOD0039,KNOWN,True,False
Q6K00048,FMOD0041,KNOWN,True,False
Q6K00048,FMOD0045,KNOWN,True,False
Q6K00048,FMOD0052,KNOWN,True,False
Q6K00048,FMOD0056,KNOWN,True,False
Q6K00048,FMOD0057,KNOWN,False,True
Q6K00048,FMOD0058,KNOWN,True,False
Q6K00048,FMOD0059,KNOWN,True,False
Q6K00048,FMOD0063,KNOWN,True,False
Q6K00048,FMOD0064,KNOWN,True,False
Q6K00048,FMOD0065,KNOWN,True,False
Q6K00048,FMOD0071,KNOWN,True,False
Q6K00048,FMOD0072,KNOWN,True,False
Q6K00048,FMOD0078,KNOWN,True,False
Q6K00048,FMOD0081,KNOWN,True,False
Q6K00048,FMOD0082,KNOWN,True,False
Q6K00048,FMOD0097,KNOWN,True,False
Q6K00048,FMOD0101,KNOWN,True,False
Q6K00048,FMOD0010,BACKGROUND,True,False
Q6K00048,FMOD0018,BACKGROUND,True,False
Q6K00048,FMOD0026,BACKGROUND,True,False
Q6K00048,FMOD0029,BACKGROUND,True,False
Q6K00048,FMOD0037,BACKGROUND,True,False
Q6K00048,FMOD0042,BACKGROUND,True,False
Q6K00048,FMOD0098,BACKGROUND,True,False
Q6K00048,FMOD0103,BACKGROUND,True,False
Q6K00048,FMOD0107,BACKGROUND,True,False
Q6K00048,FMOD0108,BACKGROUND,True,False
Q6K00048,FMOD0111,BACKGROUND,True,False
Q6K00048,FMOD0112,BACKGROUND,True,False
Q6K00048,FMOD0114,BACKGROUND,True,False
Q6K00048,FMOD0117,BACKGROUND,True,False
Q6K00048,FMOD0118,BACKGROUND,True,False
Q6K00049,FMOD0002,KNOWN,False,True
Q6K00049,FMOD0012,KNOWN,True,False
Q6K00049,FMOD0019,KNOWN,True,False
Q6K00049,FMOD0020,KNOWN,True,False
Q6K00049,FMOD0021,KNOWN,True,False
Q6K00049,FMOD0030,KNOWN,True,False
Q6K00049,FMOD0034,KNOWN,True,False
Q6K00049,FMOD0039,KNOWN,True,False
Q6K00049,FMOD0041,KNOWN,True,False
Q6K00049,FMOD0045,KNOWN,True,False
Q6K00049,FMOD0052,KNOWN,True,False
Q6K00049,FMOD0056,KNOWN,True,False
Q6K00049,FMOD0057,KNOWN,True,False
Q6K00049,FMOD0058,KNOWN,True,False
Q6K00049,FMOD0059,KNOWN,True,False
Q6K00049,FMOD0063,KNOWN,True,False
Q6K00049,FMOD0064,KNOWN,True,False
Q6K00049,FMOD0065,KNOWN,True,False
Q6K00049,FMOD0071,KNOWN,True,False
Q6K00049,FMOD0072,KNOWN,True,False
Q6K00049,FMOD0078,KNOWN,True,False
Q6K00049,FMOD0081,KNOWN,True,False
Q6K00049,FMOD0082,KNOWN,True,False
Q6K00049,FMOD0097,KNOWN,True,False
Q6K00049,FMOD0101,KNOWN,True,False
Q6K00049,FMOD0010,BACKGROUND,True,False
Q6K00049,FMOD0018,BACKGROUND,True,False
Q6K00049,FMOD0026,BACKGROUND,True,False
Q6K00049,FMOD0029,BACKGROUND,True,False
Q6K00049,FMOD0037,BACKGROUND,True,False
Q6K00049,FMOD0042,BACKGROUND,True,False
Q6K00049,FMOD0098,BACKGROUND,True,False
Q6K00049,FMOD0103,BACKGROUND,True,False
Q6K00049,FMOD0107,BACKGROUND,True,False
Q6K00049,FMOD0108,BACKGROUND,True,False
Q6K00049,FMOD0111,BACKGROUND,True,False
Q6K00049,FMOD0112,BACKGROUND,True,False
Q6K00049,FMOD0114,BACKGROUND,True,False
Q6K00049,FMOD0117,BACKGROUND,True,False
Q6K00049,FMOD0118,BACKGROUND,True,False
Q6K00050,FMOD0002,KNOWN,True,False
Q6K00050,FMOD0012,KNOWN,True,False
Q6K00050,FMOD0019,KNOWN,True,False
Q6K00050,FMOD0020,KNOWN,True,False
Q6K00050,FMOD0021,KNOWN,True,False
Q6K00050,FMOD0030,KNOWN,True,False
Q6K00050,FMOD0034,KNOWN,True,False
Q6K00050,FMOD0039,KNOWN,True,False
Q6K00050,FMOD0041,KNOWN,True,False
Q6K00050,FMOD0045,KNOWN,True,False
Q6K00050,FMOD0052,KNOWN,True,False
Q6K00050,FMOD0056,KNOWN,True,False
Q6K00050,FMOD0057,KNOWN,True,False
Q6K00050,FMOD0058,KNOWN,True,False
Q6K00050,FMOD0059,KNOWN,True,False
Q6K00050,FMOD0063,KNOWN,True,False
Q6K00050,FMOD0064,KNOWN,True,False
Q6K00050,FMOD0065,KNOWN,True,False
Q6K00050,FMOD0071,KNOWN,True,False
Q6K00050,FMOD0072,KNOWN,True,False
Q6K00050,FMOD0078,KNOWN,True,False
Q6K00050,FMOD0081,KNOWN,False,True
Q6K00050,FMOD0082,KNOWN,True,False
Q6K00050,FMOD0097,KNOWN,True,False
Q6K00050,FMOD0101,KNOWN,True,False
Q6K00050,FMOD0010,BACKGROUND,True,False
Q6K00050,FMOD0018,BACKGROUND,True,False
Q6K00050,FMOD0026,BACKGROUND,True,False
Q6K00050,FMOD0029,BACKGROUND,True,False
Q6K00050,FMOD0037,BACKGROUND,True,False
Q6K00050,FMOD0042,BACKGROUND,True,False
Q6K00050,FMOD0098,BACKGROUND,True,False
Q6K00050,FMOD0103,BACKGROUND,True,False
Q6K00050,FMOD0107,BACKGROUND,True,False
Q6K00050,FMOD0108,BACKGROUND,True,False
Q6K00050,FMOD0111,BACKGROUND,True,False
Q6K00050,FMOD0112,BACKGROUND,True,False
Q6K00050,FMOD0114,BACKGROUND,True,False
Q6K00050,FMOD0117,BACKGROUND,True,False
Q6K00050,FMOD0118,BACKGROUND,True,False
Q6K00051,FMOD0002,KNOWN,True,False
Q6K00051,FMOD0012,KNOWN,True,False
Q6K00051,FMOD0019,KNOWN,True,False
Q6K00051,FMOD0020,KNOWN,True,False
Q6K00051,FMOD0021,KNOWN,True,False
Q6K00051,FMOD0030,KNOWN,True,False
Q6K00051,FMOD0034,KNOWN,True,False
Q6K00051,FMOD0039,KNOWN,True,False
Q6K00051,FMOD0041,KNOWN,True,False
Q6K00051,FMOD0045,KNOWN,True,False
Q6K00051,FMOD0052,KNOWN,True,False
Q6K00051,FMOD0056,KNOWN,True,False
Q6K00051,FMOD0057,KNOWN,True,False
Q6K00051,FMOD0058,KNOWN,True,False
Q6K00051,FMOD0059,KNOWN,True,False
Q6K00051,FMOD0063,KNOWN,True,False
Q6K00051,FMOD0064,KNOWN,True,False
Q6K00051,FMOD0065,KNOWN,True,False
Q6K00051,FMOD0071,KNOWN,True,False
Q6K00051,FMOD0072,KNOWN,True,False
Q6K00051,FMOD0078,KNOWN,True,False
Q6K00051,FMOD0081,KNOWN,True,False
Q6K00051,FMOD0082,KNOWN,False,True
Q6K00051,FMOD0097,KNOWN,True,False
Q6K00051,FMOD0101,KNOWN,True,False
Q6K00051,FMOD0010,BACKGROUND,True,False
Q6K00051,FMOD0018,BACKGROUND,True,False
Q6K00051,FMOD0026,BACKGROUND,True,False
Q6K00051,FMOD0029,BACKGROUND,True,False
Q6K00051,FMOD0037,BACKGROUND,True,False
Q6K00051,FMOD0042,BACKGROUND,True,False
Q6K00051,FMOD0098,BACKGROUND,True,False
Q6K00051,FMOD0103,BACKGROUND,True,False
Q6K00051,FMOD0107,BACKGROUND,True,False
Q6K00051,FMOD0108,BACKGROUND,True,False
Q6K00051,FMOD0111,BACKGROUND,True,False
Q6K00051,FMOD0112,BACKGROUND,True,False
Q6K00051,FMOD0114,BACKGROUND,True,False
Q6K00051,FMOD0117,BACKGROUND,True,False
Q6K00051,FMOD0118,BACKGROUND,True,False
Q6K00052,FMOD0002,KNOWN,True,False
Q6K00052,FMOD0012,KNOWN,True,False
Q6K00052,FMOD0019,KNOWN,True,False
Q6K00052,FMOD0020,KNOWN,True,False
Q6K00052,FMOD0021,KNOWN,True,False
Q6K00052,FMOD0030,KNOWN,True,False
Q6K00052,FMOD0034,KNOWN,True,False
Q6K00052,FMOD0039,KNOWN,True,False
Q6K00052,FMOD0041,KNOWN,True,False
Q6K00052,FMOD0045,KNOWN,True,False
Q6K00052,FMOD0052,KNOWN,True,False
Q6K00052,FMOD0056,KNOWN,True,False
Q6K00052,FMOD0057,KNOWN,True,False
Q6K00052,FMOD0058,KNOWN,True,False
Q6K00052,FMOD0059,KNOWN,True,False
Q6K00052,FMOD0063,KNOWN,True,False
Q6K00052,FMOD0064,KNOWN,True,False
Q6K00052,FMOD0065,KNOWN,True,False
Q6K00052,FMOD0071,KNOWN,True,False
Q6K00052,FMOD0072,KNOWN,True,False
Q6K00052,FMOD0078,KNOWN,True,False
Q6K00052,FMOD0081,KNOWN,True,False
Q6K00052,FMOD0082,KNOWN,True,False
Q6K00052,FMOD0097,KNOWN,True,False
Q6K00052,FMOD0101,KNOWN,False,True
Q6K00052,FMOD0010,BACKGROUND,True,False
Q6K00052,FMOD0018,BACKGROUND,True,False
Q6K00052,FMOD0026,BACKGROUND,True,False
Q6K00052,FMOD0029,BACKGROUND,True,False
Q6K00052,FMOD0037,BACKGROUND,True,False
Q6K00052,FMOD0042,BACKGROUND,True,False
Q6K00052,FMOD0098,BACKGROUND,True,False
Q6K00052,FMOD0103,BACKGROUND,True,False
Q6K00052,FMOD0107,BACKGROUND,True,False
Q6K00052,FMOD0108,BACKGROUND,True,False
Q6K00052,FMOD0111,BACKGROUND,True,False
Q6K00052,FMOD0112,BACKGROUND,True,False
Q6K00052,FMOD0114,BACKGROUND,True,False
Q6K00052,FMOD0117,BACKGROUND,True,False
Q6K00052,FMOD0118,BACKGROUND,True,False
Q6K00053,FMOD0002,KNOWN,True,False
Q6K00053,FMOD0012,KNOWN,True,False
Q6K00053,FMOD0019,KNOWN,True,False
Q6K00053,FMOD0020,KNOWN,True,False
Q6K00053,FMOD0021,KNOWN,True,False
Q6K00053,FMOD0030,KNOWN,True,False
Q6K00053,FMOD0034,KNOWN,True,False
Q6K00053,FMOD0039,KNOWN,True,False
Q6K00053,FMOD0041,KNOWN,True,False
Q6K00053,FMOD0045,KNOWN,True,False
Q6K00053,FMOD0052,KNOWN,True,False
Q6K00053,FMOD0056,KNOWN,True,False
Q6K00053,FMOD0057,KNOWN,False,True
Q6K00053,FMOD0058,KNOWN,True,False
Q6K00053,FMOD0059,KNOWN,True,False
Q6K00053,FMOD0063,KNOWN,True,False
Q6K00053,FMOD0064,KNOWN,True,False
Q6K00053,FMOD0065,KNOWN,True,False
Q6K00053,FMOD0071,KNOWN,True,False
Q6K00053,FMOD0072,KNOWN,True,False
Q6K00053,FMOD0078,KNOWN,True,False
Q6K00053,FMOD0081,KNOWN,True,False
Q6K00053,FMOD0082,KNOWN,True,False
Q6K00053,FMOD0097,KNOWN,True,False
Q6K00053,FMOD0101,KNOWN,True,False
Q6K00053,FMOD0010,BACKGROUND,True,False
Q6K00053,FMOD0018,BACKGROUND,True,False
Q6K00053,FMOD0026,BACKGROUND,True,False
Q6K00053,FMOD0029,BACKGROUND,True,False
Q6K00053,FMOD0037,BACKGROUND,True,False
Q6K00053,FMOD0042,BACKGROUND,True,False
Q6K00053,FMOD0098,BACKGROUND,True,False
Q6K00053,FMOD0103,BACKGROUND,True,False
Q6K00053,FMOD0107,BACKGROUND,True,False
Q6K00053,FMOD0108,BACKGROUND,True,False
Q6K00053,FMOD0111,BACKGROUND,True,False
Q6K00053,FMOD0112,BACKGROUND,True,False
Q6K00053,FMOD0114,BACKGROUND,True,False
Q6K00053,FMOD0117,BACKGROUND,True,False
Q6K00053,FMOD0118,BACKGROUND,True,False
Q6K00054,FMOD0002,KNOWN,True,False
Q6K00054,FMOD0012,KNOWN,True,False
Q6K00054,FMOD0019,KNOWN,True,False
Q6K00054,FMOD0020,KNOWN,True,False
Q6K00054,FMOD0021,KNOWN,True,False
Q6K00054,FMOD0030,KNOWN,True,False
Q6K00054,FMOD0034,KNOWN,True,False
Q6K00054,FMOD0039,KNOWN,True,False
Q6K00054,FMOD0041,KNOWN,True,False
Q6K00054,FMOD0045,KNOWN,True,False
Q6K00054,FMOD0052,KNOWN,True,False
Q6K00054,FMOD0056,KNOWN,True,False
Q6K00054,FMOD0057,KNOWN,True,False
Q6K00054,FMOD0058,KNOWN,True,False
Q6K00054,FMOD0059,KNOWN,True,False
Q6K00054,FMOD0063,KNOWN,True,False
Q6K00054,FMOD0064,KNOWN,True,False
Q6K00054,FMOD0065,KNOWN,True,False
Q6K00054,FMOD0071,KNOWN,True,False
Q6K00054,FMOD0072,KNOWN,False,True
Q6K00054,FMOD0078,KNOWN,True,False
Q6K00054,FMOD0081,KNOWN,True,False
Q6K00054,FMOD0082,KNOWN,True,False
Q6K00054,FMOD0097,KNOWN,True,False
Q6K00054,FMOD0101,KNOWN,True,False
Q6K00054,FMOD0010,BACKGROUND,True,False
Q6K00054,FMOD0018,BACKGROUND,True,False
Q6K00054,FMOD0026,BACKGROUND,True,False
Q6K00054,FMOD0029,BACKGROUND,True,False
Q6K00054,FMOD0037,BACKGROUND,True,False
Q6K00054,FMOD0042,BACKGROUND,True,False
Q6K00054,FMOD0098,BACKGROUND,True,False
Q6K00054,FMOD0103,BACKGROUND,True,False
Q6K00054,FMOD0107,BACKGROUND,True,False
Q6K00054,FMOD0108,BACKGROUND,True,False
Q6K00054,FMOD0111,BACKGROUND,True,False
Q6K00054,FMOD0112,BACKGROUND,True,False
Q6K00054,FMOD0114,BACKGROUND,True,False
Q6K00054,FMOD0117,BACKGROUND,True,False
Q6K00054,FMOD0118,BACKGROUND,True,False
Q6K00055,FMOD0002,KNOWN,True,False
Q6K00055,FMOD0012,KNOWN,True,False
Q6K00055,FMOD0019,KNOWN,True,False
Q6K00055,FMOD0020,KNOWN,True,False
Q6K00055,FMOD0021,KNOWN,True,False
Q6K00055,FMOD0030,KNOWN,True,False
Q6K00055,FMOD0034,KNOWN,True,False
Q6K00055,FMOD0039,KNOWN,True,False
Q6K00055,FMOD0041,KNOWN,True,False
Q6K00055,FMOD0045,KNOWN,True,False
Q6K00055,FMOD0052,KNOWN,True,False
Q6K00055,FMOD0056,KNOWN,True,False
Q6K00055,FMOD0057,KNOWN,True,False
Q6K00055,FMOD0058,KNOWN,True,False
Q6K00055,FMOD0059,KNOWN,False,True
Q6K00055,FMOD0063,KNOWN,True,False
Q6K00055,FMOD0064,KNOWN,True,False
Q6K00055,FMOD0065,KNOWN,True,False
Q6K00055,FMOD0071,KNOWN,True,False
Q6K00055,FMOD0072,KNOWN,True,False
Q6K00055,FMOD0078,KNOWN,True,False
Q6K00055,FMOD0081,KNOWN,True,False
Q6K00055,FMOD0082,KNOWN,True,False
Q6K00055,FMOD0097,KNOWN,True,False
Q6K00055,FMOD0101,KNOWN,True,False
Q6K00055,FMOD0010,BACKGROUND,True,False
Q6K00055,FMOD0018,BACKGROUND,True,False
Q6K00055,FMOD0026,BACKGROUND,True,False
Q6K00055,FMOD0029,BACKGROUND,True,False
Q6K00055,FMOD0037,BACKGROUND,True,False
Q6K00055,FMOD0042,BACKGROUND,True,False
Q6K00055,FMOD0098,BACKGROUND,True,False
Q6K00055,FMOD0103,BACKGROUND,True,False
Q6K00055,FMOD0107,BACKGROUND,True,False
Q6K00055,FMOD0108,BACKGROUND,True,False
Q6K00055,FMOD0111,BACKGROUND,True,False
Q6K00055,FMOD0112,BACKGROUND,True,False
Q6K00055,FMOD0114,BACKGROUND,True,False
Q6K00055,FMOD0117,BACKGROUND,True,False
Q6K00055,FMOD0118,BACKGROUND,True,False
Q6K00056,FMOD0002,KNOWN,True,False
Q6K00056,FMOD0012,KNOWN,True,False
Q6K00056,FMOD0019,KNOWN,True,False
Q6K00056,FMOD0020,KNOWN,True,False
Q6K00056,FMOD0021,KNOWN,True,False
Q6K00056,FMOD0030,KNOWN,True,False
Q6K00056,FMOD0034,KNOWN,True,False
Q6K00056,FMOD0039,KNOWN,True,False
Q6K00056,FMOD0041,KNOWN,False,True
Q6K00056,FMOD0045,KNOWN,True,False
Q6K00056,FMOD0052,KNOWN,True,False
Q6K00056,FMOD0056,KNOWN,True,False
Q6K00056,FMOD0057,KNOWN,True,False
Q6K00056,FMOD0058,KNOWN,True,False
Q6K00056,FMOD0059,KNOWN,True,False
Q6K00056,FMOD0063,KNOWN,True,False
Q6K00056,FMOD0064,KNOWN,True,False
Q6K00056,FMOD0065,KNOWN,True,False
Q6K00056,FMOD0071,KNOWN,True,False
Q6K00056,FMOD0072,KNOWN,True,False
Q6K00056,FMOD0078,KNOWN,True,False
Q6K00056,FMOD0081,KNOWN,True,False
Q6K00056,FMOD0082,KNOWN,True,False
Q6K00056,FMOD0097,KNOWN,True,False
Q6K00056,FMOD0101,KNOWN,True,False
Q6K00056,FMOD0010,BACKGROUND,True,False
Q6K00056,FMOD0018,BACKGROUND,True,False
Q6K00056,FMOD0026,BACKGROUND,True,False
Q6K00056,FMOD0029,BACKGROUND,True,False
Q6K00056,FMOD0037,BACKGROUND,True,False
Q6K00056,FMOD0042,BACKGROUND,True,False
Q6K00056,FMOD0098,BACKGROUND,True,False
Q6K00056,FMOD0103,BACKGROUND,True,False
Q6K00056,FMOD0107,BACKGROUND,True,False
Q6K00056,FMOD0108,BACKGROUND,True,False
Q6K00056,FMOD0111,BACKGROUND,True,False
Q6K00056,FMOD0112,BACKGROUND,True,False
Q6K00056,FMOD0114,BACKGROUND,True,False
Q6K00056,FMOD0117,BACKGROUND,True,False
Q6K00056,FMOD0118,BACKGROUND,True,False
Q6K00057,FMOD0002,KNOWN,True,False
Q6K00057,FMOD0012,KNOWN,True,False
Q6K00057,FMOD0019,KNOWN,True,False
Q6K00057,FMOD0020,KNOWN,True,False
Q6K00057,FMOD0021,KNOWN,True,False
Q6K00057,FMOD0030,KNOWN,True,False
Q6K00057,FMOD0034,KNOWN,True,False
Q6K00057,FMOD0039,KNOWN,True,False
Q6K00057,FMOD0041,KNOWN,True,False
Q6K00057,FMOD0045,KNOWN,True,False
Q6K00057,FMOD0052,KNOWN,True,False
Q6K00057,FMOD0056,KNOWN,True,False
Q6K00057,FMOD0057,KNOWN,False,True
Q6K00057,FMOD0058,KNOWN,True,False
Q6K00057,FMOD0059,KNOWN,True,False
Q6K00057,FMOD0063,KNOWN,True,False
Q6K00057,FMOD0064,KNOWN,True,False
Q6K00057,FMOD0065,KNOWN,True,False
Q6K00057,FMOD0071,KNOWN,True,False
Q6K00057,FMOD0072,KNOWN,True,False
Q6K00057,FMOD0078,KNOWN,True,False
Q6K00057,FMOD0081,KNOWN,True,False
Q6K00057,FMOD0082,KNOWN,True,False
Q6K00057,FMOD0097,KNOWN,True,False
Q6K00057,FMOD0101,KNOWN,True,False
Q6K00057,FMOD0010,BACKGROUND,True,False
Q6K00057,FMOD0018,BACKGROUND,True,False
Q6K00057,FMOD0026,BACKGROUND,True,False
Q6K00057,FMOD0029,BACKGROUND,True,False
Q6K00057,FMOD0037,BACKGROUND,True,False
Q6K00057,FMOD0042,BACKGROUND,True,False
Q6K00057,FMOD0098,BACKGROUND,True,False
Q6K00057,FMOD0103,BACKGROUND,True,False
Q6K00057,FMOD0107,BACKGROUND,True,False
Q6K00057,FMOD0108,BACKGROUND,True,False
Q6K00057,FMOD0111,BACKGROUND,True,False
Q6K00057,FMOD0112,BACKGROUND,True,False
Q6K00057,FMOD0114,BACKGROUND,True,False
Q6K00057,FMOD0117,BACKGROUND,True,False
Q6K00057,FMOD0118,BACKGROUND,True,False
Q6K00058,FMOD0002,KNOWN,True,False
Q6K00058,FMOD0012,KNOWN,True,False
Q6K00058,FMOD0019,KNOWN,True,False
Q6K00058,FMOD0020,KNOWN,True,False
Q6K00058,FMOD0021,KNOWN,True,False
Q6K00058,FMOD0030,KNOWN,True,False
Q6K00058,FMOD0034,KNOWN,True,False
Q6K00058,FMOD0039,KNOWN,True,False
Q6K00058,FMOD0041,KNOWN,True,False
Q6K00058,FMOD0045,KNOWN,True,False
Q6K00058,FMOD0052,KNOWN,True,False
Q6K00058,FMOD0056,KNOWN,True,False
Q6K00058,FMOD0057,KNOWN,True,False
Q6K00058,FMOD0058,KNOWN,True,False
Q6K00058,FMOD0059,KNOWN,False,True
Q6K00058,FMOD0063,KNOWN,True,False
Q6K00058,FMOD0064,KNOWN,True,False
Q6K00058,FMOD0065,KNOWN,True,False
Q6K00058,FMOD0071,KNOWN,True,False
Q6K00058,FMOD0072,KNOWN,True,False
Q6K00058,FMOD0078,KNOWN,True,False
Q6K00058,FMOD0081,KNOWN,True,False
Q6K00058,FMOD0082,KNOWN,True,False
Q6K00058,FMOD0097,KNOWN,True,False
Q6K00058,FMOD0101,KNOWN,True,False
Q6K00058,FMOD0010,BACKGROUND,True,False
Q6K00058,FMOD0018,BACKGROUND,True,False
Q6K00058,FMOD0026,BACKGROUND,True,False
Q6K00058,FMOD0029,BACKGROUND,True,False
Q6K00058,FMOD0037,BACKGROUND,True,False
Q6K00058,FMOD0042,BACKGROUND,True,False
Q6K00058,FMOD0098,BACKGROUND,True,False
Q6K00058,FMOD0103,BACKGROUND,True,False
Q6K00058,FMOD0107,BACKGROUND,True,False
Q6K00058,FMOD0108,BACKGROUND,True,False
Q6K00058,FMOD0111,BACKGROUND,True,False
Q6K00058,FMOD0112,BACKGROUND,True,False
Q6K00058,FMOD0114,BACKGROUND,True,False
Q6K00058,FMOD0117,BACKGROUND,True,False
Q6K00058,FMOD0118,BACKGROUND,True,False
Q6K00059,FMOD0002,KNOWN,True,False
Q6K00059,FMOD0012,KNOWN,True,False
Q6K00059,FMOD0019,KNOWN,True,False
Q6K00059,FMOD0020,KNOWN,True,False
Q6K00059,FMOD0021,KNOWN,True,False
Q6K00059,FMOD0030,KNOWN,False,True
Q6K00059,FMOD0034,KNOWN,True,False
Q6K00059,FMOD0039,KNOWN,True,False
Q6K00059,FMOD0041,KNOWN,True,False
Q6K00059,FMOD0045,KNOWN,True,False
Q6K00059,FMOD0052,KNOWN,True,False
Q6K00059,FMOD0056,KNOWN,True,False
Q6K00059,FMOD0057,KNOWN,True,False
Q6K00059,FMOD0058,KNOWN,True,False
Q6K00059,FMOD0059,KNOWN,True,False
Q6K00059,FMOD0063,KNOWN,True,False
Q6K00059,FMOD0064,KNOWN,True,False
Q6K00059,FMOD0065,KNOWN,True,False
Q6K00059,FMOD0071,KNOWN,True,False
Q6K00059,FMOD0072,KNOWN,True,False
Q6K00059,FMOD0078,KNOWN,True,False
Q6K00059,FMOD0081,KNOWN,True,False
Q6K00059,FMOD0082,KNOWN,True,False
Q6K00059,FMOD0097,KNOWN,True,False
Q6K00059,FMOD0101,KNOWN,True,False
Q6K00059,FMOD0010,BACKGROUND,True,False
Q6K00059,FMOD0018,BACKGROUND,True,False
Q6K00059,FMOD0026,BACKGROUND,True,False
Q6K00059,FMOD0029,BACKGROUND,True,False
Q6K00059,FMOD0037,BACKGROUND,True,False
Q6K00059,FMOD0042,BACKGROUND,True,False
Q6K00059,FMOD0098,BACKGROUND,True,False
Q6K00059,FMOD0103,BACKGROUND,True,False
Q6K00059,FMOD0107,BACKGROUND,True,False
Q6K00059,FMOD0108,BACKGROUND,True,False
Q6K00059,FMOD0111,BACKGROUND,True,False
Q6K00059,FMOD0112,BACKGROUND,True,False
Q6K00059,FMOD0114,BACKGROUND,True,False
Q6K00059,FMOD0117,BACKGROUND,True,False
Q6K00059,FMOD0118,BACKGROUND,True,False
Q6K00060,FMOD0002,KNOWN,True,False
Q6K00060,FMOD0012,KNOWN,True,False
Q6K00060,FMOD0019,KNOWN,True,False
Q6K00060,FMOD0020,KNOWN,True,False
Q6K00060,FMOD0021,KNOWN,True,False
Q6K00060,FMOD0030,KNOWN,True,False
Q6K00060,FMOD0034,KNOWN,True,False
Q6K00060,FMOD0039,KNOWN,True,False
Q6K00060,FMOD0041,KNOWN,True,False
Q6K00060,FMOD0045,KNOWN,True,False
Q6K00060,FMOD0052,KNOWN,True,False
Q6K00060,FMOD0056,KNOWN,True,False
Q6K00060,FMOD0057,KNOWN,True,False
Q6K00060,FMOD0058,KNOWN,True,False
Q6K00060,FMOD0059,KNOWN,True,False
Q6K00060,FMOD0063,KNOWN,True,False
Q6K00060,FMOD0064,KNOWN,True,False
Q6K00060,FMOD0065,KNOWN,False,True
Q6K00060,FMOD0071,KNOWN,True,False
Q6K00060,FMOD0072,KNOWN,True,False
Q6K00060,FMOD0078,KNOWN,True,False
Q6K00060,FMOD0081,KNOWN,True,False
Q6K00060,FMOD0082,KNOWN,True,False
Q6K00060,FMOD0097,KNOWN,True,False
Q6K00060,FMOD0101,KNOWN,True,False
Q6K00060,FMOD0010,BACKGROUND,True,False
Q6K00060,FMOD0018,BACKGROUND,True,False
Q6K00060,FMOD0026,BACKGROUND,True,False
Q6K00060,FMOD0029,BACKGROUND,True,False
Q6K00060,FMOD0037,BACKGROUND,True,False
Q6K00060,FMOD0042,BACKGROUND,True,False
Q6K00060,FMOD0098,BACKGROUND,True,False
Q6K00060,FMOD0103,BACKGROUND,True,False
Q6K00060,FMOD0107,BACKGROUND,True,False
Q6K00060,FMOD0108,BACKGROUND,True,False
Q6K00060,FMOD0111,BACKGROUND,True,False
Q6K00060,FMOD0112,BACKGROUND,True,False
Q6K00060,FMOD0114,BACKGROUND,True,False
Q6K00060,FMOD0117,BACKGROUND,True,False
Q6K00060,FMOD0118,BACKGROUND,True,False
Q6K00061,FMOD0002,KNOWN,True,False
Q6K00061,FMOD0012,KNOWN,True,False
Q6K00061,FMOD0019,KNOWN,True,False
Q6K00061,FMOD0020,KNOWN,True,False
Q6K00061,FMOD0021,KNOWN,True,False
Q6K00061,FMOD0030,KNOWN,True,False
Q6K00061,FMOD0034,KNOWN,True,False
Q6K00061,FMOD0039,KNOWN,True,False
Q6K00061,FMOD0041,KNOWN,True,False
Q6K00061,FMOD0045,KNOWN,True,False
Q6K00061,FMOD0052,KNOWN,True,False
Q6K00061,FMOD0056,KNOWN,True,False
Q6K00061,FMOD0057,KNOWN,True,False
Q6K00061,FMOD0058,KNOWN,False,True
Q6K00061,FMOD0059,KNOWN,True,False
Q6K00061,FMOD0063,KNOWN,True,False
Q6K00061,FMOD0064,KNOWN,True,False
Q6K00061,FMOD0065,KNOWN,True,False
Q6K00061,FMOD0071,KNOWN,True,False
Q6K00061,FMOD0072,KNOWN,True,False
Q6K00061,FMOD0078,KNOWN,True,False
Q6K00061,FMOD0081,KNOWN,True,False
Q6K00061,FMOD0082,KNOWN,True,False
Q6K00061,FMOD0097,KNOWN,True,False
Q6K00061,FMOD0101,KNOWN,True,False
Q6K00061,FMOD0010,BACKGROUND,True,False
Q6K00061,FMOD0018,BACKGROUND,True,False
Q6K00061,FMOD0026,BACKGROUND,True,False
Q6K00061,FMOD0029,BACKGROUND,True,False
Q6K00061,FMOD0037,BACKGROUND,True,False
Q6K00061,FMOD0042,BACKGROUND,True,False
Q6K00061,FMOD0098,BACKGROUND,True,False
Q6K00061,FMOD0103,BACKGROUND,True,False
Q6K00061,FMOD0107,BACKGROUND,True,False
Q6K00061,FMOD0108,BACKGROUND,True,False
Q6K00061,FMOD0111,BACKGROUND,True,False
Q6K00061,FMOD0112,BACKGROUND,True,False
Q6K00061,FMOD0114,BACKGROUND,True,False
Q6K00061,FMOD0117,BACKGROUND,True,False
Q6K00061,FMOD0118,BACKGROUND,True,False
Q6K00062,FMOD0002,KNOWN,True,False
Q6K00062,FMOD0012,KNOWN,True,False
Q6K00062,FMOD0019,KNOWN,True,False
Q6K00062,FMOD0020,KNOWN,True,False
Q6K00062,FMOD0021,KNOWN,True,False
Q6K00062,FMOD0030,KNOWN,True,False
Q6K00062,FMOD0034,KNOWN,True,False
Q6K00062,FMOD0039,KNOWN,False,True
Q6K00062,FMOD0041,KNOWN,True,False
Q6K00062,FMOD0045,KNOWN,True,False
Q6K00062,FMOD0052,KNOWN,True,False
Q6K00062,FMOD0056,KNOWN,True,False
Q6K00062,FMOD0057,KNOWN,True,False
Q6K00062,FMOD0058,KNOWN,True,False
Q6K00062,FMOD0059,KNOWN,True,False
Q6K00062,FMOD0063,KNOWN,True,False
Q6K00062,FMOD0064,KNOWN,True,False
Q6K00062,FMOD0065,KNOWN,True,False
Q6K00062,FMOD0071,KNOWN,True,False
Q6K00062,FMOD0072,KNOWN,True,False
Q6K00062,FMOD0078,KNOWN,True,False
Q6K00062,FMOD0081,KNOWN,True,False
Q6K00062,FMOD0082,KNOWN,True,False
Q6K00062,FMOD0097,KNOWN,True,False
Q6K00062,FMOD0101,KNOWN,True,False
Q6K00062,FMOD0010,BACKGROUND,True,False
Q6K00062,FMOD0018,BACKGROUND,True,False
Q6K00062,FMOD0026,BACKGROUND,True,False
Q6K00062,FMOD0029,BACKGROUND,True,False
Q6K00062,FMOD0037,BACKGROUND,True,False
Q6K00062,FMOD0042,BACKGROUND,True,False
Q6K00062,FMOD0098,BACKGROUND,True,False
Q6K00062,FMOD0103,BACKGROUND,True,False
Q6K00062,FMOD0107,BACKGROUND,True,False
Q6K00062,FMOD0108,BACKGROUND,True,False
Q6K00062,FMOD0111,BACKGROUND,True,False
Q6K00062,FMOD0112,BACKGROUND,True,False
Q6K00062,FMOD0114,BACKGROUND,True,False
Q6K00062,FMOD0117,BACKGROUND,True,False
Q6K00062,FMOD0118,BACKGROUND,True,False
Q6K00063,FMOD0002,KNOWN,True,False
Q6K00063,FMOD0012,KNOWN,True,False
Q6K00063,FMOD0019,KNOWN,True,False
Q6K00063,FMOD0020,KNOWN,True,False
Q6K00063,FMOD0021,KNOWN,True,False
Q6K00063,FMOD0030,KNOWN,True,False
Q6K00063,FMOD0034,KNOWN,True,False
Q6K00063,FMOD0039,KNOWN,True,False
Q6K00063,FMOD0041,KNOWN,True,False
Q6K00063,FMOD0045,KNOWN,True,False
Q6K00063,FMOD0052,KNOWN,True,False
Q6K00063,FMOD0056,KNOWN,True,False
Q6K00063,FMOD0057,KNOWN,True,False
Q6K00063,FMOD0058,KNOWN,True,False
Q6K00063,FMOD0059,KNOWN,True,False
Q6K00063,FMOD0063,KNOWN,True,False
Q6K00063,FMOD0064,KNOWN,True,False
Q6K00063,FMOD0065,KNOWN,True,False
Q6K00063,FMOD0071,KNOWN,True,False
Q6K00063,FMOD0072,KNOWN,True,False
Q6K00063,FMOD0078,KNOWN,True,False
Q6K00063,FMOD0081,KNOWN,True,False
Q6K00063,FMOD0082,KNOWN,True,False
Q6K00063,FMOD0097,KNOWN,False,True
Q6K00063,FMOD0101,KNOWN,True,False
Q6K00063,FMOD0010,BACKGROUND,True,False
Q6K00063,FMOD0018,BACKGROUND,True,False
Q6K00063,FMOD0026,BACKGROUND,True,False
Q6K00063,FMOD0029,BACKGROUND,True,False
Q6K00063,FMOD0037,BACKGROUND,True,False
Q6K00063,FMOD0042,BACKGROUND,True,False
Q6K00063,FMOD0098,BACKGROUND,True,False
Q6K00063,FMOD0103,BACKGROUND,True,False
Q6K00063,FMOD0107,BACKGROUND,True,False
Q6K00063,FMOD0108,BACKGROUND,True,False
Q6K00063,FMOD0111,BACKGROUND,True,False
Q6K00063,FMOD0112,BACKGROUND,True,False
Q6K00063,FMOD0114,BACKGROUND,True,False
Q6K00063,FMOD0117,BACKGROUND,True,False
Q6K00063,FMOD0118,BACKGROUND,True,False
Q6K00064,FMOD0002,KNOWN,True,False
Q6K00064,FMOD0012,KNOWN,True,False
Q6K00064,FMOD0019,KNOWN,True,False
Q6K00064,FMOD0020,KNOWN,True,False
Q6K00064,FMOD0021,KNOWN,True,False
Q6K00064,FMOD0030,KNOWN,True,False
Q6K00064,FMOD0034,KNOWN,True,False
Q6K00064,FMOD0039,KNOWN,True,False
Q6K00064,FMOD0041,KNOWN,True,False
Q6K00064,FMOD0045,KNOWN,True,False
Q6K00064,FMOD0052,KNOWN,True,False
Q6K00064,FMOD0056,KNOWN,True,False
Q6K00064,FMOD0057,KNOWN,False,True
Q6K00064,FMOD0058,KNOWN,True,False
Q6K00064,FMOD0059,KNOWN,True,False
Q6K00064,FMOD0063,KNOWN,True,False
Q6K00064,FMOD0064,KNOWN,True,False
Q6K00064,FMOD0065,KNOWN,True,False
Q6K00064,FMOD0071,KNOWN,True,False
Q6K00064,FMOD0072,KNOWN,True,False
Q6K00064,FMOD0078,KNOWN,True,False
Q6K00064,FMOD0081,KNOWN,True,False
Q6K00064,FMOD0082,KNOWN,True,False
Q6K00064,FMOD0097,KNOWN,True,False
Q6K00064,FMOD0101,KNOWN,True,False
Q6K00064,FMOD0010,BACKGROUND,True,False
Q6K00064,FMOD0018,BACKGROUND,True,False
Q6K00064,FMOD0026,BACKGROUND,True,False
Q6K00064,FMOD0029,BACKGROUND,True,False
Q6K00064,FMOD0037,BACKGROUND,True,False
Q6K00064,FMOD0042,BACKGROUND,True,False
Q6K00064,FMOD0098,BACKGROUND,True,False
Q6K00064,FMOD0103,BACKGROUND,True,False
Q6K00064,FMOD0107,BACKGROUND,True,False
Q6K00064,FMOD0108,BACKGROUND,True,False
Q6K00064,FMOD0111,BACKGROUND,True,False
Q6K00064,FMOD0112,BACKGROUND,True,False
Q6K00064,FMOD0114,BACKGROUND,True,False
Q6K00064,FMOD0117,BACKGROUND,True,False
Q6K00064,FMOD0118,BACKGROUND,True,False
Q6K00065,FMOD0002,KNOWN,True,False
Q6K00065,FMOD0012,KNOWN,True,False
Q6K00065,FMOD0019,KNOWN,True,False
Q6K00065,FMOD0020,KNOWN,True,False
Q6K00065,FMOD0021,KNOWN,True,False
Q6K00065,FMOD0030,KNOWN,False,True
Q6K00065,FMOD0034,KNOWN,True,False
Q6K00065,FMOD0039,KNOWN,True,False
Q6K00065,FMOD0041,KNOWN,True,False
Q6K00065,FMOD0045,KNOWN,True,False
Q6K00065,FMOD0052,KNOWN,True,False
Q6K00065,FMOD0056,KNOWN,True,False
Q6K00065,FMOD0057,KNOWN,True,False
Q6K00065,FMOD0058,KNOWN,True,False
Q6K00065,FMOD0059,KNOWN,True,False
Q6K00065,FMOD0063,KNOWN,True,False
Q6K00065,FMOD0064,KNOWN,True,False
Q6K00065,FMOD0065,KNOWN,True,False
Q6K00065,FMOD0071,KNOWN,True,False
Q6K00065,FMOD0072,KNOWN,True,False
Q6K00065,FMOD0078,KNOWN,True,False
Q6K00065,FMOD0081,KNOWN,True,False
Q6K00065,FMOD0082,KNOWN,True,False
Q6K00065,FMOD0097,KNOWN,True,False
Q6K00065,FMOD0101,KNOWN,True,False
Q6K00065,FMOD0010,BACKGROUND,True,False
Q6K00065,FMOD0018,BACKGROUND,True,False
Q6K00065,FMOD0026,BACKGROUND,True,False
Q6K00065,FMOD0029,BACKGROUND,True,False
Q6K00065,FMOD0037,BACKGROUND,True,False
Q6K00065,FMOD0042,BACKGROUND,True,False
Q6K00065,FMOD0098,BACKGROUND,True,False
Q6K00065,FMOD0103,BACKGROUND,True,False
Q6K00065,FMOD0107,BACKGROUND,True,False
Q6K00065,FMOD0108,BACKGROUND,True,False
Q6K00065,FMOD0111,BACKGROUND,True,False
Q6K00065,FMOD0112,BACKGROUND,True,False
Q6K00065,FMOD0114,BACKGROUND,True,False
Q6K00065,FMOD0117,BACKGROUND,True,False
Q6K00065,FMOD0118,BACKGROUND,True,False
Q6K00066,FMOD0002,KNOWN,True,False
Q6K00066,FMOD0012,KNOWN,True,False
Q6K00066,FMOD0019,KNOWN,True,False
Q6K00066,FMOD0020,KNOWN,True,False
Q6K00066,FMOD0021,KNOWN,True,False
Q6K00066,FMOD0030,KNOWN,True,False
Q6K00066,FMOD0034,KNOWN,True,False
Q6K00066,FMOD0039,KNOWN,True,False
Q6K00066,FMOD0041,KNOWN,False,True
Q6K00066,FMOD0045,KNOWN,True,False
Q6K00066,FMOD0052,KNOWN,True,False
Q6K00066,FMOD0056,KNOWN,True,False
Q6K00066,FMOD0057,KNOWN,True,False
Q6K00066,FMOD0058,KNOWN,True,False
Q6K00066,FMOD0059,KNOWN,True,False
Q6K00066,FMOD0063,KNOWN,True,False
Q6K00066,FMOD0064,KNOWN,True,False
Q6K00066,FMOD0065,KNOWN,True,False
Q6K00066,FMOD0071,KNOWN,True,False
Q6K00066,FMOD0072,KNOWN,True,False
Q6K00066,FMOD0078,KNOWN,True,False
Q6K00066,FMOD0081,KNOWN,True,False
Q6K00066,FMOD0082,KNOWN,True,False
Q6K00066,FMOD0097,KNOWN,True,False
Q6K00066,FMOD0101,KNOWN,True,False
Q6K00066,FMOD0010,BACKGROUND,True,False
Q6K00066,FMOD0018,BACKGROUND,True,False
Q6K00066,FMOD0026,BACKGROUND,True,False
Q6K00066,FMOD0029,BACKGROUND,True,False
Q6K00066,FMOD0037,BACKGROUND,True,False
Q6K00066,FMOD0042,BACKGROUND,True,False
Q6K00066,FMOD0098,BACKGROUND,True,False
Q6K00066,FMOD0103,BACKGROUND,True,False
Q6K00066,FMOD0107,BACKGROUND,True,False
Q6K00066,FMOD0108,BACKGROUND,True,False
Q6K00066,FMOD0111,BACKGROUND,True,False
Q6K00066,FMOD0112,BACKGROUND,True,False
Q6K00066,FMOD0114,BACKGROUND,True,False
Q6K00066,FMOD0117,BACKGROUND,True,False
Q6K00066,FMOD0118,BACKGROUND,True,False
Q6K00067,FMOD0002,KNOWN,True,False
Q6K00067,FMOD0012,KNOWN,True,False
Q6K00067,FMOD0019,KNOWN,True,False
Q6K00067,FMOD0020,KNOWN,True,False
Q6K00067,FMOD0021,KNOWN,True,False
Q6K00067,FMOD0030,KNOWN,True,False
Q6K00067,FMOD0034,KNOWN,True,False
Q6K00067,FMOD0039,KNOWN,True,False
Q6K00067,FMOD0041,KNOWN,True,False
Q6K00067,FMOD0045,KNOWN,True,False
Q6K00067,FMOD0052,KNOWN,True,False
Q6K00067,FMOD0056,KNOWN,False,True
Q6K00067,FMOD0057,KNOWN,True,False
Q6K00067,FMOD0058,KNOWN,True,False
Q6K00067,FMOD0059,KNOWN,True,False
Q6K00067,FMOD0063,KNOWN,True,False
Q6K00067,FMOD0064,KNOWN,True,False
Q6K00067,FMOD0065,KNOWN,True,False
Q6K00067,FMOD0071,KNOWN,True,False
Q6K00067,FMOD0072,KNOWN,True,False
Q6K00067,FMOD0078,KNOWN,True,False
Q6K00067,FMOD0081,KNOWN,True,False
Q6K00067,FMOD0082,KNOWN,True,False
Q6K00067,FMOD0097,KNOWN,True,False
Q6K00067,FMOD0101,KNOWN,True,False
Q6K00067,FMOD0010,BACKGROUND,True,False
Q6K00067,FMOD0018,BACKGROUND,True,False
Q6K00067,FMOD0026,BACKGROUND,True,False
Q6K00067,FMOD0029,BACKGROUND,True,False
Q6K00067,FMOD0037,BACKGROUND,True,False
Q6K00067,FMOD0042,BACKGROUND,True,False
Q6K00067,FMOD0098,BACKGROUND,True,False
Q6K00067,FMOD0103,BACKGROUND,True,False
Q6K00067,FMOD0107,BACKGROUND,True,False
Q6K00067,FMOD0108,BACKGROUND,True,False
Q6K00067,FMOD0111,BACKGROUND,True,False
Q6K00067,FMOD0112,BACKGROUND,True,False
Q6K00067,FMOD0114,BACKGROUND,True,False
Q6K00067,FMOD0117,BACKGROUND,True,False
Q6K00067,FMOD0118,BACKGROUND,True,False
Q6K00068,FMOD0002,KNOWN,True,False
Q6K00068,FMOD0012,KNOWN,True,False
Q6K00068,FMOD0019,KNOWN,True,False
Q6K00068,FMOD0020,KNOWN,True,False
Q6K00068,FMOD0021,KNOWN,True,False
Q6K00068,FMOD0030,KNOWN,True,False
Q6K00068,FMOD0034,KNOWN,True,False
Q6K00068,FMOD0039,KNOWN,True,False
Q6K00068,FMOD0041,KNOWN,True,False
Q6K00068,FMOD0045,KNOWN,True,False
Q6K00068,FMOD0052,KNOWN,True,False
Q6K00068,FMOD0056,KNOWN,True,False
Q6K00068,FMOD0057,KNOWN,True,False
Q6K00068,FMOD0058,KNOWN,False,True
Q6K00068,FMOD0059,KNOWN,True,False
Q6K00068,FMOD0063,KNOWN,True,False
Q6K00068,FMOD0064,KNOWN,True,False
Q6K00068,FMOD0065,KNOWN,True,False
Q6K00068,FMOD0071,KNOWN,True,False
Q6K00068,FMOD0072,KNOWN,True,False
Q6K00068,FMOD0078,KNOWN,True,False
Q6K00068,FMOD0081,KNOWN,True,False
Q6K00068,FMOD0082,KNOWN,True,False
Q6K00068,FMOD0097,KNOWN,True,False
Q6K00068,FMOD0101,KNOWN,True,False
Q6K00068,FMOD0010,BACKGROUND,True,False
Q6K00068,FMOD0018,BACKGROUND,True,False
Q6K00068,FMOD0026,BACKGROUND,True,False
Q6K00068,FMOD0029,BACKGROUND,True,False
Q6K00068,FMOD0037,BACKGROUND,True,False
Q6K00068,FMOD0042,BACKGROUND,True,False
Q6K00068,FMOD0098,BACKGROUND,True,False
Q6K00068,FMOD0103,BACKGROUND,True,False
Q6K00068,FMOD0107,BACKGROUND,True,False
Q6K00068,FMOD0108,BACKGROUND,True,False
Q6K00068,FMOD0111,BACKGROUND,True,False
Q6K00068,FMOD0112,BACKGROUND,True,False
Q6K00068,FMOD0114,BACKGROUND,True,False
Q6K00068,FMOD0117,BACKGROUND,True,False
Q6K00068,FMOD0118,BACKGROUND,True,False
Q6K00069,FMOD0002,KNOWN,True,False
Q6K00069,FMOD0012,KNOWN,True,False
Q6K00069,FMOD0019,KNOWN,True,False
Q6K00069,FMOD0020,KNOWN,True,False
Q6K00069,FMOD0021,KNOWN,True,False
Q6K00069,FMOD0030,KNOWN,True,False
Q6K00069,FMOD0034,KNOWN,True,False
Q6K00069,FMOD0039,KNOWN,True,False
Q6K00069,FMOD0041,KNOWN,True,False
Q6K00069,FMOD0045,KNOWN,True,False
Q6K00069,FMOD0052,KNOWN,True,False
Q6K00069,FMOD0056,KNOWN,True,False
Q6K00069,FMOD0057,KNOWN,True,False
Q6K00069,FMOD0058,KNOWN,True,False
Q6K00069,FMOD0059,KNOWN,True,False
Q6K00069,FMOD0063,KNOWN,True,False
Q6K00069,FMOD0064,KNOWN,True,False
Q6K00069,FMOD0065,KNOWN,True,False
Q6K00069,FMOD0071,KNOWN,True,False
Q6K00069,FMOD0072,KNOWN,True,False
Q6K00069,FMOD0078,KNOWN,True,False
Q6K00069,FMOD0081,KNOWN,True,False
Q6K00069,FMOD0082,KNOWN,True,False
Q6K00069,FMOD0097,KNOWN,True,False
Q6K00069,FMOD0101,KNOWN,False,True
Q6K00069,FMOD0010,BACKGROUND,True,False
Q6K00069,FMOD0018,BACKGROUND,True,False
Q6K00069,FMOD0026,BACKGROUND,True,False
Q6K00069,FMOD0029,BACKGROUND,True,False
Q6K00069,FMOD0037,BACKGROUND,True,False
Q6K00069,FMOD0042,BACKGROUND,True,False
Q6K00069,FMOD0098,BACKGROUND,True,False
Q6K00069,FMOD0103,BACKGROUND,True,False
Q6K00069,FMOD0107,BACKGROUND,True,False
Q6K00069,FMOD0108,BACKGROUND,True,False
Q6K00069,FMOD0111,BACKGROUND,True,False
Q6K00069,FMOD0112,BACKGROUND,True,False
Q6K00069,FMOD0114,BACKGROUND,True,False
Q6K00069,FMOD0117,BACKGROUND,True,False
Q6K00069,FMOD0118,BACKGROUND,True,False
Q6K00070,FMOD0002,KNOWN,True,False
Q6K00070,FMOD0012,KNOWN,True,False
Q6K00070,FMOD0019,KNOWN,True,False
Q6K00070,FMOD0020,KNOWN,False,True
Q6K00070,FMOD0021,KNOWN,True,False
Q6K00070,FMOD0030,KNOWN,True,False
Q6K00070,FMOD0034,KNOWN,True,False
Q6K00070,FMOD0039,KNOWN,True,False
Q6K00070,FMOD0041,KNOWN,True,False
Q6K00070,FMOD0045,KNOWN,True,False
Q6K00070,FMOD0052,KNOWN,True,False
Q6K00070,FMOD0056,KNOWN,True,False
Q6K00070,FMOD0057,KNOWN,True,False
Q6K00070,FMOD0058,KNOWN,True,False
Q6K00070,FMOD0059,KNOWN,True,False
Q6K00070,FMOD0063,KNOWN,True,False
Q6K00070,FMOD0064,KNOWN,True,False
Q6K00070,FMOD0065,KNOWN,True,False
Q6K00070,FMOD0071,KNOWN,True,False
Q6K00070,FMOD0072,KNOWN,True,False
Q6K00070,FMOD0078,KNOWN,True,False
Q6K00070,FMOD0081,KNOWN,True,False
Q6K00070,FMOD0082,KNOWN,True,False
Q6K00070,FMOD0097,KNOWN,True,False
Q6K00070,FMOD0101,KNOWN,True,False
Q6K00070,FMOD0010,BACKGROUND,True,False
Q6K00070,FMOD0018,BACKGROUND,True,False
Q6K00070,FMOD0026,BACKGROUND,True,False
Q6K00070,FMOD0029,BACKGROUND,True,False
Q6K00070,FMOD0037,BACKGROUND,True,False
Q6K00070,FMOD0042,BACKGROUND,True,False
Q6K00070,FMOD0098,BACKGROUND,True,False
Q6K00070,FMOD0103,BACKGROUND,True,False
Q6K00070,FMOD0107,BACKGROUND,True,False
Q6K00070,FMOD0108,BACKGROUND,True,False
Q6K00070,FMOD0111,BACKGROUND,True,False
Q6K00070,FMOD0112,BACKGROUND,True,False
Q6K00070,FMOD0114,BACKGROUND,True,False
Q6K00070,FMOD0117,BACKGROUND,True,False
Q6K00070,FMOD0118,BACKGROUND,True,False
Q6K00071,FMOD0002,KNOWN,True,False
Q6K00071,FMOD0012,KNOWN,True,False
Q6K00071,FMOD0019,KNOWN,True,False
Q6K00071,FMOD0020,KNOWN,True,False
Q6K00071,FMOD0021,KNOWN,True,False
Q6K00071,FMOD0030,KNOWN,True,False
Q6K00071,FMOD0034,KNOWN,True,False
Q6K00071,FMOD0039,KNOWN,True,False
Q6K00071,FMOD0041,KNOWN,True,False
Q6K00071,FMOD0045,KNOWN,True,False
Q6K00071,FMOD0052,KNOWN,True,False
Q6K00071,FMOD0056,KNOWN,True,False
Q6K00071,FMOD0057,KNOWN,True,False
Q6K00071,FMOD0058,KNOWN,True,False
Q6K00071,FMOD0059,KNOWN,True,False
Q6K00071,FMOD0063,KNOWN,True,False
Q6K00071,FMOD0064,KNOWN,True,False
Q6K00071,FMOD0065,KNOWN,True,False
Q6K00071,FMOD0071,KNOWN,True,False
Q6K00071,FMOD0072,KNOWN,True,False
Q6K00071,FMOD0078,KNOWN,True,False
Q6K00071,FMOD0081,KNOWN,True,False
Q6K00071,FMOD0082,KNOWN,False,True
Q6K00071,FMOD0097,KNOWN,True,False
Q6K00071,FMOD0101,KNOWN,True,False
Q6K00071,FMOD0010,BACKGROUND,True,False
Q6K00071,FMOD0018,BACKGROUND,True,False
Q6K00071,FMOD0026,BACKGROUND,True,False
Q6K00071,FMOD0029,BACKGROUND,True,False
Q6K00071,FMOD0037,BACKGROUND,True,False
Q6K00071,FMOD0042,BACKGROUND,True,False
Q6K00071,FMOD0098,BACKGROUND,True,False
Q6K00071,FMOD0103,BACKGROUND,True,False
Q6K00071,FMOD0107,BACKGROUND,True,False
Q6K00071,FMOD0108,BACKGROUND,True,False
Q6K00071,FMOD0111,BACKGROUND,True,False
Q6K00071,FMOD0112,BACKGROUND,True,False
Q6K00071,FMOD0114,BACKGROUND,True,False
Q6K00071,FMOD0117,BACKGROUND,True,False
Q6K00071,FMOD0118,BACKGROUND,True,False
Q6K00072,FMOD0002,KNOWN,False,True
Q6K00072,FMOD0012,KNOWN,True,False
Q6K00072,FMOD0019,KNOWN,True,False
Q6K00072,FMOD0020,KNOWN,True,False
Q6K00072,FMOD0021,KNOWN,True,False
Q6K00072,FMOD0030,KNOWN,True,False
Q6K00072,FMOD0034,KNOWN,True,False
Q6K00072,FMOD0039,KNOWN,True,False
Q6K00072,FMOD0041,KNOWN,True,False
Q6K00072,FMOD0045,KNOWN,True,False
Q6K00072,FMOD0052,KNOWN,True,False
Q6K00072,FMOD0056,KNOWN,True,False
Q6K00072,FMOD0057,KNOWN,True,False
Q6K00072,FMOD0058,KNOWN,True,False
Q6K00072,FMOD0059,KNOWN,True,False
Q6K00072,FMOD0063,KNOWN,True,False
Q6K00072,FMOD0064,KNOWN,True,False
Q6K00072,FMOD0065,KNOWN,True,False
Q6K00072,FMOD0071,KNOWN,True,False
Q6K00072,FMOD0072,KNOWN,True,False
Q6K00072,FMOD0078,KNOWN,True,False
Q6K00072,FMOD0081,KNOWN,True,False
Q6K00072,FMOD0082,KNOWN,True,False
Q6K00072,FMOD0097,KNOWN,True,False
Q6K00072,FMOD0101,KNOWN,True,False
Q6K00072,FMOD0010,BACKGROUND,True,False
Q6K00072,FMOD0018,BACKGROUND,True,False
Q6K00072,FMOD0026,BACKGROUND,True,False
Q6K00072,FMOD0029,BACKGROUND,True,False
Q6K00072,FMOD0037,BACKGROUND,True,False
Q6K00072,FMOD0042,BACKGROUND,True,False
Q6K00072,FMOD0098,BACKGROUND,True,False
Q6K00072,FMOD0103,BACKGROUND,True,False
Q6K00072,FMOD0107,BACKGROUND,True,False
Q6K00072,FMOD0108,BACKGROUND,True,False
Q6K00072,FMOD0111,BACKGROUND,True,False
Q6K00072,FMOD0112,BACKGROUND,True,False
Q6K00072,FMOD0114,BACKGROUND,True,False
Q6K00072,FMOD0117,BACKGROUND,True,False
Q6K00072,FMOD0118,BACKGROUND,True,False
Q6K00073,FMOD0002,KNOWN,True,False
Q6K00073,FMOD0012,KNOWN,True,False
Q6K00073,FMOD0019,KNOWN,True,False
Q6K00073,FMOD0020,KNOWN,True,False
Q6K00073,FMOD0021,KNOWN,True,False
Q6K00073,FMOD0030,KNOWN,True,False
Q6K00073,FMOD0034,KNOWN,True,False
Q6K00073,FMOD0039,KNOWN,True,False
Q6K00073,FMOD0041,KNOWN,True,False
Q6K00073,FMOD0045,KNOWN,True,False
Q6K00073,FMOD0052,KNOWN,True,False
Q6K00073,FMOD0056,KNOWN,False,True
Q6K00073,FMOD0057,KNOWN,True,False
Q6K00073,FMOD0058,KNOWN,True,False
Q6K00073,FMOD0059,KNOWN,True,False
Q6K00073,FMOD0063,KNOWN,True,False
Q6K00073,FMOD0064,KNOWN,True,False
Q6K00073,FMOD0065,KNOWN,True,False
Q6K00073,FMOD0071,KNOWN,True,False
Q6K00073,FMOD0072,KNOWN,True,False
Q6K00073,FMOD0078,KNOWN,True,False
Q6K00073,FMOD0081,KNOWN,True,False
Q6K00073,FMOD0082,KNOWN,True,False
Q6K00073,FMOD0097,KNOWN,True,False
Q6K00073,FMOD0101,KNOWN,True,False
Q6K00073,FMOD0010,BACKGROUND,True,False
Q6K00073,FMOD0018,BACKGROUND,True,False
Q6K00073,FMOD0026,BACKGROUND,True,False
Q6K00073,FMOD0029,BACKGROUND,True,False
Q6K00073,FMOD0037,BACKGROUND,True,False
Q6K00073,FMOD0042,BACKGROUND,True,False
Q6K00073,FMOD0098,BACKGROUND,True,False
Q6K00073,FMOD0103,BACKGROUND,True,False
Q6K00073,FMOD0107,BACKGROUND,True,False
Q6K00073,FMOD0108,BACKGROUND,True,False
Q6K00073,FMOD0111,BACKGROUND,True,False
Q6K00073,FMOD0112,BACKGROUND,True,False
Q6K00073,FMOD0114,BACKGROUND,True,False
Q6K00073,FMOD0117,BACKGROUND,True,False
Q6K00073,FMOD0118,BACKGROUND,True,False
Q6K00074,FMOD0002,KNOWN,True,False
Q6K00074,FMOD0012,KNOWN,True,False
Q6K00074,FMOD0019,KNOWN,True,False
Q6K00074,FMOD0020,KNOWN,True,False
Q6K00074,FMOD0021,KNOWN,True,False
Q6K00074,FMOD0030,KNOWN,True,False
Q6K00074,FMOD0034,KNOWN,True,False
Q6K00074,FMOD0039,KNOWN,True,False
Q6K00074,FMOD0041,KNOWN,True,False
Q6K00074,FMOD0045,KNOWN,True,False
Q6K00074,FMOD0052,KNOWN,True,False
Q6K00074,FMOD0056,KNOWN,False,True
Q6K00074,FMOD0057,KNOWN,True,False
Q6K00074,FMOD0058,KNOWN,True,False
Q6K00074,FMOD0059,KNOWN,True,False
Q6K00074,FMOD0063,KNOWN,True,False
Q6K00074,FMOD0064,KNOWN,True,False
Q6K00074,FMOD0065,KNOWN,True,False
Q6K00074,FMOD0071,KNOWN,True,False
Q6K00074,FMOD0072,KNOWN,True,False
Q6K00074,FMOD0078,KNOWN,True,False
Q6K00074,FMOD0081,KNOWN,True,False
Q6K00074,FMOD0082,KNOWN,True,False
Q6K00074,FMOD0097,KNOWN,True,False
Q6K00074,FMOD0101,KNOWN,True,False
Q6K00074,FMOD0010,BACKGROUND,True,False
Q6K00074,FMOD0018,BACKGROUND,True,False
Q6K00074,FMOD0026,BACKGROUND,True,False
Q6K00074,FMOD0029,BACKGROUND,True,False
Q6K00074,FMOD0037,BACKGROUND,True,False
Q6K00074,FMOD0042,BACKGROUND,True,False
Q6K00074,FMOD0098,BACKGROUND,True,False
Q6K00074,FMOD0103,BACKGROUND,True,False
Q6K00074,FMOD0107,BACKGROUND,True,False
Q6K00074,FMOD0108,BACKGROUND,True,False
Q6K00074,FMOD0111,BACKGROUND,True,False
Q6K00074,FMOD0112,BACKGROUND,True,False
Q6K00074,FMOD0114,BACKGROUND,True,False
Q6K00074,FMOD0117,BACKGROUND,True,False
Q6K00074,FMOD0118,BACKGROUND,True,False
Q6K00075,FMOD0002,KNOWN,True,False
Q6K00075,FMOD0012,KNOWN,True,False
Q6K00075,FMOD0019,KNOWN,True,False
Q6K00075,FMOD0020,KNOWN,False,True
Q6K00075,FMOD0021,KNOWN,True,False
Q6K00075,FMOD0030,KNOWN,True,False
Q6K00075,FMOD0034,KNOWN,True,False
Q6K00075,FMOD0039,KNOWN,True,False
Q6K00075,FMOD0041,KNOWN,True,False
Q6K00075,FMOD0045,KNOWN,True,False
Q6K00075,FMOD0052,KNOWN,True,False
Q6K00075,FMOD0056,KNOWN,True,False
Q6K00075,FMOD0057,KNOWN,True,False
Q6K00075,FMOD0058,KNOWN,True,False
Q6K00075,FMOD0059,KNOWN,True,False
Q6K00075,FMOD0063,KNOWN,True,False
Q6K00075,FMOD0064,KNOWN,True,False
Q6K00075,FMOD0065,KNOWN,True,False
Q6K00075,FMOD0071,KNOWN,True,False
Q6K00075,FMOD0072,KNOWN,True,False
Q6K00075,FMOD0078,KNOWN,True,False
Q6K00075,FMOD0081,KNOWN,True,False
Q6K00075,FMOD0082,KNOWN,True,False
Q6K00075,FMOD0097,KNOWN,True,False
Q6K00075,FMOD0101,KNOWN,True,False
Q6K00075,FMOD0010,BACKGROUND,True,False
Q6K00075,FMOD0018,BACKGROUND,True,False
Q6K00075,FMOD0026,BACKGROUND,True,False
Q6K00075,FMOD0029,BACKGROUND,True,False
Q6K00075,FMOD0037,BACKGROUND,True,False
Q6K00075,FMOD0042,BACKGROUND,True,False
Q6K00075,FMOD0098,BACKGROUND,True,False
Q6K00075,FMOD0103,BACKGROUND,True,False
Q6K00075,FMOD0107,BACKGROUND,True,False
Q6K00075,FMOD0108,BACKGROUND,True,False
Q6K00075,FMOD0111,BACKGROUND,True,False
Q6K00075,FMOD0112,BACKGROUND,True,False
Q6K00075,FMOD0114,BACKGROUND,True,False
Q6K00075,FMOD0117,BACKGROUND,True,False
Q6K00075,FMOD0118,BACKGROUND,True,False
Q6K00076,FMOD0002,KNOWN,True,False
Q6K00076,FMOD0012,KNOWN,True,False
Q6K00076,FMOD0019,KNOWN,True,False
Q6K00076,FMOD0020,KNOWN,True,False
Q6K00076,FMOD0021,KNOWN,True,False
Q6K00076,FMOD0030,KNOWN,True,False
Q6K00076,FMOD0034,KNOWN,True,False
Q6K00076,FMOD0039,KNOWN,True,False
Q6K00076,FMOD0041,KNOWN,True,False
Q6K00076,FMOD0045,KNOWN,False,True
Q6K00076,FMOD0052,KNOWN,True,False
Q6K00076,FMOD0056,KNOWN,True,False
Q6K00076,FMOD0057,KNOWN,True,False
Q6K00076,FMOD0058,KNOWN,True,False
Q6K00076,FMOD0059,KNOWN,True,False
Q6K00076,FMOD0063,KNOWN,True,False
Q6K00076,FMOD0064,KNOWN,True,False
Q6K00076,FMOD0065,KNOWN,True,False
Q6K00076,FMOD0071,KNOWN,True,False
Q6K00076,FMOD0072,KNOWN,True,False
Q6K00076,FMOD0078,KNOWN,True,False
Q6K00076,FMOD0081,KNOWN,True,False
Q6K00076,FMOD0082,KNOWN,True,False
Q6K00076,FMOD0097,KNOWN,True,False
Q6K00076,FMOD0101,KNOWN,True,False
Q6K00076,FMOD0010,BACKGROUND,True,False
Q6K00076,FMOD0018,BACKGROUND,True,False
Q6K00076,FMOD0026,BACKGROUND,True,False
Q6K00076,FMOD0029,BACKGROUND,True,False
Q6K00076,FMOD0037,BACKGROUND,True,False
Q6K00076,FMOD0042,BACKGROUND,True,False
Q6K00076,FMOD0098,BACKGROUND,True,False
Q6K00076,FMOD0103,BACKGROUND,True,False
Q6K00076,FMOD0107,BACKGROUND,True,False
Q6K00076,FMOD0108,BACKGROUND,True,False
Q6K00076,FMOD0111,BACKGROUND,True,False
Q6K00076,FMOD0112,BACKGROUND,True,False
Q6K00076,FMOD0114,BACKGROUND,True,False
Q6K00076,FMOD0117,BACKGROUND,True,False
Q6K00076,FMOD0118,BACKGROUND,True,False
Q6K00077,FMOD0002,KNOWN,True,False
Q6K00077,FMOD0012,KNOWN,True,False
Q6K00077,FMOD0019,KNOWN,True,False
Q6K00077,FMOD0020,KNOWN,True,False
Q6K00077,FMOD0021,KNOWN,True,False
Q6K00077,FMOD0030,KNOWN,True,False
Q6K00077,FMOD0034,KNOWN,True,False
Q6K00077,FMOD0039,KNOWN,True,False
Q6K00077,FMOD0041,KNOWN,True,False
Q6K00077,FMOD0045,KNOWN,True,False
Q6K00077,FMOD0052,KNOWN,True,False
Q6K00077,FMOD0056,KNOWN,True,False
Q6K00077,FMOD0057,KNOWN,True,False
Q6K00077,FMOD0058,KNOWN,True,False
Q6K00077,FMOD0059,KNOWN,True,False
Q6K00077,FMOD0063,KNOWN,True,False
Q6K00077,FMOD0064,KNOWN,True,False
Q6K00077,FMOD0065,KNOWN,True,False
Q6K00077,FMOD0071,KNOWN,True,False
Q6K00077,FMOD0072,KNOWN,True,False
Q6K00077,FMOD0078,KNOWN,True,False
Q6K00077,FMOD0081,KNOWN,False,True
Q6K00077,FMOD0082,KNOWN,True,False
Q6K00077,FMOD0097,KNOWN,True,False
Q6K00077,FMOD0101,KNOWN,True,False
Q6K00077,FMOD0010,BACKGROUND,True,False
Q6K00077,FMOD0018,BACKGROUND,True,False
Q6K00077,FMOD0026,BACKGROUND,True,False
Q6K00077,FMOD0029,BACKGROUND,True,False
Q6K00077,FMOD0037,BACKGROUND,True,False
Q6K00077,FMOD0042,BACKGROUND,True,False
Q6K00077,FMOD0098,BACKGROUND,True,False
Q6K00077,FMOD0103,BACKGROUND,True,False
Q6K00077,FMOD0107,BACKGROUND,True,False
Q6K00077,FMOD0108,BACKGROUND,True,False
Q6K00077,FMOD0111,BACKGROUND,True,False
Q6K00077,FMOD0112,BACKGROUND,True,False
Q6K00077,FMOD0114,BACKGROUND,True,False
Q6K00077,FMOD0117,BACKGROUND,True,False
Q6K00077,FMOD0118,BACKGROUND,True,False
Q6K00078,FMOD0002,KNOWN,True,False
Q6K00078,FMOD0012,KNOWN,True,False
Q6K00078,FMOD0019,KNOWN,True,False
Q6K00078,FMOD0020,KNOWN,True,False
Q6K00078,FMOD0021,KNOWN,True,False
Q6K00078,FMOD0030,KNOWN,True,False
Q6K00078,FMOD0034,KNOWN,True,False
Q6K00078,FMOD0039,KNOWN,True,False
Q6K00078,FMOD0041,KNOWN,True,False
Q6K00078,FMOD0045,KNOWN,True,False
Q6K00078,FMOD0052,KNOWN,True,False
Q6K00078,FMOD0056,KNOWN,True,False
Q6K00078,FMOD0057,KNOWN,True,False
Q6K00078,FMOD0058,KNOWN,True,False
Q6K00078,FMOD0059,KNOWN,False,True
Q6K00078,FMOD0063,KNOWN,True,False
Q6K00078,FMOD0064,KNOWN,True,False
Q6K00078,FMOD0065,KNOWN,True,False
Q6K00078,FMOD0071,KNOWN,True,False
Q6K00078,FMOD0072,KNOWN,True,False
Q6K00078,FMOD0078,KNOWN,True,False
Q6K00078,FMOD0081,KNOWN,True,False
Q6K00078,FMOD0082,KNOWN,True,False
Q6K00078,FMOD0097,KNOWN,True,False
Q6K00078,FMOD0101,KNOWN,True,False
Q6K00078,FMOD0010,BACKGROUND,True,False
Q6K00078,FMOD0018,BACKGROUND,True,False
Q6K00078,FMOD0026,BACKGROUND,True,False
Q6K00078,FMOD0029,BACKGROUND,True,False
Q6K00078,FMOD0037,BACKGROUND,True,False
Q6K00078,FMOD0042,BACKGROUND,True,False
Q6K00078,FMOD0098,BACKGROUND,True,False
Q6K00078,FMOD0103,BACKGROUND,True,False
Q6K00078,FMOD0107,BACKGROUND,True,False
Q6K00078,FMOD0108,BACKGROUND,True,False
Q6K00078,FMOD0111,BACKGROUND,True,False
Q6K00078,FMOD0112,BACKGROUND,True,False
Q6K00078,FMOD0114,BACKGROUND,True,False
Q6K00078,FMOD0117,BACKGROUND,True,False
Q6K00078,FMOD0118,BACKGROUND,True,False
Q6K00079,FMOD0002,KNOWN,True,False
Q6K00079,FMOD0012,KNOWN,True,False
Q6K00079,FMOD0019,KNOWN,True,False
Q6K00079,FMOD0020,KNOWN,True,False
Q6K00079,FMOD0021,KNOWN,True,False
Q6K00079,FMOD0030,KNOWN,True,False
Q6K00079,FMOD0034,KNOWN,True,False
Q6K00079,FMOD0039,KNOWN,True,False
Q6K00079,FMOD0041,KNOWN,True,False
Q6K00079,FMOD0045,KNOWN,True,False
Q6K00079,FMOD0052,KNOWN,True,False
Q6K00079,FMOD0056,KNOWN,True,False
Q6K00079,FMOD0057,KNOWN,True,False
Q6K00079,FMOD0058,KNOWN,True,False
Q6K00079,FMOD0059,KNOWN,True,False
Q6K00079,FMOD0063,KNOWN,True,False
Q6K00079,FMOD0064,KNOWN,True,False
Q6K00079,FMOD0065,KNOWN,True,False
Q6K00079,FMOD0071,KNOWN,True,False
Q6K00079,FMOD0072,KNOWN,True,False
Q6K00079,FMOD0078,KNOWN,True,False
Q6K00079,FMOD0081,KNOWN,True,False
Q6K00079,FMOD0082,KNOWN,False,True
Q6K00079,FMOD0097,KNOWN,True,False
Q6K00079,FMOD0101,KNOWN,True,False
Q6K00079,FMOD0010,BACKGROUND,True,False
Q6K00079,FMOD0018,BACKGROUND,True,False
Q6K00079,FMOD0026,BACKGROUND,True,False
Q6K00079,FMOD0029,BACKGROUND,True,False
Q6K00079,FMOD0037,BACKGROUND,True,False
Q6K00079,FMOD0042,BACKGROUND,True,False
Q6K00079,FMOD0098,BACKGROUND,True,False
Q6K00079,FMOD0103,BACKGROUND,True,False
Q6K00079,FMOD0107,BACKGROUND,True,False
Q6K00079,FMOD0108,BACKGROUND,True,False
Q6K00079,FMOD0111,BACKGROUND,True,False
Q6K00079,FMOD0112,BACKGROUND,True,False
Q6K00079,FMOD0114,BACKGROUND,True,False
Q6K00079,FMOD0117,BACKGROUND,True,False
Q6K00079,FMOD0118,BACKGROUND,True,False
Q6K00080,FMOD0002,KNOWN,True,False
Q6K00080,FMOD0012,KNOWN,True,False
Q6K00080,FMOD0019,KNOWN,True,False
Q6K00080,FMOD0020,KNOWN,True,False
Q6K00080,FMOD0021,KNOWN,True,False
Q6K00080,FMOD0030,KNOWN,True,False
Q6K00080,FMOD0034,KNOWN,True,False
Q6K00080,FMOD0039,KNOWN,True,False
Q6K00080,FMOD0041,KNOWN,True,False
Q6K00080,FMOD0045,KNOWN,True,False
Q6K00080,FMOD0052,KNOWN,True,False
Q6K00080,FMOD0056,KNOWN,True,False
Q6K00080,FMOD0057,KNOWN,True,False
Q6K00080,FMOD0058,KNOWN,True,False
Q6K00080,FMOD0059,KNOWN,True,False
Q6K00080,FMOD0063,KNOWN,True,False
Q6K00080,FMOD0064,KNOWN,True,False
Q6K00080,FMOD0065,KNOWN,True,False
Q6K00080,FMOD0071,KNOWN,True,False
Q6K00080,FMOD0072,KNOWN,True,False
Q6K00080,FMOD0078,KNOWN,True,False
Q6K00080,FMOD0081,KNOWN,True,False
Q6K00080,FMOD0082,KNOWN,True,False
Q6K00080,FMOD0097,KNOWN,False,True
Q6K00080,FMOD0101,KNOWN,True,False
Q6K00080,FMOD0010,BACKGROUND,True,False
Q6K00080,FMOD0018,BACKGROUND,True,False
Q6K00080,FMOD0026,BACKGROUND,True,False
Q6K00080,FMOD0029,BACKGROUND,True,False
Q6K00080,FMOD0037,BACKGROUND,True,False
Q6K00080,FMOD0042,BACKGROUND,True,False
Q6K00080,FMOD0098,BACKGROUND,True,False
Q6K00080,FMOD0103,BACKGROUND,True,False
Q6K00080,FMOD0107,BACKGROUND,True,False
Q6K00080,FMOD0108,BACKGROUND,True,False
Q6K00080,FMOD0111,BACKGROUND,True,False
Q6K00080,FMOD0112,BACKGROUND,True,False
Q6K00080,FMOD0114,BACKGROUND,True,False
Q6K00080,FMOD0117,BACKGROUND,True,False
Q6K00080,FMOD0118,BACKGROUND,True,False
Q6K00081,FMOD0002,KNOWN,True,False
Q6K00081,FMOD0012,KNOWN,True,False
Q6K00081,FMOD0019,KNOWN,True,False
Q6K00081,FMOD0020,KNOWN,True,False
Q6K00081,FMOD0021,KNOWN,True,False
Q6K00081,FMOD0030,KNOWN,True,False
Q6K00081,FMOD0034,KNOWN,True,False
Q6K00081,FMOD0039,KNOWN,True,False
Q6K00081,FMOD0041,KNOWN,True,False
Q6K00081,FMOD0045,KNOWN,True,False
Q6K00081,FMOD0052,KNOWN,True,False
Q6K00081,FMOD0056,KNOWN,True,False
Q6K00081,FMOD0057,KNOWN,True,False
Q6K00081,FMOD0058,KNOWN,True,False
Q6K00081,FMOD0059,KNOWN,False,True
Q6K00081,FMOD0063,KNOWN,True,False
Q6K00081,FMOD0064,KNOWN,True,False
Q6K00081,FMOD0065,KNOWN,True,False
Q6K00081,FMOD0071,KNOWN,True,False
Q6K00081,FMOD0072,KNOWN,True,False
Q6K00081,FMOD0078,KNOWN,True,False
Q6K00081,FMOD0081,KNOWN,True,False
Q6K00081,FMOD0082,KNOWN,True,False
Q6K00081,FMOD0097,KNOWN,True,False
Q6K00081,FMOD0101,KNOWN,True,False
Q6K00081,FMOD0010,BACKGROUND,True,False
Q6K00081,FMOD0018,BACKGROUND,True,False
Q6K00081,FMOD0026,BACKGROUND,True,False
Q6K00081,FMOD0029,BACKGROUND,True,False
Q6K00081,FMOD0037,BACKGROUND,True,False
Q6K00081,FMOD0042,BACKGROUND,True,False
Q6K00081,FMOD0098,BACKGROUND,True,False
Q6K00081,FMOD0103,BACKGROUND,True,False
Q6K00081,FMOD0107,BACKGROUND,True,False
Q6K00081,FMOD0108,BACKGROUND,True,False
Q6K00081,FMOD0111,BACKGROUND,True,False
Q6K00081,FMOD0112,BACKGROUND,True,False
Q6K00081,FMOD0114,BACKGROUND,True,False
Q6K00081,FMOD0117,BACKGROUND,True,False
Q6K00081,FMOD0118,BACKGROUND,True,False
Q6K00082,FMOD0002,KNOWN,True,False
Q6K00082,FMOD0012,KNOWN,True,False
Q6K00082,FMOD0019,KNOWN,True,False
Q6K00082,FMOD0020,KNOWN,True,False
Q6K00082,FMOD0021,KNOWN,True,False
Q6K00082,FMOD0030,KNOWN,True,False
Q6K00082,FMOD0034,KNOWN,True,False
Q6K00082,FMOD0039,KNOWN,True,False
Q6K00082,FMOD0041,KNOWN,True,False
Q6K00082,FMOD0045,KNOWN,True,False
Q6K00082,FMOD0052,KNOWN,True,False
Q6K00082,FMOD0056,KNOWN,True,False
Q6K00082,FMOD0057,KNOWN,False,True
Q6K00082,FMOD0058,KNOWN,True,False
Q6K00082,FMOD0059,KNOWN,True,False
Q6K00082,FMOD0063,KNOWN,True,False
Q6K00082,FMOD0064,KNOWN,True,False
Q6K00082,FMOD0065,KNOWN,True,False
Q6K00082,FMOD0071,KNOWN,True,False
Q6K00082,FMOD0072,KNOWN,True,False
Q6K00082,FMOD0078,KNOWN,True,False
Q6K00082,FMOD0081,KNOWN,True,False
Q6K00082,FMOD0082,KNOWN,True,False
Q6K00082,FMOD0097,KNOWN,True,False
Q6K00082,FMOD0101,KNOWN,True,False
Q6K00082,FMOD0010,BACKGROUND,True,False
Q6K00082,FMOD0018,BACKGROUND,True,False
Q6K00082,FMOD0026,BACKGROUND,True,False
Q6K00082,FMOD0029,BACKGROUND,True,False
Q6K00082,FMOD0037,BACKGROUND,True,False
Q6K00082,FMOD0042,BACKGROUND,True,False
Q6K00082,FMOD0098,BACKGROUND,True,False
Q6K00082,FMOD0103,BACKGROUND,True,False
Q6K00082,FMOD0107,BACKGROUND,True,False
Q6K00082,FMOD0108,BACKGROUND,True,False
Q6K00082,FMOD0111,BACKGROUND,True,False
Q6K00082,FMOD0112,BACKGROUND,True,False
Q6K00082,FMOD0114,BACKGROUND,True,False
Q6K00082,FMOD0117,BACKGROUND,True,False
Q6K00082,FMOD0118,BACKGROUND,True,False
Q6K00083,FMOD0002,KNOWN,True,False
Q6K00083,FMOD0012,KNOWN,True,False
Q6K00083,FMOD0019,KNOWN,True,False
Q6K00083,FMOD0020,KNOWN,True,False
Q6K00083,FMOD0021,KNOWN,True,False
Q6K00083,FMOD0030,KNOWN,True,False
Q6K00083,FMOD0034,KNOWN,False,True
Q6K00083,FMOD0039,KNOWN,True,False
Q6K00083,FMOD0041,KNOWN,True,False
Q6K00083,FMOD0045,KNOWN,True,False
Q6K00083,FMOD0052,KNOWN,True,False
Q6K00083,FMOD0056,KNOWN,True,False
Q6K00083,FMOD0057,KNOWN,True,False
Q6K00083,FMOD0058,KNOWN,True,False
Q6K00083,FMOD0059,KNOWN,True,False
Q6K00083,FMOD0063,KNOWN,True,False
Q6K00083,FMOD0064,KNOWN,True,False
Q6K00083,FMOD0065,KNOWN,True,False
Q6K00083,FMOD0071,KNOWN,True,False
Q6K00083,FMOD0072,KNOWN,True,False
Q6K00083,FMOD0078,KNOWN,True,False
Q6K00083,FMOD0081,KNOWN,True,False
Q6K00083,FMOD0082,KNOWN,True,False
Q6K00083,FMOD0097,KNOWN,True,False
Q6K00083,FMOD0101,KNOWN,True,False
Q6K00083,FMOD0010,BACKGROUND,True,False
Q6K00083,FMOD0018,BACKGROUND,True,False
Q6K00083,FMOD0026,BACKGROUND,True,False
Q6K00083,FMOD0029,BACKGROUND,True,False
Q6K00083,FMOD0037,BACKGROUND,True,False
Q6K00083,FMOD0042,BACKGROUND,True,False
Q6K00083,FMOD0098,BACKGROUND,True,False
Q6K00083,FMOD0103,BACKGROUND,True,False
Q6K00083,FMOD0107,BACKGROUND,True,False
Q6K00083,FMOD0108,BACKGROUND,True,False
Q6K00083,FMOD0111,BACKGROUND,True,False
Q6K00083,FMOD0112,BACKGROUND,True,False
Q6K00083,FMOD0114,BACKGROUND,True,False
Q6K00083,FMOD0117,BACKGROUND,True,False
Q6K00083,FMOD0118,BACKGROUND,True,False
Q6K00084,FMOD0002,KNOWN,True,False
Q6K00084,FMOD0012,KNOWN,True,False
Q6K00084,FMOD0019,KNOWN,True,False
Q6K00084,FMOD0020,KNOWN,True,False
Q6K00084,FMOD0021,KNOWN,True,False
Q6K00084,FMOD0030,KNOWN,False,True
Q6K00084,FMOD0034,KNOWN,True,False
Q6K00084,FMOD0039,KNOWN,True,False
Q6K00084,FMOD0041,KNOWN,True,False
Q6K00084,FMOD0045,KNOWN,True,False
Q6K00084,FMOD0052,KNOWN,True,False
Q6K00084,FMOD0056,KNOWN,True,False
Q6K00084,FMOD0057,KNOWN,True,False
Q6K00084,FMOD0058,KNOWN,True,False
Q6K00084,FMOD0059,KNOWN,True,False
Q6K00084,FMOD0063,KNOWN,True,False
Q6K00084,FMOD0064,KNOWN,True,False
Q6K00084,FMOD0065,KNOWN,True,False
Q6K00084,FMOD0071,KNOWN,True,False
Q6K00084,FMOD0072,KNOWN,True,False
Q6K00084,FMOD0078,KNOWN,True,False
Q6K00084,FMOD0081,KNOWN,True,False
Q6K00084,FMOD0082,KNOWN,True,False
Q6K00084,FMOD0097,KNOWN,True,False
Q6K00084,FMOD0101,KNOWN,True,False
Q6K00084,FMOD0010,BACKGROUND,True,False
Q6K00084,FMOD0018,BACKGROUND,True,False
Q6K00084,FMOD0026,BACKGROUND,True,False
Q6K00084,FMOD0029,BACKGROUND,True,False
Q6K00084,FMOD0037,BACKGROUND,True,False
Q6K00084,FMOD0042,BACKGROUND,True,False
Q6K00084,FMOD0098,BACKGROUND,True,False
Q6K00084,FMOD0103,BACKGROUND,True,False
Q6K00084,FMOD0107,BACKGROUND,True,False
Q6K00084,FMOD0108,BACKGROUND,True,False
Q6K00084,FMOD0111,BACKGROUND,True,False
Q6K00084,FMOD0112,BACKGROUND,True,False
Q6K00084,FMOD0114,BACKGROUND,True,False
Q6K00084,FMOD0117,BACKGROUND,True,False
Q6K00084,FMOD0118,BACKGROUND,True,False
Q6K00085,FMOD0002,KNOWN,True,False
Q6K00085,FMOD0012,KNOWN,True,False
Q6K00085,FMOD0019,KNOWN,True,False
Q6K00085,FMOD0020,KNOWN,True,False
Q6K00085,FMOD0021,KNOWN,True,False
Q6K00085,FMOD0030,KNOWN,True,False
Q6K00085,FMOD0034,KNOWN,True,False
Q6K00085,FMOD0039,KNOWN,True,False
Q6K00085,FMOD0041,KNOWN,True,False
Q6K00085,FMOD0045,KNOWN,True,False
Q6K00085,FMOD0052,KNOWN,True,False
Q6K00085,FMOD0056,KNOWN,True,False
Q6K00085,FMOD0057,KNOWN,True,False
Q6K00085,FMOD0058,KNOWN,False,True
Q6K00085,FMOD0059,KNOWN,True,False
Q6K00085,FMOD0063,KNOWN,True,False
Q6K00085,FMOD0064,KNOWN,True,False
Q6K00085,FMOD0065,KNOWN,True,False
Q6K00085,FMOD0071,KNOWN,True,False
Q6K00085,FMOD0072,KNOWN,True,False
Q6K00085,FMOD0078,KNOWN,True,False
Q6K00085,FMOD0081,KNOWN,True,False
Q6K00085,FMOD0082,KNOWN,True,False
Q6K00085,FMOD0097,KNOWN,True,False
Q6K00085,FMOD0101,KNOWN,True,False
Q6K00085,FMOD0010,BACKGROUND,True,False
Q6K00085,FMOD0018,BACKGROUND,True,False
Q6K00085,FMOD0026,BACKGROUND,True,False
Q6K00085,FMOD0029,BACKGROUND,True,False
Q6K00085,FMOD0037,BACKGROUND,True,False
Q6K00085,FMOD0042,BACKGROUND,True,False
Q6K00085,FMOD0098,BACKGROUND,True,False
Q6K00085,FMOD0103,BACKGROUND,True,False
Q6K00085,FMOD0107,BACKGROUND,True,False
Q6K00085,FMOD0108,BACKGROUND,True,False
Q6K00085,FMOD0111,BACKGROUND,True,False
Q6K00085,FMOD0112,BACKGROUND,True,False
Q6K00085,FMOD0114,BACKGROUND,True,False
Q6K00085,FMOD0117,BACKGROUND,True,False
Q6K00085,FMOD0118,BACKGROUND,True,False
Q6K00086,FMOD0002,KNOWN,True,False
Q6K00086,FMOD0012,KNOWN,True,False
Q6K00086,FMOD0019,KNOWN,True,False
Q6K00086,FMOD0020,KNOWN,True,False
Q6K00086,FMOD0021,KNOWN,True,False
Q6K00086,FMOD0030,KNOWN,True,False
Q6K00086,FMOD0034,KNOWN,False,True
Q6K00086,FMOD0039,KNOWN,True,False
Q6K00086,FMOD0041,KNOWN,True,False
Q6K00086,FMOD0045,KNOWN,True,False
Q6K00086,FMOD0052,KNOWN,True,False
Q6K00086,FMOD0056,KNOWN,True,False
Q6K00086,FMOD0057,KNOWN,True,False
Q6K00086,FMOD0058,KNOWN,True,False
Q6K00086,FMOD0059,KNOWN,True,False
Q6K00086,FMOD0063,KNOWN,True,False
Q6K00086,FMOD0064,KNOWN,True,False
Q6K00086,FMOD0065,KNOWN,True,False
Q6K00086,FMOD0071,KNOWN,True,False
Q6K00086,FMOD0072,KNOWN,True,False
Q6K00086,FMOD0078,KNOWN,True,False
Q6K00086,FMOD0081,KNOWN,True,False
Q6K00086,FMOD0082,KNOWN,True,False
Q6K00086,FMOD0097,KNOWN,True,False
Q6K00086,FMOD0101,KNOWN,True,False
Q6K00086,FMOD0010,BACKGROUND,True,False
Q6K00086,FMOD0018,BACKGROUND,True,False
Q6K00086,FMOD0026,BACKGROUND,True,False
Q6K00086,FMOD0029,BACKGROUND,True,False
Q6K00086,FMOD0037,BACKGROUND,True,False
Q6K00086,FMOD0042,BACKGROUND,True,False
Q6K00086,FMOD0098,BACKGROUND,True,False
Q6K00086,FMOD0103,BACKGROUND,True,False
Q6K00086,FMOD0107,BACKGROUND,True,False
Q6K00086,FMOD0108,BACKGROUND,True,False
Q6K00086,FMOD0111,BACKGROUND,True,False
Q6K00086,FMOD0112,BACKGROUND,True,False
Q6K00086,FMOD0114,BACKGROUND,True,False
Q6K00086,FMOD0117,BACKGROUND,True,False
Q6K00086,FMOD0118,BACKGROUND,True,False
Q6K00087,FMOD0002,KNOWN,True,False
Q6K00087,FMOD0012,KNOWN,True,False
Q6K00087,FMOD0019,KNOWN,True,False
Q6K00087,FMOD0020,KNOWN,False,True
Q6K00087,FMOD0021,KNOWN,True,False
Q6K00087,FMOD0030,KNOWN,True,False
Q6K00087,FMOD0034,KNOWN,True,False
Q6K00087,FMOD0039,KNOWN,True,False
Q6K00087,FMOD0041,KNOWN,True,False
Q6K00087,FMOD0045,KNOWN,True,False
Q6K00087,FMOD0052,KNOWN,True,False
Q6K00087,FMOD0056,KNOWN,True,False
Q6K00087,FMOD0057,KNOWN,True,False
Q6K00087,FMOD0058,KNOWN,True,False
Q6K00087,FMOD0059,KNOWN,True,False
Q6K00087,FMOD0063,KNOWN,True,False
Q6K00087,FMOD0064,KNOWN,True,False
Q6K00087,FMOD0065,KNOWN,True,False
Q6K00087,FMOD0071,KNOWN,True,False
Q6K00087,FMOD0072,KNOWN,True,False
Q6K00087,FMOD0078,KNOWN,True,False
Q6K00087,FMOD0081,KNOWN,True,False
Q6K00087,FMOD0082,KNOWN,True,False
Q6K00087,FMOD0097,KNOWN,True,False
Q6K00087,FMOD0101,KNOWN,True,False
Q6K00087,FMOD0010,BACKGROUND,True,False
Q6K00087,FMOD0018,BACKGROUND,True,False
Q6K00087,FMOD0026,BACKGROUND,True,False
Q6K00087,FMOD0029,BACKGROUND,True,False
Q6K00087,FMOD0037,BACKGROUND,True,False
Q6K00087,FMOD0042,BACKGROUND,True,False
Q6K00087,FMOD0098,BACKGROUND,True,False
Q6K00087,FMOD0103,BACKGROUND,True,False
Q6K00087,FMOD0107,BACKGROUND,True,False
Q6K00087,FMOD0108,BACKGROUND,True,False
Q6K00087,FMOD0111,BACKGROUND,True,False
Q6K00087,FMOD0112,BACKGROUND,True,False
Q6K00087,FMOD0114,BACKGROUND,True,False
Q6K00087,FMOD0117,BACKGROUND,True,False
Q6K00087,FMOD0118,BACKGROUND,True,False
Q6K00088,FMOD0002,KNOWN,True,False
Q6K00088,FMOD0012,KNOWN,True,False
Q6K00088,FMOD0019,KNOWN,True,False
Q6K00088,FMOD0020,KNOWN,True,False
Q6K00088,FMOD0021,KNOWN,True,False
Q6K00088,FMOD0030,KNOWN,True,False
Q6K00088,FMOD0034,KNOWN,True,False
Q6K00088,FMOD0039,KNOWN,True,False
Q6K00088,FMOD0041,KNOWN,True,False
Q6K00088,FMOD0045,KNOWN,True,False
Q6K00088,FMOD0052,KNOWN,True,False
Q6K00088,FMOD0056,KNOWN,True,False
Q6K00088,FMOD0057,KNOWN,True,False
Q6K00088,FMOD0058,KNOWN,True,False
Q6K00088,FMOD0059,KNOWN,True,False
Q6K00088,FMOD0063,KNOWN,True,False
Q6K00088,FMOD0064,KNOWN,True,False
Q6K00088,FMOD0065,KNOWN,True,False
Q6K00088,FMOD0071,KNOWN,True,False
Q6K00088,FMOD0072,KNOWN,True,False
Q6K00088,FMOD0078,KNOWN,True,False
Q6K00088,FMOD0081,KNOWN,False,True
Q6K00088,FMOD0082,KNOWN,True,False
Q6K00088,FMOD0097,KNOWN,True,False
Q6K00088,FMOD0101,KNOWN,True,False
Q6K00088,FMOD0010,BACKGROUND,True,False
Q6K00088,FMOD0018,BACKGROUND,True,False
Q6K00088,FMOD0026,BACKGROUND,True,False
Q6K00088,FMOD0029,BACKGROUND,True,False
Q6K00088,FMOD0037,BACKGROUND,True,False
Q6K00088,FMOD0042,BACKGROUND,True,False
Q6K00088,FMOD0098,BACKGROUND,True,False
Q6K00088,FMOD0103,BACKGROUND,True,False
Q6K00088,FMOD0107,BACKGROUND,True,False
Q6K00088,FMOD0108,BACKGROUND,True,False
Q6K00088,FMOD0111,BACKGROUND,True,False
Q6K00088,FMOD0112,BACKGROUND,True,False
Q6K00088,FMOD0114,BACKGROUND,True,False
Q6K00088,FMOD0117,BACKGROUND,True,False
Q6K00088,FMOD0118,BACKGROUND,True,False
Q6K00089,FMOD0002,KNOWN,True,False
Q6K00089,FMOD0012,KNOWN,True,False
Q6K00089,FMOD0019,KNOWN,True,False
Q6K00089,FMOD0020,KNOWN,True,False
Q6K00089,FMOD0021,KNOWN,True,False
Q6K00089,FMOD0030,KNOWN,True,False
Q6K00089,FMOD0034,KNOWN,True,False
Q6K00089,FMOD0039,KNOWN,False,True
Q6K00089,FMOD0041,KNOWN,True,False
Q6K00089,FMOD0045,KNOWN,True,False
Q6K00089,FMOD0052,KNOWN,True,False
Q6K00089,FMOD0056,KNOWN,True,False
Q6K00089,FMOD0057,KNOWN,True,False
Q6K00089,FMOD0058,KNOWN,True,False
Q6K00089,FMOD0059,KNOWN,True,False
Q6K00089,FMOD0063,KNOWN,True,False
Q6K00089,FMOD0064,KNOWN,True,False
Q6K00089,FMOD0065,KNOWN,True,False
Q6K00089,FMOD0071,KNOWN,True,False
Q6K00089,FMOD0072,KNOWN,True,False
Q6K00089,FMOD0078,KNOWN,True,False
Q6K00089,FMOD0081,KNOWN,True,False
Q6K00089,FMOD0082,KNOWN,True,False
Q6K00089,FMOD0097,KNOWN,True,False
Q6K00089,FMOD0101,KNOWN,True,False
Q6K00089,FMOD0010,BACKGROUND,True,False
Q6K00089,FMOD0018,BACKGROUND,True,False
Q6K00089,FMOD0026,BACKGROUND,True,False
Q6K00089,FMOD0029,BACKGROUND,True,False
Q6K00089,FMOD0037,BACKGROUND,True,False
Q6K00089,FMOD0042,BACKGROUND,True,False
Q6K00089,FMOD0098,BACKGROUND,True,False
Q6K00089,FMOD0103,BACKGROUND,True,False
Q6K00089,FMOD0107,BACKGROUND,True,False
Q6K00089,FMOD0108,BACKGROUND,True,False
Q6K00089,FMOD0111,BACKGROUND,True,False
Q6K00089,FMOD0112,BACKGROUND,True,False
Q6K00089,FMOD0114,BACKGROUND,True,False
Q6K00089,FMOD0117,BACKGROUND,True,False
Q6K00089,FMOD0118,BACKGROUND,True,False
Q6K00090,FMOD0002,KNOWN,True,False
Q6K00090,FMOD0012,KNOWN,True,False
Q6K00090,FMOD0019,KNOWN,True,False
Q6K00090,FMOD0020,KNOWN,True,False
Q6K00090,FMOD0021,KNOWN,True,False
Q6K00090,FMOD0030,KNOWN,True,False
Q6K00090,FMOD0034,KNOWN,True,False
Q6K00090,FMOD0039,KNOWN,True,False
Q6K00090,FMOD0041,KNOWN,True,False
Q6K00090,FMOD0045,KNOWN,True,False
Q6K00090,FMOD0052,KNOWN,True,False
Q6K00090,FMOD0056,KNOWN,True,False
Q6K00090,FMOD0057,KNOWN,True,False
Q6K00090,FMOD0058,KNOWN,True,False
Q6K00090,FMOD0059,KNOWN,True,False
Q6K00090,FMOD0063,KNOWN,True,False
Q6K00090,FMOD0064,KNOWN,True,False
Q6K00090,FMOD0065,KNOWN,True,False
Q6K00090,FMOD0071,KNOWN,True,False
Q6K00090,FMOD0072,KNOWN,True,False
Q6K00090,FMOD0078,KNOWN,True,False
Q6K00090,FMOD0081,KNOWN,True,False
Q6K00090,FMOD0082,KNOWN,True,False
Q6K00090,FMOD0097,KNOWN,True,False
Q6K00090,FMOD0101,KNOWN,False,True
Q6K00090,FMOD0010,BACKGROUND,True,False
Q6K00090,FMOD0018,BACKGROUND,True,False
Q6K00090,FMOD0026,BACKGROUND,True,False
Q6K00090,FMOD0029,BACKGROUND,True,False
Q6K00090,FMOD0037,BACKGROUND,True,False
Q6K00090,FMOD0042,BACKGROUND,True,False
Q6K00090,FMOD0098,BACKGROUND,True,False
Q6K00090,FMOD0103,BACKGROUND,True,False
Q6K00090,FMOD0107,BACKGROUND,True,False
Q6K00090,FMOD0108,BACKGROUND,True,False
Q6K00090,FMOD0111,BACKGROUND,True,False
Q6K00090,FMOD0112,BACKGROUND,True,False
Q6K00090,FMOD0114,BACKGROUND,True,False
Q6K00090,FMOD0117,BACKGROUND,True,False
Q6K00090,FMOD0118,BACKGROUND,True,False
Q6K00091,FMOD0002,KNOWN,True,False
Q6K00091,FMOD0012,KNOWN,True,False
Q6K00091,FMOD0019,KNOWN,True,False
Q6K00091,FMOD0020,KNOWN,True,False
Q6K00091,FMOD0021,KNOWN,True,False
Q6K00091,FMOD0030,KNOWN,True,False
Q6K00091,FMOD0034,KNOWN,True,False
Q6K00091,FMOD0039,KNOWN,True,False
Q6K00091,FMOD0041,KNOWN,False,True
Q6K00091,FMOD0045,KNOWN,True,False
Q6K00091,FMOD0052,KNOWN,True,False
Q6K00091,FMOD0056,KNOWN,True,False
Q6K00091,FMOD0057,KNOWN,True,False
Q6K00091,FMOD0058,KNOWN,True,False
Q6K00091,FMOD0059,KNOWN,True,False
Q6K00091,FMOD0063,KNOWN,True,False
Q6K00091,FMOD0064,KNOWN,True,False
Q6K00091,FMOD0065,KNOWN,True,False
Q6K00091,FMOD0071,KNOWN,True,False
Q6K00091,FMOD0072,KNOWN,True,False
Q6K00091,FMOD0078,KNOWN,True,False
Q6K00091,FMOD0081,KNOWN,True,False
Q6K00091,FMOD0082,KNOWN,True,False
Q6K00091,FMOD0097,KNOWN,True,False
Q6K00091,FMOD0101,KNOWN,True,False
Q6K00091,FMOD0010,BACKGROUND,True,False
Q6K00091,FMOD0018,BACKGROUND,True,False
Q6K00091,FMOD0026,BACKGROUND,True,False
Q6K00091,FMOD0029,BACKGROUND,True,False
Q6K00091,FMOD0037,BACKGROUND,True,False
Q6K00091,FMOD0042,BACKGROUND,True,False
Q6K00091,FMOD0098,BACKGROUND,True,False
Q6K00091,FMOD0103,BACKGROUND,True,False
Q6K00091,FMOD0107,BACKGROUND,True,False
Q6K00091,FMOD0108,BACKGROUND,True,False
Q6K00091,FMOD0111,BACKGROUND,True,False
Q6K00091,FMOD0112,BACKGROUND,True,False
Q6K00091,FMOD0114,BACKGROUND,True,False
Q6K00091,FMOD0117,BACKGROUND,True,False
Q6K00091,FMOD0118,BACKGROUND,True,False
Q6K00092,FMOD0002,KNOWN,True,False
Q6K00092,FMOD0012,KNOWN,True,False
Q6K00092,FMOD0019,KNOWN,True,False
Q6K00092,FMOD0020,KNOWN,True,False
Q6K00092,FMOD0021,KNOWN,True,False
Q6K00092,FMOD0030,KNOWN,True,False
Q6K00092,FMOD0034,KNOWN,True,False
Q6K00092,FMOD0039,KNOWN,True,False
Q6K00092,FMOD0041,KNOWN,True,False
Q6K00092,FMOD0045,KNOWN,True,False
Q6K00092,FMOD0052,KNOWN,True,False
Q6K00092,FMOD0056,KNOWN,True,False
Q6K00092,FMOD0057,KNOWN,True,False
Q6K00092,FMOD0058,KNOWN,True,False
Q6K00092,FMOD0059,KNOWN,True,False
Q6K00092,FMOD0063,KNOWN,True,False
Q6K00092,FMOD0064,KNOWN,True,False
Q6K00092,FMOD0065,KNOWN,True,False
Q6K00092,FMOD0071,KNOWN,True,False
Q6K00092,FMOD0072,KNOWN,True,False
Q6K00092,FMOD0078,KNOWN,True,False
Q6K00092,FMOD0081,KNOWN,False,True
Q6K00092,FMOD0082,KNOWN,True,False
Q6K00092,FMOD0097,KNOWN,True,False
Q6K00092,FMOD0101,KNOWN,True,False
Q6K00092,FMOD0010,BACKGROUND,True,False
Q6K00092,FMOD0018,BACKGROUND,True,False
Q6K00092,FMOD0026,BACKGROUND,True,False
Q6K00092,FMOD0029,BACKGROUND,True,False
Q6K00092,FMOD0037,BACKGROUND,True,False
Q6K00092,FMOD0042,BACKGROUND,True,False
Q6K00092,FMOD0098,BACKGROUND,True,False
Q6K00092,FMOD0103,BACKGROUND,True,False
Q6K00092,FMOD0107,BACKGROUND,True,False
Q6K00092,FMOD0108,BACKGROUND,True,False
Q6K00092,FMOD0111,BACKGROUND,True,False
Q6K00092,FMOD0112,BACKGROUND,True,False
Q6K00092,FMOD0114,BACKGROUND,True,False
Q6K00092,FMOD0117,BACKGROUND,True,False
Q6K00092,FMOD0118,BACKGROUND,True,False
Q6K00093,FMOD0002,KNOWN,True,False
Q6K00093,FMOD0012,KNOWN,True,False
Q6K00093,FMOD0019,KNOWN,True,False
Q6K00093,FMOD0020,KNOWN,True,False
Q6K00093,FMOD0021,KNOWN,True,False
Q6K00093,FMOD0030,KNOWN,True,False
Q6K00093,FMOD0034,KNOWN,True,False
Q6K00093,FMOD0039,KNOWN,True,False
Q6K00093,FMOD0041,KNOWN,True,False
Q6K00093,FMOD0045,KNOWN,True,False
Q6K00093,FMOD0052,KNOWN,True,False
Q6K00093,FMOD0056,KNOWN,True,False
Q6K00093,FMOD0057,KNOWN,True,False
Q6K00093,FMOD0058,KNOWN,True,False
Q6K00093,FMOD0059,KNOWN,True,False
Q6K00093,FMOD0063,KNOWN,True,False
Q6K00093,FMOD0064,KNOWN,True,False
Q6K00093,FMOD0065,KNOWN,True,False
Q6K00093,FMOD0071,KNOWN,True,False
Q6K00093,FMOD0072,KNOWN,True,False
Q6K00093,FMOD0078,KNOWN,True,False
Q6K00093,FMOD0081,KNOWN,False,True
Q6K00093,FMOD0082,KNOWN,True,False
Q6K00093,FMOD0097,KNOWN,True,False
Q6K00093,FMOD0101,KNOWN,True,False
Q6K00093,FMOD0010,BACKGROUND,True,False
Q6K00093,FMOD0018,BACKGROUND,True,False
Q6K00093,FMOD0026,BACKGROUND,True,False
Q6K00093,FMOD0029,BACKGROUND,True,False
Q6K00093,FMOD0037,BACKGROUND,True,False
Q6K00093,FMOD0042,BACKGROUND,True,False
Q6K00093,FMOD0098,BACKGROUND,True,False
Q6K00093,FMOD0103,BACKGROUND,True,False
Q6K00093,FMOD0107,BACKGROUND,True,False
Q6K00093,FMOD0108,BACKGROUND,True,False
Q6K00093,FMOD0111,BACKGROUND,True,False
Q6K00093,FMOD0112,BACKGROUND,True,False
Q6K00093,FMOD0114,BACKGROUND,True,False
Q6K00093,FMOD0117,BACKGROUND,True,False
Q6K00093,FMOD0118,BACKGROUND,True,False
Q6K00094,FMOD0002,KNOWN,True,False
Q6K00094,FMOD0012,KNOWN,True,False
Q6K00094,FMOD0019,KNOWN,True,False
Q6K00094,FMOD0020,KNOWN,True,False
Q6K00094,FMOD0021,KNOWN,True,False
Q6K00094,FMOD0030,KNOWN,True,False
Q6K00094,FMOD0034,KNOWN,True,False
Q6K00094,FMOD0039,KNOWN,True,False
Q6K00094,FMOD0041,KNOWN,True,False
Q6K00094,FMOD0045,KNOWN,True,False
Q6K00094,FMOD0052,KNOWN,True,False
Q6K00094,FMOD0056,KNOWN,True,False
Q6K00094,FMOD0057,KNOWN,True,False
Q6K00094,FMOD0058,KNOWN,True,False
Q6K00094,FMOD0059,KNOWN,True,False
Q6K00094,FMOD0063,KNOWN,True,False
Q6K00094,FMOD0064,KNOWN,True,False
Q6K00094,FMOD0065,KNOWN,True,False
Q6K00094,FMOD0071,KNOWN,True,False
Q6K00094,FMOD0072,KNOWN,True,False
Q6K00094,FMOD0078,KNOWN,True,False
Q6K00094,FMOD0081,KNOWN,True,False
Q6K00094,FMOD0082,KNOWN,True,False
Q6K00094,FMOD0097,KNOWN,False,True
Q6K00094,FMOD0101,KNOWN,True,False
Q6K00094,FMOD0010,BACKGROUND,True,False
Q6K00094,FMOD0018,BACKGROUND,True,False
Q6K00094,FMOD0026,BACKGROUND,True,False
Q6K00094,FMOD0029,BACKGROUND,True,False
Q6K00094,FMOD0037,BACKGROUND,True,False
Q6K00094,FMOD0042,BACKGROUND,True,False
Q6K00094,FMOD0098,BACKGROUND,True,False
Q6K00094,FMOD0103,BACKGROUND,True,False
Q6K00094,FMOD0107,BACKGROUND,True,False
Q6K00094,FMOD0108,BACKGROUND,True,False
Q6K00094,FMOD0111,BACKGROUND,True,False
Q6K00094,FMOD0112,BACKGROUND,True,False
Q6K00094,FMOD0114,BACKGROUND,True,False
Q6K00094,FMOD0117,BACKGROUND,True,False
Q6K00094,FMOD0118,BACKGROUND,True,False
Q6K00095,FMOD0002,KNOWN,False,True
Q6K00095,FMOD0012,KNOWN,True,False
Q6K00095,FMOD0019,KNOWN,True,False
Q6K00095,FMOD0020,KNOWN,True,False
Q6K00095,FMOD0021,KNOWN,True,False
Q6K00095,FMOD0030,KNOWN,True,False
Q6K00095,FMOD0034,KNOWN,True,False
Q6K00095,FMOD0039,KNOWN,True,False
Q6K00095,FMOD0041,KNOWN,True,False
Q6K00095,FMOD0045,KNOWN,True,False
Q6K00095,FMOD0052,KNOWN,True,False
Q6K00095,FMOD0056,KNOWN,True,False
Q6K00095,FMOD0057,KNOWN,True,False
Q6K00095,FMOD0058,KNOWN,True,False
Q6K00095,FMOD0059,KNOWN,True,False
Q6K00095,FMOD0063,KNOWN,True,False
Q6K00095,FMOD0064,KNOWN,True,False
Q6K00095,FMOD0065,KNOWN,True,False
Q6K00095,FMOD0071,KNOWN,True,False
Q6K00095,FMOD0072,KNOWN,True,False
Q6K00095,FMOD0078,KNOWN,True,False
Q6K00095,FMOD0081,KNOWN,True,False
Q6K00095,FMOD0082,KNOWN,True,False
Q6K00095,FMOD0097,KNOWN,True,False
Q6K00095,FMOD0101,KNOWN,True,False
Q6K00095,FMOD0010,BACKGROUND,True,False
Q6K00095,FMOD0018,BACKGROUND,True,False
Q6K00095,FMOD0026,BACKGROUND,True,False
Q6K00095,FMOD0029,BACKGROUND,True,False
Q6K00095,FMOD0037,BACKGROUND,True,False
Q6K00095,FMOD0042,BACKGROUND,True,False
Q6K00095,FMOD0098,BACKGROUND,True,False
Q6K00095,FMOD0103,BACKGROUND,True,False
Q6K00095,FMOD0107,BACKGROUND,True,False
Q6K00095,FMOD0108,BACKGROUND,True,False
Q6K00095,FMOD0111,BACKGROUND,True,False
Q6K00095,FMOD0112,BACKGROUND,True,False
Q6K00095,FMOD0114,BACKGROUND,True,False
Q6K00095,FMOD0117,BACKGROUND,True,False
Q6K00095,FMOD0118,BACKGROUND,True,False
Q6K00096,FMOD0002,KNOWN,True,False
Q6K00096,FMOD0012,KNOWN,True,False
Q6K00096,FMOD0019,KNOWN,True,False
Q6K00096,FMOD0020,KNOWN,True,False
Q6K00096,FMOD0021,KNOWN,True,False
Q6K00096,FMOD0030,KNOWN,True,False
Q6K00096,FMOD0034,KNOWN,True,False
Q6K00096,FMOD0039,KNOWN,True,False
Q6K00096,FMOD0041,KNOWN,True,False
Q6K00096,FMOD0045,KNOWN,True,False
Q6K00096,FMOD0052,KNOWN,True,False
Q6K00096,FMOD0056,KNOWN,True,False
Q6K00096,FMOD0057,KNOWN,True,False
Q6K00096,FMOD0058,KNOWN,True,False
Q6K00096,FMOD0059,KNOWN,True,False
Q6K00096,FMOD0063,KNOWN,True,False
Q6K00096,FMOD0064,KNOWN,True,False
Q6K00096,FMOD0065,KNOWN,True,False
Q6K00096,FMOD0071,KNOWN,True,False
Q6K00096,FMOD0072,KNOWN,True,False
Q6K00096,FMOD0078,KNOWN,True,False
Q6K00096,FMOD0081,KNOWN,True,False
Q6K00096,FMOD0082,KNOWN,False,True
Q6K00096,FMOD0097,KNOWN,True,False
Q6K00096,FMOD0101,KNOWN,True,False
Q6K00096,FMOD0010,BACKGROUND,True,False
Q6K00096,FMOD0018,BACKGROUND,True,False
Q6K00096,FMOD0026,BACKGROUND,True,False
Q6K00096,FMOD0029,BACKGROUND,True,False
Q6K00096,FMOD0037,BACKGROUND,True,False
Q6K00096,FMOD0042,BACKGROUND,True,False
Q6K00096,FMOD0098,BACKGROUND,True,False
Q6K00096,FMOD0103,BACKGROUND,True,False
Q6K00096,FMOD0107,BACKGROUND,True,False
Q6K00096,FMOD0108,BACKGROUND,True,False
Q6K00096,FMOD0111,BACKGROUND,True,False
Q6K00096,FMOD0112,BACKGROUND,True,False
Q6K00096,FMOD0114,BACKGROUND,True,False
Q6K00096,FMOD0117,BACKGROUND,True,False
Q6K00096,FMOD0118,BACKGROUND,True,False
Q6K00097,FMOD0002,KNOWN,True,False
Q6K00097,FMOD0012,KNOWN,True,False
Q6K00097,FMOD0019,KNOWN,True,False
Q6K00097,FMOD0020,KNOWN,True,False
Q6K00097,FMOD0021,KNOWN,True,False
Q6K00097,FMOD0030,KNOWN,True,False
Q6K00097,FMOD0034,KNOWN,True,False
Q6K00097,FMOD0039,KNOWN,True,False
Q6K00097,FMOD0041,KNOWN,True,False
Q6K00097,FMOD0045,KNOWN,True,False
Q6K00097,FMOD0052,KNOWN,True,False
Q6K00097,FMOD0056,KNOWN,True,False
Q6K00097,FMOD0057,KNOWN,True,False
Q6K00097,FMOD0058,KNOWN,True,False
Q6K00097,FMOD0059,KNOWN,True,False
Q6K00097,FMOD0063,KNOWN,True,False
Q6K00097,FMOD0064,KNOWN,True,False
Q6K00097,FMOD0065,KNOWN,True,False
Q6K00097,FMOD0071,KNOWN,True,False
Q6K00097,FMOD0072,KNOWN,True,False
Q6K00097,FMOD0078,KNOWN,True,False
Q6K00097,FMOD0081,KNOWN,True,False
Q6K00097,FMOD0082,KNOWN,True,False
Q6K00097,FMOD0097,KNOWN,True,False
Q6K00097,FMOD0101,KNOWN,False,True
Q6K00097,FMOD0010,BACKGROUND,True,False
Q6K00097,FMOD0018,BACKGROUND,True,False
Q6K00097,FMOD0026,BACKGROUND,True,False
Q6K00097,FMOD0029,BACKGROUND,True,False
Q6K00097,FMOD0037,BACKGROUND,True,False
Q6K00097,FMOD0042,BACKGROUND,True,False
Q6K00097,FMOD0098,BACKGROUND,True,False
Q6K00097,FMOD0103,BACKGROUND,True,False
Q6K00097,FMOD0107,BACKGROUND,True,False
Q6K00097,FMOD0108,BACKGROUND,True,False
Q6K00097,FMOD0111,BACKGROUND,True,False
Q6K00097,FMOD0112,BACKGROUND,True,False
Q6K00097,FMOD0114,BACKGROUND,True,False
Q6K00097,FMOD0117,BACKGROUND,True,False
Q6K00097,FMOD0118,BACKGROUND,True,False
Q6K00098,FMOD0002,KNOWN,True,False
Q6K00098,FMOD0012,KNOWN,True,False
Q6K00098,FMOD0019,KNOWN,True,False
Q6K00098,FMOD0020,KNOWN,True,False
Q6K00098,FMOD0021,KNOWN,True,False
Q6K00098,FMOD0030,KNOWN,True,False
Q6K00098,FMOD0034,KNOWN,True,False
Q6K00098,FMOD0039,KNOWN,True,False
Q6K00098,FMOD0041,KNOWN,True,False
Q6K00098,FMOD0045,KNOWN,True,False
Q6K00098,FMOD0052,KNOWN,True,False
Q6K00098,FMOD0056,KNOWN,True,False
Q6K00098,FMOD0057,KNOWN,True,False
Q6K00098,FMOD0058,KNOWN,True,False
Q6K00098,FMOD0059,KNOWN,True,False
Q6K00098,FMOD0063,KNOWN,True,False
Q6K00098,FMOD0064,KNOWN,True,False
Q6K00098,FMOD0065,KNOWN,True,False
Q6K00098,FMOD0071,KNOWN,True,False
Q6K00098,FMOD0072,KNOWN,True,False
Q6K00098,FMOD0078,KNOWN,True,False
Q6K00098,FMOD0081,KNOWN,True,False
Q6K00098,FMOD0082,KNOWN,True,False
Q6K00098,FMOD0097,KNOWN,False,True
Q6K00098,FMOD0101,KNOWN,True,False
Q6K00098,FMOD0010,BACKGROUND,True,False
Q6K00098,FMOD0018,BACKGROUND,True,False
Q6K00098,FMOD0026,BACKGROUND,True,False
Q6K00098,FMOD0029,BACKGROUND,True,False
Q6K00098,FMOD0037,BACKGROUND,True,False
Q6K00098,FMOD0042,BACKGROUND,True,False
Q6K00098,FMOD0098,BACKGROUND,True,False
Q6K00098,FMOD0103,BACKGROUND,True,False
Q6K00098,FMOD0107,BACKGROUND,True,False
Q6K00098,FMOD0108,BACKGROUND,True,False
Q6K00098,FMOD0111,BACKGROUND,True,False
Q6K00098,FMOD0112,BACKGROUND,True,False
Q6K00098,FMOD0114,BACKGROUND,True,False
Q6K00098,FMOD0117,BACKGROUND,True,False
Q6K00098,FMOD0118,BACKGROUND,True,False
Q6K00099,FMOD0002,KNOWN,True,False
Q6K00099,FMOD0012,KNOWN,True,False
Q6K00099,FMOD0019,KNOWN,True,False
Q6K00099,FMOD0020,KNOWN,True,False
Q6K00099,FMOD0021,KNOWN,True,False
Q6K00099,FMOD0030,KNOWN,False,True
Q6K00099,FMOD0034,KNOWN,True,False
Q6K00099,FMOD0039,KNOWN,True,False
Q6K00099,FMOD0041,KNOWN,True,False
Q6K00099,FMOD0045,KNOWN,True,False
Q6K00099,FMOD0052,KNOWN,True,False
Q6K00099,FMOD0056,KNOWN,True,False
Q6K00099,FMOD0057,KNOWN,True,False
Q6K00099,FMOD0058,KNOWN,True,False
Q6K00099,FMOD0059,KNOWN,True,False
Q6K00099,FMOD0063,KNOWN,True,False
Q6K00099,FMOD0064,KNOWN,True,False
Q6K00099,FMOD0065,KNOWN,True,False
Q6K00099,FMOD0071,KNOWN,True,False
Q6K00099,FMOD0072,KNOWN,True,False
Q6K00099,FMOD0078,KNOWN,True,False
Q6K00099,FMOD0081,KNOWN,True,False
Q6K00099,FMOD0082,KNOWN,True,False
Q6K00099,FMOD0097,KNOWN,True,False
Q6K00099,FMOD0101,KNOWN,True,False
Q6K00099,FMOD0010,BACKGROUND,True,False
Q6K00099,FMOD0018,BACKGROUND,True,False
Q6K00099,FMOD0026,BACKGROUND,True,False
Q6K00099,FMOD0029,BACKGROUND,True,False
Q6K00099,FMOD0037,BACKGROUND,True,False
Q6K00099,FMOD0042,BACKGROUND,True,False
Q6K00099,FMOD0098,BACKGROUND,True,False
Q6K00099,FMOD0103,BACKGROUND,True,False
Q6K00099,FMOD0107,BACKGROUND,True,False
Q6K00099,FMOD0108,BACKGROUND,True,False
Q6K00099,FMOD0111,BACKGROUND,True,False
Q6K00099,FMOD0112,BACKGROUND,True,False
Q6K00099,FMOD0114,BACKGROUND,True,False
Q6K00099,FMOD0117,BACKGROUND,True,False
Q6K00099,FMOD0118,BACKGROUND,True,False
Q6K00100,FMOD0002,KNOWN,True,False
Q6K00100,FMOD0012,KNOWN,True,False
Q6K00100,FMOD0019,KNOWN,True,False
Q6K00100,FMOD0020,KNOWN,True,False
Q6K00100,FMOD0021,KNOWN,True,False
Q6K00100,FMOD0030,KNOWN,True,False
Q6K00100,FMOD0034,KNOWN,False,True
Q6K00100,FMOD0039,KNOWN,True,False
Q6K00100,FMOD0041,KNOWN,True,False
Q6K00100,FMOD0045,KNOWN,True,False
Q6K00100,FMOD0052,KNOWN,True,False
Q6K00100,FMOD0056,KNOWN,True,False
Q6K00100,FMOD0057,KNOWN,True,False
Q6K00100,FMOD0058,KNOWN,True,False
Q6K00100,FMOD0059,KNOWN,True,False
Q6K00100,FMOD0063,KNOWN,True,False
Q6K00100,FMOD0064,KNOWN,True,False
Q6K00100,FMOD0065,KNOWN,True,False
Q6K00100,FMOD0071,KNOWN,True,False
Q6K00100,FMOD0072,KNOWN,True,False
Q6K00100,FMOD0078,KNOWN,True,False
Q6K00100,FMOD0081,KNOWN,True,False
Q6K00100,FMOD0082,KNOWN,True,False
Q6K00100,FMOD0097,KNOWN,True,False
Q6K00100,FMOD0101,KNOWN,True,False
Q6K00100,FMOD0010,BACKGROUND,True,False
Q6K00100,FMOD0018,BACKGROUND,True,False
Q6K00100,FMOD0026,BACKGROUND,True,False
Q6K00100,FMOD0029,BACKGROUND,True,False
Q6K00100,FMOD0037,BACKGROUND,True,False
Q6K00100,FMOD0042,BACKGROUND,True,False
Q6K00100,FMOD0098,BACKGROUND,True,False
Q6K00100,FMOD0103,BACKGROUND,True,False
Q6K00100,FMOD0107,BACKGROUND,True,False
Q6K00100,FMOD0108,BACKGROUND,True,False
Q6K00100,FMOD0111,BACKGROUND,True,False
Q6K00100,FMOD0112,BACKGROUND,True,False
Q6K00100,FMOD0114,BACKGROUND,True,False
Q6K00100,FMOD0117,BACKGROUND,True,False
Q6K00100,FMOD0118,BACKGROUND,True,False
Q6K00101,FMOD0002,KNOWN,True,False
Q6K00101,FMOD0012,KNOWN,True,False
Q6K00101,FMOD0019,KNOWN,True,False
Q6K00101,FMOD0020,KNOWN,True,False
Q6K00101,FMOD0021,KNOWN,True,False
Q6K00101,FMOD0030,KNOWN,True,False
Q6K00101,FMOD0034,KNOWN,True,False
Q6K00101,FMOD0039,KNOWN,True,False
Q6K00101,FMOD0041,KNOWN,True,False
Q6K00101,FMOD0045,KNOWN,True,False
Q6K00101,FMOD0052,KNOWN,True,False
Q6K00101,FMOD0056,KNOWN,True,False
Q6K00101,FMOD0057,KNOWN,True,False
Q6K00101,FMOD0058,KNOWN,True,False
Q6K00101,FMOD0059,KNOWN,True,False
Q6K00101,FMOD0063,KNOWN,True,False
Q6K00101,FMOD0064,KNOWN,True,False
Q6K00101,FMOD0065,KNOWN,False,True
Q6K00101,FMOD0071,KNOWN,True,False
Q6K00101,FMOD0072,KNOWN,True,False
Q6K00101,FMOD0078,KNOWN,True,False
Q6K00101,FMOD0081,KNOWN,True,False
Q6K00101,FMOD0082,KNOWN,True,False
Q6K00101,FMOD0097,KNOWN,True,False
Q6K00101,FMOD0101,KNOWN,True,False
Q6K00101,FMOD0010,BACKGROUND,True,False
Q6K00101,FMOD0018,BACKGROUND,True,False
Q6K00101,FMOD0026,BACKGROUND,True,False
Q6K00101,FMOD0029,BACKGROUND,True,False
Q6K00101,FMOD0037,BACKGROUND,True,False
Q6K00101,FMOD0042,BACKGROUND,True,False
Q6K00101,FMOD0098,BACKGROUND,True,False
Q6K00101,FMOD0103,BACKGROUND,True,False
Q6K00101,FMOD0107,BACKGROUND,True,False
Q6K00101,FMOD0108,BACKGROUND,True,False
Q6K00101,FMOD0111,BACKGROUND,True,False
Q6K00101,FMOD0112,BACKGROUND,True,False
Q6K00101,FMOD0114,BACKGROUND,True,False
Q6K00101,FMOD0117,BACKGROUND,True,False
Q6K00101,FMOD0118,BACKGROUND,True,False
Q6K00102,FMOD0002,KNOWN,True,False
Q6K00102,FMOD0012,KNOWN,True,False
Q6K00102,FMOD0019,KNOWN,True,False
Q6K00102,FMOD0020,KNOWN,True,False
Q6K00102,FMOD0021,KNOWN,True,False
Q6K00102,FMOD0030,KNOWN,True,False
Q6K00102,FMOD0034,KNOWN,True,False
Q6K00102,FMOD0039,KNOWN,True,False
Q6K00102,FMOD0041,KNOWN,True,False
Q6K00102,FMOD0045,KNOWN,True,False
Q6K00102,FMOD0052,KNOWN,True,False
Q6K00102,FMOD0056,KNOWN,True,False
Q6K00102,FMOD0057,KNOWN,True,False
Q6K00102,FMOD0058,KNOWN,True,False
Q6K00102,FMOD0059,KNOWN,True,False
Q6K00102,FMOD0063,KNOWN,False,True
Q6K00102,FMOD0064,KNOWN,True,False
Q6K00102,FMOD0065,KNOWN,True,False
Q6K00102,FMOD0071,KNOWN,True,False
Q6K00102,FMOD0072,KNOWN,True,False
Q6K00102,FMOD0078,KNOWN,True,False
Q6K00102,FMOD0081,KNOWN,True,False
Q6K00102,FMOD0082,KNOWN,True,False
Q6K00102,FMOD0097,KNOWN,True,False
Q6K00102,FMOD0101,KNOWN,True,False
Q6K00102,FMOD0010,BACKGROUND,True,False
Q6K00102,FMOD0018,BACKGROUND,True,False
Q6K00102,FMOD0026,BACKGROUND,True,False
Q6K00102,FMOD0029,BACKGROUND,True,False
Q6K00102,FMOD0037,BACKGROUND,True,False
Q6K00102,FMOD0042,BACKGROUND,True,False
Q6K00102,FMOD0098,BACKGROUND,True,False
Q6K00102,FMOD0103,BACKGROUND,True,False
Q6K00102,FMOD0107,BACKGROUND,True,False
Q6K00102,FMOD0108,BACKGROUND,True,False
Q6K00102,FMOD0111,BACKGROUND,True,False
Q6K00102,FMOD0112,BACKGROUND,True,False
Q6K00102,FMOD0114,BACKGROUND,True,False
Q6K00102,FMOD0117,BACKGROUND,True,False
Q6K00102,FMOD0118,BACKGROUND,True,False
Q6K00103,FMOD0002,KNOWN,True,False
Q6K00103,FMOD0012,KNOWN,True,False
Q6K00103,FMOD0019,KNOWN,True,False
Q6K00103,FMOD0020,KNOWN,True,False
Q6K00103,FMOD0021,KNOWN,True,False
Q6K00103,FMOD0030,KNOWN,True,False
Q6K00103,FMOD0034,KNOWN,True,False
Q6K00103,FMOD0039,KNOWN,False,True
Q6K00103,FMOD0041,KNOWN,True,False
Q6K00103,FMOD0045,KNOWN,True,False
Q6K00103,FMOD0052,KNOWN,True,False
Q6K00103,FMOD0056,KNOWN,True,False
Q6K00103,FMOD0057,KNOWN,True,False
Q6K00103,FMOD0058,KNOWN,True,False
Q6K00103,FMOD0059,KNOWN,True,False
Q6K00103,FMOD0063,KNOWN,True,False
Q6K00103,FMOD0064,KNOWN,True,False
Q6K00103,FMOD0065,KNOWN,True,False
Q6K00103,FMOD0071,KNOWN,True,False
Q6K00103,FMOD0072,KNOWN,True,False
Q6K00103,FMOD0078,KNOWN,True,False
Q6K00103,FMOD0081,KNOWN,True,False
Q6K00103,FMOD0082,KNOWN,True,False
Q6K00103,FMOD0097,KNOWN,True,False
Q6K00103,FMOD0101,KNOWN,True,False
Q6K00103,FMOD0010,BACKGROUND,True,False
Q6K00103,FMOD0018,BACKGROUND,True,False
Q6K00103,FMOD0026,BACKGROUND,True,False
Q6K00103,FMOD0029,BACKGROUND,True,False
Q6K00103,FMOD0037,BACKGROUND,True,False
Q6K00103,FMOD0042,BACKGROUND,True,False
Q6K00103,FMOD0098,BACKGROUND,True,False
Q6K00103,FMOD0103,BACKGROUND,True,False
Q6K00103,FMOD0107,BACKGROUND,True,False
Q6K00103,FMOD0108,BACKGROUND,True,False
Q6K00103,FMOD0111,BACKGROUND,True,False
Q6K00103,FMOD0112,BACKGROUND,True,False
Q6K00103,FMOD0114,BACKGROUND,True,False
Q6K00103,FMOD0117,BACKGROUND,True,False
Q6K00103,FMOD0118,BACKGROUND,True,False
Q6K00104,FMOD0002,KNOWN,True,False
Q6K00104,FMOD0012,KNOWN,True,False
Q6K00104,FMOD0019,KNOWN,True,False
Q6K00104,FMOD0020,KNOWN,True,False
Q6K00104,FMOD0021,KNOWN,True,False
Q6K00104,FMOD0030,KNOWN,True,False
Q6K00104,FMOD0034,KNOWN,True,False
Q6K00104,FMOD0039,KNOWN,True,False
Q6K00104,FMOD0041,KNOWN,True,False
Q6K00104,FMOD0045,KNOWN,True,False
Q6K00104,FMOD0052,KNOWN,True,False
Q6K00104,FMOD0056,KNOWN,False,True
Q6K00104,FMOD0057,KNOWN,True,False
Q6K00104,FMOD0058,KNOWN,True,False
Q6K00104,FMOD0059,KNOWN,True,False
Q6K00104,FMOD0063,KNOWN,True,False
Q6K00104,FMOD0064,KNOWN,True,False
Q6K00104,FMOD0065,KNOWN,True,False
Q6K00104,FMOD0071,KNOWN,True,False
Q6K00104,FMOD0072,KNOWN,True,False
Q6K00104,FMOD0078,KNOWN,True,False
Q6K00104,FMOD0081,KNOWN,True,False
Q6K00104,FMOD0082,KNOWN,True,False
Q6K00104,FMOD0097,KNOWN,True,False
Q6K00104,FMOD0101,KNOWN,True,False
Q6K00104,FMOD0010,BACKGROUND,True,False
Q6K00104,FMOD0018,BACKGROUND,True,False
Q6K00104,FMOD0026,BACKGROUND,True,False
Q6K00104,FMOD0029,BACKGROUND,True,False
Q6K00104,FMOD0037,BACKGROUND,True,False
Q6K00104,FMOD0042,BACKGROUND,True,False
Q6K00104,FMOD0098,BACKGROUND,True,False
Q6K00104,FMOD0103,BACKGROUND,True,False
Q6K00104,FMOD0107,BACKGROUND,True,False
Q6K00104,FMOD0108,BACKGROUND,True,False
Q6K00104,FMOD0111,BACKGROUND,True,False
Q6K00104,FMOD0112,BACKGROUND,True,False
Q6K00104,FMOD0114,BACKGROUND,True,False
Q6K00104,FMOD0117,BACKGROUND,True,False
Q6K00104,FMOD0118,BACKGROUND,True,False
Q6K00105,FMOD0002,KNOWN,True,False
Q6K00105,FMOD0012,KNOWN,True,False
Q6K00105,FMOD0019,KNOWN,True,False
Q6K00105,FMOD0020,KNOWN,True,False
Q6K00105,FMOD0021,KNOWN,True,False
Q6K00105,FMOD0030,KNOWN,True,False
Q6K00105,FMOD0034,KNOWN,True,False
Q6K00105,FMOD0039,KNOWN,True,False
Q6K00105,FMOD0041,KNOWN,True,False
Q6K00105,FMOD0045,KNOWN,True,False
Q6K00105,FMOD0052,KNOWN,True,False
Q6K00105,FMOD0056,KNOWN,True,False
Q6K00105,FMOD0057,KNOWN,True,False
Q6K00105,FMOD0058,KNOWN,True,False
Q6K00105,FMOD0059,KNOWN,False,True
Q6K00105,FMOD0063,KNOWN,True,False
Q6K00105,FMOD0064,KNOWN,True,False
Q6K00105,FMOD0065,KNOWN,True,False
Q6K00105,FMOD0071,KNOWN,True,False
Q6K00105,FMOD0072,KNOWN,True,False
Q6K00105,FMOD0078,KNOWN,True,False
Q6K00105,FMOD0081,KNOWN,True,False
Q6K00105,FMOD0082,KNOWN,True,False
Q6K00105,FMOD0097,KNOWN,True,False
Q6K00105,FMOD0101,KNOWN,True,False
Q6K00105,FMOD0010,BACKGROUND,True,False
Q6K00105,FMOD0018,BACKGROUND,True,False
Q6K00105,FMOD0026,BACKGROUND,True,False
Q6K00105,FMOD0029,BACKGROUND,True,False
Q6K00105,FMOD0037,BACKGROUND,True,False
Q6K00105,FMOD0042,BACKGROUND,True,False
Q6K00105,FMOD0098,BACKGROUND,True,False
Q6K00105,FMOD0103,BACKGROUND,True,False
Q6K00105,FMOD0107,BACKGROUND,True,False
Q6K00105,FMOD0108,BACKGROUND,True,False
Q6K00105,FMOD0111,BACKGROUND,True,False
Q6K00105,FMOD0112,BACKGROUND,True,False
Q6K00105,FMOD0114,BACKGROUND,True,False
Q6K00105,FMOD0117,BACKGROUND,True,False
Q6K00105,FMOD0118,BACKGROUND,True,False
Q6K00106,FMOD0002,KNOWN,True,False
Q6K00106,FMOD0012,KNOWN,True,False
Q6K00106,FMOD0019,KNOWN,True,False
Q6K00106,FMOD0020,KNOWN,True,False
Q6K00106,FMOD0021,KNOWN,True,False
Q6K00106,FMOD0030,KNOWN,True,False
Q6K00106,FMOD0034,KNOWN,True,False
Q6K00106,FMOD0039,KNOWN,True,False
Q6K00106,FMOD0041,KNOWN,True,False
Q6K00106,FMOD0045,KNOWN,True,False
Q6K00106,FMOD0052,KNOWN,True,False
Q6K00106,FMOD0056,KNOWN,True,False
Q6K00106,FMOD0057,KNOWN,True,False
Q6K00106,FMOD0058,KNOWN,True,False
Q6K00106,FMOD0059,KNOWN,True,False
Q6K00106,FMOD0063,KNOWN,True,False
Q6K00106,FMOD0064,KNOWN,True,False
Q6K00106,FMOD0065,KNOWN,True,False
Q6K00106,FMOD0071,KNOWN,True,False
Q6K00106,FMOD0072,KNOWN,True,False
Q6K00106,FMOD0078,KNOWN,True,False
Q6K00106,FMOD0081,KNOWN,True,False
Q6K00106,FMOD0082,KNOWN,True,False
Q6K00106,FMOD0097,KNOWN,False,True
Q6K00106,FMOD0101,KNOWN,True,False
Q6K00106,FMOD0010,BACKGROUND,True,False
Q6K00106,FMOD0018,BACKGROUND,True,False
Q6K00106,FMOD0026,BACKGROUND,True,False
Q6K00106,FMOD0029,BACKGROUND,True,False
Q6K00106,FMOD0037,BACKGROUND,True,False
Q6K00106,FMOD0042,BACKGROUND,True,False
Q6K00106,FMOD0098,BACKGROUND,True,False
Q6K00106,FMOD0103,BACKGROUND,True,False
Q6K00106,FMOD0107,BACKGROUND,True,False
Q6K00106,FMOD0108,BACKGROUND,True,False
Q6K00106,FMOD0111,BACKGROUND,True,False
Q6K00106,FMOD0112,BACKGROUND,True,False
Q6K00106,FMOD0114,BACKGROUND,True,False
Q6K00106,FMOD0117,BACKGROUND,True,False
Q6K00106,FMOD0118,BACKGROUND,True,False
Q6K00107,FMOD0002,KNOWN,True,False
Q6K00107,FMOD0012,KNOWN,True,False
Q6K00107,FMOD0019,KNOWN,True,False
Q6K00107,FMOD0020,KNOWN,True,False
Q6K00107,FMOD0021,KNOWN,True,False
Q6K00107,FMOD0030,KNOWN,True,False
Q6K00107,FMOD0034,KNOWN,True,False
Q6K00107,FMOD0039,KNOWN,True,False
Q6K00107,FMOD0041,KNOWN,True,False
Q6K00107,FMOD0045,KNOWN,True,False
Q6K00107,FMOD0052,KNOWN,True,False
Q6K00107,FMOD0056,KNOWN,True,False
Q6K00107,FMOD0057,KNOWN,True,False
Q6K00107,FMOD0058,KNOWN,True,False
Q6K00107,FMOD0059,KNOWN,False,True
Q6K00107,FMOD0063,KNOWN,True,False
Q6K00107,FMOD0064,KNOWN,True,False
Q6K00107,FMOD0065,KNOWN,True,False
Q6K00107,FMOD0071,KNOWN,True,False
Q6K00107,FMOD0072,KNOWN,True,False
Q6K00107,FMOD0078,KNOWN,True,False
Q6K00107,FMOD0081,KNOWN,True,False
Q6K00107,FMOD0082,KNOWN,True,False
Q6K00107,FMOD0097,KNOWN,True,False
Q6K00107,FMOD0101,KNOWN,True,False
Q6K00107,FMOD0010,BACKGROUND,True,False
Q6K00107,FMOD0018,BACKGROUND,True,False
Q6K00107,FMOD0026,BACKGROUND,True,False
Q6K00107,FMOD0029,BACKGROUND,True,False
Q6K00107,FMOD0037,BACKGROUND,True,False
Q6K00107,FMOD0042,BACKGROUND,True,False
Q6K00107,FMOD0098,BACKGROUND,True,False
Q6K00107,FMOD0103,BACKGROUND,True,False
Q6K00107,FMOD0107,BACKGROUND,True,False
Q6K00107,FMOD0108,BACKGROUND,True,False
Q6K00107,FMOD0111,BACKGROUND,True,False
Q6K00107,FMOD0112,BACKGROUND,True,False
Q6K00107,FMOD0114,BACKGROUND,True,False
Q6K00107,FMOD0117,BACKGROUND,True,False
Q6K00107,FMOD0118,BACKGROUND,True,False
Q6K00108,FMOD0002,KNOWN,True,False
Q6K00108,FMOD0012,KNOWN,True,False
Q6K00108,FMOD0019,KNOWN,True,False
Q6K00108,FMOD0020,KNOWN,True,False
Q6K00108,FMOD0021,KNOWN,True,False
Q6K00108,FMOD0030,KNOWN,True,False
Q6K00108,FMOD0034,KNOWN,True,False
Q6K00108,FMOD0039,KNOWN,True,False
Q6K00108,FMOD0041,KNOWN,True,False
Q6K00108,FMOD0045,KNOWN,True,False
Q6K00108,FMOD0052,KNOWN,True,False
Q6K00108,FMOD0056,KNOWN,True,False
Q6K00108,FMOD0057,KNOWN,True,False
Q6K00108,FMOD0058,KNOWN,False,True
Q6K00108,FMOD0059,KNOWN,True,False
Q6K00108,FMOD0063,KNOWN,True,False
Q6K00108,FMOD0064,KNOWN,True,False
Q6K00108,FMOD0065,KNOWN,True,False
Q6K00108,FMOD0071,KNOWN,True,False
Q6K00108,FMOD0072,KNOWN,True,False
Q6K00108,FMOD0078,KNOWN,True,False
Q6K00108,FMOD0081,KNOWN,True,False
Q6K00108,FMOD0082,KNOWN,True,False
Q6K00108,FMOD0097,KNOWN,True,False
Q6K00108,FMOD0101,KNOWN,True,False
Q6K00108,FMOD0010,BACKGROUND,True,False
Q6K00108,FMOD0018,BACKGROUND,True,False
Q6K00108,FMOD0026,BACKGROUND,True,False
Q6K00108,FMOD0029,BACKGROUND,True,False
Q6K00108,FMOD0037,BACKGROUND,True,False
Q6K00108,FMOD0042,BACKGROUND,True,False
Q6K00108,FMOD0098,BACKGROUND,True,False
Q6K00108,FMOD0103,BACKGROUND,True,False
Q6K00108,FMOD0107,BACKGROUND,True,False
Q6K00108,FMOD0108,BACKGROUND,True,False
Q6K00108,FMOD0111,BACKGROUND,True,False
Q6K00108,FMOD0112,BACKGROUND,True,False
Q6K00108,FMOD0114,BACKGROUND,True,False
Q6K00108,FMOD0117,BACKGROUND,True,False
Q6K00108,FMOD0118,BACKGROUND,True,False
Q6K00109,FMOD0002,KNOWN,True,False
Q6K00109,FMOD0012,KNOWN,True,False
Q6K00109,FMOD0019,KNOWN,True,False
Q6K00109,FMOD0020,KNOWN,True,False
Q6K00109,FMOD0021,KNOWN,True,False
Q6K00109,FMOD0030,KNOWN,True,False
Q6K00109,FMOD0034,KNOWN,True,False
Q6K00109,FMOD0039,KNOWN,True,False
Q6K00109,FMOD0041,KNOWN,True,False
Q6K00109,FMOD0045,KNOWN,True,False
Q6K00109,FMOD0052,KNOWN,True,False
Q6K00109,FMOD0056,KNOWN,False,True
Q6K00109,FMOD0057,KNOWN,True,False
Q6K00109,FMOD0058,KNOWN,True,False
Q6K00109,FMOD0059,KNOWN,True,False
Q6K00109,FMOD0063,KNOWN,True,False
Q6K00109,FMOD0064,KNOWN,True,False
Q6K00109,FMOD0065,KNOWN,True,False
Q6K00109,FMOD0071,KNOWN,True,False
Q6K00109,FMOD0072,KNOWN,True,False
Q6K00109,FMOD0078,KNOWN,True,False
Q6K00109,FMOD0081,KNOWN,True,False
Q6K00109,FMOD0082,KNOWN,True,False
Q6K00109,FMOD0097,KNOWN,True,False
Q6K00109,FMOD0101,KNOWN,True,False
Q6K00109,FMOD0010,BACKGROUND,True,False
Q6K00109,FMOD0018,BACKGROUND,True,False
Q6K00109,FMOD0026,BACKGROUND,True,False
Q6K00109,FMOD0029,BACKGROUND,True,False
Q6K00109,FMOD0037,BACKGROUND,True,False
Q6K00109,FMOD0042,BACKGROUND,True,False
Q6K00109,FMOD0098,BACKGROUND,True,False
Q6K00109,FMOD0103,BACKGROUND,True,False
Q6K00109,FMOD0107,BACKGROUND,True,False
Q6K00109,FMOD0108,BACKGROUND,True,False
Q6K00109,FMOD0111,BACKGROUND,True,False
Q6K00109,FMOD0112,BACKGROUND,True,False
Q6K00109,FMOD0114,BACKGROUND,True,False
Q6K00109,FMOD0117,BACKGROUND,True,False
Q6K00109,FMOD0118,BACKGROUND,True,False
Q6K00110,FMOD0002,KNOWN,True,False
Q6K00110,FMOD0012,KNOWN,True,False
Q6K00110,FMOD0019,KNOWN,True,False
Q6K00110,FMOD0020,KNOWN,True,False
Q6K00110,FMOD0021,KNOWN,True,False
Q6K00110,FMOD0030,KNOWN,True,False
Q6K00110,FMOD0034,KNOWN,True,False
Q6K00110,FMOD0039,KNOWN,True,False
Q6K00110,FMOD0041,KNOWN,True,False
Q6K00110,FMOD0045,KNOWN,True,False
Q6K00110,FMOD0052,KNOWN,True,False
Q6K00110,FMOD0056,KNOWN,False,True
Q6K00110,FMOD0057,KNOWN,True,False
Q6K00110,FMOD0058,KNOWN,True,False
Q6K00110,FMOD0059,KNOWN,True,False
Q6K00110,FMOD0063,KNOWN,True,False
Q6K00110,FMOD0064,KNOWN,True,False
Q6K00110,FMOD0065,KNOWN,True,False
Q6K00110,FMOD0071,KNOWN,True,False
Q6K00110,FMOD0072,KNOWN,True,False
Q6K00110,FMOD0078,KNOWN,True,False
Q6K00110,FMOD0081,KNOWN,True,False
Q6K00110,FMOD0082,KNOWN,True,False
Q6K00110,FMOD0097,KNOWN,True,False
Q6K00110,FMOD0101,KNOWN,True,False
Q6K00110,FMOD0010,BACKGROUND,True,False
Q6K00110,FMOD0018,BACKGROUND,True,False
Q6K00110,FMOD0026,BACKGROUND,True,False
Q6K00110,FMOD0029,BACKGROUND,True,False
Q6K00110,FMOD0037,BACKGROUND,True,False
Q6K00110,FMOD0042,BACKGROUND,True,False
Q6K00110,FMOD0098,BACKGROUND,True,False
Q6K00110,FMOD0103,BACKGROUND,True,False
Q6K00110,FMOD0107,BACKGROUND,True,False
Q6K00110,FMOD0108,BACKGROUND,True,False
Q6K00110,FMOD0111,BACKGROUND,True,False
Q6K00110,FMOD0112,BACKGROUND,True,False
Q6K00110,FMOD0114,BACKGROUND,True,False
Q6K00110,FMOD0117,BACKGROUND,True,False
Q6K00110,FMOD0118,BACKGROUND,True,False
Q6K00111,FMOD0002,KNOWN,True,False
Q6K00111,FMOD0012,KNOWN,True,False
Q6K00111,FMOD0019,KNOWN,True,False
Q6K00111,FMOD0020,KNOWN,True,False
Q6K00111,FMOD0021,KNOWN,True,False
Q6K00111,FMOD0030,KNOWN,True,False
Q6K00111,FMOD0034,KNOWN,True,False
Q6K00111,FMOD0039,KNOWN,True,False
Q6K00111,FMOD0041,KNOWN,True,False
Q6K00111,FMOD0045,KNOWN,True,False
Q6K00111,FMOD0052,KNOWN,True,False
Q6K00111,FMOD0056,KNOWN,True,False
Q6K00111,FMOD0057,KNOWN,True,False
Q6K00111,FMOD0058,KNOWN,False,True
Q6K00111,FMOD0059,KNOWN,True,False
Q6K00111,FMOD0063,KNOWN,True,False
Q6K00111,FMOD0064,KNOWN,True,False
Q6K00111,FMOD0065,KNOWN,True,False
Q6K00111,FMOD0071,KNOWN,True,False
Q6K00111,FMOD0072,KNOWN,True,False
Q6K00111,FMOD0078,KNOWN,True,False
Q6K00111,FMOD0081,KNOWN,True,False
Q6K00111,FMOD0082,KNOWN,True,False
Q6K00111,FMOD0097,KNOWN,True,False
Q6K00111,FMOD0101,KNOWN,True,False
Q6K00111,FMOD0010,BACKGROUND,True,False
Q6K00111,FMOD0018,BACKGROUND,True,False
Q6K00111,FMOD0026,BACKGROUND,True,False
Q6K00111,FMOD0029,BACKGROUND,True,False
Q6K00111,FMOD0037,BACKGROUND,True,False
Q6K00111,FMOD0042,BACKGROUND,True,False
Q6K00111,FMOD0098,BACKGROUND,True,False
Q6K00111,FMOD0103,BACKGROUND,True,False
Q6K00111,FMOD0107,BACKGROUND,True,False
Q6K00111,FMOD0108,BACKGROUND,True,False
Q6K00111,FMOD0111,BACKGROUND,True,False
Q6K00111,FMOD0112,BACKGROUND,True,False
Q6K00111,FMOD0114,BACKGROUND,True,False
Q6K00111,FMOD0117,BACKGROUND,True,False
Q6K00111,FMOD0118,BACKGROUND,True,False
Q6K00112,FMOD0002,KNOWN,True,False
Q6K00112,FMOD0012,KNOWN,True,False
Q6K00112,FMOD0019,KNOWN,True,False
Q6K00112,FMOD0020,KNOWN,True,False
Q6K00112,FMOD0021,KNOWN,True,False
Q6K00112,FMOD0030,KNOWN,True,False
Q6K00112,FMOD0034,KNOWN,True,False
Q6K00112,FMOD0039,KNOWN,True,False
Q6K00112,FMOD0041,KNOWN,True,False
Q6K00112,FMOD0045,KNOWN,True,False
Q6K00112,FMOD0052,KNOWN,True,False
Q6K00112,FMOD0056,KNOWN,True,False
Q6K00112,FMOD0057,KNOWN,True,False
Q6K00112,FMOD0058,KNOWN,False,True
Q6K00112,FMOD0059,KNOWN,True,False
Q6K00112,FMOD0063,KNOWN,True,False
Q6K00112,FMOD0064,KNOWN,True,False
Q6K00112,FMOD0065,KNOWN,True,False
Q6K00112,FMOD0071,KNOWN,True,False
Q6K00112,FMOD0072,KNOWN,True,False
Q6K00112,FMOD0078,KNOWN,True,False
Q6K00112,FMOD0081,KNOWN,True,False
Q6K00112,FMOD0082,KNOWN,True,False
Q6K00112,FMOD0097,KNOWN,True,False
Q6K00112,FMOD0101,KNOWN,True,False
Q6K00112,FMOD0010,BACKGROUND,True,False
Q6K00112,FMOD0018,BACKGROUND,True,False
Q6K00112,FMOD0026,BACKGROUND,True,False
Q6K00112,FMOD0029,BACKGROUND,True,False
Q6K00112,FMOD0037,BACKGROUND,True,False
Q6K00112,FMOD0042,BACKGROUND,True,False
Q6K00112,FMOD0098,BACKGROUND,True,False
Q6K00112,FMOD0103,BACKGROUND,True,False
Q6K00112,FMOD0107,BACKGROUND,True,False
Q6K00112,FMOD0108,BACKGROUND,True,False
Q6K00112,FMOD0111,BACKGROUND,True,False
Q6K00112,FMOD0112,BACKGROUND,True,False
Q6K00112,FMOD0114,BACKGROUND,True,False
Q6K00112,FMOD0117,BACKGROUND,True,False
Q6K00112,FMOD0118,BACKGROUND,True,False
Q6K00113,FMOD0002,KNOWN,True,False
Q6K00113,FMOD0012,KNOWN,True,False
Q6K00113,FMOD0019,KNOWN,True,False
Q6K00113,FMOD0020,KNOWN,True,False
Q6K00113,FMOD0021,KNOWN,True,False
Q6K00113,FMOD0030,KNOWN,True,False
Q6K00113,FMOD0034,KNOWN,True,False
Q6K00113,FMOD0039,KNOWN,True,False
Q6K00113,FMOD0041,KNOWN,True,False
Q6K00113,FMOD0045,KNOWN,True,False
Q6K00113,FMOD0052,KNOWN,True,False
Q6K00113,FMOD0056,KNOWN,True,False
Q6K00113,FMOD0057,KNOWN,True,False
Q6K00113,FMOD0058,KNOWN,True,False
Q6K00113,FMOD0059,KNOWN,True,False
Q6K00113,FMOD0063,KNOWN,True,False
Q6K00113,FMOD0064,KNOWN,True,False
Q6K00113,FMOD0065,KNOWN,True,False
Q6K00113,FMOD0071,KNOWN,True,False
Q6K00113,FMOD0072,KNOWN,False,True
Q6K00113,FMOD0078,KNOWN,True,False
Q6K00113,FMOD0081,KNOWN,True,False
Q6K00113,FMOD0082,KNOWN,True,False
Q6K00113,FMOD0097,KNOWN,True,False
Q6K00113,FMOD0101,KNOWN,True,False
Q6K00113,FMOD0010,BACKGROUND,True,False
Q6K00113,FMOD0018,BACKGROUND,True,False
Q6K00113,FMOD0026,BACKGROUND,True,False
Q6K00113,FMOD0029,BACKGROUND,True,False
Q6K00113,FMOD0037,BACKGROUND,True,False
Q6K00113,FMOD0042,BACKGROUND,True,False
Q6K00113,FMOD0098,BACKGROUND,True,False
Q6K00113,FMOD0103,BACKGROUND,True,False
Q6K00113,FMOD0107,BACKGROUND,True,False
Q6K00113,FMOD0108,BACKGROUND,True,False
Q6K00113,FMOD0111,BACKGROUND,True,False
Q6K00113,FMOD0112,BACKGROUND,True,False
Q6K00113,FMOD0114,BACKGROUND,True,False
Q6K00113,FMOD0117,BACKGROUND,True,False
Q6K00113,FMOD0118,BACKGROUND,True,False
Q6K00114,FMOD0002,KNOWN,True,False
Q6K00114,FMOD0012,KNOWN,True,False
Q6K00114,FMOD0019,KNOWN,True,False
Q6K00114,FMOD0020,KNOWN,True,False
Q6K00114,FMOD0021,KNOWN,True,False
Q6K00114,FMOD0030,KNOWN,True,False
Q6K00114,FMOD0034,KNOWN,True,False
Q6K00114,FMOD0039,KNOWN,False,True
Q6K00114,FMOD0041,KNOWN,True,False
Q6K00114,FMOD0045,KNOWN,True,False
Q6K00114,FMOD0052,KNOWN,True,False
Q6K00114,FMOD0056,KNOWN,True,False
Q6K00114,FMOD0057,KNOWN,True,False
Q6K00114,FMOD0058,KNOWN,True,False
Q6K00114,FMOD0059,KNOWN,True,False
Q6K00114,FMOD0063,KNOWN,True,False
Q6K00114,FMOD0064,KNOWN,True,False
Q6K00114,FMOD0065,KNOWN,True,False
Q6K00114,FMOD0071,KNOWN,True,False
Q6K00114,FMOD0072,KNOWN,True,False
Q6K00114,FMOD0078,KNOWN,True,False
Q6K00114,FMOD0081,KNOWN,True,False
Q6K00114,FMOD0082,KNOWN,True,False
Q6K00114,FMOD0097,KNOWN,True,False
Q6K00114,FMOD0101,KNOWN,True,False
Q6K00114,FMOD0010,BACKGROUND,True,False
Q6K00114,FMOD0018,BACKGROUND,True,False
Q6K00114,FMOD0026,BACKGROUND,True,False
Q6K00114,FMOD0029,BACKGROUND,True,False
Q6K00114,FMOD0037,BACKGROUND,True,False
Q6K00114,FMOD0042,BACKGROUND,True,False
Q6K00114,FMOD0098,BACKGROUND,True,False
Q6K00114,FMOD0103,BACKGROUND,True,False
Q6K00114,FMOD0107,BACKGROUND,True,False
Q6K00114,FMOD0108,BACKGROUND,True,False
Q6K00114,FMOD0111,BACKGROUND,True,False
Q6K00114,FMOD0112,BACKGROUND,True,False
Q6K00114,FMOD0114,BACKGROUND,True,False
Q6K00114,FMOD0117,BACKGROUND,True,False
Q6K00114,FMOD0118,BACKGROUND,True,False
Q6K00115,FMOD0002,KNOWN,True,False
Q6K00115,FMOD0012,KNOWN,True,False
Q6K00115,FMOD0019,KNOWN,True,False
Q6K00115,FMOD0020,KNOWN,True,False
Q6K00115,FMOD0021,KNOWN,True,False
Q6K00115,FMOD0030,KNOWN,True,False
Q6K00115,FMOD0034,KNOWN,True,False
Q6K00115,FMOD0039,KNOWN,True,False
Q6K00115,FMOD0041,KNOWN,True,False
Q6K00115,FMOD0045,KNOWN,True,False
Q6K00115,FMOD0052,KNOWN,True,False
Q6K00115,FMOD0056,KNOWN,False,True
Q6K00115,FMOD0057,KNOWN,True,False
Q6K00115,FMOD0058,KNOWN,True,False
Q6K00115,FMOD0059,KNOWN,True,False
Q6K00115,FMOD0063,KNOWN,True,False
Q6K00115,FMOD0064,KNOWN,True,False
Q6K00115,FMOD0065,KNOWN,True,False
Q6K00115,FMOD0071,KNOWN,True,False
Q6K00115,FMOD0072,KNOWN,True,False
Q6K00115,FMOD0078,KNOWN,True,False
Q6K00115,FMOD0081,KNOWN,True,False
Q6K00115,FMOD0082,KNOWN,True,False
Q6K00115,FMOD0097,KNOWN,True,False
Q6K00115,FMOD0101,KNOWN,True,False
Q6K00115,FMOD0010,BACKGROUND,True,False
Q6K00115,FMOD0018,BACKGROUND,True,False
Q6K00115,FMOD0026,BACKGROUND,True,False
Q6K00115,FMOD0029,BACKGROUND,True,False
Q6K00115,FMOD0037,BACKGROUND,True,False
Q6K00115,FMOD0042,BACKGROUND,True,False
Q6K00115,FMOD0098,BACKGROUND,True,False
Q6K00115,FMOD0103,BACKGROUND,True,False
Q6K00115,FMOD0107,BACKGROUND,True,False
Q6K00115,FMOD0108,BACKGROUND,True,False
Q6K00115,FMOD0111,BACKGROUND,True,False
Q6K00115,FMOD0112,BACKGROUND,True,False
Q6K00115,FMOD0114,BACKGROUND,True,False
Q6K00115,FMOD0117,BACKGROUND,True,False
Q6K00115,FMOD0118,BACKGROUND,True,False
Q6K00116,FMOD0002,KNOWN,True,False
Q6K00116,FMOD0012,KNOWN,True,False
Q6K00116,FMOD0019,KNOWN,True,False
Q6K00116,FMOD0020,KNOWN,True,False
Q6K00116,FMOD0021,KNOWN,True,False
Q6K00116,FMOD0030,KNOWN,True,False
Q6K00116,FMOD0034,KNOWN,False,True
Q6K00116,FMOD0039,KNOWN,True,False
Q6K00116,FMOD0041,KNOWN,True,False
Q6K00116,FMOD0045,KNOWN,True,False
Q6K00116,FMOD0052,KNOWN,True,False
Q6K00116,FMOD0056,KNOWN,True,False
Q6K00116,FMOD0057,KNOWN,True,False
Q6K00116,FMOD0058,KNOWN,True,False
Q6K00116,FMOD0059,KNOWN,True,False
Q6K00116,FMOD0063,KNOWN,True,False
Q6K00116,FMOD0064,KNOWN,True,False
Q6K00116,FMOD0065,KNOWN,True,False
Q6K00116,FMOD0071,KNOWN,True,False
Q6K00116,FMOD0072,KNOWN,True,False
Q6K00116,FMOD0078,KNOWN,True,False
Q6K00116,FMOD0081,KNOWN,True,False
Q6K00116,FMOD0082,KNOWN,True,False
Q6K00116,FMOD0097,KNOWN,True,False
Q6K00116,FMOD0101,KNOWN,True,False
Q6K00116,FMOD0010,BACKGROUND,True,False
Q6K00116,FMOD0018,BACKGROUND,True,False
Q6K00116,FMOD0026,BACKGROUND,True,False
Q6K00116,FMOD0029,BACKGROUND,True,False
Q6K00116,FMOD0037,BACKGROUND,True,False
Q6K00116,FMOD0042,BACKGROUND,True,False
Q6K00116,FMOD0098,BACKGROUND,True,False
Q6K00116,FMOD0103,BACKGROUND,True,False
Q6K00116,FMOD0107,BACKGROUND,True,False
Q6K00116,FMOD0108,BACKGROUND,True,False
Q6K00116,FMOD0111,BACKGROUND,True,False
Q6K00116,FMOD0112,BACKGROUND,True,False
Q6K00116,FMOD0114,BACKGROUND,True,False
Q6K00116,FMOD0117,BACKGROUND,True,False
Q6K00116,FMOD0118,BACKGROUND,True,False
Q6K00117,FMOD0002,KNOWN,True,False
Q6K00117,FMOD0012,KNOWN,True,False
Q6K00117,FMOD0019,KNOWN,True,False
Q6K00117,FMOD0020,KNOWN,True,False
Q6K00117,FMOD0021,KNOWN,True,False
Q6K00117,FMOD0030,KNOWN,True,False
Q6K00117,FMOD0034,KNOWN,True,False
Q6K00117,FMOD0039,KNOWN,True,False
Q6K00117,FMOD0041,KNOWN,True,False
Q6K00117,FMOD0045,KNOWN,True,False
Q6K00117,FMOD0052,KNOWN,True,False
Q6K00117,FMOD0056,KNOWN,True,False
Q6K00117,FMOD0057,KNOWN,True,False
Q6K00117,FMOD0058,KNOWN,True,False
Q6K00117,FMOD0059,KNOWN,True,False
Q6K00117,FMOD0063,KNOWN,True,False
Q6K00117,FMOD0064,KNOWN,True,False
Q6K00117,FMOD0065,KNOWN,True,False
Q6K00117,FMOD0071,KNOWN,True,False
Q6K00117,FMOD0072,KNOWN,False,True
Q6K00117,FMOD0078,KNOWN,True,False
Q6K00117,FMOD0081,KNOWN,True,False
Q6K00117,FMOD0082,KNOWN,True,False
Q6K00117,FMOD0097,KNOWN,True,False
Q6K00117,FMOD0101,KNOWN,True,False
Q6K00117,FMOD0010,BACKGROUND,True,False
Q6K00117,FMOD0018,BACKGROUND,True,False
Q6K00117,FMOD0026,BACKGROUND,True,False
Q6K00117,FMOD0029,BACKGROUND,True,False
Q6K00117,FMOD0037,BACKGROUND,True,False
Q6K00117,FMOD0042,BACKGROUND,True,False
Q6K00117,FMOD0098,BACKGROUND,True,False
Q6K00117,FMOD0103,BACKGROUND,True,False
Q6K00117,FMOD0107,BACKGROUND,True,False
Q6K00117,FMOD0108,BACKGROUND,True,False
Q6K00117,FMOD0111,BACKGROUND,True,False
Q6K00117,FMOD0112,BACKGROUND,True,False
Q6K00117,FMOD0114,BACKGROUND,True,False
Q6K00117,FMOD0117,BACKGROUND,True,False
Q6K00117,FMOD0118,BACKGROUND,True,False
Q6K00118,FMOD0002,KNOWN,True,False
Q6K00118,FMOD0012,KNOWN,True,False
Q6K00118,FMOD0019,KNOWN,True,False
Q6K00118,FMOD0020,KNOWN,True,False
Q6K00118,FMOD0021,KNOWN,True,False
Q6K00118,FMOD0030,KNOWN,True,False
Q6K00118,FMOD0034,KNOWN,True,False
Q6K00118,FMOD0039,KNOWN,True,False
Q6K00118,FMOD0041,KNOWN,True,False
Q6K00118,FMOD0045,KNOWN,True,False
Q6K00118,FMOD0052,KNOWN,True,False
Q6K00118,FMOD0056,KNOWN,True,False
Q6K00118,FMOD0057,KNOWN,True,False
Q6K00118,FMOD0058,KNOWN,True,False
Q6K00118,FMOD0059,KNOWN,True,False
Q6K00118,FMOD0063,KNOWN,True,False
Q6K00118,FMOD0064,KNOWN,True,False
Q6K00118,FMOD0065,KNOWN,True,False
Q6K00118,FMOD0071,KNOWN,True,False
Q6K00118,FMOD0072,KNOWN,True,False
Q6K00118,FMOD0078,KNOWN,True,False
Q6K00118,FMOD0081,KNOWN,True,False
Q6K00118,FMOD0082,KNOWN,False,True
Q6K00118,FMOD0097,KNOWN,True,False
Q6K00118,FMOD0101,KNOWN,True,False
Q6K00118,FMOD0010,BACKGROUND,True,False
Q6K00118,FMOD0018,BACKGROUND,True,False
Q6K00118,FMOD0026,BACKGROUND,True,False
Q6K00118,FMOD0029,BACKGROUND,True,False
Q6K00118,FMOD0037,BACKGROUND,True,False
Q6K00118,FMOD0042,BACKGROUND,True,False
Q6K00118,FMOD0098,BACKGROUND,True,False
Q6K00118,FMOD0103,BACKGROUND,True,False
Q6K00118,FMOD0107,BACKGROUND,True,False
Q6K00118,FMOD0108,BACKGROUND,True,False
Q6K00118,FMOD0111,BACKGROUND,True,False
Q6K00118,FMOD0112,BACKGROUND,True,False
Q6K00118,FMOD0114,BACKGROUND,True,False
Q6K00118,FMOD0117,BACKGROUND,True,False
Q6K00118,FMOD0118,BACKGROUND,True,False
Q6K00119,FMOD0002,KNOWN,True,False
Q6K00119,FMOD0012,KNOWN,True,False
Q6K00119,FMOD0019,KNOWN,True,False
Q6K00119,FMOD0020,KNOWN,True,False
Q6K00119,FMOD0021,KNOWN,True,False
Q6K00119,FMOD0030,KNOWN,True,False
Q6K00119,FMOD0034,KNOWN,True,False
Q6K00119,FMOD0039,KNOWN,True,False
Q6K00119,FMOD0041,KNOWN,True,False
Q6K00119,FMOD0045,KNOWN,True,False
Q6K00119,FMOD0052,KNOWN,True,False
Q6K00119,FMOD0056,KNOWN,True,False
Q6K00119,FMOD0057,KNOWN,False,True
Q6K00119,FMOD0058,KNOWN,True,False
Q6K00119,FMOD0059,KNOWN,True,False
Q6K00119,FMOD0063,KNOWN,True,False
Q6K00119,FMOD0064,KNOWN,True,False
Q6K00119,FMOD0065,KNOWN,True,False
Q6K00119,FMOD0071,KNOWN,True,False
Q6K00119,FMOD0072,KNOWN,True,False
Q6K00119,FMOD0078,KNOWN,True,False
Q6K00119,FMOD0081,KNOWN,True,False
Q6K00119,FMOD0082,KNOWN,True,False
Q6K00119,FMOD0097,KNOWN,True,False
Q6K00119,FMOD0101,KNOWN,True,False
Q6K00119,FMOD0010,BACKGROUND,True,False
Q6K00119,FMOD0018,BACKGROUND,True,False
Q6K00119,FMOD0026,BACKGROUND,True,False
Q6K00119,FMOD0029,BACKGROUND,True,False
Q6K00119,FMOD0037,BACKGROUND,True,False
Q6K00119,FMOD0042,BACKGROUND,True,False
Q6K00119,FMOD0098,BACKGROUND,True,False
Q6K00119,FMOD0103,BACKGROUND,True,False
Q6K00119,FMOD0107,BACKGROUND,True,False
Q6K00119,FMOD0108,BACKGROUND,True,False
Q6K00119,FMOD0111,BACKGROUND,True,False
Q6K00119,FMOD0112,BACKGROUND,True,False
Q6K00119,FMOD0114,BACKGROUND,True,False
Q6K00119,FMOD0117,BACKGROUND,True,False
Q6K00119,FMOD0118,BACKGROUND,True,False
Q6K00120,FMOD0002,KNOWN,True,False
Q6K00120,FMOD0012,KNOWN,True,False
Q6K00120,FMOD0019,KNOWN,True,False
Q6K00120,FMOD0020,KNOWN,True,False
Q6K00120,FMOD0021,KNOWN,True,False
Q6K00120,FMOD0030,KNOWN,True,False
Q6K00120,FMOD0034,KNOWN,False,True
Q6K00120,FMOD0039,KNOWN,True,False
Q6K00120,FMOD0041,KNOWN,True,False
Q6K00120,FMOD0045,KNOWN,True,False
Q6K00120,FMOD0052,KNOWN,True,False
Q6K00120,FMOD0056,KNOWN,True,False
Q6K00120,FMOD0057,KNOWN,True,False
Q6K00120,FMOD0058,KNOWN,True,False
Q6K00120,FMOD0059,KNOWN,True,False
Q6K00120,FMOD0063,KNOWN,True,False
Q6K00120,FMOD0064,KNOWN,True,False
Q6K00120,FMOD0065,KNOWN,True,False
Q6K00120,FMOD0071,KNOWN,True,False
Q6K00120,FMOD0072,KNOWN,True,False
Q6K00120,FMOD0078,KNOWN,True,False
Q6K00120,FMOD0081,KNOWN,True,False
Q6K00120,FMOD0082,KNOWN,True,False
Q6K00120,FMOD0097,KNOWN,True,False
Q6K00120,FMOD0101,KNOWN,True,False
Q6K00120,FMOD0010,BACKGROUND,True,False
Q6K00120,FMOD0018,BACKGROUND,True,False
Q6K00120,FMOD0026,BACKGROUND,True,False
Q6K00120,FMOD0029,BACKGROUND,True,False
Q6K00120,FMOD0037,BACKGROUND,True,False
Q6K00120,FMOD0042,BACKGROUND,True,False
Q6K00120,FMOD0098,BACKGROUND,True,False
Q6K00120,FMOD0103,BACKGROUND,True,False
Q6K00120,FMOD0107,BACKGROUND,True,False
Q6K00120,FMOD0108,BACKGROUND,True,False
Q6K00120,FMOD0111,BACKGROUND,True,False
Q6K00120,FMOD0112,BACKGROUND,True,False
Q6K00120,FMOD0114,BACKGROUND,True,False
Q6K00120,FMOD0117,BACKGROUND,True,False
Q6K00120,FMOD0118,BACKGROUND,True,False
Q6K00121,FMOD0002,KNOWN,True,False
Q6K00121,FMOD0012,KNOWN,True,False
Q6K00121,FMOD0019,KNOWN,True,False
Q6K00121,FMOD0020,KNOWN,True,False
Q6K00121,FMOD0021,KNOWN,True,False
Q6K00121,FMOD0030,KNOWN,True,False
Q6K00121,FMOD0034,KNOWN,True,False
Q6K00121,FMOD0039,KNOWN,True,False
Q6K00121,FMOD0041,KNOWN,True,False
Q6K00121,FMOD0045,KNOWN,True,False
Q6K00121,FMOD0052,KNOWN,True,False
Q6K00121,FMOD0056,KNOWN,True,False
Q6K00121,FMOD0057,KNOWN,True,False
Q6K00121,FMOD0058,KNOWN,True,False
Q6K00121,FMOD0059,KNOWN,True,False
Q6K00121,FMOD0063,KNOWN,False,True
Q6K00121,FMOD0064,KNOWN,True,False
Q6K00121,FMOD0065,KNOWN,True,False
Q6K00121,FMOD0071,KNOWN,True,False
Q6K00121,FMOD0072,KNOWN,True,False
Q6K00121,FMOD0078,KNOWN,True,False
Q6K00121,FMOD0081,KNOWN,True,False
Q6K00121,FMOD0082,KNOWN,True,False
Q6K00121,FMOD0097,KNOWN,True,False
Q6K00121,FMOD0101,KNOWN,True,False
Q6K00121,FMOD0010,BACKGROUND,True,False
Q6K00121,FMOD0018,BACKGROUND,True,False
Q6K00121,FMOD0026,BACKGROUND,True,False
Q6K00121,FMOD0029,BACKGROUND,True,False
Q6K00121,FMOD0037,BACKGROUND,True,False
Q6K00121,FMOD0042,BACKGROUND,True,False
Q6K00121,FMOD0098,BACKGROUND,True,False
Q6K00121,FMOD0103,BACKGROUND,True,False
Q6K00121,FMOD0107,BACKGROUND,True,False
Q6K00121,FMOD0108,BACKGROUND,True,False
Q6K00121,FMOD0111,BACKGROUND,True,False
Q6K00121,FMOD0112,BACKGROUND,True,False
Q6K00121,FMOD0114,BACKGROUND,True,False
Q6K00121,FMOD0117,BACKGROUND,True,False
Q6K00121,FMOD0118,BACKGROUND,True,False
Q6K00122,FMOD0002,KNOWN,False,True
Q6K00122,FMOD0012,KNOWN,True,False
Q6K00122,FMOD0019,KNOWN,True,False
Q6K00122,FMOD0020,KNOWN,True,False
Q6K00122,FMOD0021,KNOWN,True,False
Q6K00122,FMOD0030,KNOWN,True,False
Q6K00122,FMOD0034,KNOWN,True,False
Q6K00122,FMOD0039,KNOWN,True,False
Q6K00122,FMOD0041,KNOWN,True,False
Q6K00122,FMOD0045,KNOWN,True,False
Q6K00122,FMOD0052,KNOWN,True,False
Q6K00122,FMOD0056,KNOWN,True,False
Q6K00122,FMOD0057,KNOWN,True,False
Q6K00122,FMOD0058,KNOWN,True,False
Q6K00122,FMOD0059,KNOWN,True,False
Q6K00122,FMOD0063,KNOWN,True,False
Q6K00122,FMOD0064,KNOWN,True,False
Q6K00122,FMOD0065,KNOWN,True,False
Q6K00122,FMOD0071,KNOWN,True,False
Q6K00122,FMOD0072,KNOWN,True,False
Q6K00122,FMOD0078,KNOWN,True,False
Q6K00122,FMOD0081,KNOWN,True,False
Q6K00122,FMOD0082,KNOWN,True,False
Q6K00122,FMOD0097,KNOWN,True,False
Q6K00122,FMOD0101,KNOWN,True,False
Q6K00122,FMOD0010,BACKGROUND,True,False
Q6K00122,FMOD0018,BACKGROUND,True,False
Q6K00122,FMOD0026,BACKGROUND,True,False
Q6K00122,FMOD0029,BACKGROUND,True,False
Q6K00122,FMOD0037,BACKGROUND,True,False
Q6K00122,FMOD0042,BACKGROUND,True,False
Q6K00122,FMOD0098,BACKGROUND,True,False
Q6K00122,FMOD0103,BACKGROUND,True,False
Q6K00122,FMOD0107,BACKGROUND,True,False
Q6K00122,FMOD0108,BACKGROUND,True,False
Q6K00122,FMOD0111,BACKGROUND,True,False
Q6K00122,FMOD0112,BACKGROUND,True,False
Q6K00122,FMOD0114,BACKGROUND,True,False
Q6K00122,FMOD0117,BACKGROUND,True,False
Q6K00122,FMOD0118,BACKGROUND,True,False
Q6K00123,FMOD0002,KNOWN,True,False
Q6K00123,FMOD0012,KNOWN,True,False
Q6K00123,FMOD0019,KNOWN,True,False
Q6K00123,FMOD0020,KNOWN,True,False
Q6K00123,FMOD0021,KNOWN,True,False
Q6K00123,FMOD0030,KNOWN,True,False
Q6K00123,FMOD0034,KNOWN,True,False
Q6K00123,FMOD0039,KNOWN,True,False
Q6K00123,FMOD0041,KNOWN,True,False
Q6K00123,FMOD0045,KNOWN,True,False
Q6K00123,FMOD0052,KNOWN,True,False
Q6K00123,FMOD0056,KNOWN,True,False
Q6K00123,FMOD0057,KNOWN,True,False
Q6K00123,FMOD0058,KNOWN,False,True
Q6K00123,FMOD0059,KNOWN,True,False
Q6K00123,FMOD0063,KNOWN,True,False
Q6K00123,FMOD0064,KNOWN,True,False
Q6K00123,FMOD0065,KNOWN,True,False
Q6K00123,FMOD0071,KNOWN,True,False
Q6K00123,FMOD0072,KNOWN,True,False
Q6K00123,FMOD0078,KNOWN,True,False
Q6K00123,FMOD0081,KNOWN,True,False
Q6K00123,FMOD0082,KNOWN,True,False
Q6K00123,FMOD0097,KNOWN,True,False
Q6K00123,FMOD0101,KNOWN,True,False
Q6K00123,FMOD0010,BACKGROUND,True,False
Q6K00123,FMOD0018,BACKGROUND,True,False
Q6K00123,FMOD0026,BACKGROUND,True,False
Q6K00123,FMOD0029,BACKGROUND,True,False
Q6K00123,FMOD0037,BACKGROUND,True,False
Q6K00123,FMOD0042,BACKGROUND,True,False
Q6K00123,FMOD0098,BACKGROUND,True,False
Q6K00123,FMOD0103,BACKGROUND,True,False
Q6K00123,FMOD0107,BACKGROUND,True,False
Q6K00123,FMOD0108,BACKGROUND,True,False
Q6K00123,FMOD0111,BACKGROUND,True,False
Q6K00123,FMOD0112,BACKGROUND,True,False
Q6K00123,FMOD0114,BACKGROUND,True,False
Q6K00123,FMOD0117,BACKGROUND,True,False
Q6K00123,FMOD0118,BACKGROUND,True,False
Q6K00124,FMOD0002,KNOWN,True,False
Q6K00124,FMOD0012,KNOWN,True,False
Q6K00124,FMOD0019,KNOWN,True,False
Q6K00124,FMOD0020,KNOWN,True,False
Q6K00124,FMOD0021,KNOWN,True,False
Q6K00124,FMOD0030,KNOWN,True,False
Q6K00124,FMOD0034,KNOWN,True,False
Q6K00124,FMOD0039,KNOWN,True,False
Q6K00124,FMOD0041,KNOWN,True,False
Q6K00124,FMOD0045,KNOWN,True,False
Q6K00124,FMOD0052,KNOWN,True,False
Q6K00124,FMOD0056,KNOWN,True,False
Q6K00124,FMOD0057,KNOWN,True,False
Q6K00124,FMOD0058,KNOWN,True,False
Q6K00124,FMOD0059,KNOWN,True,False
Q6K00124,FMOD0063,KNOWN,True,False
Q6K00124,FMOD0064,KNOWN,True,False
Q6K00124,FMOD0065,KNOWN,True,False
Q6K00124,FMOD0071,KNOWN,True,False
Q6K00124,FMOD0072,KNOWN,True,False
Q6K00124,FMOD0078,KNOWN,True,False
Q6K00124,FMOD0081,KNOWN,True,False
Q6K00124,FMOD0082,KNOWN,True,False
Q6K00124,FMOD0097,KNOWN,True,False
Q6K00124,FMOD0101,KNOWN,False,True
Q6K00124,FMOD0010,BACKGROUND,True,False
Q6K00124,FMOD0018,BACKGROUND,True,False
Q6K00124,FMOD0026,BACKGROUND,True,False
Q6K00124,FMOD0029,BACKGROUND,True,False
Q6K00124,FMOD0037,BACKGROUND,True,False
Q6K00124,FMOD0042,BACKGROUND,True,False
Q6K00124,FMOD0098,BACKGROUND,True,False
Q6K00124,FMOD0103,BACKGROUND,True,False
Q6K00124,FMOD0107,BACKGROUND,True,False
Q6K00124,FMOD0108,BACKGROUND,True,False
Q6K00124,FMOD0111,BACKGROUND,True,False
Q6K00124,FMOD0112,BACKGROUND,True,False
Q6K00124,FMOD0114,BACKGROUND,True,False
Q6K00124,FMOD0117,BACKGROUND,True,False
Q6K00124,FMOD0118,BACKGROUND,True,False
Q6K00125,FMOD0002,KNOWN,True,False
Q6K00125,FMOD0012,KNOWN,True,False
Q6K00125,FMOD0019,KNOWN,True,False
Q6K00125,FMOD0020,KNOWN,True,False
Q6K00125,FMOD0021,KNOWN,True,False
Q6K00125,FMOD0030,KNOWN,True,False
Q6K00125,FMOD0034,KNOWN,True,False
Q6K00125,FMOD0039,KNOWN,True,False
Q6K00125,FMOD0041,KNOWN,True,False
Q6K00125,FMOD0045,KNOWN,True,False
Q6K00125,FMOD0052,KNOWN,True,False
Q6K00125,FMOD0056,KNOWN,True,False
Q6K00125,FMOD0057,KNOWN,True,False
Q6K00125,FMOD0058,KNOWN,True,False
Q6K00125,FMOD0059,KNOWN,True,False
Q6K00125,FMOD0063,KNOWN,True,False
Q6K00125,FMOD0064,KNOWN,True,False
Q6K00125,FMOD0065,KNOWN,True,False
Q6K00125,FMOD0071,KNOWN,True,False
Q6K00125,FMOD0072,KNOWN,True,False
Q6K00125,FMOD0078,KNOWN,True,False
Q6K00125,FMOD0081,KNOWN,True,False
Q6K00125,FMOD0082,KNOWN,True,False
Q6K00125,FMOD0097,KNOWN,False,True
Q6K00125,FMOD0101,KNOWN,True,False
Q6K00125,FMOD0010,BACKGROUND,True,False
Q6K00125,FMOD0018,BACKGROUND,True,False
Q6K00125,FMOD0026,BACKGROUND,True,False
Q6K00125,FMOD0029,BACKGROUND,True,False
Q6K00125,FMOD0037,BACKGROUND,True,False
Q6K00125,FMOD0042,BACKGROUND,True,False
Q6K00125,FMOD0098,BACKGROUND,True,False
Q6K00125,FMOD0103,BACKGROUND,True,False
Q6K00125,FMOD0107,BACKGROUND,True,False
Q6K00125,FMOD0108,BACKGROUND,True,False
Q6K00125,FMOD0111,BACKGROUND,True,False
Q6K00125,FMOD0112,BACKGROUND,True,False
Q6K00125,FMOD0114,BACKGROUND,True,False
Q6K00125,FMOD0117,BACKGROUND,True,False
Q6K00125,FMOD0118,BACKGROUND,True,False
Q6K00126,FMOD0002,KNOWN,True,False
Q6K00126,FMOD0012,KNOWN,True,False
Q6K00126,FMOD0019,KNOWN,True,False
Q6K00126,FMOD0020,KNOWN,True,False
Q6K00126,FMOD0021,KNOWN,True,False
Q6K00126,FMOD0030,KNOWN,True,False
Q6K00126,FMOD0034,KNOWN,True,False
Q6K00126,FMOD0039,KNOWN,True,False
Q6K00126,FMOD0041,KNOWN,True,False
Q6K00126,FMOD0045,KNOWN,True,False
Q6K00126,FMOD0052,KNOWN,True,False
Q6K00126,FMOD0056,KNOWN,True,False
Q6K00126,FMOD0057,KNOWN,True,False
Q6K00126,FMOD0058,KNOWN,True,False
Q6K00126,FMOD0059,KNOWN,True,False
Q6K00126,FMOD0063,KNOWN,True,False
Q6K00126,FMOD0064,KNOWN,True,False
Q6K00126,FMOD0065,KNOWN,True,False
Q6K00126,FMOD0071,KNOWN,True,False
Q6K00126,FMOD0072,KNOWN,True,False
Q6K00126,FMOD0078,KNOWN,True,False
Q6K00126,FMOD0081,KNOWN,True,False
Q6K00126,FMOD0082,KNOWN,True,False
Q6K00126,FMOD0097,KNOWN,True,False
Q6K00126,FMOD0101,KNOWN,False,True
Q6K00126,FMOD0010,BACKGROUND,True,False
Q6K00126,FMOD0018,BACKGROUND,True,False
Q6K00126,FMOD0026,BACKGROUND,True,False
Q6K00126,FMOD0029,BACKGROUND,True,False
Q6K00126,FMOD0037,BACKGROUND,True,False
Q6K00126,FMOD0042,BACKGROUND,True,False
Q6K00126,FMOD0098,BACKGROUND,True,False
Q6K00126,FMOD0103,BACKGROUND,True,False
Q6K00126,FMOD0107,BACKGROUND,True,False
Q6K00126,FMOD0108,BACKGROUND,True,False
Q6K00126,FMOD0111,BACKGROUND,True,False
Q6K00126,FMOD0112,BACKGROUND,True,False
Q6K00126,FMOD0114,BACKGROUND,True,False
Q6K00126,FMOD0117,BACKGROUND,True,False
Q6K00126,FMOD0118,BACKGROUND,True,False
Q6K00127,FMOD0002,KNOWN,True,False
Q6K00127,FMOD0012,KNOWN,True,False
Q6K00127,FMOD0019,KNOWN,True,False
Q6K00127,FMOD0020,KNOWN,True,False
Q6K00127,FMOD0021,KNOWN,True,False
Q6K00127,FMOD0030,KNOWN,True,False
Q6K00127,FMOD0034,KNOWN,True,False
Q6K00127,FMOD0039,KNOWN,True,False
Q6K00127,FMOD0041,KNOWN,True,False
Q6K00127,FMOD0045,KNOWN,True,False
Q6K00127,FMOD0052,KNOWN,True,False
Q6K00127,FMOD0056,KNOWN,True,False
Q6K00127,FMOD0057,KNOWN,True,False
Q6K00127,FMOD0058,KNOWN,False,True
Q6K00127,FMOD0059,KNOWN,True,False
Q6K00127,FMOD0063,KNOWN,True,False
Q6K00127,FMOD0064,KNOWN,True,False
Q6K00127,FMOD0065,KNOWN,True,False
Q6K00127,FMOD0071,KNOWN,True,False
Q6K00127,FMOD0072,KNOWN,True,False
Q6K00127,FMOD0078,KNOWN,True,False
Q6K00127,FMOD0081,KNOWN,True,False
Q6K00127,FMOD0082,KNOWN,True,False
Q6K00127,FMOD0097,KNOWN,True,False
Q6K00127,FMOD0101,KNOWN,True,False
Q6K00127,FMOD0010,BACKGROUND,True,False
Q6K00127,FMOD0018,BACKGROUND,True,False
Q6K00127,FMOD0026,BACKGROUND,True,False
Q6K00127,FMOD0029,BACKGROUND,True,False
Q6K00127,FMOD0037,BACKGROUND,True,False
Q6K00127,FMOD0042,BACKGROUND,True,False
Q6K00127,FMOD0098,BACKGROUND,True,False
Q6K00127,FMOD0103,BACKGROUND,True,False
Q6K00127,FMOD0107,BACKGROUND,True,False
Q6K00127,FMOD0108,BACKGROUND,True,False
Q6K00127,FMOD0111,BACKGROUND,True,False
Q6K00127,FMOD0112,BACKGROUND,True,False
Q6K00127,FMOD0114,BACKGROUND,True,False
Q6K00127,FMOD0117,BACKGROUND,True,False
Q6K00127,FMOD0118,BACKGROUND,True,False
Q6K00128,FMOD0002,KNOWN,True,False
Q6K00128,FMOD0012,KNOWN,True,False
Q6K00128,FMOD0019,KNOWN,True,False
Q6K00128,FMOD0020,KNOWN,True,False
Q6K00128,FMOD0021,KNOWN,True,False
Q6K00128,FMOD0030,KNOWN,True,False
Q6K00128,FMOD0034,KNOWN,True,False
Q6K00128,FMOD0039,KNOWN,True,False
Q6K00128,FMOD0041,KNOWN,True,False
Q6K00128,FMOD0045,KNOWN,True,False
Q6K00128,FMOD0052,KNOWN,True,False
Q6K00128,FMOD0056,KNOWN,True,False
Q6K00128,FMOD0057,KNOWN,True,False
Q6K00128,FMOD0058,KNOWN,True,False
Q6K00128,FMOD0059,KNOWN,True,False
Q6K00128,FMOD0063,KNOWN,True,False
Q6K00128,FMOD0064,KNOWN,True,False
Q6K00128,FMOD0065,KNOWN,True,False
Q6K00128,FMOD0071,KNOWN,True,False
Q6K00128,FMOD0072,KNOWN,True,False
Q6K00128,FMOD0078,KNOWN,True,False
Q6K00128,FMOD0081,KNOWN,True,False
Q6K00128,FMOD0082,KNOWN,True,False
Q6K00128,FMOD0097,KNOWN,False,True
Q6K00128,FMOD0101,KNOWN,True,False
Q6K00128,FMOD0010,BACKGROUND,True,False
Q6K00128,FMOD0018,BACKGROUND,True,False
Q6K00128,FMOD0026,BACKGROUND,True,False
Q6K00128,FMOD0029,BACKGROUND,True,False
Q6K00128,FMOD0037,BACKGROUND,True,False
Q6K00128,FMOD0042,BACKGROUND,True,False
Q6K00128,FMOD0098,BACKGROUND,True,False
Q6K00128,FMOD0103,BACKGROUND,True,False
Q6K00128,FMOD0107,BACKGROUND,True,False
Q6K00128,FMOD0108,BACKGROUND,True,False
Q6K00128,FMOD0111,BACKGROUND,True,False
Q6K00128,FMOD0112,BACKGROUND,True,False
Q6K00128,FMOD0114,BACKGROUND,True,False
Q6K00128,FMOD0117,BACKGROUND,True,False
Q6K00128,FMOD0118,BACKGROUND,True,False
Q6K00129,FMOD0002,KNOWN,True,False
Q6K00129,FMOD0012,KNOWN,True,False
Q6K00129,FMOD0019,KNOWN,True,False
Q6K00129,FMOD0020,KNOWN,True,False
Q6K00129,FMOD0021,KNOWN,True,False
Q6K00129,FMOD0030,KNOWN,True,False
Q6K00129,FMOD0034,KNOWN,True,False
Q6K00129,FMOD0039,KNOWN,True,False
Q6K00129,FMOD0041,KNOWN,True,False
Q6K00129,FMOD0045,KNOWN,True,False
Q6K00129,FMOD0052,KNOWN,True,False
Q6K00129,FMOD0056,KNOWN,True,False
Q6K00129,FMOD0057,KNOWN,True,False
Q6K00129,FMOD0058,KNOWN,True,False
Q6K00129,FMOD0059,KNOWN,True,False
Q6K00129,FMOD0063,KNOWN,True,False
Q6K00129,FMOD0064,KNOWN,True,False
Q6K00129,FMOD0065,KNOWN,False,True
Q6K00129,FMOD0071,KNOWN,True,False
Q6K00129,FMOD0072,KNOWN,True,False
Q6K00129,FMOD0078,KNOWN,True,False
Q6K00129,FMOD0081,KNOWN,True,False
Q6K00129,FMOD0082,KNOWN,True,False
Q6K00129,FMOD0097,KNOWN,True,False
Q6K00129,FMOD0101,KNOWN,True,False
Q6K00129,FMOD0010,BACKGROUND,True,False
Q6K00129,FMOD0018,BACKGROUND,True,False
Q6K00129,FMOD0026,BACKGROUND,True,False
Q6K00129,FMOD0029,BACKGROUND,True,False
Q6K00129,FMOD0037,BACKGROUND,True,False
Q6K00129,FMOD0042,BACKGROUND,True,False
Q6K00129,FMOD0098,BACKGROUND,True,False
Q6K00129,FMOD0103,BACKGROUND,True,False
Q6K00129,FMOD0107,BACKGROUND,True,False
Q6K00129,FMOD0108,BACKGROUND,True,False
Q6K00129,FMOD0111,BACKGROUND,True,False
Q6K00129,FMOD0112,BACKGROUND,True,False
Q6K00129,FMOD0114,BACKGROUND,True,False
Q6K00129,FMOD0117,BACKGROUND,True,False
Q6K00129,FMOD0118,BACKGROUND,True,False
Q6K00130,FMOD0002,KNOWN,False,True
Q6K00130,FMOD0012,KNOWN,True,False
Q6K00130,FMOD0019,KNOWN,True,False
Q6K00130,FMOD0020,KNOWN,True,False
Q6K00130,FMOD0021,KNOWN,True,False
Q6K00130,FMOD0030,KNOWN,True,False
Q6K00130,FMOD0034,KNOWN,True,False
Q6K00130,FMOD0039,KNOWN,True,False
Q6K00130,FMOD0041,KNOWN,True,False
Q6K00130,FMOD0045,KNOWN,True,False
Q6K00130,FMOD0052,KNOWN,True,False
Q6K00130,FMOD0056,KNOWN,True,False
Q6K00130,FMOD0057,KNOWN,True,False
Q6K00130,FMOD0058,KNOWN,True,False
Q6K00130,FMOD0059,KNOWN,True,False
Q6K00130,FMOD0063,KNOWN,True,False
Q6K00130,FMOD0064,KNOWN,True,False
Q6K00130,FMOD0065,KNOWN,True,False
Q6K00130,FMOD0071,KNOWN,True,False
Q6K00130,FMOD0072,KNOWN,True,False
Q6K00130,FMOD0078,KNOWN,True,False
Q6K00130,FMOD0081,KNOWN,True,False
Q6K00130,FMOD0082,KNOWN,True,False
Q6K00130,FMOD0097,KNOWN,True,False
Q6K00130,FMOD0101,KNOWN,True,False
Q6K00130,FMOD0010,BACKGROUND,True,False
Q6K00130,FMOD0018,BACKGROUND,True,False
Q6K00130,FMOD0026,BACKGROUND,True,False
Q6K00130,FMOD0029,BACKGROUND,True,False
Q6K00130,FMOD0037,BACKGROUND,True,False
Q6K00130,FMOD0042,BACKGROUND,True,False
Q6K00130,FMOD0098,BACKGROUND,True,False
Q6K00130,FMOD0103,BACKGROUND,True,False
Q6K00130,FMOD0107,BACKGROUND,True,False
Q6K00130,FMOD0108,BACKGROUND,True,False
Q6K00130,FMOD0111,BACKGROUND,True,False
Q6K00130,FMOD0112,BACKGROUND,True,False
Q6K00130,FMOD0114,BACKGROUND,True,False
Q6K00130,FMOD0117,BACKGROUND,True,False
Q6K00130,FMOD0118,BACKGROUND,True,False
Q6K00131,FMOD0002,KNOWN,True,False
Q6K00131,FMOD0012,KNOWN,True,False
Q6K00131,FMOD0019,KNOWN,True,False
Q6K00131,FMOD0020,KNOWN,True,False
Q6K00131,FMOD0021,KNOWN,True,False
Q6K00131,FMOD0030,KNOWN,True,False
Q6K00131,FMOD0034,KNOWN,True,False
Q6K00131,FMOD0039,KNOWN,True,False
Q6K00131,FMOD0041,KNOWN,True,False
Q6K00131,FMOD0045,KNOWN,True,False
Q6K00131,FMOD0052,KNOWN,True,False
Q6K00131,FMOD0056,KNOWN,True,False
Q6K00131,FMOD0057,KNOWN,True,False
Q6K00131,FMOD0058,KNOWN,True,False
Q6K00131,FMOD0059,KNOWN,True,False
Q6K00131,FMOD0063,KNOWN,True,False
Q6K00131,FMOD0064,KNOWN,True,False
Q6K00131,FMOD0065,KNOWN,True,False
Q6K00131,FMOD0071,KNOWN,True,False
Q6K00131,FMOD0072,KNOWN,True,False
Q6K00131,FMOD0078,KNOWN,True,False
Q6K00131,FMOD0081,KNOWN,True,False
Q6K00131,FMOD0082,KNOWN,False,True
Q6K00131,FMOD0097,KNOWN,True,False
Q6K00131,FMOD0101,KNOWN,True,False
Q6K00131,FMOD0010,BACKGROUND,True,False
Q6K00131,FMOD0018,BACKGROUND,True,False
Q6K00131,FMOD0026,BACKGROUND,True,False
Q6K00131,FMOD0029,BACKGROUND,True,False
Q6K00131,FMOD0037,BACKGROUND,True,False
Q6K00131,FMOD0042,BACKGROUND,True,False
Q6K00131,FMOD0098,BACKGROUND,True,False
Q6K00131,FMOD0103,BACKGROUND,True,False
Q6K00131,FMOD0107,BACKGROUND,True,False
Q6K00131,FMOD0108,BACKGROUND,True,False
Q6K00131,FMOD0111,BACKGROUND,True,False
Q6K00131,FMOD0112,BACKGROUND,True,False
Q6K00131,FMOD0114,BACKGROUND,True,False
Q6K00131,FMOD0117,BACKGROUND,True,False
Q6K00131,FMOD0118,BACKGROUND,True,False
Q6K00132,FMOD0002,KNOWN,True,False
Q6K00132,FMOD0012,KNOWN,True,False
Q6K00132,FMOD0019,KNOWN,True,False
Q6K00132,FMOD0020,KNOWN,True,False
Q6K00132,FMOD0021,KNOWN,True,False
Q6K00132,FMOD0030,KNOWN,True,False
Q6K00132,FMOD0034,KNOWN,True,False
Q6K00132,FMOD0039,KNOWN,True,False
Q6K00132,FMOD0041,KNOWN,True,False
Q6K00132,FMOD0045,KNOWN,True,False
Q6K00132,FMOD0052,KNOWN,True,False
Q6K00132,FMOD0056,KNOWN,False,True
Q6K00132,FMOD0057,KNOWN,True,False
Q6K00132,FMOD0058,KNOWN,True,False
Q6K00132,FMOD0059,KNOWN,True,False
Q6K00132,FMOD0063,KNOWN,True,False
Q6K00132,FMOD0064,KNOWN,True,False
Q6K00132,FMOD0065,KNOWN,True,False
Q6K00132,FMOD0071,KNOWN,True,False
Q6K00132,FMOD0072,KNOWN,True,False
Q6K00132,FMOD0078,KNOWN,True,False
Q6K00132,FMOD0081,KNOWN,True,False
Q6K00132,FMOD0082,KNOWN,True,False
Q6K00132,FMOD0097,KNOWN,True,False
Q6K00132,FMOD0101,KNOWN,True,False
Q6K00132,FMOD0010,BACKGROUND,True,False
Q6K00132,FMOD0018,BACKGROUND,True,False
Q6K00132,FMOD0026,BACKGROUND,True,False
Q6K00132,FMOD0029,BACKGROUND,True,False
Q6K00132,FMOD0037,BACKGROUND,True,False
Q6K00132,FMOD0042,BACKGROUND,True,False
Q6K00132,FMOD0098,BACKGROUND,True,False
Q6K00132,FMOD0103,BACKGROUND,True,False
Q6K00132,FMOD0107,BACKGROUND,True,False
Q6K00132,FMOD0108,BACKGROUND,True,False
Q6K00132,FMOD0111,BACKGROUND,True,False
Q6K00132,FMOD0112,BACKGROUND,True,False
Q6K00132,FMOD0114,BACKGROUND,True,False
Q6K00132,FMOD0117,BACKGROUND,True,False
Q6K00132,FMOD0118,BACKGROUND,True,False
Q6K00133,FMOD0002,KNOWN,True,False
Q6K00133,FMOD0012,KNOWN,True,False
Q6K00133,FMOD0019,KNOWN,True,False
Q6K00133,FMOD0020,KNOWN,True,False
Q6K00133,FMOD0021,KNOWN,True,False
Q6K00133,FMOD0030,KNOWN,True,False
Q6K00133,FMOD0034,KNOWN,True,False
Q6K00133,FMOD0039,KNOWN,True,False
Q6K00133,FMOD0041,KNOWN,True,False
Q6K00133,FMOD0045,KNOWN,True,False
Q6K00133,FMOD0052,KNOWN,True,False
Q6K00133,FMOD0056,KNOWN,True,False
Q6K00133,FMOD0057,KNOWN,True,False
Q6K00133,FMOD0058,KNOWN,True,False
Q6K00133,FMOD0059,KNOWN,True,False
Q6K00133,FMOD0063,KNOWN,True,False
Q6K00133,FMOD0064,KNOWN,True,False
Q6K00133,FMOD0065,KNOWN,True,False
Q6K00133,FMOD0071,KNOWN,True,False
Q6K00133,FMOD0072,KNOWN,True,False
Q6K00133,FMOD0078,KNOWN,True,False
Q6K00133,FMOD0081,KNOWN,True,False
Q6K00133,FMOD0082,KNOWN,True,False
Q6K00133,FMOD0097,KNOWN,False,True
Q6K00133,FMOD0101,KNOWN,True,False
Q6K00133,FMOD0010,BACKGROUND,True,False
Q6K00133,FMOD0018,BACKGROUND,True,False
Q6K00133,FMOD0026,BACKGROUND,True,False
Q6K00133,FMOD0029,BACKGROUND,True,False
Q6K00133,FMOD0037,BACKGROUND,True,False
Q6K00133,FMOD0042,BACKGROUND,True,False
Q6K00133,FMOD0098,BACKGROUND,True,False
Q6K00133,FMOD0103,BACKGROUND,True,False
Q6K00133,FMOD0107,BACKGROUND,True,False
Q6K00133,FMOD0108,BACKGROUND,True,False
Q6K00133,FMOD0111,BACKGROUND,True,False
Q6K00133,FMOD0112,BACKGROUND,True,False
Q6K00133,FMOD0114,BACKGROUND,True,False
Q6K00133,FMOD0117,BACKGROUND,True,False
Q6K00133,FMOD0118,BACKGROUND,True,False
Q6K00134,FMOD0002,KNOWN,True,False
Q6K00134,FMOD0012,KNOWN,True,False
Q6K00134,FMOD0019,KNOWN,True,False
Q6K00134,FMOD0020,KNOWN,True,False
Q6K00134,FMOD0021,KNOWN,True,False
Q6K00134,FMOD0030,KNOWN,True,False
Q6K00134,FMOD0034,KNOWN,True,False
Q6K00134,FMOD0039,KNOWN,True,False
Q6K00134,FMOD0041,KNOWN,True,False
Q6K00134,FMOD0045,KNOWN,True,False
Q6K00134,FMOD0052,KNOWN,True,False
Q6K00134,FMOD0056,KNOWN,True,False
Q6K00134,FMOD0057,KNOWN,False,True
Q6K00134,FMOD0058,KNOWN,True,False
Q6K00134,FMOD0059,KNOWN,True,False
Q6K00134,FMOD0063,KNOWN,True,False
Q6K00134,FMOD0064,KNOWN,True,False
Q6K00134,FMOD0065,KNOWN,True,False
Q6K00134,FMOD0071,KNOWN,True,False
Q6K00134,FMOD0072,KNOWN,True,False
Q6K00134,FMOD0078,KNOWN,True,False
Q6K00134,FMOD0081,KNOWN,True,False
Q6K00134,FMOD0082,KNOWN,True,False
Q6K00134,FMOD0097,KNOWN,True,False
Q6K00134,FMOD0101,KNOWN,True,False
Q6K00134,FMOD0010,BACKGROUND,True,False
Q6K00134,FMOD0018,BACKGROUND,True,False
Q6K00134,FMOD0026,BACKGROUND,True,False
Q6K00134,FMOD0029,BACKGROUND,True,False
Q6K00134,FMOD0037,BACKGROUND,True,False
Q6K00134,FMOD0042,BACKGROUND,True,False
Q6K00134,FMOD0098,BACKGROUND,True,False
Q6K00134,FMOD0103,BACKGROUND,True,False
Q6K00134,FMOD0107,BACKGROUND,True,False
Q6K00134,FMOD0108,BACKGROUND,True,False
Q6K00134,FMOD0111,BACKGROUND,True,False
Q6K00134,FMOD0112,BACKGROUND,True,False
Q6K00134,FMOD0114,BACKGROUND,True,False
Q6K00134,FMOD0117,BACKGROUND,True,False
Q6K00134,FMOD0118,BACKGROUND,True,False
Q6K00135,FMOD0002,KNOWN,True,False
Q6K00135,FMOD0012,KNOWN,True,False
Q6K00135,FMOD0019,KNOWN,True,False
Q6K00135,FMOD0020,KNOWN,True,False
Q6K00135,FMOD0021,KNOWN,True,False
Q6K00135,FMOD0030,KNOWN,True,False
Q6K00135,FMOD0034,KNOWN,True,False
Q6K00135,FMOD0039,KNOWN,True,False
Q6K00135,FMOD0041,KNOWN,True,False
Q6K00135,FMOD0045,KNOWN,True,False
Q6K00135,FMOD0052,KNOWN,True,False
Q6K00135,FMOD0056,KNOWN,True,False
Q6K00135,FMOD0057,KNOWN,True,False
Q6K00135,FMOD0058,KNOWN,True,False
Q6K00135,FMOD0059,KNOWN,True,False
Q6K00135,FMOD0063,KNOWN,True,False
Q6K00135,FMOD0064,KNOWN,True,False
Q6K00135,FMOD0065,KNOWN,True,False
Q6K00135,FMOD0071,KNOWN,True,False
Q6K00135,FMOD0072,KNOWN,False,True
Q6K00135,FMOD0078,KNOWN,True,False
Q6K00135,FMOD0081,KNOWN,True,False
Q6K00135,FMOD0082,KNOWN,True,False
Q6K00135,FMOD0097,KNOWN,True,False
Q6K00135,FMOD0101,KNOWN,True,False
Q6K00135,FMOD0010,BACKGROUND,True,False
Q6K00135,FMOD0018,BACKGROUND,True,False
Q6K00135,FMOD0026,BACKGROUND,True,False
Q6K00135,FMOD0029,BACKGROUND,True,False
Q6K00135,FMOD0037,BACKGROUND,True,False
Q6K00135,FMOD0042,BACKGROUND,True,False
Q6K00135,FMOD0098,BACKGROUND,True,False
Q6K00135,FMOD0103,BACKGROUND,True,False
Q6K00135,FMOD0107,BACKGROUND,True,False
Q6K00135,FMOD0108,BACKGROUND,True,False
Q6K00135,FMOD0111,BACKGROUND,True,False
Q6K00135,FMOD0112,BACKGROUND,True,False
Q6K00135,FMOD0114,BACKGROUND,True,False
Q6K00135,FMOD0117,BACKGROUND,True,False
Q6K00135,FMOD0118,BACKGROUND,True,False
Q6K00136,FMOD0002,KNOWN,True,False
Q6K00136,FMOD0012,KNOWN,True,False
Q6K00136,FMOD0019,KNOWN,True,False
Q6K00136,FMOD0020,KNOWN,True,False
Q6K00136,FMOD0021,KNOWN,True,False
Q6K00136,FMOD0030,KNOWN,True,False
Q6K00136,FMOD0034,KNOWN,True,False
Q6K00136,FMOD0039,KNOWN,True,False
Q6K00136,FMOD0041,KNOWN,True,False
Q6K00136,FMOD0045,KNOWN,True,False
Q6K00136,FMOD0052,KNOWN,True,False
Q6K00136,FMOD0056,KNOWN,True,False
Q6K00136,FMOD0057,KNOWN,True,False
Q6K00136,FMOD0058,KNOWN,True,False
Q6K00136,FMOD0059,KNOWN,True,False
Q6K00136,FMOD0063,KNOWN,True,False
Q6K00136,FMOD0064,KNOWN,True,False
Q6K00136,FMOD0065,KNOWN,True,False
Q6K00136,FMOD0071,KNOWN,True,False
Q6K00136,FMOD0072,KNOWN,True,False
Q6K00136,FMOD0078,KNOWN,True,False
Q6K00136,FMOD0081,KNOWN,False,True
Q6K00136,FMOD0082,KNOWN,True,False
Q6K00136,FMOD0097,KNOWN,True,False
Q6K00136,FMOD0101,KNOWN,True,False
Q6K00136,FMOD0010,BACKGROUND,True,False
Q6K00136,FMOD0018,BACKGROUND,True,False
Q6K00136,FMOD0026,BACKGROUND,True,False
Q6K00136,FMOD0029,BACKGROUND,True,False
Q6K00136,FMOD0037,BACKGROUND,True,False
Q6K00136,FMOD0042,BACKGROUND,True,False
Q6K00136,FMOD0098,BACKGROUND,True,False
Q6K00136,FMOD0103,BACKGROUND,True,False
Q6K00136,FMOD0107,BACKGROUND,True,False
Q6K00136,FMOD0108,BACKGROUND,True,False
Q6K00136,FMOD0111,BACKGROUND,True,False
Q6K00136,FMOD0112,BACKGROUND,True,False
Q6K00136,FMOD0114,BACKGROUND,True,False
Q6K00136,FMOD0117,BACKGROUND,True,False
Q6K00136,FMOD0118,BACKGROUND,True,False
Q6K00137,FMOD0002,KNOWN,True,False
Q6K00137,FMOD0012,KNOWN,True,False
Q6K00137,FMOD0019,KNOWN,True,False
Q6K00137,FMOD0020,KNOWN,True,False
Q6K00137,FMOD0021,KNOWN,True,False
Q6K00137,FMOD0030,KNOWN,True,False
Q6K00137,FMOD0034,KNOWN,True,False
Q6K00137,FMOD0039,KNOWN,True,False
Q6K00137,FMOD0041,KNOWN,True,False
Q6K00137,FMOD0045,KNOWN,True,False
Q6K00137,FMOD0052,KNOWN,True,False
Q6K00137,FMOD0056,KNOWN,True,False
Q6K00137,FMOD0057,KNOWN,True,False
Q6K00137,FMOD0058,KNOWN,True,False
Q6K00137,FMOD0059,KNOWN,True,False
Q6K00137,FMOD0063,KNOWN,True,False
Q6K00137,FMOD0064,KNOWN,True,False
Q6K00137,FMOD0065,KNOWN,True,False
Q6K00137,FMOD0071,KNOWN,True,False
Q6K00137,FMOD0072,KNOWN,False,True
Q6K00137,FMOD0078,KNOWN,True,False
Q6K00137,FMOD0081,KNOWN,True,False
Q6K00137,FMOD0082,KNOWN,True,False
Q6K00137,FMOD0097,KNOWN,True,False
Q6K00137,FMOD0101,KNOWN,True,False
Q6K00137,FMOD0010,BACKGROUND,True,False
Q6K00137,FMOD0018,BACKGROUND,True,False
Q6K00137,FMOD0026,BACKGROUND,True,False
Q6K00137,FMOD0029,BACKGROUND,True,False
Q6K00137,FMOD0037,BACKGROUND,True,False
Q6K00137,FMOD0042,BACKGROUND,True,False
Q6K00137,FMOD0098,BACKGROUND,True,False
Q6K00137,FMOD0103,BACKGROUND,True,False
Q6K00137,FMOD0107,BACKGROUND,True,False
Q6K00137,FMOD0108,BACKGROUND,True,False
Q6K00137,FMOD0111,BACKGROUND,True,False
Q6K00137,FMOD0112,BACKGROUND,True,False
Q6K00137,FMOD0114,BACKGROUND,True,False
Q6K00137,FMOD0117,BACKGROUND,True,False
Q6K00137,FMOD0118,BACKGROUND,True,False
Q6K00138,FMOD0002,KNOWN,True,False
Q6K00138,FMOD0012,KNOWN,True,False
Q6K00138,FMOD0019,KNOWN,True,False
Q6K00138,FMOD0020,KNOWN,True,False
Q6K00138,FMOD0021,KNOWN,True,False
Q6K00138,FMOD0030,KNOWN,True,False
Q6K00138,FMOD0034,KNOWN,True,False
Q6K00138,FMOD0039,KNOWN,True,False
Q6K00138,FMOD0041,KNOWN,True,False
Q6K00138,FMOD0045,KNOWN,True,False
Q6K00138,FMOD0052,KNOWN,True,False
Q6K00138,FMOD0056,KNOWN,True,False
Q6K00138,FMOD0057,KNOWN,True,False
Q6K00138,FMOD0058,KNOWN,True,False
Q6K00138,FMOD0059,KNOWN,True,False
Q6K00138,FMOD0063,KNOWN,True,False
Q6K00138,FMOD0064,KNOWN,True,False
Q6K00138,FMOD0065,KNOWN,True,False
Q6K00138,FMOD0071,KNOWN,True,False
Q6K00138,FMOD0072,KNOWN,False,True
Q6K00138,FMOD0078,KNOWN,True,False
Q6K00138,FMOD0081,KNOWN,True,False
Q6K00138,FMOD0082,KNOWN,True,False
Q6K00138,FMOD0097,KNOWN,True,False
Q6K00138,FMOD0101,KNOWN,True,False
Q6K00138,FMOD0010,BACKGROUND,True,False
Q6K00138,FMOD0018,BACKGROUND,True,False
Q6K00138,FMOD0026,BACKGROUND,True,False
Q6K00138,FMOD0029,BACKGROUND,True,False
Q6K00138,FMOD0037,BACKGROUND,True,False
Q6K00138,FMOD0042,BACKGROUND,True,False
Q6K00138,FMOD0098,BACKGROUND,True,False
Q6K00138,FMOD0103,BACKGROUND,True,False
Q6K00138,FMOD0107,BACKGROUND,True,False
Q6K00138,FMOD0108,BACKGROUND,True,False
Q6K00138,FMOD0111,BACKGROUND,True,False
Q6K00138,FMOD0112,BACKGROUND,True,False
Q6K00138,FMOD0114,BACKGROUND,True,False
Q6K00138,FMOD0117,BACKGROUND,True,False
Q6K00138,FMOD0118,BACKGROUND,True,False
Q6K00139,FMOD0002,KNOWN,True,False
Q6K00139,FMOD0012,KNOWN,True,False
Q6K00139,FMOD0019,KNOWN,True,False
Q6K00139,FMOD0020,KNOWN,False,True
Q6K00139,FMOD0021,KNOWN,True,False
Q6K00139,FMOD0030,KNOWN,True,False
Q6K00139,FMOD0034,KNOWN,True,False
Q6K00139,FMOD0039,KNOWN,True,False
Q6K00139,FMOD0041,KNOWN,True,False
Q6K00139,FMOD0045,KNOWN,True,False
Q6K00139,FMOD0052,KNOWN,True,False
Q6K00139,FMOD0056,KNOWN,True,False
Q6K00139,FMOD0057,KNOWN,True,False
Q6K00139,FMOD0058,KNOWN,True,False
Q6K00139,FMOD0059,KNOWN,True,False
Q6K00139,FMOD0063,KNOWN,True,False
Q6K00139,FMOD0064,KNOWN,True,False
Q6K00139,FMOD0065,KNOWN,True,False
Q6K00139,FMOD0071,KNOWN,True,False
Q6K00139,FMOD0072,KNOWN,True,False
Q6K00139,FMOD0078,KNOWN,True,False
Q6K00139,FMOD0081,KNOWN,True,False
Q6K00139,FMOD0082,KNOWN,True,False
Q6K00139,FMOD0097,KNOWN,True,False
Q6K00139,FMOD0101,KNOWN,True,False
Q6K00139,FMOD0010,BACKGROUND,True,False
Q6K00139,FMOD0018,BACKGROUND,True,False
Q6K00139,FMOD0026,BACKGROUND,True,False
Q6K00139,FMOD0029,BACKGROUND,True,False
Q6K00139,FMOD0037,BACKGROUND,True,False
Q6K00139,FMOD0042,BACKGROUND,True,False
Q6K00139,FMOD0098,BACKGROUND,True,False
Q6K00139,FMOD0103,BACKGROUND,True,False
Q6K00139,FMOD0107,BACKGROUND,True,False
Q6K00139,FMOD0108,BACKGROUND,True,False
Q6K00139,FMOD0111,BACKGROUND,True,False
Q6K00139,FMOD0112,BACKGROUND,True,False
Q6K00139,FMOD0114,BACKGROUND,True,False
Q6K00139,FMOD0117,BACKGROUND,True,False
Q6K00139,FMOD0118,BACKGROUND,True,False
Q6K00140,FMOD0002,KNOWN,True,False
Q6K00140,FMOD0012,KNOWN,True,False
Q6K00140,FMOD0019,KNOWN,True,False
Q6K00140,FMOD0020,KNOWN,False,True
Q6K00140,FMOD0021,KNOWN,True,False
Q6K00140,FMOD0030,KNOWN,True,False
Q6K00140,FMOD0034,KNOWN,True,False
Q6K00140,FMOD0039,KNOWN,True,False
Q6K00140,FMOD0041,KNOWN,True,False
Q6K00140,FMOD0045,KNOWN,True,False
Q6K00140,FMOD0052,KNOWN,True,False
Q6K00140,FMOD0056,KNOWN,True,False
Q6K00140,FMOD0057,KNOWN,True,False
Q6K00140,FMOD0058,KNOWN,True,False
Q6K00140,FMOD0059,KNOWN,True,False
Q6K00140,FMOD0063,KNOWN,True,False
Q6K00140,FMOD0064,KNOWN,True,False
Q6K00140,FMOD0065,KNOWN,True,False
Q6K00140,FMOD0071,KNOWN,True,False
Q6K00140,FMOD0072,KNOWN,True,False
Q6K00140,FMOD0078,KNOWN,True,False
Q6K00140,FMOD0081,KNOWN,True,False
Q6K00140,FMOD0082,KNOWN,True,False
Q6K00140,FMOD0097,KNOWN,True,False
Q6K00140,FMOD0101,KNOWN,True,False
Q6K00140,FMOD0010,BACKGROUND,True,False
Q6K00140,FMOD0018,BACKGROUND,True,False
Q6K00140,FMOD0026,BACKGROUND,True,False
Q6K00140,FMOD0029,BACKGROUND,True,False
Q6K00140,FMOD0037,BACKGROUND,True,False
Q6K00140,FMOD0042,BACKGROUND,True,False
Q6K00140,FMOD0098,BACKGROUND,True,False
Q6K00140,FMOD0103,BACKGROUND,True,False
Q6K00140,FMOD0107,BACKGROUND,True,False
Q6K00140,FMOD0108,BACKGROUND,True,False
Q6K00140,FMOD0111,BACKGROUND,True,False
Q6K00140,FMOD0112,BACKGROUND,True,False
Q6K00140,FMOD0114,BACKGROUND,True,False
Q6K00140,FMOD0117,BACKGROUND,True,False
Q6K00140,FMOD0118,BACKGROUND,True,False
Q6K00141,FMOD0002,KNOWN,False,True
Q6K00141,FMOD0012,KNOWN,True,False
Q6K00141,FMOD0019,KNOWN,True,False
Q6K00141,FMOD0020,KNOWN,True,False
Q6K00141,FMOD0021,KNOWN,True,False
Q6K00141,FMOD0030,KNOWN,True,False
Q6K00141,FMOD0034,KNOWN,True,False
Q6K00141,FMOD0039,KNOWN,True,False
Q6K00141,FMOD0041,KNOWN,True,False
Q6K00141,FMOD0045,KNOWN,True,False
Q6K00141,FMOD0052,KNOWN,True,False
Q6K00141,FMOD0056,KNOWN,True,False
Q6K00141,FMOD0057,KNOWN,True,False
Q6K00141,FMOD0058,KNOWN,True,False
Q6K00141,FMOD0059,KNOWN,True,False
Q6K00141,FMOD0063,KNOWN,True,False
Q6K00141,FMOD0064,KNOWN,True,False
Q6K00141,FMOD0065,KNOWN,True,False
Q6K00141,FMOD0071,KNOWN,True,False
Q6K00141,FMOD0072,KNOWN,True,False
Q6K00141,FMOD0078,KNOWN,True,False
Q6K00141,FMOD0081,KNOWN,True,False
Q6K00141,FMOD0082,KNOWN,True,False
Q6K00141,FMOD0097,KNOWN,True,False
Q6K00141,FMOD0101,KNOWN,True,False
Q6K00141,FMOD0010,BACKGROUND,True,False
Q6K00141,FMOD0018,BACKGROUND,True,False
Q6K00141,FMOD0026,BACKGROUND,True,False
Q6K00141,FMOD0029,BACKGROUND,True,False
Q6K00141,FMOD0037,BACKGROUND,True,False
Q6K00141,FMOD0042,BACKGROUND,True,False
Q6K00141,FMOD0098,BACKGROUND,True,False
Q6K00141,FMOD0103,BACKGROUND,True,False
Q6K00141,FMOD0107,BACKGROUND,True,False
Q6K00141,FMOD0108,BACKGROUND,True,False
Q6K00141,FMOD0111,BACKGROUND,True,False
Q6K00141,FMOD0112,BACKGROUND,True,False
Q6K00141,FMOD0114,BACKGROUND,True,False
Q6K00141,FMOD0117,BACKGROUND,True,False
Q6K00141,FMOD0118,BACKGROUND,True,False
Q6K00142,FMOD0002,KNOWN,True,False
Q6K00142,FMOD0012,KNOWN,True,False
Q6K00142,FMOD0019,KNOWN,True,False
Q6K00142,FMOD0020,KNOWN,True,False
Q6K00142,FMOD0021,KNOWN,True,False
Q6K00142,FMOD0030,KNOWN,True,False
Q6K00142,FMOD0034,KNOWN,True,False
Q6K00142,FMOD0039,KNOWN,True,False
Q6K00142,FMOD0041,KNOWN,True,False
Q6K00142,FMOD0045,KNOWN,True,False
Q6K00142,FMOD0052,KNOWN,True,False
Q6K00142,FMOD0056,KNOWN,False,True
Q6K00142,FMOD0057,KNOWN,True,False
Q6K00142,FMOD0058,KNOWN,True,False
Q6K00142,FMOD0059,KNOWN,True,False
Q6K00142,FMOD0063,KNOWN,True,False
Q6K00142,FMOD0064,KNOWN,True,False
Q6K00142,FMOD0065,KNOWN,True,False
Q6K00142,FMOD0071,KNOWN,True,False
Q6K00142,FMOD0072,KNOWN,True,False
Q6K00142,FMOD0078,KNOWN,True,False
Q6K00142,FMOD0081,KNOWN,True,False
Q6K00142,FMOD0082,KNOWN,True,False
Q6K00142,FMOD0097,KNOWN,True,False
Q6K00142,FMOD0101,KNOWN,True,False
Q6K00142,FMOD0010,BACKGROUND,True,False
Q6K00142,FMOD0018,BACKGROUND,True,False
Q6K00142,FMOD0026,BACKGROUND,True,False
Q6K00142,FMOD0029,BACKGROUND,True,False
Q6K00142,FMOD0037,BACKGROUND,True,False
Q6K00142,FMOD0042,BACKGROUND,True,False
Q6K00142,FMOD0098,BACKGROUND,True,False
Q6K00142,FMOD0103,BACKGROUND,True,False
Q6K00142,FMOD0107,BACKGROUND,True,False
Q6K00142,FMOD0108,BACKGROUND,True,False
Q6K00142,FMOD0111,BACKGROUND,True,False
Q6K00142,FMOD0112,BACKGROUND,True,False
Q6K00142,FMOD0114,BACKGROUND,True,False
Q6K00142,FMOD0117,BACKGROUND,True,False
Q6K00142,FMOD0118,BACKGROUND,True,False
Q6K00143,FMOD0002,KNOWN,True,False
Q6K00143,FMOD0012,KNOWN,True,False
Q6K00143,FMOD0019,KNOWN,True,False
Q6K00143,FMOD0020,KNOWN,True,False
Q6K00143,FMOD0021,KNOWN,True,False
Q6K00143,FMOD0030,KNOWN,True,False
Q6K00143,FMOD0034,KNOWN,True,False
Q6K00143,FMOD0039,KNOWN,True,False
Q6K00143,FMOD0041,KNOWN,True,False
Q6K00143,FMOD0045,KNOWN,True,False
Q6K00143,FMOD0052,KNOWN,True,False
Q6K00143,FMOD0056,KNOWN,True,False
Q6K00143,FMOD0057,KNOWN,False,True
Q6K00143,FMOD0058,KNOWN,True,False
Q6K00143,FMOD0059,KNOWN,True,False
Q6K00143,FMOD0063,KNOWN,True,False
Q6K00143,FMOD0064,KNOWN,True,False
Q6K00143,FMOD0065,KNOWN,True,False
Q6K00143,FMOD0071,KNOWN,True,False
Q6K00143,FMOD0072,KNOWN,True,False
Q6K00143,FMOD0078,KNOWN,True,False
Q6K00143,FMOD0081,KNOWN,True,False
Q6K00143,FMOD0082,KNOWN,True,False
Q6K00143,FMOD0097,KNOWN,True,False
Q6K00143,FMOD0101,KNOWN,True,False
Q6K00143,FMOD0010,BACKGROUND,True,False
Q6K00143,FMOD0018,BACKGROUND,True,False
Q6K00143,FMOD0026,BACKGROUND,True,False
Q6K00143,FMOD0029,BACKGROUND,True,False
Q6K00143,FMOD0037,BACKGROUND,True,False
Q6K00143,FMOD0042,BACKGROUND,True,False
Q6K00143,FMOD0098,BACKGROUND,True,False
Q6K00143,FMOD0103,BACKGROUND,True,False
Q6K00143,FMOD0107,BACKGROUND,True,False
Q6K00143,FMOD0108,BACKGROUND,True,False
Q6K00143,FMOD0111,BACKGROUND,True,False
Q6K00143,FMOD0112,BACKGROUND,True,False
Q6K00143,FMOD0114,BACKGROUND,True,False
Q6K00143,FMOD0117,BACKGROUND,True,False
Q6K00143,FMOD0118,BACKGROUND,True,False
Q6K00144,FMOD0002,KNOWN,True,False
Q6K00144,FMOD0012,KNOWN,True,False
Q6K00144,FMOD0019,KNOWN,True,False
Q6K00144,FMOD0020,KNOWN,True,False
Q6K00144,FMOD0021,KNOWN,True,False
Q6K00144,FMOD0030,KNOWN,True,False
Q6K00144,FMOD0034,KNOWN,False,True
Q6K00144,FMOD0039,KNOWN,True,False
Q6K00144,FMOD0041,KNOWN,True,False
Q6K00144,FMOD0045,KNOWN,True,False
Q6K00144,FMOD0052,KNOWN,True,False
Q6K00144,FMOD0056,KNOWN,True,False
Q6K00144,FMOD0057,KNOWN,True,False
Q6K00144,FMOD0058,KNOWN,True,False
Q6K00144,FMOD0059,KNOWN,True,False
Q6K00144,FMOD0063,KNOWN,True,False
Q6K00144,FMOD0064,KNOWN,True,False
Q6K00144,FMOD0065,KNOWN,True,False
Q6K00144,FMOD0071,KNOWN,True,False
Q6K00144,FMOD0072,KNOWN,True,False
Q6K00144,FMOD0078,KNOWN,True,False
Q6K00144,FMOD0081,KNOWN,True,False
Q6K00144,FMOD0082,KNOWN,True,False
Q6K00144,FMOD0097,KNOWN,True,False
Q6K00144,FMOD0101,KNOWN,True,False
Q6K00144,FMOD0010,BACKGROUND,True,False
Q6K00144,FMOD0018,BACKGROUND,True,False
Q6K00144,FMOD0026,BACKGROUND,True,False
Q6K00144,FMOD0029,BACKGROUND,True,False
Q6K00144,FMOD0037,BACKGROUND,True,False
Q6K00144,FMOD0042,BACKGROUND,True,False
Q6K00144,FMOD0098,BACKGROUND,True,False
Q6K00144,FMOD0103,BACKGROUND,True,False
Q6K00144,FMOD0107,BACKGROUND,True,False
Q6K00144,FMOD0108,BACKGROUND,True,False
Q6K00144,FMOD0111,BACKGROUND,True,False
Q6K00144,FMOD0112,BACKGROUND,True,False
Q6K00144,FMOD0114,BACKGROUND,True,False
Q6K00144,FMOD0117,BACKGROUND,True,False
Q6K00144,FMOD0118,BACKGROUND,True,False
Q6K00145,FMOD0002,KNOWN,True,False
Q6K00145,FMOD0012,KNOWN,True,False
Q6K00145,FMOD0019,KNOWN,True,False
Q6K00145,FMOD0020,KNOWN,True,False
Q6K00145,FMOD0021,KNOWN,True,False
Q6K00145,FMOD0030,KNOWN,True,False
Q6K00145,FMOD0034,KNOWN,True,False
Q6K00145,FMOD0039,KNOWN,True,False
Q6K00145,FMOD0041,KNOWN,True,False
Q6K00145,FMOD0045,KNOWN,True,False
Q6K00145,FMOD0052,KNOWN,True,False
Q6K00145,FMOD0056,KNOWN,True,False
Q6K00145,FMOD0057,KNOWN,True,False
Q6K00145,FMOD0058,KNOWN,True,False
Q6K00145,FMOD0059,KNOWN,True,False
Q6K00145,FMOD0063,KNOWN,True,False
Q6K00145,FMOD0064,KNOWN,True,False
Q6K00145,FMOD0065,KNOWN,False,True
Q6K00145,FMOD0071,KNOWN,True,False
Q6K00145,FMOD0072,KNOWN,True,False
Q6K00145,FMOD0078,KNOWN,True,False
Q6K00145,FMOD0081,KNOWN,True,False
Q6K00145,FMOD0082,KNOWN,True,False
Q6K00145,FMOD0097,KNOWN,True,False
Q6K00145,FMOD0101,KNOWN,True,False
Q6K00145,FMOD0010,BACKGROUND,True,False
Q6K00145,FMOD0018,BACKGROUND,True,False
Q6K00145,FMOD0026,BACKGROUND,True,False
Q6K00145,FMOD0029,BACKGROUND,True,False
Q6K00145,FMOD0037,BACKGROUND,True,False
Q6K00145,FMOD0042,BACKGROUND,True,False
Q6K00145,FMOD0098,BACKGROUND,True,False
Q6K00145,FMOD0103,BACKGROUND,True,False
Q6K00145,FMOD0107,BACKGROUND,True,False
Q6K00145,FMOD0108,BACKGROUND,True,False
Q6K00145,FMOD0111,BACKGROUND,True,False
Q6K00145,FMOD0112,BACKGROUND,True,False
Q6K00145,FMOD0114,BACKGROUND,True,False
Q6K00145,FMOD0117,BACKGROUND,True,False
Q6K00145,FMOD0118,BACKGROUND,True,False
Q6K00146,FMOD0002,KNOWN,True,False
Q6K00146,FMOD0012,KNOWN,True,False
Q6K00146,FMOD0019,KNOWN,True,False
Q6K00146,FMOD0020,KNOWN,True,False
Q6K00146,FMOD0021,KNOWN,True,False
Q6K00146,FMOD0030,KNOWN,True,False
Q6K00146,FMOD0034,KNOWN,True,False
Q6K00146,FMOD0039,KNOWN,True,False
Q6K00146,FMOD0041,KNOWN,True,False
Q6K00146,FMOD0045,KNOWN,False,True
Q6K00146,FMOD0052,KNOWN,True,False
Q6K00146,FMOD0056,KNOWN,True,False
Q6K00146,FMOD0057,KNOWN,True,False
Q6K00146,FMOD0058,KNOWN,True,False
Q6K00146,FMOD0059,KNOWN,True,False
Q6K00146,FMOD0063,KNOWN,True,False
Q6K00146,FMOD0064,KNOWN,True,False
Q6K00146,FMOD0065,KNOWN,True,False
Q6K00146,FMOD0071,KNOWN,True,False
Q6K00146,FMOD0072,KNOWN,True,False
Q6K00146,FMOD0078,KNOWN,True,False
Q6K00146,FMOD0081,KNOWN,True,False
Q6K00146,FMOD0082,KNOWN,True,False
Q6K00146,FMOD0097,KNOWN,True,False
Q6K00146,FMOD0101,KNOWN,True,False
Q6K00146,FMOD0010,BACKGROUND,True,False
Q6K00146,FMOD0018,BACKGROUND,True,False
Q6K00146,FMOD0026,BACKGROUND,True,False
Q6K00146,FMOD0029,BACKGROUND,True,False
Q6K00146,FMOD0037,BACKGROUND,True,False
Q6K00146,FMOD0042,BACKGROUND,True,False
Q6K00146,FMOD0098,BACKGROUND,True,False
Q6K00146,FMOD0103,BACKGROUND,True,False
Q6K00146,FMOD0107,BACKGROUND,True,False
Q6K00146,FMOD0108,BACKGROUND,True,False
Q6K00146,FMOD0111,BACKGROUND,True,False
Q6K00146,FMOD0112,BACKGROUND,True,False
Q6K00146,FMOD0114,BACKGROUND,True,False
Q6K00146,FMOD0117,BACKGROUND,True,False
Q6K00146,FMOD0118,BACKGROUND,True,False
Q6K00147,FMOD0002,KNOWN,False,True
Q6K00147,FMOD0012,KNOWN,True,False
Q6K00147,FMOD0019,KNOWN,True,False
Q6K00147,FMOD0020,KNOWN,True,False
Q6K00147,FMOD0021,KNOWN,True,False
Q6K00147,FMOD0030,KNOWN,True,False
Q6K00147,FMOD0034,KNOWN,True,False
Q6K00147,FMOD0039,KNOWN,True,False
Q6K00147,FMOD0041,KNOWN,True,False
Q6K00147,FMOD0045,KNOWN,True,False
Q6K00147,FMOD0052,KNOWN,True,False
Q6K00147,FMOD0056,KNOWN,True,False
Q6K00147,FMOD0057,KNOWN,True,False
Q6K00147,FMOD0058,KNOWN,True,False
Q6K00147,FMOD0059,KNOWN,True,False
Q6K00147,FMOD0063,KNOWN,True,False
Q6K00147,FMOD0064,KNOWN,True,False
Q6K00147,FMOD0065,KNOWN,True,False
Q6K00147,FMOD0071,KNOWN,True,False
Q6K00147,FMOD0072,KNOWN,True,False
Q6K00147,FMOD0078,KNOWN,True,False
Q6K00147,FMOD0081,KNOWN,True,False
Q6K00147,FMOD0082,KNOWN,True,False
Q6K00147,FMOD0097,KNOWN,True,False
Q6K00147,FMOD0101,KNOWN,True,False
Q6K00147,FMOD0010,BACKGROUND,True,False
Q6K00147,FMOD0018,BACKGROUND,True,False
Q6K00147,FMOD0026,BACKGROUND,True,False
Q6K00147,FMOD0029,BACKGROUND,True,False
Q6K00147,FMOD0037,BACKGROUND,True,False
Q6K00147,FMOD0042,BACKGROUND,True,False
Q6K00147,FMOD0098,BACKGROUND,True,False
Q6K00147,FMOD0103,BACKGROUND,True,False
Q6K00147,FMOD0107,BACKGROUND,True,False
Q6K00147,FMOD0108,BACKGROUND,True,False
Q6K00147,FMOD0111,BACKGROUND,True,False
Q6K00147,FMOD0112,BACKGROUND,True,False
Q6K00147,FMOD0114,BACKGROUND,True,False
Q6K00147,FMOD0117,BACKGROUND,True,False
Q6K00147,FMOD0118,BACKGROUND,True,False
Q6K00148,FMOD0002,KNOWN,True,False
Q6K00148,FMOD0012,KNOWN,True,False
Q6K00148,FMOD0019,KNOWN,True,False
Q6K00148,FMOD0020,KNOWN,True,False
Q6K00148,FMOD0021,KNOWN,True,False
Q6K00148,FMOD0030,KNOWN,True,False
Q6K00148,FMOD0034,KNOWN,True,False
Q6K00148,FMOD0039,KNOWN,True,False
Q6K00148,FMOD0041,KNOWN,True,False
Q6K00148,FMOD0045,KNOWN,True,False
Q6K00148,FMOD0052,KNOWN,False,True
Q6K00148,FMOD0056,KNOWN,True,False
Q6K00148,FMOD0057,KNOWN,True,False
Q6K00148,FMOD0058,KNOWN,True,False
Q6K00148,FMOD0059,KNOWN,True,False
Q6K00148,FMOD0063,KNOWN,True,False
Q6K00148,FMOD0064,KNOWN,True,False
Q6K00148,FMOD0065,KNOWN,True,False
Q6K00148,FMOD0071,KNOWN,True,False
Q6K00148,FMOD0072,KNOWN,True,False
Q6K00148,FMOD0078,KNOWN,True,False
Q6K00148,FMOD0081,KNOWN,True,False
Q6K00148,FMOD0082,KNOWN,True,False
Q6K00148,FMOD0097,KNOWN,True,False
Q6K00148,FMOD0101,KNOWN,True,False
Q6K00148,FMOD0010,BACKGROUND,True,False
Q6K00148,FMOD0018,BACKGROUND,True,False
Q6K00148,FMOD0026,BACKGROUND,True,False
Q6K00148,FMOD0029,BACKGROUND,True,False
Q6K00148,FMOD0037,BACKGROUND,True,False
Q6K00148,FMOD0042,BACKGROUND,True,False
Q6K00148,FMOD0098,BACKGROUND,True,False
Q6K00148,FMOD0103,BACKGROUND,True,False
Q6K00148,FMOD0107,BACKGROUND,True,False
Q6K00148,FMOD0108,BACKGROUND,True,False
Q6K00148,FMOD0111,BACKGROUND,True,False
Q6K00148,FMOD0112,BACKGROUND,True,False
Q6K00148,FMOD0114,BACKGROUND,True,False
Q6K00148,FMOD0117,BACKGROUND,True,False
Q6K00148,FMOD0118,BACKGROUND,True,False
Q6K00149,FMOD0002,KNOWN,True,False
Q6K00149,FMOD0012,KNOWN,True,False
Q6K00149,FMOD0019,KNOWN,True,False
Q6K00149,FMOD0020,KNOWN,True,False
Q6K00149,FMOD0021,KNOWN,True,False
Q6K00149,FMOD0030,KNOWN,True,False
Q6K00149,FMOD0034,KNOWN,True,False
Q6K00149,FMOD0039,KNOWN,True,False
Q6K00149,FMOD0041,KNOWN,True,False
Q6K00149,FMOD0045,KNOWN,True,False
Q6K00149,FMOD0052,KNOWN,True,False
Q6K00149,FMOD0056,KNOWN,True,False
Q6K00149,FMOD0057,KNOWN,True,False
Q6K00149,FMOD0058,KNOWN,True,False
Q6K00149,FMOD0059,KNOWN,True,False
Q6K00149,FMOD0063,KNOWN,True,False
Q6K00149,FMOD0064,KNOWN,True,False
Q6K00149,FMOD0065,KNOWN,False,True
Q6K00149,FMOD0071,KNOWN,True,False
Q6K00149,FMOD0072,KNOWN,True,False
Q6K00149,FMOD0078,KNOWN,True,False
Q6K00149,FMOD0081,KNOWN,True,False
Q6K00149,FMOD0082,KNOWN,True,False
Q6K00149,FMOD0097,KNOWN,True,False
Q6K00149,FMOD0101,KNOWN,True,False
Q6K00149,FMOD0010,BACKGROUND,True,False
Q6K00149,FMOD0018,BACKGROUND,True,False
Q6K00149,FMOD0026,BACKGROUND,True,False
Q6K00149,FMOD0029,BACKGROUND,True,False
Q6K00149,FMOD0037,BACKGROUND,True,False
Q6K00149,FMOD0042,BACKGROUND,True,False
Q6K00149,FMOD0098,BACKGROUND,True,False
Q6K00149,FMOD0103,BACKGROUND,True,False
Q6K00149,FMOD0107,BACKGROUND,True,False
Q6K00149,FMOD0108,BACKGROUND,True,False
Q6K00149,FMOD0111,BACKGROUND,True,False
Q6K00149,FMOD0112,BACKGROUND,True,False
Q6K00149,FMOD0114,BACKGROUND,True,False
Q6K00149,FMOD0117,BACKGROUND,True,False
Q6K00149,FMOD0118,BACKGROUND,True,False
Q6K00150,FMOD0002,KNOWN,True,False
Q6K00150,FMOD0012,KNOWN,True,False
Q6K00150,FMOD0019,KNOWN,True,False
Q6K00150,FMOD0020,KNOWN,True,False
Q6K00150,FMOD0021,KNOWN,True,False
Q6K00150,FMOD0030,KNOWN,True,False
Q6K00150,FMOD0034,KNOWN,True,False
Q6K00150,FMOD0039,KNOWN,True,False
Q6K00150,FMOD0041,KNOWN,True,False
Q6K00150,FMOD0045,KNOWN,True,False
Q6K00150,FMOD0052,KNOWN,True,False
Q6K00150,FMOD0056,KNOWN,True,False
Q6K00150,FMOD0057,KNOWN,True,False
Q6K00150,FMOD0058,KNOWN,True,False
Q6K00150,FMOD0059,KNOWN,True,False
Q6K00150,FMOD0063,KNOWN,True,False
Q6K00150,FMOD0064,KNOWN,True,False
Q6K00150,FMOD0065,KNOWN,True,False
Q6K00150,FMOD0071,KNOWN,True,False
Q6K00150,FMOD0072,KNOWN,True,False
Q6K00150,FMOD0078,KNOWN,True,False
Q6K00150,FMOD0081,KNOWN,True,False
Q6K00150,FMOD0082,KNOWN,True,False
Q6K00150,FMOD0097,KNOWN,True,False
Q6K00150,FMOD0101,KNOWN,False,True
Q6K00150,FMOD0010,BACKGROUND,True,False
Q6K00150,FMOD0018,BACKGROUND,True,False
Q6K00150,FMOD0026,BACKGROUND,True,False
Q6K00150,FMOD0029,BACKGROUND,True,False
Q6K00150,FMOD0037,BACKGROUND,True,False
Q6K00150,FMOD0042,BACKGROUND,True,False
Q6K00150,FMOD0098,BACKGROUND,True,False
Q6K00150,FMOD0103,BACKGROUND,True,False
Q6K00150,FMOD0107,BACKGROUND,True,False
Q6K00150,FMOD0108,BACKGROUND,True,False
Q6K00150,FMOD0111,BACKGROUND,True,False
Q6K00150,FMOD0112,BACKGROUND,True,False
Q6K00150,FMOD0114,BACKGROUND,True,False
Q6K00150,FMOD0117,BACKGROUND,True,False
Q6K00150,FMOD0118,BACKGROUND,True,False
Q6K00151,FMOD0002,KNOWN,True,False
Q6K00151,FMOD0012,KNOWN,True,False
Q6K00151,FMOD0019,KNOWN,True,False
Q6K00151,FMOD0020,KNOWN,True,False
Q6K00151,FMOD0021,KNOWN,True,False
Q6K00151,FMOD0030,KNOWN,True,False
Q6K00151,FMOD0034,KNOWN,True,False
Q6K00151,FMOD0039,KNOWN,True,False
Q6K00151,FMOD0041,KNOWN,True,False
Q6K00151,FMOD0045,KNOWN,True,False
Q6K00151,FMOD0052,KNOWN,True,False
Q6K00151,FMOD0056,KNOWN,True,False
Q6K00151,FMOD0057,KNOWN,True,False
Q6K00151,FMOD0058,KNOWN,True,False
Q6K00151,FMOD0059,KNOWN,True,False
Q6K00151,FMOD0063,KNOWN,True,False
Q6K00151,FMOD0064,KNOWN,True,False
Q6K00151,FMOD0065,KNOWN,True,False
Q6K00151,FMOD0071,KNOWN,True,False
Q6K00151,FMOD0072,KNOWN,True,False
Q6K00151,FMOD0078,KNOWN,True,False
Q6K00151,FMOD0081,KNOWN,True,False
Q6K00151,FMOD0082,KNOWN,False,True
Q6K00151,FMOD0097,KNOWN,True,False
Q6K00151,FMOD0101,KNOWN,True,False
Q6K00151,FMOD0010,BACKGROUND,True,False
Q6K00151,FMOD0018,BACKGROUND,True,False
Q6K00151,FMOD0026,BACKGROUND,True,False
Q6K00151,FMOD0029,BACKGROUND,True,False
Q6K00151,FMOD0037,BACKGROUND,True,False
Q6K00151,FMOD0042,BACKGROUND,True,False
Q6K00151,FMOD0098,BACKGROUND,True,False
Q6K00151,FMOD0103,BACKGROUND,True,False
Q6K00151,FMOD0107,BACKGROUND,True,False
Q6K00151,FMOD0108,BACKGROUND,True,False
Q6K00151,FMOD0111,BACKGROUND,True,False
Q6K00151,FMOD0112,BACKGROUND,True,False
Q6K00151,FMOD0114,BACKGROUND,True,False
Q6K00151,FMOD0117,BACKGROUND,True,False
Q6K00151,FMOD0118,BACKGROUND,True,False
Q6K00152,FMOD0002,KNOWN,True,False
Q6K00152,FMOD0012,KNOWN,True,False
Q6K00152,FMOD0019,KNOWN,True,False
Q6K00152,FMOD0020,KNOWN,True,False
Q6K00152,FMOD0021,KNOWN,True,False
Q6K00152,FMOD0030,KNOWN,True,False
Q6K00152,FMOD0034,KNOWN,True,False
Q6K00152,FMOD0039,KNOWN,True,False
Q6K00152,FMOD0041,KNOWN,True,False
Q6K00152,FMOD0045,KNOWN,True,False
Q6K00152,FMOD0052,KNOWN,False,True
Q6K00152,FMOD0056,KNOWN,True,False
Q6K00152,FMOD0057,KNOWN,True,False
Q6K00152,FMOD0058,KNOWN,True,False
Q6K00152,FMOD0059,KNOWN,True,False
Q6K00152,FMOD0063,KNOWN,True,False
Q6K00152,FMOD0064,KNOWN,True,False
Q6K00152,FMOD0065,KNOWN,True,False
Q6K00152,FMOD0071,KNOWN,True,False
Q6K00152,FMOD0072,KNOWN,True,False
Q6K00152,FMOD0078,KNOWN,True,False
Q6K00152,FMOD0081,KNOWN,True,False
Q6K00152,FMOD0082,KNOWN,True,False
Q6K00152,FMOD0097,KNOWN,True,False
Q6K00152,FMOD0101,KNOWN,True,False
Q6K00152,FMOD0010,BACKGROUND,True,False
Q6K00152,FMOD0018,BACKGROUND,True,False
Q6K00152,FMOD0026,BACKGROUND,True,False
Q6K00152,FMOD0029,BACKGROUND,True,False
Q6K00152,FMOD0037,BACKGROUND,True,False
Q6K00152,FMOD0042,BACKGROUND,True,False
Q6K00152,FMOD0098,BACKGROUND,True,False
Q6K00152,FMOD0103,BACKGROUND,True,False
Q6K00152,FMOD0107,BACKGROUND,True,False
Q6K00152,FMOD0108,BACKGROUND,True,False
Q6K00152,FMOD0111,BACKGROUND,True,False
Q6K00152,FMOD0112,BACKGROUND,True,False
Q6K00152,FMOD0114,BACKGROUND,True,False
Q6K00152,FMOD0117,BACKGROUND,True,False
Q6K00152,FMOD0118,BACKGROUND,True,False
Q6K00153,FMOD0002,KNOWN,False,True
Q6K00153,FMOD0012,KNOWN,True,False
Q6K00153,FMOD0019,KNOWN,True,False
Q6K00153,FMOD0020,KNOWN,True,False
Q6K00153,FMOD0021,KNOWN,True,False
Q6K00153,FMOD0030,KNOWN,True,False
Q6K00153,FMOD0034,KNOWN,True,False
Q6K00153,FMOD0039,KNOWN,True,False
Q6K00153,FMOD0041,KNOWN,True,False
Q6K00153,FMOD0045,KNOWN,True,False
Q6K00153,FMOD0052,KNOWN,True,False
Q6K00153,FMOD0056,KNOWN,True,False
Q6K00153,FMOD0057,KNOWN,True,False
Q6K00153,FMOD0058,KNOWN,True,False
Q6K00153,FMOD0059,KNOWN,True,False
Q6K00153,FMOD0063,KNOWN,True,False
Q6K00153,FMOD0064,KNOWN,True,False
Q6K00153,FMOD0065,KNOWN,True,False
Q6K00153,FMOD0071,KNOWN,True,False
Q6K00153,FMOD0072,KNOWN,True,False
Q6K00153,FMOD0078,KNOWN,True,False
Q6K00153,FMOD0081,KNOWN,True,False
Q6K00153,FMOD0082,KNOWN,True,False
Q6K00153,FMOD0097,KNOWN,True,False
Q6K00153,FMOD0101,KNOWN,True,False
Q6K00153,FMOD0010,BACKGROUND,True,False
Q6K00153,FMOD0018,BACKGROUND,True,False
Q6K00153,FMOD0026,BACKGROUND,True,False
Q6K00153,FMOD0029,BACKGROUND,True,False
Q6K00153,FMOD0037,BACKGROUND,True,False
Q6K00153,FMOD0042,BACKGROUND,True,False
Q6K00153,FMOD0098,BACKGROUND,True,False
Q6K00153,FMOD0103,BACKGROUND,True,False
Q6K00153,FMOD0107,BACKGROUND,True,False
Q6K00153,FMOD0108,BACKGROUND,True,False
Q6K00153,FMOD0111,BACKGROUND,True,False
Q6K00153,FMOD0112,BACKGROUND,True,False
Q6K00153,FMOD0114,BACKGROUND,True,False
Q6K00153,FMOD0117,BACKGROUND,True,False
Q6K00153,FMOD0118,BACKGROUND,True,False
Q6K00154,FMOD0002,KNOWN,True,False
Q6K00154,FMOD0012,KNOWN,True,False
Q6K00154,FMOD0019,KNOWN,True,False
Q6K00154,FMOD0020,KNOWN,True,False
Q6K00154,FMOD0021,KNOWN,True,False
Q6K00154,FMOD0030,KNOWN,True,False
Q6K00154,FMOD0034,KNOWN,True,False
Q6K00154,FMOD0039,KNOWN,True,False
Q6K00154,FMOD0041,KNOWN,True,False
Q6K00154,FMOD0045,KNOWN,True,False
Q6K00154,FMOD0052,KNOWN,True,False
Q6K00154,FMOD0056,KNOWN,False,True
Q6K00154,FMOD0057,KNOWN,True,False
Q6K00154,FMOD0058,KNOWN,True,False
Q6K00154,FMOD0059,KNOWN,True,False
Q6K00154,FMOD0063,KNOWN,True,False
Q6K00154,FMOD0064,KNOWN,True,False
Q6K00154,FMOD0065,KNOWN,True,False
Q6K00154,FMOD0071,KNOWN,True,False
Q6K00154,FMOD0072,KNOWN,True,False
Q6K00154,FMOD0078,KNOWN,True,False
Q6K00154,FMOD0081,KNOWN,True,False
Q6K00154,FMOD0082,KNOWN,True,False
Q6K00154,FMOD0097,KNOWN,True,False
Q6K00154,FMOD0101,KNOWN,True,False
Q6K00154,FMOD0010,BACKGROUND,True,False
Q6K00154,FMOD0018,BACKGROUND,True,False
Q6K00154,FMOD0026,BACKGROUND,True,False
Q6K00154,FMOD0029,BACKGROUND,True,False
Q6K00154,FMOD0037,BACKGROUND,True,False
Q6K00154,FMOD0042,BACKGROUND,True,False
Q6K00154,FMOD0098,BACKGROUND,True,False
Q6K00154,FMOD0103,BACKGROUND,True,False
Q6K00154,FMOD0107,BACKGROUND,True,False
Q6K00154,FMOD0108,BACKGROUND,True,False
Q6K00154,FMOD0111,BACKGROUND,True,False
Q6K00154,FMOD0112,BACKGROUND,True,False
Q6K00154,FMOD0114,BACKGROUND,True,False
Q6K00154,FMOD0117,BACKGROUND,True,False
Q6K00154,FMOD0118,BACKGROUND,True,False
Q6K00155,FMOD0002,KNOWN,True,False
Q6K00155,FMOD0012,KNOWN,True,False
Q6K00155,FMOD0019,KNOWN,True,False
Q6K00155,FMOD0020,KNOWN,True,False
Q6K00155,FMOD0021,KNOWN,True,False
Q6K00155,FMOD0030,KNOWN,True,False
Q6K00155,FMOD0034,KNOWN,True,False
Q6K00155,FMOD0039,KNOWN,True,False
Q6K00155,FMOD0041,KNOWN,True,False
Q6K00155,FMOD0045,KNOWN,True,False
Q6K00155,FMOD0052,KNOWN,True,False
Q6K00155,FMOD0056,KNOWN,True,False
Q6K00155,FMOD0057,KNOWN,True,False
Q6K00155,FMOD0058,KNOWN,True,False
Q6K00155,FMOD0059,KNOWN,False,True
Q6K00155,FMOD0063,KNOWN,True,False
Q6K00155,FMOD0064,KNOWN,True,False
Q6K00155,FMOD0065,KNOWN,True,False
Q6K00155,FMOD0071,KNOWN,True,False
Q6K00155,FMOD0072,KNOWN,True,False
Q6K00155,FMOD0078,KNOWN,True,False
Q6K00155,FMOD0081,KNOWN,True,False
Q6K00155,FMOD0082,KNOWN,True,False
Q6K00155,FMOD0097,KNOWN,True,False
Q6K00155,FMOD0101,KNOWN,True,False
Q6K00155,FMOD0010,BACKGROUND,True,False
Q6K00155,FMOD0018,BACKGROUND,True,False
Q6K00155,FMOD0026,BACKGROUND,True,False
Q6K00155,FMOD0029,BACKGROUND,True,False
Q6K00155,FMOD0037,BACKGROUND,True,False
Q6K00155,FMOD0042,BACKGROUND,True,False
Q6K00155,FMOD0098,BACKGROUND,True,False
Q6K00155,FMOD0103,BACKGROUND,True,False
Q6K00155,FMOD0107,BACKGROUND,True,False
Q6K00155,FMOD0108,BACKGROUND,True,False
Q6K00155,FMOD0111,BACKGROUND,True,False
Q6K00155,FMOD0112,BACKGROUND,True,False
Q6K00155,FMOD0114,BACKGROUND,True,False
Q6K00155,FMOD0117,BACKGROUND,True,False
Q6K00155,FMOD0118,BACKGROUND,True,False
Q6K00156,FMOD0002,KNOWN,True,False
Q6K00156,FMOD0012,KNOWN,True,False
Q6K00156,FMOD0019,KNOWN,True,False
Q6K00156,FMOD0020,KNOWN,True,False
Q6K00156,FMOD0021,KNOWN,True,False
Q6K00156,FMOD0030,KNOWN,True,False
Q6K00156,FMOD0034,KNOWN,True,False
Q6K00156,FMOD0039,KNOWN,True,False
Q6K00156,FMOD0041,KNOWN,True,False
Q6K00156,FMOD0045,KNOWN,True,False
Q6K00156,FMOD0052,KNOWN,True,False
Q6K00156,FMOD0056,KNOWN,True,False
Q6K00156,FMOD0057,KNOWN,False,True
Q6K00156,FMOD0058,KNOWN,True,False
Q6K00156,FMOD0059,KNOWN,True,False
Q6K00156,FMOD0063,KNOWN,True,False
Q6K00156,FMOD0064,KNOWN,True,False
Q6K00156,FMOD0065,KNOWN,True,False
Q6K00156,FMOD0071,KNOWN,True,False
Q6K00156,FMOD0072,KNOWN,True,False
Q6K00156,FMOD0078,KNOWN,True,False
Q6K00156,FMOD0081,KNOWN,True,False
Q6K00156,FMOD0082,KNOWN,True,False
Q6K00156,FMOD0097,KNOWN,True,False
Q6K00156,FMOD0101,KNOWN,True,False
Q6K00156,FMOD0010,BACKGROUND,True,False
Q6K00156,FMOD0018,BACKGROUND,True,False
Q6K00156,FMOD0026,BACKGROUND,True,False
Q6K00156,FMOD0029,BACKGROUND,True,False
Q6K00156,FMOD0037,BACKGROUND,True,False
Q6K00156,FMOD0042,BACKGROUND,True,False
Q6K00156,FMOD0098,BACKGROUND,True,False
Q6K00156,FMOD0103,BACKGROUND,True,False
Q6K00156,FMOD0107,BACKGROUND,True,False
Q6K00156,FMOD0108,BACKGROUND,True,False
Q6K00156,FMOD0111,BACKGROUND,True,False
Q6K00156,FMOD0112,BACKGROUND,True,False
Q6K00156,FMOD0114,BACKGROUND,True,False
Q6K00156,FMOD0117,BACKGROUND,True,False
Q6K00156,FMOD0118,BACKGROUND,True,False
Q6K00157,FMOD0002,KNOWN,True,False
Q6K00157,FMOD0012,KNOWN,True,False
Q6K00157,FMOD0019,KNOWN,True,False
Q6K00157,FMOD0020,KNOWN,True,False
Q6K00157,FMOD0021,KNOWN,True,False
Q6K00157,FMOD0030,KNOWN,True,False
Q6K00157,FMOD0034,KNOWN,True,False
Q6K00157,FMOD0039,KNOWN,True,False
Q6K00157,FMOD0041,KNOWN,True,False
Q6K00157,FMOD0045,KNOWN,True,False
Q6K00157,FMOD0052,KNOWN,True,False
Q6K00157,FMOD0056,KNOWN,True,False
Q6K00157,FMOD0057,KNOWN,True,False
Q6K00157,FMOD0058,KNOWN,True,False
Q6K00157,FMOD0059,KNOWN,True,False
Q6K00157,FMOD0063,KNOWN,True,False
Q6K00157,FMOD0064,KNOWN,True,False
Q6K00157,FMOD0065,KNOWN,True,False
Q6K00157,FMOD0071,KNOWN,True,False
Q6K00157,FMOD0072,KNOWN,True,False
Q6K00157,FMOD0078,KNOWN,True,False
Q6K00157,FMOD0081,KNOWN,True,False
Q6K00157,FMOD0082,KNOWN,False,True
Q6K00157,FMOD0097,KNOWN,True,False
Q6K00157,FMOD0101,KNOWN,True,False
Q6K00157,FMOD0010,BACKGROUND,True,False
Q6K00157,FMOD0018,BACKGROUND,True,False
Q6K00157,FMOD0026,BACKGROUND,True,False
Q6K00157,FMOD0029,BACKGROUND,True,False
Q6K00157,FMOD0037,BACKGROUND,True,False
Q6K00157,FMOD0042,BACKGROUND,True,False
Q6K00157,FMOD0098,BACKGROUND,True,False
Q6K00157,FMOD0103,BACKGROUND,True,False
Q6K00157,FMOD0107,BACKGROUND,True,False
Q6K00157,FMOD0108,BACKGROUND,True,False
Q6K00157,FMOD0111,BACKGROUND,True,False
Q6K00157,FMOD0112,BACKGROUND,True,False
Q6K00157,FMOD0114,BACKGROUND,True,False
Q6K00157,FMOD0117,BACKGROUND,True,False
Q6K00157,FMOD0118,BACKGROUND,True,False
Q6K00158,FMOD0002,KNOWN,True,False
Q6K00158,FMOD0012,KNOWN,True,False
Q6K00158,FMOD0019,KNOWN,True,False
Q6K00158,FMOD0020,KNOWN,True,False
Q6K00158,FMOD0021,KNOWN,True,False
Q6K00158,FMOD0030,KNOWN,True,False
Q6K00158,FMOD0034,KNOWN,True,False
Q6K00158,FMOD0039,KNOWN,True,False
Q6K00158,FMOD0041,KNOWN,True,False
Q6K00158,FMOD0045,KNOWN,True,False
Q6K00158,FMOD0052,KNOWN,True,False
Q6K00158,FMOD0056,KNOWN,True,False
Q6K00158,FMOD0057,KNOWN,False,True
Q6K00158,FMOD0058,KNOWN,True,False
Q6K00158,FMOD0059,KNOWN,True,False
Q6K00158,FMOD0063,KNOWN,True,False
Q6K00158,FMOD0064,KNOWN,True,False
Q6K00158,FMOD0065,KNOWN,True,False
Q6K00158,FMOD0071,KNOWN,True,False
Q6K00158,FMOD0072,KNOWN,True,False
Q6K00158,FMOD0078,KNOWN,True,False
Q6K00158,FMOD0081,KNOWN,True,False
Q6K00158,FMOD0082,KNOWN,True,False
Q6K00158,FMOD0097,KNOWN,True,False
Q6K00158,FMOD0101,KNOWN,True,False
Q6K00158,FMOD0010,BACKGROUND,True,False
Q6K00158,FMOD0018,BACKGROUND,True,False
Q6K00158,FMOD0026,BACKGROUND,True,False
Q6K00158,FMOD0029,BACKGROUND,True,False
Q6K00158,FMOD0037,BACKGROUND,True,False
Q6K00158,FMOD0042,BACKGROUND,True,False
Q6K00158,FMOD0098,BACKGROUND,True,False
Q6K00158,FMOD0103,BACKGROUND,True,False
Q6K00158,FMOD0107,BACKGROUND,True,False
Q6K00158,FMOD0108,BACKGROUND,True,False
Q6K00158,FMOD0111,BACKGROUND,True,False
Q6K00158,FMOD0112,BACKGROUND,True,False
Q6K00158,FMOD0114,BACKGROUND,True,False
Q6K00158,FMOD0117,BACKGROUND,True,False
Q6K00158,FMOD0118,BACKGROUND,True,False
Q6K00159,FMOD0002,KNOWN,True,False
Q6K00159,FMOD0012,KNOWN,True,False
Q6K00159,FMOD0019,KNOWN,True,False
Q6K00159,FMOD0020,KNOWN,True,False
Q6K00159,FMOD0021,KNOWN,True,False
Q6K00159,FMOD0030,KNOWN,True,False
Q6K00159,FMOD0034,KNOWN,True,False
Q6K00159,FMOD0039,KNOWN,True,False
Q6K00159,FMOD0041,KNOWN,True,False
Q6K00159,FMOD0045,KNOWN,True,False
Q6K00159,FMOD0052,KNOWN,True,False
Q6K00159,FMOD0056,KNOWN,True,False
Q6K00159,FMOD0057,KNOWN,True,False
Q6K00159,FMOD0058,KNOWN,True,False
Q6K00159,FMOD0059,KNOWN,True,False
Q6K00159,FMOD0063,KNOWN,True,False
Q6K00159,FMOD0064,KNOWN,True,False
Q6K00159,FMOD0065,KNOWN,True,False
Q6K00159,FMOD0071,KNOWN,True,False
Q6K00159,FMOD0072,KNOWN,True,False
Q6K00159,FMOD0078,KNOWN,True,False
Q6K00159,FMOD0081,KNOWN,True,False
Q6K00159,FMOD0082,KNOWN,False,True
Q6K00159,FMOD0097,KNOWN,True,False
Q6K00159,FMOD0101,KNOWN,True,False
Q6K00159,FMOD0010,BACKGROUND,True,False
Q6K00159,FMOD0018,BACKGROUND,True,False
Q6K00159,FMOD0026,BACKGROUND,True,False
Q6K00159,FMOD0029,BACKGROUND,True,False
Q6K00159,FMOD0037,BACKGROUND,True,False
Q6K00159,FMOD0042,BACKGROUND,True,False
Q6K00159,FMOD0098,BACKGROUND,True,False
Q6K00159,FMOD0103,BACKGROUND,True,False
Q6K00159,FMOD0107,BACKGROUND,True,False
Q6K00159,FMOD0108,BACKGROUND,True,False
Q6K00159,FMOD0111,BACKGROUND,True,False
Q6K00159,FMOD0112,BACKGROUND,True,False
Q6K00159,FMOD0114,BACKGROUND,True,False
Q6K00159,FMOD0117,BACKGROUND,True,False
Q6K00159,FMOD0118,BACKGROUND,True,False
Q6K00160,FMOD0002,KNOWN,True,False
Q6K00160,FMOD0012,KNOWN,True,False
Q6K00160,FMOD0019,KNOWN,True,False
Q6K00160,FMOD0020,KNOWN,True,False
Q6K00160,FMOD0021,KNOWN,True,False
Q6K00160,FMOD0030,KNOWN,True,False
Q6K00160,FMOD0034,KNOWN,True,False
Q6K00160,FMOD0039,KNOWN,True,False
Q6K00160,FMOD0041,KNOWN,True,False
Q6K00160,FMOD0045,KNOWN,True,False
Q6K00160,FMOD0052,KNOWN,False,True
Q6K00160,FMOD0056,KNOWN,True,False
Q6K00160,FMOD0057,KNOWN,True,False
Q6K00160,FMOD0058,KNOWN,True,False
Q6K00160,FMOD0059,KNOWN,True,False
Q6K00160,FMOD0063,KNOWN,True,False
Q6K00160,FMOD0064,KNOWN,True,False
Q6K00160,FMOD0065,KNOWN,True,False
Q6K00160,FMOD0071,KNOWN,True,False
Q6K00160,FMOD0072,KNOWN,True,False
Q6K00160,FMOD0078,KNOWN,True,False
Q6K00160,FMOD0081,KNOWN,True,False
Q6K00160,FMOD0082,KNOWN,True,False
Q6K00160,FMOD0097,KNOWN,True,False
Q6K00160,FMOD0101,KNOWN,True,False
Q6K00160,FMOD0010,BACKGROUND,True,False
Q6K00160,FMOD0018,BACKGROUND,True,False
Q6K00160,FMOD0026,BACKGROUND,True,False
Q6K00160,FMOD0029,BACKGROUND,True,False
Q6K00160,FMOD0037,BACKGROUND,True,False
Q6K00160,FMOD0042,BACKGROUND,True,False
Q6K00160,FMOD0098,BACKGROUND,True,False
Q6K00160,FMOD0103,BACKGROUND,True,False
Q6K00160,FMOD0107,BACKGROUND,True,False
Q6K00160,FMOD0108,BACKGROUND,True,False
Q6K00160,FMOD0111,BACKGROUND,True,False
Q6K00160,FMOD0112,BACKGROUND,True,False
Q6K00160,FMOD0114,BACKGROUND,True,False
Q6K00160,FMOD0117,BACKGROUND,True,False
Q6K00160,FMOD0118,BACKGROUND,True,False
Q6K00161,FMOD0002,KNOWN,True,False
Q6K00161,FMOD0012,KNOWN,True,False
Q6K00161,FMOD0019,KNOWN,True,False
Q6K00161,FMOD0020,KNOWN,True,False
Q6K00161,FMOD0021,KNOWN,True,False
Q6K00161,FMOD0030,KNOWN,True,False
Q6K00161,FMOD0034,KNOWN,True,False
Q6K00161,FMOD0039,KNOWN,True,False
Q6K00161,FMOD0041,KNOWN,False,True
Q6K00161,FMOD0045,KNOWN,True,False
Q6K00161,FMOD0052,KNOWN,True,False
Q6K00161,FMOD0056,KNOWN,True,False
Q6K00161,FMOD0057,KNOWN,True,False
Q6K00161,FMOD0058,KNOWN,True,False
Q6K00161,FMOD0059,KNOWN,True,False
Q6K00161,FMOD0063,KNOWN,True,False
Q6K00161,FMOD0064,KNOWN,True,False
Q6K00161,FMOD0065,KNOWN,True,False
Q6K00161,FMOD0071,KNOWN,True,False
Q6K00161,FMOD0072,KNOWN,True,False
Q6K00161,FMOD0078,KNOWN,True,False
Q6K00161,FMOD0081,KNOWN,True,False
Q6K00161,FMOD0082,KNOWN,True,False
Q6K00161,FMOD0097,KNOWN,True,False
Q6K00161,FMOD0101,KNOWN,True,False
Q6K00161,FMOD0010,BACKGROUND,True,False
Q6K00161,FMOD0018,BACKGROUND,True,False
Q6K00161,FMOD0026,BACKGROUND,True,False
Q6K00161,FMOD0029,BACKGROUND,True,False
Q6K00161,FMOD0037,BACKGROUND,True,False
Q6K00161,FMOD0042,BACKGROUND,True,False
Q6K00161,FMOD0098,BACKGROUND,True,False
Q6K00161,FMOD0103,BACKGROUND,True,False
Q6K00161,FMOD0107,BACKGROUND,True,False
Q6K00161,FMOD0108,BACKGROUND,True,False
Q6K00161,FMOD0111,BACKGROUND,True,False
Q6K00161,FMOD0112,BACKGROUND,True,False
Q6K00161,FMOD0114,BACKGROUND,True,False
Q6K00161,FMOD0117,BACKGROUND,True,False
Q6K00161,FMOD0118,BACKGROUND,True,False
Q6K00162,FMOD0002,KNOWN,True,False
Q6K00162,FMOD0012,KNOWN,True,False
Q6K00162,FMOD0019,KNOWN,True,False
Q6K00162,FMOD0020,KNOWN,True,False
Q6K00162,FMOD0021,KNOWN,True,False
Q6K00162,FMOD0030,KNOWN,True,False
Q6K00162,FMOD0034,KNOWN,True,False
Q6K00162,FMOD0039,KNOWN,True,False
Q6K00162,FMOD0041,KNOWN,True,False
Q6K00162,FMOD0045,KNOWN,True,False
Q6K00162,FMOD0052,KNOWN,True,False
Q6K00162,FMOD0056,KNOWN,True,False
Q6K00162,FMOD0057,KNOWN,True,False
Q6K00162,FMOD0058,KNOWN,False,True
Q6K00162,FMOD0059,KNOWN,True,False
Q6K00162,FMOD0063,KNOWN,True,False
Q6K00162,FMOD0064,KNOWN,True,False
Q6K00162,FMOD0065,KNOWN,True,False
Q6K00162,FMOD0071,KNOWN,True,False
Q6K00162,FMOD0072,KNOWN,True,False
Q6K00162,FMOD0078,KNOWN,True,False
Q6K00162,FMOD0081,KNOWN,True,False
Q6K00162,FMOD0082,KNOWN,True,False
Q6K00162,FMOD0097,KNOWN,True,False
Q6K00162,FMOD0101,KNOWN,True,False
Q6K00162,FMOD0010,BACKGROUND,True,False
Q6K00162,FMOD0018,BACKGROUND,True,False
Q6K00162,FMOD0026,BACKGROUND,True,False
Q6K00162,FMOD0029,BACKGROUND,True,False
Q6K00162,FMOD0037,BACKGROUND,True,False
Q6K00162,FMOD0042,BACKGROUND,True,False
Q6K00162,FMOD0098,BACKGROUND,True,False
Q6K00162,FMOD0103,BACKGROUND,True,False
Q6K00162,FMOD0107,BACKGROUND,True,False
Q6K00162,FMOD0108,BACKGROUND,True,False
Q6K00162,FMOD0111,BACKGROUND,True,False
Q6K00162,FMOD0112,BACKGROUND,True,False
Q6K00162,FMOD0114,BACKGROUND,True,False
Q6K00162,FMOD0117,BACKGROUND,True,False
Q6K00162,FMOD0118,BACKGROUND,True,False
Q6K00163,FMOD0002,KNOWN,True,False
Q6K00163,FMOD0012,KNOWN,True,False
Q6K00163,FMOD0019,KNOWN,True,False
Q6K00163,FMOD0020,KNOWN,True,False
Q6K00163,FMOD0021,KNOWN,True,False
Q6K00163,FMOD0030,KNOWN,True,False
Q6K00163,FMOD0034,KNOWN,True,False
Q6K00163,FMOD0039,KNOWN,True,False
Q6K00163,FMOD0041,KNOWN,True,False
Q6K00163,FMOD0045,KNOWN,True,False
Q6K00163,FMOD0052,KNOWN,False,True
Q6K00163,FMOD0056,KNOWN,True,False
Q6K00163,FMOD0057,KNOWN,True,False
Q6K00163,FMOD0058,KNOWN,True,False
Q6K00163,FMOD0059,KNOWN,True,False
Q6K00163,FMOD0063,KNOWN,True,False
Q6K00163,FMOD0064,KNOWN,True,False
Q6K00163,FMOD0065,KNOWN,True,False
Q6K00163,FMOD0071,KNOWN,True,False
Q6K00163,FMOD0072,KNOWN,True,False
Q6K00163,FMOD0078,KNOWN,True,False
Q6K00163,FMOD0081,KNOWN,True,False
Q6K00163,FMOD0082,KNOWN,True,False
Q6K00163,FMOD0097,KNOWN,True,False
Q6K00163,FMOD0101,KNOWN,True,False
Q6K00163,FMOD0010,BACKGROUND,True,False
Q6K00163,FMOD0018,BACKGROUND,True,False
Q6K00163,FMOD0026,BACKGROUND,True,False
Q6K00163,FMOD0029,BACKGROUND,True,False
Q6K00163,FMOD0037,BACKGROUND,True,False
Q6K00163,FMOD0042,BACKGROUND,True,False
Q6K00163,FMOD0098,BACKGROUND,True,False
Q6K00163,FMOD0103,BACKGROUND,True,False
Q6K00163,FMOD0107,BACKGROUND,True,False
Q6K00163,FMOD0108,BACKGROUND,True,False
Q6K00163,FMOD0111,BACKGROUND,True,False
Q6K00163,FMOD0112,BACKGROUND,True,False
Q6K00163,FMOD0114,BACKGROUND,True,False
Q6K00163,FMOD0117,BACKGROUND,True,False
Q6K00163,FMOD0118,BACKGROUND,True,False
Q6K00164,FMOD0002,KNOWN,True,False
Q6K00164,FMOD0012,KNOWN,True,False
Q6K00164,FMOD0019,KNOWN,True,False
Q6K00164,FMOD0020,KNOWN,True,False
Q6K00164,FMOD0021,KNOWN,True,False
Q6K00164,FMOD0030,KNOWN,True,False
Q6K00164,FMOD0034,KNOWN,False,True
Q6K00164,FMOD0039,KNOWN,True,False
Q6K00164,FMOD0041,KNOWN,True,False
Q6K00164,FMOD0045,KNOWN,True,False
Q6K00164,FMOD0052,KNOWN,True,False
Q6K00164,FMOD0056,KNOWN,True,False
Q6K00164,FMOD0057,KNOWN,True,False
Q6K00164,FMOD0058,KNOWN,True,False
Q6K00164,FMOD0059,KNOWN,True,False
Q6K00164,FMOD0063,KNOWN,True,False
Q6K00164,FMOD0064,KNOWN,True,False
Q6K00164,FMOD0065,KNOWN,True,False
Q6K00164,FMOD0071,KNOWN,True,False
Q6K00164,FMOD0072,KNOWN,True,False
Q6K00164,FMOD0078,KNOWN,True,False
Q6K00164,FMOD0081,KNOWN,True,False
Q6K00164,FMOD0082,KNOWN,True,False
Q6K00164,FMOD0097,KNOWN,True,False
Q6K00164,FMOD0101,KNOWN,True,False
Q6K00164,FMOD0010,BACKGROUND,True,False
Q6K00164,FMOD0018,BACKGROUND,True,False
Q6K00164,FMOD0026,BACKGROUND,True,False
Q6K00164,FMOD0029,BACKGROUND,True,False
Q6K00164,FMOD0037,BACKGROUND,True,False
Q6K00164,FMOD0042,BACKGROUND,True,False
Q6K00164,FMOD0098,BACKGROUND,True,False
Q6K00164,FMOD0103,BACKGROUND,True,False
Q6K00164,FMOD0107,BACKGROUND,True,False
Q6K00164,FMOD0108,BACKGROUND,True,False
Q6K00164,FMOD0111,BACKGROUND,True,False
Q6K00164,FMOD0112,BACKGROUND,True,False
Q6K00164,FMOD0114,BACKGROUND,True,False
Q6K00164,FMOD0117,BACKGROUND,True,False
Q6K00164,FMOD0118,BACKGROUND,True,False
Q6K00165,FMOD0002,KNOWN,True,False
Q6K00165,FMOD0012,KNOWN,True,False
Q6K00165,FMOD0019,KNOWN,True,False
Q6K00165,FMOD0020,KNOWN,True,False
Q6K00165,FMOD0021,KNOWN,True,False
Q6K00165,FMOD0030,KNOWN,True,False
Q6K00165,FMOD0034,KNOWN,False,True
Q6K00165,FMOD0039,KNOWN,True,False
Q6K00165,FMOD0041,KNOWN,True,False
Q6K00165,FMOD0045,KNOWN,True,False
Q6K00165,FMOD0052,KNOWN,True,False
Q6K00165,FMOD0056,KNOWN,True,False
Q6K00165,FMOD0057,KNOWN,True,False
Q6K00165,FMOD0058,KNOWN,True,False
Q6K00165,FMOD0059,KNOWN,True,False
Q6K00165,FMOD0063,KNOWN,True,False
Q6K00165,FMOD0064,KNOWN,True,False
Q6K00165,FMOD0065,KNOWN,True,False
Q6K00165,FMOD0071,KNOWN,True,False
Q6K00165,FMOD0072,KNOWN,True,False
Q6K00165,FMOD0078,KNOWN,True,False
Q6K00165,FMOD0081,KNOWN,True,False
Q6K00165,FMOD0082,KNOWN,True,False
Q6K00165,FMOD0097,KNOWN,True,False
Q6K00165,FMOD0101,KNOWN,True,False
Q6K00165,FMOD0010,BACKGROUND,True,False
Q6K00165,FMOD0018,BACKGROUND,True,False
Q6K00165,FMOD0026,BACKGROUND,True,False
Q6K00165,FMOD0029,BACKGROUND,True,False
Q6K00165,FMOD0037,BACKGROUND,True,False
Q6K00165,FMOD0042,BACKGROUND,True,False
Q6K00165,FMOD0098,BACKGROUND,True,False
Q6K00165,FMOD0103,BACKGROUND,True,False
Q6K00165,FMOD0107,BACKGROUND,True,False
Q6K00165,FMOD0108,BACKGROUND,True,False
Q6K00165,FMOD0111,BACKGROUND,True,False
Q6K00165,FMOD0112,BACKGROUND,True,False
Q6K00165,FMOD0114,BACKGROUND,True,False
Q6K00165,FMOD0117,BACKGROUND,True,False
Q6K00165,FMOD0118,BACKGROUND,True,False
Q6K00166,FMOD0002,KNOWN,True,False
Q6K00166,FMOD0012,KNOWN,True,False
Q6K00166,FMOD0019,KNOWN,True,False
Q6K00166,FMOD0020,KNOWN,False,True
Q6K00166,FMOD0021,KNOWN,True,False
Q6K00166,FMOD0030,KNOWN,True,False
Q6K00166,FMOD0034,KNOWN,True,False
Q6K00166,FMOD0039,KNOWN,True,False
Q6K00166,FMOD0041,KNOWN,True,False
Q6K00166,FMOD0045,KNOWN,True,False
Q6K00166,FMOD0052,KNOWN,True,False
Q6K00166,FMOD0056,KNOWN,True,False
Q6K00166,FMOD0057,KNOWN,True,False
Q6K00166,FMOD0058,KNOWN,True,False
Q6K00166,FMOD0059,KNOWN,True,False
Q6K00166,FMOD0063,KNOWN,True,False
Q6K00166,FMOD0064,KNOWN,True,False
Q6K00166,FMOD0065,KNOWN,True,False
Q6K00166,FMOD0071,KNOWN,True,False
Q6K00166,FMOD0072,KNOWN,True,False
Q6K00166,FMOD0078,KNOWN,True,False
Q6K00166,FMOD0081,KNOWN,True,False
Q6K00166,FMOD0082,KNOWN,True,False
Q6K00166,FMOD0097,KNOWN,True,False
Q6K00166,FMOD0101,KNOWN,True,False
Q6K00166,FMOD0010,BACKGROUND,True,False
Q6K00166,FMOD0018,BACKGROUND,True,False
Q6K00166,FMOD0026,BACKGROUND,True,False
Q6K00166,FMOD0029,BACKGROUND,True,False
Q6K00166,FMOD0037,BACKGROUND,True,False
Q6K00166,FMOD0042,BACKGROUND,True,False
Q6K00166,FMOD0098,BACKGROUND,True,False
Q6K00166,FMOD0103,BACKGROUND,True,False
Q6K00166,FMOD0107,BACKGROUND,True,False
Q6K00166,FMOD0108,BACKGROUND,True,False
Q6K00166,FMOD0111,BACKGROUND,True,False
Q6K00166,FMOD0112,BACKGROUND,True,False
Q6K00166,FMOD0114,BACKGROUND,True,False
Q6K00166,FMOD0117,BACKGROUND,True,False
Q6K00166,FMOD0118,BACKGROUND,True,False
Q6K00167,FMOD0002,KNOWN,True,False
Q6K00167,FMOD0012,KNOWN,True,False
Q6K00167,FMOD0019,KNOWN,True,False
Q6K00167,FMOD0020,KNOWN,True,False
Q6K00167,FMOD0021,KNOWN,True,False
Q6K00167,FMOD0030,KNOWN,True,False
Q6K00167,FMOD0034,KNOWN,True,False
Q6K00167,FMOD0039,KNOWN,True,False
Q6K00167,FMOD0041,KNOWN,True,False
Q6K00167,FMOD0045,KNOWN,True,False
Q6K00167,FMOD0052,KNOWN,True,False
Q6K00167,FMOD0056,KNOWN,True,False
Q6K00167,FMOD0057,KNOWN,True,False
Q6K00167,FMOD0058,KNOWN,True,False
Q6K00167,FMOD0059,KNOWN,True,False
Q6K00167,FMOD0063,KNOWN,True,False
Q6K00167,FMOD0064,KNOWN,True,False
Q6K00167,FMOD0065,KNOWN,True,False
Q6K00167,FMOD0071,KNOWN,True,False
Q6K00167,FMOD0072,KNOWN,True,False
Q6K00167,FMOD0078,KNOWN,True,False
Q6K00167,FMOD0081,KNOWN,False,True
Q6K00167,FMOD0082,KNOWN,True,False
Q6K00167,FMOD0097,KNOWN,True,False
Q6K00167,FMOD0101,KNOWN,True,False
Q6K00167,FMOD0010,BACKGROUND,True,False
Q6K00167,FMOD0018,BACKGROUND,True,False
Q6K00167,FMOD0026,BACKGROUND,True,False
Q6K00167,FMOD0029,BACKGROUND,True,False
Q6K00167,FMOD0037,BACKGROUND,True,False
Q6K00167,FMOD0042,BACKGROUND,True,False
Q6K00167,FMOD0098,BACKGROUND,True,False
Q6K00167,FMOD0103,BACKGROUND,True,False
Q6K00167,FMOD0107,BACKGROUND,True,False
Q6K00167,FMOD0108,BACKGROUND,True,False
Q6K00167,FMOD0111,BACKGROUND,True,False
Q6K00167,FMOD0112,BACKGROUND,True,False
Q6K00167,FMOD0114,BACKGROUND,True,False
Q6K00167,FMOD0117,BACKGROUND,True,False
Q6K00167,FMOD0118,BACKGROUND,True,False
Q6K00168,FMOD0002,KNOWN,True,False
Q6K00168,FMOD0012,KNOWN,True,False
Q6K00168,FMOD0019,KNOWN,True,False
Q6K00168,FMOD0020,KNOWN,True,False
Q6K00168,FMOD0021,KNOWN,True,False
Q6K00168,FMOD0030,KNOWN,True,False
Q6K00168,FMOD0034,KNOWN,True,False
Q6K00168,FMOD0039,KNOWN,True,False
Q6K00168,FMOD0041,KNOWN,True,False
Q6K00168,FMOD0045,KNOWN,True,False
Q6K00168,FMOD0052,KNOWN,True,False
Q6K00168,FMOD0056,KNOWN,True,False
Q6K00168,FMOD0057,KNOWN,True,False
Q6K00168,FMOD0058,KNOWN,True,False
Q6K00168,FMOD0059,KNOWN,True,False
Q6K00168,FMOD0063,KNOWN,True,False
Q6K00168,FMOD0064,KNOWN,True,False
Q6K00168,FMOD0065,KNOWN,True,False
Q6K00168,FMOD0071,KNOWN,True,False
Q6K00168,FMOD0072,KNOWN,True,False
Q6K00168,FMOD0078,KNOWN,True,False
Q6K00168,FMOD0081,KNOWN,False,True
Q6K00168,FMOD0082,KNOWN,True,False
Q6K00168,FMOD0097,KNOWN,True,False
Q6K00168,FMOD0101,KNOWN,True,False
Q6K00168,FMOD0010,BACKGROUND,True,False
Q6K00168,FMOD0018,BACKGROUND,True,False
Q6K00168,FMOD0026,BACKGROUND,True,False
Q6K00168,FMOD0029,BACKGROUND,True,False
Q6K00168,FMOD0037,BACKGROUND,True,False
Q6K00168,FMOD0042,BACKGROUND,True,False
Q6K00168,FMOD0098,BACKGROUND,True,False
Q6K00168,FMOD0103,BACKGROUND,True,False
Q6K00168,FMOD0107,BACKGROUND,True,False
Q6K00168,FMOD0108,BACKGROUND,True,False
Q6K00168,FMOD0111,BACKGROUND,True,False
Q6K00168,FMOD0112,BACKGROUND,True,False
Q6K00168,FMOD0114,BACKGROUND,True,False
Q6K00168,FMOD0117,BACKGROUND,True,False
Q6K00168,FMOD0118,BACKGROUND,True,False
Q6K00169,FMOD0002,KNOWN,True,False
Q6K00169,FMOD0012,KNOWN,True,False
Q6K00169,FMOD0019,KNOWN,True,False
Q6K00169,FMOD0020,KNOWN,True,False
Q6K00169,FMOD0021,KNOWN,True,False
Q6K00169,FMOD0030,KNOWN,True,False
Q6K00169,FMOD0034,KNOWN,True,False
Q6K00169,FMOD0039,KNOWN,True,False
Q6K00169,FMOD0041,KNOWN,True,False
Q6K00169,FMOD0045,KNOWN,True,False
Q6K00169,FMOD0052,KNOWN,True,False
Q6K00169,FMOD0056,KNOWN,True,False
Q6K00169,FMOD0057,KNOWN,True,False
Q6K00169,FMOD0058,KNOWN,True,False
Q6K00169,FMOD0059,KNOWN,True,False
Q6K00169,FMOD0063,KNOWN,True,False
Q6K00169,FMOD0064,KNOWN,True,False
Q6K00169,FMOD0065,KNOWN,True,False
Q6K00169,FMOD0071,KNOWN,True,False
Q6K00169,FMOD0072,KNOWN,True,False
Q6K00169,FMOD0078,KNOWN,True,False
Q6K00169,FMOD0081,KNOWN,True,False
Q6K00169,FMOD0082,KNOWN,True,False
Q6K00169,FMOD0097,KNOWN,False,True
Q6K00169,FMOD0101,KNOWN,True,False
Q6K00169,FMOD0010,BACKGROUND,True,False
Q6K00169,FMOD0018,BACKGROUND,True,False
Q6K00169,FMOD0026,BACKGROUND,True,False
Q6K00169,FMOD0029,BACKGROUND,True,False
Q6K00169,FMOD0037,BACKGROUND,True,False
Q6K00169,FMOD0042,BACKGROUND,True,False
Q6K00169,FMOD0098,BACKGROUND,True,False
Q6K00169,FMOD0103,BACKGROUND,True,False
Q6K00169,FMOD0107,BACKGROUND,True,False
Q6K00169,FMOD0108,BACKGROUND,True,False
Q6K00169,FMOD0111,BACKGROUND,True,False
Q6K00169,FMOD0112,BACKGROUND,True,False
Q6K00169,FMOD0114,BACKGROUND,True,False
Q6K00169,FMOD0117,BACKGROUND,True,False
Q6K00169,FMOD0118,BACKGROUND,True,False
Q6K00170,FMOD0002,KNOWN,True,False
Q6K00170,FMOD0012,KNOWN,True,False
Q6K00170,FMOD0019,KNOWN,True,False
Q6K00170,FMOD0020,KNOWN,True,False
Q6K00170,FMOD0021,KNOWN,True,False
Q6K00170,FMOD0030,KNOWN,True,False
Q6K00170,FMOD0034,KNOWN,False,True
Q6K00170,FMOD0039,KNOWN,True,False
Q6K00170,FMOD0041,KNOWN,True,False
Q6K00170,FMOD0045,KNOWN,True,False
Q6K00170,FMOD0052,KNOWN,True,False
Q6K00170,FMOD0056,KNOWN,True,False
Q6K00170,FMOD0057,KNOWN,True,False
Q6K00170,FMOD0058,KNOWN,True,False
Q6K00170,FMOD0059,KNOWN,True,False
Q6K00170,FMOD0063,KNOWN,True,False
Q6K00170,FMOD0064,KNOWN,True,False
Q6K00170,FMOD0065,KNOWN,True,False
Q6K00170,FMOD0071,KNOWN,True,False
Q6K00170,FMOD0072,KNOWN,True,False
Q6K00170,FMOD0078,KNOWN,True,False
Q6K00170,FMOD0081,KNOWN,True,False
Q6K00170,FMOD0082,KNOWN,True,False
Q6K00170,FMOD0097,KNOWN,True,False
Q6K00170,FMOD0101,KNOWN,True,False
Q6K00170,FMOD0010,BACKGROUND,True,False
Q6K00170,FMOD0018,BACKGROUND,True,False
Q6K00170,FMOD0026,BACKGROUND,True,False
Q6K00170,FMOD0029,BACKGROUND,True,False
Q6K00170,FMOD0037,BACKGROUND,True,False
Q6K00170,FMOD0042,BACKGROUND,True,False
Q6K00170,FMOD0098,BACKGROUND,True,False
Q6K00170,FMOD0103,BACKGROUND,True,False
Q6K00170,FMOD0107,BACKGROUND,True,False
Q6K00170,FMOD0108,BACKGROUND,True,False
Q6K00170,FMOD0111,BACKGROUND,True,False
Q6K00170,FMOD0112,BACKGROUND,True,False
Q6K00170,FMOD0114,BACKGROUND,True,False
Q6K00170,FMOD0117,BACKGROUND,True,False
Q6K00170,FMOD0118,BACKGROUND,True,False
Q6K00171,FMOD0002,KNOWN,True,False
Q6K00171,FMOD0012,KNOWN,True,False
Q6K00171,FMOD0019,KNOWN,True,False
Q6K00171,FMOD0020,KNOWN,True,False
Q6K00171,FMOD0021,KNOWN,True,False
Q6K00171,FMOD0030,KNOWN,False,True
Q6K00171,FMOD0034,KNOWN,True,False
Q6K00171,FMOD0039,KNOWN,True,False
Q6K00171,FMOD0041,KNOWN,True,False
Q6K00171,FMOD0045,KNOWN,True,False
Q6K00171,FMOD0052,KNOWN,True,False
Q6K00171,FMOD0056,KNOWN,True,False
Q6K00171,FMOD0057,KNOWN,True,False
Q6K00171,FMOD0058,KNOWN,True,False
Q6K00171,FMOD0059,KNOWN,True,False
Q6K00171,FMOD0063,KNOWN,True,False
Q6K00171,FMOD0064,KNOWN,True,False
Q6K00171,FMOD0065,KNOWN,True,False
Q6K00171,FMOD0071,KNOWN,True,False
Q6K00171,FMOD0072,KNOWN,True,False
Q6K00171,FMOD0078,KNOWN,True,False
Q6K00171,FMOD0081,KNOWN,True,False
Q6K00171,FMOD0082,KNOWN,True,False
Q6K00171,FMOD0097,KNOWN,True,False
Q6K00171,FMOD0101,KNOWN,True,False
Q6K00171,FMOD0010,BACKGROUND,True,False
Q6K00171,FMOD0018,BACKGROUND,True,False
Q6K00171,FMOD0026,BACKGROUND,True,False
Q6K00171,FMOD0029,BACKGROUND,True,False
Q6K00171,FMOD0037,BACKGROUND,True,False
Q6K00171,FMOD0042,BACKGROUND,True,False
Q6K00171,FMOD0098,BACKGROUND,True,False
Q6K00171,FMOD0103,BACKGROUND,True,False
Q6K00171,FMOD0107,BACKGROUND,True,False
Q6K00171,FMOD0108,BACKGROUND,True,False
Q6K00171,FMOD0111,BACKGROUND,True,False
Q6K00171,FMOD0112,BACKGROUND,True,False
Q6K00171,FMOD0114,BACKGROUND,True,False
Q6K00171,FMOD0117,BACKGROUND,True,False
Q6K00171,FMOD0118,BACKGROUND,True,False
Q6K00172,FMOD0002,KNOWN,True,False
Q6K00172,FMOD0012,KNOWN,True,False
Q6K00172,FMOD0019,KNOWN,True,False
Q6K00172,FMOD0020,KNOWN,True,False
Q6K00172,FMOD0021,KNOWN,True,False
Q6K00172,FMOD0030,KNOWN,True,False
Q6K00172,FMOD0034,KNOWN,True,False
Q6K00172,FMOD0039,KNOWN,True,False
Q6K00172,FMOD0041,KNOWN,True,False
Q6K00172,FMOD0045,KNOWN,True,False
Q6K00172,FMOD0052,KNOWN,True,False
Q6K00172,FMOD0056,KNOWN,True,False
Q6K00172,FMOD0057,KNOWN,True,False
Q6K00172,FMOD0058,KNOWN,True,False
Q6K00172,FMOD0059,KNOWN,True,False
Q6K00172,FMOD0063,KNOWN,False,True
Q6K00172,FMOD0064,KNOWN,True,False
Q6K00172,FMOD0065,KNOWN,True,False
Q6K00172,FMOD0071,KNOWN,True,False
Q6K00172,FMOD0072,KNOWN,True,False
Q6K00172,FMOD0078,KNOWN,True,False
Q6K00172,FMOD0081,KNOWN,True,False
Q6K00172,FMOD0082,KNOWN,True,False
Q6K00172,FMOD0097,KNOWN,True,False
Q6K00172,FMOD0101,KNOWN,True,False
Q6K00172,FMOD0010,BACKGROUND,True,False
Q6K00172,FMOD0018,BACKGROUND,True,False
Q6K00172,FMOD0026,BACKGROUND,True,False
Q6K00172,FMOD0029,BACKGROUND,True,False
Q6K00172,FMOD0037,BACKGROUND,True,False
Q6K00172,FMOD0042,BACKGROUND,True,False
Q6K00172,FMOD0098,BACKGROUND,True,False
Q6K00172,FMOD0103,BACKGROUND,True,False
Q6K00172,FMOD0107,BACKGROUND,True,False
Q6K00172,FMOD0108,BACKGROUND,True,False
Q6K00172,FMOD0111,BACKGROUND,True,False
Q6K00172,FMOD0112,BACKGROUND,True,False
Q6K00172,FMOD0114,BACKGROUND,True,False
Q6K00172,FMOD0117,BACKGROUND,True,False
Q6K00172,FMOD0118,BACKGROUND,True,False
Q6K00173,FMOD0002,KNOWN,True,False
Q6K00173,FMOD0012,KNOWN,True,False
Q6K00173,FMOD0019,KNOWN,True,False
Q6K00173,FMOD0020,KNOWN,True,False
Q6K00173,FMOD0021,KNOWN,True,False
Q6K00173,FMOD0030,KNOWN,True,False
Q6K00173,FMOD0034,KNOWN,False,True
Q6K00173,FMOD0039,KNOWN,True,False
Q6K00173,FMOD0041,KNOWN,True,False
Q6K00173,FMOD0045,KNOWN,True,False
Q6K00173,FMOD0052,KNOWN,True,False
Q6K00173,FMOD0056,KNOWN,True,False
Q6K00173,FMOD0057,KNOWN,True,False
Q6K00173,FMOD0058,KNOWN,True,False
Q6K00173,FMOD0059,KNOWN,True,False
Q6K00173,FMOD0063,KNOWN,True,False
Q6K00173,FMOD0064,KNOWN,True,False
Q6K00173,FMOD0065,KNOWN,True,False
Q6K00173,FMOD0071,KNOWN,True,False
Q6K00173,FMOD0072,KNOWN,True,False
Q6K00173,FMOD0078,KNOWN,True,False
Q6K00173,FMOD0081,KNOWN,True,False
Q6K00173,FMOD0082,KNOWN,True,False
Q6K00173,FMOD0097,KNOWN,True,False
Q6K00173,FMOD0101,KNOWN,True,False
Q6K00173,FMOD0010,BACKGROUND,True,False
Q6K00173,FMOD0018,BACKGROUND,True,False
Q6K00173,FMOD0026,BACKGROUND,True,False
Q6K00173,FMOD0029,BACKGROUND,True,False
Q6K00173,FMOD0037,BACKGROUND,True,False
Q6K00173,FMOD0042,BACKGROUND,True,False
Q6K00173,FMOD0098,BACKGROUND,True,False
Q6K00173,FMOD0103,BACKGROUND,True,False
Q6K00173,FMOD0107,BACKGROUND,True,False
Q6K00173,FMOD0108,BACKGROUND,True,False
Q6K00173,FMOD0111,BACKGROUND,True,False
Q6K00173,FMOD0112,BACKGROUND,True,False
Q6K00173,FMOD0114,BACKGROUND,True,False
Q6K00173,FMOD0117,BACKGROUND,True,False
Q6K00173,FMOD0118,BACKGROUND,True,False
Q6K00174,FMOD0002,KNOWN,True,False
Q6K00174,FMOD0012,KNOWN,True,False
Q6K00174,FMOD0019,KNOWN,True,False
Q6K00174,FMOD0020,KNOWN,True,False
Q6K00174,FMOD0021,KNOWN,True,False
Q6K00174,FMOD0030,KNOWN,True,False
Q6K00174,FMOD0034,KNOWN,False,True
Q6K00174,FMOD0039,KNOWN,True,False
Q6K00174,FMOD0041,KNOWN,True,False
Q6K00174,FMOD0045,KNOWN,True,False
Q6K00174,FMOD0052,KNOWN,True,False
Q6K00174,FMOD0056,KNOWN,True,False
Q6K00174,FMOD0057,KNOWN,True,False
Q6K00174,FMOD0058,KNOWN,True,False
Q6K00174,FMOD0059,KNOWN,True,False
Q6K00174,FMOD0063,KNOWN,True,False
Q6K00174,FMOD0064,KNOWN,True,False
Q6K00174,FMOD0065,KNOWN,True,False
Q6K00174,FMOD0071,KNOWN,True,False
Q6K00174,FMOD0072,KNOWN,True,False
Q6K00174,FMOD0078,KNOWN,True,False
Q6K00174,FMOD0081,KNOWN,True,False
Q6K00174,FMOD0082,KNOWN,True,False
Q6K00174,FMOD0097,KNOWN,True,False
Q6K00174,FMOD0101,KNOWN,True,False
Q6K00174,FMOD0010,BACKGROUND,True,False
Q6K00174,FMOD0018,BACKGROUND,True,False
Q6K00174,FMOD0026,BACKGROUND,True,False
Q6K00174,FMOD0029,BACKGROUND,True,False
Q6K00174,FMOD0037,BACKGROUND,True,False
Q6K00174,FMOD0042,BACKGROUND,True,False
Q6K00174,FMOD0098,BACKGROUND,True,False
Q6K00174,FMOD0103,BACKGROUND,True,False
Q6K00174,FMOD0107,BACKGROUND,True,False
Q6K00174,FMOD0108,BACKGROUND,True,False
Q6K00174,FMOD0111,BACKGROUND,True,False
Q6K00174,FMOD0112,BACKGROUND,True,False
Q6K00174,FMOD0114,BACKGROUND,True,False
Q6K00174,FMOD0117,BACKGROUND,True,False
Q6K00174,FMOD0118,BACKGROUND,True,False
Q6K00175,FMOD0002,KNOWN,True,False
Q6K00175,FMOD0012,KNOWN,True,False
Q6K00175,FMOD0019,KNOWN,True,False
Q6K00175,FMOD0020,KNOWN,True,False
Q6K00175,FMOD0021,KNOWN,True,False
Q6K00175,FMOD0030,KNOWN,True,False
Q6K00175,FMOD0034,KNOWN,True,False
Q6K00175,FMOD0039,KNOWN,True,False
Q6K00175,FMOD0041,KNOWN,True,False
Q6K00175,FMOD0045,KNOWN,True,False
Q6K00175,FMOD0052,KNOWN,True,False
Q6K00175,FMOD0056,KNOWN,True,False
Q6K00175,FMOD0057,KNOWN,True,False
Q6K00175,FMOD0058,KNOWN,False,True
Q6K00175,FMOD0059,KNOWN,True,False
Q6K00175,FMOD0063,KNOWN,True,False
Q6K00175,FMOD0064,KNOWN,True,False
Q6K00175,FMOD0065,KNOWN,True,False
Q6K00175,FMOD0071,KNOWN,True,False
Q6K00175,FMOD0072,KNOWN,True,False
Q6K00175,FMOD0078,KNOWN,True,False
Q6K00175,FMOD0081,KNOWN,True,False
Q6K00175,FMOD0082,KNOWN,True,False
Q6K00175,FMOD0097,KNOWN,True,False
Q6K00175,FMOD0101,KNOWN,True,False
Q6K00175,FMOD0010,BACKGROUND,True,False
Q6K00175,FMOD0018,BACKGROUND,True,False
Q6K00175,FMOD0026,BACKGROUND,True,False
Q6K00175,FMOD0029,BACKGROUND,True,False
Q6K00175,FMOD0037,BACKGROUND,True,False
Q6K00175,FMOD0042,BACKGROUND,True,False
Q6K00175,FMOD0098,BACKGROUND,True,False
Q6K00175,FMOD0103,BACKGROUND,True,False
Q6K00175,FMOD0107,BACKGROUND,True,False
Q6K00175,FMOD0108,BACKGROUND,True,False
Q6K00175,FMOD0111,BACKGROUND,True,False
Q6K00175,FMOD0112,BACKGROUND,True,False
Q6K00175,FMOD0114,BACKGROUND,True,False
Q6K00175,FMOD0117,BACKGROUND,True,False
Q6K00175,FMOD0118,BACKGROUND,True,False
Q6K00176,FMOD0002,KNOWN,True,False
Q6K00176,FMOD0012,KNOWN,True,False
Q6K00176,FMOD0019,KNOWN,True,False
Q6K00176,FMOD0020,KNOWN,False,True
Q6K00176,FMOD0021,KNOWN,True,False
Q6K00176,FMOD0030,KNOWN,True,False
Q6K00176,FMOD0034,KNOWN,True,False
Q6K00176,FMOD0039,KNOWN,True,False
Q6K00176,FMOD0041,KNOWN,True,False
Q6K00176,FMOD0045,KNOWN,True,False
Q6K00176,FMOD0052,KNOWN,True,False
Q6K00176,FMOD0056,KNOWN,True,False
Q6K00176,FMOD0057,KNOWN,True,False
Q6K00176,FMOD0058,KNOWN,True,False
Q6K00176,FMOD0059,KNOWN,True,False
Q6K00176,FMOD0063,KNOWN,True,False
Q6K00176,FMOD0064,KNOWN,True,False
Q6K00176,FMOD0065,KNOWN,True,False
Q6K00176,FMOD0071,KNOWN,True,False
Q6K00176,FMOD0072,KNOWN,True,False
Q6K00176,FMOD0078,KNOWN,True,False
Q6K00176,FMOD0081,KNOWN,True,False
Q6K00176,FMOD0082,KNOWN,True,False
Q6K00176,FMOD0097,KNOWN,True,False
Q6K00176,FMOD0101,KNOWN,True,False
Q6K00176,FMOD0010,BACKGROUND,True,False
Q6K00176,FMOD0018,BACKGROUND,True,False
Q6K00176,FMOD0026,BACKGROUND,True,False
Q6K00176,FMOD0029,BACKGROUND,True,False
Q6K00176,FMOD0037,BACKGROUND,True,False
Q6K00176,FMOD0042,BACKGROUND,True,False
Q6K00176,FMOD0098,BACKGROUND,True,False
Q6K00176,FMOD0103,BACKGROUND,True,False
Q6K00176,FMOD0107,BACKGROUND,True,False
Q6K00176,FMOD0108,BACKGROUND,True,False
Q6K00176,FMOD0111,BACKGROUND,True,False
Q6K00176,FMOD0112,BACKGROUND,True,False
Q6K00176,FMOD0114,BACKGROUND,True,False
Q6K00176,FMOD0117,BACKGROUND,True,False
Q6K00176,FMOD0118,BACKGROUND,True,False
Q6K00177,FMOD0002,KNOWN,True,False
Q6K00177,FMOD0012,KNOWN,True,False
Q6K00177,FMOD0019,KNOWN,True,False
Q6K00177,FMOD0020,KNOWN,True,False
Q6K00177,FMOD0021,KNOWN,True,False
Q6K00177,FMOD0030,KNOWN,True,False
Q6K00177,FMOD0034,KNOWN,True,False
Q6K00177,FMOD0039,KNOWN,True,False
Q6K00177,FMOD0041,KNOWN,True,False
Q6K00177,FMOD0045,KNOWN,True,False
Q6K00177,FMOD0052,KNOWN,True,False
Q6K00177,FMOD0056,KNOWN,True,False
Q6K00177,FMOD0057,KNOWN,True,False
Q6K00177,FMOD0058,KNOWN,True,False
Q6K00177,FMOD0059,KNOWN,True,False
Q6K00177,FMOD0063,KNOWN,True,False
Q6K00177,FMOD0064,KNOWN,True,False
Q6K00177,FMOD0065,KNOWN,True,False
Q6K00177,FMOD0071,KNOWN,True,False
Q6K00177,FMOD0072,KNOWN,True,False
Q6K00177,FMOD0078,KNOWN,True,False
Q6K00177,FMOD0081,KNOWN,True,False
Q6K00177,FMOD0082,KNOWN,False,True
Q6K00177,FMOD0097,KNOWN,True,False
Q6K00177,FMOD0101,KNOWN,True,False
Q6K00177,FMOD0010,BACKGROUND,True,False
Q6K00177,FMOD0018,BACKGROUND,True,False
Q6K00177,FMOD0026,BACKGROUND,True,False
Q6K00177,FMOD0029,BACKGROUND,True,False
Q6K00177,FMOD0037,BACKGROUND,True,False
Q6K00177,FMOD0042,BACKGROUND,True,False
Q6K00177,FMOD0098,BACKGROUND,True,False
Q6K00177,FMOD0103,BACKGROUND,True,False
Q6K00177,FMOD0107,BACKGROUND,True,False
Q6K00177,FMOD0108,BACKGROUND,True,False
Q6K00177,FMOD0111,BACKGROUND,True,False
Q6K00177,FMOD0112,BACKGROUND,True,False
Q6K00177,FMOD0114,BACKGROUND,True,False
Q6K00177,FMOD0117,BACKGROUND,True,False
Q6K00177,FMOD0118,BACKGROUND,True,False
Q6K00178,FMOD0002,KNOWN,True,False
Q6K00178,FMOD0012,KNOWN,True,False
Q6K00178,FMOD0019,KNOWN,True,False
Q6K00178,FMOD0020,KNOWN,True,False
Q6K00178,FMOD0021,KNOWN,True,False
Q6K00178,FMOD0030,KNOWN,True,False
Q6K00178,FMOD0034,KNOWN,True,False
Q6K00178,FMOD0039,KNOWN,True,False
Q6K00178,FMOD0041,KNOWN,True,False
Q6K00178,FMOD0045,KNOWN,True,False
Q6K00178,FMOD0052,KNOWN,True,False
Q6K00178,FMOD0056,KNOWN,True,False
Q6K00178,FMOD0057,KNOWN,True,False
Q6K00178,FMOD0058,KNOWN,True,False
Q6K00178,FMOD0059,KNOWN,True,False
Q6K00178,FMOD0063,KNOWN,True,False
Q6K00178,FMOD0064,KNOWN,True,False
Q6K00178,FMOD0065,KNOWN,True,False
Q6K00178,FMOD0071,KNOWN,True,False
Q6K00178,FMOD0072,KNOWN,True,False
Q6K00178,FMOD0078,KNOWN,True,False
Q6K00178,FMOD0081,KNOWN,False,True
Q6K00178,FMOD0082,KNOWN,True,False
Q6K00178,FMOD0097,KNOWN,True,False
Q6K00178,FMOD0101,KNOWN,True,False
Q6K00178,FMOD0010,BACKGROUND,True,False
Q6K00178,FMOD0018,BACKGROUND,True,False
Q6K00178,FMOD0026,BACKGROUND,True,False
Q6K00178,FMOD0029,BACKGROUND,True,False
Q6K00178,FMOD0037,BACKGROUND,True,False
Q6K00178,FMOD0042,BACKGROUND,True,False
Q6K00178,FMOD0098,BACKGROUND,True,False
Q6K00178,FMOD0103,BACKGROUND,True,False
Q6K00178,FMOD0107,BACKGROUND,True,False
Q6K00178,FMOD0108,BACKGROUND,True,False
Q6K00178,FMOD0111,BACKGROUND,True,False
Q6K00178,FMOD0112,BACKGROUND,True,False
Q6K00178,FMOD0114,BACKGROUND,True,False
Q6K00178,FMOD0117,BACKGROUND,True,False
Q6K00178,FMOD0118,BACKGROUND,True,False
Q6K00179,FMOD0002,KNOWN,True,False
Q6K00179,FMOD0012,KNOWN,True,False
Q6K00179,FMOD0019,KNOWN,True,False
Q6K00179,FMOD0020,KNOWN,True,False
Q6K00179,FMOD0021,KNOWN,True,False
Q6K00179,FMOD0030,KNOWN,True,False
Q6K00179,FMOD0034,KNOWN,True,False
Q6K00179,FMOD0039,KNOWN,True,False
Q6K00179,FMOD0041,KNOWN,True,False
Q6K00179,FMOD0045,KNOWN,True,False
Q6K00179,FMOD0052,KNOWN,True,False
Q6K00179,FMOD0056,KNOWN,True,False
Q6K00179,FMOD0057,KNOWN,False,True
Q6K00179,FMOD0058,KNOWN,True,False
Q6K00179,FMOD0059,KNOWN,True,False
Q6K00179,FMOD0063,KNOWN,True,False
Q6K00179,FMOD0064,KNOWN,True,False
Q6K00179,FMOD0065,KNOWN,True,False
Q6K00179,FMOD0071,KNOWN,True,False
Q6K00179,FMOD0072,KNOWN,True,False
Q6K00179,FMOD0078,KNOWN,True,False
Q6K00179,FMOD0081,KNOWN,True,False
Q6K00179,FMOD0082,KNOWN,True,False
Q6K00179,FMOD0097,KNOWN,True,False
Q6K00179,FMOD0101,KNOWN,True,False
Q6K00179,FMOD0010,BACKGROUND,True,False
Q6K00179,FMOD0018,BACKGROUND,True,False
Q6K00179,FMOD0026,BACKGROUND,True,False
Q6K00179,FMOD0029,BACKGROUND,True,False
Q6K00179,FMOD0037,BACKGROUND,True,False
Q6K00179,FMOD0042,BACKGROUND,True,False
Q6K00179,FMOD0098,BACKGROUND,True,False
Q6K00179,FMOD0103,BACKGROUND,True,False
Q6K00179,FMOD0107,BACKGROUND,True,False
Q6K00179,FMOD0108,BACKGROUND,True,False
Q6K00179,FMOD0111,BACKGROUND,True,False
Q6K00179,FMOD0112,BACKGROUND,True,False
Q6K00179,FMOD0114,BACKGROUND,True,False
Q6K00179,FMOD0117,BACKGROUND,True,False
Q6K00179,FMOD0118,BACKGROUND,True,False
Q6K00180,FMOD0002,KNOWN,True,False
Q6K00180,FMOD0012,KNOWN,True,False
Q6K00180,FMOD0019,KNOWN,True,False
Q6K00180,FMOD0020,KNOWN,True,False
Q6K00180,FMOD0021,KNOWN,True,False
Q6K00180,FMOD0030,KNOWN,True,False
Q6K00180,FMOD0034,KNOWN,True,False
Q6K00180,FMOD0039,KNOWN,True,False
Q6K00180,FMOD0041,KNOWN,True,False
Q6K00180,FMOD0045,KNOWN,True,False
Q6K00180,FMOD0052,KNOWN,True,False
Q6K00180,FMOD0056,KNOWN,True,False
Q6K00180,FMOD0057,KNOWN,True,False
Q6K00180,FMOD0058,KNOWN,True,False
Q6K00180,FMOD0059,KNOWN,True,False
Q6K00180,FMOD0063,KNOWN,True,False
Q6K00180,FMOD0064,KNOWN,True,False
Q6K00180,FMOD0065,KNOWN,False,True
Q6K00180,FMOD0071,KNOWN,True,False
Q6K00180,FMOD0072,KNOWN,True,False
Q6K00180,FMOD0078,KNOWN,True,False
Q6K00180,FMOD0081,KNOWN,True,False
Q6K00180,FMOD0082,KNOWN,True,False
Q6K00180,FMOD0097,KNOWN,True,False
Q6K00180,FMOD0101,KNOWN,True,False
Q6K00180,FMOD0010,BACKGROUND,True,False
Q6K00180,FMOD0018,BACKGROUND,True,False
Q6K00180,FMOD0026,BACKGROUND,True,False
Q6K00180,FMOD0029,BACKGROUND,True,False
Q6K00180,FMOD0037,BACKGROUND,True,False
Q6K00180,FMOD0042,BACKGROUND,True,False
Q6K00180,FMOD0098,BACKGROUND,True,False
Q6K00180,FMOD0103,BACKGROUND,True,False
Q6K00180,FMOD0107,BACKGROUND,True,False
Q6K00180,FMOD0108,BACKGROUND,True,False
Q6K00180,FMOD0111,BACKGROUND,True,False
Q6K00180,FMOD0112,BACKGROUND,True,False
Q6K00180,FMOD0114,BACKGROUND,True,False
Q6K00180,FMOD0117,BACKGROUND,True,False
Q6K00180,FMOD0118,BACKGROUND,True,False
