fresh_id,project_id,slug,title,author,role,license,categories,display_categories,downloads,date_created,date_modified,valid_fabric_version_count,current_version_id,current_version_number,current_date_published,current_filename,current_url,current_sha1,current_sha512,historical_version_ids,historical_version_numbers,historical_dates,historical_filenames,historical_urls,historical_sha1,historical_sha512
FMOD0001,ou65sqcG,-empty-hand-,-Empty Hand-,jfyx2025,TARGET_MOD,MIT,"[""adventure"", ""fabric"", ""management""]","[""adventure"", ""fabric"", ""management""]",78,2026-07-16T21:52:27.903668+00:00,2026-08-09T07:12:56.842516+00:00,4,cDDF6G3t,1.20.1-fabric-1.0.1,2026-08-09T07:12:57.146448Z,EmptyHand-1.20.1-fabric-1.0.1.jar,https://cdn.modrinth.com/data/ou65sqcG/versions/cDDF6G3t/EmptyHand-1.20.1-fabric-1.0.1.jar,b1efd9cd2a7ae851de04dddd3c6ef10df2186bcf,299de74b50d1510746e54b309640f31305c57185edc68958db494455fa57b4855e698087b12a7828aaf050aee3a88df556a4f3c1a5f11021252c2d78b0444d0b,"[""NKfar19f"", ""bUJ7d0jM"", ""vSbgx9lF""]","[""1.21.1-fabric-1.0.1"", ""1.21.11-fabric-1.0.1"", ""26.2-fabric-1.0.1""]","[""2026-08-02T03:21:47.624062Z"", ""2026-08-02T03:21:35.687347Z"", ""2026-08-02T03:21:24.407604Z""]","[""EmptyHand-1.21.1-fabric-1.0.1.jar"", ""EmptyHand-1.21.11-fabric-1.0.1.jar"", ""EmptyHand-26.2-fabric-1.0.1.jar""]","[""https://cdn.modrinth.com/data/ou65sqcG/versions/NKfar19f/EmptyHand-1.21.1-fabric-1.0.1.jar"", ""https://cdn.modrinth.com/data/ou65sqcG/versions/bUJ7d0jM/EmptyHand-1.21.11-fabric-1.0.1.jar"", ""https://cdn.modrinth.com/data/ou65sqcG/versions/vSbgx9lF/EmptyHand-26.2-fabric-1.0.1.jar""]","[""f93f9ccb1bc62f6a94b994fc3a2a3f1c9347f11d"", ""f32d239a1e46ce46d7532b594e7c653743a4be51"", ""3f18844552f4e8e801fbad76507504aa99fa3e16""]","[""18a7200832c6bcbf3698ffcd34fc3abb366ddbe8a377a1b8b9bf6d6f122833a28fb5e47dbd3d6d4ce22ed5171b28f3e0922712293c07982a4bce1a55bea2bb77"", ""bf1bae2613b0fccb4e9e7de9de646530fb2ad62557f2aa6fba5d7ff61514430d79396ebe5cea6454733cbc4a89c467b98a648c0314b5981ca3d35ca141b54cb7"", ""28aa1bfa0622430e8fda8ed70a1607651304ae43db655a8fd13adde860e496b3d317160051a8c4e94a305eb838c9a7b192b954e4b0ae8c7fcead8b2db8a48c51""]"
FMOD0002,pvw6KZeZ,pillager-deterrent,Pillager Deterrent,will-y,TARGET_MOD,MIT,"[""equipment"", ""fabric"", ""forge"", ""neoforge"", ""utility""]","[""equipment"", ""fabric"", ""forge"", ""neoforge"", ""utility""]",1630,2025-03-24T20:44:19.590039+00:00,2026-08-12T03:37:29.536840+00:00,10,dt3uxfQ4,1.20.1-1.1.0,2026-08-12T03:37:29.938317Z,pillager-deterrent-1.20.1-1.1.0.jar,https://cdn.modrinth.com/data/pvw6KZeZ/versions/dt3uxfQ4/pillager-deterrent-1.20.1-1.1.0.jar,66165f9a97f4deb6c04edb798fc4114006186514,dcdb48b17a97b3c7c41084facb93a012ba003d5482c658bd8671b4d48ca54a306dd00b334bc7696f3579b7db703d3eaf29b391eb662c51b169b6a4532f11572f,"[""Jlib30fO"", ""8RRjwtxl"", ""LIVM3gNO""]","[""1.21.1-1.1.0"", ""1.20.1-1.0.1"", ""26.2.2.1""]","[""2026-08-12T03:30:32.673205Z"", ""2026-08-08T20:26:09.837379Z"", ""2026-08-08T20:23:35.225902Z""]","[""pillager-deterrent-1.21.1-1.1.0.jar"", ""pillager-deterrent-1.20.1-1.0.1.jar"", ""pillager_deterrent-fabric-26.2-26.2.2.1.jar""]","[""https://cdn.modrinth.com/data/pvw6KZeZ/versions/Jlib30fO/pillager-deterrent-1.21.1-1.1.0.jar"", ""https://cdn.modrinth.com/data/pvw6KZeZ/versions/8RRjwtxl/pillager-deterrent-1.20.1-1.0.1.jar"", ""https://cdn.modrinth.com/data/pvw6KZeZ/versions/LIVM3gNO/pillager_deterrent-fabric-26.2-26.2.2.1.jar""]","[""e30e69825dcfa481d8e4adde9bc4a1928e08823d"", ""bba1f63501411766f987239155e5ad53f3bb4fb1"", ""5bdb1b38f7c82ce3fb946ddcbf8ed16a5be1ce9f""]","[""7c8b23c81ce223a2db522b0bfc8cd598414a567b7740efa80335f69bef9079fe4a2fefc57d5da31b399df14607cca989095dcadbf38dfd75c8f04b97e2d1148f"", ""d1a3765796b7ab6f875501708ab89e415420fa2fa15f6de035e805b649143642bca329afd3c21146698eeb054e1285d7cd14f15d11a4e029d93e8e71141e6dd9"", ""6cf8966ddd5ce2fb0cd42398f9a19ab399d9a454ddcf7c0aad5e3897ac09cd2c1bc398b082ee204626b0e232e62da94a2ab191bfe84846110228870527b52f70""]"
FMOD0003,jn24bUJo,skeleton-ai-fix,Skeleton AI Fix,Fuzs,TARGET_MOD,MPL-2.0,"[""fabric"", ""forge"", ""game-mechanics"", ""mobs"", ""neoforge"", ""optimization"", ""utility""]","[""fabric"", ""forge"", ""game-mechanics"", ""mobs"", ""neoforge""]",844434,2025-05-05T18:10:28.112861+00:00,2026-06-19T16:05:00.495699+00:00,16,v3akWq27,26.2.0,2026-06-19T16:05:00.907306Z,SkeletonAIFix-v26.2.0-mc26.2.x-Fabric.jar,https://cdn.modrinth.com/data/jn24bUJo/versions/v3akWq27/SkeletonAIFix-v26.2.0-mc26.2.x-Fabric.jar,b1526810d2ec15336135dea07f3f95793aff6ce5,0b2a1c9b3971ce00538a711de3ec48c032b9d13cdf20002113921156fecfb9a5cb99eeb126ed5d24644141a930bdda630c9a8b34cd2c93ada8dbaa47ce792570,"[""LtSqON3b"", ""kf7gMwfX"", ""Kde5eDAb""]","[""26.1.0"", ""21.11.0"", ""21.10.0""]","[""2026-04-28T16:07:43.483180Z"", ""2025-12-15T14:46:54.160151Z"", ""2025-10-08T20:19:34.740613Z""]","[""SkeletonAIFix-v26.1.0-mc26.1.x-Fabric.jar"", ""SkeletonAIFix-v21.11.0-mc1.21.11-Fabric.jar"", ""SkeletonAIFix-v21.10.0+mc1.21.10-Fabric.jar""]","[""https://cdn.modrinth.com/data/jn24bUJo/versions/LtSqON3b/SkeletonAIFix-v26.1.0-mc26.1.x-Fabric.jar"", ""https://cdn.modrinth.com/data/jn24bUJo/versions/kf7gMwfX/SkeletonAIFix-v21.11.0-mc1.21.11-Fabric.jar"", ""https://cdn.modrinth.com/data/jn24bUJo/versions/Kde5eDAb/SkeletonAIFix-v21.10.0%2Bmc1.21.10-Fabric.jar""]","[""1158651f1d0e52d21f06afd4579fca62931c3153"", ""90759fe51f93e10614d2c5e3894b1a6197c28f6c"", ""c1e59e003d538780f7da046fbdae0fb6f891e53b""]","[""a6c84bd3c8ae63baa4663aaf9aa1e39471f5048bc0e90bcfb807afb3923cbb0c32b140b3e4374601e2d1819c2fa1b738432ef8e9fe54a29c8d10bbe4b706999d"", ""9da3bad786b5ebe94551a778d4c6cb6dc02c1de1da9868e675aabc6e7fe92e470d44c515989e7c473db1cbca1ff2814062a0870b00c663dcb1b470ccd03c9705"", ""6267ff4cf662bc20805eddc5661470c1d0fe491dd3515dd896886f7b8715b83d53cd1d8409f9a7a660a5addf2947f63a21ec8a60608f010fd978efd5554a72c0""]"
FMOD0004,HtZJrAVB,excamate,ExcaMate,SkellyX,TARGET_MOD,MIT,"[""fabric"", ""game-mechanics"", ""technology"", ""utility""]","[""fabric"", ""game-mechanics"", ""technology"", ""utility""]",334,2026-04-29T22:06:53.899580+00:00,2026-08-09T14:04:10.317090+00:00,5,tqLJR6RQ,1.3.0,2026-08-09T14:04:10.711288Z,excamate-1.3.0.jar,https://cdn.modrinth.com/data/HtZJrAVB/versions/tqLJR6RQ/excamate-1.3.0.jar,733e0e5c9719d0a9244777a322ba7f2e3b1f3346,37d4e8c45723a09dfaf842cd3a42457ce8687ac13022638e2b35ae6b2efc60e29b5d740d310536c4b6bf904f748b1c7e0bde034089fd8bdc810e54e7642cb53a,"[""5gdROB0x"", ""gs62LOlx"", ""j8HOYirD""]","[""1.2.0"", ""1.1.0"", ""1.0.1""]","[""2026-05-10T08:52:37.093874Z"", ""2026-05-09T12:27:01.703042Z"", ""2026-05-03T08:22:27.524354Z""]","[""excamate-1.2.0.jar"", ""excamate-1.1.0.jar"", ""excamate-1.0.1.jar""]","[""https://cdn.modrinth.com/data/HtZJrAVB/versions/5gdROB0x/excamate-1.2.0.jar"", ""https://cdn.modrinth.com/data/HtZJrAVB/versions/gs62LOlx/excamate-1.1.0.jar"", ""https://cdn.modrinth.com/data/HtZJrAVB/versions/j8HOYirD/excamate-1.0.1.jar""]","[""1bef1787679b31c1d7d8ef2ff2cf0ee1bfedb01a"", ""8172b4bf491a03749ed6c021433bb36d20e6bf7d"", ""b03aead4cc48bbac3a0fe68f7dcf1289103ac506""]","[""9cb95fa20bfd2574022873543d755262a76d1345afce411646b3d7702d53fd2f9986208e173895417c4c2d4cfe4e08fe63771cfccfe5546c96c3095f5e809830"", ""e01e34ac0e3097a61212ed18808c88338449b159dbf16c1d4b637ec778619b425e6aa60db7b0c5516368718f843c3b2c5654d38d1be3ce50bc18ca02b408a1d0"", ""1e07655f94596a40364182b699c216f29aa61168d89a7eb08955ba71db39ce3bb82fdb9e477b0e7bc9646a59ba248e3f82e3f4b8297ca23a287237d5840197ab""]"
FMOD0005,8YVMtzCO,create-realism,Create Realism,stacode,TARGET_MOD,MIT,"[""fabric"", ""forge"", ""game-mechanics"", ""neoforge"", ""technology"", ""transportation""]","[""fabric"", ""forge"", ""game-mechanics"", ""neoforge"", ""technology"", ""transportation""]",25204,2025-02-12T01:22:06.717225+00:00,2026-08-06T09:09:28.174907+00:00,22,aw3MUigR,0.6.6,2026-08-06T09:07:08.993822Z,realism-0.6.6-mc1.20.1-fabric.jar,https://cdn.modrinth.com/data/8YVMtzCO/versions/aw3MUigR/realism-0.6.6-mc1.20.1-fabric.jar,816c7d4729357104eb647a760fe88813e8fde277,4564a8fb1553f79955154001db611b707566d3fb92347ad52603a57c03abb8faf1246ebc1a09bc6d5f2788fe55ab1790d3387b5e41f52ddc79022ba2cb7f95c6,"[""7AK843Km"", ""MU09ZTtd"", ""T1v8YBHE""]","[""0.6.5"", ""0.6.4"", ""0.6.3""]","[""2026-08-05T19:53:25.307918Z"", ""2026-06-20T19:48:37.642471Z"", ""2026-04-15T20:16:50.095394Z""]","[""realism-0.6.5-mc1.20.1-fabric.jar"", ""realism-0.6.4-mc1.20.1-fabric.jar"", ""realism-0.6.3-mc1.20.1-fabric.jar""]","[""https://cdn.modrinth.com/data/8YVMtzCO/versions/7AK843Km/realism-0.6.5-mc1.20.1-fabric.jar"", ""https://cdn.modrinth.com/data/8YVMtzCO/versions/MU09ZTtd/realism-0.6.4-mc1.20.1-fabric.jar"", ""https://cdn.modrinth.com/data/8YVMtzCO/versions/T1v8YBHE/realism-0.6.3-mc1.20.1-fabric.jar""]","[""3ae65cf82c24883ca39c3f9c30fa433e40f6ede0"", ""f78dac3849cd55191661709bc7eebb21d72bd038"", ""b703667aef7d69d6dd0aa8c422784d20710b4592""]","[""6b6c5821379f8f3490e079aea52448f70dfaf88ff743869c50302efcd1aaab0bb8188709f360782aaabea9ee54e20df224bf14975305c3cf400211b14fa27a65"", ""581421d9fa37ca7931b969465df580928346df188c3220a89885fdd78d3ea7f677b7c600d036d9c9b095fb03081fbf520db2477e7749be8d4d456bf494d002e4"", ""0a73df375c258586f8a8104ab15a94ba1e8392bc0364a4349470f3492fb802313ba2f71b380d3555bd552dc421dbb7449cd91541946d42cce7b1f99a75e4b956""]"
FMOD0006,Tx85779b,reinforced-barrels,Reinforced Barrels,Aton-Kish,TARGET_MOD,MIT,"[""cursed"", ""fabric"", ""storage""]","[""cursed"", ""fabric"", ""storage""]",1217223,2022-12-31T17:43:40.244846+00:00,2026-02-06T20:27:10.111925+00:00,23,vGZTFNe8,2.7.5+1.21.11,2026-02-06T20:27:11.421200Z,reinforced-barrels-2.7.5+1.21.11.jar,https://cdn.modrinth.com/data/Tx85779b/versions/vGZTFNe8/reinforced-barrels-2.7.5%2B1.21.11.jar,98580f40ca49baff3eb553cc88783704f34d926b,edd897a3e7e08c08cf609947f11ab5356d69d09e2b7151ecf768b354afe269963effb4315757f1d3c6708d2ed5e5d4cab3954754a28c9c20dc72e3b3ec4068e0,"[""vHo8oelp"", ""3GkJlgYo"", ""oS8qIab2""]","[""2.7.4+1.21.10"", ""2.7.3+1.21.8"", ""2.7.2+1.21.5""]","[""2025-11-15T15:14:26.823815Z"", ""2025-07-26T08:49:19.568610Z"", ""2025-04-16T13:37:13.407223Z""]","[""reinforced-barrels-2.7.4+1.21.10.jar"", ""reinforced-barrels-2.7.3+1.21.8.jar"", ""reinforced-barrels-2.7.2+1.21.5.jar""]","[""https://cdn.modrinth.com/data/Tx85779b/versions/vHo8oelp/reinforced-barrels-2.7.4%2B1.21.10.jar"", ""https://cdn.modrinth.com/data/Tx85779b/versions/3GkJlgYo/reinforced-barrels-2.7.3%2B1.21.8.jar"", ""https://cdn.modrinth.com/data/Tx85779b/versions/oS8qIab2/reinforced-barrels-2.7.2%2B1.21.5.jar""]","[""5af4b2f711379ae5bf66b299c5cdc21f204a63af"", ""3928815441e357d1779cebc079798aca636d8215"", ""dce170223ca65e45b121c28f163016b35dbf681b""]","[""9748469aebe8416574894957a86df95b6f49a995c3f2c2532969ff5a6a09a43078a3923c5c306d737c69c12777f951b787cc5a2ec6a55e38e85cd0739af45eda"", ""8285fe98de506435ab350bbea995c762679ad5431412b680cbe34da51d67ec1acc3a86ee4fa42f92ba5be84ed587443130fed21b2d34b1d742844ade99d286fc"", ""15b0d56d1c06c11a94553372d1018d963d5a3c1c8ff8013bb96ee6b65f6eab22de7f62d9aa25bb3fa02abf5e1bc4dfb17cce8c28870140619e6ab4d921161f91""]"
FMOD0007,d0f1a75r,simple-uncrafting-table,Simple Uncrafting Table,pitan76,TARGET_MOD,MIT,"[""fabric"", ""forge"", ""neoforge"", ""utility""]","[""fabric"", ""forge"", ""neoforge"", ""utility""]",449722,2022-11-14T22:40:08.404507+00:00,2026-04-06T13:32:43.295357+00:00,34,Tv5AwjFD,1.5.6-fabric,2026-04-06T13:32:25.820385Z,UncraftingTable-fabric-1.5.6.jar,https://cdn.modrinth.com/data/d0f1a75r/versions/Tv5AwjFD/UncraftingTable-fabric-1.5.6.jar,1ed7876a757a040cb076e80ed6edeb37bc02144f,27004a8d1fd45b0c452d28a6cac9bd2d77bf0126c6e5ae4897bcc7b99597c572f7157993d737509508ded3e3c69484add2adc358df4ad2e7dc1d7df199b4e1bf,"[""3eU1mije"", ""LXliTCS0"", ""LYRPe9S3""]","[""1.5.4-fabric"", ""1.5.3-fabric"", ""1.5.2-fabric""]","[""2025-10-20T12:47:22.237798Z"", ""2025-09-17T08:59:32.791404Z"", ""2025-06-07T07:09:50.960429Z""]","[""UncraftingTable-fabric-1.5.4.jar"", ""UncraftingTable-fabric-1.5.3.jar"", ""UncraftingTable-fabric-1.5.2.jar""]","[""https://cdn.modrinth.com/data/d0f1a75r/versions/3eU1mije/UncraftingTable-fabric-1.5.4.jar"", ""https://cdn.modrinth.com/data/d0f1a75r/versions/LXliTCS0/UncraftingTable-fabric-1.5.3.jar"", ""https://cdn.modrinth.com/data/d0f1a75r/versions/LYRPe9S3/UncraftingTable-fabric-1.5.2.jar""]","[""9ad7ddb12de0a706a6d8476765834a76cbd9824e"", ""9fd78fa0f6a8283b78d7118bad30edb856b0db2a"", ""78e42f94e703a0d8070683e4ab1a831e00336a58""]","[""e45f84750bd07c941669f7559fe908b75b1d6e4718a5ff55953b59afa43c23085b112a1f9634c98a26d423b1fe319b691395a6700f88ffdce92a044acb24d2b8"", ""f0797f93d856b7aa19373a86f7860e8e5e32fd0c1d53d0cf7aaa1035954fc16f276326ab8e0d0fd414811de23cb53ee932d18c4d9020d646e4b8551d6b0de3a7"", ""b6a0ba4c9f441742c84b698d421d1c3cc256cc3e2f0151d8538fad69017c74d93fbd5c7b184995a09710c24cf5a27f9bd6786756de978cec7731ed8478b23e17""]"
FMOD0008,wf7bWVKa,world-copies-me,World Copies Me,Plmaker,TARGET_MOD,MIT,"[""adventure"", ""cursed"", ""fabric"", ""neoforge""]","[""adventure"", ""cursed"", ""fabric"", ""neoforge""]",5843,2026-07-16T23:09:26.956771+00:00,2026-07-12T15:08:16.638048+00:00,4,5rJFXgrL,1.0.0+26.2,2026-07-09T15:32:54.964264Z,worldcopiesme-1.0.0+26.2.jar,https://cdn.modrinth.com/data/wf7bWVKa/versions/5rJFXgrL/worldcopiesme-1.0.0%2B26.2.jar,f59187dbb5ec93ec4e7138e8f5a060f5471adba7,4f8a312e071e2dbe63136d2a5cca3e2df38b6ad3954bee0a7a4cf38e9df4d904dd6d1497c9df9ca2858d5fa76ce15e83e18f8e813ead686009b02a69edd71179,"[""TS0GdbQA"", ""JevSY0EQ"", ""nSsvnMT2""]","[""1.0.0+26.1.2"", ""1.0.0+1.21.11"", ""1.0.0+1.21.1""]","[""2026-07-09T12:03:49.135434Z"", ""2026-07-08T20:57:52.355705Z"", ""2026-07-08T20:17:18.604309Z""]","[""worldcopiesme-1.0.0+26.1.2.jar"", ""worldcopiesme-1.0.0+1.21.11.jar"", ""worldcopiesme-1.0.0+1.21.1.jar""]","[""https://cdn.modrinth.com/data/wf7bWVKa/versions/TS0GdbQA/worldcopiesme-1.0.0%2B26.1.2.jar"", ""https://cdn.modrinth.com/data/wf7bWVKa/versions/JevSY0EQ/worldcopiesme-1.0.0%2B1.21.11.jar"", ""https://cdn.modrinth.com/data/wf7bWVKa/versions/nSsvnMT2/worldcopiesme-1.0.0%2B1.21.1.jar""]","[""8731e0cbbd4b0cf3e88e2e3cc3030a5cccff1448"", ""c17f58dea89e96f49381785a6e39d864dc3a9910"", ""fbddc5d044ca54f2947778d64048cff721604e9a""]","[""1ea204ceac0d5e087d5d89502318b46c649b24b3c64b506cd64fa30e67b2fa119d8f933cbae6f22accc509144b1c229660ed5464c05bb9c3d3cfd15fc82497cd"", ""042f79670f6b753c0427650f201e9ab145ec3a20c8b60589c6e3ac617492736f73103be4a4d95af49c40758c5c3c5b7fd2e8bc02b9f849613345c9323b17b635"", ""31d195f412c5b002fcc1e56e9f04d350553ea7551327d2a18f8816e7ccc8ce7ec88b549ebdba00ab65572295d4d4b16bb23232ce60992b2b4fd82c351ada693a""]"
FMOD0009,uYFKfOSD,tool-remix,Tool Remix,violetshiver,TARGET_MOD,MIT,"[""adventure"", ""equipment"", ""fabric"", ""game-mechanics"", ""worldgen""]","[""equipment"", ""fabric"", ""game-mechanics""]",149,2026-07-17T23:54:42.500072+00:00,2026-07-26T20:16:00.140189+00:00,8,qpM8OUZk,1.2.0-26.1.2,2026-07-26T20:16:00.474380Z,tool-remix-1.2.0-26.1.2.jar,https://cdn.modrinth.com/data/uYFKfOSD/versions/qpM8OUZk/tool-remix-1.2.0-26.1.2.jar,f306f708d8e42957e6d5ae09aab296b68b3609cd,f3045596545652b7c2ac30390f45e80d272b8cabed4d6d5ba980292cbad5980b7ffa077406db5f9a7d7427ddad116da31f263b037e07c35952dc9147cc836ece,"[""RjEaKfKR"", ""hfQeMHwy"", ""Zh5EyrNF""]","[""1.2.0-26.2"", ""1.1.0-1.21.1"", ""1.1.0-26.1.2""]","[""2026-07-26T20:15:42.883229Z"", ""2026-07-21T07:22:19.992519Z"", ""2026-07-21T07:21:54.598504Z""]","[""tool-remix-1.2.0-26.2.jar"", ""tool-remix-1.1.0-1.21.1.jar"", ""tool-remix-1.1.0-26.1.2.jar""]","[""https://cdn.modrinth.com/data/uYFKfOSD/versions/RjEaKfKR/tool-remix-1.2.0-26.2.jar"", ""https://cdn.modrinth.com/data/uYFKfOSD/versions/hfQeMHwy/tool-remix-1.1.0-1.21.1.jar"", ""https://cdn.modrinth.com/data/uYFKfOSD/versions/Zh5EyrNF/tool-remix-1.1.0-26.1.2.jar""]","[""8c85853108b6359ddb0bea9eb3c8e4c1c0980a6e"", ""736d847c8e3c01b50f26276080b26f70d04e315e"", ""009258ce85d1fc20aec25af242a4180f7beb6d99""]","[""3549ad3b6e46477b55f796330781038b34548a8aae7bfb8b0fee6e2712f3525c6e1dfabe716b448f6903891320fa3d364fc2acfc1332a07595c72778a2466be1"", ""4bc1ecf96ff31a7a2530a9ebae74551d6b4862528b0f80a45451c9681ccc673aa8de8ea221e59c1221813f2801b3afa5df2e8055c3cc989c5cad0b54433da12d"", ""5a093644184f76b8738cc04e23fd9a507e2f69af1c2ad645d319e02f76a26a8a133196ae10954007c2612fcf7851c8ea7fe4f32346bd182fe923635349b9fb42""]"
FMOD0010,FDGHOWuC,deltaboxlib,Deltabox Lib,danbrown,BACKGROUND_LIBRARY,MIT,"[""fabric"", ""forge"", ""game-mechanics"", ""library"", ""worldgen""]","[""fabric"", ""forge"", ""library""]",1707084,2024-09-03T00:22:23.551154+00:00,2026-02-13T02:50:06.212421+00:00,6,jvWocoI8,3.0.1,2026-02-13T02:50:07.706595Z,deltaboxlib-fabric-3.0.1+1.21.1.jar,https://cdn.modrinth.com/data/FDGHOWuC/versions/jvWocoI8/deltaboxlib-fabric-3.0.1%2B1.21.1.jar,3b9a6338a7e482ad926665277bd6b020d12880a7,41758f9c9736962731b2881ada64e11a70d91cd2ced7e4360acb99b529793ccd5afd48b29e2e93f42b13b172f186bc3058a9f2500a1888aeda8a37da01d6babc,"[""gLppJDAv"", ""c4xDJPXg"", ""UDQG0hOg""]","[""3.0.0"", ""2.2.0"", ""2.1.1""]","[""2026-01-29T16:52:01.708213Z"", ""2025-06-24T15:26:00.314715Z"", ""2025-04-28T13:29:43.959667Z""]","[""deltaboxlib-fabric-3.0.0+1.21.1.jar"", ""deltaboxlib-fabric-2.2.0+1.20.1.jar"", ""deltaboxlib-2.1.1-fabric-1.20.1.jar""]","[""https://cdn.modrinth.com/data/FDGHOWuC/versions/gLppJDAv/deltaboxlib-fabric-3.0.0%2B1.21.1.jar"", ""https://cdn.modrinth.com/data/FDGHOWuC/versions/c4xDJPXg/deltaboxlib-fabric-2.2.0%2B1.20.1.jar"", ""https://cdn.modrinth.com/data/FDGHOWuC/versions/UDQG0hOg/deltaboxlib-2.1.1-fabric-1.20.1.jar""]","[""31a45ed590e078469a4e7e75afb627edbbff6533"", ""c708db41117782ae11dea52e3002f94b4e6348b7"", ""c67fe294466f5e9b509c4b9063bb456463af9d41""]","[""eba8db5c95daa07120262e771d43d3bbe21b60114c73643f7c0627b38ce96ef98d4b915d31e66214bc9f86a72973cf74ad77ba39569ead0d35214f74c5e2d445"", ""28eebafdaa648696267d7fe9127d5b0ea172519a3b646fedd95f6db1cf0ad3421bf006458441cbf7b3614eb1c15bd48ba17e4e7a32951cd34942334a353bf923"", ""0916fd289334ff3c758985602545878d466de8ce8ca596f2257d133d6026d19ec1abfc5da563772d70fd1385c3cf2a38320ff8eeeb084e368ef2528b829d1781""]"
FMOD0011,HON4Kh6L,exc-coloredelytra,eXc ColoredElytra,eXcPassi,TARGET_MOD,MIT,"[""adventure"", ""equipment"", ""fabric"", ""transportation""]","[""adventure"", ""equipment"", ""fabric"", ""transportation""]",149,2026-07-24T14:43:09.886810+00:00,2026-07-20T13:42:43.236824+00:00,21,F7CrvJto,1.6.0,2026-07-20T13:42:44.250876Z,eXcColoredElytra-1.6.0.jar,https://cdn.modrinth.com/data/HON4Kh6L/versions/F7CrvJto/eXcColoredElytra-1.6.0.jar,26d8a98e1ebd1a24b082d0e51b10989d46a0e75b,c4255b847c0d34490d7804264ced05f272857dd793976eea901770d814c14584a169b7c31a2c565b4eed5cdddd0283511579f29548ebfdcff8b45a098786da01,"[""12E9YksW"", ""yW3wexrH"", ""CzPPrYOu""]","[""1.6.0"", ""1.5.0"", ""1.5.0""]","[""2026-07-20T13:42:31.877105Z"", ""2026-07-19T19:48:11.230524Z"", ""2026-07-19T19:45:24.223454Z""]","[""eXcColoredElytra-1.6.0.jar"", ""eXcColoredElytra-1.5.0.jar"", ""eXcColoredElytra-1.5.0.jar""]","[""https://cdn.modrinth.com/data/HON4Kh6L/versions/12E9YksW/eXcColoredElytra-1.6.0.jar"", ""https://cdn.modrinth.com/data/HON4Kh6L/versions/yW3wexrH/eXcColoredElytra-1.5.0.jar"", ""https://cdn.modrinth.com/data/HON4Kh6L/versions/CzPPrYOu/eXcColoredElytra-1.5.0.jar""]","[""759af592e14520c0da03d5a916d9a1635a62d563"", ""5d8d416fe25b238a5ca4ec70cd0b232db3efc81a"", ""6e50be5fe734b6df21bbb5ed1393ae5262429371""]","[""8e1698a91cc7494e97774f0aae6680bdb5f741b449d42a6434370738e7f8d6cfe6474ef96eaf60f4570d6b1cb442fe5d3a7576aef13cc0ee3d350805daf281b3"", ""65fb108711d2b3c926260bdc7ddffd617385418560f68aae840c57a4bde40ac5766173580112c0dc648b458df72d71e0afc1b8159760e5c017af26b0907631ea"", ""0f9974763d70164df36582562bd46b34f03c48dae2793006f883b2c040f79e7362a1ef891602a1550b1a4bafd407920d19b701733fc35c14303e1ec0e49b9171""]"
FMOD0012,Jm0urtHY,earlygap,Early Gap Timer,weedweedweedsix,TARGET_MOD,MIT,"[""fabric"", ""food"", ""game-mechanics"", ""utility""]","[""fabric"", ""food"", ""game-mechanics"", ""utility""]",115,2026-07-20T15:49:03.038611+00:00,2026-08-08T04:23:37.753102+00:00,4,LtiaCRyf,1.0.0,2026-08-08T04:23:38.208980Z,early-gap-timer-1.0.0.jar,https://cdn.modrinth.com/data/Jm0urtHY/versions/LtiaCRyf/early-gap-timer-1.0.0.jar,09707afb025a39adfa472e20097ddb4646558da6,39120311c1d6d6794018fa1a7e455046fc27819a94a4f9a93a8793e5d1bf919565f7c852b6413918f4f552ba40ae8ad203c1168011d7a6bb496f97f97a73a84c,"[""UZp72qaw"", ""e5eY5RWP"", ""orhLPqHW""]","[""1.0.0"", ""1.0.0-beta.1"", ""1.0.0-beta.1""]","[""2026-08-08T04:23:23.111761Z"", ""2026-08-08T04:20:34.922986Z"", ""2026-08-08T04:19:30.227365Z""]","[""early-gap-timer-1.0.0.jar"", ""early-gap-timer-1.0.0-1.21.11.jar"", ""early-gap-timer-1.0.0-1.21.1.jar""]","[""https://cdn.modrinth.com/data/Jm0urtHY/versions/UZp72qaw/early-gap-timer-1.0.0.jar"", ""https://cdn.modrinth.com/data/Jm0urtHY/versions/e5eY5RWP/early-gap-timer-1.0.0-1.21.11.jar"", ""https://cdn.modrinth.com/data/Jm0urtHY/versions/orhLPqHW/early-gap-timer-1.0.0-1.21.1.jar""]","[""2afd9ab6d65b6d636f932053a80ce2173c7e5394"", ""e5c2fd55fc60cdb63c844cc4ed7ab8596d666af0"", ""8d7e3ab9ae6ab15a6e89276c87f9c1709a48e495""]","[""e0dc05d325d0b8120874ef08b2606f1b3bb0d9a833f6548f8f3830928ec27a8535b95ae0ea65e3488d345a19b650fd5d59da943b7c405d74c48b30500e54d4fc"", ""59dd9e0380da143d6ddb71eb924e0960d91c70c4bd13373c9e3a6f9c141367612737cd397c48bd18c05d7f4d943582c42578db1612b703d1bcd0c5e8bc0f571d"", ""68f614ed7321a83a9f4272a979c532125fc436db8196d4ff7b3e4219a380a1fc5e7dfbf06e50931bea919c1c22fa4a92d954045f8d8ad7c6d69c19686aeb11ef""]"
FMOD0013,um3io6U4,chrissi-nightvision,chrissi's Night Vision,chrissi,TARGET_MOD,MIT,"[""fabric"", ""utility""]","[""fabric"", ""utility""]",35111,2025-11-02T07:52:28.840773+00:00,2026-08-03T23:27:11.536634+00:00,6,nicrDUMu,0.6,2026-08-03T23:27:11.878645Z,chrissi-nightvision-0.6.jar,https://cdn.modrinth.com/data/um3io6U4/versions/nicrDUMu/chrissi-nightvision-0.6.jar,2394d2dc753eed3ae7422cab357913e19d632675,6e995a361816f7714c58dfe69d1d2aec75206cfdc89eb05957283da1e1ba557cea1fb430d3828f6cad2e1657388464f326cce262d4a9b74889cc845851ad27e0,"[""FST2YUCw"", ""qLKgiwH3"", ""1H2BARvw""]","[""0.5"", ""0.4"", ""0.3""]","[""2026-06-16T17:49:36.275070Z"", ""2026-03-24T16:57:12.452115Z"", ""2025-12-03T09:54:06.805942Z""]","[""chrissi-nightvision-0.5.jar"", ""chrissi-nightvision-0.4.jar"", ""chrissi-night-vision-0.3.jar""]","[""https://cdn.modrinth.com/data/um3io6U4/versions/FST2YUCw/chrissi-nightvision-0.5.jar"", ""https://cdn.modrinth.com/data/um3io6U4/versions/qLKgiwH3/chrissi-nightvision-0.4.jar"", ""https://cdn.modrinth.com/data/um3io6U4/versions/1H2BARvw/chrissi-night-vision-0.3.jar""]","[""f65c3edf8ef57258153fe9984e8ba1e11e2673f0"", ""49fa1e6db476c4cbb3fbc656c5cb344492305aa1"", ""fca45c5811d4ed5defad054563ced3e64c0cb77b""]","[""36fcc2a7e5498604b6f4edea33588c5da28b4dd5099bb39b9ebf64d09ad9015bb7182473a52d69056c19c9b45f741422e92558051caad4e56a4bc4b5512953df"", ""f192d5571cab7fa47ff432e3c5ad431886d8efff86a8d36e66eebc5be4461681b366807f2ee956b8946b929a269a61bdb15157cd7a891b5affc70425a99746e3"", ""fc1b746d2369f6c303f3da1bb80be415850f8527a84520062af51b0ad1d0edbec97d127d62dd5710c0a5436a386326a1f7dd5966407f80fdcb32100f01b32cde""]"
FMOD0014,1XgPBDMh,lumiereplay,Lumière Play,jrxmod,TARGET_MOD,Apache-2.0,"[""decoration"", ""fabric"", ""social"", ""technology"", ""utility""]","[""decoration"", ""fabric"", ""social"", ""utility""]",530,2026-06-01T02:49:32.405175+00:00,2026-08-09T07:19:26.431970+00:00,5,2YZVptCu,0.6.0,2026-08-09T07:19:26.754639Z,lumiereplay-0.6.0.jar,https://cdn.modrinth.com/data/1XgPBDMh/versions/2YZVptCu/lumiereplay-0.6.0.jar,f3354e9e2eaad9b7ca069ee5e70b90c4ef557e33,d7ad094fc45deb4159bab1195cba112c6a9b6569b7bbcc007cdd4b6a8be5fedc7f1e1fe96fcf85de7c8292fec7578dfb3356414e4f69f8940e243cd25fe21165,"[""OYyhfwOB"", ""CYHE0Aso"", ""Xo4A6dzO""]","[""0.5.5"", ""0.3.0"", ""0.2.1""]","[""2026-07-19T03:22:37.150984Z"", ""2026-07-05T18:10:36.922141Z"", ""2026-06-14T03:58:15.801464Z""]","[""lumiereplay-0.5.5.jar"", ""lumiereplay-0.3.0.jar"", ""lumiereplay-0.2.1.jar""]","[""https://cdn.modrinth.com/data/1XgPBDMh/versions/OYyhfwOB/lumiereplay-0.5.5.jar"", ""https://cdn.modrinth.com/data/1XgPBDMh/versions/CYHE0Aso/lumiereplay-0.3.0.jar"", ""https://cdn.modrinth.com/data/1XgPBDMh/versions/Xo4A6dzO/lumiereplay-0.2.1.jar""]","[""b52fadad3b6a7ee683f748350e6ac1fbd1d6bc39"", ""3811fef842a4175a342cd9db5cf8a6a8c774ad55"", ""e6cc21711b393ecf7369505f42a5e73efa60b91f""]","[""2ea7bff5934175d5e0fe6b6ea2921392e856953dfba0fc3f23eb0147c1034ad2771a39ffced1feed7c6668e656b64f88756c4eb3a278d7875476d118a12b3a90"", ""5144ac2156bf5e7563f5cf10f94415989190d553f7471bee1959b8247be3e1fe018f91d2d2e7ed9f34d27444d8ed82ecfc071f3c5a1c3e08c9109ed7e0315a8d"", ""052788988432df014e7c775dc9b921025bcf19bf82a2896ce25e7ee2bebf1fea5809b7afee4558b95f76cc4622e599b68785adf0993a8d661e9d203c3ca035c0""]"
FMOD0015,zpssE62T,-doublejump-,-DoubleJump-,jfyx2025,TARGET_MOD,MIT,"[""adventure"", ""fabric"", ""utility""]","[""adventure"", ""fabric"", ""utility""]",106,2026-07-16T00:13:06.066212+00:00,2026-08-09T07:25:28.136350+00:00,4,ue5GyppO,1.20.1-fabric-1.0.1,2026-08-09T07:25:28.447077Z,doublejump-1.20.1-fabric-1.0.1.jar,https://cdn.modrinth.com/data/zpssE62T/versions/ue5GyppO/doublejump-1.20.1-fabric-1.0.1.jar,99c2cf76512f32ba49324ec194002b8a16501f0b,553c04846bb1a03eab70254fd7a80a153afb5357b7d937d25ce09c917ba9c4a8b3a45b319548fd944f956428a692be9c145e0c56e6d42f86729686c1d9fe07f6,"[""6udndMvS"", ""JhUH37fv"", ""WloHmMh0""]","[""26.2-fabric-1.0.1"", ""1.21.11-fabric-1.0.1"", ""1.21.1-fabric-1.0.1""]","[""2026-08-02T03:25:04.886217Z"", ""2026-08-02T03:24:54.338983Z"", ""2026-08-02T03:24:41.351565Z""]","[""doublejump-26.2-fabric-1.0.1.jar"", ""doublejump-1.21.11-fabric-1.0.1.jar"", ""doublejump-1.21.1-fabric-1.0.1.jar""]","[""https://cdn.modrinth.com/data/zpssE62T/versions/6udndMvS/doublejump-26.2-fabric-1.0.1.jar"", ""https://cdn.modrinth.com/data/zpssE62T/versions/JhUH37fv/doublejump-1.21.11-fabric-1.0.1.jar"", ""https://cdn.modrinth.com/data/zpssE62T/versions/WloHmMh0/doublejump-1.21.1-fabric-1.0.1.jar""]","[""ea0d2675c2670b4fec44a5bf2b24c141f6a44fe0"", ""0ba4ec0c8231262dca35034ffae9272d205336fa"", ""64e1d53883ae192318cdbc250023e4f948e3cf0e""]","[""9d3aa7bbe5ca1f6405f1385a77a7218bec407be2a2873e879eec9a62a6a2d177848c4e4aca6eaccf0da79d0669e301546bea03e368735ab2074f0884520be8ea"", ""bc3fa80592adf83f74c2f400136e6914e532cd30dcdb179f555c2f2f14ccb7d6fa10e8872126628288e13985a2a6ca3446a6802a70d1e7ae95dca9a90d79bf01"", ""e64ca8430e4efb8c8e5a12715b2fdb9e8ba00fce4fa7a34493f3dffdf27eafb61b9af9800de84609664908c8c809825fc06ff78a4e9493faca7f44ec17939c1f""]"
FMOD0016,Na8nA0jA,vegan-delight,Vegan Delight,SayWhatSayMon,TARGET_MOD,MIT,"[""fabric"", ""food"", ""forge"", ""neoforge"", ""quilt""]","[""fabric"", ""food"", ""forge"", ""neoforge"", ""quilt""]",592418,2024-01-04T05:17:56.856367+00:00,2025-11-07T17:41:17.078324+00:00,8,PESWQyFD,2.0.0-beta4-fabric,2025-10-18T19:20:03.022696Z,VeganDelightFabric-2.0.0-beta4.jar,https://cdn.modrinth.com/data/Na8nA0jA/versions/PESWQyFD/VeganDelightFabric-2.0.0-beta4.jar,2566355f3fe050baa5a6b53e5d2d0f77bdd0a6aa,c3cff0dbf08dea38afd591b257c084e6dce2c7dcf2aeae23e1d4a10ba8cb3f325c4396fb80df26d61a85523651d9d9dc8dbde776822b34a3f74c09816557b29c,"[""6GTAUbJG"", ""vV2etbcV"", ""HOHCWaTE""]","[""2.0.0-1.20.1-fabric"", ""2.0.0-beta3"", ""2.0.0-beta2""]","[""2025-10-07T13:41:42.996366Z"", ""2025-10-05T14:45:20.573918Z"", ""2025-09-28T11:49:44.968399Z""]","[""VeganDelightFabric-2.0.0-beta3.jar"", ""vegandelight-fabric-1.21.1-2.0.0-beta3.jar"", ""vegandelight-fabric-1.21.1-2.0.0-beta2.jar""]","[""https://cdn.modrinth.com/data/Na8nA0jA/versions/6GTAUbJG/VeganDelightFabric-2.0.0-beta3.jar"", ""https://cdn.modrinth.com/data/Na8nA0jA/versions/vV2etbcV/vegandelight-fabric-1.21.1-2.0.0-beta3.jar"", ""https://cdn.modrinth.com/data/Na8nA0jA/versions/HOHCWaTE/vegandelight-fabric-1.21.1-2.0.0-beta2.jar""]","[""b3460ae14507e964ef1cb9f96ed713e271b65338"", ""64143892c1893f89e6c9bc30d19abca88f766db4"", ""b6c86907ae1a4807b59376302e063c86081fade8""]","[""eac9ab60d155231f3197db2ccccce1a9dc322408f2bee811d366c6e6f227abc0950c2aa0d221e60e44091a18ec48f460f6e8cfa834e06d5b5e6c3610ee6cfac3"", ""01f008e138f26137ff37361d9759449cf97cfe1d3816d418c3dd01a5377dd19fc1057da652d5475fbfe77d4e3ec911ff8e086451ea96d3f6d7cd055d1cc034f7"", ""b8dcf67c4b4a04ecce1010e989bec195c4151a4fe50a1f90caaad44e88078b88754c6d37dab27e8903c5164de5e4c2798660d7791fe6321b4cb54c87b9efb035""]"
FMOD0017,yUBXc3AH,libz,LibZ,Globox1997,BACKGROUND_LIBRARY,MIT,"[""fabric"", ""library""]","[""fabric"", ""library""]",3805534,2023-04-20T22:07:43.401902+00:00,2026-03-01T20:20:23.722458+00:00,9,tvtFvW21,1.1.0+1.21.1,2026-03-01T20:20:24.754879Z,libz-1.1.0.jar,https://cdn.modrinth.com/data/yUBXc3AH/versions/tvtFvW21/libz-1.1.0.jar,4c6571cb656cce8e5337ac8a17ba99e81bf52d4c,43be7ad20b4e9eae10204c3221f4539b576da239b4994de75dbabb3e242468db2f5cc2987cd4f130b58aa97340108c4ed22199e3a3553d35ba9dc8b5135cb0ca,"[""z4ieRJO8"", ""wBIAaCvH"", ""BEPAjfEE""]","[""1.0.3+1.21.1"", ""1.0.3+1.21"", ""1.0.3+1.20.1""]","[""2024-09-11T08:03:59.531830Z"", ""2024-06-23T14:10:00.483189Z"", ""2023-11-16T19:16:29.740536Z""]","[""libz-1.0.3.jar"", ""libz-1.0.3.jar"", ""libz-1.0.3.jar""]","[""https://cdn.modrinth.com/data/yUBXc3AH/versions/z4ieRJO8/libz-1.0.3.jar"", ""https://cdn.modrinth.com/data/yUBXc3AH/versions/wBIAaCvH/libz-1.0.3.jar"", ""https://cdn.modrinth.com/data/yUBXc3AH/versions/BEPAjfEE/libz-1.0.3.jar""]","[""fbb52e93220056e3d68288b295d65eb7afaf81ad"", ""880b39ecb3c5510aadbb35641eaa63f2f12595a1"", ""bdd66120c88a66de9c1ec997404ad5121b3f2f7f""]","[""10609d5bc3c61520bbf327bae26931e9c28974f694e0f8c1f3430f5e0794ccdb5b8d8076bf8846594959e67bbb9c219cc6dfc0f52b5b4310e1286ef274d66917"", ""b88509032cb94adbca7ee36bd37c2b1d19d6bf26f6d987e90c376ca2c0a390fa9c6c68e2e861317e52ef7d85541cafa74d07151debbfddbff4712c98e1123636"", ""7b352fcc2a1ef4e7075ceaee3f1015478f9e9fd1337fe28a0e8a9f11af20742a8eb83a0ea74ebcd4994f57979f655f15356746d9b1961e80a192df396e95f572""]"
FMOD0018,IwCkru1D,cicada,CICADA,enjarai,BACKGROUND_LIBRARY,MIT,"[""fabric"", ""library""]","[""fabric"", ""library""]",14512002,2024-03-22T04:05:56.520479+00:00,2026-06-18T12:27:07.232473+00:00,219,3hUl5ch8,0.15.2+26.2,2026-06-18T12:27:08.251012Z,cicada-lib-0.15.2+26.2.jar,https://cdn.modrinth.com/data/IwCkru1D/versions/3hUl5ch8/cicada-lib-0.15.2%2B26.2.jar,1c191fa39a55aa0f6c194f45e938dd4128c42b5c,9cafe284611cbabcbf465e368809dc25eed2da114d02e7adcea2c77bc3133604f5ef6ddf79165777ff848286a2c1e24aa759e786d624ac2e5b2a2a5ad748354c,"[""qUoRmDGM"", ""SKXslujb"", ""NkXK7GTK""]","[""0.15.2+26.1"", ""0.15.1+26.1"", ""0.15.0+26.1""]","[""2026-06-18T12:22:17.977607Z"", ""2026-04-11T17:25:58.609172Z"", ""2026-03-31T11:05:49.981991Z""]","[""cicada-lib-0.15.2+26.1.jar"", ""cicada-lib-0.15.1+26.1.jar"", ""cicada-lib-0.15.0+26.1.jar""]","[""https://cdn.modrinth.com/data/IwCkru1D/versions/qUoRmDGM/cicada-lib-0.15.2%2B26.1.jar"", ""https://cdn.modrinth.com/data/IwCkru1D/versions/SKXslujb/cicada-lib-0.15.1%2B26.1.jar"", ""https://cdn.modrinth.com/data/IwCkru1D/versions/NkXK7GTK/cicada-lib-0.15.0%2B26.1.jar""]","[""bbe857e5cb266afe2c74ee107e863348ff115298"", ""77919ba4eaecf0685bb9ba9cacd0e536b7455562"", ""b9f69fc010ed29c676f9e5e507f9c9e641ef08e5""]","[""225a0d252f0d3117b63f63f6dba65555a6b10121fe3125150ea63db586c587f0f489ad2db939e98dca9e48a394f7331febcc805bdb7ff3f89c4904a0022576e4"", ""25a55a4148fc07276e2a65d7931a1ab52b04248d3a1ab6e0253f68cfd84293638dc5a469cb6c00b3f94deb62bc4003b45160d2f69696a449378a1376e52da4ea"", ""f4bb1bbb67e462a520e3b572f4163e4f4c30dd676c31ad560dae571d2b1ae4b1d775691e645c40e730cd69cf56792302077cac6674bcb7064f53aa590335d9e2""]"
FMOD0019,L5kle6Cz,sprintfix,SprintFix,Navoei,TARGET_MOD,MIT,"[""fabric"", ""game-mechanics"", ""utility""]","[""fabric"", ""game-mechanics"", ""utility""]",2332,2025-05-12T03:10:55.057839+00:00,2026-08-08T15:58:42.498031+00:00,7,YkERDz1M,2.1-26.2,2026-08-08T15:58:42.829994Z,SprintFix-2.1-26.2.jar,https://cdn.modrinth.com/data/L5kle6Cz/versions/YkERDz1M/SprintFix-2.1-26.2.jar,3edd1f86b799f20a911f97bdcc6de4eec3527686,5a4ab92861f439f95c015199bc57ff19b957ae393dd49267abfcd67f09845cdfd0d3d3133ae774cf223e8215b50b2bb2b95c7ca177a63613fb73e38110854428,"[""JcTfowzm"", ""6u8KSWRZ"", ""3ZxlXg5a""]","[""2.1-1.21.11"", ""2.1-1.21.10"", ""2.0-1.21.10""]","[""2026-01-16T01:56:45.063869Z"", ""2025-11-01T22:56:51.045390Z"", ""2025-11-01T20:45:21.163024Z""]","[""SprintFix-2.1-1.21.11.jar"", ""SprintFix-2.1-1.21.10.jar"", ""SprintFix-2.0-1.21.10.jar""]","[""https://cdn.modrinth.com/data/L5kle6Cz/versions/JcTfowzm/SprintFix-2.1-1.21.11.jar"", ""https://cdn.modrinth.com/data/L5kle6Cz/versions/6u8KSWRZ/SprintFix-2.1-1.21.10.jar"", ""https://cdn.modrinth.com/data/L5kle6Cz/versions/3ZxlXg5a/SprintFix-2.0-1.21.10.jar""]","[""aefa0cf2dd513c95992c37395ca1e03c21915dd7"", ""7934b9d573541574c1fa1d85b22c966ecb204dfa"", ""42015548d720c5ff0c9cd01319571299ffc2ea77""]","[""df4fadd16ce13712892b79da0d0fa6c1c5a29904c95349c0c7734832a1cd66253d43b8a1fd6f89f21cf42277ed5b1d3f7c5c6a996effa519f12de6ccdfa8a074"", ""85829fd2439f770f7419a7c19c239ab6630547849f9e717ecebe2fd79b5858bf1fdf99fc28275d220ac2dd28e4f0450f2a7482dcf9ac5c5075a56708eaa321cb"", ""3b8474a6dadc9855f3bdc973b7dfe5b132cfa8fd09a6fe8b8ed36c01803821d36cbdf91e39d8c95b1d39571cd59f754af38926dc934ecb0e478a44bf97150365""]"
FMOD0020,mc1uvRn8,origins-legacy,Origins: Legacy,BluSpring,TARGET_MOD,MIT,"[""adventure"", ""fabric"", ""game-mechanics""]","[""adventure"", ""fabric"", ""game-mechanics""]",65638,2026-01-25T00:49:12.101076+00:00,2026-08-02T02:38:21.354570+00:00,49,Hoynza8q,1.12.17+26.1.2,2026-08-02T02:38:21.975149Z,Origins-Legacy-1.12.17+26.1.2.jar,https://cdn.modrinth.com/data/mc1uvRn8/versions/Hoynza8q/Origins-Legacy-1.12.17%2B26.1.2.jar,a0e90012194fd231ae7cce9609dd9f32242edddf,5e20b915136d07bba2a4c532f25a201bfdd867345d89000edafe8906d71bcac0be0603903078d82657a6b9ce2d4dc0ae596eeb52d1a97d13daee94a9786ad9f0,"[""YbxZHAXj"", ""n2pEPUn7"", ""YJB5Y1tt""]","[""1.12.16+26.2"", ""1.11.8+1.21.1"", ""1.11.7+1.21.1""]","[""2026-08-02T02:33:13.944941Z"", ""2026-07-24T10:28:08.352613Z"", ""2026-07-24T10:25:41.743358Z""]","[""Origins-Legacy-1.12.16+26.2.jar"", ""Origins-Legacy-1.11.8+1.21.1.jar"", ""Origins-Legacy-1.11.7+1.21.1.jar""]","[""https://cdn.modrinth.com/data/mc1uvRn8/versions/YbxZHAXj/Origins-Legacy-1.12.16%2B26.2.jar"", ""https://cdn.modrinth.com/data/mc1uvRn8/versions/n2pEPUn7/Origins-Legacy-1.11.8%2B1.21.1.jar"", ""https://cdn.modrinth.com/data/mc1uvRn8/versions/YJB5Y1tt/Origins-Legacy-1.11.7%2B1.21.1.jar""]","[""2f878ac38339f0d8b8b8b5424bfcd0c8ce2413b8"", ""3718e21906791f2906944120c0690bbbeb9b67d7"", ""86c566cc323ff20eac0c5c1edad12e729d4390c1""]","[""16ae05e20ee29ddac7a2724fc814270ef4400c47b011960fb43cc47396ab24231e8978d3801c1fc28a71d50927d51fe526cd7aac68a623c824dc0aed5ffdd721"", ""46aa5d594ecde227f309765761165c684219e74371f012a9e922e33a6fb1fc4a72a1f04bc17bccc84c2f3ec187bf4a665ca7f2adc54f843c2a6e243ab088fa7b"", ""e768975b599bb4fd5980ebfc938b89d6d7c2c9421ad0326301f878511e901c6989f84963ef7c8ab54e1788ddd3c1b31d5e2b7036ae3914b5afc5c0b20e77d133""]"
FMOD0021,LIv30E74,better-compressed-blocks,Better Compressed Blocks,MrLoLf,TARGET_MOD,MIT,"[""fabric"", ""quilt"", ""storage""]","[""fabric"", ""quilt"", ""storage""]",2248893,2022-07-03T17:05:12.835971+00:00,2024-02-15T21:20:13.144756+00:00,41,QEzbyUk2,1.13,2024-02-15T21:20:13.920359Z,compressed-blocks-1.13.jar,https://cdn.modrinth.com/data/LIv30E74/versions/QEzbyUk2/compressed-blocks-1.13.jar,17f1623e7085849f17848826024f080c37808687,415a8fc11175be27728adab35c9de9c4584d26b5055c3cf5042522f0033f11cb3d4254f021ad0562f812c55f315312963cd7407fea99b9be12b47c1c863637e2,"[""KXrh1lmk"", ""8MgR1IHr"", ""2Yt2YvbR""]","[""1.13"", ""1.13"", ""1.13""]","[""2024-02-15T21:14:11.045773Z"", ""2024-02-15T21:07:35.682984Z"", ""2024-02-15T21:02:56.257512Z""]","[""compressed-blocks-1.13.jar"", ""compressed-blocks-1.13.jar"", ""compressed-blocks-1.13.jar""]","[""https://cdn.modrinth.com/data/LIv30E74/versions/KXrh1lmk/compressed-blocks-1.13.jar"", ""https://cdn.modrinth.com/data/LIv30E74/versions/8MgR1IHr/compressed-blocks-1.13.jar"", ""https://cdn.modrinth.com/data/LIv30E74/versions/2Yt2YvbR/compressed-blocks-1.13.jar""]","[""de40a59fde6230ceecf2b9711c41b73ff75c4291"", ""7185d631dddc8f563f73d76dae00ff726c954486"", ""4509e20a9c9b64b3a110151d97e05948172c86b0""]","[""1a73425281b7f601788d27663b62113c75fe7539822baf0624fd93a35ae8218f3ffcb088a76f914f1d61607913c932740ec1b3710098f218f107128889135406"", ""aab79e9af41ac31a794a32e4016adb0bd77ea4a95075f0d83abc0c2a4fc332e6ff391707c6160ac7a5681ffedb0a5377fa57bd950630fa4ef13cff47db2dfa55"", ""2736ea9ef36b612becc5eb06f510f651884987501ca6ddc6260392d4255c49630b6a9119c13d8cb4a617c2c3579228a5222fef5bfb88abed5c8f582550e2b063""]"
FMOD0022,LTTvOp5L,storage-delight,Storage Delight,Axperty,TARGET_MOD,MIT,"[""adventure"", ""decoration"", ""fabric"", ""food"", ""forge"", ""magic"", ""neoforge"", ""quilt"", ""storage"", ""utility""]","[""decoration"", ""fabric"", ""food"", ""forge"", ""neoforge"", ""quilt"", ""storage""]",1872467,2024-02-27T05:00:28.412522+00:00,2026-07-08T02:52:06.098598+00:00,71,erFVgWTv,26.07.01-26.2-fabric,2026-07-01T03:40:27.982529Z,storagedelight-26.07.01-26.2-fabric.jar,https://cdn.modrinth.com/data/LTTvOp5L/versions/erFVgWTv/storagedelight-26.07.01-26.2-fabric.jar,e17dc82136a555201f557b7b70a4d9c9e9f94b5e,e9a17ac3183223d16cc22e62b5eaee130d9b117e68b98269018e751666f61e72c9d6dfc45389c9263d9f644a9f6018d899c1dbec487dbb0340a1ab18d24e49bc,"[""JXJ3B666"", ""YTi50SXM"", ""vRadvyPG""]","[""26.07.01-26.1-fabric"", ""26.07.01-1.21.11-fabric"", ""26.07.01-1.21.9-fabric""]","[""2026-07-01T03:38:50.626852Z"", ""2026-07-01T03:19:13.523123Z"", ""2026-07-01T03:18:44.161827Z""]","[""storagedelight-26.07.01-26.1-fabric.jar"", ""storagedelight-26.07.01-1.21.11-fabric.jar"", ""storagedelight-26.07.01-1.21.9-fabric.jar""]","[""https://cdn.modrinth.com/data/LTTvOp5L/versions/JXJ3B666/storagedelight-26.07.01-26.1-fabric.jar"", ""https://cdn.modrinth.com/data/LTTvOp5L/versions/YTi50SXM/storagedelight-26.07.01-1.21.11-fabric.jar"", ""https://cdn.modrinth.com/data/LTTvOp5L/versions/vRadvyPG/storagedelight-26.07.01-1.21.9-fabric.jar""]","[""14cebe3208cf5c8276a930abf2d36a69d532a480"", ""cea5d7a8c8ce1723a1fcbf56fd248f776f19fe18"", ""d6fb7db85e0fe2e301c3f49dceb1740e8ff43d5e""]","[""d5b295b56228a52f11f3938969cab0a4df2b72e0e5e117af0f0c5728d2f3ab0c469475bbabbacafbfcbd94c91475dae85083f60954303e27240aee4684de7563"", ""83b9994d6d7a50ce4b96d06555dae37865e8a1b0b12f26ad30e52244866ebc8a767d567576fad54b0d99a5aa29231b0b4582aa283cc6777e62908df826d04880"", ""8cbe02a87a2a2f7ee959ab314b9d297325a90fb3b48fb2e24a5980fcbd111c6adbcb40cdc319dda1c9cb55f982041c5b486bce6afe0d24de0eca8030f00762c6""]"
FMOD0023,gc8OEnCC,betterend,BetterEnd,quiqueck,TARGET_MOD,MIT,"[""decoration"", ""equipment"", ""fabric"", ""food"", ""mobs"", ""worldgen""]","[""decoration"", ""fabric"", ""mobs"", ""worldgen""]",14001726,2022-10-12T19:18:18.757247+00:00,2026-08-08T01:39:41.458669+00:00,70,feoiqgRY,26.301.0,2026-08-08T01:39:45.032417Z,better-end-26.301.0.jar,https://cdn.modrinth.com/data/gc8OEnCC/versions/feoiqgRY/better-end-26.301.0.jar,4a9a1d1633139e78f6b73ce4829698c1bda15ca7,5374ec531f940ced70c414f5177f32b18b8f9b77112f2b33f39b933ad3396055f6146b3a19e4ba943124d1c04aa7b39e5c2c309ceeaba1f709cdf39c3b3fff60,"[""603d4gFf"", ""1NFpFqMB"", ""q2lc2PLL""]","[""26.201.1"", ""21.800.1"", ""26.101.1""]","[""2026-08-08T01:11:59.510814Z"", ""2026-08-08T00:47:40.068430Z"", ""2026-08-08T00:08:33.689370Z""]","[""better-end-26.201.1.jar"", ""better-end-21.800.1.jar"", ""better-end-26.101.1.jar""]","[""https://cdn.modrinth.com/data/gc8OEnCC/versions/603d4gFf/better-end-26.201.1.jar"", ""https://cdn.modrinth.com/data/gc8OEnCC/versions/1NFpFqMB/better-end-21.800.1.jar"", ""https://cdn.modrinth.com/data/gc8OEnCC/versions/q2lc2PLL/better-end-26.101.1.jar""]","[""79cd1808ac2f0319fb0c955315a6afd33d2d321b"", ""6b9aa0cd51496ace2782868504818d17514a03b6"", ""62410f3b6b37f69281bfca86259b80350b109169""]","[""bd4e792f1438622034fd2740af070623efaf9dfbae3a3dfd8bd4e4b78e51bb46d13d14bff6670242ba2cb11cc4a4c097764b8613f9c34bb37ac833232b40043f"", ""c2a01d4d3f580813f71ae1d06672d319b175494db25225a31fb40997ca6f6847afa73984cabdaa2f6da779eaaa5ab5fc3659b5f7d3f71094c0091ba7f1ed9c56"", ""e9389eed8de3d6fd6e7c4f5a437f28223845a1025b95b869838146241b9ad19a0b0d5171bbf3ddc68e03ba1ee6b50b45ba8e06444ac53b497ed02245a9e9c421""]"
FMOD0024,vlUsQPHM,funtime-ah-helper,FunTime AH Helper,b1nt1n,TARGET_MOD,MIT,"[""equipment"", ""fabric"", ""management"", ""minigame""]","[""equipment"", ""fabric"", ""management"", ""minigame""]",1345,2026-04-30T13:53:24.742039+00:00,2026-08-08T10:26:15.558148+00:00,4,nXjmpzEN,1.5.5,2026-08-08T10:26:15.884502Z,auction-cheapest-1.5.5.jar,https://cdn.modrinth.com/data/vlUsQPHM/versions/nXjmpzEN/auction-cheapest-1.5.5.jar,b3658c403fc269faea38dae7387a44642439265e,9d85002a5b048d183dbfa0e3017f3e4ee8c271b87d9179fd27ce9ab081fa94b362108a6a00e5cdae036f63082cb5cd958d866b3419d0fc0b55f441159e0336ae,"[""tgVVDuRW"", ""VgelrWZV"", ""tY72pmDl""]","[""1.1.1"", ""1.1.0"", ""1.0.0""]","[""2026-07-03T13:11:04.042336Z"", ""2026-07-03T13:10:40.296215Z"", ""2026-04-10T11:41:01.236228Z""]","[""auction-cheapest-1.1.0.jar"", ""auction-cheapest-1.1.0.jar"", ""auction-cheapest-1.0.0.jar""]","[""https://cdn.modrinth.com/data/vlUsQPHM/versions/tgVVDuRW/auction-cheapest-1.1.0.jar"", ""https://cdn.modrinth.com/data/vlUsQPHM/versions/VgelrWZV/auction-cheapest-1.1.0.jar"", ""https://cdn.modrinth.com/data/vlUsQPHM/versions/tY72pmDl/auction-cheapest-1.0.0.jar""]","[""e587c5f695fb83f80bc0224ba2995e65509b7bba"", ""28a1e3454940569895cad4aadf12355bc6247aeb"", ""5e9c1c538db772169299dd0ca409de180d23ad97""]","[""3231e2bec4b7d1b8b6dff4ee36e5c62cad9989717eaa07f06acf13a46302f7fec41800cea35fe742e124027107efd8a3c640b8066130b7467fbe8ad041dc5b07"", ""aa66bec28a733cbb7dd4d6c9a984b20abf4a85419b3510c5beb8e4f0d0319bc08ca8c2a78e6ad17b40fd64981c9c29c8f687cac0d37f1d42994b4acf9bc50c88"", ""be208a815bdbba49bb1d80bf1259b51dd4e923ed039ce18593b23a9466cdfe51d9448f43e5485650acb1be3b8760a2cc3c7eca9d0d863b7e3fa6cda82aa6b2c0""]"
FMOD0025,iyuwyWOH,off-client,OFF Client,YaraBaby,TARGET_MOD,MIT,"[""decoration"", ""equipment"", ""fabric"", ""management"", ""technology"", ""utility""]","[""decoration"", ""fabric"", ""management"", ""technology""]",3259,2026-06-05T07:27:05.707656+00:00,2026-08-03T18:11:56.742869+00:00,14,QRQpfHMW,1.0.7,2026-08-03T18:11:57.142467Z,off-client-26.2-1.0.7.jar,https://cdn.modrinth.com/data/iyuwyWOH/versions/QRQpfHMW/off-client-26.2-1.0.7.jar,67362891f1e8992e97787e8a87803205ef3ada9e,700b1b9d14ef1f9e59f60f7cc280810ea3d89e9a4ae078adf4aa3301dbd5670439b95b5b976308879584f62a64257304555b127223b714e24130585e7a8a7b59,"[""SNCj2VQL"", ""SJkLNQa4"", ""tC2QcACf""]","[""1.0.7"", ""1.0.7"", ""1.0.6""]","[""2026-08-03T18:11:44.477452Z"", ""2026-08-03T18:10:45.780423Z"", ""2026-07-23T22:10:52.219993Z""]","[""off-client-26.1-1.0.7.jar"", ""off-client-1.21.11-1.0.7.jar"", ""off-client-26.1-1.0.6.jar""]","[""https://cdn.modrinth.com/data/iyuwyWOH/versions/SNCj2VQL/off-client-26.1-1.0.7.jar"", ""https://cdn.modrinth.com/data/iyuwyWOH/versions/SJkLNQa4/off-client-1.21.11-1.0.7.jar"", ""https://cdn.modrinth.com/data/iyuwyWOH/versions/tC2QcACf/off-client-26.1-1.0.6.jar""]","[""207a440812f105dfddeae745e2842b3871a480a9"", ""384753e3ec3a44a1afaa4030c254a348b9fb6b9c"", ""8ec59799b80440341474f2a7fbf0f4ac341a0a63""]","[""47c60246f540256968ee10184ac5c060cb7f33b2c88b3a2e619f50b220cb6f82b5a09a71c17e05fdadb679fcb1c80f4b7b173a53736388300fc330d4663c313b"", ""257dc29a7d363de203df2664c3cabce82d10ca3598f9ac79ae8cae20ae90d9c5b40b3b0c368443eb33ce3a06de453b0a8ea647a014849681d007a8115b81578b"", ""2c49411188db30fdeb31ab8010ef7bfaa3178b86aceb24b82df3936209b6ae8740c7d449d765c80e691e57b2bfbde75316f3e65ac342288d3d59e43756c86150""]"
FMOD0026,69TY9iyJ,resource-config-api,Resource Config API,Morthen,BACKGROUND_LIBRARY,MIT,"[""fabric"", ""forge"", ""library"", ""management"", ""neoforge"", ""quilt""]","[""fabric"", ""forge"", ""library"", ""management"", ""neoforge"", ""quilt""]",171222,2024-04-27T03:31:25.985801+00:00,2026-08-10T11:01:43.030468+00:00,72,uzAwujct,4.1.1,2026-08-10T11:01:43.556820Z,resourceconfigapi-fabric-26.2-4.1.1.jar,https://cdn.modrinth.com/data/69TY9iyJ/versions/uzAwujct/resourceconfigapi-fabric-26.2-4.1.1.jar,89c59ae408613bc97f3ee6b033eee72075500990,6c880ed1a9bbc94b6e1313e6b76c580873792425da3e92922014d29a026f6726bcbd146103abe5d36b35a561d60327852b7a713f724b83318568a91667616cdc,"[""ipRTKJEf"", ""mXhIY17k"", ""vxDTs10p""]","[""26.1.2-4.0.2"", ""26.1.2-4.0.1"", ""26.1.2-4.0.0""]","[""2026-04-10T21:25:38.725744Z"", ""2026-04-10T20:57:05.942516Z"", ""2026-04-10T20:30:36.177307Z""]","[""resourceconfigapi-fabric-26.1.2-4.0.2.jar"", ""resourceconfigapi-fabric-26.1.2-4.0.1.jar"", ""resourceconfigapi-fabric-26.1.2-4.0.0.jar""]","[""https://cdn.modrinth.com/data/69TY9iyJ/versions/ipRTKJEf/resourceconfigapi-fabric-26.1.2-4.0.2.jar"", ""https://cdn.modrinth.com/data/69TY9iyJ/versions/mXhIY17k/resourceconfigapi-fabric-26.1.2-4.0.1.jar"", ""https://cdn.modrinth.com/data/69TY9iyJ/versions/vxDTs10p/resourceconfigapi-fabric-26.1.2-4.0.0.jar""]","[""16367ea65f690a3cfafab9199990433a4d5df8cb"", ""a8d0e26ca843bc15233159f91d85ff1cbdc7b8dd"", ""ee1116da3633cf323eb9627ae2ed55f04e73cf6d""]","[""6a981d408745be252da56ea8af48715b6b48de40129a4cff163eb6f98a0e9ffc750c1ae0f84f609edf1b7326779e9a5d9b96474c21ccf58e286b76a65156983b"", ""23bc8f401b561522021f9cb60b1baaa8a0566d6d4ed20d0ed43089aa9e620cf4a44f79760be0457351125e5dfdd56b36880f2aa13ede64151ff46de589f441d4"", ""a79f0212a980f1a97d0395b3326bcf25b3ff366dd6f4dd973079b23cee1f8a7f61f374286d4df27af4cd69c3d1c2d551964014bc817f676f237076a55e8f6945""]"
FMOD0027,lXDzrLAm,moar-concrete,Moar Concrete,mcjamweasel,TARGET_MOD,MIT,"[""decoration"", ""fabric""]","[""decoration"", ""fabric""]",3419408,2024-08-03T21:45:18.961897+00:00,2025-09-30T18:55:47.311471+00:00,8,Y5zVlNji,1.6.0,2025-09-30T18:55:47.914366Z,moarconcrete-1.6.0.jar,https://cdn.modrinth.com/data/lXDzrLAm/versions/Y5zVlNji/moarconcrete-1.6.0.jar,0944b5e5c39b63be81525fa313a254b5b9ee2e62,43eb3b2c6290e11268bc6aab0cb574c39f010b6a170171b42d5300b6893a6566f696de69a677a8ffecc74c271eaab38dd98f24804c4822ea9fdb6c1903bdfece,"[""hG50ZysI"", ""NqyLpG4U"", ""IqO5eD9D""]","[""1.3.1"", ""1.5.2"", ""1.5.1""]","[""2025-05-30T16:06:20.958876Z"", ""2025-05-26T16:03:11.762764Z"", ""2024-12-05T18:11:47.821036Z""]","[""moar-concrete-1.3.1.jar"", ""moarconcrete-1.5.2-1.24.4+.jar"", ""moarconcrete-1.5.1.jar""]","[""https://cdn.modrinth.com/data/lXDzrLAm/versions/hG50ZysI/moar-concrete-1.3.1.jar"", ""https://cdn.modrinth.com/data/lXDzrLAm/versions/NqyLpG4U/moarconcrete-1.5.2-1.24.4%2B.jar"", ""https://cdn.modrinth.com/data/lXDzrLAm/versions/IqO5eD9D/moarconcrete-1.5.1.jar""]","[""541410660ff1198e24b99e007267a7ec256498e2"", ""cc61df1b9a047d713004dc85157641a094596501"", ""ac5f9b8d3feb7e4adadb6e830e1dfbaad4f36623""]","[""9edf8775a2c3ceb80d74bee9a2a1426114585cbdba66e16efd874e8c1b5b8da51f4f5aa9f1876a56b22ae9d51ddb0de956454e753e7d12e36c357b5877a6ff46"", ""86fd499d5ea57fa08810eeac5a0941193be013a65d08dbfdafa90b36aa3793e7df9f1a1c27ceb278a92c82325e18d581e35ee1353de619a5238bf60e0bba5286"", ""719b0c3abf70d03054b82f90423c81e86da2a40c43d0b75cf064914095fe08939d304275e391c6412ef8a8f0467f7a55eeffff44c64bb92587a5800924be7993""]"
FMOD0028,XGvP5TBn,growableores,GrowableOres,skniro,TARGET_MOD,MIT,"[""fabric"", ""forge"", ""neoforge"", ""technology"", ""utility""]","[""fabric"", ""forge"", ""neoforge"", ""technology"", ""utility""]",225111,2023-07-09T03:39:28.167596+00:00,2026-08-08T14:39:04.127178+00:00,264,5eHmtQx3,3.6.4-1.18.2-Fabric,2026-08-08T14:37:53.506599Z,GrowableOres-3.6.4-1.18.2-Fabric.jar,https://cdn.modrinth.com/data/XGvP5TBn/versions/5eHmtQx3/GrowableOres-3.6.4-1.18.2-Fabric.jar,5a668ff0a89e282b2ad6cbf9cd17c693230186c5,bdc92e80fb0be4ab5470ee6cd9208d250b3ab4870e94ed967427100d1c874011921220422b7509d7f0ac596abb1155c8e52203d113879bf6aad2cf1cc5635932,"[""yq6ELvb5"", ""q0f0CFCT"", ""6WA1Ywin""]","[""3.6.4-1.19.2-Fabric"", ""3.7.3-1.20.1-Fabric"", ""2.11.2-1.20.4-Fabric""]","[""2026-08-08T14:36:22.798375Z"", ""2026-08-08T14:20:33.277058Z"", ""2026-08-08T14:17:05.916723Z""]","[""GrowableOres-3.6.4-1.19.2-Fabric.jar"", ""GrowableOres-3.7.3-1.20.1-Fabric.jar"", ""GrowableOres-2.11.2-1.20.4-Fabric.jar""]","[""https://cdn.modrinth.com/data/XGvP5TBn/versions/yq6ELvb5/GrowableOres-3.6.4-1.19.2-Fabric.jar"", ""https://cdn.modrinth.com/data/XGvP5TBn/versions/q0f0CFCT/GrowableOres-3.7.3-1.20.1-Fabric.jar"", ""https://cdn.modrinth.com/data/XGvP5TBn/versions/6WA1Ywin/GrowableOres-2.11.2-1.20.4-Fabric.jar""]","[""306c2c851edc3db8c3d59c42e5c892dc8c6ff77d"", ""5339f6f9635f2b5f8c5b4da3723789fe9381cd53"", ""a6e7a372b74d4985deea8f20846624f68e416241""]","[""d9d75290676e14129245b94c58e710686f51de9c83324af6f32bff1cf8885a1ea2dd3ec4b0901021de522a60e98180d3b1497d2a8b313ac4a5e41706aa679a4a"", ""45a1792cf1c13aa36b9bf5f86b5232fb065816238c4f1d1b1bb6b92d4f00b362e53fd7d8c8f2931e940452f69e50751c01400921b9336bab9f19e9dfefe2000c"", ""b1ac6cbb9087faee6c80da104f0637877784081c3b3ae9dba1424727907e6b28c8f646e062dcbbcc9fb771e346f4187ebc899d3e9079c1b747ed31b7a85e7a1e""]"
FMOD0029,LdBYVaPS,impactor,Impactor,NickImpact,BACKGROUND_LIBRARY,MIT,"[""economy"", ""fabric"", ""forge"", ""library"", ""neoforge"", ""utility""]","[""economy"", ""fabric"", ""forge"", ""library"", ""neoforge"", ""utility""]",679314,2023-05-02T23:36:04.079604+00:00,2025-12-24T05:11:14.776598+00:00,18,EKmfPVFZ,5.2.8+1.20.1-Fabric,2025-12-24T05:11:16.389757Z,Impactor-Fabric-5.2.8+1.20.1.jar,https://cdn.modrinth.com/data/LdBYVaPS/versions/EKmfPVFZ/Impactor-Fabric-5.2.8%2B1.20.1.jar,25ba6fba3f0111611c5b39686f379576002c1048,19ee0791ad33e28f6de922d5edc4fe710f518822fbea27c54374f22017ab723add203781239698de9ed8bbcd40047b2778e5c5f8cef582e86c31e75f84c32240,"[""KwNU9SQW"", ""1POJrl1m"", ""BlAlkvYZ""]","[""5.3.5+1.21.1-Fabric"", ""5.3.4+1.21.1-Fabric"", ""5.3.3+1.21.1-Fabric""]","[""2025-12-17T02:46:23.680502Z"", ""2025-06-06T03:24:49.008202Z"", ""2025-05-20T02:25:14.180325Z""]","[""Impactor-Fabric-5.3.5+1.21.1.jar"", ""Impactor-Fabric-5.3.4+1.21.1.jar"", ""Impactor-Fabric-5.3.3+1.21.1.jar""]","[""https://cdn.modrinth.com/data/LdBYVaPS/versions/KwNU9SQW/Impactor-Fabric-5.3.5%2B1.21.1.jar"", ""https://cdn.modrinth.com/data/LdBYVaPS/versions/1POJrl1m/Impactor-Fabric-5.3.4%2B1.21.1.jar"", ""https://cdn.modrinth.com/data/LdBYVaPS/versions/BlAlkvYZ/Impactor-Fabric-5.3.3%2B1.21.1.jar""]","[""ceff2e3529c651ef14cce700ab6c65002d93e9b4"", ""79ec13043898acfe95330ba5038aa3da2445121a"", ""16b4800d67f44a663ca3a03fbf7f282379fbf163""]","[""bfcec7e2a56b77fd874087a615aadaf71250a46dd29bf898ed0d1d280b807d4c5e34b700efe00a428067743dc672786e0467be01a1e30871a04bbf4dcf8b8020"", ""17aeac93a78c72364188001406e170b63965548e4e145f5ba9185354ca23df041deb7d070655234a2b1b172c26481145ba83b6f4f19d222e1c1336c3ac7208a8"", ""a89ec40de40c04ef796650ab5a372e2989b43f27a997ae6a5b8f1d56ea2ad220b9da18f09738fffc6bbad202943706f9893560b4611ae3f6b7878c11cecf8e52""]"
FMOD0030,yJtKNlKW,mcendgame,MCEndgame,maucon,TARGET_MOD,MIT,"[""adventure"", ""equipment"", ""fabric"", ""mobs"", ""worldgen""]","[""adventure"", ""equipment"", ""fabric"", ""mobs""]",764,2026-04-28T09:44:58.524228+00:00,2026-08-05T19:24:55.423379+00:00,18,NUyCwBRh,1.5.3+26.2,2026-08-05T19:24:56.204206Z,MCEndgame-1.5.3+26.2.jar,https://cdn.modrinth.com/data/yJtKNlKW/versions/NUyCwBRh/MCEndgame-1.5.3%2B26.2.jar,587caf72103a50e370268f6f37ae8cc6dc877e08,8257a5e3f1164a7404e7d20f9d562942525ae76ed05006e1bf0406d6bfefeabd2df2121b0bf6ec9d1e6305d387ce087ad3a47969dced75d755729633d9448e03,"[""HqRCLOCI"", ""AsNvOJaM"", ""95kYX5GE""]","[""1.5.3+26.1.2"", ""1.4.5+1.21.11"", ""1.5.2+26.2""]","[""2026-08-05T19:23:07.504510Z"", ""2026-08-05T19:21:25.832392Z"", ""2026-07-24T20:48:15.479449Z""]","[""MCEndgame-1.5.3+26.1.2.jar"", ""MCEndgame-1.4.5+1.21.11.jar"", ""MCEndgame-1.5.2+26.2.jar""]","[""https://cdn.modrinth.com/data/yJtKNlKW/versions/HqRCLOCI/MCEndgame-1.5.3%2B26.1.2.jar"", ""https://cdn.modrinth.com/data/yJtKNlKW/versions/AsNvOJaM/MCEndgame-1.4.5%2B1.21.11.jar"", ""https://cdn.modrinth.com/data/yJtKNlKW/versions/95kYX5GE/MCEndgame-1.5.2%2B26.2.jar""]","[""bbb8311ea0930e0942af038e79f86ad95a6a2176"", ""58c3a354ac70ba01a7ecdd65356e3906a19345d5"", ""3d06058c7cbf361a7a86b9cadbbaded8ca6c3f78""]","[""70c3faa3ec023a48f274e4c305cd5f18d4d508c65fd009565102c0561da067cd47abad4079511b8f0cc04fa4c691600de193c907919102765733618c4cab6217"", ""578e3dda25924b301a8b29335a1ae0761904827b25cfc323e154d1346f95b37c99f20961eac568410e856a2fb12844de6bd98cd2af0e8bfbbb6c650b69dbfd7b"", ""0bf1d0af2d068da725edd304cc811f01bb39f1006ed4be029cecd570ef3d7cfbb88d9eac9c2ca156ad559924c0c949404644088e39aad156345624876f6e667d""]"
FMOD0031,nPQ9xkPg,markdownmanual,Markdown Manual,Sangar,BACKGROUND_LIBRARY,MIT,"[""fabric"", ""forge"", ""library"", ""neoforge""]","[""fabric"", ""forge"", ""library"", ""neoforge""]",71438,2022-05-20T21:52:46.345309+00:00,2026-08-09T11:31:36.514383+00:00,11,C3DaRlTh,MC1.21.11-fabric-1.2.6,2026-08-09T11:31:37.106927Z,markdown_manual-MC1.21.11-fabric-1.2.6+e19ed29.jar,https://cdn.modrinth.com/data/nPQ9xkPg/versions/C3DaRlTh/markdown_manual-MC1.21.11-fabric-1.2.6%2Be19ed29.jar,2633907afcffe7fb2d07f83c6fc47bba264c8643,6c0217bf4332dbd04dcea7aa64d0da88150f8778336d83b4e288003560c15118fd9ec9933f7c9dec7af0be70f49a29cb305052b16a53b26b7f5dbc8b15042a65,"[""ukchywVT"", ""NjJcNTQZ"", ""oHQ8oCeE""]","[""MC1.21.1-fabric-1.2.6"", ""MC1.20.4-fabric-1.2.6"", ""MC1.20.2-fabric-1.2.6""]","[""2026-08-08T11:43:03.969172Z"", ""2024-04-15T21:43:01.764080Z"", ""2023-11-16T21:57:26.925577Z""]","[""markdown_manual-MC1.21.1-fabric-1.2.6+6e8da99.jar"", ""markdown_manual-MC1.20.4-fabric-1.2.6+6bb2558.jar"", ""markdown_manual-MC1.20.2-fabric-1.2.6+298f7f0.jar""]","[""https://cdn.modrinth.com/data/nPQ9xkPg/versions/ukchywVT/markdown_manual-MC1.21.1-fabric-1.2.6%2B6e8da99.jar"", ""https://cdn.modrinth.com/data/nPQ9xkPg/versions/NjJcNTQZ/markdown_manual-MC1.20.4-fabric-1.2.6%2B6bb2558.jar"", ""https://cdn.modrinth.com/data/nPQ9xkPg/versions/oHQ8oCeE/markdown_manual-MC1.20.2-fabric-1.2.6%2B298f7f0.jar""]","[""7908fd6114861332e5104cc85e7b7be9cf89cb7a"", ""97187c6ddab42652fc2261b0b3f3c64ab244d0e2"", ""38f6f82021b3dcd6232f407813e6503af5ec5a85""]","[""5fafe79d7736ba5a052c9dade952de1e5bc5ca96edba4d9c8da5269d595b600788d61357f393cce1419497f96bf76ad47fac00f53bbc567762d8bbf3c83b0ca4"", ""419ff6b0a175a3b33c0647e963a5454dee85d2d4ad0b7997b470e63ff7b9d177f6ff6dff6f87c78160dd4f3b48af1cdfb1f4932a99a0e8990e2f743de40b04b4"", ""96de73a2e6b451506af5b800a337b731c58a0250308092c2b057bf279f22033e787e837da126f74e0c22610a1e7180704b0e6aede54e6e8d6800c4a261e43ec1""]"
FMOD0032,2xPm31lF,moss-fix,Moss Fix,gamma-02,TARGET_MOD,MIT,"[""fabric"", ""forge"", ""game-mechanics"", ""management"", ""neoforge"", ""utility"", ""worldgen""]","[""fabric"", ""forge"", ""management"", ""neoforge"", ""utility"", ""worldgen""]",501436,2023-05-22T21:14:11.146241+00:00,2026-06-20T04:48:47.022071+00:00,24,PSCzix9Y,2.1.0,2026-06-20T04:48:41.415760Z,moss-fix-remastered-1.21.11-fabric-2.1.0.jar,https://cdn.modrinth.com/data/2xPm31lF/versions/PSCzix9Y/moss-fix-remastered-1.21.11-fabric-2.1.0.jar,2684f14a138c0b9ade95616e67385342733193ce,23ada772824fc50aa9eaf6b48fc09663163b20e28718d8cb91fc6bc2c0f716e97eca7a10b7cf54666f35e35c05a99f93de7b90e72b3536f81dcbe3809d8a1eaf,"[""CeNh6gtk"", ""trmiXD89"", ""aKGsn3tP""]","[""2.1.0"", ""2.1.0"", ""2.1.0""]","[""2026-06-18T23:24:01.052161Z"", ""2026-06-18T23:23:28.309275Z"", ""2026-06-18T23:22:52.471800Z""]","[""moss-fix-remastered-1.20.1-fabric-2.1.0.jar"", ""moss-fix-remastered-1.20.2-fabric-2.1.0.jar"", ""moss-fix-remastered-1.20.4-fabric-2.1.0.jar""]","[""https://cdn.modrinth.com/data/2xPm31lF/versions/CeNh6gtk/moss-fix-remastered-1.20.1-fabric-2.1.0.jar"", ""https://cdn.modrinth.com/data/2xPm31lF/versions/trmiXD89/moss-fix-remastered-1.20.2-fabric-2.1.0.jar"", ""https://cdn.modrinth.com/data/2xPm31lF/versions/aKGsn3tP/moss-fix-remastered-1.20.4-fabric-2.1.0.jar""]","[""9d985c57c043b00f389e06f1c80b3a751ac306ac"", ""290d1403ac576d138b50e6d79148e12f8140f939"", ""9de317f4c5f4ba10154754b99d99f24494dfb58b""]","[""5b0d2d4235788eabf248b2a9f045189ee53ab253b82906ba3421f6836a1cf004e43377d629f74a630a5e9457f3f558688cfd39c765637634b5dcfb7658e02de7"", ""554a052f53286c8a43e2ab33ff325767f4c714359afffdbc38c4ec8b2b137765518f3e89c9e4bc6e1de158b41bf593f0f34893d12a49db59cc4cf717234ade5f"", ""b19f6f3550f12c43c0743d4c8a80aac8829894fa38f9ac96ed61690d1202a69ef84fae1e0da845b4c679cca1b544bf935cb039ef99dc4b8ac83f62866905c211""]"
FMOD0033,m6OyNFtX,fcitx5-enhancer,Fcitx5 Enhancer,XIAYM-gh,TARGET_MOD,MIT,"[""fabric"", ""game-mechanics"", ""optimization"", ""utility""]","[""fabric"", ""game-mechanics"", ""optimization"", ""utility""]",4051,2024-10-02T20:07:05.924623+00:00,2026-08-09T08:26:00.756261+00:00,25,Pl5VjL5d,0.2.5+hotfix.3,2026-08-09T08:26:01.155523Z,fcitx5-enhancer-0.2.5+hotfix.3-all.jar,https://cdn.modrinth.com/data/m6OyNFtX/versions/Pl5VjL5d/fcitx5-enhancer-0.2.5%2Bhotfix.3-all.jar,83a33fad012c9725974dc8e52813166ca5ff0ac3,baa97278a7ba62e2a718a3378eb56756f4ab07e19227e33bb9f7b246c9a336672f8e650a2dee0200b3bc76f2934b02fd471be68d2caefb4bb2b322ae5911d64a,"[""2Zy7GhvS"", ""1uzJU9fe"", ""I5L2KsgW""]","[""0.2.10"", ""0.2.5+hotfix.2"", ""0.2.9""]","[""2026-08-09T08:25:37.411511Z"", ""2026-07-27T04:04:29.602463Z"", ""2026-07-27T04:03:11.858978Z""]","[""fcitx5-enhancer-0.2.10-all.jar"", ""fcitx5-enhancer-0.2.5+hotfix.2-all.jar"", ""fcitx5-enhancer-0.2.9-all.jar""]","[""https://cdn.modrinth.com/data/m6OyNFtX/versions/2Zy7GhvS/fcitx5-enhancer-0.2.10-all.jar"", ""https://cdn.modrinth.com/data/m6OyNFtX/versions/1uzJU9fe/fcitx5-enhancer-0.2.5%2Bhotfix.2-all.jar"", ""https://cdn.modrinth.com/data/m6OyNFtX/versions/I5L2KsgW/fcitx5-enhancer-0.2.9-all.jar""]","[""9d712ce9ba9bed9164dc377d466ca3e7df8b6832"", ""d0c65e9b1537b2984c309d4446fc721d8665676d"", ""2c9ee69df9c39e9d3667d9af2cf3e793c150e014""]","[""57183c5acd25f6e44c93a125f507720ade0f2b5d8aae6293462a26a7d522c381519da138d33cd405d55a01cae33d53fab0707064f55d4db95b0e4406ce470baa"", ""db08ebc4d2d272d4a6596561b6fcbfde36a21ef898d27cc7d7ebdcd16b6677b39197ba1583949e24c365ba8b80b778e47501e4c8b5413ad4781a11e4e82848ad"", ""a9c64c6539cb6233a0fd776d917dc9f9b7615d2318193a2155efffc9801df5f77b706b0431d3b313b89060ac43bf96d765500c4b528f3b2df3b7634f96849234""]"
FMOD0034,lxIYCOcB,enderscapes-delight,Enderscape's Delight,blubrixian,TARGET_MOD,MIT,"[""adventure"", ""fabric"", ""food"", ""utility""]","[""adventure"", ""fabric"", ""food"", ""utility""]",3075,2026-03-22T09:17:31.300814+00:00,2026-08-12T00:14:36.356831+00:00,5,4VigZw3g,0.9.3-26.2,2026-08-12T00:14:36.768293Z,enderscapes-delight-0.9.3-26.2.jar,https://cdn.modrinth.com/data/lxIYCOcB/versions/4VigZw3g/enderscapes-delight-0.9.3-26.2.jar,ad049712c34b654fe9b2edb029ff0e4f1c5d32bc,a4e0b8a043865f8fd927f284694d07c77af6835a787edd8a77ed1db3314ea0db1f6f6735e3d5a599fb5c212f7be375f179ec7f290393c860aecf34c5b6c6dd15,"[""NIva5WdM"", ""fDrCPR5v"", ""C09ylE3W""]","[""0.9.2"", ""0.9.002"", ""0.9.001""]","[""2026-06-10T01:13:38.257055Z"", ""2026-03-28T20:24:18.661347Z"", ""2026-03-24T00:55:47.539233Z""]","[""enderscapes-delight-0.9.2.jar"", ""enderscapes-delight-0.9.002.jar"", ""enderscapes-delight-0.9.001.jar""]","[""https://cdn.modrinth.com/data/lxIYCOcB/versions/NIva5WdM/enderscapes-delight-0.9.2.jar"", ""https://cdn.modrinth.com/data/lxIYCOcB/versions/fDrCPR5v/enderscapes-delight-0.9.002.jar"", ""https://cdn.modrinth.com/data/lxIYCOcB/versions/C09ylE3W/enderscapes-delight-0.9.001.jar""]","[""a9659cb5ba35546081090433e8c361121fa6b333"", ""2f321e9b3ccdbd424c165144a4e43b03ded1999a"", ""8d161ecebbee4445ab798a0f61e2f35140cd20fb""]","[""f1ce393de41c14267e764ca205082b9941c58e181afd81fc5739cc6b78f87553e7d2436e9389cd6157696115aacdbc67df90a5014642cdb46fd6a46c2fd8e66d"", ""7ee91411835662010917a41dcd0aa6fbef3b18906c90d87e69667415d7384bc7485b3bacb88f0b27d303e6e78b54fa7c24c49bf72c12c8d02488ce5503f202e6"", ""74e8328830beaceec9ebd66ad12f88a4d550463c1a896e004b3ff1496abd8f53a17d960ebec007f3464108efd4b5c3aa5647cbcee536dc52f63c94472e98bdef""]"
FMOD0035,vZoqTqwv,dungeon-now-loading,Dungeon Now Loading,HexNowLoadingYT,TARGET_MOD,MIT,"[""adventure"", ""decoration"", ""equipment"", ""fabric"", ""forge"", ""game-mechanics"", ""mobs"", ""worldgen""]","[""adventure"", ""fabric"", ""forge"", ""mobs"", ""worldgen""]",1712866,2024-04-19T05:36:19.091898+00:00,2026-05-02T00:58:39.878273+00:00,10,luhyJg7U,2.2,2026-05-02T00:49:24.110785Z,Dungeon Now Loading-fabric-1.20.1-2.2.jar,https://cdn.modrinth.com/data/vZoqTqwv/versions/luhyJg7U/Dungeon%20Now%20Loading-fabric-1.20.1-2.2.jar,e2b6854a303a5499173e16110c4c7db6a40bbdaa,5633042b6fb76c3d5ba6d9ea16117113d137e0b45b4c71f63f4e69f35e30ede9a100a7785d700f70adf47c1044ed375a53d6fd92fac4eefa879f39f0cff0e1fd,"[""JlTOmyMX"", ""l1mX9QQ2"", ""wKpFuJ9e""]","[""2.11"", ""2.1"", ""2.0""]","[""2025-11-02T06:49:39.345187Z"", ""2025-11-01T12:18:09.706891Z"", ""2025-09-01T13:40:51.310909Z""]","[""Dungeon Now Loading-fabric-1.20.1-2.11.jar"", ""Dungeon Now Loading-fabric-1.20.1-2.1.jar"", ""Dungeon Now Loading-fabric-1.20.1-2.0.jar""]","[""https://cdn.modrinth.com/data/vZoqTqwv/versions/JlTOmyMX/Dungeon%20Now%20Loading-fabric-1.20.1-2.11.jar"", ""https://cdn.modrinth.com/data/vZoqTqwv/versions/l1mX9QQ2/Dungeon%20Now%20Loading-fabric-1.20.1-2.1.jar"", ""https://cdn.modrinth.com/data/vZoqTqwv/versions/wKpFuJ9e/Dungeon%20Now%20Loading-fabric-1.20.1-2.0.jar""]","[""4c18fc0091c5be9bbcff87debf2954c5ce17f609"", ""f28faddaa5d2c851a0ad2806d2085fa2aaf7204c"", ""f056ff1bb17cc2c417fbd14ade5e70c21eee4965""]","[""7eb23cb3c1e4f5d008422c5668c8b448bb214ea5750a6218c8fda77e3e298d796fa4ff6639cc8b4865a9dfd8d455591df2fdeec4ea065240510f232ef7f53f82"", ""b3280ce09b0f542d449cdbd8b840bb6be31087f4911ed7a5bfd105f0887e6bb2870884e6c8e541da910d43edb57c639b20d7ea75116c79d5b44b72eabc0cdaf8"", ""c97d9229cbaa3dc2801dcc23c69fe4d42441c6629e145c4c243981ec1ac2fb21b07ef9a12348bac1dd6e2fc9a874873670b60ed0af8ac2539d63136783335b02""]"
FMOD0036,5VolwT6c,rrv,Reliable Recipe Viewer,Cassian,TARGET_MOD,MIT,"[""fabric"", ""neoforge"", ""utility""]","[""fabric"", ""neoforge"", ""utility""]",523432,2026-01-13T18:05:32.432652+00:00,2026-08-08T15:39:52.918420+00:00,132,Bi8Uoo3W,8.7.3+26.3-snapshot-7-fabric,2026-08-08T15:39:53.726307Z,reliable-recipe-viewer-8.7.3+26.3-snapshot-7-fabric.jar,https://cdn.modrinth.com/data/5VolwT6c/versions/Bi8Uoo3W/reliable-recipe-viewer-8.7.3%2B26.3-snapshot-7-fabric.jar,68653011590fcd99d09596a6aef02f63f328a10d,41685c73b4f2c5089e32406c3ba0eba6485a29dfd1004ced5e96ca87122444efb54bf5ade4f84f4f07a352b39a89bfe7bfe84aff0873e515b27da6ea31c5f4a2,"[""HYb9YxIC"", ""VykWiyXF"", ""PJLzJ0P2""]","[""8.7.3+26.2-fabric"", ""8.7.3+26.1.2-fabric"", ""8.7.3+1.21.11-fabric""]","[""2026-08-08T15:39:51.303255Z"", ""2026-08-08T15:39:48.910198Z"", ""2026-08-08T15:39:46.526594Z""]","[""reliable-recipe-viewer-8.7.3+26.2-fabric.jar"", ""reliable-recipe-viewer-8.7.3+26.1.2-fabric.jar"", ""reliable-recipe-viewer-8.7.3+1.21.11-fabric.jar""]","[""https://cdn.modrinth.com/data/5VolwT6c/versions/HYb9YxIC/reliable-recipe-viewer-8.7.3%2B26.2-fabric.jar"", ""https://cdn.modrinth.com/data/5VolwT6c/versions/VykWiyXF/reliable-recipe-viewer-8.7.3%2B26.1.2-fabric.jar"", ""https://cdn.modrinth.com/data/5VolwT6c/versions/PJLzJ0P2/reliable-recipe-viewer-8.7.3%2B1.21.11-fabric.jar""]","[""5543a56ab936cbf59aac9f5d05f4f8be57e6449e"", ""24b131474f9c477181fce675eb9c3ffc7c1e75e3"", ""1f2b6e66c6ce833eea9b28170dc1fd8859fb3862""]","[""f2f29bde523b00715484cf43d2758b2c4785de7c78067c44012603c9ce63ece9a987ffe3d32e01229ecb57c4bdbba40652ee13ffca6cc3a104705fb6846995cd"", ""d6049ec2a3f36467da7c48ccece7eb7308803e8c56aecca30d702c664b8a00b872f774c30a151cf3899f2b36f2c742dcebd3f84281d9a807b5171c66a76b9ef8"", ""06b854f52d41ca16aee45ab64660b00efae87bb0b48c332ebd72e31ebe58268e973982037232d2ee5602a37f7b3ea89b372bbc3c6e5c9526114f9ca60b010f90""]"
FMOD0037,zCfxiiAW,spell-engine-extension,Spell Engine Extension (RPG Series Tweaks),TheRedBrain,BACKGROUND_LIBRARY,MIT,"[""adventure"", ""fabric"", ""game-mechanics"", ""library"", ""magic""]","[""fabric"", ""game-mechanics"", ""library"", ""magic""]",26367,2024-05-09T06:33:04.014282+00:00,2026-08-11T11:07:55.828373+00:00,42,cLcxjbAh,2.16.2,2026-08-11T11:07:56.310438Z,spellengine-extension-2.16.2.jar,https://cdn.modrinth.com/data/zCfxiiAW/versions/cLcxjbAh/spellengine-extension-2.16.2.jar,85fb5a3e1782becbe75964d4cc5c5e47f86ac5a6,cde51e98a9049d6ccc2043ffced1ee53dfe205e84e1169c3a83555001d93f0c5c927d058146987ab5d451e8ff406d3b71b9261611901bb5fba54e41b6b85acbf,"[""OwJXmsUa"", ""UFch04AK"", ""vJkVK73R""]","[""2.16.1"", ""2.16.0"", ""2.15.1""]","[""2026-07-29T12:42:06.840409Z"", ""2026-03-25T14:04:48.214845Z"", ""2026-03-11T21:04:42.679183Z""]","[""spellengine-extension-2.16.1.jar"", ""spellengine-extension-2.16.0.jar"", ""spellengine-extension-2.15.1.jar""]","[""https://cdn.modrinth.com/data/zCfxiiAW/versions/OwJXmsUa/spellengine-extension-2.16.1.jar"", ""https://cdn.modrinth.com/data/zCfxiiAW/versions/UFch04AK/spellengine-extension-2.16.0.jar"", ""https://cdn.modrinth.com/data/zCfxiiAW/versions/vJkVK73R/spellengine-extension-2.15.1.jar""]","[""9bd74bfab76113ee573f4a1f0334d06d5e558343"", ""168f80961468746b3f4efb4ea4fc9ff85da7a972"", ""56cc9ded01ecb00b2c4a2ee88b03fc5c4936e5ed""]","[""9d1c16d603512c22c1f201b60e6f8230ee88507f5936a3c62cc8c32314bc27fcebe4292cbffd86e877b9b21acf5b899afed8960a46fba2365a24a7d97c91d894"", ""245ce8444728f4999b972dce9acdb16f5047a680df4d89319b4ed4aa0c3c8e38a42b52a29d5a886cbbaa4f5fcfd28c0ad8e9ed565aa1215fcaca439d3df154fe"", ""c3dd16c3915ed367fa3a3a1e52615d0d7956dcb39852feae8a495e2d819944ceaec0b0d1d1a604f02b455ce6d14d502163f2ed2f7da683a220c01e5a2c92da11""]"
FMOD0038,9g4Ya0fk,cavern-chat,Cavern Chat,McShinyShoe,TARGET_MOD,MIT,"[""fabric"", ""social"", ""utility""]","[""fabric"", ""social"", ""utility""]",143,2026-01-06T02:13:22.493386+00:00,2026-08-09T19:35:34.099903+00:00,13,WinTQEHR,1.5.0+1.21.11,2026-08-09T19:35:34.443640Z,cavern-chat-1.5.0+1.21.11.jar,https://cdn.modrinth.com/data/9g4Ya0fk/versions/WinTQEHR/cavern-chat-1.5.0%2B1.21.11.jar,6498e0285f2dbf2729d152b3eacb9855c096b50f,2258208020833da164d4599187c99e6e032789ab0464a19e1c3e1b26b38e1c5ce0bdeaff4b2839bee006fad12c407b3f5eb2eceb10466a0c8bb7943edb844cad,"[""gyowXVfb"", ""SbqWl76Z"", ""a5ywNZVn""]","[""1.5.0+1.21.10"", ""1.5.0+1.21.8"", ""1.5.0+1.21.5""]","[""2026-08-09T19:35:21.281587Z"", ""2026-08-09T19:34:41.457207Z"", ""2026-08-09T19:34:25.688220Z""]","[""cavern-chat-1.5.0+1.21.10.jar"", ""cavern-chat-1.5.0+1.21.8.jar"", ""cavern-chat-1.5.0+1.21.5.jar""]","[""https://cdn.modrinth.com/data/9g4Ya0fk/versions/gyowXVfb/cavern-chat-1.5.0%2B1.21.10.jar"", ""https://cdn.modrinth.com/data/9g4Ya0fk/versions/SbqWl76Z/cavern-chat-1.5.0%2B1.21.8.jar"", ""https://cdn.modrinth.com/data/9g4Ya0fk/versions/a5ywNZVn/cavern-chat-1.5.0%2B1.21.5.jar""]","[""1b14b9e7434b31e53e0cf918aea0e0b19d9deb47"", ""03d7dc588eb639ea7e0dbe01104f7e0788d2406f"", ""9d784d02a9b66ccd1956a74d28a3efd63517d292""]","[""b01d36688ca74a62e73eed56dec5c85076d92ac70077ce4f6b420e11681741c3114ee821d2894802218403f311cdfc2007bb253f6c6c5df4d679cbdf07bb5b4b"", ""576c3bd99abad20deb59fb72eb38616dcf37e79718883c3e800bd8fbd20bd382277a3c597ad9ba22de9f970f36d476a85593e6acc352f43524a44a8350294d5e"", ""d6da41d473ea3135a5c001cfe7c3c1ed62e163455083973712b5e4d1ed8f7126efb2137c211b0650bb48e198cf2a174eb5cbdca09daab9186f76c7b77d5514cf""]"
FMOD0039,Ngpr9JSx,the-lost-isles,The Lost Isles,SpottedToad,TARGET_MOD,MIT,"[""adventure"", ""fabric"", ""food"", ""mobs"", ""worldgen""]","[""fabric"", ""mobs"", ""worldgen""]",39,2026-08-04T16:36:38.522806+00:00,2026-08-11T07:31:01.571085+00:00,11,kygc2E2k,0.1.12-alpha+26.1.2,2026-08-11T07:31:01.944567Z,lostisles-0.1.12-alpha+26.1.2.jar,https://cdn.modrinth.com/data/Ngpr9JSx/versions/kygc2E2k/lostisles-0.1.12-alpha%2B26.1.2.jar,80ca8dc86646daf95c5a8112526450995bd0087a,669de15ea3d90ca939e30d4450b8ca9562d62c666a60c361957e9a664549a0d732eb786aa273bd1f8b873cba4fe2496c0a2f97b3a3f3847a10fa9b3e4a690f37,"[""36E1bPtA"", ""upn6SMbS"", ""VxN1g1Y5""]","[""0.1.11-alpha+26.1.2"", ""0.1.5-alpha+26.1.2"", ""0.1.3-alpha+26.1.2""]","[""2026-08-09T10:21:13.509972Z"", ""2026-08-04T04:57:08.229918Z"", ""2026-08-03T06:25:44.060071Z""]","[""lostisles-0.1.11-alpha+26.1.2.jar"", ""lostisles-0.1.5-alpha+26.1.2.jar"", ""lostisles-0.1.3-alpha+26.1.2.jar""]","[""https://cdn.modrinth.com/data/Ngpr9JSx/versions/36E1bPtA/lostisles-0.1.11-alpha%2B26.1.2.jar"", ""https://cdn.modrinth.com/data/Ngpr9JSx/versions/upn6SMbS/lostisles-0.1.5-alpha%2B26.1.2.jar"", ""https://cdn.modrinth.com/data/Ngpr9JSx/versions/VxN1g1Y5/lostisles-0.1.3-alpha%2B26.1.2.jar""]","[""6f81fb2c0d603ed5332b805423db03cad2992469"", ""93a80f88810e4d9b65823c7839c559df32c45154"", ""b77dae46094e94a74152386de3338cae75b6aeb6""]","[""df0793d9379f1303c2e4b7878f2998d9443776670f73f389830d67b43f0891720243c307bdad6dc9e0a30cad1c2179587d14d050386b739c319c0ecda39804b3"", ""28cb72d4edaf0104e20040954711c336d5f61244fd89f40c1b37d2d09f7dc22c1e891217ebf60c877dd10c4ba963fbf91bdfeba992e230578df54fc273a9743c"", ""b928702d012093efe04a153fd2a56c72bb71824f2a04639683735c9c39a186dc6ac383de3022bfd859244b780e4580aca93eb96302fb64387bf30f044d043ca5""]"
FMOD0040,ORiydwz3,mermod,Mermod,thatpreston,TARGET_MOD,MPL-2.0,"[""adventure"", ""fabric"", ""forge"", ""magic"", ""neoforge""]","[""adventure"", ""fabric"", ""forge"", ""magic"", ""neoforge""]",2428808,2021-03-31T14:50:55.558500+00:00,2026-08-09T09:15:21.188213+00:00,34,KGYXY6wf,4.0.2-fabric+1.21.11,2026-08-09T07:56:20.827541Z,mermod-fabric-4.0.2+1.21.11.jar,https://cdn.modrinth.com/data/ORiydwz3/versions/KGYXY6wf/mermod-fabric-4.0.2%2B1.21.11.jar,6d1d2a842ca5f487cc02499437a39a2c6b318973,c8356feb09a66b182fa66db7d01802f82a7ed40094236c1eaceb55a28fc40fd074c902644f2b136fa7932c1ef4501724046e6125effa39fdfb6d5106375ff918,"[""asBjkNgr"", ""iQFj7BaM"", ""oCv5DYNG""]","[""3.0.3-fabric+1.20.1"", ""4.0.1-fabric+1.21.11"", ""3.0.2-fabric+1.20.1""]","[""2026-08-09T07:51:17.777157Z"", ""2026-03-18T18:23:08.498494Z"", ""2026-03-16T14:39:47.462852Z""]","[""mermod-fabric-3.0.3+1.20.1.jar"", ""mermod-fabric-4.0.1+1.21.11.jar"", ""mermod-fabric-3.0.2+1.20.1.jar""]","[""https://cdn.modrinth.com/data/ORiydwz3/versions/asBjkNgr/mermod-fabric-3.0.3%2B1.20.1.jar"", ""https://cdn.modrinth.com/data/ORiydwz3/versions/iQFj7BaM/mermod-fabric-4.0.1%2B1.21.11.jar"", ""https://cdn.modrinth.com/data/ORiydwz3/versions/oCv5DYNG/mermod-fabric-3.0.2%2B1.20.1.jar""]","[""732aad4f36bf81989ce808cef9a19c2584a2fb8c"", ""7a731907cdb11c71e630b603abcdd6a1a5356d86"", ""8f8eacde24627c1113e089464da531e4edc4ea9a""]","[""ee06000e81b48090351b98372d51d3afeadd11784f6829959cf951bf35279db2f4146e029014e4648c7828bfab84d0ed269dca9bd42ecec5d1da22114c672b3b"", ""84b77fd65c81f94e41d67f78977a8ea2b4d7b653284af000976e788d1125b14c4a71fe050a48b81b38a2afe006e35ae87471904d363632a3a7bd7619971f6b6b"", ""28e0072408638c365b40be0bc2ad8fcd911193f0f689acaff70cf8b9d657cf071a09fe018c05629bbfa237c4a3ff635335acb68c57afb92bc090c9e977efc843""]"
FMOD0041,fc4wBpRx,catharsis,Catharsis,j10a1n15,TARGET_MOD,MIT,"[""fabric"", ""utility""]","[""fabric"", ""utility""]",1154280,2025-11-06T11:58:29.010918+00:00,2026-08-01T09:23:26.853132+00:00,48,6cxYQnad,1.0.0-beta.21,2026-08-01T09:23:27.396894Z,Catharsis-1.0.0-beta.21-26.2.jar,https://cdn.modrinth.com/data/fc4wBpRx/versions/6cxYQnad/Catharsis-1.0.0-beta.21-26.2.jar,bca9f015281b9ab1abb917b9562e0f67fe6cae50,85fe28d706ed175d9db77273e3d850ccffb1c2b0baf97cc9484d453efe30ef64ab3fe8b95f84f33ee74b4dbbebfaddaec6db345a6f4444c9c07890ae5b2606e6,"[""NfEUeWdz"", ""p20S0IgR"", ""kmbSTFww""]","[""1.0.0-beta.21"", ""1.0.0-beta.20"", ""1.0.0-beta.20""]","[""2026-08-01T09:23:14.093556Z"", ""2026-07-04T13:52:11.868752Z"", ""2026-07-04T13:51:56.921981Z""]","[""Catharsis-1.0.0-beta.21-26.1.jar"", ""Catharsis-1.0.0-beta.20-26.2.jar"", ""Catharsis-1.0.0-beta.20-26.1.jar""]","[""https://cdn.modrinth.com/data/fc4wBpRx/versions/NfEUeWdz/Catharsis-1.0.0-beta.21-26.1.jar"", ""https://cdn.modrinth.com/data/fc4wBpRx/versions/p20S0IgR/Catharsis-1.0.0-beta.20-26.2.jar"", ""https://cdn.modrinth.com/data/fc4wBpRx/versions/kmbSTFww/Catharsis-1.0.0-beta.20-26.1.jar""]","[""993503f7f78fe9577f4aa4db9c35fd022f127a2f"", ""80917f5afb7ef9ecf6e605528a1e93c8df16ae40"", ""9099d0ed4f6980ee831c36c942f69cb8ced30451""]","[""97930b3b00eaf4a6df874b248d6d2090ffedf8fc359682af6cfd5afe6cad2da75b73ad0675883712ae638e2963a14056d78580be21d1b714c5999c75728b40fc"", ""337ade0ccbf4e5b8000dcbd102b8975c83bfb4b969d5a5fc3fe2b8d0e5e8442d40c04989bfadbaee9c8e7092b9ef49140b9903f8f66f601cafb54efaea7e9814"", ""40608731d20ecc4506c43104d748dd24a76a1398ae0f808828017993fed178cff4f5b52462e6b18a965682d0c120d09a5d2cc396f8724432a9d0b7814d4c42ac""]"
FMOD0042,sBn7rVvc,tlib,TLib,iMeeTake,BACKGROUND_LIBRARY,MIT,"[""fabric"", ""forge"", ""library"", ""neoforge""]","[""fabric"", ""forge"", ""library"", ""neoforge""]",914993,2025-04-17T18:46:52.455471+00:00,2026-06-18T14:58:40.337852+00:00,33,Vq8A4nUG,1.5.0-26.2,2026-06-18T14:58:40.943762Z,tlib-fabric-1.5.0-26.2.jar,https://cdn.modrinth.com/data/sBn7rVvc/versions/Vq8A4nUG/tlib-fabric-1.5.0-26.2.jar,6409fd8b97a659705fc3faf37596047e9b4c8ba3,2ceb9f6cec3ccaef4fba01053ad8c0f90df1a0ef67d9a02150e36249c9d50f288c28ff966d68544cdcff923d30d247a5bf3be2f2e5b95f7d8de5d38ed5db14a2,"[""QByxiwXb"", ""xG2Tytwp"", ""A2LHY83S""]","[""1.5.0-26.1.2"", ""1.5.0-1.21.11"", ""1.5.0-1.21.1""]","[""2026-06-18T14:58:35.967616Z"", ""2026-06-10T11:07:47.409890Z"", ""2026-06-10T11:07:44.751267Z""]","[""tlib-fabric-1.5.0-26.1.2.jar"", ""tlib-fabric-1.5.0-1.21.11.jar"", ""tlib-fabric-1.5.0-1.21.1.jar""]","[""https://cdn.modrinth.com/data/sBn7rVvc/versions/QByxiwXb/tlib-fabric-1.5.0-26.1.2.jar"", ""https://cdn.modrinth.com/data/sBn7rVvc/versions/xG2Tytwp/tlib-fabric-1.5.0-1.21.11.jar"", ""https://cdn.modrinth.com/data/sBn7rVvc/versions/A2LHY83S/tlib-fabric-1.5.0-1.21.1.jar""]","[""0bb13ad50ef03ab3aa20e26269b320fe78668e6e"", ""14fe06eec12d3aa6f9f8eebc08fb5bf7c93744ca"", ""48f8d5095f2293f18f4a4d9a1c675795235b6353""]","[""f53377c2b3ad181ff11de5cc823de3ebfd5d1c3d27fc8b9b3dbaf5519cbb55efa8ff202395db7cbc3b0d5f68990400044a8345966a3320e3085eb862c9af9a42"", ""f39c8f762a3d98de3a69f1ade464c15dd03756dd2d9424aef2bb19ef2fcde97d9cad3832ef1b0727251e517a75616cfad958f6479349e55e0bbc0ab2760d4ff1"", ""6f85bc8273d622c3c4c6b21e75d825bc5cc515c2f5052a4b7b40e403710180bc9ffd21a9a30633adc0e433c2b70269a0229ccc810d678bedc3713792f342c2d3""]"
FMOD0043,McTtzw3T,peterwolfs-planes,PeterWolf’s Planes,peterwolfpl,TARGET_MOD,MPL-2.0,"[""fabric"", ""technology"", ""transportation"", ""utility""]","[""fabric"", ""transportation""]",2265,2026-07-01T20:48:20.472127+00:00,2026-08-09T17:25:32.779632+00:00,8,3UeSOcUh,1.1.14,2026-08-09T17:25:33.157983Z,peterwolfs-planes-1.1.14.jar,https://cdn.modrinth.com/data/McTtzw3T/versions/3UeSOcUh/peterwolfs-planes-1.1.14.jar,725b0559db1fcf255a01fbd4cb0686dd6400a992,fe0f0493723df67447eec76fbab5f78c5f98a063c4049f9d5f39ab5e84a3ec59a9b85ae5f83c9ffe5cf4478d518e3d3370ad90eba4638736ad8114ea9dd1666f,"[""qgxpksqw"", ""17W1BifB"", ""fyaeSQYg""]","[""1.1.13"", ""1.1.7"", ""1.1.6""]","[""2026-08-09T06:24:28.681415Z"", ""2026-08-04T04:15:38.576945Z"", ""2026-08-02T16:49:09.526575Z""]","[""peterwolfs-planes-1.1.13.jar"", ""peterwolfs-planes-1.1.7.jar"", ""peterwolfs-planes-1.1.6.jar""]","[""https://cdn.modrinth.com/data/McTtzw3T/versions/qgxpksqw/peterwolfs-planes-1.1.13.jar"", ""https://cdn.modrinth.com/data/McTtzw3T/versions/17W1BifB/peterwolfs-planes-1.1.7.jar"", ""https://cdn.modrinth.com/data/McTtzw3T/versions/fyaeSQYg/peterwolfs-planes-1.1.6.jar""]","[""3f76e2a5809e6cd9746865aec9e179bd8594a871"", ""d614431ce8368591fbafd529d963f4ab17ac9c56"", ""77f30267941cf0e208ea320a50624e99bdae880c""]","[""a559d7d3d50a0e82d0442924d069ad756dec995aec609c2d28028c95b98e3659e83b221b50e9a1f5c484c9177f814e08ac553eea79ac8199b384106f005e57f7"", ""8552fb93d14736a215e2277a0cfc62fd4bf47b2a4145b45a4ef1726f0587e4e8cc71b64eb1f154f91d70dd9591f3cc2823945154cc7ce4242cd3e4394b49edc3"", ""6238761e6c4572f9f4e6f2afbaaed74d21157491f80ca5a69fe3ebe695252a4dd08f6d058529911cda39c9b34cf2a1a6449649704852fd40084420161f2c8e4a""]"
FMOD0044,qlagXNJP,betterpiechartplus,BetterPieChart+,NameNotAllowed,TARGET_MOD,MIT,"[""fabric"", ""utility""]","[""fabric"", ""utility""]",279,2026-07-31T21:26:39.899214+00:00,2026-08-06T00:16:31.048933+00:00,4,3CFCpOfu,1.0.9,2026-08-06T00:16:31.388813Z,betterpiechartplus-1.0.9.jar,https://cdn.modrinth.com/data/qlagXNJP/versions/3CFCpOfu/betterpiechartplus-1.0.9.jar,376e9919c514b4f7b44ee7395f79b26e6ceb5bb7,61febc25a73c6f653ea558d5e6071999bfbe6976b8bb6c653bc364f49cddeea9866627d51c321a7ea2dc3d0685953207ac6e7faadb5f4ebd980ee2618f211cba,"[""mtRZjms7"", ""fz7xhfu5"", ""4o6d3Y7b""]","[""1.0.3"", ""1.0.1"", ""1.0.0""]","[""2026-07-24T14:49:33.690608Z"", ""2026-07-22T19:53:26.929470Z"", ""2026-07-22T16:34:06.748746Z""]","[""betterpiechartplus-1.0.3.jar"", ""betterpiechartplus-1.0.1.jar"", ""betterpiechartplus-1.0.0.jar""]","[""https://cdn.modrinth.com/data/qlagXNJP/versions/mtRZjms7/betterpiechartplus-1.0.3.jar"", ""https://cdn.modrinth.com/data/qlagXNJP/versions/fz7xhfu5/betterpiechartplus-1.0.1.jar"", ""https://cdn.modrinth.com/data/qlagXNJP/versions/4o6d3Y7b/betterpiechartplus-1.0.0.jar""]","[""21997dd739584b605b82c6ba7f6d3e996c873650"", ""1b2bdefad88fa44c33e101147a10f87193104d28"", ""357979db42b3337a03dcf35da0ebe30ab3f02978""]","[""128712b6a749ef012c6fafa1f106dd3134df0a83fdc87ff89ebd52ebac89afd446846ec99e9d8ee2b72ca2ff2311059845be2e71e6fb7971983e4654a9b06a46"", ""090b42944a119b9967a271e175144908e23ee41c46bb659d73796b2cc64dc2cbd7ced3509874ad1caf5d2c5821c2a062afdf31131d0e1fcce963e91b5a00767c"", ""014d706dc1608fcb01ad88ea237e721dd747683fbefdceac5f6f525a8645f551dbc3623f64e36ba9f73cfc699a2240009a5aab679c21b7032405353775e100ec""]"
FMOD0045,Obidptqg,frencores-totem-of-respite,Frencore's Totem of Respite,kezuwoo,TARGET_MOD,MIT,"[""equipment"", ""fabric""]","[""equipment"", ""fabric""]",144,2026-07-24T00:29:28.537672+00:00,2026-07-20T05:24:24.013330+00:00,8,56coRUxB,v1.0.0,2026-07-20T05:24:24.967471Z,totem-of-respite-1.0.0+mc26.2.jar,https://cdn.modrinth.com/data/Obidptqg/versions/56coRUxB/totem-of-respite-1.0.0%2Bmc26.2.jar,dbb9e7660129e0a7cb4f0a5e138b54e8f27707f1,64fd2a174a10ad65974bf4a01551d853c096314c62a638eb9dcb98ad92b28f6c6154627178169abc842e142d54332baf723b743c7fe967bf8c7b9bd01cc0ffde,"[""781PffMR"", ""zfwTwAkc"", ""33WdtXc3""]","[""v1.0.0"", ""v1.0.0"", ""v1.0.0""]","[""2026-07-20T05:24:03.272850Z"", ""2026-07-20T05:23:49.102808Z"", ""2026-07-20T05:23:34.326669Z""]","[""totem-of-respite-1.0.0+mc26.1.2.jar"", ""totem-of-respite-1.0.0+mc1.21.11.jar"", ""totem-of-respite-1.0.0+mc1.21.1.jar""]","[""https://cdn.modrinth.com/data/Obidptqg/versions/781PffMR/totem-of-respite-1.0.0%2Bmc26.1.2.jar"", ""https://cdn.modrinth.com/data/Obidptqg/versions/zfwTwAkc/totem-of-respite-1.0.0%2Bmc1.21.11.jar"", ""https://cdn.modrinth.com/data/Obidptqg/versions/33WdtXc3/totem-of-respite-1.0.0%2Bmc1.21.1.jar""]","[""68cc7a4b7bb87b6cf201b25ebf5a38b62e9bf26b"", ""cb3685947a46f60fc22d7b09e4c8ebb871ca0060"", ""663e696a683f2df4f7ad33c27061ab5483dfc862""]","[""38e85930c65061ebd77474de916aae0a4e0de3dde7746e3d5b02b9878db93932094a60605e82691d3550f9abc3858bd94237ada5b283e58adcc613eef7911664"", ""99495bde44a407393c89c8bb1d746030ab85b4ccfbbd9b19b291202863a517d73e91865c1e71e6bc80d2533fc47169523e50f8d498fe2dc5507819f0203a5af6"", ""acacaabf50fa4d4126bb9bb503763bd7646b263e62ec9d72e34bb6346708b0c04981f348a3462a1c6c92137009263f748d12bfdee15eb8123e12333e7fb1dcfe""]"
FMOD0046,yFqR0DNc,simpletms-tms-and-trs-for-cobblemon,SimpleTMs: TMs and TRs for Cobblemon,Dragomordor,TARGET_MOD,MPL-2.0,"[""adventure"", ""fabric"", ""forge"", ""game-mechanics"", ""neoforge"", ""utility""]","[""adventure"", ""fabric"", ""forge"", ""game-mechanics"", ""neoforge"", ""utility""]",4694846,2024-01-11T03:04:44.867723+00:00,2025-12-11T07:06:51.149037+00:00,17,uWiIETYV,2.3.3,2025-12-11T07:06:50.420577Z,SimpleTMs-fabric-2.3.3.jar,https://cdn.modrinth.com/data/yFqR0DNc/versions/uWiIETYV/SimpleTMs-fabric-2.3.3.jar,3433763bf6e20639213fd31a45da187968e61ffe,9998ff916f6b29931f46c326e57d10b08e43f0afc263033f73c69e20ed75f4d2bb14805df224d9b4cda3e63e96dcece94bb2730e8de3664fe6785cc96a557d52,"[""astNbbGG"", ""6Pmao7Jm"", ""sO1N59sM""]","[""2.3.2"", ""2.3.1"", ""2.3.0""]","[""2025-12-10T12:49:40.437055Z"", ""2025-12-09T20:33:04.975863Z"", ""2025-12-09T11:49:22.564803Z""]","[""SimpleTMs-fabric-2.3.2.jar"", ""SimpleTMs-fabric-2.3.1.jar"", ""SimpleTMs-fabric-2.3.0.jar""]","[""https://cdn.modrinth.com/data/yFqR0DNc/versions/astNbbGG/SimpleTMs-fabric-2.3.2.jar"", ""https://cdn.modrinth.com/data/yFqR0DNc/versions/6Pmao7Jm/SimpleTMs-fabric-2.3.1.jar"", ""https://cdn.modrinth.com/data/yFqR0DNc/versions/sO1N59sM/SimpleTMs-fabric-2.3.0.jar""]","[""6cbf57d7239ad12d14b5458d2f792d7d07657140"", ""145a29aa39a92dabb9b9cbf5be884af19deec8b9"", ""61d71deda0da74020e1346bd817010a39e001935""]","[""f8672293c2c5ed8953b7c8f79dfa5c32908196ae74d6b0266fea52cdd534de22c929e7272d3e38018638dab999bf48a7e8b15b5ec046c62b7d0878f929d18461"", ""d3d7c6ed20b20d11f77cce64d4fa55736a5780c27ef6c46b1713df293f4c889fe6985dad796714905b7319a684e05feaa30e1ec0d4b3bbbd1b1255d9cb3f181e"", ""54bc67403e4aeea0e512de56f6ff83515f70c3fc22870c01007cce308406b0eea8cd776858ffdf14ce0e1211d27764e1b34f45c32c0b66641499c05d6a25e9ed""]"
FMOD0047,9gx5Xvc5,simply-no-shading,Simply No Shading,StartsMercury,TARGET_MOD,MIT,"[""fabric"", ""utility""]","[""fabric"", ""utility""]",547021,2021-11-29T00:11:31.426713+00:00,2026-06-17T21:55:03.768328+00:00,462,BarZW3Es,8.0.0-alpha.5+mc26.2,2026-06-17T21:55:05.736855Z,simply-no-shading-8.0.0-alpha.5+mc26.2.jar,https://cdn.modrinth.com/data/9gx5Xvc5/versions/BarZW3Es/simply-no-shading-8.0.0-alpha.5%2Bmc26.2.jar,ee16e4c3c71e86b38056bd58f8d30b636e60df2a,9a6cd82c859361e42cac8a77b12f96fdba1e8b014f131b19468543c06e5d07dc27c70d2d0ed820eaf59b6d85098bcf7b74791476967a2c43ebc1744a82fbb9b7,"[""mBcdOr4A"", ""NrTQ8x1r"", ""viRKucPu""]","[""8.0.0-alpha.5+mc26.2-rc-2"", ""8.0.0-alpha.5+mc26.2-rc-1"", ""8.0.0-alpha.5+mc26.2-pre-6""]","[""2026-06-16T03:22:57.186322Z"", ""2026-06-16T03:17:46.728254Z"", ""2026-06-16T03:12:29.389932Z""]","[""simply-no-shading-8.0.0-alpha.5+mc26.2-rc-2.jar"", ""simply-no-shading-8.0.0-alpha.5+mc26.2-rc-1.jar"", ""simply-no-shading-8.0.0-alpha.5+mc26.2-pre-6.jar""]","[""https://cdn.modrinth.com/data/9gx5Xvc5/versions/mBcdOr4A/simply-no-shading-8.0.0-alpha.5%2Bmc26.2-rc-2.jar"", ""https://cdn.modrinth.com/data/9gx5Xvc5/versions/NrTQ8x1r/simply-no-shading-8.0.0-alpha.5%2Bmc26.2-rc-1.jar"", ""https://cdn.modrinth.com/data/9gx5Xvc5/versions/viRKucPu/simply-no-shading-8.0.0-alpha.5%2Bmc26.2-pre-6.jar""]","[""abdd31cf958b373b1350d438da97c891acde0b07"", ""0a633a16ea44e0230f2e1b3dea6b558454b6211e"", ""0c48d915a16670b47f99cfe1a2a207fcfeeb9e19""]","[""3214383c81bbed2ba10c94955de8be66a04384209fb658aa122e549095cfcc1ffd88758ea0986c25ee587fde456d3cfeb272e0bc2d7cac42e3258c2810a78bbd"", ""482348507a928007fe40e9f96d6ec3797859aae4760b147e9076685fee883ecd1c062aba3e49e8609565e22a066ac3a4700588d86fd5805731b223ee1849a6ea"", ""376e011720a58ef2a7f21162125d89aa026857be544e5525e19e31a2efa4e458ef465ce4326b9cb45501b5cbc80aa60a15de4c646ac3206a55c27cad680c1168""]"
FMOD0048,YFkuYUFq,world-alive,World Alive: Ambient birds and wildlife,DaGreazeMaster,TARGET_MOD,MIT,"[""adventure"", ""decoration"", ""fabric"", ""mobs""]","[""adventure"", ""decoration"", ""fabric"", ""mobs""]",1228,2026-07-30T04:00:45.926213+00:00,2026-08-08T09:39:04.475137+00:00,9,5UDCbMuI,1.2.0,2026-08-08T09:39:05.021962Z,world_alive-1.2.0+26.2-fabric.jar,https://cdn.modrinth.com/data/YFkuYUFq/versions/5UDCbMuI/world_alive-1.2.0%2B26.2-fabric.jar,6563a83d1a1eda75a4f5547315c7574f895eb94c,c6746212cee8babd430149c85aa607a7f0e9cae4bfa6f3bb1c5ddc8d9f1d1b419b3dd012a997d0a2ad5e39df8b82348779b76d265ab121096b579bd5999bc843,"[""89yyCFUX"", ""nZ59rf82"", ""C5PWbpKr""]","[""1.2.0"", ""1.2.0"", ""1.1.0""]","[""2026-08-08T09:38:46.836089Z"", ""2026-08-08T09:38:21.985411Z"", ""2026-08-01T00:21:55.640250Z""]","[""world_alive-1.2.0+26.1.2-fabric.jar"", ""world_alive-1.2.0+1.21.11-fabric.jar"", ""world_alive-1.1.0+26.2-fabric.jar""]","[""https://cdn.modrinth.com/data/YFkuYUFq/versions/89yyCFUX/world_alive-1.2.0%2B26.1.2-fabric.jar"", ""https://cdn.modrinth.com/data/YFkuYUFq/versions/nZ59rf82/world_alive-1.2.0%2B1.21.11-fabric.jar"", ""https://cdn.modrinth.com/data/YFkuYUFq/versions/C5PWbpKr/world_alive-1.1.0%2B26.2-fabric.jar""]","[""718c70c70a3428a4c2f2d249e66deeebd73fdc85"", ""6ec7a62377ac4cbf7b08eed9dce169693223558e"", ""ed623942361a141db3d5965459138f9ad6a8a40f""]","[""6d3772d7dd42cf3929380c4d95e3fce5c6ae5a451c99b5b4b3636ebff33ac0b791a6008f3712a5e4c0d3d8b4d95655ed3d9e6f2664946d60175173eaccbc0829"", ""2a7a2472e7966d5012de6252f1e24f8c2f2240f85233485d31869fe1d5a22f570304f52e6936465e4427efe47c2c0290f4284096d5b91937b06d6b3dc5129462"", ""47540e13a01eda7324402040922fa40181985f35d1e7b3d270d3558e24aac4763f139ae487e414b1bc894b79d381dd7c97531ba21e6c14ea30ab0a6c8f76a7f4""]"
FMOD0049,pvcsfne4,chefs-delight,Chef's Delight - Farmer's Delight Villagers,redstonegamesb,TARGET_MOD,MIT,"[""decoration"", ""fabric"", ""food"", ""forge"", ""mobs"", ""neoforge"", ""worldgen""]","[""decoration"", ""fabric"", ""food"", ""forge"", ""mobs"", ""neoforge""]",8096031,2023-05-04T21:23:46.889007+00:00,2026-04-06T19:52:30.051841+00:00,12,EXu0Q4KH,1.0.5-fabric-1.21.11,2026-04-06T19:52:30.747338Z,chefs-delight-1.0.5-fabric-1.21.11.jar,https://cdn.modrinth.com/data/pvcsfne4/versions/EXu0Q4KH/chefs-delight-1.0.5-fabric-1.21.11.jar,7848579a9cc8be4299de98010741e03edca7d4d8,cae5e68b53dde6cb9320d4ef33ca764fc69e52b64a3ce63c5f2aa75012430f3866e86401d0b0dea74b702a4ff9999e9bba5bdf28729ed68348afb3c75f6e758b,"[""XggiVYeE"", ""GueFYIHP"", ""tmSlH81b""]","[""1.0.5-fabric-1.21.10"", ""1.0.5-fabric-1.21.8"", ""1.0.5-fabric-1.21.5""]","[""2026-04-06T19:48:48.331378Z"", ""2026-04-06T19:45:19.489389Z"", ""2026-04-06T17:51:38.291941Z""]","[""chefs-delight-1.0.5-fabric-1.21.10.jar"", ""chefs-delight-1.0.5-fabric-1.21.8.jar"", ""chefs-delight-1.0.5-fabric-1.21.5.jar""]","[""https://cdn.modrinth.com/data/pvcsfne4/versions/XggiVYeE/chefs-delight-1.0.5-fabric-1.21.10.jar"", ""https://cdn.modrinth.com/data/pvcsfne4/versions/GueFYIHP/chefs-delight-1.0.5-fabric-1.21.8.jar"", ""https://cdn.modrinth.com/data/pvcsfne4/versions/tmSlH81b/chefs-delight-1.0.5-fabric-1.21.5.jar""]","[""5a00988e8e9a345383adc4c154f4f41bf61c23b3"", ""281a21e8ab549da8a07917dcf9f9710ea057c7cc"", ""e7bf96952f8e5bc3eff6a430df6d89c1b7b94190""]","[""dab3602ddf0dda9afefed534329c306c72a51e96d1bcb9119c836f4668862710afc82726c02f2996c947223323516f34f27777efbf78f3c3c789ef63045680c7"", ""3f0ee8319d69ea67cd18efae5b45882ba03e99226dbe19abb8fecf259ae690c26e446541a1fbf046d48655ec7d3b7e0b607b1bfab703961e5e1992f9a902d065"", ""d60b4388646bcb342b196864fa1e412916600d60ee8125907165ec796d4d108a23b881959183249855e2ca8fecc5113639bc4e19ba92aa23ef27ef0346247469""]"
FMOD0050,IvNJRZCq,smart-auto-mine,Smart Auto Mine,StefanBraun612,TARGET_MOD,MIT,"[""fabric""]","[""fabric""]",34,2026-08-07T23:18:45.848576+00:00,2026-08-12T01:14:04.002169+00:00,7,TkAoj0D0,A0.4.2,2026-08-12T01:14:04.360586Z,smartautomine-A0.4.2.jar,https://cdn.modrinth.com/data/IvNJRZCq/versions/TkAoj0D0/smartautomine-A0.4.2.jar,01cb5e7e01b96a39d4497c902cb2eedd21cdae3e,6a0f8a28f480c35225f4fde993975cc2c2655d114562a6bae58a82aa3a8f56678e92241df0839bba61cbc537a1e02513f2f15149632605cbff4dddf3c78e5ecf,"[""m7qcoBP2"", ""pXinlWxx"", ""8iqsxqzA""]","[""A0.4.1"", ""A0.4"", ""A0.3H1""]","[""2026-07-22T13:19:46.547309Z"", ""2026-07-20T19:23:21.088006Z"", ""2026-07-13T14:38:08.983321Z""]","[""smartautomine-26.2-A0.4.1.jar"", ""smartautomine-26.2-A0.4.jar"", ""smartautomine-26.2-A0.3H1.jar""]","[""https://cdn.modrinth.com/data/IvNJRZCq/versions/m7qcoBP2/smartautomine-26.2-A0.4.1.jar"", ""https://cdn.modrinth.com/data/IvNJRZCq/versions/pXinlWxx/smartautomine-26.2-A0.4.jar"", ""https://cdn.modrinth.com/data/IvNJRZCq/versions/8iqsxqzA/smartautomine-26.2-A0.3H1.jar""]","[""a66d23758ddc304869cafce8f1dfc4c522000ab2"", ""b42f205ea13e5fd81067c969077db88d2a50fcc9"", ""60bde49160d54754d4448381b9db0660d6bd71c5""]","[""495cfff4debcc92675a6461100ea160bce093dc9ea203089e973fe7a7835279670f3ba3b0547932acde59f87472d6e347c1547aaa4f2c4b76b45048e84fd2bfb"", ""68bc4b393023d5ab8fba0284309fa0f2ec39b4e97622d11dfab3c86f667085f95792c9ce0526310e879fee542c2bc320997e50d61c82f75b85f0991da73b4a36"", ""271d6495e00e4839780c6df3588f8a35b03889d23bff4119f0e12d17b28162d688c4713774d877b71fbb1bea1829e6678ba08ea5de93a1520d7dad3b9d52c614""]"
FMOD0051,c3Ja659P,contagion,Contagion - A Zombie Infection / Infectious Mod,PeteMC,TARGET_MOD,MIT,"[""cursed"", ""fabric"", ""food"", ""forge"", ""game-mechanics"", ""neoforge""]","[""cursed"", ""fabric"", ""food"", ""forge"", ""game-mechanics"", ""neoforge""]",191716,2024-05-24T21:40:39.501309+00:00,2026-08-03T19:23:47.970020+00:00,60,S7KVLOGn,2.1.2-Fabric-mc26.2,2026-08-01T13:16:19.428795Z,Contagion-2.1.2-Fabric-mc26.2.jar,https://cdn.modrinth.com/data/c3Ja659P/versions/S7KVLOGn/Contagion-2.1.2-Fabric-mc26.2.jar,9d05f4824a73484e26fa6ba1f2f4ab53ecdfe4e6,d1217f4921dfeed3bff5b60b57f0a8362663fabd2015e40cef342d47600357ea03c73073fb339101d5248935d6ba34bc2dc31dfce4c4d1aa07d495fa73be19ba,"[""wOfJFFGH"", ""jnH2yN9z"", ""3gPteH7H""]","[""2.1.2-Fabric-mc26.1"", ""2.1.2-Fabric-mc1.20"", ""2.1.2-Fabric-mc1.21""]","[""2026-08-01T13:05:19.514946Z"", ""2026-08-01T12:45:42.821844Z"", ""2026-08-01T12:31:26.543141Z""]","[""Contagion-2.1.2-Fabric-mc26.1.jar"", ""Contagion-2.1.2-Fabric-mc1.20.jar"", ""Contagion-2.1.2-Fabric-mc1.21.jar""]","[""https://cdn.modrinth.com/data/c3Ja659P/versions/wOfJFFGH/Contagion-2.1.2-Fabric-mc26.1.jar"", ""https://cdn.modrinth.com/data/c3Ja659P/versions/jnH2yN9z/Contagion-2.1.2-Fabric-mc1.20.jar"", ""https://cdn.modrinth.com/data/c3Ja659P/versions/3gPteH7H/Contagion-2.1.2-Fabric-mc1.21.jar""]","[""a6ad4dfdcb7ea1ef1644c2ae14148735bf9cc39b"", ""9ebcf55286c4153ca49739ce1a9ed11a5e6e4dfa"", ""a452b731b6986214a0de7ce5f96161685940f575""]","[""06ef1b6c89771e3f134548133863b60c36809ead65c6afad048646345cd9f9f48c1848b94f2e3515f2457e89f9cbda653f2c2f9f7744a00c70477f71dc97b4b2"", ""345b69d03a765d1455771924cfd932495b138d7fdfe3f340187d433982d974a799dcde66623912d10b4730d7d66f65f1323bd5d8717119e5a57fa547be0d4377"", ""68d974ac75246def812b5782a9c9dff0729f520c208db7d03113e4f30aff6d96e69565996843e7316a04b462da4e1ec65d6634d5e8110bfc59df68d5332caf07""]"
FMOD0052,qmoqnCEi,armortoolsmiths-overhaul,armor/toolsmiths-overhaul,retr0X_X,TARGET_MOD,MIT,"[""fabric""]","[""fabric""]",14,2026-08-07T00:56:33.791973+00:00,2026-07-31T20:33:15.512317+00:00,7,cZWjJMol,3.1.0,2026-07-31T20:33:15.884138Z,armortoolsmiths-overhaul-3.1.0.jar,https://cdn.modrinth.com/data/qmoqnCEi/versions/cZWjJMol/armortoolsmiths-overhaul-3.1.0.jar,8982acfd1196025b9acb5fb019e1dec8eebd7ff1,14140fdd7a76a0eaae277b995746a2afceee3f361b1013ff868e347c59de745723a41414f806e99bfee9e15f7f91621cf6d9dec72dcc0a36e784ac53fc94873a,"[""EULraVcl"", ""xqeOPHTm"", ""wsfQ6bXJ""]","[""3.0.0"", ""2.0.2"", ""2.0.0""]","[""2026-07-31T15:22:43.720238Z"", ""2026-07-31T10:39:35.157308Z"", ""2026-07-29T18:57:48.620814Z""]","[""armortoolsmiths-overhaul-3.0.0.jar"", ""armortoolsmiths-overhaul-2.0.2.jar"", ""armortoolsmiths-overhaul-2.0.0.jar""]","[""https://cdn.modrinth.com/data/qmoqnCEi/versions/EULraVcl/armortoolsmiths-overhaul-3.0.0.jar"", ""https://cdn.modrinth.com/data/qmoqnCEi/versions/xqeOPHTm/armortoolsmiths-overhaul-2.0.2.jar"", ""https://cdn.modrinth.com/data/qmoqnCEi/versions/wsfQ6bXJ/armortoolsmiths-overhaul-2.0.0.jar""]","[""7d694fc51d3a39b0af6cde920400a824166b363e"", ""29a0c4d2fed5ec9cbbcdaebf991e0dc884d47ea6"", ""90bc3a0137b3915a1d3722b9fdd342e78f70c911""]","[""1e81d533f72ae5062aa7f2b823039f2a634c00198692baca7341253341e302d5a67b55f36c7c12b87ac56aecf3fbbb9625d8e8dac2a87bfe17d8107b5ba7d82c"", ""9aac2ffea3cfc89d5f95fe45b992b8f7daa61a04e5540d7b9f7e61a08ffe9932065c30ecd4b7e8caeae4d43b292d35b1a36998081f6c0720f42b8276aae3a0af"", ""b510a3dd270d93bfd4b7d6450cb4be926ff05502a368ecba8eee2708a9f962d14cfb16d76d390610827d218dee7c10e63eb8d3ed64e0395006f178d307034bd1""]"
FMOD0053,laNoi025,screenshot-viewer,Screenshot Viewer,LGatodu47,TARGET_MOD,MIT,"[""fabric"", ""forge"", ""game-mechanics"", ""neoforge"", ""utility""]","[""fabric"", ""forge"", ""neoforge"", ""utility""]",3510714,2023-06-22T15:50:24.467599+00:00,2026-06-30T11:15:29.226412+00:00,23,id6Yni9S,26.2-fabric-1,2026-06-26T08:34:15.231696Z,screenshot_viewer-1.3.6-fabric-mc26.2.jar,https://cdn.modrinth.com/data/laNoi025/versions/id6Yni9S/screenshot_viewer-1.3.6-fabric-mc26.2.jar,ccd3442c409bc4ea69d1b73db165c534e47ac05e,97b657caf23599cc3e22f87285bcf8a6e3461eb47f37f3d54f8b1135d1f26b57361fba9c63b9833455bda97adeff717dfb5cff201dc1dd4e83e7dde49386c269,"[""vB9Q7HEA"", ""gTF5QTWo"", ""F3g7u9VM""]","[""26.1x-fabric-1"", ""1.21.11-fabric-2"", ""1.21.11-fabric-1""]","[""2026-06-25T07:57:57.149747Z"", ""2026-06-24T13:58:33.824173Z"", ""2026-06-23T20:47:17.289886Z""]","[""screenshot_viewer-1.3.5-fabric-mc26.1x.jar"", ""screenshot_viewer-1.3.5-fabric-mc1.21.11.jar"", ""screenshot_viewer-1.3.4-fabric-mc1.21.11.jar""]","[""https://cdn.modrinth.com/data/laNoi025/versions/vB9Q7HEA/screenshot_viewer-1.3.5-fabric-mc26.1x.jar"", ""https://cdn.modrinth.com/data/laNoi025/versions/gTF5QTWo/screenshot_viewer-1.3.5-fabric-mc1.21.11.jar"", ""https://cdn.modrinth.com/data/laNoi025/versions/F3g7u9VM/screenshot_viewer-1.3.4-fabric-mc1.21.11.jar""]","[""4abdbaf1577f5397ae7edc88a5d38f29d03f22d3"", ""b7a768081be40296971130588a785ed7efc5642c"", ""36de072277ad6a0527eb4cc8c82832968cd7785e""]","[""589e4c0ab1afd1c33d7644032b5689bce87effa49eb2cc577e771c05493c482703913eefdfc7fa456a467d8406d1a16944999fc045b063bd82397d7a94a35c89"", ""57048aa69c8062b470dd49447845888507a48a869683b630f292241b287cb0af18a30cedfd74e5035972e452ce599bb447737d33aff6b2c7a688d33fb2b2f20e"", ""61c5083080ad305d28b1da55513347cb1787014da6731f97eaa7f11b161c41f1bdfbfe7b6db66e029a6a32d0eec923eb8fd2daad78b098ff3be0ab401f13ae2e""]"
FMOD0054,Jq3V0WGv,player-highlighter-mod,Player Highlighter,lyuwenhan,TARGET_MOD,MIT,"[""fabric"", ""social"", ""utility""]","[""fabric"", ""social"", ""utility""]",8044,2026-01-31T01:51:52.455910+00:00,2026-08-03T16:15:40.436847+00:00,14,Xk6jZEPT,1.1.3,2026-08-03T16:15:40.774811Z,player-highlighter-1.1.3.jar,https://cdn.modrinth.com/data/Jq3V0WGv/versions/Xk6jZEPT/player-highlighter-1.1.3.jar,9f6b1e9f3c82efd3bc095ebcfe96050ca5536945,7497aef2259c7da59fa9467dcfc43e68d53660f97b09ae7366ab013c18b9271fdb4f40e9dc0c3bd82bb204c5cc43f4c739c29362301efcc6424031f767d60e76,"[""CSD0a4JG"", ""mTr3ZiqZ"", ""NQ8mzQw2""]","[""1.1.3"", ""1.1.2"", ""1.1.1""]","[""2026-07-19T23:22:45.051120Z"", ""2026-07-14T22:05:32.652210Z"", ""2026-06-22T16:59:53.475266Z""]","[""player-highlighter-1.1.3.jar"", ""player-highlighter-1.1.2.jar"", ""player-highlighter-1.1.1.jar""]","[""https://cdn.modrinth.com/data/Jq3V0WGv/versions/CSD0a4JG/player-highlighter-1.1.3.jar"", ""https://cdn.modrinth.com/data/Jq3V0WGv/versions/mTr3ZiqZ/player-highlighter-1.1.2.jar"", ""https://cdn.modrinth.com/data/Jq3V0WGv/versions/NQ8mzQw2/player-highlighter-1.1.1.jar""]","[""5799b06f1107de8de14527e7deb96ad057da65db"", ""23753ee458ffd0b10a191d1febafa8d372d4f9d3"", ""3b4ba8696620aaf1759e949ea3eeb92db91e3418""]","[""e37dc14104953c52aee4febdc058e9aa80d2b8e5ece42fd8375d0276abfaf537b89b92986f13a5fb756586e489dafdab89e172cd3ac08bb2186a2a3696cda3af"", ""924cdb6f34231b903487c7999f58991e77851eb96dcdd0b970b4c0c0d3b04dd2065a92d1a1edec47d9d876d82f52ef8d3383765a5845a29c1b0e0c8b6cb90495"", ""d3a1bd0cea75203d6b3cb0becf0678750c743f343643cc49de38059c47a726c1d08a8763d02aca04868d99ac1fab78445fa690930da5314697f1efdc91d0553a""]"
FMOD0055,n2f1HbK8,cobblemon-smartphone,Cobblemon Smartphone,RapidMesck,TARGET_MOD,MIT,"[""fabric"", ""neoforge"", ""utility""]","[""fabric"", ""neoforge"", ""utility""]",1480622,2025-02-19T02:14:24.739155+00:00,2026-08-07T15:07:47.416266+00:00,15,w7JqnSrT,1.1.3,2026-08-07T15:07:00.003488Z,cobblemon_smartphone-fabric-1.1.3.jar,https://cdn.modrinth.com/data/n2f1HbK8/versions/w7JqnSrT/cobblemon_smartphone-fabric-1.1.3.jar,bae2d814677f4cda46e3a53aedaa3cb2e79c553f,83f0cd406c1c42911290a566b83b3bf6db60675b893106603cd0c3a52c3bbcd78223965d79ff3900020da264a90c91eec423d039c708f3762f0fb6a6817be05b,"[""IlZ44NoT"", ""KkQzzHhm"", ""hmTUVDVo""]","[""1.1.2"", ""1.1.1"", ""1.1.0""]","[""2026-07-16T15:12:41.941929Z"", ""2026-07-14T11:35:36.672085Z"", ""2026-07-10T21:07:11.337071Z""]","[""cobblemon_smartphone-fabric-1.1.2.jar"", ""cobblemon_smartphone-fabric-1.1.1.jar"", ""cobblemon_smartphone-fabric-1.1.0.jar""]","[""https://cdn.modrinth.com/data/n2f1HbK8/versions/IlZ44NoT/cobblemon_smartphone-fabric-1.1.2.jar"", ""https://cdn.modrinth.com/data/n2f1HbK8/versions/KkQzzHhm/cobblemon_smartphone-fabric-1.1.1.jar"", ""https://cdn.modrinth.com/data/n2f1HbK8/versions/hmTUVDVo/cobblemon_smartphone-fabric-1.1.0.jar""]","[""97c44115d08b754acf8cd787924113d827aca987"", ""1e517ce8e466c17610abeb0088eb6d1d13e0dee4"", ""cc11968cf71c85f525f0e5684755e74f6a531285""]","[""de928e04129d23068219aae93f16cf2a31e140464a6040315419eea393dab73cdea13ad776113f32dcdbd1bf1dce05a6d5c36368facf71f9ed436f109d3c58c1"", ""dbef37e4f70b8a3d0918aed4ec6c2fc349f93e397983f5a3d048cafef03a97a7ec4b82ae8cc0667fcd42a8bcfc9c2f6ecb41f352dd0a91ed5a9fd30fbcade588"", ""3f74339d23c848fd64066694f856b73c974084847331da7dc28c07afbf5d0cf01d878bee782cae5782896f804a486b40bcf570d3162f619bdda80ed6072a8ad0""]"
FMOD0056,kcGm0YBV,better-revive,Better Revive,MrStilu2k6,TARGET_MOD,MIT,"[""adventure"", ""fabric"", ""forge"", ""game-mechanics"", ""magic"", ""management"", ""neoforge"", ""storage"", ""utility""]","[""adventure"", ""fabric"", ""forge"", ""game-mechanics"", ""neoforge""]",1367,2026-04-09T02:46:29.281373+00:00,2026-08-11T15:36:18.478023+00:00,24,BjepHnIM,2.2.0,2026-08-11T15:28:48.053650Z,Better Revive - 2.2.0 - Fabric - 1.21.1.jar,https://cdn.modrinth.com/data/kcGm0YBV/versions/BjepHnIM/Better%20Revive%20-%202.2.0%20-%20Fabric%20-%201.21.1.jar,9a8dc090363f7b03063ae6bcdf9ba1db0fabcf05,fb85e319bf0dfe9d1b2a8d9f21c11312b7b51bd9f44654b56de851bbcaa9f2c6ca0653b2fdbe56ecb772191a9a47da9c2277f4c0de43a227d608058527784988,"[""9YJCuU3X"", ""vJxaO6H1"", ""3szZLENi""]","[""2.2.0"", ""2.2.0"", ""2.2.0""]","[""2026-08-11T15:14:45.274955Z"", ""2026-08-10T21:24:14.300547Z"", ""2026-08-10T21:12:08.050348Z""]","[""Better Revive - 2.2.0 - Fabric - 26.1.jar"", ""Better Revive - 2.2.0 - Fabric - 26.2.jar"", ""Better Revive - 2.2.0 - Fabric - 1.20.1.jar""]","[""https://cdn.modrinth.com/data/kcGm0YBV/versions/9YJCuU3X/Better%20Revive%20-%202.2.0%20-%20Fabric%20-%2026.1.jar"", ""https://cdn.modrinth.com/data/kcGm0YBV/versions/vJxaO6H1/Better%20Revive%20-%202.2.0%20-%20Fabric%20-%2026.2.jar"", ""https://cdn.modrinth.com/data/kcGm0YBV/versions/3szZLENi/Better%20Revive%20-%202.2.0%20-%20Fabric%20-%201.20.1.jar""]","[""47cd3fd7343af801d9ff2c9a2677870f9dc51761"", ""1bb1627d2aa59c4bb6b31d6db0856be1267c1cfd"", ""51d262df710bf729617ccd9976f608ab73e9d4da""]","[""003b076e3c813db0b1a94eac13654c3fce531d5e5bf65474f90bca75d384698f34580d86a4aac8edcdfef9492ad056550a32737e3a6a666ef9902639904e3e21"", ""5c6b497eb42317119b410c707f05b1aa4c34dafc441111f48a4b4382e71900d5a7e552618c2905fa0ccbd3e42d0fe7bbd6b5c02fdc4b135bd059addcfb5c8f24"", ""978b3992c1d8f60c3b7608d21ad97e7867ce40d49b566051fd6ed3c195ef6ed101bb68878717f801069c0232bb42d2487c9900f2b2555932abb76de5ac90c2cc""]"
FMOD0057,NK39zBp2,blur-plus,Blur+,Motschen,TARGET_MOD,MIT,"[""decoration"", ""fabric"", ""neoforge"", ""quilt""]","[""decoration"", ""fabric"", ""neoforge"", ""quilt""]",10037476,2021-01-01T13:59:20.481841+00:00,2026-06-29T09:52:22.548271+00:00,76,gDZKYlR7,6.3.1+26.2-fabric,2026-06-29T09:52:23.062679Z,blur-fabric-6.3.1+26.2.jar,https://cdn.modrinth.com/data/NK39zBp2/versions/gDZKYlR7/blur-fabric-6.3.1%2B26.2.jar,d1e143b8fa51ee8e8e7d11046508771528791265,70eb925878f030901efc4aaa7212ed87f411bc4c7b25021c313724f5fddafc220c83383b68389d428be19ee01016cd17d8686ca7978fba8b769a43e5acd5643c,"[""4EVZYUqp"", ""uWg4m1x5"", ""43qbjsIi""]","[""6.3.1+26.1-fabric"", ""6.3.1+1.21.8-fabric"", ""6.3.1+1.21.1-fabric""]","[""2026-06-29T09:52:22.630972Z"", ""2026-06-29T09:52:22.503376Z"", ""2026-06-29T09:52:20.760461Z""]","[""blur-fabric-6.3.1+26.1.jar"", ""blur-fabric-6.3.1+1.21.8.jar"", ""blur-fabric-6.3.1+1.21.1.jar""]","[""https://cdn.modrinth.com/data/NK39zBp2/versions/4EVZYUqp/blur-fabric-6.3.1%2B26.1.jar"", ""https://cdn.modrinth.com/data/NK39zBp2/versions/uWg4m1x5/blur-fabric-6.3.1%2B1.21.8.jar"", ""https://cdn.modrinth.com/data/NK39zBp2/versions/43qbjsIi/blur-fabric-6.3.1%2B1.21.1.jar""]","[""50522c0e05318b507ea63b72455eba4554c5b47a"", ""6cd4e0b39dee90d5ce19959d68199f8fe4f13049"", ""011d2c7e8afec72535f2934a7ab1a98bb64855cf""]","[""aa102ca589392e26cdb31429ba8296d38eeadd012f4a9cc8ad46b7d75648c97227e041854a7ed260f809f3bc19d757bf13b3fe8ba12aa5dcc24c2ece624d3999"", ""147f125f55890bd7a9341c8b59d938d1d46730e9aa5d9e8707b3ba5ed1a854814eb5b3703617c9c320dd9f5db0d5761294bafff1a6aa974f478ff5d659465858"", ""9d1ffe9a8ee519302b4399c3602a1074c093695795ac12a97dd48d6fb49fedd7623eda42894ec187d6944ad2ddb6c3a637fd6b6ec9a61c6e8872f95416ee7ef0""]"
FMOD0058,DbLWxVRd,colorlight,ColorLight,Hikmen,TARGET_MOD,MIT,"[""adventure"", ""decoration"", ""fabric"", ""game-mechanics"", ""technology"", ""utility""]","[""adventure"", ""fabric"", ""game-mechanics"", ""technology""]",768,2026-08-03T20:54:57.478149+00:00,2026-08-08T19:49:24.870561+00:00,21,ZqL3lYhV,ColorLight-26.2-0.1.1,2026-08-08T19:49:25.191109Z,colorlight-26.2-0.1.1.jar,https://cdn.modrinth.com/data/DbLWxVRd/versions/ZqL3lYhV/colorlight-26.2-0.1.1.jar,6d8da64b92d4858a2c672baaba53cad14a1a791f,84a8b899302121b26169ce87a5027ce662a1f1084ae7eb181e84dade63d9b9de03b708b1f3e0c6cd21271983a6289b00cfc537ddac42627fb9905c06d43a5413,"[""XqO85sSY"", ""iQzRWoPW"", ""jKY9OBmI""]","[""ColorLight-26.x-0.1.1"", ""ColorLight-1.21.11-0.1.1"", ""ColorLight-1.21.1-0.1.1""]","[""2026-08-08T19:48:25.190593Z"", ""2026-08-08T19:46:42.444356Z"", ""2026-08-08T19:45:10.645250Z""]","[""colorlight-26.1.2-0.1.1.jar"", ""colorlight-1.21.11-0.1.1.jar"", ""colorlight-1.21.1-0.1.1.jar""]","[""https://cdn.modrinth.com/data/DbLWxVRd/versions/XqO85sSY/colorlight-26.1.2-0.1.1.jar"", ""https://cdn.modrinth.com/data/DbLWxVRd/versions/iQzRWoPW/colorlight-1.21.11-0.1.1.jar"", ""https://cdn.modrinth.com/data/DbLWxVRd/versions/jKY9OBmI/colorlight-1.21.1-0.1.1.jar""]","[""fac022ac02efb62dcfc14eac041a1b43fc7d4776"", ""5ab42da1212df7d48d69e6697b2b760bdd79e8e0"", ""5409e5c20acb3599da1f24de879dd1c494bbfcd6""]","[""6d72cea0af2367d6ae158d6a6cefc7e6502337359465fdedd5bcb29682602535ad22f56d31251ef39507e518978bb6561693ca3191c88b6a214ad327ff781771"", ""f5329eb3c5fa4098546b94b732637da001a0f423c16607180e5daf0ad9a82355da1469fced5e462c152597437ec893ce8b25789a1e024e81bcabf3f5083cf5af"", ""28826821d8f4a74257959f0db9d12bb12305ae4511c72be25cef8a3a0d5a4aa4e2559bc629d5bde3e8ebdbda8b00e004ac5799d6d92ecf5a8dd90ff34d709cd1""]"
FMOD0059,rey0tGe0,fertile-grounds,Fertile Grounds,Adi-UA,TARGET_MOD,MIT,"[""fabric"", ""food"", ""utility""]","[""fabric"", ""food"", ""utility""]",89,2026-07-31T20:42:20.181388+00:00,2026-08-02T09:01:04.189844+00:00,7,F1Uk5aic,1.1.0+1.21.11,2026-08-02T09:01:04.558350Z,fertilegrounds-1.1.0+1.21.11.jar,https://cdn.modrinth.com/data/rey0tGe0/versions/F1Uk5aic/fertilegrounds-1.1.0%2B1.21.11.jar,0ab907d3160fb189b3701bb781251dbf516c822b,f1604377c8b6ad4510cec4d72ffb41355c96510f2594fd8239aeffc7efebbc241ccc8428c2895d7c5e1c1cd498120e519c75de24e45e04ae9008276ff68665a0,"[""obU74Dmf"", ""U79THZ8I"", ""rM6wKV1h""]","[""1.1.0+1.21.10"", ""1.1.0+26.2"", ""1.1.0+26.1""]","[""2026-08-02T09:00:31.283083Z"", ""2026-08-01T18:46:15.115952Z"", ""2026-08-01T18:45:29.614794Z""]","[""fertilegrounds-1.1.0+1.21.10.jar"", ""fertilegrounds-1.1.0+26.2.jar"", ""fertilegrounds-1.1.0+26.1.jar""]","[""https://cdn.modrinth.com/data/rey0tGe0/versions/obU74Dmf/fertilegrounds-1.1.0%2B1.21.10.jar"", ""https://cdn.modrinth.com/data/rey0tGe0/versions/U79THZ8I/fertilegrounds-1.1.0%2B26.2.jar"", ""https://cdn.modrinth.com/data/rey0tGe0/versions/rM6wKV1h/fertilegrounds-1.1.0%2B26.1.jar""]","[""3ff87bf9f999335cd29808aec9776c9aa7628a80"", ""1780f8856065f7336e32759aad0279458debeea3"", ""73224b4ebc5ce8adfd0adf7e1aa2d46503ed223d""]","[""637d96434d5232e4182f5ca3fc8ec315b685912966bf3ef63d855af209dcc7a92fc1b7de5bc03f3da599fd0cd8d38a19d7ac74b5a36f0860efc896834a8cfb00"", ""d8ab2560c447aa9dbf7fc37c979a6ccb6d6813df3453c6456f4c81ef592c242cd9828fe22bfcccb03db1ef1bffafa8814938c10c76d8d553dc32cde0ba28a386"", ""eb42d2ddc321dba90f74e52a545f45b1b5d832c6940f7c21854d736399906e58073da489913e6cff4a242269b2762cb1c3a3a6e72c2e2de2779b2c11748a7fef""]"
FMOD0060,Y3gzAm57,tech-reborn-new-upgrades,Tech Reborn New Upgrades,Xurceo,TARGET_MOD,MIT,"[""fabric"", ""technology"", ""utility""]","[""fabric"", ""technology"", ""utility""]",496,2026-04-29T23:39:36.218266+00:00,2026-08-02T02:42:07.791575+00:00,4,GZ1uvjI6,1.1.0,2026-08-02T02:42:08.741766Z,trnewupgrades-1.1.0.jar,https://cdn.modrinth.com/data/Y3gzAm57/versions/GZ1uvjI6/trnewupgrades-1.1.0.jar,5bd99f82ef28c8402229e4c489dec278a5945315,ddd2454bae9277dc0e76db5c1e5b579076a6d0c04a95b6dacc80e7ee74e1b604b7fac0468a6198ac83d26d34ebbdf9eebb7350d13fcc62baa3908b8c1f36f781,"[""EiYu5mEW"", ""iQQ4PiWC"", ""AjOoL4Yc""]","[""1.0.2"", ""1.0.1"", ""1.0.0""]","[""2026-05-05T00:47:23.899303Z"", ""2026-04-26T16:10:07.905140Z"", ""2026-04-24T14:23:14.919616Z""]","[""trnewupgrades-1.0.2.jar"", ""trnewupgrades-1.0.1.jar"", ""trnewupgrades-1.0.0.jar""]","[""https://cdn.modrinth.com/data/Y3gzAm57/versions/EiYu5mEW/trnewupgrades-1.0.2.jar"", ""https://cdn.modrinth.com/data/Y3gzAm57/versions/iQQ4PiWC/trnewupgrades-1.0.1.jar"", ""https://cdn.modrinth.com/data/Y3gzAm57/versions/AjOoL4Yc/trnewupgrades-1.0.0.jar""]","[""115f67fba00ac7970e6cc33f7b6c4ea017bd645d"", ""de846240a6a9dc79460c2f207c1ef97e62fde7bf"", ""bba4a640d50389dccfc992bdf8345a871023c123""]","[""751d597ff8a4bdee8a506b134417f2851f85e4a64b3851db80a6e5dde2a96dc2950505ea42142b94919d82340f892dd9e7d30bbe98c2757e70b64e8625aef1e1"", ""76a1985db4eebad16b02f58c0419e4cfeba40880178ac07618de8a94d46dd5b1c4d8a37bb4119ad745d81e544e379403287611cce4f9d8718a70821406c6768b"", ""d011a579d8b551cdfcf2abc2644927d73d67ceb0ca8583da9a3f33ebee2cd4a0afb5ece76bf850d8def05308d12870e8b6b3b7ffc19ca04d6b18177fb4e0c1f2""]"
FMOD0061,Zkk0brtY,narratless,Narratless • Disable Narrator,DevPieter,TARGET_MOD,MIT,"[""fabric"", ""management"", ""optimization"", ""utility""]","[""fabric"", ""management"", ""utility""]",750,2025-07-20T05:41:53.230495+00:00,2026-08-06T15:57:16.296120+00:00,6,WoZRjFKz,1.2.0+26.2-26.2,2026-08-06T15:57:16.686424Z,Narratless-1.2.0+26.2-26.2.jar,https://cdn.modrinth.com/data/Zkk0brtY/versions/WoZRjFKz/Narratless-1.2.0%2B26.2-26.2.jar,eacfefdd45410c486b303d671927a05be91b19b0,a895c9f004e8d6c731571000dd7674d169fcd4ff9ace0f2ed09b02f9ccf89a0848416cbbf59444a85669c1ee29d563eb29ce57dfc989aa1c01c9e59eb8c4e5c2,"[""ml0uS7y5"", ""xDUfCCkw"", ""OXoScrMt""]","[""1.2.0+26.1-26.1.2"", ""1.1.0+1.21.9-1.21.11"", ""1.0.3+1.21-1.21.8""]","[""2026-08-06T15:56:52.089452Z"", ""2026-02-28T14:54:20.297790Z"", ""2025-07-18T16:43:22.682491Z""]","[""Narratless-1.2.0+26.1-26.1.2.jar"", ""Narratless-1.1.0+1.21.9-1.21.11.jar"", ""Narratless-1.0.3+1.21-1.21.8.jar""]","[""https://cdn.modrinth.com/data/Zkk0brtY/versions/ml0uS7y5/Narratless-1.2.0%2B26.1-26.1.2.jar"", ""https://cdn.modrinth.com/data/Zkk0brtY/versions/xDUfCCkw/Narratless-1.1.0%2B1.21.9-1.21.11.jar"", ""https://cdn.modrinth.com/data/Zkk0brtY/versions/OXoScrMt/Narratless-1.0.3%2B1.21-1.21.8.jar""]","[""29650f67dfa4fd3c56ba772470fe1d4a0eb00846"", ""060697ceade0a368bf8c75af05498b850aa112ff"", ""5aa1cbb5fb47c18bcdd35d3f8afd8455033814be""]","[""8aecb140a7bec93464f1ff65b87e40dc9deac3e6c1a5cdabf893f59bf7ecb5121e2a4c219491617dc1868681b22128da6ef547535d00bc5f1a681f913dd699db"", ""cf5b96c67cc2f2ddf73cfbecd9aacb301e4e86363d59aeace9ef56899bf75769ddeadc97ef683edf6b0f75bc47fa6aeb14adf9ab681f29e93e3cfb0674027abb"", ""5b94dce154eda08f86a7d34c04648d70d00635b982532ad9dce46e5db9942893adbc21603a961cce1ecad611edb64e11c8b7969b6bacd9d7da1a7e28482177e4""]"
FMOD0062,X0Lnj8M8,chat-utilities,Chat Utilities,rd5ey24d1ae,TARGET_MOD,MIT,"[""fabric"", ""social"", ""utility""]","[""fabric"", ""social"", ""utility""]",168,2026-05-31T11:42:33.099639+00:00,2026-08-09T00:36:58.556265+00:00,10,NvffA9B4,2.2.3,2026-08-09T00:36:58.976368Z,Chat-Utilities-2.2.3.jar,https://cdn.modrinth.com/data/X0Lnj8M8/versions/NvffA9B4/Chat-Utilities-2.2.3.jar,0826f044df525f41e14f861e33b5beabc2055537,d20ba787db5efbc3755c28471fc790969f93aa3b621533e115fe37e6dc369c9731d7c644c5962d6653903c19ac987a7943e7b2067949596a040a549fcaf107de,"[""EKw5vPNO"", ""deTBUfYG"", ""apVobsif""]","[""2.2.2-hotfix"", ""2.2.2"", ""2.2.1""]","[""2026-07-25T18:01:02.904037Z"", ""2026-07-25T17:24:07.891391Z"", ""2026-07-25T01:05:06.199616Z""]","[""Chat-Utilities-2.2.2-hotfix.jar"", ""Chat-Utilities-2.2.2.jar"", ""Chat-Utilities-2.2.1.jar""]","[""https://cdn.modrinth.com/data/X0Lnj8M8/versions/EKw5vPNO/Chat-Utilities-2.2.2-hotfix.jar"", ""https://cdn.modrinth.com/data/X0Lnj8M8/versions/deTBUfYG/Chat-Utilities-2.2.2.jar"", ""https://cdn.modrinth.com/data/X0Lnj8M8/versions/apVobsif/Chat-Utilities-2.2.1.jar""]","[""45f5c3a607b39f4e2632c54cf19064e71dec16a8"", ""a2995f1145448ed12757fac06883a51e449b7a4f"", ""dd6fcec56aaad9943cd14cc8a43d49cc798f3421""]","[""c807a4b533a61c7f9ed50946fa6094936b24798c841742e52fb437a5155c03621288fec323eeb860034ed879818fb4e1f85304a2f716cce87460e82ac3149cde"", ""96865d5be456f820703b32c3be6d450f638e89792ba5ba5ffbe6849a0602db6bb55aec3875019f0459c5abb0c5a78d24e8f31c8efe9c78beebc07542f285fb20"", ""5cdb5b193ef09d4452eb802e0c8747b9fc0ad8a7a2a36e5b616eae9d7802d5b880a664bd75c6ae1a9b3816c8455a23a0fccf293f4f1a7ec8a25d3d0b7dc71dce""]"
FMOD0063,6pY6oEMg,metal-bundles,Metal Bundles,Fuzs,TARGET_MOD,MPL-2.0,"[""equipment"", ""fabric"", ""forge"", ""management"", ""neoforge"", ""storage"", ""utility""]","[""fabric"", ""forge"", ""management"", ""neoforge"", ""storage""]",112670,2023-07-22T22:19:49.876022+00:00,2026-08-10T21:18:47.022770+00:00,38,U9bCSVS3,26.2.1,2026-08-10T21:18:47.511990Z,MetalBundles-v26.2.1-mc26.2.x-Fabric.jar,https://cdn.modrinth.com/data/6pY6oEMg/versions/U9bCSVS3/MetalBundles-v26.2.1-mc26.2.x-Fabric.jar,2978ab0b49fc17a2bcefc4235c745bcca36315d7,198686e63c08c0d681f22325cc0d845a0bcbb4be52b2eef85e326b80e3a57991aa71837dfa66e875db6a96ba6210a02d401d069771f8e8beff12f8062e459e5d,"[""rbPSfvXB"", ""hZnrTYuN"", ""6YGak15G""]","[""26.1.2"", ""26.2.0"", ""26.1.1""]","[""2026-08-10T21:11:27.665339Z"", ""2026-06-20T22:24:07.250242Z"", ""2026-06-20T17:10:51.579667Z""]","[""MetalBundles-v26.1.2-mc26.1.x-Fabric.jar"", ""MetalBundles-v26.2.0-mc26.2.x-Fabric.jar"", ""MetalBundles-v26.1.1-mc26.1.x-Fabric.jar""]","[""https://cdn.modrinth.com/data/6pY6oEMg/versions/rbPSfvXB/MetalBundles-v26.1.2-mc26.1.x-Fabric.jar"", ""https://cdn.modrinth.com/data/6pY6oEMg/versions/hZnrTYuN/MetalBundles-v26.2.0-mc26.2.x-Fabric.jar"", ""https://cdn.modrinth.com/data/6pY6oEMg/versions/6YGak15G/MetalBundles-v26.1.1-mc26.1.x-Fabric.jar""]","[""05415a81525b2dd59f21c370d1d1609d3a530a0b"", ""70ea1b2806e712f834e57b34339442daca894ea0"", ""7738623fdbbb941e05db3c2adbef80d1de045569""]","[""f7ee7d44a32e06d99469c4ba552fb00843d4fcc8ad7f920474485c07074ba23768566083e19789d6fda74f35976fdabdd5ce1834fce60729f99cac9137377fc7"", ""a9c632a19aa81cdc9ab4c346fdc1f04df262f3ccbad71cc9127bd3043abc0a8741f25bd2cb3293a4877ff1a0a2f8044547608c92231db2227ee45cb0dbf78be9"", ""721b92285af7798a987a769e4c9565fbbca4c46382c957bb4fa3871390bdc8bc4c29cbd9f18d555f513d643d29224ef7aa30e9f44971b05b9f16065a0b3281e6""]"
FMOD0064,ZlX3EVmE,updating-world-icon,Updating World Icon,CursedFlames,TARGET_MOD,MIT,"[""fabric"", ""neoforge"", ""utility""]","[""fabric"", ""neoforge"", ""utility""]",467632,2024-06-25T22:23:39.817207+00:00,2026-03-25T03:16:40.417302+00:00,13,s9G8CGyM,1.0.1+26.1-fabric,2026-03-25T03:16:41.939515Z,updatingworldicon-1.0.1+26.1-fabric.jar,https://cdn.modrinth.com/data/ZlX3EVmE/versions/s9G8CGyM/updatingworldicon-1.0.1%2B26.1-fabric.jar,e4ad509feef78c89629a21028a8c831b84c93601,ed6209c4d3f2bcb3467aef280d11e705c079fd8a541de4f8271b2e925956321cfcdf4384b8f283cd2f0e37a1d9b3bb8c521236b6dfa70ed8f9ff6bc09e534348,"[""onj9nsX1"", ""CXerUlhv"", ""kJyobIkN""]","[""1.0.1+1.21.11-fabric"", ""1.0.1+1.21.10-fabric"", ""1.0.1+1.21.9-fabric""]","[""2026-02-18T20:02:22.271074Z"", ""2026-02-17T21:29:46.400444Z"", ""2026-02-16T18:16:49.259239Z""]","[""updatingworldicon-1.0.1+1.21.11-fabric.jar"", ""updatingworldicon-1.0.1+1.21.10-fabric.jar"", ""updatingworldicon-1.0.1+1.21.9-fabric.jar""]","[""https://cdn.modrinth.com/data/ZlX3EVmE/versions/onj9nsX1/updatingworldicon-1.0.1%2B1.21.11-fabric.jar"", ""https://cdn.modrinth.com/data/ZlX3EVmE/versions/CXerUlhv/updatingworldicon-1.0.1%2B1.21.10-fabric.jar"", ""https://cdn.modrinth.com/data/ZlX3EVmE/versions/kJyobIkN/updatingworldicon-1.0.1%2B1.21.9-fabric.jar""]","[""79c328a2a319167418d998d3b53feb6fb1f442df"", ""8aaa9c6a49b42d34e653ef03c8e8cdec0f0eba86"", ""a10ae8f53c6f11d843a58c01ace4e55b25b81a7f""]","[""79a0569dd692c833fb5394b1ff83f91dfc659362753495fdaf2513fa890b4b6c219132ff88f8f4193d7696a4707de1cc0eff484759eb5776c02eb1be1288b528"", ""d6c7f6b1345a289f9c1381d64efdadd274929c6fa441e0bd3d33225daac21c3357ebc2216c360b35f4cbd2607d1261759c7dd38977a007762d2a69fd5e708085"", ""326f2eee6cf87466c45fa286bf50a3a391303701bec0a98040147ff631757be23be24c56d6ca1929a44547415bc060d4f28b6bb8e69a5223d29a5fc12584e823""]"
FMOD0065,9r4ZkgSN,simple-copper-pipes,Simple Copper Pipes,Lunade,TARGET_MOD,MIT,"[""decoration"", ""fabric"", ""forge"", ""game-mechanics"", ""quilt"", ""storage"", ""technology""]","[""fabric"", ""forge"", ""game-mechanics"", ""quilt"", ""storage"", ""technology""]",1543980,2022-01-23T01:50:55.704909+00:00,2026-06-18T18:12:03.066746+00:00,117,CEH3bXSV,2.1.7-mc26.2,2026-06-18T18:12:03.853147Z,SimpleCopperPipes-mc26.2-2.1.7.jar,https://cdn.modrinth.com/data/9r4ZkgSN/versions/CEH3bXSV/SimpleCopperPipes-mc26.2-2.1.7.jar,ad1eb94f999799571b4a33fe43f93c3967a08287,c1d148bf93946929f1db4048d7c46c457fe9f2f4ea42f78f23b6382ba03fb9306e08c5bfbeb52154691ef34b0e19582474748e3b6914bd52a6d2ca781d0f54c4,"[""bqQeamhf"", ""XohetPQu"", ""uFf00jF4""]","[""2.1.6-mc26.1"", ""2.1.5-mc26.1"", ""2.1.4-mc1.21.11""]","[""2026-03-27T17:03:02.377020Z"", ""2026-03-25T14:31:33.965055Z"", ""2025-12-31T23:05:19.971826Z""]","[""SimpleCopperPipes-mc26.1-2.1.6.jar"", ""SimpleCopperPipes-mc26.1-2.1.5.jar"", ""SimpleCopperPipes-mc1.21.11-2.1.4.jar""]","[""https://cdn.modrinth.com/data/9r4ZkgSN/versions/bqQeamhf/SimpleCopperPipes-mc26.1-2.1.6.jar"", ""https://cdn.modrinth.com/data/9r4ZkgSN/versions/XohetPQu/SimpleCopperPipes-mc26.1-2.1.5.jar"", ""https://cdn.modrinth.com/data/9r4ZkgSN/versions/uFf00jF4/SimpleCopperPipes-mc1.21.11-2.1.4.jar""]","[""47bb94e0d117483ba64960fa9dbdcea73d0203c7"", ""738834d2b26e409c3011100363c3275680abe1ef"", ""dde87af8d01d2e1a22601ac6e22aa541bd38e346""]","[""961ffeae489c13281cc0b6db33150abb3130052e34ddb562a8c86eeabf30580af84195e5ceabb8a156c23992e2b7751e8234c722f7f4480a99a7f2b4e3ebf0d6"", ""6c485ead1f678d6848d122266ea8abd3b0be1b876cbb97269f897040d97ee5d80a4e8e69f2fb77d8b42af5bb2c25d7c1ada28b2d8396027c323886490e3b6297"", ""0a148a753df61cc2c9f55fdabb06be5b0031396a25a9b9bb3d2c1829edf7dac6797e170610877bdd7b63bf43eae9d06ca881b22b99dded8e07472857210a9bcc""]"
FMOD0066,Ff3Cg2wn,simple-frames,Simple Frames,iSlavok,TARGET_MOD,MIT,"[""decoration"", ""fabric"", ""folia"", ""game-mechanics"", ""paper"", ""purpur"", ""utility""]","[""decoration"", ""fabric"", ""folia"", ""game-mechanics"", ""paper"", ""purpur"", ""utility""]",104,2026-08-02T02:36:40.827974+00:00,2026-07-30T12:12:28.060110+00:00,18,CUZ9VXJW,1.1.0+mc26.2,2026-07-30T12:12:26.219592Z,simple-frames-1.1.0+mc26.2.jar,https://cdn.modrinth.com/data/Ff3Cg2wn/versions/CUZ9VXJW/simple-frames-1.1.0%2Bmc26.2.jar,e87b646aeb9b17d2a6295c0e419afa805da8a945,833928c1c1eb5b737815bed940793650e4f685b6ad0d7771b522022659fc7acbc6a1a90ecc97751a2e07a47955e46a6abc41a76166938347ac023ad9248e6681,"[""eTKM13Ui"", ""atl3bpuI"", ""vM7e7IYM""]","[""1.1.0+mc26.1.2"", ""1.1.0+mc1.21.8"", ""1.1.0+mc1.21.10""]","[""2026-07-30T12:12:25.981374Z"", ""2026-07-30T12:12:25.824230Z"", ""2026-07-30T12:12:25.653059Z""]","[""simple-frames-1.1.0+mc26.1.2.jar"", ""simple-frames-1.1.0+mc1.21.8.jar"", ""simple-frames-1.1.0+mc1.21.10.jar""]","[""https://cdn.modrinth.com/data/Ff3Cg2wn/versions/eTKM13Ui/simple-frames-1.1.0%2Bmc26.1.2.jar"", ""https://cdn.modrinth.com/data/Ff3Cg2wn/versions/atl3bpuI/simple-frames-1.1.0%2Bmc1.21.8.jar"", ""https://cdn.modrinth.com/data/Ff3Cg2wn/versions/vM7e7IYM/simple-frames-1.1.0%2Bmc1.21.10.jar""]","[""ee222afecb0b2d196f2b0887ab01d5238b490042"", ""13b1b43466a21811dab8ee6e238678a61c95afb5"", ""1386fffd307cc9cb606c3921781ad8fb0e643821""]","[""2fbdf51ccf9c24fccf97017d0edb0b6e3248f6788bb8d43d94d49b13e51bd585371ce9ebd81438524a13b4d1907ca2bb2389680aa8768cc93c3e4310328b039d"", ""214597b3f00d0c0f7523563605888d17446603397d34211913e1b4d73a25c8300c2517074947ddbc2d74b06fc2cacb325db433718b94100551bdaea7ee5ba158"", ""ba9effe59df72472b64c3ecfb419b21c9f9777000b2a3d7d23f46aebc8a41d5808ed0e0d6e9e80bcd5cad06fe5dd37d7cff2effda7058aae626800b128f2f49b""]"
FMOD0067,UUntxQ5e,better-shulker-boxes,Better Shulker Boxes,Jom3a,TARGET_MOD,MIT,"[""fabric"", ""neoforge"", ""quilt"", ""storage"", ""utility""]","[""fabric"", ""neoforge"", ""quilt"", ""storage"", ""utility""]",1278,2026-06-07T08:04:55.100969+00:00,2026-08-11T21:47:24.740569+00:00,9,KHClvKi9,1.4.0,2026-08-11T21:46:53.719522Z,better-shulker-boxes-fabric-1.4.0.jar,https://cdn.modrinth.com/data/UUntxQ5e/versions/KHClvKi9/better-shulker-boxes-fabric-1.4.0.jar,7a2f3b6b01751bd821574510e826c7552547c3b5,7774ed676c8fcfd90123f9df472b09e7beddded33973c1822ddaa8764e597119f7aee3f24373d27b5009a3bcc9cb3abd73570f78490642c606ed55612c84e328,"[""9IvrHJWk"", ""Uzn5pkvu"", ""z1BMoMX0""]","[""1.3.5"", ""1.3.4"", ""1.3.2""]","[""2026-08-05T00:49:46.722841Z"", ""2026-07-28T19:50:22.564220Z"", ""2026-07-14T21:33:04.471484Z""]","[""better-shulker-boxes-fabric-1.3.5.jar"", ""better-shulker-boxes-fabric-1.3.4.jar"", ""better-shulker-boxes-fabric-1.3.2.jar""]","[""https://cdn.modrinth.com/data/UUntxQ5e/versions/9IvrHJWk/better-shulker-boxes-fabric-1.3.5.jar"", ""https://cdn.modrinth.com/data/UUntxQ5e/versions/Uzn5pkvu/better-shulker-boxes-fabric-1.3.4.jar"", ""https://cdn.modrinth.com/data/UUntxQ5e/versions/z1BMoMX0/better-shulker-boxes-fabric-1.3.2.jar""]","[""b14004b7b95c6a2e650ee84691514bec7cabc6ec"", ""58d3f968a90825086d75a184716eb5c58aeaf8a7"", ""64d3405016755a93d74b6ba1d7c872c9080f4846""]","[""859697169ef6cf235e132c2466c7cba88419bcd204e024972b59fff9805129e8cd49ca79f4831c7e83d6bda8239ea5f84c0a14d1332aadfa0f2bd09daf39dd9e"", ""70c96bc488ca1d2019e596a6cfbaa0ca5f87a2cca6376353fb7eb8714d480aa4f4072e68fdf89b50ecfd957718f12d73dc009a8241735619fdd4d9747e4eb288"", ""9368b73a900745540caa51b28f6324f3a88dd6e25f666bd9ccae6de9039c5060e3ebbeaf73ba597bb7f07e3c9c2422d9ab8a138e4337e6a1c5e5b6cf0c3b32ce""]"
FMOD0068,nnu4dJj4,cloudsettings,CloudSettings,charismara,TARGET_MOD,MIT,"[""fabric"", ""forge"", ""neoforge"", ""quilt"", ""utility""]","[""fabric"", ""forge"", ""neoforge"", ""quilt"", ""utility""]",36843,2022-11-02T22:48:32.543999+00:00,2026-08-09T08:06:34.231567+00:00,54,BGyuBZaa,2.0.0.12,2026-08-09T08:06:28.160860Z,CloudSettings-26.1.2-2.0.0.12-fabric.jar,https://cdn.modrinth.com/data/nnu4dJj4/versions/BGyuBZaa/CloudSettings-26.1.2-2.0.0.12-fabric.jar,d7bf746eebbfdf616f5f57cc645d14381b76d53f,c5ab23d4997db3fd6b64f3a0fe2980b513c71b1604d7f309cb1724ac42ecf8fbb7a03197077dd1f25110702432b4ea7b59daa6f3c45a69a7b6f06a937faa3a3c,"[""r2rx49IK"", ""Gvx8aW98"", ""gmojFcs2""]","[""2.0.0.11"", ""2.0.0.10"", ""2.0.0.9""]","[""2025-12-24T23:39:56.289729Z"", ""2025-12-24T20:54:02.819790Z"", ""2024-06-16T09:14:26.389108Z""]","[""CloudSettings-1.21.11-2.0.0.11-fabric.jar"", ""CloudSettings-1.21.9-2.0.0.10-fabric.jar"", ""CloudSettings-1.21-2.0.0.9-fabric.jar""]","[""https://cdn.modrinth.com/data/nnu4dJj4/versions/r2rx49IK/CloudSettings-1.21.11-2.0.0.11-fabric.jar"", ""https://cdn.modrinth.com/data/nnu4dJj4/versions/Gvx8aW98/CloudSettings-1.21.9-2.0.0.10-fabric.jar"", ""https://cdn.modrinth.com/data/nnu4dJj4/versions/gmojFcs2/CloudSettings-1.21-2.0.0.9-fabric.jar""]","[""4be1af348dff6ad930873b7104d3dc1fc18a4f8f"", ""0702c91746e2d06cf0f178b55a73b34dfe834c95"", ""2e12fac6d23bfe7a3941a1711db975fb69406c85""]","[""b3e38c3008eff5043449d2d8b297a97e074ad88e85b711fc526e3e7e29ffa1fcc767007ad028295b1ac7fac4922439013b0a75e0f66e155a91812d1902854560"", ""4c6ad327fcf663c42c85da5dad93dff316f4ba5ba99454462cfede0aaeec25077c3142b5a8e23065bf2da2fa407cd7954ecfdcf898ec14d08aacc3f452e5fb08"", ""1144a6512cf32673632711dc5e758e71c5b388e5e19c9aef504b4daebd7bbea84e068d337ee58ff9e92475945c51f561a1e829c3d9072f12c757ba3392e920fb""]"
FMOD0069,jvE0ZHV2,mcedia,Mcedia Core,unrealtoby,TARGET_MOD,MIT,"[""fabric"", ""social"", ""utility""]","[""fabric"", ""social"", ""utility""]",25961,2025-08-03T19:43:57.998041+00:00,2026-08-10T13:11:16.973820+00:00,64,VH7czPMj,1.3.1+26.2,2026-08-10T13:11:19.151949Z,mcedia_core-1.3.1+26.2.windows-x86_64+build20260810131107.jar,https://cdn.modrinth.com/data/jvE0ZHV2/versions/VH7czPMj/mcedia_core-1.3.1%2B26.2.windows-x86_64%2Bbuild20260810131107.jar,8b9a04c855c5c068442807f13acfea04bc01c2a2,7d5a8162e71702fb239ddce35eef320e3c0dae3a3b5fe19137361dd6d5f9c1ef72c9d631a85b76b8a1dfaac2849c4689f1b7dce745982fee6456d8178672dc3d,"[""8dnTaFp8"", ""qZ3pEucc"", ""td94fRJq""]","[""1.3.1+1.21.8"", ""1.3.1+1.21.11"", ""1.3.1+26.1""]","[""2026-08-10T13:10:55.949059Z"", ""2026-08-10T13:10:52.208181Z"", ""2026-08-10T13:10:20.771596Z""]","[""mcedia_core-1.3.1+1.21.8.windows-x86_64+build20260810131029.jar"", ""mcedia_core-1.3.1+1.21.11.windows-x86_64+build20260810131027.jar"", ""mcedia_core-1.3.1+26.1.windows-x86_64+build20260810131009.jar""]","[""https://cdn.modrinth.com/data/jvE0ZHV2/versions/8dnTaFp8/mcedia_core-1.3.1%2B1.21.8.windows-x86_64%2Bbuild20260810131029.jar"", ""https://cdn.modrinth.com/data/jvE0ZHV2/versions/qZ3pEucc/mcedia_core-1.3.1%2B1.21.11.windows-x86_64%2Bbuild20260810131027.jar"", ""https://cdn.modrinth.com/data/jvE0ZHV2/versions/td94fRJq/mcedia_core-1.3.1%2B26.1.windows-x86_64%2Bbuild20260810131009.jar""]","[""642fb2ad33a12c58feb885c2aa9eaaeb1bf313d1"", ""6d21b5dd400e64b63c85196ce1b0250e58bb6580"", ""81f487778537c7315da68c65a2f70d68e9361c3e""]","[""cb4cf5dc08c571e615ff111cb1197262b04a195b1b23bf4fbab41fa720ff67f6ae02e12388aa68b7cb9202dd19b7404092dbac83f7fc580d1001e224852c210c"", ""4663c0b64a83913184036f6d71be6a4349b0c268f48fcb90d649a66535e0863cdd53afca2e1b50fa5a2f3847466f3daae3ad80d1e218348bdcada6ec2cc43b4f"", ""0cc6315f05c10192326d64994c653d4d6146679807f3309bf5d75b8a0e8029a5c4c3dbdecd035b42a2f0d84c48709ec515ac2de9bf87cb94d8e4649c34a955e0""]"
FMOD0070,L1RT5SJc,create-goggles,Create Goggles,Robocraft999,TARGET_MOD,MIT,"[""decoration"", ""equipment"", ""fabric"", ""forge"", ""neoforge"", ""utility""]","[""equipment"", ""fabric"", ""forge"", ""neoforge""]",3001031,2023-04-03T14:41:55.484334+00:00,2026-05-11T19:53:34.961292+00:00,19,mAoR5nwZ,6.1.1,2026-05-11T19:53:32.709078Z,creategoggles-1.20.1-6.1.1-[FABRIC].jar,https://cdn.modrinth.com/data/L1RT5SJc/versions/mAoR5nwZ/creategoggles-1.20.1-6.1.1-%5BFABRIC%5D.jar,137feba5c6ae3a908e5e6be586ce89d9beb608e3,89d5c011a173370cd7fa5917adb23e384c1175d54ff417023a9059cc7a028340aebf4786524a8a86760451c4f4a5dea06e27be121de9a92c1f2cecf230ce2361,"[""tOvw9ccm"", ""bRPyzlie"", ""ruyz085C""]","[""0.5.6"", ""0.5.5.h"", ""0.5.5.g""]","[""2025-01-03T15:03:44.319006Z"", ""2025-01-03T13:09:46.663449Z"", ""2024-03-26T20:05:18.305865Z""]","[""creategoggles-1.20.1-0.5.6-[FABRIC].jar"", ""creategoggles-1.20.1-0.5.5.h-[FABRIC].jar"", ""creategoggles-1.20.1-0.5.5.g-[FABRIC].jar""]","[""https://cdn.modrinth.com/data/L1RT5SJc/versions/tOvw9ccm/creategoggles-1.20.1-0.5.6-%5BFABRIC%5D.jar"", ""https://cdn.modrinth.com/data/L1RT5SJc/versions/bRPyzlie/creategoggles-1.20.1-0.5.5.h-%5BFABRIC%5D.jar"", ""https://cdn.modrinth.com/data/L1RT5SJc/versions/ruyz085C/creategoggles-1.20.1-0.5.5.g-%5BFABRIC%5D.jar""]","[""161dd71f918508066fb572f519a965a19ba93dad"", ""05f076c966be240f8ac331b9df87288a37d3d006"", ""e3161f9f4c6285e22677e273cd3d2393a2dde115""]","[""1949f0d2a0fc43f242fc0200c1fc99d407ce668c4bc1da3f1a4dba06a38b4177004d0d17ca3e234cdd1cdaf154c3721a7ac3207d9724ad7fac4947933ba0aa97"", ""f5e7de703f2f14acab94c01288308342f9b81f4cffbada02e026ddee0ede50827fa1fe7900079b2136a3bdd9af0f72063003b9537db7069c1a074aa30a51fd98"", ""578363aab321a93fc2f70dce029edd52aafa2fea68fe0fb56a1fae3c2e6ee20112f5eecb6112b7f7306ef1659b4447102caae9fcd6352838926c740313195ef8""]"
FMOD0071,rFUjVRqJ,pickup-me,Pick Up Me,ForwarD-NerN,TARGET_MOD,MIT,"[""fabric"", ""game-mechanics"", ""transportation""]","[""fabric"", ""game-mechanics"", ""transportation""]",1356288,2023-06-17T01:02:24.458627+00:00,2023-06-15T07:39:52.422553+00:00,6,n3tv0IPu,1.0.3.1,2023-06-15T07:39:53.325923Z,pickup-me-1.0.3.1-1.20.jar,https://cdn.modrinth.com/data/rFUjVRqJ/versions/n3tv0IPu/pickup-me-1.0.3.1-1.20.jar,3cc7673115cd070a267bf1443b4a3dedab460d21,ee729931d56adcade525abb30eec64005fae61a172428f9b4c56a350611ae38289b0bc8e94900642179ac84d717ce9aa547587d401795e69228eb41f57f544f4,"[""7EaSG4mE"", ""HM6UF0iL"", ""q2IFTRGb""]","[""1.0.3.1"", ""1.0.3.1"", ""1.0.3""]","[""2023-06-15T07:39:03.880355Z"", ""2023-06-15T07:38:28.282044Z"", ""2023-06-14T11:16:58.947050Z""]","[""pickup-me-1.0.3.1-1.19.4.jar"", ""pickup-me-1.0.3.1-pre-1.19.4.jar"", ""pickup-me-1.0.3-1.20.jar""]","[""https://cdn.modrinth.com/data/rFUjVRqJ/versions/7EaSG4mE/pickup-me-1.0.3.1-1.19.4.jar"", ""https://cdn.modrinth.com/data/rFUjVRqJ/versions/HM6UF0iL/pickup-me-1.0.3.1-pre-1.19.4.jar"", ""https://cdn.modrinth.com/data/rFUjVRqJ/versions/q2IFTRGb/pickup-me-1.0.3-1.20.jar""]","[""6f08e47bba74280be31bef616c04d08e0d3d1e3d"", ""4d31b756844f826dd271be9e00f36ba77cb2b831"", ""33a776cf2f53527dfc22848947b5e1c19452b16f""]","[""27cf3de495d5c8b71fa78b5a3b77d5f53514ce2f69da012471c05358d513af6f2c6b03fdc3d26a43632aacfdd86ddf804b2c50822f06083ca37403993f57737b"", ""75a03b433ef573346fa5a9252e766d562253835faafa9c67fb74cb83860270acf805619d3b8580c7bd6c5ae778263e099dc548e226a4a0d654fa645c98e0f9d3"", ""1bfca7d057f79535f38e799d4ecc65f782b50810c5a6e14fb883849905e504e873f230748060305f6b1b19dd1d782443675228b67fdf4f582a0916b6b483c501""]"
FMOD0072,qodPqdJv,paradise-bounty,Paradise Bounty,jaideneperez,TARGET_MOD,MIT,"[""adventure"", ""fabric"", ""food"", ""game-mechanics""]","[""adventure"", ""fabric"", ""food"", ""game-mechanics""]",43,2026-08-01T18:17:38.107195+00:00,2026-07-09T01:36:40.422172+00:00,4,DOjcfDiD,1.2.0,2026-07-09T01:36:41.206028Z,paradise_bounty-1.2.0.jar,https://cdn.modrinth.com/data/qodPqdJv/versions/DOjcfDiD/paradise_bounty-1.2.0.jar,4acfbdc8912a154d849be73173135479ad941d56,a9ae6944fa29874ebcccfc8ac99664ddd6bacaa0d0a59ed2ef8290e96b55e505a8e1862cfec37daf6fb77269b10931452753d8859cb41e3a9c62492e6761ed57,"[""EDBonRDJ"", ""AbHyoumV"", ""9WFyFDVA""]","[""1.1.2"", ""1.0.1"", ""1.0.0""]","[""2026-07-06T00:48:03.368814Z"", ""2026-07-04T20:18:33.833971Z"", ""2026-07-03T21:52:05.420147Z""]","[""paradise_bounty-1.1.2.jar"", ""paradise_bounty-1.0.1+1.21.1.jar"", ""paradise-bounty-1.0.0.jar""]","[""https://cdn.modrinth.com/data/qodPqdJv/versions/EDBonRDJ/paradise_bounty-1.1.2.jar"", ""https://cdn.modrinth.com/data/qodPqdJv/versions/AbHyoumV/paradise_bounty-1.0.1%2B1.21.1.jar"", ""https://cdn.modrinth.com/data/qodPqdJv/versions/9WFyFDVA/paradise-bounty-1.0.0.jar""]","[""4dcc5f7dca001b3cba87e59194d265193884987b"", ""0b2b0f7c325ece7d1e95cd313d0b340705df0a79"", ""f1db111e651025fb2656e3a0681a99dcbb7eb737""]","[""4983ec0b6cf6ea2d53fe1eddf1f73a586b0f2fd7a4fff2886418128eab8167100f0c84a71c37e6cbaa4c734e95af76c07391431877473d2a71cbbe9a4aaaf986"", ""7031d9cf346cfb36f104a49a491f1b7776581d3f06621ec7221d3ffc9f9b6829e085e537f93a6802cca48309f663c1a835ca56785740a56fab321ca727e7b6fe"", ""67ce870f9939f4922cdd922a99f1f6d4a5a00960f8419ff5ba4558afd167956dda80edc727d63610bb202fa3eb47d3763b074c2aafd1f89988c3849bceea0dc7""]"
FMOD0073,gIl8fyUs,simpledamagetint,Simple Damage Tint,rawnet,TARGET_MOD,MIT,"[""decoration"", ""fabric"", ""game-mechanics""]","[""decoration"", ""fabric""]",187,2026-08-02T02:26:01.624621+00:00,2026-07-27T13:43:26.464144+00:00,16,8sMwf9Tw,1.0.0+26.2,2026-07-27T13:43:27.517877Z,simpledamagetint-1.0.0+26.2.jar,https://cdn.modrinth.com/data/gIl8fyUs/versions/8sMwf9Tw/simpledamagetint-1.0.0%2B26.2.jar,c4797de1669d9d315df06e10eb7064cf6333f97f,874bb0f8d5818c455c3930e3756e59c1f9c2720294d83298be1728c695d7fd7f41bc014e55af65f7fd7e6416a48bfd73aaaacd0a6665c2e140dbd4c1b44197e4,"[""C9fatQMw"", ""GdUw0AIa"", ""fJjAhlFi""]","[""1.0.0+26.1.2"", ""1.0.0+26.1.1"", ""1.0.0+26.1""]","[""2026-07-27T13:43:21.877771Z"", ""2026-07-27T13:43:15.628261Z"", ""2026-07-27T13:43:06.874176Z""]","[""simpledamagetint-1.0.0+26.1.2.jar"", ""simpledamagetint-1.0.0+26.1.1.jar"", ""simpledamagetint-1.0.0+26.1.jar""]","[""https://cdn.modrinth.com/data/gIl8fyUs/versions/C9fatQMw/simpledamagetint-1.0.0%2B26.1.2.jar"", ""https://cdn.modrinth.com/data/gIl8fyUs/versions/GdUw0AIa/simpledamagetint-1.0.0%2B26.1.1.jar"", ""https://cdn.modrinth.com/data/gIl8fyUs/versions/fJjAhlFi/simpledamagetint-1.0.0%2B26.1.jar""]","[""9c1e58d9ec71179090e9cec5bd23d611a026351d"", ""e7f429f7840e36191489513047ac6fb90c2c81bc"", ""a4ccd27f069d3bf16863c905fe979d74cb152299""]","[""7c7f6d4b42fc1137e8dbcd5e2d8b25f48e8b9c780e7f03aa7b66613b3c85d647bb15d02a1d557cc7fb2b1927e201228234288b0a6439693c5997bd1aa34e5290"", ""18af5bcef64a4994e78e1d5cb99f1fc7590ae2c2466592c1245790f1d71756eccaff9e4e2b9cc407f0553d5821513e55fd7328b9d0155de07b342510fb40e2de"", ""a476ab0eb2887acf4df851da54cd1a34f17e00e04813e2cbd2ad124df952e703b362d9c4f814dca818ccfa1c377ab6a8733a7a58535359b8f6accca1fbb51cd3""]"
FMOD0074,WnbN2C6I,durability-viewer-updated,Durability Viewer Updated,fantahund,TARGET_MOD,MIT,"[""equipment"", ""fabric"", ""quilt"", ""utility""]","[""equipment"", ""fabric"", ""quilt"", ""utility""]",542652,2023-06-21T01:30:53.357816+00:00,2026-06-16T16:28:32.772695+00:00,15,pVKqIYWy,26.2-1.11.2,2026-06-16T16:28:33.597879Z,DurabilityViewer-26.2-1.11.2.jar,https://cdn.modrinth.com/data/WnbN2C6I/versions/pVKqIYWy/DurabilityViewer-26.2-1.11.2.jar,5290ca2f8142d4fb071a0c7617b5e1a910390a8b,bc34cddc1ef876562dc8a44d0533eac8505cffe38be5db7778df8aab53e7e2d2a14936cd2fa90e903fda65a8cfc7ecc63582567cce8871c5fd949015ee125a4a,"[""TqRTknCU"", ""scO6R6xa"", ""9MFcIvHy""]","[""26.1-1.11.2"", ""1.21.11-1.11.2"", ""1.21.11-1.11.1""]","[""2026-03-27T11:38:33.125826Z"", ""2025-12-13T12:42:16.479418Z"", ""2025-12-10T21:35:44.490566Z""]","[""DurabilityViewer-26.1-1.11.2.jar"", ""DurabilityViewer-1.21.11-1.11.2.jar"", ""DurabilityViewer-1.21.11-1.11.1.jar""]","[""https://cdn.modrinth.com/data/WnbN2C6I/versions/TqRTknCU/DurabilityViewer-26.1-1.11.2.jar"", ""https://cdn.modrinth.com/data/WnbN2C6I/versions/scO6R6xa/DurabilityViewer-1.21.11-1.11.2.jar"", ""https://cdn.modrinth.com/data/WnbN2C6I/versions/9MFcIvHy/DurabilityViewer-1.21.11-1.11.1.jar""]","[""af4da502aa111464118b757a8d50c4f96980c5fc"", ""ef1e53bc91931cde52438f6009ee38ddc4ddadc3"", ""498dcac8eb20332fe803f665af4c94515ca0388b""]","[""985fae9ea14235c2400fd2f191e379eb6e2a5f268ebb3da89476e11b04a73a9122b0706ad051e887901f6ddd5d9efb5532cafc5bc9f9ddd16348e8db3b02f073"", ""4b535625eb1d86ce89185b5e570f3ee4e1173ecf930a9168ad460c73908a64c86fa47a6331ed7e0fede5095745b16579b6a0c6b79c19731043dd6b9794871b95"", ""07cf4118df52b984e38678c2044ae74ab7e5779f36624bbdc46f65d67c53c6459c6fe65f929cc77fc7d189c4d9e68112115c95394483d691e9180465a5c93484""]"
FMOD0075,ohNO6lps,forge-config-api-port,Forge Config API Port,Fuzs,BACKGROUND_LIBRARY,MPL-2.0,"[""fabric"", ""forge"", ""library"", ""neoforge""]","[""fabric"", ""forge"", ""library"", ""neoforge""]",59613737,2021-12-03T10:23:02.288424+00:00,2026-06-21T09:19:04.632114+00:00,114,rSd3GiG8,26.2.1,2026-06-21T09:19:05.384665Z,ForgeConfigAPIPort-v26.2.1-mc26.2.x-Fabric.jar,https://cdn.modrinth.com/data/ohNO6lps/versions/rSd3GiG8/ForgeConfigAPIPort-v26.2.1-mc26.2.x-Fabric.jar,a4083de0d8e0c19b993d21f7a576216efb5ceb23,948b8d83de61a11aad2fc0bb0744a8b4848c9b2f0663c9aa015389d9560b3fa78518e609c44ec90278de0e159a92ebd721ccbdebb453aa455c353e5cd19413bf,"[""86ROVP2H"", ""jUe0ucoE"", ""mwAOaKnn""]","[""26.2.0"", ""26.1.5"", ""26.1.4""]","[""2026-06-16T17:54:44.266631Z"", ""2026-06-08T21:39:37.087449Z"", ""2026-04-26T09:45:11.660556Z""]","[""ForgeConfigAPIPort-v26.2.0-mc26.2.x-Fabric.jar"", ""ForgeConfigAPIPort-v26.1.5-mc26.1.x-Fabric.jar"", ""ForgeConfigAPIPort-v26.1.4-mc26.1.x-Fabric.jar""]","[""https://cdn.modrinth.com/data/ohNO6lps/versions/86ROVP2H/ForgeConfigAPIPort-v26.2.0-mc26.2.x-Fabric.jar"", ""https://cdn.modrinth.com/data/ohNO6lps/versions/jUe0ucoE/ForgeConfigAPIPort-v26.1.5-mc26.1.x-Fabric.jar"", ""https://cdn.modrinth.com/data/ohNO6lps/versions/mwAOaKnn/ForgeConfigAPIPort-v26.1.4-mc26.1.x-Fabric.jar""]","[""e65b30ed5fee0528caea18dd985525a066f1c8e5"", ""82e4deaa210b75d3b51a268769ad24cc85796235"", ""b53baf921ed9809d78a3b7a770b8789f8386e6ea""]","[""105f4dab1c530341d8ee91bb8b301e9488a0d2237cb5d5f262bd08d5f9a4f5ec6ea936018570dcde4cca6c5e3e27ae148a9b18e3108019174b531fcf376f3e30"", ""44951fd147de9282c7a483eec0863e0838e98f68579b4d5852e4aaf038b82f03558c9dfd05fa3a4e5aa60ce5ede15cbbac59d4527d379494619804740f9a184f"", ""f68ab718347c3d0908dce9bfc3603451fba5d10dcca29f4c8d54c32a7bae2d38131618f4f09b26ee6a55b7b8d87bde3ffc7ac5e97466d7b42650cd6cb437c052""]"
FMOD0076,CnLgiUvi,pvpsys,PvpSys,LDEV,TARGET_MOD,Apache-2.0,"[""fabric"", ""management"", ""utility""]","[""fabric"", ""management"", ""utility""]",3151,2024-06-20T01:38:03.725856+00:00,2026-08-05T19:48:08.951519+00:00,10,rrRqybh2,2.1.1.8,2026-08-05T19:48:09.335390Z,Pvpsys 2.1.1.8.jar,https://cdn.modrinth.com/data/CnLgiUvi/versions/rrRqybh2/Pvpsys%202.1.1.8.jar,48ac84706744684ffea61f147474951e624f8f27,9d604bc8762185ed37f0c0beeacfa6c439901dd7ab2367a90f166dcd47426d058de26a5a6d8dc3eb3b7e64b10a7a472fb42f668f1b60de53bd001df3a067c7fd,"[""haH2QIHL"", ""9xs3Qhxq"", ""JJqYu8yt""]","[""2.1.1.7"", ""2.1.1.6"", ""2.1.1.5""]","[""2026-01-10T16:30:56.076479Z"", ""2025-10-14T16:13:38.830358Z"", ""2025-10-06T14:25:01.427035Z""]","[""pvpsys 2.1.1.7 1.21.11.jar"", ""PvpSys 2.1.1.6.jar"", ""PvpSys 2.1.1.5.jar""]","[""https://cdn.modrinth.com/data/CnLgiUvi/versions/haH2QIHL/pvpsys%202.1.1.7%201.21.11.jar"", ""https://cdn.modrinth.com/data/CnLgiUvi/versions/9xs3Qhxq/PvpSys%202.1.1.6.jar"", ""https://cdn.modrinth.com/data/CnLgiUvi/versions/JJqYu8yt/PvpSys%202.1.1.5.jar""]","[""48ac84706744684ffea61f147474951e624f8f27"", ""4010224d087b246169e67014824aecdf87ce6690"", ""6b296936d977810ef4339d32375dc707e3804be3""]","[""9d604bc8762185ed37f0c0beeacfa6c439901dd7ab2367a90f166dcd47426d058de26a5a6d8dc3eb3b7e64b10a7a472fb42f668f1b60de53bd001df3a067c7fd"", ""63447ddb04a8a48147b1a5c421ff6dc9dff74eb3453f2b9e373219f77a5f1657d5dbcb9b6c889dfc556687333559a815fe9d31ab7b793448fc4baaa5e9df6661"", ""dde8e4e4674a11e17b1608028c2cecfa500bb78243cf7ee2417722779e88e51b2287846c235aec5210b4fb297a06659b9e660db552bffc0022108ed97d59ee77""]"
FMOD0077,Iudurxl8,chatnotify,Chat Notify,NotRyken,TARGET_MOD,Apache-2.0,"[""fabric"", ""forge"", ""neoforge"", ""quilt"", ""social"", ""utility""]","[""fabric"", ""forge"", ""neoforge"", ""quilt"", ""social"", ""utility""]",661693,2023-05-04T22:04:33.093783+00:00,2026-08-02T12:30:44.829960+00:00,244,BeAig6Jh,3.103.1+26.2,2026-08-02T12:30:45.285673Z,chatnotify-fabric-3.103.1+26.2.jar,https://cdn.modrinth.com/data/Iudurxl8/versions/BeAig6Jh/chatnotify-fabric-3.103.1%2B26.2.jar,355cf718a2c8ca2ab730370f464310f97aaae17c,1b6e8b69230e125c2b5ea3892025c0802b6d961946f71ca54a5caeb9f9c41e8156566e0f3d509aabc274cd964607befc4b4944673b6ed803268141e558c5267b,"[""n4xzuN3I"", ""DGdWTqZw"", ""2jiVKsYB""]","[""3.102.6+26.1.2"", ""3.103.0+26.2"", ""3.102.5+26.1.2""]","[""2026-08-02T11:17:59.105997Z"", ""2026-06-20T01:00:33.088940Z"", ""2026-06-20T00:48:30.407830Z""]","[""chatnotify-fabric-3.102.6+26.1.2.jar"", ""chatnotify-fabric-3.103.0+26.2.jar"", ""chatnotify-fabric-3.102.5+26.1.2.jar""]","[""https://cdn.modrinth.com/data/Iudurxl8/versions/n4xzuN3I/chatnotify-fabric-3.102.6%2B26.1.2.jar"", ""https://cdn.modrinth.com/data/Iudurxl8/versions/DGdWTqZw/chatnotify-fabric-3.103.0%2B26.2.jar"", ""https://cdn.modrinth.com/data/Iudurxl8/versions/2jiVKsYB/chatnotify-fabric-3.102.5%2B26.1.2.jar""]","[""5f4b15d1ce7d78947905f723cc6bb8f4faa4ec41"", ""6fae0df279de88bd60862a3559823b22aeb5b4ac"", ""d7b0f26f6b3ba6416c82721bb2f6fc92e4410de4""]","[""661168a1123ebd555a43de7da0aea0cba3de3aa5e0f995ab178e36fc5a9567230f702dff3874f2112b14d5e786b5877a1a306c9cc03b87e4d855d5fe73aaeb1b"", ""f6a8aad4cf02d648bbadb165663973b0319f6f3d208c26b38245ab2c8e03a0041608695e4e35b28df872d10c83e168cef8bf5d6342d0e372f2c3747fe3c49d57"", ""39fee4be6ea18741afb7ae4e6dcee40016ffd04090b53a32826c4ed6e1d87da6f6cdf42e15ef3200f19fbad47287a4750ba80a5ddb2007138cf27404d59cb20a""]"
FMOD0078,DjlYVzoU,exoscanner,ExoScanner,aroiu,TARGET_MOD,MIT,"[""fabric"", ""game-mechanics"", ""technology"", ""utility""]","[""fabric"", ""game-mechanics"", ""technology"", ""utility""]",157,2026-04-26T00:22:34.750249+00:00,2026-08-02T07:03:12.776709+00:00,4,E1Pnf8wj,4.0.2+26.1,2026-08-02T07:03:13.133927Z,exoscanner-4.0.2+26.1.jar,https://cdn.modrinth.com/data/DjlYVzoU/versions/E1Pnf8wj/exoscanner-4.0.2%2B26.1.jar,169e666bebd2e8c9ab5527e27574306056ce90f5,662badcea1ffab033591d0f2815c6ff0a2138db0e538fc6a45b983f0dba69586f0bf77b01dfef68ed073e550f9b4d23aad26f8488d2debd936b9848a25ed9241,"[""bEcv2pxe"", ""UaaVQ8p6"", ""VB7J478c""]","[""4.0.1+26.1"", ""4.0.0+26.1"", ""4.0.0+1.21.11""]","[""2026-07-28T04:17:19.083035Z"", ""2026-06-25T03:41:05.328349Z"", ""2026-04-12T16:04:31.160835Z""]","[""exoscanner-4.0.1+26.1.jar"", ""exoscanner-4.0.0+26.1.jar"", ""exoscanner-4.0.0+1.21.11.jar""]","[""https://cdn.modrinth.com/data/DjlYVzoU/versions/bEcv2pxe/exoscanner-4.0.1%2B26.1.jar"", ""https://cdn.modrinth.com/data/DjlYVzoU/versions/UaaVQ8p6/exoscanner-4.0.0%2B26.1.jar"", ""https://cdn.modrinth.com/data/DjlYVzoU/versions/VB7J478c/exoscanner-4.0.0%2B1.21.11.jar""]","[""dad7aa1a625715a0a16c3f849a543532303d87b5"", ""6d5fafbf7cae8e6dd55b81063145caa12cfe7374"", ""a18353addf7c96f15c5a7a031135352beb15e722""]","[""23271f292942d5fe7fee61a5f4fd900c9abd9d1f6bdc8b0854a0057de48c684c0841af40cb88e7e1cdabd84180a50c13a0147219b47d257f1fdb1a20f0cc2cfd"", ""101562f264ac798e845019c2be6e6fe319f020f5c445fcd5dc2b563de6d4791c96acbe90c7251c8b9a5174d20381934f3af5178ff31d7a1728657b874f665110"", ""146eb01a546cfa139b6e3f257e3e5d1b945c82e7ae9a6066c53ed45aadf1adbda2695327f3b512518ce63eb602079bca8a020f6cadabf993d5467b6a74845db2""]"
FMOD0079,KEFyvbuH,berries,bodacious berries,eristhea,TARGET_MOD,MIT,"[""fabric"", ""food"", ""quilt"", ""worldgen""]","[""fabric"", ""food"", ""quilt"", ""worldgen""]",690933,2022-02-05T23:34:36.662464+00:00,2024-09-27T02:39:47.390917+00:00,53,RA2zOJ5S,2.1.4+mc1.21.1,2024-09-27T02:39:47.964419Z,bodacious-berries-2.1.4+mc1.21.1.jar,https://cdn.modrinth.com/data/KEFyvbuH/versions/RA2zOJ5S/bodacious-berries-2.1.4%2Bmc1.21.1.jar,e15db7e5fd6b9dcdd2b0b99ff5048ab9ec2c4076,ea0c04b13afd9fa31864b89575762e25eaa888d149dc618787b91ff053377bdb5588304454d88a57ecd9580f28694105089a4c352de5eb4ba5ca203c9b010dd1,"[""vNEaHOJc"", ""IBOfRJPO"", ""EgoQu3dI""]","[""2.1.3+mc1.21"", ""2.1.2+mc1.21"", ""2.1.1+mc1.20.2""]","[""2024-08-08T22:43:38.352905Z"", ""2024-07-24T02:53:45.095718Z"", ""2023-10-26T22:57:35.523527Z""]","[""bodacious_berries-2.1.3+mc1.21.jar"", ""bodacious_berries-2.1.2+mc1.21.jar"", ""bodacious_berries-2.1.1+mc1.20.2.jar""]","[""https://cdn.modrinth.com/data/KEFyvbuH/versions/vNEaHOJc/bodacious_berries-2.1.3%2Bmc1.21.jar"", ""https://cdn.modrinth.com/data/KEFyvbuH/versions/IBOfRJPO/bodacious_berries-2.1.2%2Bmc1.21.jar"", ""https://cdn.modrinth.com/data/KEFyvbuH/versions/EgoQu3dI/bodacious_berries-2.1.1%2Bmc1.20.2.jar""]","[""16478bcdba6501746fb01a643787b3a0b912ee88"", ""9cd86f13f5caf90725aea711cfda432842737996"", ""05b9e4165b0ea850d265122a6fa8d0d934360ded""]","[""75f39fc1cb68cfef4c6bb85d9d5994dd8d3a69684ba72730af40d733c82733b2110422a1496f0a3294d2b09b2d66f8c47c26700044575ab5e0163e8d83babf5f"", ""58cbee458d9202a43287b8d23a94f947b6cad5ab7dcea3a28fe35ea054337f5ca318c717007285edc682fb91141442193ffdc75b2f6c85677c1bed10f02a7be0"", ""6c0676162a17c0391f0fc9c4e74e41336726062d49a83261fe47a982043cba7a476c6968fd78c93f5e4a6a45936cb239c2e95350f07b1a506eeab0305eb1123f""]"
FMOD0080,dwVY5imH,kohs-crystal-tweaks,Crystal Tweaks KoHs,zymery_dria,TARGET_MOD,MIT,"[""fabric"", ""game-mechanics"", ""optimization"", ""utility""]","[""fabric"", ""game-mechanics"", ""optimization"", ""utility""]",3596,2026-03-22T19:37:48.700997+00:00,2026-08-03T04:53:30.491515+00:00,58,7adWN5QC,2.2.4+mc26.2,2026-08-03T04:53:30.867189Z,crystal-tweaks-26.2-2.2.4.jar,https://cdn.modrinth.com/data/dwVY5imH/versions/7adWN5QC/crystal-tweaks-26.2-2.2.4.jar,9ac03880cde87c03b69993cef0f226aca9a5d406,83c15ddbdd95a9673dc51708854cc44b3b04472d939eb8b9bd20cfbefe5c1245355927ab3f50af59790b74509147571034380d2950f5cebb2a0e82bf51e374aa,"[""s61JgSiL"", ""bOwM5U9E"", ""FDKNUaDp""]","[""2.2.4+mc26.1.2"", ""2.2.4+mc26.1.1"", ""2.2.4+mc26.1""]","[""2026-08-03T04:53:24.393440Z"", ""2026-08-03T04:53:17.536705Z"", ""2026-08-03T04:53:05.093727Z""]","[""crystal-tweaks-26.1.2-2.2.4.jar"", ""crystal-tweaks-26.1.1-2.2.4.jar"", ""crystal-tweaks-26.1-2.2.4.jar""]","[""https://cdn.modrinth.com/data/dwVY5imH/versions/s61JgSiL/crystal-tweaks-26.1.2-2.2.4.jar"", ""https://cdn.modrinth.com/data/dwVY5imH/versions/bOwM5U9E/crystal-tweaks-26.1.1-2.2.4.jar"", ""https://cdn.modrinth.com/data/dwVY5imH/versions/FDKNUaDp/crystal-tweaks-26.1-2.2.4.jar""]","[""f073fa0b6c7c1bf7b50aa7b8da1de02afc178f03"", ""0c4b862aa2fabeb0e9384e092c393a842486f5ff"", ""8ea25fbc16d7e6d33acc63298010a3642792b2d0""]","[""22e1564506ed5193a73f3258d26a5d3f9423cf180966c6a11644116fb5678b0730309ec38a8b4b40107b37409712a5afa7d2e196c529b9a7e7e2fbe8ee592c5c"", ""d2bb50c4ad5b0f89196e941eba6955b0ec9c5fe9570424a98c2ec6cd2119282d03f0ccfbab6abb4fa00aee7a43ba0f67c758193ad2be78c2950eb4ef3a55bb12"", ""644e31f34749045f1a75c58405699f31c99d7f4ce1f55b7c18a2132989a4ff26640e4477d3681f8b5c72d81f0b859c39d943d045aad7e799b6ac4aec9127c6df""]"
FMOD0081,u2rjUVhm,echoes-of-antiquity,Echoes of Antiquity,FROSTYTRIX,TARGET_MOD,MIT,"[""adventure"", ""equipment"", ""fabric"", ""game-mechanics"", ""magic"", ""transportation"", ""utility""]","[""adventure"", ""equipment"", ""fabric"", ""magic""]",120,2026-03-23T01:04:02.832791+00:00,2026-08-04T07:16:11.293178+00:00,5,hNXq6qV1,1.1.0,2026-08-04T07:16:11.739779Z,echoesofantiquity-1.1.0.jar,https://cdn.modrinth.com/data/u2rjUVhm/versions/hNXq6qV1/echoesofantiquity-1.1.0.jar,acf1b4111d74b8b59f6575a545734a8699fe6da4,1161d9b96c51295b78f149cf501e90cce09f352c99f8dae2a59939db1524ea9dffd41a153121399da5af9800392225ecaa391270fd15bdc9235eab61327404f9,"[""Ll0d0AwJ"", ""tpzpnxVa"", ""Uitrnhgs""]","[""1.0.0"", ""0.2.0"", ""0.1.0""]","[""2026-08-03T17:41:50.029530Z"", ""2026-03-21T16:25:33.980592Z"", ""2026-03-12T00:21:27.272098Z""]","[""echoesofantiquity-1.0.0.jar"", ""echoesofantiquity-0.2.0.jar"", ""echoesofantiquity-0.1.0.jar""]","[""https://cdn.modrinth.com/data/u2rjUVhm/versions/Ll0d0AwJ/echoesofantiquity-1.0.0.jar"", ""https://cdn.modrinth.com/data/u2rjUVhm/versions/tpzpnxVa/echoesofantiquity-0.2.0.jar"", ""https://cdn.modrinth.com/data/u2rjUVhm/versions/Uitrnhgs/echoesofantiquity-0.1.0.jar""]","[""477b89a07a2bddf47cc83a2f1f8af6e8ee02d513"", ""03c4def8dad9ad3d30ee81f2e08f59c91b628715"", ""edd22b57180e6477993c53d20fc1eafc68ef1f42""]","[""58fa35e6d00a49b57467d99907a05817a294342441ccdef47c12d91b0525aef41ead24dbc4ae52b48bc0187e4c68f8cc9191aaf988489cd79f9077567d138520"", ""347a65fecd3739c838dd60d645e70979c38ccf5c3ab6843424448418059303fb95edf8722736ce0c262c7ba335086ed9f194ed3425c84ad386cde12d2127bcee"", ""9983d356f314d970d91b32eca80cccc2b31e0cf8d2b48634ca57f6b8199e4966897875a4682ce2ae829ede6f15ffcecdb0ff50425a1b9a85b59725f22074664e""]"
FMOD0082,TNcLBDkY,cozy-home,Lucky's Cozy Home: Refurnished,LuckyOwl,TARGET_MOD,MIT,"[""adventure"", ""decoration"", ""fabric"", ""worldgen""]","[""decoration"", ""fabric""]",4104169,2025-01-20T10:26:11.721691+00:00,2025-11-29T02:50:49.263997+00:00,12,jJUWZCaQ,1.1.20,2025-11-29T02:50:50.827418Z,Luckys-Cozyhome-Refurnished-1.1.20.jar,https://cdn.modrinth.com/data/TNcLBDkY/versions/jJUWZCaQ/Luckys-Cozyhome-Refurnished-1.1.20.jar,e65e20f982be0be2bf5e94101f560049b0463ab3,8964b597c1a400970b834a1a4058df9332a687a7452ffc889ba8fe3cb35347d8512011d3679a24e7d1fa0f5f9904de3e1f7710b95f2e1fe6cb5b43b0c9f12847,"[""qGdCrL3t"", ""A5r1znx6"", ""Z78935kR""]","[""1.1.15"", ""1.1.14"", ""1.1.13""]","[""2025-05-21T01:56:49.215865Z"", ""2025-05-04T04:22:36.933783Z"", ""2025-05-04T04:10:10.101595Z""]","[""Luckys-Cozyhome-Refurnished-1.1.15.jar"", ""Luckys-Cozyhome-Refurnished-1.1.14.jar"", ""Luckys-Cozyhome-Refurnished-1.1.13.jar""]","[""https://cdn.modrinth.com/data/TNcLBDkY/versions/qGdCrL3t/Luckys-Cozyhome-Refurnished-1.1.15.jar"", ""https://cdn.modrinth.com/data/TNcLBDkY/versions/A5r1znx6/Luckys-Cozyhome-Refurnished-1.1.14.jar"", ""https://cdn.modrinth.com/data/TNcLBDkY/versions/Z78935kR/Luckys-Cozyhome-Refurnished-1.1.13.jar""]","[""37dd4a33a919ca06b3730042697394f154fef725"", ""3a003375b457ef1629ac9ae3282dc28092d11b2c"", ""874222e5eb922b31be71dd5b8482ecd3f4805da6""]","[""598277fea9c6f868e277704d2d3dbc16df78bcf2bca1b9794f9acac91f47c3fd81d3f1a11049f867039aa07627686481313c464d49c977c17cb2ca1e5f271f56"", ""605195f4cce30bb64b5887409989b3aad16a777b437017023a99b2051c52f15480067218084b0e76fada84da6521100fba9c16fd01d417049068a399a4071bf7"", ""8be20735bc44cb6890309fdd972ba95d60e574f290e92d7e0d4e1ff2b9e8c78e6b1154b36e3bf92f1e7c3f78511ee75ac8c4727e1f05c73316ecd506f466b3a4""]"
FMOD0083,ySnjMzLg,accessories-compat-layer,Accessories Compatibility Layer,Blodhgarm,TARGET_MOD,MIT,"[""cursed"", ""fabric"", ""neoforge"", ""utility""]","[""fabric"", ""neoforge"", ""utility""]",4782449,2025-07-31T01:20:08.366194+00:00,2026-02-06T19:16:37.286470+00:00,10,pWxabbaf,0.1.12,2026-02-06T19:16:38.168752Z,accessories_compat_layer-fabric-0.1.12+1.21.1.jar,https://cdn.modrinth.com/data/ySnjMzLg/versions/pWxabbaf/accessories_compat_layer-fabric-0.1.12%2B1.21.1.jar,44acb001881c063aa15fe66a26de5fae88e6564f,aee7f01996f4675df73018691fabc2d155a5c5865129b38479beefb8648b2a55598b07488f3546892ca8e215aaf436892457aedade81b185a3438c7fb9bedc9a,"[""a8rLMe2T"", ""OkGF8Kho"", ""1HttX0dS""]","[""0.1.11"", ""0.1.10"", ""0.1.9""]","[""2026-02-06T08:13:48.390790Z"", ""2025-09-29T19:00:33.398091Z"", ""2025-09-17T07:59:27.581277Z""]","[""accessories_compat_layer-fabric-0.1.11+1.21.1.jar"", ""accessories_compat_layer-fabric-0.1.10+1.21.1.jar"", ""accessories_compat_layer-fabric-0.1.9+1.21.1.jar""]","[""https://cdn.modrinth.com/data/ySnjMzLg/versions/a8rLMe2T/accessories_compat_layer-fabric-0.1.11%2B1.21.1.jar"", ""https://cdn.modrinth.com/data/ySnjMzLg/versions/OkGF8Kho/accessories_compat_layer-fabric-0.1.10%2B1.21.1.jar"", ""https://cdn.modrinth.com/data/ySnjMzLg/versions/1HttX0dS/accessories_compat_layer-fabric-0.1.9%2B1.21.1.jar""]","[""c920c6e46a5c98c22d3e3c0f36a573146391d3a6"", ""012edb0462e8d9e2ebb929406fafe4a027932c52"", ""e6422088e985d097ddea873ec5e86e1051323f20""]","[""546e198c9f21938738ea23620bc8e8e9ab1ff976d2ef167392f66edad323c185037072571315fd57b064a27a206da3ff8ad8b06a82ad38c1d9cd59ee3c10ac52"", ""2a48a230eb985defdca9d35222e0dc9b9869594069a18ab98aceed5a39261f24efac00da567a13cb6da6303a182be46e003e56e1442654a67e5a8a4ae6e2239d"", ""50db2c599c5d35c6720b837e182f6c8d4f85ebc3f2f9b1be6cb8b74c26d17808e1f93fa05dcd0130ef24db3d0214d3cad6a0183e80adae85258ddd927616ec02""]"
FMOD0084,QQXAdCzh,ping-wheel,Ping Wheel,Luken,TARGET_MOD,MIT,"[""fabric"", ""forge"", ""game-mechanics"", ""neoforge"", ""social"", ""utility""]","[""fabric"", ""forge"", ""neoforge"", ""social"", ""utility""]",12119216,2022-12-15T12:15:29.158439+00:00,2026-07-18T12:55:23.666471+00:00,194,lsH1el9E,1.12.1,2026-07-18T12:55:25.030423Z,Ping-Wheel-1.12.1-fabric-26.2.jar,https://cdn.modrinth.com/data/QQXAdCzh/versions/lsH1el9E/Ping-Wheel-1.12.1-fabric-26.2.jar,cb74bc08f38daf49ee283fdd998ce935ee97c192,4fd3287f67221267a39b94cc53476ee32e0c914b36b0a729bddc481f5313c30e84f4b1549dc5c26bb1deea5914d890594f8e351d2c05b40a078c013c3cbf4c7b,"[""S05ir9dj"", ""J96qMveQ"", ""qKSZr74f""]","[""1.12.2"", ""1.12.1"", ""1.12.1""]","[""2026-04-26T20:43:57.780572Z"", ""2026-04-10T16:31:12.093080Z"", ""2026-04-07T21:07:53.114308Z""]","[""Ping-Wheel-1.12.2-fabric-1.21.1.jar"", ""Ping-Wheel-1.12.1-fabric-26.1.2.jar"", ""Ping-Wheel-1.12.1-fabric-26.1.1.jar""]","[""https://cdn.modrinth.com/data/QQXAdCzh/versions/S05ir9dj/Ping-Wheel-1.12.2-fabric-1.21.1.jar"", ""https://cdn.modrinth.com/data/QQXAdCzh/versions/J96qMveQ/Ping-Wheel-1.12.1-fabric-26.1.2.jar"", ""https://cdn.modrinth.com/data/QQXAdCzh/versions/qKSZr74f/Ping-Wheel-1.12.1-fabric-26.1.1.jar""]","[""647c326ed26a8d085e75b04d3fbc9846cf974799"", ""002023cbfcd2582e52d050b27b64663b694988a8"", ""37fd6f021f97956a2925e1fb3f91763b32a477f9""]","[""d4d9e1317fba3338597c56ab3eb9266682df960eac824077ee152c189e2a4e373354cd608c6342489d25524e3ca905718db792d53323d7e679efef74510b54e7"", ""5891b419b9c9c882a1ddb665ea66a63694034b26051d75bd6587c95a095261007f5ea0c50b6ed35a70dc8c0c0e4a151f58e5b76cf624a83bcd07758be025e524"", ""29758e7cd00e1dea29901ca260be0f8d875bb7a07ddef6bb70a35cc94bb1176c5e2476bb0c56b68eb4fee2ae44eee0782e44a0690585bcb37fb34b45c5882154""]"
FMOD0085,2W2FL5UY,no-tree-punching,No Tree Punching,alcatrazEscapee,TARGET_MOD,MIT,"[""decoration"", ""fabric"", ""forge"", ""game-mechanics"", ""neoforge"", ""worldgen""]","[""fabric"", ""forge"", ""game-mechanics"", ""neoforge""]",957528,2023-06-13T04:52:19.931987+00:00,2023-06-21T00:53:54.313104+00:00,4,POWV0EfQ,7.1.0,2023-06-21T00:53:55.292883Z,notreepunching-fabric-1.20-7.1.0.jar,https://cdn.modrinth.com/data/2W2FL5UY/versions/POWV0EfQ/notreepunching-fabric-1.20-7.1.0.jar,a8637f9f3fed2856db3cbe12d7bed71d028ad1df,c6b289b29e78a5402b7202f02d094c03c7a3491f5e075dcf226ab14d4785eb44e38dee926b3bf4aa9a7f7dd935995f1bba5046e67527a6bc68148895548bbb1f,"[""SuzEDJFj"", ""PxUMu8BC"", ""krwZeaSE""]","[""7.0.0"", ""6.0.0"", ""5.1.0""]","[""2023-06-11T22:27:35.103690Z"", ""2023-06-11T22:07:26.802322Z"", ""2023-06-11T22:06:10.664404Z""]","[""notreepunching-fabric-1.20-7.0.0.jar"", ""notreepunching-fabric-1.19.2-6.0.0.jar"", ""notreepunching-fabric-1.18.2-5.1.0.jar""]","[""https://cdn.modrinth.com/data/2W2FL5UY/versions/SuzEDJFj/notreepunching-fabric-1.20-7.0.0.jar"", ""https://cdn.modrinth.com/data/2W2FL5UY/versions/PxUMu8BC/notreepunching-fabric-1.19.2-6.0.0.jar"", ""https://cdn.modrinth.com/data/2W2FL5UY/versions/krwZeaSE/notreepunching-fabric-1.18.2-5.1.0.jar""]","[""6964870e3ef406c1efad71a5d2005e5c275de505"", ""a0e123bf2e2dbacfe957b41ac999cf8605a2d4ca"", ""7b783adbdb64a088e1f14186dfaf09843c119294""]","[""2e5e6fecc1f1d78f3eb62a4496cd78e79adc1d81d67cce80c39f24495d402b0a4a0af8473d0e32ac1951aed3a1d315fefb0b24782071a9a441a653ccb30b202b"", ""15507e0e8a670daa94abfcd25737521f6b81384c62b758dd7c0e977b246e563807e11ff47c60770bac0528ec4354a356ccd250fc02df78570d4bbdb8d0c5c3d8"", ""067609119025674bc2ba92725858a253c008d1a91b6ba3835e0d462eeab6c4120ff4d8f913386dba5ff3de68ad79107459838a0b36a316b11a12339928550ec6""]"
FMOD0086,SHXjjvQ7,config-editor,config-editor-render,zhengzhengyiyi,TARGET_MOD,Apache-2.0,"[""fabric"", ""game-mechanics"", ""management"", ""neoforge"", ""optimization"", ""utility""]","[""fabric"", ""game-mechanics"", ""management"", ""neoforge"", ""optimization""]",5585,2025-09-15T08:30:34.631150+00:00,2026-08-09T14:40:38.985345+00:00,92,5i7wpHTb,1.1.11+26.2,2026-08-09T14:40:39.353835Z,config-editor-1.1.11+26.2.jar,https://cdn.modrinth.com/data/SHXjjvQ7/versions/5i7wpHTb/config-editor-1.1.11%2B26.2.jar,1fcea7d082b197d3f5b1cf1b0ca72ea72a741853,882a59eefb5bf63b9ee4607b2c7743a1169c8ebdd6fc67cc701940009c4d305ade09544c70c59203f13d1615a2b1233070d9931e56fc3bda38938a1d16a015e3,"[""CVeqqBLA"", ""dU1doC63"", ""VxmUBIb6""]","[""1.1.11+26.1.2"", ""1.1.11+26.1.2"", ""1.1.11+26.1""]","[""2026-06-01T20:23:52.362409Z"", ""2026-06-01T20:22:27.684864Z"", ""2026-05-06T22:21:51.762404Z""]","[""config-editor-1.1.11+26.1.2.jar"", ""config-editor-1.1.11+26.1.2.jar"", ""config-editor-1.1.11+26.1.jar""]","[""https://cdn.modrinth.com/data/SHXjjvQ7/versions/CVeqqBLA/config-editor-1.1.11%2B26.1.2.jar"", ""https://cdn.modrinth.com/data/SHXjjvQ7/versions/dU1doC63/config-editor-1.1.11%2B26.1.2.jar"", ""https://cdn.modrinth.com/data/SHXjjvQ7/versions/VxmUBIb6/config-editor-1.1.11%2B26.1.jar""]","[""9acec4c3cb6c648ed1da5b776557a4af13395c2f"", ""5a03bf9b693f32da000a133e15d0c188ae8ffa78"", ""bf6e3a7b15d375c34cd0f487ccc6b0d42d92abcd""]","[""a8fb20cf9fe23e61160622fe8043f0082c87dbb23a8bc923cede8f1ee5ae918511492304bbbbeb8b6680d42a35acd44c3da794f42799dd34d76c4c5e9d09ae88"", ""2c145af469cc7512de37cca7e99a9172cd6ad07131a63c63e4457a8d17d43c63a473f40416e3f202819762e1721770a7d2fbeaa53483a04d0fce16ebe4e4c0a2"", ""2b5b1a8091ccedf2088640070b70891658cd6a21bbaab5c01a08852ac9cbbba6807377a98d0b3ca65435dff12a2e2a2fd16777b1067225f04c0a96887b9e2d3b""]"
FMOD0087,E5Qy8rmu,ductwork,Ductwork,gniftygnome,TARGET_MOD,MIT,"[""fabric"", ""quilt"", ""storage"", ""utility""]","[""fabric"", ""quilt"", ""storage"", ""utility""]",11387,2022-03-14T04:33:53.570596+00:00,2026-08-11T21:52:55.071317+00:00,48,XCNsSwQj,0.13.0,2026-08-11T21:52:55.475993Z,ductwork-0.13.0.jar,https://cdn.modrinth.com/data/E5Qy8rmu/versions/XCNsSwQj/ductwork-0.13.0.jar,991708f2ddd94c11ea60fc7cef6965ebbb25c47a,13ec58f1b6b44f75c5fb835706bfee0a8ee7ecff99251299bb2bb7910d1649ba1ffb18cf2560da417c84243fca2b5f36a4e9b7c1f78824832fd8a6145d11dfcc,"[""dqBlloWg"", ""NK7mfZ9O"", ""IvA7ptS8""]","[""0.12.1"", ""0.12.0"", ""0.12.0-alpha.1""]","[""2026-08-11T21:22:05.979933Z"", ""2026-08-11T20:09:58.840664Z"", ""2026-05-10T22:39:38.909018Z""]","[""ductwork-0.12.1.jar"", ""ductwork-0.12.0.jar"", ""ductwork-0.12.0-alpha.1.jar""]","[""https://cdn.modrinth.com/data/E5Qy8rmu/versions/dqBlloWg/ductwork-0.12.1.jar"", ""https://cdn.modrinth.com/data/E5Qy8rmu/versions/NK7mfZ9O/ductwork-0.12.0.jar"", ""https://cdn.modrinth.com/data/E5Qy8rmu/versions/IvA7ptS8/ductwork-0.12.0-alpha.1.jar""]","[""46cb1b438607ed1b6ccba474326e1998f6f4ef6a"", ""5fd23514ef453dae26d56dd7f3cb1dad1b64fb2d"", ""7ab3989bdd73037cbffba7c4da5ab83d89876faf""]","[""6e3ea49d420596fe9a81dd4162f5a2ca1e68ca49768a631c45ab6b37eb5bfd04e7f861018c89ac1a4ff3f9bfd465970310a295a2a7e24296c9a213fcf372a64b"", ""672eabf67ae7e8f1acdf8e3d9f74db66c9cedc130023c2e981e2aad55a4102fbeae6c5ad47d3d33f3c5de3bdb58786a805c269aedb3d04f67cbde3431c9806b0"", ""eefd189ab29c0e1f539b2f83e99b4aacb26480157022bbd8e8372686d88d7d4eb51188f93f5c20ee6546b0cf5d8c954b991cef0fec19bc344b1c75e5d3684854""]"
FMOD0088,bWkJ7ejc,norefreshscroll,NoRefreshScroll,Thatsmusic99,TARGET_MOD,MIT,"[""fabric"", ""utility""]","[""fabric"", ""utility""]",1211507,2022-06-09T11:25:53.942492+00:00,2026-06-16T19:45:26.494128+00:00,22,yBqQ0sPz,1.0.13,2026-06-16T19:45:26.931442Z,NoRefreshScroll-1.0.13.jar,https://cdn.modrinth.com/data/bWkJ7ejc/versions/yBqQ0sPz/NoRefreshScroll-1.0.13.jar,7e7e39e0514cba7d8f6cdb3396cb7acedf1aa630,0fae0da35a131d544ca3e638d138ab6a6794113614c09ff3705a80a7673ca53675029bfa3434aebf1bbf171bef6a33ce6e46a0186f2f838520b73f488f3133fa,"[""RgU0QtLO"", ""O7R7iAnP"", ""m90jzeq8""]","[""1.0.13"", ""1.0.13"", ""1.0.13""]","[""2026-06-15T20:39:56.653720Z"", ""2025-12-15T22:29:06.869365Z"", ""2025-10-13T17:23:24.556566Z""]","[""NoRefreshScroll-1.0.13.jar"", ""NoRefreshScroll-1.0.13.jar"", ""NoRefreshScroll-1.21.10-1.0.13.jar""]","[""https://cdn.modrinth.com/data/bWkJ7ejc/versions/RgU0QtLO/NoRefreshScroll-1.0.13.jar"", ""https://cdn.modrinth.com/data/bWkJ7ejc/versions/O7R7iAnP/NoRefreshScroll-1.0.13.jar"", ""https://cdn.modrinth.com/data/bWkJ7ejc/versions/m90jzeq8/NoRefreshScroll-1.21.10-1.0.13.jar""]","[""7267d5cc9a7d5e68b310f6832b564e98c7433278"", ""3024aee3fbd1cdee8ec519f8b844e2fd8f740ce2"", ""969c46e2eef848cb0daf1da94d36252706d4f84d""]","[""50174f11d0fb303da478fce8d68d9b1d9f9bb6a9c7d8c891765d77b4646a97a50bb20a73d9eefd9f6828e54ff566c13e72c35a186164f84a90bc08b0c8c064d5"", ""0c544c0e8daa1783cd9afe0a4c3680f390d86c891870c1623903fa0540160c372adb602e76e3a85f29ac0f8a847dab1de94074f8cfc9c49e6920dd28d0f66f28"", ""b4237baeb04fccc789ee77157ca55eb84dea00a4ccb189e80281e3931ca84490176d19fd026f41130d3413720458d8bbe930663b552efa10fc975f900b5a4b8e""]"
FMOD0089,2fltysAl,straw-statues,Straw Statues,Fuzs,TARGET_MOD,MPL-2.0,"[""decoration"", ""equipment"", ""fabric"", ""forge"", ""neoforge"", ""social""]","[""decoration"", ""fabric"", ""forge"", ""neoforge""]",711223,2022-09-29T20:10:28.278568+00:00,2026-06-18T11:49:59.155011+00:00,36,MvJaIPCF,26.2.0,2026-06-18T11:49:59.502830Z,StrawStatues-v26.2.0-mc26.2.x-Fabric.jar,https://cdn.modrinth.com/data/2fltysAl/versions/MvJaIPCF/StrawStatues-v26.2.0-mc26.2.x-Fabric.jar,789158a6c46c22c02414acce021f41f7081ea825,4a6c37db2662988479ebbba2337439b55e2849f8206b64f6e8143be168251c4fbfbdb67eb63e0c8753696407f59a6a91b56a8bbf80b92d1d7da8deb7fc76776a,"[""qHW7wfGd"", ""NglexoWN"", ""MrweWZ20""]","[""26.1.0"", ""21.11.0"", ""21.10.2""]","[""2026-05-07T23:17:26.932842Z"", ""2025-12-15T19:12:34.394759Z"", ""2025-10-24T11:00:57.294586Z""]","[""StrawStatues-v26.1.0-mc26.1.x-Fabric.jar"", ""StrawStatues-v21.11.0-mc1.21.11-Fabric.jar"", ""StrawStatues-v21.10.2+mc1.21.10-Fabric.jar""]","[""https://cdn.modrinth.com/data/2fltysAl/versions/qHW7wfGd/StrawStatues-v26.1.0-mc26.1.x-Fabric.jar"", ""https://cdn.modrinth.com/data/2fltysAl/versions/NglexoWN/StrawStatues-v21.11.0-mc1.21.11-Fabric.jar"", ""https://cdn.modrinth.com/data/2fltysAl/versions/MrweWZ20/StrawStatues-v21.10.2%2Bmc1.21.10-Fabric.jar""]","[""7cd1c203ccecb3fb2470859f15814c2051e56f60"", ""f96fb46f067877e1639b70f49be4439521d537c0"", ""2d040356a21d0c43dda4a93ba3c5edf873d2a0e6""]","[""1b6307b20fcb8a74f7cf0fa1d284497b5ce2e6d5f18ecb1e71cfd5e62c2bc298bcd947e64acfe1a4414214620249875a54225ce486ecd094225ba367acf3d939"", ""32ac587d12307f662cd1bb33bab01f7e423d3676bb23471b70a0c61ca2977deac89cbec2ab63a9db6820147cfc1c09af554fae6c1b1400ef8e1c89ac0f3d8f97"", ""67ad45265a3413bafa8f2843de96621d2d5cbf17121f287daa8810fcd7de5d64642ffdb9610e0ad4fed785adec0b258f5b69beb59613f63d554ace57b0d12bb5""]"
FMOD0090,18C6n2XV,sneakyqol,SneakyQoL,ItsBungo,TARGET_MOD,Apache-2.0,"[""fabric"", ""game-mechanics"", ""utility""]","[""fabric"", ""game-mechanics"", ""utility""]",752,2024-07-08T06:00:38.059489+00:00,2026-08-07T17:49:15.717107+00:00,5,u0pqzpWH,0.1.4,2026-08-07T17:49:16.187192Z,sneakyqol-1.4.jar,https://cdn.modrinth.com/data/18C6n2XV/versions/u0pqzpWH/sneakyqol-1.4.jar,32ef4c4d7030d6679f8bdd188cada58cc21578e7,52acd23711103f3cced59438edc5179e3c234a5085fc6f3d959749e50c6becfa2a49402b823ddf6fccd9b76cbf5c531729e59cac9f3b24b1bb3145ed6b073c81,"[""mroD9G2a"", ""mSdG9nSG"", ""RAlE2UQT""]","[""0.1.3"", ""0.1.2"", ""0.1.1""]","[""2025-02-23T20:32:13.813629Z"", ""2024-07-27T02:12:22.501687Z"", ""2024-07-04T17:58:55.877234Z""]","[""sneakyqol-0.1.3.jar"", ""sneakyqol-0.1.2.jar"", ""sneakyqol-0.1.1.jar""]","[""https://cdn.modrinth.com/data/18C6n2XV/versions/mroD9G2a/sneakyqol-0.1.3.jar"", ""https://cdn.modrinth.com/data/18C6n2XV/versions/mSdG9nSG/sneakyqol-0.1.2.jar"", ""https://cdn.modrinth.com/data/18C6n2XV/versions/RAlE2UQT/sneakyqol-0.1.1.jar""]","[""8dac06b0463dc194d4e84d235bf2a5cea22ebecb"", ""f6a8a8e2f47a6c51e6e56edba9dc21d418520945"", ""8b92b4314ca6a60d7af5f42e2dfca12ccc18f876""]","[""3b19fc0d7df17396bb92fff8a83e5f0a394f3e63e5df90882ee2040950c14592728144e9b1b291bf0c20ff6a7f2dadde2949f9c535a473a6dce5647a172d6fb9"", ""d056934dbc97d92902aef1853f9a704212c28de82b0b243049847bceae0551a96741767e12d9a19c585ccf45319cb00c7bb8c6a52cc2bcb24efaea0b9129c48b"", ""03dc7f56a6dc8bb4612fe53e6437244e2eda9c42599cacdc90119680b6b0cfca217bc503dbfe696b76a5b0c073d5617ea0d620d62add281c2ea1a6d7bada6580""]"
FMOD0091,jEjEEHLL,villagercoin,Villager Coin™,VillagerUnknown,BACKGROUND_LIBRARY,MIT,"[""adventure"", ""economy"", ""fabric"", ""food"", ""game-mechanics"", ""library"", ""management"", ""social"", ""utility"", ""worldgen""]","[""economy"", ""fabric"", ""game-mechanics"", ""library""]",4675,2025-04-15T17:45:08.153289+00:00,2026-08-10T17:38:45.724818+00:00,23,2rGPrkTd,1.0.12+26.2,2026-08-10T17:38:46.157187Z,villagerunknown-villagercoin-1.0.12+26.2.jar,https://cdn.modrinth.com/data/jEjEEHLL/versions/2rGPrkTd/villagerunknown-villagercoin-1.0.12%2B26.2.jar,b2852e97ab7010ce01788303c01f430ec538b8cb,2b0c8692d683bad0a32a07d8d9a3558820c7bbbec84a9c6f9ca916f92540dcafed11b7e7df7f05ffba3f5898a0af48d66794cd3f8ab8b8bd8bbc6d69e26047ab,"[""M8CadMBG"", ""3tOQoAnw"", ""QKj6Fdg4""]","[""1.0.11+26.2"", ""1.0.11+26.1"", ""1.0.11+1.21.11""]","[""2026-08-08T17:47:25.072991Z"", ""2026-08-08T15:12:32.956499Z"", ""2026-05-07T20:54:11.519676Z""]","[""villagerunknown-villagercoin-1.0.11+26.2.jar"", ""villagerunknown-villagercoin-1.0.11+26.1.jar"", ""villagerunknown-villagercoin-1.0.11+1.21.11.jar""]","[""https://cdn.modrinth.com/data/jEjEEHLL/versions/M8CadMBG/villagerunknown-villagercoin-1.0.11%2B26.2.jar"", ""https://cdn.modrinth.com/data/jEjEEHLL/versions/3tOQoAnw/villagerunknown-villagercoin-1.0.11%2B26.1.jar"", ""https://cdn.modrinth.com/data/jEjEEHLL/versions/QKj6Fdg4/villagerunknown-villagercoin-1.0.11%2B1.21.11.jar""]","[""ccb97d743aad38cc6853c40ef3fcdfa5b45d6c7e"", ""e1ba6a02f887e0d0316c13355a1c8e501b54dc70"", ""c17b607f912bd16a9fb948911cc8b5346adf1999""]","[""2ab80025a3cda9057324838ee774c2d59f6f2a8fa99545c22e78466aa9cd206c8fa47a3618af6f02d298a1913d884ec207dbd343f5a43f54c73e2a77c47d2965"", ""a1f477a34dab16a4500da2fd087d327cd7920df8a0b618c715452faa0f6d9f29f8b5770fee7e216df106c55edafea3f01a8776a46fdde961fdecd7284baad23c"", ""5736439c568b22c7d5e2283d22122a6b9a35d38bb81a3dc2600e753f51e7cac4c4cbea1b2e748bb74b9b6991649473598685259268b3770aef309c53882a3d71""]"
FMOD0092,GGfDBa1i,title-fix-mod,Title Fix Mod,DuncanRuns,TARGET_MOD,MIT,"[""fabric""]","[""fabric""]",788839,2022-05-02T09:59:51.993038+00:00,2025-06-23T01:08:54.704839+00:00,5,t4h5gSoD,v1.0.2+MC1.21.6,2025-06-23T01:08:55.304045Z,title-fix-1.0.2+MC1.21.6.jar,https://cdn.modrinth.com/data/GGfDBa1i/versions/t4h5gSoD/title-fix-1.0.2%2BMC1.21.6.jar,409fd507eb1984f488f429cfe594ba975874d93f,325325a9e54ea543de3daef0134ba8df0b2ebb5106925981d8547032353c4629b87829700ad25ba5504b2bea34b21fa9f2e975ac4811b758b20605e9c7ee182f,"[""LR1jneCC"", ""zBm2jqDT"", ""Y5pLONUa""]","[""1.0.1+MC1.20.6"", ""v1.0.1+MC1.17.1"", ""v1.0.1+MC1.16.1""]","[""2024-08-15T18:16:04.936246Z"", ""2022-05-02T10:04:14.012474Z"", ""2022-05-02T10:03:29.804413Z""]","[""title-fix-1.0.1+MC1.20.6.jar"", ""title-fix-1.0.1+MC1.17.1.jar"", ""title-fix-1.0.1+MC1.16.1.jar""]","[""https://cdn.modrinth.com/data/GGfDBa1i/versions/LR1jneCC/title-fix-1.0.1%2BMC1.20.6.jar"", ""https://cdn.modrinth.com/data/GGfDBa1i/versions/v1.0.1%2BMC1.17.1/title-fix-1.0.1%2BMC1.17.1.jar"", ""https://cdn.modrinth.com/data/GGfDBa1i/versions/v1.0.1%2BMC1.16.1/title-fix-1.0.1%2BMC1.16.1.jar""]","[""d1e7ef9c933c58892a0be00ecd9e8d85fe04d3a7"", ""2a24ffbd54c7cceb01d8603e518bd978fcfa5752"", ""803740527ac9d35c21d0e777e09c900165ca132e""]","[""fe34de3096a74a341763b30bcf77bc5c515fc03e0f910c036d54047a646563d30f16277181011ea456c44b1ad51b62b5f4f509b6454802112c89e68bd0f5b590"", ""04e5e68fb399662fbf7f29b0f1f044c4a0567d1fee21628b6ff7994f9efe952499219b1934a3f9f1d1eb296816181d938300cd3ce01c0a36c7573b5e48466c69"", ""bb1f4e436f9fc83174bba18941c30b36fda93a5ad16acdd956713c175ef8bc54c89bec43e76d55abb2eae9f19570a98953e1aaa4ee1416d0a5af8ba64ce41c62""]"
FMOD0093,SAXvgvXt,i-editor,I Editor,SayNooty,TARGET_MOD,MIT,"[""datapack"", ""fabric"", ""forge"", ""game-mechanics"", ""management"", ""neoforge"", ""quilt"", ""utility""]","[""datapack"", ""fabric"", ""forge"", ""game-mechanics"", ""management"", ""neoforge"", ""quilt"", ""utility""]",5875,2025-09-26T22:22:30.714050+00:00,2026-08-08T17:10:25.684118+00:00,17,vb0balgr,1.5,2026-06-23T10:11:40.207513Z,i-editor-1.5+26.2-fabric-quilt.jar,https://cdn.modrinth.com/data/SAXvgvXt/versions/vb0balgr/i-editor-1.5%2B26.2-fabric-quilt.jar,be77a03da04b539f1bf36f2940e3a3237182a5a9,b8ae26ffb99b741e139934ae2a6d31c5c5823c42028e08c21c329761348feed609505613d8bcdd5dd6045246bf77b9414ec929c47e65049786c8e000dc0d7f43,"[""vMlxXddL"", ""x6Y1NWae"", ""UNvXNYaW""]","[""1.5"", ""1.5"", ""1.4.3""]","[""2026-06-23T10:05:02.242155Z"", ""2026-06-23T09:38:34.623335Z"", ""2026-06-18T20:07:37.654233Z""]","[""i-editor-1.5+26.1x-fabric-quilt.jar"", ""i-editor-1.5+1.21.11-fabric-quilt.jar"", ""i-editor-1.4.3+26.2-fabric-quilt.jar""]","[""https://cdn.modrinth.com/data/SAXvgvXt/versions/vMlxXddL/i-editor-1.5%2B26.1x-fabric-quilt.jar"", ""https://cdn.modrinth.com/data/SAXvgvXt/versions/x6Y1NWae/i-editor-1.5%2B1.21.11-fabric-quilt.jar"", ""https://cdn.modrinth.com/data/SAXvgvXt/versions/UNvXNYaW/i-editor-1.4.3%2B26.2-fabric-quilt.jar""]","[""4d42c786bc7e96fdbf2ad229a6aca8da8fded22d"", ""2676f73f76fc6f8e3bdc10ba863a53638516bea9"", ""b5789d372452e6e0e675f7bd0e064ae481dd8d3a""]","[""5184d9873338f6bedc015df68407a2bad15300871809998b6e20adc8632d5df9d6e593ca74ac4c4b9b1952994d9b98d1bb13ff19c6bd3170ff0bda033cce9eb9"", ""fad062f3f6c88e1d3f02f4a39788cf1e9ecd65d52beb9fd1372f5973e561404e1f614431b0d7b02037875211a72c4df867d10b5cef1908b590cdadcbe46d58a5"", ""76844a99260306c74aa8e0a18ed88ed98fd4809486cef6c30e09045c192a2a863d049a83a6ff276f1e0cbe3f128f8a13c5d35d11dd264a778e31372050153941""]"
FMOD0094,kB56GtWA,just-enough-professions-jep,Just Enough Professions (JEP),Mrbysco,TARGET_MOD,MIT,"[""fabric"", ""forge"", ""neoforge""]","[""fabric"", ""forge"", ""neoforge""]",4194415,2022-05-24T20:48:44.380623+00:00,2026-06-19T20:21:20.713047+00:00,21,G7JNaL0M,12.0.0,2026-06-19T20:21:16.198510Z,JustEnoughProfessions-fabric-26.2-12.0.0.jar,https://cdn.modrinth.com/data/kB56GtWA/versions/G7JNaL0M/JustEnoughProfessions-fabric-26.2-12.0.0.jar,c6f76f5762867ffb8d49c136ce6e0621843eae38,4747875ba3b238f99837d7e1a883873077795d92befb31e1474e699c33e15ac132fa4eb7025f798f107494c5fbca6e36fcadc49ef645a3d999391842de4a9d12,"[""ue6fHHJQ"", ""qYA1sbDb"", ""h5xycz6j""]","[""11.0.2"", ""4.0.5"", ""11.0.1""]","[""2026-04-22T12:52:47.636843Z"", ""2026-04-22T12:49:29.472386Z"", ""2026-04-02T18:34:57.664126Z""]","[""JustEnoughProfessions-fabric-26.1.2-11.0.2.jar"", ""JustEnoughProfessions-fabric-1.21.1-4.0.5.jar"", ""JustEnoughProfessions-fabric-26.1.1-11.0.1.jar""]","[""https://cdn.modrinth.com/data/kB56GtWA/versions/ue6fHHJQ/JustEnoughProfessions-fabric-26.1.2-11.0.2.jar"", ""https://cdn.modrinth.com/data/kB56GtWA/versions/qYA1sbDb/JustEnoughProfessions-fabric-1.21.1-4.0.5.jar"", ""https://cdn.modrinth.com/data/kB56GtWA/versions/h5xycz6j/JustEnoughProfessions-fabric-26.1.1-11.0.1.jar""]","[""9c1a0eb71db9ef5c91034ef83dbfd836ebfbed19"", ""6028967c57e6fb9fe2e2cfb1fb93ace768c06af4"", ""463ac39bc5c9fdf453cac0e387a49523c7472692""]","[""abc51babe0fedc4c68121ca79500a3b4647dd31e00b2fded1d0e622d814c0f51bb0c6d9e4d18c32f656a2c197b5fadcebc55f7ac2885c4dfdd7d8be71f3a8ee3"", ""2020513e611c46518ca2ca132ea88b35a955f7cad27a5c0462c93331df41b88f1e4e57ba1a209eb20ff32c8520c12385e7eb3a070d5165fa5db6a52845311356"", ""ee9c9577f683eb88710aaf40e37b10d128730c34a58fffebb54611dcfdff12461d67b7b60d4f64bcb8e3eb288f8c668c6ff11eef5b909dd0666ecade295c5565""]"
FMOD0095,CcN2iIMY,expanded-mace-enchantings,Expanded Mace Enchantings,ALDgamer,TARGET_MOD,Apache-2.0,"[""datapack"", ""equipment"", ""fabric"", ""forge"", ""game-mechanics"", ""neoforge"", ""quilt"", ""utility""]","[""datapack"", ""equipment"", ""fabric"", ""forge"", ""game-mechanics"", ""neoforge"", ""quilt"", ""utility""]",6463,2026-01-28T05:13:41.815992+00:00,2026-08-04T14:20:05.544831+00:00,12,cnUZWk6N,1.11.1+mod,2026-08-04T14:20:05.965611Z,expanded-mace-enchantings-1.11.jar,https://cdn.modrinth.com/data/CcN2iIMY/versions/cnUZWk6N/expanded-mace-enchantings-1.11.jar,382deec7627b6f2e19df17d679a9c233374e280a,46fcae8221d59f1fa4ff74d336ae2ff54558e478854d6b48f801d57982d3de42bcd59733c8d6796cb997df1744bd227970b8f84f02ca7e5c9a167ac24bffe398,"[""iJndWtjh"", ""axPyV73j"", ""kUshmwjV""]","[""1.10.1+mod"", ""1.9.1+mod"", ""1.8.1+mod""]","[""2026-03-25T01:34:41.442405Z"", ""2026-01-28T05:02:23.019189Z"", ""2026-01-28T05:01:45.784410Z""]","[""expanded-mace-enchantings-1.10.jar"", ""expanded-mace-enchantings-1.9.jar"", ""expanded-mace-enchantings-1.8.jar""]","[""https://cdn.modrinth.com/data/CcN2iIMY/versions/iJndWtjh/expanded-mace-enchantings-1.10.jar"", ""https://cdn.modrinth.com/data/CcN2iIMY/versions/axPyV73j/expanded-mace-enchantings-1.9.jar"", ""https://cdn.modrinth.com/data/CcN2iIMY/versions/kUshmwjV/expanded-mace-enchantings-1.8.jar""]","[""dea15b10928427631e0e2aacd6f228f1e11aa84c"", ""b3baab17b3fffaf9ee1ccd558506d609347ed8c0"", ""486d26ae10f82abd0f289e050f004d7c7d45e9a5""]","[""761af4eef4ad1714ebb24730b2b4b9f8db13474b0b593864ca609985e667895c348fb285ff3e21576e3a2f811400cdf8f8c5af1b767a82e1ac59590a44fd9349"", ""deeb0eda1d226c4b871bb6936575fd08da899771691e8a2bbc1ff96dc22be0801f957940c63fe601a6514d03c19cce01c8c346000a069a94535ce4c37a63b6a3"", ""0a6f65010fb7ab7ac1662be0fbefaf78d8640208610b49354488e219fac30303d3187c4e1ce2acf3f41a635703efbc97ca6816734f31536b3806b77c018d1338""]"
FMOD0096,6aRXFBGk,gui-tween,GUI Tween,remarxk,TARGET_MOD,MIT,"[""decoration"", ""fabric"", ""forge"", ""neoforge"", ""utility""]","[""decoration"", ""fabric"", ""forge"", ""neoforge"", ""utility""]",91449,2025-12-08T03:40:48.197750+00:00,2026-08-02T14:43:38.373782+00:00,22,xnOJo6nC,3.3.8,2026-07-26T03:29:02.025687Z,guitween-3.3.8-26.2+fabric.jar,https://cdn.modrinth.com/data/6aRXFBGk/versions/xnOJo6nC/guitween-3.3.8-26.2%2Bfabric.jar,03ae35ba011549fa985bc0f0457f2543d9e0497b,8eec0437def598673f625ead6251ec4795e4a6aad6af75d1514a78fcb2155ea9741c7fee7f2efda493f6f9065871e19a77b8a74034f26f0aaff875c6df5b9568,"[""hEkqP6wM"", ""tpwiWcRi"", ""yhbCh01w""]","[""3.3.7"", ""3.3.7-beta-1"", ""3.3.7""]","[""2026-06-20T11:05:25.499007Z"", ""2026-06-17T12:55:25.468493Z"", ""2026-06-12T14:14:59.637378Z""]","[""guitween-fabric-26.2-3.3.7.jar"", ""guitween-fabric-26.2-3.3.7-beta-1.jar"", ""guitween-3.3.7-26.1+fabric.jar""]","[""https://cdn.modrinth.com/data/6aRXFBGk/versions/hEkqP6wM/guitween-fabric-26.2-3.3.7.jar"", ""https://cdn.modrinth.com/data/6aRXFBGk/versions/tpwiWcRi/guitween-fabric-26.2-3.3.7-beta-1.jar"", ""https://cdn.modrinth.com/data/6aRXFBGk/versions/yhbCh01w/guitween-3.3.7-26.1%2Bfabric.jar""]","[""9fb3c71f08f8295d5fb1df82250b436f86bfbc54"", ""0351827e596fa0e60085fac004a7db53ed74da07"", ""8b361a5e754ce92de13b4f03c5409c537f9a065e""]","[""6df604db1b05320dbb609d5b0eaba365a2c54a8b73e81159e31b76d2ffb76b3b721f59c638c1118f96faf8bed0c724a800a6b5de52b06c05364c356efdcd680a"", ""95476d632d9a8a0ecf9ac406b89b6d5ca6b99859a31cf8850b2f527a78a0493043e48d47dc5ecad23cb82249757d7b42860ec97eaf377317a3c6ad293ba0bd1e"", ""a6e9e52a871b3cc82b4007079d5a736031d11f0ba0ba18b8d7eb1d3dd745635cd3ad0c380602072a956926be532c166b6bb61d903eb4f3eac3a007cfb02785f4""]"
FMOD0097,zA0tDCfF,adachirei-nui,AdachiRei-nui,yh2237,TARGET_MOD,MIT,"[""decoration"", ""fabric"", ""forge"", ""neoforge""]","[""decoration"", ""fabric"", ""forge"", ""neoforge""]",602,2026-02-15T03:04:32.484302+00:00,2026-08-05T05:28:12.110220+00:00,47,qhKBGxGr,1.1.5+mc1.21.9-fabric,2026-08-05T05:28:10.010779Z,AdachiRei-nui-fabric-mc1.21.9-v1.1.5.jar,https://cdn.modrinth.com/data/zA0tDCfF/versions/qhKBGxGr/AdachiRei-nui-fabric-mc1.21.9-v1.1.5.jar,530af0340991fe1d5afc1d6e51feb39b29735995,12c775c035c6865d675fd197ddf5bf63b2bf4f814336a0734b6291c0426c1dc9cfe1bb77e802303e2516ea3c553d73f2433209f4b887cf4e07a7a4d8554d82cd,"[""VgGIJdPS"", ""HYm0AuOT"", ""jlsoSvM2""]","[""1.1.5+mc1.21.8-fabric"", ""1.1.5+mc1.21.7-fabric"", ""1.1.5+mc1.21.6-fabric""]","[""2026-08-05T05:28:06.428631Z"", ""2026-08-05T05:28:02.486861Z"", ""2026-08-05T05:27:58.296856Z""]","[""AdachiRei-nui-fabric-mc1.21.8-v1.1.5.jar"", ""AdachiRei-nui-fabric-mc1.21.7-v1.1.5.jar"", ""AdachiRei-nui-fabric-mc1.21.6-v1.1.5.jar""]","[""https://cdn.modrinth.com/data/zA0tDCfF/versions/VgGIJdPS/AdachiRei-nui-fabric-mc1.21.8-v1.1.5.jar"", ""https://cdn.modrinth.com/data/zA0tDCfF/versions/HYm0AuOT/AdachiRei-nui-fabric-mc1.21.7-v1.1.5.jar"", ""https://cdn.modrinth.com/data/zA0tDCfF/versions/jlsoSvM2/AdachiRei-nui-fabric-mc1.21.6-v1.1.5.jar""]","[""9f399448dfc5b5b3156ec135cf133984699ccacf"", ""2e7234e2d08aa62a97ceab187f0a68dcbe6906ed"", ""88a21a38c6d29b97d3e1049b71779727181d7eca""]","[""7d53285d103063a15fc00be0f45c6561938836e6493ba8b5102a725db40ddcd979f0d94b56a0c5ffe9e6ae611910a86192cc82bd6639e3a8b7edc7f0c0266a01"", ""49e953d2d4c62ca0c58b0a718b718becdfcc9ea9afcfd7b5df4adfc910610150a120b2c0bb8a6a26b5d29dad3a237516132ce4b4c47716e81e47badc871d3581"", ""303a3fd5add8e90deb5648fa3060c7c375866c692bb0f9bf48da3f5b0ea7dcc0b0d8267625e2b61bd2f1be26cee34a36c59f04b8fea3a96db73813f0a4534bb7""]"
FMOD0098,2lfPteTN,cooldown-coordinator,Cooldown Coordinator,gniftygnome,BACKGROUND_LIBRARY,Apache-2.0,"[""fabric"", ""library"", ""quilt"", ""storage""]","[""fabric"", ""library"", ""quilt"", ""storage""]",66649,2022-03-14T03:56:38.374661+00:00,2026-08-11T19:39:53.764649+00:00,26,GMuuCYlJ,0.10.0,2026-08-11T19:39:54.514256Z,cooldown-coordinator-0.10.0.jar,https://cdn.modrinth.com/data/2lfPteTN/versions/GMuuCYlJ/cooldown-coordinator-0.10.0.jar,951a597eca94f9f7ca6c1460a740aafa39ae2264,5e5f022402dfbc3d215346837d9b42e30dcca53e8c0aabdc874b6949d4e8549e683d07c4f7923bfca52a254fc3d0206c2bfae1f8fe2f1d93e49715442f0ed8b1,"[""jap9b78p"", ""hcx1GMoF"", ""CFbKAPlw""]","[""0.10.0-alpha.1"", ""0.9.0"", ""0.9.0-alpha.1""]","[""2026-05-10T22:24:16.163219Z"", ""2026-05-10T06:10:30.337995Z"", ""2025-11-13T00:25:56.644212Z""]","[""cooldown-coordinator-0.10.0-alpha.1.jar"", ""cooldown-coordinator-0.9.0.jar"", ""cooldown-coordinator-0.9.0-alpha.1.jar""]","[""https://cdn.modrinth.com/data/2lfPteTN/versions/jap9b78p/cooldown-coordinator-0.10.0-alpha.1.jar"", ""https://cdn.modrinth.com/data/2lfPteTN/versions/hcx1GMoF/cooldown-coordinator-0.9.0.jar"", ""https://cdn.modrinth.com/data/2lfPteTN/versions/CFbKAPlw/cooldown-coordinator-0.9.0-alpha.1.jar""]","[""c46266b99a143a9244238af33df289ebc9e6a18d"", ""dacc74dcc2e642f0a9dfa6dddab5a88d77d68c64"", ""dbaeb151f000491152a90cbaa5f30c1ffa8b8d20""]","[""156d8ecf3b521ca971e78828033bfbac4eb45e1d9cdd874cae9559e4669029d6f1f9e33d9e52b20317e840680f53a04720bafe3eb78339742cd109a46a790539"", ""e8e9551f11926ff0caa86cd76eaeb7445d8edf24ce12ad9a10090aa4052917b4f4dded282cafb20089910ad0b3c6602ba96092ad4559b923cfae34281e7a535a"", ""66b710224190246cc89be4c4408fb3dd63384d66e0fb017838388abcb2635ce0e8420053b7018ac47c44e6285417d5d37f70a07b92801f512830592b5f9896dd""]"
FMOD0099,80ulerjA,couplings,Couplings,HeckinChloe,TARGET_MOD,Apache-2.0,"[""decoration"", ""fabric"", ""utility""]","[""decoration"", ""fabric"", ""utility""]",1442035,2022-07-25T19:56:38.693906+00:00,2023-07-14T03:16:17.597923+00:00,6,1S2TEbqR,1.9.4+1.20,2023-07-14T03:16:19.107271Z,Couplings-1.9.4+1.20.jar,https://cdn.modrinth.com/data/80ulerjA/versions/1S2TEbqR/Couplings-1.9.4%2B1.20.jar,82c6f03b017fd9abd69d8927d30c6fb9e7b40b8a,f2969fa7823a4d0b9d8042bb52df792e47291ef7ef166fbce3c659094c0f96587ad4ff799ebfd89475ba17665a89b84f4b34a7b5c541199c167962666da2c7dd,"[""v92fiDeM"", ""zjKCIfjh"", ""cOTJKyN0""]","[""1.9.3+1.19.4"", ""1.9.2+1.19.3"", ""1.9.1+1.19""]","[""2023-07-14T03:02:05.130240Z"", ""2023-01-09T20:39:53.244446Z"", ""2022-08-02T10:17:04.790017Z""]","[""Couplings-1.9.3+1.19.4.jar"", ""Couplings-1.9.2+1.19.3.jar"", ""Couplings-1.9.1+1.19.jar""]","[""https://cdn.modrinth.com/data/80ulerjA/versions/v92fiDeM/Couplings-1.9.3%2B1.19.4.jar"", ""https://cdn.modrinth.com/data/80ulerjA/versions/zjKCIfjh/Couplings-1.9.2%2B1.19.3.jar"", ""https://cdn.modrinth.com/data/80ulerjA/versions/1.9.1%2B1.19/Couplings-1.9.1%2B1.19.jar""]","[""5eac03f32d8489e4502f5f2cfb1afc53e3e7a51e"", ""4e44b0cc4f2832d8d4a0a8e15b604cda7393d974"", ""8adcc4d19154e3e79a754700519daf5c80821acf""]","[""625b10686ee2f52429a1abbdf478a34b17329437f096ead5088173fbf2bfef59d39d6d9546ad7ddc80dc668795d3f60f50c12e27a0e3e582758d3eb7b9aafb48"", ""a8435e389b111d3c70792807e2c471cfa6c9978a4917cf53f8ecdcf88d24b7f79b3a38cf332543e149112b7e2ccf0d0961b1311d9dc8a3f1accc774f1a1eb1e8"", ""cf9cb954fb59b12f636248f2bc336bb48f18b31f4be1fd952ed80afcab3048626d0d81772c6a705dc55837fdcceba13b4e8ea0bc2feb51f15a96a41b0fc87f6f""]"
FMOD0100,3LhesjAz,headspace,headspace.,beefondemand,TARGET_MOD,MIT,"[""adventure"", ""cursed"", ""datapack"", ""fabric"", ""forge"", ""game-mechanics"", ""neoforge"", ""quilt"", ""utility"", ""worldgen""]","[""datapack"", ""fabric"", ""forge"", ""game-mechanics"", ""neoforge"", ""quilt"", ""utility"", ""worldgen""]",128,2026-07-29T02:09:35.131679+00:00,2026-08-05T06:04:33.748118+00:00,4,7qvaf4Mi,1.0.2+mc26.2+mod,2026-08-05T06:04:34.262285Z,headspace-1.0.2+mc26.2.jar,https://cdn.modrinth.com/data/3LhesjAz/versions/7qvaf4Mi/headspace-1.0.2%2Bmc26.2.jar,210bd4ed1384e22589106d11e785b8eab6afb0a4,970c8cb3185fe9d5704b6ebd76ee79a0ed8919feb4aba112e3c1519e6a1136aeb56aba1c9ce1f056b63bf0b3d42b0c50e09e3854d22752a548ca92caaf3a7300,"[""T0fpmyUm"", ""zY3mGBM8"", ""qoR4SCYg""]","[""1.0.2+mc26.1.2+mod"", ""1.0.1+mc26.2+mod"", ""1.0.1+mc26.1.2+mod""]","[""2026-08-05T06:02:58.396056Z"", ""2026-07-29T04:06:27.473367Z"", ""2026-07-29T04:06:11.160469Z""]","[""headspace-1.0.2+mc26.1.2.jar"", ""headspace-1.0.1+mc26.2.jar"", ""headspace-1.0.1+mc26.1.2.jar""]","[""https://cdn.modrinth.com/data/3LhesjAz/versions/T0fpmyUm/headspace-1.0.2%2Bmc26.1.2.jar"", ""https://cdn.modrinth.com/data/3LhesjAz/versions/zY3mGBM8/headspace-1.0.1%2Bmc26.2.jar"", ""https://cdn.modrinth.com/data/3LhesjAz/versions/qoR4SCYg/headspace-1.0.1%2Bmc26.1.2.jar""]","[""4c443c0acbb0cc74e89efa3c488f9f5eebc47646"", ""936d1acd5df9df5a09a8a81c15d16974ce64cf86"", ""08cfeedd48bfe7874ed2adfe81846102c7b57ee2""]","[""fd41802d483d8c5b8cbbe0d82d5b78aa2a8329e2e5c289b45cda0c4989746e4157fc03a12f64503de9c286d3e072854eb2dfcca204d2b00cc18f1664583cb806"", ""588d8509689164b8303be3a98dd849e70ea3c7c1e52b883cf97fb2911f24b881e7ab80cea1d59f7d679b2fc60d19b8faa18e50c112f076b52b65c244869f8ec4"", ""8f77b28053d6f16679ea74533e3497da843dbbe634738459faeb96e8406d534bc19377f9a7e3ea7cee622a3de08b744aeeafafb7c312f573482cde8522d99474""]"
FMOD0101,ZaE5PJWo,rooted-trees,Rooted Trees,weboyee,TARGET_MOD,MIT,"[""decoration"", ""fabric"", ""game-mechanics"", ""worldgen""]","[""decoration"", ""fabric"", ""game-mechanics"", ""worldgen""]",266,2026-07-19T14:12:58.560974+00:00,2026-07-22T12:42:50.720177+00:00,4,PoYFE5UN,1.1.1,2026-07-22T12:42:51.136367Z,rootedtrees-1.1.1+1.20.1.jar,https://cdn.modrinth.com/data/ZaE5PJWo/versions/PoYFE5UN/rootedtrees-1.1.1%2B1.20.1.jar,81dca7f465e8db8430e1be039ee0ed4a0e3a788f,a94f7edbeb2b9178d21bf4ddbc7b722cf60ace61f92143ac38fb7deac49b53ffd3c54fc7520818f7573aa42ae42f58823f4352663210f9522f52772cd1ad6f2a,"[""hEeQdvpq"", ""5jQBRrYB"", ""uGHNJPDL""]","[""1.1.1"", ""1.1.0"", ""1.0.0""]","[""2026-07-21T23:39:07.663909Z"", ""2026-07-20T23:27:00.358220Z"", ""2026-07-14T14:15:26.713641Z""]","[""rootedtrees-1.1.1+1.21.1.jar"", ""rooted-trees-1.1.0.jar"", ""rooted-trees-1.0.0+mc26.2.jar""]","[""https://cdn.modrinth.com/data/ZaE5PJWo/versions/hEeQdvpq/rootedtrees-1.1.1%2B1.21.1.jar"", ""https://cdn.modrinth.com/data/ZaE5PJWo/versions/5jQBRrYB/rooted-trees-1.1.0.jar"", ""https://cdn.modrinth.com/data/ZaE5PJWo/versions/uGHNJPDL/rooted-trees-1.0.0%2Bmc26.2.jar""]","[""32ad33d2831b963762ff9c719e369e6d3b912a28"", ""9af95f8c8feeb306743c84c898ed950af2ec8ed2"", ""9c1e8a969a071333b77513860cc10fa7f4108082""]","[""45c721cfbd1644ea3b17c45e9ca2ab809bf8afd1775324502d6596c6a4a4fc7e5202a693d669da7de23599a92e5d692e40622216c6253350a6f1bc4bd99ec001"", ""de3e7581cce8036cd04f55d0930bc6a9399be4c2deb2a6c7debee719ef3c11bfe6a945b642d0e5821f1c175dc6f2a72d268e141a2a7a3cc337926b56bc862fab"", ""19da59785c42d696e5266c9700d05161cfd5139334b72cc34d626731ffdb983bc53ff283cf41d5f5f2ccd16f990f80e2e5f7f31c7d8acf2f7f084a5376184f05""]"
FMOD0102,Nn8Wasaq,craterlib,CraterLib,hypherionsa,BACKGROUND_LIBRARY,MIT,"[""fabric"", ""forge"", ""library"", ""neoforge"", ""quilt"", ""utility""]","[""fabric"", ""forge"", ""library"", ""neoforge"", ""quilt""]",3165545,2023-06-01T01:12:17.790383+00:00,2026-06-27T09:17:55.816876+00:00,143,YS1XJpDW,26.2-3.1.2,2026-06-27T09:17:42.834437Z,CraterLib-Fabric-26.2-3.1.2.jar,https://cdn.modrinth.com/data/Nn8Wasaq/versions/YS1XJpDW/CraterLib-Fabric-26.2-3.1.2.jar,aa49b1693b336b27f1de9c3ceb62997144c2120f,1671f6c345971170bac8e425ac777c56b3d1543c307fd248462b833efa36c0784c3ac8bc0ac05733d281b4a8788782832814a308c19c373edbbfa028ee2818e9,"[""CmWNYoRU"", ""NPIPYNKe"", ""tyDbWvpB""]","[""26.1.2-3.1.2"", ""1.21.11-3.1.2"", ""1.21.9-3.1.2""]","[""2026-05-20T09:45:23.438909Z"", ""2026-05-20T09:39:09.639330Z"", ""2026-05-20T09:32:28.433619Z""]","[""CraterLib-Fabric-26.1.2-3.1.2.jar"", ""CraterLib-Fabric-1.21.11-3.1.2.jar"", ""CraterLib-Fabric-1.21.9-3.1.2.jar""]","[""https://cdn.modrinth.com/data/Nn8Wasaq/versions/CmWNYoRU/CraterLib-Fabric-26.1.2-3.1.2.jar"", ""https://cdn.modrinth.com/data/Nn8Wasaq/versions/NPIPYNKe/CraterLib-Fabric-1.21.11-3.1.2.jar"", ""https://cdn.modrinth.com/data/Nn8Wasaq/versions/tyDbWvpB/CraterLib-Fabric-1.21.9-3.1.2.jar""]","[""1a3384d115914ba440a2000c7f12b2380d814c1e"", ""e128e93f7b4ccfd6694160aab61c1d6d35bca973"", ""457d2bff7b586b8ef4f3b346696746848ae750b7""]","[""dc8c75ee708c67ceb144a17107d702f4b05081e1fb46c334cbcdbbcdba0a0806b6ee2e6ee01d39187af278d9ba49c4c004740e254dd0d93ad9ae72db95f2dbcb"", ""633666da2370154a635949d29b445cbd3988f77be22aea368ee06ccf8451eef72804bd72c84a5f5223669fbbaeb07f3e1ae7175423dc29aeb73b9e8489eb2f0c"", ""caa6ea806f65a226d7d573369f1f199571904d4786ecaca09e3bf68ab06309ea1edd55206b8911ab1c4630b2b26852487b92bc58ba254a89cc0572cb611a0e2f""]"
FMOD0103,1A2mKfBx,hypixel-mod-api,Hypixel Mod API,Hypixel,BACKGROUND_LIBRARY,MIT,"[""fabric"", ""forge"", ""library""]","[""fabric"", ""forge"", ""library""]",789651,2024-04-30T04:53:04.633158+00:00,2026-03-24T21:38:16.969920+00:00,11,SlqCF6Or,1.0.2+build.1+mc26.1,2026-03-24T21:38:17.471719Z,HypixelModAPI-1.0.2+build.1+mc26.1.jar,https://cdn.modrinth.com/data/1A2mKfBx/versions/SlqCF6Or/HypixelModAPI-1.0.2%2Bbuild.1%2Bmc26.1.jar,88726ef6465e41d6f5bce83b7575bdf0a279b800,ceb4cf37edf3e263801d23d80f88f331798133d8facc56b2501b2f5f86e32d7cea7a94356b1cf29865cae20fb07a50f4765a35180af265d708e05cea976a3fe8,"[""IkrpaHUp"", ""Mhp9cKak"", ""6SU6tbpN""]","[""1.0.1+build.1+mc1.21"", ""1.0.1+build.1+mc1.20.5"", ""1.0+build.1+mc1.21""]","[""2024-07-31T11:07:40.187308Z"", ""2024-07-31T11:07:38.032503Z"", ""2024-07-08T11:36:10.966578Z""]","[""HypixelModAPI-1.0.1+build.1+mc1.21.jar"", ""HypixelModAPI-1.0.1+build.1+mc1.20.5.jar"", ""HypixelModAPI-1.0+build.1+mc1.21.jar""]","[""https://cdn.modrinth.com/data/1A2mKfBx/versions/IkrpaHUp/HypixelModAPI-1.0.1%2Bbuild.1%2Bmc1.21.jar"", ""https://cdn.modrinth.com/data/1A2mKfBx/versions/Mhp9cKak/HypixelModAPI-1.0.1%2Bbuild.1%2Bmc1.20.5.jar"", ""https://cdn.modrinth.com/data/1A2mKfBx/versions/6SU6tbpN/HypixelModAPI-1.0%2Bbuild.1%2Bmc1.21.jar""]","[""a0c9329a6fe6741bb637e32bef57aa7defc82ccd"", ""cf9316e5584a7079c5d6ebd886c56fd5fc99ee10"", ""84547c0476f9850c37f683c54e29e8f819164cba""]","[""805d83cb72e4e07f7fa8f0dfd59f90f2018a29cf654d90daa8ba9425c9fe067d47ecc7d6283d8055419ab28b077c28e9daffbd973942a811f70ee565a752be96"", ""f03fd6cf25b424e5330cba35a8aec5558e0c9ab9c5efd5d326ae96b978266a90d90f070274426b633a19c67c515dcf38fa64c3bb796d1523f9d0b77a0a0aa48f"", ""b6fdbb7d2ae71afe83dcb1d82ecf0b5383d37df58c88e038dbf87787ccd42746a1a5f067208f41cb94a85b34e55c95864deab4062ef7f97952dca96b876e5570""]"
FMOD0104,a9AsUNGn,statement,Statement,Virtuoel,BACKGROUND_LIBRARY,MIT,"[""cursed"", ""fabric"", ""forge"", ""library"", ""neoforge"", ""quilt""]","[""cursed"", ""fabric"", ""forge"", ""library"", ""neoforge"", ""quilt""]",823540,2021-01-08T12:08:50.770930+00:00,2023-12-28T13:18:01.412929+00:00,19,6MFwerG8,4.2.9+1.14.4-1.20.4,2023-12-28T13:18:02.256777Z,Statement-4.2.9+1.14.4-1.20.4.jar,https://cdn.modrinth.com/data/a9AsUNGn/versions/6MFwerG8/Statement-4.2.9%2B1.14.4-1.20.4.jar,1600cd6caf52f4fc2b1a8a5ae1cb0f69f0f3b7e2,2fbed07e5bc03b4dea1f6beae37e9401372e5071fd762ed8b621182cb8fd81e3c367c982c64aeeaf2c7b1d532cd60370e7ad172d1d2c264ed1a7d601bde2d744,"[""kOI9xaDw"", ""T0Nmp2Uk"", ""2KmQiXlj""]","[""4.2.8+1.14.4-1.20.1"", ""4.2.7+1.14.4-1.20.1"", ""4.2.6+1.14.4-1.20.1""]","[""2023-08-10T18:19:36.776788Z"", ""2023-08-05T21:36:14.602024Z"", ""2023-07-12T01:32:54.079554Z""]","[""Statement-4.2.8+1.14.4-1.20.1.jar"", ""Statement-4.2.7+1.14.4-1.20.1.jar"", ""Statement-4.2.6+1.14.4-1.20.1.jar""]","[""https://cdn.modrinth.com/data/a9AsUNGn/versions/kOI9xaDw/Statement-4.2.8%2B1.14.4-1.20.1.jar"", ""https://cdn.modrinth.com/data/a9AsUNGn/versions/T0Nmp2Uk/Statement-4.2.7%2B1.14.4-1.20.1.jar"", ""https://cdn.modrinth.com/data/a9AsUNGn/versions/2KmQiXlj/Statement-4.2.6%2B1.14.4-1.20.1.jar""]","[""e38833d30b3b2af2b26e7e82eb85ab181a96975f"", ""ca9bd1e0be82d95fac20bf118b393e6374e80844"", ""16f73331995029ef31a36cbf731fc7fafb4b6021""]","[""021baec8cf916dbe229781073129b7650ed69836559025ef40725e431946d61ce0da5a2591aae9be840ae49612d683fc4415a95dfff2b83f3369234986b40dda"", ""996588687af3f84c216a823db715a72cf8fe3c0958e843b2996efcba883e979fa74a0f4e3485adf7936276af88530a0bfaa72e25459ea3abf258f6b96cbc009a"", ""559fbc9c34eb8a92c8a1e8e5e7b2bde7f04d865b4bd96a0404185a54495e3681e3deb4c7d1949d37168a79afb2e64d5aa3630a3088fda7c88d21749a54db81c9""]"
FMOD0105,mWdDy9A0,phantom-loader,Phantom Loader,HexagonNico,BACKGROUND_LIBRARY,Apache-2.0,"[""fabric"", ""forge"", ""library""]","[""fabric"", ""forge"", ""library""]",1229215,2024-01-11T21:02:41.283989+00:00,2024-01-21T16:29:59.059130+00:00,6,vkAgziWj,20.1.5,2024-01-21T16:29:50.770047Z,library-fabric-20.1.5.jar,https://cdn.modrinth.com/data/mWdDy9A0/versions/vkAgziWj/library-fabric-20.1.5.jar,0aec33e4a393f124059a99fe476755bd3657e258,84405f8899fd5b212fd2ebb34724b22ff4aa698c0797ceb95a38455755965851763b18c13f1ba87e92126e314b38fe907324442037c53c2ccfdbe4dc734f3b98,"[""OHyJ7PO0"", ""aAEdUquE"", ""9u8gBHR9""]","[""20.3.1"", ""19.4.1"", ""19.4.0""]","[""2024-01-21T16:29:12.993678Z"", ""2024-01-21T15:01:06.349761Z"", ""2024-01-12T09:47:18.220688Z""]","[""library-fabric-20.3.1.jar"", ""library-fabric-19.4.1.jar"", ""library-fabric-19.4.0.jar""]","[""https://cdn.modrinth.com/data/mWdDy9A0/versions/OHyJ7PO0/library-fabric-20.3.1.jar"", ""https://cdn.modrinth.com/data/mWdDy9A0/versions/aAEdUquE/library-fabric-19.4.1.jar"", ""https://cdn.modrinth.com/data/mWdDy9A0/versions/9u8gBHR9/library-fabric-19.4.0.jar""]","[""d9328302e0af5194b0d04e1e3a567934eca4a295"", ""662e90d09cf6333dcace25771c6c43d93424f52c"", ""1a44bc6578b467f72b99902e57427fd1eefa8e4a""]","[""762ac7e6970ee70775100639ac57aedb835bcc7db2a58db206ba616599607a14ac8f3d5a88b4c9b2a56f002beda864680ea98d3d849aa376a4930ca77effcb98"", ""5341a4010520a329071f3dd9a5c07228c7846f1fa7aa4564e54576369b693f1bafdab38c9477829e0a17c42d9c8a05eb8a25a85bffe561e67b8073b465031de4"", ""4d80e48a054ff69b1b8a4d9e37c52ecf0622ce5fde9506ac686442e25309d0387e6c1b67c80beef8174d3ccfeb3497c97fba4a41625e884d1b5f194f294e2b2b""]"
FMOD0106,Lr1LVAwO,lib-5555ff,5555ff-lib,Jodek,BACKGROUND_LIBRARY,MIT,"[""datapack"", ""fabric"", ""forge"", ""library"", ""neoforge"", ""quilt""]","[""datapack"", ""fabric"", ""forge"", ""library"", ""neoforge"", ""quilt""]",97169,2026-03-24T23:33:37.509896+00:00,2026-08-08T09:43:43.940244+00:00,23,iZN9XNXQ,v1.1.5+mod,2026-08-08T09:43:44.843917Z,lib-5555ff-v1.1.5.jar,https://cdn.modrinth.com/data/Lr1LVAwO/versions/iZN9XNXQ/lib-5555ff-v1.1.5.jar,18ebd2305d51fa711299cd5ca43e74c0123b9611,9b5e736c4cd57ee496a7c5a7eb24e187b9b94eee279403a56ef9d30a6ea8e380a1c5eddb15104b9d45667e44ef18ef23720ad8846c3893d2f8dcdd194227b1fa,"[""1Qt19x6c"", ""xaLpYnz7"", ""61rMpCsV""]","[""v1.1.4+mod"", ""v1.1.3.1+mod"", ""v1.1.3+mod""]","[""2026-07-06T17:14:01.069510Z"", ""2026-07-03T12:42:02.099064Z"", ""2026-07-02T22:54:41.155800Z""]","[""lib-5555ff-v1.1.4.jar"", ""lib-5555ff-v1.1.3.1.jar"", ""lib-5555ff-v1.1.3.jar""]","[""https://cdn.modrinth.com/data/Lr1LVAwO/versions/1Qt19x6c/lib-5555ff-v1.1.4.jar"", ""https://cdn.modrinth.com/data/Lr1LVAwO/versions/xaLpYnz7/lib-5555ff-v1.1.3.1.jar"", ""https://cdn.modrinth.com/data/Lr1LVAwO/versions/61rMpCsV/lib-5555ff-v1.1.3.jar""]","[""504595e71514542f340fdfcf29e5394a1eeab9bd"", ""5fbb38bd6fd0c12c912c4b4befe4e4935f6ec824"", ""adbb3721867e92a84eec4d474796db6402e6bfa2""]","[""d203d5adfd43066f51c251d398397ac82663797dd54c2b3d72e196711dd85ca2a08cb95605e3c4bddc31526735527a0274e6319e094ad679553bc2af17a84d11"", ""5072dd2ba1eaae07b902c6d4494513472745a3af6793394a83f3833a71840eb9e1a1e172eed786c17dab285d0a5beb15a17423fcda1d7a834c3b066e58c537fd"", ""8c8d861030d331399ef8eca0f273245e75d36a5a36a3d5cd47ff74e57c083921f34f1f2cf45ec7f7f4544722f74a62380a017004a658919cde8e4d28f22d32e4""]"
FMOD0107,y9clIFY4,shield-api,Shield API,TheRedBrain,BACKGROUND_LIBRARY,MIT,"[""adventure"", ""equipment"", ""fabric"", ""library"", ""neoforge""]","[""adventure"", ""equipment"", ""fabric"", ""library"", ""neoforge""]",1777526,2024-07-09T20:18:42.953470+00:00,2025-10-27T15:39:29.437816+00:00,8,rdcTHSZH,2.2.0-fabric,2025-10-27T15:27:58.064763Z,shield_api-fabric-2.2.0.jar,https://cdn.modrinth.com/data/y9clIFY4/versions/rdcTHSZH/shield_api-fabric-2.2.0.jar,27b5d2bfbc424b201bae0ecd61266382fe219f98,0fb5427abb3afd0d742c15586162925d0ba1ee5031846f45676ee11b7ed0b792ce34f150f0b8be5c4cd90e9a24e5361921422339ee0ef85b9797a9e5722afe83,"[""xbrX7Ggk"", ""fllnpOlz"", ""gS70MjKr""]","[""2.1.0-fabric"", ""3.0.0+1.21.4"", ""2.0.2+1.21.1""]","[""2025-09-17T17:40:29.710253Z"", ""2025-01-04T11:58:44.184274Z"", ""2024-09-11T04:13:10.426598Z""]","[""shield_api-fabric-2.1.0.jar"", ""ShieldAPI-3.0.0+1.21.4.jar"", ""ShieldAPI-2.0.2+1.21.1.jar""]","[""https://cdn.modrinth.com/data/y9clIFY4/versions/xbrX7Ggk/shield_api-fabric-2.1.0.jar"", ""https://cdn.modrinth.com/data/y9clIFY4/versions/fllnpOlz/ShieldAPI-3.0.0%2B1.21.4.jar"", ""https://cdn.modrinth.com/data/y9clIFY4/versions/gS70MjKr/ShieldAPI-2.0.2%2B1.21.1.jar""]","[""42848b5c3cd2765674e139ebd5679e6c58362dd8"", ""e0a1b053ec693bd82a8322c5fe280dbc00e47166"", ""1e8efe5d3308c8e42ed29a86707f858b789f533c""]","[""b0997bbea8a91c91718c69f4e95f035ce493510eee59b733d4ec6f9847c0a3e050e2317d7d6f6190d8418166f0166998f6fa1d6be77f6b01e6cb3f1772e2672b"", ""7df56fc91569947679a6dbddd58065a610f1347eb1543f79ef6d4bd6a7f5bc46c3174c46be10de2862bbe2202b822d21a066273b364b44568613c49b43888804"", ""6e618f142156d50a91662dd6cb9c3eb65e8ffd4573977250d63ef2b537795b5ca0913ba2ae03af0fb1a3a0297eefd1b8daf332f0469bbc6e7e9bdee2123b306d""]"
FMOD0108,PM2j1xwl,fastjson4yacl,FASTJSON2 Serializer for YACL,VesMaybeVesper,BACKGROUND_LIBRARY,MIT,"[""fabric"", ""forge"", ""library"", ""neoforge"", ""optimization"", ""quilt""]","[""fabric"", ""forge"", ""library"", ""neoforge"", ""quilt""]",4098,2026-06-30T15:54:54.328480+00:00,2026-08-05T01:12:16.626003+00:00,34,g09HYsuL,1.0.5-fabric+26.1,2026-08-05T01:12:17.122696Z,fastjson4yacl-1.0.5-fabric+26.1.jar,https://cdn.modrinth.com/data/PM2j1xwl/versions/g09HYsuL/fastjson4yacl-1.0.5-fabric%2B26.1.jar,58ffc426342f4270d44e9d5232e2b905460150b4,c4f7cd16b50580caaaac284322f951e7ddd655ad04a911e5adb673708bcf3e0e6500a3d3fa3f5a5ae04d584e1bb46939bfdfddfe95b9be0de93e52c61b8c886c,"[""ysP2v7QX"", ""W5tz1QsA"", ""IXUU6VVK""]","[""1.0.5-fabric+1.21.5"", ""1.0.5-fabric+1.21.1"", ""1.0.5-fabric+1.20.1""]","[""2026-08-05T01:12:04.824662Z"", ""2026-08-05T01:11:53.910614Z"", ""2026-08-05T01:11:45.014052Z""]","[""fastjson4yacl-1.0.5-fabric+1.21.5.jar"", ""fastjson4yacl-1.0.5-fabric+1.21.1.jar"", ""fastjson4yacl-1.0.5-fabric+1.20.1.jar""]","[""https://cdn.modrinth.com/data/PM2j1xwl/versions/ysP2v7QX/fastjson4yacl-1.0.5-fabric%2B1.21.5.jar"", ""https://cdn.modrinth.com/data/PM2j1xwl/versions/W5tz1QsA/fastjson4yacl-1.0.5-fabric%2B1.21.1.jar"", ""https://cdn.modrinth.com/data/PM2j1xwl/versions/IXUU6VVK/fastjson4yacl-1.0.5-fabric%2B1.20.1.jar""]","[""db63de430e66853498e16a247168a56dcbb9e637"", ""72dba4ffdeee716b08dd7b9d4f720c09517867aa"", ""5234c4cbb5426456dfde111cabac8d4a79d92087""]","[""f783cbb8dc9854a93b67525ae0ff2e102d09aff9dd51722306f5efc781a1733f0dfe4796e5ba869c02e0ebd078ab323ee3e9914779df0ac9b14324fe9a336243"", ""f4c64680a559d4f269d623d8036fa163bdab49d5d38efc04c3b3c78600f70bf66dc020f0dfd5b576bbfb43dd3057a52213878e4001fc2784b9e2cd094762c704"", ""d188df393e9440db3eb4188d4b74eba9eef0fbc215f1259c56c16928ab1419a3670e2f8ad46fbfee53db59834c44c85ac5819952635cc0705c1447702114b5ef""]"
FMOD0109,LH6juGaI,too-many-shortcuts,Too Many Shortcuts,KingTux,BACKGROUND_LIBRARY,Apache-2.0,"[""fabric"", ""game-mechanics"", ""library"", ""utility""]","[""fabric"", ""game-mechanics"", ""library"", ""utility""]",78444,2024-07-03T17:57:51.880002+00:00,2026-08-08T18:20:08.220547+00:00,23,ot6j4eBl,0.0.20,2026-08-08T18:20:08.605461Z,too-many-shortcuts-0.0.20.jar,https://cdn.modrinth.com/data/LH6juGaI/versions/ot6j4eBl/too-many-shortcuts-0.0.20.jar,a652ce6ef42374ae2970ca8bd3e4b6cf482d3624,4acca20665cec52c8668edd69558a0ff8f7528327d61805a448b9ea9fa7356becb2574e3b0b760f75c4765b2746d3c26b27573a8a6107ab6f718659fe86333d0,"[""yWKDfijd"", ""8fnyNHEl"", ""SHwRGFJR""]","[""0.0.19"", ""0.0.18"", ""0.0.17""]","[""2026-06-16T22:18:51.559254Z"", ""2026-04-11T16:49:35.319912Z"", ""2026-04-05T21:17:49.754676Z""]","[""too-many-shortcuts-0.0.19.jar"", ""too-many-shortcuts-0.0.18.jar"", ""too-many-shortcuts-0.0.17.jar""]","[""https://cdn.modrinth.com/data/LH6juGaI/versions/yWKDfijd/too-many-shortcuts-0.0.19.jar"", ""https://cdn.modrinth.com/data/LH6juGaI/versions/8fnyNHEl/too-many-shortcuts-0.0.18.jar"", ""https://cdn.modrinth.com/data/LH6juGaI/versions/SHwRGFJR/too-many-shortcuts-0.0.17.jar""]","[""1b30990e5ef77233c259b310ab3b2f872d10fde5"", ""00dbe1b50c720082408ff0406aa0f42d6d6b82cd"", ""3bbb05386612856fed42395950147ade6a31339f""]","[""d95c967d925a432e13d7a6016a5292a50164be7e3bea41afbb14f02f35d99c7252874ef6bae57e9d9d372c249a53d2c255544a7e7401004c0d9118edcaa05822"", ""57fdeb51436f44e73be26a76edd39db46e4bb2104af4039b49751603e63bd62317e174e2a0cdbc378943f40c3e33b5172f82b1dc6a99e49c020fba5da16a67f6"", ""196eec4cfaf1b35da2a0194a4ee94500af134b4097d6aaf507505210fcf61c96a3aba149a4da5369dac9f60d1d89e0e855cd794176a51ba5d52a19b99a646ca6""]"
FMOD0110,J81TRJWm,konkrete,Konkrete,Keksuccino,BACKGROUND_LIBRARY,Apache-2.0,"[""fabric"", ""forge"", ""library"", ""neoforge""]","[""fabric"", ""forge"", ""library"", ""neoforge""]",56169885,2022-11-13T23:13:57.212151+00:00,2026-06-26T04:03:58.464542+00:00,48,Ra1AWDOa,1.11.1-26.2-fabric,2026-06-26T04:03:54.898573Z,konkrete_fabric_1.11.1_MC_26.2.jar,https://cdn.modrinth.com/data/J81TRJWm/versions/Ra1AWDOa/konkrete_fabric_1.11.1_MC_26.2.jar,5f7e89dc14016ae63a504780a1d2c2f50d1c0c7e,9679b1512ec7fd64a5ac49c2de24daabc6308956d7c5144e5c6d6f8ed5f6d40c3fa903ec329adf315a8ea806b841a49b6f5521edeec3ea114a9d2abef5e06154,"[""YnnkbRci"", ""Y6HGzcl3"", ""SBC2WlEa""]","[""1.11.0-26.2-fabric"", ""1.10.2-26.1.1-fabric"", ""1.10.1-26.1.1-fabric""]","[""2026-06-25T03:39:57.713260Z"", ""2026-05-14T19:44:23.958272Z"", ""2026-04-07T20:04:22.060912Z""]","[""konkrete_fabric_1.11.0_MC_26.2.jar"", ""konkrete_fabric_1.10.2_MC_26.1.1.jar"", ""konkrete_fabric_1.10.1_MC_26.1.1.jar""]","[""https://cdn.modrinth.com/data/J81TRJWm/versions/YnnkbRci/konkrete_fabric_1.11.0_MC_26.2.jar"", ""https://cdn.modrinth.com/data/J81TRJWm/versions/Y6HGzcl3/konkrete_fabric_1.10.2_MC_26.1.1.jar"", ""https://cdn.modrinth.com/data/J81TRJWm/versions/SBC2WlEa/konkrete_fabric_1.10.1_MC_26.1.1.jar""]","[""40efa4811837c1553fb5f7cbc7b29cea111aa93e"", ""c5eede203cd4b84662e79e06f03e441c0ca0922b"", ""210d9a4c8c70dc8695d719cc2bd8c89315360dec""]","[""ef3f196344536443a2bd9bad4ba56ac7b0dc1aa9a75742f51fb307d469f83233d601b789cc56250d9e3fc80732ad6106a794c99179ecf376d5966cff3330865c"", ""03790c7f83e6c6c0dce0dcb0143680972eb93d32f88094b83aedb5d6e99caba61b8c7cf985c7863f23b7df41aa1da3fb453ffc8e3807b90653a827fd02afe7e9"", ""7c6c529bf5e5eca1434b342cfeea669602d48c7138185c1c7b162d7d0cc46a92ab26ba061e29157632c8267b72ee09fd6f524c049d1ce2ca59df845b54bbe5be""]"
FMOD0111,RtC9KeUI,bits-chisels-fix-patcher,Bits & Chisel's FIX (Patcher),Tech,BACKGROUND_LIBRARY,MIT,"[""fabric"", ""game-mechanics"", ""library"", ""management"", ""optimization"", ""technology"", ""utility""]","[""fabric"", ""library"", ""optimization"", ""technology""]",329,2026-07-19T19:07:34.466756+00:00,2026-07-18T00:31:16.817484+00:00,4,GuYlmcJw,1.2.0-1.20.1,2026-07-18T00:31:19.280107Z,BitsAndChiselsPatcher-1.2.0-1.20.1.jar,https://cdn.modrinth.com/data/RtC9KeUI/versions/GuYlmcJw/BitsAndChiselsPatcher-1.2.0-1.20.1.jar,ae5e5f0897ca3fb72588509479135e07b7f5a49b,f679b9ad90627bce419e317e219ae56b959ea17941f411b1ec7829786a6f255af193e1a6504b67ee95c7929af0377b2db84ec3adf69dd2d587a42c7a85cdd5ab,"[""5UMmvFaY"", ""7FnX3Auq"", ""qk3qgbif""]","[""1.2.0-1.19.4"", ""1.2.0-1.19.2"", ""1.2.0-1.18.2""]","[""2026-07-18T00:30:43.848282Z"", ""2026-07-18T00:30:16.913042Z"", ""2026-07-18T00:29:46.942040Z""]","[""BitsAndChiselsPatcher-1.2.0-1.19.4.jar"", ""BitsAndChiselsPatcher-1.2.0-1.19.2.jar"", ""BitsAndChiselsPatcher-1.2.0-1.18.2.jar""]","[""https://cdn.modrinth.com/data/RtC9KeUI/versions/5UMmvFaY/BitsAndChiselsPatcher-1.2.0-1.19.4.jar"", ""https://cdn.modrinth.com/data/RtC9KeUI/versions/7FnX3Auq/BitsAndChiselsPatcher-1.2.0-1.19.2.jar"", ""https://cdn.modrinth.com/data/RtC9KeUI/versions/qk3qgbif/BitsAndChiselsPatcher-1.2.0-1.18.2.jar""]","[""45badbd40fe8167f0354687a953e1d980836f790"", ""a1956b7653a6168f6bfedf8757c77ec515116c2a"", ""6a4f10b91ad2296502f4d83b61959191b5ac5378""]","[""2656e5374a8750a32da900a789caf798b48c8dc941b925bd2e599542e0364d536825fede090fe535c91c949906276806fd5130a12ed7ba08431b060bd4463390"", ""adc0bb216ef5a0e64332641ecad33d6d3284ebb70778c70a8f766c03721de03f4e21be53396a25a02bd62a8eb9ef91f47bf2c9594b02f415ba54f150c65c8a6d"", ""f8b3085b3485e1060d00a81310874648cc843f0a9b3c65368b55412552a4d346f35490a35ea612788cff5758db458525a8bd159b5dc84bc717871850aab4f561""]"
FMOD0112,qbbO7Jns,emi-loot,EMI Loot,fzzyhmstrs,BACKGROUND_LIBRARY,MIT,"[""fabric"", ""forge"", ""library"", ""management"", ""neoforge"", ""quilt"", ""utility""]","[""fabric"", ""forge"", ""library"", ""management"", ""neoforge"", ""quilt"", ""utility""]",8139841,2022-09-25T22:21:01.350669+00:00,2026-01-04T16:33:40.710826+00:00,83,6uDAJNif,0.7.9+1.21+fabric,2026-01-04T16:33:41.380784Z,emi_loot-0.7.9+1.21+fabric.jar,https://cdn.modrinth.com/data/qbbO7Jns/versions/6uDAJNif/emi_loot-0.7.9%2B1.21%2Bfabric.jar,ff33446165a1b3d67d105e1d0733e285654a8a7a,e274a094e5469bd70134135a4a3319e24d7d0b33631cb8a6b013f9ee3c01b7ab23298fc7b698b2c8a1b474c725230ec8e28e984f51829f45083cf25210e52a93,"[""w5M7L68X"", ""DM8cLFKY"", ""vxly1O9p""]","[""0.7.9+1.20.6+fabric"", ""0.7.9+1.20.4+fabric"", ""0.7.9+1.20.1+fabric""]","[""2026-01-04T16:32:50.372619Z"", ""2026-01-04T16:31:35.425537Z"", ""2026-01-04T16:30:38.172379Z""]","[""emi_loot-0.7.9+1.20.6+fabric.jar"", ""emi_loot-0.7.9+1.20.4+fabric.jar"", ""emi_loot-0.7.9+1.20.1+fabric.jar""]","[""https://cdn.modrinth.com/data/qbbO7Jns/versions/w5M7L68X/emi_loot-0.7.9%2B1.20.6%2Bfabric.jar"", ""https://cdn.modrinth.com/data/qbbO7Jns/versions/DM8cLFKY/emi_loot-0.7.9%2B1.20.4%2Bfabric.jar"", ""https://cdn.modrinth.com/data/qbbO7Jns/versions/vxly1O9p/emi_loot-0.7.9%2B1.20.1%2Bfabric.jar""]","[""5b1a30dfce010d4138071f392a5cfdfded08caa4"", ""bf7c147338a2caa12d730b245f7c27143c317c82"", ""b968b5a439b12d2b70dbeb1141b574c88e1c5f95""]","[""cf49e580557e85d42bee36cf5d8b19d90ce205d44067572ed1bd86f0a8dedb2446e9fe546284f987a51fda75dd2f2d104272d70e2882f00696e87f46b3a01bc9"", ""0b1cfb4e948b3b2b8a1360e72393c932710ad25ee2c8bc0f722bd70482cfb714b78d1e4d46a485820ee7cea171ac92a8b5b745b6da72d769832802a0b37cbb9b"", ""52f46e46f06c133081dff5eb31a9f844eff8614ddcaa07d24455eab90ebfa50c5b6605494738de721af125e9180e4c13b985de9133e1a07e02a525bf701305c4""]"
FMOD0113,9vQsbY6Y,aggstack,AggStack,_375_,BACKGROUND_LIBRARY,MIT,"[""fabric"", ""game-mechanics"", ""library"", ""management"", ""storage"", ""technology"", ""utility""]","[""fabric"", ""game-mechanics"", ""storage"", ""utility""]",92,2026-04-29T23:03:11.438560+00:00,2026-08-06T04:50:31.282102+00:00,5,vr9kqbcj,1.3.0,2026-08-06T04:50:31.650511Z,agstack-1.3.0.jar,https://cdn.modrinth.com/data/9vQsbY6Y/versions/vr9kqbcj/agstack-1.3.0.jar,8d27c362cef6d9796c47ef48912003d31d0f6f57,3343e0f92ae3e09de9fe90ff42e29a6d1ac33915c98f61e1936a3b46d37127297bcb24896f7e467418a6ac8106cc98500cc3518c1c676417d14da558bcde3330,"[""CWzZLoQl"", ""44hHIKHn"", ""XDZeBrmU""]","[""1.2.1"", ""1.2.0"", ""1.1.1""]","[""2026-08-06T02:15:16.572152Z"", ""2026-08-05T08:22:53.527648Z"", ""2026-05-01T05:45:23.979158Z""]","[""agstack-1.2.1.jar"", ""agstack-1.2.0.jar"", ""agstack-1.1.1.jar""]","[""https://cdn.modrinth.com/data/9vQsbY6Y/versions/CWzZLoQl/agstack-1.2.1.jar"", ""https://cdn.modrinth.com/data/9vQsbY6Y/versions/44hHIKHn/agstack-1.2.0.jar"", ""https://cdn.modrinth.com/data/9vQsbY6Y/versions/XDZeBrmU/agstack-1.1.1.jar""]","[""abdff7cce4bd8d89f7dc94651cfbde7a1942b132"", ""36749bb58bcda3c4c25272654dd05d9a5bcb0d47"", ""a85bb8e1a9826ea44d1107957d7d2015626b0070""]","[""bf4b09461912d0015a79fdf67c6bbfacaf3f7823fb21bed4a979caa1e59107e25006f6806506d6b833f4fcde415ecee9daaf3ae39799440fa74a1f938760ecac"", ""b417e115e94b046a3195af8007bd1c8de1a2bfbd0c5a694602c2bbfe406c339263b876486d1753ac6f992895af5c0e15c3c6b75966e3e8831abf25ad09c01285"", ""17f3cd8fa0941955d4a52f9a9f6342110f1c324227def9117b4fa4c2e165f989041c68c9d3079d746fa02c4bc8f4ae240aae5743fbe8f0365750f5bbf26abfbf""]"
FMOD0114,3NCrJdj3,reborncore,Reborn Core,modmuss50,BACKGROUND_LIBRARY,MIT,"[""fabric"", ""forge"", ""library""]","[""fabric"", ""forge"", ""library""]",423257,2024-04-18T21:13:37+00:00,2026-08-08T17:32:32.147950+00:00,100,xiERLsCF,6.1.1,2026-08-08T17:32:32.576969Z,RebornCore-6.1.1.jar,https://cdn.modrinth.com/data/3NCrJdj3/versions/xiERLsCF/RebornCore-6.1.1.jar,bbcc2224d8a998f793b020512265e343622fd892,ea0f6ae342c3afe60005330d596c42646d83ec0dc19213828462aae688ab9dc37addf9dab13c15c125a2eeb0943136486eee6e33b5d7996c07b729a781f74202,"[""X7WfEYQ8"", ""mO9KoONc"", ""m2qllyws""]","[""6.1.0"", ""6.0.5"", ""6.0.4""]","[""2026-06-16T21:56:09.684083Z"", ""2026-06-03T12:46:13.850617Z"", ""2026-04-13T08:51:55.632164Z""]","[""RebornCore-6.1.0.jar"", ""RebornCore-6.0.5.jar"", ""RebornCore-6.0.4.jar""]","[""https://cdn.modrinth.com/data/3NCrJdj3/versions/X7WfEYQ8/RebornCore-6.1.0.jar"", ""https://cdn.modrinth.com/data/3NCrJdj3/versions/mO9KoONc/RebornCore-6.0.5.jar"", ""https://cdn.modrinth.com/data/3NCrJdj3/versions/m2qllyws/RebornCore-6.0.4.jar""]","[""10ec0ee7c1dd9158648eb4513ddc176cdc08b93f"", ""b356fb6f87f4d9378a8031b7b0d8edde589fcd91"", ""5b264f96e541416fbf5ae07248c897230dd85f2d""]","[""dbe88e09c7c677f81eb6208c04d797944249f254fb222f2e9658aa49d7f4af33e2035038f0574ebd657a376703dbc5e908b0dbc64b7584342e37896e55a2f0ce"", ""3395ab7f73bfef68fdcaf0e45fce17c5f107ad5824020358fe058260569a900911c0c05acf458e0a35d4f12b2aaf7299fff90bf63633e0434ad2c56b48b61b23"", ""5ada3df1ea4763e1bd7d33f060b70774dfb4230b5a734479f6a2acfa8d1e67a52cc506998e8dd529c24910f1104af38de61ef68cd73ffe249129dd4a3e57cbcf""]"
FMOD0115,K01OU20C,cardinal-components-api,Cardinal Components API,Ladysnake,BACKGROUND_LIBRARY,MIT,"[""fabric"", ""library"", ""quilt""]","[""fabric"", ""library"", ""quilt""]",14251994,2022-01-26T12:46:15.907492+00:00,2026-07-05T22:41:19.243100+00:00,45,HZMLTuxY,7.3.2,2026-07-05T22:41:20.023151Z,cardinal-components-api-7.3.2.jar,https://cdn.modrinth.com/data/K01OU20C/versions/HZMLTuxY/cardinal-components-api-7.3.2.jar,824bbaaae302bd3a09ccd65146cb93037db55c81,8a97604b1d34bc66231f4b10e4394325297e55340cf0abce49e63fea5be9a5983907f7cfa22464b5a643f95eaaae7b1c258e8c95119d526fbe7289a99e9c94d6,"[""d78LiKJ8"", ""RRJmyPMW"", ""2fyoMLJG""]","[""8.0.1"", ""8.0.0"", ""8.0.0-alpha.5+26.1""]","[""2026-07-05T21:56:47.757710Z"", ""2026-04-11T10:21:44.314181Z"", ""2026-04-02T22:45:15.948559Z""]","[""cardinal-components-api-8.0.1.jar"", ""cardinal-components-api-8.0.0.jar"", ""cardinal-components-api-8.0.0-alpha.5+26.1.jar""]","[""https://cdn.modrinth.com/data/K01OU20C/versions/d78LiKJ8/cardinal-components-api-8.0.1.jar"", ""https://cdn.modrinth.com/data/K01OU20C/versions/RRJmyPMW/cardinal-components-api-8.0.0.jar"", ""https://cdn.modrinth.com/data/K01OU20C/versions/2fyoMLJG/cardinal-components-api-8.0.0-alpha.5%2B26.1.jar""]","[""7983337a3ae2be07c8f9d2430ca3bd1965da87af"", ""a8d1f4ee563b2dc8b3a9cdf03089def386f2ad65"", ""79db806fcbb4226a9e43f5896ef197b9361d6f95""]","[""6c3507d9b2de856cf5ecb428c8cc038cfdfcf3f0756a2370dae3f6d6204d5315d5afbcf8b2c8fb5bb03a35d70a6401cb53574beb3b2ce52560b0b254d3c346c4"", ""046a6b7a7f4ded21735f97d50a140a228ee3558b1e78153ff7b5d530a04a150d6a40c914bcb6a469b347064df05227a21807882bdaf88e1d7226adf713202466"", ""fbcf5ec45b34234894e05c5494a16c0f7f6484f5191e9f8881c85634feac6aaa510254f8d442e0e2c7a2252a93e6cd1d01cecd2e902d5c60cf12099a67f1c38c""]"
FMOD0116,CVdyYsTz,kielsons-api,Kielson's API,Kielson,BACKGROUND_LIBRARY,MIT,"[""fabric"", ""library""]","[""fabric"", ""library""]",1973,2024-07-21T21:27:15.141212+00:00,2026-08-06T16:33:51.492983+00:00,31,eLGaQkgF,1.4.2-26.2,2026-08-06T16:33:52.437739Z,kielsonsapi-1.4.2-26.2.jar,https://cdn.modrinth.com/data/CVdyYsTz/versions/eLGaQkgF/kielsonsapi-1.4.2-26.2.jar,88c00e4e046823bbd5b24e6ac81150d96a33bfd4,e4b1ec1544b841d01de2a702a4bad485f82acb08145800b14907c923475249549fffc8a9c4b3d6f1b34407f5cd96de7a18cb0d6d28aaea0aeffcf51df3d98411,"[""bFWaFnaB"", ""itk4Qb5g"", ""UOUJuIHN""]","[""1.4.1-26.2"", ""1.4-26.2"", ""1.3.1-26.2""]","[""2026-08-06T14:51:20.426436Z"", ""2026-08-05T16:04:30.408777Z"", ""2026-08-04T10:54:24.411512Z""]","[""kielsonsapi-1.4.1-26.2.jar"", ""kielsonsapi-1.4-26.2.jar"", ""kielsonsapi-1.3.1-26.2.jar""]","[""https://cdn.modrinth.com/data/CVdyYsTz/versions/bFWaFnaB/kielsonsapi-1.4.1-26.2.jar"", ""https://cdn.modrinth.com/data/CVdyYsTz/versions/itk4Qb5g/kielsonsapi-1.4-26.2.jar"", ""https://cdn.modrinth.com/data/CVdyYsTz/versions/UOUJuIHN/kielsonsapi-1.3.1-26.2.jar""]","[""285f19321f3241cb9d4e83b0ed2af9f37d07f822"", ""b997be4c90eff8b52b0c2f55590bf26eba46924b"", ""38985e0c8f496dc6cca35f24a84d2d905f26bb22""]","[""a566710df80cc6bffd2f012e978941a5fa35e3038a03005df01837583efec13168a9b1ec3f0ed7a5189e16c789dae137a289117d4e64c983acda7cdcfa9dab6d"", ""5fdf31052e339326d83fccb6cccada96ca55c969cf380d8e6ab2b636052875b836b9d50159f2d99b5b4a5af604a356bec140909655d5e6d7907debc7608b4675"", ""62f64560b06d4f08538933bd9871721c739c2950516ffb4a444d92ff12f734fd1d2437e4ae61f031d91b8448bb7924b16ebcd1a15831fd5b9e9fe24be3aac86f""]"
FMOD0117,i0kFEYqV,gui-api,GUI API,tickwarden,BACKGROUND_LIBRARY,MIT,"[""fabric"", ""library"", ""technology"", ""utility""]","[""fabric"", ""library"", ""technology"", ""utility""]",173,2026-05-17T22:57:04.541073+00:00,2026-08-09T13:13:06.026096+00:00,9,sPwMQ46D,1.0.6+26.2,2026-08-09T13:13:06.412450Z,guiapi-1.0.6+26.2.jar,https://cdn.modrinth.com/data/i0kFEYqV/versions/sPwMQ46D/guiapi-1.0.6%2B26.2.jar,40395c2cc8f9622b70755d4f03fa9cb258bddf8e,7df0f2332485587b62410e414041a422963f8f77fa40d394e2bb5bf94b4ce6c379644d0c2a3c4495edf7c49767014fe745822b3a45b95f68513a6e3f2026485f,"[""FYAIhldH"", ""Od0FRnlL"", ""eLiPgGhL""]","[""1.0.5+1.21.8"", ""1.0.4+1.21.8"", ""1.0.3-fixed""]","[""2026-06-08T09:55:38.403339Z"", ""2026-06-07T11:40:39.340237Z"", ""2026-05-31T11:59:25.123934Z""]","[""guiapi-1.0.5+1.21.8.jar"", ""guiapi-1.0.4+1.21.8.jar"", ""guiapi-1.0.3.jar""]","[""https://cdn.modrinth.com/data/i0kFEYqV/versions/FYAIhldH/guiapi-1.0.5%2B1.21.8.jar"", ""https://cdn.modrinth.com/data/i0kFEYqV/versions/Od0FRnlL/guiapi-1.0.4%2B1.21.8.jar"", ""https://cdn.modrinth.com/data/i0kFEYqV/versions/eLiPgGhL/guiapi-1.0.3.jar""]","[""f831ce80f99442aa8aecf25267516741bf764c8d"", ""0a1f235ac646b015d4249aaa382ceb77d041834b"", ""a970f6af17c81006ffb1e9ed853b55e5ecc0b946""]","[""cde5c5bce11eec915e6d6a9dc3c25a623ee6a0c8260511668228c4f6e8573da3a609968bd42a77d13014c30d862595175fa738271cd72404896424d979aca9b2"", ""804cc5e98aa1ffd84ac928b4da22f4280a1c548b14d9604edbcc3fac12b7537f08175a731a1975a3285ec815b077471e3fe90cfa89c3488371be0aee5e3bfc0c"", ""d70a3c9a2023bbc61be7aeaffeef07e01a96c2cba33e741c9e228deefb67fdcf5a90374f58b9fe500c9a077152763f890a64561f58e01c8c07f4c4cab1e74414""]"
FMOD0118,P1Kv5EAO,necronomicon,Necronomicon API,ElocinDev,BACKGROUND_LIBRARY,MIT,"[""fabric"", ""forge"", ""library"", ""neoforge"", ""quilt""]","[""fabric"", ""forge"", ""library"", ""neoforge"", ""quilt""]",12318480,2023-11-23T19:33:23.537135+00:00,2024-10-01T04:14:05.888081+00:00,7,O6odCETu,1.6.0+1.21,2024-10-01T04:14:06.947470Z,Necronomicon-Fabric-1.6.0+1.21.jar,https://cdn.modrinth.com/data/P1Kv5EAO/versions/O6odCETu/Necronomicon-Fabric-1.6.0%2B1.21.jar,b6ac70d9ecac570f56e75db81d8281976fea1357,0deeb7ed7914994bf274547d7c665be460a27a2526adc00f3708b257bab8b51204dc6c8b3b2259440c57b3ebfeaa3d8ca9e9c4308f0265a041233dbeb5eae2af,"[""bgc6xYvl"", ""r92ZEpb7"", ""twWimVNr""]","[""1.6.0+1.20.1"", ""1.5.0"", ""1.4.2""]","[""2024-10-01T04:12:31.988179Z"", ""2024-08-20T21:43:48.558243Z"", ""2024-02-08T23:40:02.699921Z""]","[""Necronomicon-Fabric-1.6.0+1.20.1.jar"", ""Necronomicon-Fabric-1.5.0+1.21.jar"", ""Necronomicon-Fabric-1.4.2.jar""]","[""https://cdn.modrinth.com/data/P1Kv5EAO/versions/bgc6xYvl/Necronomicon-Fabric-1.6.0%2B1.20.1.jar"", ""https://cdn.modrinth.com/data/P1Kv5EAO/versions/r92ZEpb7/Necronomicon-Fabric-1.5.0%2B1.21.jar"", ""https://cdn.modrinth.com/data/P1Kv5EAO/versions/twWimVNr/Necronomicon-Fabric-1.4.2.jar""]","[""86e4ba3727be9ef8816844aa15f45db099ecb858"", ""a7ae0d8003d641fc505935bdd85859db1c07a66a"", ""563eef8154c73e099012f58f1b12a011e9d2b5b2""]","[""c412d5e028085b6b21c611b3d2c60bbc9f4aae442bb448e80a40a44568d715415d5713f1bdc7e023937e7f7d50e855b47dd31e4fed4cfb856f709c0c0996e782"", ""5c69a6a685d78b4ca9bc57a50d88eca7adbde4c01d9383f5ea015a82a6d8848f4cb44932449dbc05e2f32e7c20d6ed6a57184bad38a758f645fb864c7230a4da"", ""9b26e0c64a9c391894a9dd9d125c9e871aef32197b137a38c56516a7abb4b0f01a881003e70d5defa1ad7dcea357fbce366cb6417400d4924cb03fa4653c1fc8""]"
FMOD0119,ufdDoWPd,kiwi,Kiwi 🥝,Snownee,BACKGROUND_LIBRARY,MIT,"[""fabric"", ""forge"", ""library"", ""neoforge"", ""quilt""]","[""fabric"", ""forge"", ""library"", ""neoforge"", ""quilt""]",19726407,2022-12-11T01:39:26.526326+00:00,2026-08-02T14:50:22.465775+00:00,80,G8gDBRJv,15.8.8+fabric,2026-07-28T10:09:38.023829Z,Kiwi-1.21.1-Fabric-15.8.8.jar,https://cdn.modrinth.com/data/ufdDoWPd/versions/G8gDBRJv/Kiwi-1.21.1-Fabric-15.8.8.jar,16110734225e99f7da3497368361b8ee89f98db4,ef44c9a97d49e0fd857ca1a8ec9f4d188dbfb7f77bd5b12a380e391c5de2c4d3af3e7758879d5bddb8b3594c610c09dc6f0636d754bf61679f33ed85258ee180,"[""mndYjPVN"", ""9Ckf0DcF"", ""os85JYJa""]","[""26.0.16+fabric"", ""26.0.15+fabric"", ""15.8.7+fabric""]","[""2026-07-28T09:08:28.734579Z"", ""2026-07-24T19:27:41.660319Z"", ""2026-07-13T05:29:10.845595Z""]","[""Kiwi-mc26.1-Fabric-26.0.16.jar"", ""Kiwi-mc26.1-Fabric-26.0.15.jar"", ""Kiwi-1.21.1-Fabric-15.8.7.jar""]","[""https://cdn.modrinth.com/data/ufdDoWPd/versions/mndYjPVN/Kiwi-mc26.1-Fabric-26.0.16.jar"", ""https://cdn.modrinth.com/data/ufdDoWPd/versions/9Ckf0DcF/Kiwi-mc26.1-Fabric-26.0.15.jar"", ""https://cdn.modrinth.com/data/ufdDoWPd/versions/os85JYJa/Kiwi-1.21.1-Fabric-15.8.7.jar""]","[""a39f83a760220c26823eb5ae0d5dd9a00f0adca8"", ""0277e8fded7db702a6ab6251b8e9e9a5d2ce42ae"", ""41348ed0b553762186ff2a145b245d8088bfac61""]","[""dd3ae025b1cafe40670453833981563d83f0ca82cc9d9d63203ce391f05005012a116332ceff959b858adb2e47b2b984533da29924e49a4eeb241eeb7d23db32"", ""17b8d0653e3601b2ba0afeb2c2f87a992309243b81838f7cc2b6ebccbc501421cffeea8674bde1bcad0a3150001c595c27f3665fc48e032b2902409319cef487"", ""2e434e298c4cbb5bb177ca094b4451c2b72e34de7e4d1d91400396c740a634c6f5ef356b1499fff6ea642357c981201b5ab0654d93303cadc287b1b871d3e620""]"
FMOD0120,nT86WUER,unilib,UniLib,CDAGaming,BACKGROUND_LIBRARY,MIT,"[""fabric"", ""forge"", ""library"", ""modloader"", ""neoforge"", ""quilt"", ""rift"", ""utility""]","[""fabric"", ""forge"", ""library"", ""modloader"", ""neoforge"", ""quilt"", ""rift"", ""utility""]",9060844,2024-07-31T06:02:06.364111+00:00,2026-06-18T20:23:46.380383+00:00,631,jmug71pF,1.2.1+26.2-fabric,2026-06-18T20:23:40.896543Z,UniLib-1.2.1+26.2-fabric.jar,https://cdn.modrinth.com/data/nT86WUER/versions/jmug71pF/UniLib-1.2.1%2B26.2-fabric.jar,ee3e1bc9a403368414a35e81b5334fffabb11bcb,090d0a162cc413cac9849682cf2b6bdb9a8b4e511e5363e33e85f85d13f06082b19d3816e078351636f1b11d9d3e3e09c9e19a81c24e6822d86e99f53d58da40,"[""dIHfRr0V"", ""nVMUC11U"", ""i20Utu4F""]","[""1.2.1+26.1.2-fabric"", ""1.2.1+26.1-fabric"", ""1.2.1+26.1-rc-2-fabric""]","[""2026-04-10T05:50:42.150782Z"", ""2026-03-25T20:15:11.970881Z"", ""2026-03-22T00:26:20.808119Z""]","[""UniLib-1.2.1+26.1.2-fabric.jar"", ""UniLib-1.2.1+26.1-fabric.jar"", ""UniLib-Staging-1.2.1+26.1-rc-2-fabric.jar""]","[""https://cdn.modrinth.com/data/nT86WUER/versions/dIHfRr0V/UniLib-1.2.1%2B26.1.2-fabric.jar"", ""https://cdn.modrinth.com/data/nT86WUER/versions/nVMUC11U/UniLib-1.2.1%2B26.1-fabric.jar"", ""https://cdn.modrinth.com/data/nT86WUER/versions/i20Utu4F/UniLib-Staging-1.2.1%2B26.1-rc-2-fabric.jar""]","[""1eb8c27443a3f916d623cd75e2d9273c1e43985a"", ""27fce695680137639c43047eb8e574aed122613b"", ""9bc097f2364476ce391e521f5d40d18e4a864969""]","[""03f24ac92a8637270d5c3f81f3949ed5cff855eac23a2ca8db2fcddf1b5aaf37d9160d592a5351a1ab071859039cbf8f4804958ae4294b7ea61c4974371268c1"", ""0ebaea53d9afc1f47b0e4111ae9e870f21c8bdbe357e59124acbf25a30e6439d7d8ec62df811dc03062f995c051a7887647d98cfd29b6d1c9b502e5f48be9eb7"", ""cdacd29de99bfa44f539717e5a40fa71610a54d729882edbf24366b5db158f3d8347441c86bafc963cd2ce9417e79aed6b2c920316975b1b77018499e834ac01""]"
