config,query_id,shortlist_parent_count,candidate_pool_count,known_true_parent_count,known_parent_recall,all_known_true_parents_present,exact_top10_overlap,exact_top10_identical,ann_candidate_generation_and_rerank_ms,candidate_pool,exact_candidate_pool
FAST,Q6K00181,8,8,1,1.0,True,0.4,False,0.61998,"[""FMOD0077"", ""FMOD0023"", ""FMOD0119"", ""FMOD0120"", ""FMOD0036"", ""FMOD0035"", ""FMOD0102"", ""FMOD0004""]","[""FMOD0077"", ""FMOD0005"", ""FMOD0023"", ""FMOD0069"", ""FMOD0083"", ""FMOD0119"", ""FMOD0025"", ""FMOD0067"", ""FMOD0120"", ""FMOD0110""]"
FAST,Q6K00182,34,10,1,1.0,True,1.0,True,0.426367,"[""FMOD0001"", ""FMOD0035"", ""FMOD0055"", ""FMOD0080"", ""FMOD0023"", ""FMOD0110"", ""FMOD0043"", ""FMOD0102"", ""FMOD0120"", ""FMOD0096""]","[""FMOD0001"", ""FMOD0035"", ""FMOD0055"", ""FMOD0080"", ""FMOD0023"", ""FMOD0110"", ""FMOD0043"", ""FMOD0102"", ""FMOD0120"", ""FMOD0096""]"
FAST,Q6K00183,31,10,1,1.0,True,1.0,True,0.425528,"[""FMOD0023"", ""FMOD0036"", ""FMOD0119"", ""FMOD0035"", ""FMOD0120"", ""FMOD0102"", ""FMOD0110"", ""FMOD0075"", ""FMOD0005"", ""FMOD0077""]","[""FMOD0023"", ""FMOD0036"", ""FMOD0119"", ""FMOD0035"", ""FMOD0120"", ""FMOD0102"", ""FMOD0110"", ""FMOD0075"", ""FMOD0005"", ""FMOD0077""]"
FAST,Q6K00184,24,10,1,1.0,True,0.9,False,0.718462,"[""FMOD0004"", ""FMOD0067"", ""FMOD0113"", ""FMOD0036"", ""FMOD0110"", ""FMOD0024"", ""FMOD0083"", ""FMOD0035"", ""FMOD0025"", ""FMOD0075""]","[""FMOD0004"", ""FMOD0067"", ""FMOD0113"", ""FMOD0036"", ""FMOD0110"", ""FMOD0024"", ""FMOD0043"", ""FMOD0083"", ""FMOD0035"", ""FMOD0025""]"
FAST,Q6K00185,13,10,1,1.0,True,0.8,False,0.472637,"[""FMOD0096"", ""FMOD0023"", ""FMOD0119"", ""FMOD0035"", ""FMOD0069"", ""FMOD0102"", ""FMOD0055"", ""FMOD0036"", ""FMOD0079"", ""FMOD0077""]","[""FMOD0096"", ""FMOD0023"", ""FMOD0120"", ""FMOD0119"", ""FMOD0035"", ""FMOD0069"", ""FMOD0102"", ""FMOD0055"", ""FMOD0005"", ""FMOD0036""]"
FAST,Q6K00186,8,8,1,1.0,True,0.4,False,0.388082,"[""FMOD0077"", ""FMOD0023"", ""FMOD0120"", ""FMOD0119"", ""FMOD0036"", ""FMOD0035"", ""FMOD0102"", ""FMOD0004""]","[""FMOD0077"", ""FMOD0023"", ""FMOD0086"", ""FMOD0110"", ""FMOD0067"", ""FMOD0069"", ""FMOD0005"", ""FMOD0120"", ""FMOD0119"", ""FMOD0025""]"
FAST,Q6K00187,24,10,1,1.0,True,0.8,False,0.402378,"[""FMOD0086"", ""FMOD0050"", ""FMOD0110"", ""FMOD0036"", ""FMOD0069"", ""FMOD0119"", ""FMOD0077"", ""FMOD0120"", ""FMOD0035"", ""FMOD0043""]","[""FMOD0086"", ""FMOD0050"", ""FMOD0024"", ""FMOD0110"", ""FMOD0036"", ""FMOD0069"", ""FMOD0119"", ""FMOD0077"", ""FMOD0120"", ""FMOD0044""]"
FAST,Q6K00188,34,10,1,1.0,True,1.0,True,0.385908,"[""FMOD0001"", ""FMOD0086"", ""FMOD0035"", ""FMOD0119"", ""FMOD0110"", ""FMOD0120"", ""FMOD0036"", ""FMOD0055"", ""FMOD0102"", ""FMOD0005""]","[""FMOD0001"", ""FMOD0086"", ""FMOD0035"", ""FMOD0119"", ""FMOD0110"", ""FMOD0120"", ""FMOD0036"", ""FMOD0055"", ""FMOD0102"", ""FMOD0005""]"
FAST,Q6K00189,6,6,1,1.0,True,0.5,False,0.415952,"[""FMOD0087"", ""FMOD0102"", ""FMOD0119"", ""FMOD0036"", ""FMOD0091"", ""FMOD0076""]","[""FMOD0087"", ""FMOD0102"", ""FMOD0119"", ""FMOD0079"", ""FMOD0055"", ""FMOD0051"", ""FMOD0036"", ""FMOD0091"", ""FMOD0005"", ""FMOD0023""]"
FAST,Q6K00190,33,10,1,1.0,True,1.0,True,0.416537,"[""FMOD0050"", ""FMOD0086"", ""FMOD0069"", ""FMOD0025"", ""FMOD0120"", ""FMOD0119"", ""FMOD0102"", ""FMOD0005"", ""FMOD0033"", ""FMOD0035""]","[""FMOD0050"", ""FMOD0086"", ""FMOD0069"", ""FMOD0025"", ""FMOD0120"", ""FMOD0119"", ""FMOD0102"", ""FMOD0005"", ""FMOD0033"", ""FMOD0035""]"
FAST,Q6K00191,20,10,1,1.0,True,0.6,False,0.366838,"[""FMOD0086"", ""FMOD0050"", ""FMOD0119"", ""FMOD0077"", ""FMOD0120"", ""FMOD0069"", ""FMOD0005"", ""FMOD0102"", ""FMOD0113"", ""FMOD0035""]","[""FMOD0086"", ""FMOD0050"", ""FMOD0024"", ""FMOD0036"", ""FMOD0119"", ""FMOD0077"", ""FMOD0120"", ""FMOD0110"", ""FMOD0044"", ""FMOD0069""]"
FAST,Q6K00192,15,10,1,1.0,True,0.7,False,0.385567,"[""FMOD0086"", ""FMOD0050"", ""FMOD0024"", ""FMOD0036"", ""FMOD0069"", ""FMOD0110"", ""FMOD0102"", ""FMOD0055"", ""FMOD0025"", ""FMOD0119""]","[""FMOD0086"", ""FMOD0050"", ""FMOD0024"", ""FMOD0120"", ""FMOD0036"", ""FMOD0069"", ""FMOD0080"", ""FMOD0110"", ""FMOD0102"", ""FMOD0023""]"
FAST,Q6K00193,35,10,1,1.0,True,1.0,True,0.400981,"[""FMOD0025"", ""FMOD0069"", ""FMOD0023"", ""FMOD0055"", ""FMOD0096"", ""FMOD0080"", ""FMOD0102"", ""FMOD0120"", ""FMOD0077"", ""FMOD0119""]","[""FMOD0025"", ""FMOD0069"", ""FMOD0023"", ""FMOD0055"", ""FMOD0096"", ""FMOD0080"", ""FMOD0102"", ""FMOD0120"", ""FMOD0077"", ""FMOD0119""]"
FAST,Q6K00194,7,7,1,1.0,True,0.5,False,0.436317,"[""FMOD0083"", ""FMOD0102"", ""FMOD0035"", ""FMOD0069"", ""FMOD0120"", ""FMOD0055"", ""FMOD0110""]","[""FMOD0083"", ""FMOD0102"", ""FMOD0036"", ""FMOD0035"", ""FMOD0119"", ""FMOD0069"", ""FMOD0079"", ""FMOD0120"", ""FMOD0077"", ""FMOD0023""]"
FAST,Q6K00195,7,7,1,1.0,True,0.4,False,0.381697,"[""FMOD0061"", ""FMOD0083"", ""FMOD0119"", ""FMOD0120"", ""FMOD0110"", ""FMOD0025"", ""FMOD0073""]","[""FMOD0061"", ""FMOD0083"", ""FMOD0102"", ""FMOD0091"", ""FMOD0023"", ""FMOD0035"", ""FMOD0069"", ""FMOD0119"", ""FMOD0120"", ""FMOD0036""]"
FAST,Q6K00196,30,10,1,1.0,True,1.0,True,0.417969,"[""FMOD0025"", ""FMOD0033"", ""FMOD0035"", ""FMOD0050"", ""FMOD0069"", ""FMOD0077"", ""FMOD0086"", ""FMOD0102"", ""FMOD0113"", ""FMOD0119""]","[""FMOD0025"", ""FMOD0033"", ""FMOD0035"", ""FMOD0050"", ""FMOD0069"", ""FMOD0077"", ""FMOD0086"", ""FMOD0102"", ""FMOD0113"", ""FMOD0119""]"
FAST,Q6K00197,35,10,1,1.0,True,1.0,True,0.417667,"[""FMOD0069"", ""FMOD0102"", ""FMOD0119"", ""FMOD0005"", ""FMOD0120"", ""FMOD0033"", ""FMOD0036"", ""FMOD0110"", ""FMOD0105"", ""FMOD0079""]","[""FMOD0069"", ""FMOD0102"", ""FMOD0119"", ""FMOD0005"", ""FMOD0120"", ""FMOD0033"", ""FMOD0036"", ""FMOD0110"", ""FMOD0105"", ""FMOD0079""]"
FAST,Q6K00198,30,10,1,1.0,True,1.0,True,0.371508,"[""FMOD0043"", ""FMOD0023"", ""FMOD0035"", ""FMOD0102"", ""FMOD0096"", ""FMOD0069"", ""FMOD0119"", ""FMOD0024"", ""FMOD0079"", ""FMOD0025""]","[""FMOD0043"", ""FMOD0023"", ""FMOD0035"", ""FMOD0102"", ""FMOD0096"", ""FMOD0069"", ""FMOD0119"", ""FMOD0024"", ""FMOD0079"", ""FMOD0025""]"
FAST,Q6K00199,36,10,1,1.0,True,1.0,True,0.363884,"[""FMOD0067"", ""FMOD0069"", ""FMOD0102"", ""FMOD0119"", ""FMOD0120"", ""FMOD0023"", ""FMOD0036"", ""FMOD0005"", ""FMOD0110"", ""FMOD0035""]","[""FMOD0067"", ""FMOD0069"", ""FMOD0102"", ""FMOD0119"", ""FMOD0120"", ""FMOD0023"", ""FMOD0036"", ""FMOD0005"", ""FMOD0110"", ""FMOD0035""]"
FAST,Q6K00200,2,2,1,1.0,True,0.2,False,0.355785,"[""FMOD0051"", ""FMOD0120""]","[""FMOD0051"", ""FMOD0023"", ""FMOD0035"", ""FMOD0016"", ""FMOD0120"", ""FMOD0079"", ""FMOD0119"", ""FMOD0055"", ""FMOD0102"", ""FMOD0087""]"
FAST,Q6K00201,4,4,1,1.0,True,0.3,False,0.374609,"[""FMOD0066"", ""FMOD0055"", ""FMOD0005"", ""FMOD0050""]","[""FMOD0066"", ""FMOD0055"", ""FMOD0036"", ""FMOD0102"", ""FMOD0120"", ""FMOD0096"", ""FMOD0079"", ""FMOD0017"", ""FMOD0005"", ""FMOD0119""]"
FAST,Q6K00202,6,6,1,1.0,True,0.4,False,0.393477,"[""FMOD0087"", ""FMOD0091"", ""FMOD0036"", ""FMOD0119"", ""FMOD0102"", ""FMOD0076""]","[""FMOD0087"", ""FMOD0023"", ""FMOD0035"", ""FMOD0079"", ""FMOD0022"", ""FMOD0091"", ""FMOD0036"", ""FMOD0016"", ""FMOD0055"", ""FMOD0119""]"
FAST,Q6K00203,13,10,1,1.0,True,0.8,False,0.397185,"[""FMOD0102"", ""FMOD0079"", ""FMOD0119"", ""FMOD0120"", ""FMOD0110"", ""FMOD0036"", ""FMOD0035"", ""FMOD0033"", ""FMOD0077"", ""FMOD0005""]","[""FMOD0102"", ""FMOD0079"", ""FMOD0119"", ""FMOD0120"", ""FMOD0110"", ""FMOD0069"", ""FMOD0036"", ""FMOD0035"", ""FMOD0025"", ""FMOD0033""]"
FAST,Q6K00204,33,10,1,1.0,True,1.0,True,0.367066,"[""FMOD0050"", ""FMOD0086"", ""FMOD0069"", ""FMOD0025"", ""FMOD0120"", ""FMOD0119"", ""FMOD0102"", ""FMOD0005"", ""FMOD0035"", ""FMOD0033""]","[""FMOD0050"", ""FMOD0086"", ""FMOD0069"", ""FMOD0025"", ""FMOD0120"", ""FMOD0119"", ""FMOD0102"", ""FMOD0005"", ""FMOD0035"", ""FMOD0033""]"
FAST,Q6K00205,9,9,1,1.0,True,0.5,False,0.379747,"[""FMOD0051"", ""FMOD0023"", ""FMOD0035"", ""FMOD0016"", ""FMOD0120"", ""FMOD0036"", ""FMOD0077"", ""FMOD0014"", ""FMOD0022""]","[""FMOD0051"", ""FMOD0023"", ""FMOD0035"", ""FMOD0016"", ""FMOD0119"", ""FMOD0102"", ""FMOD0055"", ""FMOD0079"", ""FMOD0069"", ""FMOD0120""]"
FAST,Q6K00206,11,10,1,1.0,True,0.5,False,0.381366,"[""FMOD0016"", ""FMOD0102"", ""FMOD0023"", ""FMOD0035"", ""FMOD0091"", ""FMOD0110"", ""FMOD0055"", ""FMOD0040"", ""FMOD0075"", ""FMOD0022""]","[""FMOD0016"", ""FMOD0102"", ""FMOD0031"", ""FMOD0023"", ""FMOD0035"", ""FMOD0033"", ""FMOD0051"", ""FMOD0119"", ""FMOD0091"", ""FMOD0120""]"
FAST,Q6K00207,12,10,1,1.0,True,0.8,False,0.406937,"[""FMOD0023"", ""FMOD0035"", ""FMOD0120"", ""FMOD0102"", ""FMOD0069"", ""FMOD0119"", ""FMOD0077"", ""FMOD0079"", ""FMOD0036"", ""FMOD0091""]","[""FMOD0023"", ""FMOD0035"", ""FMOD0120"", ""FMOD0102"", ""FMOD0069"", ""FMOD0119"", ""FMOD0077"", ""FMOD0110"", ""FMOD0079"", ""FMOD0053""]"
FAST,Q6K00208,14,10,1,1.0,True,0.6,False,0.366882,"[""FMOD0102"", ""FMOD0079"", ""FMOD0023"", ""FMOD0055"", ""FMOD0036"", ""FMOD0120"", ""FMOD0119"", ""FMOD0083"", ""FMOD0040"", ""FMOD0033""]","[""FMOD0102"", ""FMOD0079"", ""FMOD0023"", ""FMOD0055"", ""FMOD0035"", ""FMOD0036"", ""FMOD0014"", ""FMOD0091"", ""FMOD0120"", ""FMOD0043""]"
FAST,Q6K00209,8,8,1,1.0,True,0.6,False,0.355664,"[""FMOD0089"", ""FMOD0079"", ""FMOD0102"", ""FMOD0119"", ""FMOD0120"", ""FMOD0035"", ""FMOD0023"", ""FMOD0008""]","[""FMOD0089"", ""FMOD0079"", ""FMOD0067"", ""FMOD0102"", ""FMOD0110"", ""FMOD0119"", ""FMOD0024"", ""FMOD0120"", ""FMOD0036"", ""FMOD0035""]"
FAST,Q6K00210,6,6,1,1.0,True,0.5,False,0.385688,"[""FMOD0023"", ""FMOD0069"", ""FMOD0119"", ""FMOD0055"", ""FMOD0079"", ""FMOD0053""]","[""FMOD0023"", ""FMOD0035"", ""FMOD0016"", ""FMOD0069"", ""FMOD0119"", ""FMOD0055"", ""FMOD0102"", ""FMOD0120"", ""FMOD0036"", ""FMOD0079""]"
FAST,Q6K00211,22,10,1,1.0,True,1.0,True,0.437133,"[""FMOD0053"", ""FMOD0120"", ""FMOD0035"", ""FMOD0110"", ""FMOD0102"", ""FMOD0119"", ""FMOD0069"", ""FMOD0079"", ""FMOD0083"", ""FMOD0023""]","[""FMOD0053"", ""FMOD0120"", ""FMOD0035"", ""FMOD0110"", ""FMOD0102"", ""FMOD0119"", ""FMOD0069"", ""FMOD0079"", ""FMOD0083"", ""FMOD0023""]"
FAST,Q6K00212,9,9,1,1.0,True,0.4,False,0.36588,"[""FMOD0060"", ""FMOD0023"", ""FMOD0075"", ""FMOD0102"", ""FMOD0055"", ""FMOD0079"", ""FMOD0069"", ""FMOD0051"", ""FMOD0066""]","[""FMOD0060"", ""FMOD0023"", ""FMOD0075"", ""FMOD0096"", ""FMOD0102"", ""FMOD0036"", ""FMOD0043"", ""FMOD0120"", ""FMOD0083"", ""FMOD0024""]"
FAST,Q6K00213,6,6,1,1.0,True,0.4,False,0.353531,"[""FMOD0087"", ""FMOD0091"", ""FMOD0036"", ""FMOD0119"", ""FMOD0102"", ""FMOD0076""]","[""FMOD0087"", ""FMOD0023"", ""FMOD0035"", ""FMOD0079"", ""FMOD0091"", ""FMOD0022"", ""FMOD0036"", ""FMOD0016"", ""FMOD0055"", ""FMOD0119""]"
FAST,Q6K00214,12,10,1,1.0,True,0.7,False,0.463618,"[""FMOD0044"", ""FMOD0120"", ""FMOD0119"", ""FMOD0035"", ""FMOD0069"", ""FMOD0023"", ""FMOD0102"", ""FMOD0079"", ""FMOD0055"", ""FMOD0014""]","[""FMOD0044"", ""FMOD0120"", ""FMOD0119"", ""FMOD0035"", ""FMOD0077"", ""FMOD0069"", ""FMOD0023"", ""FMOD0110"", ""FMOD0086"", ""FMOD0102""]"
FAST,Q6K00215,35,10,1,1.0,True,1.0,True,0.381803,"[""FMOD0025"", ""FMOD0069"", ""FMOD0023"", ""FMOD0055"", ""FMOD0120"", ""FMOD0035"", ""FMOD0119"", ""FMOD0005"", ""FMOD0102"", ""FMOD0077""]","[""FMOD0025"", ""FMOD0069"", ""FMOD0023"", ""FMOD0055"", ""FMOD0120"", ""FMOD0035"", ""FMOD0119"", ""FMOD0005"", ""FMOD0102"", ""FMOD0077""]"
FAST,Q6K00216,8,8,1,1.0,True,0.5,False,0.391535,"[""FMOD0016"", ""FMOD0035"", ""FMOD0023"", ""FMOD0119"", ""FMOD0036"", ""FMOD0110"", ""FMOD0033"", ""FMOD0053""]","[""FMOD0016"", ""FMOD0035"", ""FMOD0023"", ""FMOD0120"", ""FMOD0079"", ""FMOD0119"", ""FMOD0102"", ""FMOD0075"", ""FMOD0069"", ""FMOD0036""]"
FAST,Q6K00217,8,8,1,1.0,True,0.5,False,0.417915,"[""FMOD0016"", ""FMOD0035"", ""FMOD0023"", ""FMOD0119"", ""FMOD0036"", ""FMOD0110"", ""FMOD0033"", ""FMOD0053""]","[""FMOD0016"", ""FMOD0035"", ""FMOD0023"", ""FMOD0120"", ""FMOD0119"", ""FMOD0102"", ""FMOD0079"", ""FMOD0075"", ""FMOD0069"", ""FMOD0036""]"
FAST,Q6K00218,19,10,1,1.0,True,1.0,True,0.388103,"[""FMOD0083"", ""FMOD0119"", ""FMOD0102"", ""FMOD0035"", ""FMOD0120"", ""FMOD0069"", ""FMOD0079"", ""FMOD0110"", ""FMOD0036"", ""FMOD0023""]","[""FMOD0083"", ""FMOD0119"", ""FMOD0102"", ""FMOD0035"", ""FMOD0120"", ""FMOD0069"", ""FMOD0079"", ""FMOD0110"", ""FMOD0036"", ""FMOD0023""]"
FAST,Q6K00219,10,10,1,1.0,True,0.5,False,0.359906,"[""FMOD0060"", ""FMOD0023"", ""FMOD0119"", ""FMOD0051"", ""FMOD0120"", ""FMOD0069"", ""FMOD0017"", ""FMOD0075"", ""FMOD0055"", ""FMOD0066""]","[""FMOD0060"", ""FMOD0023"", ""FMOD0119"", ""FMOD0035"", ""FMOD0051"", ""FMOD0120"", ""FMOD0102"", ""FMOD0110"", ""FMOD0086"", ""FMOD0005""]"
FAST,Q6K00220,8,8,1,1.0,True,0.4,False,0.350253,"[""FMOD0074"", ""FMOD0079"", ""FMOD0083"", ""FMOD0102"", ""FMOD0069"", ""FMOD0120"", ""FMOD0025"", ""FMOD0113""]","[""FMOD0074"", ""FMOD0035"", ""FMOD0079"", ""FMOD0077"", ""FMOD0053"", ""FMOD0083"", ""FMOD0102"", ""FMOD0033"", ""FMOD0055"", ""FMOD0004""]"
FAST,Q6K00221,10,10,1,1.0,True,0.4,False,0.534461,"[""FMOD0023"", ""FMOD0035"", ""FMOD0102"", ""FMOD0120"", ""FMOD0079"", ""FMOD0005"", ""FMOD0067"", ""FMOD0116"", ""FMOD0096"", ""FMOD0004""]","[""FMOD0023"", ""FMOD0035"", ""FMOD0089"", ""FMOD0102"", ""FMOD0119"", ""FMOD0040"", ""FMOD0051"", ""FMOD0043"", ""FMOD0120"", ""FMOD0036""]"
FAST,Q6K00222,1,1,1,1.0,True,0.1,False,0.454937,"[""FMOD0061""]","[""FMOD0061"", ""FMOD0102"", ""FMOD0091"", ""FMOD0023"", ""FMOD0035"", ""FMOD0069"", ""FMOD0036"", ""FMOD0055"", ""FMOD0119"", ""FMOD0060""]"
FAST,Q6K00223,9,9,1,1.0,True,0.6,False,0.386976,"[""FMOD0003"", ""FMOD0089"", ""FMOD0014"", ""FMOD0120"", ""FMOD0005"", ""FMOD0023"", ""FMOD0087"", ""FMOD0017"", ""FMOD0036""]","[""FMOD0003"", ""FMOD0089"", ""FMOD0014"", ""FMOD0120"", ""FMOD0069"", ""FMOD0005"", ""FMOD0023"", ""FMOD0053"", ""FMOD0035"", ""FMOD0102""]"
FAST,Q6K00224,12,10,1,1.0,True,0.7,False,0.518367,"[""FMOD0074"", ""FMOD0079"", ""FMOD0023"", ""FMOD0077"", ""FMOD0069"", ""FMOD0033"", ""FMOD0102"", ""FMOD0119"", ""FMOD0055"", ""FMOD0120""]","[""FMOD0074"", ""FMOD0079"", ""FMOD0023"", ""FMOD0035"", ""FMOD0053"", ""FMOD0043"", ""FMOD0077"", ""FMOD0069"", ""FMOD0033"", ""FMOD0102""]"
FAST,Q6K00225,16,10,1,1.0,True,0.7,False,0.405266,"[""FMOD0074"", ""FMOD0035"", ""FMOD0023"", ""FMOD0079"", ""FMOD0083"", ""FMOD0036"", ""FMOD0102"", ""FMOD0119"", ""FMOD0069"", ""FMOD0016""]","[""FMOD0074"", ""FMOD0035"", ""FMOD0023"", ""FMOD0077"", ""FMOD0033"", ""FMOD0079"", ""FMOD0083"", ""FMOD0036"", ""FMOD0102"", ""FMOD0053""]"
FAST,Q6K00226,16,10,1,1.0,True,0.9,False,0.394968,"[""FMOD0053"", ""FMOD0102"", ""FMOD0035"", ""FMOD0023"", ""FMOD0036"", ""FMOD0119"", ""FMOD0079"", ""FMOD0110"", ""FMOD0083"", ""FMOD0077""]","[""FMOD0053"", ""FMOD0102"", ""FMOD0120"", ""FMOD0035"", ""FMOD0023"", ""FMOD0036"", ""FMOD0119"", ""FMOD0079"", ""FMOD0110"", ""FMOD0083""]"
FAST,Q6K00227,3,3,1,1.0,True,0.3,False,0.372318,"[""FMOD0096"", ""FMOD0119"", ""FMOD0069""]","[""FMOD0096"", ""FMOD0023"", ""FMOD0120"", ""FMOD0119"", ""FMOD0035"", ""FMOD0113"", ""FMOD0069"", ""FMOD0025"", ""FMOD0086"", ""FMOD0055""]"
FAST,Q6K00228,5,5,1,1.0,True,0.3,False,0.369519,"[""FMOD0011"", ""FMOD0119"", ""FMOD0023"", ""FMOD0035"", ""FMOD0022""]","[""FMOD0011"", ""FMOD0110"", ""FMOD0119"", ""FMOD0023"", ""FMOD0102"", ""FMOD0067"", ""FMOD0077"", ""FMOD0004"", ""FMOD0079"", ""FMOD0005""]"
FAST,Q6K00229,25,10,1,1.0,True,0.8,False,0.386613,"[""FMOD0086"", ""FMOD0050"", ""FMOD0110"", ""FMOD0036"", ""FMOD0069"", ""FMOD0119"", ""FMOD0077"", ""FMOD0120"", ""FMOD0035"", ""FMOD0043""]","[""FMOD0086"", ""FMOD0050"", ""FMOD0024"", ""FMOD0110"", ""FMOD0036"", ""FMOD0069"", ""FMOD0119"", ""FMOD0077"", ""FMOD0120"", ""FMOD0044""]"
FAST,Q6K00230,18,10,1,1.0,True,0.7,False,0.391317,"[""FMOD0036"", ""FMOD0079"", ""FMOD0119"", ""FMOD0091"", ""FMOD0120"", ""FMOD0102"", ""FMOD0035"", ""FMOD0055"", ""FMOD0086"", ""FMOD0023""]","[""FMOD0036"", ""FMOD0079"", ""FMOD0119"", ""FMOD0091"", ""FMOD0120"", ""FMOD0102"", ""FMOD0083"", ""FMOD0035"", ""FMOD0017"", ""FMOD0104""]"
FAST,Q6K00231,10,10,1,1.0,True,0.6,False,0.408432,"[""FMOD0102"", ""FMOD0079"", ""FMOD0023"", ""FMOD0069"", ""FMOD0055"", ""FMOD0119"", ""FMOD0074"", ""FMOD0067"", ""FMOD0077"", ""FMOD0120""]","[""FMOD0102"", ""FMOD0079"", ""FMOD0035"", ""FMOD0023"", ""FMOD0005"", ""FMOD0069"", ""FMOD0055"", ""FMOD0110"", ""FMOD0016"", ""FMOD0119""]"
FAST,Q6K00232,11,10,1,1.0,True,0.5,False,0.373501,"[""FMOD0060"", ""FMOD0023"", ""FMOD0036"", ""FMOD0075"", ""FMOD0102"", ""FMOD0055"", ""FMOD0079"", ""FMOD0016"", ""FMOD0087"", ""FMOD0066""]","[""FMOD0060"", ""FMOD0023"", ""FMOD0086"", ""FMOD0043"", ""FMOD0110"", ""FMOD0044"", ""FMOD0036"", ""FMOD0075"", ""FMOD0102"", ""FMOD0120""]"
FAST,Q6K00233,13,10,1,1.0,True,0.5,False,0.369651,"[""FMOD0055"", ""FMOD0077"", ""FMOD0023"", ""FMOD0074"", ""FMOD0119"", ""FMOD0014"", ""FMOD0102"", ""FMOD0069"", ""FMOD0120"", ""FMOD0067""]","[""FMOD0055"", ""FMOD0036"", ""FMOD0077"", ""FMOD0035"", ""FMOD0023"", ""FMOD0079"", ""FMOD0083"", ""FMOD0074"", ""FMOD0119"", ""FMOD0005""]"
FAST,Q6K00234,35,10,1,1.0,True,1.0,True,0.405688,"[""FMOD0001"", ""FMOD0035"", ""FMOD0023"", ""FMOD0055"", ""FMOD0110"", ""FMOD0102"", ""FMOD0120"", ""FMOD0036"", ""FMOD0119"", ""FMOD0079""]","[""FMOD0001"", ""FMOD0035"", ""FMOD0023"", ""FMOD0055"", ""FMOD0110"", ""FMOD0102"", ""FMOD0120"", ""FMOD0036"", ""FMOD0119"", ""FMOD0079""]"
FAST,Q6K00235,3,3,1,1.0,True,0.3,False,0.380616,"[""FMOD0096"", ""FMOD0119"", ""FMOD0069""]","[""FMOD0096"", ""FMOD0120"", ""FMOD0119"", ""FMOD0023"", ""FMOD0035"", ""FMOD0069"", ""FMOD0055"", ""FMOD0102"", ""FMOD0005"", ""FMOD0036""]"
FAST,Q6K00236,14,10,1,1.0,True,0.5,False,0.362379,"[""FMOD0036"", ""FMOD0119"", ""FMOD0120"", ""FMOD0091"", ""FMOD0035"", ""FMOD0055"", ""FMOD0024"", ""FMOD0040"", ""FMOD0104"", ""FMOD0110""]","[""FMOD0036"", ""FMOD0119"", ""FMOD0079"", ""FMOD0120"", ""FMOD0086"", ""FMOD0091"", ""FMOD0102"", ""FMOD0035"", ""FMOD0083"", ""FMOD0069""]"
FAST,Q6K00237,7,7,1,1.0,True,0.4,False,0.353829,"[""FMOD0067"", ""FMOD0120"", ""FMOD0023"", ""FMOD0035"", ""FMOD0004"", ""FMOD0022"", ""FMOD0076""]","[""FMOD0067"", ""FMOD0119"", ""FMOD0120"", ""FMOD0023"", ""FMOD0102"", ""FMOD0110"", ""FMOD0069"", ""FMOD0035"", ""FMOD0036"", ""FMOD0079""]"
FAST,Q6K00238,12,10,1,1.0,True,0.8,False,0.385899,"[""FMOD0102"", ""FMOD0079"", ""FMOD0016"", ""FMOD0035"", ""FMOD0023"", ""FMOD0069"", ""FMOD0055"", ""FMOD0119"", ""FMOD0074"", ""FMOD0067""]","[""FMOD0102"", ""FMOD0079"", ""FMOD0016"", ""FMOD0035"", ""FMOD0005"", ""FMOD0023"", ""FMOD0069"", ""FMOD0055"", ""FMOD0110"", ""FMOD0119""]"
FAST,Q6K00239,13,10,1,1.0,True,0.7,False,0.37611,"[""FMOD0055"", ""FMOD0023"", ""FMOD0069"", ""FMOD0025"", ""FMOD0102"", ""FMOD0096"", ""FMOD0119"", ""FMOD0120"", ""FMOD0067"", ""FMOD0077""]","[""FMOD0055"", ""FMOD0023"", ""FMOD0069"", ""FMOD0025"", ""FMOD0040"", ""FMOD0102"", ""FMOD0083"", ""FMOD0096"", ""FMOD0051"", ""FMOD0119""]"
FAST,Q6K00240,28,10,1,1.0,True,1.0,True,0.375279,"[""FMOD0069"", ""FMOD0110"", ""FMOD0104"", ""FMOD0035"", ""FMOD0119"", ""FMOD0043"", ""FMOD0023"", ""FMOD0102"", ""FMOD0083"", ""FMOD0120""]","[""FMOD0069"", ""FMOD0110"", ""FMOD0104"", ""FMOD0035"", ""FMOD0119"", ""FMOD0043"", ""FMOD0023"", ""FMOD0102"", ""FMOD0083"", ""FMOD0120""]"
FAST,Q6K00241,6,6,2,1.0,True,0.4,False,0.399815,"[""FMOD0011"", ""FMOD0025"", ""FMOD0023"", ""FMOD0035"", ""FMOD0120"", ""FMOD0069""]","[""FMOD0011"", ""FMOD0025"", ""FMOD0023"", ""FMOD0110"", ""FMOD0102"", ""FMOD0035"", ""FMOD0067"", ""FMOD0077"", ""FMOD0004"", ""FMOD0119""]"
FAST,Q6K00242,30,10,2,1.0,True,1.0,True,0.37108,"[""FMOD0025"", ""FMOD0089"", ""FMOD0069"", ""FMOD0113"", ""FMOD0035"", ""FMOD0102"", ""FMOD0119"", ""FMOD0096"", ""FMOD0033"", ""FMOD0077""]","[""FMOD0025"", ""FMOD0089"", ""FMOD0069"", ""FMOD0113"", ""FMOD0035"", ""FMOD0102"", ""FMOD0119"", ""FMOD0096"", ""FMOD0033"", ""FMOD0077""]"
FAST,Q6K00243,12,10,2,1.0,True,0.9,False,0.36225,"[""FMOD0044"", ""FMOD0067"", ""FMOD0091"", ""FMOD0069"", ""FMOD0102"", ""FMOD0119"", ""FMOD0120"", ""FMOD0023"", ""FMOD0035"", ""FMOD0079""]","[""FMOD0044"", ""FMOD0067"", ""FMOD0091"", ""FMOD0069"", ""FMOD0102"", ""FMOD0119"", ""FMOD0120"", ""FMOD0023"", ""FMOD0077"", ""FMOD0035""]"
FAST,Q6K00244,24,10,2,1.0,True,1.0,True,0.417983,"[""FMOD0023"", ""FMOD0089"", ""FMOD0035"", ""FMOD0120"", ""FMOD0102"", ""FMOD0119"", ""FMOD0110"", ""FMOD0036"", ""FMOD0077"", ""FMOD0005""]","[""FMOD0023"", ""FMOD0089"", ""FMOD0035"", ""FMOD0120"", ""FMOD0102"", ""FMOD0119"", ""FMOD0110"", ""FMOD0036"", ""FMOD0077"", ""FMOD0005""]"
FAST,Q6K00245,14,10,2,1.0,True,0.7,False,0.397964,"[""FMOD0022"", ""FMOD0086"", ""FMOD0102"", ""FMOD0035"", ""FMOD0119"", ""FMOD0120"", ""FMOD0023"", ""FMOD0055"", ""FMOD0083"", ""FMOD0005""]","[""FMOD0022"", ""FMOD0086"", ""FMOD0102"", ""FMOD0035"", ""FMOD0119"", ""FMOD0120"", ""FMOD0023"", ""FMOD0053"", ""FMOD0069"", ""FMOD0110""]"
FAST,Q6K00246,8,8,2,1.0,True,0.6,False,0.375631,"[""FMOD0053"", ""FMOD0005"", ""FMOD0079"", ""FMOD0023"", ""FMOD0035"", ""FMOD0036"", ""FMOD0089"", ""FMOD0050""]","[""FMOD0053"", ""FMOD0005"", ""FMOD0079"", ""FMOD0120"", ""FMOD0023"", ""FMOD0035"", ""FMOD0110"", ""FMOD0119"", ""FMOD0036"", ""FMOD0096""]"
FAST,Q6K00247,35,10,2,1.0,True,1.0,True,0.370211,"[""FMOD0069"", ""FMOD0060"", ""FMOD0119"", ""FMOD0023"", ""FMOD0083"", ""FMOD0025"", ""FMOD0110"", ""FMOD0079"", ""FMOD0003"", ""FMOD0120""]","[""FMOD0069"", ""FMOD0060"", ""FMOD0119"", ""FMOD0023"", ""FMOD0083"", ""FMOD0025"", ""FMOD0110"", ""FMOD0079"", ""FMOD0003"", ""FMOD0120""]"
FAST,Q6K00248,4,4,2,1.0,True,0.3,False,0.367604,"[""FMOD0040"", ""FMOD0035"", ""FMOD0079"", ""FMOD0053""]","[""FMOD0040"", ""FMOD0035"", ""FMOD0023"", ""FMOD0016"", ""FMOD0036"", ""FMOD0079"", ""FMOD0043"", ""FMOD0055"", ""FMOD0075"", ""FMOD0089""]"
FAST,Q6K00249,26,10,2,0.5,False,1.0,True,0.397158,"[""FMOD0074"", ""FMOD0119"", ""FMOD0035"", ""FMOD0120"", ""FMOD0102"", ""FMOD0053"", ""FMOD0033"", ""FMOD0069"", ""FMOD0005"", ""FMOD0086""]","[""FMOD0074"", ""FMOD0119"", ""FMOD0035"", ""FMOD0120"", ""FMOD0102"", ""FMOD0053"", ""FMOD0033"", ""FMOD0069"", ""FMOD0005"", ""FMOD0086""]"
FAST,Q6K00250,16,10,2,1.0,True,1.0,True,0.405638,"[""FMOD0099"", ""FMOD0096"", ""FMOD0023"", ""FMOD0119"", ""FMOD0120"", ""FMOD0102"", ""FMOD0035"", ""FMOD0069"", ""FMOD0079"", ""FMOD0033""]","[""FMOD0099"", ""FMOD0096"", ""FMOD0023"", ""FMOD0119"", ""FMOD0120"", ""FMOD0102"", ""FMOD0035"", ""FMOD0069"", ""FMOD0079"", ""FMOD0033""]"
FAST,Q6K00251,12,10,2,1.0,True,0.7,False,0.363111,"[""FMOD0044"", ""FMOD0067"", ""FMOD0119"", ""FMOD0023"", ""FMOD0120"", ""FMOD0035"", ""FMOD0102"", ""FMOD0069"", ""FMOD0079"", ""FMOD0025""]","[""FMOD0044"", ""FMOD0067"", ""FMOD0119"", ""FMOD0023"", ""FMOD0120"", ""FMOD0113"", ""FMOD0086"", ""FMOD0035"", ""FMOD0102"", ""FMOD0036""]"
FAST,Q6K00252,31,10,2,1.0,True,1.0,True,0.401607,"[""FMOD0043"", ""FMOD0086"", ""FMOD0035"", ""FMOD0023"", ""FMOD0102"", ""FMOD0096"", ""FMOD0069"", ""FMOD0079"", ""FMOD0024"", ""FMOD0119""]","[""FMOD0043"", ""FMOD0086"", ""FMOD0035"", ""FMOD0023"", ""FMOD0102"", ""FMOD0096"", ""FMOD0069"", ""FMOD0079"", ""FMOD0024"", ""FMOD0119""]"
FAST,Q6K00253,34,10,2,1.0,True,1.0,True,0.388164,"[""FMOD0051"", ""FMOD0023"", ""FMOD0035"", ""FMOD0016"", ""FMOD0102"", ""FMOD0036"", ""FMOD0069"", ""FMOD0120"", ""FMOD0110"", ""FMOD0119""]","[""FMOD0051"", ""FMOD0023"", ""FMOD0035"", ""FMOD0016"", ""FMOD0102"", ""FMOD0036"", ""FMOD0069"", ""FMOD0120"", ""FMOD0110"", ""FMOD0119""]"
FAST,Q6K00254,21,10,2,1.0,True,1.0,True,0.437531,"[""FMOD0083"", ""FMOD0040"", ""FMOD0055"", ""FMOD0069"", ""FMOD0023"", ""FMOD0025"", ""FMOD0102"", ""FMOD0119"", ""FMOD0120"", ""FMOD0035""]","[""FMOD0083"", ""FMOD0040"", ""FMOD0055"", ""FMOD0069"", ""FMOD0023"", ""FMOD0025"", ""FMOD0102"", ""FMOD0119"", ""FMOD0120"", ""FMOD0035""]"
FAST,Q6K00255,5,5,2,1.0,True,0.4,False,0.367609,"[""FMOD0053"", ""FMOD0016"", ""FMOD0023"", ""FMOD0119"", ""FMOD0024""]","[""FMOD0053"", ""FMOD0016"", ""FMOD0023"", ""FMOD0035"", ""FMOD0079"", ""FMOD0119"", ""FMOD0102"", ""FMOD0120"", ""FMOD0069"", ""FMOD0055""]"
FAST,Q6K00256,25,10,2,1.0,True,1.0,True,0.366343,"[""FMOD0087"", ""FMOD0083"", ""FMOD0035"", ""FMOD0102"", ""FMOD0119"", ""FMOD0069"", ""FMOD0025"", ""FMOD0079"", ""FMOD0023"", ""FMOD0004""]","[""FMOD0087"", ""FMOD0083"", ""FMOD0035"", ""FMOD0102"", ""FMOD0119"", ""FMOD0069"", ""FMOD0025"", ""FMOD0079"", ""FMOD0023"", ""FMOD0004""]"
FAST,Q6K00257,15,10,2,1.0,True,0.8,False,0.395341,"[""FMOD0077"", ""FMOD0043"", ""FMOD0079"", ""FMOD0023"", ""FMOD0119"", ""FMOD0055"", ""FMOD0102"", ""FMOD0120"", ""FMOD0035"", ""FMOD0110""]","[""FMOD0077"", ""FMOD0043"", ""FMOD0079"", ""FMOD0023"", ""FMOD0119"", ""FMOD0086"", ""FMOD0055"", ""FMOD0005"", ""FMOD0102"", ""FMOD0120""]"
FAST,Q6K00258,34,10,2,1.0,True,1.0,True,0.714556,"[""FMOD0096"", ""FMOD0001"", ""FMOD0035"", ""FMOD0120"", ""FMOD0119"", ""FMOD0069"", ""FMOD0036"", ""FMOD0110"", ""FMOD0023"", ""FMOD0077""]","[""FMOD0096"", ""FMOD0001"", ""FMOD0035"", ""FMOD0120"", ""FMOD0119"", ""FMOD0069"", ""FMOD0036"", ""FMOD0110"", ""FMOD0023"", ""FMOD0077""]"
FAST,Q6K00259,30,10,2,1.0,True,1.0,True,0.523677,"[""FMOD0043"", ""FMOD0089"", ""FMOD0035"", ""FMOD0102"", ""FMOD0096"", ""FMOD0023"", ""FMOD0069"", ""FMOD0079"", ""FMOD0024"", ""FMOD0119""]","[""FMOD0043"", ""FMOD0089"", ""FMOD0035"", ""FMOD0102"", ""FMOD0096"", ""FMOD0023"", ""FMOD0069"", ""FMOD0079"", ""FMOD0024"", ""FMOD0119""]"
FAST,Q6K00260,3,3,2,1.0,True,0.3,False,0.377053,"[""FMOD0099"", ""FMOD0001"", ""FMOD0035""]","[""FMOD0099"", ""FMOD0001"", ""FMOD0035"", ""FMOD0119"", ""FMOD0120"", ""FMOD0102"", ""FMOD0110"", ""FMOD0023"", ""FMOD0079"", ""FMOD0069""]"
FAST,Q6K00261,21,10,2,1.0,True,1.0,True,0.412948,"[""FMOD0022"", ""FMOD0067"", ""FMOD0102"", ""FMOD0035"", ""FMOD0077"", ""FMOD0119"", ""FMOD0023"", ""FMOD0110"", ""FMOD0120"", ""FMOD0025""]","[""FMOD0022"", ""FMOD0067"", ""FMOD0102"", ""FMOD0035"", ""FMOD0077"", ""FMOD0119"", ""FMOD0023"", ""FMOD0110"", ""FMOD0120"", ""FMOD0025""]"
FAST,Q6K00262,37,10,2,1.0,True,1.0,True,0.615647,"[""FMOD0069"", ""FMOD0060"", ""FMOD0023"", ""FMOD0025"", ""FMOD0055"", ""FMOD0100"", ""FMOD0102"", ""FMOD0119"", ""FMOD0120"", ""FMOD0079""]","[""FMOD0069"", ""FMOD0060"", ""FMOD0023"", ""FMOD0025"", ""FMOD0055"", ""FMOD0100"", ""FMOD0102"", ""FMOD0119"", ""FMOD0120"", ""FMOD0079""]"
FAST,Q6K00263,6,6,2,1.0,True,0.5,False,0.412962,"[""FMOD0043"", ""FMOD0096"", ""FMOD0023"", ""FMOD0119"", ""FMOD0069"", ""FMOD0102""]","[""FMOD0043"", ""FMOD0096"", ""FMOD0023"", ""FMOD0113"", ""FMOD0035"", ""FMOD0119"", ""FMOD0069"", ""FMOD0079"", ""FMOD0120"", ""FMOD0040""]"
FAST,Q6K00264,12,10,2,1.0,True,0.5,False,0.382098,"[""FMOD0043"", ""FMOD0066"", ""FMOD0035"", ""FMOD0023"", ""FMOD0102"", ""FMOD0120"", ""FMOD0036"", ""FMOD0110"", ""FMOD0055"", ""FMOD0069""]","[""FMOD0043"", ""FMOD0066"", ""FMOD0035"", ""FMOD0119"", ""FMOD0023"", ""FMOD0079"", ""FMOD0005"", ""FMOD0075"", ""FMOD0102"", ""FMOD0077""]"
FAST,Q6K00265,18,10,2,1.0,True,0.8,False,0.36882,"[""FMOD0004"", ""FMOD0074"", ""FMOD0033"", ""FMOD0023"", ""FMOD0035"", ""FMOD0102"", ""FMOD0079"", ""FMOD0043"", ""FMOD0119"", ""FMOD0069""]","[""FMOD0004"", ""FMOD0074"", ""FMOD0033"", ""FMOD0023"", ""FMOD0035"", ""FMOD0077"", ""FMOD0053"", ""FMOD0102"", ""FMOD0079"", ""FMOD0043""]"
FAST,Q6K00266,5,5,2,1.0,True,0.3,False,0.395939,"[""FMOD0005"", ""FMOD0061"", ""FMOD0036"", ""FMOD0089"", ""FMOD0035""]","[""FMOD0005"", ""FMOD0061"", ""FMOD0053"", ""FMOD0120"", ""FMOD0102"", ""FMOD0077"", ""FMOD0036"", ""FMOD0091"", ""FMOD0079"", ""FMOD0087""]"
FAST,Q6K00267,26,10,2,1.0,True,1.0,True,0.409375,"[""FMOD0022"", ""FMOD0069"", ""FMOD0023"", ""FMOD0055"", ""FMOD0025"", ""FMOD0100"", ""FMOD0040"", ""FMOD0035"", ""FMOD0119"", ""FMOD0102""]","[""FMOD0022"", ""FMOD0069"", ""FMOD0023"", ""FMOD0055"", ""FMOD0025"", ""FMOD0100"", ""FMOD0040"", ""FMOD0035"", ""FMOD0119"", ""FMOD0102""]"
FAST,Q6K00268,31,10,2,1.0,True,1.0,True,0.381438,"[""FMOD0077"", ""FMOD0050"", ""FMOD0055"", ""FMOD0083"", ""FMOD0005"", ""FMOD0035"", ""FMOD0033"", ""FMOD0069"", ""FMOD0091"", ""FMOD0086""]","[""FMOD0077"", ""FMOD0050"", ""FMOD0055"", ""FMOD0083"", ""FMOD0005"", ""FMOD0035"", ""FMOD0033"", ""FMOD0069"", ""FMOD0091"", ""FMOD0086""]"
FAST,Q6K00269,32,10,2,1.0,True,1.0,True,0.421475,"[""FMOD0025"", ""FMOD0023"", ""FMOD0069"", ""FMOD0087"", ""FMOD0036"", ""FMOD0102"", ""FMOD0055"", ""FMOD0035"", ""FMOD0050"", ""FMOD0077""]","[""FMOD0025"", ""FMOD0023"", ""FMOD0069"", ""FMOD0087"", ""FMOD0036"", ""FMOD0102"", ""FMOD0055"", ""FMOD0035"", ""FMOD0050"", ""FMOD0077""]"
FAST,Q6K00270,12,10,2,1.0,True,0.7,False,0.369537,"[""FMOD0043"", ""FMOD0079"", ""FMOD0102"", ""FMOD0035"", ""FMOD0023"", ""FMOD0016"", ""FMOD0120"", ""FMOD0110"", ""FMOD0036"", ""FMOD0069""]","[""FMOD0043"", ""FMOD0079"", ""FMOD0102"", ""FMOD0035"", ""FMOD0119"", ""FMOD0023"", ""FMOD0005"", ""FMOD0075"", ""FMOD0016"", ""FMOD0120""]"
FAST,Q6K00271,18,10,2,1.0,True,0.8,False,0.378344,"[""FMOD0086"", ""FMOD0050"", ""FMOD0044"", ""FMOD0120"", ""FMOD0036"", ""FMOD0069"", ""FMOD0102"", ""FMOD0079"", ""FMOD0110"", ""FMOD0119""]","[""FMOD0086"", ""FMOD0050"", ""FMOD0044"", ""FMOD0120"", ""FMOD0036"", ""FMOD0077"", ""FMOD0069"", ""FMOD0102"", ""FMOD0005"", ""FMOD0079""]"
FAST,Q6K00272,37,10,2,1.0,True,1.0,True,0.417692,"[""FMOD0025"", ""FMOD0087"", ""FMOD0069"", ""FMOD0023"", ""FMOD0102"", ""FMOD0119"", ""FMOD0086"", ""FMOD0055"", ""FMOD0005"", ""FMOD0077""]","[""FMOD0025"", ""FMOD0087"", ""FMOD0069"", ""FMOD0023"", ""FMOD0102"", ""FMOD0119"", ""FMOD0086"", ""FMOD0055"", ""FMOD0005"", ""FMOD0077""]"
FAST,Q6K00273,10,10,2,1.0,True,0.5,False,0.458513,"[""FMOD0023"", ""FMOD0043"", ""FMOD0102"", ""FMOD0005"", ""FMOD0120"", ""FMOD0096"", ""FMOD0035"", ""FMOD0069"", ""FMOD0004"", ""FMOD0067""]","[""FMOD0023"", ""FMOD0043"", ""FMOD0119"", ""FMOD0079"", ""FMOD0102"", ""FMOD0005"", ""FMOD0075"", ""FMOD0120"", ""FMOD0083"", ""FMOD0086""]"
FAST,Q6K00274,23,10,2,1.0,True,0.9,False,0.380706,"[""FMOD0004"", ""FMOD0044"", ""FMOD0067"", ""FMOD0113"", ""FMOD0036"", ""FMOD0035"", ""FMOD0024"", ""FMOD0119"", ""FMOD0120"", ""FMOD0083""]","[""FMOD0004"", ""FMOD0044"", ""FMOD0067"", ""FMOD0113"", ""FMOD0036"", ""FMOD0110"", ""FMOD0035"", ""FMOD0024"", ""FMOD0119"", ""FMOD0120""]"
FAST,Q6K00275,21,10,2,1.0,True,0.9,False,0.428771,"[""FMOD0086"", ""FMOD0074"", ""FMOD0050"", ""FMOD0102"", ""FMOD0035"", ""FMOD0043"", ""FMOD0023"", ""FMOD0069"", ""FMOD0119"", ""FMOD0079""]","[""FMOD0086"", ""FMOD0074"", ""FMOD0050"", ""FMOD0102"", ""FMOD0035"", ""FMOD0024"", ""FMOD0043"", ""FMOD0023"", ""FMOD0069"", ""FMOD0119""]"
FAST,Q6K00276,19,10,2,1.0,True,0.9,False,0.400268,"[""FMOD0087"", ""FMOD0035"", ""FMOD0023"", ""FMOD0079"", ""FMOD0119"", ""FMOD0102"", ""FMOD0120"", ""FMOD0069"", ""FMOD0055"", ""FMOD0036""]","[""FMOD0087"", ""FMOD0035"", ""FMOD0023"", ""FMOD0079"", ""FMOD0119"", ""FMOD0102"", ""FMOD0120"", ""FMOD0069"", ""FMOD0055"", ""FMOD0016""]"
FAST,Q6K00277,36,10,2,1.0,True,1.0,True,0.428132,"[""FMOD0067"", ""FMOD0053"", ""FMOD0083"", ""FMOD0113"", ""FMOD0023"", ""FMOD0102"", ""FMOD0120"", ""FMOD0069"", ""FMOD0036"", ""FMOD0051""]","[""FMOD0067"", ""FMOD0053"", ""FMOD0083"", ""FMOD0113"", ""FMOD0023"", ""FMOD0102"", ""FMOD0120"", ""FMOD0069"", ""FMOD0036"", ""FMOD0051""]"
FAST,Q6K00278,4,4,2,1.0,True,0.3,False,0.377524,"[""FMOD0089"", ""FMOD0014"", ""FMOD0069"", ""FMOD0120""]","[""FMOD0089"", ""FMOD0014"", ""FMOD0023"", ""FMOD0036"", ""FMOD0079"", ""FMOD0055"", ""FMOD0035"", ""FMOD0096"", ""FMOD0069"", ""FMOD0086""]"
FAST,Q6K00279,5,5,2,1.0,True,0.4,False,0.354781,"[""FMOD0014"", ""FMOD0051"", ""FMOD0120"", ""FMOD0069"", ""FMOD0033""]","[""FMOD0014"", ""FMOD0051"", ""FMOD0005"", ""FMOD0120"", ""FMOD0069"", ""FMOD0119"", ""FMOD0102"", ""FMOD0036"", ""FMOD0110"", ""FMOD0035""]"
FAST,Q6K00280,29,10,2,1.0,True,1.0,True,0.436195,"[""FMOD0043"", ""FMOD0051"", ""FMOD0023"", ""FMOD0035"", ""FMOD0102"", ""FMOD0069"", ""FMOD0096"", ""FMOD0079"", ""FMOD0119"", ""FMOD0120""]","[""FMOD0043"", ""FMOD0051"", ""FMOD0023"", ""FMOD0035"", ""FMOD0102"", ""FMOD0069"", ""FMOD0096"", ""FMOD0079"", ""FMOD0119"", ""FMOD0120""]"
FAST,Q6K00281,20,10,2,1.0,True,1.0,True,0.382805,"[""FMOD0035"", ""FMOD0060"", ""FMOD0023"", ""FMOD0022"", ""FMOD0036"", ""FMOD0120"", ""FMOD0119"", ""FMOD0069"", ""FMOD0102"", ""FMOD0079""]","[""FMOD0035"", ""FMOD0060"", ""FMOD0023"", ""FMOD0022"", ""FMOD0036"", ""FMOD0120"", ""FMOD0119"", ""FMOD0069"", ""FMOD0102"", ""FMOD0079""]"
FAST,Q6K00282,34,10,2,1.0,True,1.0,True,0.401209,"[""FMOD0077"", ""FMOD0001"", ""FMOD0005"", ""FMOD0083"", ""FMOD0035"", ""FMOD0069"", ""FMOD0079"", ""FMOD0096"", ""FMOD0102"", ""FMOD0017""]","[""FMOD0077"", ""FMOD0001"", ""FMOD0005"", ""FMOD0083"", ""FMOD0035"", ""FMOD0069"", ""FMOD0079"", ""FMOD0096"", ""FMOD0102"", ""FMOD0017""]"
FAST,Q6K00283,10,10,2,1.0,True,0.5,False,0.366866,"[""FMOD0036"", ""FMOD0035"", ""FMOD0023"", ""FMOD0120"", ""FMOD0110"", ""FMOD0005"", ""FMOD0055"", ""FMOD0031"", ""FMOD0033"", ""FMOD0104""]","[""FMOD0036"", ""FMOD0035"", ""FMOD0023"", ""FMOD0120"", ""FMOD0119"", ""FMOD0079"", ""FMOD0102"", ""FMOD0069"", ""FMOD0017"", ""FMOD0110""]"
FAST,Q6K00284,8,8,2,1.0,True,0.5,False,0.360841,"[""FMOD0083"", ""FMOD0016"", ""FMOD0023"", ""FMOD0035"", ""FMOD0119"", ""FMOD0036"", ""FMOD0055"", ""FMOD0110""]","[""FMOD0083"", ""FMOD0016"", ""FMOD0023"", ""FMOD0035"", ""FMOD0119"", ""FMOD0102"", ""FMOD0069"", ""FMOD0079"", ""FMOD0005"", ""FMOD0077""]"
FAST,Q6K00285,14,10,2,1.0,True,0.8,False,0.485099,"[""FMOD0083"", ""FMOD0055"", ""FMOD0102"", ""FMOD0077"", ""FMOD0069"", ""FMOD0120"", ""FMOD0119"", ""FMOD0036"", ""FMOD0086"", ""FMOD0025""]","[""FMOD0083"", ""FMOD0055"", ""FMOD0102"", ""FMOD0005"", ""FMOD0077"", ""FMOD0069"", ""FMOD0120"", ""FMOD0119"", ""FMOD0035"", ""FMOD0036""]"
FAST,Q6K00286,34,10,2,1.0,True,1.0,True,0.381564,"[""FMOD0051"", ""FMOD0077"", ""FMOD0023"", ""FMOD0110"", ""FMOD0120"", ""FMOD0069"", ""FMOD0102"", ""FMOD0083"", ""FMOD0036"", ""FMOD0113""]","[""FMOD0051"", ""FMOD0077"", ""FMOD0023"", ""FMOD0110"", ""FMOD0120"", ""FMOD0069"", ""FMOD0102"", ""FMOD0083"", ""FMOD0036"", ""FMOD0113""]"
FAST,Q6K00287,28,10,2,1.0,True,0.9,False,0.429829,"[""FMOD0003"", ""FMOD0089"", ""FMOD0004"", ""FMOD0067"", ""FMOD0014"", ""FMOD0113"", ""FMOD0036"", ""FMOD0120"", ""FMOD0035"", ""FMOD0005""]","[""FMOD0003"", ""FMOD0089"", ""FMOD0004"", ""FMOD0067"", ""FMOD0014"", ""FMOD0113"", ""FMOD0036"", ""FMOD0120"", ""FMOD0035"", ""FMOD0091""]"
FAST,Q6K00288,19,10,2,1.0,True,0.9,False,0.367567,"[""FMOD0067"", ""FMOD0074"", ""FMOD0077"", ""FMOD0035"", ""FMOD0102"", ""FMOD0119"", ""FMOD0110"", ""FMOD0069"", ""FMOD0096"", ""FMOD0025""]","[""FMOD0067"", ""FMOD0074"", ""FMOD0077"", ""FMOD0035"", ""FMOD0102"", ""FMOD0119"", ""FMOD0110"", ""FMOD0069"", ""FMOD0096"", ""FMOD0086""]"
FAST,Q6K00289,8,8,2,1.0,True,0.4,False,0.381722,"[""FMOD0099"", ""FMOD0040"", ""FMOD0023"", ""FMOD0035"", ""FMOD0053"", ""FMOD0055"", ""FMOD0016"", ""FMOD0060""]","[""FMOD0099"", ""FMOD0040"", ""FMOD0023"", ""FMOD0035"", ""FMOD0083"", ""FMOD0119"", ""FMOD0120"", ""FMOD0102"", ""FMOD0110"", ""FMOD0104""]"
FAST,Q6K00290,7,7,2,1.0,True,0.4,False,0.371293,"[""FMOD0069"", ""FMOD0089"", ""FMOD0120"", ""FMOD0035"", ""FMOD0091"", ""FMOD0023"", ""FMOD0113""]","[""FMOD0069"", ""FMOD0089"", ""FMOD0040"", ""FMOD0079"", ""FMOD0110"", ""FMOD0005"", ""FMOD0120"", ""FMOD0035"", ""FMOD0067"", ""FMOD0119""]"
FAST,Q6K00291,7,7,2,1.0,True,0.4,False,0.361129,"[""FMOD0079"", ""FMOD0066"", ""FMOD0055"", ""FMOD0120"", ""FMOD0005"", ""FMOD0069"", ""FMOD0050""]","[""FMOD0079"", ""FMOD0066"", ""FMOD0055"", ""FMOD0102"", ""FMOD0036"", ""FMOD0120"", ""FMOD0017"", ""FMOD0119"", ""FMOD0110"", ""FMOD0096""]"
FAST,Q6K00292,7,7,2,1.0,True,0.3,False,0.419823,"[""FMOD0074"", ""FMOD0089"", ""FMOD0005"", ""FMOD0119"", ""FMOD0102"", ""FMOD0110"", ""FMOD0036""]","[""FMOD0074"", ""FMOD0089"", ""FMOD0079"", ""FMOD0035"", ""FMOD0077"", ""FMOD0053"", ""FMOD0033"", ""FMOD0023"", ""FMOD0043"", ""FMOD0005""]"
FAST,Q6K00293,30,10,2,1.0,True,1.0,True,0.366328,"[""FMOD0074"", ""FMOD0043"", ""FMOD0035"", ""FMOD0023"", ""FMOD0069"", ""FMOD0102"", ""FMOD0096"", ""FMOD0079"", ""FMOD0024"", ""FMOD0119""]","[""FMOD0074"", ""FMOD0043"", ""FMOD0035"", ""FMOD0023"", ""FMOD0069"", ""FMOD0102"", ""FMOD0096"", ""FMOD0079"", ""FMOD0024"", ""FMOD0119""]"
FAST,Q6K00294,14,10,2,1.0,True,0.7,False,0.366263,"[""FMOD0102"", ""FMOD0036"", ""FMOD0079"", ""FMOD0120"", ""FMOD0119"", ""FMOD0110"", ""FMOD0035"", ""FMOD0033"", ""FMOD0023"", ""FMOD0005""]","[""FMOD0102"", ""FMOD0036"", ""FMOD0079"", ""FMOD0120"", ""FMOD0119"", ""FMOD0110"", ""FMOD0069"", ""FMOD0035"", ""FMOD0050"", ""FMOD0025""]"
FAST,Q6K00295,29,10,2,1.0,True,1.0,True,0.437553,"[""FMOD0066"", ""FMOD0043"", ""FMOD0102"", ""FMOD0023"", ""FMOD0069"", ""FMOD0035"", ""FMOD0096"", ""FMOD0079"", ""FMOD0119"", ""FMOD0120""]","[""FMOD0066"", ""FMOD0043"", ""FMOD0102"", ""FMOD0023"", ""FMOD0069"", ""FMOD0035"", ""FMOD0096"", ""FMOD0079"", ""FMOD0119"", ""FMOD0120""]"
FAST,Q6K00296,13,10,2,1.0,True,0.6,False,1.045827,"[""FMOD0060"", ""FMOD0066"", ""FMOD0102"", ""FMOD0036"", ""FMOD0055"", ""FMOD0120"", ""FMOD0023"", ""FMOD0119"", ""FMOD0079"", ""FMOD0083""]","[""FMOD0060"", ""FMOD0066"", ""FMOD0102"", ""FMOD0036"", ""FMOD0055"", ""FMOD0096"", ""FMOD0110"", ""FMOD0120"", ""FMOD0035"", ""FMOD0075""]"
FAST,Q6K00297,13,10,2,0.5,False,0.7,False,0.396542,"[""FMOD0051"", ""FMOD0035"", ""FMOD0023"", ""FMOD0119"", ""FMOD0069"", ""FMOD0102"", ""FMOD0036"", ""FMOD0083"", ""FMOD0110"", ""FMOD0079""]","[""FMOD0051"", ""FMOD0035"", ""FMOD0023"", ""FMOD0119"", ""FMOD0069"", ""FMOD0040"", ""FMOD0102"", ""FMOD0120"", ""FMOD0036"", ""FMOD0104""]"
FAST,Q6K00298,37,10,2,1.0,True,1.0,True,0.373235,"[""FMOD0074"", ""FMOD0036"", ""FMOD0079"", ""FMOD0119"", ""FMOD0120"", ""FMOD0017"", ""FMOD0091"", ""FMOD0023"", ""FMOD0083"", ""FMOD0035""]","[""FMOD0074"", ""FMOD0036"", ""FMOD0079"", ""FMOD0119"", ""FMOD0120"", ""FMOD0017"", ""FMOD0091"", ""FMOD0023"", ""FMOD0083"", ""FMOD0035""]"
FAST,Q6K00299,9,9,2,1.0,True,0.6,False,0.432161,"[""FMOD0040"", ""FMOD0089"", ""FMOD0035"", ""FMOD0055"", ""FMOD0023"", ""FMOD0119"", ""FMOD0110"", ""FMOD0053"", ""FMOD0050""]","[""FMOD0040"", ""FMOD0089"", ""FMOD0035"", ""FMOD0079"", ""FMOD0055"", ""FMOD0023"", ""FMOD0102"", ""FMOD0119"", ""FMOD0014"", ""FMOD0051""]"
FAST,Q6K00300,4,4,2,1.0,True,0.3,False,0.413883,"[""FMOD0086"", ""FMOD0050"", ""FMOD0067"", ""FMOD0066""]","[""FMOD0086"", ""FMOD0050"", ""FMOD0067"", ""FMOD0036"", ""FMOD0102"", ""FMOD0119"", ""FMOD0089"", ""FMOD0120"", ""FMOD0083"", ""FMOD0079""]"
FAST,Q6K00301,36,10,3,0.6666666666666666,False,1.0,True,0.425628,"[""FMOD0053"", ""FMOD0060"", ""FMOD0120"", ""FMOD0023"", ""FMOD0119"", ""FMOD0035"", ""FMOD0069"", ""FMOD0102"", ""FMOD0110"", ""FMOD0077""]","[""FMOD0053"", ""FMOD0060"", ""FMOD0120"", ""FMOD0023"", ""FMOD0119"", ""FMOD0035"", ""FMOD0069"", ""FMOD0102"", ""FMOD0110"", ""FMOD0077""]"
FAST,Q6K00302,35,10,3,1.0,True,1.0,True,0.371354,"[""FMOD0005"", ""FMOD0001"", ""FMOD0055"", ""FMOD0080"", ""FMOD0023"", ""FMOD0069"", ""FMOD0025"", ""FMOD0043"", ""FMOD0102"", ""FMOD0096""]","[""FMOD0005"", ""FMOD0001"", ""FMOD0055"", ""FMOD0080"", ""FMOD0023"", ""FMOD0069"", ""FMOD0025"", ""FMOD0043"", ""FMOD0102"", ""FMOD0096""]"
FAST,Q6K00303,18,10,3,1.0,True,0.9,False,0.367832,"[""FMOD0087"", ""FMOD0016"", ""FMOD0053"", ""FMOD0119"", ""FMOD0036"", ""FMOD0102"", ""FMOD0079"", ""FMOD0069"", ""FMOD0110"", ""FMOD0077""]","[""FMOD0087"", ""FMOD0016"", ""FMOD0053"", ""FMOD0119"", ""FMOD0036"", ""FMOD0102"", ""FMOD0079"", ""FMOD0120"", ""FMOD0069"", ""FMOD0110""]"
FAST,Q6K00304,21,10,3,1.0,True,0.9,False,0.432287,"[""FMOD0077"", ""FMOD0083"", ""FMOD0087"", ""FMOD0023"", ""FMOD0069"", ""FMOD0055"", ""FMOD0102"", ""FMOD0025"", ""FMOD0091"", ""FMOD0119""]","[""FMOD0077"", ""FMOD0083"", ""FMOD0087"", ""FMOD0023"", ""FMOD0069"", ""FMOD0055"", ""FMOD0102"", ""FMOD0025"", ""FMOD0040"", ""FMOD0091""]"
FAST,Q6K00305,39,10,3,1.0,True,1.0,True,0.377969,"[""FMOD0069"", ""FMOD0066"", ""FMOD0005"", ""FMOD0102"", ""FMOD0119"", ""FMOD0120"", ""FMOD0079"", ""FMOD0110"", ""FMOD0096"", ""FMOD0086""]","[""FMOD0069"", ""FMOD0066"", ""FMOD0005"", ""FMOD0102"", ""FMOD0119"", ""FMOD0120"", ""FMOD0079"", ""FMOD0110"", ""FMOD0096"", ""FMOD0086""]"
FAST,Q6K00306,6,6,3,1.0,True,0.5,False,0.41161,"[""FMOD0014"", ""FMOD0066"", ""FMOD0077"", ""FMOD0120"", ""FMOD0079"", ""FMOD0075""]","[""FMOD0014"", ""FMOD0066"", ""FMOD0077"", ""FMOD0102"", ""FMOD0055"", ""FMOD0023"", ""FMOD0069"", ""FMOD0120"", ""FMOD0079"", ""FMOD0096""]"
FAST,Q6K00307,39,10,3,1.0,True,1.0,True,0.378633,"[""FMOD0083"", ""FMOD0079"", ""FMOD0036"", ""FMOD0035"", ""FMOD0102"", ""FMOD0119"", ""FMOD0069"", ""FMOD0077"", ""FMOD0023"", ""FMOD0120""]","[""FMOD0083"", ""FMOD0079"", ""FMOD0036"", ""FMOD0035"", ""FMOD0102"", ""FMOD0119"", ""FMOD0069"", ""FMOD0077"", ""FMOD0023"", ""FMOD0120""]"
FAST,Q6K00308,34,10,3,0.0,False,1.0,True,0.39517,"[""FMOD0035"", ""FMOD0069"", ""FMOD0096"", ""FMOD0102"", ""FMOD0025"", ""FMOD0119"", ""FMOD0120"", ""FMOD0031"", ""FMOD0005"", ""FMOD0033""]","[""FMOD0035"", ""FMOD0069"", ""FMOD0096"", ""FMOD0102"", ""FMOD0025"", ""FMOD0119"", ""FMOD0120"", ""FMOD0031"", ""FMOD0005"", ""FMOD0033""]"
FAST,Q6K00309,25,10,3,1.0,True,1.0,True,0.36836,"[""FMOD0035"", ""FMOD0050"", ""FMOD0086"", ""FMOD0102"", ""FMOD0119"", ""FMOD0069"", ""FMOD0077"", ""FMOD0110"", ""FMOD0083"", ""FMOD0033""]","[""FMOD0035"", ""FMOD0050"", ""FMOD0086"", ""FMOD0102"", ""FMOD0119"", ""FMOD0069"", ""FMOD0077"", ""FMOD0110"", ""FMOD0083"", ""FMOD0033""]"
FAST,Q6K00310,13,10,3,1.0,True,0.6,False,0.387405,"[""FMOD0074"", ""FMOD0005"", ""FMOD0022"", ""FMOD0035"", ""FMOD0055"", ""FMOD0102"", ""FMOD0119"", ""FMOD0120"", ""FMOD0036"", ""FMOD0025""]","[""FMOD0074"", ""FMOD0005"", ""FMOD0022"", ""FMOD0035"", ""FMOD0053"", ""FMOD0033"", ""FMOD0023"", ""FMOD0055"", ""FMOD0102"", ""FMOD0091""]"
FAST,Q6K00311,18,10,3,1.0,True,0.6,False,0.398861,"[""FMOD0051"", ""FMOD0086"", ""FMOD0067"", ""FMOD0120"", ""FMOD0119"", ""FMOD0102"", ""FMOD0035"", ""FMOD0110"", ""FMOD0036"", ""FMOD0069""]","[""FMOD0051"", ""FMOD0086"", ""FMOD0067"", ""FMOD0004"", ""FMOD0120"", ""FMOD0005"", ""FMOD0119"", ""FMOD0079"", ""FMOD0102"", ""FMOD0077""]"
FAST,Q6K00312,36,10,3,1.0,True,1.0,True,0.410139,"[""FMOD0061"", ""FMOD0023"", ""FMOD0083"", ""FMOD0069"", ""FMOD0033"", ""FMOD0102"", ""FMOD0120"", ""FMOD0036"", ""FMOD0119"", ""FMOD0110""]","[""FMOD0061"", ""FMOD0023"", ""FMOD0083"", ""FMOD0069"", ""FMOD0033"", ""FMOD0102"", ""FMOD0120"", ""FMOD0036"", ""FMOD0119"", ""FMOD0110""]"
FAST,Q6K00313,38,10,3,1.0,True,1.0,True,0.535308,"[""FMOD0061"", ""FMOD0069"", ""FMOD0083"", ""FMOD0066"", ""FMOD0036"", ""FMOD0033"", ""FMOD0120"", ""FMOD0005"", ""FMOD0102"", ""FMOD0075""]","[""FMOD0061"", ""FMOD0069"", ""FMOD0083"", ""FMOD0066"", ""FMOD0036"", ""FMOD0033"", ""FMOD0120"", ""FMOD0005"", ""FMOD0102"", ""FMOD0075""]"
FAST,Q6K00314,22,10,3,1.0,True,1.0,True,0.425057,"[""FMOD0099"", ""FMOD0053"", ""FMOD0066"", ""FMOD0102"", ""FMOD0120"", ""FMOD0119"", ""FMOD0035"", ""FMOD0055"", ""FMOD0023"", ""FMOD0110""]","[""FMOD0099"", ""FMOD0053"", ""FMOD0066"", ""FMOD0102"", ""FMOD0120"", ""FMOD0119"", ""FMOD0035"", ""FMOD0055"", ""FMOD0023"", ""FMOD0110""]"
FAST,Q6K00315,7,7,3,0.6666666666666666,False,0.5,False,0.389565,"[""FMOD0003"", ""FMOD0060"", ""FMOD0023"", ""FMOD0036"", ""FMOD0102"", ""FMOD0091"", ""FMOD0069""]","[""FMOD0003"", ""FMOD0060"", ""FMOD0023"", ""FMOD0035"", ""FMOD0040"", ""FMOD0079"", ""FMOD0055"", ""FMOD0036"", ""FMOD0102"", ""FMOD0014""]"
FAST,Q6K00316,19,10,3,1.0,True,0.8,False,0.367152,"[""FMOD0022"", ""FMOD0089"", ""FMOD0099"", ""FMOD0102"", ""FMOD0023"", ""FMOD0035"", ""FMOD0079"", ""FMOD0120"", ""FMOD0110"", ""FMOD0069""]","[""FMOD0022"", ""FMOD0089"", ""FMOD0099"", ""FMOD0053"", ""FMOD0102"", ""FMOD0023"", ""FMOD0035"", ""FMOD0079"", ""FMOD0120"", ""FMOD0075""]"
FAST,Q6K00317,7,7,3,1.0,True,0.4,False,0.379891,"[""FMOD0061"", ""FMOD0089"", ""FMOD0096"", ""FMOD0079"", ""FMOD0119"", ""FMOD0069"", ""FMOD0053""]","[""FMOD0061"", ""FMOD0089"", ""FMOD0096"", ""FMOD0036"", ""FMOD0079"", ""FMOD0035"", ""FMOD0055"", ""FMOD0083"", ""FMOD0110"", ""FMOD0005""]"
FAST,Q6K00318,18,10,3,0.6666666666666666,False,0.6,False,0.378977,"[""FMOD0086"", ""FMOD0004"", ""FMOD0050"", ""FMOD0067"", ""FMOD0035"", ""FMOD0102"", ""FMOD0023"", ""FMOD0079"", ""FMOD0119"", ""FMOD0014""]","[""FMOD0086"", ""FMOD0004"", ""FMOD0050"", ""FMOD0067"", ""FMOD0035"", ""FMOD0053"", ""FMOD0110"", ""FMOD0005"", ""FMOD0102"", ""FMOD0120""]"
FAST,Q6K00319,10,10,3,1.0,True,0.7,False,0.400498,"[""FMOD0003"", ""FMOD0011"", ""FMOD0089"", ""FMOD0060"", ""FMOD0014"", ""FMOD0120"", ""FMOD0005"", ""FMOD0119"", ""FMOD0087"", ""FMOD0017""]","[""FMOD0003"", ""FMOD0011"", ""FMOD0089"", ""FMOD0060"", ""FMOD0014"", ""FMOD0120"", ""FMOD0035"", ""FMOD0023"", ""FMOD0005"", ""FMOD0083""]"
FAST,Q6K00320,8,8,3,0.6666666666666666,False,0.5,False,0.358135,"[""FMOD0043"", ""FMOD0011"", ""FMOD0119"", ""FMOD0023"", ""FMOD0069"", ""FMOD0102"", ""FMOD0036"", ""FMOD0017""]","[""FMOD0043"", ""FMOD0011"", ""FMOD0044"", ""FMOD0119"", ""FMOD0035"", ""FMOD0120"", ""FMOD0110"", ""FMOD0023"", ""FMOD0069"", ""FMOD0077""]"
FAST,Q6K00321,8,8,3,1.0,True,0.6,False,0.366531,"[""FMOD0040"", ""FMOD0066"", ""FMOD0003"", ""FMOD0014"", ""FMOD0120"", ""FMOD0005"", ""FMOD0087"", ""FMOD0017""]","[""FMOD0040"", ""FMOD0066"", ""FMOD0003"", ""FMOD0014"", ""FMOD0120"", ""FMOD0023"", ""FMOD0035"", ""FMOD0079"", ""FMOD0005"", ""FMOD0119""]"
FAST,Q6K00322,10,10,3,1.0,True,0.6,False,0.452063,"[""FMOD0087"", ""FMOD0036"", ""FMOD0089"", ""FMOD0023"", ""FMOD0091"", ""FMOD0022"", ""FMOD0119"", ""FMOD0102"", ""FMOD0053"", ""FMOD0076""]","[""FMOD0087"", ""FMOD0036"", ""FMOD0089"", ""FMOD0035"", ""FMOD0023"", ""FMOD0016"", ""FMOD0079"", ""FMOD0091"", ""FMOD0055"", ""FMOD0022""]"
FAST,Q6K00323,10,10,3,1.0,True,0.6,False,0.368747,"[""FMOD0036"", ""FMOD0077"", ""FMOD0003"", ""FMOD0023"", ""FMOD0035"", ""FMOD0060"", ""FMOD0043"", ""FMOD0119"", ""FMOD0120"", ""FMOD0067""]","[""FMOD0036"", ""FMOD0077"", ""FMOD0003"", ""FMOD0023"", ""FMOD0086"", ""FMOD0075"", ""FMOD0035"", ""FMOD0055"", ""FMOD0060"", ""FMOD0102""]"
FAST,Q6K00324,20,10,3,1.0,True,1.0,True,0.407762,"[""FMOD0067"", ""FMOD0051"", ""FMOD0089"", ""FMOD0003"", ""FMOD0033"", ""FMOD0035"", ""FMOD0069"", ""FMOD0102"", ""FMOD0077"", ""FMOD0119""]","[""FMOD0067"", ""FMOD0051"", ""FMOD0089"", ""FMOD0003"", ""FMOD0033"", ""FMOD0035"", ""FMOD0069"", ""FMOD0102"", ""FMOD0077"", ""FMOD0119""]"
FAST,Q6K00325,17,10,3,1.0,True,0.8,False,0.36124,"[""FMOD0086"", ""FMOD0023"", ""FMOD0050"", ""FMOD0044"", ""FMOD0035"", ""FMOD0069"", ""FMOD0079"", ""FMOD0102"", ""FMOD0036"", ""FMOD0110""]","[""FMOD0086"", ""FMOD0023"", ""FMOD0050"", ""FMOD0044"", ""FMOD0035"", ""FMOD0069"", ""FMOD0043"", ""FMOD0120"", ""FMOD0079"", ""FMOD0102""]"
FAST,Q6K00326,13,10,3,1.0,True,0.5,False,0.389955,"[""FMOD0099"", ""FMOD0055"", ""FMOD0066"", ""FMOD0102"", ""FMOD0023"", ""FMOD0120"", ""FMOD0069"", ""FMOD0060"", ""FMOD0016"", ""FMOD0077""]","[""FMOD0099"", ""FMOD0055"", ""FMOD0066"", ""FMOD0036"", ""FMOD0102"", ""FMOD0023"", ""FMOD0017"", ""FMOD0079"", ""FMOD0119"", ""FMOD0110""]"
FAST,Q6K00327,7,7,3,1.0,True,0.3,False,0.390162,"[""FMOD0016"", ""FMOD0051"", ""FMOD0055"", ""FMOD0119"", ""FMOD0074"", ""FMOD0096"", ""FMOD0044""]","[""FMOD0016"", ""FMOD0051"", ""FMOD0055"", ""FMOD0075"", ""FMOD0035"", ""FMOD0077"", ""FMOD0023"", ""FMOD0036"", ""FMOD0079"", ""FMOD0033""]"
FAST,Q6K00328,37,10,3,0.6666666666666666,False,1.0,True,0.368547,"[""FMOD0025"", ""FMOD0069"", ""FMOD0023"", ""FMOD0035"", ""FMOD0119"", ""FMOD0120"", ""FMOD0087"", ""FMOD0102"", ""FMOD0077"", ""FMOD0033""]","[""FMOD0025"", ""FMOD0069"", ""FMOD0023"", ""FMOD0035"", ""FMOD0119"", ""FMOD0120"", ""FMOD0087"", ""FMOD0102"", ""FMOD0077"", ""FMOD0033""]"
FAST,Q6K00329,35,10,3,0.6666666666666666,False,1.0,True,0.411722,"[""FMOD0043"", ""FMOD0089"", ""FMOD0119"", ""FMOD0023"", ""FMOD0102"", ""FMOD0035"", ""FMOD0110"", ""FMOD0069"", ""FMOD0079"", ""FMOD0036""]","[""FMOD0043"", ""FMOD0089"", ""FMOD0119"", ""FMOD0023"", ""FMOD0102"", ""FMOD0035"", ""FMOD0110"", ""FMOD0069"", ""FMOD0079"", ""FMOD0036""]"
FAST,Q6K00330,14,10,3,0.6666666666666666,False,0.7,False,0.374448,"[""FMOD0022"", ""FMOD0035"", ""FMOD0069"", ""FMOD0120"", ""FMOD0119"", ""FMOD0102"", ""FMOD0079"", ""FMOD0110"", ""FMOD0053"", ""FMOD0055""]","[""FMOD0022"", ""FMOD0035"", ""FMOD0069"", ""FMOD0120"", ""FMOD0119"", ""FMOD0023"", ""FMOD0036"", ""FMOD0077"", ""FMOD0102"", ""FMOD0079""]"
FAST,Q6K00331,12,10,3,0.6666666666666666,False,0.7,False,0.496045,"[""FMOD0005"", ""FMOD0079"", ""FMOD0102"", ""FMOD0023"", ""FMOD0119"", ""FMOD0055"", ""FMOD0036"", ""FMOD0089"", ""FMOD0035"", ""FMOD0104""]","[""FMOD0005"", ""FMOD0079"", ""FMOD0102"", ""FMOD0120"", ""FMOD0051"", ""FMOD0023"", ""FMOD0119"", ""FMOD0055"", ""FMOD0110"", ""FMOD0036""]"
FAST,Q6K00332,10,10,3,0.6666666666666666,False,0.6,False,0.408188,"[""FMOD0044"", ""FMOD0035"", ""FMOD0069"", ""FMOD0119"", ""FMOD0102"", ""FMOD0023"", ""FMOD0079"", ""FMOD0055"", ""FMOD0022"", ""FMOD0016""]","[""FMOD0044"", ""FMOD0035"", ""FMOD0069"", ""FMOD0086"", ""FMOD0120"", ""FMOD0119"", ""FMOD0050"", ""FMOD0036"", ""FMOD0102"", ""FMOD0023""]"
FAST,Q6K00333,34,10,3,1.0,True,1.0,True,0.372109,"[""FMOD0069"", ""FMOD0044"", ""FMOD0011"", ""FMOD0119"", ""FMOD0083"", ""FMOD0025"", ""FMOD0079"", ""FMOD0110"", ""FMOD0035"", ""FMOD0120""]","[""FMOD0069"", ""FMOD0044"", ""FMOD0011"", ""FMOD0119"", ""FMOD0083"", ""FMOD0025"", ""FMOD0079"", ""FMOD0110"", ""FMOD0035"", ""FMOD0120""]"
FAST,Q6K00334,21,10,3,1.0,True,1.0,True,0.410786,"[""FMOD0061"", ""FMOD0083"", ""FMOD0119"", ""FMOD0069"", ""FMOD0035"", ""FMOD0023"", ""FMOD0014"", ""FMOD0060"", ""FMOD0102"", ""FMOD0120""]","[""FMOD0061"", ""FMOD0083"", ""FMOD0119"", ""FMOD0069"", ""FMOD0035"", ""FMOD0023"", ""FMOD0014"", ""FMOD0060"", ""FMOD0102"", ""FMOD0120""]"
FAST,Q6K00335,36,10,3,1.0,True,1.0,True,0.375323,"[""FMOD0087"", ""FMOD0069"", ""FMOD0051"", ""FMOD0033"", ""FMOD0036"", ""FMOD0102"", ""FMOD0120"", ""FMOD0005"", ""FMOD0119"", ""FMOD0075""]","[""FMOD0087"", ""FMOD0069"", ""FMOD0051"", ""FMOD0033"", ""FMOD0036"", ""FMOD0102"", ""FMOD0120"", ""FMOD0005"", ""FMOD0119"", ""FMOD0075""]"
FAST,Q6K00336,26,10,3,0.6666666666666666,False,1.0,True,0.403826,"[""FMOD0014"", ""FMOD0023"", ""FMOD0079"", ""FMOD0035"", ""FMOD0120"", ""FMOD0119"", ""FMOD0102"", ""FMOD0087"", ""FMOD0069"", ""FMOD0074""]","[""FMOD0014"", ""FMOD0023"", ""FMOD0079"", ""FMOD0035"", ""FMOD0120"", ""FMOD0119"", ""FMOD0102"", ""FMOD0087"", ""FMOD0069"", ""FMOD0074""]"
FAST,Q6K00337,35,10,3,1.0,True,1.0,True,0.37753,"[""FMOD0066"", ""FMOD0077"", ""FMOD0086"", ""FMOD0069"", ""FMOD0110"", ""FMOD0005"", ""FMOD0120"", ""FMOD0119"", ""FMOD0023"", ""FMOD0035""]","[""FMOD0066"", ""FMOD0077"", ""FMOD0086"", ""FMOD0069"", ""FMOD0110"", ""FMOD0005"", ""FMOD0120"", ""FMOD0119"", ""FMOD0023"", ""FMOD0035""]"
FAST,Q6K00338,12,10,3,1.0,True,0.6,False,0.381582,"[""FMOD0074"", ""FMOD0067"", ""FMOD0003"", ""FMOD0119"", ""FMOD0102"", ""FMOD0023"", ""FMOD0120"", ""FMOD0069"", ""FMOD0079"", ""FMOD0077""]","[""FMOD0074"", ""FMOD0067"", ""FMOD0003"", ""FMOD0119"", ""FMOD0035"", ""FMOD0004"", ""FMOD0102"", ""FMOD0110"", ""FMOD0023"", ""FMOD0024""]"
FAST,Q6K00339,36,10,3,1.0,True,1.0,True,0.390078,"[""FMOD0014"", ""FMOD0087"", ""FMOD0069"", ""FMOD0033"", ""FMOD0036"", ""FMOD0005"", ""FMOD0102"", ""FMOD0119"", ""FMOD0120"", ""FMOD0075""]","[""FMOD0014"", ""FMOD0087"", ""FMOD0069"", ""FMOD0033"", ""FMOD0036"", ""FMOD0005"", ""FMOD0102"", ""FMOD0119"", ""FMOD0120"", ""FMOD0075""]"
FAST,Q6K00340,9,9,3,1.0,True,0.8,False,0.420612,"[""FMOD0025"", ""FMOD0011"", ""FMOD0089"", ""FMOD0023"", ""FMOD0069"", ""FMOD0119"", ""FMOD0120"", ""FMOD0102"", ""FMOD0110""]","[""FMOD0025"", ""FMOD0011"", ""FMOD0089"", ""FMOD0023"", ""FMOD0069"", ""FMOD0035"", ""FMOD0119"", ""FMOD0079"", ""FMOD0120"", ""FMOD0102""]"
FAST,Q6K00341,14,10,3,0.6666666666666666,False,0.7,False,0.411532,"[""FMOD0055"", ""FMOD0066"", ""FMOD0102"", ""FMOD0036"", ""FMOD0120"", ""FMOD0119"", ""FMOD0079"", ""FMOD0005"", ""FMOD0023"", ""FMOD0104""]","[""FMOD0055"", ""FMOD0066"", ""FMOD0022"", ""FMOD0102"", ""FMOD0036"", ""FMOD0120"", ""FMOD0069"", ""FMOD0119"", ""FMOD0079"", ""FMOD0096""]"
FAST,Q6K00342,37,10,3,0.6666666666666666,False,1.0,True,0.368985,"[""FMOD0087"", ""FMOD0053"", ""FMOD0023"", ""FMOD0040"", ""FMOD0069"", ""FMOD0025"", ""FMOD0096"", ""FMOD0119"", ""FMOD0083"", ""FMOD0102""]","[""FMOD0087"", ""FMOD0053"", ""FMOD0023"", ""FMOD0040"", ""FMOD0069"", ""FMOD0025"", ""FMOD0096"", ""FMOD0119"", ""FMOD0083"", ""FMOD0102""]"
FAST,Q6K00343,11,10,3,1.0,True,0.6,False,0.381117,"[""FMOD0087"", ""FMOD0016"", ""FMOD0055"", ""FMOD0023"", ""FMOD0102"", ""FMOD0119"", ""FMOD0120"", ""FMOD0040"", ""FMOD0053"", ""FMOD0022""]","[""FMOD0087"", ""FMOD0016"", ""FMOD0055"", ""FMOD0023"", ""FMOD0102"", ""FMOD0035"", ""FMOD0119"", ""FMOD0079"", ""FMOD0005"", ""FMOD0036""]"
FAST,Q6K00344,22,10,3,1.0,True,1.0,True,0.381886,"[""FMOD0023"", ""FMOD0025"", ""FMOD0043"", ""FMOD0069"", ""FMOD0055"", ""FMOD0035"", ""FMOD0040"", ""FMOD0119"", ""FMOD0120"", ""FMOD0036""]","[""FMOD0023"", ""FMOD0025"", ""FMOD0043"", ""FMOD0069"", ""FMOD0055"", ""FMOD0035"", ""FMOD0040"", ""FMOD0119"", ""FMOD0120"", ""FMOD0036""]"
FAST,Q6K00345,8,8,3,1.0,True,0.4,False,0.361537,"[""FMOD0099"", ""FMOD0086"", ""FMOD0001"", ""FMOD0023"", ""FMOD0060"", ""FMOD0055"", ""FMOD0016"", ""FMOD0066""]","[""FMOD0099"", ""FMOD0086"", ""FMOD0001"", ""FMOD0120"", ""FMOD0005"", ""FMOD0023"", ""FMOD0091"", ""FMOD0102"", ""FMOD0036"", ""FMOD0079""]"
FAST,Q6K00346,17,10,3,1.0,True,1.0,True,0.397276,"[""FMOD0035"", ""FMOD0005"", ""FMOD0023"", ""FMOD0079"", ""FMOD0014"", ""FMOD0120"", ""FMOD0119"", ""FMOD0036"", ""FMOD0102"", ""FMOD0055""]","[""FMOD0035"", ""FMOD0005"", ""FMOD0023"", ""FMOD0079"", ""FMOD0014"", ""FMOD0120"", ""FMOD0119"", ""FMOD0036"", ""FMOD0102"", ""FMOD0055""]"
FAST,Q6K00347,7,7,3,1.0,True,0.7,False,0.393922,"[""FMOD0035"", ""FMOD0053"", ""FMOD0023"", ""FMOD0051"", ""FMOD0119"", ""FMOD0069"", ""FMOD0120""]","[""FMOD0035"", ""FMOD0053"", ""FMOD0023"", ""FMOD0051"", ""FMOD0119"", ""FMOD0102"", ""FMOD0069"", ""FMOD0120"", ""FMOD0079"", ""FMOD0014""]"
FAST,Q6K00348,42,10,3,0.6666666666666666,False,1.0,True,0.39933,"[""FMOD0023"", ""FMOD0025"", ""FMOD0069"", ""FMOD0119"", ""FMOD0035"", ""FMOD0079"", ""FMOD0102"", ""FMOD0120"", ""FMOD0110"", ""FMOD0077""]","[""FMOD0023"", ""FMOD0025"", ""FMOD0069"", ""FMOD0119"", ""FMOD0035"", ""FMOD0079"", ""FMOD0102"", ""FMOD0120"", ""FMOD0110"", ""FMOD0077""]"
FAST,Q6K00349,7,7,3,1.0,True,0.4,False,0.473306,"[""FMOD0023"", ""FMOD0016"", ""FMOD0060"", ""FMOD0102"", ""FMOD0079"", ""FMOD0035"", ""FMOD0040""]","[""FMOD0023"", ""FMOD0016"", ""FMOD0060"", ""FMOD0119"", ""FMOD0102"", ""FMOD0036"", ""FMOD0069"", ""FMOD0120"", ""FMOD0110"", ""FMOD0077""]"
FAST,Q6K00350,18,10,3,1.0,True,0.8,False,0.4357,"[""FMOD0022"", ""FMOD0053"", ""FMOD0083"", ""FMOD0023"", ""FMOD0113"", ""FMOD0102"", ""FMOD0035"", ""FMOD0069"", ""FMOD0055"", ""FMOD0110""]","[""FMOD0022"", ""FMOD0053"", ""FMOD0083"", ""FMOD0023"", ""FMOD0113"", ""FMOD0102"", ""FMOD0035"", ""FMOD0091"", ""FMOD0069"", ""FMOD0040""]"
FAST,Q6K00351,13,10,3,1.0,True,0.6,False,0.383545,"[""FMOD0005"", ""FMOD0099"", ""FMOD0022"", ""FMOD0055"", ""FMOD0119"", ""FMOD0035"", ""FMOD0102"", ""FMOD0120"", ""FMOD0083"", ""FMOD0089""]","[""FMOD0005"", ""FMOD0099"", ""FMOD0022"", ""FMOD0055"", ""FMOD0119"", ""FMOD0079"", ""FMOD0023"", ""FMOD0036"", ""FMOD0077"", ""FMOD0035""]"
FAST,Q6K00352,11,10,3,1.0,True,0.5,False,0.362732,"[""FMOD0044"", ""FMOD0066"", ""FMOD0023"", ""FMOD0091"", ""FMOD0035"", ""FMOD0055"", ""FMOD0079"", ""FMOD0036"", ""FMOD0025"", ""FMOD0016""]","[""FMOD0044"", ""FMOD0066"", ""FMOD0023"", ""FMOD0091"", ""FMOD0069"", ""FMOD0035"", ""FMOD0120"", ""FMOD0102"", ""FMOD0086"", ""FMOD0119""]"
FAST,Q6K00353,12,10,3,1.0,True,0.6,False,0.392599,"[""FMOD0035"", ""FMOD0086"", ""FMOD0061"", ""FMOD0023"", ""FMOD0102"", ""FMOD0119"", ""FMOD0077"", ""FMOD0079"", ""FMOD0089"", ""FMOD0091""]","[""FMOD0035"", ""FMOD0086"", ""FMOD0061"", ""FMOD0023"", ""FMOD0120"", ""FMOD0102"", ""FMOD0036"", ""FMOD0055"", ""FMOD0119"", ""FMOD0110""]"
FAST,Q6K00354,17,10,3,1.0,True,1.0,True,0.373328,"[""FMOD0099"", ""FMOD0055"", ""FMOD0079"", ""FMOD0119"", ""FMOD0120"", ""FMOD0005"", ""FMOD0069"", ""FMOD0102"", ""FMOD0023"", ""FMOD0091""]","[""FMOD0099"", ""FMOD0055"", ""FMOD0079"", ""FMOD0119"", ""FMOD0120"", ""FMOD0005"", ""FMOD0069"", ""FMOD0102"", ""FMOD0023"", ""FMOD0091""]"
FAST,Q6K00355,36,10,3,0.6666666666666666,False,1.0,True,0.432906,"[""FMOD0043"", ""FMOD0023"", ""FMOD0035"", ""FMOD0077"", ""FMOD0016"", ""FMOD0102"", ""FMOD0119"", ""FMOD0069"", ""FMOD0120"", ""FMOD0110""]","[""FMOD0043"", ""FMOD0023"", ""FMOD0035"", ""FMOD0077"", ""FMOD0016"", ""FMOD0102"", ""FMOD0119"", ""FMOD0069"", ""FMOD0120"", ""FMOD0110""]"
FAST,Q6K00356,20,10,3,1.0,True,0.8,False,0.383832,"[""FMOD0061"", ""FMOD0004"", ""FMOD0067"", ""FMOD0051"", ""FMOD0113"", ""FMOD0036"", ""FMOD0119"", ""FMOD0079"", ""FMOD0104"", ""FMOD0055""]","[""FMOD0061"", ""FMOD0004"", ""FMOD0067"", ""FMOD0051"", ""FMOD0113"", ""FMOD0036"", ""FMOD0119"", ""FMOD0005"", ""FMOD0035"", ""FMOD0079""]"
FAST,Q6K00357,10,10,3,1.0,True,0.6,False,0.372896,"[""FMOD0099"", ""FMOD0014"", ""FMOD0003"", ""FMOD0120"", ""FMOD0005"", ""FMOD0023"", ""FMOD0036"", ""FMOD0087"", ""FMOD0017"", ""FMOD0091""]","[""FMOD0099"", ""FMOD0014"", ""FMOD0003"", ""FMOD0120"", ""FMOD0069"", ""FMOD0035"", ""FMOD0005"", ""FMOD0023"", ""FMOD0033"", ""FMOD0110""]"
FAST,Q6K00358,9,9,3,1.0,True,0.5,False,0.448435,"[""FMOD0060"", ""FMOD0055"", ""FMOD0036"", ""FMOD0023"", ""FMOD0075"", ""FMOD0091"", ""FMOD0119"", ""FMOD0102"", ""FMOD0069""]","[""FMOD0060"", ""FMOD0055"", ""FMOD0036"", ""FMOD0023"", ""FMOD0077"", ""FMOD0075"", ""FMOD0035"", ""FMOD0033"", ""FMOD0053"", ""FMOD0083""]"
FAST,Q6K00359,17,10,3,1.0,True,0.9,False,0.387846,"[""FMOD0086"", ""FMOD0087"", ""FMOD0044"", ""FMOD0102"", ""FMOD0079"", ""FMOD0036"", ""FMOD0069"", ""FMOD0055"", ""FMOD0119"", ""FMOD0035""]","[""FMOD0086"", ""FMOD0087"", ""FMOD0044"", ""FMOD0102"", ""FMOD0079"", ""FMOD0036"", ""FMOD0051"", ""FMOD0069"", ""FMOD0055"", ""FMOD0119""]"
FAST,Q6K00360,10,10,3,1.0,True,0.5,False,0.399326,"[""FMOD0066"", ""FMOD0060"", ""FMOD0043"", ""FMOD0055"", ""FMOD0023"", ""FMOD0102"", ""FMOD0069"", ""FMOD0005"", ""FMOD0051"", ""FMOD0050""]","[""FMOD0066"", ""FMOD0060"", ""FMOD0043"", ""FMOD0035"", ""FMOD0055"", ""FMOD0023"", ""FMOD0119"", ""FMOD0036"", ""FMOD0040"", ""FMOD0120""]"
FAST,Q6K00361,13,10,1,1.0,True,0.7,False,0.369093,"[""FMOD0044"", ""FMOD0119"", ""FMOD0035"", ""FMOD0120"", ""FMOD0023"", ""FMOD0102"", ""FMOD0069"", ""FMOD0079"", ""FMOD0055"", ""FMOD0025""]","[""FMOD0044"", ""FMOD0119"", ""FMOD0035"", ""FMOD0120"", ""FMOD0023"", ""FMOD0102"", ""FMOD0036"", ""FMOD0110"", ""FMOD0069"", ""FMOD0077""]"
FAST,Q6K00362,4,4,1,1.0,True,0.3,False,0.361784,"[""FMOD0055"", ""FMOD0119"", ""FMOD0035"", ""FMOD0022""]","[""FMOD0055"", ""FMOD0119"", ""FMOD0077"", ""FMOD0035"", ""FMOD0120"", ""FMOD0102"", ""FMOD0023"", ""FMOD0036"", ""FMOD0033"", ""FMOD0110""]"
FAST,Q6K00363,22,10,1,1.0,True,1.0,True,0.363818,"[""FMOD0066"", ""FMOD0102"", ""FMOD0119"", ""FMOD0069"", ""FMOD0120"", ""FMOD0035"", ""FMOD0023"", ""FMOD0036"", ""FMOD0079"", ""FMOD0005""]","[""FMOD0066"", ""FMOD0102"", ""FMOD0119"", ""FMOD0069"", ""FMOD0120"", ""FMOD0035"", ""FMOD0023"", ""FMOD0036"", ""FMOD0079"", ""FMOD0005""]"
FAST,Q6K00364,10,10,1,1.0,True,0.5,False,0.405521,"[""FMOD0077"", ""FMOD0069"", ""FMOD0120"", ""FMOD0025"", ""FMOD0119"", ""FMOD0067"", ""FMOD0055"", ""FMOD0102"", ""FMOD0023"", ""FMOD0080""]","[""FMOD0077"", ""FMOD0086"", ""FMOD0069"", ""FMOD0035"", ""FMOD0120"", ""FMOD0025"", ""FMOD0005"", ""FMOD0119"", ""FMOD0036"", ""FMOD0113""]"
FAST,Q6K00365,10,10,1,1.0,True,0.6,False,0.360781,"[""FMOD0087"", ""FMOD0035"", ""FMOD0023"", ""FMOD0119"", ""FMOD0036"", ""FMOD0102"", ""FMOD0091"", ""FMOD0080"", ""FMOD0049"", ""FMOD0076""]","[""FMOD0087"", ""FMOD0035"", ""FMOD0023"", ""FMOD0119"", ""FMOD0016"", ""FMOD0055"", ""FMOD0036"", ""FMOD0102"", ""FMOD0079"", ""FMOD0077""]"
FAST,Q6K00366,6,6,1,1.0,True,0.3,False,0.363157,"[""FMOD0040"", ""FMOD0119"", ""FMOD0102"", ""FMOD0077"", ""FMOD0051"", ""FMOD0025""]","[""FMOD0040"", ""FMOD0035"", ""FMOD0055"", ""FMOD0023"", ""FMOD0079"", ""FMOD0120"", ""FMOD0119"", ""FMOD0016"", ""FMOD0102"", ""FMOD0005""]"
FAST,Q6K00367,3,3,1,1.0,True,0.3,False,0.416441,"[""FMOD0102"", ""FMOD0079"", ""FMOD0089""]","[""FMOD0102"", ""FMOD0079"", ""FMOD0035"", ""FMOD0023"", ""FMOD0120"", ""FMOD0055"", ""FMOD0119"", ""FMOD0036"", ""FMOD0089"", ""FMOD0069""]"
FAST,Q6K00368,39,10,1,1.0,True,1.0,True,0.403333,"[""FMOD0036"", ""FMOD0069"", ""FMOD0005"", ""FMOD0023"", ""FMOD0035"", ""FMOD0119"", ""FMOD0067"", ""FMOD0120"", ""FMOD0025"", ""FMOD0102""]","[""FMOD0036"", ""FMOD0069"", ""FMOD0005"", ""FMOD0023"", ""FMOD0035"", ""FMOD0119"", ""FMOD0067"", ""FMOD0120"", ""FMOD0025"", ""FMOD0102""]"
FAST,Q6K00369,28,10,1,1.0,True,1.0,True,0.553262,"[""FMOD0004"", ""FMOD0023"", ""FMOD0086"", ""FMOD0016"", ""FMOD0035"", ""FMOD0033"", ""FMOD0014"", ""FMOD0102"", ""FMOD0119"", ""FMOD0120""]","[""FMOD0004"", ""FMOD0023"", ""FMOD0086"", ""FMOD0016"", ""FMOD0035"", ""FMOD0033"", ""FMOD0014"", ""FMOD0102"", ""FMOD0119"", ""FMOD0120""]"
FAST,Q6K00370,19,10,1,1.0,True,0.7,False,0.380325,"[""FMOD0005"", ""FMOD0023"", ""FMOD0035"", ""FMOD0036"", ""FMOD0079"", ""FMOD0069"", ""FMOD0055"", ""FMOD0077"", ""FMOD0025"", ""FMOD0051""]","[""FMOD0005"", ""FMOD0023"", ""FMOD0119"", ""FMOD0120"", ""FMOD0035"", ""FMOD0036"", ""FMOD0102"", ""FMOD0079"", ""FMOD0069"", ""FMOD0055""]"
FAST,Q6K00371,6,6,1,1.0,True,0.5,False,0.414487,"[""FMOD0087"", ""FMOD0023"", ""FMOD0016"", ""FMOD0035"", ""FMOD0119"", ""FMOD0043""]","[""FMOD0087"", ""FMOD0023"", ""FMOD0016"", ""FMOD0035"", ""FMOD0079"", ""FMOD0119"", ""FMOD0036"", ""FMOD0055"", ""FMOD0120"", ""FMOD0051""]"
FAST,Q6K00372,13,10,1,1.0,True,0.8,False,0.414023,"[""FMOD0023"", ""FMOD0035"", ""FMOD0016"", ""FMOD0051"", ""FMOD0119"", ""FMOD0102"", ""FMOD0069"", ""FMOD0120"", ""FMOD0033"", ""FMOD0110""]","[""FMOD0023"", ""FMOD0035"", ""FMOD0016"", ""FMOD0051"", ""FMOD0119"", ""FMOD0102"", ""FMOD0069"", ""FMOD0120"", ""FMOD0055"", ""FMOD0036""]"
FAST,Q6K00373,31,10,1,1.0,True,1.0,True,0.386821,"[""FMOD0069"", ""FMOD0119"", ""FMOD0083"", ""FMOD0025"", ""FMOD0110"", ""FMOD0079"", ""FMOD0120"", ""FMOD0035"", ""FMOD0003"", ""FMOD0102""]","[""FMOD0069"", ""FMOD0119"", ""FMOD0083"", ""FMOD0025"", ""FMOD0110"", ""FMOD0079"", ""FMOD0120"", ""FMOD0035"", ""FMOD0003"", ""FMOD0102""]"
FAST,Q6K00374,12,10,1,1.0,True,0.8,False,0.392192,"[""FMOD0051"", ""FMOD0025"", ""FMOD0087"", ""FMOD0023"", ""FMOD0119"", ""FMOD0035"", ""FMOD0055"", ""FMOD0040"", ""FMOD0120"", ""FMOD0110""]","[""FMOD0051"", ""FMOD0025"", ""FMOD0087"", ""FMOD0023"", ""FMOD0119"", ""FMOD0035"", ""FMOD0055"", ""FMOD0069"", ""FMOD0091"", ""FMOD0040""]"
FAST,Q6K00375,38,10,1,1.0,True,1.0,True,0.379086,"[""FMOD0099"", ""FMOD0023"", ""FMOD0069"", ""FMOD0025"", ""FMOD0055"", ""FMOD0083"", ""FMOD0119"", ""FMOD0035"", ""FMOD0102"", ""FMOD0120""]","[""FMOD0099"", ""FMOD0023"", ""FMOD0069"", ""FMOD0025"", ""FMOD0055"", ""FMOD0083"", ""FMOD0119"", ""FMOD0035"", ""FMOD0102"", ""FMOD0120""]"
FAST,Q6K00376,27,10,1,1.0,True,0.9,False,0.487924,"[""FMOD0005"", ""FMOD0096"", ""FMOD0023"", ""FMOD0035"", ""FMOD0119"", ""FMOD0036"", ""FMOD0077"", ""FMOD0110"", ""FMOD0102"", ""FMOD0120""]","[""FMOD0005"", ""FMOD0096"", ""FMOD0083"", ""FMOD0023"", ""FMOD0035"", ""FMOD0119"", ""FMOD0036"", ""FMOD0077"", ""FMOD0110"", ""FMOD0102""]"
FAST,Q6K00377,21,10,1,1.0,True,0.9,False,0.383852,"[""FMOD0022"", ""FMOD0023"", ""FMOD0069"", ""FMOD0055"", ""FMOD0025"", ""FMOD0100"", ""FMOD0035"", ""FMOD0036"", ""FMOD0102"", ""FMOD0120""]","[""FMOD0022"", ""FMOD0023"", ""FMOD0069"", ""FMOD0055"", ""FMOD0025"", ""FMOD0100"", ""FMOD0119"", ""FMOD0035"", ""FMOD0036"", ""FMOD0102""]"
FAST,Q6K00378,32,10,1,1.0,True,1.0,True,0.421293,"[""FMOD0023"", ""FMOD0055"", ""FMOD0083"", ""FMOD0025"", ""FMOD0079"", ""FMOD0119"", ""FMOD0102"", ""FMOD0120"", ""FMOD0005"", ""FMOD0024""]","[""FMOD0023"", ""FMOD0055"", ""FMOD0083"", ""FMOD0025"", ""FMOD0079"", ""FMOD0119"", ""FMOD0102"", ""FMOD0120"", ""FMOD0005"", ""FMOD0024""]"
FAST,Q6K00379,24,10,1,1.0,True,0.9,False,0.38308,"[""FMOD0089"", ""FMOD0023"", ""FMOD0055"", ""FMOD0069"", ""FMOD0025"", ""FMOD0100"", ""FMOD0035"", ""FMOD0036"", ""FMOD0079"", ""FMOD0102""]","[""FMOD0089"", ""FMOD0023"", ""FMOD0055"", ""FMOD0069"", ""FMOD0025"", ""FMOD0100"", ""FMOD0035"", ""FMOD0119"", ""FMOD0036"", ""FMOD0079""]"
FAST,Q6K00380,23,10,1,1.0,True,1.0,True,0.38483,"[""FMOD0023"", ""FMOD0035"", ""FMOD0119"", ""FMOD0102"", ""FMOD0110"", ""FMOD0036"", ""FMOD0120"", ""FMOD0077"", ""FMOD0005"", ""FMOD0075""]","[""FMOD0023"", ""FMOD0035"", ""FMOD0119"", ""FMOD0102"", ""FMOD0110"", ""FMOD0036"", ""FMOD0120"", ""FMOD0077"", ""FMOD0005"", ""FMOD0075""]"
FAST,Q6K00381,4,4,1,1.0,True,0.4,False,0.357203,"[""FMOD0077"", ""FMOD0035"", ""FMOD0023"", ""FMOD0079""]","[""FMOD0077"", ""FMOD0035"", ""FMOD0023"", ""FMOD0079"", ""FMOD0119"", ""FMOD0102"", ""FMOD0120"", ""FMOD0055"", ""FMOD0036"", ""FMOD0083""]"
FAST,Q6K00382,12,10,1,1.0,True,0.7,False,0.368168,"[""FMOD0022"", ""FMOD0120"", ""FMOD0023"", ""FMOD0102"", ""FMOD0035"", ""FMOD0079"", ""FMOD0119"", ""FMOD0089"", ""FMOD0055"", ""FMOD0083""]","[""FMOD0022"", ""FMOD0120"", ""FMOD0023"", ""FMOD0102"", ""FMOD0035"", ""FMOD0079"", ""FMOD0110"", ""FMOD0119"", ""FMOD0005"", ""FMOD0069""]"
FAST,Q6K00383,3,3,1,1.0,True,0.2,False,0.396387,"[""FMOD0060"", ""FMOD0023"", ""FMOD0075""]","[""FMOD0060"", ""FMOD0023"", ""FMOD0035"", ""FMOD0119"", ""FMOD0113"", ""FMOD0120"", ""FMOD0036"", ""FMOD0069"", ""FMOD0079"", ""FMOD0077""]"
FAST,Q6K00384,10,10,1,1.0,True,0.5,False,0.363013,"[""FMOD0083"", ""FMOD0069"", ""FMOD0120"", ""FMOD0119"", ""FMOD0055"", ""FMOD0102"", ""FMOD0023"", ""FMOD0096"", ""FMOD0113"", ""FMOD0080""]","[""FMOD0083"", ""FMOD0069"", ""FMOD0086"", ""FMOD0035"", ""FMOD0120"", ""FMOD0119"", ""FMOD0005"", ""FMOD0055"", ""FMOD0036"", ""FMOD0079""]"
FAST,Q6K00385,6,6,1,1.0,True,0.3,False,0.40283,"[""FMOD0061"", ""FMOD0102"", ""FMOD0023"", ""FMOD0119"", ""FMOD0004"", ""FMOD0096""]","[""FMOD0061"", ""FMOD0035"", ""FMOD0079"", ""FMOD0069"", ""FMOD0102"", ""FMOD0043"", ""FMOD0023"", ""FMOD0055"", ""FMOD0120"", ""FMOD0086""]"
FAST,Q6K00386,7,7,1,1.0,True,0.5,False,0.36115,"[""FMOD0066"", ""FMOD0035"", ""FMOD0079"", ""FMOD0022"", ""FMOD0120"", ""FMOD0069"", ""FMOD0110""]","[""FMOD0066"", ""FMOD0035"", ""FMOD0079"", ""FMOD0022"", ""FMOD0102"", ""FMOD0120"", ""FMOD0023"", ""FMOD0119"", ""FMOD0036"", ""FMOD0055""]"
FAST,Q6K00387,30,10,1,1.0,True,1.0,True,0.410467,"[""FMOD0043"", ""FMOD0023"", ""FMOD0102"", ""FMOD0069"", ""FMOD0035"", ""FMOD0096"", ""FMOD0119"", ""FMOD0120"", ""FMOD0024"", ""FMOD0079""]","[""FMOD0043"", ""FMOD0023"", ""FMOD0102"", ""FMOD0069"", ""FMOD0035"", ""FMOD0096"", ""FMOD0119"", ""FMOD0120"", ""FMOD0024"", ""FMOD0079""]"
FAST,Q6K00388,32,10,1,1.0,True,1.0,True,0.442646,"[""FMOD0055"", ""FMOD0074"", ""FMOD0083"", ""FMOD0025"", ""FMOD0119"", ""FMOD0079"", ""FMOD0102"", ""FMOD0005"", ""FMOD0120"", ""FMOD0077""]","[""FMOD0055"", ""FMOD0074"", ""FMOD0083"", ""FMOD0025"", ""FMOD0119"", ""FMOD0079"", ""FMOD0102"", ""FMOD0005"", ""FMOD0120"", ""FMOD0077""]"
FAST,Q6K00389,13,10,1,1.0,True,0.6,False,0.382812,"[""FMOD0055"", ""FMOD0023"", ""FMOD0035"", ""FMOD0102"", ""FMOD0120"", ""FMOD0069"", ""FMOD0051"", ""FMOD0077"", ""FMOD0025"", ""FMOD0014""]","[""FMOD0055"", ""FMOD0023"", ""FMOD0035"", ""FMOD0079"", ""FMOD0119"", ""FMOD0102"", ""FMOD0120"", ""FMOD0069"", ""FMOD0067"", ""FMOD0087""]"
FAST,Q6K00390,25,10,1,1.0,True,1.0,True,0.384628,"[""FMOD0023"", ""FMOD0102"", ""FMOD0119"", ""FMOD0120"", ""FMOD0069"", ""FMOD0035"", ""FMOD0079"", ""FMOD0022"", ""FMOD0110"", ""FMOD0073""]","[""FMOD0023"", ""FMOD0102"", ""FMOD0119"", ""FMOD0120"", ""FMOD0069"", ""FMOD0035"", ""FMOD0079"", ""FMOD0022"", ""FMOD0110"", ""FMOD0073""]"
FAST,Q6K00391,7,7,1,1.0,True,0.5,False,0.370725,"[""FMOD0089"", ""FMOD0102"", ""FMOD0023"", ""FMOD0069"", ""FMOD0120"", ""FMOD0091"", ""FMOD0077""]","[""FMOD0089"", ""FMOD0110"", ""FMOD0035"", ""FMOD0119"", ""FMOD0102"", ""FMOD0023"", ""FMOD0079"", ""FMOD0069"", ""FMOD0036"", ""FMOD0120""]"
FAST,Q6K00392,12,10,1,1.0,True,0.6,False,0.360988,"[""FMOD0079"", ""FMOD0120"", ""FMOD0069"", ""FMOD0023"", ""FMOD0102"", ""FMOD0036"", ""FMOD0035"", ""FMOD0110"", ""FMOD0077"", ""FMOD0055""]","[""FMOD0079"", ""FMOD0120"", ""FMOD0069"", ""FMOD0023"", ""FMOD0102"", ""FMOD0119"", ""FMOD0005"", ""FMOD0036"", ""FMOD0104"", ""FMOD0067""]"
FAST,Q6K00393,14,10,1,1.0,True,0.8,False,0.392227,"[""FMOD0023"", ""FMOD0102"", ""FMOD0119"", ""FMOD0036"", ""FMOD0035"", ""FMOD0053"", ""FMOD0113"", ""FMOD0110"", ""FMOD0083"", ""FMOD0069""]","[""FMOD0023"", ""FMOD0102"", ""FMOD0119"", ""FMOD0120"", ""FMOD0036"", ""FMOD0035"", ""FMOD0053"", ""FMOD0113"", ""FMOD0024"", ""FMOD0110""]"
FAST,Q6K00394,10,10,1,1.0,True,0.7,False,0.399348,"[""FMOD0102"", ""FMOD0079"", ""FMOD0119"", ""FMOD0036"", ""FMOD0035"", ""FMOD0120"", ""FMOD0096"", ""FMOD0060"", ""FMOD0015"", ""FMOD0013""]","[""FMOD0102"", ""FMOD0079"", ""FMOD0119"", ""FMOD0036"", ""FMOD0035"", ""FMOD0120"", ""FMOD0023"", ""FMOD0096"", ""FMOD0110"", ""FMOD0055""]"
FAST,Q6K00395,28,10,1,1.0,True,1.0,True,0.400972,"[""FMOD0053"", ""FMOD0069"", ""FMOD0035"", ""FMOD0023"", ""FMOD0119"", ""FMOD0036"", ""FMOD0004"", ""FMOD0067"", ""FMOD0083"", ""FMOD0025""]","[""FMOD0053"", ""FMOD0069"", ""FMOD0035"", ""FMOD0023"", ""FMOD0119"", ""FMOD0036"", ""FMOD0004"", ""FMOD0067"", ""FMOD0083"", ""FMOD0025""]"
FAST,Q6K00396,12,10,1,1.0,True,0.8,False,0.369459,"[""FMOD0066"", ""FMOD0035"", ""FMOD0023"", ""FMOD0051"", ""FMOD0119"", ""FMOD0102"", ""FMOD0120"", ""FMOD0077"", ""FMOD0069"", ""FMOD0005""]","[""FMOD0066"", ""FMOD0035"", ""FMOD0023"", ""FMOD0051"", ""FMOD0119"", ""FMOD0102"", ""FMOD0036"", ""FMOD0055"", ""FMOD0120"", ""FMOD0077""]"
FAST,Q6K00397,9,9,1,1.0,True,0.6,False,0.37071,"[""FMOD0079"", ""FMOD0120"", ""FMOD0102"", ""FMOD0119"", ""FMOD0035"", ""FMOD0055"", ""FMOD0036"", ""FMOD0014"", ""FMOD0077""]","[""FMOD0079"", ""FMOD0120"", ""FMOD0023"", ""FMOD0102"", ""FMOD0110"", ""FMOD0119"", ""FMOD0005"", ""FMOD0035"", ""FMOD0055"", ""FMOD0069""]"
FAST,Q6K00398,38,10,1,1.0,True,1.0,True,0.440109,"[""FMOD0069"", ""FMOD0119"", ""FMOD0083"", ""FMOD0025"", ""FMOD0079"", ""FMOD0110"", ""FMOD0120"", ""FMOD0035"", ""FMOD0102"", ""FMOD0043""]","[""FMOD0069"", ""FMOD0119"", ""FMOD0083"", ""FMOD0025"", ""FMOD0079"", ""FMOD0110"", ""FMOD0120"", ""FMOD0035"", ""FMOD0102"", ""FMOD0043""]"
FAST,Q6K00399,6,6,1,1.0,True,0.2,False,0.356993,"[""FMOD0089"", ""FMOD0055"", ""FMOD0067"", ""FMOD0036"", ""FMOD0119"", ""FMOD0083""]","[""FMOD0089"", ""FMOD0055"", ""FMOD0102"", ""FMOD0120"", ""FMOD0110"", ""FMOD0024"", ""FMOD0025"", ""FMOD0023"", ""FMOD0044"", ""FMOD0086""]"
FAST,Q6K00400,41,10,1,1.0,True,1.0,True,0.374702,"[""FMOD0023"", ""FMOD0025"", ""FMOD0035"", ""FMOD0069"", ""FMOD0055"", ""FMOD0100"", ""FMOD0036"", ""FMOD0031"", ""FMOD0120"", ""FMOD0102""]","[""FMOD0023"", ""FMOD0025"", ""FMOD0035"", ""FMOD0069"", ""FMOD0055"", ""FMOD0100"", ""FMOD0036"", ""FMOD0031"", ""FMOD0120"", ""FMOD0102""]"
FAST,Q6K00401,18,10,1,1.0,True,1.0,True,0.362915,"[""FMOD0066"", ""FMOD0023"", ""FMOD0091"", ""FMOD0051"", ""FMOD0043"", ""FMOD0040"", ""FMOD0022"", ""FMOD0100"", ""FMOD0119"", ""FMOD0079""]","[""FMOD0066"", ""FMOD0023"", ""FMOD0091"", ""FMOD0051"", ""FMOD0043"", ""FMOD0040"", ""FMOD0022"", ""FMOD0100"", ""FMOD0119"", ""FMOD0079""]"
FAST,Q6K00402,12,10,1,1.0,True,0.7,False,0.371642,"[""FMOD0044"", ""FMOD0091"", ""FMOD0023"", ""FMOD0035"", ""FMOD0120"", ""FMOD0077"", ""FMOD0102"", ""FMOD0079"", ""FMOD0055"", ""FMOD0025""]","[""FMOD0044"", ""FMOD0091"", ""FMOD0023"", ""FMOD0035"", ""FMOD0119"", ""FMOD0069"", ""FMOD0120"", ""FMOD0077"", ""FMOD0036"", ""FMOD0102""]"
FAST,Q6K00403,25,10,1,1.0,True,0.9,False,0.477688,"[""FMOD0035"", ""FMOD0033"", ""FMOD0119"", ""FMOD0120"", ""FMOD0024"", ""FMOD0080"", ""FMOD0102"", ""FMOD0105"", ""FMOD0005"", ""FMOD0036""]","[""FMOD0035"", ""FMOD0033"", ""FMOD0119"", ""FMOD0120"", ""FMOD0024"", ""FMOD0080"", ""FMOD0102"", ""FMOD0105"", ""FMOD0005"", ""FMOD0091""]"
FAST,Q6K00404,15,10,1,1.0,True,0.8,False,0.422943,"[""FMOD0040"", ""FMOD0055"", ""FMOD0102"", ""FMOD0035"", ""FMOD0069"", ""FMOD0023"", ""FMOD0119"", ""FMOD0036"", ""FMOD0079"", ""FMOD0077""]","[""FMOD0040"", ""FMOD0120"", ""FMOD0055"", ""FMOD0102"", ""FMOD0035"", ""FMOD0069"", ""FMOD0023"", ""FMOD0110"", ""FMOD0119"", ""FMOD0036""]"
FAST,Q6K00405,9,9,1,1.0,True,0.4,False,0.368722,"[""FMOD0016"", ""FMOD0102"", ""FMOD0023"", ""FMOD0035"", ""FMOD0055"", ""FMOD0040"", ""FMOD0110"", ""FMOD0104"", ""FMOD0050""]","[""FMOD0016"", ""FMOD0102"", ""FMOD0031"", ""FMOD0023"", ""FMOD0035"", ""FMOD0033"", ""FMOD0079"", ""FMOD0022"", ""FMOD0051"", ""FMOD0014""]"
FAST,Q6K00406,5,5,1,1.0,True,0.2,False,0.762769,"[""FMOD0036"", ""FMOD0005"", ""FMOD0120"", ""FMOD0001"", ""FMOD0031""]","[""FMOD0036"", ""FMOD0086"", ""FMOD0025"", ""FMOD0023"", ""FMOD0102"", ""FMOD0119"", ""FMOD0067"", ""FMOD0044"", ""FMOD0005"", ""FMOD0014""]"
FAST,Q6K00407,11,10,1,1.0,True,0.6,False,0.521964,"[""FMOD0005"", ""FMOD0120"", ""FMOD0069"", ""FMOD0102"", ""FMOD0023"", ""FMOD0110"", ""FMOD0077"", ""FMOD0035"", ""FMOD0025"", ""FMOD0055""]","[""FMOD0005"", ""FMOD0120"", ""FMOD0069"", ""FMOD0102"", ""FMOD0119"", ""FMOD0079"", ""FMOD0023"", ""FMOD0104"", ""FMOD0033"", ""FMOD0110""]"
FAST,Q6K00408,10,10,1,1.0,True,0.5,False,0.417622,"[""FMOD0022"", ""FMOD0035"", ""FMOD0102"", ""FMOD0120"", ""FMOD0119"", ""FMOD0055"", ""FMOD0083"", ""FMOD0089"", ""FMOD0025"", ""FMOD0049""]","[""FMOD0022"", ""FMOD0023"", ""FMOD0035"", ""FMOD0102"", ""FMOD0120"", ""FMOD0077"", ""FMOD0069"", ""FMOD0079"", ""FMOD0119"", ""FMOD0053""]"
FAST,Q6K00409,6,6,1,1.0,True,0.4,False,0.402038,"[""FMOD0043"", ""FMOD0023"", ""FMOD0035"", ""FMOD0022"", ""FMOD0069"", ""FMOD0102""]","[""FMOD0043"", ""FMOD0023"", ""FMOD0035"", ""FMOD0079"", ""FMOD0022"", ""FMOD0119"", ""FMOD0036"", ""FMOD0055"", ""FMOD0087"", ""FMOD0089""]"
FAST,Q6K00410,7,7,1,1.0,True,0.5,False,0.496751,"[""FMOD0005"", ""FMOD0023"", ""FMOD0035"", ""FMOD0055"", ""FMOD0089"", ""FMOD0036"", ""FMOD0053""]","[""FMOD0005"", ""FMOD0023"", ""FMOD0035"", ""FMOD0055"", ""FMOD0089"", ""FMOD0024"", ""FMOD0113"", ""FMOD0120"", ""FMOD0110"", ""FMOD0079""]"
FAST,Q6K00411,41,10,1,1.0,True,1.0,True,0.378369,"[""FMOD0025"", ""FMOD0069"", ""FMOD0023"", ""FMOD0119"", ""FMOD0079"", ""FMOD0120"", ""FMOD0102"", ""FMOD0110"", ""FMOD0055"", ""FMOD0035""]","[""FMOD0025"", ""FMOD0069"", ""FMOD0023"", ""FMOD0119"", ""FMOD0079"", ""FMOD0120"", ""FMOD0102"", ""FMOD0110"", ""FMOD0055"", ""FMOD0035""]"
FAST,Q6K00412,7,7,1,1.0,True,0.5,False,0.458179,"[""FMOD0055"", ""FMOD0023"", ""FMOD0069"", ""FMOD0120"", ""FMOD0102"", ""FMOD0036"", ""FMOD0005""]","[""FMOD0055"", ""FMOD0023"", ""FMOD0119"", ""FMOD0069"", ""FMOD0040"", ""FMOD0035"", ""FMOD0120"", ""FMOD0083"", ""FMOD0102"", ""FMOD0110""]"
FAST,Q6K00413,4,4,1,1.0,True,0.3,False,0.38442,"[""FMOD0060"", ""FMOD0023"", ""FMOD0119"", ""FMOD0075""]","[""FMOD0060"", ""FMOD0023"", ""FMOD0035"", ""FMOD0120"", ""FMOD0102"", ""FMOD0079"", ""FMOD0069"", ""FMOD0110"", ""FMOD0119"", ""FMOD0036""]"
FAST,Q6K00414,22,10,1,1.0,True,0.8,False,0.388463,"[""FMOD0055"", ""FMOD0036"", ""FMOD0023"", ""FMOD0120"", ""FMOD0119"", ""FMOD0102"", ""FMOD0035"", ""FMOD0083"", ""FMOD0113"", ""FMOD0033""]","[""FMOD0055"", ""FMOD0036"", ""FMOD0023"", ""FMOD0120"", ""FMOD0119"", ""FMOD0077"", ""FMOD0102"", ""FMOD0035"", ""FMOD0079"", ""FMOD0083""]"
FAST,Q6K00415,32,10,1,1.0,True,1.0,True,0.396299,"[""FMOD0025"", ""FMOD0069"", ""FMOD0023"", ""FMOD0102"", ""FMOD0035"", ""FMOD0077"", ""FMOD0055"", ""FMOD0036"", ""FMOD0033"", ""FMOD0113""]","[""FMOD0025"", ""FMOD0069"", ""FMOD0023"", ""FMOD0102"", ""FMOD0035"", ""FMOD0077"", ""FMOD0055"", ""FMOD0036"", ""FMOD0033"", ""FMOD0113""]"
FAST,Q6K00416,14,10,1,1.0,True,0.5,False,0.387703,"[""FMOD0089"", ""FMOD0036"", ""FMOD0035"", ""FMOD0055"", ""FMOD0119"", ""FMOD0110"", ""FMOD0120"", ""FMOD0102"", ""FMOD0083"", ""FMOD0040""]","[""FMOD0089"", ""FMOD0023"", ""FMOD0036"", ""FMOD0022"", ""FMOD0035"", ""FMOD0075"", ""FMOD0055"", ""FMOD0119"", ""FMOD0079"", ""FMOD0086""]"
FAST,Q6K00417,13,10,1,1.0,True,0.6,False,0.409754,"[""FMOD0051"", ""FMOD0035"", ""FMOD0075"", ""FMOD0036"", ""FMOD0120"", ""FMOD0069"", ""FMOD0077"", ""FMOD0022"", ""FMOD0116"", ""FMOD0055""]","[""FMOD0051"", ""FMOD0102"", ""FMOD0035"", ""FMOD0086"", ""FMOD0005"", ""FMOD0075"", ""FMOD0036"", ""FMOD0096"", ""FMOD0120"", ""FMOD0069""]"
FAST,Q6K00418,26,10,1,1.0,True,1.0,True,0.407819,"[""FMOD0083"", ""FMOD0035"", ""FMOD0102"", ""FMOD0119"", ""FMOD0069"", ""FMOD0025"", ""FMOD0077"", ""FMOD0004"", ""FMOD0079"", ""FMOD0023""]","[""FMOD0083"", ""FMOD0035"", ""FMOD0102"", ""FMOD0119"", ""FMOD0069"", ""FMOD0025"", ""FMOD0077"", ""FMOD0004"", ""FMOD0079"", ""FMOD0023""]"
FAST,Q6K00419,9,9,1,1.0,True,0.5,False,0.390768,"[""FMOD0096"", ""FMOD0023"", ""FMOD0035"", ""FMOD0022"", ""FMOD0036"", ""FMOD0077"", ""FMOD0079"", ""FMOD0055"", ""FMOD0031""]","[""FMOD0096"", ""FMOD0023"", ""FMOD0035"", ""FMOD0022"", ""FMOD0119"", ""FMOD0102"", ""FMOD0120"", ""FMOD0036"", ""FMOD0069"", ""FMOD0110""]"
FAST,Q6K00420,23,10,1,1.0,True,0.9,False,0.399122,"[""FMOD0036"", ""FMOD0004"", ""FMOD0067"", ""FMOD0119"", ""FMOD0035"", ""FMOD0079"", ""FMOD0120"", ""FMOD0023"", ""FMOD0055"", ""FMOD0083""]","[""FMOD0036"", ""FMOD0004"", ""FMOD0067"", ""FMOD0119"", ""FMOD0035"", ""FMOD0079"", ""FMOD0120"", ""FMOD0023"", ""FMOD0055"", ""FMOD0005""]"
FAST,Q6K00421,7,7,2,1.0,True,0.5,False,0.483478,"[""FMOD0005"", ""FMOD0069"", ""FMOD0079"", ""FMOD0023"", ""FMOD0035"", ""FMOD0091"", ""FMOD0050""]","[""FMOD0005"", ""FMOD0069"", ""FMOD0079"", ""FMOD0120"", ""FMOD0119"", ""FMOD0023"", ""FMOD0035"", ""FMOD0040"", ""FMOD0089"", ""FMOD0036""]"
FAST,Q6K00422,13,10,2,1.0,True,0.6,False,0.39132,"[""FMOD0053"", ""FMOD0083"", ""FMOD0023"", ""FMOD0036"", ""FMOD0102"", ""FMOD0110"", ""FMOD0091"", ""FMOD0119"", ""FMOD0055"", ""FMOD0075""]","[""FMOD0053"", ""FMOD0083"", ""FMOD0035"", ""FMOD0023"", ""FMOD0051"", ""FMOD0036"", ""FMOD0079"", ""FMOD0102"", ""FMOD0120"", ""FMOD0110""]"
FAST,Q6K00423,27,10,2,1.0,True,1.0,True,0.394091,"[""FMOD0061"", ""FMOD0004"", ""FMOD0086"", ""FMOD0035"", ""FMOD0033"", ""FMOD0014"", ""FMOD0102"", ""FMOD0119"", ""FMOD0120"", ""FMOD0096""]","[""FMOD0061"", ""FMOD0004"", ""FMOD0086"", ""FMOD0035"", ""FMOD0033"", ""FMOD0014"", ""FMOD0102"", ""FMOD0119"", ""FMOD0120"", ""FMOD0096""]"
FAST,Q6K00424,26,10,2,0.5,False,1.0,True,0.377429,"[""FMOD0053"", ""FMOD0102"", ""FMOD0023"", ""FMOD0035"", ""FMOD0077"", ""FMOD0069"", ""FMOD0033"", ""FMOD0113"", ""FMOD0119"", ""FMOD0025""]","[""FMOD0053"", ""FMOD0102"", ""FMOD0023"", ""FMOD0035"", ""FMOD0077"", ""FMOD0069"", ""FMOD0033"", ""FMOD0113"", ""FMOD0119"", ""FMOD0025""]"
FAST,Q6K00425,8,8,2,1.0,True,0.5,False,0.479035,"[""FMOD0060"", ""FMOD0011"", ""FMOD0120"", ""FMOD0055"", ""FMOD0079"", ""FMOD0023"", ""FMOD0086"", ""FMOD0025""]","[""FMOD0060"", ""FMOD0011"", ""FMOD0035"", ""FMOD0102"", ""FMOD0119"", ""FMOD0110"", ""FMOD0120"", ""FMOD0055"", ""FMOD0036"", ""FMOD0079""]"
FAST,Q6K00426,21,10,2,1.0,True,0.7,False,0.396895,"[""FMOD0022"", ""FMOD0040"", ""FMOD0035"", ""FMOD0119"", ""FMOD0036"", ""FMOD0102"", ""FMOD0120"", ""FMOD0083"", ""FMOD0091"", ""FMOD0110""]","[""FMOD0022"", ""FMOD0040"", ""FMOD0035"", ""FMOD0119"", ""FMOD0023"", ""FMOD0036"", ""FMOD0102"", ""FMOD0051"", ""FMOD0120"", ""FMOD0053""]"
FAST,Q6K00427,9,9,2,0.5,False,0.7,False,0.391462,"[""FMOD0005"", ""FMOD0035"", ""FMOD0055"", ""FMOD0043"", ""FMOD0011"", ""FMOD0069"", ""FMOD0036"", ""FMOD0075"", ""FMOD0089""]","[""FMOD0005"", ""FMOD0035"", ""FMOD0055"", ""FMOD0043"", ""FMOD0011"", ""FMOD0102"", ""FMOD0023"", ""FMOD0069"", ""FMOD0119"", ""FMOD0036""]"
FAST,Q6K00428,12,10,2,1.0,True,0.8,False,0.362985,"[""FMOD0069"", ""FMOD0099"", ""FMOD0023"", ""FMOD0119"", ""FMOD0120"", ""FMOD0035"", ""FMOD0102"", ""FMOD0110"", ""FMOD0036"", ""FMOD0079""]","[""FMOD0069"", ""FMOD0099"", ""FMOD0023"", ""FMOD0077"", ""FMOD0119"", ""FMOD0120"", ""FMOD0035"", ""FMOD0102"", ""FMOD0040"", ""FMOD0110""]"
FAST,Q6K00429,26,10,2,1.0,True,0.9,False,0.381848,"[""FMOD0069"", ""FMOD0086"", ""FMOD0087"", ""FMOD0119"", ""FMOD0120"", ""FMOD0023"", ""FMOD0005"", ""FMOD0035"", ""FMOD0079"", ""FMOD0077""]","[""FMOD0069"", ""FMOD0086"", ""FMOD0087"", ""FMOD0119"", ""FMOD0120"", ""FMOD0023"", ""FMOD0005"", ""FMOD0110"", ""FMOD0035"", ""FMOD0079""]"
FAST,Q6K00430,19,10,2,1.0,True,0.8,False,0.44302,"[""FMOD0050"", ""FMOD0061"", ""FMOD0083"", ""FMOD0069"", ""FMOD0035"", ""FMOD0110"", ""FMOD0005"", ""FMOD0024"", ""FMOD0102"", ""FMOD0025""]","[""FMOD0050"", ""FMOD0061"", ""FMOD0083"", ""FMOD0069"", ""FMOD0023"", ""FMOD0035"", ""FMOD0079"", ""FMOD0110"", ""FMOD0005"", ""FMOD0024""]"
FAST,Q6K00431,17,10,2,1.0,True,0.8,False,0.385099,"[""FMOD0074"", ""FMOD0005"", ""FMOD0120"", ""FMOD0079"", ""FMOD0119"", ""FMOD0110"", ""FMOD0069"", ""FMOD0035"", ""FMOD0102"", ""FMOD0023""]","[""FMOD0074"", ""FMOD0005"", ""FMOD0120"", ""FMOD0079"", ""FMOD0119"", ""FMOD0110"", ""FMOD0096"", ""FMOD0069"", ""FMOD0035"", ""FMOD0036""]"
FAST,Q6K00432,4,4,2,1.0,True,0.3,False,0.413831,"[""FMOD0053"", ""FMOD0011"", ""FMOD0035"", ""FMOD0119""]","[""FMOD0053"", ""FMOD0011"", ""FMOD0035"", ""FMOD0023"", ""FMOD0113"", ""FMOD0110"", ""FMOD0083"", ""FMOD0069"", ""FMOD0091"", ""FMOD0102""]"
FAST,Q6K00433,33,10,2,1.0,True,1.0,True,0.384913,"[""FMOD0004"", ""FMOD0079"", ""FMOD0086"", ""FMOD0035"", ""FMOD0033"", ""FMOD0110"", ""FMOD0119"", ""FMOD0102"", ""FMOD0014"", ""FMOD0120""]","[""FMOD0004"", ""FMOD0079"", ""FMOD0086"", ""FMOD0035"", ""FMOD0033"", ""FMOD0110"", ""FMOD0119"", ""FMOD0102"", ""FMOD0014"", ""FMOD0120""]"
FAST,Q6K00434,4,4,2,0.5,False,0.1,False,0.385435,"[""FMOD0016"", ""FMOD0069"", ""FMOD0033"", ""FMOD0104""]","[""FMOD0016"", ""FMOD0035"", ""FMOD0036"", ""FMOD0077"", ""FMOD0055"", ""FMOD0005"", ""FMOD0120"", ""FMOD0102"", ""FMOD0110"", ""FMOD0079""]"
FAST,Q6K00435,15,10,2,1.0,True,0.9,False,0.374351,"[""FMOD0099"", ""FMOD0069"", ""FMOD0119"", ""FMOD0023"", ""FMOD0035"", ""FMOD0102"", ""FMOD0120"", ""FMOD0110"", ""FMOD0079"", ""FMOD0036""]","[""FMOD0099"", ""FMOD0069"", ""FMOD0119"", ""FMOD0023"", ""FMOD0035"", ""FMOD0102"", ""FMOD0120"", ""FMOD0110"", ""FMOD0077"", ""FMOD0079""]"
FAST,Q6K00436,20,10,2,1.0,True,0.9,False,0.390788,"[""FMOD0099"", ""FMOD0044"", ""FMOD0035"", ""FMOD0023"", ""FMOD0119"", ""FMOD0036"", ""FMOD0120"", ""FMOD0069"", ""FMOD0102"", ""FMOD0079""]","[""FMOD0099"", ""FMOD0044"", ""FMOD0035"", ""FMOD0023"", ""FMOD0119"", ""FMOD0036"", ""FMOD0120"", ""FMOD0069"", ""FMOD0077"", ""FMOD0102""]"
FAST,Q6K00437,26,10,2,1.0,True,1.0,True,0.406487,"[""FMOD0096"", ""FMOD0035"", ""FMOD0110"", ""FMOD0023"", ""FMOD0051"", ""FMOD0079"", ""FMOD0120"", ""FMOD0119"", ""FMOD0005"", ""FMOD0069""]","[""FMOD0096"", ""FMOD0035"", ""FMOD0110"", ""FMOD0023"", ""FMOD0051"", ""FMOD0079"", ""FMOD0120"", ""FMOD0119"", ""FMOD0005"", ""FMOD0069""]"
FAST,Q6K00438,6,6,2,1.0,True,0.3,False,0.354795,"[""FMOD0022"", ""FMOD0055"", ""FMOD0119"", ""FMOD0096"", ""FMOD0074"", ""FMOD0044""]","[""FMOD0022"", ""FMOD0055"", ""FMOD0023"", ""FMOD0102"", ""FMOD0069"", ""FMOD0110"", ""FMOD0120"", ""FMOD0079"", ""FMOD0119"", ""FMOD0036""]"
FAST,Q6K00439,11,10,2,1.0,True,0.7,False,0.450434,"[""FMOD0043"", ""FMOD0083"", ""FMOD0023"", ""FMOD0035"", ""FMOD0079"", ""FMOD0055"", ""FMOD0119"", ""FMOD0069"", ""FMOD0102"", ""FMOD0120""]","[""FMOD0043"", ""FMOD0083"", ""FMOD0023"", ""FMOD0035"", ""FMOD0079"", ""FMOD0040"", ""FMOD0055"", ""FMOD0119"", ""FMOD0005"", ""FMOD0077""]"
FAST,Q6K00440,20,10,2,1.0,True,1.0,True,0.395382,"[""FMOD0061"", ""FMOD0119"", ""FMOD0035"", ""FMOD0110"", ""FMOD0060"", ""FMOD0036"", ""FMOD0083"", ""FMOD0023"", ""FMOD0011"", ""FMOD0005""]","[""FMOD0061"", ""FMOD0119"", ""FMOD0035"", ""FMOD0110"", ""FMOD0060"", ""FMOD0036"", ""FMOD0083"", ""FMOD0023"", ""FMOD0011"", ""FMOD0005""]"
FAST,Q6K00441,16,10,2,1.0,True,0.9,False,0.373029,"[""FMOD0035"", ""FMOD0025"", ""FMOD0086"", ""FMOD0080"", ""FMOD0015"", ""FMOD0023"", ""FMOD0119"", ""FMOD0102"", ""FMOD0036"", ""FMOD0069""]","[""FMOD0035"", ""FMOD0025"", ""FMOD0086"", ""FMOD0080"", ""FMOD0015"", ""FMOD0023"", ""FMOD0119"", ""FMOD0102"", ""FMOD0079"", ""FMOD0036""]"
FAST,Q6K00442,10,10,2,0.5,False,0.8,False,0.896126,"[""FMOD0087"", ""FMOD0120"", ""FMOD0102"", ""FMOD0079"", ""FMOD0119"", ""FMOD0110"", ""FMOD0036"", ""FMOD0055"", ""FMOD0091"", ""FMOD0076""]","[""FMOD0087"", ""FMOD0035"", ""FMOD0120"", ""FMOD0102"", ""FMOD0079"", ""FMOD0119"", ""FMOD0110"", ""FMOD0005"", ""FMOD0036"", ""FMOD0055""]"
FAST,Q6K00443,15,10,2,1.0,True,0.9,False,0.403785,"[""FMOD0035"", ""FMOD0011"", ""FMOD0023"", ""FMOD0119"", ""FMOD0102"", ""FMOD0079"", ""FMOD0060"", ""FMOD0069"", ""FMOD0055"", ""FMOD0016""]","[""FMOD0035"", ""FMOD0011"", ""FMOD0023"", ""FMOD0119"", ""FMOD0102"", ""FMOD0079"", ""FMOD0060"", ""FMOD0069"", ""FMOD0077"", ""FMOD0055""]"
FAST,Q6K00444,14,10,2,1.0,True,0.6,False,0.410821,"[""FMOD0003"", ""FMOD0022"", ""FMOD0120"", ""FMOD0119"", ""FMOD0102"", ""FMOD0036"", ""FMOD0023"", ""FMOD0055"", ""FMOD0035"", ""FMOD0083""]","[""FMOD0003"", ""FMOD0022"", ""FMOD0069"", ""FMOD0120"", ""FMOD0119"", ""FMOD0079"", ""FMOD0005"", ""FMOD0102"", ""FMOD0067"", ""FMOD0036""]"
FAST,Q6K00445,6,6,2,1.0,True,0.5,False,0.389756,"[""FMOD0035"", ""FMOD0023"", ""FMOD0069"", ""FMOD0120"", ""FMOD0110"", ""FMOD0053""]","[""FMOD0035"", ""FMOD0023"", ""FMOD0069"", ""FMOD0120"", ""FMOD0102"", ""FMOD0119"", ""FMOD0110"", ""FMOD0079"", ""FMOD0036"", ""FMOD0033""]"
FAST,Q6K00446,22,10,2,1.0,True,1.0,True,0.384022,"[""FMOD0067"", ""FMOD0060"", ""FMOD0035"", ""FMOD0023"", ""FMOD0022"", ""FMOD0119"", ""FMOD0102"", ""FMOD0120"", ""FMOD0110"", ""FMOD0036""]","[""FMOD0067"", ""FMOD0060"", ""FMOD0035"", ""FMOD0023"", ""FMOD0022"", ""FMOD0119"", ""FMOD0102"", ""FMOD0120"", ""FMOD0110"", ""FMOD0036""]"
FAST,Q6K00447,9,9,2,1.0,True,0.6,False,0.368307,"[""FMOD0086"", ""FMOD0087"", ""FMOD0050"", ""FMOD0091"", ""FMOD0036"", ""FMOD0119"", ""FMOD0102"", ""FMOD0089"", ""FMOD0076""]","[""FMOD0086"", ""FMOD0087"", ""FMOD0050"", ""FMOD0091"", ""FMOD0036"", ""FMOD0120"", ""FMOD0069"", ""FMOD0119"", ""FMOD0023"", ""FMOD0079""]"
FAST,Q6K00448,7,7,2,0.5,False,0.5,False,0.414193,"[""FMOD0055"", ""FMOD0102"", ""FMOD0023"", ""FMOD0120"", ""FMOD0069"", ""FMOD0077"", ""FMOD0025""]","[""FMOD0055"", ""FMOD0102"", ""FMOD0079"", ""FMOD0035"", ""FMOD0023"", ""FMOD0120"", ""FMOD0069"", ""FMOD0119"", ""FMOD0036"", ""FMOD0110""]"
FAST,Q6K00449,11,10,2,1.0,True,0.7,False,0.387879,"[""FMOD0066"", ""FMOD0096"", ""FMOD0023"", ""FMOD0035"", ""FMOD0031"", ""FMOD0033"", ""FMOD0120"", ""FMOD0119"", ""FMOD0069"", ""FMOD0036""]","[""FMOD0066"", ""FMOD0096"", ""FMOD0023"", ""FMOD0035"", ""FMOD0031"", ""FMOD0033"", ""FMOD0079"", ""FMOD0016"", ""FMOD0055"", ""FMOD0120""]"
FAST,Q6K00450,2,2,2,1.0,True,0.2,False,0.388639,"[""FMOD0066"", ""FMOD0087""]","[""FMOD0066"", ""FMOD0087"", ""FMOD0023"", ""FMOD0005"", ""FMOD0036"", ""FMOD0035"", ""FMOD0119"", ""FMOD0102"", ""FMOD0040"", ""FMOD0069""]"
FAST,Q6K00451,21,10,2,1.0,True,1.0,True,0.597659,"[""FMOD0004"", ""FMOD0025"", ""FMOD0086"", ""FMOD0035"", ""FMOD0033"", ""FMOD0014"", ""FMOD0102"", ""FMOD0119"", ""FMOD0120"", ""FMOD0096""]","[""FMOD0004"", ""FMOD0025"", ""FMOD0086"", ""FMOD0035"", ""FMOD0033"", ""FMOD0014"", ""FMOD0102"", ""FMOD0119"", ""FMOD0120"", ""FMOD0096""]"
FAST,Q6K00452,26,10,2,1.0,True,1.0,True,0.498286,"[""FMOD0035"", ""FMOD0003"", ""FMOD0102"", ""FMOD0120"", ""FMOD0014"", ""FMOD0119"", ""FMOD0023"", ""FMOD0073"", ""FMOD0079"", ""FMOD0069""]","[""FMOD0035"", ""FMOD0003"", ""FMOD0102"", ""FMOD0120"", ""FMOD0014"", ""FMOD0119"", ""FMOD0023"", ""FMOD0073"", ""FMOD0079"", ""FMOD0069""]"
FAST,Q6K00453,16,10,2,1.0,True,0.9,False,0.477002,"[""FMOD0044"", ""FMOD0079"", ""FMOD0119"", ""FMOD0023"", ""FMOD0102"", ""FMOD0120"", ""FMOD0035"", ""FMOD0110"", ""FMOD0069"", ""FMOD0055""]","[""FMOD0044"", ""FMOD0079"", ""FMOD0119"", ""FMOD0023"", ""FMOD0102"", ""FMOD0120"", ""FMOD0035"", ""FMOD0083"", ""FMOD0110"", ""FMOD0069""]"
FAST,Q6K00454,24,10,2,1.0,True,1.0,True,0.395873,"[""FMOD0067"", ""FMOD0077"", ""FMOD0033"", ""FMOD0035"", ""FMOD0102"", ""FMOD0069"", ""FMOD0119"", ""FMOD0023"", ""FMOD0073"", ""FMOD0113""]","[""FMOD0067"", ""FMOD0077"", ""FMOD0033"", ""FMOD0035"", ""FMOD0102"", ""FMOD0069"", ""FMOD0119"", ""FMOD0023"", ""FMOD0073"", ""FMOD0113""]"
FAST,Q6K00455,5,5,2,1.0,True,0.3,False,0.38186,"[""FMOD0077"", ""FMOD0016"", ""FMOD0102"", ""FMOD0053"", ""FMOD0033""]","[""FMOD0077"", ""FMOD0016"", ""FMOD0120"", ""FMOD0079"", ""FMOD0110"", ""FMOD0035"", ""FMOD0102"", ""FMOD0005"", ""FMOD0055"", ""FMOD0036""]"
FAST,Q6K00456,22,10,2,1.0,True,0.8,False,0.398674,"[""FMOD0004"", ""FMOD0016"", ""FMOD0067"", ""FMOD0113"", ""FMOD0036"", ""FMOD0023"", ""FMOD0079"", ""FMOD0119"", ""FMOD0102"", ""FMOD0120""]","[""FMOD0004"", ""FMOD0016"", ""FMOD0067"", ""FMOD0113"", ""FMOD0036"", ""FMOD0023"", ""FMOD0035"", ""FMOD0079"", ""FMOD0077"", ""FMOD0119""]"
FAST,Q6K00457,36,10,2,0.5,False,1.0,True,0.431122,"[""FMOD0025"", ""FMOD0069"", ""FMOD0023"", ""FMOD0055"", ""FMOD0031"", ""FMOD0100"", ""FMOD0036"", ""FMOD0035"", ""FMOD0120"", ""FMOD0119""]","[""FMOD0025"", ""FMOD0069"", ""FMOD0023"", ""FMOD0055"", ""FMOD0031"", ""FMOD0100"", ""FMOD0036"", ""FMOD0035"", ""FMOD0120"", ""FMOD0119""]"
FAST,Q6K00458,8,8,2,1.0,True,0.6,False,0.377287,"[""FMOD0079"", ""FMOD0016"", ""FMOD0102"", ""FMOD0119"", ""FMOD0120"", ""FMOD0110"", ""FMOD0055"", ""FMOD0053""]","[""FMOD0079"", ""FMOD0023"", ""FMOD0016"", ""FMOD0035"", ""FMOD0102"", ""FMOD0119"", ""FMOD0120"", ""FMOD0077"", ""FMOD0036"", ""FMOD0110""]"
FAST,Q6K00459,38,10,2,0.5,False,1.0,True,0.409452,"[""FMOD0069"", ""FMOD0023"", ""FMOD0055"", ""FMOD0025"", ""FMOD0079"", ""FMOD0005"", ""FMOD0089"", ""FMOD0120"", ""FMOD0119"", ""FMOD0102""]","[""FMOD0069"", ""FMOD0023"", ""FMOD0055"", ""FMOD0025"", ""FMOD0079"", ""FMOD0005"", ""FMOD0089"", ""FMOD0120"", ""FMOD0119"", ""FMOD0102""]"
FAST,Q6K00460,13,10,2,1.0,True,0.9,False,0.37582,"[""FMOD0043"", ""FMOD0099"", ""FMOD0024"", ""FMOD0069"", ""FMOD0023"", ""FMOD0035"", ""FMOD0091"", ""FMOD0005"", ""FMOD0025"", ""FMOD0086""]","[""FMOD0043"", ""FMOD0099"", ""FMOD0024"", ""FMOD0069"", ""FMOD0119"", ""FMOD0023"", ""FMOD0035"", ""FMOD0091"", ""FMOD0005"", ""FMOD0025""]"
FAST,Q6K00461,4,4,2,1.0,True,0.4,False,0.358479,"[""FMOD0001"", ""FMOD0003"", ""FMOD0089"", ""FMOD0035""]","[""FMOD0001"", ""FMOD0003"", ""FMOD0089"", ""FMOD0035"", ""FMOD0051"", ""FMOD0120"", ""FMOD0023"", ""FMOD0119"", ""FMOD0036"", ""FMOD0069""]"
FAST,Q6K00462,10,10,2,1.0,True,0.5,False,0.352214,"[""FMOD0099"", ""FMOD0089"", ""FMOD0003"", ""FMOD0023"", ""FMOD0035"", ""FMOD0053"", ""FMOD0079"", ""FMOD0055"", ""FMOD0016"", ""FMOD0060""]","[""FMOD0099"", ""FMOD0089"", ""FMOD0003"", ""FMOD0119"", ""FMOD0023"", ""FMOD0102"", ""FMOD0120"", ""FMOD0035"", ""FMOD0036"", ""FMOD0110""]"
FAST,Q6K00463,34,10,2,1.0,True,1.0,True,0.392968,"[""FMOD0069"", ""FMOD0096"", ""FMOD0033"", ""FMOD0102"", ""FMOD0120"", ""FMOD0036"", ""FMOD0005"", ""FMOD0119"", ""FMOD0110"", ""FMOD0077""]","[""FMOD0069"", ""FMOD0096"", ""FMOD0033"", ""FMOD0102"", ""FMOD0120"", ""FMOD0036"", ""FMOD0005"", ""FMOD0119"", ""FMOD0110"", ""FMOD0077""]"
FAST,Q6K00464,37,10,2,1.0,True,1.0,True,0.406714,"[""FMOD0025"", ""FMOD0069"", ""FMOD0099"", ""FMOD0023"", ""FMOD0119"", ""FMOD0102"", ""FMOD0120"", ""FMOD0035"", ""FMOD0053"", ""FMOD0033""]","[""FMOD0025"", ""FMOD0069"", ""FMOD0099"", ""FMOD0023"", ""FMOD0119"", ""FMOD0102"", ""FMOD0120"", ""FMOD0035"", ""FMOD0053"", ""FMOD0033""]"
FAST,Q6K00465,12,10,2,1.0,True,0.6,False,0.37209,"[""FMOD0083"", ""FMOD0096"", ""FMOD0110"", ""FMOD0119"", ""FMOD0005"", ""FMOD0120"", ""FMOD0055"", ""FMOD0069"", ""FMOD0017"", ""FMOD0074""]","[""FMOD0083"", ""FMOD0096"", ""FMOD0023"", ""FMOD0036"", ""FMOD0110"", ""FMOD0119"", ""FMOD0035"", ""FMOD0005"", ""FMOD0120"", ""FMOD0102""]"
FAST,Q6K00466,22,10,2,1.0,True,1.0,True,0.437263,"[""FMOD0053"", ""FMOD0067"", ""FMOD0102"", ""FMOD0035"", ""FMOD0023"", ""FMOD0077"", ""FMOD0120"", ""FMOD0119"", ""FMOD0110"", ""FMOD0025""]","[""FMOD0053"", ""FMOD0067"", ""FMOD0102"", ""FMOD0035"", ""FMOD0023"", ""FMOD0077"", ""FMOD0120"", ""FMOD0119"", ""FMOD0110"", ""FMOD0025""]"
FAST,Q6K00467,14,10,2,1.0,True,0.7,False,0.3776,"[""FMOD0069"", ""FMOD0044"", ""FMOD0035"", ""FMOD0023"", ""FMOD0051"", ""FMOD0119"", ""FMOD0102"", ""FMOD0120"", ""FMOD0053"", ""FMOD0077""]","[""FMOD0069"", ""FMOD0044"", ""FMOD0035"", ""FMOD0023"", ""FMOD0051"", ""FMOD0119"", ""FMOD0102"", ""FMOD0014"", ""FMOD0022"", ""FMOD0040""]"
FAST,Q6K00468,32,10,2,1.0,True,1.0,True,0.367381,"[""FMOD0069"", ""FMOD0051"", ""FMOD0119"", ""FMOD0083"", ""FMOD0079"", ""FMOD0025"", ""FMOD0035"", ""FMOD0110"", ""FMOD0120"", ""FMOD0003""]","[""FMOD0069"", ""FMOD0051"", ""FMOD0119"", ""FMOD0083"", ""FMOD0079"", ""FMOD0025"", ""FMOD0035"", ""FMOD0110"", ""FMOD0120"", ""FMOD0003""]"
FAST,Q6K00469,8,8,2,0.5,False,0.4,False,0.412635,"[""FMOD0067"", ""FMOD0120"", ""FMOD0023"", ""FMOD0069"", ""FMOD0055"", ""FMOD0075"", ""FMOD0022"", ""FMOD0076""]","[""FMOD0067"", ""FMOD0102"", ""FMOD0120"", ""FMOD0035"", ""FMOD0023"", ""FMOD0119"", ""FMOD0069"", ""FMOD0110"", ""FMOD0079"", ""FMOD0083""]"
FAST,Q6K00470,23,10,2,1.0,True,1.0,True,0.383792,"[""FMOD0060"", ""FMOD0102"", ""FMOD0061"", ""FMOD0120"", ""FMOD0119"", ""FMOD0069"", ""FMOD0035"", ""FMOD0079"", ""FMOD0031"", ""FMOD0110""]","[""FMOD0060"", ""FMOD0102"", ""FMOD0061"", ""FMOD0120"", ""FMOD0119"", ""FMOD0069"", ""FMOD0035"", ""FMOD0079"", ""FMOD0031"", ""FMOD0110""]"
FAST,Q6K00471,12,10,2,1.0,True,0.5,False,0.404044,"[""FMOD0025"", ""FMOD0099"", ""FMOD0120"", ""FMOD0023"", ""FMOD0069"", ""FMOD0102"", ""FMOD0110"", ""FMOD0119"", ""FMOD0060"", ""FMOD0035""]","[""FMOD0025"", ""FMOD0099"", ""FMOD0024"", ""FMOD0014"", ""FMOD0005"", ""FMOD0113"", ""FMOD0083"", ""FMOD0120"", ""FMOD0023"", ""FMOD0069""]"
FAST,Q6K00472,14,10,2,1.0,True,0.7,False,0.379226,"[""FMOD0035"", ""FMOD0023"", ""FMOD0022"", ""FMOD0087"", ""FMOD0079"", ""FMOD0055"", ""FMOD0119"", ""FMOD0120"", ""FMOD0069"", ""FMOD0089""]","[""FMOD0035"", ""FMOD0023"", ""FMOD0022"", ""FMOD0087"", ""FMOD0079"", ""FMOD0055"", ""FMOD0119"", ""FMOD0036"", ""FMOD0053"", ""FMOD0043""]"
FAST,Q6K00473,24,10,2,1.0,True,1.0,True,0.391493,"[""FMOD0086"", ""FMOD0079"", ""FMOD0036"", ""FMOD0083"", ""FMOD0119"", ""FMOD0004"", ""FMOD0024"", ""FMOD0067"", ""FMOD0023"", ""FMOD0025""]","[""FMOD0086"", ""FMOD0079"", ""FMOD0036"", ""FMOD0083"", ""FMOD0119"", ""FMOD0004"", ""FMOD0024"", ""FMOD0067"", ""FMOD0023"", ""FMOD0025""]"
FAST,Q6K00474,19,10,2,1.0,True,0.9,False,0.400842,"[""FMOD0099"", ""FMOD0086"", ""FMOD0050"", ""FMOD0069"", ""FMOD0120"", ""FMOD0102"", ""FMOD0110"", ""FMOD0079"", ""FMOD0119"", ""FMOD0005""]","[""FMOD0099"", ""FMOD0086"", ""FMOD0050"", ""FMOD0069"", ""FMOD0120"", ""FMOD0102"", ""FMOD0110"", ""FMOD0074"", ""FMOD0079"", ""FMOD0119""]"
FAST,Q6K00475,35,10,2,1.0,True,1.0,True,0.415596,"[""FMOD0025"", ""FMOD0077"", ""FMOD0035"", ""FMOD0102"", ""FMOD0069"", ""FMOD0036"", ""FMOD0079"", ""FMOD0120"", ""FMOD0119"", ""FMOD0110""]","[""FMOD0025"", ""FMOD0077"", ""FMOD0035"", ""FMOD0102"", ""FMOD0069"", ""FMOD0036"", ""FMOD0079"", ""FMOD0120"", ""FMOD0119"", ""FMOD0110""]"
FAST,Q6K00476,8,8,2,0.5,False,0.6,False,0.367215,"[""FMOD0016"", ""FMOD0102"", ""FMOD0119"", ""FMOD0023"", ""FMOD0035"", ""FMOD0079"", ""FMOD0036"", ""FMOD0110""]","[""FMOD0016"", ""FMOD0102"", ""FMOD0119"", ""FMOD0023"", ""FMOD0035"", ""FMOD0040"", ""FMOD0120"", ""FMOD0075"", ""FMOD0069"", ""FMOD0079""]"
FAST,Q6K00477,12,10,2,1.0,True,0.7,False,0.365764,"[""FMOD0102"", ""FMOD0025"", ""FMOD0079"", ""FMOD0035"", ""FMOD0023"", ""FMOD0055"", ""FMOD0053"", ""FMOD0119"", ""FMOD0077"", ""FMOD0120""]","[""FMOD0102"", ""FMOD0025"", ""FMOD0079"", ""FMOD0035"", ""FMOD0023"", ""FMOD0055"", ""FMOD0005"", ""FMOD0036"", ""FMOD0043"", ""FMOD0053""]"
FAST,Q6K00478,9,9,2,1.0,True,0.8,False,0.468076,"[""FMOD0025"", ""FMOD0099"", ""FMOD0023"", ""FMOD0120"", ""FMOD0102"", ""FMOD0119"", ""FMOD0035"", ""FMOD0069"", ""FMOD0055""]","[""FMOD0025"", ""FMOD0099"", ""FMOD0023"", ""FMOD0120"", ""FMOD0102"", ""FMOD0119"", ""FMOD0035"", ""FMOD0069"", ""FMOD0077"", ""FMOD0110""]"
FAST,Q6K00479,11,10,2,1.0,True,0.6,False,0.399094,"[""FMOD0066"", ""FMOD0022"", ""FMOD0035"", ""FMOD0055"", ""FMOD0102"", ""FMOD0119"", ""FMOD0120"", ""FMOD0083"", ""FMOD0025"", ""FMOD0089""]","[""FMOD0066"", ""FMOD0022"", ""FMOD0023"", ""FMOD0035"", ""FMOD0079"", ""FMOD0036"", ""FMOD0055"", ""FMOD0102"", ""FMOD0119"", ""FMOD0005""]"
FAST,Q6K00480,15,10,2,1.0,True,0.8,False,0.376997,"[""FMOD0005"", ""FMOD0099"", ""FMOD0055"", ""FMOD0079"", ""FMOD0086"", ""FMOD0035"", ""FMOD0023"", ""FMOD0036"", ""FMOD0069"", ""FMOD0067""]","[""FMOD0005"", ""FMOD0099"", ""FMOD0055"", ""FMOD0079"", ""FMOD0120"", ""FMOD0086"", ""FMOD0035"", ""FMOD0023"", ""FMOD0024"", ""FMOD0036""]"
FAST,Q6K00481,10,10,0,,,0.7,False,0.35902,"[""FMOD0035"", ""FMOD0023"", ""FMOD0051"", ""FMOD0119"", ""FMOD0102"", ""FMOD0120"", ""FMOD0069"", ""FMOD0040"", ""FMOD0022"", ""FMOD0044""]","[""FMOD0035"", ""FMOD0023"", ""FMOD0051"", ""FMOD0119"", ""FMOD0102"", ""FMOD0120"", ""FMOD0036"", ""FMOD0079"", ""FMOD0083"", ""FMOD0069""]"
FAST,Q6K00482,9,9,0,,,0.4,False,0.353409,"[""FMOD0087"", ""FMOD0035"", ""FMOD0119"", ""FMOD0110"", ""FMOD0055"", ""FMOD0053"", ""FMOD0040"", ""FMOD0104"", ""FMOD0050""]","[""FMOD0087"", ""FMOD0023"", ""FMOD0035"", ""FMOD0079"", ""FMOD0016"", ""FMOD0119"", ""FMOD0110"", ""FMOD0014"", ""FMOD0102"", ""FMOD0036""]"
FAST,Q6K00483,5,5,0,,,0.4,False,0.392573,"[""FMOD0102"", ""FMOD0120"", ""FMOD0079"", ""FMOD0110"", ""FMOD0055""]","[""FMOD0023"", ""FMOD0102"", ""FMOD0120"", ""FMOD0035"", ""FMOD0119"", ""FMOD0069"", ""FMOD0079"", ""FMOD0110"", ""FMOD0036"", ""FMOD0005""]"
FAST,Q6K00484,1,1,0,,,0.1,False,0.473848,"[""FMOD0035""]","[""FMOD0035"", ""FMOD0023"", ""FMOD0119"", ""FMOD0120"", ""FMOD0036"", ""FMOD0069"", ""FMOD0051"", ""FMOD0079"", ""FMOD0102"", ""FMOD0005""]"
FAST,Q6K00485,20,10,0,,,1.0,True,0.400303,"[""FMOD0069"", ""FMOD0035"", ""FMOD0023"", ""FMOD0119"", ""FMOD0036"", ""FMOD0067"", ""FMOD0004"", ""FMOD0083"", ""FMOD0025"", ""FMOD0053""]","[""FMOD0069"", ""FMOD0035"", ""FMOD0023"", ""FMOD0119"", ""FMOD0036"", ""FMOD0067"", ""FMOD0004"", ""FMOD0083"", ""FMOD0025"", ""FMOD0053""]"
FAST,Q6K00486,8,8,0,,,0.8,False,0.371164,"[""FMOD0035"", ""FMOD0079"", ""FMOD0022"", ""FMOD0023"", ""FMOD0120"", ""FMOD0102"", ""FMOD0069"", ""FMOD0110""]","[""FMOD0035"", ""FMOD0079"", ""FMOD0022"", ""FMOD0023"", ""FMOD0120"", ""FMOD0102"", ""FMOD0119"", ""FMOD0036"", ""FMOD0069"", ""FMOD0110""]"
FAST,Q6K00487,20,10,0,,,0.8,False,0.362216,"[""FMOD0023"", ""FMOD0069"", ""FMOD0055"", ""FMOD0025"", ""FMOD0100"", ""FMOD0035"", ""FMOD0036"", ""FMOD0120"", ""FMOD0079"", ""FMOD0096""]","[""FMOD0023"", ""FMOD0069"", ""FMOD0055"", ""FMOD0025"", ""FMOD0100"", ""FMOD0119"", ""FMOD0102"", ""FMOD0035"", ""FMOD0036"", ""FMOD0120""]"
FAST,Q6K00488,10,10,0,,,0.7,False,0.35286,"[""FMOD0087"", ""FMOD0023"", ""FMOD0022"", ""FMOD0035"", ""FMOD0119"", ""FMOD0110"", ""FMOD0055"", ""FMOD0040"", ""FMOD0104"", ""FMOD0050""]","[""FMOD0087"", ""FMOD0023"", ""FMOD0022"", ""FMOD0035"", ""FMOD0079"", ""FMOD0119"", ""FMOD0110"", ""FMOD0055"", ""FMOD0102"", ""FMOD0036""]"
FAST,Q6K00489,12,10,0,,,0.7,False,0.387621,"[""FMOD0080"", ""FMOD0086"", ""FMOD0015"", ""FMOD0023"", ""FMOD0102"", ""FMOD0069"", ""FMOD0055"", ""FMOD0035"", ""FMOD0077"", ""FMOD0075""]","[""FMOD0080"", ""FMOD0086"", ""FMOD0015"", ""FMOD0119"", ""FMOD0023"", ""FMOD0102"", ""FMOD0110"", ""FMOD0069"", ""FMOD0120"", ""FMOD0055""]"
FAST,Q6K00490,29,10,0,,,0.9,False,0.379969,"[""FMOD0110"", ""FMOD0023"", ""FMOD0119"", ""FMOD0102"", ""FMOD0069"", ""FMOD0036"", ""FMOD0035"", ""FMOD0055"", ""FMOD0005"", ""FMOD0083""]","[""FMOD0110"", ""FMOD0023"", ""FMOD0119"", ""FMOD0102"", ""FMOD0069"", ""FMOD0036"", ""FMOD0035"", ""FMOD0055"", ""FMOD0051"", ""FMOD0005""]"
FAST,Q6K00491,9,9,0,,,0.4,False,0.368709,"[""FMOD0119"", ""FMOD0120"", ""FMOD0023"", ""FMOD0069"", ""FMOD0077"", ""FMOD0055"", ""FMOD0080"", ""FMOD0001"", ""FMOD0099""]","[""FMOD0035"", ""FMOD0086"", ""FMOD0119"", ""FMOD0036"", ""FMOD0120"", ""FMOD0110"", ""FMOD0025"", ""FMOD0102"", ""FMOD0023"", ""FMOD0069""]"
FAST,Q6K00492,15,10,0,,,0.9,False,0.367978,"[""FMOD0023"", ""FMOD0040"", ""FMOD0089"", ""FMOD0043"", ""FMOD0011"", ""FMOD0035"", ""FMOD0102"", ""FMOD0079"", ""FMOD0075"", ""FMOD0120""]","[""FMOD0023"", ""FMOD0040"", ""FMOD0089"", ""FMOD0043"", ""FMOD0011"", ""FMOD0035"", ""FMOD0119"", ""FMOD0102"", ""FMOD0079"", ""FMOD0075""]"
FAST,Q6K00493,12,10,0,,,0.7,False,0.42763,"[""FMOD0086"", ""FMOD0015"", ""FMOD0080"", ""FMOD0119"", ""FMOD0023"", ""FMOD0069"", ""FMOD0035"", ""FMOD0055"", ""FMOD0075"", ""FMOD0033""]","[""FMOD0086"", ""FMOD0015"", ""FMOD0080"", ""FMOD0119"", ""FMOD0023"", ""FMOD0120"", ""FMOD0102"", ""FMOD0069"", ""FMOD0110"", ""FMOD0035""]"
FAST,Q6K00494,17,10,0,,,0.8,False,0.414576,"[""FMOD0055"", ""FMOD0035"", ""FMOD0023"", ""FMOD0079"", ""FMOD0069"", ""FMOD0102"", ""FMOD0119"", ""FMOD0036"", ""FMOD0033"", ""FMOD0086""]","[""FMOD0055"", ""FMOD0035"", ""FMOD0023"", ""FMOD0079"", ""FMOD0120"", ""FMOD0069"", ""FMOD0102"", ""FMOD0119"", ""FMOD0024"", ""FMOD0036""]"
FAST,Q6K00495,40,10,0,,,1.0,True,0.381098,"[""FMOD0083"", ""FMOD0096"", ""FMOD0023"", ""FMOD0119"", ""FMOD0035"", ""FMOD0110"", ""FMOD0069"", ""FMOD0036"", ""FMOD0079"", ""FMOD0102""]","[""FMOD0083"", ""FMOD0096"", ""FMOD0023"", ""FMOD0119"", ""FMOD0035"", ""FMOD0110"", ""FMOD0069"", ""FMOD0036"", ""FMOD0079"", ""FMOD0102""]"
FAST,Q6K00496,30,10,0,,,1.0,True,0.387578,"[""FMOD0110"", ""FMOD0023"", ""FMOD0119"", ""FMOD0102"", ""FMOD0036"", ""FMOD0069"", ""FMOD0083"", ""FMOD0120"", ""FMOD0035"", ""FMOD0055""]","[""FMOD0110"", ""FMOD0023"", ""FMOD0119"", ""FMOD0102"", ""FMOD0036"", ""FMOD0069"", ""FMOD0083"", ""FMOD0120"", ""FMOD0035"", ""FMOD0055""]"
FAST,Q6K00497,11,10,0,,,0.5,False,0.384245,"[""FMOD0035"", ""FMOD0023"", ""FMOD0051"", ""FMOD0119"", ""FMOD0102"", ""FMOD0120"", ""FMOD0069"", ""FMOD0077"", ""FMOD0022"", ""FMOD0025""]","[""FMOD0035"", ""FMOD0023"", ""FMOD0051"", ""FMOD0079"", ""FMOD0119"", ""FMOD0005"", ""FMOD0102"", ""FMOD0083"", ""FMOD0055"", ""FMOD0036""]"
FAST,Q6K00498,19,10,0,,,0.8,False,0.409105,"[""FMOD0023"", ""FMOD0055"", ""FMOD0069"", ""FMOD0025"", ""FMOD0100"", ""FMOD0035"", ""FMOD0036"", ""FMOD0120"", ""FMOD0079"", ""FMOD0077""]","[""FMOD0023"", ""FMOD0055"", ""FMOD0069"", ""FMOD0025"", ""FMOD0100"", ""FMOD0102"", ""FMOD0035"", ""FMOD0036"", ""FMOD0119"", ""FMOD0120""]"
FAST,Q6K00499,35,10,0,,,1.0,True,0.377808,"[""FMOD0120"", ""FMOD0119"", ""FMOD0023"", ""FMOD0005"", ""FMOD0102"", ""FMOD0110"", ""FMOD0069"", ""FMOD0036"", ""FMOD0079"", ""FMOD0035""]","[""FMOD0120"", ""FMOD0119"", ""FMOD0023"", ""FMOD0005"", ""FMOD0102"", ""FMOD0110"", ""FMOD0069"", ""FMOD0036"", ""FMOD0079"", ""FMOD0035""]"
FAST,Q6K00500,23,10,0,,,1.0,True,0.370946,"[""FMOD0035"", ""FMOD0023"", ""FMOD0119"", ""FMOD0110"", ""FMOD0036"", ""FMOD0060"", ""FMOD0083"", ""FMOD0031"", ""FMOD0033"", ""FMOD0005""]","[""FMOD0035"", ""FMOD0023"", ""FMOD0119"", ""FMOD0110"", ""FMOD0036"", ""FMOD0060"", ""FMOD0083"", ""FMOD0031"", ""FMOD0033"", ""FMOD0005""]"
FAST,Q6K00501,17,10,0,,,0.8,False,0.360632,"[""FMOD0069"", ""FMOD0086"", ""FMOD0120"", ""FMOD0119"", ""FMOD0005"", ""FMOD0023"", ""FMOD0102"", ""FMOD0025"", ""FMOD0055"", ""FMOD0024""]","[""FMOD0069"", ""FMOD0086"", ""FMOD0120"", ""FMOD0119"", ""FMOD0035"", ""FMOD0036"", ""FMOD0005"", ""FMOD0023"", ""FMOD0102"", ""FMOD0025""]"
FAST,Q6K00502,19,10,0,,,0.8,False,0.413923,"[""FMOD0035"", ""FMOD0119"", ""FMOD0102"", ""FMOD0120"", ""FMOD0036"", ""FMOD0110"", ""FMOD0069"", ""FMOD0079"", ""FMOD0087"", ""FMOD0075""]","[""FMOD0035"", ""FMOD0119"", ""FMOD0051"", ""FMOD0023"", ""FMOD0102"", ""FMOD0120"", ""FMOD0036"", ""FMOD0110"", ""FMOD0069"", ""FMOD0079""]"
FAST,Q6K00503,26,10,0,,,1.0,True,0.456343,"[""FMOD0055"", ""FMOD0023"", ""FMOD0069"", ""FMOD0025"", ""FMOD0100"", ""FMOD0035"", ""FMOD0119"", ""FMOD0120"", ""FMOD0036"", ""FMOD0005""]","[""FMOD0055"", ""FMOD0023"", ""FMOD0069"", ""FMOD0025"", ""FMOD0100"", ""FMOD0035"", ""FMOD0119"", ""FMOD0120"", ""FMOD0036"", ""FMOD0005""]"
FAST,Q6K00504,8,8,0,,,0.4,False,0.373107,"[""FMOD0055"", ""FMOD0035"", ""FMOD0036"", ""FMOD0069"", ""FMOD0083"", ""FMOD0086"", ""FMOD0067"", ""FMOD0040""]","[""FMOD0055"", ""FMOD0023"", ""FMOD0035"", ""FMOD0079"", ""FMOD0102"", ""FMOD0033"", ""FMOD0024"", ""FMOD0120"", ""FMOD0036"", ""FMOD0069""]"
FAST,Q6K00505,19,10,0,,,0.9,False,0.363571,"[""FMOD0035"", ""FMOD0023"", ""FMOD0119"", ""FMOD0102"", ""FMOD0110"", ""FMOD0079"", ""FMOD0036"", ""FMOD0120"", ""FMOD0069"", ""FMOD0087""]","[""FMOD0035"", ""FMOD0023"", ""FMOD0119"", ""FMOD0102"", ""FMOD0110"", ""FMOD0079"", ""FMOD0051"", ""FMOD0036"", ""FMOD0120"", ""FMOD0069""]"
FAST,Q6K00506,9,9,0,,,0.5,False,0.374442,"[""FMOD0089"", ""FMOD0087"", ""FMOD0035"", ""FMOD0119"", ""FMOD0110"", ""FMOD0055"", ""FMOD0040"", ""FMOD0104"", ""FMOD0050""]","[""FMOD0089"", ""FMOD0087"", ""FMOD0023"", ""FMOD0035"", ""FMOD0022"", ""FMOD0119"", ""FMOD0110"", ""FMOD0102"", ""FMOD0036"", ""FMOD0120""]"
FAST,Q6K00507,8,8,0,,,0.5,False,0.365905,"[""FMOD0023"", ""FMOD0035"", ""FMOD0016"", ""FMOD0120"", ""FMOD0102"", ""FMOD0077"", ""FMOD0014"", ""FMOD0022""]","[""FMOD0023"", ""FMOD0035"", ""FMOD0016"", ""FMOD0119"", ""FMOD0120"", ""FMOD0069"", ""FMOD0113"", ""FMOD0079"", ""FMOD0102"", ""FMOD0055""]"
FAST,Q6K00508,17,10,0,,,0.8,False,0.360906,"[""FMOD0035"", ""FMOD0023"", ""FMOD0051"", ""FMOD0069"", ""FMOD0119"", ""FMOD0102"", ""FMOD0079"", ""FMOD0120"", ""FMOD0083"", ""FMOD0036""]","[""FMOD0035"", ""FMOD0023"", ""FMOD0051"", ""FMOD0069"", ""FMOD0119"", ""FMOD0102"", ""FMOD0016"", ""FMOD0079"", ""FMOD0120"", ""FMOD0110""]"
FAST,Q6K00509,4,4,0,,,0.3,False,0.364132,"[""FMOD0023"", ""FMOD0120"", ""FMOD0035"", ""FMOD0083""]","[""FMOD0023"", ""FMOD0005"", ""FMOD0119"", ""FMOD0102"", ""FMOD0120"", ""FMOD0036"", ""FMOD0035"", ""FMOD0079"", ""FMOD0069"", ""FMOD0055""]"
FAST,Q6K00510,22,10,0,,,1.0,True,0.38062,"[""FMOD0005"", ""FMOD0119"", ""FMOD0023"", ""FMOD0110"", ""FMOD0080"", ""FMOD0083"", ""FMOD0053"", ""FMOD0060"", ""FMOD0036"", ""FMOD0079""]","[""FMOD0005"", ""FMOD0119"", ""FMOD0023"", ""FMOD0110"", ""FMOD0080"", ""FMOD0083"", ""FMOD0053"", ""FMOD0060"", ""FMOD0036"", ""FMOD0079""]"
FAST,Q6K00511,31,10,0,,,1.0,True,0.456447,"[""FMOD0055"", ""FMOD0083"", ""FMOD0025"", ""FMOD0079"", ""FMOD0119"", ""FMOD0102"", ""FMOD0120"", ""FMOD0023"", ""FMOD0069"", ""FMOD0005""]","[""FMOD0055"", ""FMOD0083"", ""FMOD0025"", ""FMOD0079"", ""FMOD0119"", ""FMOD0102"", ""FMOD0120"", ""FMOD0023"", ""FMOD0069"", ""FMOD0005""]"
FAST,Q6K00512,25,10,0,,,1.0,True,0.372133,"[""FMOD0035"", ""FMOD0023"", ""FMOD0119"", ""FMOD0110"", ""FMOD0036"", ""FMOD0060"", ""FMOD0083"", ""FMOD0031"", ""FMOD0033"", ""FMOD0005""]","[""FMOD0035"", ""FMOD0023"", ""FMOD0119"", ""FMOD0110"", ""FMOD0036"", ""FMOD0060"", ""FMOD0083"", ""FMOD0031"", ""FMOD0033"", ""FMOD0005""]"
FAST,Q6K00513,34,10,0,,,1.0,True,0.402392,"[""FMOD0110"", ""FMOD0023"", ""FMOD0083"", ""FMOD0119"", ""FMOD0036"", ""FMOD0024"", ""FMOD0025"", ""FMOD0067"", ""FMOD0004"", ""FMOD0035""]","[""FMOD0110"", ""FMOD0023"", ""FMOD0083"", ""FMOD0119"", ""FMOD0036"", ""FMOD0024"", ""FMOD0025"", ""FMOD0067"", ""FMOD0004"", ""FMOD0035""]"
FAST,Q6K00514,24,10,0,,,1.0,True,0.368966,"[""FMOD0102"", ""FMOD0119"", ""FMOD0120"", ""FMOD0069"", ""FMOD0035"", ""FMOD0110"", ""FMOD0079"", ""FMOD0036"", ""FMOD0025"", ""FMOD0024""]","[""FMOD0102"", ""FMOD0119"", ""FMOD0120"", ""FMOD0069"", ""FMOD0035"", ""FMOD0110"", ""FMOD0079"", ""FMOD0036"", ""FMOD0025"", ""FMOD0024""]"
FAST,Q6K00515,1,1,0,,,0.1,False,0.355068,"[""FMOD0067""]","[""FMOD0120"", ""FMOD0119"", ""FMOD0023"", ""FMOD0036"", ""FMOD0035"", ""FMOD0102"", ""FMOD0055"", ""FMOD0110"", ""FMOD0069"", ""FMOD0067""]"
FAST,Q6K00516,8,8,0,,,0.4,False,0.399443,"[""FMOD0119"", ""FMOD0120"", ""FMOD0023"", ""FMOD0069"", ""FMOD0055"", ""FMOD0080"", ""FMOD0077"", ""FMOD0099""]","[""FMOD0035"", ""FMOD0086"", ""FMOD0119"", ""FMOD0036"", ""FMOD0120"", ""FMOD0110"", ""FMOD0005"", ""FMOD0023"", ""FMOD0069"", ""FMOD0024""]"
FAST,Q6K00517,20,10,0,,,0.9,False,0.403612,"[""FMOD0023"", ""FMOD0119"", ""FMOD0102"", ""FMOD0022"", ""FMOD0035"", ""FMOD0120"", ""FMOD0036"", ""FMOD0110"", ""FMOD0079"", ""FMOD0087""]","[""FMOD0023"", ""FMOD0119"", ""FMOD0102"", ""FMOD0022"", ""FMOD0051"", ""FMOD0035"", ""FMOD0120"", ""FMOD0036"", ""FMOD0110"", ""FMOD0079""]"
FAST,Q6K00518,35,10,0,,,1.0,True,0.472635,"[""FMOD0035"", ""FMOD0102"", ""FMOD0119"", ""FMOD0110"", ""FMOD0096"", ""FMOD0069"", ""FMOD0033"", ""FMOD0083"", ""FMOD0086"", ""FMOD0120""]","[""FMOD0035"", ""FMOD0102"", ""FMOD0119"", ""FMOD0110"", ""FMOD0096"", ""FMOD0069"", ""FMOD0033"", ""FMOD0083"", ""FMOD0086"", ""FMOD0120""]"
FAST,Q6K00519,29,10,0,,,1.0,True,0.73903,"[""FMOD0119"", ""FMOD0079"", ""FMOD0077"", ""FMOD0110"", ""FMOD0023"", ""FMOD0102"", ""FMOD0036"", ""FMOD0069"", ""FMOD0035"", ""FMOD0120""]","[""FMOD0119"", ""FMOD0079"", ""FMOD0077"", ""FMOD0110"", ""FMOD0023"", ""FMOD0102"", ""FMOD0036"", ""FMOD0069"", ""FMOD0035"", ""FMOD0120""]"
FAST,Q6K00520,17,10,0,,,0.8,False,0.464217,"[""FMOD0119"", ""FMOD0035"", ""FMOD0023"", ""FMOD0102"", ""FMOD0120"", ""FMOD0055"", ""FMOD0036"", ""FMOD0083"", ""FMOD0069"", ""FMOD0091""]","[""FMOD0119"", ""FMOD0035"", ""FMOD0023"", ""FMOD0079"", ""FMOD0102"", ""FMOD0120"", ""FMOD0055"", ""FMOD0110"", ""FMOD0036"", ""FMOD0083""]"
FAST,Q6K00521,17,10,0,,,0.7,False,0.374821,"[""FMOD0069"", ""FMOD0086"", ""FMOD0120"", ""FMOD0119"", ""FMOD0005"", ""FMOD0023"", ""FMOD0067"", ""FMOD0025"", ""FMOD0055"", ""FMOD0102""]","[""FMOD0069"", ""FMOD0086"", ""FMOD0120"", ""FMOD0035"", ""FMOD0119"", ""FMOD0036"", ""FMOD0005"", ""FMOD0023"", ""FMOD0113"", ""FMOD0067""]"
FAST,Q6K00522,4,4,0,,,0.2,False,0.398254,"[""FMOD0035"", ""FMOD0023"", ""FMOD0051"", ""FMOD0022""]","[""FMOD0035"", ""FMOD0023"", ""FMOD0119"", ""FMOD0102"", ""FMOD0079"", ""FMOD0069"", ""FMOD0120"", ""FMOD0087"", ""FMOD0110"", ""FMOD0033""]"
FAST,Q6K00523,19,10,0,,,0.8,False,0.499385,"[""FMOD0035"", ""FMOD0119"", ""FMOD0102"", ""FMOD0120"", ""FMOD0036"", ""FMOD0110"", ""FMOD0079"", ""FMOD0087"", ""FMOD0069"", ""FMOD0055""]","[""FMOD0035"", ""FMOD0023"", ""FMOD0119"", ""FMOD0102"", ""FMOD0051"", ""FMOD0120"", ""FMOD0036"", ""FMOD0110"", ""FMOD0079"", ""FMOD0087""]"
FAST,Q6K00524,18,10,0,,,0.9,False,0.401495,"[""FMOD0035"", ""FMOD0023"", ""FMOD0051"", ""FMOD0069"", ""FMOD0119"", ""FMOD0102"", ""FMOD0120"", ""FMOD0083"", ""FMOD0036"", ""FMOD0079""]","[""FMOD0035"", ""FMOD0023"", ""FMOD0051"", ""FMOD0069"", ""FMOD0119"", ""FMOD0102"", ""FMOD0120"", ""FMOD0110"", ""FMOD0083"", ""FMOD0036""]"
FAST,Q6K00525,17,10,0,,,0.7,False,0.372964,"[""FMOD0069"", ""FMOD0086"", ""FMOD0120"", ""FMOD0113"", ""FMOD0119"", ""FMOD0005"", ""FMOD0023"", ""FMOD0055"", ""FMOD0102"", ""FMOD0024""]","[""FMOD0069"", ""FMOD0086"", ""FMOD0120"", ""FMOD0035"", ""FMOD0113"", ""FMOD0119"", ""FMOD0036"", ""FMOD0005"", ""FMOD0023"", ""FMOD0053""]"
FAST,Q6K00526,11,10,0,,,0.6,False,0.386163,"[""FMOD0120"", ""FMOD0023"", ""FMOD0102"", ""FMOD0119"", ""FMOD0036"", ""FMOD0077"", ""FMOD0091"", ""FMOD0024"", ""FMOD0113"", ""FMOD0116""]","[""FMOD0120"", ""FMOD0023"", ""FMOD0102"", ""FMOD0035"", ""FMOD0119"", ""FMOD0069"", ""FMOD0079"", ""FMOD0036"", ""FMOD0077"", ""FMOD0110""]"
FAST,Q6K00527,19,10,0,,,1.0,True,0.436171,"[""FMOD0055"", ""FMOD0005"", ""FMOD0080"", ""FMOD0119"", ""FMOD0053"", ""FMOD0083"", ""FMOD0023"", ""FMOD0110"", ""FMOD0036"", ""FMOD0024""]","[""FMOD0055"", ""FMOD0005"", ""FMOD0080"", ""FMOD0119"", ""FMOD0053"", ""FMOD0083"", ""FMOD0023"", ""FMOD0110"", ""FMOD0036"", ""FMOD0024""]"
FAST,Q6K00528,11,10,0,,,0.6,False,0.368405,"[""FMOD0035"", ""FMOD0023"", ""FMOD0051"", ""FMOD0119"", ""FMOD0102"", ""FMOD0055"", ""FMOD0120"", ""FMOD0069"", ""FMOD0077"", ""FMOD0025""]","[""FMOD0035"", ""FMOD0023"", ""FMOD0051"", ""FMOD0079"", ""FMOD0119"", ""FMOD0005"", ""FMOD0102"", ""FMOD0055"", ""FMOD0083"", ""FMOD0036""]"
FAST,Q6K00529,20,10,0,,,0.9,False,0.496872,"[""FMOD0086"", ""FMOD0035"", ""FMOD0119"", ""FMOD0120"", ""FMOD0033"", ""FMOD0110"", ""FMOD0102"", ""FMOD0023"", ""FMOD0069"", ""FMOD0036""]","[""FMOD0086"", ""FMOD0035"", ""FMOD0119"", ""FMOD0025"", ""FMOD0120"", ""FMOD0033"", ""FMOD0110"", ""FMOD0102"", ""FMOD0023"", ""FMOD0069""]"
FAST,Q6K00530,20,10,0,,,1.0,True,1.071415,"[""FMOD0069"", ""FMOD0035"", ""FMOD0023"", ""FMOD0119"", ""FMOD0036"", ""FMOD0067"", ""FMOD0004"", ""FMOD0083"", ""FMOD0025"", ""FMOD0053""]","[""FMOD0069"", ""FMOD0035"", ""FMOD0023"", ""FMOD0119"", ""FMOD0036"", ""FMOD0067"", ""FMOD0004"", ""FMOD0083"", ""FMOD0025"", ""FMOD0053""]"
FAST,Q6K00531,19,10,0,,,0.9,False,0.393235,"[""FMOD0035"", ""FMOD0023"", ""FMOD0119"", ""FMOD0102"", ""FMOD0110"", ""FMOD0079"", ""FMOD0036"", ""FMOD0120"", ""FMOD0069"", ""FMOD0087""]","[""FMOD0035"", ""FMOD0023"", ""FMOD0119"", ""FMOD0102"", ""FMOD0110"", ""FMOD0079"", ""FMOD0051"", ""FMOD0036"", ""FMOD0120"", ""FMOD0069""]"
FAST,Q6K00532,20,10,0,,,1.0,True,0.387804,"[""FMOD0069"", ""FMOD0035"", ""FMOD0023"", ""FMOD0119"", ""FMOD0036"", ""FMOD0004"", ""FMOD0067"", ""FMOD0083"", ""FMOD0025"", ""FMOD0053""]","[""FMOD0069"", ""FMOD0035"", ""FMOD0023"", ""FMOD0119"", ""FMOD0036"", ""FMOD0004"", ""FMOD0067"", ""FMOD0083"", ""FMOD0025"", ""FMOD0053""]"
FAST,Q6K00533,6,6,0,,,0.3,False,0.496719,"[""FMOD0023"", ""FMOD0069"", ""FMOD0035"", ""FMOD0087"", ""FMOD0080"", ""FMOD0049""]","[""FMOD0119"", ""FMOD0023"", ""FMOD0110"", ""FMOD0036"", ""FMOD0069"", ""FMOD0120"", ""FMOD0102"", ""FMOD0035"", ""FMOD0055"", ""FMOD0079""]"
FAST,Q6K00534,8,8,0,,,0.5,False,0.400636,"[""FMOD0087"", ""FMOD0035"", ""FMOD0119"", ""FMOD0110"", ""FMOD0055"", ""FMOD0040"", ""FMOD0104"", ""FMOD0050""]","[""FMOD0087"", ""FMOD0023"", ""FMOD0035"", ""FMOD0079"", ""FMOD0016"", ""FMOD0119"", ""FMOD0110"", ""FMOD0055"", ""FMOD0014"", ""FMOD0102""]"
FAST,Q6K00535,31,10,0,,,1.0,True,0.374387,"[""FMOD0035"", ""FMOD0102"", ""FMOD0069"", ""FMOD0036"", ""FMOD0079"", ""FMOD0120"", ""FMOD0119"", ""FMOD0110"", ""FMOD0023"", ""FMOD0104""]","[""FMOD0035"", ""FMOD0102"", ""FMOD0069"", ""FMOD0036"", ""FMOD0079"", ""FMOD0120"", ""FMOD0119"", ""FMOD0110"", ""FMOD0023"", ""FMOD0104""]"
FAST,Q6K00536,18,10,0,,,1.0,True,0.387523,"[""FMOD0023"", ""FMOD0035"", ""FMOD0091"", ""FMOD0055"", ""FMOD0043"", ""FMOD0011"", ""FMOD0100"", ""FMOD0120"", ""FMOD0119"", ""FMOD0036""]","[""FMOD0023"", ""FMOD0035"", ""FMOD0091"", ""FMOD0055"", ""FMOD0043"", ""FMOD0011"", ""FMOD0100"", ""FMOD0120"", ""FMOD0119"", ""FMOD0036""]"
FAST,Q6K00537,19,10,0,,,0.8,False,0.411369,"[""FMOD0023"", ""FMOD0055"", ""FMOD0069"", ""FMOD0025"", ""FMOD0100"", ""FMOD0036"", ""FMOD0035"", ""FMOD0120"", ""FMOD0079"", ""FMOD0077""]","[""FMOD0023"", ""FMOD0055"", ""FMOD0069"", ""FMOD0025"", ""FMOD0100"", ""FMOD0119"", ""FMOD0036"", ""FMOD0035"", ""FMOD0102"", ""FMOD0120""]"
FAST,Q6K00538,25,10,0,,,1.0,True,0.479764,"[""FMOD0055"", ""FMOD0023"", ""FMOD0069"", ""FMOD0025"", ""FMOD0100"", ""FMOD0035"", ""FMOD0079"", ""FMOD0119"", ""FMOD0120"", ""FMOD0036""]","[""FMOD0055"", ""FMOD0023"", ""FMOD0069"", ""FMOD0025"", ""FMOD0100"", ""FMOD0035"", ""FMOD0079"", ""FMOD0119"", ""FMOD0120"", ""FMOD0036""]"
FAST,Q6K00539,30,10,0,,,1.0,True,0.405577,"[""FMOD0035"", ""FMOD0005"", ""FMOD0102"", ""FMOD0069"", ""FMOD0024"", ""FMOD0079"", ""FMOD0036"", ""FMOD0083"", ""FMOD0077"", ""FMOD0120""]","[""FMOD0035"", ""FMOD0005"", ""FMOD0102"", ""FMOD0069"", ""FMOD0024"", ""FMOD0079"", ""FMOD0036"", ""FMOD0083"", ""FMOD0077"", ""FMOD0120""]"
FAST,Q6K00540,29,10,0,,,1.0,True,0.384484,"[""FMOD0110"", ""FMOD0023"", ""FMOD0119"", ""FMOD0102"", ""FMOD0069"", ""FMOD0035"", ""FMOD0055"", ""FMOD0120"", ""FMOD0036"", ""FMOD0079""]","[""FMOD0110"", ""FMOD0023"", ""FMOD0119"", ""FMOD0102"", ""FMOD0069"", ""FMOD0035"", ""FMOD0055"", ""FMOD0120"", ""FMOD0036"", ""FMOD0079""]"
BALANCED,Q6K00181,54,10,1,1.0,True,1.0,True,0.674208,"[""FMOD0077"", ""FMOD0005"", ""FMOD0023"", ""FMOD0069"", ""FMOD0083"", ""FMOD0119"", ""FMOD0025"", ""FMOD0067"", ""FMOD0120"", ""FMOD0110""]","[""FMOD0077"", ""FMOD0005"", ""FMOD0023"", ""FMOD0069"", ""FMOD0083"", ""FMOD0119"", ""FMOD0025"", ""FMOD0067"", ""FMOD0120"", ""FMOD0110""]"
BALANCED,Q6K00182,54,10,1,1.0,True,1.0,True,0.490442,"[""FMOD0001"", ""FMOD0035"", ""FMOD0055"", ""FMOD0080"", ""FMOD0023"", ""FMOD0110"", ""FMOD0043"", ""FMOD0102"", ""FMOD0120"", ""FMOD0096""]","[""FMOD0001"", ""FMOD0035"", ""FMOD0055"", ""FMOD0080"", ""FMOD0023"", ""FMOD0110"", ""FMOD0043"", ""FMOD0102"", ""FMOD0120"", ""FMOD0096""]"
BALANCED,Q6K00183,56,10,1,1.0,True,1.0,True,0.492487,"[""FMOD0023"", ""FMOD0036"", ""FMOD0119"", ""FMOD0035"", ""FMOD0120"", ""FMOD0102"", ""FMOD0110"", ""FMOD0075"", ""FMOD0005"", ""FMOD0077""]","[""FMOD0023"", ""FMOD0036"", ""FMOD0119"", ""FMOD0035"", ""FMOD0120"", ""FMOD0102"", ""FMOD0110"", ""FMOD0075"", ""FMOD0005"", ""FMOD0077""]"
BALANCED,Q6K00184,57,10,1,1.0,True,1.0,True,0.535405,"[""FMOD0004"", ""FMOD0067"", ""FMOD0113"", ""FMOD0036"", ""FMOD0110"", ""FMOD0024"", ""FMOD0043"", ""FMOD0083"", ""FMOD0035"", ""FMOD0025""]","[""FMOD0004"", ""FMOD0067"", ""FMOD0113"", ""FMOD0036"", ""FMOD0110"", ""FMOD0024"", ""FMOD0043"", ""FMOD0083"", ""FMOD0035"", ""FMOD0025""]"
BALANCED,Q6K00185,50,10,1,1.0,True,1.0,True,0.472311,"[""FMOD0096"", ""FMOD0023"", ""FMOD0120"", ""FMOD0119"", ""FMOD0035"", ""FMOD0069"", ""FMOD0102"", ""FMOD0055"", ""FMOD0005"", ""FMOD0036""]","[""FMOD0096"", ""FMOD0023"", ""FMOD0120"", ""FMOD0119"", ""FMOD0035"", ""FMOD0069"", ""FMOD0102"", ""FMOD0055"", ""FMOD0005"", ""FMOD0036""]"
BALANCED,Q6K00186,57,10,1,1.0,True,1.0,True,0.458887,"[""FMOD0077"", ""FMOD0023"", ""FMOD0086"", ""FMOD0110"", ""FMOD0067"", ""FMOD0069"", ""FMOD0005"", ""FMOD0120"", ""FMOD0119"", ""FMOD0025""]","[""FMOD0077"", ""FMOD0023"", ""FMOD0086"", ""FMOD0110"", ""FMOD0067"", ""FMOD0069"", ""FMOD0005"", ""FMOD0120"", ""FMOD0119"", ""FMOD0025""]"
BALANCED,Q6K00187,58,10,1,1.0,True,1.0,True,0.482497,"[""FMOD0086"", ""FMOD0050"", ""FMOD0024"", ""FMOD0110"", ""FMOD0036"", ""FMOD0069"", ""FMOD0119"", ""FMOD0077"", ""FMOD0120"", ""FMOD0044""]","[""FMOD0086"", ""FMOD0050"", ""FMOD0024"", ""FMOD0110"", ""FMOD0036"", ""FMOD0069"", ""FMOD0119"", ""FMOD0077"", ""FMOD0120"", ""FMOD0044""]"
BALANCED,Q6K00188,53,10,1,1.0,True,1.0,True,0.486524,"[""FMOD0001"", ""FMOD0086"", ""FMOD0035"", ""FMOD0119"", ""FMOD0110"", ""FMOD0120"", ""FMOD0036"", ""FMOD0055"", ""FMOD0102"", ""FMOD0005""]","[""FMOD0001"", ""FMOD0086"", ""FMOD0035"", ""FMOD0119"", ""FMOD0110"", ""FMOD0120"", ""FMOD0036"", ""FMOD0055"", ""FMOD0102"", ""FMOD0005""]"
BALANCED,Q6K00189,55,10,1,1.0,True,1.0,True,0.436263,"[""FMOD0087"", ""FMOD0102"", ""FMOD0119"", ""FMOD0079"", ""FMOD0055"", ""FMOD0051"", ""FMOD0036"", ""FMOD0091"", ""FMOD0005"", ""FMOD0023""]","[""FMOD0087"", ""FMOD0102"", ""FMOD0119"", ""FMOD0079"", ""FMOD0055"", ""FMOD0051"", ""FMOD0036"", ""FMOD0091"", ""FMOD0005"", ""FMOD0023""]"
BALANCED,Q6K00190,53,10,1,1.0,True,1.0,True,0.468027,"[""FMOD0050"", ""FMOD0086"", ""FMOD0069"", ""FMOD0025"", ""FMOD0120"", ""FMOD0119"", ""FMOD0102"", ""FMOD0005"", ""FMOD0033"", ""FMOD0035""]","[""FMOD0050"", ""FMOD0086"", ""FMOD0069"", ""FMOD0025"", ""FMOD0120"", ""FMOD0119"", ""FMOD0102"", ""FMOD0005"", ""FMOD0033"", ""FMOD0035""]"
BALANCED,Q6K00191,57,10,1,1.0,True,1.0,True,0.43981,"[""FMOD0086"", ""FMOD0050"", ""FMOD0024"", ""FMOD0036"", ""FMOD0119"", ""FMOD0077"", ""FMOD0120"", ""FMOD0110"", ""FMOD0044"", ""FMOD0069""]","[""FMOD0086"", ""FMOD0050"", ""FMOD0024"", ""FMOD0036"", ""FMOD0119"", ""FMOD0077"", ""FMOD0120"", ""FMOD0110"", ""FMOD0044"", ""FMOD0069""]"
BALANCED,Q6K00192,56,10,1,1.0,True,1.0,True,0.423729,"[""FMOD0086"", ""FMOD0050"", ""FMOD0024"", ""FMOD0120"", ""FMOD0036"", ""FMOD0069"", ""FMOD0080"", ""FMOD0110"", ""FMOD0102"", ""FMOD0023""]","[""FMOD0086"", ""FMOD0050"", ""FMOD0024"", ""FMOD0120"", ""FMOD0036"", ""FMOD0069"", ""FMOD0080"", ""FMOD0110"", ""FMOD0102"", ""FMOD0023""]"
BALANCED,Q6K00193,56,10,1,1.0,True,1.0,True,0.417003,"[""FMOD0025"", ""FMOD0069"", ""FMOD0023"", ""FMOD0055"", ""FMOD0096"", ""FMOD0080"", ""FMOD0102"", ""FMOD0120"", ""FMOD0077"", ""FMOD0119""]","[""FMOD0025"", ""FMOD0069"", ""FMOD0023"", ""FMOD0055"", ""FMOD0096"", ""FMOD0080"", ""FMOD0102"", ""FMOD0120"", ""FMOD0077"", ""FMOD0119""]"
BALANCED,Q6K00194,58,10,1,1.0,True,1.0,True,0.491015,"[""FMOD0083"", ""FMOD0102"", ""FMOD0036"", ""FMOD0035"", ""FMOD0119"", ""FMOD0069"", ""FMOD0079"", ""FMOD0120"", ""FMOD0077"", ""FMOD0023""]","[""FMOD0083"", ""FMOD0102"", ""FMOD0036"", ""FMOD0035"", ""FMOD0119"", ""FMOD0069"", ""FMOD0079"", ""FMOD0120"", ""FMOD0077"", ""FMOD0023""]"
BALANCED,Q6K00195,54,10,1,1.0,True,1.0,True,0.438707,"[""FMOD0061"", ""FMOD0083"", ""FMOD0102"", ""FMOD0091"", ""FMOD0023"", ""FMOD0035"", ""FMOD0069"", ""FMOD0119"", ""FMOD0120"", ""FMOD0036""]","[""FMOD0061"", ""FMOD0083"", ""FMOD0102"", ""FMOD0091"", ""FMOD0023"", ""FMOD0035"", ""FMOD0069"", ""FMOD0119"", ""FMOD0120"", ""FMOD0036""]"
BALANCED,Q6K00196,52,10,1,1.0,True,1.0,True,0.447698,"[""FMOD0025"", ""FMOD0033"", ""FMOD0035"", ""FMOD0050"", ""FMOD0069"", ""FMOD0077"", ""FMOD0086"", ""FMOD0102"", ""FMOD0113"", ""FMOD0119""]","[""FMOD0025"", ""FMOD0033"", ""FMOD0035"", ""FMOD0050"", ""FMOD0069"", ""FMOD0077"", ""FMOD0086"", ""FMOD0102"", ""FMOD0113"", ""FMOD0119""]"
BALANCED,Q6K00197,47,10,1,1.0,True,1.0,True,0.471768,"[""FMOD0069"", ""FMOD0102"", ""FMOD0119"", ""FMOD0005"", ""FMOD0120"", ""FMOD0033"", ""FMOD0036"", ""FMOD0110"", ""FMOD0105"", ""FMOD0079""]","[""FMOD0069"", ""FMOD0102"", ""FMOD0119"", ""FMOD0005"", ""FMOD0120"", ""FMOD0033"", ""FMOD0036"", ""FMOD0110"", ""FMOD0105"", ""FMOD0079""]"
BALANCED,Q6K00198,55,10,1,1.0,True,1.0,True,0.497681,"[""FMOD0043"", ""FMOD0023"", ""FMOD0035"", ""FMOD0102"", ""FMOD0096"", ""FMOD0069"", ""FMOD0119"", ""FMOD0024"", ""FMOD0079"", ""FMOD0025""]","[""FMOD0043"", ""FMOD0023"", ""FMOD0035"", ""FMOD0102"", ""FMOD0096"", ""FMOD0069"", ""FMOD0119"", ""FMOD0024"", ""FMOD0079"", ""FMOD0025""]"
BALANCED,Q6K00199,57,10,1,1.0,True,1.0,True,0.429266,"[""FMOD0067"", ""FMOD0069"", ""FMOD0102"", ""FMOD0119"", ""FMOD0120"", ""FMOD0023"", ""FMOD0036"", ""FMOD0005"", ""FMOD0110"", ""FMOD0035""]","[""FMOD0067"", ""FMOD0069"", ""FMOD0102"", ""FMOD0119"", ""FMOD0120"", ""FMOD0023"", ""FMOD0036"", ""FMOD0005"", ""FMOD0110"", ""FMOD0035""]"
BALANCED,Q6K00200,51,10,1,1.0,True,1.0,True,1.044381,"[""FMOD0051"", ""FMOD0023"", ""FMOD0035"", ""FMOD0016"", ""FMOD0120"", ""FMOD0079"", ""FMOD0119"", ""FMOD0055"", ""FMOD0102"", ""FMOD0087""]","[""FMOD0051"", ""FMOD0023"", ""FMOD0035"", ""FMOD0016"", ""FMOD0120"", ""FMOD0079"", ""FMOD0119"", ""FMOD0055"", ""FMOD0102"", ""FMOD0087""]"
BALANCED,Q6K00201,55,10,1,1.0,True,1.0,True,0.449582,"[""FMOD0066"", ""FMOD0055"", ""FMOD0036"", ""FMOD0102"", ""FMOD0120"", ""FMOD0096"", ""FMOD0079"", ""FMOD0017"", ""FMOD0005"", ""FMOD0119""]","[""FMOD0066"", ""FMOD0055"", ""FMOD0036"", ""FMOD0102"", ""FMOD0120"", ""FMOD0096"", ""FMOD0079"", ""FMOD0017"", ""FMOD0005"", ""FMOD0119""]"
BALANCED,Q6K00202,50,10,1,1.0,True,1.0,True,0.442886,"[""FMOD0087"", ""FMOD0023"", ""FMOD0035"", ""FMOD0079"", ""FMOD0022"", ""FMOD0091"", ""FMOD0036"", ""FMOD0016"", ""FMOD0055"", ""FMOD0119""]","[""FMOD0087"", ""FMOD0023"", ""FMOD0035"", ""FMOD0079"", ""FMOD0022"", ""FMOD0091"", ""FMOD0036"", ""FMOD0016"", ""FMOD0055"", ""FMOD0119""]"
BALANCED,Q6K00203,54,10,1,1.0,True,1.0,True,0.478014,"[""FMOD0102"", ""FMOD0079"", ""FMOD0119"", ""FMOD0120"", ""FMOD0110"", ""FMOD0069"", ""FMOD0036"", ""FMOD0035"", ""FMOD0025"", ""FMOD0033""]","[""FMOD0102"", ""FMOD0079"", ""FMOD0119"", ""FMOD0120"", ""FMOD0110"", ""FMOD0069"", ""FMOD0036"", ""FMOD0035"", ""FMOD0025"", ""FMOD0033""]"
BALANCED,Q6K00204,55,10,1,1.0,True,1.0,True,0.604453,"[""FMOD0050"", ""FMOD0086"", ""FMOD0069"", ""FMOD0025"", ""FMOD0120"", ""FMOD0119"", ""FMOD0102"", ""FMOD0005"", ""FMOD0035"", ""FMOD0033""]","[""FMOD0050"", ""FMOD0086"", ""FMOD0069"", ""FMOD0025"", ""FMOD0120"", ""FMOD0119"", ""FMOD0102"", ""FMOD0005"", ""FMOD0035"", ""FMOD0033""]"
BALANCED,Q6K00205,52,10,1,1.0,True,1.0,True,0.440475,"[""FMOD0051"", ""FMOD0023"", ""FMOD0035"", ""FMOD0016"", ""FMOD0119"", ""FMOD0102"", ""FMOD0055"", ""FMOD0079"", ""FMOD0069"", ""FMOD0120""]","[""FMOD0051"", ""FMOD0023"", ""FMOD0035"", ""FMOD0016"", ""FMOD0119"", ""FMOD0102"", ""FMOD0055"", ""FMOD0079"", ""FMOD0069"", ""FMOD0120""]"
BALANCED,Q6K00206,54,10,1,1.0,True,1.0,True,0.428512,"[""FMOD0016"", ""FMOD0102"", ""FMOD0031"", ""FMOD0023"", ""FMOD0035"", ""FMOD0033"", ""FMOD0051"", ""FMOD0119"", ""FMOD0091"", ""FMOD0120""]","[""FMOD0016"", ""FMOD0102"", ""FMOD0031"", ""FMOD0023"", ""FMOD0035"", ""FMOD0033"", ""FMOD0051"", ""FMOD0119"", ""FMOD0091"", ""FMOD0120""]"
BALANCED,Q6K00207,50,10,1,1.0,True,1.0,True,0.457799,"[""FMOD0023"", ""FMOD0035"", ""FMOD0120"", ""FMOD0102"", ""FMOD0069"", ""FMOD0119"", ""FMOD0077"", ""FMOD0110"", ""FMOD0079"", ""FMOD0053""]","[""FMOD0023"", ""FMOD0035"", ""FMOD0120"", ""FMOD0102"", ""FMOD0069"", ""FMOD0119"", ""FMOD0077"", ""FMOD0110"", ""FMOD0079"", ""FMOD0053""]"
BALANCED,Q6K00208,55,10,1,1.0,True,1.0,True,0.433024,"[""FMOD0102"", ""FMOD0079"", ""FMOD0023"", ""FMOD0055"", ""FMOD0035"", ""FMOD0036"", ""FMOD0014"", ""FMOD0091"", ""FMOD0120"", ""FMOD0043""]","[""FMOD0102"", ""FMOD0079"", ""FMOD0023"", ""FMOD0055"", ""FMOD0035"", ""FMOD0036"", ""FMOD0014"", ""FMOD0091"", ""FMOD0120"", ""FMOD0043""]"
BALANCED,Q6K00209,57,10,1,1.0,True,1.0,True,0.414876,"[""FMOD0089"", ""FMOD0079"", ""FMOD0067"", ""FMOD0102"", ""FMOD0110"", ""FMOD0119"", ""FMOD0024"", ""FMOD0120"", ""FMOD0036"", ""FMOD0035""]","[""FMOD0089"", ""FMOD0079"", ""FMOD0067"", ""FMOD0102"", ""FMOD0110"", ""FMOD0119"", ""FMOD0024"", ""FMOD0120"", ""FMOD0036"", ""FMOD0035""]"
BALANCED,Q6K00210,50,10,1,1.0,True,1.0,True,0.4076,"[""FMOD0023"", ""FMOD0035"", ""FMOD0016"", ""FMOD0069"", ""FMOD0119"", ""FMOD0055"", ""FMOD0102"", ""FMOD0120"", ""FMOD0036"", ""FMOD0079""]","[""FMOD0023"", ""FMOD0035"", ""FMOD0016"", ""FMOD0069"", ""FMOD0119"", ""FMOD0055"", ""FMOD0102"", ""FMOD0120"", ""FMOD0036"", ""FMOD0079""]"
BALANCED,Q6K00211,58,10,1,1.0,True,1.0,True,0.498643,"[""FMOD0053"", ""FMOD0120"", ""FMOD0035"", ""FMOD0110"", ""FMOD0102"", ""FMOD0119"", ""FMOD0069"", ""FMOD0079"", ""FMOD0083"", ""FMOD0023""]","[""FMOD0053"", ""FMOD0120"", ""FMOD0035"", ""FMOD0110"", ""FMOD0102"", ""FMOD0119"", ""FMOD0069"", ""FMOD0079"", ""FMOD0083"", ""FMOD0023""]"
BALANCED,Q6K00212,56,10,1,1.0,True,1.0,True,0.46311,"[""FMOD0060"", ""FMOD0023"", ""FMOD0075"", ""FMOD0096"", ""FMOD0102"", ""FMOD0036"", ""FMOD0043"", ""FMOD0120"", ""FMOD0083"", ""FMOD0024""]","[""FMOD0060"", ""FMOD0023"", ""FMOD0075"", ""FMOD0096"", ""FMOD0102"", ""FMOD0036"", ""FMOD0043"", ""FMOD0120"", ""FMOD0083"", ""FMOD0024""]"
BALANCED,Q6K00213,49,10,1,1.0,True,0.9,False,0.414377,"[""FMOD0087"", ""FMOD0023"", ""FMOD0035"", ""FMOD0079"", ""FMOD0091"", ""FMOD0036"", ""FMOD0016"", ""FMOD0055"", ""FMOD0119"", ""FMOD0014""]","[""FMOD0087"", ""FMOD0023"", ""FMOD0035"", ""FMOD0079"", ""FMOD0091"", ""FMOD0022"", ""FMOD0036"", ""FMOD0016"", ""FMOD0055"", ""FMOD0119""]"
BALANCED,Q6K00214,56,10,1,1.0,True,1.0,True,0.419978,"[""FMOD0044"", ""FMOD0120"", ""FMOD0119"", ""FMOD0035"", ""FMOD0077"", ""FMOD0069"", ""FMOD0023"", ""FMOD0110"", ""FMOD0086"", ""FMOD0102""]","[""FMOD0044"", ""FMOD0120"", ""FMOD0119"", ""FMOD0035"", ""FMOD0077"", ""FMOD0069"", ""FMOD0023"", ""FMOD0110"", ""FMOD0086"", ""FMOD0102""]"
BALANCED,Q6K00215,54,10,1,1.0,True,1.0,True,0.432589,"[""FMOD0025"", ""FMOD0069"", ""FMOD0023"", ""FMOD0055"", ""FMOD0120"", ""FMOD0035"", ""FMOD0119"", ""FMOD0005"", ""FMOD0102"", ""FMOD0077""]","[""FMOD0025"", ""FMOD0069"", ""FMOD0023"", ""FMOD0055"", ""FMOD0120"", ""FMOD0035"", ""FMOD0119"", ""FMOD0005"", ""FMOD0102"", ""FMOD0077""]"
BALANCED,Q6K00216,49,10,1,1.0,True,1.0,True,0.470774,"[""FMOD0016"", ""FMOD0035"", ""FMOD0023"", ""FMOD0120"", ""FMOD0079"", ""FMOD0119"", ""FMOD0102"", ""FMOD0075"", ""FMOD0069"", ""FMOD0036""]","[""FMOD0016"", ""FMOD0035"", ""FMOD0023"", ""FMOD0120"", ""FMOD0079"", ""FMOD0119"", ""FMOD0102"", ""FMOD0075"", ""FMOD0069"", ""FMOD0036""]"
BALANCED,Q6K00217,48,10,1,1.0,True,1.0,True,0.435084,"[""FMOD0016"", ""FMOD0035"", ""FMOD0023"", ""FMOD0120"", ""FMOD0119"", ""FMOD0102"", ""FMOD0079"", ""FMOD0075"", ""FMOD0069"", ""FMOD0036""]","[""FMOD0016"", ""FMOD0035"", ""FMOD0023"", ""FMOD0120"", ""FMOD0119"", ""FMOD0102"", ""FMOD0079"", ""FMOD0075"", ""FMOD0069"", ""FMOD0036""]"
BALANCED,Q6K00218,52,10,1,1.0,True,1.0,True,0.500345,"[""FMOD0083"", ""FMOD0119"", ""FMOD0102"", ""FMOD0035"", ""FMOD0120"", ""FMOD0069"", ""FMOD0079"", ""FMOD0110"", ""FMOD0036"", ""FMOD0023""]","[""FMOD0083"", ""FMOD0119"", ""FMOD0102"", ""FMOD0035"", ""FMOD0120"", ""FMOD0069"", ""FMOD0079"", ""FMOD0110"", ""FMOD0036"", ""FMOD0023""]"
BALANCED,Q6K00219,57,10,1,1.0,True,1.0,True,0.435881,"[""FMOD0060"", ""FMOD0023"", ""FMOD0119"", ""FMOD0035"", ""FMOD0051"", ""FMOD0120"", ""FMOD0102"", ""FMOD0110"", ""FMOD0086"", ""FMOD0005""]","[""FMOD0060"", ""FMOD0023"", ""FMOD0119"", ""FMOD0035"", ""FMOD0051"", ""FMOD0120"", ""FMOD0102"", ""FMOD0110"", ""FMOD0086"", ""FMOD0005""]"
BALANCED,Q6K00220,52,10,1,1.0,True,1.0,True,0.426537,"[""FMOD0074"", ""FMOD0035"", ""FMOD0079"", ""FMOD0077"", ""FMOD0053"", ""FMOD0083"", ""FMOD0102"", ""FMOD0033"", ""FMOD0055"", ""FMOD0004""]","[""FMOD0074"", ""FMOD0035"", ""FMOD0079"", ""FMOD0077"", ""FMOD0053"", ""FMOD0083"", ""FMOD0102"", ""FMOD0033"", ""FMOD0055"", ""FMOD0004""]"
BALANCED,Q6K00221,48,10,1,1.0,True,1.0,True,0.451429,"[""FMOD0023"", ""FMOD0035"", ""FMOD0089"", ""FMOD0102"", ""FMOD0119"", ""FMOD0040"", ""FMOD0051"", ""FMOD0043"", ""FMOD0120"", ""FMOD0036""]","[""FMOD0023"", ""FMOD0035"", ""FMOD0089"", ""FMOD0102"", ""FMOD0119"", ""FMOD0040"", ""FMOD0051"", ""FMOD0043"", ""FMOD0120"", ""FMOD0036""]"
BALANCED,Q6K00222,53,10,1,1.0,True,1.0,True,0.414746,"[""FMOD0061"", ""FMOD0102"", ""FMOD0091"", ""FMOD0023"", ""FMOD0035"", ""FMOD0069"", ""FMOD0036"", ""FMOD0055"", ""FMOD0119"", ""FMOD0060""]","[""FMOD0061"", ""FMOD0102"", ""FMOD0091"", ""FMOD0023"", ""FMOD0035"", ""FMOD0069"", ""FMOD0036"", ""FMOD0055"", ""FMOD0119"", ""FMOD0060""]"
BALANCED,Q6K00223,54,10,1,1.0,True,1.0,True,0.407194,"[""FMOD0003"", ""FMOD0089"", ""FMOD0014"", ""FMOD0120"", ""FMOD0069"", ""FMOD0005"", ""FMOD0023"", ""FMOD0053"", ""FMOD0035"", ""FMOD0102""]","[""FMOD0003"", ""FMOD0089"", ""FMOD0014"", ""FMOD0120"", ""FMOD0069"", ""FMOD0005"", ""FMOD0023"", ""FMOD0053"", ""FMOD0035"", ""FMOD0102""]"
BALANCED,Q6K00224,55,10,1,1.0,True,1.0,True,0.475156,"[""FMOD0074"", ""FMOD0079"", ""FMOD0023"", ""FMOD0035"", ""FMOD0053"", ""FMOD0043"", ""FMOD0077"", ""FMOD0069"", ""FMOD0033"", ""FMOD0102""]","[""FMOD0074"", ""FMOD0079"", ""FMOD0023"", ""FMOD0035"", ""FMOD0053"", ""FMOD0043"", ""FMOD0077"", ""FMOD0069"", ""FMOD0033"", ""FMOD0102""]"
BALANCED,Q6K00225,53,10,1,1.0,True,1.0,True,0.450071,"[""FMOD0074"", ""FMOD0035"", ""FMOD0023"", ""FMOD0077"", ""FMOD0033"", ""FMOD0079"", ""FMOD0083"", ""FMOD0036"", ""FMOD0102"", ""FMOD0053""]","[""FMOD0074"", ""FMOD0035"", ""FMOD0023"", ""FMOD0077"", ""FMOD0033"", ""FMOD0079"", ""FMOD0083"", ""FMOD0036"", ""FMOD0102"", ""FMOD0053""]"
BALANCED,Q6K00226,54,10,1,1.0,True,1.0,True,0.424511,"[""FMOD0053"", ""FMOD0102"", ""FMOD0120"", ""FMOD0035"", ""FMOD0023"", ""FMOD0036"", ""FMOD0119"", ""FMOD0079"", ""FMOD0110"", ""FMOD0083""]","[""FMOD0053"", ""FMOD0102"", ""FMOD0120"", ""FMOD0035"", ""FMOD0023"", ""FMOD0036"", ""FMOD0119"", ""FMOD0079"", ""FMOD0110"", ""FMOD0083""]"
BALANCED,Q6K00227,50,10,1,1.0,True,1.0,True,0.433793,"[""FMOD0096"", ""FMOD0023"", ""FMOD0120"", ""FMOD0119"", ""FMOD0035"", ""FMOD0113"", ""FMOD0069"", ""FMOD0025"", ""FMOD0086"", ""FMOD0055""]","[""FMOD0096"", ""FMOD0023"", ""FMOD0120"", ""FMOD0119"", ""FMOD0035"", ""FMOD0113"", ""FMOD0069"", ""FMOD0025"", ""FMOD0086"", ""FMOD0055""]"
BALANCED,Q6K00228,55,10,1,1.0,True,1.0,True,0.43841,"[""FMOD0011"", ""FMOD0110"", ""FMOD0119"", ""FMOD0023"", ""FMOD0102"", ""FMOD0067"", ""FMOD0077"", ""FMOD0004"", ""FMOD0079"", ""FMOD0005""]","[""FMOD0011"", ""FMOD0110"", ""FMOD0119"", ""FMOD0023"", ""FMOD0102"", ""FMOD0067"", ""FMOD0077"", ""FMOD0004"", ""FMOD0079"", ""FMOD0005""]"
BALANCED,Q6K00229,58,10,1,1.0,True,1.0,True,0.477369,"[""FMOD0086"", ""FMOD0050"", ""FMOD0024"", ""FMOD0110"", ""FMOD0036"", ""FMOD0069"", ""FMOD0119"", ""FMOD0077"", ""FMOD0120"", ""FMOD0044""]","[""FMOD0086"", ""FMOD0050"", ""FMOD0024"", ""FMOD0110"", ""FMOD0036"", ""FMOD0069"", ""FMOD0119"", ""FMOD0077"", ""FMOD0120"", ""FMOD0044""]"
BALANCED,Q6K00230,54,10,1,1.0,True,1.0,True,0.524381,"[""FMOD0036"", ""FMOD0079"", ""FMOD0119"", ""FMOD0091"", ""FMOD0120"", ""FMOD0102"", ""FMOD0083"", ""FMOD0035"", ""FMOD0017"", ""FMOD0104""]","[""FMOD0036"", ""FMOD0079"", ""FMOD0119"", ""FMOD0091"", ""FMOD0120"", ""FMOD0102"", ""FMOD0083"", ""FMOD0035"", ""FMOD0017"", ""FMOD0104""]"
BALANCED,Q6K00231,53,10,1,1.0,True,1.0,True,0.534221,"[""FMOD0102"", ""FMOD0079"", ""FMOD0035"", ""FMOD0023"", ""FMOD0005"", ""FMOD0069"", ""FMOD0055"", ""FMOD0110"", ""FMOD0016"", ""FMOD0119""]","[""FMOD0102"", ""FMOD0079"", ""FMOD0035"", ""FMOD0023"", ""FMOD0005"", ""FMOD0069"", ""FMOD0055"", ""FMOD0110"", ""FMOD0016"", ""FMOD0119""]"
BALANCED,Q6K00232,55,10,1,1.0,True,1.0,True,0.55455,"[""FMOD0060"", ""FMOD0023"", ""FMOD0086"", ""FMOD0043"", ""FMOD0110"", ""FMOD0044"", ""FMOD0036"", ""FMOD0075"", ""FMOD0102"", ""FMOD0120""]","[""FMOD0060"", ""FMOD0023"", ""FMOD0086"", ""FMOD0043"", ""FMOD0110"", ""FMOD0044"", ""FMOD0036"", ""FMOD0075"", ""FMOD0102"", ""FMOD0120""]"
BALANCED,Q6K00233,54,10,1,1.0,True,1.0,True,0.45014,"[""FMOD0055"", ""FMOD0036"", ""FMOD0077"", ""FMOD0035"", ""FMOD0023"", ""FMOD0079"", ""FMOD0083"", ""FMOD0074"", ""FMOD0119"", ""FMOD0005""]","[""FMOD0055"", ""FMOD0036"", ""FMOD0077"", ""FMOD0035"", ""FMOD0023"", ""FMOD0079"", ""FMOD0083"", ""FMOD0074"", ""FMOD0119"", ""FMOD0005""]"
BALANCED,Q6K00234,57,10,1,1.0,True,1.0,True,0.408879,"[""FMOD0001"", ""FMOD0035"", ""FMOD0023"", ""FMOD0055"", ""FMOD0110"", ""FMOD0102"", ""FMOD0120"", ""FMOD0036"", ""FMOD0119"", ""FMOD0079""]","[""FMOD0001"", ""FMOD0035"", ""FMOD0023"", ""FMOD0055"", ""FMOD0110"", ""FMOD0102"", ""FMOD0120"", ""FMOD0036"", ""FMOD0119"", ""FMOD0079""]"
BALANCED,Q6K00235,49,10,1,1.0,True,1.0,True,0.431577,"[""FMOD0096"", ""FMOD0120"", ""FMOD0119"", ""FMOD0023"", ""FMOD0035"", ""FMOD0069"", ""FMOD0055"", ""FMOD0102"", ""FMOD0005"", ""FMOD0036""]","[""FMOD0096"", ""FMOD0120"", ""FMOD0119"", ""FMOD0023"", ""FMOD0035"", ""FMOD0069"", ""FMOD0055"", ""FMOD0102"", ""FMOD0005"", ""FMOD0036""]"
BALANCED,Q6K00236,56,10,1,1.0,True,1.0,True,0.456969,"[""FMOD0036"", ""FMOD0119"", ""FMOD0079"", ""FMOD0120"", ""FMOD0086"", ""FMOD0091"", ""FMOD0102"", ""FMOD0035"", ""FMOD0083"", ""FMOD0069""]","[""FMOD0036"", ""FMOD0119"", ""FMOD0079"", ""FMOD0120"", ""FMOD0086"", ""FMOD0091"", ""FMOD0102"", ""FMOD0035"", ""FMOD0083"", ""FMOD0069""]"
BALANCED,Q6K00237,56,10,1,1.0,True,1.0,True,0.43229,"[""FMOD0067"", ""FMOD0119"", ""FMOD0120"", ""FMOD0023"", ""FMOD0102"", ""FMOD0110"", ""FMOD0069"", ""FMOD0035"", ""FMOD0036"", ""FMOD0079""]","[""FMOD0067"", ""FMOD0119"", ""FMOD0120"", ""FMOD0023"", ""FMOD0102"", ""FMOD0110"", ""FMOD0069"", ""FMOD0035"", ""FMOD0036"", ""FMOD0079""]"
BALANCED,Q6K00238,52,10,1,1.0,True,1.0,True,0.440354,"[""FMOD0102"", ""FMOD0079"", ""FMOD0016"", ""FMOD0035"", ""FMOD0005"", ""FMOD0023"", ""FMOD0069"", ""FMOD0055"", ""FMOD0110"", ""FMOD0119""]","[""FMOD0102"", ""FMOD0079"", ""FMOD0016"", ""FMOD0035"", ""FMOD0005"", ""FMOD0023"", ""FMOD0069"", ""FMOD0055"", ""FMOD0110"", ""FMOD0119""]"
BALANCED,Q6K00239,53,10,1,1.0,True,1.0,True,0.454838,"[""FMOD0055"", ""FMOD0023"", ""FMOD0069"", ""FMOD0025"", ""FMOD0040"", ""FMOD0102"", ""FMOD0083"", ""FMOD0096"", ""FMOD0051"", ""FMOD0119""]","[""FMOD0055"", ""FMOD0023"", ""FMOD0069"", ""FMOD0025"", ""FMOD0040"", ""FMOD0102"", ""FMOD0083"", ""FMOD0096"", ""FMOD0051"", ""FMOD0119""]"
BALANCED,Q6K00240,46,10,1,1.0,True,1.0,True,0.421346,"[""FMOD0069"", ""FMOD0110"", ""FMOD0104"", ""FMOD0035"", ""FMOD0119"", ""FMOD0043"", ""FMOD0023"", ""FMOD0102"", ""FMOD0083"", ""FMOD0120""]","[""FMOD0069"", ""FMOD0110"", ""FMOD0104"", ""FMOD0035"", ""FMOD0119"", ""FMOD0043"", ""FMOD0023"", ""FMOD0102"", ""FMOD0083"", ""FMOD0120""]"
BALANCED,Q6K00241,56,10,2,1.0,True,1.0,True,0.443724,"[""FMOD0011"", ""FMOD0025"", ""FMOD0023"", ""FMOD0110"", ""FMOD0102"", ""FMOD0035"", ""FMOD0067"", ""FMOD0077"", ""FMOD0004"", ""FMOD0119""]","[""FMOD0011"", ""FMOD0025"", ""FMOD0023"", ""FMOD0110"", ""FMOD0102"", ""FMOD0035"", ""FMOD0067"", ""FMOD0077"", ""FMOD0004"", ""FMOD0119""]"
BALANCED,Q6K00242,53,10,2,1.0,True,1.0,True,0.432589,"[""FMOD0025"", ""FMOD0089"", ""FMOD0069"", ""FMOD0113"", ""FMOD0035"", ""FMOD0102"", ""FMOD0119"", ""FMOD0096"", ""FMOD0033"", ""FMOD0077""]","[""FMOD0025"", ""FMOD0089"", ""FMOD0069"", ""FMOD0113"", ""FMOD0035"", ""FMOD0102"", ""FMOD0119"", ""FMOD0096"", ""FMOD0033"", ""FMOD0077""]"
BALANCED,Q6K00243,57,10,2,1.0,True,1.0,True,0.42647,"[""FMOD0044"", ""FMOD0067"", ""FMOD0091"", ""FMOD0069"", ""FMOD0102"", ""FMOD0119"", ""FMOD0120"", ""FMOD0023"", ""FMOD0077"", ""FMOD0035""]","[""FMOD0044"", ""FMOD0067"", ""FMOD0091"", ""FMOD0069"", ""FMOD0102"", ""FMOD0119"", ""FMOD0120"", ""FMOD0023"", ""FMOD0077"", ""FMOD0035""]"
BALANCED,Q6K00244,53,10,2,1.0,True,1.0,True,0.415096,"[""FMOD0023"", ""FMOD0089"", ""FMOD0035"", ""FMOD0120"", ""FMOD0102"", ""FMOD0119"", ""FMOD0110"", ""FMOD0036"", ""FMOD0077"", ""FMOD0005""]","[""FMOD0023"", ""FMOD0089"", ""FMOD0035"", ""FMOD0120"", ""FMOD0102"", ""FMOD0119"", ""FMOD0110"", ""FMOD0036"", ""FMOD0077"", ""FMOD0005""]"
BALANCED,Q6K00245,53,10,2,1.0,True,1.0,True,0.522165,"[""FMOD0022"", ""FMOD0086"", ""FMOD0102"", ""FMOD0035"", ""FMOD0119"", ""FMOD0120"", ""FMOD0023"", ""FMOD0053"", ""FMOD0069"", ""FMOD0110""]","[""FMOD0022"", ""FMOD0086"", ""FMOD0102"", ""FMOD0035"", ""FMOD0119"", ""FMOD0120"", ""FMOD0023"", ""FMOD0053"", ""FMOD0069"", ""FMOD0110""]"
BALANCED,Q6K00246,55,10,2,1.0,True,1.0,True,0.469445,"[""FMOD0053"", ""FMOD0005"", ""FMOD0079"", ""FMOD0120"", ""FMOD0023"", ""FMOD0035"", ""FMOD0110"", ""FMOD0119"", ""FMOD0036"", ""FMOD0096""]","[""FMOD0053"", ""FMOD0005"", ""FMOD0079"", ""FMOD0120"", ""FMOD0023"", ""FMOD0035"", ""FMOD0110"", ""FMOD0119"", ""FMOD0036"", ""FMOD0096""]"
BALANCED,Q6K00247,57,10,2,1.0,True,1.0,True,0.449235,"[""FMOD0069"", ""FMOD0060"", ""FMOD0119"", ""FMOD0023"", ""FMOD0083"", ""FMOD0025"", ""FMOD0110"", ""FMOD0079"", ""FMOD0003"", ""FMOD0120""]","[""FMOD0069"", ""FMOD0060"", ""FMOD0119"", ""FMOD0023"", ""FMOD0083"", ""FMOD0025"", ""FMOD0110"", ""FMOD0079"", ""FMOD0003"", ""FMOD0120""]"
BALANCED,Q6K00248,48,10,2,1.0,True,1.0,True,0.418267,"[""FMOD0040"", ""FMOD0035"", ""FMOD0023"", ""FMOD0016"", ""FMOD0036"", ""FMOD0079"", ""FMOD0043"", ""FMOD0055"", ""FMOD0075"", ""FMOD0089""]","[""FMOD0040"", ""FMOD0035"", ""FMOD0023"", ""FMOD0016"", ""FMOD0036"", ""FMOD0079"", ""FMOD0043"", ""FMOD0055"", ""FMOD0075"", ""FMOD0089""]"
BALANCED,Q6K00249,50,10,2,0.5,False,1.0,True,0.437425,"[""FMOD0074"", ""FMOD0119"", ""FMOD0035"", ""FMOD0120"", ""FMOD0102"", ""FMOD0053"", ""FMOD0033"", ""FMOD0069"", ""FMOD0005"", ""FMOD0086""]","[""FMOD0074"", ""FMOD0119"", ""FMOD0035"", ""FMOD0120"", ""FMOD0102"", ""FMOD0053"", ""FMOD0033"", ""FMOD0069"", ""FMOD0005"", ""FMOD0086""]"
BALANCED,Q6K00250,52,10,2,1.0,True,1.0,True,0.428719,"[""FMOD0099"", ""FMOD0096"", ""FMOD0023"", ""FMOD0119"", ""FMOD0120"", ""FMOD0102"", ""FMOD0035"", ""FMOD0069"", ""FMOD0079"", ""FMOD0033""]","[""FMOD0099"", ""FMOD0096"", ""FMOD0023"", ""FMOD0119"", ""FMOD0120"", ""FMOD0102"", ""FMOD0035"", ""FMOD0069"", ""FMOD0079"", ""FMOD0033""]"
BALANCED,Q6K00251,55,10,2,1.0,True,1.0,True,0.411161,"[""FMOD0044"", ""FMOD0067"", ""FMOD0119"", ""FMOD0023"", ""FMOD0120"", ""FMOD0113"", ""FMOD0086"", ""FMOD0035"", ""FMOD0102"", ""FMOD0036""]","[""FMOD0044"", ""FMOD0067"", ""FMOD0119"", ""FMOD0023"", ""FMOD0120"", ""FMOD0113"", ""FMOD0086"", ""FMOD0035"", ""FMOD0102"", ""FMOD0036""]"
BALANCED,Q6K00252,55,10,2,1.0,True,1.0,True,0.414633,"[""FMOD0043"", ""FMOD0086"", ""FMOD0035"", ""FMOD0023"", ""FMOD0102"", ""FMOD0096"", ""FMOD0069"", ""FMOD0079"", ""FMOD0024"", ""FMOD0119""]","[""FMOD0043"", ""FMOD0086"", ""FMOD0035"", ""FMOD0023"", ""FMOD0102"", ""FMOD0096"", ""FMOD0069"", ""FMOD0079"", ""FMOD0024"", ""FMOD0119""]"
BALANCED,Q6K00253,49,10,2,1.0,True,1.0,True,0.490587,"[""FMOD0051"", ""FMOD0023"", ""FMOD0035"", ""FMOD0016"", ""FMOD0102"", ""FMOD0036"", ""FMOD0069"", ""FMOD0120"", ""FMOD0110"", ""FMOD0119""]","[""FMOD0051"", ""FMOD0023"", ""FMOD0035"", ""FMOD0016"", ""FMOD0102"", ""FMOD0036"", ""FMOD0069"", ""FMOD0120"", ""FMOD0110"", ""FMOD0119""]"
BALANCED,Q6K00254,53,10,2,1.0,True,1.0,True,0.418713,"[""FMOD0083"", ""FMOD0040"", ""FMOD0055"", ""FMOD0069"", ""FMOD0023"", ""FMOD0025"", ""FMOD0102"", ""FMOD0119"", ""FMOD0120"", ""FMOD0035""]","[""FMOD0083"", ""FMOD0040"", ""FMOD0055"", ""FMOD0069"", ""FMOD0023"", ""FMOD0025"", ""FMOD0102"", ""FMOD0119"", ""FMOD0120"", ""FMOD0035""]"
BALANCED,Q6K00255,51,10,2,1.0,True,1.0,True,0.407188,"[""FMOD0053"", ""FMOD0016"", ""FMOD0023"", ""FMOD0035"", ""FMOD0079"", ""FMOD0119"", ""FMOD0102"", ""FMOD0120"", ""FMOD0069"", ""FMOD0055""]","[""FMOD0053"", ""FMOD0016"", ""FMOD0023"", ""FMOD0035"", ""FMOD0079"", ""FMOD0119"", ""FMOD0102"", ""FMOD0120"", ""FMOD0069"", ""FMOD0055""]"
BALANCED,Q6K00256,50,10,2,1.0,True,1.0,True,0.473565,"[""FMOD0087"", ""FMOD0083"", ""FMOD0035"", ""FMOD0102"", ""FMOD0119"", ""FMOD0069"", ""FMOD0025"", ""FMOD0079"", ""FMOD0023"", ""FMOD0004""]","[""FMOD0087"", ""FMOD0083"", ""FMOD0035"", ""FMOD0102"", ""FMOD0119"", ""FMOD0069"", ""FMOD0025"", ""FMOD0079"", ""FMOD0023"", ""FMOD0004""]"
BALANCED,Q6K00257,54,10,2,1.0,True,1.0,True,0.418687,"[""FMOD0077"", ""FMOD0043"", ""FMOD0079"", ""FMOD0023"", ""FMOD0119"", ""FMOD0086"", ""FMOD0055"", ""FMOD0005"", ""FMOD0102"", ""FMOD0120""]","[""FMOD0077"", ""FMOD0043"", ""FMOD0079"", ""FMOD0023"", ""FMOD0119"", ""FMOD0086"", ""FMOD0055"", ""FMOD0005"", ""FMOD0102"", ""FMOD0120""]"
BALANCED,Q6K00258,54,10,2,1.0,True,1.0,True,0.441943,"[""FMOD0096"", ""FMOD0001"", ""FMOD0035"", ""FMOD0120"", ""FMOD0119"", ""FMOD0069"", ""FMOD0036"", ""FMOD0110"", ""FMOD0023"", ""FMOD0077""]","[""FMOD0096"", ""FMOD0001"", ""FMOD0035"", ""FMOD0120"", ""FMOD0119"", ""FMOD0069"", ""FMOD0036"", ""FMOD0110"", ""FMOD0023"", ""FMOD0077""]"
BALANCED,Q6K00259,54,10,2,1.0,True,1.0,True,0.43552,"[""FMOD0043"", ""FMOD0089"", ""FMOD0035"", ""FMOD0102"", ""FMOD0096"", ""FMOD0023"", ""FMOD0069"", ""FMOD0079"", ""FMOD0024"", ""FMOD0119""]","[""FMOD0043"", ""FMOD0089"", ""FMOD0035"", ""FMOD0102"", ""FMOD0096"", ""FMOD0023"", ""FMOD0069"", ""FMOD0079"", ""FMOD0024"", ""FMOD0119""]"
BALANCED,Q6K00260,55,10,2,1.0,True,1.0,True,0.439262,"[""FMOD0099"", ""FMOD0001"", ""FMOD0035"", ""FMOD0119"", ""FMOD0120"", ""FMOD0102"", ""FMOD0110"", ""FMOD0023"", ""FMOD0079"", ""FMOD0069""]","[""FMOD0099"", ""FMOD0001"", ""FMOD0035"", ""FMOD0119"", ""FMOD0120"", ""FMOD0102"", ""FMOD0110"", ""FMOD0023"", ""FMOD0079"", ""FMOD0069""]"
BALANCED,Q6K00261,51,10,2,1.0,True,1.0,True,0.409335,"[""FMOD0022"", ""FMOD0067"", ""FMOD0102"", ""FMOD0035"", ""FMOD0077"", ""FMOD0119"", ""FMOD0023"", ""FMOD0110"", ""FMOD0120"", ""FMOD0025""]","[""FMOD0022"", ""FMOD0067"", ""FMOD0102"", ""FMOD0035"", ""FMOD0077"", ""FMOD0119"", ""FMOD0023"", ""FMOD0110"", ""FMOD0120"", ""FMOD0025""]"
BALANCED,Q6K00262,54,10,2,1.0,True,1.0,True,0.461938,"[""FMOD0069"", ""FMOD0060"", ""FMOD0023"", ""FMOD0025"", ""FMOD0055"", ""FMOD0100"", ""FMOD0102"", ""FMOD0119"", ""FMOD0120"", ""FMOD0079""]","[""FMOD0069"", ""FMOD0060"", ""FMOD0023"", ""FMOD0025"", ""FMOD0055"", ""FMOD0100"", ""FMOD0102"", ""FMOD0119"", ""FMOD0120"", ""FMOD0079""]"
BALANCED,Q6K00263,51,10,2,1.0,True,1.0,True,0.404465,"[""FMOD0043"", ""FMOD0096"", ""FMOD0023"", ""FMOD0113"", ""FMOD0035"", ""FMOD0119"", ""FMOD0069"", ""FMOD0079"", ""FMOD0120"", ""FMOD0040""]","[""FMOD0043"", ""FMOD0096"", ""FMOD0023"", ""FMOD0113"", ""FMOD0035"", ""FMOD0119"", ""FMOD0069"", ""FMOD0079"", ""FMOD0120"", ""FMOD0040""]"
BALANCED,Q6K00264,55,10,2,1.0,True,1.0,True,0.408088,"[""FMOD0043"", ""FMOD0066"", ""FMOD0035"", ""FMOD0119"", ""FMOD0023"", ""FMOD0079"", ""FMOD0005"", ""FMOD0075"", ""FMOD0102"", ""FMOD0077""]","[""FMOD0043"", ""FMOD0066"", ""FMOD0035"", ""FMOD0119"", ""FMOD0023"", ""FMOD0079"", ""FMOD0005"", ""FMOD0075"", ""FMOD0102"", ""FMOD0077""]"
BALANCED,Q6K00265,54,10,2,1.0,True,1.0,True,0.427909,"[""FMOD0004"", ""FMOD0074"", ""FMOD0033"", ""FMOD0023"", ""FMOD0035"", ""FMOD0077"", ""FMOD0053"", ""FMOD0102"", ""FMOD0079"", ""FMOD0043""]","[""FMOD0004"", ""FMOD0074"", ""FMOD0033"", ""FMOD0023"", ""FMOD0035"", ""FMOD0077"", ""FMOD0053"", ""FMOD0102"", ""FMOD0079"", ""FMOD0043""]"
BALANCED,Q6K00266,56,10,2,1.0,True,1.0,True,0.440436,"[""FMOD0005"", ""FMOD0061"", ""FMOD0053"", ""FMOD0120"", ""FMOD0102"", ""FMOD0077"", ""FMOD0036"", ""FMOD0091"", ""FMOD0079"", ""FMOD0087""]","[""FMOD0005"", ""FMOD0061"", ""FMOD0053"", ""FMOD0120"", ""FMOD0102"", ""FMOD0077"", ""FMOD0036"", ""FMOD0091"", ""FMOD0079"", ""FMOD0087""]"
BALANCED,Q6K00267,55,10,2,1.0,True,1.0,True,0.482916,"[""FMOD0022"", ""FMOD0069"", ""FMOD0023"", ""FMOD0055"", ""FMOD0025"", ""FMOD0100"", ""FMOD0040"", ""FMOD0035"", ""FMOD0119"", ""FMOD0102""]","[""FMOD0022"", ""FMOD0069"", ""FMOD0023"", ""FMOD0055"", ""FMOD0025"", ""FMOD0100"", ""FMOD0040"", ""FMOD0035"", ""FMOD0119"", ""FMOD0102""]"
BALANCED,Q6K00268,53,10,2,1.0,True,1.0,True,0.429853,"[""FMOD0077"", ""FMOD0050"", ""FMOD0055"", ""FMOD0083"", ""FMOD0005"", ""FMOD0035"", ""FMOD0033"", ""FMOD0069"", ""FMOD0091"", ""FMOD0086""]","[""FMOD0077"", ""FMOD0050"", ""FMOD0055"", ""FMOD0083"", ""FMOD0005"", ""FMOD0035"", ""FMOD0033"", ""FMOD0069"", ""FMOD0091"", ""FMOD0086""]"
BALANCED,Q6K00269,56,10,2,1.0,True,1.0,True,0.404454,"[""FMOD0025"", ""FMOD0023"", ""FMOD0069"", ""FMOD0087"", ""FMOD0036"", ""FMOD0102"", ""FMOD0055"", ""FMOD0035"", ""FMOD0050"", ""FMOD0077""]","[""FMOD0025"", ""FMOD0023"", ""FMOD0069"", ""FMOD0087"", ""FMOD0036"", ""FMOD0102"", ""FMOD0055"", ""FMOD0035"", ""FMOD0050"", ""FMOD0077""]"
BALANCED,Q6K00270,53,10,2,1.0,True,1.0,True,0.412083,"[""FMOD0043"", ""FMOD0079"", ""FMOD0102"", ""FMOD0035"", ""FMOD0119"", ""FMOD0023"", ""FMOD0005"", ""FMOD0075"", ""FMOD0016"", ""FMOD0120""]","[""FMOD0043"", ""FMOD0079"", ""FMOD0102"", ""FMOD0035"", ""FMOD0119"", ""FMOD0023"", ""FMOD0005"", ""FMOD0075"", ""FMOD0016"", ""FMOD0120""]"
BALANCED,Q6K00271,58,10,2,1.0,True,1.0,True,0.435307,"[""FMOD0086"", ""FMOD0050"", ""FMOD0044"", ""FMOD0120"", ""FMOD0036"", ""FMOD0077"", ""FMOD0069"", ""FMOD0102"", ""FMOD0005"", ""FMOD0079""]","[""FMOD0086"", ""FMOD0050"", ""FMOD0044"", ""FMOD0120"", ""FMOD0036"", ""FMOD0077"", ""FMOD0069"", ""FMOD0102"", ""FMOD0005"", ""FMOD0079""]"
BALANCED,Q6K00272,55,10,2,1.0,True,1.0,True,0.436716,"[""FMOD0025"", ""FMOD0087"", ""FMOD0069"", ""FMOD0023"", ""FMOD0102"", ""FMOD0119"", ""FMOD0086"", ""FMOD0055"", ""FMOD0005"", ""FMOD0077""]","[""FMOD0025"", ""FMOD0087"", ""FMOD0069"", ""FMOD0023"", ""FMOD0102"", ""FMOD0119"", ""FMOD0086"", ""FMOD0055"", ""FMOD0005"", ""FMOD0077""]"
BALANCED,Q6K00273,53,10,2,1.0,True,1.0,True,0.410208,"[""FMOD0023"", ""FMOD0043"", ""FMOD0119"", ""FMOD0079"", ""FMOD0102"", ""FMOD0005"", ""FMOD0075"", ""FMOD0120"", ""FMOD0083"", ""FMOD0086""]","[""FMOD0023"", ""FMOD0043"", ""FMOD0119"", ""FMOD0079"", ""FMOD0102"", ""FMOD0005"", ""FMOD0075"", ""FMOD0120"", ""FMOD0083"", ""FMOD0086""]"
BALANCED,Q6K00274,56,10,2,1.0,True,1.0,True,0.464669,"[""FMOD0004"", ""FMOD0044"", ""FMOD0067"", ""FMOD0113"", ""FMOD0036"", ""FMOD0110"", ""FMOD0035"", ""FMOD0024"", ""FMOD0119"", ""FMOD0120""]","[""FMOD0004"", ""FMOD0044"", ""FMOD0067"", ""FMOD0113"", ""FMOD0036"", ""FMOD0110"", ""FMOD0035"", ""FMOD0024"", ""FMOD0119"", ""FMOD0120""]"
BALANCED,Q6K00275,57,10,2,1.0,True,1.0,True,0.424834,"[""FMOD0086"", ""FMOD0074"", ""FMOD0050"", ""FMOD0102"", ""FMOD0035"", ""FMOD0024"", ""FMOD0043"", ""FMOD0023"", ""FMOD0069"", ""FMOD0119""]","[""FMOD0086"", ""FMOD0074"", ""FMOD0050"", ""FMOD0102"", ""FMOD0035"", ""FMOD0024"", ""FMOD0043"", ""FMOD0023"", ""FMOD0069"", ""FMOD0119""]"
BALANCED,Q6K00276,52,10,2,1.0,True,1.0,True,0.418705,"[""FMOD0087"", ""FMOD0035"", ""FMOD0023"", ""FMOD0079"", ""FMOD0119"", ""FMOD0102"", ""FMOD0120"", ""FMOD0069"", ""FMOD0055"", ""FMOD0016""]","[""FMOD0087"", ""FMOD0035"", ""FMOD0023"", ""FMOD0079"", ""FMOD0119"", ""FMOD0102"", ""FMOD0120"", ""FMOD0069"", ""FMOD0055"", ""FMOD0016""]"
BALANCED,Q6K00277,55,10,2,1.0,True,1.0,True,0.408608,"[""FMOD0067"", ""FMOD0053"", ""FMOD0083"", ""FMOD0113"", ""FMOD0023"", ""FMOD0102"", ""FMOD0120"", ""FMOD0069"", ""FMOD0036"", ""FMOD0051""]","[""FMOD0067"", ""FMOD0053"", ""FMOD0083"", ""FMOD0113"", ""FMOD0023"", ""FMOD0102"", ""FMOD0120"", ""FMOD0069"", ""FMOD0036"", ""FMOD0051""]"
BALANCED,Q6K00278,53,10,2,1.0,True,1.0,True,0.409326,"[""FMOD0089"", ""FMOD0014"", ""FMOD0023"", ""FMOD0036"", ""FMOD0079"", ""FMOD0055"", ""FMOD0035"", ""FMOD0096"", ""FMOD0069"", ""FMOD0086""]","[""FMOD0089"", ""FMOD0014"", ""FMOD0023"", ""FMOD0036"", ""FMOD0079"", ""FMOD0055"", ""FMOD0035"", ""FMOD0096"", ""FMOD0069"", ""FMOD0086""]"
BALANCED,Q6K00279,55,10,2,1.0,True,1.0,True,0.403722,"[""FMOD0014"", ""FMOD0051"", ""FMOD0005"", ""FMOD0120"", ""FMOD0069"", ""FMOD0119"", ""FMOD0102"", ""FMOD0036"", ""FMOD0110"", ""FMOD0035""]","[""FMOD0014"", ""FMOD0051"", ""FMOD0005"", ""FMOD0120"", ""FMOD0069"", ""FMOD0119"", ""FMOD0102"", ""FMOD0036"", ""FMOD0110"", ""FMOD0035""]"
BALANCED,Q6K00280,53,10,2,1.0,True,1.0,True,0.453043,"[""FMOD0043"", ""FMOD0051"", ""FMOD0023"", ""FMOD0035"", ""FMOD0102"", ""FMOD0069"", ""FMOD0096"", ""FMOD0079"", ""FMOD0119"", ""FMOD0120""]","[""FMOD0043"", ""FMOD0051"", ""FMOD0023"", ""FMOD0035"", ""FMOD0102"", ""FMOD0069"", ""FMOD0096"", ""FMOD0079"", ""FMOD0119"", ""FMOD0120""]"
BALANCED,Q6K00281,54,10,2,1.0,True,1.0,True,0.437572,"[""FMOD0035"", ""FMOD0060"", ""FMOD0023"", ""FMOD0022"", ""FMOD0036"", ""FMOD0120"", ""FMOD0119"", ""FMOD0069"", ""FMOD0102"", ""FMOD0079""]","[""FMOD0035"", ""FMOD0060"", ""FMOD0023"", ""FMOD0022"", ""FMOD0036"", ""FMOD0120"", ""FMOD0119"", ""FMOD0069"", ""FMOD0102"", ""FMOD0079""]"
BALANCED,Q6K00282,55,10,2,1.0,True,1.0,True,0.399889,"[""FMOD0077"", ""FMOD0001"", ""FMOD0005"", ""FMOD0083"", ""FMOD0035"", ""FMOD0069"", ""FMOD0079"", ""FMOD0096"", ""FMOD0102"", ""FMOD0017""]","[""FMOD0077"", ""FMOD0001"", ""FMOD0005"", ""FMOD0083"", ""FMOD0035"", ""FMOD0069"", ""FMOD0079"", ""FMOD0096"", ""FMOD0102"", ""FMOD0017""]"
BALANCED,Q6K00283,54,10,2,1.0,True,1.0,True,0.516134,"[""FMOD0036"", ""FMOD0035"", ""FMOD0023"", ""FMOD0120"", ""FMOD0119"", ""FMOD0079"", ""FMOD0102"", ""FMOD0069"", ""FMOD0017"", ""FMOD0110""]","[""FMOD0036"", ""FMOD0035"", ""FMOD0023"", ""FMOD0120"", ""FMOD0119"", ""FMOD0079"", ""FMOD0102"", ""FMOD0069"", ""FMOD0017"", ""FMOD0110""]"
BALANCED,Q6K00284,51,10,2,1.0,True,1.0,True,0.450898,"[""FMOD0083"", ""FMOD0016"", ""FMOD0023"", ""FMOD0035"", ""FMOD0119"", ""FMOD0102"", ""FMOD0069"", ""FMOD0079"", ""FMOD0005"", ""FMOD0077""]","[""FMOD0083"", ""FMOD0016"", ""FMOD0023"", ""FMOD0035"", ""FMOD0119"", ""FMOD0102"", ""FMOD0069"", ""FMOD0079"", ""FMOD0005"", ""FMOD0077""]"
BALANCED,Q6K00285,53,10,2,1.0,True,1.0,True,0.401731,"[""FMOD0083"", ""FMOD0055"", ""FMOD0102"", ""FMOD0005"", ""FMOD0077"", ""FMOD0069"", ""FMOD0120"", ""FMOD0119"", ""FMOD0035"", ""FMOD0036""]","[""FMOD0083"", ""FMOD0055"", ""FMOD0102"", ""FMOD0005"", ""FMOD0077"", ""FMOD0069"", ""FMOD0120"", ""FMOD0119"", ""FMOD0035"", ""FMOD0036""]"
BALANCED,Q6K00286,55,10,2,1.0,True,1.0,True,0.45513,"[""FMOD0051"", ""FMOD0077"", ""FMOD0023"", ""FMOD0110"", ""FMOD0120"", ""FMOD0069"", ""FMOD0102"", ""FMOD0083"", ""FMOD0036"", ""FMOD0113""]","[""FMOD0051"", ""FMOD0077"", ""FMOD0023"", ""FMOD0110"", ""FMOD0120"", ""FMOD0069"", ""FMOD0102"", ""FMOD0083"", ""FMOD0036"", ""FMOD0113""]"
BALANCED,Q6K00287,56,10,2,1.0,True,1.0,True,0.42732,"[""FMOD0003"", ""FMOD0089"", ""FMOD0004"", ""FMOD0067"", ""FMOD0014"", ""FMOD0113"", ""FMOD0036"", ""FMOD0120"", ""FMOD0035"", ""FMOD0091""]","[""FMOD0003"", ""FMOD0089"", ""FMOD0004"", ""FMOD0067"", ""FMOD0014"", ""FMOD0113"", ""FMOD0036"", ""FMOD0120"", ""FMOD0035"", ""FMOD0091""]"
BALANCED,Q6K00288,51,10,2,1.0,True,1.0,True,0.535381,"[""FMOD0067"", ""FMOD0074"", ""FMOD0077"", ""FMOD0035"", ""FMOD0102"", ""FMOD0119"", ""FMOD0110"", ""FMOD0069"", ""FMOD0096"", ""FMOD0086""]","[""FMOD0067"", ""FMOD0074"", ""FMOD0077"", ""FMOD0035"", ""FMOD0102"", ""FMOD0119"", ""FMOD0110"", ""FMOD0069"", ""FMOD0096"", ""FMOD0086""]"
BALANCED,Q6K00289,52,10,2,1.0,True,1.0,True,0.495997,"[""FMOD0099"", ""FMOD0040"", ""FMOD0023"", ""FMOD0035"", ""FMOD0083"", ""FMOD0119"", ""FMOD0120"", ""FMOD0102"", ""FMOD0110"", ""FMOD0104""]","[""FMOD0099"", ""FMOD0040"", ""FMOD0023"", ""FMOD0035"", ""FMOD0083"", ""FMOD0119"", ""FMOD0120"", ""FMOD0102"", ""FMOD0110"", ""FMOD0104""]"
BALANCED,Q6K00290,54,10,2,1.0,True,1.0,True,0.430301,"[""FMOD0069"", ""FMOD0089"", ""FMOD0040"", ""FMOD0079"", ""FMOD0110"", ""FMOD0005"", ""FMOD0120"", ""FMOD0035"", ""FMOD0067"", ""FMOD0119""]","[""FMOD0069"", ""FMOD0089"", ""FMOD0040"", ""FMOD0079"", ""FMOD0110"", ""FMOD0005"", ""FMOD0120"", ""FMOD0035"", ""FMOD0067"", ""FMOD0119""]"
BALANCED,Q6K00291,54,10,2,1.0,True,1.0,True,0.439418,"[""FMOD0079"", ""FMOD0066"", ""FMOD0055"", ""FMOD0102"", ""FMOD0036"", ""FMOD0120"", ""FMOD0017"", ""FMOD0119"", ""FMOD0110"", ""FMOD0096""]","[""FMOD0079"", ""FMOD0066"", ""FMOD0055"", ""FMOD0102"", ""FMOD0036"", ""FMOD0120"", ""FMOD0017"", ""FMOD0119"", ""FMOD0110"", ""FMOD0096""]"
BALANCED,Q6K00292,52,10,2,1.0,True,1.0,True,0.432089,"[""FMOD0074"", ""FMOD0089"", ""FMOD0079"", ""FMOD0035"", ""FMOD0077"", ""FMOD0053"", ""FMOD0033"", ""FMOD0023"", ""FMOD0043"", ""FMOD0005""]","[""FMOD0074"", ""FMOD0089"", ""FMOD0079"", ""FMOD0035"", ""FMOD0077"", ""FMOD0053"", ""FMOD0033"", ""FMOD0023"", ""FMOD0043"", ""FMOD0005""]"
BALANCED,Q6K00293,52,10,2,1.0,True,1.0,True,0.405752,"[""FMOD0074"", ""FMOD0043"", ""FMOD0035"", ""FMOD0023"", ""FMOD0069"", ""FMOD0102"", ""FMOD0096"", ""FMOD0079"", ""FMOD0024"", ""FMOD0119""]","[""FMOD0074"", ""FMOD0043"", ""FMOD0035"", ""FMOD0023"", ""FMOD0069"", ""FMOD0102"", ""FMOD0096"", ""FMOD0079"", ""FMOD0024"", ""FMOD0119""]"
BALANCED,Q6K00294,54,10,2,1.0,True,1.0,True,0.433234,"[""FMOD0102"", ""FMOD0036"", ""FMOD0079"", ""FMOD0120"", ""FMOD0119"", ""FMOD0110"", ""FMOD0069"", ""FMOD0035"", ""FMOD0050"", ""FMOD0025""]","[""FMOD0102"", ""FMOD0036"", ""FMOD0079"", ""FMOD0120"", ""FMOD0119"", ""FMOD0110"", ""FMOD0069"", ""FMOD0035"", ""FMOD0050"", ""FMOD0025""]"
BALANCED,Q6K00295,55,10,2,1.0,True,1.0,True,0.404757,"[""FMOD0066"", ""FMOD0043"", ""FMOD0102"", ""FMOD0023"", ""FMOD0069"", ""FMOD0035"", ""FMOD0096"", ""FMOD0079"", ""FMOD0119"", ""FMOD0120""]","[""FMOD0066"", ""FMOD0043"", ""FMOD0102"", ""FMOD0023"", ""FMOD0069"", ""FMOD0035"", ""FMOD0096"", ""FMOD0079"", ""FMOD0119"", ""FMOD0120""]"
BALANCED,Q6K00296,57,10,2,1.0,True,1.0,True,0.407426,"[""FMOD0060"", ""FMOD0066"", ""FMOD0102"", ""FMOD0036"", ""FMOD0055"", ""FMOD0096"", ""FMOD0110"", ""FMOD0120"", ""FMOD0035"", ""FMOD0075""]","[""FMOD0060"", ""FMOD0066"", ""FMOD0102"", ""FMOD0036"", ""FMOD0055"", ""FMOD0096"", ""FMOD0110"", ""FMOD0120"", ""FMOD0035"", ""FMOD0075""]"
BALANCED,Q6K00297,51,10,2,1.0,True,1.0,True,0.495793,"[""FMOD0051"", ""FMOD0035"", ""FMOD0023"", ""FMOD0119"", ""FMOD0069"", ""FMOD0040"", ""FMOD0102"", ""FMOD0120"", ""FMOD0036"", ""FMOD0104""]","[""FMOD0051"", ""FMOD0035"", ""FMOD0023"", ""FMOD0119"", ""FMOD0069"", ""FMOD0040"", ""FMOD0102"", ""FMOD0120"", ""FMOD0036"", ""FMOD0104""]"
BALANCED,Q6K00298,56,10,2,1.0,True,1.0,True,0.410195,"[""FMOD0074"", ""FMOD0036"", ""FMOD0079"", ""FMOD0119"", ""FMOD0120"", ""FMOD0017"", ""FMOD0091"", ""FMOD0023"", ""FMOD0083"", ""FMOD0035""]","[""FMOD0074"", ""FMOD0036"", ""FMOD0079"", ""FMOD0119"", ""FMOD0120"", ""FMOD0017"", ""FMOD0091"", ""FMOD0023"", ""FMOD0083"", ""FMOD0035""]"
BALANCED,Q6K00299,52,10,2,1.0,True,1.0,True,0.592907,"[""FMOD0040"", ""FMOD0089"", ""FMOD0035"", ""FMOD0079"", ""FMOD0055"", ""FMOD0023"", ""FMOD0102"", ""FMOD0119"", ""FMOD0014"", ""FMOD0051""]","[""FMOD0040"", ""FMOD0089"", ""FMOD0035"", ""FMOD0079"", ""FMOD0055"", ""FMOD0023"", ""FMOD0102"", ""FMOD0119"", ""FMOD0014"", ""FMOD0051""]"
BALANCED,Q6K00300,58,10,2,1.0,True,1.0,True,0.525721,"[""FMOD0086"", ""FMOD0050"", ""FMOD0067"", ""FMOD0036"", ""FMOD0102"", ""FMOD0119"", ""FMOD0089"", ""FMOD0120"", ""FMOD0083"", ""FMOD0079""]","[""FMOD0086"", ""FMOD0050"", ""FMOD0067"", ""FMOD0036"", ""FMOD0102"", ""FMOD0119"", ""FMOD0089"", ""FMOD0120"", ""FMOD0083"", ""FMOD0079""]"
BALANCED,Q6K00301,54,10,3,0.6666666666666666,False,1.0,True,0.45388,"[""FMOD0053"", ""FMOD0060"", ""FMOD0120"", ""FMOD0023"", ""FMOD0119"", ""FMOD0035"", ""FMOD0069"", ""FMOD0102"", ""FMOD0110"", ""FMOD0077""]","[""FMOD0053"", ""FMOD0060"", ""FMOD0120"", ""FMOD0023"", ""FMOD0119"", ""FMOD0035"", ""FMOD0069"", ""FMOD0102"", ""FMOD0110"", ""FMOD0077""]"
BALANCED,Q6K00302,49,10,3,1.0,True,1.0,True,0.424242,"[""FMOD0005"", ""FMOD0001"", ""FMOD0055"", ""FMOD0080"", ""FMOD0023"", ""FMOD0069"", ""FMOD0025"", ""FMOD0043"", ""FMOD0102"", ""FMOD0096""]","[""FMOD0005"", ""FMOD0001"", ""FMOD0055"", ""FMOD0080"", ""FMOD0023"", ""FMOD0069"", ""FMOD0025"", ""FMOD0043"", ""FMOD0102"", ""FMOD0096""]"
BALANCED,Q6K00303,55,10,3,1.0,True,1.0,True,0.414217,"[""FMOD0087"", ""FMOD0016"", ""FMOD0053"", ""FMOD0119"", ""FMOD0036"", ""FMOD0102"", ""FMOD0079"", ""FMOD0120"", ""FMOD0069"", ""FMOD0110""]","[""FMOD0087"", ""FMOD0016"", ""FMOD0053"", ""FMOD0119"", ""FMOD0036"", ""FMOD0102"", ""FMOD0079"", ""FMOD0120"", ""FMOD0069"", ""FMOD0110""]"
BALANCED,Q6K00304,55,10,3,1.0,True,1.0,True,0.419423,"[""FMOD0077"", ""FMOD0083"", ""FMOD0087"", ""FMOD0023"", ""FMOD0069"", ""FMOD0055"", ""FMOD0102"", ""FMOD0025"", ""FMOD0040"", ""FMOD0091""]","[""FMOD0077"", ""FMOD0083"", ""FMOD0087"", ""FMOD0023"", ""FMOD0069"", ""FMOD0055"", ""FMOD0102"", ""FMOD0025"", ""FMOD0040"", ""FMOD0091""]"
BALANCED,Q6K00305,56,10,3,1.0,True,1.0,True,0.421687,"[""FMOD0069"", ""FMOD0066"", ""FMOD0005"", ""FMOD0102"", ""FMOD0119"", ""FMOD0120"", ""FMOD0079"", ""FMOD0110"", ""FMOD0096"", ""FMOD0086""]","[""FMOD0069"", ""FMOD0066"", ""FMOD0005"", ""FMOD0102"", ""FMOD0119"", ""FMOD0120"", ""FMOD0079"", ""FMOD0110"", ""FMOD0096"", ""FMOD0086""]"
BALANCED,Q6K00306,55,10,3,1.0,True,1.0,True,0.495508,"[""FMOD0014"", ""FMOD0066"", ""FMOD0077"", ""FMOD0102"", ""FMOD0055"", ""FMOD0023"", ""FMOD0069"", ""FMOD0120"", ""FMOD0079"", ""FMOD0096""]","[""FMOD0014"", ""FMOD0066"", ""FMOD0077"", ""FMOD0102"", ""FMOD0055"", ""FMOD0023"", ""FMOD0069"", ""FMOD0120"", ""FMOD0079"", ""FMOD0096""]"
BALANCED,Q6K00307,53,10,3,1.0,True,1.0,True,0.441241,"[""FMOD0083"", ""FMOD0079"", ""FMOD0036"", ""FMOD0035"", ""FMOD0102"", ""FMOD0119"", ""FMOD0069"", ""FMOD0077"", ""FMOD0023"", ""FMOD0120""]","[""FMOD0083"", ""FMOD0079"", ""FMOD0036"", ""FMOD0035"", ""FMOD0102"", ""FMOD0119"", ""FMOD0069"", ""FMOD0077"", ""FMOD0023"", ""FMOD0120""]"
BALANCED,Q6K00308,53,10,3,0.0,False,1.0,True,0.408277,"[""FMOD0035"", ""FMOD0069"", ""FMOD0096"", ""FMOD0102"", ""FMOD0025"", ""FMOD0119"", ""FMOD0120"", ""FMOD0031"", ""FMOD0005"", ""FMOD0033""]","[""FMOD0035"", ""FMOD0069"", ""FMOD0096"", ""FMOD0102"", ""FMOD0025"", ""FMOD0119"", ""FMOD0120"", ""FMOD0031"", ""FMOD0005"", ""FMOD0033""]"
BALANCED,Q6K00309,48,10,3,1.0,True,1.0,True,0.515362,"[""FMOD0035"", ""FMOD0050"", ""FMOD0086"", ""FMOD0102"", ""FMOD0119"", ""FMOD0069"", ""FMOD0077"", ""FMOD0110"", ""FMOD0083"", ""FMOD0033""]","[""FMOD0035"", ""FMOD0050"", ""FMOD0086"", ""FMOD0102"", ""FMOD0119"", ""FMOD0069"", ""FMOD0077"", ""FMOD0110"", ""FMOD0083"", ""FMOD0033""]"
BALANCED,Q6K00310,51,10,3,1.0,True,1.0,True,0.400849,"[""FMOD0074"", ""FMOD0005"", ""FMOD0022"", ""FMOD0035"", ""FMOD0053"", ""FMOD0033"", ""FMOD0023"", ""FMOD0055"", ""FMOD0102"", ""FMOD0091""]","[""FMOD0074"", ""FMOD0005"", ""FMOD0022"", ""FMOD0035"", ""FMOD0053"", ""FMOD0033"", ""FMOD0023"", ""FMOD0055"", ""FMOD0102"", ""FMOD0091""]"
BALANCED,Q6K00311,57,10,3,1.0,True,1.0,True,0.406359,"[""FMOD0051"", ""FMOD0086"", ""FMOD0067"", ""FMOD0004"", ""FMOD0120"", ""FMOD0005"", ""FMOD0119"", ""FMOD0079"", ""FMOD0102"", ""FMOD0077""]","[""FMOD0051"", ""FMOD0086"", ""FMOD0067"", ""FMOD0004"", ""FMOD0120"", ""FMOD0005"", ""FMOD0119"", ""FMOD0079"", ""FMOD0102"", ""FMOD0077""]"
BALANCED,Q6K00312,53,10,3,1.0,True,1.0,True,0.416122,"[""FMOD0061"", ""FMOD0023"", ""FMOD0083"", ""FMOD0069"", ""FMOD0033"", ""FMOD0102"", ""FMOD0120"", ""FMOD0036"", ""FMOD0119"", ""FMOD0110""]","[""FMOD0061"", ""FMOD0023"", ""FMOD0083"", ""FMOD0069"", ""FMOD0033"", ""FMOD0102"", ""FMOD0120"", ""FMOD0036"", ""FMOD0119"", ""FMOD0110""]"
BALANCED,Q6K00313,53,10,3,1.0,True,1.0,True,0.393932,"[""FMOD0061"", ""FMOD0069"", ""FMOD0083"", ""FMOD0066"", ""FMOD0036"", ""FMOD0033"", ""FMOD0120"", ""FMOD0005"", ""FMOD0102"", ""FMOD0075""]","[""FMOD0061"", ""FMOD0069"", ""FMOD0083"", ""FMOD0066"", ""FMOD0036"", ""FMOD0033"", ""FMOD0120"", ""FMOD0005"", ""FMOD0102"", ""FMOD0075""]"
BALANCED,Q6K00314,54,10,3,1.0,True,1.0,True,0.424989,"[""FMOD0099"", ""FMOD0053"", ""FMOD0066"", ""FMOD0102"", ""FMOD0120"", ""FMOD0119"", ""FMOD0035"", ""FMOD0055"", ""FMOD0023"", ""FMOD0110""]","[""FMOD0099"", ""FMOD0053"", ""FMOD0066"", ""FMOD0102"", ""FMOD0120"", ""FMOD0119"", ""FMOD0035"", ""FMOD0055"", ""FMOD0023"", ""FMOD0110""]"
BALANCED,Q6K00315,54,10,3,1.0,True,1.0,True,0.472183,"[""FMOD0003"", ""FMOD0060"", ""FMOD0023"", ""FMOD0035"", ""FMOD0040"", ""FMOD0079"", ""FMOD0055"", ""FMOD0036"", ""FMOD0102"", ""FMOD0014""]","[""FMOD0003"", ""FMOD0060"", ""FMOD0023"", ""FMOD0035"", ""FMOD0040"", ""FMOD0079"", ""FMOD0055"", ""FMOD0036"", ""FMOD0102"", ""FMOD0014""]"
BALANCED,Q6K00316,54,10,3,1.0,True,1.0,True,0.41905,"[""FMOD0022"", ""FMOD0089"", ""FMOD0099"", ""FMOD0053"", ""FMOD0102"", ""FMOD0023"", ""FMOD0035"", ""FMOD0079"", ""FMOD0120"", ""FMOD0075""]","[""FMOD0022"", ""FMOD0089"", ""FMOD0099"", ""FMOD0053"", ""FMOD0102"", ""FMOD0023"", ""FMOD0035"", ""FMOD0079"", ""FMOD0120"", ""FMOD0075""]"
BALANCED,Q6K00317,50,10,3,1.0,True,1.0,True,0.41835,"[""FMOD0061"", ""FMOD0089"", ""FMOD0096"", ""FMOD0036"", ""FMOD0079"", ""FMOD0035"", ""FMOD0055"", ""FMOD0083"", ""FMOD0110"", ""FMOD0005""]","[""FMOD0061"", ""FMOD0089"", ""FMOD0096"", ""FMOD0036"", ""FMOD0079"", ""FMOD0035"", ""FMOD0055"", ""FMOD0083"", ""FMOD0110"", ""FMOD0005""]"
BALANCED,Q6K00318,55,10,3,1.0,True,1.0,True,0.439536,"[""FMOD0086"", ""FMOD0004"", ""FMOD0050"", ""FMOD0067"", ""FMOD0035"", ""FMOD0053"", ""FMOD0110"", ""FMOD0005"", ""FMOD0102"", ""FMOD0120""]","[""FMOD0086"", ""FMOD0004"", ""FMOD0050"", ""FMOD0067"", ""FMOD0035"", ""FMOD0053"", ""FMOD0110"", ""FMOD0005"", ""FMOD0102"", ""FMOD0120""]"
BALANCED,Q6K00319,55,10,3,1.0,True,1.0,True,0.401802,"[""FMOD0003"", ""FMOD0011"", ""FMOD0089"", ""FMOD0060"", ""FMOD0014"", ""FMOD0120"", ""FMOD0035"", ""FMOD0023"", ""FMOD0005"", ""FMOD0083""]","[""FMOD0003"", ""FMOD0011"", ""FMOD0089"", ""FMOD0060"", ""FMOD0014"", ""FMOD0120"", ""FMOD0035"", ""FMOD0023"", ""FMOD0005"", ""FMOD0083""]"
BALANCED,Q6K00320,55,10,3,1.0,True,1.0,True,0.441462,"[""FMOD0043"", ""FMOD0011"", ""FMOD0044"", ""FMOD0119"", ""FMOD0035"", ""FMOD0120"", ""FMOD0110"", ""FMOD0023"", ""FMOD0069"", ""FMOD0077""]","[""FMOD0043"", ""FMOD0011"", ""FMOD0044"", ""FMOD0119"", ""FMOD0035"", ""FMOD0120"", ""FMOD0110"", ""FMOD0023"", ""FMOD0069"", ""FMOD0077""]"
BALANCED,Q6K00321,43,10,3,1.0,True,1.0,True,0.394457,"[""FMOD0040"", ""FMOD0066"", ""FMOD0003"", ""FMOD0014"", ""FMOD0120"", ""FMOD0023"", ""FMOD0035"", ""FMOD0079"", ""FMOD0005"", ""FMOD0119""]","[""FMOD0040"", ""FMOD0066"", ""FMOD0003"", ""FMOD0014"", ""FMOD0120"", ""FMOD0023"", ""FMOD0035"", ""FMOD0079"", ""FMOD0005"", ""FMOD0119""]"
BALANCED,Q6K00322,53,10,3,1.0,True,1.0,True,0.402483,"[""FMOD0087"", ""FMOD0036"", ""FMOD0089"", ""FMOD0035"", ""FMOD0023"", ""FMOD0016"", ""FMOD0079"", ""FMOD0091"", ""FMOD0055"", ""FMOD0022""]","[""FMOD0087"", ""FMOD0036"", ""FMOD0089"", ""FMOD0035"", ""FMOD0023"", ""FMOD0016"", ""FMOD0079"", ""FMOD0091"", ""FMOD0055"", ""FMOD0022""]"
BALANCED,Q6K00323,52,10,3,1.0,True,1.0,True,0.429428,"[""FMOD0036"", ""FMOD0077"", ""FMOD0003"", ""FMOD0023"", ""FMOD0086"", ""FMOD0075"", ""FMOD0035"", ""FMOD0055"", ""FMOD0060"", ""FMOD0102""]","[""FMOD0036"", ""FMOD0077"", ""FMOD0003"", ""FMOD0023"", ""FMOD0086"", ""FMOD0075"", ""FMOD0035"", ""FMOD0055"", ""FMOD0060"", ""FMOD0102""]"
BALANCED,Q6K00324,57,10,3,1.0,True,1.0,True,0.453967,"[""FMOD0067"", ""FMOD0051"", ""FMOD0089"", ""FMOD0003"", ""FMOD0033"", ""FMOD0035"", ""FMOD0069"", ""FMOD0102"", ""FMOD0077"", ""FMOD0119""]","[""FMOD0067"", ""FMOD0051"", ""FMOD0089"", ""FMOD0003"", ""FMOD0033"", ""FMOD0035"", ""FMOD0069"", ""FMOD0102"", ""FMOD0077"", ""FMOD0119""]"
BALANCED,Q6K00325,54,10,3,1.0,True,1.0,True,0.422743,"[""FMOD0086"", ""FMOD0023"", ""FMOD0050"", ""FMOD0044"", ""FMOD0035"", ""FMOD0069"", ""FMOD0043"", ""FMOD0120"", ""FMOD0079"", ""FMOD0102""]","[""FMOD0086"", ""FMOD0023"", ""FMOD0050"", ""FMOD0044"", ""FMOD0035"", ""FMOD0069"", ""FMOD0043"", ""FMOD0120"", ""FMOD0079"", ""FMOD0102""]"
BALANCED,Q6K00326,55,10,3,1.0,True,1.0,True,0.453615,"[""FMOD0099"", ""FMOD0055"", ""FMOD0066"", ""FMOD0036"", ""FMOD0102"", ""FMOD0023"", ""FMOD0017"", ""FMOD0079"", ""FMOD0119"", ""FMOD0110""]","[""FMOD0099"", ""FMOD0055"", ""FMOD0066"", ""FMOD0036"", ""FMOD0102"", ""FMOD0023"", ""FMOD0017"", ""FMOD0079"", ""FMOD0119"", ""FMOD0110""]"
BALANCED,Q6K00327,51,10,3,1.0,True,1.0,True,0.454129,"[""FMOD0016"", ""FMOD0051"", ""FMOD0055"", ""FMOD0075"", ""FMOD0035"", ""FMOD0077"", ""FMOD0023"", ""FMOD0036"", ""FMOD0079"", ""FMOD0033""]","[""FMOD0016"", ""FMOD0051"", ""FMOD0055"", ""FMOD0075"", ""FMOD0035"", ""FMOD0077"", ""FMOD0023"", ""FMOD0036"", ""FMOD0079"", ""FMOD0033""]"
BALANCED,Q6K00328,53,10,3,0.6666666666666666,False,1.0,True,0.426144,"[""FMOD0025"", ""FMOD0069"", ""FMOD0023"", ""FMOD0035"", ""FMOD0119"", ""FMOD0120"", ""FMOD0087"", ""FMOD0102"", ""FMOD0077"", ""FMOD0033""]","[""FMOD0025"", ""FMOD0069"", ""FMOD0023"", ""FMOD0035"", ""FMOD0119"", ""FMOD0120"", ""FMOD0087"", ""FMOD0102"", ""FMOD0077"", ""FMOD0033""]"
BALANCED,Q6K00329,50,10,3,0.6666666666666666,False,1.0,True,0.408748,"[""FMOD0043"", ""FMOD0089"", ""FMOD0119"", ""FMOD0023"", ""FMOD0102"", ""FMOD0035"", ""FMOD0110"", ""FMOD0069"", ""FMOD0079"", ""FMOD0036""]","[""FMOD0043"", ""FMOD0089"", ""FMOD0119"", ""FMOD0023"", ""FMOD0102"", ""FMOD0035"", ""FMOD0110"", ""FMOD0069"", ""FMOD0079"", ""FMOD0036""]"
BALANCED,Q6K00330,55,10,3,0.6666666666666666,False,1.0,True,0.413955,"[""FMOD0022"", ""FMOD0035"", ""FMOD0069"", ""FMOD0120"", ""FMOD0119"", ""FMOD0023"", ""FMOD0036"", ""FMOD0077"", ""FMOD0102"", ""FMOD0079""]","[""FMOD0022"", ""FMOD0035"", ""FMOD0069"", ""FMOD0120"", ""FMOD0119"", ""FMOD0023"", ""FMOD0036"", ""FMOD0077"", ""FMOD0102"", ""FMOD0079""]"
BALANCED,Q6K00331,56,10,3,1.0,True,1.0,True,0.447159,"[""FMOD0005"", ""FMOD0079"", ""FMOD0102"", ""FMOD0120"", ""FMOD0051"", ""FMOD0023"", ""FMOD0119"", ""FMOD0055"", ""FMOD0110"", ""FMOD0036""]","[""FMOD0005"", ""FMOD0079"", ""FMOD0102"", ""FMOD0120"", ""FMOD0051"", ""FMOD0023"", ""FMOD0119"", ""FMOD0055"", ""FMOD0110"", ""FMOD0036""]"
BALANCED,Q6K00332,58,10,3,1.0,True,1.0,True,0.433611,"[""FMOD0044"", ""FMOD0035"", ""FMOD0069"", ""FMOD0086"", ""FMOD0120"", ""FMOD0119"", ""FMOD0050"", ""FMOD0036"", ""FMOD0102"", ""FMOD0023""]","[""FMOD0044"", ""FMOD0035"", ""FMOD0069"", ""FMOD0086"", ""FMOD0120"", ""FMOD0119"", ""FMOD0050"", ""FMOD0036"", ""FMOD0102"", ""FMOD0023""]"
BALANCED,Q6K00333,57,10,3,1.0,True,1.0,True,0.441451,"[""FMOD0069"", ""FMOD0044"", ""FMOD0011"", ""FMOD0119"", ""FMOD0083"", ""FMOD0025"", ""FMOD0079"", ""FMOD0110"", ""FMOD0035"", ""FMOD0120""]","[""FMOD0069"", ""FMOD0044"", ""FMOD0011"", ""FMOD0119"", ""FMOD0083"", ""FMOD0025"", ""FMOD0079"", ""FMOD0110"", ""FMOD0035"", ""FMOD0120""]"
BALANCED,Q6K00334,51,10,3,1.0,True,1.0,True,0.671463,"[""FMOD0061"", ""FMOD0083"", ""FMOD0119"", ""FMOD0069"", ""FMOD0035"", ""FMOD0023"", ""FMOD0014"", ""FMOD0060"", ""FMOD0102"", ""FMOD0120""]","[""FMOD0061"", ""FMOD0083"", ""FMOD0119"", ""FMOD0069"", ""FMOD0035"", ""FMOD0023"", ""FMOD0014"", ""FMOD0060"", ""FMOD0102"", ""FMOD0120""]"
BALANCED,Q6K00335,48,10,3,1.0,True,1.0,True,0.519425,"[""FMOD0087"", ""FMOD0069"", ""FMOD0051"", ""FMOD0033"", ""FMOD0036"", ""FMOD0102"", ""FMOD0120"", ""FMOD0005"", ""FMOD0119"", ""FMOD0075""]","[""FMOD0087"", ""FMOD0069"", ""FMOD0051"", ""FMOD0033"", ""FMOD0036"", ""FMOD0102"", ""FMOD0120"", ""FMOD0005"", ""FMOD0119"", ""FMOD0075""]"
BALANCED,Q6K00336,48,10,3,0.6666666666666666,False,1.0,True,0.451777,"[""FMOD0014"", ""FMOD0023"", ""FMOD0079"", ""FMOD0035"", ""FMOD0120"", ""FMOD0119"", ""FMOD0102"", ""FMOD0087"", ""FMOD0069"", ""FMOD0074""]","[""FMOD0014"", ""FMOD0023"", ""FMOD0079"", ""FMOD0035"", ""FMOD0120"", ""FMOD0119"", ""FMOD0102"", ""FMOD0087"", ""FMOD0069"", ""FMOD0074""]"
BALANCED,Q6K00337,56,10,3,1.0,True,1.0,True,0.435793,"[""FMOD0066"", ""FMOD0077"", ""FMOD0086"", ""FMOD0069"", ""FMOD0110"", ""FMOD0005"", ""FMOD0120"", ""FMOD0119"", ""FMOD0023"", ""FMOD0035""]","[""FMOD0066"", ""FMOD0077"", ""FMOD0086"", ""FMOD0069"", ""FMOD0110"", ""FMOD0005"", ""FMOD0120"", ""FMOD0119"", ""FMOD0023"", ""FMOD0035""]"
BALANCED,Q6K00338,56,10,3,1.0,True,1.0,True,0.423097,"[""FMOD0074"", ""FMOD0067"", ""FMOD0003"", ""FMOD0119"", ""FMOD0035"", ""FMOD0004"", ""FMOD0102"", ""FMOD0110"", ""FMOD0023"", ""FMOD0024""]","[""FMOD0074"", ""FMOD0067"", ""FMOD0003"", ""FMOD0119"", ""FMOD0035"", ""FMOD0004"", ""FMOD0102"", ""FMOD0110"", ""FMOD0023"", ""FMOD0024""]"
BALANCED,Q6K00339,51,10,3,1.0,True,1.0,True,0.417093,"[""FMOD0014"", ""FMOD0087"", ""FMOD0069"", ""FMOD0033"", ""FMOD0036"", ""FMOD0005"", ""FMOD0102"", ""FMOD0119"", ""FMOD0120"", ""FMOD0075""]","[""FMOD0014"", ""FMOD0087"", ""FMOD0069"", ""FMOD0033"", ""FMOD0036"", ""FMOD0005"", ""FMOD0102"", ""FMOD0119"", ""FMOD0120"", ""FMOD0075""]"
BALANCED,Q6K00340,55,10,3,1.0,True,1.0,True,0.446098,"[""FMOD0025"", ""FMOD0011"", ""FMOD0089"", ""FMOD0023"", ""FMOD0069"", ""FMOD0035"", ""FMOD0119"", ""FMOD0079"", ""FMOD0120"", ""FMOD0102""]","[""FMOD0025"", ""FMOD0011"", ""FMOD0089"", ""FMOD0023"", ""FMOD0069"", ""FMOD0035"", ""FMOD0119"", ""FMOD0079"", ""FMOD0120"", ""FMOD0102""]"
BALANCED,Q6K00341,52,10,3,1.0,True,1.0,True,0.425059,"[""FMOD0055"", ""FMOD0066"", ""FMOD0022"", ""FMOD0102"", ""FMOD0036"", ""FMOD0120"", ""FMOD0069"", ""FMOD0119"", ""FMOD0079"", ""FMOD0096""]","[""FMOD0055"", ""FMOD0066"", ""FMOD0022"", ""FMOD0102"", ""FMOD0036"", ""FMOD0120"", ""FMOD0069"", ""FMOD0119"", ""FMOD0079"", ""FMOD0096""]"
BALANCED,Q6K00342,54,10,3,0.6666666666666666,False,1.0,True,0.467957,"[""FMOD0087"", ""FMOD0053"", ""FMOD0023"", ""FMOD0040"", ""FMOD0069"", ""FMOD0025"", ""FMOD0096"", ""FMOD0119"", ""FMOD0083"", ""FMOD0102""]","[""FMOD0087"", ""FMOD0053"", ""FMOD0023"", ""FMOD0040"", ""FMOD0069"", ""FMOD0025"", ""FMOD0096"", ""FMOD0119"", ""FMOD0083"", ""FMOD0102""]"
BALANCED,Q6K00343,59,10,3,1.0,True,1.0,True,0.435779,"[""FMOD0087"", ""FMOD0016"", ""FMOD0055"", ""FMOD0023"", ""FMOD0102"", ""FMOD0035"", ""FMOD0119"", ""FMOD0079"", ""FMOD0005"", ""FMOD0036""]","[""FMOD0087"", ""FMOD0016"", ""FMOD0055"", ""FMOD0023"", ""FMOD0102"", ""FMOD0035"", ""FMOD0119"", ""FMOD0079"", ""FMOD0005"", ""FMOD0036""]"
BALANCED,Q6K00344,55,10,3,1.0,True,1.0,True,0.465448,"[""FMOD0023"", ""FMOD0025"", ""FMOD0043"", ""FMOD0069"", ""FMOD0055"", ""FMOD0035"", ""FMOD0040"", ""FMOD0119"", ""FMOD0120"", ""FMOD0036""]","[""FMOD0023"", ""FMOD0025"", ""FMOD0043"", ""FMOD0069"", ""FMOD0055"", ""FMOD0035"", ""FMOD0040"", ""FMOD0119"", ""FMOD0120"", ""FMOD0036""]"
BALANCED,Q6K00345,56,10,3,1.0,True,1.0,True,0.421809,"[""FMOD0099"", ""FMOD0086"", ""FMOD0001"", ""FMOD0120"", ""FMOD0005"", ""FMOD0023"", ""FMOD0091"", ""FMOD0102"", ""FMOD0036"", ""FMOD0079""]","[""FMOD0099"", ""FMOD0086"", ""FMOD0001"", ""FMOD0120"", ""FMOD0005"", ""FMOD0023"", ""FMOD0091"", ""FMOD0102"", ""FMOD0036"", ""FMOD0079""]"
BALANCED,Q6K00346,54,10,3,1.0,True,1.0,True,0.4102,"[""FMOD0035"", ""FMOD0005"", ""FMOD0023"", ""FMOD0079"", ""FMOD0014"", ""FMOD0120"", ""FMOD0119"", ""FMOD0036"", ""FMOD0102"", ""FMOD0055""]","[""FMOD0035"", ""FMOD0005"", ""FMOD0023"", ""FMOD0079"", ""FMOD0014"", ""FMOD0120"", ""FMOD0119"", ""FMOD0036"", ""FMOD0102"", ""FMOD0055""]"
BALANCED,Q6K00347,52,10,3,1.0,True,1.0,True,0.525458,"[""FMOD0035"", ""FMOD0053"", ""FMOD0023"", ""FMOD0051"", ""FMOD0119"", ""FMOD0102"", ""FMOD0069"", ""FMOD0120"", ""FMOD0079"", ""FMOD0014""]","[""FMOD0035"", ""FMOD0053"", ""FMOD0023"", ""FMOD0051"", ""FMOD0119"", ""FMOD0102"", ""FMOD0069"", ""FMOD0120"", ""FMOD0079"", ""FMOD0014""]"
BALANCED,Q6K00348,54,10,3,0.6666666666666666,False,1.0,True,0.438159,"[""FMOD0023"", ""FMOD0025"", ""FMOD0069"", ""FMOD0119"", ""FMOD0035"", ""FMOD0079"", ""FMOD0102"", ""FMOD0120"", ""FMOD0110"", ""FMOD0077""]","[""FMOD0023"", ""FMOD0025"", ""FMOD0069"", ""FMOD0119"", ""FMOD0035"", ""FMOD0079"", ""FMOD0102"", ""FMOD0120"", ""FMOD0110"", ""FMOD0077""]"
BALANCED,Q6K00349,55,10,3,1.0,True,1.0,True,0.449123,"[""FMOD0023"", ""FMOD0016"", ""FMOD0060"", ""FMOD0119"", ""FMOD0102"", ""FMOD0036"", ""FMOD0069"", ""FMOD0120"", ""FMOD0110"", ""FMOD0077""]","[""FMOD0023"", ""FMOD0016"", ""FMOD0060"", ""FMOD0119"", ""FMOD0102"", ""FMOD0036"", ""FMOD0069"", ""FMOD0120"", ""FMOD0110"", ""FMOD0077""]"
BALANCED,Q6K00350,58,10,3,1.0,True,1.0,True,0.45625,"[""FMOD0022"", ""FMOD0053"", ""FMOD0083"", ""FMOD0023"", ""FMOD0113"", ""FMOD0102"", ""FMOD0035"", ""FMOD0091"", ""FMOD0069"", ""FMOD0040""]","[""FMOD0022"", ""FMOD0053"", ""FMOD0083"", ""FMOD0023"", ""FMOD0113"", ""FMOD0102"", ""FMOD0035"", ""FMOD0091"", ""FMOD0069"", ""FMOD0040""]"
BALANCED,Q6K00351,56,10,3,1.0,True,1.0,True,0.579596,"[""FMOD0005"", ""FMOD0099"", ""FMOD0022"", ""FMOD0055"", ""FMOD0119"", ""FMOD0079"", ""FMOD0023"", ""FMOD0036"", ""FMOD0077"", ""FMOD0035""]","[""FMOD0005"", ""FMOD0099"", ""FMOD0022"", ""FMOD0055"", ""FMOD0119"", ""FMOD0079"", ""FMOD0023"", ""FMOD0036"", ""FMOD0077"", ""FMOD0035""]"
BALANCED,Q6K00352,56,10,3,1.0,True,1.0,True,0.507098,"[""FMOD0044"", ""FMOD0066"", ""FMOD0023"", ""FMOD0091"", ""FMOD0069"", ""FMOD0035"", ""FMOD0120"", ""FMOD0102"", ""FMOD0086"", ""FMOD0119""]","[""FMOD0044"", ""FMOD0066"", ""FMOD0023"", ""FMOD0091"", ""FMOD0069"", ""FMOD0035"", ""FMOD0120"", ""FMOD0102"", ""FMOD0086"", ""FMOD0119""]"
BALANCED,Q6K00353,50,10,3,1.0,True,1.0,True,0.436688,"[""FMOD0035"", ""FMOD0086"", ""FMOD0061"", ""FMOD0023"", ""FMOD0120"", ""FMOD0102"", ""FMOD0036"", ""FMOD0055"", ""FMOD0119"", ""FMOD0110""]","[""FMOD0035"", ""FMOD0086"", ""FMOD0061"", ""FMOD0023"", ""FMOD0120"", ""FMOD0102"", ""FMOD0036"", ""FMOD0055"", ""FMOD0119"", ""FMOD0110""]"
BALANCED,Q6K00354,51,10,3,1.0,True,1.0,True,0.430884,"[""FMOD0099"", ""FMOD0055"", ""FMOD0079"", ""FMOD0119"", ""FMOD0120"", ""FMOD0005"", ""FMOD0069"", ""FMOD0102"", ""FMOD0023"", ""FMOD0091""]","[""FMOD0099"", ""FMOD0055"", ""FMOD0079"", ""FMOD0119"", ""FMOD0120"", ""FMOD0005"", ""FMOD0069"", ""FMOD0102"", ""FMOD0023"", ""FMOD0091""]"
BALANCED,Q6K00355,52,10,3,0.6666666666666666,False,1.0,True,0.412888,"[""FMOD0043"", ""FMOD0023"", ""FMOD0035"", ""FMOD0077"", ""FMOD0016"", ""FMOD0102"", ""FMOD0119"", ""FMOD0069"", ""FMOD0120"", ""FMOD0110""]","[""FMOD0043"", ""FMOD0023"", ""FMOD0035"", ""FMOD0077"", ""FMOD0016"", ""FMOD0102"", ""FMOD0119"", ""FMOD0069"", ""FMOD0120"", ""FMOD0110""]"
BALANCED,Q6K00356,52,10,3,1.0,True,1.0,True,0.410697,"[""FMOD0061"", ""FMOD0004"", ""FMOD0067"", ""FMOD0051"", ""FMOD0113"", ""FMOD0036"", ""FMOD0119"", ""FMOD0005"", ""FMOD0035"", ""FMOD0079""]","[""FMOD0061"", ""FMOD0004"", ""FMOD0067"", ""FMOD0051"", ""FMOD0113"", ""FMOD0036"", ""FMOD0119"", ""FMOD0005"", ""FMOD0035"", ""FMOD0079""]"
BALANCED,Q6K00357,54,10,3,1.0,True,1.0,True,0.440562,"[""FMOD0099"", ""FMOD0014"", ""FMOD0003"", ""FMOD0120"", ""FMOD0069"", ""FMOD0035"", ""FMOD0005"", ""FMOD0023"", ""FMOD0033"", ""FMOD0110""]","[""FMOD0099"", ""FMOD0014"", ""FMOD0003"", ""FMOD0120"", ""FMOD0069"", ""FMOD0035"", ""FMOD0005"", ""FMOD0023"", ""FMOD0033"", ""FMOD0110""]"
BALANCED,Q6K00358,50,10,3,1.0,True,1.0,True,0.426249,"[""FMOD0060"", ""FMOD0055"", ""FMOD0036"", ""FMOD0023"", ""FMOD0077"", ""FMOD0075"", ""FMOD0035"", ""FMOD0033"", ""FMOD0053"", ""FMOD0083""]","[""FMOD0060"", ""FMOD0055"", ""FMOD0036"", ""FMOD0023"", ""FMOD0077"", ""FMOD0075"", ""FMOD0035"", ""FMOD0033"", ""FMOD0053"", ""FMOD0083""]"
BALANCED,Q6K00359,57,10,3,1.0,True,1.0,True,0.410499,"[""FMOD0086"", ""FMOD0087"", ""FMOD0044"", ""FMOD0102"", ""FMOD0079"", ""FMOD0036"", ""FMOD0051"", ""FMOD0069"", ""FMOD0055"", ""FMOD0119""]","[""FMOD0086"", ""FMOD0087"", ""FMOD0044"", ""FMOD0102"", ""FMOD0079"", ""FMOD0036"", ""FMOD0051"", ""FMOD0069"", ""FMOD0055"", ""FMOD0119""]"
BALANCED,Q6K00360,54,10,3,1.0,True,1.0,True,0.472273,"[""FMOD0066"", ""FMOD0060"", ""FMOD0043"", ""FMOD0035"", ""FMOD0055"", ""FMOD0023"", ""FMOD0119"", ""FMOD0036"", ""FMOD0040"", ""FMOD0120""]","[""FMOD0066"", ""FMOD0060"", ""FMOD0043"", ""FMOD0035"", ""FMOD0055"", ""FMOD0023"", ""FMOD0119"", ""FMOD0036"", ""FMOD0040"", ""FMOD0120""]"
BALANCED,Q6K00361,52,10,1,1.0,True,1.0,True,0.460576,"[""FMOD0044"", ""FMOD0119"", ""FMOD0035"", ""FMOD0120"", ""FMOD0023"", ""FMOD0102"", ""FMOD0036"", ""FMOD0110"", ""FMOD0069"", ""FMOD0077""]","[""FMOD0044"", ""FMOD0119"", ""FMOD0035"", ""FMOD0120"", ""FMOD0023"", ""FMOD0102"", ""FMOD0036"", ""FMOD0110"", ""FMOD0069"", ""FMOD0077""]"
BALANCED,Q6K00362,45,10,1,1.0,True,1.0,True,0.469854,"[""FMOD0055"", ""FMOD0119"", ""FMOD0077"", ""FMOD0035"", ""FMOD0120"", ""FMOD0102"", ""FMOD0023"", ""FMOD0036"", ""FMOD0033"", ""FMOD0110""]","[""FMOD0055"", ""FMOD0119"", ""FMOD0077"", ""FMOD0035"", ""FMOD0120"", ""FMOD0102"", ""FMOD0023"", ""FMOD0036"", ""FMOD0033"", ""FMOD0110""]"
BALANCED,Q6K00363,55,10,1,1.0,True,1.0,True,0.438666,"[""FMOD0066"", ""FMOD0102"", ""FMOD0119"", ""FMOD0069"", ""FMOD0120"", ""FMOD0035"", ""FMOD0023"", ""FMOD0036"", ""FMOD0079"", ""FMOD0005""]","[""FMOD0066"", ""FMOD0102"", ""FMOD0119"", ""FMOD0069"", ""FMOD0120"", ""FMOD0035"", ""FMOD0023"", ""FMOD0036"", ""FMOD0079"", ""FMOD0005""]"
BALANCED,Q6K00364,51,10,1,1.0,True,1.0,True,0.420783,"[""FMOD0077"", ""FMOD0086"", ""FMOD0069"", ""FMOD0035"", ""FMOD0120"", ""FMOD0025"", ""FMOD0005"", ""FMOD0119"", ""FMOD0036"", ""FMOD0113""]","[""FMOD0077"", ""FMOD0086"", ""FMOD0069"", ""FMOD0035"", ""FMOD0120"", ""FMOD0025"", ""FMOD0005"", ""FMOD0119"", ""FMOD0036"", ""FMOD0113""]"
BALANCED,Q6K00365,51,10,1,1.0,True,1.0,True,0.400226,"[""FMOD0087"", ""FMOD0035"", ""FMOD0023"", ""FMOD0119"", ""FMOD0016"", ""FMOD0055"", ""FMOD0036"", ""FMOD0102"", ""FMOD0079"", ""FMOD0077""]","[""FMOD0087"", ""FMOD0035"", ""FMOD0023"", ""FMOD0119"", ""FMOD0016"", ""FMOD0055"", ""FMOD0036"", ""FMOD0102"", ""FMOD0079"", ""FMOD0077""]"
BALANCED,Q6K00366,45,10,1,1.0,True,1.0,True,0.575063,"[""FMOD0040"", ""FMOD0035"", ""FMOD0055"", ""FMOD0023"", ""FMOD0079"", ""FMOD0120"", ""FMOD0119"", ""FMOD0016"", ""FMOD0102"", ""FMOD0005""]","[""FMOD0040"", ""FMOD0035"", ""FMOD0055"", ""FMOD0023"", ""FMOD0079"", ""FMOD0120"", ""FMOD0119"", ""FMOD0016"", ""FMOD0102"", ""FMOD0005""]"
BALANCED,Q6K00367,51,10,1,1.0,True,1.0,True,0.804759,"[""FMOD0102"", ""FMOD0079"", ""FMOD0035"", ""FMOD0023"", ""FMOD0120"", ""FMOD0055"", ""FMOD0119"", ""FMOD0036"", ""FMOD0089"", ""FMOD0069""]","[""FMOD0102"", ""FMOD0079"", ""FMOD0035"", ""FMOD0023"", ""FMOD0120"", ""FMOD0055"", ""FMOD0119"", ""FMOD0036"", ""FMOD0089"", ""FMOD0069""]"
BALANCED,Q6K00368,54,10,1,1.0,True,1.0,True,0.455395,"[""FMOD0036"", ""FMOD0069"", ""FMOD0005"", ""FMOD0023"", ""FMOD0035"", ""FMOD0119"", ""FMOD0067"", ""FMOD0120"", ""FMOD0025"", ""FMOD0102""]","[""FMOD0036"", ""FMOD0069"", ""FMOD0005"", ""FMOD0023"", ""FMOD0035"", ""FMOD0119"", ""FMOD0067"", ""FMOD0120"", ""FMOD0025"", ""FMOD0102""]"
BALANCED,Q6K00369,54,10,1,1.0,True,1.0,True,0.51179,"[""FMOD0004"", ""FMOD0023"", ""FMOD0086"", ""FMOD0016"", ""FMOD0035"", ""FMOD0033"", ""FMOD0014"", ""FMOD0102"", ""FMOD0119"", ""FMOD0120""]","[""FMOD0004"", ""FMOD0023"", ""FMOD0086"", ""FMOD0016"", ""FMOD0035"", ""FMOD0033"", ""FMOD0014"", ""FMOD0102"", ""FMOD0119"", ""FMOD0120""]"
BALANCED,Q6K00370,53,10,1,1.0,True,1.0,True,0.448393,"[""FMOD0005"", ""FMOD0023"", ""FMOD0119"", ""FMOD0120"", ""FMOD0035"", ""FMOD0036"", ""FMOD0102"", ""FMOD0079"", ""FMOD0069"", ""FMOD0055""]","[""FMOD0005"", ""FMOD0023"", ""FMOD0119"", ""FMOD0120"", ""FMOD0035"", ""FMOD0036"", ""FMOD0102"", ""FMOD0079"", ""FMOD0069"", ""FMOD0055""]"
BALANCED,Q6K00371,48,10,1,1.0,True,1.0,True,0.441606,"[""FMOD0087"", ""FMOD0023"", ""FMOD0016"", ""FMOD0035"", ""FMOD0079"", ""FMOD0119"", ""FMOD0036"", ""FMOD0055"", ""FMOD0120"", ""FMOD0051""]","[""FMOD0087"", ""FMOD0023"", ""FMOD0016"", ""FMOD0035"", ""FMOD0079"", ""FMOD0119"", ""FMOD0036"", ""FMOD0055"", ""FMOD0120"", ""FMOD0051""]"
BALANCED,Q6K00372,52,10,1,1.0,True,1.0,True,0.425074,"[""FMOD0023"", ""FMOD0035"", ""FMOD0016"", ""FMOD0051"", ""FMOD0119"", ""FMOD0102"", ""FMOD0069"", ""FMOD0120"", ""FMOD0055"", ""FMOD0036""]","[""FMOD0023"", ""FMOD0035"", ""FMOD0016"", ""FMOD0051"", ""FMOD0119"", ""FMOD0102"", ""FMOD0069"", ""FMOD0120"", ""FMOD0055"", ""FMOD0036""]"
BALANCED,Q6K00373,58,10,1,1.0,True,1.0,True,0.43508,"[""FMOD0069"", ""FMOD0119"", ""FMOD0083"", ""FMOD0025"", ""FMOD0110"", ""FMOD0079"", ""FMOD0120"", ""FMOD0035"", ""FMOD0003"", ""FMOD0102""]","[""FMOD0069"", ""FMOD0119"", ""FMOD0083"", ""FMOD0025"", ""FMOD0110"", ""FMOD0079"", ""FMOD0120"", ""FMOD0035"", ""FMOD0003"", ""FMOD0102""]"
BALANCED,Q6K00374,51,10,1,1.0,True,1.0,True,0.416634,"[""FMOD0051"", ""FMOD0025"", ""FMOD0087"", ""FMOD0023"", ""FMOD0119"", ""FMOD0035"", ""FMOD0055"", ""FMOD0069"", ""FMOD0091"", ""FMOD0040""]","[""FMOD0051"", ""FMOD0025"", ""FMOD0087"", ""FMOD0023"", ""FMOD0119"", ""FMOD0035"", ""FMOD0055"", ""FMOD0069"", ""FMOD0091"", ""FMOD0040""]"
BALANCED,Q6K00375,53,10,1,1.0,True,1.0,True,0.424375,"[""FMOD0099"", ""FMOD0023"", ""FMOD0069"", ""FMOD0025"", ""FMOD0055"", ""FMOD0083"", ""FMOD0119"", ""FMOD0035"", ""FMOD0102"", ""FMOD0120""]","[""FMOD0099"", ""FMOD0023"", ""FMOD0069"", ""FMOD0025"", ""FMOD0055"", ""FMOD0083"", ""FMOD0119"", ""FMOD0035"", ""FMOD0102"", ""FMOD0120""]"
BALANCED,Q6K00376,58,10,1,1.0,True,1.0,True,0.428393,"[""FMOD0005"", ""FMOD0096"", ""FMOD0083"", ""FMOD0023"", ""FMOD0035"", ""FMOD0119"", ""FMOD0036"", ""FMOD0077"", ""FMOD0110"", ""FMOD0102""]","[""FMOD0005"", ""FMOD0096"", ""FMOD0083"", ""FMOD0023"", ""FMOD0035"", ""FMOD0119"", ""FMOD0036"", ""FMOD0077"", ""FMOD0110"", ""FMOD0102""]"
BALANCED,Q6K00377,55,10,1,1.0,True,1.0,True,0.418904,"[""FMOD0022"", ""FMOD0023"", ""FMOD0069"", ""FMOD0055"", ""FMOD0025"", ""FMOD0100"", ""FMOD0119"", ""FMOD0035"", ""FMOD0036"", ""FMOD0102""]","[""FMOD0022"", ""FMOD0023"", ""FMOD0069"", ""FMOD0055"", ""FMOD0025"", ""FMOD0100"", ""FMOD0119"", ""FMOD0035"", ""FMOD0036"", ""FMOD0102""]"
BALANCED,Q6K00378,56,10,1,1.0,True,1.0,True,0.52988,"[""FMOD0023"", ""FMOD0055"", ""FMOD0083"", ""FMOD0025"", ""FMOD0079"", ""FMOD0119"", ""FMOD0102"", ""FMOD0120"", ""FMOD0005"", ""FMOD0024""]","[""FMOD0023"", ""FMOD0055"", ""FMOD0083"", ""FMOD0025"", ""FMOD0079"", ""FMOD0119"", ""FMOD0102"", ""FMOD0120"", ""FMOD0005"", ""FMOD0024""]"
BALANCED,Q6K00379,57,10,1,1.0,True,1.0,True,0.447291,"[""FMOD0089"", ""FMOD0023"", ""FMOD0055"", ""FMOD0069"", ""FMOD0025"", ""FMOD0100"", ""FMOD0035"", ""FMOD0119"", ""FMOD0036"", ""FMOD0079""]","[""FMOD0089"", ""FMOD0023"", ""FMOD0055"", ""FMOD0069"", ""FMOD0025"", ""FMOD0100"", ""FMOD0035"", ""FMOD0119"", ""FMOD0036"", ""FMOD0079""]"
BALANCED,Q6K00380,54,10,1,1.0,True,1.0,True,0.433363,"[""FMOD0023"", ""FMOD0035"", ""FMOD0119"", ""FMOD0102"", ""FMOD0110"", ""FMOD0036"", ""FMOD0120"", ""FMOD0077"", ""FMOD0005"", ""FMOD0075""]","[""FMOD0023"", ""FMOD0035"", ""FMOD0119"", ""FMOD0102"", ""FMOD0110"", ""FMOD0036"", ""FMOD0120"", ""FMOD0077"", ""FMOD0005"", ""FMOD0075""]"
BALANCED,Q6K00381,49,10,1,1.0,True,1.0,True,0.416104,"[""FMOD0077"", ""FMOD0035"", ""FMOD0023"", ""FMOD0079"", ""FMOD0119"", ""FMOD0102"", ""FMOD0120"", ""FMOD0055"", ""FMOD0036"", ""FMOD0083""]","[""FMOD0077"", ""FMOD0035"", ""FMOD0023"", ""FMOD0079"", ""FMOD0119"", ""FMOD0102"", ""FMOD0120"", ""FMOD0055"", ""FMOD0036"", ""FMOD0083""]"
BALANCED,Q6K00382,53,10,1,1.0,True,1.0,True,0.455134,"[""FMOD0022"", ""FMOD0120"", ""FMOD0023"", ""FMOD0102"", ""FMOD0035"", ""FMOD0079"", ""FMOD0110"", ""FMOD0119"", ""FMOD0005"", ""FMOD0069""]","[""FMOD0022"", ""FMOD0120"", ""FMOD0023"", ""FMOD0102"", ""FMOD0035"", ""FMOD0079"", ""FMOD0110"", ""FMOD0119"", ""FMOD0005"", ""FMOD0069""]"
BALANCED,Q6K00383,54,10,1,1.0,True,1.0,True,0.412753,"[""FMOD0060"", ""FMOD0023"", ""FMOD0035"", ""FMOD0119"", ""FMOD0113"", ""FMOD0120"", ""FMOD0036"", ""FMOD0069"", ""FMOD0079"", ""FMOD0077""]","[""FMOD0060"", ""FMOD0023"", ""FMOD0035"", ""FMOD0119"", ""FMOD0113"", ""FMOD0120"", ""FMOD0036"", ""FMOD0069"", ""FMOD0079"", ""FMOD0077""]"
BALANCED,Q6K00384,52,10,1,1.0,True,1.0,True,0.439111,"[""FMOD0083"", ""FMOD0069"", ""FMOD0086"", ""FMOD0035"", ""FMOD0120"", ""FMOD0119"", ""FMOD0005"", ""FMOD0055"", ""FMOD0036"", ""FMOD0079""]","[""FMOD0083"", ""FMOD0069"", ""FMOD0086"", ""FMOD0035"", ""FMOD0120"", ""FMOD0119"", ""FMOD0005"", ""FMOD0055"", ""FMOD0036"", ""FMOD0079""]"
BALANCED,Q6K00385,53,10,1,1.0,True,1.0,True,0.442023,"[""FMOD0061"", ""FMOD0035"", ""FMOD0079"", ""FMOD0069"", ""FMOD0102"", ""FMOD0043"", ""FMOD0023"", ""FMOD0055"", ""FMOD0120"", ""FMOD0086""]","[""FMOD0061"", ""FMOD0035"", ""FMOD0079"", ""FMOD0069"", ""FMOD0102"", ""FMOD0043"", ""FMOD0023"", ""FMOD0055"", ""FMOD0120"", ""FMOD0086""]"
BALANCED,Q6K00386,52,10,1,1.0,True,1.0,True,0.486434,"[""FMOD0066"", ""FMOD0035"", ""FMOD0079"", ""FMOD0022"", ""FMOD0102"", ""FMOD0120"", ""FMOD0023"", ""FMOD0119"", ""FMOD0036"", ""FMOD0055""]","[""FMOD0066"", ""FMOD0035"", ""FMOD0079"", ""FMOD0022"", ""FMOD0102"", ""FMOD0120"", ""FMOD0023"", ""FMOD0119"", ""FMOD0036"", ""FMOD0055""]"
BALANCED,Q6K00387,55,10,1,1.0,True,1.0,True,0.506823,"[""FMOD0043"", ""FMOD0023"", ""FMOD0102"", ""FMOD0069"", ""FMOD0035"", ""FMOD0096"", ""FMOD0119"", ""FMOD0120"", ""FMOD0024"", ""FMOD0079""]","[""FMOD0043"", ""FMOD0023"", ""FMOD0102"", ""FMOD0069"", ""FMOD0035"", ""FMOD0096"", ""FMOD0119"", ""FMOD0120"", ""FMOD0024"", ""FMOD0079""]"
BALANCED,Q6K00388,53,10,1,1.0,True,1.0,True,0.421866,"[""FMOD0055"", ""FMOD0074"", ""FMOD0083"", ""FMOD0025"", ""FMOD0119"", ""FMOD0079"", ""FMOD0102"", ""FMOD0005"", ""FMOD0120"", ""FMOD0077""]","[""FMOD0055"", ""FMOD0074"", ""FMOD0083"", ""FMOD0025"", ""FMOD0119"", ""FMOD0079"", ""FMOD0102"", ""FMOD0005"", ""FMOD0120"", ""FMOD0077""]"
BALANCED,Q6K00389,51,10,1,1.0,True,1.0,True,0.427173,"[""FMOD0055"", ""FMOD0023"", ""FMOD0035"", ""FMOD0079"", ""FMOD0119"", ""FMOD0102"", ""FMOD0120"", ""FMOD0069"", ""FMOD0067"", ""FMOD0087""]","[""FMOD0055"", ""FMOD0023"", ""FMOD0035"", ""FMOD0079"", ""FMOD0119"", ""FMOD0102"", ""FMOD0120"", ""FMOD0069"", ""FMOD0067"", ""FMOD0087""]"
BALANCED,Q6K00390,55,10,1,1.0,True,1.0,True,0.422907,"[""FMOD0023"", ""FMOD0102"", ""FMOD0119"", ""FMOD0120"", ""FMOD0069"", ""FMOD0035"", ""FMOD0079"", ""FMOD0022"", ""FMOD0110"", ""FMOD0073""]","[""FMOD0023"", ""FMOD0102"", ""FMOD0119"", ""FMOD0120"", ""FMOD0069"", ""FMOD0035"", ""FMOD0079"", ""FMOD0022"", ""FMOD0110"", ""FMOD0073""]"
BALANCED,Q6K00391,52,10,1,1.0,True,1.0,True,0.442947,"[""FMOD0089"", ""FMOD0110"", ""FMOD0035"", ""FMOD0119"", ""FMOD0102"", ""FMOD0023"", ""FMOD0079"", ""FMOD0069"", ""FMOD0036"", ""FMOD0120""]","[""FMOD0089"", ""FMOD0110"", ""FMOD0035"", ""FMOD0119"", ""FMOD0102"", ""FMOD0023"", ""FMOD0079"", ""FMOD0069"", ""FMOD0036"", ""FMOD0120""]"
BALANCED,Q6K00392,56,10,1,1.0,True,1.0,True,0.441413,"[""FMOD0079"", ""FMOD0120"", ""FMOD0069"", ""FMOD0023"", ""FMOD0102"", ""FMOD0119"", ""FMOD0005"", ""FMOD0036"", ""FMOD0104"", ""FMOD0067""]","[""FMOD0079"", ""FMOD0120"", ""FMOD0069"", ""FMOD0023"", ""FMOD0102"", ""FMOD0119"", ""FMOD0005"", ""FMOD0036"", ""FMOD0104"", ""FMOD0067""]"
BALANCED,Q6K00393,56,10,1,1.0,True,1.0,True,0.431038,"[""FMOD0023"", ""FMOD0102"", ""FMOD0119"", ""FMOD0120"", ""FMOD0036"", ""FMOD0035"", ""FMOD0053"", ""FMOD0113"", ""FMOD0024"", ""FMOD0110""]","[""FMOD0023"", ""FMOD0102"", ""FMOD0119"", ""FMOD0120"", ""FMOD0036"", ""FMOD0035"", ""FMOD0053"", ""FMOD0113"", ""FMOD0024"", ""FMOD0110""]"
BALANCED,Q6K00394,56,10,1,1.0,True,1.0,True,0.403691,"[""FMOD0102"", ""FMOD0079"", ""FMOD0119"", ""FMOD0036"", ""FMOD0035"", ""FMOD0120"", ""FMOD0023"", ""FMOD0096"", ""FMOD0110"", ""FMOD0055""]","[""FMOD0102"", ""FMOD0079"", ""FMOD0119"", ""FMOD0036"", ""FMOD0035"", ""FMOD0120"", ""FMOD0023"", ""FMOD0096"", ""FMOD0110"", ""FMOD0055""]"
BALANCED,Q6K00395,56,10,1,1.0,True,1.0,True,0.437348,"[""FMOD0053"", ""FMOD0069"", ""FMOD0035"", ""FMOD0023"", ""FMOD0119"", ""FMOD0036"", ""FMOD0004"", ""FMOD0067"", ""FMOD0083"", ""FMOD0025""]","[""FMOD0053"", ""FMOD0069"", ""FMOD0035"", ""FMOD0023"", ""FMOD0119"", ""FMOD0036"", ""FMOD0004"", ""FMOD0067"", ""FMOD0083"", ""FMOD0025""]"
BALANCED,Q6K00396,54,10,1,1.0,True,1.0,True,0.554765,"[""FMOD0066"", ""FMOD0035"", ""FMOD0023"", ""FMOD0051"", ""FMOD0119"", ""FMOD0102"", ""FMOD0036"", ""FMOD0055"", ""FMOD0120"", ""FMOD0077""]","[""FMOD0066"", ""FMOD0035"", ""FMOD0023"", ""FMOD0051"", ""FMOD0119"", ""FMOD0102"", ""FMOD0036"", ""FMOD0055"", ""FMOD0120"", ""FMOD0077""]"
BALANCED,Q6K00397,51,10,1,1.0,True,1.0,True,0.431709,"[""FMOD0079"", ""FMOD0120"", ""FMOD0023"", ""FMOD0102"", ""FMOD0110"", ""FMOD0119"", ""FMOD0005"", ""FMOD0035"", ""FMOD0055"", ""FMOD0069""]","[""FMOD0079"", ""FMOD0120"", ""FMOD0023"", ""FMOD0102"", ""FMOD0110"", ""FMOD0119"", ""FMOD0005"", ""FMOD0035"", ""FMOD0055"", ""FMOD0069""]"
BALANCED,Q6K00398,58,10,1,1.0,True,1.0,True,0.507719,"[""FMOD0069"", ""FMOD0119"", ""FMOD0083"", ""FMOD0025"", ""FMOD0079"", ""FMOD0110"", ""FMOD0120"", ""FMOD0035"", ""FMOD0102"", ""FMOD0043""]","[""FMOD0069"", ""FMOD0119"", ""FMOD0083"", ""FMOD0025"", ""FMOD0079"", ""FMOD0110"", ""FMOD0120"", ""FMOD0035"", ""FMOD0102"", ""FMOD0043""]"
BALANCED,Q6K00399,55,10,1,1.0,True,1.0,True,0.589122,"[""FMOD0089"", ""FMOD0055"", ""FMOD0102"", ""FMOD0120"", ""FMOD0110"", ""FMOD0024"", ""FMOD0025"", ""FMOD0023"", ""FMOD0044"", ""FMOD0086""]","[""FMOD0089"", ""FMOD0055"", ""FMOD0102"", ""FMOD0120"", ""FMOD0110"", ""FMOD0024"", ""FMOD0025"", ""FMOD0023"", ""FMOD0044"", ""FMOD0086""]"
BALANCED,Q6K00400,56,10,1,1.0,True,1.0,True,0.42876,"[""FMOD0023"", ""FMOD0025"", ""FMOD0035"", ""FMOD0069"", ""FMOD0055"", ""FMOD0100"", ""FMOD0036"", ""FMOD0031"", ""FMOD0120"", ""FMOD0102""]","[""FMOD0023"", ""FMOD0025"", ""FMOD0035"", ""FMOD0069"", ""FMOD0055"", ""FMOD0100"", ""FMOD0036"", ""FMOD0031"", ""FMOD0120"", ""FMOD0102""]"
BALANCED,Q6K00401,56,10,1,1.0,True,1.0,True,0.412003,"[""FMOD0066"", ""FMOD0023"", ""FMOD0091"", ""FMOD0051"", ""FMOD0043"", ""FMOD0040"", ""FMOD0022"", ""FMOD0100"", ""FMOD0119"", ""FMOD0079""]","[""FMOD0066"", ""FMOD0023"", ""FMOD0091"", ""FMOD0051"", ""FMOD0043"", ""FMOD0040"", ""FMOD0022"", ""FMOD0100"", ""FMOD0119"", ""FMOD0079""]"
BALANCED,Q6K00402,53,10,1,1.0,True,1.0,True,0.459455,"[""FMOD0044"", ""FMOD0091"", ""FMOD0023"", ""FMOD0035"", ""FMOD0119"", ""FMOD0069"", ""FMOD0120"", ""FMOD0077"", ""FMOD0036"", ""FMOD0102""]","[""FMOD0044"", ""FMOD0091"", ""FMOD0023"", ""FMOD0035"", ""FMOD0119"", ""FMOD0069"", ""FMOD0120"", ""FMOD0077"", ""FMOD0036"", ""FMOD0102""]"
BALANCED,Q6K00403,52,10,1,1.0,True,1.0,True,0.456055,"[""FMOD0035"", ""FMOD0033"", ""FMOD0119"", ""FMOD0120"", ""FMOD0024"", ""FMOD0080"", ""FMOD0102"", ""FMOD0105"", ""FMOD0005"", ""FMOD0091""]","[""FMOD0035"", ""FMOD0033"", ""FMOD0119"", ""FMOD0120"", ""FMOD0024"", ""FMOD0080"", ""FMOD0102"", ""FMOD0105"", ""FMOD0005"", ""FMOD0091""]"
BALANCED,Q6K00404,54,10,1,1.0,True,1.0,True,0.426889,"[""FMOD0040"", ""FMOD0120"", ""FMOD0055"", ""FMOD0102"", ""FMOD0035"", ""FMOD0069"", ""FMOD0023"", ""FMOD0110"", ""FMOD0119"", ""FMOD0036""]","[""FMOD0040"", ""FMOD0120"", ""FMOD0055"", ""FMOD0102"", ""FMOD0035"", ""FMOD0069"", ""FMOD0023"", ""FMOD0110"", ""FMOD0119"", ""FMOD0036""]"
BALANCED,Q6K00405,55,10,1,1.0,True,1.0,True,0.45939,"[""FMOD0016"", ""FMOD0102"", ""FMOD0031"", ""FMOD0023"", ""FMOD0035"", ""FMOD0033"", ""FMOD0079"", ""FMOD0022"", ""FMOD0051"", ""FMOD0014""]","[""FMOD0016"", ""FMOD0102"", ""FMOD0031"", ""FMOD0023"", ""FMOD0035"", ""FMOD0033"", ""FMOD0079"", ""FMOD0022"", ""FMOD0051"", ""FMOD0014""]"
BALANCED,Q6K00406,53,10,1,1.0,True,1.0,True,0.501431,"[""FMOD0036"", ""FMOD0086"", ""FMOD0025"", ""FMOD0023"", ""FMOD0102"", ""FMOD0119"", ""FMOD0067"", ""FMOD0044"", ""FMOD0005"", ""FMOD0014""]","[""FMOD0036"", ""FMOD0086"", ""FMOD0025"", ""FMOD0023"", ""FMOD0102"", ""FMOD0119"", ""FMOD0067"", ""FMOD0044"", ""FMOD0005"", ""FMOD0014""]"
BALANCED,Q6K00407,52,10,1,1.0,True,1.0,True,0.417978,"[""FMOD0005"", ""FMOD0120"", ""FMOD0069"", ""FMOD0102"", ""FMOD0119"", ""FMOD0079"", ""FMOD0023"", ""FMOD0104"", ""FMOD0033"", ""FMOD0110""]","[""FMOD0005"", ""FMOD0120"", ""FMOD0069"", ""FMOD0102"", ""FMOD0119"", ""FMOD0079"", ""FMOD0023"", ""FMOD0104"", ""FMOD0033"", ""FMOD0110""]"
BALANCED,Q6K00408,51,10,1,1.0,True,1.0,True,0.421864,"[""FMOD0022"", ""FMOD0023"", ""FMOD0035"", ""FMOD0102"", ""FMOD0120"", ""FMOD0077"", ""FMOD0069"", ""FMOD0079"", ""FMOD0119"", ""FMOD0053""]","[""FMOD0022"", ""FMOD0023"", ""FMOD0035"", ""FMOD0102"", ""FMOD0120"", ""FMOD0077"", ""FMOD0069"", ""FMOD0079"", ""FMOD0119"", ""FMOD0053""]"
BALANCED,Q6K00409,49,10,1,1.0,True,1.0,True,0.521801,"[""FMOD0043"", ""FMOD0023"", ""FMOD0035"", ""FMOD0079"", ""FMOD0022"", ""FMOD0119"", ""FMOD0036"", ""FMOD0055"", ""FMOD0087"", ""FMOD0089""]","[""FMOD0043"", ""FMOD0023"", ""FMOD0035"", ""FMOD0079"", ""FMOD0022"", ""FMOD0119"", ""FMOD0036"", ""FMOD0055"", ""FMOD0087"", ""FMOD0089""]"
BALANCED,Q6K00410,54,10,1,1.0,True,1.0,True,0.44387,"[""FMOD0005"", ""FMOD0023"", ""FMOD0035"", ""FMOD0055"", ""FMOD0089"", ""FMOD0024"", ""FMOD0113"", ""FMOD0120"", ""FMOD0110"", ""FMOD0079""]","[""FMOD0005"", ""FMOD0023"", ""FMOD0035"", ""FMOD0055"", ""FMOD0089"", ""FMOD0024"", ""FMOD0113"", ""FMOD0120"", ""FMOD0110"", ""FMOD0079""]"
BALANCED,Q6K00411,56,10,1,1.0,True,1.0,True,0.407239,"[""FMOD0025"", ""FMOD0069"", ""FMOD0023"", ""FMOD0119"", ""FMOD0079"", ""FMOD0120"", ""FMOD0102"", ""FMOD0110"", ""FMOD0055"", ""FMOD0035""]","[""FMOD0025"", ""FMOD0069"", ""FMOD0023"", ""FMOD0119"", ""FMOD0079"", ""FMOD0120"", ""FMOD0102"", ""FMOD0110"", ""FMOD0055"", ""FMOD0035""]"
BALANCED,Q6K00412,53,10,1,1.0,True,1.0,True,0.479186,"[""FMOD0055"", ""FMOD0023"", ""FMOD0119"", ""FMOD0069"", ""FMOD0040"", ""FMOD0035"", ""FMOD0120"", ""FMOD0083"", ""FMOD0102"", ""FMOD0110""]","[""FMOD0055"", ""FMOD0023"", ""FMOD0119"", ""FMOD0069"", ""FMOD0040"", ""FMOD0035"", ""FMOD0120"", ""FMOD0083"", ""FMOD0102"", ""FMOD0110""]"
BALANCED,Q6K00413,55,10,1,1.0,True,1.0,True,0.407519,"[""FMOD0060"", ""FMOD0023"", ""FMOD0035"", ""FMOD0120"", ""FMOD0102"", ""FMOD0079"", ""FMOD0069"", ""FMOD0110"", ""FMOD0119"", ""FMOD0036""]","[""FMOD0060"", ""FMOD0023"", ""FMOD0035"", ""FMOD0120"", ""FMOD0102"", ""FMOD0079"", ""FMOD0069"", ""FMOD0110"", ""FMOD0119"", ""FMOD0036""]"
BALANCED,Q6K00414,53,10,1,1.0,True,1.0,True,0.48015,"[""FMOD0055"", ""FMOD0036"", ""FMOD0023"", ""FMOD0120"", ""FMOD0119"", ""FMOD0077"", ""FMOD0102"", ""FMOD0035"", ""FMOD0079"", ""FMOD0083""]","[""FMOD0055"", ""FMOD0036"", ""FMOD0023"", ""FMOD0120"", ""FMOD0119"", ""FMOD0077"", ""FMOD0102"", ""FMOD0035"", ""FMOD0079"", ""FMOD0083""]"
BALANCED,Q6K00415,54,10,1,1.0,True,1.0,True,0.444535,"[""FMOD0025"", ""FMOD0069"", ""FMOD0023"", ""FMOD0102"", ""FMOD0035"", ""FMOD0077"", ""FMOD0055"", ""FMOD0036"", ""FMOD0033"", ""FMOD0113""]","[""FMOD0025"", ""FMOD0069"", ""FMOD0023"", ""FMOD0102"", ""FMOD0035"", ""FMOD0077"", ""FMOD0055"", ""FMOD0036"", ""FMOD0033"", ""FMOD0113""]"
BALANCED,Q6K00416,54,10,1,1.0,True,1.0,True,0.414905,"[""FMOD0089"", ""FMOD0023"", ""FMOD0036"", ""FMOD0022"", ""FMOD0035"", ""FMOD0075"", ""FMOD0055"", ""FMOD0119"", ""FMOD0079"", ""FMOD0086""]","[""FMOD0089"", ""FMOD0023"", ""FMOD0036"", ""FMOD0022"", ""FMOD0035"", ""FMOD0075"", ""FMOD0055"", ""FMOD0119"", ""FMOD0079"", ""FMOD0086""]"
BALANCED,Q6K00417,56,10,1,1.0,True,1.0,True,0.419314,"[""FMOD0051"", ""FMOD0102"", ""FMOD0035"", ""FMOD0086"", ""FMOD0005"", ""FMOD0075"", ""FMOD0036"", ""FMOD0096"", ""FMOD0120"", ""FMOD0069""]","[""FMOD0051"", ""FMOD0102"", ""FMOD0035"", ""FMOD0086"", ""FMOD0005"", ""FMOD0075"", ""FMOD0036"", ""FMOD0096"", ""FMOD0120"", ""FMOD0069""]"
BALANCED,Q6K00418,49,10,1,1.0,True,1.0,True,0.40667,"[""FMOD0083"", ""FMOD0035"", ""FMOD0102"", ""FMOD0119"", ""FMOD0069"", ""FMOD0025"", ""FMOD0077"", ""FMOD0004"", ""FMOD0079"", ""FMOD0023""]","[""FMOD0083"", ""FMOD0035"", ""FMOD0102"", ""FMOD0119"", ""FMOD0069"", ""FMOD0025"", ""FMOD0077"", ""FMOD0004"", ""FMOD0079"", ""FMOD0023""]"
BALANCED,Q6K00419,53,10,1,1.0,True,1.0,True,0.452398,"[""FMOD0096"", ""FMOD0023"", ""FMOD0035"", ""FMOD0022"", ""FMOD0119"", ""FMOD0102"", ""FMOD0120"", ""FMOD0036"", ""FMOD0069"", ""FMOD0110""]","[""FMOD0096"", ""FMOD0023"", ""FMOD0035"", ""FMOD0022"", ""FMOD0119"", ""FMOD0102"", ""FMOD0120"", ""FMOD0036"", ""FMOD0069"", ""FMOD0110""]"
BALANCED,Q6K00420,56,10,1,1.0,True,1.0,True,0.435416,"[""FMOD0036"", ""FMOD0004"", ""FMOD0067"", ""FMOD0119"", ""FMOD0035"", ""FMOD0079"", ""FMOD0120"", ""FMOD0023"", ""FMOD0055"", ""FMOD0005""]","[""FMOD0036"", ""FMOD0004"", ""FMOD0067"", ""FMOD0119"", ""FMOD0035"", ""FMOD0079"", ""FMOD0120"", ""FMOD0023"", ""FMOD0055"", ""FMOD0005""]"
BALANCED,Q6K00421,55,10,2,1.0,True,1.0,True,0.459049,"[""FMOD0005"", ""FMOD0069"", ""FMOD0079"", ""FMOD0120"", ""FMOD0119"", ""FMOD0023"", ""FMOD0035"", ""FMOD0040"", ""FMOD0089"", ""FMOD0036""]","[""FMOD0005"", ""FMOD0069"", ""FMOD0079"", ""FMOD0120"", ""FMOD0119"", ""FMOD0023"", ""FMOD0035"", ""FMOD0040"", ""FMOD0089"", ""FMOD0036""]"
BALANCED,Q6K00422,55,10,2,1.0,True,1.0,True,0.428023,"[""FMOD0053"", ""FMOD0083"", ""FMOD0035"", ""FMOD0023"", ""FMOD0051"", ""FMOD0036"", ""FMOD0079"", ""FMOD0102"", ""FMOD0120"", ""FMOD0110""]","[""FMOD0053"", ""FMOD0083"", ""FMOD0035"", ""FMOD0023"", ""FMOD0051"", ""FMOD0036"", ""FMOD0079"", ""FMOD0102"", ""FMOD0120"", ""FMOD0110""]"
BALANCED,Q6K00423,57,10,2,1.0,True,1.0,True,0.484112,"[""FMOD0061"", ""FMOD0004"", ""FMOD0086"", ""FMOD0035"", ""FMOD0033"", ""FMOD0014"", ""FMOD0102"", ""FMOD0119"", ""FMOD0120"", ""FMOD0096""]","[""FMOD0061"", ""FMOD0004"", ""FMOD0086"", ""FMOD0035"", ""FMOD0033"", ""FMOD0014"", ""FMOD0102"", ""FMOD0119"", ""FMOD0120"", ""FMOD0096""]"
BALANCED,Q6K00424,52,10,2,0.5,False,1.0,True,0.428381,"[""FMOD0053"", ""FMOD0102"", ""FMOD0023"", ""FMOD0035"", ""FMOD0077"", ""FMOD0069"", ""FMOD0033"", ""FMOD0113"", ""FMOD0119"", ""FMOD0025""]","[""FMOD0053"", ""FMOD0102"", ""FMOD0023"", ""FMOD0035"", ""FMOD0077"", ""FMOD0069"", ""FMOD0033"", ""FMOD0113"", ""FMOD0119"", ""FMOD0025""]"
BALANCED,Q6K00425,57,10,2,1.0,True,1.0,True,0.427492,"[""FMOD0060"", ""FMOD0011"", ""FMOD0035"", ""FMOD0102"", ""FMOD0119"", ""FMOD0110"", ""FMOD0120"", ""FMOD0055"", ""FMOD0036"", ""FMOD0079""]","[""FMOD0060"", ""FMOD0011"", ""FMOD0035"", ""FMOD0102"", ""FMOD0119"", ""FMOD0110"", ""FMOD0120"", ""FMOD0055"", ""FMOD0036"", ""FMOD0079""]"
BALANCED,Q6K00426,54,10,2,1.0,True,1.0,True,0.408904,"[""FMOD0022"", ""FMOD0040"", ""FMOD0035"", ""FMOD0119"", ""FMOD0023"", ""FMOD0036"", ""FMOD0102"", ""FMOD0051"", ""FMOD0120"", ""FMOD0053""]","[""FMOD0022"", ""FMOD0040"", ""FMOD0035"", ""FMOD0119"", ""FMOD0023"", ""FMOD0036"", ""FMOD0102"", ""FMOD0051"", ""FMOD0120"", ""FMOD0053""]"
BALANCED,Q6K00427,53,10,2,0.5,False,1.0,True,0.441305,"[""FMOD0005"", ""FMOD0035"", ""FMOD0055"", ""FMOD0043"", ""FMOD0011"", ""FMOD0102"", ""FMOD0023"", ""FMOD0069"", ""FMOD0119"", ""FMOD0036""]","[""FMOD0005"", ""FMOD0035"", ""FMOD0055"", ""FMOD0043"", ""FMOD0011"", ""FMOD0102"", ""FMOD0023"", ""FMOD0069"", ""FMOD0119"", ""FMOD0036""]"
BALANCED,Q6K00428,51,10,2,1.0,True,1.0,True,0.457955,"[""FMOD0069"", ""FMOD0099"", ""FMOD0023"", ""FMOD0077"", ""FMOD0119"", ""FMOD0120"", ""FMOD0035"", ""FMOD0102"", ""FMOD0040"", ""FMOD0110""]","[""FMOD0069"", ""FMOD0099"", ""FMOD0023"", ""FMOD0077"", ""FMOD0119"", ""FMOD0120"", ""FMOD0035"", ""FMOD0102"", ""FMOD0040"", ""FMOD0110""]"
BALANCED,Q6K00429,54,10,2,1.0,True,1.0,True,0.411293,"[""FMOD0069"", ""FMOD0086"", ""FMOD0087"", ""FMOD0119"", ""FMOD0120"", ""FMOD0023"", ""FMOD0005"", ""FMOD0110"", ""FMOD0035"", ""FMOD0079""]","[""FMOD0069"", ""FMOD0086"", ""FMOD0087"", ""FMOD0119"", ""FMOD0120"", ""FMOD0023"", ""FMOD0005"", ""FMOD0110"", ""FMOD0035"", ""FMOD0079""]"
BALANCED,Q6K00430,55,10,2,1.0,True,1.0,True,0.423424,"[""FMOD0050"", ""FMOD0061"", ""FMOD0083"", ""FMOD0069"", ""FMOD0023"", ""FMOD0035"", ""FMOD0079"", ""FMOD0110"", ""FMOD0005"", ""FMOD0024""]","[""FMOD0050"", ""FMOD0061"", ""FMOD0083"", ""FMOD0069"", ""FMOD0023"", ""FMOD0035"", ""FMOD0079"", ""FMOD0110"", ""FMOD0005"", ""FMOD0024""]"
BALANCED,Q6K00431,56,10,2,1.0,True,1.0,True,0.421459,"[""FMOD0074"", ""FMOD0005"", ""FMOD0120"", ""FMOD0079"", ""FMOD0119"", ""FMOD0110"", ""FMOD0096"", ""FMOD0069"", ""FMOD0035"", ""FMOD0036""]","[""FMOD0074"", ""FMOD0005"", ""FMOD0120"", ""FMOD0079"", ""FMOD0119"", ""FMOD0110"", ""FMOD0096"", ""FMOD0069"", ""FMOD0035"", ""FMOD0036""]"
BALANCED,Q6K00432,56,10,2,1.0,True,1.0,True,0.713193,"[""FMOD0053"", ""FMOD0011"", ""FMOD0035"", ""FMOD0023"", ""FMOD0113"", ""FMOD0110"", ""FMOD0083"", ""FMOD0069"", ""FMOD0091"", ""FMOD0102""]","[""FMOD0053"", ""FMOD0011"", ""FMOD0035"", ""FMOD0023"", ""FMOD0113"", ""FMOD0110"", ""FMOD0083"", ""FMOD0069"", ""FMOD0091"", ""FMOD0102""]"
BALANCED,Q6K00433,53,10,2,1.0,True,1.0,True,0.450226,"[""FMOD0004"", ""FMOD0079"", ""FMOD0086"", ""FMOD0035"", ""FMOD0033"", ""FMOD0110"", ""FMOD0119"", ""FMOD0102"", ""FMOD0014"", ""FMOD0120""]","[""FMOD0004"", ""FMOD0079"", ""FMOD0086"", ""FMOD0035"", ""FMOD0033"", ""FMOD0110"", ""FMOD0119"", ""FMOD0102"", ""FMOD0014"", ""FMOD0120""]"
BALANCED,Q6K00434,51,10,2,0.5,False,1.0,True,0.414199,"[""FMOD0016"", ""FMOD0035"", ""FMOD0036"", ""FMOD0077"", ""FMOD0055"", ""FMOD0005"", ""FMOD0120"", ""FMOD0102"", ""FMOD0110"", ""FMOD0079""]","[""FMOD0016"", ""FMOD0035"", ""FMOD0036"", ""FMOD0077"", ""FMOD0055"", ""FMOD0005"", ""FMOD0120"", ""FMOD0102"", ""FMOD0110"", ""FMOD0079""]"
BALANCED,Q6K00435,56,10,2,1.0,True,1.0,True,0.403323,"[""FMOD0099"", ""FMOD0069"", ""FMOD0119"", ""FMOD0023"", ""FMOD0035"", ""FMOD0102"", ""FMOD0120"", ""FMOD0110"", ""FMOD0077"", ""FMOD0079""]","[""FMOD0099"", ""FMOD0069"", ""FMOD0119"", ""FMOD0023"", ""FMOD0035"", ""FMOD0102"", ""FMOD0120"", ""FMOD0110"", ""FMOD0077"", ""FMOD0079""]"
BALANCED,Q6K00436,58,10,2,1.0,True,1.0,True,0.466537,"[""FMOD0099"", ""FMOD0044"", ""FMOD0035"", ""FMOD0023"", ""FMOD0119"", ""FMOD0036"", ""FMOD0120"", ""FMOD0069"", ""FMOD0077"", ""FMOD0102""]","[""FMOD0099"", ""FMOD0044"", ""FMOD0035"", ""FMOD0023"", ""FMOD0119"", ""FMOD0036"", ""FMOD0120"", ""FMOD0069"", ""FMOD0077"", ""FMOD0102""]"
BALANCED,Q6K00437,58,10,2,1.0,True,1.0,True,0.412015,"[""FMOD0096"", ""FMOD0035"", ""FMOD0110"", ""FMOD0023"", ""FMOD0051"", ""FMOD0079"", ""FMOD0120"", ""FMOD0119"", ""FMOD0005"", ""FMOD0069""]","[""FMOD0096"", ""FMOD0035"", ""FMOD0110"", ""FMOD0023"", ""FMOD0051"", ""FMOD0079"", ""FMOD0120"", ""FMOD0119"", ""FMOD0005"", ""FMOD0069""]"
BALANCED,Q6K00438,51,10,2,1.0,True,1.0,True,0.416718,"[""FMOD0022"", ""FMOD0055"", ""FMOD0023"", ""FMOD0102"", ""FMOD0069"", ""FMOD0110"", ""FMOD0120"", ""FMOD0079"", ""FMOD0119"", ""FMOD0036""]","[""FMOD0022"", ""FMOD0055"", ""FMOD0023"", ""FMOD0102"", ""FMOD0069"", ""FMOD0110"", ""FMOD0120"", ""FMOD0079"", ""FMOD0119"", ""FMOD0036""]"
BALANCED,Q6K00439,55,10,2,1.0,True,1.0,True,0.422319,"[""FMOD0043"", ""FMOD0083"", ""FMOD0023"", ""FMOD0035"", ""FMOD0079"", ""FMOD0040"", ""FMOD0055"", ""FMOD0119"", ""FMOD0005"", ""FMOD0077""]","[""FMOD0043"", ""FMOD0083"", ""FMOD0023"", ""FMOD0035"", ""FMOD0079"", ""FMOD0040"", ""FMOD0055"", ""FMOD0119"", ""FMOD0005"", ""FMOD0077""]"
BALANCED,Q6K00440,54,10,2,1.0,True,1.0,True,0.416556,"[""FMOD0061"", ""FMOD0119"", ""FMOD0035"", ""FMOD0110"", ""FMOD0060"", ""FMOD0036"", ""FMOD0083"", ""FMOD0023"", ""FMOD0011"", ""FMOD0005""]","[""FMOD0061"", ""FMOD0119"", ""FMOD0035"", ""FMOD0110"", ""FMOD0060"", ""FMOD0036"", ""FMOD0083"", ""FMOD0023"", ""FMOD0011"", ""FMOD0005""]"
BALANCED,Q6K00441,52,10,2,1.0,True,1.0,True,0.465454,"[""FMOD0035"", ""FMOD0025"", ""FMOD0086"", ""FMOD0080"", ""FMOD0015"", ""FMOD0023"", ""FMOD0119"", ""FMOD0102"", ""FMOD0079"", ""FMOD0036""]","[""FMOD0035"", ""FMOD0025"", ""FMOD0086"", ""FMOD0080"", ""FMOD0015"", ""FMOD0023"", ""FMOD0119"", ""FMOD0102"", ""FMOD0079"", ""FMOD0036""]"
BALANCED,Q6K00442,49,10,2,0.5,False,1.0,True,0.421209,"[""FMOD0087"", ""FMOD0035"", ""FMOD0120"", ""FMOD0102"", ""FMOD0079"", ""FMOD0119"", ""FMOD0110"", ""FMOD0005"", ""FMOD0036"", ""FMOD0055""]","[""FMOD0087"", ""FMOD0035"", ""FMOD0120"", ""FMOD0102"", ""FMOD0079"", ""FMOD0119"", ""FMOD0110"", ""FMOD0005"", ""FMOD0036"", ""FMOD0055""]"
BALANCED,Q6K00443,55,10,2,1.0,True,1.0,True,0.4359,"[""FMOD0035"", ""FMOD0011"", ""FMOD0023"", ""FMOD0119"", ""FMOD0102"", ""FMOD0079"", ""FMOD0060"", ""FMOD0069"", ""FMOD0077"", ""FMOD0055""]","[""FMOD0035"", ""FMOD0011"", ""FMOD0023"", ""FMOD0119"", ""FMOD0102"", ""FMOD0079"", ""FMOD0060"", ""FMOD0069"", ""FMOD0077"", ""FMOD0055""]"
BALANCED,Q6K00444,55,10,2,1.0,True,1.0,True,0.405524,"[""FMOD0003"", ""FMOD0022"", ""FMOD0069"", ""FMOD0120"", ""FMOD0119"", ""FMOD0079"", ""FMOD0005"", ""FMOD0102"", ""FMOD0067"", ""FMOD0036""]","[""FMOD0003"", ""FMOD0022"", ""FMOD0069"", ""FMOD0120"", ""FMOD0119"", ""FMOD0079"", ""FMOD0005"", ""FMOD0102"", ""FMOD0067"", ""FMOD0036""]"
BALANCED,Q6K00445,52,10,2,1.0,True,1.0,True,0.462369,"[""FMOD0035"", ""FMOD0023"", ""FMOD0069"", ""FMOD0120"", ""FMOD0102"", ""FMOD0119"", ""FMOD0110"", ""FMOD0079"", ""FMOD0036"", ""FMOD0033""]","[""FMOD0035"", ""FMOD0023"", ""FMOD0069"", ""FMOD0120"", ""FMOD0102"", ""FMOD0119"", ""FMOD0110"", ""FMOD0079"", ""FMOD0036"", ""FMOD0033""]"
BALANCED,Q6K00446,54,10,2,1.0,True,1.0,True,0.409728,"[""FMOD0067"", ""FMOD0060"", ""FMOD0035"", ""FMOD0023"", ""FMOD0022"", ""FMOD0119"", ""FMOD0102"", ""FMOD0120"", ""FMOD0110"", ""FMOD0036""]","[""FMOD0067"", ""FMOD0060"", ""FMOD0035"", ""FMOD0023"", ""FMOD0022"", ""FMOD0119"", ""FMOD0102"", ""FMOD0120"", ""FMOD0110"", ""FMOD0036""]"
BALANCED,Q6K00447,57,10,2,1.0,True,1.0,True,0.452439,"[""FMOD0086"", ""FMOD0087"", ""FMOD0050"", ""FMOD0091"", ""FMOD0036"", ""FMOD0120"", ""FMOD0069"", ""FMOD0119"", ""FMOD0023"", ""FMOD0079""]","[""FMOD0086"", ""FMOD0087"", ""FMOD0050"", ""FMOD0091"", ""FMOD0036"", ""FMOD0120"", ""FMOD0069"", ""FMOD0119"", ""FMOD0023"", ""FMOD0079""]"
BALANCED,Q6K00448,52,10,2,1.0,True,1.0,True,0.412989,"[""FMOD0055"", ""FMOD0102"", ""FMOD0079"", ""FMOD0035"", ""FMOD0023"", ""FMOD0120"", ""FMOD0069"", ""FMOD0119"", ""FMOD0036"", ""FMOD0110""]","[""FMOD0055"", ""FMOD0102"", ""FMOD0079"", ""FMOD0035"", ""FMOD0023"", ""FMOD0120"", ""FMOD0069"", ""FMOD0119"", ""FMOD0036"", ""FMOD0110""]"
BALANCED,Q6K00449,53,10,2,1.0,True,1.0,True,0.421638,"[""FMOD0066"", ""FMOD0096"", ""FMOD0023"", ""FMOD0035"", ""FMOD0031"", ""FMOD0033"", ""FMOD0079"", ""FMOD0016"", ""FMOD0055"", ""FMOD0120""]","[""FMOD0066"", ""FMOD0096"", ""FMOD0023"", ""FMOD0035"", ""FMOD0031"", ""FMOD0033"", ""FMOD0079"", ""FMOD0016"", ""FMOD0055"", ""FMOD0120""]"
BALANCED,Q6K00450,57,10,2,1.0,True,1.0,True,0.446598,"[""FMOD0066"", ""FMOD0087"", ""FMOD0023"", ""FMOD0005"", ""FMOD0036"", ""FMOD0035"", ""FMOD0119"", ""FMOD0102"", ""FMOD0040"", ""FMOD0069""]","[""FMOD0066"", ""FMOD0087"", ""FMOD0023"", ""FMOD0005"", ""FMOD0036"", ""FMOD0035"", ""FMOD0119"", ""FMOD0102"", ""FMOD0040"", ""FMOD0069""]"
BALANCED,Q6K00451,56,10,2,1.0,True,1.0,True,0.423084,"[""FMOD0004"", ""FMOD0025"", ""FMOD0086"", ""FMOD0035"", ""FMOD0033"", ""FMOD0014"", ""FMOD0102"", ""FMOD0119"", ""FMOD0120"", ""FMOD0096""]","[""FMOD0004"", ""FMOD0025"", ""FMOD0086"", ""FMOD0035"", ""FMOD0033"", ""FMOD0014"", ""FMOD0102"", ""FMOD0119"", ""FMOD0120"", ""FMOD0096""]"
BALANCED,Q6K00452,54,10,2,1.0,True,1.0,True,0.413114,"[""FMOD0035"", ""FMOD0003"", ""FMOD0102"", ""FMOD0120"", ""FMOD0014"", ""FMOD0119"", ""FMOD0023"", ""FMOD0073"", ""FMOD0079"", ""FMOD0069""]","[""FMOD0035"", ""FMOD0003"", ""FMOD0102"", ""FMOD0120"", ""FMOD0014"", ""FMOD0119"", ""FMOD0023"", ""FMOD0073"", ""FMOD0079"", ""FMOD0069""]"
BALANCED,Q6K00453,56,10,2,1.0,True,1.0,True,0.416702,"[""FMOD0044"", ""FMOD0079"", ""FMOD0119"", ""FMOD0023"", ""FMOD0102"", ""FMOD0120"", ""FMOD0035"", ""FMOD0083"", ""FMOD0110"", ""FMOD0069""]","[""FMOD0044"", ""FMOD0079"", ""FMOD0119"", ""FMOD0023"", ""FMOD0102"", ""FMOD0120"", ""FMOD0035"", ""FMOD0083"", ""FMOD0110"", ""FMOD0069""]"
BALANCED,Q6K00454,55,10,2,1.0,True,1.0,True,0.458403,"[""FMOD0067"", ""FMOD0077"", ""FMOD0033"", ""FMOD0035"", ""FMOD0102"", ""FMOD0069"", ""FMOD0119"", ""FMOD0023"", ""FMOD0073"", ""FMOD0113""]","[""FMOD0067"", ""FMOD0077"", ""FMOD0033"", ""FMOD0035"", ""FMOD0102"", ""FMOD0069"", ""FMOD0119"", ""FMOD0023"", ""FMOD0073"", ""FMOD0113""]"
BALANCED,Q6K00455,52,10,2,1.0,True,1.0,True,0.414279,"[""FMOD0077"", ""FMOD0016"", ""FMOD0120"", ""FMOD0079"", ""FMOD0110"", ""FMOD0035"", ""FMOD0102"", ""FMOD0005"", ""FMOD0055"", ""FMOD0036""]","[""FMOD0077"", ""FMOD0016"", ""FMOD0120"", ""FMOD0079"", ""FMOD0110"", ""FMOD0035"", ""FMOD0102"", ""FMOD0005"", ""FMOD0055"", ""FMOD0036""]"
BALANCED,Q6K00456,55,10,2,1.0,True,1.0,True,0.433765,"[""FMOD0004"", ""FMOD0016"", ""FMOD0067"", ""FMOD0113"", ""FMOD0036"", ""FMOD0023"", ""FMOD0035"", ""FMOD0079"", ""FMOD0077"", ""FMOD0119""]","[""FMOD0004"", ""FMOD0016"", ""FMOD0067"", ""FMOD0113"", ""FMOD0036"", ""FMOD0023"", ""FMOD0035"", ""FMOD0079"", ""FMOD0077"", ""FMOD0119""]"
BALANCED,Q6K00457,55,10,2,0.5,False,1.0,True,0.430099,"[""FMOD0025"", ""FMOD0069"", ""FMOD0023"", ""FMOD0055"", ""FMOD0031"", ""FMOD0100"", ""FMOD0036"", ""FMOD0035"", ""FMOD0120"", ""FMOD0119""]","[""FMOD0025"", ""FMOD0069"", ""FMOD0023"", ""FMOD0055"", ""FMOD0031"", ""FMOD0100"", ""FMOD0036"", ""FMOD0035"", ""FMOD0120"", ""FMOD0119""]"
BALANCED,Q6K00458,51,10,2,1.0,True,1.0,True,0.43214,"[""FMOD0079"", ""FMOD0023"", ""FMOD0016"", ""FMOD0035"", ""FMOD0102"", ""FMOD0119"", ""FMOD0120"", ""FMOD0077"", ""FMOD0036"", ""FMOD0110""]","[""FMOD0079"", ""FMOD0023"", ""FMOD0016"", ""FMOD0035"", ""FMOD0102"", ""FMOD0119"", ""FMOD0120"", ""FMOD0077"", ""FMOD0036"", ""FMOD0110""]"
BALANCED,Q6K00459,57,10,2,0.5,False,1.0,True,0.461524,"[""FMOD0069"", ""FMOD0023"", ""FMOD0055"", ""FMOD0025"", ""FMOD0079"", ""FMOD0005"", ""FMOD0089"", ""FMOD0120"", ""FMOD0119"", ""FMOD0102""]","[""FMOD0069"", ""FMOD0023"", ""FMOD0055"", ""FMOD0025"", ""FMOD0079"", ""FMOD0005"", ""FMOD0089"", ""FMOD0120"", ""FMOD0119"", ""FMOD0102""]"
BALANCED,Q6K00460,53,10,2,1.0,True,1.0,True,0.438822,"[""FMOD0043"", ""FMOD0099"", ""FMOD0024"", ""FMOD0069"", ""FMOD0119"", ""FMOD0023"", ""FMOD0035"", ""FMOD0091"", ""FMOD0005"", ""FMOD0025""]","[""FMOD0043"", ""FMOD0099"", ""FMOD0024"", ""FMOD0069"", ""FMOD0119"", ""FMOD0023"", ""FMOD0035"", ""FMOD0091"", ""FMOD0005"", ""FMOD0025""]"
BALANCED,Q6K00461,55,10,2,1.0,True,1.0,True,0.40119,"[""FMOD0001"", ""FMOD0003"", ""FMOD0089"", ""FMOD0035"", ""FMOD0051"", ""FMOD0120"", ""FMOD0023"", ""FMOD0119"", ""FMOD0036"", ""FMOD0069""]","[""FMOD0001"", ""FMOD0003"", ""FMOD0089"", ""FMOD0035"", ""FMOD0051"", ""FMOD0120"", ""FMOD0023"", ""FMOD0119"", ""FMOD0036"", ""FMOD0069""]"
BALANCED,Q6K00462,53,10,2,1.0,True,1.0,True,0.410809,"[""FMOD0099"", ""FMOD0089"", ""FMOD0003"", ""FMOD0119"", ""FMOD0023"", ""FMOD0102"", ""FMOD0120"", ""FMOD0035"", ""FMOD0036"", ""FMOD0110""]","[""FMOD0099"", ""FMOD0089"", ""FMOD0003"", ""FMOD0119"", ""FMOD0023"", ""FMOD0102"", ""FMOD0120"", ""FMOD0035"", ""FMOD0036"", ""FMOD0110""]"
BALANCED,Q6K00463,50,10,2,1.0,True,1.0,True,0.440544,"[""FMOD0069"", ""FMOD0096"", ""FMOD0033"", ""FMOD0102"", ""FMOD0120"", ""FMOD0036"", ""FMOD0005"", ""FMOD0119"", ""FMOD0110"", ""FMOD0077""]","[""FMOD0069"", ""FMOD0096"", ""FMOD0033"", ""FMOD0102"", ""FMOD0120"", ""FMOD0036"", ""FMOD0005"", ""FMOD0119"", ""FMOD0110"", ""FMOD0077""]"
BALANCED,Q6K00464,54,10,2,1.0,True,1.0,True,0.440247,"[""FMOD0025"", ""FMOD0069"", ""FMOD0099"", ""FMOD0023"", ""FMOD0119"", ""FMOD0102"", ""FMOD0120"", ""FMOD0035"", ""FMOD0053"", ""FMOD0033""]","[""FMOD0025"", ""FMOD0069"", ""FMOD0099"", ""FMOD0023"", ""FMOD0119"", ""FMOD0102"", ""FMOD0120"", ""FMOD0035"", ""FMOD0053"", ""FMOD0033""]"
BALANCED,Q6K00465,58,10,2,1.0,True,1.0,True,0.441704,"[""FMOD0083"", ""FMOD0096"", ""FMOD0023"", ""FMOD0036"", ""FMOD0110"", ""FMOD0119"", ""FMOD0035"", ""FMOD0005"", ""FMOD0120"", ""FMOD0102""]","[""FMOD0083"", ""FMOD0096"", ""FMOD0023"", ""FMOD0036"", ""FMOD0110"", ""FMOD0119"", ""FMOD0035"", ""FMOD0005"", ""FMOD0120"", ""FMOD0102""]"
BALANCED,Q6K00466,57,10,2,1.0,True,1.0,True,0.489709,"[""FMOD0053"", ""FMOD0067"", ""FMOD0102"", ""FMOD0035"", ""FMOD0023"", ""FMOD0077"", ""FMOD0120"", ""FMOD0119"", ""FMOD0110"", ""FMOD0025""]","[""FMOD0053"", ""FMOD0067"", ""FMOD0102"", ""FMOD0035"", ""FMOD0023"", ""FMOD0077"", ""FMOD0120"", ""FMOD0119"", ""FMOD0110"", ""FMOD0025""]"
BALANCED,Q6K00467,53,10,2,1.0,True,1.0,True,0.4698,"[""FMOD0069"", ""FMOD0044"", ""FMOD0035"", ""FMOD0023"", ""FMOD0051"", ""FMOD0119"", ""FMOD0102"", ""FMOD0014"", ""FMOD0022"", ""FMOD0040""]","[""FMOD0069"", ""FMOD0044"", ""FMOD0035"", ""FMOD0023"", ""FMOD0051"", ""FMOD0119"", ""FMOD0102"", ""FMOD0014"", ""FMOD0022"", ""FMOD0040""]"
BALANCED,Q6K00468,57,10,2,1.0,True,1.0,True,0.466607,"[""FMOD0069"", ""FMOD0051"", ""FMOD0119"", ""FMOD0083"", ""FMOD0079"", ""FMOD0025"", ""FMOD0035"", ""FMOD0110"", ""FMOD0120"", ""FMOD0003""]","[""FMOD0069"", ""FMOD0051"", ""FMOD0119"", ""FMOD0083"", ""FMOD0079"", ""FMOD0025"", ""FMOD0035"", ""FMOD0110"", ""FMOD0120"", ""FMOD0003""]"
BALANCED,Q6K00469,55,10,2,0.5,False,1.0,True,0.431257,"[""FMOD0067"", ""FMOD0102"", ""FMOD0120"", ""FMOD0035"", ""FMOD0023"", ""FMOD0119"", ""FMOD0069"", ""FMOD0110"", ""FMOD0079"", ""FMOD0083""]","[""FMOD0067"", ""FMOD0102"", ""FMOD0120"", ""FMOD0035"", ""FMOD0023"", ""FMOD0119"", ""FMOD0069"", ""FMOD0110"", ""FMOD0079"", ""FMOD0083""]"
BALANCED,Q6K00470,53,10,2,1.0,True,1.0,True,0.411131,"[""FMOD0060"", ""FMOD0102"", ""FMOD0061"", ""FMOD0120"", ""FMOD0119"", ""FMOD0069"", ""FMOD0035"", ""FMOD0079"", ""FMOD0031"", ""FMOD0110""]","[""FMOD0060"", ""FMOD0102"", ""FMOD0061"", ""FMOD0120"", ""FMOD0119"", ""FMOD0069"", ""FMOD0035"", ""FMOD0079"", ""FMOD0031"", ""FMOD0110""]"
BALANCED,Q6K00471,56,10,2,1.0,True,1.0,True,0.420159,"[""FMOD0025"", ""FMOD0099"", ""FMOD0024"", ""FMOD0014"", ""FMOD0005"", ""FMOD0113"", ""FMOD0083"", ""FMOD0120"", ""FMOD0023"", ""FMOD0069""]","[""FMOD0025"", ""FMOD0099"", ""FMOD0024"", ""FMOD0014"", ""FMOD0005"", ""FMOD0113"", ""FMOD0083"", ""FMOD0120"", ""FMOD0023"", ""FMOD0069""]"
BALANCED,Q6K00472,51,10,2,1.0,True,1.0,True,0.40959,"[""FMOD0035"", ""FMOD0023"", ""FMOD0022"", ""FMOD0087"", ""FMOD0079"", ""FMOD0055"", ""FMOD0119"", ""FMOD0036"", ""FMOD0053"", ""FMOD0043""]","[""FMOD0035"", ""FMOD0023"", ""FMOD0022"", ""FMOD0087"", ""FMOD0079"", ""FMOD0055"", ""FMOD0119"", ""FMOD0036"", ""FMOD0053"", ""FMOD0043""]"
BALANCED,Q6K00473,58,10,2,1.0,True,1.0,True,0.411066,"[""FMOD0086"", ""FMOD0079"", ""FMOD0036"", ""FMOD0083"", ""FMOD0119"", ""FMOD0004"", ""FMOD0024"", ""FMOD0067"", ""FMOD0023"", ""FMOD0025""]","[""FMOD0086"", ""FMOD0079"", ""FMOD0036"", ""FMOD0083"", ""FMOD0119"", ""FMOD0004"", ""FMOD0024"", ""FMOD0067"", ""FMOD0023"", ""FMOD0025""]"
BALANCED,Q6K00474,57,10,2,1.0,True,1.0,True,0.53336,"[""FMOD0099"", ""FMOD0086"", ""FMOD0050"", ""FMOD0069"", ""FMOD0120"", ""FMOD0102"", ""FMOD0110"", ""FMOD0074"", ""FMOD0079"", ""FMOD0119""]","[""FMOD0099"", ""FMOD0086"", ""FMOD0050"", ""FMOD0069"", ""FMOD0120"", ""FMOD0102"", ""FMOD0110"", ""FMOD0074"", ""FMOD0079"", ""FMOD0119""]"
BALANCED,Q6K00475,56,10,2,1.0,True,1.0,True,0.429545,"[""FMOD0025"", ""FMOD0077"", ""FMOD0035"", ""FMOD0102"", ""FMOD0069"", ""FMOD0036"", ""FMOD0079"", ""FMOD0120"", ""FMOD0119"", ""FMOD0110""]","[""FMOD0025"", ""FMOD0077"", ""FMOD0035"", ""FMOD0102"", ""FMOD0069"", ""FMOD0036"", ""FMOD0079"", ""FMOD0120"", ""FMOD0119"", ""FMOD0110""]"
BALANCED,Q6K00476,51,10,2,1.0,True,1.0,True,0.419632,"[""FMOD0016"", ""FMOD0102"", ""FMOD0119"", ""FMOD0023"", ""FMOD0035"", ""FMOD0040"", ""FMOD0120"", ""FMOD0075"", ""FMOD0069"", ""FMOD0079""]","[""FMOD0016"", ""FMOD0102"", ""FMOD0119"", ""FMOD0023"", ""FMOD0035"", ""FMOD0040"", ""FMOD0120"", ""FMOD0075"", ""FMOD0069"", ""FMOD0079""]"
BALANCED,Q6K00477,55,10,2,1.0,True,1.0,True,0.451319,"[""FMOD0102"", ""FMOD0025"", ""FMOD0079"", ""FMOD0035"", ""FMOD0023"", ""FMOD0055"", ""FMOD0005"", ""FMOD0036"", ""FMOD0043"", ""FMOD0053""]","[""FMOD0102"", ""FMOD0025"", ""FMOD0079"", ""FMOD0035"", ""FMOD0023"", ""FMOD0055"", ""FMOD0005"", ""FMOD0036"", ""FMOD0043"", ""FMOD0053""]"
BALANCED,Q6K00478,52,10,2,1.0,True,1.0,True,0.426811,"[""FMOD0025"", ""FMOD0099"", ""FMOD0023"", ""FMOD0120"", ""FMOD0102"", ""FMOD0119"", ""FMOD0035"", ""FMOD0069"", ""FMOD0077"", ""FMOD0110""]","[""FMOD0025"", ""FMOD0099"", ""FMOD0023"", ""FMOD0120"", ""FMOD0102"", ""FMOD0119"", ""FMOD0035"", ""FMOD0069"", ""FMOD0077"", ""FMOD0110""]"
BALANCED,Q6K00479,54,10,2,1.0,True,1.0,True,0.40958,"[""FMOD0066"", ""FMOD0022"", ""FMOD0023"", ""FMOD0035"", ""FMOD0079"", ""FMOD0036"", ""FMOD0055"", ""FMOD0102"", ""FMOD0119"", ""FMOD0005""]","[""FMOD0066"", ""FMOD0022"", ""FMOD0023"", ""FMOD0035"", ""FMOD0079"", ""FMOD0036"", ""FMOD0055"", ""FMOD0102"", ""FMOD0119"", ""FMOD0005""]"
BALANCED,Q6K00480,56,10,2,1.0,True,1.0,True,0.4426,"[""FMOD0005"", ""FMOD0099"", ""FMOD0055"", ""FMOD0079"", ""FMOD0120"", ""FMOD0086"", ""FMOD0035"", ""FMOD0023"", ""FMOD0024"", ""FMOD0036""]","[""FMOD0005"", ""FMOD0099"", ""FMOD0055"", ""FMOD0079"", ""FMOD0120"", ""FMOD0086"", ""FMOD0035"", ""FMOD0023"", ""FMOD0024"", ""FMOD0036""]"
BALANCED,Q6K00481,55,10,0,,,1.0,True,0.422247,"[""FMOD0035"", ""FMOD0023"", ""FMOD0051"", ""FMOD0119"", ""FMOD0102"", ""FMOD0120"", ""FMOD0036"", ""FMOD0079"", ""FMOD0083"", ""FMOD0069""]","[""FMOD0035"", ""FMOD0023"", ""FMOD0051"", ""FMOD0119"", ""FMOD0102"", ""FMOD0120"", ""FMOD0036"", ""FMOD0079"", ""FMOD0083"", ""FMOD0069""]"
BALANCED,Q6K00482,50,10,0,,,1.0,True,0.404127,"[""FMOD0087"", ""FMOD0023"", ""FMOD0035"", ""FMOD0079"", ""FMOD0016"", ""FMOD0119"", ""FMOD0110"", ""FMOD0014"", ""FMOD0102"", ""FMOD0036""]","[""FMOD0087"", ""FMOD0023"", ""FMOD0035"", ""FMOD0079"", ""FMOD0016"", ""FMOD0119"", ""FMOD0110"", ""FMOD0014"", ""FMOD0102"", ""FMOD0036""]"
BALANCED,Q6K00483,51,10,0,,,1.0,True,0.421965,"[""FMOD0023"", ""FMOD0102"", ""FMOD0120"", ""FMOD0035"", ""FMOD0119"", ""FMOD0069"", ""FMOD0079"", ""FMOD0110"", ""FMOD0036"", ""FMOD0005""]","[""FMOD0023"", ""FMOD0102"", ""FMOD0120"", ""FMOD0035"", ""FMOD0119"", ""FMOD0069"", ""FMOD0079"", ""FMOD0110"", ""FMOD0036"", ""FMOD0005""]"
BALANCED,Q6K00484,49,10,0,,,1.0,True,0.399633,"[""FMOD0035"", ""FMOD0023"", ""FMOD0119"", ""FMOD0120"", ""FMOD0036"", ""FMOD0069"", ""FMOD0051"", ""FMOD0079"", ""FMOD0102"", ""FMOD0005""]","[""FMOD0035"", ""FMOD0023"", ""FMOD0119"", ""FMOD0120"", ""FMOD0036"", ""FMOD0069"", ""FMOD0051"", ""FMOD0079"", ""FMOD0102"", ""FMOD0005""]"
BALANCED,Q6K00485,55,10,0,,,1.0,True,0.467488,"[""FMOD0069"", ""FMOD0035"", ""FMOD0023"", ""FMOD0119"", ""FMOD0036"", ""FMOD0067"", ""FMOD0004"", ""FMOD0083"", ""FMOD0025"", ""FMOD0053""]","[""FMOD0069"", ""FMOD0035"", ""FMOD0023"", ""FMOD0119"", ""FMOD0036"", ""FMOD0067"", ""FMOD0004"", ""FMOD0083"", ""FMOD0025"", ""FMOD0053""]"
BALANCED,Q6K00486,53,10,0,,,1.0,True,0.478119,"[""FMOD0035"", ""FMOD0079"", ""FMOD0022"", ""FMOD0023"", ""FMOD0120"", ""FMOD0102"", ""FMOD0119"", ""FMOD0036"", ""FMOD0069"", ""FMOD0110""]","[""FMOD0035"", ""FMOD0079"", ""FMOD0022"", ""FMOD0023"", ""FMOD0120"", ""FMOD0102"", ""FMOD0119"", ""FMOD0036"", ""FMOD0069"", ""FMOD0110""]"
BALANCED,Q6K00487,54,10,0,,,1.0,True,0.434783,"[""FMOD0023"", ""FMOD0069"", ""FMOD0055"", ""FMOD0025"", ""FMOD0100"", ""FMOD0119"", ""FMOD0102"", ""FMOD0035"", ""FMOD0036"", ""FMOD0120""]","[""FMOD0023"", ""FMOD0069"", ""FMOD0055"", ""FMOD0025"", ""FMOD0100"", ""FMOD0119"", ""FMOD0102"", ""FMOD0035"", ""FMOD0036"", ""FMOD0120""]"
BALANCED,Q6K00488,49,10,0,,,1.0,True,0.395591,"[""FMOD0087"", ""FMOD0023"", ""FMOD0022"", ""FMOD0035"", ""FMOD0079"", ""FMOD0119"", ""FMOD0110"", ""FMOD0055"", ""FMOD0102"", ""FMOD0036""]","[""FMOD0087"", ""FMOD0023"", ""FMOD0022"", ""FMOD0035"", ""FMOD0079"", ""FMOD0119"", ""FMOD0110"", ""FMOD0055"", ""FMOD0102"", ""FMOD0036""]"
BALANCED,Q6K00489,55,10,0,,,1.0,True,0.444528,"[""FMOD0080"", ""FMOD0086"", ""FMOD0015"", ""FMOD0119"", ""FMOD0023"", ""FMOD0102"", ""FMOD0110"", ""FMOD0069"", ""FMOD0120"", ""FMOD0055""]","[""FMOD0080"", ""FMOD0086"", ""FMOD0015"", ""FMOD0119"", ""FMOD0023"", ""FMOD0102"", ""FMOD0110"", ""FMOD0069"", ""FMOD0120"", ""FMOD0055""]"
BALANCED,Q6K00490,55,10,0,,,1.0,True,0.406962,"[""FMOD0110"", ""FMOD0023"", ""FMOD0119"", ""FMOD0102"", ""FMOD0069"", ""FMOD0036"", ""FMOD0035"", ""FMOD0055"", ""FMOD0051"", ""FMOD0005""]","[""FMOD0110"", ""FMOD0023"", ""FMOD0119"", ""FMOD0102"", ""FMOD0069"", ""FMOD0036"", ""FMOD0035"", ""FMOD0055"", ""FMOD0051"", ""FMOD0005""]"
BALANCED,Q6K00491,53,10,0,,,1.0,True,0.406268,"[""FMOD0035"", ""FMOD0086"", ""FMOD0119"", ""FMOD0036"", ""FMOD0120"", ""FMOD0110"", ""FMOD0025"", ""FMOD0102"", ""FMOD0023"", ""FMOD0069""]","[""FMOD0035"", ""FMOD0086"", ""FMOD0119"", ""FMOD0036"", ""FMOD0120"", ""FMOD0110"", ""FMOD0025"", ""FMOD0102"", ""FMOD0023"", ""FMOD0069""]"
BALANCED,Q6K00492,54,10,0,,,1.0,True,0.412995,"[""FMOD0023"", ""FMOD0040"", ""FMOD0089"", ""FMOD0043"", ""FMOD0011"", ""FMOD0035"", ""FMOD0119"", ""FMOD0102"", ""FMOD0079"", ""FMOD0075""]","[""FMOD0023"", ""FMOD0040"", ""FMOD0089"", ""FMOD0043"", ""FMOD0011"", ""FMOD0035"", ""FMOD0119"", ""FMOD0102"", ""FMOD0079"", ""FMOD0075""]"
BALANCED,Q6K00493,54,10,0,,,1.0,True,0.408043,"[""FMOD0086"", ""FMOD0015"", ""FMOD0080"", ""FMOD0119"", ""FMOD0023"", ""FMOD0120"", ""FMOD0102"", ""FMOD0069"", ""FMOD0110"", ""FMOD0035""]","[""FMOD0086"", ""FMOD0015"", ""FMOD0080"", ""FMOD0119"", ""FMOD0023"", ""FMOD0120"", ""FMOD0102"", ""FMOD0069"", ""FMOD0110"", ""FMOD0035""]"
BALANCED,Q6K00494,54,10,0,,,1.0,True,0.436499,"[""FMOD0055"", ""FMOD0035"", ""FMOD0023"", ""FMOD0079"", ""FMOD0120"", ""FMOD0069"", ""FMOD0102"", ""FMOD0119"", ""FMOD0024"", ""FMOD0036""]","[""FMOD0055"", ""FMOD0035"", ""FMOD0023"", ""FMOD0079"", ""FMOD0120"", ""FMOD0069"", ""FMOD0102"", ""FMOD0119"", ""FMOD0024"", ""FMOD0036""]"
BALANCED,Q6K00495,59,10,0,,,1.0,True,0.47577,"[""FMOD0083"", ""FMOD0096"", ""FMOD0023"", ""FMOD0119"", ""FMOD0035"", ""FMOD0110"", ""FMOD0069"", ""FMOD0036"", ""FMOD0079"", ""FMOD0102""]","[""FMOD0083"", ""FMOD0096"", ""FMOD0023"", ""FMOD0119"", ""FMOD0035"", ""FMOD0110"", ""FMOD0069"", ""FMOD0036"", ""FMOD0079"", ""FMOD0102""]"
BALANCED,Q6K00496,57,10,0,,,1.0,True,0.411156,"[""FMOD0110"", ""FMOD0023"", ""FMOD0119"", ""FMOD0102"", ""FMOD0036"", ""FMOD0069"", ""FMOD0083"", ""FMOD0120"", ""FMOD0035"", ""FMOD0055""]","[""FMOD0110"", ""FMOD0023"", ""FMOD0119"", ""FMOD0102"", ""FMOD0036"", ""FMOD0069"", ""FMOD0083"", ""FMOD0120"", ""FMOD0035"", ""FMOD0055""]"
BALANCED,Q6K00497,55,10,0,,,1.0,True,0.418708,"[""FMOD0035"", ""FMOD0023"", ""FMOD0051"", ""FMOD0079"", ""FMOD0119"", ""FMOD0005"", ""FMOD0102"", ""FMOD0083"", ""FMOD0055"", ""FMOD0036""]","[""FMOD0035"", ""FMOD0023"", ""FMOD0051"", ""FMOD0079"", ""FMOD0119"", ""FMOD0005"", ""FMOD0102"", ""FMOD0083"", ""FMOD0055"", ""FMOD0036""]"
BALANCED,Q6K00498,56,10,0,,,1.0,True,0.439892,"[""FMOD0023"", ""FMOD0055"", ""FMOD0069"", ""FMOD0025"", ""FMOD0100"", ""FMOD0102"", ""FMOD0035"", ""FMOD0036"", ""FMOD0119"", ""FMOD0120""]","[""FMOD0023"", ""FMOD0055"", ""FMOD0069"", ""FMOD0025"", ""FMOD0100"", ""FMOD0102"", ""FMOD0035"", ""FMOD0036"", ""FMOD0119"", ""FMOD0120""]"
BALANCED,Q6K00499,55,10,0,,,1.0,True,0.523913,"[""FMOD0120"", ""FMOD0119"", ""FMOD0023"", ""FMOD0005"", ""FMOD0102"", ""FMOD0110"", ""FMOD0069"", ""FMOD0036"", ""FMOD0079"", ""FMOD0035""]","[""FMOD0120"", ""FMOD0119"", ""FMOD0023"", ""FMOD0005"", ""FMOD0102"", ""FMOD0110"", ""FMOD0069"", ""FMOD0036"", ""FMOD0079"", ""FMOD0035""]"
BALANCED,Q6K00500,56,10,0,,,1.0,True,0.555935,"[""FMOD0035"", ""FMOD0023"", ""FMOD0119"", ""FMOD0110"", ""FMOD0036"", ""FMOD0060"", ""FMOD0083"", ""FMOD0031"", ""FMOD0033"", ""FMOD0005""]","[""FMOD0035"", ""FMOD0023"", ""FMOD0119"", ""FMOD0110"", ""FMOD0036"", ""FMOD0060"", ""FMOD0083"", ""FMOD0031"", ""FMOD0033"", ""FMOD0005""]"
BALANCED,Q6K00501,54,10,0,,,1.0,True,0.459433,"[""FMOD0069"", ""FMOD0086"", ""FMOD0120"", ""FMOD0119"", ""FMOD0035"", ""FMOD0036"", ""FMOD0005"", ""FMOD0023"", ""FMOD0102"", ""FMOD0025""]","[""FMOD0069"", ""FMOD0086"", ""FMOD0120"", ""FMOD0119"", ""FMOD0035"", ""FMOD0036"", ""FMOD0005"", ""FMOD0023"", ""FMOD0102"", ""FMOD0025""]"
BALANCED,Q6K00502,55,10,0,,,1.0,True,0.47211,"[""FMOD0035"", ""FMOD0119"", ""FMOD0051"", ""FMOD0023"", ""FMOD0102"", ""FMOD0120"", ""FMOD0036"", ""FMOD0110"", ""FMOD0069"", ""FMOD0079""]","[""FMOD0035"", ""FMOD0119"", ""FMOD0051"", ""FMOD0023"", ""FMOD0102"", ""FMOD0120"", ""FMOD0036"", ""FMOD0110"", ""FMOD0069"", ""FMOD0079""]"
BALANCED,Q6K00503,54,10,0,,,1.0,True,0.419691,"[""FMOD0055"", ""FMOD0023"", ""FMOD0069"", ""FMOD0025"", ""FMOD0100"", ""FMOD0035"", ""FMOD0119"", ""FMOD0120"", ""FMOD0036"", ""FMOD0005""]","[""FMOD0055"", ""FMOD0023"", ""FMOD0069"", ""FMOD0025"", ""FMOD0100"", ""FMOD0035"", ""FMOD0119"", ""FMOD0120"", ""FMOD0036"", ""FMOD0005""]"
BALANCED,Q6K00504,50,10,0,,,1.0,True,0.519132,"[""FMOD0055"", ""FMOD0023"", ""FMOD0035"", ""FMOD0079"", ""FMOD0102"", ""FMOD0033"", ""FMOD0024"", ""FMOD0120"", ""FMOD0036"", ""FMOD0069""]","[""FMOD0055"", ""FMOD0023"", ""FMOD0035"", ""FMOD0079"", ""FMOD0102"", ""FMOD0033"", ""FMOD0024"", ""FMOD0120"", ""FMOD0036"", ""FMOD0069""]"
BALANCED,Q6K00505,52,10,0,,,1.0,True,0.463619,"[""FMOD0035"", ""FMOD0023"", ""FMOD0119"", ""FMOD0102"", ""FMOD0110"", ""FMOD0079"", ""FMOD0051"", ""FMOD0036"", ""FMOD0120"", ""FMOD0069""]","[""FMOD0035"", ""FMOD0023"", ""FMOD0119"", ""FMOD0102"", ""FMOD0110"", ""FMOD0079"", ""FMOD0051"", ""FMOD0036"", ""FMOD0120"", ""FMOD0069""]"
BALANCED,Q6K00506,48,10,0,,,1.0,True,0.435407,"[""FMOD0089"", ""FMOD0087"", ""FMOD0023"", ""FMOD0035"", ""FMOD0022"", ""FMOD0119"", ""FMOD0110"", ""FMOD0102"", ""FMOD0036"", ""FMOD0120""]","[""FMOD0089"", ""FMOD0087"", ""FMOD0023"", ""FMOD0035"", ""FMOD0022"", ""FMOD0119"", ""FMOD0110"", ""FMOD0102"", ""FMOD0036"", ""FMOD0120""]"
BALANCED,Q6K00507,53,10,0,,,1.0,True,0.41489,"[""FMOD0023"", ""FMOD0035"", ""FMOD0016"", ""FMOD0119"", ""FMOD0120"", ""FMOD0069"", ""FMOD0113"", ""FMOD0079"", ""FMOD0102"", ""FMOD0055""]","[""FMOD0023"", ""FMOD0035"", ""FMOD0016"", ""FMOD0119"", ""FMOD0120"", ""FMOD0069"", ""FMOD0113"", ""FMOD0079"", ""FMOD0102"", ""FMOD0055""]"
BALANCED,Q6K00508,54,10,0,,,1.0,True,0.444116,"[""FMOD0035"", ""FMOD0023"", ""FMOD0051"", ""FMOD0069"", ""FMOD0119"", ""FMOD0102"", ""FMOD0016"", ""FMOD0079"", ""FMOD0120"", ""FMOD0110""]","[""FMOD0035"", ""FMOD0023"", ""FMOD0051"", ""FMOD0069"", ""FMOD0119"", ""FMOD0102"", ""FMOD0016"", ""FMOD0079"", ""FMOD0120"", ""FMOD0110""]"
BALANCED,Q6K00509,57,10,0,,,1.0,True,0.430147,"[""FMOD0023"", ""FMOD0005"", ""FMOD0119"", ""FMOD0102"", ""FMOD0120"", ""FMOD0036"", ""FMOD0035"", ""FMOD0079"", ""FMOD0069"", ""FMOD0055""]","[""FMOD0023"", ""FMOD0005"", ""FMOD0119"", ""FMOD0102"", ""FMOD0120"", ""FMOD0036"", ""FMOD0035"", ""FMOD0079"", ""FMOD0069"", ""FMOD0055""]"
BALANCED,Q6K00510,54,10,0,,,1.0,True,0.449689,"[""FMOD0005"", ""FMOD0119"", ""FMOD0023"", ""FMOD0110"", ""FMOD0080"", ""FMOD0083"", ""FMOD0053"", ""FMOD0060"", ""FMOD0036"", ""FMOD0079""]","[""FMOD0005"", ""FMOD0119"", ""FMOD0023"", ""FMOD0110"", ""FMOD0080"", ""FMOD0083"", ""FMOD0053"", ""FMOD0060"", ""FMOD0036"", ""FMOD0079""]"
BALANCED,Q6K00511,55,10,0,,,1.0,True,0.449947,"[""FMOD0055"", ""FMOD0083"", ""FMOD0025"", ""FMOD0079"", ""FMOD0119"", ""FMOD0102"", ""FMOD0120"", ""FMOD0023"", ""FMOD0069"", ""FMOD0005""]","[""FMOD0055"", ""FMOD0083"", ""FMOD0025"", ""FMOD0079"", ""FMOD0119"", ""FMOD0102"", ""FMOD0120"", ""FMOD0023"", ""FMOD0069"", ""FMOD0005""]"
BALANCED,Q6K00512,56,10,0,,,1.0,True,0.413264,"[""FMOD0035"", ""FMOD0023"", ""FMOD0119"", ""FMOD0110"", ""FMOD0036"", ""FMOD0060"", ""FMOD0083"", ""FMOD0031"", ""FMOD0033"", ""FMOD0005""]","[""FMOD0035"", ""FMOD0023"", ""FMOD0119"", ""FMOD0110"", ""FMOD0036"", ""FMOD0060"", ""FMOD0083"", ""FMOD0031"", ""FMOD0033"", ""FMOD0005""]"
BALANCED,Q6K00513,58,10,0,,,1.0,True,0.461489,"[""FMOD0110"", ""FMOD0023"", ""FMOD0083"", ""FMOD0119"", ""FMOD0036"", ""FMOD0024"", ""FMOD0025"", ""FMOD0067"", ""FMOD0004"", ""FMOD0035""]","[""FMOD0110"", ""FMOD0023"", ""FMOD0083"", ""FMOD0119"", ""FMOD0036"", ""FMOD0024"", ""FMOD0025"", ""FMOD0067"", ""FMOD0004"", ""FMOD0035""]"
BALANCED,Q6K00514,53,10,0,,,1.0,True,0.437719,"[""FMOD0102"", ""FMOD0119"", ""FMOD0120"", ""FMOD0069"", ""FMOD0035"", ""FMOD0110"", ""FMOD0079"", ""FMOD0036"", ""FMOD0025"", ""FMOD0024""]","[""FMOD0102"", ""FMOD0119"", ""FMOD0120"", ""FMOD0069"", ""FMOD0035"", ""FMOD0110"", ""FMOD0079"", ""FMOD0036"", ""FMOD0025"", ""FMOD0024""]"
BALANCED,Q6K00515,51,10,0,,,1.0,True,0.464084,"[""FMOD0120"", ""FMOD0119"", ""FMOD0023"", ""FMOD0036"", ""FMOD0035"", ""FMOD0102"", ""FMOD0055"", ""FMOD0110"", ""FMOD0069"", ""FMOD0067""]","[""FMOD0120"", ""FMOD0119"", ""FMOD0023"", ""FMOD0036"", ""FMOD0035"", ""FMOD0102"", ""FMOD0055"", ""FMOD0110"", ""FMOD0069"", ""FMOD0067""]"
BALANCED,Q6K00516,57,10,0,,,1.0,True,0.426533,"[""FMOD0035"", ""FMOD0086"", ""FMOD0119"", ""FMOD0036"", ""FMOD0120"", ""FMOD0110"", ""FMOD0005"", ""FMOD0023"", ""FMOD0069"", ""FMOD0024""]","[""FMOD0035"", ""FMOD0086"", ""FMOD0119"", ""FMOD0036"", ""FMOD0120"", ""FMOD0110"", ""FMOD0005"", ""FMOD0023"", ""FMOD0069"", ""FMOD0024""]"
BALANCED,Q6K00517,51,10,0,,,1.0,True,0.404975,"[""FMOD0023"", ""FMOD0119"", ""FMOD0102"", ""FMOD0022"", ""FMOD0051"", ""FMOD0035"", ""FMOD0120"", ""FMOD0036"", ""FMOD0110"", ""FMOD0079""]","[""FMOD0023"", ""FMOD0119"", ""FMOD0102"", ""FMOD0022"", ""FMOD0051"", ""FMOD0035"", ""FMOD0120"", ""FMOD0036"", ""FMOD0110"", ""FMOD0079""]"
BALANCED,Q6K00518,54,10,0,,,1.0,True,0.424682,"[""FMOD0035"", ""FMOD0102"", ""FMOD0119"", ""FMOD0110"", ""FMOD0096"", ""FMOD0069"", ""FMOD0033"", ""FMOD0083"", ""FMOD0086"", ""FMOD0120""]","[""FMOD0035"", ""FMOD0102"", ""FMOD0119"", ""FMOD0110"", ""FMOD0096"", ""FMOD0069"", ""FMOD0033"", ""FMOD0083"", ""FMOD0086"", ""FMOD0120""]"
BALANCED,Q6K00519,56,10,0,,,1.0,True,0.439353,"[""FMOD0119"", ""FMOD0079"", ""FMOD0077"", ""FMOD0110"", ""FMOD0023"", ""FMOD0102"", ""FMOD0036"", ""FMOD0069"", ""FMOD0035"", ""FMOD0120""]","[""FMOD0119"", ""FMOD0079"", ""FMOD0077"", ""FMOD0110"", ""FMOD0023"", ""FMOD0102"", ""FMOD0036"", ""FMOD0069"", ""FMOD0035"", ""FMOD0120""]"
BALANCED,Q6K00520,53,10,0,,,1.0,True,0.420429,"[""FMOD0119"", ""FMOD0035"", ""FMOD0023"", ""FMOD0079"", ""FMOD0102"", ""FMOD0120"", ""FMOD0055"", ""FMOD0110"", ""FMOD0036"", ""FMOD0083""]","[""FMOD0119"", ""FMOD0035"", ""FMOD0023"", ""FMOD0079"", ""FMOD0102"", ""FMOD0120"", ""FMOD0055"", ""FMOD0110"", ""FMOD0036"", ""FMOD0083""]"
BALANCED,Q6K00521,53,10,0,,,1.0,True,0.401919,"[""FMOD0069"", ""FMOD0086"", ""FMOD0120"", ""FMOD0035"", ""FMOD0119"", ""FMOD0036"", ""FMOD0005"", ""FMOD0023"", ""FMOD0113"", ""FMOD0067""]","[""FMOD0069"", ""FMOD0086"", ""FMOD0120"", ""FMOD0035"", ""FMOD0119"", ""FMOD0036"", ""FMOD0005"", ""FMOD0023"", ""FMOD0113"", ""FMOD0067""]"
BALANCED,Q6K00522,51,10,0,,,1.0,True,0.460735,"[""FMOD0035"", ""FMOD0023"", ""FMOD0119"", ""FMOD0102"", ""FMOD0079"", ""FMOD0069"", ""FMOD0120"", ""FMOD0087"", ""FMOD0110"", ""FMOD0033""]","[""FMOD0035"", ""FMOD0023"", ""FMOD0119"", ""FMOD0102"", ""FMOD0079"", ""FMOD0069"", ""FMOD0120"", ""FMOD0087"", ""FMOD0110"", ""FMOD0033""]"
BALANCED,Q6K00523,52,10,0,,,1.0,True,0.398349,"[""FMOD0035"", ""FMOD0023"", ""FMOD0119"", ""FMOD0102"", ""FMOD0051"", ""FMOD0120"", ""FMOD0036"", ""FMOD0110"", ""FMOD0079"", ""FMOD0087""]","[""FMOD0035"", ""FMOD0023"", ""FMOD0119"", ""FMOD0102"", ""FMOD0051"", ""FMOD0120"", ""FMOD0036"", ""FMOD0110"", ""FMOD0079"", ""FMOD0087""]"
BALANCED,Q6K00524,56,10,0,,,1.0,True,0.449982,"[""FMOD0035"", ""FMOD0023"", ""FMOD0051"", ""FMOD0069"", ""FMOD0119"", ""FMOD0102"", ""FMOD0120"", ""FMOD0110"", ""FMOD0083"", ""FMOD0036""]","[""FMOD0035"", ""FMOD0023"", ""FMOD0051"", ""FMOD0069"", ""FMOD0119"", ""FMOD0102"", ""FMOD0120"", ""FMOD0110"", ""FMOD0083"", ""FMOD0036""]"
BALANCED,Q6K00525,55,10,0,,,1.0,True,0.413877,"[""FMOD0069"", ""FMOD0086"", ""FMOD0120"", ""FMOD0035"", ""FMOD0113"", ""FMOD0119"", ""FMOD0036"", ""FMOD0005"", ""FMOD0023"", ""FMOD0053""]","[""FMOD0069"", ""FMOD0086"", ""FMOD0120"", ""FMOD0035"", ""FMOD0113"", ""FMOD0119"", ""FMOD0036"", ""FMOD0005"", ""FMOD0023"", ""FMOD0053""]"
BALANCED,Q6K00526,56,10,0,,,1.0,True,0.414902,"[""FMOD0120"", ""FMOD0023"", ""FMOD0102"", ""FMOD0035"", ""FMOD0119"", ""FMOD0069"", ""FMOD0079"", ""FMOD0036"", ""FMOD0077"", ""FMOD0110""]","[""FMOD0120"", ""FMOD0023"", ""FMOD0102"", ""FMOD0035"", ""FMOD0119"", ""FMOD0069"", ""FMOD0079"", ""FMOD0036"", ""FMOD0077"", ""FMOD0110""]"
BALANCED,Q6K00527,53,10,0,,,1.0,True,0.418029,"[""FMOD0055"", ""FMOD0005"", ""FMOD0080"", ""FMOD0119"", ""FMOD0053"", ""FMOD0083"", ""FMOD0023"", ""FMOD0110"", ""FMOD0036"", ""FMOD0024""]","[""FMOD0055"", ""FMOD0005"", ""FMOD0080"", ""FMOD0119"", ""FMOD0053"", ""FMOD0083"", ""FMOD0023"", ""FMOD0110"", ""FMOD0036"", ""FMOD0024""]"
BALANCED,Q6K00528,55,10,0,,,1.0,True,0.456876,"[""FMOD0035"", ""FMOD0023"", ""FMOD0051"", ""FMOD0079"", ""FMOD0119"", ""FMOD0005"", ""FMOD0102"", ""FMOD0055"", ""FMOD0083"", ""FMOD0036""]","[""FMOD0035"", ""FMOD0023"", ""FMOD0051"", ""FMOD0079"", ""FMOD0119"", ""FMOD0005"", ""FMOD0102"", ""FMOD0055"", ""FMOD0083"", ""FMOD0036""]"
BALANCED,Q6K00529,52,10,0,,,1.0,True,0.426737,"[""FMOD0086"", ""FMOD0035"", ""FMOD0119"", ""FMOD0025"", ""FMOD0120"", ""FMOD0033"", ""FMOD0110"", ""FMOD0102"", ""FMOD0023"", ""FMOD0069""]","[""FMOD0086"", ""FMOD0035"", ""FMOD0119"", ""FMOD0025"", ""FMOD0120"", ""FMOD0033"", ""FMOD0110"", ""FMOD0102"", ""FMOD0023"", ""FMOD0069""]"
BALANCED,Q6K00530,53,10,0,,,1.0,True,0.462937,"[""FMOD0069"", ""FMOD0035"", ""FMOD0023"", ""FMOD0119"", ""FMOD0036"", ""FMOD0067"", ""FMOD0004"", ""FMOD0083"", ""FMOD0025"", ""FMOD0053""]","[""FMOD0069"", ""FMOD0035"", ""FMOD0023"", ""FMOD0119"", ""FMOD0036"", ""FMOD0067"", ""FMOD0004"", ""FMOD0083"", ""FMOD0025"", ""FMOD0053""]"
BALANCED,Q6K00531,51,10,0,,,1.0,True,0.442996,"[""FMOD0035"", ""FMOD0023"", ""FMOD0119"", ""FMOD0102"", ""FMOD0110"", ""FMOD0079"", ""FMOD0051"", ""FMOD0036"", ""FMOD0120"", ""FMOD0069""]","[""FMOD0035"", ""FMOD0023"", ""FMOD0119"", ""FMOD0102"", ""FMOD0110"", ""FMOD0079"", ""FMOD0051"", ""FMOD0036"", ""FMOD0120"", ""FMOD0069""]"
BALANCED,Q6K00532,58,10,0,,,1.0,True,0.40069,"[""FMOD0069"", ""FMOD0035"", ""FMOD0023"", ""FMOD0119"", ""FMOD0036"", ""FMOD0004"", ""FMOD0067"", ""FMOD0083"", ""FMOD0025"", ""FMOD0053""]","[""FMOD0069"", ""FMOD0035"", ""FMOD0023"", ""FMOD0119"", ""FMOD0036"", ""FMOD0004"", ""FMOD0067"", ""FMOD0083"", ""FMOD0025"", ""FMOD0053""]"
BALANCED,Q6K00533,56,10,0,,,1.0,True,0.675435,"[""FMOD0119"", ""FMOD0023"", ""FMOD0110"", ""FMOD0036"", ""FMOD0069"", ""FMOD0120"", ""FMOD0102"", ""FMOD0035"", ""FMOD0055"", ""FMOD0079""]","[""FMOD0119"", ""FMOD0023"", ""FMOD0110"", ""FMOD0036"", ""FMOD0069"", ""FMOD0120"", ""FMOD0102"", ""FMOD0035"", ""FMOD0055"", ""FMOD0079""]"
BALANCED,Q6K00534,50,10,0,,,1.0,True,0.437123,"[""FMOD0087"", ""FMOD0023"", ""FMOD0035"", ""FMOD0079"", ""FMOD0016"", ""FMOD0119"", ""FMOD0110"", ""FMOD0055"", ""FMOD0014"", ""FMOD0102""]","[""FMOD0087"", ""FMOD0023"", ""FMOD0035"", ""FMOD0079"", ""FMOD0016"", ""FMOD0119"", ""FMOD0110"", ""FMOD0055"", ""FMOD0014"", ""FMOD0102""]"
BALANCED,Q6K00535,55,10,0,,,1.0,True,0.417742,"[""FMOD0035"", ""FMOD0102"", ""FMOD0069"", ""FMOD0036"", ""FMOD0079"", ""FMOD0120"", ""FMOD0119"", ""FMOD0110"", ""FMOD0023"", ""FMOD0104""]","[""FMOD0035"", ""FMOD0102"", ""FMOD0069"", ""FMOD0036"", ""FMOD0079"", ""FMOD0120"", ""FMOD0119"", ""FMOD0110"", ""FMOD0023"", ""FMOD0104""]"
BALANCED,Q6K00536,54,10,0,,,1.0,True,0.506373,"[""FMOD0023"", ""FMOD0035"", ""FMOD0091"", ""FMOD0055"", ""FMOD0043"", ""FMOD0011"", ""FMOD0100"", ""FMOD0120"", ""FMOD0119"", ""FMOD0036""]","[""FMOD0023"", ""FMOD0035"", ""FMOD0091"", ""FMOD0055"", ""FMOD0043"", ""FMOD0011"", ""FMOD0100"", ""FMOD0120"", ""FMOD0119"", ""FMOD0036""]"
BALANCED,Q6K00537,56,10,0,,,1.0,True,0.438158,"[""FMOD0023"", ""FMOD0055"", ""FMOD0069"", ""FMOD0025"", ""FMOD0100"", ""FMOD0119"", ""FMOD0036"", ""FMOD0035"", ""FMOD0102"", ""FMOD0120""]","[""FMOD0023"", ""FMOD0055"", ""FMOD0069"", ""FMOD0025"", ""FMOD0100"", ""FMOD0119"", ""FMOD0036"", ""FMOD0035"", ""FMOD0102"", ""FMOD0120""]"
BALANCED,Q6K00538,53,10,0,,,1.0,True,0.416797,"[""FMOD0055"", ""FMOD0023"", ""FMOD0069"", ""FMOD0025"", ""FMOD0100"", ""FMOD0035"", ""FMOD0079"", ""FMOD0119"", ""FMOD0120"", ""FMOD0036""]","[""FMOD0055"", ""FMOD0023"", ""FMOD0069"", ""FMOD0025"", ""FMOD0100"", ""FMOD0035"", ""FMOD0079"", ""FMOD0119"", ""FMOD0120"", ""FMOD0036""]"
BALANCED,Q6K00539,56,10,0,,,1.0,True,0.421655,"[""FMOD0035"", ""FMOD0005"", ""FMOD0102"", ""FMOD0069"", ""FMOD0024"", ""FMOD0079"", ""FMOD0036"", ""FMOD0083"", ""FMOD0077"", ""FMOD0120""]","[""FMOD0035"", ""FMOD0005"", ""FMOD0102"", ""FMOD0069"", ""FMOD0024"", ""FMOD0079"", ""FMOD0036"", ""FMOD0083"", ""FMOD0077"", ""FMOD0120""]"
BALANCED,Q6K00540,51,10,0,,,1.0,True,0.55258,"[""FMOD0110"", ""FMOD0023"", ""FMOD0119"", ""FMOD0102"", ""FMOD0069"", ""FMOD0035"", ""FMOD0055"", ""FMOD0120"", ""FMOD0036"", ""FMOD0079""]","[""FMOD0110"", ""FMOD0023"", ""FMOD0119"", ""FMOD0102"", ""FMOD0069"", ""FMOD0035"", ""FMOD0055"", ""FMOD0120"", ""FMOD0036"", ""FMOD0079""]"
HIGH_RECALL,Q6K00181,59,10,1,1.0,True,1.0,True,1.027573,"[""FMOD0077"", ""FMOD0005"", ""FMOD0023"", ""FMOD0069"", ""FMOD0083"", ""FMOD0119"", ""FMOD0025"", ""FMOD0067"", ""FMOD0120"", ""FMOD0110""]","[""FMOD0077"", ""FMOD0005"", ""FMOD0023"", ""FMOD0069"", ""FMOD0083"", ""FMOD0119"", ""FMOD0025"", ""FMOD0067"", ""FMOD0120"", ""FMOD0110""]"
HIGH_RECALL,Q6K00182,60,10,1,1.0,True,1.0,True,0.551399,"[""FMOD0001"", ""FMOD0035"", ""FMOD0055"", ""FMOD0080"", ""FMOD0023"", ""FMOD0110"", ""FMOD0043"", ""FMOD0102"", ""FMOD0120"", ""FMOD0096""]","[""FMOD0001"", ""FMOD0035"", ""FMOD0055"", ""FMOD0080"", ""FMOD0023"", ""FMOD0110"", ""FMOD0043"", ""FMOD0102"", ""FMOD0120"", ""FMOD0096""]"
HIGH_RECALL,Q6K00183,60,10,1,1.0,True,1.0,True,0.576625,"[""FMOD0023"", ""FMOD0036"", ""FMOD0119"", ""FMOD0035"", ""FMOD0120"", ""FMOD0102"", ""FMOD0110"", ""FMOD0075"", ""FMOD0005"", ""FMOD0077""]","[""FMOD0023"", ""FMOD0036"", ""FMOD0119"", ""FMOD0035"", ""FMOD0120"", ""FMOD0102"", ""FMOD0110"", ""FMOD0075"", ""FMOD0005"", ""FMOD0077""]"
HIGH_RECALL,Q6K00184,59,10,1,1.0,True,1.0,True,0.550424,"[""FMOD0004"", ""FMOD0067"", ""FMOD0113"", ""FMOD0036"", ""FMOD0110"", ""FMOD0024"", ""FMOD0043"", ""FMOD0083"", ""FMOD0035"", ""FMOD0025""]","[""FMOD0004"", ""FMOD0067"", ""FMOD0113"", ""FMOD0036"", ""FMOD0110"", ""FMOD0024"", ""FMOD0043"", ""FMOD0083"", ""FMOD0035"", ""FMOD0025""]"
HIGH_RECALL,Q6K00185,60,10,1,1.0,True,1.0,True,0.533808,"[""FMOD0096"", ""FMOD0023"", ""FMOD0120"", ""FMOD0119"", ""FMOD0035"", ""FMOD0069"", ""FMOD0102"", ""FMOD0055"", ""FMOD0005"", ""FMOD0036""]","[""FMOD0096"", ""FMOD0023"", ""FMOD0120"", ""FMOD0119"", ""FMOD0035"", ""FMOD0069"", ""FMOD0102"", ""FMOD0055"", ""FMOD0005"", ""FMOD0036""]"
HIGH_RECALL,Q6K00186,59,10,1,1.0,True,1.0,True,0.567458,"[""FMOD0077"", ""FMOD0023"", ""FMOD0086"", ""FMOD0110"", ""FMOD0067"", ""FMOD0069"", ""FMOD0005"", ""FMOD0120"", ""FMOD0119"", ""FMOD0025""]","[""FMOD0077"", ""FMOD0023"", ""FMOD0086"", ""FMOD0110"", ""FMOD0067"", ""FMOD0069"", ""FMOD0005"", ""FMOD0120"", ""FMOD0119"", ""FMOD0025""]"
HIGH_RECALL,Q6K00187,59,10,1,1.0,True,1.0,True,0.510533,"[""FMOD0086"", ""FMOD0050"", ""FMOD0024"", ""FMOD0110"", ""FMOD0036"", ""FMOD0069"", ""FMOD0119"", ""FMOD0077"", ""FMOD0120"", ""FMOD0044""]","[""FMOD0086"", ""FMOD0050"", ""FMOD0024"", ""FMOD0110"", ""FMOD0036"", ""FMOD0069"", ""FMOD0119"", ""FMOD0077"", ""FMOD0120"", ""FMOD0044""]"
HIGH_RECALL,Q6K00188,60,10,1,1.0,True,1.0,True,0.530759,"[""FMOD0001"", ""FMOD0086"", ""FMOD0035"", ""FMOD0119"", ""FMOD0110"", ""FMOD0120"", ""FMOD0036"", ""FMOD0055"", ""FMOD0102"", ""FMOD0005""]","[""FMOD0001"", ""FMOD0086"", ""FMOD0035"", ""FMOD0119"", ""FMOD0110"", ""FMOD0120"", ""FMOD0036"", ""FMOD0055"", ""FMOD0102"", ""FMOD0005""]"
HIGH_RECALL,Q6K00189,60,10,1,1.0,True,1.0,True,0.510085,"[""FMOD0087"", ""FMOD0102"", ""FMOD0119"", ""FMOD0079"", ""FMOD0055"", ""FMOD0051"", ""FMOD0036"", ""FMOD0091"", ""FMOD0005"", ""FMOD0023""]","[""FMOD0087"", ""FMOD0102"", ""FMOD0119"", ""FMOD0079"", ""FMOD0055"", ""FMOD0051"", ""FMOD0036"", ""FMOD0091"", ""FMOD0005"", ""FMOD0023""]"
HIGH_RECALL,Q6K00190,59,10,1,1.0,True,1.0,True,0.549254,"[""FMOD0050"", ""FMOD0086"", ""FMOD0069"", ""FMOD0025"", ""FMOD0120"", ""FMOD0119"", ""FMOD0102"", ""FMOD0005"", ""FMOD0033"", ""FMOD0035""]","[""FMOD0050"", ""FMOD0086"", ""FMOD0069"", ""FMOD0025"", ""FMOD0120"", ""FMOD0119"", ""FMOD0102"", ""FMOD0005"", ""FMOD0033"", ""FMOD0035""]"
HIGH_RECALL,Q6K00191,59,10,1,1.0,True,1.0,True,0.521047,"[""FMOD0086"", ""FMOD0050"", ""FMOD0024"", ""FMOD0036"", ""FMOD0119"", ""FMOD0077"", ""FMOD0120"", ""FMOD0110"", ""FMOD0044"", ""FMOD0069""]","[""FMOD0086"", ""FMOD0050"", ""FMOD0024"", ""FMOD0036"", ""FMOD0119"", ""FMOD0077"", ""FMOD0120"", ""FMOD0110"", ""FMOD0044"", ""FMOD0069""]"
HIGH_RECALL,Q6K00192,59,10,1,1.0,True,1.0,True,0.531967,"[""FMOD0086"", ""FMOD0050"", ""FMOD0024"", ""FMOD0120"", ""FMOD0036"", ""FMOD0069"", ""FMOD0080"", ""FMOD0110"", ""FMOD0102"", ""FMOD0023""]","[""FMOD0086"", ""FMOD0050"", ""FMOD0024"", ""FMOD0120"", ""FMOD0036"", ""FMOD0069"", ""FMOD0080"", ""FMOD0110"", ""FMOD0102"", ""FMOD0023""]"
HIGH_RECALL,Q6K00193,60,10,1,1.0,True,1.0,True,0.546599,"[""FMOD0025"", ""FMOD0069"", ""FMOD0023"", ""FMOD0055"", ""FMOD0096"", ""FMOD0080"", ""FMOD0102"", ""FMOD0120"", ""FMOD0077"", ""FMOD0119""]","[""FMOD0025"", ""FMOD0069"", ""FMOD0023"", ""FMOD0055"", ""FMOD0096"", ""FMOD0080"", ""FMOD0102"", ""FMOD0120"", ""FMOD0077"", ""FMOD0119""]"
HIGH_RECALL,Q6K00194,60,10,1,1.0,True,1.0,True,0.575439,"[""FMOD0083"", ""FMOD0102"", ""FMOD0036"", ""FMOD0035"", ""FMOD0119"", ""FMOD0069"", ""FMOD0079"", ""FMOD0120"", ""FMOD0077"", ""FMOD0023""]","[""FMOD0083"", ""FMOD0102"", ""FMOD0036"", ""FMOD0035"", ""FMOD0119"", ""FMOD0069"", ""FMOD0079"", ""FMOD0120"", ""FMOD0077"", ""FMOD0023""]"
HIGH_RECALL,Q6K00195,59,10,1,1.0,True,1.0,True,0.630148,"[""FMOD0061"", ""FMOD0083"", ""FMOD0102"", ""FMOD0091"", ""FMOD0023"", ""FMOD0035"", ""FMOD0069"", ""FMOD0119"", ""FMOD0120"", ""FMOD0036""]","[""FMOD0061"", ""FMOD0083"", ""FMOD0102"", ""FMOD0091"", ""FMOD0023"", ""FMOD0035"", ""FMOD0069"", ""FMOD0119"", ""FMOD0120"", ""FMOD0036""]"
HIGH_RECALL,Q6K00196,60,10,1,1.0,True,1.0,True,0.525551,"[""FMOD0025"", ""FMOD0033"", ""FMOD0035"", ""FMOD0050"", ""FMOD0069"", ""FMOD0077"", ""FMOD0086"", ""FMOD0102"", ""FMOD0113"", ""FMOD0119""]","[""FMOD0025"", ""FMOD0033"", ""FMOD0035"", ""FMOD0050"", ""FMOD0069"", ""FMOD0077"", ""FMOD0086"", ""FMOD0102"", ""FMOD0113"", ""FMOD0119""]"
HIGH_RECALL,Q6K00197,60,10,1,1.0,True,1.0,True,0.523025,"[""FMOD0069"", ""FMOD0102"", ""FMOD0119"", ""FMOD0005"", ""FMOD0120"", ""FMOD0033"", ""FMOD0036"", ""FMOD0110"", ""FMOD0105"", ""FMOD0079""]","[""FMOD0069"", ""FMOD0102"", ""FMOD0119"", ""FMOD0005"", ""FMOD0120"", ""FMOD0033"", ""FMOD0036"", ""FMOD0110"", ""FMOD0105"", ""FMOD0079""]"
HIGH_RECALL,Q6K00198,59,10,1,1.0,True,1.0,True,0.569111,"[""FMOD0043"", ""FMOD0023"", ""FMOD0035"", ""FMOD0102"", ""FMOD0096"", ""FMOD0069"", ""FMOD0119"", ""FMOD0024"", ""FMOD0079"", ""FMOD0025""]","[""FMOD0043"", ""FMOD0023"", ""FMOD0035"", ""FMOD0102"", ""FMOD0096"", ""FMOD0069"", ""FMOD0119"", ""FMOD0024"", ""FMOD0079"", ""FMOD0025""]"
HIGH_RECALL,Q6K00199,60,10,1,1.0,True,1.0,True,0.526213,"[""FMOD0067"", ""FMOD0069"", ""FMOD0102"", ""FMOD0119"", ""FMOD0120"", ""FMOD0023"", ""FMOD0036"", ""FMOD0005"", ""FMOD0110"", ""FMOD0035""]","[""FMOD0067"", ""FMOD0069"", ""FMOD0102"", ""FMOD0119"", ""FMOD0120"", ""FMOD0023"", ""FMOD0036"", ""FMOD0005"", ""FMOD0110"", ""FMOD0035""]"
HIGH_RECALL,Q6K00200,59,10,1,1.0,True,1.0,True,0.564654,"[""FMOD0051"", ""FMOD0023"", ""FMOD0035"", ""FMOD0016"", ""FMOD0120"", ""FMOD0079"", ""FMOD0119"", ""FMOD0055"", ""FMOD0102"", ""FMOD0087""]","[""FMOD0051"", ""FMOD0023"", ""FMOD0035"", ""FMOD0016"", ""FMOD0120"", ""FMOD0079"", ""FMOD0119"", ""FMOD0055"", ""FMOD0102"", ""FMOD0087""]"
HIGH_RECALL,Q6K00201,60,10,1,1.0,True,1.0,True,0.546614,"[""FMOD0066"", ""FMOD0055"", ""FMOD0036"", ""FMOD0102"", ""FMOD0120"", ""FMOD0096"", ""FMOD0079"", ""FMOD0017"", ""FMOD0005"", ""FMOD0119""]","[""FMOD0066"", ""FMOD0055"", ""FMOD0036"", ""FMOD0102"", ""FMOD0120"", ""FMOD0096"", ""FMOD0079"", ""FMOD0017"", ""FMOD0005"", ""FMOD0119""]"
HIGH_RECALL,Q6K00202,60,10,1,1.0,True,1.0,True,0.520642,"[""FMOD0087"", ""FMOD0023"", ""FMOD0035"", ""FMOD0079"", ""FMOD0022"", ""FMOD0091"", ""FMOD0036"", ""FMOD0016"", ""FMOD0055"", ""FMOD0119""]","[""FMOD0087"", ""FMOD0023"", ""FMOD0035"", ""FMOD0079"", ""FMOD0022"", ""FMOD0091"", ""FMOD0036"", ""FMOD0016"", ""FMOD0055"", ""FMOD0119""]"
HIGH_RECALL,Q6K00203,59,10,1,1.0,True,1.0,True,0.547198,"[""FMOD0102"", ""FMOD0079"", ""FMOD0119"", ""FMOD0120"", ""FMOD0110"", ""FMOD0069"", ""FMOD0036"", ""FMOD0035"", ""FMOD0025"", ""FMOD0033""]","[""FMOD0102"", ""FMOD0079"", ""FMOD0119"", ""FMOD0120"", ""FMOD0110"", ""FMOD0069"", ""FMOD0036"", ""FMOD0035"", ""FMOD0025"", ""FMOD0033""]"
HIGH_RECALL,Q6K00204,60,10,1,1.0,True,1.0,True,0.54536,"[""FMOD0050"", ""FMOD0086"", ""FMOD0069"", ""FMOD0025"", ""FMOD0120"", ""FMOD0119"", ""FMOD0102"", ""FMOD0005"", ""FMOD0035"", ""FMOD0033""]","[""FMOD0050"", ""FMOD0086"", ""FMOD0069"", ""FMOD0025"", ""FMOD0120"", ""FMOD0119"", ""FMOD0102"", ""FMOD0005"", ""FMOD0035"", ""FMOD0033""]"
HIGH_RECALL,Q6K00205,60,10,1,1.0,True,1.0,True,0.542311,"[""FMOD0051"", ""FMOD0023"", ""FMOD0035"", ""FMOD0016"", ""FMOD0119"", ""FMOD0102"", ""FMOD0055"", ""FMOD0079"", ""FMOD0069"", ""FMOD0120""]","[""FMOD0051"", ""FMOD0023"", ""FMOD0035"", ""FMOD0016"", ""FMOD0119"", ""FMOD0102"", ""FMOD0055"", ""FMOD0079"", ""FMOD0069"", ""FMOD0120""]"
HIGH_RECALL,Q6K00206,60,10,1,1.0,True,1.0,True,0.501341,"[""FMOD0016"", ""FMOD0102"", ""FMOD0031"", ""FMOD0023"", ""FMOD0035"", ""FMOD0033"", ""FMOD0051"", ""FMOD0119"", ""FMOD0091"", ""FMOD0120""]","[""FMOD0016"", ""FMOD0102"", ""FMOD0031"", ""FMOD0023"", ""FMOD0035"", ""FMOD0033"", ""FMOD0051"", ""FMOD0119"", ""FMOD0091"", ""FMOD0120""]"
HIGH_RECALL,Q6K00207,59,10,1,1.0,True,1.0,True,0.985709,"[""FMOD0023"", ""FMOD0035"", ""FMOD0120"", ""FMOD0102"", ""FMOD0069"", ""FMOD0119"", ""FMOD0077"", ""FMOD0110"", ""FMOD0079"", ""FMOD0053""]","[""FMOD0023"", ""FMOD0035"", ""FMOD0120"", ""FMOD0102"", ""FMOD0069"", ""FMOD0119"", ""FMOD0077"", ""FMOD0110"", ""FMOD0079"", ""FMOD0053""]"
HIGH_RECALL,Q6K00208,60,10,1,1.0,True,1.0,True,0.561542,"[""FMOD0102"", ""FMOD0079"", ""FMOD0023"", ""FMOD0055"", ""FMOD0035"", ""FMOD0036"", ""FMOD0014"", ""FMOD0091"", ""FMOD0120"", ""FMOD0043""]","[""FMOD0102"", ""FMOD0079"", ""FMOD0023"", ""FMOD0055"", ""FMOD0035"", ""FMOD0036"", ""FMOD0014"", ""FMOD0091"", ""FMOD0120"", ""FMOD0043""]"
HIGH_RECALL,Q6K00209,59,10,1,1.0,True,1.0,True,0.492417,"[""FMOD0089"", ""FMOD0079"", ""FMOD0067"", ""FMOD0102"", ""FMOD0110"", ""FMOD0119"", ""FMOD0024"", ""FMOD0120"", ""FMOD0036"", ""FMOD0035""]","[""FMOD0089"", ""FMOD0079"", ""FMOD0067"", ""FMOD0102"", ""FMOD0110"", ""FMOD0119"", ""FMOD0024"", ""FMOD0120"", ""FMOD0036"", ""FMOD0035""]"
HIGH_RECALL,Q6K00210,60,10,1,1.0,True,1.0,True,0.538473,"[""FMOD0023"", ""FMOD0035"", ""FMOD0016"", ""FMOD0069"", ""FMOD0119"", ""FMOD0055"", ""FMOD0102"", ""FMOD0120"", ""FMOD0036"", ""FMOD0079""]","[""FMOD0023"", ""FMOD0035"", ""FMOD0016"", ""FMOD0069"", ""FMOD0119"", ""FMOD0055"", ""FMOD0102"", ""FMOD0120"", ""FMOD0036"", ""FMOD0079""]"
HIGH_RECALL,Q6K00211,60,10,1,1.0,True,1.0,True,0.501362,"[""FMOD0053"", ""FMOD0120"", ""FMOD0035"", ""FMOD0110"", ""FMOD0102"", ""FMOD0119"", ""FMOD0069"", ""FMOD0079"", ""FMOD0083"", ""FMOD0023""]","[""FMOD0053"", ""FMOD0120"", ""FMOD0035"", ""FMOD0110"", ""FMOD0102"", ""FMOD0119"", ""FMOD0069"", ""FMOD0079"", ""FMOD0083"", ""FMOD0023""]"
HIGH_RECALL,Q6K00212,59,10,1,1.0,True,1.0,True,0.86424,"[""FMOD0060"", ""FMOD0023"", ""FMOD0075"", ""FMOD0096"", ""FMOD0102"", ""FMOD0036"", ""FMOD0043"", ""FMOD0120"", ""FMOD0083"", ""FMOD0024""]","[""FMOD0060"", ""FMOD0023"", ""FMOD0075"", ""FMOD0096"", ""FMOD0102"", ""FMOD0036"", ""FMOD0043"", ""FMOD0120"", ""FMOD0083"", ""FMOD0024""]"
HIGH_RECALL,Q6K00213,60,10,1,1.0,True,1.0,True,0.630069,"[""FMOD0087"", ""FMOD0023"", ""FMOD0035"", ""FMOD0079"", ""FMOD0091"", ""FMOD0022"", ""FMOD0036"", ""FMOD0016"", ""FMOD0055"", ""FMOD0119""]","[""FMOD0087"", ""FMOD0023"", ""FMOD0035"", ""FMOD0079"", ""FMOD0091"", ""FMOD0022"", ""FMOD0036"", ""FMOD0016"", ""FMOD0055"", ""FMOD0119""]"
HIGH_RECALL,Q6K00214,58,10,1,1.0,True,1.0,True,0.531334,"[""FMOD0044"", ""FMOD0120"", ""FMOD0119"", ""FMOD0035"", ""FMOD0077"", ""FMOD0069"", ""FMOD0023"", ""FMOD0110"", ""FMOD0086"", ""FMOD0102""]","[""FMOD0044"", ""FMOD0120"", ""FMOD0119"", ""FMOD0035"", ""FMOD0077"", ""FMOD0069"", ""FMOD0023"", ""FMOD0110"", ""FMOD0086"", ""FMOD0102""]"
HIGH_RECALL,Q6K00215,60,10,1,1.0,True,1.0,True,0.547172,"[""FMOD0025"", ""FMOD0069"", ""FMOD0023"", ""FMOD0055"", ""FMOD0120"", ""FMOD0035"", ""FMOD0119"", ""FMOD0005"", ""FMOD0102"", ""FMOD0077""]","[""FMOD0025"", ""FMOD0069"", ""FMOD0023"", ""FMOD0055"", ""FMOD0120"", ""FMOD0035"", ""FMOD0119"", ""FMOD0005"", ""FMOD0102"", ""FMOD0077""]"
HIGH_RECALL,Q6K00216,59,10,1,1.0,True,1.0,True,0.49394,"[""FMOD0016"", ""FMOD0035"", ""FMOD0023"", ""FMOD0120"", ""FMOD0079"", ""FMOD0119"", ""FMOD0102"", ""FMOD0075"", ""FMOD0069"", ""FMOD0036""]","[""FMOD0016"", ""FMOD0035"", ""FMOD0023"", ""FMOD0120"", ""FMOD0079"", ""FMOD0119"", ""FMOD0102"", ""FMOD0075"", ""FMOD0069"", ""FMOD0036""]"
HIGH_RECALL,Q6K00217,60,10,1,1.0,True,1.0,True,0.506226,"[""FMOD0016"", ""FMOD0035"", ""FMOD0023"", ""FMOD0120"", ""FMOD0119"", ""FMOD0102"", ""FMOD0079"", ""FMOD0075"", ""FMOD0069"", ""FMOD0036""]","[""FMOD0016"", ""FMOD0035"", ""FMOD0023"", ""FMOD0120"", ""FMOD0119"", ""FMOD0102"", ""FMOD0079"", ""FMOD0075"", ""FMOD0069"", ""FMOD0036""]"
HIGH_RECALL,Q6K00218,59,10,1,1.0,True,1.0,True,0.498639,"[""FMOD0083"", ""FMOD0119"", ""FMOD0102"", ""FMOD0035"", ""FMOD0120"", ""FMOD0069"", ""FMOD0079"", ""FMOD0110"", ""FMOD0036"", ""FMOD0023""]","[""FMOD0083"", ""FMOD0119"", ""FMOD0102"", ""FMOD0035"", ""FMOD0120"", ""FMOD0069"", ""FMOD0079"", ""FMOD0110"", ""FMOD0036"", ""FMOD0023""]"
HIGH_RECALL,Q6K00219,59,10,1,1.0,True,1.0,True,0.517926,"[""FMOD0060"", ""FMOD0023"", ""FMOD0119"", ""FMOD0035"", ""FMOD0051"", ""FMOD0120"", ""FMOD0102"", ""FMOD0110"", ""FMOD0086"", ""FMOD0005""]","[""FMOD0060"", ""FMOD0023"", ""FMOD0119"", ""FMOD0035"", ""FMOD0051"", ""FMOD0120"", ""FMOD0102"", ""FMOD0110"", ""FMOD0086"", ""FMOD0005""]"
HIGH_RECALL,Q6K00220,59,10,1,1.0,True,1.0,True,0.526359,"[""FMOD0074"", ""FMOD0035"", ""FMOD0079"", ""FMOD0077"", ""FMOD0053"", ""FMOD0083"", ""FMOD0102"", ""FMOD0033"", ""FMOD0055"", ""FMOD0004""]","[""FMOD0074"", ""FMOD0035"", ""FMOD0079"", ""FMOD0077"", ""FMOD0053"", ""FMOD0083"", ""FMOD0102"", ""FMOD0033"", ""FMOD0055"", ""FMOD0004""]"
HIGH_RECALL,Q6K00221,59,10,1,1.0,True,1.0,True,0.528431,"[""FMOD0023"", ""FMOD0035"", ""FMOD0089"", ""FMOD0102"", ""FMOD0119"", ""FMOD0040"", ""FMOD0051"", ""FMOD0043"", ""FMOD0120"", ""FMOD0036""]","[""FMOD0023"", ""FMOD0035"", ""FMOD0089"", ""FMOD0102"", ""FMOD0119"", ""FMOD0040"", ""FMOD0051"", ""FMOD0043"", ""FMOD0120"", ""FMOD0036""]"
HIGH_RECALL,Q6K00222,59,10,1,1.0,True,1.0,True,0.547096,"[""FMOD0061"", ""FMOD0102"", ""FMOD0091"", ""FMOD0023"", ""FMOD0035"", ""FMOD0069"", ""FMOD0036"", ""FMOD0055"", ""FMOD0119"", ""FMOD0060""]","[""FMOD0061"", ""FMOD0102"", ""FMOD0091"", ""FMOD0023"", ""FMOD0035"", ""FMOD0069"", ""FMOD0036"", ""FMOD0055"", ""FMOD0119"", ""FMOD0060""]"
HIGH_RECALL,Q6K00223,60,10,1,1.0,True,1.0,True,0.531042,"[""FMOD0003"", ""FMOD0089"", ""FMOD0014"", ""FMOD0120"", ""FMOD0069"", ""FMOD0005"", ""FMOD0023"", ""FMOD0053"", ""FMOD0035"", ""FMOD0102""]","[""FMOD0003"", ""FMOD0089"", ""FMOD0014"", ""FMOD0120"", ""FMOD0069"", ""FMOD0005"", ""FMOD0023"", ""FMOD0053"", ""FMOD0035"", ""FMOD0102""]"
HIGH_RECALL,Q6K00224,60,10,1,1.0,True,1.0,True,0.507355,"[""FMOD0074"", ""FMOD0079"", ""FMOD0023"", ""FMOD0035"", ""FMOD0053"", ""FMOD0043"", ""FMOD0077"", ""FMOD0069"", ""FMOD0033"", ""FMOD0102""]","[""FMOD0074"", ""FMOD0079"", ""FMOD0023"", ""FMOD0035"", ""FMOD0053"", ""FMOD0043"", ""FMOD0077"", ""FMOD0069"", ""FMOD0033"", ""FMOD0102""]"
HIGH_RECALL,Q6K00225,59,10,1,1.0,True,1.0,True,0.487899,"[""FMOD0074"", ""FMOD0035"", ""FMOD0023"", ""FMOD0077"", ""FMOD0033"", ""FMOD0079"", ""FMOD0083"", ""FMOD0036"", ""FMOD0102"", ""FMOD0053""]","[""FMOD0074"", ""FMOD0035"", ""FMOD0023"", ""FMOD0077"", ""FMOD0033"", ""FMOD0079"", ""FMOD0083"", ""FMOD0036"", ""FMOD0102"", ""FMOD0053""]"
HIGH_RECALL,Q6K00226,59,10,1,1.0,True,1.0,True,0.573166,"[""FMOD0053"", ""FMOD0102"", ""FMOD0120"", ""FMOD0035"", ""FMOD0023"", ""FMOD0036"", ""FMOD0119"", ""FMOD0079"", ""FMOD0110"", ""FMOD0083""]","[""FMOD0053"", ""FMOD0102"", ""FMOD0120"", ""FMOD0035"", ""FMOD0023"", ""FMOD0036"", ""FMOD0119"", ""FMOD0079"", ""FMOD0110"", ""FMOD0083""]"
HIGH_RECALL,Q6K00227,59,10,1,1.0,True,1.0,True,0.516692,"[""FMOD0096"", ""FMOD0023"", ""FMOD0120"", ""FMOD0119"", ""FMOD0035"", ""FMOD0113"", ""FMOD0069"", ""FMOD0025"", ""FMOD0086"", ""FMOD0055""]","[""FMOD0096"", ""FMOD0023"", ""FMOD0120"", ""FMOD0119"", ""FMOD0035"", ""FMOD0113"", ""FMOD0069"", ""FMOD0025"", ""FMOD0086"", ""FMOD0055""]"
HIGH_RECALL,Q6K00228,59,10,1,1.0,True,1.0,True,0.503808,"[""FMOD0011"", ""FMOD0110"", ""FMOD0119"", ""FMOD0023"", ""FMOD0102"", ""FMOD0067"", ""FMOD0077"", ""FMOD0004"", ""FMOD0079"", ""FMOD0005""]","[""FMOD0011"", ""FMOD0110"", ""FMOD0119"", ""FMOD0023"", ""FMOD0102"", ""FMOD0067"", ""FMOD0077"", ""FMOD0004"", ""FMOD0079"", ""FMOD0005""]"
HIGH_RECALL,Q6K00229,59,10,1,1.0,True,1.0,True,0.507413,"[""FMOD0086"", ""FMOD0050"", ""FMOD0024"", ""FMOD0110"", ""FMOD0036"", ""FMOD0069"", ""FMOD0119"", ""FMOD0077"", ""FMOD0120"", ""FMOD0044""]","[""FMOD0086"", ""FMOD0050"", ""FMOD0024"", ""FMOD0110"", ""FMOD0036"", ""FMOD0069"", ""FMOD0119"", ""FMOD0077"", ""FMOD0120"", ""FMOD0044""]"
HIGH_RECALL,Q6K00230,59,10,1,1.0,True,1.0,True,0.564402,"[""FMOD0036"", ""FMOD0079"", ""FMOD0119"", ""FMOD0091"", ""FMOD0120"", ""FMOD0102"", ""FMOD0083"", ""FMOD0035"", ""FMOD0017"", ""FMOD0104""]","[""FMOD0036"", ""FMOD0079"", ""FMOD0119"", ""FMOD0091"", ""FMOD0120"", ""FMOD0102"", ""FMOD0083"", ""FMOD0035"", ""FMOD0017"", ""FMOD0104""]"
HIGH_RECALL,Q6K00231,59,10,1,1.0,True,1.0,True,0.52548,"[""FMOD0102"", ""FMOD0079"", ""FMOD0035"", ""FMOD0023"", ""FMOD0005"", ""FMOD0069"", ""FMOD0055"", ""FMOD0110"", ""FMOD0016"", ""FMOD0119""]","[""FMOD0102"", ""FMOD0079"", ""FMOD0035"", ""FMOD0023"", ""FMOD0005"", ""FMOD0069"", ""FMOD0055"", ""FMOD0110"", ""FMOD0016"", ""FMOD0119""]"
HIGH_RECALL,Q6K00232,60,10,1,1.0,True,1.0,True,0.636917,"[""FMOD0060"", ""FMOD0023"", ""FMOD0086"", ""FMOD0043"", ""FMOD0110"", ""FMOD0044"", ""FMOD0036"", ""FMOD0075"", ""FMOD0102"", ""FMOD0120""]","[""FMOD0060"", ""FMOD0023"", ""FMOD0086"", ""FMOD0043"", ""FMOD0110"", ""FMOD0044"", ""FMOD0036"", ""FMOD0075"", ""FMOD0102"", ""FMOD0120""]"
HIGH_RECALL,Q6K00233,58,10,1,1.0,True,1.0,True,0.975027,"[""FMOD0055"", ""FMOD0036"", ""FMOD0077"", ""FMOD0035"", ""FMOD0023"", ""FMOD0079"", ""FMOD0083"", ""FMOD0074"", ""FMOD0119"", ""FMOD0005""]","[""FMOD0055"", ""FMOD0036"", ""FMOD0077"", ""FMOD0035"", ""FMOD0023"", ""FMOD0079"", ""FMOD0083"", ""FMOD0074"", ""FMOD0119"", ""FMOD0005""]"
HIGH_RECALL,Q6K00234,60,10,1,1.0,True,1.0,True,0.571408,"[""FMOD0001"", ""FMOD0035"", ""FMOD0023"", ""FMOD0055"", ""FMOD0110"", ""FMOD0102"", ""FMOD0120"", ""FMOD0036"", ""FMOD0119"", ""FMOD0079""]","[""FMOD0001"", ""FMOD0035"", ""FMOD0023"", ""FMOD0055"", ""FMOD0110"", ""FMOD0102"", ""FMOD0120"", ""FMOD0036"", ""FMOD0119"", ""FMOD0079""]"
HIGH_RECALL,Q6K00235,59,10,1,1.0,True,1.0,True,0.499298,"[""FMOD0096"", ""FMOD0120"", ""FMOD0119"", ""FMOD0023"", ""FMOD0035"", ""FMOD0069"", ""FMOD0055"", ""FMOD0102"", ""FMOD0005"", ""FMOD0036""]","[""FMOD0096"", ""FMOD0120"", ""FMOD0119"", ""FMOD0023"", ""FMOD0035"", ""FMOD0069"", ""FMOD0055"", ""FMOD0102"", ""FMOD0005"", ""FMOD0036""]"
HIGH_RECALL,Q6K00236,59,10,1,1.0,True,1.0,True,0.496156,"[""FMOD0036"", ""FMOD0119"", ""FMOD0079"", ""FMOD0120"", ""FMOD0086"", ""FMOD0091"", ""FMOD0102"", ""FMOD0035"", ""FMOD0083"", ""FMOD0069""]","[""FMOD0036"", ""FMOD0119"", ""FMOD0079"", ""FMOD0120"", ""FMOD0086"", ""FMOD0091"", ""FMOD0102"", ""FMOD0035"", ""FMOD0083"", ""FMOD0069""]"
HIGH_RECALL,Q6K00237,60,10,1,1.0,True,1.0,True,0.50716,"[""FMOD0067"", ""FMOD0119"", ""FMOD0120"", ""FMOD0023"", ""FMOD0102"", ""FMOD0110"", ""FMOD0069"", ""FMOD0035"", ""FMOD0036"", ""FMOD0079""]","[""FMOD0067"", ""FMOD0119"", ""FMOD0120"", ""FMOD0023"", ""FMOD0102"", ""FMOD0110"", ""FMOD0069"", ""FMOD0035"", ""FMOD0036"", ""FMOD0079""]"
HIGH_RECALL,Q6K00238,59,10,1,1.0,True,1.0,True,0.512405,"[""FMOD0102"", ""FMOD0079"", ""FMOD0016"", ""FMOD0035"", ""FMOD0005"", ""FMOD0023"", ""FMOD0069"", ""FMOD0055"", ""FMOD0110"", ""FMOD0119""]","[""FMOD0102"", ""FMOD0079"", ""FMOD0016"", ""FMOD0035"", ""FMOD0005"", ""FMOD0023"", ""FMOD0069"", ""FMOD0055"", ""FMOD0110"", ""FMOD0119""]"
HIGH_RECALL,Q6K00239,60,10,1,1.0,True,1.0,True,0.558417,"[""FMOD0055"", ""FMOD0023"", ""FMOD0069"", ""FMOD0025"", ""FMOD0040"", ""FMOD0102"", ""FMOD0083"", ""FMOD0096"", ""FMOD0051"", ""FMOD0119""]","[""FMOD0055"", ""FMOD0023"", ""FMOD0069"", ""FMOD0025"", ""FMOD0040"", ""FMOD0102"", ""FMOD0083"", ""FMOD0096"", ""FMOD0051"", ""FMOD0119""]"
HIGH_RECALL,Q6K00240,60,10,1,1.0,True,1.0,True,0.551663,"[""FMOD0069"", ""FMOD0110"", ""FMOD0104"", ""FMOD0035"", ""FMOD0119"", ""FMOD0043"", ""FMOD0023"", ""FMOD0102"", ""FMOD0083"", ""FMOD0120""]","[""FMOD0069"", ""FMOD0110"", ""FMOD0104"", ""FMOD0035"", ""FMOD0119"", ""FMOD0043"", ""FMOD0023"", ""FMOD0102"", ""FMOD0083"", ""FMOD0120""]"
HIGH_RECALL,Q6K00241,59,10,2,1.0,True,1.0,True,0.512347,"[""FMOD0011"", ""FMOD0025"", ""FMOD0023"", ""FMOD0110"", ""FMOD0102"", ""FMOD0035"", ""FMOD0067"", ""FMOD0077"", ""FMOD0004"", ""FMOD0119""]","[""FMOD0011"", ""FMOD0025"", ""FMOD0023"", ""FMOD0110"", ""FMOD0102"", ""FMOD0035"", ""FMOD0067"", ""FMOD0077"", ""FMOD0004"", ""FMOD0119""]"
HIGH_RECALL,Q6K00242,59,10,2,1.0,True,1.0,True,0.541338,"[""FMOD0025"", ""FMOD0089"", ""FMOD0069"", ""FMOD0113"", ""FMOD0035"", ""FMOD0102"", ""FMOD0119"", ""FMOD0096"", ""FMOD0033"", ""FMOD0077""]","[""FMOD0025"", ""FMOD0089"", ""FMOD0069"", ""FMOD0113"", ""FMOD0035"", ""FMOD0102"", ""FMOD0119"", ""FMOD0096"", ""FMOD0033"", ""FMOD0077""]"
HIGH_RECALL,Q6K00243,60,10,2,1.0,True,1.0,True,0.512262,"[""FMOD0044"", ""FMOD0067"", ""FMOD0091"", ""FMOD0069"", ""FMOD0102"", ""FMOD0119"", ""FMOD0120"", ""FMOD0023"", ""FMOD0077"", ""FMOD0035""]","[""FMOD0044"", ""FMOD0067"", ""FMOD0091"", ""FMOD0069"", ""FMOD0102"", ""FMOD0119"", ""FMOD0120"", ""FMOD0023"", ""FMOD0077"", ""FMOD0035""]"
HIGH_RECALL,Q6K00244,59,10,2,1.0,True,1.0,True,0.519035,"[""FMOD0023"", ""FMOD0089"", ""FMOD0035"", ""FMOD0120"", ""FMOD0102"", ""FMOD0119"", ""FMOD0110"", ""FMOD0036"", ""FMOD0077"", ""FMOD0005""]","[""FMOD0023"", ""FMOD0089"", ""FMOD0035"", ""FMOD0120"", ""FMOD0102"", ""FMOD0119"", ""FMOD0110"", ""FMOD0036"", ""FMOD0077"", ""FMOD0005""]"
HIGH_RECALL,Q6K00245,59,10,2,1.0,True,1.0,True,0.497056,"[""FMOD0022"", ""FMOD0086"", ""FMOD0102"", ""FMOD0035"", ""FMOD0119"", ""FMOD0120"", ""FMOD0023"", ""FMOD0053"", ""FMOD0069"", ""FMOD0110""]","[""FMOD0022"", ""FMOD0086"", ""FMOD0102"", ""FMOD0035"", ""FMOD0119"", ""FMOD0120"", ""FMOD0023"", ""FMOD0053"", ""FMOD0069"", ""FMOD0110""]"
HIGH_RECALL,Q6K00246,59,10,2,1.0,True,1.0,True,0.493771,"[""FMOD0053"", ""FMOD0005"", ""FMOD0079"", ""FMOD0120"", ""FMOD0023"", ""FMOD0035"", ""FMOD0110"", ""FMOD0119"", ""FMOD0036"", ""FMOD0096""]","[""FMOD0053"", ""FMOD0005"", ""FMOD0079"", ""FMOD0120"", ""FMOD0023"", ""FMOD0035"", ""FMOD0110"", ""FMOD0119"", ""FMOD0036"", ""FMOD0096""]"
HIGH_RECALL,Q6K00247,60,10,2,1.0,True,1.0,True,0.498884,"[""FMOD0069"", ""FMOD0060"", ""FMOD0119"", ""FMOD0023"", ""FMOD0083"", ""FMOD0025"", ""FMOD0110"", ""FMOD0079"", ""FMOD0003"", ""FMOD0120""]","[""FMOD0069"", ""FMOD0060"", ""FMOD0119"", ""FMOD0023"", ""FMOD0083"", ""FMOD0025"", ""FMOD0110"", ""FMOD0079"", ""FMOD0003"", ""FMOD0120""]"
HIGH_RECALL,Q6K00248,59,10,2,1.0,True,1.0,True,0.553384,"[""FMOD0040"", ""FMOD0035"", ""FMOD0023"", ""FMOD0016"", ""FMOD0036"", ""FMOD0079"", ""FMOD0043"", ""FMOD0055"", ""FMOD0075"", ""FMOD0089""]","[""FMOD0040"", ""FMOD0035"", ""FMOD0023"", ""FMOD0016"", ""FMOD0036"", ""FMOD0079"", ""FMOD0043"", ""FMOD0055"", ""FMOD0075"", ""FMOD0089""]"
HIGH_RECALL,Q6K00249,59,10,2,0.5,False,1.0,True,0.611284,"[""FMOD0074"", ""FMOD0119"", ""FMOD0035"", ""FMOD0120"", ""FMOD0102"", ""FMOD0053"", ""FMOD0033"", ""FMOD0069"", ""FMOD0005"", ""FMOD0086""]","[""FMOD0074"", ""FMOD0119"", ""FMOD0035"", ""FMOD0120"", ""FMOD0102"", ""FMOD0053"", ""FMOD0033"", ""FMOD0069"", ""FMOD0005"", ""FMOD0086""]"
HIGH_RECALL,Q6K00250,59,10,2,1.0,True,1.0,True,0.513195,"[""FMOD0099"", ""FMOD0096"", ""FMOD0023"", ""FMOD0119"", ""FMOD0120"", ""FMOD0102"", ""FMOD0035"", ""FMOD0069"", ""FMOD0079"", ""FMOD0033""]","[""FMOD0099"", ""FMOD0096"", ""FMOD0023"", ""FMOD0119"", ""FMOD0120"", ""FMOD0102"", ""FMOD0035"", ""FMOD0069"", ""FMOD0079"", ""FMOD0033""]"
HIGH_RECALL,Q6K00251,60,10,2,1.0,True,1.0,True,0.478004,"[""FMOD0044"", ""FMOD0067"", ""FMOD0119"", ""FMOD0023"", ""FMOD0120"", ""FMOD0113"", ""FMOD0086"", ""FMOD0035"", ""FMOD0102"", ""FMOD0036""]","[""FMOD0044"", ""FMOD0067"", ""FMOD0119"", ""FMOD0023"", ""FMOD0120"", ""FMOD0113"", ""FMOD0086"", ""FMOD0035"", ""FMOD0102"", ""FMOD0036""]"
HIGH_RECALL,Q6K00252,59,10,2,1.0,True,1.0,True,0.584233,"[""FMOD0043"", ""FMOD0086"", ""FMOD0035"", ""FMOD0023"", ""FMOD0102"", ""FMOD0096"", ""FMOD0069"", ""FMOD0079"", ""FMOD0024"", ""FMOD0119""]","[""FMOD0043"", ""FMOD0086"", ""FMOD0035"", ""FMOD0023"", ""FMOD0102"", ""FMOD0096"", ""FMOD0069"", ""FMOD0079"", ""FMOD0024"", ""FMOD0119""]"
HIGH_RECALL,Q6K00253,59,10,2,1.0,True,1.0,True,0.545053,"[""FMOD0051"", ""FMOD0023"", ""FMOD0035"", ""FMOD0016"", ""FMOD0102"", ""FMOD0036"", ""FMOD0069"", ""FMOD0120"", ""FMOD0110"", ""FMOD0119""]","[""FMOD0051"", ""FMOD0023"", ""FMOD0035"", ""FMOD0016"", ""FMOD0102"", ""FMOD0036"", ""FMOD0069"", ""FMOD0120"", ""FMOD0110"", ""FMOD0119""]"
HIGH_RECALL,Q6K00254,60,10,2,1.0,True,1.0,True,0.506591,"[""FMOD0083"", ""FMOD0040"", ""FMOD0055"", ""FMOD0069"", ""FMOD0023"", ""FMOD0025"", ""FMOD0102"", ""FMOD0119"", ""FMOD0120"", ""FMOD0035""]","[""FMOD0083"", ""FMOD0040"", ""FMOD0055"", ""FMOD0069"", ""FMOD0023"", ""FMOD0025"", ""FMOD0102"", ""FMOD0119"", ""FMOD0120"", ""FMOD0035""]"
HIGH_RECALL,Q6K00255,60,10,2,1.0,True,1.0,True,0.522523,"[""FMOD0053"", ""FMOD0016"", ""FMOD0023"", ""FMOD0035"", ""FMOD0079"", ""FMOD0119"", ""FMOD0102"", ""FMOD0120"", ""FMOD0069"", ""FMOD0055""]","[""FMOD0053"", ""FMOD0016"", ""FMOD0023"", ""FMOD0035"", ""FMOD0079"", ""FMOD0119"", ""FMOD0102"", ""FMOD0120"", ""FMOD0069"", ""FMOD0055""]"
HIGH_RECALL,Q6K00256,60,10,2,1.0,True,1.0,True,0.499175,"[""FMOD0087"", ""FMOD0083"", ""FMOD0035"", ""FMOD0102"", ""FMOD0119"", ""FMOD0069"", ""FMOD0025"", ""FMOD0079"", ""FMOD0023"", ""FMOD0004""]","[""FMOD0087"", ""FMOD0083"", ""FMOD0035"", ""FMOD0102"", ""FMOD0119"", ""FMOD0069"", ""FMOD0025"", ""FMOD0079"", ""FMOD0023"", ""FMOD0004""]"
HIGH_RECALL,Q6K00257,60,10,2,1.0,True,1.0,True,0.544287,"[""FMOD0077"", ""FMOD0043"", ""FMOD0079"", ""FMOD0023"", ""FMOD0119"", ""FMOD0086"", ""FMOD0055"", ""FMOD0005"", ""FMOD0102"", ""FMOD0120""]","[""FMOD0077"", ""FMOD0043"", ""FMOD0079"", ""FMOD0023"", ""FMOD0119"", ""FMOD0086"", ""FMOD0055"", ""FMOD0005"", ""FMOD0102"", ""FMOD0120""]"
HIGH_RECALL,Q6K00258,60,10,2,1.0,True,1.0,True,0.518758,"[""FMOD0096"", ""FMOD0001"", ""FMOD0035"", ""FMOD0120"", ""FMOD0119"", ""FMOD0069"", ""FMOD0036"", ""FMOD0110"", ""FMOD0023"", ""FMOD0077""]","[""FMOD0096"", ""FMOD0001"", ""FMOD0035"", ""FMOD0120"", ""FMOD0119"", ""FMOD0069"", ""FMOD0036"", ""FMOD0110"", ""FMOD0023"", ""FMOD0077""]"
HIGH_RECALL,Q6K00259,59,10,2,1.0,True,1.0,True,0.575975,"[""FMOD0043"", ""FMOD0089"", ""FMOD0035"", ""FMOD0102"", ""FMOD0096"", ""FMOD0023"", ""FMOD0069"", ""FMOD0079"", ""FMOD0024"", ""FMOD0119""]","[""FMOD0043"", ""FMOD0089"", ""FMOD0035"", ""FMOD0102"", ""FMOD0096"", ""FMOD0023"", ""FMOD0069"", ""FMOD0079"", ""FMOD0024"", ""FMOD0119""]"
HIGH_RECALL,Q6K00260,60,10,2,1.0,True,1.0,True,0.498614,"[""FMOD0099"", ""FMOD0001"", ""FMOD0035"", ""FMOD0119"", ""FMOD0120"", ""FMOD0102"", ""FMOD0110"", ""FMOD0023"", ""FMOD0079"", ""FMOD0069""]","[""FMOD0099"", ""FMOD0001"", ""FMOD0035"", ""FMOD0119"", ""FMOD0120"", ""FMOD0102"", ""FMOD0110"", ""FMOD0023"", ""FMOD0079"", ""FMOD0069""]"
HIGH_RECALL,Q6K00261,60,10,2,1.0,True,1.0,True,0.752159,"[""FMOD0022"", ""FMOD0067"", ""FMOD0102"", ""FMOD0035"", ""FMOD0077"", ""FMOD0119"", ""FMOD0023"", ""FMOD0110"", ""FMOD0120"", ""FMOD0025""]","[""FMOD0022"", ""FMOD0067"", ""FMOD0102"", ""FMOD0035"", ""FMOD0077"", ""FMOD0119"", ""FMOD0023"", ""FMOD0110"", ""FMOD0120"", ""FMOD0025""]"
HIGH_RECALL,Q6K00262,60,10,2,1.0,True,1.0,True,0.586677,"[""FMOD0069"", ""FMOD0060"", ""FMOD0023"", ""FMOD0025"", ""FMOD0055"", ""FMOD0100"", ""FMOD0102"", ""FMOD0119"", ""FMOD0120"", ""FMOD0079""]","[""FMOD0069"", ""FMOD0060"", ""FMOD0023"", ""FMOD0025"", ""FMOD0055"", ""FMOD0100"", ""FMOD0102"", ""FMOD0119"", ""FMOD0120"", ""FMOD0079""]"
HIGH_RECALL,Q6K00263,60,10,2,1.0,True,1.0,True,0.505567,"[""FMOD0043"", ""FMOD0096"", ""FMOD0023"", ""FMOD0113"", ""FMOD0035"", ""FMOD0119"", ""FMOD0069"", ""FMOD0079"", ""FMOD0120"", ""FMOD0040""]","[""FMOD0043"", ""FMOD0096"", ""FMOD0023"", ""FMOD0113"", ""FMOD0035"", ""FMOD0119"", ""FMOD0069"", ""FMOD0079"", ""FMOD0120"", ""FMOD0040""]"
HIGH_RECALL,Q6K00264,60,10,2,1.0,True,1.0,True,0.522446,"[""FMOD0043"", ""FMOD0066"", ""FMOD0035"", ""FMOD0119"", ""FMOD0023"", ""FMOD0079"", ""FMOD0005"", ""FMOD0075"", ""FMOD0102"", ""FMOD0077""]","[""FMOD0043"", ""FMOD0066"", ""FMOD0035"", ""FMOD0119"", ""FMOD0023"", ""FMOD0079"", ""FMOD0005"", ""FMOD0075"", ""FMOD0102"", ""FMOD0077""]"
HIGH_RECALL,Q6K00265,59,10,2,1.0,True,1.0,True,0.514255,"[""FMOD0004"", ""FMOD0074"", ""FMOD0033"", ""FMOD0023"", ""FMOD0035"", ""FMOD0077"", ""FMOD0053"", ""FMOD0102"", ""FMOD0079"", ""FMOD0043""]","[""FMOD0004"", ""FMOD0074"", ""FMOD0033"", ""FMOD0023"", ""FMOD0035"", ""FMOD0077"", ""FMOD0053"", ""FMOD0102"", ""FMOD0079"", ""FMOD0043""]"
HIGH_RECALL,Q6K00266,59,10,2,1.0,True,1.0,True,0.548271,"[""FMOD0005"", ""FMOD0061"", ""FMOD0053"", ""FMOD0120"", ""FMOD0102"", ""FMOD0077"", ""FMOD0036"", ""FMOD0091"", ""FMOD0079"", ""FMOD0087""]","[""FMOD0005"", ""FMOD0061"", ""FMOD0053"", ""FMOD0120"", ""FMOD0102"", ""FMOD0077"", ""FMOD0036"", ""FMOD0091"", ""FMOD0079"", ""FMOD0087""]"
HIGH_RECALL,Q6K00267,60,10,2,1.0,True,1.0,True,0.52032,"[""FMOD0022"", ""FMOD0069"", ""FMOD0023"", ""FMOD0055"", ""FMOD0025"", ""FMOD0100"", ""FMOD0040"", ""FMOD0035"", ""FMOD0119"", ""FMOD0102""]","[""FMOD0022"", ""FMOD0069"", ""FMOD0023"", ""FMOD0055"", ""FMOD0025"", ""FMOD0100"", ""FMOD0040"", ""FMOD0035"", ""FMOD0119"", ""FMOD0102""]"
HIGH_RECALL,Q6K00268,58,10,2,1.0,True,1.0,True,0.530863,"[""FMOD0077"", ""FMOD0050"", ""FMOD0055"", ""FMOD0083"", ""FMOD0005"", ""FMOD0035"", ""FMOD0033"", ""FMOD0069"", ""FMOD0091"", ""FMOD0086""]","[""FMOD0077"", ""FMOD0050"", ""FMOD0055"", ""FMOD0083"", ""FMOD0005"", ""FMOD0035"", ""FMOD0033"", ""FMOD0069"", ""FMOD0091"", ""FMOD0086""]"
HIGH_RECALL,Q6K00269,60,10,2,1.0,True,1.0,True,0.559422,"[""FMOD0025"", ""FMOD0023"", ""FMOD0069"", ""FMOD0087"", ""FMOD0036"", ""FMOD0102"", ""FMOD0055"", ""FMOD0035"", ""FMOD0050"", ""FMOD0077""]","[""FMOD0025"", ""FMOD0023"", ""FMOD0069"", ""FMOD0087"", ""FMOD0036"", ""FMOD0102"", ""FMOD0055"", ""FMOD0035"", ""FMOD0050"", ""FMOD0077""]"
HIGH_RECALL,Q6K00270,59,10,2,1.0,True,1.0,True,0.510984,"[""FMOD0043"", ""FMOD0079"", ""FMOD0102"", ""FMOD0035"", ""FMOD0119"", ""FMOD0023"", ""FMOD0005"", ""FMOD0075"", ""FMOD0016"", ""FMOD0120""]","[""FMOD0043"", ""FMOD0079"", ""FMOD0102"", ""FMOD0035"", ""FMOD0119"", ""FMOD0023"", ""FMOD0005"", ""FMOD0075"", ""FMOD0016"", ""FMOD0120""]"
HIGH_RECALL,Q6K00271,59,10,2,1.0,True,1.0,True,0.629919,"[""FMOD0086"", ""FMOD0050"", ""FMOD0044"", ""FMOD0120"", ""FMOD0036"", ""FMOD0077"", ""FMOD0069"", ""FMOD0102"", ""FMOD0005"", ""FMOD0079""]","[""FMOD0086"", ""FMOD0050"", ""FMOD0044"", ""FMOD0120"", ""FMOD0036"", ""FMOD0077"", ""FMOD0069"", ""FMOD0102"", ""FMOD0005"", ""FMOD0079""]"
HIGH_RECALL,Q6K00272,60,10,2,1.0,True,1.0,True,0.525075,"[""FMOD0025"", ""FMOD0087"", ""FMOD0069"", ""FMOD0023"", ""FMOD0102"", ""FMOD0119"", ""FMOD0086"", ""FMOD0055"", ""FMOD0005"", ""FMOD0077""]","[""FMOD0025"", ""FMOD0087"", ""FMOD0069"", ""FMOD0023"", ""FMOD0102"", ""FMOD0119"", ""FMOD0086"", ""FMOD0055"", ""FMOD0005"", ""FMOD0077""]"
HIGH_RECALL,Q6K00273,59,10,2,1.0,True,1.0,True,0.510951,"[""FMOD0023"", ""FMOD0043"", ""FMOD0119"", ""FMOD0079"", ""FMOD0102"", ""FMOD0005"", ""FMOD0075"", ""FMOD0120"", ""FMOD0083"", ""FMOD0086""]","[""FMOD0023"", ""FMOD0043"", ""FMOD0119"", ""FMOD0079"", ""FMOD0102"", ""FMOD0005"", ""FMOD0075"", ""FMOD0120"", ""FMOD0083"", ""FMOD0086""]"
HIGH_RECALL,Q6K00274,60,10,2,1.0,True,1.0,True,0.504886,"[""FMOD0004"", ""FMOD0044"", ""FMOD0067"", ""FMOD0113"", ""FMOD0036"", ""FMOD0110"", ""FMOD0035"", ""FMOD0024"", ""FMOD0119"", ""FMOD0120""]","[""FMOD0004"", ""FMOD0044"", ""FMOD0067"", ""FMOD0113"", ""FMOD0036"", ""FMOD0110"", ""FMOD0035"", ""FMOD0024"", ""FMOD0119"", ""FMOD0120""]"
HIGH_RECALL,Q6K00275,58,10,2,1.0,True,1.0,True,0.554743,"[""FMOD0086"", ""FMOD0074"", ""FMOD0050"", ""FMOD0102"", ""FMOD0035"", ""FMOD0024"", ""FMOD0043"", ""FMOD0023"", ""FMOD0069"", ""FMOD0119""]","[""FMOD0086"", ""FMOD0074"", ""FMOD0050"", ""FMOD0102"", ""FMOD0035"", ""FMOD0024"", ""FMOD0043"", ""FMOD0023"", ""FMOD0069"", ""FMOD0119""]"
HIGH_RECALL,Q6K00276,60,10,2,1.0,True,1.0,True,0.548033,"[""FMOD0087"", ""FMOD0035"", ""FMOD0023"", ""FMOD0079"", ""FMOD0119"", ""FMOD0102"", ""FMOD0120"", ""FMOD0069"", ""FMOD0055"", ""FMOD0016""]","[""FMOD0087"", ""FMOD0035"", ""FMOD0023"", ""FMOD0079"", ""FMOD0119"", ""FMOD0102"", ""FMOD0120"", ""FMOD0069"", ""FMOD0055"", ""FMOD0016""]"
HIGH_RECALL,Q6K00277,60,10,2,1.0,True,1.0,True,0.520439,"[""FMOD0067"", ""FMOD0053"", ""FMOD0083"", ""FMOD0113"", ""FMOD0023"", ""FMOD0102"", ""FMOD0120"", ""FMOD0069"", ""FMOD0036"", ""FMOD0051""]","[""FMOD0067"", ""FMOD0053"", ""FMOD0083"", ""FMOD0113"", ""FMOD0023"", ""FMOD0102"", ""FMOD0120"", ""FMOD0069"", ""FMOD0036"", ""FMOD0051""]"
HIGH_RECALL,Q6K00278,59,10,2,1.0,True,1.0,True,0.520245,"[""FMOD0089"", ""FMOD0014"", ""FMOD0023"", ""FMOD0036"", ""FMOD0079"", ""FMOD0055"", ""FMOD0035"", ""FMOD0096"", ""FMOD0069"", ""FMOD0086""]","[""FMOD0089"", ""FMOD0014"", ""FMOD0023"", ""FMOD0036"", ""FMOD0079"", ""FMOD0055"", ""FMOD0035"", ""FMOD0096"", ""FMOD0069"", ""FMOD0086""]"
HIGH_RECALL,Q6K00279,59,10,2,1.0,True,1.0,True,0.47326,"[""FMOD0014"", ""FMOD0051"", ""FMOD0005"", ""FMOD0120"", ""FMOD0069"", ""FMOD0119"", ""FMOD0102"", ""FMOD0036"", ""FMOD0110"", ""FMOD0035""]","[""FMOD0014"", ""FMOD0051"", ""FMOD0005"", ""FMOD0120"", ""FMOD0069"", ""FMOD0119"", ""FMOD0102"", ""FMOD0036"", ""FMOD0110"", ""FMOD0035""]"
HIGH_RECALL,Q6K00280,59,10,2,1.0,True,1.0,True,0.5525,"[""FMOD0043"", ""FMOD0051"", ""FMOD0023"", ""FMOD0035"", ""FMOD0102"", ""FMOD0069"", ""FMOD0096"", ""FMOD0079"", ""FMOD0119"", ""FMOD0120""]","[""FMOD0043"", ""FMOD0051"", ""FMOD0023"", ""FMOD0035"", ""FMOD0102"", ""FMOD0069"", ""FMOD0096"", ""FMOD0079"", ""FMOD0119"", ""FMOD0120""]"
HIGH_RECALL,Q6K00281,58,10,2,1.0,True,1.0,True,0.501852,"[""FMOD0035"", ""FMOD0060"", ""FMOD0023"", ""FMOD0022"", ""FMOD0036"", ""FMOD0120"", ""FMOD0119"", ""FMOD0069"", ""FMOD0102"", ""FMOD0079""]","[""FMOD0035"", ""FMOD0060"", ""FMOD0023"", ""FMOD0022"", ""FMOD0036"", ""FMOD0120"", ""FMOD0119"", ""FMOD0069"", ""FMOD0102"", ""FMOD0079""]"
HIGH_RECALL,Q6K00282,60,10,2,1.0,True,1.0,True,0.512681,"[""FMOD0077"", ""FMOD0001"", ""FMOD0005"", ""FMOD0083"", ""FMOD0035"", ""FMOD0069"", ""FMOD0079"", ""FMOD0096"", ""FMOD0102"", ""FMOD0017""]","[""FMOD0077"", ""FMOD0001"", ""FMOD0005"", ""FMOD0083"", ""FMOD0035"", ""FMOD0069"", ""FMOD0079"", ""FMOD0096"", ""FMOD0102"", ""FMOD0017""]"
HIGH_RECALL,Q6K00283,59,10,2,1.0,True,1.0,True,0.689191,"[""FMOD0036"", ""FMOD0035"", ""FMOD0023"", ""FMOD0120"", ""FMOD0119"", ""FMOD0079"", ""FMOD0102"", ""FMOD0069"", ""FMOD0017"", ""FMOD0110""]","[""FMOD0036"", ""FMOD0035"", ""FMOD0023"", ""FMOD0120"", ""FMOD0119"", ""FMOD0079"", ""FMOD0102"", ""FMOD0069"", ""FMOD0017"", ""FMOD0110""]"
HIGH_RECALL,Q6K00284,59,10,2,1.0,True,1.0,True,0.577527,"[""FMOD0083"", ""FMOD0016"", ""FMOD0023"", ""FMOD0035"", ""FMOD0119"", ""FMOD0102"", ""FMOD0069"", ""FMOD0079"", ""FMOD0005"", ""FMOD0077""]","[""FMOD0083"", ""FMOD0016"", ""FMOD0023"", ""FMOD0035"", ""FMOD0119"", ""FMOD0102"", ""FMOD0069"", ""FMOD0079"", ""FMOD0005"", ""FMOD0077""]"
HIGH_RECALL,Q6K00285,59,10,2,1.0,True,1.0,True,0.512033,"[""FMOD0083"", ""FMOD0055"", ""FMOD0102"", ""FMOD0005"", ""FMOD0077"", ""FMOD0069"", ""FMOD0120"", ""FMOD0119"", ""FMOD0035"", ""FMOD0036""]","[""FMOD0083"", ""FMOD0055"", ""FMOD0102"", ""FMOD0005"", ""FMOD0077"", ""FMOD0069"", ""FMOD0120"", ""FMOD0119"", ""FMOD0035"", ""FMOD0036""]"
HIGH_RECALL,Q6K00286,59,10,2,1.0,True,1.0,True,0.539427,"[""FMOD0051"", ""FMOD0077"", ""FMOD0023"", ""FMOD0110"", ""FMOD0120"", ""FMOD0069"", ""FMOD0102"", ""FMOD0083"", ""FMOD0036"", ""FMOD0113""]","[""FMOD0051"", ""FMOD0077"", ""FMOD0023"", ""FMOD0110"", ""FMOD0120"", ""FMOD0069"", ""FMOD0102"", ""FMOD0083"", ""FMOD0036"", ""FMOD0113""]"
HIGH_RECALL,Q6K00287,60,10,2,1.0,True,1.0,True,0.499428,"[""FMOD0003"", ""FMOD0089"", ""FMOD0004"", ""FMOD0067"", ""FMOD0014"", ""FMOD0113"", ""FMOD0036"", ""FMOD0120"", ""FMOD0035"", ""FMOD0091""]","[""FMOD0003"", ""FMOD0089"", ""FMOD0004"", ""FMOD0067"", ""FMOD0014"", ""FMOD0113"", ""FMOD0036"", ""FMOD0120"", ""FMOD0035"", ""FMOD0091""]"
HIGH_RECALL,Q6K00288,59,10,2,1.0,True,1.0,True,0.595162,"[""FMOD0067"", ""FMOD0074"", ""FMOD0077"", ""FMOD0035"", ""FMOD0102"", ""FMOD0119"", ""FMOD0110"", ""FMOD0069"", ""FMOD0096"", ""FMOD0086""]","[""FMOD0067"", ""FMOD0074"", ""FMOD0077"", ""FMOD0035"", ""FMOD0102"", ""FMOD0119"", ""FMOD0110"", ""FMOD0069"", ""FMOD0096"", ""FMOD0086""]"
HIGH_RECALL,Q6K00289,59,10,2,1.0,True,1.0,True,0.646113,"[""FMOD0099"", ""FMOD0040"", ""FMOD0023"", ""FMOD0035"", ""FMOD0083"", ""FMOD0119"", ""FMOD0120"", ""FMOD0102"", ""FMOD0110"", ""FMOD0104""]","[""FMOD0099"", ""FMOD0040"", ""FMOD0023"", ""FMOD0035"", ""FMOD0083"", ""FMOD0119"", ""FMOD0120"", ""FMOD0102"", ""FMOD0110"", ""FMOD0104""]"
HIGH_RECALL,Q6K00290,59,10,2,1.0,True,1.0,True,0.547216,"[""FMOD0069"", ""FMOD0089"", ""FMOD0040"", ""FMOD0079"", ""FMOD0110"", ""FMOD0005"", ""FMOD0120"", ""FMOD0035"", ""FMOD0067"", ""FMOD0119""]","[""FMOD0069"", ""FMOD0089"", ""FMOD0040"", ""FMOD0079"", ""FMOD0110"", ""FMOD0005"", ""FMOD0120"", ""FMOD0035"", ""FMOD0067"", ""FMOD0119""]"
HIGH_RECALL,Q6K00291,59,10,2,1.0,True,1.0,True,0.508488,"[""FMOD0079"", ""FMOD0066"", ""FMOD0055"", ""FMOD0102"", ""FMOD0036"", ""FMOD0120"", ""FMOD0017"", ""FMOD0119"", ""FMOD0110"", ""FMOD0096""]","[""FMOD0079"", ""FMOD0066"", ""FMOD0055"", ""FMOD0102"", ""FMOD0036"", ""FMOD0120"", ""FMOD0017"", ""FMOD0119"", ""FMOD0110"", ""FMOD0096""]"
HIGH_RECALL,Q6K00292,59,10,2,1.0,True,1.0,True,0.498896,"[""FMOD0074"", ""FMOD0089"", ""FMOD0079"", ""FMOD0035"", ""FMOD0077"", ""FMOD0053"", ""FMOD0033"", ""FMOD0023"", ""FMOD0043"", ""FMOD0005""]","[""FMOD0074"", ""FMOD0089"", ""FMOD0079"", ""FMOD0035"", ""FMOD0077"", ""FMOD0053"", ""FMOD0033"", ""FMOD0023"", ""FMOD0043"", ""FMOD0005""]"
HIGH_RECALL,Q6K00293,60,10,2,1.0,True,1.0,True,0.574846,"[""FMOD0074"", ""FMOD0043"", ""FMOD0035"", ""FMOD0023"", ""FMOD0069"", ""FMOD0102"", ""FMOD0096"", ""FMOD0079"", ""FMOD0024"", ""FMOD0119""]","[""FMOD0074"", ""FMOD0043"", ""FMOD0035"", ""FMOD0023"", ""FMOD0069"", ""FMOD0102"", ""FMOD0096"", ""FMOD0079"", ""FMOD0024"", ""FMOD0119""]"
HIGH_RECALL,Q6K00294,59,10,2,1.0,True,1.0,True,0.513665,"[""FMOD0102"", ""FMOD0036"", ""FMOD0079"", ""FMOD0120"", ""FMOD0119"", ""FMOD0110"", ""FMOD0069"", ""FMOD0035"", ""FMOD0050"", ""FMOD0025""]","[""FMOD0102"", ""FMOD0036"", ""FMOD0079"", ""FMOD0120"", ""FMOD0119"", ""FMOD0110"", ""FMOD0069"", ""FMOD0035"", ""FMOD0050"", ""FMOD0025""]"
HIGH_RECALL,Q6K00295,60,10,2,1.0,True,1.0,True,0.496138,"[""FMOD0066"", ""FMOD0043"", ""FMOD0102"", ""FMOD0023"", ""FMOD0069"", ""FMOD0035"", ""FMOD0096"", ""FMOD0079"", ""FMOD0119"", ""FMOD0120""]","[""FMOD0066"", ""FMOD0043"", ""FMOD0102"", ""FMOD0023"", ""FMOD0069"", ""FMOD0035"", ""FMOD0096"", ""FMOD0079"", ""FMOD0119"", ""FMOD0120""]"
HIGH_RECALL,Q6K00296,59,10,2,1.0,True,1.0,True,0.530713,"[""FMOD0060"", ""FMOD0066"", ""FMOD0102"", ""FMOD0036"", ""FMOD0055"", ""FMOD0096"", ""FMOD0110"", ""FMOD0120"", ""FMOD0035"", ""FMOD0075""]","[""FMOD0060"", ""FMOD0066"", ""FMOD0102"", ""FMOD0036"", ""FMOD0055"", ""FMOD0096"", ""FMOD0110"", ""FMOD0120"", ""FMOD0035"", ""FMOD0075""]"
HIGH_RECALL,Q6K00297,60,10,2,1.0,True,1.0,True,0.503945,"[""FMOD0051"", ""FMOD0035"", ""FMOD0023"", ""FMOD0119"", ""FMOD0069"", ""FMOD0040"", ""FMOD0102"", ""FMOD0120"", ""FMOD0036"", ""FMOD0104""]","[""FMOD0051"", ""FMOD0035"", ""FMOD0023"", ""FMOD0119"", ""FMOD0069"", ""FMOD0040"", ""FMOD0102"", ""FMOD0120"", ""FMOD0036"", ""FMOD0104""]"
HIGH_RECALL,Q6K00298,59,10,2,1.0,True,1.0,True,0.513504,"[""FMOD0074"", ""FMOD0036"", ""FMOD0079"", ""FMOD0119"", ""FMOD0120"", ""FMOD0017"", ""FMOD0091"", ""FMOD0023"", ""FMOD0083"", ""FMOD0035""]","[""FMOD0074"", ""FMOD0036"", ""FMOD0079"", ""FMOD0119"", ""FMOD0120"", ""FMOD0017"", ""FMOD0091"", ""FMOD0023"", ""FMOD0083"", ""FMOD0035""]"
HIGH_RECALL,Q6K00299,59,10,2,1.0,True,1.0,True,0.5499,"[""FMOD0040"", ""FMOD0089"", ""FMOD0035"", ""FMOD0079"", ""FMOD0055"", ""FMOD0023"", ""FMOD0102"", ""FMOD0119"", ""FMOD0014"", ""FMOD0051""]","[""FMOD0040"", ""FMOD0089"", ""FMOD0035"", ""FMOD0079"", ""FMOD0055"", ""FMOD0023"", ""FMOD0102"", ""FMOD0119"", ""FMOD0014"", ""FMOD0051""]"
HIGH_RECALL,Q6K00300,59,10,2,1.0,True,1.0,True,0.500667,"[""FMOD0086"", ""FMOD0050"", ""FMOD0067"", ""FMOD0036"", ""FMOD0102"", ""FMOD0119"", ""FMOD0089"", ""FMOD0120"", ""FMOD0083"", ""FMOD0079""]","[""FMOD0086"", ""FMOD0050"", ""FMOD0067"", ""FMOD0036"", ""FMOD0102"", ""FMOD0119"", ""FMOD0089"", ""FMOD0120"", ""FMOD0083"", ""FMOD0079""]"
HIGH_RECALL,Q6K00301,59,10,3,0.6666666666666666,False,1.0,True,0.491719,"[""FMOD0053"", ""FMOD0060"", ""FMOD0120"", ""FMOD0023"", ""FMOD0119"", ""FMOD0035"", ""FMOD0069"", ""FMOD0102"", ""FMOD0110"", ""FMOD0077""]","[""FMOD0053"", ""FMOD0060"", ""FMOD0120"", ""FMOD0023"", ""FMOD0119"", ""FMOD0035"", ""FMOD0069"", ""FMOD0102"", ""FMOD0110"", ""FMOD0077""]"
HIGH_RECALL,Q6K00302,60,10,3,1.0,True,1.0,True,0.594694,"[""FMOD0005"", ""FMOD0001"", ""FMOD0055"", ""FMOD0080"", ""FMOD0023"", ""FMOD0069"", ""FMOD0025"", ""FMOD0043"", ""FMOD0102"", ""FMOD0096""]","[""FMOD0005"", ""FMOD0001"", ""FMOD0055"", ""FMOD0080"", ""FMOD0023"", ""FMOD0069"", ""FMOD0025"", ""FMOD0043"", ""FMOD0102"", ""FMOD0096""]"
HIGH_RECALL,Q6K00303,60,10,3,1.0,True,1.0,True,0.524048,"[""FMOD0087"", ""FMOD0016"", ""FMOD0053"", ""FMOD0119"", ""FMOD0036"", ""FMOD0102"", ""FMOD0079"", ""FMOD0120"", ""FMOD0069"", ""FMOD0110""]","[""FMOD0087"", ""FMOD0016"", ""FMOD0053"", ""FMOD0119"", ""FMOD0036"", ""FMOD0102"", ""FMOD0079"", ""FMOD0120"", ""FMOD0069"", ""FMOD0110""]"
HIGH_RECALL,Q6K00304,59,10,3,1.0,True,1.0,True,0.534933,"[""FMOD0077"", ""FMOD0083"", ""FMOD0087"", ""FMOD0023"", ""FMOD0069"", ""FMOD0055"", ""FMOD0102"", ""FMOD0025"", ""FMOD0040"", ""FMOD0091""]","[""FMOD0077"", ""FMOD0083"", ""FMOD0087"", ""FMOD0023"", ""FMOD0069"", ""FMOD0055"", ""FMOD0102"", ""FMOD0025"", ""FMOD0040"", ""FMOD0091""]"
HIGH_RECALL,Q6K00305,60,10,3,1.0,True,1.0,True,0.49146,"[""FMOD0069"", ""FMOD0066"", ""FMOD0005"", ""FMOD0102"", ""FMOD0119"", ""FMOD0120"", ""FMOD0079"", ""FMOD0110"", ""FMOD0096"", ""FMOD0086""]","[""FMOD0069"", ""FMOD0066"", ""FMOD0005"", ""FMOD0102"", ""FMOD0119"", ""FMOD0120"", ""FMOD0079"", ""FMOD0110"", ""FMOD0096"", ""FMOD0086""]"
HIGH_RECALL,Q6K00306,59,10,3,1.0,True,1.0,True,0.5076,"[""FMOD0014"", ""FMOD0066"", ""FMOD0077"", ""FMOD0102"", ""FMOD0055"", ""FMOD0023"", ""FMOD0069"", ""FMOD0120"", ""FMOD0079"", ""FMOD0096""]","[""FMOD0014"", ""FMOD0066"", ""FMOD0077"", ""FMOD0102"", ""FMOD0055"", ""FMOD0023"", ""FMOD0069"", ""FMOD0120"", ""FMOD0079"", ""FMOD0096""]"
HIGH_RECALL,Q6K00307,59,10,3,1.0,True,1.0,True,0.512037,"[""FMOD0083"", ""FMOD0079"", ""FMOD0036"", ""FMOD0035"", ""FMOD0102"", ""FMOD0119"", ""FMOD0069"", ""FMOD0077"", ""FMOD0023"", ""FMOD0120""]","[""FMOD0083"", ""FMOD0079"", ""FMOD0036"", ""FMOD0035"", ""FMOD0102"", ""FMOD0119"", ""FMOD0069"", ""FMOD0077"", ""FMOD0023"", ""FMOD0120""]"
HIGH_RECALL,Q6K00308,59,10,3,0.0,False,1.0,True,0.499323,"[""FMOD0035"", ""FMOD0069"", ""FMOD0096"", ""FMOD0102"", ""FMOD0025"", ""FMOD0119"", ""FMOD0120"", ""FMOD0031"", ""FMOD0005"", ""FMOD0033""]","[""FMOD0035"", ""FMOD0069"", ""FMOD0096"", ""FMOD0102"", ""FMOD0025"", ""FMOD0119"", ""FMOD0120"", ""FMOD0031"", ""FMOD0005"", ""FMOD0033""]"
HIGH_RECALL,Q6K00309,59,10,3,1.0,True,1.0,True,0.501092,"[""FMOD0035"", ""FMOD0050"", ""FMOD0086"", ""FMOD0102"", ""FMOD0119"", ""FMOD0069"", ""FMOD0077"", ""FMOD0110"", ""FMOD0083"", ""FMOD0033""]","[""FMOD0035"", ""FMOD0050"", ""FMOD0086"", ""FMOD0102"", ""FMOD0119"", ""FMOD0069"", ""FMOD0077"", ""FMOD0110"", ""FMOD0083"", ""FMOD0033""]"
HIGH_RECALL,Q6K00310,60,10,3,1.0,True,1.0,True,0.519446,"[""FMOD0074"", ""FMOD0005"", ""FMOD0022"", ""FMOD0035"", ""FMOD0053"", ""FMOD0033"", ""FMOD0023"", ""FMOD0055"", ""FMOD0102"", ""FMOD0091""]","[""FMOD0074"", ""FMOD0005"", ""FMOD0022"", ""FMOD0035"", ""FMOD0053"", ""FMOD0033"", ""FMOD0023"", ""FMOD0055"", ""FMOD0102"", ""FMOD0091""]"
HIGH_RECALL,Q6K00311,60,10,3,1.0,True,1.0,True,0.56736,"[""FMOD0051"", ""FMOD0086"", ""FMOD0067"", ""FMOD0004"", ""FMOD0120"", ""FMOD0005"", ""FMOD0119"", ""FMOD0079"", ""FMOD0102"", ""FMOD0077""]","[""FMOD0051"", ""FMOD0086"", ""FMOD0067"", ""FMOD0004"", ""FMOD0120"", ""FMOD0005"", ""FMOD0119"", ""FMOD0079"", ""FMOD0102"", ""FMOD0077""]"
HIGH_RECALL,Q6K00312,59,10,3,1.0,True,1.0,True,0.506048,"[""FMOD0061"", ""FMOD0023"", ""FMOD0083"", ""FMOD0069"", ""FMOD0033"", ""FMOD0102"", ""FMOD0120"", ""FMOD0036"", ""FMOD0119"", ""FMOD0110""]","[""FMOD0061"", ""FMOD0023"", ""FMOD0083"", ""FMOD0069"", ""FMOD0033"", ""FMOD0102"", ""FMOD0120"", ""FMOD0036"", ""FMOD0119"", ""FMOD0110""]"
HIGH_RECALL,Q6K00313,59,10,3,1.0,True,1.0,True,0.51748,"[""FMOD0061"", ""FMOD0069"", ""FMOD0083"", ""FMOD0066"", ""FMOD0036"", ""FMOD0033"", ""FMOD0120"", ""FMOD0005"", ""FMOD0102"", ""FMOD0075""]","[""FMOD0061"", ""FMOD0069"", ""FMOD0083"", ""FMOD0066"", ""FMOD0036"", ""FMOD0033"", ""FMOD0120"", ""FMOD0005"", ""FMOD0102"", ""FMOD0075""]"
HIGH_RECALL,Q6K00314,59,10,3,1.0,True,1.0,True,0.483584,"[""FMOD0099"", ""FMOD0053"", ""FMOD0066"", ""FMOD0102"", ""FMOD0120"", ""FMOD0119"", ""FMOD0035"", ""FMOD0055"", ""FMOD0023"", ""FMOD0110""]","[""FMOD0099"", ""FMOD0053"", ""FMOD0066"", ""FMOD0102"", ""FMOD0120"", ""FMOD0119"", ""FMOD0035"", ""FMOD0055"", ""FMOD0023"", ""FMOD0110""]"
HIGH_RECALL,Q6K00315,59,10,3,1.0,True,1.0,True,0.529023,"[""FMOD0003"", ""FMOD0060"", ""FMOD0023"", ""FMOD0035"", ""FMOD0040"", ""FMOD0079"", ""FMOD0055"", ""FMOD0036"", ""FMOD0102"", ""FMOD0014""]","[""FMOD0003"", ""FMOD0060"", ""FMOD0023"", ""FMOD0035"", ""FMOD0040"", ""FMOD0079"", ""FMOD0055"", ""FMOD0036"", ""FMOD0102"", ""FMOD0014""]"
HIGH_RECALL,Q6K00316,60,10,3,1.0,True,1.0,True,0.492228,"[""FMOD0022"", ""FMOD0089"", ""FMOD0099"", ""FMOD0053"", ""FMOD0102"", ""FMOD0023"", ""FMOD0035"", ""FMOD0079"", ""FMOD0120"", ""FMOD0075""]","[""FMOD0022"", ""FMOD0089"", ""FMOD0099"", ""FMOD0053"", ""FMOD0102"", ""FMOD0023"", ""FMOD0035"", ""FMOD0079"", ""FMOD0120"", ""FMOD0075""]"
HIGH_RECALL,Q6K00317,60,10,3,1.0,True,1.0,True,0.489372,"[""FMOD0061"", ""FMOD0089"", ""FMOD0096"", ""FMOD0036"", ""FMOD0079"", ""FMOD0035"", ""FMOD0055"", ""FMOD0083"", ""FMOD0110"", ""FMOD0005""]","[""FMOD0061"", ""FMOD0089"", ""FMOD0096"", ""FMOD0036"", ""FMOD0079"", ""FMOD0035"", ""FMOD0055"", ""FMOD0083"", ""FMOD0110"", ""FMOD0005""]"
HIGH_RECALL,Q6K00318,60,10,3,1.0,True,1.0,True,0.743733,"[""FMOD0086"", ""FMOD0004"", ""FMOD0050"", ""FMOD0067"", ""FMOD0035"", ""FMOD0053"", ""FMOD0110"", ""FMOD0005"", ""FMOD0102"", ""FMOD0120""]","[""FMOD0086"", ""FMOD0004"", ""FMOD0050"", ""FMOD0067"", ""FMOD0035"", ""FMOD0053"", ""FMOD0110"", ""FMOD0005"", ""FMOD0102"", ""FMOD0120""]"
HIGH_RECALL,Q6K00319,60,10,3,1.0,True,1.0,True,0.61825,"[""FMOD0003"", ""FMOD0011"", ""FMOD0089"", ""FMOD0060"", ""FMOD0014"", ""FMOD0120"", ""FMOD0035"", ""FMOD0023"", ""FMOD0005"", ""FMOD0083""]","[""FMOD0003"", ""FMOD0011"", ""FMOD0089"", ""FMOD0060"", ""FMOD0014"", ""FMOD0120"", ""FMOD0035"", ""FMOD0023"", ""FMOD0005"", ""FMOD0083""]"
HIGH_RECALL,Q6K00320,59,10,3,1.0,True,1.0,True,0.634835,"[""FMOD0043"", ""FMOD0011"", ""FMOD0044"", ""FMOD0119"", ""FMOD0035"", ""FMOD0120"", ""FMOD0110"", ""FMOD0023"", ""FMOD0069"", ""FMOD0077""]","[""FMOD0043"", ""FMOD0011"", ""FMOD0044"", ""FMOD0119"", ""FMOD0035"", ""FMOD0120"", ""FMOD0110"", ""FMOD0023"", ""FMOD0069"", ""FMOD0077""]"
HIGH_RECALL,Q6K00321,59,10,3,1.0,True,1.0,True,0.510051,"[""FMOD0040"", ""FMOD0066"", ""FMOD0003"", ""FMOD0014"", ""FMOD0120"", ""FMOD0023"", ""FMOD0035"", ""FMOD0079"", ""FMOD0005"", ""FMOD0119""]","[""FMOD0040"", ""FMOD0066"", ""FMOD0003"", ""FMOD0014"", ""FMOD0120"", ""FMOD0023"", ""FMOD0035"", ""FMOD0079"", ""FMOD0005"", ""FMOD0119""]"
HIGH_RECALL,Q6K00322,60,10,3,1.0,True,1.0,True,0.51634,"[""FMOD0087"", ""FMOD0036"", ""FMOD0089"", ""FMOD0035"", ""FMOD0023"", ""FMOD0016"", ""FMOD0079"", ""FMOD0091"", ""FMOD0055"", ""FMOD0022""]","[""FMOD0087"", ""FMOD0036"", ""FMOD0089"", ""FMOD0035"", ""FMOD0023"", ""FMOD0016"", ""FMOD0079"", ""FMOD0091"", ""FMOD0055"", ""FMOD0022""]"
HIGH_RECALL,Q6K00323,60,10,3,1.0,True,1.0,True,0.504223,"[""FMOD0036"", ""FMOD0077"", ""FMOD0003"", ""FMOD0023"", ""FMOD0086"", ""FMOD0075"", ""FMOD0035"", ""FMOD0055"", ""FMOD0060"", ""FMOD0102""]","[""FMOD0036"", ""FMOD0077"", ""FMOD0003"", ""FMOD0023"", ""FMOD0086"", ""FMOD0075"", ""FMOD0035"", ""FMOD0055"", ""FMOD0060"", ""FMOD0102""]"
HIGH_RECALL,Q6K00324,60,10,3,1.0,True,1.0,True,0.491639,"[""FMOD0067"", ""FMOD0051"", ""FMOD0089"", ""FMOD0003"", ""FMOD0033"", ""FMOD0035"", ""FMOD0069"", ""FMOD0102"", ""FMOD0077"", ""FMOD0119""]","[""FMOD0067"", ""FMOD0051"", ""FMOD0089"", ""FMOD0003"", ""FMOD0033"", ""FMOD0035"", ""FMOD0069"", ""FMOD0102"", ""FMOD0077"", ""FMOD0119""]"
HIGH_RECALL,Q6K00325,59,10,3,1.0,True,1.0,True,0.531374,"[""FMOD0086"", ""FMOD0023"", ""FMOD0050"", ""FMOD0044"", ""FMOD0035"", ""FMOD0069"", ""FMOD0043"", ""FMOD0120"", ""FMOD0079"", ""FMOD0102""]","[""FMOD0086"", ""FMOD0023"", ""FMOD0050"", ""FMOD0044"", ""FMOD0035"", ""FMOD0069"", ""FMOD0043"", ""FMOD0120"", ""FMOD0079"", ""FMOD0102""]"
HIGH_RECALL,Q6K00326,59,10,3,1.0,True,1.0,True,0.505444,"[""FMOD0099"", ""FMOD0055"", ""FMOD0066"", ""FMOD0036"", ""FMOD0102"", ""FMOD0023"", ""FMOD0017"", ""FMOD0079"", ""FMOD0119"", ""FMOD0110""]","[""FMOD0099"", ""FMOD0055"", ""FMOD0066"", ""FMOD0036"", ""FMOD0102"", ""FMOD0023"", ""FMOD0017"", ""FMOD0079"", ""FMOD0119"", ""FMOD0110""]"
HIGH_RECALL,Q6K00327,57,10,3,1.0,True,1.0,True,0.512824,"[""FMOD0016"", ""FMOD0051"", ""FMOD0055"", ""FMOD0075"", ""FMOD0035"", ""FMOD0077"", ""FMOD0023"", ""FMOD0036"", ""FMOD0079"", ""FMOD0033""]","[""FMOD0016"", ""FMOD0051"", ""FMOD0055"", ""FMOD0075"", ""FMOD0035"", ""FMOD0077"", ""FMOD0023"", ""FMOD0036"", ""FMOD0079"", ""FMOD0033""]"
HIGH_RECALL,Q6K00328,60,10,3,0.6666666666666666,False,1.0,True,0.50678,"[""FMOD0025"", ""FMOD0069"", ""FMOD0023"", ""FMOD0035"", ""FMOD0119"", ""FMOD0120"", ""FMOD0087"", ""FMOD0102"", ""FMOD0077"", ""FMOD0033""]","[""FMOD0025"", ""FMOD0069"", ""FMOD0023"", ""FMOD0035"", ""FMOD0119"", ""FMOD0120"", ""FMOD0087"", ""FMOD0102"", ""FMOD0077"", ""FMOD0033""]"
HIGH_RECALL,Q6K00329,59,10,3,0.6666666666666666,False,1.0,True,0.576838,"[""FMOD0043"", ""FMOD0089"", ""FMOD0119"", ""FMOD0023"", ""FMOD0102"", ""FMOD0035"", ""FMOD0110"", ""FMOD0069"", ""FMOD0079"", ""FMOD0036""]","[""FMOD0043"", ""FMOD0089"", ""FMOD0119"", ""FMOD0023"", ""FMOD0102"", ""FMOD0035"", ""FMOD0110"", ""FMOD0069"", ""FMOD0079"", ""FMOD0036""]"
HIGH_RECALL,Q6K00330,60,10,3,0.6666666666666666,False,1.0,True,0.508132,"[""FMOD0022"", ""FMOD0035"", ""FMOD0069"", ""FMOD0120"", ""FMOD0119"", ""FMOD0023"", ""FMOD0036"", ""FMOD0077"", ""FMOD0102"", ""FMOD0079""]","[""FMOD0022"", ""FMOD0035"", ""FMOD0069"", ""FMOD0120"", ""FMOD0119"", ""FMOD0023"", ""FMOD0036"", ""FMOD0077"", ""FMOD0102"", ""FMOD0079""]"
HIGH_RECALL,Q6K00331,59,10,3,1.0,True,1.0,True,0.50277,"[""FMOD0005"", ""FMOD0079"", ""FMOD0102"", ""FMOD0120"", ""FMOD0051"", ""FMOD0023"", ""FMOD0119"", ""FMOD0055"", ""FMOD0110"", ""FMOD0036""]","[""FMOD0005"", ""FMOD0079"", ""FMOD0102"", ""FMOD0120"", ""FMOD0051"", ""FMOD0023"", ""FMOD0119"", ""FMOD0055"", ""FMOD0110"", ""FMOD0036""]"
HIGH_RECALL,Q6K00332,60,10,3,1.0,True,1.0,True,0.487466,"[""FMOD0044"", ""FMOD0035"", ""FMOD0069"", ""FMOD0086"", ""FMOD0120"", ""FMOD0119"", ""FMOD0050"", ""FMOD0036"", ""FMOD0102"", ""FMOD0023""]","[""FMOD0044"", ""FMOD0035"", ""FMOD0069"", ""FMOD0086"", ""FMOD0120"", ""FMOD0119"", ""FMOD0050"", ""FMOD0036"", ""FMOD0102"", ""FMOD0023""]"
HIGH_RECALL,Q6K00333,59,10,3,1.0,True,1.0,True,0.521271,"[""FMOD0069"", ""FMOD0044"", ""FMOD0011"", ""FMOD0119"", ""FMOD0083"", ""FMOD0025"", ""FMOD0079"", ""FMOD0110"", ""FMOD0035"", ""FMOD0120""]","[""FMOD0069"", ""FMOD0044"", ""FMOD0011"", ""FMOD0119"", ""FMOD0083"", ""FMOD0025"", ""FMOD0079"", ""FMOD0110"", ""FMOD0035"", ""FMOD0120""]"
HIGH_RECALL,Q6K00334,59,10,3,1.0,True,1.0,True,0.491181,"[""FMOD0061"", ""FMOD0083"", ""FMOD0119"", ""FMOD0069"", ""FMOD0035"", ""FMOD0023"", ""FMOD0014"", ""FMOD0060"", ""FMOD0102"", ""FMOD0120""]","[""FMOD0061"", ""FMOD0083"", ""FMOD0119"", ""FMOD0069"", ""FMOD0035"", ""FMOD0023"", ""FMOD0014"", ""FMOD0060"", ""FMOD0102"", ""FMOD0120""]"
HIGH_RECALL,Q6K00335,59,10,3,1.0,True,1.0,True,0.497881,"[""FMOD0087"", ""FMOD0069"", ""FMOD0051"", ""FMOD0033"", ""FMOD0036"", ""FMOD0102"", ""FMOD0120"", ""FMOD0005"", ""FMOD0119"", ""FMOD0075""]","[""FMOD0087"", ""FMOD0069"", ""FMOD0051"", ""FMOD0033"", ""FMOD0036"", ""FMOD0102"", ""FMOD0120"", ""FMOD0005"", ""FMOD0119"", ""FMOD0075""]"
HIGH_RECALL,Q6K00336,58,10,3,0.6666666666666666,False,1.0,True,0.490834,"[""FMOD0014"", ""FMOD0023"", ""FMOD0079"", ""FMOD0035"", ""FMOD0120"", ""FMOD0119"", ""FMOD0102"", ""FMOD0087"", ""FMOD0069"", ""FMOD0074""]","[""FMOD0014"", ""FMOD0023"", ""FMOD0079"", ""FMOD0035"", ""FMOD0120"", ""FMOD0119"", ""FMOD0102"", ""FMOD0087"", ""FMOD0069"", ""FMOD0074""]"
HIGH_RECALL,Q6K00337,60,10,3,1.0,True,1.0,True,0.506201,"[""FMOD0066"", ""FMOD0077"", ""FMOD0086"", ""FMOD0069"", ""FMOD0110"", ""FMOD0005"", ""FMOD0120"", ""FMOD0119"", ""FMOD0023"", ""FMOD0035""]","[""FMOD0066"", ""FMOD0077"", ""FMOD0086"", ""FMOD0069"", ""FMOD0110"", ""FMOD0005"", ""FMOD0120"", ""FMOD0119"", ""FMOD0023"", ""FMOD0035""]"
HIGH_RECALL,Q6K00338,59,10,3,1.0,True,1.0,True,0.56219,"[""FMOD0074"", ""FMOD0067"", ""FMOD0003"", ""FMOD0119"", ""FMOD0035"", ""FMOD0004"", ""FMOD0102"", ""FMOD0110"", ""FMOD0023"", ""FMOD0024""]","[""FMOD0074"", ""FMOD0067"", ""FMOD0003"", ""FMOD0119"", ""FMOD0035"", ""FMOD0004"", ""FMOD0102"", ""FMOD0110"", ""FMOD0023"", ""FMOD0024""]"
HIGH_RECALL,Q6K00339,60,10,3,1.0,True,1.0,True,0.488235,"[""FMOD0014"", ""FMOD0087"", ""FMOD0069"", ""FMOD0033"", ""FMOD0036"", ""FMOD0005"", ""FMOD0102"", ""FMOD0119"", ""FMOD0120"", ""FMOD0075""]","[""FMOD0014"", ""FMOD0087"", ""FMOD0069"", ""FMOD0033"", ""FMOD0036"", ""FMOD0005"", ""FMOD0102"", ""FMOD0119"", ""FMOD0120"", ""FMOD0075""]"
HIGH_RECALL,Q6K00340,59,10,3,1.0,True,1.0,True,0.529105,"[""FMOD0025"", ""FMOD0011"", ""FMOD0089"", ""FMOD0023"", ""FMOD0069"", ""FMOD0035"", ""FMOD0119"", ""FMOD0079"", ""FMOD0120"", ""FMOD0102""]","[""FMOD0025"", ""FMOD0011"", ""FMOD0089"", ""FMOD0023"", ""FMOD0069"", ""FMOD0035"", ""FMOD0119"", ""FMOD0079"", ""FMOD0120"", ""FMOD0102""]"
HIGH_RECALL,Q6K00341,59,10,3,1.0,True,1.0,True,0.506556,"[""FMOD0055"", ""FMOD0066"", ""FMOD0022"", ""FMOD0102"", ""FMOD0036"", ""FMOD0120"", ""FMOD0069"", ""FMOD0119"", ""FMOD0079"", ""FMOD0096""]","[""FMOD0055"", ""FMOD0066"", ""FMOD0022"", ""FMOD0102"", ""FMOD0036"", ""FMOD0120"", ""FMOD0069"", ""FMOD0119"", ""FMOD0079"", ""FMOD0096""]"
HIGH_RECALL,Q6K00342,59,10,3,0.6666666666666666,False,1.0,True,0.496563,"[""FMOD0087"", ""FMOD0053"", ""FMOD0023"", ""FMOD0040"", ""FMOD0069"", ""FMOD0025"", ""FMOD0096"", ""FMOD0119"", ""FMOD0083"", ""FMOD0102""]","[""FMOD0087"", ""FMOD0053"", ""FMOD0023"", ""FMOD0040"", ""FMOD0069"", ""FMOD0025"", ""FMOD0096"", ""FMOD0119"", ""FMOD0083"", ""FMOD0102""]"
HIGH_RECALL,Q6K00343,60,10,3,1.0,True,1.0,True,0.498138,"[""FMOD0087"", ""FMOD0016"", ""FMOD0055"", ""FMOD0023"", ""FMOD0102"", ""FMOD0035"", ""FMOD0119"", ""FMOD0079"", ""FMOD0005"", ""FMOD0036""]","[""FMOD0087"", ""FMOD0016"", ""FMOD0055"", ""FMOD0023"", ""FMOD0102"", ""FMOD0035"", ""FMOD0119"", ""FMOD0079"", ""FMOD0005"", ""FMOD0036""]"
HIGH_RECALL,Q6K00344,60,10,3,1.0,True,1.0,True,0.510864,"[""FMOD0023"", ""FMOD0025"", ""FMOD0043"", ""FMOD0069"", ""FMOD0055"", ""FMOD0035"", ""FMOD0040"", ""FMOD0119"", ""FMOD0120"", ""FMOD0036""]","[""FMOD0023"", ""FMOD0025"", ""FMOD0043"", ""FMOD0069"", ""FMOD0055"", ""FMOD0035"", ""FMOD0040"", ""FMOD0119"", ""FMOD0120"", ""FMOD0036""]"
HIGH_RECALL,Q6K00345,59,10,3,1.0,True,1.0,True,0.484611,"[""FMOD0099"", ""FMOD0086"", ""FMOD0001"", ""FMOD0120"", ""FMOD0005"", ""FMOD0023"", ""FMOD0091"", ""FMOD0102"", ""FMOD0036"", ""FMOD0079""]","[""FMOD0099"", ""FMOD0086"", ""FMOD0001"", ""FMOD0120"", ""FMOD0005"", ""FMOD0023"", ""FMOD0091"", ""FMOD0102"", ""FMOD0036"", ""FMOD0079""]"
HIGH_RECALL,Q6K00346,59,10,3,1.0,True,1.0,True,0.487928,"[""FMOD0035"", ""FMOD0005"", ""FMOD0023"", ""FMOD0079"", ""FMOD0014"", ""FMOD0120"", ""FMOD0119"", ""FMOD0036"", ""FMOD0102"", ""FMOD0055""]","[""FMOD0035"", ""FMOD0005"", ""FMOD0023"", ""FMOD0079"", ""FMOD0014"", ""FMOD0120"", ""FMOD0119"", ""FMOD0036"", ""FMOD0102"", ""FMOD0055""]"
HIGH_RECALL,Q6K00347,59,10,3,1.0,True,1.0,True,0.998137,"[""FMOD0035"", ""FMOD0053"", ""FMOD0023"", ""FMOD0051"", ""FMOD0119"", ""FMOD0102"", ""FMOD0069"", ""FMOD0120"", ""FMOD0079"", ""FMOD0014""]","[""FMOD0035"", ""FMOD0053"", ""FMOD0023"", ""FMOD0051"", ""FMOD0119"", ""FMOD0102"", ""FMOD0069"", ""FMOD0120"", ""FMOD0079"", ""FMOD0014""]"
HIGH_RECALL,Q6K00348,60,10,3,0.6666666666666666,False,1.0,True,0.684355,"[""FMOD0023"", ""FMOD0025"", ""FMOD0069"", ""FMOD0119"", ""FMOD0035"", ""FMOD0079"", ""FMOD0102"", ""FMOD0120"", ""FMOD0110"", ""FMOD0077""]","[""FMOD0023"", ""FMOD0025"", ""FMOD0069"", ""FMOD0119"", ""FMOD0035"", ""FMOD0079"", ""FMOD0102"", ""FMOD0120"", ""FMOD0110"", ""FMOD0077""]"
HIGH_RECALL,Q6K00349,59,10,3,1.0,True,1.0,True,0.551666,"[""FMOD0023"", ""FMOD0016"", ""FMOD0060"", ""FMOD0119"", ""FMOD0102"", ""FMOD0036"", ""FMOD0069"", ""FMOD0120"", ""FMOD0110"", ""FMOD0077""]","[""FMOD0023"", ""FMOD0016"", ""FMOD0060"", ""FMOD0119"", ""FMOD0102"", ""FMOD0036"", ""FMOD0069"", ""FMOD0120"", ""FMOD0110"", ""FMOD0077""]"
HIGH_RECALL,Q6K00350,60,10,3,1.0,True,1.0,True,0.49461,"[""FMOD0022"", ""FMOD0053"", ""FMOD0083"", ""FMOD0023"", ""FMOD0113"", ""FMOD0102"", ""FMOD0035"", ""FMOD0091"", ""FMOD0069"", ""FMOD0040""]","[""FMOD0022"", ""FMOD0053"", ""FMOD0083"", ""FMOD0023"", ""FMOD0113"", ""FMOD0102"", ""FMOD0035"", ""FMOD0091"", ""FMOD0069"", ""FMOD0040""]"
HIGH_RECALL,Q6K00351,59,10,3,1.0,True,1.0,True,0.527699,"[""FMOD0005"", ""FMOD0099"", ""FMOD0022"", ""FMOD0055"", ""FMOD0119"", ""FMOD0079"", ""FMOD0023"", ""FMOD0036"", ""FMOD0077"", ""FMOD0035""]","[""FMOD0005"", ""FMOD0099"", ""FMOD0022"", ""FMOD0055"", ""FMOD0119"", ""FMOD0079"", ""FMOD0023"", ""FMOD0036"", ""FMOD0077"", ""FMOD0035""]"
HIGH_RECALL,Q6K00352,58,10,3,1.0,True,1.0,True,0.502767,"[""FMOD0044"", ""FMOD0066"", ""FMOD0023"", ""FMOD0091"", ""FMOD0069"", ""FMOD0035"", ""FMOD0120"", ""FMOD0102"", ""FMOD0086"", ""FMOD0119""]","[""FMOD0044"", ""FMOD0066"", ""FMOD0023"", ""FMOD0091"", ""FMOD0069"", ""FMOD0035"", ""FMOD0120"", ""FMOD0102"", ""FMOD0086"", ""FMOD0119""]"
HIGH_RECALL,Q6K00353,59,10,3,1.0,True,1.0,True,0.483032,"[""FMOD0035"", ""FMOD0086"", ""FMOD0061"", ""FMOD0023"", ""FMOD0120"", ""FMOD0102"", ""FMOD0036"", ""FMOD0055"", ""FMOD0119"", ""FMOD0110""]","[""FMOD0035"", ""FMOD0086"", ""FMOD0061"", ""FMOD0023"", ""FMOD0120"", ""FMOD0102"", ""FMOD0036"", ""FMOD0055"", ""FMOD0119"", ""FMOD0110""]"
HIGH_RECALL,Q6K00354,59,10,3,1.0,True,1.0,True,0.506715,"[""FMOD0099"", ""FMOD0055"", ""FMOD0079"", ""FMOD0119"", ""FMOD0120"", ""FMOD0005"", ""FMOD0069"", ""FMOD0102"", ""FMOD0023"", ""FMOD0091""]","[""FMOD0099"", ""FMOD0055"", ""FMOD0079"", ""FMOD0119"", ""FMOD0120"", ""FMOD0005"", ""FMOD0069"", ""FMOD0102"", ""FMOD0023"", ""FMOD0091""]"
HIGH_RECALL,Q6K00355,59,10,3,0.6666666666666666,False,1.0,True,0.531584,"[""FMOD0043"", ""FMOD0023"", ""FMOD0035"", ""FMOD0077"", ""FMOD0016"", ""FMOD0102"", ""FMOD0119"", ""FMOD0069"", ""FMOD0120"", ""FMOD0110""]","[""FMOD0043"", ""FMOD0023"", ""FMOD0035"", ""FMOD0077"", ""FMOD0016"", ""FMOD0102"", ""FMOD0119"", ""FMOD0069"", ""FMOD0120"", ""FMOD0110""]"
HIGH_RECALL,Q6K00356,58,10,3,1.0,True,1.0,True,0.554592,"[""FMOD0061"", ""FMOD0004"", ""FMOD0067"", ""FMOD0051"", ""FMOD0113"", ""FMOD0036"", ""FMOD0119"", ""FMOD0005"", ""FMOD0035"", ""FMOD0079""]","[""FMOD0061"", ""FMOD0004"", ""FMOD0067"", ""FMOD0051"", ""FMOD0113"", ""FMOD0036"", ""FMOD0119"", ""FMOD0005"", ""FMOD0035"", ""FMOD0079""]"
HIGH_RECALL,Q6K00357,60,10,3,1.0,True,1.0,True,0.584941,"[""FMOD0099"", ""FMOD0014"", ""FMOD0003"", ""FMOD0120"", ""FMOD0069"", ""FMOD0035"", ""FMOD0005"", ""FMOD0023"", ""FMOD0033"", ""FMOD0110""]","[""FMOD0099"", ""FMOD0014"", ""FMOD0003"", ""FMOD0120"", ""FMOD0069"", ""FMOD0035"", ""FMOD0005"", ""FMOD0023"", ""FMOD0033"", ""FMOD0110""]"
HIGH_RECALL,Q6K00358,59,10,3,1.0,True,1.0,True,0.54793,"[""FMOD0060"", ""FMOD0055"", ""FMOD0036"", ""FMOD0023"", ""FMOD0077"", ""FMOD0075"", ""FMOD0035"", ""FMOD0033"", ""FMOD0053"", ""FMOD0083""]","[""FMOD0060"", ""FMOD0055"", ""FMOD0036"", ""FMOD0023"", ""FMOD0077"", ""FMOD0075"", ""FMOD0035"", ""FMOD0033"", ""FMOD0053"", ""FMOD0083""]"
HIGH_RECALL,Q6K00359,60,10,3,1.0,True,1.0,True,0.483639,"[""FMOD0086"", ""FMOD0087"", ""FMOD0044"", ""FMOD0102"", ""FMOD0079"", ""FMOD0036"", ""FMOD0051"", ""FMOD0069"", ""FMOD0055"", ""FMOD0119""]","[""FMOD0086"", ""FMOD0087"", ""FMOD0044"", ""FMOD0102"", ""FMOD0079"", ""FMOD0036"", ""FMOD0051"", ""FMOD0069"", ""FMOD0055"", ""FMOD0119""]"
HIGH_RECALL,Q6K00360,60,10,3,1.0,True,1.0,True,0.484715,"[""FMOD0066"", ""FMOD0060"", ""FMOD0043"", ""FMOD0035"", ""FMOD0055"", ""FMOD0023"", ""FMOD0119"", ""FMOD0036"", ""FMOD0040"", ""FMOD0120""]","[""FMOD0066"", ""FMOD0060"", ""FMOD0043"", ""FMOD0035"", ""FMOD0055"", ""FMOD0023"", ""FMOD0119"", ""FMOD0036"", ""FMOD0040"", ""FMOD0120""]"
HIGH_RECALL,Q6K00361,59,10,1,1.0,True,1.0,True,0.490805,"[""FMOD0044"", ""FMOD0119"", ""FMOD0035"", ""FMOD0120"", ""FMOD0023"", ""FMOD0102"", ""FMOD0036"", ""FMOD0110"", ""FMOD0069"", ""FMOD0077""]","[""FMOD0044"", ""FMOD0119"", ""FMOD0035"", ""FMOD0120"", ""FMOD0023"", ""FMOD0102"", ""FMOD0036"", ""FMOD0110"", ""FMOD0069"", ""FMOD0077""]"
HIGH_RECALL,Q6K00362,59,10,1,1.0,True,1.0,True,0.521228,"[""FMOD0055"", ""FMOD0119"", ""FMOD0077"", ""FMOD0035"", ""FMOD0120"", ""FMOD0102"", ""FMOD0023"", ""FMOD0036"", ""FMOD0033"", ""FMOD0110""]","[""FMOD0055"", ""FMOD0119"", ""FMOD0077"", ""FMOD0035"", ""FMOD0120"", ""FMOD0102"", ""FMOD0023"", ""FMOD0036"", ""FMOD0033"", ""FMOD0110""]"
HIGH_RECALL,Q6K00363,60,10,1,1.0,True,1.0,True,0.488686,"[""FMOD0066"", ""FMOD0102"", ""FMOD0119"", ""FMOD0069"", ""FMOD0120"", ""FMOD0035"", ""FMOD0023"", ""FMOD0036"", ""FMOD0079"", ""FMOD0005""]","[""FMOD0066"", ""FMOD0102"", ""FMOD0119"", ""FMOD0069"", ""FMOD0120"", ""FMOD0035"", ""FMOD0023"", ""FMOD0036"", ""FMOD0079"", ""FMOD0005""]"
HIGH_RECALL,Q6K00364,59,10,1,1.0,True,1.0,True,0.509304,"[""FMOD0077"", ""FMOD0086"", ""FMOD0069"", ""FMOD0035"", ""FMOD0120"", ""FMOD0025"", ""FMOD0005"", ""FMOD0119"", ""FMOD0036"", ""FMOD0113""]","[""FMOD0077"", ""FMOD0086"", ""FMOD0069"", ""FMOD0035"", ""FMOD0120"", ""FMOD0025"", ""FMOD0005"", ""FMOD0119"", ""FMOD0036"", ""FMOD0113""]"
HIGH_RECALL,Q6K00365,60,10,1,1.0,True,1.0,True,0.564255,"[""FMOD0087"", ""FMOD0035"", ""FMOD0023"", ""FMOD0119"", ""FMOD0016"", ""FMOD0055"", ""FMOD0036"", ""FMOD0102"", ""FMOD0079"", ""FMOD0077""]","[""FMOD0087"", ""FMOD0035"", ""FMOD0023"", ""FMOD0119"", ""FMOD0016"", ""FMOD0055"", ""FMOD0036"", ""FMOD0102"", ""FMOD0079"", ""FMOD0077""]"
HIGH_RECALL,Q6K00366,58,10,1,1.0,True,1.0,True,0.517427,"[""FMOD0040"", ""FMOD0035"", ""FMOD0055"", ""FMOD0023"", ""FMOD0079"", ""FMOD0120"", ""FMOD0119"", ""FMOD0016"", ""FMOD0102"", ""FMOD0005""]","[""FMOD0040"", ""FMOD0035"", ""FMOD0055"", ""FMOD0023"", ""FMOD0079"", ""FMOD0120"", ""FMOD0119"", ""FMOD0016"", ""FMOD0102"", ""FMOD0005""]"
HIGH_RECALL,Q6K00367,59,10,1,1.0,True,1.0,True,0.500201,"[""FMOD0102"", ""FMOD0079"", ""FMOD0035"", ""FMOD0023"", ""FMOD0120"", ""FMOD0055"", ""FMOD0119"", ""FMOD0036"", ""FMOD0089"", ""FMOD0069""]","[""FMOD0102"", ""FMOD0079"", ""FMOD0035"", ""FMOD0023"", ""FMOD0120"", ""FMOD0055"", ""FMOD0119"", ""FMOD0036"", ""FMOD0089"", ""FMOD0069""]"
HIGH_RECALL,Q6K00368,60,10,1,1.0,True,1.0,True,0.555545,"[""FMOD0036"", ""FMOD0069"", ""FMOD0005"", ""FMOD0023"", ""FMOD0035"", ""FMOD0119"", ""FMOD0067"", ""FMOD0120"", ""FMOD0025"", ""FMOD0102""]","[""FMOD0036"", ""FMOD0069"", ""FMOD0005"", ""FMOD0023"", ""FMOD0035"", ""FMOD0119"", ""FMOD0067"", ""FMOD0120"", ""FMOD0025"", ""FMOD0102""]"
HIGH_RECALL,Q6K00369,59,10,1,1.0,True,1.0,True,0.526497,"[""FMOD0004"", ""FMOD0023"", ""FMOD0086"", ""FMOD0016"", ""FMOD0035"", ""FMOD0033"", ""FMOD0014"", ""FMOD0102"", ""FMOD0119"", ""FMOD0120""]","[""FMOD0004"", ""FMOD0023"", ""FMOD0086"", ""FMOD0016"", ""FMOD0035"", ""FMOD0033"", ""FMOD0014"", ""FMOD0102"", ""FMOD0119"", ""FMOD0120""]"
HIGH_RECALL,Q6K00370,60,10,1,1.0,True,1.0,True,0.490779,"[""FMOD0005"", ""FMOD0023"", ""FMOD0119"", ""FMOD0120"", ""FMOD0035"", ""FMOD0036"", ""FMOD0102"", ""FMOD0079"", ""FMOD0069"", ""FMOD0055""]","[""FMOD0005"", ""FMOD0023"", ""FMOD0119"", ""FMOD0120"", ""FMOD0035"", ""FMOD0036"", ""FMOD0102"", ""FMOD0079"", ""FMOD0069"", ""FMOD0055""]"
HIGH_RECALL,Q6K00371,59,10,1,1.0,True,1.0,True,0.504604,"[""FMOD0087"", ""FMOD0023"", ""FMOD0016"", ""FMOD0035"", ""FMOD0079"", ""FMOD0119"", ""FMOD0036"", ""FMOD0055"", ""FMOD0120"", ""FMOD0051""]","[""FMOD0087"", ""FMOD0023"", ""FMOD0016"", ""FMOD0035"", ""FMOD0079"", ""FMOD0119"", ""FMOD0036"", ""FMOD0055"", ""FMOD0120"", ""FMOD0051""]"
HIGH_RECALL,Q6K00372,59,10,1,1.0,True,1.0,True,0.498885,"[""FMOD0023"", ""FMOD0035"", ""FMOD0016"", ""FMOD0051"", ""FMOD0119"", ""FMOD0102"", ""FMOD0069"", ""FMOD0120"", ""FMOD0055"", ""FMOD0036""]","[""FMOD0023"", ""FMOD0035"", ""FMOD0016"", ""FMOD0051"", ""FMOD0119"", ""FMOD0102"", ""FMOD0069"", ""FMOD0120"", ""FMOD0055"", ""FMOD0036""]"
HIGH_RECALL,Q6K00373,59,10,1,1.0,True,1.0,True,0.549075,"[""FMOD0069"", ""FMOD0119"", ""FMOD0083"", ""FMOD0025"", ""FMOD0110"", ""FMOD0079"", ""FMOD0120"", ""FMOD0035"", ""FMOD0003"", ""FMOD0102""]","[""FMOD0069"", ""FMOD0119"", ""FMOD0083"", ""FMOD0025"", ""FMOD0110"", ""FMOD0079"", ""FMOD0120"", ""FMOD0035"", ""FMOD0003"", ""FMOD0102""]"
HIGH_RECALL,Q6K00374,59,10,1,1.0,True,1.0,True,0.534209,"[""FMOD0051"", ""FMOD0025"", ""FMOD0087"", ""FMOD0023"", ""FMOD0119"", ""FMOD0035"", ""FMOD0055"", ""FMOD0069"", ""FMOD0091"", ""FMOD0040""]","[""FMOD0051"", ""FMOD0025"", ""FMOD0087"", ""FMOD0023"", ""FMOD0119"", ""FMOD0035"", ""FMOD0055"", ""FMOD0069"", ""FMOD0091"", ""FMOD0040""]"
HIGH_RECALL,Q6K00375,60,10,1,1.0,True,1.0,True,0.50551,"[""FMOD0099"", ""FMOD0023"", ""FMOD0069"", ""FMOD0025"", ""FMOD0055"", ""FMOD0083"", ""FMOD0119"", ""FMOD0035"", ""FMOD0102"", ""FMOD0120""]","[""FMOD0099"", ""FMOD0023"", ""FMOD0069"", ""FMOD0025"", ""FMOD0055"", ""FMOD0083"", ""FMOD0119"", ""FMOD0035"", ""FMOD0102"", ""FMOD0120""]"
HIGH_RECALL,Q6K00376,60,10,1,1.0,True,1.0,True,0.729279,"[""FMOD0005"", ""FMOD0096"", ""FMOD0083"", ""FMOD0023"", ""FMOD0035"", ""FMOD0119"", ""FMOD0036"", ""FMOD0077"", ""FMOD0110"", ""FMOD0102""]","[""FMOD0005"", ""FMOD0096"", ""FMOD0083"", ""FMOD0023"", ""FMOD0035"", ""FMOD0119"", ""FMOD0036"", ""FMOD0077"", ""FMOD0110"", ""FMOD0102""]"
HIGH_RECALL,Q6K00377,60,10,1,1.0,True,1.0,True,0.532431,"[""FMOD0022"", ""FMOD0023"", ""FMOD0069"", ""FMOD0055"", ""FMOD0025"", ""FMOD0100"", ""FMOD0119"", ""FMOD0035"", ""FMOD0036"", ""FMOD0102""]","[""FMOD0022"", ""FMOD0023"", ""FMOD0069"", ""FMOD0055"", ""FMOD0025"", ""FMOD0100"", ""FMOD0119"", ""FMOD0035"", ""FMOD0036"", ""FMOD0102""]"
HIGH_RECALL,Q6K00378,60,10,1,1.0,True,1.0,True,0.537477,"[""FMOD0023"", ""FMOD0055"", ""FMOD0083"", ""FMOD0025"", ""FMOD0079"", ""FMOD0119"", ""FMOD0102"", ""FMOD0120"", ""FMOD0005"", ""FMOD0024""]","[""FMOD0023"", ""FMOD0055"", ""FMOD0083"", ""FMOD0025"", ""FMOD0079"", ""FMOD0119"", ""FMOD0102"", ""FMOD0120"", ""FMOD0005"", ""FMOD0024""]"
HIGH_RECALL,Q6K00379,60,10,1,1.0,True,1.0,True,0.515003,"[""FMOD0089"", ""FMOD0023"", ""FMOD0055"", ""FMOD0069"", ""FMOD0025"", ""FMOD0100"", ""FMOD0035"", ""FMOD0119"", ""FMOD0036"", ""FMOD0079""]","[""FMOD0089"", ""FMOD0023"", ""FMOD0055"", ""FMOD0069"", ""FMOD0025"", ""FMOD0100"", ""FMOD0035"", ""FMOD0119"", ""FMOD0036"", ""FMOD0079""]"
HIGH_RECALL,Q6K00380,58,10,1,1.0,True,1.0,True,0.527648,"[""FMOD0023"", ""FMOD0035"", ""FMOD0119"", ""FMOD0102"", ""FMOD0110"", ""FMOD0036"", ""FMOD0120"", ""FMOD0077"", ""FMOD0005"", ""FMOD0075""]","[""FMOD0023"", ""FMOD0035"", ""FMOD0119"", ""FMOD0102"", ""FMOD0110"", ""FMOD0036"", ""FMOD0120"", ""FMOD0077"", ""FMOD0005"", ""FMOD0075""]"
HIGH_RECALL,Q6K00381,60,10,1,1.0,True,1.0,True,0.534795,"[""FMOD0077"", ""FMOD0035"", ""FMOD0023"", ""FMOD0079"", ""FMOD0119"", ""FMOD0102"", ""FMOD0120"", ""FMOD0055"", ""FMOD0036"", ""FMOD0083""]","[""FMOD0077"", ""FMOD0035"", ""FMOD0023"", ""FMOD0079"", ""FMOD0119"", ""FMOD0102"", ""FMOD0120"", ""FMOD0055"", ""FMOD0036"", ""FMOD0083""]"
HIGH_RECALL,Q6K00382,59,10,1,1.0,True,1.0,True,0.477634,"[""FMOD0022"", ""FMOD0120"", ""FMOD0023"", ""FMOD0102"", ""FMOD0035"", ""FMOD0079"", ""FMOD0110"", ""FMOD0119"", ""FMOD0005"", ""FMOD0069""]","[""FMOD0022"", ""FMOD0120"", ""FMOD0023"", ""FMOD0102"", ""FMOD0035"", ""FMOD0079"", ""FMOD0110"", ""FMOD0119"", ""FMOD0005"", ""FMOD0069""]"
HIGH_RECALL,Q6K00383,58,10,1,1.0,True,1.0,True,0.561562,"[""FMOD0060"", ""FMOD0023"", ""FMOD0035"", ""FMOD0119"", ""FMOD0113"", ""FMOD0120"", ""FMOD0036"", ""FMOD0069"", ""FMOD0079"", ""FMOD0077""]","[""FMOD0060"", ""FMOD0023"", ""FMOD0035"", ""FMOD0119"", ""FMOD0113"", ""FMOD0120"", ""FMOD0036"", ""FMOD0069"", ""FMOD0079"", ""FMOD0077""]"
HIGH_RECALL,Q6K00384,59,10,1,1.0,True,1.0,True,0.524451,"[""FMOD0083"", ""FMOD0069"", ""FMOD0086"", ""FMOD0035"", ""FMOD0120"", ""FMOD0119"", ""FMOD0005"", ""FMOD0055"", ""FMOD0036"", ""FMOD0079""]","[""FMOD0083"", ""FMOD0069"", ""FMOD0086"", ""FMOD0035"", ""FMOD0120"", ""FMOD0119"", ""FMOD0005"", ""FMOD0055"", ""FMOD0036"", ""FMOD0079""]"
HIGH_RECALL,Q6K00385,58,10,1,1.0,True,1.0,True,0.523486,"[""FMOD0061"", ""FMOD0035"", ""FMOD0079"", ""FMOD0069"", ""FMOD0102"", ""FMOD0043"", ""FMOD0023"", ""FMOD0055"", ""FMOD0120"", ""FMOD0086""]","[""FMOD0061"", ""FMOD0035"", ""FMOD0079"", ""FMOD0069"", ""FMOD0102"", ""FMOD0043"", ""FMOD0023"", ""FMOD0055"", ""FMOD0120"", ""FMOD0086""]"
HIGH_RECALL,Q6K00386,60,10,1,1.0,True,1.0,True,0.513843,"[""FMOD0066"", ""FMOD0035"", ""FMOD0079"", ""FMOD0022"", ""FMOD0102"", ""FMOD0120"", ""FMOD0023"", ""FMOD0119"", ""FMOD0036"", ""FMOD0055""]","[""FMOD0066"", ""FMOD0035"", ""FMOD0079"", ""FMOD0022"", ""FMOD0102"", ""FMOD0120"", ""FMOD0023"", ""FMOD0119"", ""FMOD0036"", ""FMOD0055""]"
HIGH_RECALL,Q6K00387,59,10,1,1.0,True,1.0,True,0.519722,"[""FMOD0043"", ""FMOD0023"", ""FMOD0102"", ""FMOD0069"", ""FMOD0035"", ""FMOD0096"", ""FMOD0119"", ""FMOD0120"", ""FMOD0024"", ""FMOD0079""]","[""FMOD0043"", ""FMOD0023"", ""FMOD0102"", ""FMOD0069"", ""FMOD0035"", ""FMOD0096"", ""FMOD0119"", ""FMOD0120"", ""FMOD0024"", ""FMOD0079""]"
HIGH_RECALL,Q6K00388,59,10,1,1.0,True,1.0,True,0.482458,"[""FMOD0055"", ""FMOD0074"", ""FMOD0083"", ""FMOD0025"", ""FMOD0119"", ""FMOD0079"", ""FMOD0102"", ""FMOD0005"", ""FMOD0120"", ""FMOD0077""]","[""FMOD0055"", ""FMOD0074"", ""FMOD0083"", ""FMOD0025"", ""FMOD0119"", ""FMOD0079"", ""FMOD0102"", ""FMOD0005"", ""FMOD0120"", ""FMOD0077""]"
HIGH_RECALL,Q6K00389,59,10,1,1.0,True,1.0,True,0.540335,"[""FMOD0055"", ""FMOD0023"", ""FMOD0035"", ""FMOD0079"", ""FMOD0119"", ""FMOD0102"", ""FMOD0120"", ""FMOD0069"", ""FMOD0067"", ""FMOD0087""]","[""FMOD0055"", ""FMOD0023"", ""FMOD0035"", ""FMOD0079"", ""FMOD0119"", ""FMOD0102"", ""FMOD0120"", ""FMOD0069"", ""FMOD0067"", ""FMOD0087""]"
HIGH_RECALL,Q6K00390,60,10,1,1.0,True,1.0,True,0.480241,"[""FMOD0023"", ""FMOD0102"", ""FMOD0119"", ""FMOD0120"", ""FMOD0069"", ""FMOD0035"", ""FMOD0079"", ""FMOD0022"", ""FMOD0110"", ""FMOD0073""]","[""FMOD0023"", ""FMOD0102"", ""FMOD0119"", ""FMOD0120"", ""FMOD0069"", ""FMOD0035"", ""FMOD0079"", ""FMOD0022"", ""FMOD0110"", ""FMOD0073""]"
HIGH_RECALL,Q6K00391,60,10,1,1.0,True,1.0,True,0.505129,"[""FMOD0089"", ""FMOD0110"", ""FMOD0035"", ""FMOD0119"", ""FMOD0102"", ""FMOD0023"", ""FMOD0079"", ""FMOD0069"", ""FMOD0036"", ""FMOD0120""]","[""FMOD0089"", ""FMOD0110"", ""FMOD0035"", ""FMOD0119"", ""FMOD0102"", ""FMOD0023"", ""FMOD0079"", ""FMOD0069"", ""FMOD0036"", ""FMOD0120""]"
HIGH_RECALL,Q6K00392,59,10,1,1.0,True,1.0,True,0.536006,"[""FMOD0079"", ""FMOD0120"", ""FMOD0069"", ""FMOD0023"", ""FMOD0102"", ""FMOD0119"", ""FMOD0005"", ""FMOD0036"", ""FMOD0104"", ""FMOD0067""]","[""FMOD0079"", ""FMOD0120"", ""FMOD0069"", ""FMOD0023"", ""FMOD0102"", ""FMOD0119"", ""FMOD0005"", ""FMOD0036"", ""FMOD0104"", ""FMOD0067""]"
HIGH_RECALL,Q6K00393,59,10,1,1.0,True,1.0,True,0.512184,"[""FMOD0023"", ""FMOD0102"", ""FMOD0119"", ""FMOD0120"", ""FMOD0036"", ""FMOD0035"", ""FMOD0053"", ""FMOD0113"", ""FMOD0024"", ""FMOD0110""]","[""FMOD0023"", ""FMOD0102"", ""FMOD0119"", ""FMOD0120"", ""FMOD0036"", ""FMOD0035"", ""FMOD0053"", ""FMOD0113"", ""FMOD0024"", ""FMOD0110""]"
HIGH_RECALL,Q6K00394,59,10,1,1.0,True,1.0,True,0.527082,"[""FMOD0102"", ""FMOD0079"", ""FMOD0119"", ""FMOD0036"", ""FMOD0035"", ""FMOD0120"", ""FMOD0023"", ""FMOD0096"", ""FMOD0110"", ""FMOD0055""]","[""FMOD0102"", ""FMOD0079"", ""FMOD0119"", ""FMOD0036"", ""FMOD0035"", ""FMOD0120"", ""FMOD0023"", ""FMOD0096"", ""FMOD0110"", ""FMOD0055""]"
HIGH_RECALL,Q6K00395,59,10,1,1.0,True,1.0,True,0.52822,"[""FMOD0053"", ""FMOD0069"", ""FMOD0035"", ""FMOD0023"", ""FMOD0119"", ""FMOD0036"", ""FMOD0004"", ""FMOD0067"", ""FMOD0083"", ""FMOD0025""]","[""FMOD0053"", ""FMOD0069"", ""FMOD0035"", ""FMOD0023"", ""FMOD0119"", ""FMOD0036"", ""FMOD0004"", ""FMOD0067"", ""FMOD0083"", ""FMOD0025""]"
HIGH_RECALL,Q6K00396,59,10,1,1.0,True,1.0,True,0.500315,"[""FMOD0066"", ""FMOD0035"", ""FMOD0023"", ""FMOD0051"", ""FMOD0119"", ""FMOD0102"", ""FMOD0036"", ""FMOD0055"", ""FMOD0120"", ""FMOD0077""]","[""FMOD0066"", ""FMOD0035"", ""FMOD0023"", ""FMOD0051"", ""FMOD0119"", ""FMOD0102"", ""FMOD0036"", ""FMOD0055"", ""FMOD0120"", ""FMOD0077""]"
HIGH_RECALL,Q6K00397,60,10,1,1.0,True,1.0,True,0.508089,"[""FMOD0079"", ""FMOD0120"", ""FMOD0023"", ""FMOD0102"", ""FMOD0110"", ""FMOD0119"", ""FMOD0005"", ""FMOD0035"", ""FMOD0055"", ""FMOD0069""]","[""FMOD0079"", ""FMOD0120"", ""FMOD0023"", ""FMOD0102"", ""FMOD0110"", ""FMOD0119"", ""FMOD0005"", ""FMOD0035"", ""FMOD0055"", ""FMOD0069""]"
HIGH_RECALL,Q6K00398,59,10,1,1.0,True,1.0,True,0.504692,"[""FMOD0069"", ""FMOD0119"", ""FMOD0083"", ""FMOD0025"", ""FMOD0079"", ""FMOD0110"", ""FMOD0120"", ""FMOD0035"", ""FMOD0102"", ""FMOD0043""]","[""FMOD0069"", ""FMOD0119"", ""FMOD0083"", ""FMOD0025"", ""FMOD0079"", ""FMOD0110"", ""FMOD0120"", ""FMOD0035"", ""FMOD0102"", ""FMOD0043""]"
HIGH_RECALL,Q6K00399,60,10,1,1.0,True,1.0,True,0.489667,"[""FMOD0089"", ""FMOD0055"", ""FMOD0102"", ""FMOD0120"", ""FMOD0110"", ""FMOD0024"", ""FMOD0025"", ""FMOD0023"", ""FMOD0044"", ""FMOD0086""]","[""FMOD0089"", ""FMOD0055"", ""FMOD0102"", ""FMOD0120"", ""FMOD0110"", ""FMOD0024"", ""FMOD0025"", ""FMOD0023"", ""FMOD0044"", ""FMOD0086""]"
HIGH_RECALL,Q6K00400,60,10,1,1.0,True,1.0,True,0.485674,"[""FMOD0023"", ""FMOD0025"", ""FMOD0035"", ""FMOD0069"", ""FMOD0055"", ""FMOD0100"", ""FMOD0036"", ""FMOD0031"", ""FMOD0120"", ""FMOD0102""]","[""FMOD0023"", ""FMOD0025"", ""FMOD0035"", ""FMOD0069"", ""FMOD0055"", ""FMOD0100"", ""FMOD0036"", ""FMOD0031"", ""FMOD0120"", ""FMOD0102""]"
HIGH_RECALL,Q6K00401,59,10,1,1.0,True,1.0,True,0.531947,"[""FMOD0066"", ""FMOD0023"", ""FMOD0091"", ""FMOD0051"", ""FMOD0043"", ""FMOD0040"", ""FMOD0022"", ""FMOD0100"", ""FMOD0119"", ""FMOD0079""]","[""FMOD0066"", ""FMOD0023"", ""FMOD0091"", ""FMOD0051"", ""FMOD0043"", ""FMOD0040"", ""FMOD0022"", ""FMOD0100"", ""FMOD0119"", ""FMOD0079""]"
HIGH_RECALL,Q6K00402,58,10,1,1.0,True,1.0,True,0.517749,"[""FMOD0044"", ""FMOD0091"", ""FMOD0023"", ""FMOD0035"", ""FMOD0119"", ""FMOD0069"", ""FMOD0120"", ""FMOD0077"", ""FMOD0036"", ""FMOD0102""]","[""FMOD0044"", ""FMOD0091"", ""FMOD0023"", ""FMOD0035"", ""FMOD0119"", ""FMOD0069"", ""FMOD0120"", ""FMOD0077"", ""FMOD0036"", ""FMOD0102""]"
HIGH_RECALL,Q6K00403,60,10,1,1.0,True,1.0,True,0.49689,"[""FMOD0035"", ""FMOD0033"", ""FMOD0119"", ""FMOD0120"", ""FMOD0024"", ""FMOD0080"", ""FMOD0102"", ""FMOD0105"", ""FMOD0005"", ""FMOD0091""]","[""FMOD0035"", ""FMOD0033"", ""FMOD0119"", ""FMOD0120"", ""FMOD0024"", ""FMOD0080"", ""FMOD0102"", ""FMOD0105"", ""FMOD0005"", ""FMOD0091""]"
HIGH_RECALL,Q6K00404,59,10,1,1.0,True,1.0,True,0.703793,"[""FMOD0040"", ""FMOD0120"", ""FMOD0055"", ""FMOD0102"", ""FMOD0035"", ""FMOD0069"", ""FMOD0023"", ""FMOD0110"", ""FMOD0119"", ""FMOD0036""]","[""FMOD0040"", ""FMOD0120"", ""FMOD0055"", ""FMOD0102"", ""FMOD0035"", ""FMOD0069"", ""FMOD0023"", ""FMOD0110"", ""FMOD0119"", ""FMOD0036""]"
HIGH_RECALL,Q6K00405,60,10,1,1.0,True,1.0,True,0.610132,"[""FMOD0016"", ""FMOD0102"", ""FMOD0031"", ""FMOD0023"", ""FMOD0035"", ""FMOD0033"", ""FMOD0079"", ""FMOD0022"", ""FMOD0051"", ""FMOD0014""]","[""FMOD0016"", ""FMOD0102"", ""FMOD0031"", ""FMOD0023"", ""FMOD0035"", ""FMOD0033"", ""FMOD0079"", ""FMOD0022"", ""FMOD0051"", ""FMOD0014""]"
HIGH_RECALL,Q6K00406,60,10,1,1.0,True,1.0,True,0.514569,"[""FMOD0036"", ""FMOD0086"", ""FMOD0025"", ""FMOD0023"", ""FMOD0102"", ""FMOD0119"", ""FMOD0067"", ""FMOD0044"", ""FMOD0005"", ""FMOD0014""]","[""FMOD0036"", ""FMOD0086"", ""FMOD0025"", ""FMOD0023"", ""FMOD0102"", ""FMOD0119"", ""FMOD0067"", ""FMOD0044"", ""FMOD0005"", ""FMOD0014""]"
HIGH_RECALL,Q6K00407,59,10,1,1.0,True,1.0,True,0.532788,"[""FMOD0005"", ""FMOD0120"", ""FMOD0069"", ""FMOD0102"", ""FMOD0119"", ""FMOD0079"", ""FMOD0023"", ""FMOD0104"", ""FMOD0033"", ""FMOD0110""]","[""FMOD0005"", ""FMOD0120"", ""FMOD0069"", ""FMOD0102"", ""FMOD0119"", ""FMOD0079"", ""FMOD0023"", ""FMOD0104"", ""FMOD0033"", ""FMOD0110""]"
HIGH_RECALL,Q6K00408,60,10,1,1.0,True,1.0,True,0.668184,"[""FMOD0022"", ""FMOD0023"", ""FMOD0035"", ""FMOD0102"", ""FMOD0120"", ""FMOD0077"", ""FMOD0069"", ""FMOD0079"", ""FMOD0119"", ""FMOD0053""]","[""FMOD0022"", ""FMOD0023"", ""FMOD0035"", ""FMOD0102"", ""FMOD0120"", ""FMOD0077"", ""FMOD0069"", ""FMOD0079"", ""FMOD0119"", ""FMOD0053""]"
HIGH_RECALL,Q6K00409,59,10,1,1.0,True,1.0,True,0.530902,"[""FMOD0043"", ""FMOD0023"", ""FMOD0035"", ""FMOD0079"", ""FMOD0022"", ""FMOD0119"", ""FMOD0036"", ""FMOD0055"", ""FMOD0087"", ""FMOD0089""]","[""FMOD0043"", ""FMOD0023"", ""FMOD0035"", ""FMOD0079"", ""FMOD0022"", ""FMOD0119"", ""FMOD0036"", ""FMOD0055"", ""FMOD0087"", ""FMOD0089""]"
HIGH_RECALL,Q6K00410,59,10,1,1.0,True,1.0,True,0.554423,"[""FMOD0005"", ""FMOD0023"", ""FMOD0035"", ""FMOD0055"", ""FMOD0089"", ""FMOD0024"", ""FMOD0113"", ""FMOD0120"", ""FMOD0110"", ""FMOD0079""]","[""FMOD0005"", ""FMOD0023"", ""FMOD0035"", ""FMOD0055"", ""FMOD0089"", ""FMOD0024"", ""FMOD0113"", ""FMOD0120"", ""FMOD0110"", ""FMOD0079""]"
HIGH_RECALL,Q6K00411,60,10,1,1.0,True,1.0,True,0.542883,"[""FMOD0025"", ""FMOD0069"", ""FMOD0023"", ""FMOD0119"", ""FMOD0079"", ""FMOD0120"", ""FMOD0102"", ""FMOD0110"", ""FMOD0055"", ""FMOD0035""]","[""FMOD0025"", ""FMOD0069"", ""FMOD0023"", ""FMOD0119"", ""FMOD0079"", ""FMOD0120"", ""FMOD0102"", ""FMOD0110"", ""FMOD0055"", ""FMOD0035""]"
HIGH_RECALL,Q6K00412,59,10,1,1.0,True,1.0,True,0.543865,"[""FMOD0055"", ""FMOD0023"", ""FMOD0119"", ""FMOD0069"", ""FMOD0040"", ""FMOD0035"", ""FMOD0120"", ""FMOD0083"", ""FMOD0102"", ""FMOD0110""]","[""FMOD0055"", ""FMOD0023"", ""FMOD0119"", ""FMOD0069"", ""FMOD0040"", ""FMOD0035"", ""FMOD0120"", ""FMOD0083"", ""FMOD0102"", ""FMOD0110""]"
HIGH_RECALL,Q6K00413,59,10,1,1.0,True,1.0,True,0.5479,"[""FMOD0060"", ""FMOD0023"", ""FMOD0035"", ""FMOD0120"", ""FMOD0102"", ""FMOD0079"", ""FMOD0069"", ""FMOD0110"", ""FMOD0119"", ""FMOD0036""]","[""FMOD0060"", ""FMOD0023"", ""FMOD0035"", ""FMOD0120"", ""FMOD0102"", ""FMOD0079"", ""FMOD0069"", ""FMOD0110"", ""FMOD0119"", ""FMOD0036""]"
HIGH_RECALL,Q6K00414,58,10,1,1.0,True,1.0,True,0.551927,"[""FMOD0055"", ""FMOD0036"", ""FMOD0023"", ""FMOD0120"", ""FMOD0119"", ""FMOD0077"", ""FMOD0102"", ""FMOD0035"", ""FMOD0079"", ""FMOD0083""]","[""FMOD0055"", ""FMOD0036"", ""FMOD0023"", ""FMOD0120"", ""FMOD0119"", ""FMOD0077"", ""FMOD0102"", ""FMOD0035"", ""FMOD0079"", ""FMOD0083""]"
HIGH_RECALL,Q6K00415,60,10,1,1.0,True,1.0,True,0.511498,"[""FMOD0025"", ""FMOD0069"", ""FMOD0023"", ""FMOD0102"", ""FMOD0035"", ""FMOD0077"", ""FMOD0055"", ""FMOD0036"", ""FMOD0033"", ""FMOD0113""]","[""FMOD0025"", ""FMOD0069"", ""FMOD0023"", ""FMOD0102"", ""FMOD0035"", ""FMOD0077"", ""FMOD0055"", ""FMOD0036"", ""FMOD0033"", ""FMOD0113""]"
HIGH_RECALL,Q6K00416,59,10,1,1.0,True,1.0,True,0.495985,"[""FMOD0089"", ""FMOD0023"", ""FMOD0036"", ""FMOD0022"", ""FMOD0035"", ""FMOD0075"", ""FMOD0055"", ""FMOD0119"", ""FMOD0079"", ""FMOD0086""]","[""FMOD0089"", ""FMOD0023"", ""FMOD0036"", ""FMOD0022"", ""FMOD0035"", ""FMOD0075"", ""FMOD0055"", ""FMOD0119"", ""FMOD0079"", ""FMOD0086""]"
HIGH_RECALL,Q6K00417,60,10,1,1.0,True,1.0,True,0.525765,"[""FMOD0051"", ""FMOD0102"", ""FMOD0035"", ""FMOD0086"", ""FMOD0005"", ""FMOD0075"", ""FMOD0036"", ""FMOD0096"", ""FMOD0120"", ""FMOD0069""]","[""FMOD0051"", ""FMOD0102"", ""FMOD0035"", ""FMOD0086"", ""FMOD0005"", ""FMOD0075"", ""FMOD0036"", ""FMOD0096"", ""FMOD0120"", ""FMOD0069""]"
HIGH_RECALL,Q6K00418,59,10,1,1.0,True,1.0,True,0.501822,"[""FMOD0083"", ""FMOD0035"", ""FMOD0102"", ""FMOD0119"", ""FMOD0069"", ""FMOD0025"", ""FMOD0077"", ""FMOD0004"", ""FMOD0079"", ""FMOD0023""]","[""FMOD0083"", ""FMOD0035"", ""FMOD0102"", ""FMOD0119"", ""FMOD0069"", ""FMOD0025"", ""FMOD0077"", ""FMOD0004"", ""FMOD0079"", ""FMOD0023""]"
HIGH_RECALL,Q6K00419,58,10,1,1.0,True,1.0,True,0.550199,"[""FMOD0096"", ""FMOD0023"", ""FMOD0035"", ""FMOD0022"", ""FMOD0119"", ""FMOD0102"", ""FMOD0120"", ""FMOD0036"", ""FMOD0069"", ""FMOD0110""]","[""FMOD0096"", ""FMOD0023"", ""FMOD0035"", ""FMOD0022"", ""FMOD0119"", ""FMOD0102"", ""FMOD0120"", ""FMOD0036"", ""FMOD0069"", ""FMOD0110""]"
HIGH_RECALL,Q6K00420,59,10,1,1.0,True,1.0,True,0.48622,"[""FMOD0036"", ""FMOD0004"", ""FMOD0067"", ""FMOD0119"", ""FMOD0035"", ""FMOD0079"", ""FMOD0120"", ""FMOD0023"", ""FMOD0055"", ""FMOD0005""]","[""FMOD0036"", ""FMOD0004"", ""FMOD0067"", ""FMOD0119"", ""FMOD0035"", ""FMOD0079"", ""FMOD0120"", ""FMOD0023"", ""FMOD0055"", ""FMOD0005""]"
HIGH_RECALL,Q6K00421,60,10,2,1.0,True,1.0,True,0.539187,"[""FMOD0005"", ""FMOD0069"", ""FMOD0079"", ""FMOD0120"", ""FMOD0119"", ""FMOD0023"", ""FMOD0035"", ""FMOD0040"", ""FMOD0089"", ""FMOD0036""]","[""FMOD0005"", ""FMOD0069"", ""FMOD0079"", ""FMOD0120"", ""FMOD0119"", ""FMOD0023"", ""FMOD0035"", ""FMOD0040"", ""FMOD0089"", ""FMOD0036""]"
HIGH_RECALL,Q6K00422,59,10,2,1.0,True,1.0,True,0.516463,"[""FMOD0053"", ""FMOD0083"", ""FMOD0035"", ""FMOD0023"", ""FMOD0051"", ""FMOD0036"", ""FMOD0079"", ""FMOD0102"", ""FMOD0120"", ""FMOD0110""]","[""FMOD0053"", ""FMOD0083"", ""FMOD0035"", ""FMOD0023"", ""FMOD0051"", ""FMOD0036"", ""FMOD0079"", ""FMOD0102"", ""FMOD0120"", ""FMOD0110""]"
HIGH_RECALL,Q6K00423,59,10,2,1.0,True,1.0,True,0.525088,"[""FMOD0061"", ""FMOD0004"", ""FMOD0086"", ""FMOD0035"", ""FMOD0033"", ""FMOD0014"", ""FMOD0102"", ""FMOD0119"", ""FMOD0120"", ""FMOD0096""]","[""FMOD0061"", ""FMOD0004"", ""FMOD0086"", ""FMOD0035"", ""FMOD0033"", ""FMOD0014"", ""FMOD0102"", ""FMOD0119"", ""FMOD0120"", ""FMOD0096""]"
HIGH_RECALL,Q6K00424,59,10,2,0.5,False,1.0,True,0.498007,"[""FMOD0053"", ""FMOD0102"", ""FMOD0023"", ""FMOD0035"", ""FMOD0077"", ""FMOD0069"", ""FMOD0033"", ""FMOD0113"", ""FMOD0119"", ""FMOD0025""]","[""FMOD0053"", ""FMOD0102"", ""FMOD0023"", ""FMOD0035"", ""FMOD0077"", ""FMOD0069"", ""FMOD0033"", ""FMOD0113"", ""FMOD0119"", ""FMOD0025""]"
HIGH_RECALL,Q6K00425,59,10,2,1.0,True,1.0,True,0.528156,"[""FMOD0060"", ""FMOD0011"", ""FMOD0035"", ""FMOD0102"", ""FMOD0119"", ""FMOD0110"", ""FMOD0120"", ""FMOD0055"", ""FMOD0036"", ""FMOD0079""]","[""FMOD0060"", ""FMOD0011"", ""FMOD0035"", ""FMOD0102"", ""FMOD0119"", ""FMOD0110"", ""FMOD0120"", ""FMOD0055"", ""FMOD0036"", ""FMOD0079""]"
HIGH_RECALL,Q6K00426,59,10,2,1.0,True,1.0,True,0.485632,"[""FMOD0022"", ""FMOD0040"", ""FMOD0035"", ""FMOD0119"", ""FMOD0023"", ""FMOD0036"", ""FMOD0102"", ""FMOD0051"", ""FMOD0120"", ""FMOD0053""]","[""FMOD0022"", ""FMOD0040"", ""FMOD0035"", ""FMOD0119"", ""FMOD0023"", ""FMOD0036"", ""FMOD0102"", ""FMOD0051"", ""FMOD0120"", ""FMOD0053""]"
HIGH_RECALL,Q6K00427,59,10,2,0.5,False,1.0,True,0.468964,"[""FMOD0005"", ""FMOD0035"", ""FMOD0055"", ""FMOD0043"", ""FMOD0011"", ""FMOD0102"", ""FMOD0023"", ""FMOD0069"", ""FMOD0119"", ""FMOD0036""]","[""FMOD0005"", ""FMOD0035"", ""FMOD0055"", ""FMOD0043"", ""FMOD0011"", ""FMOD0102"", ""FMOD0023"", ""FMOD0069"", ""FMOD0119"", ""FMOD0036""]"
HIGH_RECALL,Q6K00428,60,10,2,1.0,True,1.0,True,0.583421,"[""FMOD0069"", ""FMOD0099"", ""FMOD0023"", ""FMOD0077"", ""FMOD0119"", ""FMOD0120"", ""FMOD0035"", ""FMOD0102"", ""FMOD0040"", ""FMOD0110""]","[""FMOD0069"", ""FMOD0099"", ""FMOD0023"", ""FMOD0077"", ""FMOD0119"", ""FMOD0120"", ""FMOD0035"", ""FMOD0102"", ""FMOD0040"", ""FMOD0110""]"
HIGH_RECALL,Q6K00429,60,10,2,1.0,True,1.0,True,0.551664,"[""FMOD0069"", ""FMOD0086"", ""FMOD0087"", ""FMOD0119"", ""FMOD0120"", ""FMOD0023"", ""FMOD0005"", ""FMOD0110"", ""FMOD0035"", ""FMOD0079""]","[""FMOD0069"", ""FMOD0086"", ""FMOD0087"", ""FMOD0119"", ""FMOD0120"", ""FMOD0023"", ""FMOD0005"", ""FMOD0110"", ""FMOD0035"", ""FMOD0079""]"
HIGH_RECALL,Q6K00430,60,10,2,1.0,True,1.0,True,0.509026,"[""FMOD0050"", ""FMOD0061"", ""FMOD0083"", ""FMOD0069"", ""FMOD0023"", ""FMOD0035"", ""FMOD0079"", ""FMOD0110"", ""FMOD0005"", ""FMOD0024""]","[""FMOD0050"", ""FMOD0061"", ""FMOD0083"", ""FMOD0069"", ""FMOD0023"", ""FMOD0035"", ""FMOD0079"", ""FMOD0110"", ""FMOD0005"", ""FMOD0024""]"
HIGH_RECALL,Q6K00431,59,10,2,1.0,True,1.0,True,0.535111,"[""FMOD0074"", ""FMOD0005"", ""FMOD0120"", ""FMOD0079"", ""FMOD0119"", ""FMOD0110"", ""FMOD0096"", ""FMOD0069"", ""FMOD0035"", ""FMOD0036""]","[""FMOD0074"", ""FMOD0005"", ""FMOD0120"", ""FMOD0079"", ""FMOD0119"", ""FMOD0110"", ""FMOD0096"", ""FMOD0069"", ""FMOD0035"", ""FMOD0036""]"
HIGH_RECALL,Q6K00432,59,10,2,1.0,True,1.0,True,0.689965,"[""FMOD0053"", ""FMOD0011"", ""FMOD0035"", ""FMOD0023"", ""FMOD0113"", ""FMOD0110"", ""FMOD0083"", ""FMOD0069"", ""FMOD0091"", ""FMOD0102""]","[""FMOD0053"", ""FMOD0011"", ""FMOD0035"", ""FMOD0023"", ""FMOD0113"", ""FMOD0110"", ""FMOD0083"", ""FMOD0069"", ""FMOD0091"", ""FMOD0102""]"
HIGH_RECALL,Q6K00433,58,10,2,1.0,True,1.0,True,0.510776,"[""FMOD0004"", ""FMOD0079"", ""FMOD0086"", ""FMOD0035"", ""FMOD0033"", ""FMOD0110"", ""FMOD0119"", ""FMOD0102"", ""FMOD0014"", ""FMOD0120""]","[""FMOD0004"", ""FMOD0079"", ""FMOD0086"", ""FMOD0035"", ""FMOD0033"", ""FMOD0110"", ""FMOD0119"", ""FMOD0102"", ""FMOD0014"", ""FMOD0120""]"
HIGH_RECALL,Q6K00434,60,10,2,0.5,False,1.0,True,0.488249,"[""FMOD0016"", ""FMOD0035"", ""FMOD0036"", ""FMOD0077"", ""FMOD0055"", ""FMOD0005"", ""FMOD0120"", ""FMOD0102"", ""FMOD0110"", ""FMOD0079""]","[""FMOD0016"", ""FMOD0035"", ""FMOD0036"", ""FMOD0077"", ""FMOD0055"", ""FMOD0005"", ""FMOD0120"", ""FMOD0102"", ""FMOD0110"", ""FMOD0079""]"
HIGH_RECALL,Q6K00435,60,10,2,1.0,True,1.0,True,0.492753,"[""FMOD0099"", ""FMOD0069"", ""FMOD0119"", ""FMOD0023"", ""FMOD0035"", ""FMOD0102"", ""FMOD0120"", ""FMOD0110"", ""FMOD0077"", ""FMOD0079""]","[""FMOD0099"", ""FMOD0069"", ""FMOD0119"", ""FMOD0023"", ""FMOD0035"", ""FMOD0102"", ""FMOD0120"", ""FMOD0110"", ""FMOD0077"", ""FMOD0079""]"
HIGH_RECALL,Q6K00436,60,10,2,1.0,True,1.0,True,0.52108,"[""FMOD0099"", ""FMOD0044"", ""FMOD0035"", ""FMOD0023"", ""FMOD0119"", ""FMOD0036"", ""FMOD0120"", ""FMOD0069"", ""FMOD0077"", ""FMOD0102""]","[""FMOD0099"", ""FMOD0044"", ""FMOD0035"", ""FMOD0023"", ""FMOD0119"", ""FMOD0036"", ""FMOD0120"", ""FMOD0069"", ""FMOD0077"", ""FMOD0102""]"
HIGH_RECALL,Q6K00437,59,10,2,1.0,True,1.0,True,0.568833,"[""FMOD0096"", ""FMOD0035"", ""FMOD0110"", ""FMOD0023"", ""FMOD0051"", ""FMOD0079"", ""FMOD0120"", ""FMOD0119"", ""FMOD0005"", ""FMOD0069""]","[""FMOD0096"", ""FMOD0035"", ""FMOD0110"", ""FMOD0023"", ""FMOD0051"", ""FMOD0079"", ""FMOD0120"", ""FMOD0119"", ""FMOD0005"", ""FMOD0069""]"
HIGH_RECALL,Q6K00438,58,10,2,1.0,True,1.0,True,0.660744,"[""FMOD0022"", ""FMOD0055"", ""FMOD0023"", ""FMOD0102"", ""FMOD0069"", ""FMOD0110"", ""FMOD0120"", ""FMOD0079"", ""FMOD0119"", ""FMOD0036""]","[""FMOD0022"", ""FMOD0055"", ""FMOD0023"", ""FMOD0102"", ""FMOD0069"", ""FMOD0110"", ""FMOD0120"", ""FMOD0079"", ""FMOD0119"", ""FMOD0036""]"
HIGH_RECALL,Q6K00439,59,10,2,1.0,True,1.0,True,0.571564,"[""FMOD0043"", ""FMOD0083"", ""FMOD0023"", ""FMOD0035"", ""FMOD0079"", ""FMOD0040"", ""FMOD0055"", ""FMOD0119"", ""FMOD0005"", ""FMOD0077""]","[""FMOD0043"", ""FMOD0083"", ""FMOD0023"", ""FMOD0035"", ""FMOD0079"", ""FMOD0040"", ""FMOD0055"", ""FMOD0119"", ""FMOD0005"", ""FMOD0077""]"
HIGH_RECALL,Q6K00440,58,10,2,1.0,True,1.0,True,0.537168,"[""FMOD0061"", ""FMOD0119"", ""FMOD0035"", ""FMOD0110"", ""FMOD0060"", ""FMOD0036"", ""FMOD0083"", ""FMOD0023"", ""FMOD0011"", ""FMOD0005""]","[""FMOD0061"", ""FMOD0119"", ""FMOD0035"", ""FMOD0110"", ""FMOD0060"", ""FMOD0036"", ""FMOD0083"", ""FMOD0023"", ""FMOD0011"", ""FMOD0005""]"
HIGH_RECALL,Q6K00441,59,10,2,1.0,True,1.0,True,0.536307,"[""FMOD0035"", ""FMOD0025"", ""FMOD0086"", ""FMOD0080"", ""FMOD0015"", ""FMOD0023"", ""FMOD0119"", ""FMOD0102"", ""FMOD0079"", ""FMOD0036""]","[""FMOD0035"", ""FMOD0025"", ""FMOD0086"", ""FMOD0080"", ""FMOD0015"", ""FMOD0023"", ""FMOD0119"", ""FMOD0102"", ""FMOD0079"", ""FMOD0036""]"
HIGH_RECALL,Q6K00442,60,10,2,0.5,False,1.0,True,0.546208,"[""FMOD0087"", ""FMOD0035"", ""FMOD0120"", ""FMOD0102"", ""FMOD0079"", ""FMOD0119"", ""FMOD0110"", ""FMOD0005"", ""FMOD0036"", ""FMOD0055""]","[""FMOD0087"", ""FMOD0035"", ""FMOD0120"", ""FMOD0102"", ""FMOD0079"", ""FMOD0119"", ""FMOD0110"", ""FMOD0005"", ""FMOD0036"", ""FMOD0055""]"
HIGH_RECALL,Q6K00443,60,10,2,1.0,True,1.0,True,0.497028,"[""FMOD0035"", ""FMOD0011"", ""FMOD0023"", ""FMOD0119"", ""FMOD0102"", ""FMOD0079"", ""FMOD0060"", ""FMOD0069"", ""FMOD0077"", ""FMOD0055""]","[""FMOD0035"", ""FMOD0011"", ""FMOD0023"", ""FMOD0119"", ""FMOD0102"", ""FMOD0079"", ""FMOD0060"", ""FMOD0069"", ""FMOD0077"", ""FMOD0055""]"
HIGH_RECALL,Q6K00444,59,10,2,1.0,True,1.0,True,0.498624,"[""FMOD0003"", ""FMOD0022"", ""FMOD0069"", ""FMOD0120"", ""FMOD0119"", ""FMOD0079"", ""FMOD0005"", ""FMOD0102"", ""FMOD0067"", ""FMOD0036""]","[""FMOD0003"", ""FMOD0022"", ""FMOD0069"", ""FMOD0120"", ""FMOD0119"", ""FMOD0079"", ""FMOD0005"", ""FMOD0102"", ""FMOD0067"", ""FMOD0036""]"
HIGH_RECALL,Q6K00445,59,10,2,1.0,True,1.0,True,0.554754,"[""FMOD0035"", ""FMOD0023"", ""FMOD0069"", ""FMOD0120"", ""FMOD0102"", ""FMOD0119"", ""FMOD0110"", ""FMOD0079"", ""FMOD0036"", ""FMOD0033""]","[""FMOD0035"", ""FMOD0023"", ""FMOD0069"", ""FMOD0120"", ""FMOD0102"", ""FMOD0119"", ""FMOD0110"", ""FMOD0079"", ""FMOD0036"", ""FMOD0033""]"
HIGH_RECALL,Q6K00446,58,10,2,1.0,True,1.0,True,0.578681,"[""FMOD0067"", ""FMOD0060"", ""FMOD0035"", ""FMOD0023"", ""FMOD0022"", ""FMOD0119"", ""FMOD0102"", ""FMOD0120"", ""FMOD0110"", ""FMOD0036""]","[""FMOD0067"", ""FMOD0060"", ""FMOD0035"", ""FMOD0023"", ""FMOD0022"", ""FMOD0119"", ""FMOD0102"", ""FMOD0120"", ""FMOD0110"", ""FMOD0036""]"
HIGH_RECALL,Q6K00447,59,10,2,1.0,True,1.0,True,0.522339,"[""FMOD0086"", ""FMOD0087"", ""FMOD0050"", ""FMOD0091"", ""FMOD0036"", ""FMOD0120"", ""FMOD0069"", ""FMOD0119"", ""FMOD0023"", ""FMOD0079""]","[""FMOD0086"", ""FMOD0087"", ""FMOD0050"", ""FMOD0091"", ""FMOD0036"", ""FMOD0120"", ""FMOD0069"", ""FMOD0119"", ""FMOD0023"", ""FMOD0079""]"
HIGH_RECALL,Q6K00448,59,10,2,1.0,True,1.0,True,0.506087,"[""FMOD0055"", ""FMOD0102"", ""FMOD0079"", ""FMOD0035"", ""FMOD0023"", ""FMOD0120"", ""FMOD0069"", ""FMOD0119"", ""FMOD0036"", ""FMOD0110""]","[""FMOD0055"", ""FMOD0102"", ""FMOD0079"", ""FMOD0035"", ""FMOD0023"", ""FMOD0120"", ""FMOD0069"", ""FMOD0119"", ""FMOD0036"", ""FMOD0110""]"
HIGH_RECALL,Q6K00449,60,10,2,1.0,True,1.0,True,0.530815,"[""FMOD0066"", ""FMOD0096"", ""FMOD0023"", ""FMOD0035"", ""FMOD0031"", ""FMOD0033"", ""FMOD0079"", ""FMOD0016"", ""FMOD0055"", ""FMOD0120""]","[""FMOD0066"", ""FMOD0096"", ""FMOD0023"", ""FMOD0035"", ""FMOD0031"", ""FMOD0033"", ""FMOD0079"", ""FMOD0016"", ""FMOD0055"", ""FMOD0120""]"
HIGH_RECALL,Q6K00450,60,10,2,1.0,True,1.0,True,0.494501,"[""FMOD0066"", ""FMOD0087"", ""FMOD0023"", ""FMOD0005"", ""FMOD0036"", ""FMOD0035"", ""FMOD0119"", ""FMOD0102"", ""FMOD0040"", ""FMOD0069""]","[""FMOD0066"", ""FMOD0087"", ""FMOD0023"", ""FMOD0005"", ""FMOD0036"", ""FMOD0035"", ""FMOD0119"", ""FMOD0102"", ""FMOD0040"", ""FMOD0069""]"
HIGH_RECALL,Q6K00451,60,10,2,1.0,True,1.0,True,0.48418,"[""FMOD0004"", ""FMOD0025"", ""FMOD0086"", ""FMOD0035"", ""FMOD0033"", ""FMOD0014"", ""FMOD0102"", ""FMOD0119"", ""FMOD0120"", ""FMOD0096""]","[""FMOD0004"", ""FMOD0025"", ""FMOD0086"", ""FMOD0035"", ""FMOD0033"", ""FMOD0014"", ""FMOD0102"", ""FMOD0119"", ""FMOD0120"", ""FMOD0096""]"
HIGH_RECALL,Q6K00452,60,10,2,1.0,True,1.0,True,0.513776,"[""FMOD0035"", ""FMOD0003"", ""FMOD0102"", ""FMOD0120"", ""FMOD0014"", ""FMOD0119"", ""FMOD0023"", ""FMOD0073"", ""FMOD0079"", ""FMOD0069""]","[""FMOD0035"", ""FMOD0003"", ""FMOD0102"", ""FMOD0120"", ""FMOD0014"", ""FMOD0119"", ""FMOD0023"", ""FMOD0073"", ""FMOD0079"", ""FMOD0069""]"
HIGH_RECALL,Q6K00453,60,10,2,1.0,True,1.0,True,0.513866,"[""FMOD0044"", ""FMOD0079"", ""FMOD0119"", ""FMOD0023"", ""FMOD0102"", ""FMOD0120"", ""FMOD0035"", ""FMOD0083"", ""FMOD0110"", ""FMOD0069""]","[""FMOD0044"", ""FMOD0079"", ""FMOD0119"", ""FMOD0023"", ""FMOD0102"", ""FMOD0120"", ""FMOD0035"", ""FMOD0083"", ""FMOD0110"", ""FMOD0069""]"
HIGH_RECALL,Q6K00454,60,10,2,1.0,True,1.0,True,0.511912,"[""FMOD0067"", ""FMOD0077"", ""FMOD0033"", ""FMOD0035"", ""FMOD0102"", ""FMOD0069"", ""FMOD0119"", ""FMOD0023"", ""FMOD0073"", ""FMOD0113""]","[""FMOD0067"", ""FMOD0077"", ""FMOD0033"", ""FMOD0035"", ""FMOD0102"", ""FMOD0069"", ""FMOD0119"", ""FMOD0023"", ""FMOD0073"", ""FMOD0113""]"
HIGH_RECALL,Q6K00455,59,10,2,1.0,True,1.0,True,0.533548,"[""FMOD0077"", ""FMOD0016"", ""FMOD0120"", ""FMOD0079"", ""FMOD0110"", ""FMOD0035"", ""FMOD0102"", ""FMOD0005"", ""FMOD0055"", ""FMOD0036""]","[""FMOD0077"", ""FMOD0016"", ""FMOD0120"", ""FMOD0079"", ""FMOD0110"", ""FMOD0035"", ""FMOD0102"", ""FMOD0005"", ""FMOD0055"", ""FMOD0036""]"
HIGH_RECALL,Q6K00456,60,10,2,1.0,True,1.0,True,0.501601,"[""FMOD0004"", ""FMOD0016"", ""FMOD0067"", ""FMOD0113"", ""FMOD0036"", ""FMOD0023"", ""FMOD0035"", ""FMOD0079"", ""FMOD0077"", ""FMOD0119""]","[""FMOD0004"", ""FMOD0016"", ""FMOD0067"", ""FMOD0113"", ""FMOD0036"", ""FMOD0023"", ""FMOD0035"", ""FMOD0079"", ""FMOD0077"", ""FMOD0119""]"
HIGH_RECALL,Q6K00457,60,10,2,0.5,False,1.0,True,0.54137,"[""FMOD0025"", ""FMOD0069"", ""FMOD0023"", ""FMOD0055"", ""FMOD0031"", ""FMOD0100"", ""FMOD0036"", ""FMOD0035"", ""FMOD0120"", ""FMOD0119""]","[""FMOD0025"", ""FMOD0069"", ""FMOD0023"", ""FMOD0055"", ""FMOD0031"", ""FMOD0100"", ""FMOD0036"", ""FMOD0035"", ""FMOD0120"", ""FMOD0119""]"
HIGH_RECALL,Q6K00458,60,10,2,1.0,True,1.0,True,0.498932,"[""FMOD0079"", ""FMOD0023"", ""FMOD0016"", ""FMOD0035"", ""FMOD0102"", ""FMOD0119"", ""FMOD0120"", ""FMOD0077"", ""FMOD0036"", ""FMOD0110""]","[""FMOD0079"", ""FMOD0023"", ""FMOD0016"", ""FMOD0035"", ""FMOD0102"", ""FMOD0119"", ""FMOD0120"", ""FMOD0077"", ""FMOD0036"", ""FMOD0110""]"
HIGH_RECALL,Q6K00459,60,10,2,0.5,False,1.0,True,0.530987,"[""FMOD0069"", ""FMOD0023"", ""FMOD0055"", ""FMOD0025"", ""FMOD0079"", ""FMOD0005"", ""FMOD0089"", ""FMOD0120"", ""FMOD0119"", ""FMOD0102""]","[""FMOD0069"", ""FMOD0023"", ""FMOD0055"", ""FMOD0025"", ""FMOD0079"", ""FMOD0005"", ""FMOD0089"", ""FMOD0120"", ""FMOD0119"", ""FMOD0102""]"
HIGH_RECALL,Q6K00460,59,10,2,1.0,True,1.0,True,0.677256,"[""FMOD0043"", ""FMOD0099"", ""FMOD0024"", ""FMOD0069"", ""FMOD0119"", ""FMOD0023"", ""FMOD0035"", ""FMOD0091"", ""FMOD0005"", ""FMOD0025""]","[""FMOD0043"", ""FMOD0099"", ""FMOD0024"", ""FMOD0069"", ""FMOD0119"", ""FMOD0023"", ""FMOD0035"", ""FMOD0091"", ""FMOD0005"", ""FMOD0025""]"
HIGH_RECALL,Q6K00461,59,10,2,1.0,True,1.0,True,0.523695,"[""FMOD0001"", ""FMOD0003"", ""FMOD0089"", ""FMOD0035"", ""FMOD0051"", ""FMOD0120"", ""FMOD0023"", ""FMOD0119"", ""FMOD0036"", ""FMOD0069""]","[""FMOD0001"", ""FMOD0003"", ""FMOD0089"", ""FMOD0035"", ""FMOD0051"", ""FMOD0120"", ""FMOD0023"", ""FMOD0119"", ""FMOD0036"", ""FMOD0069""]"
HIGH_RECALL,Q6K00462,60,10,2,1.0,True,1.0,True,0.50618,"[""FMOD0099"", ""FMOD0089"", ""FMOD0003"", ""FMOD0119"", ""FMOD0023"", ""FMOD0102"", ""FMOD0120"", ""FMOD0035"", ""FMOD0036"", ""FMOD0110""]","[""FMOD0099"", ""FMOD0089"", ""FMOD0003"", ""FMOD0119"", ""FMOD0023"", ""FMOD0102"", ""FMOD0120"", ""FMOD0035"", ""FMOD0036"", ""FMOD0110""]"
HIGH_RECALL,Q6K00463,59,10,2,1.0,True,1.0,True,0.482847,"[""FMOD0069"", ""FMOD0096"", ""FMOD0033"", ""FMOD0102"", ""FMOD0120"", ""FMOD0036"", ""FMOD0005"", ""FMOD0119"", ""FMOD0110"", ""FMOD0077""]","[""FMOD0069"", ""FMOD0096"", ""FMOD0033"", ""FMOD0102"", ""FMOD0120"", ""FMOD0036"", ""FMOD0005"", ""FMOD0119"", ""FMOD0110"", ""FMOD0077""]"
HIGH_RECALL,Q6K00464,60,10,2,1.0,True,1.0,True,0.57143,"[""FMOD0025"", ""FMOD0069"", ""FMOD0099"", ""FMOD0023"", ""FMOD0119"", ""FMOD0102"", ""FMOD0120"", ""FMOD0035"", ""FMOD0053"", ""FMOD0033""]","[""FMOD0025"", ""FMOD0069"", ""FMOD0099"", ""FMOD0023"", ""FMOD0119"", ""FMOD0102"", ""FMOD0120"", ""FMOD0035"", ""FMOD0053"", ""FMOD0033""]"
HIGH_RECALL,Q6K00465,60,10,2,1.0,True,1.0,True,0.531126,"[""FMOD0083"", ""FMOD0096"", ""FMOD0023"", ""FMOD0036"", ""FMOD0110"", ""FMOD0119"", ""FMOD0035"", ""FMOD0005"", ""FMOD0120"", ""FMOD0102""]","[""FMOD0083"", ""FMOD0096"", ""FMOD0023"", ""FMOD0036"", ""FMOD0110"", ""FMOD0119"", ""FMOD0035"", ""FMOD0005"", ""FMOD0120"", ""FMOD0102""]"
HIGH_RECALL,Q6K00466,59,10,2,1.0,True,1.0,True,0.499821,"[""FMOD0053"", ""FMOD0067"", ""FMOD0102"", ""FMOD0035"", ""FMOD0023"", ""FMOD0077"", ""FMOD0120"", ""FMOD0119"", ""FMOD0110"", ""FMOD0025""]","[""FMOD0053"", ""FMOD0067"", ""FMOD0102"", ""FMOD0035"", ""FMOD0023"", ""FMOD0077"", ""FMOD0120"", ""FMOD0119"", ""FMOD0110"", ""FMOD0025""]"
HIGH_RECALL,Q6K00467,59,10,2,1.0,True,1.0,True,0.547218,"[""FMOD0069"", ""FMOD0044"", ""FMOD0035"", ""FMOD0023"", ""FMOD0051"", ""FMOD0119"", ""FMOD0102"", ""FMOD0014"", ""FMOD0022"", ""FMOD0040""]","[""FMOD0069"", ""FMOD0044"", ""FMOD0035"", ""FMOD0023"", ""FMOD0051"", ""FMOD0119"", ""FMOD0102"", ""FMOD0014"", ""FMOD0022"", ""FMOD0040""]"
HIGH_RECALL,Q6K00468,59,10,2,1.0,True,1.0,True,0.590842,"[""FMOD0069"", ""FMOD0051"", ""FMOD0119"", ""FMOD0083"", ""FMOD0079"", ""FMOD0025"", ""FMOD0035"", ""FMOD0110"", ""FMOD0120"", ""FMOD0003""]","[""FMOD0069"", ""FMOD0051"", ""FMOD0119"", ""FMOD0083"", ""FMOD0079"", ""FMOD0025"", ""FMOD0035"", ""FMOD0110"", ""FMOD0120"", ""FMOD0003""]"
HIGH_RECALL,Q6K00469,60,10,2,0.5,False,1.0,True,0.610004,"[""FMOD0067"", ""FMOD0102"", ""FMOD0120"", ""FMOD0035"", ""FMOD0023"", ""FMOD0119"", ""FMOD0069"", ""FMOD0110"", ""FMOD0079"", ""FMOD0083""]","[""FMOD0067"", ""FMOD0102"", ""FMOD0120"", ""FMOD0035"", ""FMOD0023"", ""FMOD0119"", ""FMOD0069"", ""FMOD0110"", ""FMOD0079"", ""FMOD0083""]"
HIGH_RECALL,Q6K00470,58,10,2,1.0,True,1.0,True,0.527424,"[""FMOD0060"", ""FMOD0102"", ""FMOD0061"", ""FMOD0120"", ""FMOD0119"", ""FMOD0069"", ""FMOD0035"", ""FMOD0079"", ""FMOD0031"", ""FMOD0110""]","[""FMOD0060"", ""FMOD0102"", ""FMOD0061"", ""FMOD0120"", ""FMOD0119"", ""FMOD0069"", ""FMOD0035"", ""FMOD0079"", ""FMOD0031"", ""FMOD0110""]"
HIGH_RECALL,Q6K00471,59,10,2,1.0,True,1.0,True,0.494329,"[""FMOD0025"", ""FMOD0099"", ""FMOD0024"", ""FMOD0014"", ""FMOD0005"", ""FMOD0113"", ""FMOD0083"", ""FMOD0120"", ""FMOD0023"", ""FMOD0069""]","[""FMOD0025"", ""FMOD0099"", ""FMOD0024"", ""FMOD0014"", ""FMOD0005"", ""FMOD0113"", ""FMOD0083"", ""FMOD0120"", ""FMOD0023"", ""FMOD0069""]"
HIGH_RECALL,Q6K00472,59,10,2,1.0,True,1.0,True,0.505403,"[""FMOD0035"", ""FMOD0023"", ""FMOD0022"", ""FMOD0087"", ""FMOD0079"", ""FMOD0055"", ""FMOD0119"", ""FMOD0036"", ""FMOD0053"", ""FMOD0043""]","[""FMOD0035"", ""FMOD0023"", ""FMOD0022"", ""FMOD0087"", ""FMOD0079"", ""FMOD0055"", ""FMOD0119"", ""FMOD0036"", ""FMOD0053"", ""FMOD0043""]"
HIGH_RECALL,Q6K00473,60,10,2,1.0,True,1.0,True,0.568032,"[""FMOD0086"", ""FMOD0079"", ""FMOD0036"", ""FMOD0083"", ""FMOD0119"", ""FMOD0004"", ""FMOD0024"", ""FMOD0067"", ""FMOD0023"", ""FMOD0025""]","[""FMOD0086"", ""FMOD0079"", ""FMOD0036"", ""FMOD0083"", ""FMOD0119"", ""FMOD0004"", ""FMOD0024"", ""FMOD0067"", ""FMOD0023"", ""FMOD0025""]"
HIGH_RECALL,Q6K00474,59,10,2,1.0,True,1.0,True,0.585263,"[""FMOD0099"", ""FMOD0086"", ""FMOD0050"", ""FMOD0069"", ""FMOD0120"", ""FMOD0102"", ""FMOD0110"", ""FMOD0074"", ""FMOD0079"", ""FMOD0119""]","[""FMOD0099"", ""FMOD0086"", ""FMOD0050"", ""FMOD0069"", ""FMOD0120"", ""FMOD0102"", ""FMOD0110"", ""FMOD0074"", ""FMOD0079"", ""FMOD0119""]"
HIGH_RECALL,Q6K00475,59,10,2,1.0,True,1.0,True,0.487029,"[""FMOD0025"", ""FMOD0077"", ""FMOD0035"", ""FMOD0102"", ""FMOD0069"", ""FMOD0036"", ""FMOD0079"", ""FMOD0120"", ""FMOD0119"", ""FMOD0110""]","[""FMOD0025"", ""FMOD0077"", ""FMOD0035"", ""FMOD0102"", ""FMOD0069"", ""FMOD0036"", ""FMOD0079"", ""FMOD0120"", ""FMOD0119"", ""FMOD0110""]"
HIGH_RECALL,Q6K00476,58,10,2,1.0,True,1.0,True,0.516257,"[""FMOD0016"", ""FMOD0102"", ""FMOD0119"", ""FMOD0023"", ""FMOD0035"", ""FMOD0040"", ""FMOD0120"", ""FMOD0075"", ""FMOD0069"", ""FMOD0079""]","[""FMOD0016"", ""FMOD0102"", ""FMOD0119"", ""FMOD0023"", ""FMOD0035"", ""FMOD0040"", ""FMOD0120"", ""FMOD0075"", ""FMOD0069"", ""FMOD0079""]"
HIGH_RECALL,Q6K00477,60,10,2,1.0,True,1.0,True,0.502578,"[""FMOD0102"", ""FMOD0025"", ""FMOD0079"", ""FMOD0035"", ""FMOD0023"", ""FMOD0055"", ""FMOD0005"", ""FMOD0036"", ""FMOD0043"", ""FMOD0053""]","[""FMOD0102"", ""FMOD0025"", ""FMOD0079"", ""FMOD0035"", ""FMOD0023"", ""FMOD0055"", ""FMOD0005"", ""FMOD0036"", ""FMOD0043"", ""FMOD0053""]"
HIGH_RECALL,Q6K00478,60,10,2,1.0,True,1.0,True,0.53671,"[""FMOD0025"", ""FMOD0099"", ""FMOD0023"", ""FMOD0120"", ""FMOD0102"", ""FMOD0119"", ""FMOD0035"", ""FMOD0069"", ""FMOD0077"", ""FMOD0110""]","[""FMOD0025"", ""FMOD0099"", ""FMOD0023"", ""FMOD0120"", ""FMOD0102"", ""FMOD0119"", ""FMOD0035"", ""FMOD0069"", ""FMOD0077"", ""FMOD0110""]"
HIGH_RECALL,Q6K00479,59,10,2,1.0,True,1.0,True,0.522631,"[""FMOD0066"", ""FMOD0022"", ""FMOD0023"", ""FMOD0035"", ""FMOD0079"", ""FMOD0036"", ""FMOD0055"", ""FMOD0102"", ""FMOD0119"", ""FMOD0005""]","[""FMOD0066"", ""FMOD0022"", ""FMOD0023"", ""FMOD0035"", ""FMOD0079"", ""FMOD0036"", ""FMOD0055"", ""FMOD0102"", ""FMOD0119"", ""FMOD0005""]"
HIGH_RECALL,Q6K00480,59,10,2,1.0,True,1.0,True,0.495888,"[""FMOD0005"", ""FMOD0099"", ""FMOD0055"", ""FMOD0079"", ""FMOD0120"", ""FMOD0086"", ""FMOD0035"", ""FMOD0023"", ""FMOD0024"", ""FMOD0036""]","[""FMOD0005"", ""FMOD0099"", ""FMOD0055"", ""FMOD0079"", ""FMOD0120"", ""FMOD0086"", ""FMOD0035"", ""FMOD0023"", ""FMOD0024"", ""FMOD0036""]"
HIGH_RECALL,Q6K00481,59,10,0,,,1.0,True,0.522773,"[""FMOD0035"", ""FMOD0023"", ""FMOD0051"", ""FMOD0119"", ""FMOD0102"", ""FMOD0120"", ""FMOD0036"", ""FMOD0079"", ""FMOD0083"", ""FMOD0069""]","[""FMOD0035"", ""FMOD0023"", ""FMOD0051"", ""FMOD0119"", ""FMOD0102"", ""FMOD0120"", ""FMOD0036"", ""FMOD0079"", ""FMOD0083"", ""FMOD0069""]"
HIGH_RECALL,Q6K00482,59,10,0,,,1.0,True,0.556298,"[""FMOD0087"", ""FMOD0023"", ""FMOD0035"", ""FMOD0079"", ""FMOD0016"", ""FMOD0119"", ""FMOD0110"", ""FMOD0014"", ""FMOD0102"", ""FMOD0036""]","[""FMOD0087"", ""FMOD0023"", ""FMOD0035"", ""FMOD0079"", ""FMOD0016"", ""FMOD0119"", ""FMOD0110"", ""FMOD0014"", ""FMOD0102"", ""FMOD0036""]"
HIGH_RECALL,Q6K00483,60,10,0,,,1.0,True,0.505799,"[""FMOD0023"", ""FMOD0102"", ""FMOD0120"", ""FMOD0035"", ""FMOD0119"", ""FMOD0069"", ""FMOD0079"", ""FMOD0110"", ""FMOD0036"", ""FMOD0005""]","[""FMOD0023"", ""FMOD0102"", ""FMOD0120"", ""FMOD0035"", ""FMOD0119"", ""FMOD0069"", ""FMOD0079"", ""FMOD0110"", ""FMOD0036"", ""FMOD0005""]"
HIGH_RECALL,Q6K00484,59,10,0,,,1.0,True,0.494433,"[""FMOD0035"", ""FMOD0023"", ""FMOD0119"", ""FMOD0120"", ""FMOD0036"", ""FMOD0069"", ""FMOD0051"", ""FMOD0079"", ""FMOD0102"", ""FMOD0005""]","[""FMOD0035"", ""FMOD0023"", ""FMOD0119"", ""FMOD0120"", ""FMOD0036"", ""FMOD0069"", ""FMOD0051"", ""FMOD0079"", ""FMOD0102"", ""FMOD0005""]"
HIGH_RECALL,Q6K00485,58,10,0,,,1.0,True,0.534237,"[""FMOD0069"", ""FMOD0035"", ""FMOD0023"", ""FMOD0119"", ""FMOD0036"", ""FMOD0067"", ""FMOD0004"", ""FMOD0083"", ""FMOD0025"", ""FMOD0053""]","[""FMOD0069"", ""FMOD0035"", ""FMOD0023"", ""FMOD0119"", ""FMOD0036"", ""FMOD0067"", ""FMOD0004"", ""FMOD0083"", ""FMOD0025"", ""FMOD0053""]"
HIGH_RECALL,Q6K00486,59,10,0,,,1.0,True,0.523075,"[""FMOD0035"", ""FMOD0079"", ""FMOD0022"", ""FMOD0023"", ""FMOD0120"", ""FMOD0102"", ""FMOD0119"", ""FMOD0036"", ""FMOD0069"", ""FMOD0110""]","[""FMOD0035"", ""FMOD0079"", ""FMOD0022"", ""FMOD0023"", ""FMOD0120"", ""FMOD0102"", ""FMOD0119"", ""FMOD0036"", ""FMOD0069"", ""FMOD0110""]"
HIGH_RECALL,Q6K00487,60,10,0,,,1.0,True,0.650606,"[""FMOD0023"", ""FMOD0069"", ""FMOD0055"", ""FMOD0025"", ""FMOD0100"", ""FMOD0119"", ""FMOD0102"", ""FMOD0035"", ""FMOD0036"", ""FMOD0120""]","[""FMOD0023"", ""FMOD0069"", ""FMOD0055"", ""FMOD0025"", ""FMOD0100"", ""FMOD0119"", ""FMOD0102"", ""FMOD0035"", ""FMOD0036"", ""FMOD0120""]"
HIGH_RECALL,Q6K00488,59,10,0,,,1.0,True,0.582045,"[""FMOD0087"", ""FMOD0023"", ""FMOD0022"", ""FMOD0035"", ""FMOD0079"", ""FMOD0119"", ""FMOD0110"", ""FMOD0055"", ""FMOD0102"", ""FMOD0036""]","[""FMOD0087"", ""FMOD0023"", ""FMOD0022"", ""FMOD0035"", ""FMOD0079"", ""FMOD0119"", ""FMOD0110"", ""FMOD0055"", ""FMOD0102"", ""FMOD0036""]"
HIGH_RECALL,Q6K00489,59,10,0,,,1.0,True,0.513277,"[""FMOD0080"", ""FMOD0086"", ""FMOD0015"", ""FMOD0119"", ""FMOD0023"", ""FMOD0102"", ""FMOD0110"", ""FMOD0069"", ""FMOD0120"", ""FMOD0055""]","[""FMOD0080"", ""FMOD0086"", ""FMOD0015"", ""FMOD0119"", ""FMOD0023"", ""FMOD0102"", ""FMOD0110"", ""FMOD0069"", ""FMOD0120"", ""FMOD0055""]"
HIGH_RECALL,Q6K00490,59,10,0,,,1.0,True,0.492159,"[""FMOD0110"", ""FMOD0023"", ""FMOD0119"", ""FMOD0102"", ""FMOD0069"", ""FMOD0036"", ""FMOD0035"", ""FMOD0055"", ""FMOD0051"", ""FMOD0005""]","[""FMOD0110"", ""FMOD0023"", ""FMOD0119"", ""FMOD0102"", ""FMOD0069"", ""FMOD0036"", ""FMOD0035"", ""FMOD0055"", ""FMOD0051"", ""FMOD0005""]"
HIGH_RECALL,Q6K00491,59,10,0,,,1.0,True,0.549878,"[""FMOD0035"", ""FMOD0086"", ""FMOD0119"", ""FMOD0036"", ""FMOD0120"", ""FMOD0110"", ""FMOD0025"", ""FMOD0102"", ""FMOD0023"", ""FMOD0069""]","[""FMOD0035"", ""FMOD0086"", ""FMOD0119"", ""FMOD0036"", ""FMOD0120"", ""FMOD0110"", ""FMOD0025"", ""FMOD0102"", ""FMOD0023"", ""FMOD0069""]"
HIGH_RECALL,Q6K00492,57,10,0,,,1.0,True,0.508088,"[""FMOD0023"", ""FMOD0040"", ""FMOD0089"", ""FMOD0043"", ""FMOD0011"", ""FMOD0035"", ""FMOD0119"", ""FMOD0102"", ""FMOD0079"", ""FMOD0075""]","[""FMOD0023"", ""FMOD0040"", ""FMOD0089"", ""FMOD0043"", ""FMOD0011"", ""FMOD0035"", ""FMOD0119"", ""FMOD0102"", ""FMOD0079"", ""FMOD0075""]"
HIGH_RECALL,Q6K00493,59,10,0,,,1.0,True,0.495635,"[""FMOD0086"", ""FMOD0015"", ""FMOD0080"", ""FMOD0119"", ""FMOD0023"", ""FMOD0120"", ""FMOD0102"", ""FMOD0069"", ""FMOD0110"", ""FMOD0035""]","[""FMOD0086"", ""FMOD0015"", ""FMOD0080"", ""FMOD0119"", ""FMOD0023"", ""FMOD0120"", ""FMOD0102"", ""FMOD0069"", ""FMOD0110"", ""FMOD0035""]"
HIGH_RECALL,Q6K00494,58,10,0,,,1.0,True,0.524566,"[""FMOD0055"", ""FMOD0035"", ""FMOD0023"", ""FMOD0079"", ""FMOD0120"", ""FMOD0069"", ""FMOD0102"", ""FMOD0119"", ""FMOD0024"", ""FMOD0036""]","[""FMOD0055"", ""FMOD0035"", ""FMOD0023"", ""FMOD0079"", ""FMOD0120"", ""FMOD0069"", ""FMOD0102"", ""FMOD0119"", ""FMOD0024"", ""FMOD0036""]"
HIGH_RECALL,Q6K00495,60,10,0,,,1.0,True,0.511603,"[""FMOD0083"", ""FMOD0096"", ""FMOD0023"", ""FMOD0119"", ""FMOD0035"", ""FMOD0110"", ""FMOD0069"", ""FMOD0036"", ""FMOD0079"", ""FMOD0102""]","[""FMOD0083"", ""FMOD0096"", ""FMOD0023"", ""FMOD0119"", ""FMOD0035"", ""FMOD0110"", ""FMOD0069"", ""FMOD0036"", ""FMOD0079"", ""FMOD0102""]"
HIGH_RECALL,Q6K00496,60,10,0,,,1.0,True,0.553538,"[""FMOD0110"", ""FMOD0023"", ""FMOD0119"", ""FMOD0102"", ""FMOD0036"", ""FMOD0069"", ""FMOD0083"", ""FMOD0120"", ""FMOD0035"", ""FMOD0055""]","[""FMOD0110"", ""FMOD0023"", ""FMOD0119"", ""FMOD0102"", ""FMOD0036"", ""FMOD0069"", ""FMOD0083"", ""FMOD0120"", ""FMOD0035"", ""FMOD0055""]"
HIGH_RECALL,Q6K00497,59,10,0,,,1.0,True,0.509763,"[""FMOD0035"", ""FMOD0023"", ""FMOD0051"", ""FMOD0079"", ""FMOD0119"", ""FMOD0005"", ""FMOD0102"", ""FMOD0083"", ""FMOD0055"", ""FMOD0036""]","[""FMOD0035"", ""FMOD0023"", ""FMOD0051"", ""FMOD0079"", ""FMOD0119"", ""FMOD0005"", ""FMOD0102"", ""FMOD0083"", ""FMOD0055"", ""FMOD0036""]"
HIGH_RECALL,Q6K00498,60,10,0,,,1.0,True,0.588352,"[""FMOD0023"", ""FMOD0055"", ""FMOD0069"", ""FMOD0025"", ""FMOD0100"", ""FMOD0102"", ""FMOD0035"", ""FMOD0036"", ""FMOD0119"", ""FMOD0120""]","[""FMOD0023"", ""FMOD0055"", ""FMOD0069"", ""FMOD0025"", ""FMOD0100"", ""FMOD0102"", ""FMOD0035"", ""FMOD0036"", ""FMOD0119"", ""FMOD0120""]"
HIGH_RECALL,Q6K00499,60,10,0,,,1.0,True,0.534831,"[""FMOD0120"", ""FMOD0119"", ""FMOD0023"", ""FMOD0005"", ""FMOD0102"", ""FMOD0110"", ""FMOD0069"", ""FMOD0036"", ""FMOD0079"", ""FMOD0035""]","[""FMOD0120"", ""FMOD0119"", ""FMOD0023"", ""FMOD0005"", ""FMOD0102"", ""FMOD0110"", ""FMOD0069"", ""FMOD0036"", ""FMOD0079"", ""FMOD0035""]"
HIGH_RECALL,Q6K00500,60,10,0,,,1.0,True,0.560697,"[""FMOD0035"", ""FMOD0023"", ""FMOD0119"", ""FMOD0110"", ""FMOD0036"", ""FMOD0060"", ""FMOD0083"", ""FMOD0031"", ""FMOD0033"", ""FMOD0005""]","[""FMOD0035"", ""FMOD0023"", ""FMOD0119"", ""FMOD0110"", ""FMOD0036"", ""FMOD0060"", ""FMOD0083"", ""FMOD0031"", ""FMOD0033"", ""FMOD0005""]"
HIGH_RECALL,Q6K00501,59,10,0,,,1.0,True,0.524948,"[""FMOD0069"", ""FMOD0086"", ""FMOD0120"", ""FMOD0119"", ""FMOD0035"", ""FMOD0036"", ""FMOD0005"", ""FMOD0023"", ""FMOD0102"", ""FMOD0025""]","[""FMOD0069"", ""FMOD0086"", ""FMOD0120"", ""FMOD0119"", ""FMOD0035"", ""FMOD0036"", ""FMOD0005"", ""FMOD0023"", ""FMOD0102"", ""FMOD0025""]"
HIGH_RECALL,Q6K00502,59,10,0,,,1.0,True,0.505743,"[""FMOD0035"", ""FMOD0119"", ""FMOD0051"", ""FMOD0023"", ""FMOD0102"", ""FMOD0120"", ""FMOD0036"", ""FMOD0110"", ""FMOD0069"", ""FMOD0079""]","[""FMOD0035"", ""FMOD0119"", ""FMOD0051"", ""FMOD0023"", ""FMOD0102"", ""FMOD0120"", ""FMOD0036"", ""FMOD0110"", ""FMOD0069"", ""FMOD0079""]"
HIGH_RECALL,Q6K00503,60,10,0,,,1.0,True,0.562886,"[""FMOD0055"", ""FMOD0023"", ""FMOD0069"", ""FMOD0025"", ""FMOD0100"", ""FMOD0035"", ""FMOD0119"", ""FMOD0120"", ""FMOD0036"", ""FMOD0005""]","[""FMOD0055"", ""FMOD0023"", ""FMOD0069"", ""FMOD0025"", ""FMOD0100"", ""FMOD0035"", ""FMOD0119"", ""FMOD0120"", ""FMOD0036"", ""FMOD0005""]"
HIGH_RECALL,Q6K00504,59,10,0,,,1.0,True,0.500958,"[""FMOD0055"", ""FMOD0023"", ""FMOD0035"", ""FMOD0079"", ""FMOD0102"", ""FMOD0033"", ""FMOD0024"", ""FMOD0120"", ""FMOD0036"", ""FMOD0069""]","[""FMOD0055"", ""FMOD0023"", ""FMOD0035"", ""FMOD0079"", ""FMOD0102"", ""FMOD0033"", ""FMOD0024"", ""FMOD0120"", ""FMOD0036"", ""FMOD0069""]"
HIGH_RECALL,Q6K00505,60,10,0,,,1.0,True,0.510682,"[""FMOD0035"", ""FMOD0023"", ""FMOD0119"", ""FMOD0102"", ""FMOD0110"", ""FMOD0079"", ""FMOD0051"", ""FMOD0036"", ""FMOD0120"", ""FMOD0069""]","[""FMOD0035"", ""FMOD0023"", ""FMOD0119"", ""FMOD0102"", ""FMOD0110"", ""FMOD0079"", ""FMOD0051"", ""FMOD0036"", ""FMOD0120"", ""FMOD0069""]"
HIGH_RECALL,Q6K00506,59,10,0,,,1.0,True,0.475295,"[""FMOD0089"", ""FMOD0087"", ""FMOD0023"", ""FMOD0035"", ""FMOD0022"", ""FMOD0119"", ""FMOD0110"", ""FMOD0102"", ""FMOD0036"", ""FMOD0120""]","[""FMOD0089"", ""FMOD0087"", ""FMOD0023"", ""FMOD0035"", ""FMOD0022"", ""FMOD0119"", ""FMOD0110"", ""FMOD0102"", ""FMOD0036"", ""FMOD0120""]"
HIGH_RECALL,Q6K00507,60,10,0,,,1.0,True,0.533808,"[""FMOD0023"", ""FMOD0035"", ""FMOD0016"", ""FMOD0119"", ""FMOD0120"", ""FMOD0069"", ""FMOD0113"", ""FMOD0079"", ""FMOD0102"", ""FMOD0055""]","[""FMOD0023"", ""FMOD0035"", ""FMOD0016"", ""FMOD0119"", ""FMOD0120"", ""FMOD0069"", ""FMOD0113"", ""FMOD0079"", ""FMOD0102"", ""FMOD0055""]"
HIGH_RECALL,Q6K00508,59,10,0,,,1.0,True,0.486885,"[""FMOD0035"", ""FMOD0023"", ""FMOD0051"", ""FMOD0069"", ""FMOD0119"", ""FMOD0102"", ""FMOD0016"", ""FMOD0079"", ""FMOD0120"", ""FMOD0110""]","[""FMOD0035"", ""FMOD0023"", ""FMOD0051"", ""FMOD0069"", ""FMOD0119"", ""FMOD0102"", ""FMOD0016"", ""FMOD0079"", ""FMOD0120"", ""FMOD0110""]"
HIGH_RECALL,Q6K00509,59,10,0,,,1.0,True,0.539188,"[""FMOD0023"", ""FMOD0005"", ""FMOD0119"", ""FMOD0102"", ""FMOD0120"", ""FMOD0036"", ""FMOD0035"", ""FMOD0079"", ""FMOD0069"", ""FMOD0055""]","[""FMOD0023"", ""FMOD0005"", ""FMOD0119"", ""FMOD0102"", ""FMOD0120"", ""FMOD0036"", ""FMOD0035"", ""FMOD0079"", ""FMOD0069"", ""FMOD0055""]"
HIGH_RECALL,Q6K00510,59,10,0,,,1.0,True,0.51853,"[""FMOD0005"", ""FMOD0119"", ""FMOD0023"", ""FMOD0110"", ""FMOD0080"", ""FMOD0083"", ""FMOD0053"", ""FMOD0060"", ""FMOD0036"", ""FMOD0079""]","[""FMOD0005"", ""FMOD0119"", ""FMOD0023"", ""FMOD0110"", ""FMOD0080"", ""FMOD0083"", ""FMOD0053"", ""FMOD0060"", ""FMOD0036"", ""FMOD0079""]"
HIGH_RECALL,Q6K00511,58,10,0,,,1.0,True,0.51853,"[""FMOD0055"", ""FMOD0083"", ""FMOD0025"", ""FMOD0079"", ""FMOD0119"", ""FMOD0102"", ""FMOD0120"", ""FMOD0023"", ""FMOD0069"", ""FMOD0005""]","[""FMOD0055"", ""FMOD0083"", ""FMOD0025"", ""FMOD0079"", ""FMOD0119"", ""FMOD0102"", ""FMOD0120"", ""FMOD0023"", ""FMOD0069"", ""FMOD0005""]"
HIGH_RECALL,Q6K00512,60,10,0,,,1.0,True,0.514941,"[""FMOD0035"", ""FMOD0023"", ""FMOD0119"", ""FMOD0110"", ""FMOD0036"", ""FMOD0060"", ""FMOD0083"", ""FMOD0031"", ""FMOD0033"", ""FMOD0005""]","[""FMOD0035"", ""FMOD0023"", ""FMOD0119"", ""FMOD0110"", ""FMOD0036"", ""FMOD0060"", ""FMOD0083"", ""FMOD0031"", ""FMOD0033"", ""FMOD0005""]"
HIGH_RECALL,Q6K00513,60,10,0,,,1.0,True,0.501214,"[""FMOD0110"", ""FMOD0023"", ""FMOD0083"", ""FMOD0119"", ""FMOD0036"", ""FMOD0024"", ""FMOD0025"", ""FMOD0067"", ""FMOD0004"", ""FMOD0035""]","[""FMOD0110"", ""FMOD0023"", ""FMOD0083"", ""FMOD0119"", ""FMOD0036"", ""FMOD0024"", ""FMOD0025"", ""FMOD0067"", ""FMOD0004"", ""FMOD0035""]"
HIGH_RECALL,Q6K00514,60,10,0,,,1.0,True,0.509089,"[""FMOD0102"", ""FMOD0119"", ""FMOD0120"", ""FMOD0069"", ""FMOD0035"", ""FMOD0110"", ""FMOD0079"", ""FMOD0036"", ""FMOD0025"", ""FMOD0024""]","[""FMOD0102"", ""FMOD0119"", ""FMOD0120"", ""FMOD0069"", ""FMOD0035"", ""FMOD0110"", ""FMOD0079"", ""FMOD0036"", ""FMOD0025"", ""FMOD0024""]"
HIGH_RECALL,Q6K00515,59,10,0,,,1.0,True,0.684053,"[""FMOD0120"", ""FMOD0119"", ""FMOD0023"", ""FMOD0036"", ""FMOD0035"", ""FMOD0102"", ""FMOD0055"", ""FMOD0110"", ""FMOD0069"", ""FMOD0067""]","[""FMOD0120"", ""FMOD0119"", ""FMOD0023"", ""FMOD0036"", ""FMOD0035"", ""FMOD0102"", ""FMOD0055"", ""FMOD0110"", ""FMOD0069"", ""FMOD0067""]"
HIGH_RECALL,Q6K00516,59,10,0,,,1.0,True,0.598564,"[""FMOD0035"", ""FMOD0086"", ""FMOD0119"", ""FMOD0036"", ""FMOD0120"", ""FMOD0110"", ""FMOD0005"", ""FMOD0023"", ""FMOD0069"", ""FMOD0024""]","[""FMOD0035"", ""FMOD0086"", ""FMOD0119"", ""FMOD0036"", ""FMOD0120"", ""FMOD0110"", ""FMOD0005"", ""FMOD0023"", ""FMOD0069"", ""FMOD0024""]"
HIGH_RECALL,Q6K00517,59,10,0,,,1.0,True,0.55547,"[""FMOD0023"", ""FMOD0119"", ""FMOD0102"", ""FMOD0022"", ""FMOD0051"", ""FMOD0035"", ""FMOD0120"", ""FMOD0036"", ""FMOD0110"", ""FMOD0079""]","[""FMOD0023"", ""FMOD0119"", ""FMOD0102"", ""FMOD0022"", ""FMOD0051"", ""FMOD0035"", ""FMOD0120"", ""FMOD0036"", ""FMOD0110"", ""FMOD0079""]"
HIGH_RECALL,Q6K00518,59,10,0,,,1.0,True,0.619372,"[""FMOD0035"", ""FMOD0102"", ""FMOD0119"", ""FMOD0110"", ""FMOD0096"", ""FMOD0069"", ""FMOD0033"", ""FMOD0083"", ""FMOD0086"", ""FMOD0120""]","[""FMOD0035"", ""FMOD0102"", ""FMOD0119"", ""FMOD0110"", ""FMOD0096"", ""FMOD0069"", ""FMOD0033"", ""FMOD0083"", ""FMOD0086"", ""FMOD0120""]"
HIGH_RECALL,Q6K00519,59,10,0,,,1.0,True,0.525353,"[""FMOD0119"", ""FMOD0079"", ""FMOD0077"", ""FMOD0110"", ""FMOD0023"", ""FMOD0102"", ""FMOD0036"", ""FMOD0069"", ""FMOD0035"", ""FMOD0120""]","[""FMOD0119"", ""FMOD0079"", ""FMOD0077"", ""FMOD0110"", ""FMOD0023"", ""FMOD0102"", ""FMOD0036"", ""FMOD0069"", ""FMOD0035"", ""FMOD0120""]"
HIGH_RECALL,Q6K00520,59,10,0,,,1.0,True,0.525782,"[""FMOD0119"", ""FMOD0035"", ""FMOD0023"", ""FMOD0079"", ""FMOD0102"", ""FMOD0120"", ""FMOD0055"", ""FMOD0110"", ""FMOD0036"", ""FMOD0083""]","[""FMOD0119"", ""FMOD0035"", ""FMOD0023"", ""FMOD0079"", ""FMOD0102"", ""FMOD0120"", ""FMOD0055"", ""FMOD0110"", ""FMOD0036"", ""FMOD0083""]"
HIGH_RECALL,Q6K00521,59,10,0,,,1.0,True,0.540571,"[""FMOD0069"", ""FMOD0086"", ""FMOD0120"", ""FMOD0035"", ""FMOD0119"", ""FMOD0036"", ""FMOD0005"", ""FMOD0023"", ""FMOD0113"", ""FMOD0067""]","[""FMOD0069"", ""FMOD0086"", ""FMOD0120"", ""FMOD0035"", ""FMOD0119"", ""FMOD0036"", ""FMOD0005"", ""FMOD0023"", ""FMOD0113"", ""FMOD0067""]"
HIGH_RECALL,Q6K00522,60,10,0,,,1.0,True,0.475518,"[""FMOD0035"", ""FMOD0023"", ""FMOD0119"", ""FMOD0102"", ""FMOD0079"", ""FMOD0069"", ""FMOD0120"", ""FMOD0087"", ""FMOD0110"", ""FMOD0033""]","[""FMOD0035"", ""FMOD0023"", ""FMOD0119"", ""FMOD0102"", ""FMOD0079"", ""FMOD0069"", ""FMOD0120"", ""FMOD0087"", ""FMOD0110"", ""FMOD0033""]"
HIGH_RECALL,Q6K00523,58,10,0,,,1.0,True,0.472731,"[""FMOD0035"", ""FMOD0023"", ""FMOD0119"", ""FMOD0102"", ""FMOD0051"", ""FMOD0120"", ""FMOD0036"", ""FMOD0110"", ""FMOD0079"", ""FMOD0087""]","[""FMOD0035"", ""FMOD0023"", ""FMOD0119"", ""FMOD0102"", ""FMOD0051"", ""FMOD0120"", ""FMOD0036"", ""FMOD0110"", ""FMOD0079"", ""FMOD0087""]"
HIGH_RECALL,Q6K00524,59,10,0,,,1.0,True,0.490823,"[""FMOD0035"", ""FMOD0023"", ""FMOD0051"", ""FMOD0069"", ""FMOD0119"", ""FMOD0102"", ""FMOD0120"", ""FMOD0110"", ""FMOD0083"", ""FMOD0036""]","[""FMOD0035"", ""FMOD0023"", ""FMOD0051"", ""FMOD0069"", ""FMOD0119"", ""FMOD0102"", ""FMOD0120"", ""FMOD0110"", ""FMOD0083"", ""FMOD0036""]"
HIGH_RECALL,Q6K00525,59,10,0,,,1.0,True,0.553375,"[""FMOD0069"", ""FMOD0086"", ""FMOD0120"", ""FMOD0035"", ""FMOD0113"", ""FMOD0119"", ""FMOD0036"", ""FMOD0005"", ""FMOD0023"", ""FMOD0053""]","[""FMOD0069"", ""FMOD0086"", ""FMOD0120"", ""FMOD0035"", ""FMOD0113"", ""FMOD0119"", ""FMOD0036"", ""FMOD0005"", ""FMOD0023"", ""FMOD0053""]"
HIGH_RECALL,Q6K00526,60,10,0,,,1.0,True,0.499053,"[""FMOD0120"", ""FMOD0023"", ""FMOD0102"", ""FMOD0035"", ""FMOD0119"", ""FMOD0069"", ""FMOD0079"", ""FMOD0036"", ""FMOD0077"", ""FMOD0110""]","[""FMOD0120"", ""FMOD0023"", ""FMOD0102"", ""FMOD0035"", ""FMOD0119"", ""FMOD0069"", ""FMOD0079"", ""FMOD0036"", ""FMOD0077"", ""FMOD0110""]"
HIGH_RECALL,Q6K00527,59,10,0,,,1.0,True,0.534422,"[""FMOD0055"", ""FMOD0005"", ""FMOD0080"", ""FMOD0119"", ""FMOD0053"", ""FMOD0083"", ""FMOD0023"", ""FMOD0110"", ""FMOD0036"", ""FMOD0024""]","[""FMOD0055"", ""FMOD0005"", ""FMOD0080"", ""FMOD0119"", ""FMOD0053"", ""FMOD0083"", ""FMOD0023"", ""FMOD0110"", ""FMOD0036"", ""FMOD0024""]"
HIGH_RECALL,Q6K00528,59,10,0,,,1.0,True,0.587376,"[""FMOD0035"", ""FMOD0023"", ""FMOD0051"", ""FMOD0079"", ""FMOD0119"", ""FMOD0005"", ""FMOD0102"", ""FMOD0055"", ""FMOD0083"", ""FMOD0036""]","[""FMOD0035"", ""FMOD0023"", ""FMOD0051"", ""FMOD0079"", ""FMOD0119"", ""FMOD0005"", ""FMOD0102"", ""FMOD0055"", ""FMOD0083"", ""FMOD0036""]"
HIGH_RECALL,Q6K00529,59,10,0,,,1.0,True,0.619316,"[""FMOD0086"", ""FMOD0035"", ""FMOD0119"", ""FMOD0025"", ""FMOD0120"", ""FMOD0033"", ""FMOD0110"", ""FMOD0102"", ""FMOD0023"", ""FMOD0069""]","[""FMOD0086"", ""FMOD0035"", ""FMOD0119"", ""FMOD0025"", ""FMOD0120"", ""FMOD0033"", ""FMOD0110"", ""FMOD0102"", ""FMOD0023"", ""FMOD0069""]"
HIGH_RECALL,Q6K00530,58,10,0,,,1.0,True,0.511434,"[""FMOD0069"", ""FMOD0035"", ""FMOD0023"", ""FMOD0119"", ""FMOD0036"", ""FMOD0067"", ""FMOD0004"", ""FMOD0083"", ""FMOD0025"", ""FMOD0053""]","[""FMOD0069"", ""FMOD0035"", ""FMOD0023"", ""FMOD0119"", ""FMOD0036"", ""FMOD0067"", ""FMOD0004"", ""FMOD0083"", ""FMOD0025"", ""FMOD0053""]"
HIGH_RECALL,Q6K00531,60,10,0,,,1.0,True,0.499623,"[""FMOD0035"", ""FMOD0023"", ""FMOD0119"", ""FMOD0102"", ""FMOD0110"", ""FMOD0079"", ""FMOD0051"", ""FMOD0036"", ""FMOD0120"", ""FMOD0069""]","[""FMOD0035"", ""FMOD0023"", ""FMOD0119"", ""FMOD0102"", ""FMOD0110"", ""FMOD0079"", ""FMOD0051"", ""FMOD0036"", ""FMOD0120"", ""FMOD0069""]"
HIGH_RECALL,Q6K00532,59,10,0,,,1.0,True,0.547181,"[""FMOD0069"", ""FMOD0035"", ""FMOD0023"", ""FMOD0119"", ""FMOD0036"", ""FMOD0004"", ""FMOD0067"", ""FMOD0083"", ""FMOD0025"", ""FMOD0053""]","[""FMOD0069"", ""FMOD0035"", ""FMOD0023"", ""FMOD0119"", ""FMOD0036"", ""FMOD0004"", ""FMOD0067"", ""FMOD0083"", ""FMOD0025"", ""FMOD0053""]"
HIGH_RECALL,Q6K00533,59,10,0,,,1.0,True,0.497745,"[""FMOD0119"", ""FMOD0023"", ""FMOD0110"", ""FMOD0036"", ""FMOD0069"", ""FMOD0120"", ""FMOD0102"", ""FMOD0035"", ""FMOD0055"", ""FMOD0079""]","[""FMOD0119"", ""FMOD0023"", ""FMOD0110"", ""FMOD0036"", ""FMOD0069"", ""FMOD0120"", ""FMOD0102"", ""FMOD0035"", ""FMOD0055"", ""FMOD0079""]"
HIGH_RECALL,Q6K00534,59,10,0,,,1.0,True,0.500419,"[""FMOD0087"", ""FMOD0023"", ""FMOD0035"", ""FMOD0079"", ""FMOD0016"", ""FMOD0119"", ""FMOD0110"", ""FMOD0055"", ""FMOD0014"", ""FMOD0102""]","[""FMOD0087"", ""FMOD0023"", ""FMOD0035"", ""FMOD0079"", ""FMOD0016"", ""FMOD0119"", ""FMOD0110"", ""FMOD0055"", ""FMOD0014"", ""FMOD0102""]"
HIGH_RECALL,Q6K00535,60,10,0,,,1.0,True,0.477735,"[""FMOD0035"", ""FMOD0102"", ""FMOD0069"", ""FMOD0036"", ""FMOD0079"", ""FMOD0120"", ""FMOD0119"", ""FMOD0110"", ""FMOD0023"", ""FMOD0104""]","[""FMOD0035"", ""FMOD0102"", ""FMOD0069"", ""FMOD0036"", ""FMOD0079"", ""FMOD0120"", ""FMOD0119"", ""FMOD0110"", ""FMOD0023"", ""FMOD0104""]"
HIGH_RECALL,Q6K00536,59,10,0,,,1.0,True,0.662447,"[""FMOD0023"", ""FMOD0035"", ""FMOD0091"", ""FMOD0055"", ""FMOD0043"", ""FMOD0011"", ""FMOD0100"", ""FMOD0120"", ""FMOD0119"", ""FMOD0036""]","[""FMOD0023"", ""FMOD0035"", ""FMOD0091"", ""FMOD0055"", ""FMOD0043"", ""FMOD0011"", ""FMOD0100"", ""FMOD0120"", ""FMOD0119"", ""FMOD0036""]"
HIGH_RECALL,Q6K00537,60,10,0,,,1.0,True,0.508987,"[""FMOD0023"", ""FMOD0055"", ""FMOD0069"", ""FMOD0025"", ""FMOD0100"", ""FMOD0119"", ""FMOD0036"", ""FMOD0035"", ""FMOD0102"", ""FMOD0120""]","[""FMOD0023"", ""FMOD0055"", ""FMOD0069"", ""FMOD0025"", ""FMOD0100"", ""FMOD0119"", ""FMOD0036"", ""FMOD0035"", ""FMOD0102"", ""FMOD0120""]"
HIGH_RECALL,Q6K00538,60,10,0,,,1.0,True,0.539664,"[""FMOD0055"", ""FMOD0023"", ""FMOD0069"", ""FMOD0025"", ""FMOD0100"", ""FMOD0035"", ""FMOD0079"", ""FMOD0119"", ""FMOD0120"", ""FMOD0036""]","[""FMOD0055"", ""FMOD0023"", ""FMOD0069"", ""FMOD0025"", ""FMOD0100"", ""FMOD0035"", ""FMOD0079"", ""FMOD0119"", ""FMOD0120"", ""FMOD0036""]"
HIGH_RECALL,Q6K00539,60,10,0,,,1.0,True,0.501805,"[""FMOD0035"", ""FMOD0005"", ""FMOD0102"", ""FMOD0069"", ""FMOD0024"", ""FMOD0079"", ""FMOD0036"", ""FMOD0083"", ""FMOD0077"", ""FMOD0120""]","[""FMOD0035"", ""FMOD0005"", ""FMOD0102"", ""FMOD0069"", ""FMOD0024"", ""FMOD0079"", ""FMOD0036"", ""FMOD0083"", ""FMOD0077"", ""FMOD0120""]"
HIGH_RECALL,Q6K00540,60,10,0,,,1.0,True,0.53086,"[""FMOD0110"", ""FMOD0023"", ""FMOD0119"", ""FMOD0102"", ""FMOD0069"", ""FMOD0035"", ""FMOD0055"", ""FMOD0120"", ""FMOD0036"", ""FMOD0079""]","[""FMOD0110"", ""FMOD0023"", ""FMOD0119"", ""FMOD0102"", ""FMOD0069"", ""FMOD0035"", ""FMOD0055"", ""FMOD0120"", ""FMOD0036"", ""FMOD0079""]"
