query_id,scenario,k_true,k_pred,true_parent_set,predicted_parent_set,selected_known_subset,candidate_pool,parent_set_precision,parent_set_recall,parent_set_f1,parent_set_exact,objective
Q6K00181,TEST_KNOWN_K1,1,1,"[""FMOD0077""]","[""FMOD0077""]","[""FMOD0077""]","[""FMOD0077"", ""FMOD0005"", ""FMOD0023"", ""FMOD0069"", ""FMOD0083"", ""FMOD0119"", ""FMOD0025"", ""FMOD0067"", ""FMOD0120"", ""FMOD0110""]",1.0,1.0,1.0,True,1.46000002231598
Q6K00182,TEST_KNOWN_K1,1,2,"[""FMOD0001""]","[""FMOD0001"", ""UNKNOWN""]","[""FMOD0001""]","[""FMOD0001"", ""FMOD0035"", ""FMOD0055"", ""FMOD0080"", ""FMOD0023"", ""FMOD0110"", ""FMOD0043"", ""FMOD0102"", ""FMOD0120"", ""FMOD0096""]",0.5,1.0,0.6666666666666666,False,4.010000005149841
Q6K00183,TEST_KNOWN_K1,1,2,"[""FMOD0023""]","[""FMOD0023"", ""UNKNOWN""]","[""FMOD0023""]","[""FMOD0023"", ""FMOD0036"", ""FMOD0119"", ""FMOD0035"", ""FMOD0120"", ""FMOD0102"", ""FMOD0110"", ""FMOD0075"", ""FMOD0005"", ""FMOD0077""]",0.5,1.0,0.6666666666666666,False,1.710000000858307
Q6K00184,TEST_KNOWN_K1,1,2,"[""FMOD0004""]","[""FMOD0004"", ""UNKNOWN""]","[""FMOD0004""]","[""FMOD0004"", ""FMOD0067"", ""FMOD0113"", ""FMOD0036"", ""FMOD0110"", ""FMOD0024"", ""FMOD0043"", ""FMOD0083"", ""FMOD0035"", ""FMOD0025""]",0.5,1.0,0.6666666666666666,False,2.160000039482118
Q6K00185,TEST_KNOWN_K1,1,2,"[""FMOD0096""]","[""FMOD0096"", ""UNKNOWN""]","[""FMOD0096""]","[""FMOD0096"", ""FMOD0023"", ""FMOD0120"", ""FMOD0119"", ""FMOD0035"", ""FMOD0069"", ""FMOD0102"", ""FMOD0055"", ""FMOD0005"", ""FMOD0036""]",0.5,1.0,0.6666666666666666,False,3.085000038409235
Q6K00186,TEST_KNOWN_K1,1,1,"[""FMOD0077""]","[""FMOD0077""]","[""FMOD0077""]","[""FMOD0077"", ""FMOD0023"", ""FMOD0086"", ""FMOD0110"", ""FMOD0067"", ""FMOD0069"", ""FMOD0005"", ""FMOD0120"", ""FMOD0119"", ""FMOD0025""]",1.0,1.0,1.0,True,1.8350000223159797
Q6K00187,TEST_KNOWN_K1,1,1,"[""FMOD0086""]","[""FMOD0086""]","[""FMOD0086""]","[""FMOD0086"", ""FMOD0050"", ""FMOD0024"", ""FMOD0110"", ""FMOD0036"", ""FMOD0069"", ""FMOD0119"", ""FMOD0077"", ""FMOD0120"", ""FMOD0044""]",1.0,1.0,1.0,True,0.5450000017166139
Q6K00188,TEST_KNOWN_K1,1,3,"[""FMOD0001""]","[""FMOD0001"", ""FMOD0086"", ""UNKNOWN""]","[""FMOD0001"", ""FMOD0086""]","[""FMOD0001"", ""FMOD0086"", ""FMOD0035"", ""FMOD0119"", ""FMOD0110"", ""FMOD0120"", ""FMOD0036"", ""FMOD0055"", ""FMOD0102"", ""FMOD0005""]",0.3333333333333333,1.0,0.5,False,3.5100000051498412
Q6K00189,TEST_KNOWN_K1,1,1,"[""FMOD0087""]","[""FMOD0087""]","[""FMOD0087""]","[""FMOD0087"", ""FMOD0102"", ""FMOD0119"", ""FMOD0079"", ""FMOD0055"", ""FMOD0051"", ""FMOD0036"", ""FMOD0091"", ""FMOD0005"", ""FMOD0023""]",1.0,1.0,1.0,True,1.9400000120162968
Q6K00190,TEST_KNOWN_K1,1,2,"[""FMOD0050""]","[""FMOD0050"", ""UNKNOWN""]","[""FMOD0050""]","[""FMOD0050"", ""FMOD0086"", ""FMOD0069"", ""FMOD0025"", ""FMOD0120"", ""FMOD0119"", ""FMOD0102"", ""FMOD0005"", ""FMOD0033"", ""FMOD0035""]",0.5,1.0,0.6666666666666666,False,3.722500012660027
Q6K00191,TEST_KNOWN_K1,1,1,"[""FMOD0086""]","[""FMOD0086""]","[""FMOD0086""]","[""FMOD0086"", ""FMOD0050"", ""FMOD0024"", ""FMOD0036"", ""FMOD0119"", ""FMOD0077"", ""FMOD0120"", ""FMOD0110"", ""FMOD0044"", ""FMOD0069""]",1.0,1.0,1.0,True,0.6200000027894975
Q6K00192,TEST_KNOWN_K1,1,2,"[""FMOD0086""]","[""FMOD0086"", ""UNKNOWN""]","[""FMOD0086""]","[""FMOD0086"", ""FMOD0050"", ""FMOD0024"", ""FMOD0120"", ""FMOD0036"", ""FMOD0069"", ""FMOD0080"", ""FMOD0110"", ""FMOD0102"", ""FMOD0023""]",0.5,1.0,0.6666666666666666,False,1.560000004076958
Q6K00193,TEST_KNOWN_K1,1,2,"[""FMOD0025""]","[""FMOD0025"", ""UNKNOWN""]","[""FMOD0025""]","[""FMOD0025"", ""FMOD0069"", ""FMOD0023"", ""FMOD0055"", ""FMOD0096"", ""FMOD0080"", ""FMOD0102"", ""FMOD0120"", ""FMOD0077"", ""FMOD0119""]",0.5,1.0,0.6666666666666666,False,1.5
Q6K00194,TEST_KNOWN_K1,1,1,"[""FMOD0083""]","[""FMOD0083""]","[""FMOD0083""]","[""FMOD0083"", ""FMOD0102"", ""FMOD0036"", ""FMOD0035"", ""FMOD0119"", ""FMOD0069"", ""FMOD0079"", ""FMOD0120"", ""FMOD0077"", ""FMOD0023""]",1.0,1.0,1.0,True,2.420000087547306
Q6K00195,TEST_KNOWN_K1,1,1,"[""FMOD0061""]","[""FMOD0061""]","[""FMOD0061""]","[""FMOD0061"", ""FMOD0083"", ""FMOD0102"", ""FMOD0091"", ""FMOD0023"", ""FMOD0035"", ""FMOD0069"", ""FMOD0119"", ""FMOD0120"", ""FMOD0036""]",1.0,1.0,1.0,True,1.3100000308990492
Q6K00196,TEST_KNOWN_K1,1,1,"[""FMOD0050""]","[""FMOD0050""]","[""FMOD0050""]","[""FMOD0025"", ""FMOD0033"", ""FMOD0035"", ""FMOD0050"", ""FMOD0069"", ""FMOD0077"", ""FMOD0086"", ""FMOD0102"", ""FMOD0113"", ""FMOD0119""]",1.0,1.0,1.0,True,0.6650000071883204
Q6K00197,TEST_KNOWN_K1,1,2,"[""FMOD0069""]","[""FMOD0069"", ""UNKNOWN""]","[""FMOD0069""]","[""FMOD0069"", ""FMOD0102"", ""FMOD0119"", ""FMOD0005"", ""FMOD0120"", ""FMOD0033"", ""FMOD0036"", ""FMOD0110"", ""FMOD0105"", ""FMOD0079""]",0.5,1.0,0.6666666666666666,False,1.710000000858307
Q6K00198,TEST_KNOWN_K1,1,1,"[""FMOD0043""]","[""FMOD0043""]","[""FMOD0043""]","[""FMOD0043"", ""FMOD0023"", ""FMOD0035"", ""FMOD0102"", ""FMOD0096"", ""FMOD0069"", ""FMOD0119"", ""FMOD0024"", ""FMOD0079"", ""FMOD0025""]",1.0,1.0,1.0,True,1.3758594233870525
Q6K00199,TEST_KNOWN_K1,1,2,"[""FMOD0067""]","[""FMOD0067"", ""UNKNOWN""]","[""FMOD0067""]","[""FMOD0067"", ""FMOD0069"", ""FMOD0102"", ""FMOD0119"", ""FMOD0120"", ""FMOD0023"", ""FMOD0036"", ""FMOD0005"", ""FMOD0110"", ""FMOD0035""]",0.5,1.0,0.6666666666666666,False,3.696067761019899
Q6K00200,TEST_KNOWN_K1,1,2,"[""FMOD0051""]","[""FMOD0051"", ""UNKNOWN""]","[""FMOD0051""]","[""FMOD0051"", ""FMOD0023"", ""FMOD0035"", ""FMOD0016"", ""FMOD0120"", ""FMOD0079"", ""FMOD0119"", ""FMOD0055"", ""FMOD0102"", ""FMOD0087""]",0.5,1.0,0.6666666666666666,False,3.880000077676776
Q6K00201,TEST_KNOWN_K1,1,2,"[""FMOD0066""]","[""FMOD0066"", ""UNKNOWN""]","[""FMOD0066""]","[""FMOD0066"", ""FMOD0055"", ""FMOD0036"", ""FMOD0102"", ""FMOD0120"", ""FMOD0096"", ""FMOD0079"", ""FMOD0017"", ""FMOD0005"", ""FMOD0119""]",0.5,1.0,0.6666666666666666,False,4.177604179082438
Q6K00202,TEST_KNOWN_K1,1,2,"[""FMOD0087""]","[""FMOD0087"", ""UNKNOWN""]","[""FMOD0087""]","[""FMOD0087"", ""FMOD0023"", ""FMOD0035"", ""FMOD0079"", ""FMOD0022"", ""FMOD0091"", ""FMOD0036"", ""FMOD0016"", ""FMOD0055"", ""FMOD0119""]",0.5,1.0,0.6666666666666666,False,2.190000012016297
Q6K00203,TEST_KNOWN_K1,1,2,"[""FMOD0079""]","[""FMOD0079"", ""FMOD0102""]","[""FMOD0102"", ""FMOD0079""]","[""FMOD0102"", ""FMOD0079"", ""FMOD0119"", ""FMOD0120"", ""FMOD0110"", ""FMOD0069"", ""FMOD0036"", ""FMOD0035"", ""FMOD0025"", ""FMOD0033""]",0.5,1.0,0.6666666666666666,False,1.1950000145912176
Q6K00204,TEST_KNOWN_K1,1,2,"[""FMOD0050""]","[""FMOD0050"", ""UNKNOWN""]","[""FMOD0050""]","[""FMOD0050"", ""FMOD0086"", ""FMOD0069"", ""FMOD0025"", ""FMOD0120"", ""FMOD0119"", ""FMOD0102"", ""FMOD0005"", ""FMOD0035"", ""FMOD0033""]",0.5,1.0,0.6666666666666666,False,4.160000012660027
Q6K00205,TEST_KNOWN_K1,1,2,"[""FMOD0051""]","[""FMOD0016"", ""FMOD0051""]","[""FMOD0051"", ""FMOD0016""]","[""FMOD0051"", ""FMOD0023"", ""FMOD0035"", ""FMOD0016"", ""FMOD0119"", ""FMOD0102"", ""FMOD0055"", ""FMOD0079"", ""FMOD0069"", ""FMOD0120""]",0.5,1.0,0.6666666666666666,False,1.3000000042915345
Q6K00206,TEST_KNOWN_K1,1,2,"[""FMOD0016""]","[""FMOD0016"", ""UNKNOWN""]","[""FMOD0016""]","[""FMOD0016"", ""FMOD0102"", ""FMOD0031"", ""FMOD0023"", ""FMOD0035"", ""FMOD0033"", ""FMOD0051"", ""FMOD0119"", ""FMOD0091"", ""FMOD0120""]",0.5,1.0,0.6666666666666666,False,5.198463553993404
Q6K00207,TEST_KNOWN_K1,1,1,"[""FMOD0023""]","[""FMOD0023""]","[""FMOD0023""]","[""FMOD0023"", ""FMOD0035"", ""FMOD0120"", ""FMOD0102"", ""FMOD0069"", ""FMOD0119"", ""FMOD0077"", ""FMOD0110"", ""FMOD0079"", ""FMOD0053""]",1.0,1.0,1.0,True,2.1239063547134442
Q6K00208,TEST_KNOWN_K1,1,3,"[""FMOD0079""]","[""FMOD0079"", ""FMOD0102"", ""UNKNOWN""]","[""FMOD0102"", ""FMOD0079""]","[""FMOD0102"", ""FMOD0079"", ""FMOD0023"", ""FMOD0055"", ""FMOD0035"", ""FMOD0036"", ""FMOD0014"", ""FMOD0091"", ""FMOD0120"", ""FMOD0043""]",0.3333333333333333,1.0,0.5,False,2.0
Q6K00209,TEST_KNOWN_K1,1,2,"[""FMOD0089""]","[""FMOD0089"", ""UNKNOWN""]","[""FMOD0089""]","[""FMOD0089"", ""FMOD0079"", ""FMOD0067"", ""FMOD0102"", ""FMOD0110"", ""FMOD0119"", ""FMOD0024"", ""FMOD0120"", ""FMOD0036"", ""FMOD0035""]",0.5,1.0,0.6666666666666666,False,2.5
Q6K00210,TEST_KNOWN_K1,1,2,"[""FMOD0023""]","[""FMOD0023"", ""UNKNOWN""]","[""FMOD0023""]","[""FMOD0023"", ""FMOD0035"", ""FMOD0016"", ""FMOD0069"", ""FMOD0119"", ""FMOD0055"", ""FMOD0102"", ""FMOD0120"", ""FMOD0036"", ""FMOD0079""]",0.5,1.0,0.6666666666666666,False,4.700000060081484
Q6K00211,TEST_KNOWN_K1,1,1,"[""FMOD0053""]","[""FMOD0053""]","[""FMOD0053""]","[""FMOD0053"", ""FMOD0120"", ""FMOD0035"", ""FMOD0110"", ""FMOD0102"", ""FMOD0119"", ""FMOD0069"", ""FMOD0079"", ""FMOD0083"", ""FMOD0023""]",1.0,1.0,1.0,True,1.5800000572919868
Q6K00212,TEST_KNOWN_K1,1,2,"[""FMOD0060""]","[""FMOD0060"", ""UNKNOWN""]","[""FMOD0060""]","[""FMOD0060"", ""FMOD0023"", ""FMOD0075"", ""FMOD0096"", ""FMOD0102"", ""FMOD0036"", ""FMOD0043"", ""FMOD0120"", ""FMOD0083"", ""FMOD0024""]",0.5,1.0,0.6666666666666666,False,2.250000021457673
Q6K00213,TEST_KNOWN_K1,1,2,"[""FMOD0087""]","[""FMOD0087"", ""UNKNOWN""]","[""FMOD0087""]","[""FMOD0087"", ""FMOD0023"", ""FMOD0035"", ""FMOD0079"", ""FMOD0091"", ""FMOD0022"", ""FMOD0036"", ""FMOD0016"", ""FMOD0055"", ""FMOD0119""]",0.5,1.0,0.6666666666666666,False,2.190000012016297
Q6K00214,TEST_KNOWN_K1,1,2,"[""FMOD0044""]","[""FMOD0044"", ""UNKNOWN""]","[""FMOD0044""]","[""FMOD0044"", ""FMOD0120"", ""FMOD0119"", ""FMOD0035"", ""FMOD0077"", ""FMOD0069"", ""FMOD0023"", ""FMOD0110"", ""FMOD0086"", ""FMOD0102""]",0.5,1.0,0.6666666666666666,False,4.850651093184484
Q6K00215,TEST_KNOWN_K1,1,1,"[""FMOD0025""]","[""FMOD0025""]","[""FMOD0025""]","[""FMOD0025"", ""FMOD0069"", ""FMOD0023"", ""FMOD0055"", ""FMOD0120"", ""FMOD0035"", ""FMOD0119"", ""FMOD0005"", ""FMOD0102"", ""FMOD0077""]",1.0,1.0,1.0,True,0.7100000062227252
Q6K00216,TEST_KNOWN_K1,1,2,"[""FMOD0016""]","[""FMOD0016"", ""UNKNOWN""]","[""FMOD0016""]","[""FMOD0016"", ""FMOD0035"", ""FMOD0023"", ""FMOD0120"", ""FMOD0079"", ""FMOD0119"", ""FMOD0102"", ""FMOD0075"", ""FMOD0069"", ""FMOD0036""]",0.5,1.0,0.6666666666666666,False,5.965000003433228
Q6K00217,TEST_KNOWN_K1,1,2,"[""FMOD0016""]","[""FMOD0016"", ""UNKNOWN""]","[""FMOD0016""]","[""FMOD0016"", ""FMOD0035"", ""FMOD0023"", ""FMOD0120"", ""FMOD0119"", ""FMOD0102"", ""FMOD0079"", ""FMOD0075"", ""FMOD0069"", ""FMOD0036""]",0.5,1.0,0.6666666666666666,False,5.965000003433228
Q6K00218,TEST_KNOWN_K1,1,2,"[""FMOD0083""]","[""FMOD0083"", ""UNKNOWN""]","[""FMOD0083""]","[""FMOD0083"", ""FMOD0119"", ""FMOD0102"", ""FMOD0035"", ""FMOD0120"", ""FMOD0069"", ""FMOD0079"", ""FMOD0110"", ""FMOD0036"", ""FMOD0023""]",0.5,1.0,0.6666666666666666,False,3.915208372970672
Q6K00219,TEST_KNOWN_K1,1,2,"[""FMOD0060""]","[""FMOD0060"", ""UNKNOWN""]","[""FMOD0060""]","[""FMOD0060"", ""FMOD0023"", ""FMOD0119"", ""FMOD0035"", ""FMOD0051"", ""FMOD0120"", ""FMOD0102"", ""FMOD0110"", ""FMOD0086"", ""FMOD0005""]",0.5,1.0,0.6666666666666666,False,4.5
Q6K00220,TEST_KNOWN_K1,1,1,"[""FMOD0074""]","[""FMOD0074""]","[""FMOD0074""]","[""FMOD0074"", ""FMOD0035"", ""FMOD0079"", ""FMOD0077"", ""FMOD0053"", ""FMOD0083"", ""FMOD0102"", ""FMOD0033"", ""FMOD0055"", ""FMOD0004""]",1.0,1.0,1.0,True,1.205000019741059
Q6K00221,TEST_KNOWN_K1,1,2,"[""FMOD0023""]","[""FMOD0023"", ""UNKNOWN""]","[""FMOD0023""]","[""FMOD0023"", ""FMOD0035"", ""FMOD0089"", ""FMOD0102"", ""FMOD0119"", ""FMOD0040"", ""FMOD0051"", ""FMOD0043"", ""FMOD0120"", ""FMOD0036""]",0.5,1.0,0.6666666666666666,False,2.475000030040742
Q6K00222,TEST_KNOWN_K1,1,1,"[""FMOD0061""]","[""FMOD0061""]","[""FMOD0061""]","[""FMOD0061"", ""FMOD0102"", ""FMOD0091"", ""FMOD0023"", ""FMOD0035"", ""FMOD0069"", ""FMOD0036"", ""FMOD0055"", ""FMOD0119"", ""FMOD0060""]",1.0,1.0,1.0,True,1.3100000308990492
Q6K00223,TEST_KNOWN_K1,1,1,"[""FMOD0003""]","[""FMOD0003""]","[""FMOD0003""]","[""FMOD0003"", ""FMOD0089"", ""FMOD0014"", ""FMOD0120"", ""FMOD0069"", ""FMOD0005"", ""FMOD0023"", ""FMOD0053"", ""FMOD0035"", ""FMOD0102""]",1.0,1.0,1.0,True,0.8900000291824353
Q6K00224,TEST_KNOWN_K1,1,2,"[""FMOD0074""]","[""FMOD0074"", ""UNKNOWN""]","[""FMOD0074""]","[""FMOD0074"", ""FMOD0079"", ""FMOD0023"", ""FMOD0035"", ""FMOD0053"", ""FMOD0043"", ""FMOD0077"", ""FMOD0069"", ""FMOD0033"", ""FMOD0102""]",0.5,1.0,0.6666666666666666,False,2.205000019741059
Q6K00225,TEST_KNOWN_K1,1,1,"[""FMOD0074""]","[""FMOD0074""]","[""FMOD0074""]","[""FMOD0074"", ""FMOD0035"", ""FMOD0023"", ""FMOD0077"", ""FMOD0033"", ""FMOD0079"", ""FMOD0083"", ""FMOD0036"", ""FMOD0102"", ""FMOD0053""]",1.0,1.0,1.0,True,0.5
Q6K00226,TEST_KNOWN_K1,1,2,"[""FMOD0053""]","[""FMOD0053"", ""UNKNOWN""]","[""FMOD0053""]","[""FMOD0053"", ""FMOD0102"", ""FMOD0120"", ""FMOD0035"", ""FMOD0023"", ""FMOD0036"", ""FMOD0119"", ""FMOD0079"", ""FMOD0110"", ""FMOD0083""]",0.5,1.0,0.6666666666666666,False,3.7400000109434135
Q6K00227,TEST_KNOWN_K1,1,2,"[""FMOD0096""]","[""FMOD0096"", ""UNKNOWN""]","[""FMOD0096""]","[""FMOD0096"", ""FMOD0023"", ""FMOD0120"", ""FMOD0119"", ""FMOD0035"", ""FMOD0113"", ""FMOD0069"", ""FMOD0025"", ""FMOD0086"", ""FMOD0055""]",0.5,1.0,0.6666666666666666,False,3.085000038409235
Q6K00228,TEST_KNOWN_K1,1,2,"[""FMOD0011""]","[""FMOD0011"", ""UNKNOWN""]","[""FMOD0011""]","[""FMOD0011"", ""FMOD0110"", ""FMOD0119"", ""FMOD0023"", ""FMOD0102"", ""FMOD0067"", ""FMOD0077"", ""FMOD0004"", ""FMOD0079"", ""FMOD0005""]",0.5,1.0,0.6666666666666666,False,3.8000000042915345
Q6K00229,TEST_KNOWN_K1,1,1,"[""FMOD0086""]","[""FMOD0086""]","[""FMOD0086""]","[""FMOD0086"", ""FMOD0050"", ""FMOD0024"", ""FMOD0110"", ""FMOD0036"", ""FMOD0069"", ""FMOD0119"", ""FMOD0077"", ""FMOD0120"", ""FMOD0044""]",1.0,1.0,1.0,True,0.5450000017166139
Q6K00230,TEST_KNOWN_K1,1,2,"[""FMOD0036""]","[""FMOD0036"", ""UNKNOWN""]","[""FMOD0036""]","[""FMOD0036"", ""FMOD0079"", ""FMOD0119"", ""FMOD0091"", ""FMOD0120"", ""FMOD0102"", ""FMOD0083"", ""FMOD0035"", ""FMOD0017"", ""FMOD0104""]",0.5,1.0,0.6666666666666666,False,2.9250000472068804
Q6K00231,TEST_KNOWN_K1,1,3,"[""FMOD0079""]","[""FMOD0079"", ""FMOD0102"", ""UNKNOWN""]","[""FMOD0102"", ""FMOD0079""]","[""FMOD0102"", ""FMOD0079"", ""FMOD0035"", ""FMOD0023"", ""FMOD0005"", ""FMOD0069"", ""FMOD0055"", ""FMOD0110"", ""FMOD0016"", ""FMOD0119""]",0.3333333333333333,1.0,0.5,False,2.0
Q6K00232,TEST_KNOWN_K1,1,2,"[""FMOD0060""]","[""FMOD0060"", ""UNKNOWN""]","[""FMOD0060""]","[""FMOD0060"", ""FMOD0023"", ""FMOD0086"", ""FMOD0043"", ""FMOD0110"", ""FMOD0044"", ""FMOD0036"", ""FMOD0075"", ""FMOD0102"", ""FMOD0120""]",0.5,1.0,0.6666666666666666,False,3.330000041198732
Q6K00233,TEST_KNOWN_K1,1,2,"[""FMOD0055""]","[""FMOD0055"", ""UNKNOWN""]","[""FMOD0055""]","[""FMOD0055"", ""FMOD0036"", ""FMOD0077"", ""FMOD0035"", ""FMOD0023"", ""FMOD0079"", ""FMOD0083"", ""FMOD0074"", ""FMOD0119"", ""FMOD0005""]",0.5,1.0,0.6666666666666666,False,3.670000023174287
Q6K00234,TEST_KNOWN_K1,1,2,"[""FMOD0001""]","[""FMOD0001"", ""UNKNOWN""]","[""FMOD0001""]","[""FMOD0001"", ""FMOD0035"", ""FMOD0023"", ""FMOD0055"", ""FMOD0110"", ""FMOD0102"", ""FMOD0120"", ""FMOD0036"", ""FMOD0119"", ""FMOD0079""]",0.5,1.0,0.6666666666666666,False,3.5725000051498412
Q6K00235,TEST_KNOWN_K1,1,2,"[""FMOD0096""]","[""FMOD0096"", ""UNKNOWN""]","[""FMOD0096""]","[""FMOD0096"", ""FMOD0120"", ""FMOD0119"", ""FMOD0023"", ""FMOD0035"", ""FMOD0069"", ""FMOD0055"", ""FMOD0102"", ""FMOD0005"", ""FMOD0036""]",0.5,1.0,0.6666666666666666,False,3.085000038409235
Q6K00236,TEST_KNOWN_K1,1,2,"[""FMOD0036""]","[""FMOD0036"", ""UNKNOWN""]","[""FMOD0036""]","[""FMOD0036"", ""FMOD0119"", ""FMOD0079"", ""FMOD0120"", ""FMOD0086"", ""FMOD0091"", ""FMOD0102"", ""FMOD0035"", ""FMOD0083"", ""FMOD0069""]",0.5,1.0,0.6666666666666666,False,1.770000010299683
Q6K00237,TEST_KNOWN_K1,1,2,"[""FMOD0067""]","[""FMOD0067"", ""UNKNOWN""]","[""FMOD0067""]","[""FMOD0067"", ""FMOD0119"", ""FMOD0120"", ""FMOD0023"", ""FMOD0102"", ""FMOD0110"", ""FMOD0069"", ""FMOD0035"", ""FMOD0036"", ""FMOD0079""]",0.5,1.0,0.6666666666666666,False,3.1650000635147117
Q6K00238,TEST_KNOWN_K1,1,3,"[""FMOD0079""]","[""FMOD0079"", ""FMOD0102"", ""UNKNOWN""]","[""FMOD0102"", ""FMOD0079""]","[""FMOD0102"", ""FMOD0079"", ""FMOD0016"", ""FMOD0035"", ""FMOD0005"", ""FMOD0023"", ""FMOD0069"", ""FMOD0055"", ""FMOD0110"", ""FMOD0119""]",0.3333333333333333,1.0,0.5,False,2.0
Q6K00239,TEST_KNOWN_K1,1,2,"[""FMOD0055""]","[""FMOD0055"", ""UNKNOWN""]","[""FMOD0055""]","[""FMOD0055"", ""FMOD0023"", ""FMOD0069"", ""FMOD0025"", ""FMOD0040"", ""FMOD0102"", ""FMOD0083"", ""FMOD0096"", ""FMOD0051"", ""FMOD0119""]",0.5,1.0,0.6666666666666666,False,3.670000023174287
Q6K00240,TEST_KNOWN_K1,1,2,"[""FMOD0069""]","[""FMOD0069"", ""UNKNOWN""]","[""FMOD0069""]","[""FMOD0069"", ""FMOD0110"", ""FMOD0104"", ""FMOD0035"", ""FMOD0119"", ""FMOD0043"", ""FMOD0023"", ""FMOD0102"", ""FMOD0083"", ""FMOD0120""]",0.5,1.0,0.6666666666666666,False,1.5
Q6K00241,TEST_KNOWN_K2,2,3,"[""FMOD0011"", ""FMOD0025""]","[""FMOD0011"", ""FMOD0025"", ""UNKNOWN""]","[""FMOD0011"", ""FMOD0025""]","[""FMOD0011"", ""FMOD0025"", ""FMOD0023"", ""FMOD0110"", ""FMOD0102"", ""FMOD0035"", ""FMOD0067"", ""FMOD0077"", ""FMOD0004"", ""FMOD0119""]",0.6666666666666666,1.0,0.8,False,4.135000005149841
Q6K00242,TEST_KNOWN_K2,2,2,"[""FMOD0025"", ""FMOD0089""]","[""FMOD0025"", ""FMOD0089""]","[""FMOD0025"", ""FMOD0089""]","[""FMOD0025"", ""FMOD0089"", ""FMOD0069"", ""FMOD0113"", ""FMOD0035"", ""FMOD0102"", ""FMOD0119"", ""FMOD0096"", ""FMOD0033"", ""FMOD0077""]",1.0,1.0,1.0,True,1.2550000025749206
Q6K00243,TEST_KNOWN_K2,2,3,"[""FMOD0044"", ""FMOD0067""]","[""FMOD0044"", ""FMOD0067"", ""UNKNOWN""]","[""FMOD0044"", ""FMOD0067""]","[""FMOD0044"", ""FMOD0067"", ""FMOD0091"", ""FMOD0069"", ""FMOD0102"", ""FMOD0119"", ""FMOD0120"", ""FMOD0023"", ""FMOD0077"", ""FMOD0035""]",0.6666666666666666,1.0,0.8,False,4.735000013732911
Q6K00244,TEST_KNOWN_K2,2,3,"[""FMOD0023"", ""FMOD0089""]","[""FMOD0023"", ""FMOD0089"", ""UNKNOWN""]","[""FMOD0023"", ""FMOD0089""]","[""FMOD0023"", ""FMOD0089"", ""FMOD0035"", ""FMOD0120"", ""FMOD0102"", ""FMOD0119"", ""FMOD0110"", ""FMOD0036"", ""FMOD0077"", ""FMOD0005""]",0.6666666666666666,1.0,0.8,False,2.3600000083684924
Q6K00245,TEST_KNOWN_K2,2,2,"[""FMOD0022"", ""FMOD0086""]","[""FMOD0022"", ""FMOD0086""]","[""FMOD0022"", ""FMOD0086""]","[""FMOD0022"", ""FMOD0086"", ""FMOD0102"", ""FMOD0035"", ""FMOD0119"", ""FMOD0120"", ""FMOD0023"", ""FMOD0053"", ""FMOD0069"", ""FMOD0110""]",1.0,1.0,1.0,True,1.7950000446319598
Q6K00246,TEST_KNOWN_K2,2,3,"[""FMOD0005"", ""FMOD0053""]","[""FMOD0005"", ""FMOD0053"", ""UNKNOWN""]","[""FMOD0053"", ""FMOD0005""]","[""FMOD0053"", ""FMOD0005"", ""FMOD0079"", ""FMOD0120"", ""FMOD0023"", ""FMOD0035"", ""FMOD0110"", ""FMOD0119"", ""FMOD0036"", ""FMOD0096""]",0.6666666666666666,1.0,0.8,False,3.600000008583069
Q6K00247,TEST_KNOWN_K2,2,2,"[""FMOD0060"", ""FMOD0069""]","[""FMOD0060"", ""FMOD0069""]","[""FMOD0069"", ""FMOD0060""]","[""FMOD0069"", ""FMOD0060"", ""FMOD0119"", ""FMOD0023"", ""FMOD0083"", ""FMOD0025"", ""FMOD0110"", ""FMOD0079"", ""FMOD0003"", ""FMOD0120""]",1.0,1.0,1.0,True,1.5550000216186055
Q6K00248,TEST_KNOWN_K2,2,3,"[""FMOD0035"", ""FMOD0040""]","[""FMOD0035"", ""FMOD0040"", ""UNKNOWN""]","[""FMOD0040"", ""FMOD0035""]","[""FMOD0040"", ""FMOD0035"", ""FMOD0023"", ""FMOD0016"", ""FMOD0036"", ""FMOD0079"", ""FMOD0043"", ""FMOD0055"", ""FMOD0075"", ""FMOD0089""]",0.6666666666666666,1.0,0.8,False,4.065000054931643
Q6K00249,TEST_KNOWN_K2,2,2,"[""FMOD0040"", ""FMOD0074""]","[""FMOD0074"", ""UNKNOWN""]","[""FMOD0074""]","[""FMOD0074"", ""FMOD0119"", ""FMOD0035"", ""FMOD0120"", ""FMOD0102"", ""FMOD0053"", ""FMOD0033"", ""FMOD0069"", ""FMOD0005"", ""FMOD0086""]",0.5,0.5,0.5,False,3.5
Q6K00250,TEST_KNOWN_K2,2,3,"[""FMOD0096"", ""FMOD0099""]","[""FMOD0096"", ""FMOD0099"", ""UNKNOWN""]","[""FMOD0099"", ""FMOD0096""]","[""FMOD0099"", ""FMOD0096"", ""FMOD0023"", ""FMOD0119"", ""FMOD0120"", ""FMOD0102"", ""FMOD0035"", ""FMOD0069"", ""FMOD0079"", ""FMOD0033""]",0.6666666666666666,1.0,0.8,False,2.060000004076958
Q6K00251,TEST_KNOWN_K2,2,3,"[""FMOD0044"", ""FMOD0067""]","[""FMOD0044"", ""FMOD0067"", ""UNKNOWN""]","[""FMOD0044"", ""FMOD0067""]","[""FMOD0044"", ""FMOD0067"", ""FMOD0119"", ""FMOD0023"", ""FMOD0120"", ""FMOD0113"", ""FMOD0086"", ""FMOD0035"", ""FMOD0102"", ""FMOD0036""]",0.6666666666666666,1.0,0.8,False,4.320000014591217
Q6K00252,TEST_KNOWN_K2,2,2,"[""FMOD0043"", ""FMOD0086""]","[""FMOD0043"", ""FMOD0086""]","[""FMOD0043"", ""FMOD0086""]","[""FMOD0043"", ""FMOD0086"", ""FMOD0035"", ""FMOD0023"", ""FMOD0102"", ""FMOD0096"", ""FMOD0069"", ""FMOD0079"", ""FMOD0024"", ""FMOD0119""]",1.0,1.0,1.0,True,1.1050000031113625
Q6K00253,TEST_KNOWN_K2,2,3,"[""FMOD0016"", ""FMOD0051""]","[""FMOD0016"", ""FMOD0051"", ""UNKNOWN""]","[""FMOD0051"", ""FMOD0016""]","[""FMOD0051"", ""FMOD0023"", ""FMOD0035"", ""FMOD0016"", ""FMOD0102"", ""FMOD0036"", ""FMOD0069"", ""FMOD0120"", ""FMOD0110"", ""FMOD0119""]",0.6666666666666666,1.0,0.8,False,4.265859423065187
Q6K00254,TEST_KNOWN_K2,2,3,"[""FMOD0040"", ""FMOD0083""]","[""FMOD0040"", ""FMOD0083"", ""UNKNOWN""]","[""FMOD0083"", ""FMOD0040""]","[""FMOD0083"", ""FMOD0040"", ""FMOD0055"", ""FMOD0069"", ""FMOD0023"", ""FMOD0025"", ""FMOD0102"", ""FMOD0119"", ""FMOD0120"", ""FMOD0035""]",0.6666666666666666,1.0,0.8,False,4.630000024032594
Q6K00255,TEST_KNOWN_K2,2,2,"[""FMOD0016"", ""FMOD0053""]","[""FMOD0053"", ""UNKNOWN""]","[""FMOD0053""]","[""FMOD0053"", ""FMOD0016"", ""FMOD0023"", ""FMOD0035"", ""FMOD0079"", ""FMOD0119"", ""FMOD0102"", ""FMOD0120"", ""FMOD0069"", ""FMOD0055""]",0.5,0.5,0.5,False,3.770000010299683
Q6K00256,TEST_KNOWN_K2,2,3,"[""FMOD0083"", ""FMOD0087""]","[""FMOD0083"", ""FMOD0087"", ""UNKNOWN""]","[""FMOD0087"", ""FMOD0083""]","[""FMOD0087"", ""FMOD0083"", ""FMOD0035"", ""FMOD0102"", ""FMOD0119"", ""FMOD0069"", ""FMOD0025"", ""FMOD0079"", ""FMOD0023"", ""FMOD0004""]",0.6666666666666666,1.0,0.8,False,2.3450000060081484
Q6K00257,TEST_KNOWN_K2,2,3,"[""FMOD0043"", ""FMOD0077""]","[""FMOD0043"", ""FMOD0077"", ""UNKNOWN""]","[""FMOD0077"", ""FMOD0043""]","[""FMOD0077"", ""FMOD0043"", ""FMOD0079"", ""FMOD0023"", ""FMOD0119"", ""FMOD0086"", ""FMOD0055"", ""FMOD0005"", ""FMOD0102"", ""FMOD0120""]",0.6666666666666666,1.0,0.8,False,2.3000000096559527
Q6K00258,TEST_KNOWN_K2,2,3,"[""FMOD0001"", ""FMOD0096""]","[""FMOD0001"", ""FMOD0096"", ""UNKNOWN""]","[""FMOD0096"", ""FMOD0001""]","[""FMOD0096"", ""FMOD0001"", ""FMOD0035"", ""FMOD0120"", ""FMOD0119"", ""FMOD0069"", ""FMOD0036"", ""FMOD0110"", ""FMOD0023"", ""FMOD0077""]",0.6666666666666666,1.0,0.8,False,4.060000004076958
Q6K00259,TEST_KNOWN_K2,2,2,"[""FMOD0043"", ""FMOD0089""]","[""FMOD0043"", ""FMOD0089""]","[""FMOD0043"", ""FMOD0089""]","[""FMOD0043"", ""FMOD0089"", ""FMOD0035"", ""FMOD0102"", ""FMOD0096"", ""FMOD0023"", ""FMOD0069"", ""FMOD0079"", ""FMOD0024"", ""FMOD0119""]",1.0,1.0,1.0,True,1.1650000071883204
Q6K00260,TEST_KNOWN_K2,2,3,"[""FMOD0001"", ""FMOD0099""]","[""FMOD0001"", ""FMOD0099"", ""UNKNOWN""]","[""FMOD0099"", ""FMOD0001""]","[""FMOD0099"", ""FMOD0001"", ""FMOD0035"", ""FMOD0119"", ""FMOD0120"", ""FMOD0102"", ""FMOD0110"", ""FMOD0023"", ""FMOD0079"", ""FMOD0069""]",0.6666666666666666,1.0,0.8,False,3.5606510725851184
Q6K00261,TEST_KNOWN_K2,2,2,"[""FMOD0022"", ""FMOD0067""]","[""FMOD0022"", ""FMOD0067""]","[""FMOD0022"", ""FMOD0067""]","[""FMOD0022"", ""FMOD0067"", ""FMOD0102"", ""FMOD0035"", ""FMOD0077"", ""FMOD0119"", ""FMOD0023"", ""FMOD0110"", ""FMOD0120"", ""FMOD0025""]",1.0,1.0,1.0,True,1.7350000351905837
Q6K00262,TEST_KNOWN_K2,2,3,"[""FMOD0060"", ""FMOD0069""]","[""FMOD0060"", ""FMOD0069"", ""UNKNOWN""]","[""FMOD0069"", ""FMOD0060""]","[""FMOD0069"", ""FMOD0060"", ""FMOD0023"", ""FMOD0025"", ""FMOD0055"", ""FMOD0100"", ""FMOD0102"", ""FMOD0119"", ""FMOD0120"", ""FMOD0079""]",0.6666666666666666,1.0,0.8,False,3.8250000171661385
Q6K00263,TEST_KNOWN_K2,2,3,"[""FMOD0043"", ""FMOD0096""]","[""FMOD0043"", ""FMOD0096"", ""UNKNOWN""]","[""FMOD0043"", ""FMOD0096""]","[""FMOD0043"", ""FMOD0096"", ""FMOD0023"", ""FMOD0113"", ""FMOD0035"", ""FMOD0119"", ""FMOD0069"", ""FMOD0079"", ""FMOD0120"", ""FMOD0040""]",0.6666666666666666,1.0,0.8,False,2.615000040447714
Q6K00264,TEST_KNOWN_K2,2,2,"[""FMOD0043"", ""FMOD0066""]","[""FMOD0043"", ""FMOD0066""]","[""FMOD0043"", ""FMOD0066""]","[""FMOD0043"", ""FMOD0066"", ""FMOD0035"", ""FMOD0119"", ""FMOD0023"", ""FMOD0079"", ""FMOD0005"", ""FMOD0075"", ""FMOD0102"", ""FMOD0077""]",1.0,1.0,1.0,True,1.2400000136256222
Q6K00265,TEST_KNOWN_K2,2,2,"[""FMOD0004"", ""FMOD0074""]","[""FMOD0004"", ""FMOD0074""]","[""FMOD0004"", ""FMOD0074""]","[""FMOD0004"", ""FMOD0074"", ""FMOD0033"", ""FMOD0023"", ""FMOD0035"", ""FMOD0077"", ""FMOD0053"", ""FMOD0102"", ""FMOD0079"", ""FMOD0043""]",1.0,1.0,1.0,True,1.0
Q6K00266,TEST_KNOWN_K2,2,3,"[""FMOD0005"", ""FMOD0061""]","[""FMOD0005"", ""FMOD0061"", ""UNKNOWN""]","[""FMOD0005"", ""FMOD0061""]","[""FMOD0005"", ""FMOD0061"", ""FMOD0053"", ""FMOD0120"", ""FMOD0102"", ""FMOD0077"", ""FMOD0036"", ""FMOD0091"", ""FMOD0079"", ""FMOD0087""]",0.6666666666666666,1.0,0.8,False,2.4050000154495246
Q6K00267,TEST_KNOWN_K2,2,2,"[""FMOD0022"", ""FMOD0069""]","[""FMOD0022"", ""FMOD0069""]","[""FMOD0022"", ""FMOD0069""]","[""FMOD0022"", ""FMOD0069"", ""FMOD0023"", ""FMOD0055"", ""FMOD0025"", ""FMOD0100"", ""FMOD0040"", ""FMOD0035"", ""FMOD0119"", ""FMOD0102""]",1.0,1.0,1.0,True,2.2150000463485737
Q6K00268,TEST_KNOWN_K2,2,2,"[""FMOD0050"", ""FMOD0077""]","[""FMOD0050"", ""FMOD0077""]","[""FMOD0077"", ""FMOD0050""]","[""FMOD0077"", ""FMOD0050"", ""FMOD0055"", ""FMOD0083"", ""FMOD0005"", ""FMOD0035"", ""FMOD0033"", ""FMOD0069"", ""FMOD0091"", ""FMOD0086""]",1.0,1.0,1.0,True,1.7425000068664553
Q6K00269,TEST_KNOWN_K2,2,2,"[""FMOD0025"", ""FMOD0087""]","[""FMOD0025"", ""FMOD0087""]","[""FMOD0025"", ""FMOD0087""]","[""FMOD0025"", ""FMOD0023"", ""FMOD0069"", ""FMOD0087"", ""FMOD0036"", ""FMOD0102"", ""FMOD0055"", ""FMOD0035"", ""FMOD0050"", ""FMOD0077""]",1.0,1.0,1.0,True,2.5600000148057944
Q6K00270,TEST_KNOWN_K2,2,3,"[""FMOD0043"", ""FMOD0079""]","[""FMOD0043"", ""FMOD0079"", ""FMOD0102""]","[""FMOD0043"", ""FMOD0079"", ""FMOD0102""]","[""FMOD0043"", ""FMOD0079"", ""FMOD0102"", ""FMOD0035"", ""FMOD0119"", ""FMOD0023"", ""FMOD0005"", ""FMOD0075"", ""FMOD0016"", ""FMOD0120""]",0.6666666666666666,1.0,0.8,False,1.6200000054717065
Q6K00271,TEST_KNOWN_K2,2,3,"[""FMOD0044"", ""FMOD0086""]","[""FMOD0044"", ""FMOD0086"", ""UNKNOWN""]","[""FMOD0086"", ""FMOD0044""]","[""FMOD0086"", ""FMOD0050"", ""FMOD0044"", ""FMOD0120"", ""FMOD0036"", ""FMOD0077"", ""FMOD0069"", ""FMOD0102"", ""FMOD0005"", ""FMOD0079""]",0.6666666666666666,1.0,0.8,False,3.975651093184484
Q6K00272,TEST_KNOWN_K2,2,2,"[""FMOD0025"", ""FMOD0087""]","[""FMOD0025"", ""FMOD0087""]","[""FMOD0025"", ""FMOD0087""]","[""FMOD0025"", ""FMOD0087"", ""FMOD0069"", ""FMOD0023"", ""FMOD0102"", ""FMOD0119"", ""FMOD0086"", ""FMOD0055"", ""FMOD0005"", ""FMOD0077""]",1.0,1.0,1.0,True,1.0
Q6K00273,TEST_KNOWN_K2,2,3,"[""FMOD0023"", ""FMOD0043""]","[""FMOD0023"", ""FMOD0043"", ""UNKNOWN""]","[""FMOD0023"", ""FMOD0043""]","[""FMOD0023"", ""FMOD0043"", ""FMOD0119"", ""FMOD0079"", ""FMOD0102"", ""FMOD0005"", ""FMOD0075"", ""FMOD0120"", ""FMOD0083"", ""FMOD0086""]",0.6666666666666666,1.0,0.8,False,2.285000018024445
Q6K00274,TEST_KNOWN_K2,2,3,"[""FMOD0004"", ""FMOD0044""]","[""FMOD0004"", ""FMOD0044"", ""UNKNOWN""]","[""FMOD0004"", ""FMOD0044""]","[""FMOD0004"", ""FMOD0044"", ""FMOD0067"", ""FMOD0113"", ""FMOD0036"", ""FMOD0110"", ""FMOD0035"", ""FMOD0024"", ""FMOD0119"", ""FMOD0120""]",0.6666666666666666,1.0,0.8,False,3.4500000171661385
Q6K00275,TEST_KNOWN_K2,2,3,"[""FMOD0074"", ""FMOD0086""]","[""FMOD0074"", ""FMOD0086"", ""UNKNOWN""]","[""FMOD0086"", ""FMOD0074""]","[""FMOD0086"", ""FMOD0074"", ""FMOD0050"", ""FMOD0102"", ""FMOD0035"", ""FMOD0024"", ""FMOD0043"", ""FMOD0023"", ""FMOD0069"", ""FMOD0119""]",0.6666666666666666,1.0,0.8,False,2.2700000102996833
Q6K00276,TEST_KNOWN_K2,2,2,"[""FMOD0035"", ""FMOD0087""]","[""FMOD0035"", ""FMOD0087""]","[""FMOD0087"", ""FMOD0035""]","[""FMOD0087"", ""FMOD0035"", ""FMOD0023"", ""FMOD0079"", ""FMOD0119"", ""FMOD0102"", ""FMOD0120"", ""FMOD0069"", ""FMOD0055"", ""FMOD0016""]",1.0,1.0,1.0,True,1.2550000025749206
Q6K00277,TEST_KNOWN_K2,2,2,"[""FMOD0053"", ""FMOD0067""]","[""FMOD0053"", ""FMOD0067""]","[""FMOD0067"", ""FMOD0053""]","[""FMOD0067"", ""FMOD0053"", ""FMOD0083"", ""FMOD0113"", ""FMOD0023"", ""FMOD0102"", ""FMOD0120"", ""FMOD0069"", ""FMOD0036"", ""FMOD0051""]",1.0,1.0,1.0,True,2.5075000360488904
Q6K00278,TEST_KNOWN_K2,2,3,"[""FMOD0014"", ""FMOD0089""]","[""FMOD0014"", ""FMOD0089"", ""UNKNOWN""]","[""FMOD0089"", ""FMOD0014""]","[""FMOD0089"", ""FMOD0014"", ""FMOD0023"", ""FMOD0036"", ""FMOD0079"", ""FMOD0055"", ""FMOD0035"", ""FMOD0096"", ""FMOD0069"", ""FMOD0086""]",0.6666666666666666,1.0,0.8,False,2.1500000021457675
Q6K00279,TEST_KNOWN_K2,2,2,"[""FMOD0014"", ""FMOD0051""]","[""FMOD0014"", ""UNKNOWN""]","[""FMOD0014""]","[""FMOD0014"", ""FMOD0051"", ""FMOD0005"", ""FMOD0120"", ""FMOD0069"", ""FMOD0119"", ""FMOD0102"", ""FMOD0036"", ""FMOD0110"", ""FMOD0035""]",0.5,0.5,0.5,False,4.0250000021457675
Q6K00280,TEST_KNOWN_K2,2,3,"[""FMOD0043"", ""FMOD0051""]","[""FMOD0043"", ""FMOD0051"", ""UNKNOWN""]","[""FMOD0043"", ""FMOD0051""]","[""FMOD0043"", ""FMOD0051"", ""FMOD0023"", ""FMOD0035"", ""FMOD0102"", ""FMOD0069"", ""FMOD0096"", ""FMOD0079"", ""FMOD0119"", ""FMOD0120""]",0.6666666666666666,1.0,0.8,False,3.7800000369071975
Q6K00281,TEST_KNOWN_K2,2,3,"[""FMOD0035"", ""FMOD0060""]","[""FMOD0035"", ""FMOD0060"", ""UNKNOWN""]","[""FMOD0035"", ""FMOD0060""]","[""FMOD0035"", ""FMOD0060"", ""FMOD0023"", ""FMOD0022"", ""FMOD0036"", ""FMOD0120"", ""FMOD0119"", ""FMOD0069"", ""FMOD0102"", ""FMOD0079""]",0.6666666666666666,1.0,0.8,False,3.110000019097329
Q6K00282,TEST_KNOWN_K2,2,3,"[""FMOD0001"", ""FMOD0077""]","[""FMOD0001"", ""FMOD0077"", ""UNKNOWN""]","[""FMOD0077"", ""FMOD0001""]","[""FMOD0077"", ""FMOD0001"", ""FMOD0005"", ""FMOD0083"", ""FMOD0035"", ""FMOD0069"", ""FMOD0079"", ""FMOD0096"", ""FMOD0102"", ""FMOD0017""]",0.6666666666666666,1.0,0.8,False,3.4350000201702127
Q6K00283,TEST_KNOWN_K2,2,3,"[""FMOD0035"", ""FMOD0036""]","[""FMOD0035"", ""FMOD0036"", ""UNKNOWN""]","[""FMOD0036"", ""FMOD0035""]","[""FMOD0036"", ""FMOD0035"", ""FMOD0023"", ""FMOD0120"", ""FMOD0119"", ""FMOD0079"", ""FMOD0102"", ""FMOD0069"", ""FMOD0017"", ""FMOD0110""]",0.6666666666666666,1.0,0.8,False,3.0750000010728837
Q6K00284,TEST_KNOWN_K2,2,3,"[""FMOD0016"", ""FMOD0083""]","[""FMOD0016"", ""FMOD0083"", ""UNKNOWN""]","[""FMOD0083"", ""FMOD0016""]","[""FMOD0083"", ""FMOD0016"", ""FMOD0023"", ""FMOD0035"", ""FMOD0119"", ""FMOD0102"", ""FMOD0069"", ""FMOD0079"", ""FMOD0005"", ""FMOD0077""]",0.6666666666666666,1.0,0.8,False,4.770000031757355
Q6K00285,TEST_KNOWN_K2,2,2,"[""FMOD0055"", ""FMOD0083""]","[""FMOD0055"", ""FMOD0083""]","[""FMOD0083"", ""FMOD0055""]","[""FMOD0083"", ""FMOD0055"", ""FMOD0102"", ""FMOD0005"", ""FMOD0077"", ""FMOD0069"", ""FMOD0120"", ""FMOD0119"", ""FMOD0035"", ""FMOD0036""]",1.0,1.0,1.0,True,2.5900000248909008
Q6K00286,TEST_KNOWN_K2,2,3,"[""FMOD0051"", ""FMOD0077""]","[""FMOD0051"", ""FMOD0077"", ""UNKNOWN""]","[""FMOD0051"", ""FMOD0077""]","[""FMOD0051"", ""FMOD0077"", ""FMOD0023"", ""FMOD0110"", ""FMOD0120"", ""FMOD0069"", ""FMOD0102"", ""FMOD0083"", ""FMOD0036"", ""FMOD0113""]",0.6666666666666666,1.0,0.8,False,3.5150000291824353
Q6K00287,TEST_KNOWN_K2,2,3,"[""FMOD0003"", ""FMOD0004""]","[""FMOD0003"", ""FMOD0004"", ""UNKNOWN""]","[""FMOD0003"", ""FMOD0004""]","[""FMOD0003"", ""FMOD0089"", ""FMOD0004"", ""FMOD0067"", ""FMOD0014"", ""FMOD0113"", ""FMOD0036"", ""FMOD0120"", ""FMOD0035"", ""FMOD0091""]",0.6666666666666666,1.0,0.8,False,2.0
Q6K00288,TEST_KNOWN_K2,2,2,"[""FMOD0067"", ""FMOD0074""]","[""FMOD0067"", ""FMOD0074""]","[""FMOD0067"", ""FMOD0074""]","[""FMOD0067"", ""FMOD0074"", ""FMOD0077"", ""FMOD0035"", ""FMOD0102"", ""FMOD0119"", ""FMOD0110"", ""FMOD0069"", ""FMOD0096"", ""FMOD0086""]",1.0,1.0,1.0,True,2.0500000257492075
Q6K00289,TEST_KNOWN_K2,2,2,"[""FMOD0040"", ""FMOD0099""]","[""FMOD0040"", ""FMOD0099""]","[""FMOD0099"", ""FMOD0040""]","[""FMOD0099"", ""FMOD0040"", ""FMOD0023"", ""FMOD0035"", ""FMOD0083"", ""FMOD0119"", ""FMOD0120"", ""FMOD0102"", ""FMOD0110"", ""FMOD0104""]",1.0,1.0,1.0,True,2.027500003433228
Q6K00290,TEST_KNOWN_K2,2,3,"[""FMOD0069"", ""FMOD0089""]","[""FMOD0069"", ""FMOD0089"", ""UNKNOWN""]","[""FMOD0069"", ""FMOD0089""]","[""FMOD0069"", ""FMOD0089"", ""FMOD0040"", ""FMOD0079"", ""FMOD0110"", ""FMOD0005"", ""FMOD0120"", ""FMOD0035"", ""FMOD0067"", ""FMOD0119""]",0.6666666666666666,1.0,0.8,False,3.570000007885695
Q6K00291,TEST_KNOWN_K2,2,3,"[""FMOD0066"", ""FMOD0079""]","[""FMOD0066"", ""FMOD0079"", ""UNKNOWN""]","[""FMOD0079"", ""FMOD0066""]","[""FMOD0079"", ""FMOD0066"", ""FMOD0055"", ""FMOD0102"", ""FMOD0036"", ""FMOD0120"", ""FMOD0017"", ""FMOD0119"", ""FMOD0110"", ""FMOD0096""]",0.6666666666666666,1.0,0.8,False,4.277604187665508
Q6K00292,TEST_KNOWN_K2,2,2,"[""FMOD0074"", ""FMOD0089""]","[""FMOD0074"", ""FMOD0089""]","[""FMOD0074"", ""FMOD0089""]","[""FMOD0074"", ""FMOD0089"", ""FMOD0079"", ""FMOD0035"", ""FMOD0077"", ""FMOD0053"", ""FMOD0033"", ""FMOD0023"", ""FMOD0043"", ""FMOD0005""]",1.0,1.0,1.0,True,1.3000000042915345
Q6K00293,TEST_KNOWN_K2,2,2,"[""FMOD0043"", ""FMOD0074""]","[""FMOD0043"", ""FMOD0074""]","[""FMOD0074"", ""FMOD0043""]","[""FMOD0074"", ""FMOD0043"", ""FMOD0035"", ""FMOD0023"", ""FMOD0069"", ""FMOD0102"", ""FMOD0096"", ""FMOD0079"", ""FMOD0024"", ""FMOD0119""]",1.0,1.0,1.0,True,1.5100000051498415
Q6K00294,TEST_KNOWN_K2,2,3,"[""FMOD0036"", ""FMOD0079""]","[""FMOD0036"", ""FMOD0079"", ""FMOD0102""]","[""FMOD0102"", ""FMOD0036"", ""FMOD0079""]","[""FMOD0102"", ""FMOD0036"", ""FMOD0079"", ""FMOD0120"", ""FMOD0119"", ""FMOD0110"", ""FMOD0069"", ""FMOD0035"", ""FMOD0050"", ""FMOD0025""]",0.6666666666666666,1.0,0.8,False,2.040000020599366
Q6K00295,TEST_KNOWN_K2,2,3,"[""FMOD0043"", ""FMOD0066""]","[""FMOD0043"", ""FMOD0066"", ""UNKNOWN""]","[""FMOD0066"", ""FMOD0043""]","[""FMOD0066"", ""FMOD0043"", ""FMOD0102"", ""FMOD0023"", ""FMOD0069"", ""FMOD0035"", ""FMOD0096"", ""FMOD0079"", ""FMOD0119"", ""FMOD0120""]",0.6666666666666666,1.0,0.8,False,2.030000002038479
Q6K00296,TEST_KNOWN_K2,2,3,"[""FMOD0060"", ""FMOD0066""]","[""FMOD0060"", ""FMOD0066"", ""UNKNOWN""]","[""FMOD0060"", ""FMOD0066""]","[""FMOD0060"", ""FMOD0066"", ""FMOD0102"", ""FMOD0036"", ""FMOD0055"", ""FMOD0096"", ""FMOD0110"", ""FMOD0120"", ""FMOD0035"", ""FMOD0075""]",0.6666666666666666,1.0,0.8,False,5.045000001716614
Q6K00297,TEST_KNOWN_K2,2,2,"[""FMOD0040"", ""FMOD0051""]","[""FMOD0051"", ""UNKNOWN""]","[""FMOD0051""]","[""FMOD0051"", ""FMOD0035"", ""FMOD0023"", ""FMOD0119"", ""FMOD0069"", ""FMOD0040"", ""FMOD0102"", ""FMOD0120"", ""FMOD0036"", ""FMOD0104""]",0.5,0.5,0.5,False,5.6500000021457675
Q6K00298,TEST_KNOWN_K2,2,3,"[""FMOD0036"", ""FMOD0074""]","[""FMOD0036"", ""FMOD0074"", ""UNKNOWN""]","[""FMOD0074"", ""FMOD0036""]","[""FMOD0074"", ""FMOD0036"", ""FMOD0079"", ""FMOD0119"", ""FMOD0120"", ""FMOD0017"", ""FMOD0091"", ""FMOD0023"", ""FMOD0083"", ""FMOD0035""]",0.6666666666666666,1.0,0.8,False,2.690000012016297
Q6K00299,TEST_KNOWN_K2,2,3,"[""FMOD0040"", ""FMOD0089""]","[""FMOD0040"", ""FMOD0089"", ""UNKNOWN""]","[""FMOD0040"", ""FMOD0089""]","[""FMOD0040"", ""FMOD0089"", ""FMOD0035"", ""FMOD0079"", ""FMOD0055"", ""FMOD0023"", ""FMOD0102"", ""FMOD0119"", ""FMOD0014"", ""FMOD0051""]",0.6666666666666666,1.0,0.8,False,4.300000004291535
Q6K00300,TEST_KNOWN_K2,2,3,"[""FMOD0067"", ""FMOD0086""]","[""FMOD0067"", ""FMOD0086"", ""UNKNOWN""]","[""FMOD0086"", ""FMOD0067""]","[""FMOD0086"", ""FMOD0050"", ""FMOD0067"", ""FMOD0036"", ""FMOD0102"", ""FMOD0119"", ""FMOD0089"", ""FMOD0120"", ""FMOD0083"", ""FMOD0079""]",0.6666666666666666,1.0,0.8,False,3.125000048279764
Q6K00301,TEST_KNOWN_K3,3,2,"[""FMOD0044"", ""FMOD0053"", ""FMOD0060""]","[""FMOD0053"", ""UNKNOWN""]","[""FMOD0053""]","[""FMOD0053"", ""FMOD0060"", ""FMOD0120"", ""FMOD0023"", ""FMOD0119"", ""FMOD0035"", ""FMOD0069"", ""FMOD0102"", ""FMOD0110"", ""FMOD0077""]",0.5,0.3333333333333333,0.4,False,5.5
Q6K00302,TEST_KNOWN_K3,3,4,"[""FMOD0001"", ""FMOD0005"", ""FMOD0055""]","[""FMOD0001"", ""FMOD0005"", ""FMOD0055"", ""UNKNOWN""]","[""FMOD0005"", ""FMOD0001"", ""FMOD0055""]","[""FMOD0005"", ""FMOD0001"", ""FMOD0055"", ""FMOD0080"", ""FMOD0023"", ""FMOD0069"", ""FMOD0025"", ""FMOD0043"", ""FMOD0102"", ""FMOD0096""]",0.75,1.0,0.8571428571428571,False,3.770000010299683
Q6K00303,TEST_KNOWN_K3,3,4,"[""FMOD0016"", ""FMOD0053"", ""FMOD0087""]","[""FMOD0016"", ""FMOD0053"", ""FMOD0087"", ""UNKNOWN""]","[""FMOD0087"", ""FMOD0016"", ""FMOD0053""]","[""FMOD0087"", ""FMOD0016"", ""FMOD0053"", ""FMOD0119"", ""FMOD0036"", ""FMOD0102"", ""FMOD0079"", ""FMOD0120"", ""FMOD0069"", ""FMOD0110""]",0.75,1.0,0.8571428571428571,False,4.960859432291986
Q6K00304,TEST_KNOWN_K3,3,4,"[""FMOD0077"", ""FMOD0083"", ""FMOD0087""]","[""FMOD0077"", ""FMOD0083"", ""FMOD0087"", ""UNKNOWN""]","[""FMOD0077"", ""FMOD0083"", ""FMOD0087""]","[""FMOD0077"", ""FMOD0083"", ""FMOD0087"", ""FMOD0023"", ""FMOD0069"", ""FMOD0055"", ""FMOD0102"", ""FMOD0025"", ""FMOD0040"", ""FMOD0091""]",0.75,1.0,0.8571428571428571,False,3.520000053215029
Q6K00305,TEST_KNOWN_K3,3,3,"[""FMOD0005"", ""FMOD0066"", ""FMOD0069""]","[""FMOD0005"", ""FMOD0066"", ""FMOD0069""]","[""FMOD0069"", ""FMOD0066"", ""FMOD0005""]","[""FMOD0069"", ""FMOD0066"", ""FMOD0005"", ""FMOD0102"", ""FMOD0119"", ""FMOD0120"", ""FMOD0079"", ""FMOD0110"", ""FMOD0096"", ""FMOD0086""]",1.0,1.0,1.0,True,2.25
Q6K00306,TEST_KNOWN_K3,3,4,"[""FMOD0014"", ""FMOD0066"", ""FMOD0077""]","[""FMOD0014"", ""FMOD0066"", ""FMOD0077"", ""UNKNOWN""]","[""FMOD0014"", ""FMOD0066"", ""FMOD0077""]","[""FMOD0014"", ""FMOD0066"", ""FMOD0077"", ""FMOD0102"", ""FMOD0055"", ""FMOD0023"", ""FMOD0069"", ""FMOD0120"", ""FMOD0079"", ""FMOD0096""]",0.75,1.0,0.8571428571428571,False,2.800000015020371
Q6K00307,TEST_KNOWN_K3,3,4,"[""FMOD0036"", ""FMOD0079"", ""FMOD0083""]","[""FMOD0036"", ""FMOD0079"", ""FMOD0083"", ""UNKNOWN""]","[""FMOD0083"", ""FMOD0079"", ""FMOD0036""]","[""FMOD0083"", ""FMOD0079"", ""FMOD0036"", ""FMOD0035"", ""FMOD0102"", ""FMOD0119"", ""FMOD0069"", ""FMOD0077"", ""FMOD0023"", ""FMOD0120""]",0.75,1.0,0.8571428571428571,False,2.9650000248909008
Q6K00308,TEST_KNOWN_K3,3,2,"[""FMOD0043"", ""FMOD0050"", ""FMOD0083""]","[""FMOD0035"", ""UNKNOWN""]","[""FMOD0035""]","[""FMOD0035"", ""FMOD0069"", ""FMOD0096"", ""FMOD0102"", ""FMOD0025"", ""FMOD0119"", ""FMOD0120"", ""FMOD0031"", ""FMOD0005"", ""FMOD0033""]",0.0,0.0,0.0,False,4.5
Q6K00309,TEST_KNOWN_K3,3,3,"[""FMOD0035"", ""FMOD0050"", ""FMOD0083""]","[""FMOD0035"", ""FMOD0050"", ""UNKNOWN""]","[""FMOD0035"", ""FMOD0050""]","[""FMOD0035"", ""FMOD0050"", ""FMOD0086"", ""FMOD0102"", ""FMOD0119"", ""FMOD0069"", ""FMOD0077"", ""FMOD0110"", ""FMOD0083"", ""FMOD0033""]",0.6666666666666666,0.6666666666666666,0.6666666666666666,False,3.4888802793353824
Q6K00310,TEST_KNOWN_K3,3,3,"[""FMOD0005"", ""FMOD0022"", ""FMOD0074""]","[""FMOD0005"", ""FMOD0022"", ""FMOD0074""]","[""FMOD0074"", ""FMOD0005"", ""FMOD0022""]","[""FMOD0074"", ""FMOD0005"", ""FMOD0022"", ""FMOD0035"", ""FMOD0053"", ""FMOD0033"", ""FMOD0023"", ""FMOD0055"", ""FMOD0102"", ""FMOD0091""]",1.0,1.0,1.0,True,1.6350000051498415
Q6K00311,TEST_KNOWN_K3,3,4,"[""FMOD0051"", ""FMOD0067"", ""FMOD0086""]","[""FMOD0051"", ""FMOD0067"", ""FMOD0086"", ""UNKNOWN""]","[""FMOD0051"", ""FMOD0086"", ""FMOD0067""]","[""FMOD0051"", ""FMOD0086"", ""FMOD0067"", ""FMOD0004"", ""FMOD0120"", ""FMOD0005"", ""FMOD0119"", ""FMOD0079"", ""FMOD0102"", ""FMOD0077""]",0.75,1.0,0.8571428571428571,False,5.000000085830692
Q6K00312,TEST_KNOWN_K3,3,4,"[""FMOD0023"", ""FMOD0061"", ""FMOD0069""]","[""FMOD0023"", ""FMOD0061"", ""FMOD0069"", ""UNKNOWN""]","[""FMOD0061"", ""FMOD0023"", ""FMOD0069""]","[""FMOD0061"", ""FMOD0023"", ""FMOD0083"", ""FMOD0069"", ""FMOD0033"", ""FMOD0102"", ""FMOD0120"", ""FMOD0036"", ""FMOD0119"", ""FMOD0110""]",0.75,1.0,0.8571428571428571,False,3.2206510691518906
Q6K00313,TEST_KNOWN_K3,3,4,"[""FMOD0061"", ""FMOD0066"", ""FMOD0069""]","[""FMOD0061"", ""FMOD0066"", ""FMOD0069"", ""UNKNOWN""]","[""FMOD0061"", ""FMOD0069"", ""FMOD0066""]","[""FMOD0061"", ""FMOD0069"", ""FMOD0083"", ""FMOD0066"", ""FMOD0036"", ""FMOD0033"", ""FMOD0120"", ""FMOD0005"", ""FMOD0102"", ""FMOD0075""]",0.75,1.0,0.8571428571428571,False,3.430000039052965
Q6K00314,TEST_KNOWN_K3,3,4,"[""FMOD0053"", ""FMOD0066"", ""FMOD0099""]","[""FMOD0053"", ""FMOD0066"", ""FMOD0099"", ""UNKNOWN""]","[""FMOD0099"", ""FMOD0053"", ""FMOD0066""]","[""FMOD0099"", ""FMOD0053"", ""FMOD0066"", ""FMOD0102"", ""FMOD0120"", ""FMOD0119"", ""FMOD0035"", ""FMOD0055"", ""FMOD0023"", ""FMOD0110""]",0.75,1.0,0.8571428571428571,False,4.715000003433228
Q6K00315,TEST_KNOWN_K3,3,3,"[""FMOD0003"", ""FMOD0040"", ""FMOD0060""]","[""FMOD0003"", ""FMOD0060"", ""UNKNOWN""]","[""FMOD0003"", ""FMOD0060""]","[""FMOD0003"", ""FMOD0060"", ""FMOD0023"", ""FMOD0035"", ""FMOD0040"", ""FMOD0079"", ""FMOD0055"", ""FMOD0036"", ""FMOD0102"", ""FMOD0014""]",0.6666666666666666,0.6666666666666666,0.6666666666666666,False,4.390000029182435
Q6K00316,TEST_KNOWN_K3,3,4,"[""FMOD0022"", ""FMOD0089"", ""FMOD0099""]","[""FMOD0022"", ""FMOD0089"", ""FMOD0099"", ""UNKNOWN""]","[""FMOD0022"", ""FMOD0089"", ""FMOD0099""]","[""FMOD0022"", ""FMOD0089"", ""FMOD0099"", ""FMOD0053"", ""FMOD0102"", ""FMOD0023"", ""FMOD0035"", ""FMOD0079"", ""FMOD0120"", ""FMOD0075""]",0.75,1.0,0.8571428571428571,False,3.280000047636034
Q6K00317,TEST_KNOWN_K3,3,4,"[""FMOD0061"", ""FMOD0089"", ""FMOD0096""]","[""FMOD0061"", ""FMOD0089"", ""FMOD0096"", ""UNKNOWN""]","[""FMOD0061"", ""FMOD0089"", ""FMOD0096""]","[""FMOD0061"", ""FMOD0089"", ""FMOD0096"", ""FMOD0036"", ""FMOD0079"", ""FMOD0035"", ""FMOD0055"", ""FMOD0083"", ""FMOD0110"", ""FMOD0005""]",0.75,1.0,0.8571428571428571,False,3.595000043559076
Q6K00318,TEST_KNOWN_K3,3,3,"[""FMOD0004"", ""FMOD0053"", ""FMOD0086""]","[""FMOD0004"", ""FMOD0086"", ""UNKNOWN""]","[""FMOD0086"", ""FMOD0004""]","[""FMOD0086"", ""FMOD0004"", ""FMOD0050"", ""FMOD0067"", ""FMOD0035"", ""FMOD0053"", ""FMOD0110"", ""FMOD0005"", ""FMOD0102"", ""FMOD0120""]",0.6666666666666666,0.6666666666666666,0.6666666666666666,False,3.2400000163078313
Q6K00319,TEST_KNOWN_K3,3,4,"[""FMOD0003"", ""FMOD0011"", ""FMOD0060""]","[""FMOD0003"", ""FMOD0011"", ""FMOD0060"", ""UNKNOWN""]","[""FMOD0003"", ""FMOD0011"", ""FMOD0060""]","[""FMOD0003"", ""FMOD0011"", ""FMOD0089"", ""FMOD0060"", ""FMOD0014"", ""FMOD0120"", ""FMOD0035"", ""FMOD0023"", ""FMOD0005"", ""FMOD0083""]",0.75,1.0,0.8571428571428571,False,3.7400000163078313
Q6K00320,TEST_KNOWN_K3,3,3,"[""FMOD0011"", ""FMOD0043"", ""FMOD0044""]","[""FMOD0011"", ""FMOD0043"", ""UNKNOWN""]","[""FMOD0043"", ""FMOD0011""]","[""FMOD0043"", ""FMOD0011"", ""FMOD0044"", ""FMOD0119"", ""FMOD0035"", ""FMOD0120"", ""FMOD0110"", ""FMOD0023"", ""FMOD0069"", ""FMOD0077""]",0.6666666666666666,0.6666666666666666,0.6666666666666666,False,4.0
Q6K00321,TEST_KNOWN_K3,3,4,"[""FMOD0003"", ""FMOD0040"", ""FMOD0066""]","[""FMOD0003"", ""FMOD0040"", ""FMOD0066"", ""UNKNOWN""]","[""FMOD0040"", ""FMOD0066"", ""FMOD0003""]","[""FMOD0040"", ""FMOD0066"", ""FMOD0003"", ""FMOD0014"", ""FMOD0120"", ""FMOD0023"", ""FMOD0035"", ""FMOD0079"", ""FMOD0005"", ""FMOD0119""]",0.75,1.0,0.8571428571428571,False,3.530000002038479
Q6K00322,TEST_KNOWN_K3,3,4,"[""FMOD0036"", ""FMOD0087"", ""FMOD0089""]","[""FMOD0036"", ""FMOD0087"", ""FMOD0089"", ""UNKNOWN""]","[""FMOD0087"", ""FMOD0036"", ""FMOD0089""]","[""FMOD0087"", ""FMOD0036"", ""FMOD0089"", ""FMOD0035"", ""FMOD0023"", ""FMOD0016"", ""FMOD0079"", ""FMOD0091"", ""FMOD0055"", ""FMOD0022""]",0.75,1.0,0.8571428571428571,False,2.5
Q6K00323,TEST_KNOWN_K3,3,4,"[""FMOD0003"", ""FMOD0036"", ""FMOD0077""]","[""FMOD0003"", ""FMOD0036"", ""FMOD0077"", ""UNKNOWN""]","[""FMOD0036"", ""FMOD0077"", ""FMOD0003""]","[""FMOD0036"", ""FMOD0077"", ""FMOD0003"", ""FMOD0023"", ""FMOD0086"", ""FMOD0075"", ""FMOD0035"", ""FMOD0055"", ""FMOD0060"", ""FMOD0102""]",0.75,1.0,0.8571428571428571,False,3.1150000324010865
Q6K00324,TEST_KNOWN_K3,3,4,"[""FMOD0003"", ""FMOD0051"", ""FMOD0067""]","[""FMOD0003"", ""FMOD0051"", ""FMOD0067"", ""UNKNOWN""]","[""FMOD0067"", ""FMOD0051"", ""FMOD0003""]","[""FMOD0067"", ""FMOD0051"", ""FMOD0089"", ""FMOD0003"", ""FMOD0033"", ""FMOD0035"", ""FMOD0069"", ""FMOD0102"", ""FMOD0077"", ""FMOD0119""]",0.75,1.0,0.8571428571428571,False,3.0250000209212313
Q6K00325,TEST_KNOWN_K3,3,4,"[""FMOD0023"", ""FMOD0044"", ""FMOD0086""]","[""FMOD0023"", ""FMOD0044"", ""FMOD0086"", ""UNKNOWN""]","[""FMOD0086"", ""FMOD0023"", ""FMOD0044""]","[""FMOD0086"", ""FMOD0023"", ""FMOD0050"", ""FMOD0044"", ""FMOD0035"", ""FMOD0069"", ""FMOD0043"", ""FMOD0120"", ""FMOD0079"", ""FMOD0102""]",0.75,1.0,0.8571428571428571,False,3.475651093184484
Q6K00326,TEST_KNOWN_K3,3,4,"[""FMOD0055"", ""FMOD0066"", ""FMOD0099""]","[""FMOD0055"", ""FMOD0066"", ""FMOD0099"", ""UNKNOWN""]","[""FMOD0099"", ""FMOD0055"", ""FMOD0066""]","[""FMOD0099"", ""FMOD0055"", ""FMOD0066"", ""FMOD0036"", ""FMOD0102"", ""FMOD0023"", ""FMOD0017"", ""FMOD0079"", ""FMOD0119"", ""FMOD0110""]",0.75,1.0,0.8571428571428571,False,3.530000002038479
Q6K00327,TEST_KNOWN_K3,3,4,"[""FMOD0016"", ""FMOD0051"", ""FMOD0055""]","[""FMOD0016"", ""FMOD0051"", ""FMOD0055"", ""UNKNOWN""]","[""FMOD0016"", ""FMOD0051"", ""FMOD0055""]","[""FMOD0016"", ""FMOD0051"", ""FMOD0055"", ""FMOD0075"", ""FMOD0035"", ""FMOD0077"", ""FMOD0023"", ""FMOD0036"", ""FMOD0079"", ""FMOD0033""]",0.75,1.0,0.8571428571428571,False,5.46000002231598
Q6K00328,TEST_KNOWN_K3,3,3,"[""FMOD0025"", ""FMOD0040"", ""FMOD0087""]","[""FMOD0025"", ""FMOD0087"", ""UNKNOWN""]","[""FMOD0025"", ""FMOD0087""]","[""FMOD0025"", ""FMOD0069"", ""FMOD0023"", ""FMOD0035"", ""FMOD0119"", ""FMOD0120"", ""FMOD0087"", ""FMOD0102"", ""FMOD0077"", ""FMOD0033""]",0.6666666666666666,0.6666666666666666,0.6666666666666666,False,5.0
Q6K00329,TEST_KNOWN_K3,3,3,"[""FMOD0001"", ""FMOD0043"", ""FMOD0089""]","[""FMOD0043"", ""FMOD0089"", ""UNKNOWN""]","[""FMOD0043"", ""FMOD0089""]","[""FMOD0043"", ""FMOD0089"", ""FMOD0119"", ""FMOD0023"", ""FMOD0102"", ""FMOD0035"", ""FMOD0110"", ""FMOD0069"", ""FMOD0079"", ""FMOD0036""]",0.6666666666666666,0.6666666666666666,0.6666666666666666,False,3.465000032937528
Q6K00330,TEST_KNOWN_K3,3,3,"[""FMOD0022"", ""FMOD0035"", ""FMOD0096""]","[""FMOD0022"", ""FMOD0035"", ""UNKNOWN""]","[""FMOD0022"", ""FMOD0035""]","[""FMOD0022"", ""FMOD0035"", ""FMOD0069"", ""FMOD0120"", ""FMOD0119"", ""FMOD0023"", ""FMOD0036"", ""FMOD0077"", ""FMOD0102"", ""FMOD0079""]",0.6666666666666666,0.6666666666666666,0.6666666666666666,False,4.270000010299683
Q6K00331,TEST_KNOWN_K3,3,2,"[""FMOD0005"", ""FMOD0051"", ""FMOD0079""]","[""FMOD0005"", ""UNKNOWN""]","[""FMOD0005""]","[""FMOD0005"", ""FMOD0079"", ""FMOD0102"", ""FMOD0120"", ""FMOD0051"", ""FMOD0023"", ""FMOD0119"", ""FMOD0055"", ""FMOD0110"", ""FMOD0036""]",0.5,0.3333333333333333,0.4,False,3.5
Q6K00332,TEST_KNOWN_K3,3,3,"[""FMOD0035"", ""FMOD0044"", ""FMOD0050""]","[""FMOD0035"", ""FMOD0044"", ""UNKNOWN""]","[""FMOD0044"", ""FMOD0035""]","[""FMOD0044"", ""FMOD0035"", ""FMOD0069"", ""FMOD0086"", ""FMOD0120"", ""FMOD0119"", ""FMOD0050"", ""FMOD0036"", ""FMOD0102"", ""FMOD0023""]",0.6666666666666666,0.6666666666666666,0.6666666666666666,False,4.245651119577422
Q6K00333,TEST_KNOWN_K3,3,4,"[""FMOD0011"", ""FMOD0044"", ""FMOD0069""]","[""FMOD0011"", ""FMOD0044"", ""FMOD0069"", ""UNKNOWN""]","[""FMOD0069"", ""FMOD0044"", ""FMOD0011""]","[""FMOD0069"", ""FMOD0044"", ""FMOD0011"", ""FMOD0119"", ""FMOD0083"", ""FMOD0025"", ""FMOD0079"", ""FMOD0110"", ""FMOD0035"", ""FMOD0120""]",0.75,1.0,0.8571428571428571,False,4.115651079451574
Q6K00334,TEST_KNOWN_K3,3,3,"[""FMOD0035"", ""FMOD0061"", ""FMOD0083""]","[""FMOD0014"", ""FMOD0061"", ""FMOD0083""]","[""FMOD0061"", ""FMOD0083"", ""FMOD0014""]","[""FMOD0061"", ""FMOD0083"", ""FMOD0119"", ""FMOD0069"", ""FMOD0035"", ""FMOD0023"", ""FMOD0014"", ""FMOD0060"", ""FMOD0102"", ""FMOD0120""]",0.6666666666666666,0.6666666666666666,0.6666666666666666,False,2.955000041198732
Q6K00335,TEST_KNOWN_K3,3,4,"[""FMOD0051"", ""FMOD0069"", ""FMOD0087""]","[""FMOD0051"", ""FMOD0069"", ""FMOD0087"", ""UNKNOWN""]","[""FMOD0087"", ""FMOD0069"", ""FMOD0051""]","[""FMOD0087"", ""FMOD0069"", ""FMOD0051"", ""FMOD0033"", ""FMOD0036"", ""FMOD0102"", ""FMOD0120"", ""FMOD0005"", ""FMOD0119"", ""FMOD0075""]",0.75,1.0,0.8571428571428571,False,3.5950000274658214
Q6K00336,TEST_KNOWN_K3,3,3,"[""FMOD0014"", ""FMOD0023"", ""FMOD0025""]","[""FMOD0014"", ""FMOD0023"", ""UNKNOWN""]","[""FMOD0014"", ""FMOD0023""]","[""FMOD0014"", ""FMOD0023"", ""FMOD0079"", ""FMOD0035"", ""FMOD0120"", ""FMOD0119"", ""FMOD0102"", ""FMOD0087"", ""FMOD0069"", ""FMOD0074""]",0.6666666666666666,0.6666666666666666,0.6666666666666666,False,2.0
Q6K00337,TEST_KNOWN_K3,3,3,"[""FMOD0066"", ""FMOD0077"", ""FMOD0086""]","[""FMOD0066"", ""FMOD0077"", ""FMOD0086""]","[""FMOD0066"", ""FMOD0077"", ""FMOD0086""]","[""FMOD0066"", ""FMOD0077"", ""FMOD0086"", ""FMOD0069"", ""FMOD0110"", ""FMOD0005"", ""FMOD0120"", ""FMOD0119"", ""FMOD0023"", ""FMOD0035""]",1.0,1.0,1.0,True,2.4450000360488904
Q6K00338,TEST_KNOWN_K3,3,4,"[""FMOD0003"", ""FMOD0067"", ""FMOD0074""]","[""FMOD0003"", ""FMOD0067"", ""FMOD0074"", ""UNKNOWN""]","[""FMOD0074"", ""FMOD0067"", ""FMOD0003""]","[""FMOD0074"", ""FMOD0067"", ""FMOD0003"", ""FMOD0119"", ""FMOD0035"", ""FMOD0004"", ""FMOD0102"", ""FMOD0110"", ""FMOD0023"", ""FMOD0024""]",0.75,1.0,0.8571428571428571,False,3.190000012016297
Q6K00339,TEST_KNOWN_K3,3,4,"[""FMOD0014"", ""FMOD0069"", ""FMOD0087""]","[""FMOD0014"", ""FMOD0069"", ""FMOD0087"", ""UNKNOWN""]","[""FMOD0014"", ""FMOD0087"", ""FMOD0069""]","[""FMOD0014"", ""FMOD0087"", ""FMOD0069"", ""FMOD0033"", ""FMOD0036"", ""FMOD0005"", ""FMOD0102"", ""FMOD0119"", ""FMOD0120"", ""FMOD0075""]",0.75,1.0,0.8571428571428571,False,2.9050000154495246
Q6K00340,TEST_KNOWN_K3,3,4,"[""FMOD0011"", ""FMOD0025"", ""FMOD0089""]","[""FMOD0011"", ""FMOD0025"", ""FMOD0089"", ""UNKNOWN""]","[""FMOD0025"", ""FMOD0011"", ""FMOD0089""]","[""FMOD0025"", ""FMOD0011"", ""FMOD0089"", ""FMOD0023"", ""FMOD0069"", ""FMOD0035"", ""FMOD0119"", ""FMOD0079"", ""FMOD0120"", ""FMOD0102""]",0.75,1.0,0.8571428571428571,False,3.8450000060081484
Q6K00341,TEST_KNOWN_K3,3,3,"[""FMOD0022"", ""FMOD0055"", ""FMOD0066""]","[""FMOD0055"", ""FMOD0066"", ""UNKNOWN""]","[""FMOD0055"", ""FMOD0066""]","[""FMOD0055"", ""FMOD0066"", ""FMOD0022"", ""FMOD0102"", ""FMOD0036"", ""FMOD0120"", ""FMOD0069"", ""FMOD0119"", ""FMOD0079"", ""FMOD0096""]",0.6666666666666666,0.6666666666666666,0.6666666666666666,False,4.525000034332277
Q6K00342,TEST_KNOWN_K3,3,3,"[""FMOD0053"", ""FMOD0066"", ""FMOD0087""]","[""FMOD0053"", ""FMOD0087"", ""UNKNOWN""]","[""FMOD0087"", ""FMOD0053""]","[""FMOD0087"", ""FMOD0053"", ""FMOD0023"", ""FMOD0040"", ""FMOD0069"", ""FMOD0025"", ""FMOD0096"", ""FMOD0119"", ""FMOD0083"", ""FMOD0102""]",0.6666666666666666,0.6666666666666666,0.6666666666666666,False,3.4800000326156626
Q6K00343,TEST_KNOWN_K3,3,4,"[""FMOD0016"", ""FMOD0055"", ""FMOD0087""]","[""FMOD0016"", ""FMOD0055"", ""FMOD0087"", ""UNKNOWN""]","[""FMOD0087"", ""FMOD0016"", ""FMOD0055""]","[""FMOD0087"", ""FMOD0016"", ""FMOD0055"", ""FMOD0023"", ""FMOD0102"", ""FMOD0035"", ""FMOD0119"", ""FMOD0079"", ""FMOD0005"", ""FMOD0036""]",0.75,1.0,0.8571428571428571,False,4.190000012016297
Q6K00344,TEST_KNOWN_K3,3,4,"[""FMOD0023"", ""FMOD0025"", ""FMOD0043""]","[""FMOD0023"", ""FMOD0025"", ""FMOD0043"", ""UNKNOWN""]","[""FMOD0023"", ""FMOD0025"", ""FMOD0043""]","[""FMOD0023"", ""FMOD0025"", ""FMOD0043"", ""FMOD0069"", ""FMOD0055"", ""FMOD0035"", ""FMOD0040"", ""FMOD0119"", ""FMOD0120"", ""FMOD0036""]",0.75,1.0,0.8571428571428571,False,2.6050000031113623
Q6K00345,TEST_KNOWN_K3,3,4,"[""FMOD0001"", ""FMOD0086"", ""FMOD0099""]","[""FMOD0001"", ""FMOD0086"", ""FMOD0099"", ""UNKNOWN""]","[""FMOD0099"", ""FMOD0086"", ""FMOD0001""]","[""FMOD0099"", ""FMOD0086"", ""FMOD0001"", ""FMOD0120"", ""FMOD0005"", ""FMOD0023"", ""FMOD0091"", ""FMOD0102"", ""FMOD0036"", ""FMOD0079""]",0.75,1.0,0.8571428571428571,False,2.560000004076958
Q6K00346,TEST_KNOWN_K3,3,4,"[""FMOD0005"", ""FMOD0014"", ""FMOD0035""]","[""FMOD0005"", ""FMOD0014"", ""FMOD0035"", ""UNKNOWN""]","[""FMOD0035"", ""FMOD0005"", ""FMOD0014""]","[""FMOD0035"", ""FMOD0005"", ""FMOD0023"", ""FMOD0079"", ""FMOD0014"", ""FMOD0120"", ""FMOD0119"", ""FMOD0036"", ""FMOD0102"", ""FMOD0055""]",0.75,1.0,0.8571428571428571,False,2.935000009441376
Q6K00347,TEST_KNOWN_K3,3,4,"[""FMOD0023"", ""FMOD0035"", ""FMOD0053""]","[""FMOD0023"", ""FMOD0035"", ""FMOD0053"", ""UNKNOWN""]","[""FMOD0035"", ""FMOD0053"", ""FMOD0023""]","[""FMOD0035"", ""FMOD0053"", ""FMOD0023"", ""FMOD0051"", ""FMOD0119"", ""FMOD0102"", ""FMOD0069"", ""FMOD0120"", ""FMOD0079"", ""FMOD0014""]",0.75,1.0,0.8571428571428571,False,3.898906346130375
Q6K00348,TEST_KNOWN_K3,3,3,"[""FMOD0011"", ""FMOD0025"", ""FMOD0077""]","[""FMOD0025"", ""FMOD0077"", ""UNKNOWN""]","[""FMOD0025"", ""FMOD0077""]","[""FMOD0023"", ""FMOD0025"", ""FMOD0069"", ""FMOD0119"", ""FMOD0035"", ""FMOD0079"", ""FMOD0102"", ""FMOD0120"", ""FMOD0110"", ""FMOD0077""]",0.6666666666666666,0.6666666666666666,0.6666666666666666,False,2.375000021457673
Q6K00349,TEST_KNOWN_K3,3,4,"[""FMOD0016"", ""FMOD0023"", ""FMOD0060""]","[""FMOD0016"", ""FMOD0023"", ""FMOD0060"", ""UNKNOWN""]","[""FMOD0023"", ""FMOD0016"", ""FMOD0060""]","[""FMOD0023"", ""FMOD0016"", ""FMOD0060"", ""FMOD0119"", ""FMOD0102"", ""FMOD0036"", ""FMOD0069"", ""FMOD0120"", ""FMOD0110"", ""FMOD0077""]",0.75,1.0,0.8571428571428571,False,4.095859421348574
Q6K00350,TEST_KNOWN_K3,3,3,"[""FMOD0022"", ""FMOD0053"", ""FMOD0083""]","[""FMOD0022"", ""FMOD0053"", ""UNKNOWN""]","[""FMOD0022"", ""FMOD0053""]","[""FMOD0022"", ""FMOD0053"", ""FMOD0083"", ""FMOD0023"", ""FMOD0113"", ""FMOD0102"", ""FMOD0035"", ""FMOD0091"", ""FMOD0069"", ""FMOD0040""]",0.6666666666666666,0.6666666666666666,0.6666666666666666,False,3.1350000051498412
Q6K00351,TEST_KNOWN_K3,3,4,"[""FMOD0005"", ""FMOD0022"", ""FMOD0099""]","[""FMOD0005"", ""FMOD0022"", ""FMOD0099"", ""UNKNOWN""]","[""FMOD0005"", ""FMOD0099"", ""FMOD0022""]","[""FMOD0005"", ""FMOD0099"", ""FMOD0022"", ""FMOD0055"", ""FMOD0119"", ""FMOD0079"", ""FMOD0023"", ""FMOD0036"", ""FMOD0077"", ""FMOD0035""]",0.75,1.0,0.8571428571428571,False,3.0100000051498412
Q6K00352,TEST_KNOWN_K3,3,4,"[""FMOD0023"", ""FMOD0044"", ""FMOD0066""]","[""FMOD0023"", ""FMOD0044"", ""FMOD0066"", ""UNKNOWN""]","[""FMOD0044"", ""FMOD0066"", ""FMOD0023""]","[""FMOD0044"", ""FMOD0066"", ""FMOD0023"", ""FMOD0091"", ""FMOD0069"", ""FMOD0035"", ""FMOD0120"", ""FMOD0102"", ""FMOD0086"", ""FMOD0119""]",0.75,1.0,0.8571428571428571,False,2.980000021886826
Q6K00353,TEST_KNOWN_K3,3,3,"[""FMOD0035"", ""FMOD0061"", ""FMOD0086""]","[""FMOD0035"", ""FMOD0061"", ""FMOD0086""]","[""FMOD0035"", ""FMOD0086"", ""FMOD0061""]","[""FMOD0035"", ""FMOD0086"", ""FMOD0061"", ""FMOD0023"", ""FMOD0120"", ""FMOD0102"", ""FMOD0036"", ""FMOD0055"", ""FMOD0119"", ""FMOD0110""]",1.0,1.0,1.0,True,2.445000052142145
Q6K00354,TEST_KNOWN_K3,3,3,"[""FMOD0055"", ""FMOD0079"", ""FMOD0099""]","[""FMOD0055"", ""FMOD0079"", ""FMOD0099""]","[""FMOD0099"", ""FMOD0055"", ""FMOD0079""]","[""FMOD0099"", ""FMOD0055"", ""FMOD0079"", ""FMOD0119"", ""FMOD0120"", ""FMOD0005"", ""FMOD0069"", ""FMOD0102"", ""FMOD0023"", ""FMOD0091""]",1.0,1.0,1.0,True,2.040000020599366
Q6K00355,TEST_KNOWN_K3,3,4,"[""FMOD0043"", ""FMOD0051"", ""FMOD0077""]","[""FMOD0023"", ""FMOD0043"", ""FMOD0077"", ""UNKNOWN""]","[""FMOD0043"", ""FMOD0023"", ""FMOD0077""]","[""FMOD0043"", ""FMOD0023"", ""FMOD0035"", ""FMOD0077"", ""FMOD0016"", ""FMOD0102"", ""FMOD0119"", ""FMOD0069"", ""FMOD0120"", ""FMOD0110""]",0.5,0.6666666666666666,0.5714285714285715,False,4.695000014591217
Q6K00356,TEST_KNOWN_K3,3,4,"[""FMOD0004"", ""FMOD0051"", ""FMOD0061""]","[""FMOD0004"", ""FMOD0051"", ""FMOD0061"", ""UNKNOWN""]","[""FMOD0061"", ""FMOD0004"", ""FMOD0051""]","[""FMOD0061"", ""FMOD0004"", ""FMOD0067"", ""FMOD0051"", ""FMOD0113"", ""FMOD0036"", ""FMOD0119"", ""FMOD0005"", ""FMOD0035"", ""FMOD0079""]",0.75,1.0,0.8571428571428571,False,4.790000074243549
Q6K00357,TEST_KNOWN_K3,3,3,"[""FMOD0003"", ""FMOD0014"", ""FMOD0099""]","[""FMOD0003"", ""FMOD0014"", ""FMOD0099""]","[""FMOD0099"", ""FMOD0014"", ""FMOD0003""]","[""FMOD0099"", ""FMOD0014"", ""FMOD0003"", ""FMOD0120"", ""FMOD0069"", ""FMOD0035"", ""FMOD0005"", ""FMOD0023"", ""FMOD0033"", ""FMOD0110""]",1.0,1.0,1.0,True,2.6400000291824353
Q6K00358,TEST_KNOWN_K3,3,4,"[""FMOD0036"", ""FMOD0055"", ""FMOD0060""]","[""FMOD0036"", ""FMOD0055"", ""FMOD0060"", ""UNKNOWN""]","[""FMOD0060"", ""FMOD0055"", ""FMOD0036""]","[""FMOD0060"", ""FMOD0055"", ""FMOD0036"", ""FMOD0023"", ""FMOD0077"", ""FMOD0075"", ""FMOD0035"", ""FMOD0033"", ""FMOD0053"", ""FMOD0083""]",0.75,1.0,0.8571428571428571,False,3.770000010299683
Q6K00359,TEST_KNOWN_K3,3,4,"[""FMOD0044"", ""FMOD0086"", ""FMOD0087""]","[""FMOD0044"", ""FMOD0086"", ""FMOD0087"", ""UNKNOWN""]","[""FMOD0086"", ""FMOD0087"", ""FMOD0044""]","[""FMOD0086"", ""FMOD0087"", ""FMOD0044"", ""FMOD0102"", ""FMOD0079"", ""FMOD0036"", ""FMOD0051"", ""FMOD0069"", ""FMOD0055"", ""FMOD0119""]",0.75,1.0,0.8571428571428571,False,3.940000012016297
Q6K00360,TEST_KNOWN_K3,3,4,"[""FMOD0043"", ""FMOD0060"", ""FMOD0066""]","[""FMOD0043"", ""FMOD0060"", ""FMOD0066"", ""UNKNOWN""]","[""FMOD0066"", ""FMOD0060"", ""FMOD0043""]","[""FMOD0066"", ""FMOD0060"", ""FMOD0043"", ""FMOD0035"", ""FMOD0055"", ""FMOD0023"", ""FMOD0119"", ""FMOD0036"", ""FMOD0040"", ""FMOD0120""]",0.75,1.0,0.8571428571428571,False,3.180859416842462
Q6K00361,TEST_MIXED_1K1U,2,2,"[""FMOD0044"", ""UNKNOWN""]","[""FMOD0044"", ""UNKNOWN""]","[""FMOD0044""]","[""FMOD0044"", ""FMOD0119"", ""FMOD0035"", ""FMOD0120"", ""FMOD0023"", ""FMOD0102"", ""FMOD0036"", ""FMOD0110"", ""FMOD0069"", ""FMOD0077""]",1.0,1.0,1.0,True,4.897500000858306
Q6K00362,TEST_MIXED_1K1U,2,2,"[""FMOD0055"", ""UNKNOWN""]","[""FMOD0055"", ""UNKNOWN""]","[""FMOD0055""]","[""FMOD0055"", ""FMOD0119"", ""FMOD0077"", ""FMOD0035"", ""FMOD0120"", ""FMOD0102"", ""FMOD0023"", ""FMOD0036"", ""FMOD0033"", ""FMOD0110""]",1.0,1.0,1.0,True,5.7700000102996825
Q6K00363,TEST_MIXED_1K1U,2,3,"[""FMOD0066"", ""UNKNOWN""]","[""FMOD0066"", ""FMOD0102"", ""UNKNOWN""]","[""FMOD0066"", ""FMOD0102""]","[""FMOD0066"", ""FMOD0102"", ""FMOD0119"", ""FMOD0069"", ""FMOD0120"", ""FMOD0035"", ""FMOD0023"", ""FMOD0036"", ""FMOD0079"", ""FMOD0005""]",0.6666666666666666,1.0,0.8,False,5.230000019204617
Q6K00364,TEST_MIXED_1K1U,2,2,"[""FMOD0077"", ""UNKNOWN""]","[""FMOD0077"", ""UNKNOWN""]","[""FMOD0077""]","[""FMOD0077"", ""FMOD0086"", ""FMOD0069"", ""FMOD0035"", ""FMOD0120"", ""FMOD0025"", ""FMOD0005"", ""FMOD0119"", ""FMOD0036"", ""FMOD0113""]",1.0,1.0,1.0,True,4.920000023174287
Q6K00365,TEST_MIXED_1K1U,2,2,"[""FMOD0087"", ""UNKNOWN""]","[""FMOD0087"", ""UNKNOWN""]","[""FMOD0087""]","[""FMOD0087"", ""FMOD0035"", ""FMOD0023"", ""FMOD0119"", ""FMOD0016"", ""FMOD0055"", ""FMOD0036"", ""FMOD0102"", ""FMOD0079"", ""FMOD0077""]",1.0,1.0,1.0,True,3.5
Q6K00366,TEST_MIXED_1K1U,2,2,"[""FMOD0040"", ""UNKNOWN""]","[""FMOD0040"", ""UNKNOWN""]","[""FMOD0040""]","[""FMOD0040"", ""FMOD0035"", ""FMOD0055"", ""FMOD0023"", ""FMOD0079"", ""FMOD0120"", ""FMOD0119"", ""FMOD0016"", ""FMOD0102"", ""FMOD0005""]",1.0,1.0,1.0,True,4.5
Q6K00367,TEST_MIXED_1K1U,2,2,"[""FMOD0079"", ""UNKNOWN""]","[""FMOD0102"", ""UNKNOWN""]","[""FMOD0102""]","[""FMOD0102"", ""FMOD0079"", ""FMOD0035"", ""FMOD0023"", ""FMOD0120"", ""FMOD0055"", ""FMOD0119"", ""FMOD0036"", ""FMOD0089"", ""FMOD0069""]",0.5,0.5,0.5,False,5.5
Q6K00368,TEST_MIXED_1K1U,2,2,"[""FMOD0036"", ""UNKNOWN""]","[""FMOD0036"", ""UNKNOWN""]","[""FMOD0036""]","[""FMOD0036"", ""FMOD0069"", ""FMOD0005"", ""FMOD0023"", ""FMOD0035"", ""FMOD0119"", ""FMOD0067"", ""FMOD0120"", ""FMOD0025"", ""FMOD0102""]",1.0,1.0,1.0,True,4.845651047694218
Q6K00369,TEST_MIXED_1K1U,2,3,"[""FMOD0004"", ""UNKNOWN""]","[""FMOD0004"", ""FMOD0016"", ""UNKNOWN""]","[""FMOD0004"", ""FMOD0016""]","[""FMOD0004"", ""FMOD0023"", ""FMOD0086"", ""FMOD0016"", ""FMOD0035"", ""FMOD0033"", ""FMOD0014"", ""FMOD0102"", ""FMOD0119"", ""FMOD0120""]",0.6666666666666666,1.0,0.8,False,5.72130211083796
Q6K00370,TEST_MIXED_1K1U,2,2,"[""FMOD0005"", ""UNKNOWN""]","[""FMOD0005"", ""UNKNOWN""]","[""FMOD0005""]","[""FMOD0005"", ""FMOD0023"", ""FMOD0119"", ""FMOD0120"", ""FMOD0035"", ""FMOD0036"", ""FMOD0102"", ""FMOD0079"", ""FMOD0069"", ""FMOD0055""]",1.0,1.0,1.0,True,3.875
Q6K00371,TEST_MIXED_1K1U,2,1,"[""FMOD0016"", ""UNKNOWN""]","[""UNKNOWN""]",[],"[""FMOD0087"", ""FMOD0023"", ""FMOD0016"", ""FMOD0035"", ""FMOD0079"", ""FMOD0119"", ""FMOD0036"", ""FMOD0055"", ""FMOD0120"", ""FMOD0051""]",1.0,0.5,0.6666666666666666,False,7.0
Q6K00372,TEST_MIXED_1K1U,2,3,"[""FMOD0051"", ""UNKNOWN""]","[""FMOD0016"", ""FMOD0051"", ""UNKNOWN""]","[""FMOD0016"", ""FMOD0051""]","[""FMOD0023"", ""FMOD0035"", ""FMOD0016"", ""FMOD0051"", ""FMOD0119"", ""FMOD0102"", ""FMOD0069"", ""FMOD0120"", ""FMOD0055"", ""FMOD0036""]",0.6666666666666666,1.0,0.8,False,6.1500000021457675
Q6K00373,TEST_MIXED_1K1U,2,2,"[""FMOD0069"", ""UNKNOWN""]","[""FMOD0069"", ""UNKNOWN""]","[""FMOD0069""]","[""FMOD0069"", ""FMOD0119"", ""FMOD0083"", ""FMOD0025"", ""FMOD0110"", ""FMOD0079"", ""FMOD0120"", ""FMOD0035"", ""FMOD0003"", ""FMOD0102""]",1.0,1.0,1.0,True,3.5
Q6K00374,TEST_MIXED_1K1U,2,2,"[""FMOD0051"", ""UNKNOWN""]","[""FMOD0051"", ""UNKNOWN""]","[""FMOD0051""]","[""FMOD0051"", ""FMOD0025"", ""FMOD0087"", ""FMOD0023"", ""FMOD0119"", ""FMOD0035"", ""FMOD0055"", ""FMOD0069"", ""FMOD0091"", ""FMOD0040""]",1.0,1.0,1.0,True,4.370000018882752
Q6K00375,TEST_MIXED_1K1U,2,3,"[""FMOD0099"", ""UNKNOWN""]","[""FMOD0023"", ""FMOD0099"", ""UNKNOWN""]","[""FMOD0099"", ""FMOD0023""]","[""FMOD0099"", ""FMOD0023"", ""FMOD0069"", ""FMOD0025"", ""FMOD0055"", ""FMOD0083"", ""FMOD0119"", ""FMOD0035"", ""FMOD0102"", ""FMOD0120""]",0.6666666666666666,1.0,0.8,False,2.5625
Q6K00376,TEST_MIXED_1K1U,2,2,"[""FMOD0005"", ""UNKNOWN""]","[""FMOD0005"", ""UNKNOWN""]","[""FMOD0005""]","[""FMOD0005"", ""FMOD0096"", ""FMOD0083"", ""FMOD0023"", ""FMOD0035"", ""FMOD0119"", ""FMOD0036"", ""FMOD0077"", ""FMOD0110"", ""FMOD0102""]",1.0,1.0,1.0,True,3.875
Q6K00377,TEST_MIXED_1K1U,2,3,"[""FMOD0022"", ""UNKNOWN""]","[""FMOD0022"", ""FMOD0023"", ""UNKNOWN""]","[""FMOD0022"", ""FMOD0023""]","[""FMOD0022"", ""FMOD0023"", ""FMOD0069"", ""FMOD0055"", ""FMOD0025"", ""FMOD0100"", ""FMOD0119"", ""FMOD0035"", ""FMOD0036"", ""FMOD0102""]",0.6666666666666666,1.0,0.8,False,4.735000035190584
Q6K00378,TEST_MIXED_1K1U,2,3,"[""FMOD0023"", ""UNKNOWN""]","[""FMOD0023"", ""FMOD0055"", ""UNKNOWN""]","[""FMOD0023"", ""FMOD0055""]","[""FMOD0023"", ""FMOD0055"", ""FMOD0083"", ""FMOD0025"", ""FMOD0079"", ""FMOD0119"", ""FMOD0102"", ""FMOD0120"", ""FMOD0005"", ""FMOD0024""]",0.6666666666666666,1.0,0.8,False,2.0
Q6K00379,TEST_MIXED_1K1U,2,3,"[""FMOD0089"", ""UNKNOWN""]","[""FMOD0023"", ""FMOD0089"", ""UNKNOWN""]","[""FMOD0089"", ""FMOD0023""]","[""FMOD0089"", ""FMOD0023"", ""FMOD0055"", ""FMOD0069"", ""FMOD0025"", ""FMOD0100"", ""FMOD0035"", ""FMOD0119"", ""FMOD0036"", ""FMOD0079""]",0.6666666666666666,1.0,0.8,False,5.060000004076958
Q6K00380,TEST_MIXED_1K1U,2,2,"[""FMOD0023"", ""UNKNOWN""]","[""FMOD0023"", ""UNKNOWN""]","[""FMOD0023""]","[""FMOD0023"", ""FMOD0035"", ""FMOD0119"", ""FMOD0102"", ""FMOD0110"", ""FMOD0036"", ""FMOD0120"", ""FMOD0077"", ""FMOD0005"", ""FMOD0075""]",1.0,1.0,1.0,True,4.710000000858307
Q6K00381,TEST_MIXED_1K1U,2,3,"[""FMOD0077"", ""UNKNOWN""]","[""FMOD0035"", ""FMOD0077"", ""UNKNOWN""]","[""FMOD0077"", ""FMOD0035""]","[""FMOD0077"", ""FMOD0035"", ""FMOD0023"", ""FMOD0079"", ""FMOD0119"", ""FMOD0102"", ""FMOD0120"", ""FMOD0055"", ""FMOD0036"", ""FMOD0083""]",0.6666666666666666,1.0,0.8,False,4.735000024461748
Q6K00382,TEST_MIXED_1K1U,2,2,"[""FMOD0022"", ""UNKNOWN""]","[""FMOD0022"", ""UNKNOWN""]","[""FMOD0022""]","[""FMOD0022"", ""FMOD0120"", ""FMOD0023"", ""FMOD0102"", ""FMOD0035"", ""FMOD0079"", ""FMOD0110"", ""FMOD0119"", ""FMOD0005"", ""FMOD0069""]",1.0,1.0,1.0,True,5.295000044631959
Q6K00383,TEST_MIXED_1K1U,2,2,"[""FMOD0060"", ""UNKNOWN""]","[""FMOD0060"", ""UNKNOWN""]","[""FMOD0060""]","[""FMOD0060"", ""FMOD0023"", ""FMOD0035"", ""FMOD0119"", ""FMOD0113"", ""FMOD0120"", ""FMOD0036"", ""FMOD0069"", ""FMOD0079"", ""FMOD0077""]",1.0,1.0,1.0,True,5.740000016307832
Q6K00384,TEST_MIXED_1K1U,2,2,"[""FMOD0083"", ""UNKNOWN""]","[""FMOD0083"", ""UNKNOWN""]","[""FMOD0083""]","[""FMOD0083"", ""FMOD0069"", ""FMOD0086"", ""FMOD0035"", ""FMOD0120"", ""FMOD0119"", ""FMOD0005"", ""FMOD0055"", ""FMOD0036"", ""FMOD0079""]",1.0,1.0,1.0,True,5.840208398719879
Q6K00385,TEST_MIXED_1K1U,2,2,"[""FMOD0061"", ""UNKNOWN""]","[""FMOD0061"", ""UNKNOWN""]","[""FMOD0061""]","[""FMOD0061"", ""FMOD0035"", ""FMOD0079"", ""FMOD0069"", ""FMOD0102"", ""FMOD0043"", ""FMOD0023"", ""FMOD0055"", ""FMOD0120"", ""FMOD0086""]",1.0,1.0,1.0,True,5.3550000326156635
Q6K00386,TEST_MIXED_1K1U,2,3,"[""FMOD0066"", ""UNKNOWN""]","[""FMOD0022"", ""FMOD0066"", ""UNKNOWN""]","[""FMOD0066"", ""FMOD0022""]","[""FMOD0066"", ""FMOD0035"", ""FMOD0079"", ""FMOD0022"", ""FMOD0102"", ""FMOD0120"", ""FMOD0023"", ""FMOD0119"", ""FMOD0036"", ""FMOD0055""]",0.6666666666666666,1.0,0.8,False,4.677604179082438
Q6K00387,TEST_MIXED_1K1U,2,2,"[""FMOD0043"", ""UNKNOWN""]","[""FMOD0043"", ""UNKNOWN""]","[""FMOD0043""]","[""FMOD0043"", ""FMOD0023"", ""FMOD0102"", ""FMOD0069"", ""FMOD0035"", ""FMOD0096"", ""FMOD0119"", ""FMOD0120"", ""FMOD0024"", ""FMOD0079""]",1.0,1.0,1.0,True,5.530000002038479
Q6K00388,TEST_MIXED_1K1U,2,3,"[""FMOD0074"", ""UNKNOWN""]","[""FMOD0055"", ""FMOD0074"", ""UNKNOWN""]","[""FMOD0055"", ""FMOD0074""]","[""FMOD0055"", ""FMOD0074"", ""FMOD0083"", ""FMOD0025"", ""FMOD0119"", ""FMOD0079"", ""FMOD0102"", ""FMOD0005"", ""FMOD0120"", ""FMOD0077""]",0.6666666666666666,1.0,0.8,False,2.0
Q6K00389,TEST_MIXED_1K1U,2,2,"[""FMOD0055"", ""UNKNOWN""]","[""FMOD0055"", ""UNKNOWN""]","[""FMOD0055""]","[""FMOD0055"", ""FMOD0023"", ""FMOD0035"", ""FMOD0079"", ""FMOD0119"", ""FMOD0102"", ""FMOD0120"", ""FMOD0069"", ""FMOD0067"", ""FMOD0087""]",1.0,1.0,1.0,True,4.860000013732911
Q6K00390,TEST_MIXED_1K1U,2,3,"[""FMOD0023"", ""UNKNOWN""]","[""FMOD0023"", ""FMOD0102"", ""UNKNOWN""]","[""FMOD0023"", ""FMOD0102""]","[""FMOD0023"", ""FMOD0102"", ""FMOD0119"", ""FMOD0120"", ""FMOD0069"", ""FMOD0035"", ""FMOD0079"", ""FMOD0022"", ""FMOD0110"", ""FMOD0073""]",0.6666666666666666,1.0,0.8,False,3.500312528324128
Q6K00391,TEST_MIXED_1K1U,2,2,"[""FMOD0089"", ""UNKNOWN""]","[""FMOD0089"", ""UNKNOWN""]","[""FMOD0089""]","[""FMOD0089"", ""FMOD0110"", ""FMOD0035"", ""FMOD0119"", ""FMOD0102"", ""FMOD0023"", ""FMOD0079"", ""FMOD0069"", ""FMOD0036"", ""FMOD0120""]",1.0,1.0,1.0,True,4.935000030899049
Q6K00392,TEST_MIXED_1K1U,2,2,"[""FMOD0079"", ""UNKNOWN""]","[""FMOD0079"", ""UNKNOWN""]","[""FMOD0079""]","[""FMOD0079"", ""FMOD0120"", ""FMOD0069"", ""FMOD0023"", ""FMOD0102"", ""FMOD0119"", ""FMOD0005"", ""FMOD0036"", ""FMOD0104"", ""FMOD0067""]",1.0,1.0,1.0,True,5.5
Q6K00393,TEST_MIXED_1K1U,2,1,"[""FMOD0053"", ""UNKNOWN""]","[""UNKNOWN""]",[],"[""FMOD0023"", ""FMOD0102"", ""FMOD0119"", ""FMOD0120"", ""FMOD0036"", ""FMOD0035"", ""FMOD0053"", ""FMOD0113"", ""FMOD0024"", ""FMOD0110""]",1.0,0.5,0.6666666666666666,False,7.0
Q6K00394,TEST_MIXED_1K1U,2,3,"[""FMOD0079"", ""UNKNOWN""]","[""FMOD0079"", ""FMOD0102"", ""UNKNOWN""]","[""FMOD0102"", ""FMOD0079""]","[""FMOD0102"", ""FMOD0079"", ""FMOD0119"", ""FMOD0036"", ""FMOD0035"", ""FMOD0120"", ""FMOD0023"", ""FMOD0096"", ""FMOD0110"", ""FMOD0055""]",0.6666666666666666,1.0,0.8,False,5.0
Q6K00395,TEST_MIXED_1K1U,2,2,"[""FMOD0053"", ""UNKNOWN""]","[""FMOD0053"", ""UNKNOWN""]","[""FMOD0053""]","[""FMOD0053"", ""FMOD0069"", ""FMOD0035"", ""FMOD0023"", ""FMOD0119"", ""FMOD0036"", ""FMOD0004"", ""FMOD0067"", ""FMOD0083"", ""FMOD0025""]",1.0,1.0,1.0,True,4.69541671933383
Q6K00396,TEST_MIXED_1K1U,2,2,"[""FMOD0066"", ""UNKNOWN""]","[""FMOD0066"", ""UNKNOWN""]","[""FMOD0066""]","[""FMOD0066"", ""FMOD0035"", ""FMOD0023"", ""FMOD0051"", ""FMOD0119"", ""FMOD0102"", ""FMOD0036"", ""FMOD0055"", ""FMOD0120"", ""FMOD0077""]",1.0,1.0,1.0,True,6.177604179082439
Q6K00397,TEST_MIXED_1K1U,2,2,"[""FMOD0079"", ""UNKNOWN""]","[""FMOD0079"", ""UNKNOWN""]","[""FMOD0079""]","[""FMOD0079"", ""FMOD0120"", ""FMOD0023"", ""FMOD0102"", ""FMOD0110"", ""FMOD0119"", ""FMOD0005"", ""FMOD0035"", ""FMOD0055"", ""FMOD0069""]",1.0,1.0,1.0,True,4.7700000102996825
Q6K00398,TEST_MIXED_1K1U,2,2,"[""FMOD0069"", ""UNKNOWN""]","[""FMOD0069"", ""UNKNOWN""]","[""FMOD0069""]","[""FMOD0069"", ""FMOD0119"", ""FMOD0083"", ""FMOD0025"", ""FMOD0079"", ""FMOD0110"", ""FMOD0120"", ""FMOD0035"", ""FMOD0102"", ""FMOD0043""]",1.0,1.0,1.0,True,3.070000007885695
Q6K00399,TEST_MIXED_1K1U,2,3,"[""FMOD0089"", ""UNKNOWN""]","[""FMOD0055"", ""FMOD0089"", ""UNKNOWN""]","[""FMOD0089"", ""FMOD0055""]","[""FMOD0089"", ""FMOD0055"", ""FMOD0102"", ""FMOD0120"", ""FMOD0110"", ""FMOD0024"", ""FMOD0025"", ""FMOD0023"", ""FMOD0044"", ""FMOD0086""]",0.6666666666666666,1.0,0.8,False,3.795000023174287
Q6K00400,TEST_MIXED_1K1U,2,3,"[""FMOD0025"", ""UNKNOWN""]","[""FMOD0025"", ""FMOD0035"", ""UNKNOWN""]","[""FMOD0025"", ""FMOD0035""]","[""FMOD0023"", ""FMOD0025"", ""FMOD0035"", ""FMOD0069"", ""FMOD0055"", ""FMOD0100"", ""FMOD0036"", ""FMOD0031"", ""FMOD0120"", ""FMOD0102""]",0.6666666666666666,1.0,0.8,False,3.266067710597813
Q6K00401,TEST_MIXED_1K1U,2,3,"[""FMOD0066"", ""UNKNOWN""]","[""FMOD0022"", ""FMOD0066"", ""UNKNOWN""]","[""FMOD0066"", ""FMOD0022""]","[""FMOD0066"", ""FMOD0023"", ""FMOD0091"", ""FMOD0051"", ""FMOD0043"", ""FMOD0040"", ""FMOD0022"", ""FMOD0100"", ""FMOD0119"", ""FMOD0079""]",0.6666666666666666,1.0,0.8,False,3.120000008153916
Q6K00402,TEST_MIXED_1K1U,2,2,"[""FMOD0044"", ""UNKNOWN""]","[""FMOD0044"", ""UNKNOWN""]","[""FMOD0044""]","[""FMOD0044"", ""FMOD0091"", ""FMOD0023"", ""FMOD0035"", ""FMOD0119"", ""FMOD0069"", ""FMOD0120"", ""FMOD0077"", ""FMOD0036"", ""FMOD0102""]",1.0,1.0,1.0,True,4.070000014591217
Q6K00403,TEST_MIXED_1K1U,2,2,"[""FMOD0035"", ""UNKNOWN""]","[""FMOD0035"", ""UNKNOWN""]","[""FMOD0035""]","[""FMOD0035"", ""FMOD0033"", ""FMOD0119"", ""FMOD0120"", ""FMOD0024"", ""FMOD0080"", ""FMOD0102"", ""FMOD0105"", ""FMOD0005"", ""FMOD0091""]",1.0,1.0,1.0,True,4.4378125499564245
Q6K00404,TEST_MIXED_1K1U,2,2,"[""FMOD0040"", ""UNKNOWN""]","[""FMOD0040"", ""UNKNOWN""]","[""FMOD0040""]","[""FMOD0040"", ""FMOD0120"", ""FMOD0055"", ""FMOD0102"", ""FMOD0035"", ""FMOD0069"", ""FMOD0023"", ""FMOD0110"", ""FMOD0119"", ""FMOD0036""]",1.0,1.0,1.0,True,6.5
Q6K00405,TEST_MIXED_1K1U,2,2,"[""FMOD0016"", ""UNKNOWN""]","[""FMOD0016"", ""UNKNOWN""]","[""FMOD0016""]","[""FMOD0016"", ""FMOD0102"", ""FMOD0031"", ""FMOD0023"", ""FMOD0035"", ""FMOD0033"", ""FMOD0079"", ""FMOD0022"", ""FMOD0051"", ""FMOD0014""]",1.0,1.0,1.0,True,5.198463553993404
Q6K00406,TEST_MIXED_1K1U,2,2,"[""FMOD0036"", ""UNKNOWN""]","[""FMOD0036"", ""UNKNOWN""]","[""FMOD0036""]","[""FMOD0036"", ""FMOD0086"", ""FMOD0025"", ""FMOD0023"", ""FMOD0102"", ""FMOD0119"", ""FMOD0067"", ""FMOD0044"", ""FMOD0005"", ""FMOD0014""]",1.0,1.0,1.0,True,3.5
Q6K00407,TEST_MIXED_1K1U,2,2,"[""FMOD0005"", ""UNKNOWN""]","[""FMOD0005"", ""UNKNOWN""]","[""FMOD0005""]","[""FMOD0005"", ""FMOD0120"", ""FMOD0069"", ""FMOD0102"", ""FMOD0119"", ""FMOD0079"", ""FMOD0023"", ""FMOD0104"", ""FMOD0033"", ""FMOD0110""]",1.0,1.0,1.0,True,4.875
Q6K00408,TEST_MIXED_1K1U,2,2,"[""FMOD0022"", ""UNKNOWN""]","[""FMOD0022"", ""UNKNOWN""]","[""FMOD0022""]","[""FMOD0022"", ""FMOD0023"", ""FMOD0035"", ""FMOD0102"", ""FMOD0120"", ""FMOD0077"", ""FMOD0069"", ""FMOD0079"", ""FMOD0119"", ""FMOD0053""]",1.0,1.0,1.0,True,4.29500004463196
Q6K00409,TEST_MIXED_1K1U,2,2,"[""FMOD0043"", ""UNKNOWN""]","[""FMOD0043"", ""UNKNOWN""]","[""FMOD0043""]","[""FMOD0043"", ""FMOD0023"", ""FMOD0035"", ""FMOD0079"", ""FMOD0022"", ""FMOD0119"", ""FMOD0036"", ""FMOD0055"", ""FMOD0087"", ""FMOD0089""]",1.0,1.0,1.0,True,5.345859421348574
Q6K00410,TEST_MIXED_1K1U,2,2,"[""FMOD0005"", ""UNKNOWN""]","[""FMOD0005"", ""UNKNOWN""]","[""FMOD0005""]","[""FMOD0005"", ""FMOD0023"", ""FMOD0035"", ""FMOD0055"", ""FMOD0089"", ""FMOD0024"", ""FMOD0113"", ""FMOD0120"", ""FMOD0110"", ""FMOD0079""]",1.0,1.0,1.0,True,5.5
Q6K00411,TEST_MIXED_1K1U,2,2,"[""FMOD0025"", ""UNKNOWN""]","[""FMOD0025"", ""UNKNOWN""]","[""FMOD0025""]","[""FMOD0025"", ""FMOD0069"", ""FMOD0023"", ""FMOD0119"", ""FMOD0079"", ""FMOD0120"", ""FMOD0102"", ""FMOD0110"", ""FMOD0055"", ""FMOD0035""]",1.0,1.0,1.0,True,3.5
Q6K00412,TEST_MIXED_1K1U,2,2,"[""FMOD0055"", ""UNKNOWN""]","[""FMOD0055"", ""UNKNOWN""]","[""FMOD0055""]","[""FMOD0055"", ""FMOD0023"", ""FMOD0119"", ""FMOD0069"", ""FMOD0040"", ""FMOD0035"", ""FMOD0120"", ""FMOD0083"", ""FMOD0102"", ""FMOD0110""]",1.0,1.0,1.0,True,4.740000016307832
Q6K00413,TEST_MIXED_1K1U,2,2,"[""FMOD0060"", ""UNKNOWN""]","[""FMOD0060"", ""UNKNOWN""]","[""FMOD0060""]","[""FMOD0060"", ""FMOD0023"", ""FMOD0035"", ""FMOD0120"", ""FMOD0102"", ""FMOD0079"", ""FMOD0069"", ""FMOD0110"", ""FMOD0119"", ""FMOD0036""]",1.0,1.0,1.0,True,6.010000005149841
Q6K00414,TEST_MIXED_1K1U,2,2,"[""FMOD0055"", ""UNKNOWN""]","[""FMOD0055"", ""UNKNOWN""]","[""FMOD0055""]","[""FMOD0055"", ""FMOD0036"", ""FMOD0023"", ""FMOD0120"", ""FMOD0119"", ""FMOD0077"", ""FMOD0102"", ""FMOD0035"", ""FMOD0079"", ""FMOD0083""]",1.0,1.0,1.0,True,5.5
Q6K00415,TEST_MIXED_1K1U,2,2,"[""FMOD0025"", ""UNKNOWN""]","[""FMOD0025"", ""UNKNOWN""]","[""FMOD0025""]","[""FMOD0025"", ""FMOD0069"", ""FMOD0023"", ""FMOD0102"", ""FMOD0035"", ""FMOD0077"", ""FMOD0055"", ""FMOD0036"", ""FMOD0033"", ""FMOD0113""]",1.0,1.0,1.0,True,4.5
Q6K00416,TEST_MIXED_1K1U,2,2,"[""FMOD0089"", ""UNKNOWN""]","[""FMOD0089"", ""UNKNOWN""]","[""FMOD0089""]","[""FMOD0089"", ""FMOD0023"", ""FMOD0036"", ""FMOD0022"", ""FMOD0035"", ""FMOD0075"", ""FMOD0055"", ""FMOD0119"", ""FMOD0079"", ""FMOD0086""]",1.0,1.0,1.0,True,4.755000002574921
Q6K00417,TEST_MIXED_1K1U,2,2,"[""FMOD0051"", ""UNKNOWN""]","[""FMOD0051"", ""UNKNOWN""]","[""FMOD0051""]","[""FMOD0051"", ""FMOD0102"", ""FMOD0035"", ""FMOD0086"", ""FMOD0005"", ""FMOD0075"", ""FMOD0036"", ""FMOD0096"", ""FMOD0120"", ""FMOD0069""]",1.0,1.0,1.0,True,3.25
Q6K00418,TEST_MIXED_1K1U,2,2,"[""FMOD0083"", ""UNKNOWN""]","[""FMOD0083"", ""UNKNOWN""]","[""FMOD0083""]","[""FMOD0083"", ""FMOD0035"", ""FMOD0102"", ""FMOD0119"", ""FMOD0069"", ""FMOD0025"", ""FMOD0077"", ""FMOD0004"", ""FMOD0079"", ""FMOD0023""]",1.0,1.0,1.0,True,5.5
Q6K00419,TEST_MIXED_1K1U,2,3,"[""FMOD0096"", ""UNKNOWN""]","[""FMOD0022"", ""FMOD0096"", ""UNKNOWN""]","[""FMOD0096"", ""FMOD0022""]","[""FMOD0096"", ""FMOD0023"", ""FMOD0035"", ""FMOD0022"", ""FMOD0119"", ""FMOD0102"", ""FMOD0120"", ""FMOD0036"", ""FMOD0069"", ""FMOD0110""]",0.6666666666666666,1.0,0.8,False,4.525000034332277
Q6K00420,TEST_MIXED_1K1U,2,2,"[""FMOD0036"", ""UNKNOWN""]","[""FMOD0036"", ""UNKNOWN""]","[""FMOD0036""]","[""FMOD0036"", ""FMOD0004"", ""FMOD0067"", ""FMOD0119"", ""FMOD0035"", ""FMOD0079"", ""FMOD0120"", ""FMOD0023"", ""FMOD0055"", ""FMOD0005""]",1.0,1.0,1.0,True,4.5150000010192395
Q6K00421,TEST_MIXED_2K1U,3,3,"[""FMOD0005"", ""FMOD0069"", ""UNKNOWN""]","[""FMOD0005"", ""FMOD0069"", ""UNKNOWN""]","[""FMOD0005"", ""FMOD0069""]","[""FMOD0005"", ""FMOD0069"", ""FMOD0079"", ""FMOD0120"", ""FMOD0119"", ""FMOD0023"", ""FMOD0035"", ""FMOD0040"", ""FMOD0089"", ""FMOD0036""]",1.0,1.0,1.0,True,3.570000007885695
Q6K00422,TEST_MIXED_2K1U,3,2,"[""FMOD0053"", ""FMOD0083"", ""UNKNOWN""]","[""FMOD0053"", ""UNKNOWN""]","[""FMOD0053""]","[""FMOD0053"", ""FMOD0083"", ""FMOD0035"", ""FMOD0023"", ""FMOD0051"", ""FMOD0036"", ""FMOD0079"", ""FMOD0102"", ""FMOD0120"", ""FMOD0110""]",1.0,0.6666666666666666,0.8,False,5.905000015449525
Q6K00423,TEST_MIXED_2K1U,3,3,"[""FMOD0004"", ""FMOD0061"", ""UNKNOWN""]","[""FMOD0004"", ""FMOD0061"", ""UNKNOWN""]","[""FMOD0061"", ""FMOD0004""]","[""FMOD0061"", ""FMOD0004"", ""FMOD0086"", ""FMOD0035"", ""FMOD0033"", ""FMOD0014"", ""FMOD0102"", ""FMOD0119"", ""FMOD0120"", ""FMOD0096""]",1.0,1.0,1.0,True,5.171302128004099
Q6K00424,TEST_MIXED_2K1U,3,2,"[""FMOD0044"", ""FMOD0053"", ""UNKNOWN""]","[""FMOD0053"", ""UNKNOWN""]","[""FMOD0053""]","[""FMOD0053"", ""FMOD0102"", ""FMOD0023"", ""FMOD0035"", ""FMOD0077"", ""FMOD0069"", ""FMOD0033"", ""FMOD0113"", ""FMOD0119"", ""FMOD0025""]",1.0,0.6666666666666666,0.8,False,5.695000014591217
Q6K00425,TEST_MIXED_2K1U,3,3,"[""FMOD0011"", ""FMOD0060"", ""UNKNOWN""]","[""FMOD0011"", ""FMOD0060"", ""UNKNOWN""]","[""FMOD0060"", ""FMOD0011""]","[""FMOD0060"", ""FMOD0011"", ""FMOD0035"", ""FMOD0102"", ""FMOD0119"", ""FMOD0110"", ""FMOD0120"", ""FMOD0055"", ""FMOD0036"", ""FMOD0079""]",1.0,1.0,1.0,True,6.300000004291535
Q6K00426,TEST_MIXED_2K1U,3,3,"[""FMOD0022"", ""FMOD0040"", ""UNKNOWN""]","[""FMOD0022"", ""FMOD0040"", ""UNKNOWN""]","[""FMOD0022"", ""FMOD0040""]","[""FMOD0022"", ""FMOD0040"", ""FMOD0035"", ""FMOD0119"", ""FMOD0023"", ""FMOD0036"", ""FMOD0102"", ""FMOD0051"", ""FMOD0120"", ""FMOD0053""]",1.0,1.0,1.0,True,3.346302089380287
Q6K00427,TEST_MIXED_2K1U,3,3,"[""FMOD0005"", ""FMOD0016"", ""UNKNOWN""]","[""FMOD0005"", ""FMOD0011"", ""UNKNOWN""]","[""FMOD0005"", ""FMOD0011""]","[""FMOD0005"", ""FMOD0035"", ""FMOD0055"", ""FMOD0043"", ""FMOD0011"", ""FMOD0102"", ""FMOD0023"", ""FMOD0069"", ""FMOD0119"", ""FMOD0036""]",0.6666666666666666,0.6666666666666666,0.6666666666666666,False,5.0
Q6K00428,TEST_MIXED_2K1U,3,3,"[""FMOD0069"", ""FMOD0099"", ""UNKNOWN""]","[""FMOD0069"", ""FMOD0099"", ""UNKNOWN""]","[""FMOD0069"", ""FMOD0099""]","[""FMOD0069"", ""FMOD0099"", ""FMOD0023"", ""FMOD0077"", ""FMOD0119"", ""FMOD0120"", ""FMOD0035"", ""FMOD0102"", ""FMOD0040"", ""FMOD0110""]",1.0,1.0,1.0,True,4.375
Q6K00429,TEST_MIXED_2K1U,3,3,"[""FMOD0069"", ""FMOD0086"", ""UNKNOWN""]","[""FMOD0069"", ""FMOD0086"", ""UNKNOWN""]","[""FMOD0069"", ""FMOD0086""]","[""FMOD0069"", ""FMOD0086"", ""FMOD0087"", ""FMOD0119"", ""FMOD0120"", ""FMOD0023"", ""FMOD0005"", ""FMOD0110"", ""FMOD0035"", ""FMOD0079""]",1.0,1.0,1.0,True,3.045000001716614
Q6K00430,TEST_MIXED_2K1U,3,3,"[""FMOD0050"", ""FMOD0061"", ""UNKNOWN""]","[""FMOD0050"", ""FMOD0061"", ""UNKNOWN""]","[""FMOD0050"", ""FMOD0061""]","[""FMOD0050"", ""FMOD0061"", ""FMOD0083"", ""FMOD0069"", ""FMOD0023"", ""FMOD0035"", ""FMOD0079"", ""FMOD0110"", ""FMOD0005"", ""FMOD0024""]",1.0,1.0,1.0,True,5.660000012660027
Q6K00431,TEST_MIXED_2K1U,3,3,"[""FMOD0005"", ""FMOD0074"", ""UNKNOWN""]","[""FMOD0005"", ""FMOD0074"", ""UNKNOWN""]","[""FMOD0074"", ""FMOD0005""]","[""FMOD0074"", ""FMOD0005"", ""FMOD0120"", ""FMOD0079"", ""FMOD0119"", ""FMOD0110"", ""FMOD0096"", ""FMOD0069"", ""FMOD0035"", ""FMOD0036""]",1.0,1.0,1.0,True,3.285000018024445
Q6K00432,TEST_MIXED_2K1U,3,3,"[""FMOD0011"", ""FMOD0053"", ""UNKNOWN""]","[""FMOD0011"", ""FMOD0053"", ""UNKNOWN""]","[""FMOD0053"", ""FMOD0011""]","[""FMOD0053"", ""FMOD0011"", ""FMOD0035"", ""FMOD0023"", ""FMOD0113"", ""FMOD0110"", ""FMOD0083"", ""FMOD0069"", ""FMOD0091"", ""FMOD0102""]",1.0,1.0,1.0,True,5.045000001716614
Q6K00433,TEST_MIXED_2K1U,3,3,"[""FMOD0004"", ""FMOD0079"", ""UNKNOWN""]","[""FMOD0004"", ""FMOD0079"", ""UNKNOWN""]","[""FMOD0004"", ""FMOD0079""]","[""FMOD0004"", ""FMOD0079"", ""FMOD0086"", ""FMOD0035"", ""FMOD0033"", ""FMOD0110"", ""FMOD0119"", ""FMOD0102"", ""FMOD0014"", ""FMOD0120""]",1.0,1.0,1.0,True,5.240000016307832
Q6K00434,TEST_MIXED_2K1U,3,2,"[""FMOD0001"", ""FMOD0016"", ""UNKNOWN""]","[""FMOD0016"", ""UNKNOWN""]","[""FMOD0016""]","[""FMOD0016"", ""FMOD0035"", ""FMOD0036"", ""FMOD0077"", ""FMOD0055"", ""FMOD0005"", ""FMOD0120"", ""FMOD0102"", ""FMOD0110"", ""FMOD0079""]",1.0,0.6666666666666666,0.8,False,6.5
Q6K00435,TEST_MIXED_2K1U,3,3,"[""FMOD0069"", ""FMOD0099"", ""UNKNOWN""]","[""FMOD0069"", ""FMOD0099"", ""UNKNOWN""]","[""FMOD0099"", ""FMOD0069""]","[""FMOD0099"", ""FMOD0069"", ""FMOD0119"", ""FMOD0023"", ""FMOD0035"", ""FMOD0102"", ""FMOD0120"", ""FMOD0110"", ""FMOD0077"", ""FMOD0079""]",1.0,1.0,1.0,True,3.840000003433228
Q6K00436,TEST_MIXED_2K1U,3,2,"[""FMOD0044"", ""FMOD0099"", ""UNKNOWN""]","[""FMOD0099"", ""UNKNOWN""]","[""FMOD0099""]","[""FMOD0099"", ""FMOD0044"", ""FMOD0035"", ""FMOD0023"", ""FMOD0119"", ""FMOD0036"", ""FMOD0120"", ""FMOD0069"", ""FMOD0077"", ""FMOD0102""]",1.0,0.6666666666666666,0.8,False,4.875
Q6K00437,TEST_MIXED_2K1U,3,4,"[""FMOD0035"", ""FMOD0096"", ""UNKNOWN""]","[""FMOD0035"", ""FMOD0096"", ""FMOD0110"", ""UNKNOWN""]","[""FMOD0096"", ""FMOD0035"", ""FMOD0110""]","[""FMOD0096"", ""FMOD0035"", ""FMOD0110"", ""FMOD0023"", ""FMOD0051"", ""FMOD0079"", ""FMOD0120"", ""FMOD0119"", ""FMOD0005"", ""FMOD0069""]",0.75,1.0,0.8571428571428571,False,3.175651078164113
Q6K00438,TEST_MIXED_2K1U,3,3,"[""FMOD0022"", ""FMOD0055"", ""UNKNOWN""]","[""FMOD0022"", ""FMOD0055"", ""UNKNOWN""]","[""FMOD0022"", ""FMOD0055""]","[""FMOD0022"", ""FMOD0055"", ""FMOD0023"", ""FMOD0102"", ""FMOD0069"", ""FMOD0110"", ""FMOD0120"", ""FMOD0079"", ""FMOD0119"", ""FMOD0036""]",1.0,1.0,1.0,True,3.96000002231598
Q6K00439,TEST_MIXED_2K1U,3,3,"[""FMOD0043"", ""FMOD0083"", ""UNKNOWN""]","[""FMOD0043"", ""FMOD0083"", ""UNKNOWN""]","[""FMOD0043"", ""FMOD0083""]","[""FMOD0043"", ""FMOD0083"", ""FMOD0023"", ""FMOD0035"", ""FMOD0079"", ""FMOD0040"", ""FMOD0055"", ""FMOD0119"", ""FMOD0005"", ""FMOD0077""]",1.0,1.0,1.0,True,4.405000002038479
Q6K00440,TEST_MIXED_2K1U,3,4,"[""FMOD0011"", ""FMOD0061"", ""UNKNOWN""]","[""FMOD0011"", ""FMOD0035"", ""FMOD0061"", ""UNKNOWN""]","[""FMOD0061"", ""FMOD0035"", ""FMOD0011""]","[""FMOD0061"", ""FMOD0119"", ""FMOD0035"", ""FMOD0110"", ""FMOD0060"", ""FMOD0036"", ""FMOD0083"", ""FMOD0023"", ""FMOD0011"", ""FMOD0005""]",0.75,1.0,0.8571428571428571,False,5.250000021457673
Q6K00441,TEST_MIXED_2K1U,3,4,"[""FMOD0025"", ""FMOD0035"", ""UNKNOWN""]","[""FMOD0015"", ""FMOD0025"", ""FMOD0035"", ""UNKNOWN""]","[""FMOD0035"", ""FMOD0025"", ""FMOD0015""]","[""FMOD0035"", ""FMOD0025"", ""FMOD0086"", ""FMOD0080"", ""FMOD0015"", ""FMOD0023"", ""FMOD0119"", ""FMOD0102"", ""FMOD0079"", ""FMOD0036""]",0.75,1.0,0.8571428571428571,False,5.17695316690067
Q6K00442,TEST_MIXED_2K1U,3,2,"[""FMOD0016"", ""FMOD0087"", ""UNKNOWN""]","[""FMOD0087"", ""UNKNOWN""]","[""FMOD0087""]","[""FMOD0087"", ""FMOD0035"", ""FMOD0120"", ""FMOD0102"", ""FMOD0079"", ""FMOD0119"", ""FMOD0110"", ""FMOD0005"", ""FMOD0036"", ""FMOD0055""]",1.0,0.6666666666666666,0.8,False,4.5
Q6K00443,TEST_MIXED_2K1U,3,3,"[""FMOD0011"", ""FMOD0035"", ""UNKNOWN""]","[""FMOD0011"", ""FMOD0035"", ""UNKNOWN""]","[""FMOD0035"", ""FMOD0011""]","[""FMOD0035"", ""FMOD0011"", ""FMOD0023"", ""FMOD0119"", ""FMOD0102"", ""FMOD0079"", ""FMOD0060"", ""FMOD0069"", ""FMOD0077"", ""FMOD0055""]",1.0,1.0,1.0,True,4.570000011909008
Q6K00444,TEST_MIXED_2K1U,3,3,"[""FMOD0003"", ""FMOD0022"", ""UNKNOWN""]","[""FMOD0003"", ""FMOD0022"", ""UNKNOWN""]","[""FMOD0003"", ""FMOD0022""]","[""FMOD0003"", ""FMOD0022"", ""FMOD0069"", ""FMOD0120"", ""FMOD0119"", ""FMOD0079"", ""FMOD0005"", ""FMOD0102"", ""FMOD0067"", ""FMOD0036""]",1.0,1.0,1.0,True,4.525000034332276
Q6K00445,TEST_MIXED_2K1U,3,2,"[""FMOD0023"", ""FMOD0035"", ""UNKNOWN""]","[""FMOD0035"", ""UNKNOWN""]","[""FMOD0035""]","[""FMOD0035"", ""FMOD0023"", ""FMOD0069"", ""FMOD0120"", ""FMOD0102"", ""FMOD0119"", ""FMOD0110"", ""FMOD0079"", ""FMOD0036"", ""FMOD0033""]",1.0,0.6666666666666666,0.8,False,6.5
Q6K00446,TEST_MIXED_2K1U,3,4,"[""FMOD0060"", ""FMOD0067"", ""UNKNOWN""]","[""FMOD0022"", ""FMOD0060"", ""FMOD0067"", ""UNKNOWN""]","[""FMOD0067"", ""FMOD0060"", ""FMOD0022""]","[""FMOD0067"", ""FMOD0060"", ""FMOD0035"", ""FMOD0023"", ""FMOD0022"", ""FMOD0119"", ""FMOD0102"", ""FMOD0120"", ""FMOD0110"", ""FMOD0036""]",0.75,1.0,0.8571428571428571,False,5.175000025749208
Q6K00447,TEST_MIXED_2K1U,3,3,"[""FMOD0086"", ""FMOD0087"", ""UNKNOWN""]","[""FMOD0086"", ""FMOD0087"", ""UNKNOWN""]","[""FMOD0086"", ""FMOD0087""]","[""FMOD0086"", ""FMOD0087"", ""FMOD0050"", ""FMOD0091"", ""FMOD0036"", ""FMOD0120"", ""FMOD0069"", ""FMOD0119"", ""FMOD0023"", ""FMOD0079""]",1.0,1.0,1.0,True,3.0
Q6K00448,TEST_MIXED_2K1U,3,3,"[""FMOD0055"", ""FMOD0079"", ""UNKNOWN""]","[""FMOD0055"", ""FMOD0102"", ""UNKNOWN""]","[""FMOD0055"", ""FMOD0102""]","[""FMOD0055"", ""FMOD0102"", ""FMOD0079"", ""FMOD0035"", ""FMOD0023"", ""FMOD0120"", ""FMOD0069"", ""FMOD0119"", ""FMOD0036"", ""FMOD0110""]",0.6666666666666666,0.6666666666666666,0.6666666666666666,False,4.1500000021457675
Q6K00449,TEST_MIXED_2K1U,3,4,"[""FMOD0066"", ""FMOD0096"", ""UNKNOWN""]","[""FMOD0023"", ""FMOD0066"", ""FMOD0096"", ""UNKNOWN""]","[""FMOD0066"", ""FMOD0096"", ""FMOD0023""]","[""FMOD0066"", ""FMOD0096"", ""FMOD0023"", ""FMOD0035"", ""FMOD0031"", ""FMOD0033"", ""FMOD0079"", ""FMOD0016"", ""FMOD0055"", ""FMOD0120""]",0.75,1.0,0.8571428571428571,False,3.8632552166242156
Q6K00450,TEST_MIXED_2K1U,3,3,"[""FMOD0066"", ""FMOD0087"", ""UNKNOWN""]","[""FMOD0066"", ""FMOD0087"", ""UNKNOWN""]","[""FMOD0066"", ""FMOD0087""]","[""FMOD0066"", ""FMOD0087"", ""FMOD0023"", ""FMOD0005"", ""FMOD0036"", ""FMOD0035"", ""FMOD0119"", ""FMOD0102"", ""FMOD0040"", ""FMOD0069""]",1.0,1.0,1.0,True,4.560000020170213
Q6K00451,TEST_MIXED_2K1U,3,3,"[""FMOD0004"", ""FMOD0025"", ""UNKNOWN""]","[""FMOD0004"", ""FMOD0025"", ""UNKNOWN""]","[""FMOD0004"", ""FMOD0025""]","[""FMOD0004"", ""FMOD0025"", ""FMOD0086"", ""FMOD0035"", ""FMOD0033"", ""FMOD0014"", ""FMOD0102"", ""FMOD0119"", ""FMOD0120"", ""FMOD0096""]",1.0,1.0,1.0,True,3.0750000010728837
Q6K00452,TEST_MIXED_2K1U,3,4,"[""FMOD0003"", ""FMOD0035"", ""UNKNOWN""]","[""FMOD0003"", ""FMOD0035"", ""FMOD0102"", ""UNKNOWN""]","[""FMOD0035"", ""FMOD0003"", ""FMOD0102""]","[""FMOD0035"", ""FMOD0003"", ""FMOD0102"", ""FMOD0120"", ""FMOD0014"", ""FMOD0119"", ""FMOD0023"", ""FMOD0073"", ""FMOD0079"", ""FMOD0069""]",0.75,1.0,0.8571428571428571,False,4.263463608925047
Q6K00453,TEST_MIXED_2K1U,3,3,"[""FMOD0044"", ""FMOD0079"", ""UNKNOWN""]","[""FMOD0044"", ""FMOD0079"", ""UNKNOWN""]","[""FMOD0044"", ""FMOD0079""]","[""FMOD0044"", ""FMOD0079"", ""FMOD0119"", ""FMOD0023"", ""FMOD0102"", ""FMOD0120"", ""FMOD0035"", ""FMOD0083"", ""FMOD0110"", ""FMOD0069""]",1.0,1.0,1.0,True,5.615651079451574
Q6K00454,TEST_MIXED_2K1U,3,3,"[""FMOD0067"", ""FMOD0077"", ""UNKNOWN""]","[""FMOD0067"", ""FMOD0077"", ""UNKNOWN""]","[""FMOD0067"", ""FMOD0077""]","[""FMOD0067"", ""FMOD0077"", ""FMOD0033"", ""FMOD0035"", ""FMOD0102"", ""FMOD0069"", ""FMOD0119"", ""FMOD0023"", ""FMOD0073"", ""FMOD0113""]",1.0,1.0,1.0,True,3.285000018024445
Q6K00455,TEST_MIXED_2K1U,3,3,"[""FMOD0016"", ""FMOD0077"", ""UNKNOWN""]","[""FMOD0016"", ""FMOD0077"", ""UNKNOWN""]","[""FMOD0077"", ""FMOD0016""]","[""FMOD0077"", ""FMOD0016"", ""FMOD0120"", ""FMOD0079"", ""FMOD0110"", ""FMOD0035"", ""FMOD0102"", ""FMOD0005"", ""FMOD0055"", ""FMOD0036""]",1.0,1.0,1.0,True,5.285000018024445
Q6K00456,TEST_MIXED_2K1U,3,3,"[""FMOD0004"", ""FMOD0016"", ""UNKNOWN""]","[""FMOD0004"", ""FMOD0016"", ""UNKNOWN""]","[""FMOD0004"", ""FMOD0016""]","[""FMOD0004"", ""FMOD0016"", ""FMOD0067"", ""FMOD0113"", ""FMOD0036"", ""FMOD0023"", ""FMOD0035"", ""FMOD0079"", ""FMOD0077"", ""FMOD0119""]",1.0,1.0,1.0,True,5.240000016307832
Q6K00457,TEST_MIXED_2K1U,3,2,"[""FMOD0025"", ""FMOD0089"", ""UNKNOWN""]","[""FMOD0025"", ""UNKNOWN""]","[""FMOD0025""]","[""FMOD0025"", ""FMOD0069"", ""FMOD0023"", ""FMOD0055"", ""FMOD0031"", ""FMOD0100"", ""FMOD0036"", ""FMOD0035"", ""FMOD0120"", ""FMOD0119""]",1.0,0.6666666666666666,0.8,False,4.813020837314427
Q6K00458,TEST_MIXED_2K1U,3,2,"[""FMOD0016"", ""FMOD0079"", ""UNKNOWN""]","[""FMOD0079"", ""UNKNOWN""]","[""FMOD0079""]","[""FMOD0079"", ""FMOD0023"", ""FMOD0016"", ""FMOD0035"", ""FMOD0102"", ""FMOD0119"", ""FMOD0120"", ""FMOD0077"", ""FMOD0036"", ""FMOD0110""]",1.0,0.6666666666666666,0.8,False,5.770000010299683
Q6K00459,TEST_MIXED_2K1U,3,3,"[""FMOD0051"", ""FMOD0089"", ""UNKNOWN""]","[""FMOD0023"", ""FMOD0089"", ""UNKNOWN""]","[""FMOD0023"", ""FMOD0089""]","[""FMOD0069"", ""FMOD0023"", ""FMOD0055"", ""FMOD0025"", ""FMOD0079"", ""FMOD0005"", ""FMOD0089"", ""FMOD0120"", ""FMOD0119"", ""FMOD0102""]",0.6666666666666666,0.6666666666666666,0.6666666666666666,False,5.0
Q6K00460,TEST_MIXED_2K1U,3,3,"[""FMOD0043"", ""FMOD0099"", ""UNKNOWN""]","[""FMOD0043"", ""FMOD0099"", ""UNKNOWN""]","[""FMOD0043"", ""FMOD0099""]","[""FMOD0043"", ""FMOD0099"", ""FMOD0024"", ""FMOD0069"", ""FMOD0119"", ""FMOD0023"", ""FMOD0035"", ""FMOD0091"", ""FMOD0005"", ""FMOD0025""]",1.0,1.0,1.0,True,4.085859416198732
Q6K00461,TEST_MIXED_2K1U,3,3,"[""FMOD0001"", ""FMOD0003"", ""UNKNOWN""]","[""FMOD0001"", ""FMOD0003"", ""UNKNOWN""]","[""FMOD0001"", ""FMOD0003""]","[""FMOD0001"", ""FMOD0003"", ""FMOD0089"", ""FMOD0035"", ""FMOD0051"", ""FMOD0120"", ""FMOD0023"", ""FMOD0119"", ""FMOD0036"", ""FMOD0069""]",1.0,1.0,1.0,True,4.0
Q6K00462,TEST_MIXED_2K1U,3,3,"[""FMOD0089"", ""FMOD0099"", ""UNKNOWN""]","[""FMOD0089"", ""FMOD0099"", ""UNKNOWN""]","[""FMOD0099"", ""FMOD0089""]","[""FMOD0099"", ""FMOD0089"", ""FMOD0003"", ""FMOD0119"", ""FMOD0023"", ""FMOD0102"", ""FMOD0120"", ""FMOD0035"", ""FMOD0036"", ""FMOD0110""]",1.0,1.0,1.0,True,2.975000008583069
Q6K00463,TEST_MIXED_2K1U,3,3,"[""FMOD0069"", ""FMOD0096"", ""UNKNOWN""]","[""FMOD0069"", ""FMOD0096"", ""UNKNOWN""]","[""FMOD0069"", ""FMOD0096""]","[""FMOD0069"", ""FMOD0096"", ""FMOD0033"", ""FMOD0102"", ""FMOD0120"", ""FMOD0036"", ""FMOD0005"", ""FMOD0119"", ""FMOD0110"", ""FMOD0077""]",1.0,1.0,1.0,True,4.060000004076958
Q6K00464,TEST_MIXED_2K1U,3,3,"[""FMOD0025"", ""FMOD0099"", ""UNKNOWN""]","[""FMOD0025"", ""FMOD0099"", ""UNKNOWN""]","[""FMOD0025"", ""FMOD0099""]","[""FMOD0025"", ""FMOD0069"", ""FMOD0099"", ""FMOD0023"", ""FMOD0119"", ""FMOD0102"", ""FMOD0120"", ""FMOD0035"", ""FMOD0053"", ""FMOD0033""]",1.0,1.0,1.0,True,3.027500003433228
Q6K00465,TEST_MIXED_2K1U,3,3,"[""FMOD0083"", ""FMOD0096"", ""UNKNOWN""]","[""FMOD0083"", ""FMOD0096"", ""UNKNOWN""]","[""FMOD0083"", ""FMOD0096""]","[""FMOD0083"", ""FMOD0096"", ""FMOD0023"", ""FMOD0036"", ""FMOD0110"", ""FMOD0119"", ""FMOD0035"", ""FMOD0005"", ""FMOD0120"", ""FMOD0102""]",1.0,1.0,1.0,True,3.3300000197410595
Q6K00466,TEST_MIXED_2K1U,3,3,"[""FMOD0053"", ""FMOD0067"", ""UNKNOWN""]","[""FMOD0053"", ""FMOD0067"", ""UNKNOWN""]","[""FMOD0053"", ""FMOD0067""]","[""FMOD0053"", ""FMOD0067"", ""FMOD0102"", ""FMOD0035"", ""FMOD0023"", ""FMOD0077"", ""FMOD0120"", ""FMOD0119"", ""FMOD0110"", ""FMOD0025""]",1.0,1.0,1.0,True,4.390000007724762
Q6K00467,TEST_MIXED_2K1U,3,3,"[""FMOD0044"", ""FMOD0069"", ""UNKNOWN""]","[""FMOD0044"", ""FMOD0069"", ""UNKNOWN""]","[""FMOD0069"", ""FMOD0044""]","[""FMOD0069"", ""FMOD0044"", ""FMOD0035"", ""FMOD0023"", ""FMOD0051"", ""FMOD0119"", ""FMOD0102"", ""FMOD0014"", ""FMOD0022"", ""FMOD0040""]",1.0,1.0,1.0,True,4.6075000017166134
Q6K00468,TEST_MIXED_2K1U,3,3,"[""FMOD0051"", ""FMOD0069"", ""UNKNOWN""]","[""FMOD0051"", ""FMOD0069"", ""UNKNOWN""]","[""FMOD0069"", ""FMOD0051""]","[""FMOD0069"", ""FMOD0051"", ""FMOD0119"", ""FMOD0083"", ""FMOD0079"", ""FMOD0025"", ""FMOD0035"", ""FMOD0110"", ""FMOD0120"", ""FMOD0003""]",1.0,1.0,1.0,True,5.0
Q6K00469,TEST_MIXED_2K1U,3,2,"[""FMOD0044"", ""FMOD0067"", ""UNKNOWN""]","[""FMOD0067"", ""UNKNOWN""]","[""FMOD0067""]","[""FMOD0067"", ""FMOD0102"", ""FMOD0120"", ""FMOD0035"", ""FMOD0023"", ""FMOD0119"", ""FMOD0069"", ""FMOD0110"", ""FMOD0079"", ""FMOD0083""]",1.0,0.6666666666666666,0.8,False,4.7700000102996825
Q6K00470,TEST_MIXED_2K1U,3,3,"[""FMOD0060"", ""FMOD0061"", ""UNKNOWN""]","[""FMOD0060"", ""FMOD0061"", ""FMOD0102""]","[""FMOD0060"", ""FMOD0102"", ""FMOD0061""]","[""FMOD0060"", ""FMOD0102"", ""FMOD0061"", ""FMOD0120"", ""FMOD0119"", ""FMOD0069"", ""FMOD0035"", ""FMOD0079"", ""FMOD0031"", ""FMOD0110""]",0.6666666666666666,0.6666666666666666,0.6666666666666666,False,2.580000019741059
Q6K00471,TEST_MIXED_2K1U,3,3,"[""FMOD0025"", ""FMOD0099"", ""UNKNOWN""]","[""FMOD0025"", ""FMOD0099"", ""UNKNOWN""]","[""FMOD0025"", ""FMOD0099""]","[""FMOD0025"", ""FMOD0099"", ""FMOD0024"", ""FMOD0014"", ""FMOD0005"", ""FMOD0113"", ""FMOD0083"", ""FMOD0120"", ""FMOD0023"", ""FMOD0069""]",1.0,1.0,1.0,True,4.510000005149841
Q6K00472,TEST_MIXED_2K1U,3,4,"[""FMOD0022"", ""FMOD0035"", ""UNKNOWN""]","[""FMOD0022"", ""FMOD0023"", ""FMOD0035"", ""UNKNOWN""]","[""FMOD0035"", ""FMOD0023"", ""FMOD0022""]","[""FMOD0035"", ""FMOD0023"", ""FMOD0022"", ""FMOD0087"", ""FMOD0079"", ""FMOD0055"", ""FMOD0119"", ""FMOD0036"", ""FMOD0053"", ""FMOD0043""]",0.75,1.0,0.8571428571428571,False,5.2650000452756895
Q6K00473,TEST_MIXED_2K1U,3,4,"[""FMOD0079"", ""FMOD0086"", ""UNKNOWN""]","[""FMOD0004"", ""FMOD0079"", ""FMOD0086"", ""UNKNOWN""]","[""FMOD0086"", ""FMOD0079"", ""FMOD0004""]","[""FMOD0086"", ""FMOD0079"", ""FMOD0036"", ""FMOD0083"", ""FMOD0119"", ""FMOD0004"", ""FMOD0024"", ""FMOD0067"", ""FMOD0023"", ""FMOD0025""]",0.75,1.0,0.8571428571428571,False,3.8000000042915345
Q6K00474,TEST_MIXED_2K1U,3,3,"[""FMOD0086"", ""FMOD0099"", ""UNKNOWN""]","[""FMOD0086"", ""FMOD0099"", ""UNKNOWN""]","[""FMOD0099"", ""FMOD0086""]","[""FMOD0099"", ""FMOD0086"", ""FMOD0050"", ""FMOD0069"", ""FMOD0120"", ""FMOD0102"", ""FMOD0110"", ""FMOD0074"", ""FMOD0079"", ""FMOD0119""]",1.0,1.0,1.0,True,4.060000004076958
Q6K00475,TEST_MIXED_2K1U,3,4,"[""FMOD0025"", ""FMOD0077"", ""UNKNOWN""]","[""FMOD0025"", ""FMOD0035"", ""FMOD0077"", ""UNKNOWN""]","[""FMOD0025"", ""FMOD0077"", ""FMOD0035""]","[""FMOD0025"", ""FMOD0077"", ""FMOD0035"", ""FMOD0102"", ""FMOD0069"", ""FMOD0036"", ""FMOD0079"", ""FMOD0120"", ""FMOD0119"", ""FMOD0110""]",0.75,1.0,0.8571428571428571,False,2.910859395813943
Q6K00476,TEST_MIXED_2K1U,3,2,"[""FMOD0016"", ""FMOD0040"", ""UNKNOWN""]","[""FMOD0016"", ""UNKNOWN""]","[""FMOD0016""]","[""FMOD0016"", ""FMOD0102"", ""FMOD0119"", ""FMOD0023"", ""FMOD0035"", ""FMOD0040"", ""FMOD0120"", ""FMOD0075"", ""FMOD0069"", ""FMOD0079""]",1.0,0.6666666666666666,0.8,False,4.6875
Q6K00477,TEST_MIXED_2K1U,3,3,"[""FMOD0025"", ""FMOD0079"", ""UNKNOWN""]","[""FMOD0025"", ""FMOD0102"", ""UNKNOWN""]","[""FMOD0102"", ""FMOD0025""]","[""FMOD0102"", ""FMOD0025"", ""FMOD0079"", ""FMOD0035"", ""FMOD0023"", ""FMOD0055"", ""FMOD0005"", ""FMOD0036"", ""FMOD0043"", ""FMOD0053""]",0.6666666666666666,0.6666666666666666,0.6666666666666666,False,4.0
Q6K00478,TEST_MIXED_2K1U,3,3,"[""FMOD0025"", ""FMOD0099"", ""UNKNOWN""]","[""FMOD0025"", ""FMOD0099"", ""UNKNOWN""]","[""FMOD0025"", ""FMOD0099""]","[""FMOD0025"", ""FMOD0099"", ""FMOD0023"", ""FMOD0120"", ""FMOD0102"", ""FMOD0119"", ""FMOD0035"", ""FMOD0069"", ""FMOD0077"", ""FMOD0110""]",1.0,1.0,1.0,True,6.102500004506111
Q6K00479,TEST_MIXED_2K1U,3,3,"[""FMOD0022"", ""FMOD0066"", ""UNKNOWN""]","[""FMOD0022"", ""FMOD0066"", ""UNKNOWN""]","[""FMOD0066"", ""FMOD0022""]","[""FMOD0066"", ""FMOD0022"", ""FMOD0023"", ""FMOD0035"", ""FMOD0079"", ""FMOD0036"", ""FMOD0055"", ""FMOD0102"", ""FMOD0119"", ""FMOD0005""]",1.0,1.0,1.0,True,4.690000041520597
Q6K00480,TEST_MIXED_2K1U,3,3,"[""FMOD0005"", ""FMOD0099"", ""UNKNOWN""]","[""FMOD0005"", ""FMOD0099"", ""UNKNOWN""]","[""FMOD0005"", ""FMOD0099""]","[""FMOD0005"", ""FMOD0099"", ""FMOD0055"", ""FMOD0079"", ""FMOD0120"", ""FMOD0086"", ""FMOD0035"", ""FMOD0023"", ""FMOD0024"", ""FMOD0036""]",1.0,1.0,1.0,True,3.0
Q6K00481,TEST_UNKNOWN_K1,1,1,"[""UNKNOWN""]","[""UNKNOWN""]",[],"[""FMOD0035"", ""FMOD0023"", ""FMOD0051"", ""FMOD0119"", ""FMOD0102"", ""FMOD0120"", ""FMOD0036"", ""FMOD0079"", ""FMOD0083"", ""FMOD0069""]",1.0,1.0,1.0,True,7.0
Q6K00482,TEST_UNKNOWN_K1,1,1,"[""UNKNOWN""]","[""UNKNOWN""]",[],"[""FMOD0087"", ""FMOD0023"", ""FMOD0035"", ""FMOD0079"", ""FMOD0016"", ""FMOD0119"", ""FMOD0110"", ""FMOD0014"", ""FMOD0102"", ""FMOD0036""]",1.0,1.0,1.0,True,7.0
Q6K00483,TEST_UNKNOWN_K1,1,1,"[""UNKNOWN""]","[""UNKNOWN""]",[],"[""FMOD0023"", ""FMOD0102"", ""FMOD0120"", ""FMOD0035"", ""FMOD0119"", ""FMOD0069"", ""FMOD0079"", ""FMOD0110"", ""FMOD0036"", ""FMOD0005""]",1.0,1.0,1.0,True,7.0
Q6K00484,TEST_UNKNOWN_K1,1,1,"[""UNKNOWN""]","[""UNKNOWN""]",[],"[""FMOD0035"", ""FMOD0023"", ""FMOD0119"", ""FMOD0120"", ""FMOD0036"", ""FMOD0069"", ""FMOD0051"", ""FMOD0079"", ""FMOD0102"", ""FMOD0005""]",1.0,1.0,1.0,True,7.0
Q6K00485,TEST_UNKNOWN_K1,1,2,"[""UNKNOWN""]","[""FMOD0069"", ""UNKNOWN""]","[""FMOD0069""]","[""FMOD0069"", ""FMOD0035"", ""FMOD0023"", ""FMOD0119"", ""FMOD0036"", ""FMOD0067"", ""FMOD0004"", ""FMOD0083"", ""FMOD0025"", ""FMOD0053""]",0.5,1.0,0.6666666666666666,False,6.845000006008148
Q6K00486,TEST_UNKNOWN_K1,1,2,"[""UNKNOWN""]","[""FMOD0022"", ""UNKNOWN""]","[""FMOD0022""]","[""FMOD0035"", ""FMOD0079"", ""FMOD0022"", ""FMOD0023"", ""FMOD0120"", ""FMOD0102"", ""FMOD0119"", ""FMOD0036"", ""FMOD0069"", ""FMOD0110""]",0.5,1.0,0.6666666666666666,False,6.5
Q6K00487,TEST_UNKNOWN_K1,1,2,"[""UNKNOWN""]","[""FMOD0023"", ""UNKNOWN""]","[""FMOD0023""]","[""FMOD0023"", ""FMOD0069"", ""FMOD0055"", ""FMOD0025"", ""FMOD0100"", ""FMOD0119"", ""FMOD0102"", ""FMOD0035"", ""FMOD0036"", ""FMOD0120""]",0.5,1.0,0.6666666666666666,False,6.5
Q6K00488,TEST_UNKNOWN_K1,1,1,"[""UNKNOWN""]","[""UNKNOWN""]",[],"[""FMOD0087"", ""FMOD0023"", ""FMOD0022"", ""FMOD0035"", ""FMOD0079"", ""FMOD0119"", ""FMOD0110"", ""FMOD0055"", ""FMOD0102"", ""FMOD0036""]",1.0,1.0,1.0,True,7.0
Q6K00489,TEST_UNKNOWN_K1,1,2,"[""UNKNOWN""]","[""FMOD0015"", ""UNKNOWN""]","[""FMOD0015""]","[""FMOD0080"", ""FMOD0086"", ""FMOD0015"", ""FMOD0119"", ""FMOD0023"", ""FMOD0102"", ""FMOD0110"", ""FMOD0069"", ""FMOD0120"", ""FMOD0055""]",0.5,1.0,0.6666666666666666,False,6.681302090238594
Q6K00490,TEST_UNKNOWN_K1,1,1,"[""UNKNOWN""]","[""UNKNOWN""]",[],"[""FMOD0110"", ""FMOD0023"", ""FMOD0119"", ""FMOD0102"", ""FMOD0069"", ""FMOD0036"", ""FMOD0035"", ""FMOD0055"", ""FMOD0051"", ""FMOD0005""]",1.0,1.0,1.0,True,7.0
Q6K00491,TEST_UNKNOWN_K1,1,1,"[""UNKNOWN""]","[""UNKNOWN""]",[],"[""FMOD0035"", ""FMOD0086"", ""FMOD0119"", ""FMOD0036"", ""FMOD0120"", ""FMOD0110"", ""FMOD0025"", ""FMOD0102"", ""FMOD0023"", ""FMOD0069""]",1.0,1.0,1.0,True,7.0
Q6K00492,TEST_UNKNOWN_K1,1,2,"[""UNKNOWN""]","[""FMOD0011"", ""UNKNOWN""]","[""FMOD0011""]","[""FMOD0023"", ""FMOD0040"", ""FMOD0089"", ""FMOD0043"", ""FMOD0011"", ""FMOD0035"", ""FMOD0119"", ""FMOD0102"", ""FMOD0079"", ""FMOD0075""]",0.5,1.0,0.6666666666666666,False,6.5
Q6K00493,TEST_UNKNOWN_K1,1,2,"[""UNKNOWN""]","[""FMOD0015"", ""UNKNOWN""]","[""FMOD0015""]","[""FMOD0086"", ""FMOD0015"", ""FMOD0080"", ""FMOD0119"", ""FMOD0023"", ""FMOD0120"", ""FMOD0102"", ""FMOD0069"", ""FMOD0110"", ""FMOD0035""]",0.5,1.0,0.6666666666666666,False,6.681302090238594
Q6K00494,TEST_UNKNOWN_K1,1,2,"[""UNKNOWN""]","[""FMOD0055"", ""UNKNOWN""]","[""FMOD0055""]","[""FMOD0055"", ""FMOD0035"", ""FMOD0023"", ""FMOD0079"", ""FMOD0120"", ""FMOD0069"", ""FMOD0102"", ""FMOD0119"", ""FMOD0024"", ""FMOD0036""]",0.5,1.0,0.6666666666666666,False,5.5
Q6K00495,TEST_UNKNOWN_K1,1,2,"[""UNKNOWN""]","[""FMOD0083"", ""UNKNOWN""]","[""FMOD0083""]","[""FMOD0083"", ""FMOD0096"", ""FMOD0023"", ""FMOD0119"", ""FMOD0035"", ""FMOD0110"", ""FMOD0069"", ""FMOD0036"", ""FMOD0079"", ""FMOD0102""]",0.5,1.0,0.6666666666666666,False,6.195859387016297
Q6K00496,TEST_UNKNOWN_K1,1,1,"[""UNKNOWN""]","[""UNKNOWN""]",[],"[""FMOD0110"", ""FMOD0023"", ""FMOD0119"", ""FMOD0102"", ""FMOD0036"", ""FMOD0069"", ""FMOD0083"", ""FMOD0120"", ""FMOD0035"", ""FMOD0055""]",1.0,1.0,1.0,True,7.0
Q6K00497,TEST_UNKNOWN_K1,1,1,"[""UNKNOWN""]","[""UNKNOWN""]",[],"[""FMOD0035"", ""FMOD0023"", ""FMOD0051"", ""FMOD0079"", ""FMOD0119"", ""FMOD0005"", ""FMOD0102"", ""FMOD0083"", ""FMOD0055"", ""FMOD0036""]",1.0,1.0,1.0,True,7.0
Q6K00498,TEST_UNKNOWN_K1,1,2,"[""UNKNOWN""]","[""FMOD0023"", ""UNKNOWN""]","[""FMOD0023""]","[""FMOD0023"", ""FMOD0055"", ""FMOD0069"", ""FMOD0025"", ""FMOD0100"", ""FMOD0102"", ""FMOD0035"", ""FMOD0036"", ""FMOD0119"", ""FMOD0120""]",0.5,1.0,0.6666666666666666,False,6.5
Q6K00499,TEST_UNKNOWN_K1,1,2,"[""UNKNOWN""]","[""FMOD0005"", ""UNKNOWN""]","[""FMOD0005""]","[""FMOD0120"", ""FMOD0119"", ""FMOD0023"", ""FMOD0005"", ""FMOD0102"", ""FMOD0110"", ""FMOD0069"", ""FMOD0036"", ""FMOD0079"", ""FMOD0035""]",0.5,1.0,0.6666666666666666,False,6.5
Q6K00500,TEST_UNKNOWN_K1,1,2,"[""UNKNOWN""]","[""FMOD0035"", ""UNKNOWN""]","[""FMOD0035""]","[""FMOD0035"", ""FMOD0023"", ""FMOD0119"", ""FMOD0110"", ""FMOD0036"", ""FMOD0060"", ""FMOD0083"", ""FMOD0031"", ""FMOD0033"", ""FMOD0005""]",0.5,1.0,0.6666666666666666,False,5.818906262016297
Q6K00501,TEST_UNKNOWN_K1,1,1,"[""UNKNOWN""]","[""UNKNOWN""]",[],"[""FMOD0069"", ""FMOD0086"", ""FMOD0120"", ""FMOD0119"", ""FMOD0035"", ""FMOD0036"", ""FMOD0005"", ""FMOD0023"", ""FMOD0102"", ""FMOD0025""]",1.0,1.0,1.0,True,7.0
Q6K00502,TEST_UNKNOWN_K1,1,1,"[""UNKNOWN""]","[""UNKNOWN""]",[],"[""FMOD0035"", ""FMOD0119"", ""FMOD0051"", ""FMOD0023"", ""FMOD0102"", ""FMOD0120"", ""FMOD0036"", ""FMOD0110"", ""FMOD0069"", ""FMOD0079""]",1.0,1.0,1.0,True,7.0
Q6K00503,TEST_UNKNOWN_K1,1,2,"[""UNKNOWN""]","[""FMOD0023"", ""UNKNOWN""]","[""FMOD0023""]","[""FMOD0055"", ""FMOD0023"", ""FMOD0069"", ""FMOD0025"", ""FMOD0100"", ""FMOD0035"", ""FMOD0119"", ""FMOD0120"", ""FMOD0036"", ""FMOD0005""]",0.5,1.0,0.6666666666666666,False,6.5
Q6K00504,TEST_UNKNOWN_K1,1,1,"[""UNKNOWN""]","[""UNKNOWN""]",[],"[""FMOD0055"", ""FMOD0023"", ""FMOD0035"", ""FMOD0079"", ""FMOD0102"", ""FMOD0033"", ""FMOD0024"", ""FMOD0120"", ""FMOD0036"", ""FMOD0069""]",1.0,1.0,1.0,True,7.0
Q6K00505,TEST_UNKNOWN_K1,1,1,"[""UNKNOWN""]","[""UNKNOWN""]",[],"[""FMOD0035"", ""FMOD0023"", ""FMOD0119"", ""FMOD0102"", ""FMOD0110"", ""FMOD0079"", ""FMOD0051"", ""FMOD0036"", ""FMOD0120"", ""FMOD0069""]",1.0,1.0,1.0,True,7.0
Q6K00506,TEST_UNKNOWN_K1,1,2,"[""UNKNOWN""]","[""FMOD0089"", ""UNKNOWN""]","[""FMOD0089""]","[""FMOD0089"", ""FMOD0087"", ""FMOD0023"", ""FMOD0035"", ""FMOD0022"", ""FMOD0119"", ""FMOD0110"", ""FMOD0102"", ""FMOD0036"", ""FMOD0120""]",0.5,1.0,0.6666666666666666,False,6.5
Q6K00507,TEST_UNKNOWN_K1,1,2,"[""UNKNOWN""]","[""FMOD0016"", ""UNKNOWN""]","[""FMOD0016""]","[""FMOD0023"", ""FMOD0035"", ""FMOD0016"", ""FMOD0119"", ""FMOD0120"", ""FMOD0069"", ""FMOD0113"", ""FMOD0079"", ""FMOD0102"", ""FMOD0055""]",0.5,1.0,0.6666666666666666,False,6.5
Q6K00508,TEST_UNKNOWN_K1,1,1,"[""UNKNOWN""]","[""UNKNOWN""]",[],"[""FMOD0035"", ""FMOD0023"", ""FMOD0051"", ""FMOD0069"", ""FMOD0119"", ""FMOD0102"", ""FMOD0016"", ""FMOD0079"", ""FMOD0120"", ""FMOD0110""]",1.0,1.0,1.0,True,7.0
Q6K00509,TEST_UNKNOWN_K1,1,1,"[""UNKNOWN""]","[""UNKNOWN""]",[],"[""FMOD0023"", ""FMOD0005"", ""FMOD0119"", ""FMOD0102"", ""FMOD0120"", ""FMOD0036"", ""FMOD0035"", ""FMOD0079"", ""FMOD0069"", ""FMOD0055""]",1.0,1.0,1.0,True,7.0
Q6K00510,TEST_UNKNOWN_K1,1,2,"[""UNKNOWN""]","[""FMOD0005"", ""UNKNOWN""]","[""FMOD0005""]","[""FMOD0005"", ""FMOD0119"", ""FMOD0023"", ""FMOD0110"", ""FMOD0080"", ""FMOD0083"", ""FMOD0053"", ""FMOD0060"", ""FMOD0036"", ""FMOD0079""]",0.5,1.0,0.6666666666666666,False,6.999557310394199
Q6K00511,TEST_UNKNOWN_K1,1,2,"[""UNKNOWN""]","[""FMOD0055"", ""UNKNOWN""]","[""FMOD0055""]","[""FMOD0055"", ""FMOD0083"", ""FMOD0025"", ""FMOD0079"", ""FMOD0119"", ""FMOD0102"", ""FMOD0120"", ""FMOD0023"", ""FMOD0069"", ""FMOD0005""]",0.5,1.0,0.6666666666666666,False,3.9500000171661385
Q6K00512,TEST_UNKNOWN_K1,1,2,"[""UNKNOWN""]","[""FMOD0035"", ""UNKNOWN""]","[""FMOD0035""]","[""FMOD0035"", ""FMOD0023"", ""FMOD0119"", ""FMOD0110"", ""FMOD0036"", ""FMOD0060"", ""FMOD0083"", ""FMOD0031"", ""FMOD0033"", ""FMOD0005""]",0.5,1.0,0.6666666666666666,False,5.818906262016297
Q6K00513,TEST_UNKNOWN_K1,1,3,"[""UNKNOWN""]","[""FMOD0004"", ""FMOD0110"", ""UNKNOWN""]","[""FMOD0110"", ""FMOD0004""]","[""FMOD0110"", ""FMOD0023"", ""FMOD0083"", ""FMOD0119"", ""FMOD0036"", ""FMOD0024"", ""FMOD0025"", ""FMOD0067"", ""FMOD0004"", ""FMOD0035""]",0.3333333333333333,1.0,0.5,False,6.450651048123372
Q6K00514,TEST_UNKNOWN_K1,1,2,"[""UNKNOWN""]","[""FMOD0102"", ""UNKNOWN""]","[""FMOD0102""]","[""FMOD0102"", ""FMOD0119"", ""FMOD0120"", ""FMOD0069"", ""FMOD0035"", ""FMOD0110"", ""FMOD0079"", ""FMOD0036"", ""FMOD0025"", ""FMOD0024""]",0.5,1.0,0.6666666666666666,False,5.44500003604889
Q6K00515,TEST_UNKNOWN_K1,1,1,"[""UNKNOWN""]","[""UNKNOWN""]",[],"[""FMOD0120"", ""FMOD0119"", ""FMOD0023"", ""FMOD0036"", ""FMOD0035"", ""FMOD0102"", ""FMOD0055"", ""FMOD0110"", ""FMOD0069"", ""FMOD0067""]",1.0,1.0,1.0,True,7.0
Q6K00516,TEST_UNKNOWN_K1,1,1,"[""UNKNOWN""]","[""UNKNOWN""]",[],"[""FMOD0035"", ""FMOD0086"", ""FMOD0119"", ""FMOD0036"", ""FMOD0120"", ""FMOD0110"", ""FMOD0005"", ""FMOD0023"", ""FMOD0069"", ""FMOD0024""]",1.0,1.0,1.0,True,7.0
Q6K00517,TEST_UNKNOWN_K1,1,1,"[""UNKNOWN""]","[""UNKNOWN""]",[],"[""FMOD0023"", ""FMOD0119"", ""FMOD0102"", ""FMOD0022"", ""FMOD0051"", ""FMOD0035"", ""FMOD0120"", ""FMOD0036"", ""FMOD0110"", ""FMOD0079""]",1.0,1.0,1.0,True,7.0
Q6K00518,TEST_UNKNOWN_K1,1,2,"[""UNKNOWN""]","[""FMOD0035"", ""UNKNOWN""]","[""FMOD0035""]","[""FMOD0035"", ""FMOD0102"", ""FMOD0119"", ""FMOD0110"", ""FMOD0096"", ""FMOD0069"", ""FMOD0033"", ""FMOD0083"", ""FMOD0086"", ""FMOD0120""]",0.5,1.0,0.6666666666666666,False,6.950000017166138
Q6K00519,TEST_UNKNOWN_K1,1,2,"[""UNKNOWN""]","[""FMOD0119"", ""UNKNOWN""]","[""FMOD0119""]","[""FMOD0119"", ""FMOD0079"", ""FMOD0077"", ""FMOD0110"", ""FMOD0023"", ""FMOD0102"", ""FMOD0036"", ""FMOD0069"", ""FMOD0035"", ""FMOD0120""]",0.5,1.0,0.6666666666666666,False,6.5147656708395125
Q6K00520,TEST_UNKNOWN_K1,1,1,"[""UNKNOWN""]","[""UNKNOWN""]",[],"[""FMOD0119"", ""FMOD0035"", ""FMOD0023"", ""FMOD0079"", ""FMOD0102"", ""FMOD0120"", ""FMOD0055"", ""FMOD0110"", ""FMOD0036"", ""FMOD0083""]",1.0,1.0,1.0,True,7.0
Q6K00521,TEST_UNKNOWN_K1,1,1,"[""UNKNOWN""]","[""UNKNOWN""]",[],"[""FMOD0069"", ""FMOD0086"", ""FMOD0120"", ""FMOD0035"", ""FMOD0119"", ""FMOD0036"", ""FMOD0005"", ""FMOD0023"", ""FMOD0113"", ""FMOD0067""]",1.0,1.0,1.0,True,7.0
Q6K00522,TEST_UNKNOWN_K1,1,1,"[""UNKNOWN""]","[""UNKNOWN""]",[],"[""FMOD0035"", ""FMOD0023"", ""FMOD0119"", ""FMOD0102"", ""FMOD0079"", ""FMOD0069"", ""FMOD0120"", ""FMOD0087"", ""FMOD0110"", ""FMOD0033""]",1.0,1.0,1.0,True,7.0
Q6K00523,TEST_UNKNOWN_K1,1,1,"[""UNKNOWN""]","[""UNKNOWN""]",[],"[""FMOD0035"", ""FMOD0023"", ""FMOD0119"", ""FMOD0102"", ""FMOD0051"", ""FMOD0120"", ""FMOD0036"", ""FMOD0110"", ""FMOD0079"", ""FMOD0087""]",1.0,1.0,1.0,True,7.0
Q6K00524,TEST_UNKNOWN_K1,1,2,"[""UNKNOWN""]","[""FMOD0035"", ""UNKNOWN""]","[""FMOD0035""]","[""FMOD0035"", ""FMOD0023"", ""FMOD0051"", ""FMOD0069"", ""FMOD0119"", ""FMOD0102"", ""FMOD0120"", ""FMOD0110"", ""FMOD0083"", ""FMOD0036""]",0.5,1.0,0.6666666666666666,False,6.056953131866456
Q6K00525,TEST_UNKNOWN_K1,1,1,"[""UNKNOWN""]","[""UNKNOWN""]",[],"[""FMOD0069"", ""FMOD0086"", ""FMOD0120"", ""FMOD0035"", ""FMOD0113"", ""FMOD0119"", ""FMOD0036"", ""FMOD0005"", ""FMOD0023"", ""FMOD0053""]",1.0,1.0,1.0,True,7.0
Q6K00526,TEST_UNKNOWN_K1,1,1,"[""UNKNOWN""]","[""UNKNOWN""]",[],"[""FMOD0120"", ""FMOD0023"", ""FMOD0102"", ""FMOD0035"", ""FMOD0119"", ""FMOD0069"", ""FMOD0079"", ""FMOD0036"", ""FMOD0077"", ""FMOD0110""]",1.0,1.0,1.0,True,7.0
Q6K00527,TEST_UNKNOWN_K1,1,2,"[""UNKNOWN""]","[""FMOD0055"", ""UNKNOWN""]","[""FMOD0055""]","[""FMOD0055"", ""FMOD0005"", ""FMOD0080"", ""FMOD0119"", ""FMOD0053"", ""FMOD0083"", ""FMOD0023"", ""FMOD0110"", ""FMOD0036"", ""FMOD0024""]",0.5,1.0,0.6666666666666666,False,6.44500003604889
Q6K00528,TEST_UNKNOWN_K1,1,1,"[""UNKNOWN""]","[""UNKNOWN""]",[],"[""FMOD0035"", ""FMOD0023"", ""FMOD0051"", ""FMOD0079"", ""FMOD0119"", ""FMOD0005"", ""FMOD0102"", ""FMOD0055"", ""FMOD0083"", ""FMOD0036""]",1.0,1.0,1.0,True,7.0
Q6K00529,TEST_UNKNOWN_K1,1,1,"[""UNKNOWN""]","[""UNKNOWN""]",[],"[""FMOD0086"", ""FMOD0035"", ""FMOD0119"", ""FMOD0025"", ""FMOD0120"", ""FMOD0033"", ""FMOD0110"", ""FMOD0102"", ""FMOD0023"", ""FMOD0069""]",1.0,1.0,1.0,True,7.0
Q6K00530,TEST_UNKNOWN_K1,1,2,"[""UNKNOWN""]","[""FMOD0069"", ""UNKNOWN""]","[""FMOD0069""]","[""FMOD0069"", ""FMOD0035"", ""FMOD0023"", ""FMOD0119"", ""FMOD0036"", ""FMOD0067"", ""FMOD0004"", ""FMOD0083"", ""FMOD0025"", ""FMOD0053""]",0.5,1.0,0.6666666666666666,False,6.845000006008148
Q6K00531,TEST_UNKNOWN_K1,1,1,"[""UNKNOWN""]","[""UNKNOWN""]",[],"[""FMOD0035"", ""FMOD0023"", ""FMOD0119"", ""FMOD0102"", ""FMOD0110"", ""FMOD0079"", ""FMOD0051"", ""FMOD0036"", ""FMOD0120"", ""FMOD0069""]",1.0,1.0,1.0,True,7.0
Q6K00532,TEST_UNKNOWN_K1,1,2,"[""UNKNOWN""]","[""FMOD0069"", ""UNKNOWN""]","[""FMOD0069""]","[""FMOD0069"", ""FMOD0035"", ""FMOD0023"", ""FMOD0119"", ""FMOD0036"", ""FMOD0004"", ""FMOD0067"", ""FMOD0083"", ""FMOD0025"", ""FMOD0053""]",0.5,1.0,0.6666666666666666,False,6.845000006008148
Q6K00533,TEST_UNKNOWN_K1,1,1,"[""UNKNOWN""]","[""UNKNOWN""]",[],"[""FMOD0119"", ""FMOD0023"", ""FMOD0110"", ""FMOD0036"", ""FMOD0069"", ""FMOD0120"", ""FMOD0102"", ""FMOD0035"", ""FMOD0055"", ""FMOD0079""]",1.0,1.0,1.0,True,7.0
Q6K00534,TEST_UNKNOWN_K1,1,1,"[""UNKNOWN""]","[""UNKNOWN""]",[],"[""FMOD0087"", ""FMOD0023"", ""FMOD0035"", ""FMOD0079"", ""FMOD0016"", ""FMOD0119"", ""FMOD0110"", ""FMOD0055"", ""FMOD0014"", ""FMOD0102""]",1.0,1.0,1.0,True,7.0
Q6K00535,TEST_UNKNOWN_K1,1,2,"[""UNKNOWN""]","[""FMOD0035"", ""UNKNOWN""]","[""FMOD0035""]","[""FMOD0035"", ""FMOD0102"", ""FMOD0069"", ""FMOD0036"", ""FMOD0079"", ""FMOD0120"", ""FMOD0119"", ""FMOD0110"", ""FMOD0023"", ""FMOD0104""]",0.5,1.0,0.6666666666666666,False,5.640859380149841
Q6K00536,TEST_UNKNOWN_K1,1,2,"[""UNKNOWN""]","[""FMOD0011"", ""UNKNOWN""]","[""FMOD0011""]","[""FMOD0023"", ""FMOD0035"", ""FMOD0091"", ""FMOD0055"", ""FMOD0043"", ""FMOD0011"", ""FMOD0100"", ""FMOD0120"", ""FMOD0119"", ""FMOD0036""]",0.5,1.0,0.6666666666666666,False,6.5
Q6K00537,TEST_UNKNOWN_K1,1,2,"[""UNKNOWN""]","[""FMOD0023"", ""UNKNOWN""]","[""FMOD0023""]","[""FMOD0023"", ""FMOD0055"", ""FMOD0069"", ""FMOD0025"", ""FMOD0100"", ""FMOD0119"", ""FMOD0036"", ""FMOD0035"", ""FMOD0102"", ""FMOD0120""]",0.5,1.0,0.6666666666666666,False,6.5
Q6K00538,TEST_UNKNOWN_K1,1,2,"[""UNKNOWN""]","[""FMOD0023"", ""UNKNOWN""]","[""FMOD0023""]","[""FMOD0055"", ""FMOD0023"", ""FMOD0069"", ""FMOD0025"", ""FMOD0100"", ""FMOD0035"", ""FMOD0079"", ""FMOD0119"", ""FMOD0120"", ""FMOD0036""]",0.5,1.0,0.6666666666666666,False,6.5
Q6K00539,TEST_UNKNOWN_K1,1,2,"[""UNKNOWN""]","[""FMOD0035"", ""UNKNOWN""]","[""FMOD0035""]","[""FMOD0035"", ""FMOD0005"", ""FMOD0102"", ""FMOD0069"", ""FMOD0024"", ""FMOD0079"", ""FMOD0036"", ""FMOD0083"", ""FMOD0077"", ""FMOD0120""]",0.5,1.0,0.6666666666666666,False,6.640859380149841
Q6K00540,TEST_UNKNOWN_K1,1,1,"[""UNKNOWN""]","[""UNKNOWN""]",[],"[""FMOD0110"", ""FMOD0023"", ""FMOD0119"", ""FMOD0102"", ""FMOD0069"", ""FMOD0035"", ""FMOD0055"", ""FMOD0120"", ""FMOD0036"", ""FMOD0079""]",1.0,1.0,1.0,True,7.0
