mod_id,source,source_type,key,identifier,namespace
MOD0001,fabric.mod.json,JSON,homepage,https://fabricmc.net,https
MOD0001,fabric.mod.json,JSON,irc,irc://irc.esper.net,irc
MOD0001,fabric.mod.json,JSON,issues,https://github.com/fabricmc/fabric/issues,https
MOD0001,fabric.mod.json,JSON,sources,https://github.com/fabricmc/fabric,https
MOD0002,fabric.mod.json,JSON,homepage,https://modrinth.com/mod/modmenu,https
MOD0002,fabric.mod.json,JSON,sources,https://github.com/terraformersmc/modmenu,https
MOD0002,fabric.mod.json,JSON,issues,https://github.com/terraformersmc/modmenu/issues,https
MOD0002,fabric.mod.json,JSON,modmenu.discord,https://discord.gg/jegf5fb,https
MOD0002,com/terraformersmc/modmenu/util/mod/fabric/FabricLoaderUpdateChecker$FabricLoaderUpdateInfo.class,CLASS,,https://fabricmc.net/use/installer,https
MOD0002,com/terraformersmc/modmenu/api/ConfigScreenFactory.class,CLASS,,s:lnet/minecraft/client/gui/screens/screen,s
MOD0002,com/terraformersmc/modmenu/mixin/MixinPauseScreen.class,CLASS,,mixinextras:expression,mixinextras
MOD0002,com/terraformersmc/modmenu/config/option/EnumConfigOption.class,CLASS,,e:ljava/lang/enum,e
MOD0002,com/terraformersmc/modmenu/config/option/EnumConfigOption.class,CLASS,,e:ljava/lang/enum,e
MOD0002,com/terraformersmc/modmenu/util/mod/quilt/QuiltLoaderUpdateChecker.class,CLASS,,https://meta.quiltmc.org/v3/versions/loader,https
MOD0002,com/terraformersmc/modmenu/util/mod/fabric/FabricLoaderUpdateChecker.class,CLASS,,https://meta.fabricmc.net/v2/versions/loader,https
MOD0002,com/terraformersmc/modmenu/mixin/MixinTitleScreen.class,CLASS,,mixinextras:expression,mixinextras
MOD0002,com/terraformersmc/modmenu/mixin/MixinTitleScreen.class,CLASS,,width:i,width
MOD0002,com/terraformersmc/modmenu/util/mod/fabric/FabricMod.class,CLASS,,fabric-loom:generated,fabric-loom
MOD0002,com/terraformersmc/modmenu/util/mod/fabric/FabricMod.class,CLASS,,fabric-api:module-lifecycle,fabric-api
MOD0002,com/terraformersmc/modmenu/util/mod/fabric/FabricMod.class,CLASS,,patchwork:patchermeta,patchwork
MOD0002,com/terraformersmc/modmenu/util/mod/fabric/FabricMod.class,CLASS,,https://www.minecraft.net/,https
MOD0002,com/terraformersmc/modmenu/util/mod/fabric/FabricMod.class,CLASS,,https://aka.ms/snapshotbugs,https
MOD0002,com/terraformersmc/modmenu/util/NullScreenFactory.class,CLASS,,s:lnet/minecraft/client/gui/screens/screen,s
MOD0002,com/terraformersmc/modmenu/util/UpdateCheckerUtil.class,CLASS,,https://api.modrinth.com/v2/version_files,https
MOD0002,com/terraformersmc/modmenu/util/UpdateCheckerUtil.class,CLASS,,https://api.modrinth.com/v2/version_files/update,https
MOD0002,com/terraformersmc/modmenu/util/mod/ModrinthUpdateInfo.class,CLASS,,https://modrinth.com/project/,https
MOD0002,com/terraformersmc/modmenu/util/mod/quilt/QuiltLoaderUpdateChecker$QuiltLoaderUpdateInfo.class,CLASS,,https://quiltmc.org/en/install/client,https
MOD0002,com/terraformersmc/modmenu/config/option/ConfigOptionStorage.class,CLASS,,e:ljava/lang/enum,e
MOD0002,com/terraformersmc/modmenu/config/option/ConfigOptionStorage.class,CLASS,,e:ljava/lang/enum,e
MOD0002,com/terraformersmc/modmenu/config/option/ConfigOptionStorage.class,CLASS,,e:ljava/lang/enum,e
MOD0002,com/terraformersmc/modmenu/util/HttpUtil.class,CLASS,,t:ljava/lang/object,t
MOD0003,fabric.mod.json,JSON,homepage,https://minecraft.curseforge.com/projects/fabric-language-kotlin,https
MOD0003,fabric.mod.json,JSON,irc,irc://irc.esper.net,irc
MOD0003,fabric.mod.json,JSON,issues,https://github.com/fabricmc/fabric-language-kotlin/issues,https
MOD0003,fabric.mod.json,JSON,sources,https://github.com/fabricmc/fabric-language-kotlin,https
MOD0003,net/fabricmc/language/kotlin/KotlinLanguageAdapter.class,CLASS,,net.fabricmc:fabric-language-kotlin,net.fabricmc
MOD0003,net/fabricmc/language/kotlin/KotlinLanguageAdapterKt.class,CLASS,,net.fabricmc:fabric-language-kotlin,net.fabricmc
MOD0003,net/fabricmc/language/kotlin/KotlinAdapter.class,CLASS,,net.fabricmc:fabric-language-kotlin,net.fabricmc
MOD0003,net/fabricmc/language/kotlin/KotlinAdapter.class,CLASS,,121:1,121
MOD0003,net/fabricmc/language/kotlin/KotlinAdapter.class,CLASS,,9:122,9
MOD0003,net/fabricmc/language/kotlin/KotlinAdapter.class,CLASS,,2:133,2
MOD0003,net/fabricmc/language/kotlin/KotlinAdapter.class,CLASS,,2:134,2
MOD0003,net/fabricmc/language/kotlin/KotlinAdapter.class,CLASS,,2:131,2
MOD0003,net/fabricmc/language/kotlin/KotlinAdapter.class,CLASS,,1:122,1
MOD0003,net/fabricmc/language/kotlin/KotlinAdapter.class,CLASS,,1:133,1
MOD0003,net/fabricmc/language/kotlin/KotlinAdapter.class,CLASS,,1:134,1
MOD0003,net/fabricmc/language/kotlin/KotlinAdapter.class,CLASS,,1:131,1
MOD0003,net/fabricmc/language/kotlin/KotlinAdapter.class,CLASS,,t:ljava/lang/object,t
MOD0004,fabric.mod.json,JSON,homepage,https://flashyreese.me,https
MOD0004,fabric.mod.json,JSON,homepage,https://github.com/flashyreese/reeses-sodium-options,https
MOD0004,fabric.mod.json,JSON,issues,https://github.com/flashyreese/reeses-sodium-options/issues,https
MOD0004,fabric.mod.json,JSON,sources,https://github.com/flashyreese/reeses-sodium-options.git,https
MOD0004,fabric.mod.json,JSON,modmenu.curseforge,https://curseforge.com/minecraft/mc-mods/reeses-sodium-options,https
MOD0004,fabric.mod.json,JSON,modmenu.discord,https://flashyreese.me/discord,https
MOD0004,fabric.mod.json,JSON,modmenu.donate,https://ko-fi.com/flashyreese,https
MOD0004,fabric.mod.json,JSON,modmenu.github_releases,https://github.com/flashyreese/reeses-sodium-options/releases,https
MOD0004,fabric.mod.json,JSON,modmenu.kofi,https://ko-fi.com/flashyreese,https
MOD0004,fabric.mod.json,JSON,modmenu.modrinth,https://modrinth.com/mod/reeses-sodium-options,https
MOD0004,me/flashyreese/mods/reeses_sodium_options/client/config/ReeseSodiumOptionsConfigEntryPoint.class,CLASS,,https://ko-fi.com/flashyreese,https
MOD0004,me/flashyreese/mods/reeses_sodium_options/client/gui/SodiumVideoOptionsScreen.class,CLASS,,https://caffeinemc.net/donate,https
MOD0004,me/flashyreese/mods/reeses_sodium_options/client/gui/frame/option/EnumOptionRow.class,CLASS,,e:ljava/lang/enum,e
MOD0004,me/flashyreese/mods/reeses_sodium_options/client/search/SearchSession.class,CLASS,,t:ljava/lang/object,t
MOD0004,me/flashyreese/mods/reeses_sodium_options/client/search/SearchIndexContext.class,CLASS,,t:ljava/lang/object,t
MOD0004,me/flashyreese/mods/reeses_sodium_options/client/search/SearchIndex.class,CLASS,,t:ljava/lang/object,t
MOD0004,me/flashyreese/mods/reeses_sodium_options/client/search/SearchIndex.class,CLASS,,t:ljava/lang/object,t
MOD0004,me/flashyreese/mods/reeses_sodium_options/client/search/SearchResult.class,CLASS,,t:ljava/lang/object,t
MOD0004,me/flashyreese/mods/reeses_sodium_options/client/search/SearchIndex$Builder.class,CLASS,,t:ljava/lang/object,t
MOD0004,me/flashyreese/mods/reeses_sodium_options/client/gui/frame/tab/Tab$Builder.class,CLASS,,t:lme/flashyreese/mods/reeses_sodium_options/client/gui/frame/abstractframe,t
MOD0004,me/flashyreese/mods/reeses_sodium_options/client/gui/frame/tab/Tab.class,CLASS,,t:lme/flashyreese/mods/reeses_sodium_options/client/gui/frame/abstractframe,t
MOD0004,me/flashyreese/mods/reeses_sodium_options/client/gui/state/Holder.class,CLASS,,t:ljava/lang/object,t
MOD0005,fabric.mod.json,JSON,homepage,https://www.curseforge.com/minecraft/mc-mods/jei,https
MOD0005,fabric.mod.json,JSON,sources,https://github.com/mezz/justenoughitems,https
MOD0005,assets/jei/lang/sv_se.json,JSON,jei.tooltip.not.enough.space,jei:s,jei
MOD0005,assets/jei/lang/sv_se.json,JSON,jei.tooltip.ingredient.list.disabled,jei:s,jei
MOD0005,assets/jei/lang/sv_se.json,JSON,jei.tooltip.bookmarks.not.enough.space,jei:s,jei
MOD0005,assets/jei/lang/sv_se.json,JSON,jei.chat.error.no.cheat.permission.1,jei:s,jei
MOD0005,assets/jei/lang/sv_se.json,JSON,key.jei.toggleOverlay,jei:s,jei
MOD0005,assets/jei/lang/sv_se.json,JSON,jei.config.client.appearance.centerSearch.description,jei:s,jei
MOD0005,assets/jei/lang/sv_se.json,JSON,jei.config.client.search.searchModIds.description,mod-id:n,mod-id
MOD0005,assets/jei/lang/sv_se.json,JSON,jei.config.modIdFormat.modName.modNameFormat.description,jei:s,jei
MOD0005,assets/jei/lang/sv_se.json,JSON,jei.config.debug.debug.debugIngredientsEnabled.description,jei:s,jei
MOD0005,assets/jei/lang/sv_se.json,JSON,jei.message.copy.recipe.id.failure,id:et,id
MOD0005,assets/jei/lang/fi_fi.json,JSON,jei.tooltip.error.recipe.transfer.no.server,jei:n,jei
MOD0005,assets/jei/lang/fi_fi.json,JSON,jei.chat.error.no.cheat.permission.1,jei:n,jei
MOD0005,assets/jei/lang/fi_fi.json,JSON,jei.config.client.advanced.description,jei:n,jei
MOD0005,assets/jei/lang/fi_fi.json,JSON,jei.config.client.advanced.itemBlacklist.description,jei:n,jei
MOD0005,assets/jei/lang/fi_fi.json,JSON,jei.config.client.advanced.itemBlacklist.description,modinid:nimi,modinid
MOD0005,assets/jei/lang/fi_fi.json,JSON,jei.config.client.appearance.centerSearch.description,jei:n,jei
MOD0005,assets/jei/lang/fi_fi.json,JSON,jei.config.modIdFormat.modName.modNameFormat.description,jei:n,jei
MOD0005,assets/jei/lang/fi_fi.json,JSON,gui.jei.editMode.description,jei:n,jei
MOD0005,mezz/jei/library/gui/recipes/supplier/builder/IngredientSlotBuilder.class,CLASS,,i:ljava/lang/object,i
MOD0005,mezz/jei/library/gui/recipes/supplier/builder/IngredientSlotBuilder.class,CLASS,,i:ljava/lang/object,i
MOD0005,mezz/jei/library/gui/recipes/supplier/builder/IngredientSlotBuilder.class,CLASS,,i:ljava/lang/object,i
MOD0005,mezz/jei/library/gui/recipes/supplier/builder/IngredientSlotBuilder.class,CLASS,,i:ljava/lang/object,i
MOD0005,mezz/jei/library/gui/recipes/supplier/builder/IngredientSlotBuilder.class,CLASS,,i:ljava/lang/object,i
MOD0005,mezz/jei/library/gui/recipes/supplier/builder/IngredientSlotBuilder.class,CLASS,,t:ljava/lang/object,t
MOD0005,mezz/jei/common/network/IConnectionToServer.class,CLASS,,t:lmezz/jei/common/network/packets/playtoserverpacket,t
MOD0005,mezz/jei/common/util/function/CachedFunction.class,CLASS,,t:ljava/lang/object,t
MOD0005,mezz/jei/common/util/function/CachedFunction.class,CLASS,,r:ljava/lang/object,r
MOD0005,mezz/jei/api/recipe/transfer/IRecipeTransferInfo.class,CLASS,,c:lnet/minecraft/world/inventory/abstractcontainermenu,c
MOD0005,mezz/jei/api/recipe/transfer/IRecipeTransferInfo.class,CLASS,,r:ljava/lang/object,r
MOD0005,mezz/jei/api/registration/IRecipeTransferRegistration.class,CLASS,,c:lnet/minecraft/world/inventory/abstractcontainermenu,c
MOD0005,mezz/jei/api/registration/IRecipeTransferRegistration.class,CLASS,,r:ljava/lang/object,r
MOD0005,mezz/jei/api/registration/IRecipeTransferRegistration.class,CLASS,,c:lnet/minecraft/world/inventory/abstractcontainermenu,c
MOD0005,mezz/jei/api/registration/IRecipeTransferRegistration.class,CLASS,,r:ljava/lang/object,r
MOD0005,mezz/jei/api/registration/IRecipeTransferRegistration.class,CLASS,,c:lnet/minecraft/world/inventory/abstractcontainermenu,c
MOD0005,mezz/jei/api/registration/IRecipeTransferRegistration.class,CLASS,,r:ljava/lang/object,r
MOD0005,mezz/jei/api/registration/IRecipeTransferRegistration.class,CLASS,,c:lnet/minecraft/world/inventory/abstractcontainermenu,c
MOD0005,mezz/jei/api/gui/handlers/IGuiContainerHandler.class,CLASS,,t:lnet/minecraft/client/gui/screens/inventory/abstractcontainerscreen,t
MOD0005,mezz/jei/common/config/sorting/SortingConfig.class,CLASS,,t:ljava/lang/object,t
MOD0005,mezz/jei/common/config/sorting/SortingConfig.class,CLASS,,v:ljava/lang/object,v
MOD0005,mezz/jei/gui/recipes/CraftingStations.class,CLASS,,t:ljava/lang/object,t
MOD0005,mezz/jei/api/IModPlugin.class,CLASS,,t:ljava/lang/object,t
MOD0005,mezz/jei/gui/bookmarks/BookmarkList.class,CLASS,,t:ljava/lang/object,t
MOD0005,mezz/jei/gui/bookmarks/BookmarkList.class,CLASS,,t:ljava/lang/object,t
MOD0005,mezz/jei/gui/bookmarks/BookmarkList.class,CLASS,,r:ljava/lang/object,r
MOD0005,mezz/jei/gui/ingredients/IngredientListElementFactory.class,CLASS,,v:ljava/lang/object,v
MOD0005,mezz/jei/gui/ingredients/IngredientListElementFactory.class,CLASS,,v:ljava/lang/object,v
MOD0005,mezz/jei/library/ingredients/SimpleIngredientAcceptor.class,CLASS,,t:ljava/lang/object,t
MOD0005,mezz/jei/library/ingredients/SimpleIngredientAcceptor.class,CLASS,,i:ljava/lang/object,i
MOD0005,mezz/jei/library/ingredients/SimpleIngredientAcceptor.class,CLASS,,t:ljava/lang/object,t
MOD0005,mezz/jei/library/ingredients/SimpleIngredientAcceptor.class,CLASS,,i:ljava/lang/object,i
MOD0005,mezz/jei/library/ingredients/SimpleIngredientAcceptor.class,CLASS,,i:ljava/lang/object,i
MOD0005,mezz/jei/library/ingredients/SimpleIngredientAcceptor.class,CLASS,,t:ljava/lang/object,t
MOD0005,mezz/jei/library/ingredients/SimpleIngredientAcceptor.class,CLASS,,t:ljava/lang/object,t
MOD0005,mezz/jei/gui/overlay/ingredients/IngredientGridWithNavigationController.class,CLASS,,t:ljava/lang/object,t
MOD0005,mezz/jei/gui/input/ClickableIngredientInternal.class,CLASS,,v:ljava/lang/object,v
MOD0005,mezz/jei/api/recipe/category/extensions/IRecipeCategoryDecorator.class,CLASS,,t:ljava/lang/object,t
MOD0005,mezz/jei/api/ingredients/IIngredientHelper.class,CLASS,,v:ljava/lang/object,v
MOD0005,mezz/jei/gui/overlay/ConfigButtonController.class,CLASS,,https://www.curseforge.com/minecraft/mc-mods/configured,https
MOD0005,mezz/jei/library/gui/ingredients/RendererOverrides.class,CLASS,,t:ljava/lang/object,t
MOD0005,mezz/jei/library/gui/ingredients/RendererOverrides.class,CLASS,,t:ljava/lang/object,t
MOD0005,mezz/jei/api/recipe/IFocusFactory.class,CLASS,,v:ljava/lang/object,v
MOD0005,mezz/jei/api/recipe/IFocusFactory.class,CLASS,,v:ljava/lang/object,v
MOD0005,mezz/jei/gui/chat/ChatIngredientTooltip$IngredientTooltipData.class,CLASS,,t:ljava/lang/object,t
MOD0005,mezz/jei/library/gui/recipes/RecipesGuiDummy.class,CLASS,,t:ljava/lang/object,t
MOD0005,mezz/jei/library/gui/recipes/RecipesGuiDummy.class,CLASS,,t:ljava/lang/object,t
MOD0005,mezz/jei/api/runtime/IIngredientVisibility.class,CLASS,,v:ljava/lang/object,v
MOD0005,mezz/jei/api/runtime/IIngredientVisibility.class,CLASS,,v:ljava/lang/object,v
MOD0005,mezz/jei/library/recipes/RecipeManagerInternal.class,CLASS,,t:ljava/lang/object,t
MOD0005,mezz/jei/library/recipes/RecipeManagerInternal.class,CLASS,,t:ljava/lang/object,t
MOD0005,mezz/jei/library/recipes/RecipeManagerInternal.class,CLASS,,t:ljava/lang/object,t
MOD0005,mezz/jei/library/recipes/RecipeManagerInternal.class,CLASS,,t:ljava/lang/object,t
MOD0005,mezz/jei/library/recipes/RecipeManagerInternal.class,CLASS,,t:ljava/lang/object,t
MOD0005,mezz/jei/library/recipes/RecipeManagerInternal.class,CLASS,,t:ljava/lang/object,t
MOD0005,mezz/jei/library/recipes/RecipeManagerInternal.class,CLASS,,t:ljava/lang/object,t
MOD0005,mezz/jei/api/runtime/IIngredientFilter.class,CLASS,,t:ljava/lang/object,t
MOD0005,mezz/jei/gui/overlay/ingredients/IIngredientListOverlayContents.class,CLASS,,t:ljava/lang/object,t
MOD0005,mezz/jei/api/recipe/advanced/IRecipeManagerPlugin.class,CLASS,,v:ljava/lang/object,v
MOD0005,mezz/jei/api/recipe/advanced/IRecipeManagerPlugin.class,CLASS,,t:ljava/lang/object,t
MOD0005,mezz/jei/api/recipe/advanced/IRecipeManagerPlugin.class,CLASS,,v:ljava/lang/object,v
MOD0005,mezz/jei/api/recipe/advanced/IRecipeManagerPlugin.class,CLASS,,t:ljava/lang/object,t
MOD0005,mezz/jei/gui/overlay/bookmarks/PreviewTooltipComponent.class,CLASS,,r:ljava/lang/object,r
MOD0005,mezz/jei/api/search/ISearchStorageFactory.class,CLASS,,t:ljava/lang/object,t
MOD0005,mezz/jei/common/search/BakedSubstringIndexBuilder.class,CLASS,,t:ljava/lang/object,t
MOD0005,mezz/jei/gui/ingredients/DisplayNameUtil.class,CLASS,,t:ljava/lang/object,t
MOD0005,mezz/jei/gui/overlay/ingredients/IngredientGrid.class,CLASS,,t:ljava/lang/object,t
MOD0005,mezz/jei/gui/overlay/ingredients/IngredientGrid.class,CLASS,,t:ljava/lang/object,t
MOD0005,mezz/jei/gui/overlay/ingredients/IngredientGrid.class,CLASS,,t:ljava/lang/object,t
MOD0005,mezz/jei/fabric/startup/FabricPluginFinder.class,CLASS,,t:ljava/lang/object,t
MOD0005,mezz/jei/library/gui/helpers/GuiHelper.class,CLASS,,v:ljava/lang/object,v
MOD0005,mezz/jei/library/gui/helpers/GuiHelper.class,CLASS,,v:ljava/lang/object,v
MOD0005,mezz/jei/modshade/net/mezzdev/bakedsubstring/BakedSubstringIndex$Builder.class,CLASS,,t:ljava/lang/object,t
MOD0005,mezz/jei/library/ingredients/subtypes/SubtypeManager.class,CLASS,,t:ljava/lang/object,t
MOD0005,mezz/jei/library/ingredients/subtypes/SubtypeManager.class,CLASS,,b:ljava/lang/object,b
MOD0005,mezz/jei/library/ingredients/subtypes/SubtypeManager.class,CLASS,,t:ljava/lang/object,t
MOD0005,mezz/jei/library/ingredients/subtypes/SubtypeManager.class,CLASS,,t:ljava/lang/object,t
MOD0005,mezz/jei/library/ingredients/subtypes/SubtypeManager.class,CLASS,,b:ljava/lang/object,b
MOD0005,mezz/jei/api/helpers/ICodecHelper.class,CLASS,,t:ljava/lang/object,t
MOD0005,mezz/jei/api/helpers/ICodecHelper.class,CLASS,,t:lnet/minecraft/world/item/crafting/recipeholder,t
MOD0005,mezz/jei/api/helpers/ICodecHelper.class,CLASS,,t:ljava/lang/object,t
MOD0005,mezz/jei/api/ingredients/subtypes/ISubtypeInterpreter.class,CLASS,,t:ljava/lang/object,t
MOD0005,mezz/jei/library/recipes/collect/RecipeIngredientRoleMap.class,CLASS,,t:ljava/lang/object,t
MOD0005,mezz/jei/library/recipes/collect/RecipeIngredientRoleMap.class,CLASS,,t:ljava/lang/object,t
MOD0005,mezz/jei/library/recipes/collect/RecipeIngredientRoleMap.class,CLASS,,t:ljava/lang/object,t
MOD0005,mezz/jei/library/recipes/collect/RecipeIngredientRoleMap.class,CLASS,,t:ljava/lang/object,t
MOD0005,mezz/jei/library/recipes/collect/RecipeIngredientRoleMap.class,CLASS,,t:ljava/lang/object,t
MOD0005,mezz/jei/library/recipes/collect/RecipeIngredientRoleMap.class,CLASS,,t:ljava/lang/object,t
MOD0005,mezz/jei/gui/ingredients/IListElement.class,CLASS,,v:ljava/lang/object,v
MOD0005,mezz/jei/common/search/ISearchable.class,CLASS,,t:ljava/lang/object,t
MOD0005,mezz/jei/common/network/IConnectionToClient.class,CLASS,,t:lmezz/jei/common/network/packets/playtoclientpacket,t
MOD0005,mezz/jei/api/registration/IIngredientAliasRegistration.class,CLASS,,i:ljava/lang/object,i
MOD0005,mezz/jei/api/registration/IIngredientAliasRegistration.class,CLASS,,b:ljava/lang/object,b
MOD0005,mezz/jei/api/registration/IIngredientAliasRegistration.class,CLASS,,i:ljava/lang/object,i
MOD0005,mezz/jei/api/registration/IIngredientAliasRegistration.class,CLASS,,i:ljava/lang/object,i
MOD0005,mezz/jei/api/registration/IIngredientAliasRegistration.class,CLASS,,i:ljava/lang/object,i
MOD0005,mezz/jei/api/registration/IIngredientAliasRegistration.class,CLASS,,b:ljava/lang/object,b
MOD0005,mezz/jei/api/registration/IIngredientAliasRegistration.class,CLASS,,i:ljava/lang/object,i
MOD0005,mezz/jei/api/registration/IIngredientAliasRegistration.class,CLASS,,i:ljava/lang/object,i
MOD0005,mezz/jei/api/registration/IIngredientAliasRegistration.class,CLASS,,i:ljava/lang/object,i
MOD0005,mezz/jei/api/registration/IIngredientAliasRegistration.class,CLASS,,i:ljava/lang/object,i
MOD0005,mezz/jei/api/registration/IIngredientAliasRegistration.class,CLASS,,i:ljava/lang/object,i
MOD0005,mezz/jei/api/registration/IIngredientAliasRegistration.class,CLASS,,i:ljava/lang/object,i
MOD0005,mezz/jei/library/ingredients/TypedIngredient.class,CLASS,,t:ljava/lang/object,t
MOD0005,mezz/jei/library/ingredients/TypedIngredient.class,CLASS,,t:ljava/lang/object,t
MOD0005,mezz/jei/library/ingredients/TypedIngredient.class,CLASS,,t:ljava/lang/object,t
MOD0005,mezz/jei/library/ingredients/TypedIngredient.class,CLASS,,t:ljava/lang/object,t
MOD0005,mezz/jei/library/ingredients/TypedIngredient.class,CLASS,,t:ljava/lang/object,t
MOD0005,mezz/jei/library/ingredients/TypedIngredient.class,CLASS,,t:ljava/lang/object,t
MOD0005,mezz/jei/library/ingredients/TypedIngredient.class,CLASS,,t:ljava/lang/object,t
MOD0005,mezz/jei/library/ingredients/TypedIngredient.class,CLASS,,t:ljava/lang/object,t
MOD0005,mezz/jei/library/ingredients/TypedIngredient.class,CLASS,,t:ljava/lang/object,t
MOD0005,mezz/jei/library/ingredients/TypedIngredient.class,CLASS,,t:ljava/lang/object,t
MOD0005,mezz/jei/gui/overlay/bookmarks/BookmarkDragManager.class,CLASS,,v:ljava/lang/object,v
MOD0005,mezz/jei/library/load/registration/AdvancedRegistration.class,CLASS,,t:ljava/lang/object,t
MOD0005,mezz/jei/library/load/registration/AdvancedRegistration.class,CLASS,,t:ljava/lang/object,t
MOD0005,mezz/jei/common/util/function/CachedSupplierTransformer.class,CLASS,,t:ljava/lang/object,t
MOD0005,mezz/jei/common/util/function/CachedSupplierTransformer.class,CLASS,,r:ljava/lang/object,r
MOD0005,mezz/jei/common/codecs/EnumCodec.class,CLASS,,t:ljava/lang/enum,t
MOD0005,mezz/jei/library/gui/ingredients/TagContentTooltipComponent.class,CLASS,,t:ljava/lang/object,t
MOD0005,mezz/jei/library/load/registration/RecipeCatalystRegistration.class,CLASS,,t:ljava/lang/object,t
MOD0005,mezz/jei/library/load/registration/RecipeCatalystRegistration.class,CLASS,,t:ljava/lang/object,t
MOD0005,mezz/jei/library/load/registration/RecipeCatalystRegistration.class,CLASS,,t:ljava/lang/object,t
MOD0005,mezz/jei/api/runtime/config/IJeiConfigValueSerializer.class,CLASS,,t:ljava/lang/object,t
MOD0005,mezz/jei/gui/plugins/AbstractContainerScreenHandler.class,CLASS,,t:lnet/minecraft/world/inventory/abstractcontainermenu,t
MOD0005,mezz/jei/common/util/WeakConsumer.class,CLASS,,t:ljava/lang/object,t
MOD0005,mezz/jei/gui/ghost/GhostIngredientQuickMoveManager.class,CLASS,,t:lnet/minecraft/client/gui/screens/screen,t
MOD0005,mezz/jei/gui/ghost/GhostIngredientQuickMoveManager.class,CLASS,,v:ljava/lang/object,v
MOD0005,mezz/jei/gui/ghost/GhostIngredientQuickMoveManager.class,CLASS,,t:lnet/minecraft/client/gui/screens/screen,t
MOD0005,mezz/jei/gui/recipes/RecipeGuiLogic.class,CLASS,,t:ljava/lang/object,t
MOD0005,mezz/jei/gui/overlay/ingredients/IngredientGridWithNavigationController$PageAnchorClickableIngredient.class,CLASS,,t:ljava/lang/object,t
MOD0005,mezz/jei/library/ingredients/itemStacks/TypedItemStack.class,CLASS,,b:ljava/lang/object,b
MOD0005,mezz/jei/library/plugins/vanilla/ingredients/fluid/FluidStackListFactory.class,CLASS,,t:ljava/lang/object,t
MOD0005,mezz/jei/api/ingredients/subtypes/ISubtypeManager.class,CLASS,,t:ljava/lang/object,t
MOD0005,mezz/jei/api/ingredients/subtypes/ISubtypeManager.class,CLASS,,b:ljava/lang/object,b
MOD0005,mezz/jei/api/ingredients/subtypes/ISubtypeManager.class,CLASS,,t:ljava/lang/object,t
MOD0005,mezz/jei/api/ingredients/subtypes/ISubtypeManager.class,CLASS,,t:ljava/lang/object,t
MOD0005,mezz/jei/api/ingredients/subtypes/ISubtypeManager.class,CLASS,,b:ljava/lang/object,b
MOD0005,mezz/jei/common/codecs/TupleCodec.class,CLASS,,f:ljava/lang/object,f
MOD0005,mezz/jei/common/codecs/TupleCodec.class,CLASS,,s:ljava/lang/object,s
MOD0005,mezz/jei/common/codecs/TupleCodec.class,CLASS,,f:ljava/lang/object,f
MOD0005,mezz/jei/common/codecs/TupleCodec.class,CLASS,,s:ljava/lang/object,s
MOD0005,mezz/jei/common/codecs/TupleCodec.class,CLASS,,t:ljava/lang/object,t
MOD0005,mezz/jei/common/codecs/TupleCodec.class,CLASS,,t:ljava/lang/object,t
MOD0005,mezz/jei/common/codecs/TupleCodec.class,CLASS,,r:ljava/lang/object,r
MOD0005,mezz/jei/library/helpers/ModIdHelper.class,CLASS,,t:ljava/lang/object,t
MOD0005,mezz/jei/gui/recipes/RecipeCategoryIconUtil.class,CLASS,,t:ljava/lang/object,t
MOD0005,mezz/jei/common/network/packets/PlayToServerPacket.class,CLASS,,t:lmezz/jei/common/network/packets/playtoserverpacket,t
MOD0005,mezz/jei/common/input/ClickableIngredientFactory.class,CLASS,,t:ljava/lang/object,t
MOD0005,mezz/jei/common/input/ClickableIngredientFactory.class,CLASS,,t:ljava/lang/object,t
MOD0005,mezz/jei/library/recipes/PluginManager.class,CLASS,,t:ljava/lang/object,t
MOD0005,mezz/jei/library/recipes/PluginManager.class,CLASS,,t:ljava/lang/object,t
MOD0005,mezz/jei/library/recipes/PluginManager.class,CLASS,,t:ljava/lang/object,t
MOD0005,mezz/jei/library/recipes/PluginManager.class,CLASS,,t:ljava/lang/object,t
MOD0005,mezz/jei/library/recipes/PluginManager.class,CLASS,,t:ljava/lang/object,t
MOD0005,mezz/jei/common/collect/ListMultiMap.class,CLASS,,k:ljava/lang/object,k
MOD0005,mezz/jei/common/collect/ListMultiMap.class,CLASS,,v:ljava/lang/object,v
MOD0005,mezz/jei/common/search/BakedSubstringIndexSearchStorage.class,CLASS,,t:ljava/lang/object,t
MOD0005,mezz/jei/common/search/PrefixedSearchable.class,CLASS,,t:ljava/lang/object,t
MOD0005,mezz/jei/common/search/PrefixedSearchable.class,CLASS,,i:ljava/lang/object,i
MOD0005,mezz/jei/gui/ingredients/IngredientFilter.class,CLASS,,v:ljava/lang/object,v
MOD0005,mezz/jei/gui/ingredients/IngredientFilter.class,CLASS,,v:ljava/lang/object,v
MOD0005,mezz/jei/gui/ingredients/IngredientFilter.class,CLASS,,v:ljava/lang/object,v
MOD0005,mezz/jei/gui/ingredients/IngredientFilter.class,CLASS,,v:ljava/lang/object,v
MOD0005,mezz/jei/gui/ingredients/IngredientFilter.class,CLASS,,t:ljava/lang/object,t
MOD0005,mezz/jei/gui/ingredients/IngredientFilter.class,CLASS,,v:ljava/lang/object,v
MOD0005,mezz/jei/gui/ingredients/IngredientFilter.class,CLASS,,t:ljava/lang/object,t
MOD0005,mezz/jei/api/runtime/IRecipesGui.class,CLASS,,v:ljava/lang/object,v
MOD0005,mezz/jei/api/runtime/IRecipesGui.class,CLASS,,t:ljava/lang/object,t
MOD0005,mezz/jei/api/runtime/IRecipesGui.class,CLASS,,t:ljava/lang/object,t
MOD0005,mezz/jei/common/gui/RecipeLayoutDrawableErrored.class,CLASS,,r:ljava/lang/object,r
MOD0005,mezz/jei/common/gui/RecipeLayoutDrawableErrored.class,CLASS,,t:ljava/lang/object,t
MOD0005,mezz/jei/api/runtime/IIngredientManager.class,CLASS,,v:ljava/lang/object,v
MOD0005,mezz/jei/api/runtime/IIngredientManager.class,CLASS,,v:ljava/lang/object,v
MOD0005,mezz/jei/api/runtime/IIngredientManager.class,CLASS,,v:ljava/lang/object,v
MOD0005,mezz/jei/api/runtime/IIngredientManager.class,CLASS,,v:ljava/lang/object,v
MOD0005,mezz/jei/api/runtime/IIngredientManager.class,CLASS,,v:ljava/lang/object,v
MOD0005,mezz/jei/api/runtime/IIngredientManager.class,CLASS,,v:ljava/lang/object,v
MOD0005,mezz/jei/api/runtime/IIngredientManager.class,CLASS,,v:ljava/lang/object,v
MOD0005,mezz/jei/api/runtime/IIngredientManager.class,CLASS,,v:ljava/lang/object,v
MOD0005,mezz/jei/api/runtime/IIngredientManager.class,CLASS,,v:ljava/lang/object,v
MOD0005,mezz/jei/api/runtime/IIngredientManager.class,CLASS,,v:ljava/lang/object,v
MOD0005,mezz/jei/api/runtime/IIngredientManager.class,CLASS,,b:ljava/lang/object,b
MOD0005,mezz/jei/api/runtime/IIngredientManager.class,CLASS,,i:ljava/lang/object,i
MOD0005,mezz/jei/api/runtime/IIngredientManager.class,CLASS,,v:ljava/lang/object,v
MOD0005,mezz/jei/api/runtime/IIngredientManager.class,CLASS,,v:ljava/lang/object,v
MOD0005,mezz/jei/api/runtime/IIngredientManager.class,CLASS,,t:ljava/lang/object,t
MOD0005,mezz/jei/api/runtime/IIngredientManager.class,CLASS,,v:ljava/lang/object,v
MOD0005,mezz/jei/api/runtime/IIngredientManager.class,CLASS,,v:ljava/lang/object,v
MOD0005,mezz/jei/api/runtime/IIngredientManager.class,CLASS,,v:ljava/lang/object,v
MOD0005,mezz/jei/api/runtime/IIngredientManager.class,CLASS,,v:ljava/lang/object,v
MOD0005,mezz/jei/api/runtime/IIngredientManager.class,CLASS,,v:ljava/lang/object,v
MOD0005,mezz/jei/gui/chat/ChatIngredientTooltip.class,CLASS,,t:ljava/lang/object,t
MOD0005,mezz/jei/common/input/ClickableIngredientFactory$WithoutIngredient.class,CLASS,,t:ljava/lang/object,t
MOD0005,mezz/jei/common/input/ClickableIngredientFactory$WithoutIngredient.class,CLASS,,t:ljava/lang/object,t
MOD0005,mezz/jei/library/recipes/RecipeManager.class,CLASS,,r:ljava/lang/object,r
MOD0005,mezz/jei/library/recipes/RecipeManager.class,CLASS,,t:ljava/lang/object,t
MOD0005,mezz/jei/library/recipes/RecipeManager.class,CLASS,,t:ljava/lang/object,t
MOD0005,mezz/jei/library/recipes/RecipeManager.class,CLASS,,t:ljava/lang/object,t
MOD0005,mezz/jei/library/recipes/RecipeManager.class,CLASS,,t:ljava/lang/object,t
MOD0005,mezz/jei/library/recipes/RecipeManager.class,CLASS,,t:ljava/lang/object,t
MOD0005,mezz/jei/library/recipes/RecipeManager.class,CLASS,,t:ljava/lang/object,t
MOD0005,mezz/jei/library/recipes/RecipeManager.class,CLASS,,t:ljava/lang/object,t
MOD0005,mezz/jei/library/recipes/RecipeManager.class,CLASS,,t:ljava/lang/object,t
MOD0005,mezz/jei/library/recipes/RecipeManager.class,CLASS,,t:ljava/lang/object,t
MOD0005,mezz/jei/library/ingredients/subtypes/SubtypeInterpreters.class,CLASS,,b:ljava/lang/object,b
MOD0005,mezz/jei/library/ingredients/subtypes/SubtypeInterpreters.class,CLASS,,i:ljava/lang/object,i
MOD0005,mezz/jei/library/ingredients/subtypes/SubtypeInterpreters.class,CLASS,,b:ljava/lang/object,b
MOD0005,mezz/jei/library/ingredients/subtypes/SubtypeInterpreters.class,CLASS,,i:ljava/lang/object,i
MOD0005,mezz/jei/library/ingredients/subtypes/SubtypeInterpreters.class,CLASS,,b:ljava/lang/object,b
MOD0005,mezz/jei/library/ingredients/subtypes/SubtypeInterpreters.class,CLASS,,i:ljava/lang/object,i
MOD0005,mezz/jei/library/ingredients/subtypes/SubtypeInterpreters.class,CLASS,,b:ljava/lang/object,b
MOD0005,mezz/jei/library/ingredients/subtypes/SubtypeInterpreters.class,CLASS,,t:ljava/lang/object,t
MOD0005,mezz/jei/api/runtime/IScreenHelper.class,CLASS,,t:lnet/minecraft/client/gui/screens/screen,t
MOD0005,mezz/jei/api/runtime/IScreenHelper.class,CLASS,,t:lnet/minecraft/client/gui/screens/screen,t
MOD0005,mezz/jei/common/config/file/IConfigCategoryBuilder.class,CLASS,,t:ljava/lang/enum,t
MOD0005,mezz/jei/common/config/file/IConfigCategoryBuilder.class,CLASS,,t:ljava/lang/object,t
MOD0005,mezz/jei/gui/recipes/layouts/LazyRecipeLayoutList.class,CLASS,,t:ljava/lang/object,t
MOD0005,mezz/jei/library/plugins/jei/tags/TagInfoRecipe.class,CLASS,,b:ljava/lang/object,b
MOD0005,mezz/jei/library/plugins/jei/tags/TagInfoRecipe.class,CLASS,,i:ljava/lang/object,i
MOD0005,mezz/jei/common/gui/IngredientTooltipComponent.class,CLASS,,t:ljava/lang/object,t
MOD0005,mezz/jei/api/recipe/IRecipeLookup.class,CLASS,,r:ljava/lang/object,r
MOD0005,mezz/jei/gui/input/DraggableIngredientInternal.class,CLASS,,v:ljava/lang/object,v
MOD0005,mezz/jei/common/input/ClickableIngredientFactory$WithIngredient.class,CLASS,,t:ljava/lang/object,t
MOD0005,mezz/jei/api/runtime/IIngredientManager$IIngredientListener.class,CLASS,,v:ljava/lang/object,v
MOD0005,mezz/jei/api/registration/ISubtypeRegistration.class,CLASS,,b:ljava/lang/object,b
MOD0005,mezz/jei/api/registration/ISubtypeRegistration.class,CLASS,,i:ljava/lang/object,i
MOD0005,mezz/jei/library/gui/IngredientListOverlayDummy.class,CLASS,,t:ljava/lang/object,t
MOD0005,mezz/jei/library/gui/IngredientListOverlayDummy.class,CLASS,,t:ljava/lang/object,t
MOD0005,mezz/jei/library/recipes/CraftingStationBuilder.class,CLASS,,t:ljava/lang/object,t
MOD0005,mezz/jei/gui/overlay/IngredientListOverlay.class,CLASS,,t:ljava/lang/object,t
MOD0005,mezz/jei/gui/overlay/IngredientListOverlay.class,CLASS,,t:ljava/lang/object,t
MOD0005,mezz/jei/api/runtime/IBookmarkOverlay.class,CLASS,,t:ljava/lang/object,t
MOD0005,mezz/jei/library/transfer/BasicRecipeTransferInfo.class,CLASS,,c:lnet/minecraft/world/inventory/abstractcontainermenu,c
MOD0005,mezz/jei/library/transfer/BasicRecipeTransferInfo.class,CLASS,,r:ljava/lang/object,r
MOD0005,mezz/jei/api/recipe/IFocus.class,CLASS,,v:ljava/lang/object,v
MOD0005,mezz/jei/api/recipe/IFocus.class,CLASS,,t:ljava/lang/object,t
MOD0005,mezz/jei/common/util/RegistryUtil.class,CLASS,,t:ljava/lang/object,t
MOD0005,mezz/jei/gui/bookmarks/BookmarkFactory.class,CLASS,,t:ljava/lang/object,t
MOD0005,mezz/jei/library/recipes/RecipeTransferManager.class,CLASS,,c:lnet/minecraft/world/inventory/abstractcontainermenu,c
MOD0005,mezz/jei/library/recipes/RecipeTransferManager.class,CLASS,,r:ljava/lang/object,r
MOD0005,mezz/jei/library/recipes/RecipeTransferManager.class,CLASS,,c:lnet/minecraft/world/inventory/abstractcontainermenu,c
MOD0005,mezz/jei/library/recipes/RecipeTransferManager.class,CLASS,,c:lnet/minecraft/world/inventory/abstractcontainermenu,c
MOD0005,mezz/jei/library/recipes/RecipeTransferManager.class,CLASS,,r:ljava/lang/object,r
MOD0005,mezz/jei/gui/recipes/lookups/IFocusedRecipes.class,CLASS,,t:ljava/lang/object,t
MOD0005,mezz/jei/api/registration/IRecipeRegistration.class,CLASS,,t:ljava/lang/object,t
MOD0005,mezz/jei/api/registration/IRecipeRegistration.class,CLASS,,t:ljava/lang/object,t
MOD0005,mezz/jei/api/registration/IRecipeRegistration.class,CLASS,,t:ljava/lang/object,t
MOD0005,mezz/jei/fabric/platform/ScreenHelper.class,CLASS,,t:lnet/minecraft/world/inventory/recipebookmenu,t
MOD0005,mezz/jei/api/recipe/advanced/ISimpleRecipeManagerPlugin.class,CLASS,,t:ljava/lang/object,t
MOD0005,mezz/jei/common/gui/IngredientsTooltipComponent$SummaryElement.class,CLASS,,t:ljava/lang/object,t
MOD0005,mezz/jei/common/gui/IngredientsTooltipComponent$SummaryElement.class,CLASS,,t:ljava/lang/object,t
MOD0005,mezz/jei/gui/bookmarks/IngredientBookmark.class,CLASS,,t:ljava/lang/object,t
MOD0005,mezz/jei/api/search/ISearchStorageBuilderFactory.class,CLASS,,t:ljava/lang/object,t
MOD0005,mezz/jei/api/search/ISearchStorageBuilderFactory.class,CLASS,,t:ljava/lang/object,t
MOD0005,mezz/jei/gui/ingredients/IListElementInfo.class,CLASS,,v:ljava/lang/object,v
MOD0005,mezz/jei/library/gui/ingredients/ICycler.class,CLASS,,t:ljava/lang/object,t
MOD0005,mezz/jei/fabric/network/ServerNetworkHandler.class,CLASS,,t:lmezz/jei/common/network/packets/playtoserverpacket,t
MOD0005,mezz/jei/api/gui/IRecipeLayoutDrawable.class,CLASS,,r:ljava/lang/object,r
MOD0005,mezz/jei/api/gui/IRecipeLayoutDrawable.class,CLASS,,t:ljava/lang/object,t
MOD0005,mezz/jei/common/collect/MultiMap.class,CLASS,,k:ljava/lang/object,k
MOD0005,mezz/jei/common/collect/MultiMap.class,CLASS,,v:ljava/lang/object,v
MOD0005,mezz/jei/modshade/net/mezzdev/suffixtree/GeneralizedSuffixTree.class,CLASS,,t:ljava/lang/object,t
MOD0005,mezz/jei/modshade/net/mezzdev/suffixtree/GeneralizedSuffixTree.class,CLASS,,t:ljava/lang/object,t
MOD0005,mezz/jei/modshade/net/mezzdev/suffixtree/GeneralizedSuffixTree.class,CLASS,,t:ljava/lang/object,t
MOD0005,mezz/jei/modshade/net/mezzdev/suffixtree/GeneralizedSuffixTree.class,CLASS,,t:ljava/lang/object,t
MOD0005,mezz/jei/common/input/ClickableIngredient.class,CLASS,,v:ljava/lang/object,v
MOD0005,mezz/jei/gui/ingredients/IngredientFilterApi.class,CLASS,,t:ljava/lang/object,t
MOD0005,mezz/jei/common/platform/Services.class,CLASS,,t:ljava/lang/object,t
MOD0005,mezz/jei/library/transfer/RecipeTransferHandlerHelper.class,CLASS,,c:lnet/minecraft/world/inventory/abstractcontainermenu,c
MOD0005,mezz/jei/library/transfer/RecipeTransferHandlerHelper.class,CLASS,,r:ljava/lang/object,r
MOD0005,mezz/jei/library/transfer/RecipeTransferHandlerHelper.class,CLASS,,c:lnet/minecraft/world/inventory/abstractcontainermenu,c
MOD0005,mezz/jei/library/transfer/RecipeTransferHandlerHelper.class,CLASS,,r:ljava/lang/object,r
MOD0005,mezz/jei/common/recipes/BrewingExtensionHelper.class,CLASS,,r:ljava/lang/object,r
MOD0005,mezz/jei/common/recipes/BrewingExtensionHelper.class,CLASS,,r:ljava/lang/object,r
MOD0005,mezz/jei/common/recipes/BrewingExtensionHelper.class,CLASS,,r:ljava/lang/object,r
MOD0005,mezz/jei/common/recipes/BrewingExtensionHelper.class,CLASS,,r:ljava/lang/object,r
MOD0005,mezz/jei/api/helpers/IPlatformFluidHelper.class,CLASS,,t:ljava/lang/object,t
MOD0005,mezz/jei/gui/overlay/GuiPropertiesCache.class,CLASS,,t:ljava/lang/object,t
MOD0005,mezz/jei/common/collect/Table.class,CLASS,,r:ljava/lang/object,r
MOD0005,mezz/jei/common/collect/Table.class,CLASS,,c:ljava/lang/object,c
MOD0005,mezz/jei/common/collect/Table.class,CLASS,,v:ljava/lang/object,v
MOD0005,mezz/jei/common/collect/Table.class,CLASS,,r:ljava/lang/object,r
MOD0005,mezz/jei/common/collect/Table.class,CLASS,,c:ljava/lang/object,c
MOD0005,mezz/jei/common/collect/Table.class,CLASS,,v:ljava/lang/object,v
MOD0005,mezz/jei/library/ingredients/DisplayIngredientAcceptor.class,CLASS,,i:ljava/lang/object,i
MOD0005,mezz/jei/library/ingredients/DisplayIngredientAcceptor.class,CLASS,,t:ljava/lang/object,t
MOD0005,mezz/jei/library/ingredients/DisplayIngredientAcceptor.class,CLASS,,i:ljava/lang/object,i
MOD0005,mezz/jei/library/ingredients/DisplayIngredientAcceptor.class,CLASS,,t:ljava/lang/object,t
MOD0005,mezz/jei/library/ingredients/DisplayIngredientAcceptor.class,CLASS,,i:ljava/lang/object,i
MOD0005,mezz/jei/library/ingredients/DisplayIngredientAcceptor.class,CLASS,,t:ljava/lang/object,t
MOD0005,mezz/jei/library/ingredients/DisplayIngredientAcceptor.class,CLASS,,t:ljava/lang/object,t
MOD0005,mezz/jei/library/ingredients/DisplayIngredientAcceptor.class,CLASS,,t:ljava/lang/object,t
MOD0005,mezz/jei/api/gui/ingredient/IRecipeSlotView.class,CLASS,,t:ljava/lang/object,t
MOD0005,mezz/jei/api/gui/ingredient/IRecipeSlotView.class,CLASS,,t:ljava/lang/object,t
MOD0005,mezz/jei/api/runtime/config/IJeiConfigListValueSerializer.class,CLASS,,t:ljava/lang/object,t
MOD0005,mezz/jei/common/config/file/ConfigCategoryBuilder.class,CLASS,,t:ljava/lang/object,t
MOD0005,mezz/jei/common/config/file/ConfigCategoryBuilder.class,CLASS,,t:ljava/lang/enum,t
MOD0005,mezz/jei/common/config/file/ConfigCategoryBuilder.class,CLASS,,t:ljava/lang/object,t
MOD0005,mezz/jei/common/util/DelayedExecutor$TrackedFuture.class,CLASS,,t:ljava/lang/object,t
MOD0005,mezz/jei/api/registration/IRecipeCatalystRegistration.class,CLASS,,t:ljava/lang/object,t
MOD0005,mezz/jei/api/registration/IRecipeCatalystRegistration.class,CLASS,,t:ljava/lang/object,t
MOD0005,mezz/jei/api/registration/IRecipeCatalystRegistration.class,CLASS,,t:ljava/lang/object,t
MOD0005,mezz/jei/gui/recipes/RecipeLayoutWithButtons$RecipeLayoutUserInputHandler.class,CLASS,,r:ljava/lang/object,r
MOD0005,mezz/jei/common/gui/IngredientsTooltipComponent.class,CLASS,,t:ljava/lang/object,t
MOD0005,mezz/jei/common/gui/IngredientsTooltipComponent.class,CLASS,,t:ljava/lang/object,t
MOD0005,mezz/jei/fabric/network/ClientNetworkHandler.class,CLASS,,t:lmezz/jei/common/network/packets/playtoclientpacket,t
MOD0005,mezz/jei/api/recipe/ICraftingStationLookup.class,CLASS,,s:ljava/lang/object,s
MOD0005,mezz/jei/common/config/file/serializers/ListSerializer.class,CLASS,,t:ljava/lang/object,t
MOD0005,mezz/jei/library/gui/recipes/OutputSlotTooltipCallback.class,CLASS,,t:ljava/lang/object,t
MOD0005,mezz/jei/api/recipe/IFocusGroup.class,CLASS,,t:ljava/lang/object,t
MOD0005,mezz/jei/api/recipe/IFocusGroup.class,CLASS,,t:ljava/lang/object,t
MOD0005,mezz/jei/common/codecs/TupleCodec$DecoderState.class,CLASS,,t:ljava/lang/object,t
MOD0005,mezz/jei/library/util/IngredientSupplierHelper.class,CLASS,,t:ljava/lang/object,t
MOD0005,mezz/jei/gui/ghost/GhostIngredientDrag.class,CLASS,,t:ljava/lang/object,t
MOD0005,mezz/jei/api/recipe/transfer/IRecipeTransferHandlerHelper.class,CLASS,,c:lnet/minecraft/world/inventory/abstractcontainermenu,c
MOD0005,mezz/jei/api/recipe/transfer/IRecipeTransferHandlerHelper.class,CLASS,,r:ljava/lang/object,r
MOD0005,mezz/jei/api/recipe/transfer/IRecipeTransferHandlerHelper.class,CLASS,,c:lnet/minecraft/world/inventory/abstractcontainermenu,c
MOD0005,mezz/jei/api/recipe/transfer/IRecipeTransferHandlerHelper.class,CLASS,,r:ljava/lang/object,r
MOD0005,mezz/jei/gui/recipes/lookups/FocusedRecipes.class,CLASS,,t:ljava/lang/object,t
MOD0005,mezz/jei/gui/recipes/lookups/FocusedRecipes.class,CLASS,,t:ljava/lang/object,t
MOD0005,mezz/jei/library/load/registration/AdvancedSearchRegistration$1.class,CLASS,,t:ljava/lang/object,t
MOD0005,mezz/jei/api/registration/IExtraIngredientRegistration.class,CLASS,,v:ljava/lang/object,v
MOD0005,mezz/jei/gui/overlay/elements/IngredientBookmarkElement.class,CLASS,,t:ljava/lang/object,t
MOD0005,mezz/jei/common/config/file/JsonArrayFileHelper.class,CLASS,,t:ljava/lang/object,t
MOD0005,mezz/jei/common/config/file/JsonArrayFileHelper.class,CLASS,,t:ljava/lang/object,t
MOD0005,mezz/jei/common/config/file/JsonArrayFileHelper.class,CLASS,,t:ljava/lang/object,t
MOD0005,mezz/jei/gui/overlay/GuiPropertiesCache$GuiPropertiesGetter.class,CLASS,,t:ljava/lang/object,t
MOD0005,mezz/jei/api/gui/handlers/IScreenHandler.class,CLASS,,t:lnet/minecraft/client/gui/screens/screen,t
MOD0005,mezz/jei/library/load/registration/SingleTypeRecipeManagerPluginAdapter.class,CLASS,,t:ljava/lang/object,t
MOD0005,mezz/jei/library/load/registration/SingleTypeRecipeManagerPluginAdapter.class,CLASS,,v:ljava/lang/object,v
MOD0005,mezz/jei/library/load/registration/SingleTypeRecipeManagerPluginAdapter.class,CLASS,,t2:ljava/lang/object,t2
MOD0005,mezz/jei/library/load/registration/SingleTypeRecipeManagerPluginAdapter.class,CLASS,,v:ljava/lang/object,v
MOD0005,mezz/jei/library/load/registration/SingleTypeRecipeManagerPluginAdapter.class,CLASS,,t2:ljava/lang/object,t2
MOD0005,mezz/jei/gui/recipes/RecipesGui.class,CLASS,,t:ljava/lang/object,t
MOD0005,mezz/jei/gui/recipes/RecipesGui.class,CLASS,,t:ljava/lang/object,t
MOD0005,mezz/jei/library/recipes/UniversalRecipeTransferHandlerAdapter.class,CLASS,,c:lnet/minecraft/world/inventory/abstractcontainermenu,c
MOD0005,mezz/jei/library/recipes/UniversalRecipeTransferHandlerAdapter.class,CLASS,,r:ljava/lang/object,r
MOD0005,mezz/jei/api/search/ISearchStorage.class,CLASS,,t:ljava/lang/object,t
MOD0005,mezz/jei/library/ingredients/RegisteredIngredients.class,CLASS,,v:ljava/lang/object,v
MOD0005,mezz/jei/library/ingredients/RegisteredIngredients.class,CLASS,,v:ljava/lang/object,v
MOD0005,mezz/jei/library/ingredients/RegisteredIngredients.class,CLASS,,v:ljava/lang/object,v
MOD0005,mezz/jei/library/ingredients/RegisteredIngredients.class,CLASS,,i:ljava/lang/object,i
MOD0005,mezz/jei/library/ingredients/RegisteredIngredients.class,CLASS,,b:ljava/lang/object,b
MOD0005,mezz/jei/library/gui/BookmarkOverlayDummy.class,CLASS,,t:ljava/lang/object,t
MOD0005,mezz/jei/gui/input/DelegatingClickableIngredientInternal.class,CLASS,,t:ljava/lang/object,t
MOD0005,mezz/jei/common/config/file/serializers/DeserializeResult.class,CLASS,,t:ljava/lang/object,t
MOD0005,mezz/jei/gui/search/IElementSearch.class,CLASS,,t:ljava/lang/object,t
MOD0005,mezz/jei/gui/search/IElementSearch.class,CLASS,,t:ljava/lang/object,t
MOD0005,mezz/jei/api/recipe/category/extensions/IRecipeCategoryExtension.class,CLASS,,t:ljava/lang/object,t
MOD0005,mezz/jei/api/recipe/category/AbstractRecipeCategory.class,CLASS,,t:ljava/lang/object,t
MOD0005,mezz/jei/common/config/file/serializers/EnumSerializer.class,CLASS,,t:ljava/lang/enum,t
MOD0005,mezz/jei/gui/ghost/GhostIngredientReturning.class,CLASS,,t:ljava/lang/object,t
MOD0005,mezz/jei/gui/ghost/GhostIngredientReturning.class,CLASS,,t:ljava/lang/object,t
MOD0005,mezz/jei/library/ingredients/IngredientManager.class,CLASS,,v:ljava/lang/object,v
MOD0005,mezz/jei/library/ingredients/IngredientManager.class,CLASS,,v:ljava/lang/object,v
MOD0005,mezz/jei/library/ingredients/IngredientManager.class,CLASS,,v:ljava/lang/object,v
MOD0005,mezz/jei/library/ingredients/IngredientManager.class,CLASS,,v:ljava/lang/object,v
MOD0005,mezz/jei/library/ingredients/IngredientManager.class,CLASS,,v:ljava/lang/object,v
MOD0005,mezz/jei/library/ingredients/IngredientManager.class,CLASS,,v:ljava/lang/object,v
MOD0005,mezz/jei/library/ingredients/IngredientManager.class,CLASS,,v:ljava/lang/object,v
MOD0005,mezz/jei/library/ingredients/IngredientManager.class,CLASS,,v:ljava/lang/object,v
MOD0005,mezz/jei/library/ingredients/IngredientManager.class,CLASS,,v:ljava/lang/object,v
MOD0005,mezz/jei/library/ingredients/IngredientManager.class,CLASS,,b:ljava/lang/object,b
MOD0005,mezz/jei/library/ingredients/IngredientManager.class,CLASS,,i:ljava/lang/object,i
MOD0005,mezz/jei/library/ingredients/IngredientManager.class,CLASS,,v:ljava/lang/object,v
MOD0005,mezz/jei/library/ingredients/IngredientManager.class,CLASS,,v:ljava/lang/object,v
MOD0005,mezz/jei/library/ingredients/IngredientManager.class,CLASS,,v:ljava/lang/object,v
MOD0005,mezz/jei/library/ingredients/IngredientManager.class,CLASS,,v:ljava/lang/object,v
MOD0005,mezz/jei/library/ingredients/IngredientManager.class,CLASS,,v:ljava/lang/object,v
MOD0005,mezz/jei/library/ingredients/IngredientManager.class,CLASS,,t:ljava/lang/object,t
MOD0005,mezz/jei/common/config/file/IConfigListener.class,CLASS,,t:ljava/lang/object,t
MOD0005,mezz/jei/library/recipes/CraftingStationLookup.class,CLASS,,v:ljava/lang/object,v
MOD0005,mezz/jei/library/load/registration/RecipeRegistration.class,CLASS,,t:ljava/lang/object,t
MOD0005,mezz/jei/library/load/registration/RecipeRegistration.class,CLASS,,t:ljava/lang/object,t
MOD0005,mezz/jei/library/load/registration/RecipeRegistration.class,CLASS,,t:ljava/lang/object,t
MOD0005,mezz/jei/gui/search/ElementSearchLowMem.class,CLASS,,t:ljava/lang/object,t
MOD0005,mezz/jei/gui/search/ElementSearchLowMem.class,CLASS,,t:ljava/lang/object,t
MOD0005,mezz/jei/gui/search/ElementSearchLowMem.class,CLASS,,t:ljava/lang/object,t
MOD0005,mezz/jei/gui/search/ElementSearchLowMem.class,CLASS,,t:ljava/lang/object,t
MOD0005,mezz/jei/library/focus/Focus.class,CLASS,,v:ljava/lang/object,v
MOD0005,mezz/jei/library/focus/Focus.class,CLASS,,t:ljava/lang/object,t
MOD0005,mezz/jei/library/focus/Focus.class,CLASS,,v:ljava/lang/object,v
MOD0005,mezz/jei/library/focus/Focus.class,CLASS,,v:ljava/lang/object,v
MOD0005,mezz/jei/library/focus/Focus.class,CLASS,,v:ljava/lang/object,v
MOD0005,mezz/jei/library/focus/Focus.class,CLASS,,t:ljava/lang/object,t
MOD0005,mezz/jei/library/focus/Focus.class,CLASS,,t:ljava/lang/object,t
MOD0005,mezz/jei/library/plugins/vanilla/cooking/AbstractCookingCategory.class,CLASS,,t:lnet/minecraft/world/item/crafting/abstractcookingrecipe,t
MOD0005,mezz/jei/api/recipe/types/IRecipeType.class,CLASS,,t:ljava/lang/object,t
MOD0005,mezz/jei/api/recipe/types/IRecipeType.class,CLASS,,t:ljava/lang/object,t
MOD0005,mezz/jei/api/recipe/types/IRecipeType.class,CLASS,,t:ljava/lang/object,t
MOD0005,mezz/jei/common/search/GeneralizedSuffixTreeSearchStorage.class,CLASS,,t:ljava/lang/object,t
MOD0005,mezz/jei/gui/input/IClickableIngredientInternal.class,CLASS,,t:ljava/lang/object,t
MOD0005,mezz/jei/gui/search/ElementSearch.class,CLASS,,t:ljava/lang/object,t
MOD0005,mezz/jei/gui/search/ElementSearch.class,CLASS,,t:ljava/lang/object,t
MOD0005,mezz/jei/gui/search/ElementSearch.class,CLASS,,t:ljava/lang/object,t
MOD0005,mezz/jei/gui/search/ElementSearch.class,CLASS,,t:ljava/lang/object,t
MOD0005,mezz/jei/gui/search/ElementSearch.class,CLASS,,t:ljava/lang/object,t
MOD0005,mezz/jei/library/gui/helpers/CraftingGridHelper.class,CLASS,,t:ljava/lang/object,t
MOD0005,mezz/jei/library/gui/helpers/CraftingGridHelper.class,CLASS,,t:ljava/lang/object,t
MOD0005,mezz/jei/library/gui/helpers/CraftingGridHelper.class,CLASS,,t:ljava/lang/object,t
MOD0005,mezz/jei/library/gui/helpers/CraftingGridHelper.class,CLASS,,t:ljava/lang/object,t
MOD0005,mezz/jei/library/gui/helpers/CraftingGridHelper.class,CLASS,,t:ljava/lang/object,t
MOD0005,mezz/jei/api/recipe/transfer/IRecipeTransferHandler.class,CLASS,,c:lnet/minecraft/world/inventory/abstractcontainermenu,c
MOD0005,mezz/jei/api/recipe/transfer/IRecipeTransferHandler.class,CLASS,,r:ljava/lang/object,r
MOD0005,mezz/jei/common/network/packets/PlayToClientPacket.class,CLASS,,t:lmezz/jei/common/network/packets/playtoclientpacket,t
MOD0005,mezz/jei/api/gui/handlers/IGhostIngredientHandler$Target.class,CLASS,,i:ljava/lang/object,i
MOD0005,mezz/jei/library/gui/recipes/RecipeLayout.class,CLASS,,r:ljava/lang/object,r
MOD0005,mezz/jei/library/gui/recipes/RecipeLayout.class,CLASS,,t:ljava/lang/object,t
MOD0005,mezz/jei/library/gui/recipes/RecipeLayout.class,CLASS,,t:ljava/lang/object,t
MOD0005,mezz/jei/common/gui/elements/DrawableIngredient.class,CLASS,,v:ljava/lang/object,v
MOD0005,mezz/jei/library/load/registration/GuiHandlerRegistration.class,CLASS,,t:lnet/minecraft/client/gui/screens/inventory/abstractcontainerscreen,t
MOD0005,mezz/jei/library/load/registration/GuiHandlerRegistration.class,CLASS,,t:lnet/minecraft/client/gui/screens/inventory/abstractcontainerscreen,t
MOD0005,mezz/jei/library/load/registration/GuiHandlerRegistration.class,CLASS,,t:lnet/minecraft/client/gui/screens/screen,t
MOD0005,mezz/jei/library/load/registration/GuiHandlerRegistration.class,CLASS,,t:lnet/minecraft/client/gui/screens/screen,t
MOD0005,mezz/jei/library/load/registration/GuiHandlerRegistration.class,CLASS,,t:lnet/minecraft/client/gui/screens/screen,t
MOD0005,mezz/jei/modshade/net/mezzdev/suffixtree/RootNode.class,CLASS,,t:ljava/lang/object,t
MOD0005,mezz/jei/common/chat/JeiChatItemLinkRecipeLookup.class,CLASS,,t:ljava/lang/object,t
MOD0005,mezz/jei/gui/recipes/lookups/StaticFocusedRecipes.class,CLASS,,t:ljava/lang/object,t
MOD0005,mezz/jei/api/registration/IGuiHandlerRegistration.class,CLASS,,t:lnet/minecraft/client/gui/screens/inventory/abstractcontainerscreen,t
MOD0005,mezz/jei/api/registration/IGuiHandlerRegistration.class,CLASS,,t:lnet/minecraft/client/gui/screens/inventory/abstractcontainerscreen,t
MOD0005,mezz/jei/api/registration/IGuiHandlerRegistration.class,CLASS,,t:lnet/minecraft/client/gui/screens/screen,t
MOD0005,mezz/jei/api/registration/IGuiHandlerRegistration.class,CLASS,,t:lnet/minecraft/client/gui/screens/screen,t
MOD0005,mezz/jei/api/registration/IGuiHandlerRegistration.class,CLASS,,t:lnet/minecraft/client/gui/screens/inventory/abstractcontainerscreen,t
MOD0005,mezz/jei/api/registration/IGuiHandlerRegistration.class,CLASS,,t:lnet/minecraft/client/gui/screens/screen,t
MOD0005,mezz/jei/gui/overlay/elements/IElement.class,CLASS,,t:ljava/lang/object,t
MOD0005,mezz/jei/library/ingredients/TypedIngredientSet.class,CLASS,,t:ljava/lang/object,t
MOD0005,mezz/jei/api/recipe/advanced/IRecipeButtonControllerFactory.class,CLASS,,t:ljava/lang/object,t
MOD0005,mezz/jei/api/helpers/IModIdHelper.class,CLASS,,t:ljava/lang/object,t
MOD0005,mezz/jei/api/recipe/category/IRecipeCategory.class,CLASS,,t:ljava/lang/object,t
MOD0005,mezz/jei/api/helpers/IJeiHelpers.class,CLASS,,t:ljava/lang/object,t
MOD0005,mezz/jei/gui/recipes/IRecipeLayoutWithButtons.class,CLASS,,r:ljava/lang/object,r
MOD0005,mezz/jei/library/config/EditModeConfig.class,CLASS,,v:ljava/lang/object,v
MOD0005,mezz/jei/library/config/EditModeConfig.class,CLASS,,v:ljava/lang/object,v
MOD0005,mezz/jei/library/config/EditModeConfig.class,CLASS,,v:ljava/lang/object,v
MOD0005,mezz/jei/library/config/EditModeConfig.class,CLASS,,v:ljava/lang/object,v
MOD0005,mezz/jei/library/config/EditModeConfig.class,CLASS,,v:ljava/lang/object,v
MOD0005,mezz/jei/library/config/EditModeConfig.class,CLASS,,v:ljava/lang/object,v
MOD0005,mezz/jei/library/config/EditModeConfig.class,CLASS,,v:ljava/lang/object,v
MOD0005,mezz/jei/library/config/EditModeConfig.class,CLASS,,v:ljava/lang/object,v
MOD0005,mezz/jei/library/config/EditModeConfig.class,CLASS,,t:ljava/lang/object,t
MOD0005,mezz/jei/gui/overlay/ingredients/IngredientGridWithNavigation.class,CLASS,,t:ljava/lang/object,t
MOD0005,mezz/jei/library/ingredients/IngredientSet.class,CLASS,,v:ljava/lang/object,v
MOD0005,mezz/jei/modshade/net/mezzdev/bakedsubstring/BakedSubstringIndex.class,CLASS,,t:ljava/lang/object,t
MOD0005,mezz/jei/modshade/net/mezzdev/bakedsubstring/BakedSubstringIndex.class,CLASS,,t:ljava/lang/object,t
MOD0005,mezz/jei/modshade/net/mezzdev/bakedsubstring/BakedSubstringIndex.class,CLASS,,t:ljava/lang/object,t
MOD0005,mezz/jei/common/config/sorting/serializers/ISortingSerializer.class,CLASS,,t:ljava/lang/object,t
MOD0005,mezz/jei/api/recipe/IRecipeManager.class,CLASS,,r:ljava/lang/object,r
MOD0005,mezz/jei/api/recipe/IRecipeManager.class,CLASS,,t:ljava/lang/object,t
MOD0005,mezz/jei/api/recipe/IRecipeManager.class,CLASS,,t:ljava/lang/object,t
MOD0005,mezz/jei/api/recipe/IRecipeManager.class,CLASS,,t:ljava/lang/object,t
MOD0005,mezz/jei/api/recipe/IRecipeManager.class,CLASS,,t:ljava/lang/object,t
MOD0005,mezz/jei/api/recipe/IRecipeManager.class,CLASS,,t:ljava/lang/object,t
MOD0005,mezz/jei/api/recipe/IRecipeManager.class,CLASS,,t:ljava/lang/object,t
MOD0005,mezz/jei/api/recipe/IRecipeManager.class,CLASS,,t:ljava/lang/object,t
MOD0005,mezz/jei/api/recipe/IRecipeManager.class,CLASS,,t:ljava/lang/object,t
MOD0005,mezz/jei/library/plugins/jei/tags/TagInfoRecipeMaker.class,CLASS,,b:ljava/lang/object,b
MOD0005,mezz/jei/library/plugins/jei/tags/TagInfoRecipeMaker.class,CLASS,,i:ljava/lang/object,i
MOD0005,mezz/jei/library/plugins/jei/tags/TagInfoRecipeMaker.class,CLASS,,b:ljava/lang/object,b
MOD0005,mezz/jei/library/plugins/jei/tags/TagInfoRecipeMaker.class,CLASS,,i:ljava/lang/object,i
MOD0005,mezz/jei/library/plugins/jei/tags/TagInfoRecipeMaker.class,CLASS,,b:ljava/lang/object,b
MOD0005,mezz/jei/library/plugins/jei/tags/TagInfoRecipeMaker.class,CLASS,,i:ljava/lang/object,i
MOD0005,mezz/jei/api/runtime/IIngredientVisibility$IListener.class,CLASS,,v:ljava/lang/object,v
MOD0005,mezz/jei/api/runtime/IIngredientVisibility$IListener.class,CLASS,,v:ljava/lang/object,v
MOD0005,mezz/jei/library/recipes/collect/IngredientToRecipesMap.class,CLASS,,r:ljava/lang/object,r
MOD0005,mezz/jei/common/search/SearchStorageBuilderAdapter.class,CLASS,,t:ljava/lang/object,t
MOD0005,mezz/jei/library/ingredients/IngredientInfo.class,CLASS,,t:ljava/lang/object,t
MOD0005,mezz/jei/common/codecs/TypedIngredientCodecs.class,CLASS,,t:ljava/lang/object,t
MOD0005,mezz/jei/common/codecs/TypedIngredientCodecs.class,CLASS,,t:ljava/lang/object,t
MOD0005,mezz/jei/gui/bookmarks/RecipeBookmark.class,CLASS,,r:ljava/lang/object,r
MOD0005,mezz/jei/gui/bookmarks/RecipeBookmark.class,CLASS,,i:ljava/lang/object,i
MOD0005,mezz/jei/gui/bookmarks/RecipeBookmark.class,CLASS,,t:ljava/lang/object,t
MOD0005,mezz/jei/gui/bookmarks/RecipeBookmark.class,CLASS,,t:ljava/lang/object,t
MOD0005,mezz/jei/gui/overlay/elements/IngredientElement.class,CLASS,,t:ljava/lang/object,t
MOD0005,mezz/jei/api/recipe/category/extensions/vanilla/brewing/IBrewingCategoryExtension.class,CLASS,,r:ljava/lang/object,r
MOD0005,mezz/jei/common/search/PrefixInfo$IStringsGetter.class,CLASS,,t:ljava/lang/object,t
MOD0005,mezz/jei/modshade/net/mezzdev/suffixtree/Node.class,CLASS,,t:ljava/lang/object,t
MOD0005,mezz/jei/modshade/net/mezzdev/suffixtree/Node.class,CLASS,,t:ljava/lang/object,t
MOD0005,mezz/jei/gui/recipes/RecipeGuiLayouts.class,CLASS,,r:ljava/lang/object,r
MOD0005,mezz/jei/library/recipes/RecipeLookup.class,CLASS,,r:ljava/lang/object,r
MOD0005,mezz/jei/library/plugins/jei/JeiInternalPlugin.class,CLASS,,b:ljava/lang/object,b
MOD0005,mezz/jei/library/plugins/jei/JeiInternalPlugin.class,CLASS,,b:ljava/lang/object,b
MOD0005,mezz/jei/library/plugins/jei/JeiInternalPlugin.class,CLASS,,i:ljava/lang/object,i
MOD0005,mezz/jei/library/load/registration/RuntimeRegistration$1.class,CLASS,,t:ljava/lang/object,t
MOD0005,mezz/jei/library/gui/GuiContainerHandlers.class,CLASS,,t:lnet/minecraft/client/gui/screens/inventory/abstractcontainerscreen,t
MOD0005,mezz/jei/library/gui/GuiContainerHandlers.class,CLASS,,t:lnet/minecraft/client/gui/screens/inventory/abstractcontainerscreen,t
MOD0005,mezz/jei/library/gui/GuiContainerHandlers.class,CLASS,,t:lnet/minecraft/client/gui/screens/inventory/abstractcontainerscreen,t
MOD0005,mezz/jei/library/gui/GuiContainerHandlers.class,CLASS,,t:lnet/minecraft/client/gui/screens/inventory/abstractcontainerscreen,t
MOD0005,mezz/jei/library/gui/GuiContainerHandlers.class,CLASS,,t:lnet/minecraft/client/gui/screens/inventory/abstractcontainerscreen,t
MOD0005,mezz/jei/library/gui/GuiContainerHandlers.class,CLASS,,c:lnet/minecraft/world/inventory/abstractcontainermenu,c
MOD0005,mezz/jei/library/gui/GuiContainerHandlers.class,CLASS,,t:lnet/minecraft/client/gui/screens/inventory/abstractcontainerscreen,t
MOD0005,mezz/jei/library/gui/recipes/RecipeLayoutInputHandler.class,CLASS,,t:ljava/lang/object,t
MOD0005,mezz/jei/library/plugins/vanilla/VanillaPlugin.class,CLASS,,t:ljava/lang/object,t
MOD0005,mezz/jei/gui/overlay/bookmarks/BookmarkDrag.class,CLASS,,t:ljava/lang/object,t
MOD0005,mezz/jei/gui/ghost/GhostIngredientDrag$HandlerData.class,CLASS,,t:ljava/lang/object,t
MOD0005,mezz/jei/common/util/function/LazySupplier.class,CLASS,,t:ljava/lang/object,t
MOD0005,mezz/jei/api/gui/builder/IIngredientAcceptor.class,CLASS,,i:ljava/lang/object,i
MOD0005,mezz/jei/api/gui/builder/IIngredientAcceptor.class,CLASS,,i:ljava/lang/object,i
MOD0005,mezz/jei/api/gui/builder/IIngredientAcceptor.class,CLASS,,i:ljava/lang/object,i
MOD0005,mezz/jei/api/gui/builder/IIngredientAcceptor.class,CLASS,,i:ljava/lang/object,i
MOD0005,mezz/jei/api/gui/builder/IIngredientAcceptor.class,CLASS,,i:ljava/lang/object,i
MOD0005,mezz/jei/gui/overlay/GuiPropertiesCache$Updater.class,CLASS,,t:ljava/lang/object,t
MOD0005,mezz/jei/common/util/ReflectionUtil.class,CLASS,,t:ljava/lang/object,t
MOD0005,mezz/jei/common/util/ReflectionUtil.class,CLASS,,t:ljava/lang/object,t
MOD0005,mezz/jei/gui/recipes/RecipeLayoutWithButtonsErrored.class,CLASS,,r:ljava/lang/object,r
MOD0005,mezz/jei/library/plugins/vanilla/gui/RecipeBookGuiHandler.class,CLASS,,c:lnet/minecraft/world/inventory/recipebookmenu,c
MOD0005,mezz/jei/library/plugins/vanilla/gui/RecipeBookGuiHandler.class,CLASS,,t:lnet/minecraft/client/gui/screens/inventory/abstractrecipebookscreen,t
MOD0005,mezz/jei/common/chat/JeiChatItemLinks.class,CLASS,,t:ljava/lang/object,t
MOD0005,mezz/jei/common/chat/JeiChatItemLinks.class,CLASS,,t:ljava/lang/object,t
MOD0005,mezz/jei/gui/ingredients/ListElementInfo.class,CLASS,,v:ljava/lang/object,v
MOD0005,mezz/jei/gui/ingredients/ListElementInfo.class,CLASS,,v:ljava/lang/object,v
MOD0005,mezz/jei/gui/ingredients/ListElementInfo.class,CLASS,,v:ljava/lang/object,v
MOD0005,mezz/jei/library/recipes/collect/RecipeTypeData.class,CLASS,,t:ljava/lang/object,t
MOD0005,mezz/jei/library/gui/ingredients/CycleTimer.class,CLASS,,t:ljava/lang/object,t
MOD0005,mezz/jei/api/helpers/IGuiHelper.class,CLASS,,v:ljava/lang/object,v
MOD0005,mezz/jei/api/helpers/IGuiHelper.class,CLASS,,v:ljava/lang/object,v
MOD0005,mezz/jei/fabric/network/ConnectionToServer.class,CLASS,,t:lmezz/jei/common/network/packets/playtoserverpacket,t
MOD0005,mezz/jei/common/search/CombinedSearchables.class,CLASS,,t:ljava/lang/object,t
MOD0005,mezz/jei/library/plugins/vanilla/ingredients/fluid/FluidIngredientHelper.class,CLASS,,t:ljava/lang/object,t
MOD0005,mezz/jei/api/search/ISearchStorageBuilder.class,CLASS,,t:ljava/lang/object,t
MOD0005,mezz/jei/gui/overlay/ingredients/IngredientGridTooltipHelper.class,CLASS,,t:ljava/lang/object,t
MOD0005,mezz/jei/gui/overlay/ingredients/IngredientGridTooltipHelper.class,CLASS,,t:ljava/lang/object,t
MOD0005,mezz/jei/gui/overlay/ingredients/IngredientGridTooltipHelper.class,CLASS,,t:ljava/lang/object,t
MOD0005,mezz/jei/library/load/registration/IngredientManagerBuilder.class,CLASS,,v:ljava/lang/object,v
MOD0005,mezz/jei/library/load/registration/IngredientManagerBuilder.class,CLASS,,v:ljava/lang/object,v
MOD0005,mezz/jei/library/load/registration/IngredientManagerBuilder.class,CLASS,,i:ljava/lang/object,i
MOD0005,mezz/jei/library/load/registration/IngredientManagerBuilder.class,CLASS,,b:ljava/lang/object,b
MOD0005,mezz/jei/library/load/registration/IngredientManagerBuilder.class,CLASS,,i:ljava/lang/object,i
MOD0005,mezz/jei/library/load/registration/IngredientManagerBuilder.class,CLASS,,i:ljava/lang/object,i
MOD0005,mezz/jei/library/load/registration/IngredientManagerBuilder.class,CLASS,,i:ljava/lang/object,i
MOD0005,mezz/jei/library/load/registration/IngredientManagerBuilder.class,CLASS,,b:ljava/lang/object,b
MOD0005,mezz/jei/library/load/registration/IngredientManagerBuilder.class,CLASS,,i:ljava/lang/object,i
MOD0005,mezz/jei/library/load/registration/IngredientManagerBuilder.class,CLASS,,i:ljava/lang/object,i
MOD0005,mezz/jei/library/load/registration/IngredientManagerBuilder.class,CLASS,,i:ljava/lang/object,i
MOD0005,mezz/jei/library/load/registration/IngredientManagerBuilder.class,CLASS,,i:ljava/lang/object,i
MOD0005,mezz/jei/library/load/registration/IngredientManagerBuilder.class,CLASS,,i:ljava/lang/object,i
MOD0005,mezz/jei/library/load/registration/IngredientManagerBuilder.class,CLASS,,i:ljava/lang/object,i
MOD0005,mezz/jei/library/load/registration/IngredientManagerBuilder.class,CLASS,,i:ljava/lang/object,i
MOD0005,mezz/jei/library/load/registration/IngredientManagerBuilder.class,CLASS,,b:ljava/lang/object,b
MOD0005,mezz/jei/library/load/registration/IngredientManagerBuilder.class,CLASS,,i:ljava/lang/object,i
MOD0005,mezz/jei/library/load/registration/IngredientManagerBuilder.class,CLASS,,t:ljava/lang/object,t
MOD0005,mezz/jei/gui/ghost/GhostIngredientDragManager.class,CLASS,,t:lnet/minecraft/client/gui/screens/screen,t
MOD0005,mezz/jei/gui/ghost/GhostIngredientDragManager.class,CLASS,,v:ljava/lang/object,v
MOD0005,mezz/jei/gui/input/handlers/EditInputHandler.class,CLASS,,v:ljava/lang/object,v
MOD0005,mezz/jei/common/config/file/ConfigValue.class,CLASS,,t:ljava/lang/object,t
MOD0005,mezz/jei/gui/recipes/RecipeLayoutWithButtons.class,CLASS,,r:ljava/lang/object,r
MOD0005,mezz/jei/gui/recipes/RecipeLayoutWithButtons.class,CLASS,,t:ljava/lang/object,t
MOD0005,mezz/jei/gui/overlay/bookmarks/BookmarkOverlay.class,CLASS,,t:ljava/lang/object,t
MOD0005,mezz/jei/api/ingredients/IIngredientType.class,CLASS,,t:ljava/lang/object,t
MOD0005,mezz/jei/library/recipes/InternalRecipeManagerPlugin.class,CLASS,,v:ljava/lang/object,v
MOD0005,mezz/jei/library/recipes/InternalRecipeManagerPlugin.class,CLASS,,t:ljava/lang/object,t
MOD0005,mezz/jei/library/recipes/InternalRecipeManagerPlugin.class,CLASS,,v:ljava/lang/object,v
MOD0005,mezz/jei/library/recipes/InternalRecipeManagerPlugin.class,CLASS,,t:ljava/lang/object,t
MOD0005,mezz/jei/common/platform/IPlatformScreenHelper.class,CLASS,,t:lnet/minecraft/world/inventory/recipebookmenu,t
MOD0005,mezz/jei/api/recipe/transfer/IUniversalRecipeTransferHandler.class,CLASS,,c:lnet/minecraft/world/inventory/abstractcontainermenu,c
MOD0005,mezz/jei/api/recipe/IRecipeCatalystLookup.class,CLASS,,s:ljava/lang/object,s
MOD0005,mezz/jei/library/gui/helpers/ScreenHelper.class,CLASS,,t:lnet/minecraft/client/gui/screens/screen,t
MOD0005,mezz/jei/library/gui/helpers/ScreenHelper.class,CLASS,,t:lnet/minecraft/client/gui/screens/inventory/abstractcontainerscreen,t
MOD0005,mezz/jei/library/gui/helpers/ScreenHelper.class,CLASS,,t:lnet/minecraft/client/gui/screens/screen,t
MOD0005,mezz/jei/library/gui/helpers/ScreenHelper.class,CLASS,,t:lnet/minecraft/client/gui/screens/screen,t
MOD0005,mezz/jei/library/gui/helpers/ScreenHelper.class,CLASS,,t:lnet/minecraft/client/gui/screens/screen,t
MOD0005,mezz/jei/library/gui/helpers/ScreenHelper.class,CLASS,,t:lnet/minecraft/client/gui/screens/screen,t
MOD0005,mezz/jei/library/recipes/collect/RecipeTypeDataMap.class,CLASS,,t:ljava/lang/object,t
MOD0005,mezz/jei/library/recipes/collect/RecipeTypeDataMap.class,CLASS,,t:ljava/lang/object,t
MOD0005,mezz/jei/common/gui/JeiTooltip.class,CLASS,,t:ljava/lang/object,t
MOD0005,mezz/jei/common/gui/JeiTooltip.class,CLASS,,t:ljava/lang/object,t
MOD0005,mezz/jei/common/gui/JeiTooltip.class,CLASS,,t:ljava/lang/object,t
MOD0005,mezz/jei/common/gui/JeiTooltip.class,CLASS,,t:ljava/lang/object,t
MOD0005,mezz/jei/api/recipe/RecipeType.class,CLASS,,t:ljava/lang/object,t
MOD0005,mezz/jei/api/recipe/RecipeType.class,CLASS,,t:ljava/lang/object,t
MOD0005,mezz/jei/common/search/LimitedStringStorage.class,CLASS,,t:ljava/lang/object,t
MOD0005,mezz/jei/api/registration/IModIngredientRegistration.class,CLASS,,v:ljava/lang/object,v
MOD0005,mezz/jei/api/gui/ingredient/ICraftingGridHelper.class,CLASS,,t:ljava/lang/object,t
MOD0005,mezz/jei/api/gui/ingredient/ICraftingGridHelper.class,CLASS,,t:ljava/lang/object,t
MOD0005,mezz/jei/api/gui/ingredient/ICraftingGridHelper.class,CLASS,,t:ljava/lang/object,t
MOD0005,mezz/jei/api/gui/ingredient/ICraftingGridHelper.class,CLASS,,t:ljava/lang/object,t
MOD0005,mezz/jei/library/focus/FocusGroup.class,CLASS,,t:ljava/lang/object,t
MOD0005,mezz/jei/library/focus/FocusGroup.class,CLASS,,t:ljava/lang/object,t
MOD0005,mezz/jei/library/gui/recipes/layout/builder/RecipeLayoutBuilder.class,CLASS,,t:ljava/lang/object,t
MOD0005,mezz/jei/gui/bookmarks/BookmarkCodec.class,CLASS,,r:ljava/lang/object,r
MOD0005,mezz/jei/library/ingredients/IngredientFilterApiDummy.class,CLASS,,t:ljava/lang/object,t
MOD0005,mezz/jei/library/util/RecipeDebugUtil.class,CLASS,,t:ljava/lang/object,t
MOD0005,mezz/jei/library/util/RecipeDebugUtil.class,CLASS,,t:ljava/lang/object,t
MOD0005,mezz/jei/common/search/PrefixInfo.class,CLASS,,t:ljava/lang/object,t
MOD0005,mezz/jei/common/search/PrefixInfo.class,CLASS,,i:ljava/lang/object,i
MOD0005,mezz/jei/gui/ingredients/ListElement.class,CLASS,,v:ljava/lang/object,v
MOD0005,mezz/jei/common/search/LimitedStringStorageBuilder.class,CLASS,,t:ljava/lang/object,t
MOD0005,mezz/jei/common/util/DelegatedFuture.class,CLASS,,t:ljava/lang/object,t
MOD0005,mezz/jei/library/plugins/vanilla/ingredients/ItemStackCodecs$1.class,CLASS,,t:ljava/lang/object,t
MOD0005,mezz/jei/library/plugins/vanilla/ingredients/ItemStackCodecs$1.class,CLASS,,t:ljava/lang/object,t
MOD0005,mezz/jei/api/runtime/config/IJeiConfigValueSerializer$IDeserializeResult.class,CLASS,,t:ljava/lang/object,t
MOD0005,mezz/jei/api/recipe/category/extensions/vanilla/brewing/IExtendableBrewingRecipeCategory.class,CLASS,,r:ljava/lang/object,r
MOD0005,mezz/jei/gui/search/ElementPrefixParser$1.class,CLASS,,t:ljava/lang/object,t
MOD0005,mezz/jei/gui/search/ElementPrefixParser$1.class,CLASS,,t:ljava/lang/object,t
MOD0005,mezz/jei/fabric/network/ConnectionToClient.class,CLASS,,t:lmezz/jei/common/network/packets/playtoclientpacket,t
MOD0005,mezz/jei/common/collect/SetMultiMap.class,CLASS,,k:ljava/lang/object,k
MOD0005,mezz/jei/common/collect/SetMultiMap.class,CLASS,,v:ljava/lang/object,v
MOD0005,mezz/jei/api/ingredients/ITypedIngredient.class,CLASS,,t:ljava/lang/object,t
MOD0005,mezz/jei/api/ingredients/ITypedIngredient.class,CLASS,,v:ljava/lang/object,v
MOD0005,mezz/jei/api/ingredients/ITypedIngredient.class,CLASS,,v:ljava/lang/object,v
MOD0005,mezz/jei/api/ingredients/ITypedIngredient.class,CLASS,,v:ljava/lang/object,v
MOD0005,mezz/jei/api/ingredients/ITypedIngredient.class,CLASS,,b:ljava/lang/object,b
MOD0005,mezz/jei/api/gui/handlers/IGhostIngredientHandler.class,CLASS,,t:lnet/minecraft/client/gui/screens/screen,t
MOD0005,mezz/jei/api/gui/handlers/IGhostIngredientHandler.class,CLASS,,i:ljava/lang/object,i
MOD0005,mezz/jei/api/gui/handlers/IGhostIngredientHandler.class,CLASS,,i:ljava/lang/object,i
MOD0005,mezz/jei/common/util/ErrorUtil.class,CLASS,,t:ljava/lang/object,t
MOD0005,mezz/jei/common/util/ErrorUtil.class,CLASS,,t:ljava/lang/object,t
MOD0005,mezz/jei/common/util/ErrorUtil.class,CLASS,,t:ljava/lang/object,t
MOD0005,mezz/jei/common/util/ErrorUtil.class,CLASS,,t:ljava/lang/object,t
MOD0005,mezz/jei/common/util/ErrorUtil.class,CLASS,,t:ljava/lang/object,t
MOD0005,mezz/jei/common/util/ErrorUtil.class,CLASS,,t:ljava/lang/object,t
MOD0005,mezz/jei/common/util/ErrorUtil.class,CLASS,,t:ljava/lang/object,t
MOD0005,mezz/jei/common/util/ErrorUtil.class,CLASS,,t:ljava/lang/object,t
MOD0005,mezz/jei/common/util/ErrorUtil.class,CLASS,,t:ljava/lang/object,t
MOD0005,mezz/jei/common/util/ErrorUtil.class,CLASS,,t:ljava/lang/object,t
MOD0005,mezz/jei/common/gui/IngredientsTooltipComponent$RenderElement.class,CLASS,,t:ljava/lang/object,t
MOD0005,mezz/jei/common/gui/IngredientsTooltipComponent$RenderElement.class,CLASS,,t:ljava/lang/object,t
MOD0005,mezz/jei/library/gui/ingredients/RecipeSlot.class,CLASS,,t:ljava/lang/object,t
MOD0005,mezz/jei/library/gui/ingredients/RecipeSlot.class,CLASS,,t:ljava/lang/object,t
MOD0005,mezz/jei/library/gui/ingredients/RecipeSlot.class,CLASS,,t:ljava/lang/object,t
MOD0005,mezz/jei/library/gui/ingredients/RecipeSlot.class,CLASS,,t:ljava/lang/object,t
MOD0005,mezz/jei/library/gui/ingredients/RecipeSlot.class,CLASS,,t:ljava/lang/object,t
MOD0005,mezz/jei/library/gui/ingredients/RecipeSlot.class,CLASS,,t:ljava/lang/object,t
MOD0005,mezz/jei/api/ingredients/IIngredientRenderer.class,CLASS,,t:ljava/lang/object,t
MOD0005,mezz/jei/common/config/file/ConfigSerializer.class,CLASS,,t:ljava/lang/object,t
MOD0005,mezz/jei/gui/ingredients/IngredientSorterComparators.class,CLASS,,v:ljava/lang/object,v
MOD0005,mezz/jei/library/gui/ingredients/CycleTicker.class,CLASS,,t:ljava/lang/object,t
MOD0005,mezz/jei/modshade/net/mezzdev/suffixtree/ISuffixTree.class,CLASS,,t:ljava/lang/object,t
MOD0005,mezz/jei/common/util/TagUtil.class,CLASS,,value:ljava/lang/object,value
MOD0005,mezz/jei/common/util/TagUtil.class,CLASS,,stack:ljava/lang/object,stack
MOD0005,mezz/jei/common/util/TagUtil.class,CLASS,,value:ljava/lang/object,value
MOD0005,mezz/jei/library/gui/GuiContainerHandlers$Entry.class,CLASS,,t:lnet/minecraft/client/gui/screens/inventory/abstractcontainerscreen,t
MOD0005,mezz/jei/gui/input/IDraggableIngredientInternal.class,CLASS,,t:ljava/lang/object,t
MOD0005,mezz/jei/gui/overlay/elements/RecipeBookmarkElement.class,CLASS,,r:ljava/lang/object,r
MOD0005,mezz/jei/gui/overlay/elements/RecipeBookmarkElement.class,CLASS,,i:ljava/lang/object,i
MOD0005,mezz/jei/library/gui/recipes/layout/builder/RecipeSlotBuilder.class,CLASS,,i:ljava/lang/object,i
MOD0005,mezz/jei/library/gui/recipes/layout/builder/RecipeSlotBuilder.class,CLASS,,i:ljava/lang/object,i
MOD0005,mezz/jei/library/gui/recipes/layout/builder/RecipeSlotBuilder.class,CLASS,,i:ljava/lang/object,i
MOD0005,mezz/jei/library/gui/recipes/layout/builder/RecipeSlotBuilder.class,CLASS,,i:ljava/lang/object,i
MOD0005,mezz/jei/library/gui/recipes/layout/builder/RecipeSlotBuilder.class,CLASS,,i:ljava/lang/object,i
MOD0005,mezz/jei/library/gui/recipes/layout/builder/RecipeSlotBuilder.class,CLASS,,t:ljava/lang/object,t
MOD0005,mezz/jei/library/gui/recipes/layout/builder/RecipeSlotBuilder.class,CLASS,,t:ljava/lang/object,t
MOD0005,mezz/jei/library/gui/recipes/layout/builder/RecipeSlotBuilder.class,CLASS,,t:ljava/lang/object,t
MOD0005,mezz/jei/library/gui/recipes/layout/builder/RecipeSlotBuilder.class,CLASS,,t:ljava/lang/object,t
MOD0005,mezz/jei/common/util/Pair.class,CLASS,,a:ljava/lang/object,a
MOD0005,mezz/jei/common/util/Pair.class,CLASS,,b:ljava/lang/object,b
MOD0005,mezz/jei/common/util/SafeIngredientUtil.class,CLASS,,t:ljava/lang/object,t
MOD0005,mezz/jei/common/util/SafeIngredientUtil.class,CLASS,,t:ljava/lang/object,t
MOD0005,mezz/jei/common/util/SafeIngredientUtil.class,CLASS,,t:ljava/lang/object,t
MOD0005,mezz/jei/common/util/SafeIngredientUtil.class,CLASS,,t:ljava/lang/object,t
MOD0005,mezz/jei/common/util/SafeIngredientUtil.class,CLASS,,t:ljava/lang/object,t
MOD0005,mezz/jei/common/util/SafeIngredientUtil.class,CLASS,,t:ljava/lang/object,t
MOD0005,mezz/jei/common/util/SafeIngredientUtil.class,CLASS,,t:ljava/lang/object,t
MOD0005,mezz/jei/library/ingredients/IngredientVisibility.class,CLASS,,v:ljava/lang/object,v
MOD0005,mezz/jei/library/ingredients/IngredientVisibility.class,CLASS,,v:ljava/lang/object,v
MOD0005,mezz/jei/library/ingredients/IngredientVisibility.class,CLASS,,v:ljava/lang/object,v
MOD0005,mezz/jei/library/ingredients/IngredientVisibility.class,CLASS,,v:ljava/lang/object,v
MOD0005,mezz/jei/common/platform/IPlatformFluidHelperInternal.class,CLASS,,t:ljava/lang/object,t
MOD0005,mezz/jei/gui/util/FocusUtil.class,CLASS,,t:ljava/lang/object,t
MOD0005,mezz/jei/library/focus/FocusFactory.class,CLASS,,v:ljava/lang/object,v
MOD0005,mezz/jei/library/focus/FocusFactory.class,CLASS,,v:ljava/lang/object,v
MOD0005,mezz/jei/api/gui/builder/IClickableIngredientFactory.class,CLASS,,t:ljava/lang/object,t
MOD0005,mezz/jei/api/gui/builder/IClickableIngredientFactory.class,CLASS,,t:ljava/lang/object,t
MOD0005,mezz/jei/library/load/registration/RecipeTransferRegistration.class,CLASS,,c:lnet/minecraft/world/inventory/abstractcontainermenu,c
MOD0005,mezz/jei/library/load/registration/RecipeTransferRegistration.class,CLASS,,r:ljava/lang/object,r
MOD0005,mezz/jei/library/load/registration/RecipeTransferRegistration.class,CLASS,,c:lnet/minecraft/world/inventory/abstractcontainermenu,c
MOD0005,mezz/jei/library/load/registration/RecipeTransferRegistration.class,CLASS,,r:ljava/lang/object,r
MOD0005,mezz/jei/library/load/registration/RecipeTransferRegistration.class,CLASS,,c:lnet/minecraft/world/inventory/abstractcontainermenu,c
MOD0005,mezz/jei/library/load/registration/RecipeTransferRegistration.class,CLASS,,r:ljava/lang/object,r
MOD0005,mezz/jei/library/load/registration/RecipeTransferRegistration.class,CLASS,,c:lnet/minecraft/world/inventory/abstractcontainermenu,c
MOD0005,mezz/jei/library/transfer/BasicRecipeTransferHandler.class,CLASS,,c:lnet/minecraft/world/inventory/abstractcontainermenu,c
MOD0005,mezz/jei/library/transfer/BasicRecipeTransferHandler.class,CLASS,,r:ljava/lang/object,r
MOD0005,mezz/jei/library/transfer/BasicRecipeTransferHandler.class,CLASS,,c:lnet/minecraft/world/inventory/abstractcontainermenu,c
MOD0005,mezz/jei/library/transfer/BasicRecipeTransferHandler.class,CLASS,,r:ljava/lang/object,r
MOD0005,mezz/jei/library/transfer/BasicRecipeTransferHandler.class,CLASS,,c:lnet/minecraft/world/inventory/abstractcontainermenu,c
MOD0005,mezz/jei/library/transfer/BasicRecipeTransferHandler.class,CLASS,,r:ljava/lang/object,r
MOD0005,mezz/jei/library/transfer/BasicRecipeTransferHandler.class,CLASS,,c:lnet/minecraft/world/inventory/abstractcontainermenu,c
MOD0005,mezz/jei/library/transfer/BasicRecipeTransferHandler.class,CLASS,,r:ljava/lang/object,r
MOD0005,mezz/jei/common/transfer/RecipeTransferUtil.class,CLASS,,c:lnet/minecraft/world/inventory/abstractcontainermenu,c
MOD0005,mezz/jei/common/transfer/RecipeTransferUtil.class,CLASS,,r:ljava/lang/object,r
MOD0005,mezz/jei/api/registration/IAdvancedRegistration.class,CLASS,,t:ljava/lang/object,t
MOD0005,mezz/jei/api/registration/IAdvancedRegistration.class,CLASS,,t:ljava/lang/object,t
MOD0005,mezz/jei/modshade/net/mezzdev/suffixtree/Pair.class,CLASS,,a:ljava/lang/object,a
MOD0005,mezz/jei/modshade/net/mezzdev/suffixtree/Pair.class,CLASS,,b:ljava/lang/object,b
MOD0005,mezz/jei/common/config/sorting/MappedSortingConfig.class,CLASS,,t:ljava/lang/object,t
MOD0005,mezz/jei/common/config/sorting/MappedSortingConfig.class,CLASS,,v:ljava/lang/object,v
MOD0005,mezz/jei/api/ingredients/IIngredientTypeWithSubtypes.class,CLASS,,b:ljava/lang/object,b
MOD0005,mezz/jei/api/ingredients/IIngredientTypeWithSubtypes.class,CLASS,,i:ljava/lang/object,i
MOD0005,mezz/jei/library/render/FluidTankRenderer.class,CLASS,,t:ljava/lang/object,t
MOD0005,mezz/jei/library/load/PluginLoader.class,CLASS,,t:ljava/lang/object,t
MOD0005,mezz/jei/common/ingredients/ITypedIngredientFactory.class,CLASS,,t:ljava/lang/object,t
MOD0005,mezz/jei/library/plugins/jei/info/IngredientInfoRecipe.class,CLASS,,t:ljava/lang/object,t
MOD0005,mezz/jei/api/gui/builder/IClickableIngredientFactory$IBuilder.class,CLASS,,t:ljava/lang/object,t
MOD0005,mezz/jei/library/runtime/JeiHelpers.class,CLASS,,t:ljava/lang/object,t
MOD0005,mezz/jei/api/runtime/IIngredientListOverlay.class,CLASS,,t:ljava/lang/object,t
MOD0005,mezz/jei/api/runtime/IIngredientListOverlay.class,CLASS,,t:ljava/lang/object,t
MOD0005,mezz/jei/library/helpers/CodecHelper.class,CLASS,,t:ljava/lang/object,t
MOD0005,mezz/jei/library/helpers/CodecHelper.class,CLASS,,t:lnet/minecraft/world/item/crafting/recipeholder,t
MOD0005,mezz/jei/library/helpers/CodecHelper.class,CLASS,,t:ljava/lang/object,t
MOD0005,mezz/jei/library/helpers/CodecHelper.class,CLASS,,t:ljava/lang/object,t
MOD0005,mezz/jei/api/gui/builder/IRecipeSlotBuilder.class,CLASS,,t:ljava/lang/object,t
MOD0005,mezz/jei/api/recipe/transfer/IRecipeTransferManager.class,CLASS,,c:lnet/minecraft/world/inventory/abstractcontainermenu,c
MOD0005,mezz/jei/api/recipe/transfer/IRecipeTransferManager.class,CLASS,,r:ljava/lang/object,r
MOD0005,mezz/jei/gui/recipes/RecipeLayoutWithButtonsErrored$UserInputHandler.class,CLASS,,r:ljava/lang/object,r
MOD0005,mezz/jei/library/ingredients/IngredientBlacklistInternal.class,CLASS,,v:ljava/lang/object,v
MOD0005,mezz/jei/library/ingredients/IngredientBlacklistInternal.class,CLASS,,v:ljava/lang/object,v
MOD0005,mezz/jei/library/ingredients/IngredientBlacklistInternal.class,CLASS,,t:ljava/lang/object,t
MOD0005,mezz/jei/common/network/codecs/EnumStreamCodec.class,CLASS,,t:ljava/lang/enum,t
MOD0005,mezz/jei/library/recipes/collect/RecipeIngredientTable.class,CLASS,,v:ljava/lang/object,v
MOD0005,mezz/jei/library/recipes/collect/RecipeIngredientTable.class,CLASS,,v:ljava/lang/object,v
MOD0005,mezz/jei/gui/overlay/ingredients/IngredientListRenderer.class,CLASS,,t:ljava/lang/object,t
MOD0005,mezz/jei/gui/overlay/ingredients/IngredientListRenderer.class,CLASS,,t:ljava/lang/object,t
MOD0005,mezz/jei/api/ingredients/rendering/BatchRenderElement.class,CLASS,,t:ljava/lang/object,t
MOD0005,mezz/jei/api/recipe/types/IRecipeType$JeiRecipeType.class,CLASS,,t:ljava/lang/object,t
MOD0005,mezz/jei/api/runtime/IEditModeConfig.class,CLASS,,v:ljava/lang/object,v
MOD0005,mezz/jei/api/runtime/IEditModeConfig.class,CLASS,,v:ljava/lang/object,v
MOD0005,mezz/jei/api/runtime/IEditModeConfig.class,CLASS,,v:ljava/lang/object,v
MOD0005,mezz/jei/library/load/registration/SubtypeRegistration.class,CLASS,,b:ljava/lang/object,b
MOD0005,mezz/jei/library/load/registration/SubtypeRegistration.class,CLASS,,i:ljava/lang/object,i
MOD0005,mezz/jei/api/runtime/config/IJeiConfigValue.class,CLASS,,t:ljava/lang/object,t
MOD0005,mezz/jei/api/runtime/IClickableIngredient.class,CLASS,,t:ljava/lang/object,t
MOD0006,fabric.mod.json,JSON,homepage,https://www.curseforge.com/minecraft/mc-mods/geckolib,https
MOD0006,fabric.mod.json,JSON,issues,https://github.com/bernie-g/geckolib/issues,https
MOD0006,fabric.mod.json,JSON,sources,https://github.com/bernie-g/geckolib,https
MOD0006,software/bernie/geckolib/util/JsonUtil.class,CLASS,,t:ljava/lang/object,t
MOD0006,software/bernie/geckolib/util/JsonUtil.class,CLASS,,t:ljava/lang/object,t
MOD0006,software/bernie/geckolib/util/JsonUtil.class,CLASS,,t:ljava/lang/object,t
MOD0006,software/bernie/geckolib/renderer/layer/vanilla/GeoObjectVanillaRenderLayer.class,CLASS,,t:lnet/minecraft/class_1297,t
MOD0006,software/bernie/geckolib/renderer/layer/vanilla/GeoObjectVanillaRenderLayer.class,CLASS,,m:lnet/minecraft/class_583,m
MOD0006,software/bernie/geckolib/renderer/layer/vanilla/GeoObjectVanillaRenderLayer.class,CLASS,,r:lsoftware/bernie/geckolib/renderer/geoobjectrenderer,r
MOD0006,software/bernie/geckolib/renderer/specialty/DynamicGeoEntityRenderer.class,CLASS,,t:lnet/minecraft/class_1297,t
MOD0006,software/bernie/geckolib/loading/math/MolangQueries$Actor.class,CLASS,,t:ljava/lang/object,t
MOD0006,software/bernie/geckolib/renderer/specialty/DyeableGeoArmorRenderer.class,CLASS,,t:lnet/minecraft/class_1792,t
MOD0006,software/bernie/geckolib/platform/GeckoLibFabric.class,CLASS,,t:ljava/lang/object,t
MOD0006,software/bernie/geckolib/animation/keyframe/event/KeyFrameEvent.class,CLASS,,e:lsoftware/bernie/geckolib/animation/keyframe/event/data/keyframedata,e
MOD0006,software/bernie/geckolib/constant/DataTickets.class,CLASS,,d:ljava/lang/object,d
MOD0006,software/bernie/geckolib/mixin/client/HumanoidArmorLayerMixin.class,CLASS,,t:lnet/minecraft/class_1309,t
MOD0006,software/bernie/geckolib/mixin/client/HumanoidArmorLayerMixin.class,CLASS,,m:lnet/minecraft/class_572,m
MOD0006,software/bernie/geckolib/mixin/client/HumanoidArmorLayerMixin.class,CLASS,,a:lnet/minecraft/class_572,a
MOD0006,software/bernie/geckolib/animatable/GeoBlockEntity.class,CLASS,,d:ljava/lang/object,d
MOD0006,software/bernie/geckolib/animatable/GeoBlockEntity.class,CLASS,,d:ljava/lang/object,d
MOD0006,software/bernie/geckolib/renderer/GeoArmorRenderer.class,CLASS,,t:lnet/minecraft/class_1792,t
MOD0006,software/bernie/geckolib/renderer/GeoArmorRenderer.class,CLASS,,i:tt,i
MOD0006,software/bernie/geckolib/util/InternalUtil.class,CLASS,,t:lnet/minecraft/class_1309,t
MOD0006,software/bernie/geckolib/util/InternalUtil.class,CLASS,,m:lnet/minecraft/class_572,m
MOD0006,software/bernie/geckolib/util/InternalUtil.class,CLASS,,a:lnet/minecraft/class_572,a
MOD0006,software/bernie/geckolib/network/packet/SingletonDataSyncPacket.class,CLASS,,d:ljava/lang/object,d
MOD0006,software/bernie/geckolib/constant/dataticket/DataTicket.class,CLASS,,d:ljava/lang/object,d
MOD0006,software/bernie/geckolib/constant/dataticket/DataTicket.class,CLASS,,d:ljava/lang/object,d
MOD0006,software/bernie/geckolib/animation/keyframe/KeyframeLocation.class,CLASS,,t:lsoftware/bernie/geckolib/animation/keyframe/keyframe,t
MOD0006,software/bernie/geckolib/animatable/instance/AnimatableInstanceCache.class,CLASS,,d:ljava/lang/object,d
MOD0006,software/bernie/geckolib/animatable/instance/AnimatableInstanceCache.class,CLASS,,d:ljava/lang/object,d
MOD0006,software/bernie/geckolib/animation/keyframe/KeyframeStack.class,CLASS,,t:lsoftware/bernie/geckolib/animation/keyframe/keyframe,t
MOD0006,software/bernie/geckolib/animation/keyframe/KeyframeStack.class,CLASS,,f:lsoftware/bernie/geckolib/animation/keyframe/keyframe,f
MOD0006,software/bernie/geckolib/util/GeckoLibUtil.class,CLASS,,d:ljava/lang/object,d
MOD0006,software/bernie/geckolib/renderer/GeoEntityRenderer.class,CLASS,,t:lnet/minecraft/class_1297,t
MOD0006,software/bernie/geckolib/renderer/GeoEntityRenderer.class,CLASS,,e:lnet/minecraft/class_1297,e
MOD0006,software/bernie/geckolib/renderer/GeoEntityRenderer.class,CLASS,,m:lnet/minecraft/class_1308,m
MOD0006,software/bernie/geckolib/animation/AnimationState.class,CLASS,,d:ljava/lang/object,d
MOD0006,software/bernie/geckolib/animation/AnimationState.class,CLASS,,d:ljava/lang/object,d
MOD0006,software/bernie/geckolib/renderer/GeoItemRenderer.class,CLASS,,t:lnet/minecraft/class_1792,t
MOD0006,software/bernie/geckolib/renderer/GeoItemRenderer.class,CLASS,,i:tt,i
MOD0006,software/bernie/geckolib/loading/math/function/MathFunction$Factory.class,CLASS,,t:lsoftware/bernie/geckolib/loading/math/function/mathfunction,t
MOD0006,software/bernie/geckolib/cache/GeckoLibCache.class,CLASS,,t:ljava/lang/object,t
MOD0006,software/bernie/geckolib/network/packet/BlockEntityDataSyncPacket.class,CLASS,,d:ljava/lang/object,d
MOD0006,software/bernie/geckolib/service/GeckoLibPlatform.class,CLASS,,t:ljava/lang/object,t
MOD0006,software/bernie/geckolib/animatable/SingletonGeoAnimatable.class,CLASS,,d:ljava/lang/object,d
MOD0006,software/bernie/geckolib/animatable/SingletonGeoAnimatable.class,CLASS,,d:ljava/lang/object,d
MOD0006,software/bernie/geckolib/animatable/SingletonGeoAnimatable.class,CLASS,,d:ljava/lang/object,d
MOD0006,software/bernie/geckolib/animatable/SingletonGeoAnimatable.class,CLASS,,d:ljava/lang/object,d
MOD0006,software/bernie/geckolib/network/GeckoLibNetworkingFabric.class,CLASS,,b:lnet/minecraft/class_2540,b
MOD0006,software/bernie/geckolib/platform/GeckoLibClientFabric.class,CLASS,,t:lnet/minecraft/class_1309,t
MOD0006,software/bernie/geckolib/animation/ContextAwareAnimatableManager.class,CLASS,,c:ljava/lang/object,c
MOD0006,software/bernie/geckolib/animation/ContextAwareAnimatableManager.class,CLASS,,d:ljava/lang/object,d
MOD0006,software/bernie/geckolib/animation/ContextAwareAnimatableManager.class,CLASS,,d:ljava/lang/object,d
MOD0006,software/bernie/geckolib/loading/json/raw/Model.class,CLASS,,minecraft:geometry,minecraft
MOD0006,software/bernie/geckolib/renderer/layer/ItemArmorGeoLayer.class,CLASS,,t:lnet/minecraft/class_1309,t
MOD0006,software/bernie/geckolib/renderer/layer/ItemArmorGeoLayer.class,CLASS,,i:lnet/minecraft/class_1792,i
MOD0006,software/bernie/geckolib/animatable/client/GeoRenderProvider.class,CLASS,,t:lnet/minecraft/class_1309,t
MOD0006,software/bernie/geckolib/loading/math/MolangQueries.class,CLASS,,t:ljava/lang/object,t
MOD0006,software/bernie/geckolib/renderer/layer/vanilla/GeoEntityVanillaRenderLayer.class,CLASS,,a:lnet/minecraft/class_1297,a
MOD0006,software/bernie/geckolib/renderer/layer/vanilla/GeoEntityVanillaRenderLayer.class,CLASS,,t:lnet/minecraft/class_1297,t
MOD0006,software/bernie/geckolib/renderer/layer/vanilla/GeoEntityVanillaRenderLayer.class,CLASS,,m:lnet/minecraft/class_583,m
MOD0006,software/bernie/geckolib/renderer/layer/vanilla/GeoEntityVanillaRenderLayer.class,CLASS,,r:lsoftware/bernie/geckolib/renderer/geoentityrenderer,r
MOD0006,software/bernie/geckolib/renderer/specialty/DynamicGeoItemRenderer.class,CLASS,,t:lnet/minecraft/class_1792,t
MOD0006,software/bernie/geckolib/network/packet/EntityDataSyncPacket.class,CLASS,,d:ljava/lang/object,d
MOD0006,software/bernie/geckolib/animatable/GeoEntity.class,CLASS,,d:ljava/lang/object,d
MOD0006,software/bernie/geckolib/animatable/GeoEntity.class,CLASS,,d:ljava/lang/object,d
MOD0006,software/bernie/geckolib/renderer/GeoReplacedEntityRenderer.class,CLASS,,e:lnet/minecraft/class_1297,e
MOD0006,software/bernie/geckolib/renderer/GeoReplacedEntityRenderer.class,CLASS,,h:lnet/minecraft/class_1297,h
MOD0006,software/bernie/geckolib/renderer/GeoReplacedEntityRenderer.class,CLASS,,m:lnet/minecraft/class_1308,m
MOD0006,software/bernie/geckolib/renderer/GeoBlockRenderer.class,CLASS,,t:lnet/minecraft/class_2586,t
MOD0006,software/bernie/geckolib/animation/AnimatableManager.class,CLASS,,d:ljava/lang/object,d
MOD0006,software/bernie/geckolib/animation/AnimatableManager.class,CLASS,,d:ljava/lang/object,d
MOD0006,software/bernie/geckolib/renderer/layer/vanilla/AttachedAnimatableRenderLayer.class,CLASS,,t:lnet/minecraft/class_1297,t
MOD0006,software/bernie/geckolib/renderer/layer/vanilla/AttachedAnimatableRenderLayer.class,CLASS,,m:lnet/minecraft/class_583,m
MOD0006,software/bernie/geckolib/renderer/specialty/DynamicGeoBlockRenderer.class,CLASS,,t:lnet/minecraft/class_2586,t
MOD0006,software/bernie/geckolib/service/GeckoLibClient.class,CLASS,,t:lnet/minecraft/class_1309,t
MOD0006,software/bernie/geckolib/constant/dataticket/SerializableDataTicket.class,CLASS,,d:ljava/lang/object,d
MOD0006,software/bernie/geckolib/constant/dataticket/SerializableDataTicket.class,CLASS,,e:ljava/lang/enum,e
MOD0006,software/bernie/geckolib/loading/math/MathParser.class,CLASS,,t:lsoftware/bernie/geckolib/loading/math/function/mathfunction,t
MOD0006,software/bernie/geckolib/GeckoLibServices.class,CLASS,,t:ljava/lang/object,t
MOD0006,software/bernie/geckolib/constant/DefaultAnimations.class,CLASS,,t:lnet/minecraft/class_1309,t
MOD0006,software/bernie/geckolib/constant/DefaultAnimations.class,CLASS,,t:lnet/minecraft/class_1309,t
MOD0006,software/bernie/geckolib/constant/DefaultAnimations.class,CLASS,,t:lnet/minecraft/class_1308,t
MOD0006,software/bernie/geckolib/constant/DefaultAnimations.class,CLASS,,t:lnet/minecraft/class_1297,t
MOD0006,software/bernie/geckolib/animatable/client/DeferredGeoRenderProvider.class,CLASS,,t:lnet/minecraft/class_1309,t
MOD0006,software/bernie/geckolib/renderer/layer/vanilla/GeoBlockVanillaRenderLayer.class,CLASS,,a:lnet/minecraft/class_2586,a
MOD0006,software/bernie/geckolib/renderer/layer/vanilla/GeoBlockVanillaRenderLayer.class,CLASS,,t:lnet/minecraft/class_1297,t
MOD0006,software/bernie/geckolib/renderer/layer/vanilla/GeoBlockVanillaRenderLayer.class,CLASS,,m:lnet/minecraft/class_583,m
MOD0006,software/bernie/geckolib/renderer/layer/vanilla/GeoBlockVanillaRenderLayer.class,CLASS,,r:lsoftware/bernie/geckolib/renderer/geoblockrenderer,r
MOD0006,software/bernie/geckolib/animatable/GeoReplacedEntity.class,CLASS,,d:ljava/lang/object,d
MOD0006,software/bernie/geckolib/animatable/GeoReplacedEntity.class,CLASS,,d:ljava/lang/object,d
MOD0006,software/bernie/geckolib/renderer/layer/vanilla/GeoItemVanillaRenderLayer.class,CLASS,,a:lnet/minecraft/class_1792,a
MOD0006,software/bernie/geckolib/renderer/layer/vanilla/GeoItemVanillaRenderLayer.class,CLASS,,t:lnet/minecraft/class_1297,t
MOD0006,software/bernie/geckolib/renderer/layer/vanilla/GeoItemVanillaRenderLayer.class,CLASS,,m:lnet/minecraft/class_583,m
MOD0006,software/bernie/geckolib/renderer/layer/vanilla/GeoItemVanillaRenderLayer.class,CLASS,,r:lsoftware/bernie/geckolib/renderer/geoitemrenderer,r
MOD0006,software/bernie/geckolib/service/GeckoLibNetworking.class,CLASS,,b:lnet/minecraft/class_2540,b
MOD0006,software/bernie/geckolib/service/GeckoLibNetworking.class,CLASS,,d:ljava/lang/object,d
MOD0006,software/bernie/geckolib/service/GeckoLibNetworking.class,CLASS,,d:ljava/lang/object,d
MOD0006,software/bernie/geckolib/service/GeckoLibNetworking.class,CLASS,,d:ljava/lang/object,d
MOD0006,software/bernie/geckolib/service/GeckoLibNetworking.class,CLASS,,d:ljava/lang/object,d
MOD0006,software/bernie/geckolib/service/GeckoLibNetworking.class,CLASS,,d:ljava/lang/object,d
MOD0007,fabric.mod.json,JSON,homepage,https://dapprgames.com/mods,https
MOD0007,fabric.mod.json,JSON,issues,https://github.com/juliand665/dynamic-fps/issues,https
MOD0007,fabric.mod.json,JSON,sources,https://github.com/juliand665/dynamic-fps,https
MOD0008,fabric.mod.json,JSON,homepage,https://www.curseforge.com/minecraft/mc-mods/mouse-tweaks,https
MOD0008,fabric.mod.json,JSON,issues,https://github.com/yalter/mousetweaks/issues,https
MOD0008,fabric.mod.json,JSON,sources,https://github.com/yalter/mousetweaks,https
MOD0009,fabric.mod.json,JSON,sources,https://github.com/dzwdz/chat_heads,https
MOD0009,dzwdz/chat_heads/config/MissingClothConfigScreen.class,CLASS,,https://modrinth.com/mod/cloth-config,https
MOD0009,dzwdz/chat_heads/config/MissingClothConfigScreen.class,CLASS,,https://www.curseforge.com/minecraft/mc-mods/cloth-config,https
MOD0009,dzwdz/chat_heads/ComponentProcessor.class,CLASS,,t:ljava/lang/object,t
MOD0010,assets/owo/nine_patch_textures/button/disabled.json,JSON,texture,owo:textures/gui/buttons.png,owo
MOD0010,assets/owo/nine_patch_textures/scrollbar/vanilla_horizontal_disabled.json,JSON,texture,owo:textures/gui/scrollbar.png,owo
MOD0010,assets/owo/nine_patch_textures/slim_slider_track.json,JSON,texture,owo:textures/gui/slim_slider.png,owo
MOD0010,assets/owo/nine_patch_textures/button/hovered.json,JSON,texture,owo:textures/gui/buttons.png,owo
MOD0010,assets/owo/sounds.json,JSON,sounds,owo:ui_interaction,owo
MOD0010,assets/owo/nine_patch_textures/braid_debug_highlighted.json,JSON,texture,owo:textures/gui/braid_debug_highlighted.png,owo
MOD0010,assets/owo/nine_patch_textures/braid_debug_focused.json,JSON,texture,owo:textures/gui/braid_debug_focused.png,owo
MOD0010,assets/owo/nine_patch_textures/scrollbar/vanilla_horizontal.json,JSON,texture,owo:textures/gui/scrollbar.png,owo
MOD0010,assets/owo/nine_patch_textures/panel/default.json,JSON,texture,owo:textures/gui/panel.png,owo
MOD0010,assets/owo/nine_patch_textures/braid_combobox/disabled.json,JSON,texture,owo:textures/gui/braid_combobox.png,owo
MOD0010,assets/owo/nine_patch_textures/panel/inset.json,JSON,texture,owo:textures/gui/panel_inset.png,owo
MOD0010,assets/owo/nine_patch_textures/panel/dark.json,JSON,texture,owo:textures/gui/dark_panel.png,owo
MOD0010,fabric.mod.json,JSON,modmenu.discord,https://discord.gg/xrwhkktv2d,https
MOD0010,assets/owo/nine_patch_textures/scrollbar/vanilla_vertical_disabled.json,JSON,texture,owo:textures/gui/scrollbar.png,owo
MOD0010,assets/owo/nine_patch_textures/scrollbar/track.json,JSON,texture,owo:textures/gui/scrollbar.png,owo
MOD0010,assets/owo/nine_patch_textures/button/active.json,JSON,texture,owo:textures/gui/buttons.png,owo
MOD0010,assets/owo/nine_patch_textures/scrollbar/vanilla_flat.json,JSON,texture,owo:textures/gui/scrollbar.png,owo
MOD0010,assets/owo/nine_patch_textures/braid_combobox/hovered.json,JSON,texture,owo:textures/gui/braid_combobox.png,owo
MOD0010,assets/owo/nine_patch_textures/scrollbar/vanilla_vertical.json,JSON,texture,owo:textures/gui/scrollbar.png,owo
MOD0010,assets/owo/nine_patch_textures/braid_combobox/active.json,JSON,texture,owo:textures/gui/braid_combobox.png,owo
MOD0010,assets/owo/nine_patch_textures/braid_inspector_selected.json,JSON,texture,owo:textures/gui/braid_inspector_selected.png,owo
MOD0010,io/wispforest/owo/braid/core/LayoutAxis.class,CLASS,,t:ljava/lang/object,t
MOD0010,io/wispforest/owo/braid/core/LayoutAxis.class,CLASS,,t:ljava/lang/object,t
MOD0010,io/wispforest/owo/ui/util/UIErrorToast.class,CLASS,,https://github.com/wisp-forest/owo-lib/issues,https
MOD0010,io/wispforest/owo/mixin/serialization/DelegatingOpsAccessor.class,CLASS,,t:ljava/lang/object,t
MOD0010,io/wispforest/owo/serialization/CodecUtils$CodecAdapter.class,CLASS,,t:ljava/lang/object,t
MOD0010,io/wispforest/owo/serialization/format/nbt/NbtDeserializer$Map.class,CLASS,,v:ljava/lang/object,v
MOD0010,io/wispforest/owo/serialization/format/nbt/NbtDeserializer$Struct.class,CLASS,,f:ljava/lang/object,f
MOD0010,io/wispforest/owo/mixin/serialization/FriendlyByteBufMixin.class,CLASS,,t:ljava/lang/object,t
MOD0010,io/wispforest/owo/mixin/serialization/FriendlyByteBufMixin.class,CLASS,,t:ljava/lang/object,t
MOD0010,io/wispforest/owo/registration/RegistryHelper.class,CLASS,,t:ljava/lang/object,t
MOD0010,io/wispforest/owo/registration/RegistryHelper.class,CLASS,,t:ljava/lang/object,t
MOD0010,io/wispforest/owo/registration/RegistryHelper.class,CLASS,,t:ljava/lang/object,t
MOD0010,io/wispforest/owo/braid/animation/Lerp$Factory.class,CLASS,,t:lio/wispforest/owo/braid/animation/lerp,t
MOD0010,io/wispforest/owo/braid/animation/Lerp$Factory.class,CLASS,,v:ljava/lang/object,v
MOD0010,io/wispforest/owo/braid/core/ListenableValue.class,CLASS,,v:ljava/lang/object,v
MOD0010,io/wispforest/owo/braid/animation/AutomaticallyAnimatedWidget$State.class,CLASS,,l:lio/wispforest/owo/braid/animation/lerp,l
MOD0010,io/wispforest/owo/braid/animation/AutomaticallyAnimatedWidget$State.class,CLASS,,v:ljava/lang/object,v
MOD0010,io/wispforest/owo/braid/animation/AutomaticallyAnimatedWidget$State.class,CLASS,,t:lio/wispforest/owo/braid/animation/automaticallyanimatedwidget,t
MOD0010,io/wispforest/owo/command/EnumArgumentType.class,CLASS,,t:ljava/lang/enum,t
MOD0010,io/wispforest/owo/command/EnumArgumentType.class,CLASS,,t:ljava/lang/enum,t
MOD0010,io/wispforest/owo/command/EnumArgumentType.class,CLASS,,s:ljava/lang/object,s
MOD0010,io/wispforest/owo/command/EnumArgumentType.class,CLASS,,t:ljava/lang/enum,t
MOD0010,io/wispforest/owo/config/ui/OptionComponentFactory.class,CLASS,,t:ljava/lang/object,t
MOD0010,io/wispforest/owo/util/ReflectionUtils.class,CLASS,,c:ljava/lang/object,c
MOD0010,io/wispforest/owo/util/ReflectionUtils.class,CLASS,,c:ljava/lang/object,c
MOD0010,io/wispforest/owo/util/ReflectionUtils.class,CLASS,,c:ljava/lang/object,c
MOD0010,io/wispforest/owo/util/ReflectionUtils.class,CLASS,,c:ljava/lang/object,c
MOD0010,io/wispforest/owo/util/ReflectionUtils.class,CLASS,,f:ljava/lang/object,f
MOD0010,io/wispforest/owo/braid/framework/instance/SingleChildWidgetInstance$ShrinkWrap.class,CLASS,,t:lio/wispforest/owo/braid/framework/widget/instancewidget,t
MOD0010,io/wispforest/owo/serialization/CodecUtils$2.class,CLASS,,t1:ljava/lang/object,t1
MOD0010,io/wispforest/owo/serialization/CodecUtils$2.class,CLASS,,t1:ljava/lang/object,t1
MOD0010,io/wispforest/owo/serialization/CodecUtils$2.class,CLASS,,t1:ljava/lang/object,t1
MOD0010,io/wispforest/owo/mixin/serialization/CompoundTagMixin.class,CLASS,,t:ljava/lang/object,t
MOD0010,io/wispforest/owo/mixin/serialization/CompoundTagMixin.class,CLASS,,t:ljava/lang/object,t
MOD0010,io/wispforest/owo/mixin/serialization/CompoundTagMixin.class,CLASS,,t:ljava/lang/object,t
MOD0010,io/wispforest/owo/mixin/serialization/CompoundTagMixin.class,CLASS,,t:ljava/lang/object,t
MOD0010,io/wispforest/owo/braid/widgets/focus/Focusable$State.class,CLASS,,f:lio/wispforest/owo/braid/widgets/focus/focusable,f
MOD0010,io/wispforest/owo/braid/framework/BuildContext.class,CLASS,,t:ljava/lang/object,t
MOD0010,io/wispforest/owo/braid/framework/BuildContext.class,CLASS,,t:ljava/lang/object,t
MOD0010,io/wispforest/owo/braid/framework/BuildContext.class,CLASS,,t:ljava/lang/object,t
MOD0010,io/wispforest/owo/registration/reflect/FieldProcessingSubject.class,CLASS,,t:ljava/lang/object,t
MOD0010,io/wispforest/owo/braid/framework/instance/MultiChildWidgetInstance.class,CLASS,,t:lio/wispforest/owo/braid/framework/widget/multichildinstancewidget,t
MOD0010,io/wispforest/owo/serialization/OwoDataComponentTypeBuilder.class,CLASS,,t:ljava/lang/object,t
MOD0010,io/wispforest/owo/blockentity/LinearProcessExecutor.class,CLASS,,t:ljava/lang/object,t
MOD0010,io/wispforest/owo/network/OwoNetChannel.class,CLASS,,r:ljava/lang/record,r
MOD0010,io/wispforest/owo/network/OwoNetChannel.class,CLASS,,r:ljava/lang/record,r
MOD0010,io/wispforest/owo/network/OwoNetChannel.class,CLASS,,r:ljava/lang/record,r
MOD0010,io/wispforest/owo/network/OwoNetChannel.class,CLASS,,r:ljava/lang/record,r
MOD0010,io/wispforest/owo/network/OwoNetChannel.class,CLASS,,r:ljava/lang/record,r
MOD0010,io/wispforest/owo/network/OwoNetChannel.class,CLASS,,r:ljava/lang/record,r
MOD0010,io/wispforest/owo/network/OwoNetChannel.class,CLASS,,r:ljava/lang/record,r
MOD0010,io/wispforest/owo/network/OwoNetChannel.class,CLASS,,r:ljava/lang/record,r
MOD0010,io/wispforest/owo/network/OwoNetChannel.class,CLASS,,r:ljava/lang/record,r
MOD0010,io/wispforest/owo/network/OwoNetChannel.class,CLASS,,r:ljava/lang/record,r
MOD0010,io/wispforest/owo/serialization/endec/StructEitherEndec.class,CLASS,,l:ljava/lang/object,l
MOD0010,io/wispforest/owo/serialization/endec/StructEitherEndec.class,CLASS,,r:ljava/lang/object,r
MOD0010,io/wispforest/owo/mixin/AbstractContainerMenuMixin.class,CLASS,,r:ljava/lang/record,r
MOD0010,io/wispforest/owo/mixin/AbstractContainerMenuMixin.class,CLASS,,r:ljava/lang/record,r
MOD0010,io/wispforest/owo/mixin/AbstractContainerMenuMixin.class,CLASS,,t:ljava/lang/object,t
MOD0010,io/wispforest/owo/braid/util/kdl/WidgetEndec.class,CLASS,,w:lio/wispforest/owo/braid/framework/widget/widget,w
MOD0010,io/wispforest/owo/braid/util/kdl/WidgetEndec.class,CLASS,,w:lio/wispforest/owo/braid/framework/widget/widget,w
MOD0010,io/wispforest/owo/command/debug/DumpdataCommand.class,CLASS,,t:ljava/lang/object,t
MOD0010,io/wispforest/owo/serialization/format/nbt/NbtSerializer$Map.class,CLASS,,f:ljava/lang/object,f
MOD0010,io/wispforest/owo/serialization/format/nbt/NbtSerializer$Map.class,CLASS,,v:ljava/lang/object,v
MOD0010,io/wispforest/owo/braid/widgets/cycle/Cycler$CyclerCallback.class,CLASS,,t:ljava/lang/object,t
MOD0010,io/wispforest/owo/braid/widgets/combobox/ComboBoxButtonsState.class,CLASS,,t:ljava/lang/object,t
MOD0010,io/wispforest/owo/mixin/ui/access/EntityRendererAccessor.class,CLASS,,t:lnet/minecraft/world/entity/entity,t
MOD0010,io/wispforest/owo/braid/util/kdl/KdlDeserializer$Struct.class,CLASS,,f:ljava/lang/object,f
MOD0010,io/wispforest/owo/braid/widgets/slider/SliderStyle.class,CLASS,,handlesize:ljava/lang/object,handlesize
MOD0010,io/wispforest/owo/braid/widgets/slider/SliderStyle.class,CLASS,,handlesize:ljava/lang/object,handlesize
MOD0010,io/wispforest/owo/config/ConfigWrapper$SerializationBuilder.class,CLASS,,t:ljava/lang/object,t
MOD0010,io/wispforest/owo/text/InsertingTextContent.class,CLASS,,t:ljava/lang/object,t
MOD0010,io/wispforest/owo/text/InsertingTextContent.class,CLASS,,t:ljava/lang/object,t
MOD0010,io/wispforest/owo/braid/widgets/sharedstate/SharedState.class,CLASS,,t:lio/wispforest/owo/braid/widgets/sharedstate/shareablestate,t
MOD0010,io/wispforest/owo/braid/widgets/sharedstate/SharedState.class,CLASS,,t:lio/wispforest/owo/braid/widgets/sharedstate/shareablestate,t
MOD0010,io/wispforest/owo/braid/widgets/sharedstate/SharedState.class,CLASS,,s:ljava/lang/object,s
MOD0010,io/wispforest/owo/braid/widgets/sharedstate/SharedState.class,CLASS,,t:lio/wispforest/owo/braid/widgets/sharedstate/shareablestate,t
MOD0010,io/wispforest/owo/braid/widgets/sharedstate/SharedState.class,CLASS,,t:lio/wispforest/owo/braid/widgets/sharedstate/shareablestate,t
MOD0010,io/wispforest/owo/util/pond/OwoScreenExtension.class,CLASS,,s:lnet/minecraft/client/gui/screens/screen,s
MOD0010,io/wispforest/owo/braid/util/kdl/KdlDeserializer$Sequence.class,CLASS,,v:ljava/lang/object,v
MOD0010,io/wispforest/owo/braid/widgets/cycle/MessageCyclingButton.class,CLASS,,t:ljava/lang/enum,t
MOD0010,io/wispforest/owo/braid/widgets/cycle/MessageCyclingButton.class,CLASS,,t:ljava/lang/enum,t
MOD0010,io/wispforest/owo/braid/widgets/cycle/MessageCyclingButton.class,CLASS,,t:ljava/lang/enum,t
MOD0010,io/wispforest/owo/braid/widgets/cycle/MessageCyclingButton.class,CLASS,,t:ljava/lang/enum,t
MOD0010,io/wispforest/owo/braid/widgets/cycle/MessageCyclingButton.class,CLASS,,t:ljava/lang/object,t
MOD0010,io/wispforest/owo/serialization/endec/NonNullListEndec$Entry.class,CLASS,,t:ljava/lang/object,t
MOD0010,io/wispforest/owo/config/annotation/Modmenu.class,CLASS,,owo:config,owo
MOD0010,io/wispforest/owo/serialization/format/nbt/NbtDeserializer$Sequence.class,CLASS,,v:ljava/lang/object,v
MOD0010,io/wispforest/owo/client/screens/ScreenhandlerMessageData.class,CLASS,,t:ljava/lang/object,t
MOD0010,io/wispforest/owo/ui/component/UIComponents.class,CLASS,,e:lnet/minecraft/world/entity/entity,e
MOD0010,io/wispforest/owo/ui/component/UIComponents.class,CLASS,,e:lnet/minecraft/world/entity/entity,e
MOD0010,io/wispforest/owo/ui/component/UIComponents.class,CLASS,,t:ljava/lang/object,t
MOD0010,io/wispforest/owo/renderdoc/RenderDoc$CaptureOption.class,CLASS,,t:ljava/lang/object,t
MOD0010,io/wispforest/owo/braid/framework/instance/OptionalChildWidgetInstance$ShrinkWrap.class,CLASS,,t:lio/wispforest/owo/braid/framework/widget/instancewidget,t
MOD0010,io/wispforest/owo/mixin/serialization/DataResultMixin.class,CLASS,,r:ljava/lang/object,r
MOD0010,io/wispforest/owo/network/OwoNetChannel$EnvironmentAccess.class,CLASS,,p:lnet/minecraft/world/entity/player/player,p
MOD0010,io/wispforest/owo/network/OwoNetChannel$EnvironmentAccess.class,CLASS,,r:ljava/lang/object,r
MOD0010,io/wispforest/owo/network/OwoNetChannel$EnvironmentAccess.class,CLASS,,n:ljava/lang/object,n
MOD0010,io/wispforest/owo/registration/reflect/FieldRegistrationHandler.class,CLASS,,t:ljava/lang/object,t
MOD0010,io/wispforest/owo/registration/reflect/FieldRegistrationHandler.class,CLASS,,t:ljava/lang/object,t
MOD0010,io/wispforest/owo/registration/reflect/FieldRegistrationHandler.class,CLASS,,t:ljava/lang/object,t
MOD0010,io/wispforest/owo/registration/reflect/FieldRegistrationHandler.class,CLASS,,t:ljava/lang/object,t
MOD0010,io/wispforest/owo/ui/parsing/UIParsing.class,CLASS,,e:ljava/lang/enum,e
MOD0010,io/wispforest/owo/ui/parsing/UIParsing.class,CLASS,,t:ljava/lang/object,t
MOD0010,io/wispforest/owo/ui/parsing/UIParsing.class,CLASS,,t:ljava/lang/object,t
MOD0010,io/wispforest/owo/serialization/endec/EitherEndec.class,CLASS,,l:ljava/lang/object,l
MOD0010,io/wispforest/owo/serialization/endec/EitherEndec.class,CLASS,,r:ljava/lang/object,r
MOD0010,io/wispforest/owo/blockentity/LinearProcess.class,CLASS,,t:ljava/lang/object,t
MOD0010,io/wispforest/owo/braid/widgets/eventstream/StreamListenerState$SubscriptionData.class,CLASS,,w:ljava/lang/object,w
MOD0010,io/wispforest/owo/braid/widgets/eventstream/StreamListenerState$SubscriptionData.class,CLASS,,t:ljava/lang/object,t
MOD0010,io/wispforest/owo/braid/core/BraidUtils.class,CLASS,,s:ljava/lang/object,s
MOD0010,io/wispforest/owo/braid/core/BraidUtils.class,CLASS,,t:ljava/lang/object,t
MOD0010,io/wispforest/owo/braid/widgets/combobox/ComboBox$State.class,CLASS,,t:ljava/lang/object,t
MOD0010,io/wispforest/owo/mixin/serialization/TagValueOutputMixin.class,CLASS,,t:ljava/lang/object,t
MOD0010,io/wispforest/owo/util/EventSource.class,CLASS,,t:ljava/lang/object,t
MOD0010,io/wispforest/owo/ui/layers/Layer.class,CLASS,,s:lnet/minecraft/client/gui/screens/screen,s
MOD0010,io/wispforest/owo/mixin/ui/MinecraftMixin.class,CLASS,,frametimens:j,frametimens
MOD0010,io/wispforest/owo/mixin/ui/MinecraftMixin.class,CLASS,,window:lcom/mojang/blaze3d/platform/window,window
MOD0010,io/wispforest/owo/braid/widgets/drag/DragArenaInstance.class,CLASS,,w:lio/wispforest/owo/braid/framework/instance/widgetinstance,w
MOD0010,io/wispforest/owo/network/OwoNetChannel$ServerHandle.class,CLASS,,r:ljava/lang/record,r
MOD0010,io/wispforest/owo/network/OwoNetChannel$ServerHandle.class,CLASS,,r:ljava/lang/record,r
MOD0010,io/wispforest/owo/serialization/endec/MinecraftEndecs.class,CLASS,,t:ljava/lang/object,t
MOD0010,io/wispforest/owo/serialization/endec/MinecraftEndecs.class,CLASS,,t:ljava/lang/object,t
MOD0010,io/wispforest/owo/serialization/endec/MinecraftEndecs.class,CLASS,,c:ljava/lang/object,c
MOD0010,io/wispforest/owo/serialization/endec/MinecraftEndecs.class,CLASS,,v:ljava/lang/object,v
MOD0010,io/wispforest/owo/serialization/format/edm/EdmOps.class,CLASS,,u:ljava/lang/object,u
MOD0010,io/wispforest/owo/braid/animation/Lerp.class,CLASS,,t:ljava/lang/object,t
MOD0010,io/wispforest/owo/braid/framework/instance/SingleChildWidgetInstance.class,CLASS,,t:lio/wispforest/owo/braid/framework/widget/instancewidget,t
MOD0010,io/wispforest/owo/mixin/braid/GuiRendererMixin.class,CLASS,,height:i,height
MOD0010,io/wispforest/owo/mixin/braid/GuiRendererMixin.class,CLASS,,guiscale:i,guiscale
MOD0010,io/wispforest/owo/mixin/braid/GuiRendererMixin.class,CLASS,,pictureinpicturerenderers:ljava/util/map,pictureinpicturerenderers
MOD0010,io/wispforest/owo/network/OwoNetChannel$ChannelHandler.class,CLASS,,r:ljava/lang/record,r
MOD0010,io/wispforest/owo/util/pond/OwoSimpleRegistryExtensions.class,CLASS,,t:ljava/lang/object,t
MOD0010,io/wispforest/owo/mixin/serialization/ValueInputMixin.class,CLASS,,t:ljava/lang/object,t
MOD0010,io/wispforest/owo/mixin/serialization/ValueInputMixin.class,CLASS,,t:ljava/lang/object,t
MOD0010,io/wispforest/owo/mixin/serialization/ValueInputMixin.class,CLASS,,t:ljava/lang/object,t
MOD0010,io/wispforest/owo/braid/framework/instance/LeafWidgetInstance.class,CLASS,,t:lio/wispforest/owo/braid/framework/widget/instancewidget,t
MOD0010,io/wispforest/owo/braid/widgets/cycle/Cycler$CyclingWidgetBuilder.class,CLASS,,t:ljava/lang/object,t
MOD0010,io/wispforest/owo/particles/systems/ParticleSystemExecutor.class,CLASS,,t:ljava/lang/object,t
MOD0010,io/wispforest/owo/braid/widgets/combobox/ComboBoxButtons$HighlightableButton$State.class,CLASS,,t:ljava/lang/object,t
MOD0010,io/wispforest/owo/braid/widgets/basic/VisitorWidget$Visitor.class,CLASS,,t:ljava/lang/object,t
MOD0010,io/wispforest/owo/braid/widgets/combobox/ComboBoxButtons$HighlightableButton.class,CLASS,,t:ljava/lang/object,t
MOD0010,io/wispforest/owo/ui/base/BaseOwoContainerScreen.class,CLASS,,s:lnet/minecraft/world/inventory/abstractcontainermenu,s
MOD0010,io/wispforest/owo/util/TagInjector.class,CLASS,,t:ljava/lang/object,t
MOD0010,io/wispforest/owo/util/TagInjector.class,CLASS,,t:ljava/lang/object,t
MOD0010,io/wispforest/owo/serialization/format/nbt/NbtSerializer$Sequence.class,CLASS,,v:ljava/lang/object,v
MOD0010,io/wispforest/owo/serialization/CodecUtils.class,CLASS,,t:ljava/lang/object,t
MOD0010,io/wispforest/owo/serialization/CodecUtils.class,CLASS,,t:ljava/lang/object,t
MOD0010,io/wispforest/owo/serialization/CodecUtils.class,CLASS,,t:ljava/lang/object,t
MOD0010,io/wispforest/owo/serialization/CodecUtils.class,CLASS,,s:ljava/lang/object,s
MOD0010,io/wispforest/owo/serialization/CodecUtils.class,CLASS,,t:ljava/lang/object,t
MOD0010,io/wispforest/owo/serialization/CodecUtils.class,CLASS,,t:ljava/lang/object,t
MOD0010,io/wispforest/owo/serialization/CodecUtils.class,CLASS,,s:ljava/lang/object,s
MOD0010,io/wispforest/owo/serialization/CodecUtils.class,CLASS,,t:ljava/lang/object,t
MOD0010,io/wispforest/owo/serialization/CodecUtils.class,CLASS,,t:ljava/lang/object,t
MOD0010,io/wispforest/owo/serialization/CodecUtils.class,CLASS,,f:ljava/lang/object,f
MOD0010,io/wispforest/owo/serialization/CodecUtils.class,CLASS,,s:ljava/lang/object,s
MOD0010,io/wispforest/owo/serialization/CodecUtils.class,CLASS,,f:ljava/lang/object,f
MOD0010,io/wispforest/owo/serialization/CodecUtils.class,CLASS,,s:ljava/lang/object,s
MOD0010,io/wispforest/owo/serialization/CodecUtils.class,CLASS,,t:ljava/lang/object,t
MOD0010,io/wispforest/owo/serialization/CodecUtils.class,CLASS,,t:ljava/lang/object,t
MOD0010,io/wispforest/owo/serialization/CodecUtils.class,CLASS,,t:ljava/lang/object,t
MOD0010,io/wispforest/owo/serialization/CodecUtils.class,CLASS,,t:ljava/lang/object,t
MOD0010,io/wispforest/owo/serialization/CodecUtils.class,CLASS,,t:ljava/lang/object,t
MOD0010,io/wispforest/owo/serialization/CodecUtils.class,CLASS,,b:lnet/minecraft/network/friendlybytebuf,b
MOD0010,io/wispforest/owo/serialization/CodecUtils.class,CLASS,,t:ljava/lang/object,t
MOD0010,io/wispforest/owo/serialization/CodecUtils.class,CLASS,,t:ljava/lang/object,t
MOD0010,io/wispforest/owo/serialization/CodecUtils.class,CLASS,,t:ljava/lang/object,t
MOD0010,io/wispforest/owo/serialization/CodecUtils.class,CLASS,,t:ljava/lang/object,t
MOD0010,io/wispforest/owo/serialization/CodecUtils.class,CLASS,,t:ljava/lang/object,t
MOD0010,io/wispforest/owo/serialization/CodecUtils.class,CLASS,,t:ljava/lang/object,t
MOD0010,io/wispforest/owo/serialization/CodecUtils.class,CLASS,,t:ljava/lang/object,t
MOD0010,io/wispforest/owo/serialization/CodecUtils.class,CLASS,,t:ljava/lang/object,t
MOD0010,io/wispforest/owo/serialization/CodecUtils.class,CLASS,,t:ljava/lang/object,t
MOD0010,io/wispforest/owo/serialization/CodecUtils.class,CLASS,,t:ljava/lang/object,t
MOD0010,io/wispforest/owo/serialization/CodecUtils.class,CLASS,,t:ljava/lang/object,t
MOD0010,io/wispforest/owo/serialization/CodecUtils.class,CLASS,,t:ljava/lang/object,t
MOD0010,io/wispforest/owo/serialization/CodecUtils.class,CLASS,,t:ljava/lang/object,t
MOD0010,io/wispforest/owo/serialization/CodecUtils.class,CLASS,,t:ljava/lang/object,t
MOD0010,io/wispforest/owo/serialization/CodecUtils.class,CLASS,,v:ljava/lang/object,v
MOD0010,io/wispforest/owo/serialization/CodecUtils.class,CLASS,,t:ljava/lang/object,t
MOD0010,io/wispforest/owo/serialization/CodecUtils.class,CLASS,,v:ljava/lang/object,v
MOD0010,io/wispforest/owo/braid/widgets/cycle/Cycler.class,CLASS,,t:ljava/lang/enum,t
MOD0010,io/wispforest/owo/braid/widgets/cycle/Cycler.class,CLASS,,t:ljava/lang/enum,t
MOD0010,io/wispforest/owo/braid/widgets/cycle/Cycler.class,CLASS,,t:ljava/lang/object,t
MOD0010,io/wispforest/owo/util/ReflectionUtils$FieldConsumer.class,CLASS,,f:ljava/lang/object,f
MOD0010,io/wispforest/owo/braid/widgets/eventstream/BraidEventSource.class,CLASS,,t:ljava/lang/object,t
MOD0010,io/wispforest/owo/serialization/CodecUtils$1.class,CLASS,,d:ljava/lang/object,d
MOD0010,io/wispforest/owo/serialization/CodecUtils$1.class,CLASS,,d:ljava/lang/object,d
MOD0010,io/wispforest/owo/braid/framework/instance/WidgetInstance.class,CLASS,,w:lio/wispforest/owo/braid/framework/instance/widgetinstance,w
MOD0010,io/wispforest/owo/braid/framework/instance/WidgetInstance.class,CLASS,,t:lio/wispforest/owo/braid/framework/widget/instancewidget,t
MOD0010,io/wispforest/owo/braid/widgets/combobox/ComboBox.class,CLASS,,t:ljava/lang/object,t
MOD0010,io/wispforest/owo/braid/animation/AutomaticallyAnimatedWidget$LerpVisitor.class,CLASS,,l:lio/wispforest/owo/braid/animation/lerp,l
MOD0010,io/wispforest/owo/braid/animation/AutomaticallyAnimatedWidget$LerpVisitor.class,CLASS,,v:ljava/lang/object,v
MOD0010,io/wispforest/owo/braid/animation/NullableLerp.class,CLASS,,t:ljava/lang/object,t
MOD0010,io/wispforest/owo/braid/widgets/cycle/CyclingButton.class,CLASS,,t:ljava/lang/enum,t
MOD0010,io/wispforest/owo/braid/widgets/cycle/CyclingButton.class,CLASS,,t:ljava/lang/enum,t
MOD0010,io/wispforest/owo/braid/widgets/cycle/CyclingButton.class,CLASS,,t:ljava/lang/enum,t
MOD0010,io/wispforest/owo/braid/widgets/cycle/CyclingButton.class,CLASS,,t:ljava/lang/enum,t
MOD0010,io/wispforest/owo/braid/widgets/cycle/CyclingButton.class,CLASS,,t:ljava/lang/object,t
MOD0010,io/wispforest/owo/particles/systems/ParticleSystem.class,CLASS,,t:ljava/lang/object,t
MOD0010,io/wispforest/owo/blockentity/LinearProcessExecutor$ProcessStep$Info.class,CLASS,,t:ljava/lang/object,t
MOD0010,io/wispforest/owo/config/ui/component/ListOptionContainer.class,CLASS,,t:ljava/lang/object,t
MOD0010,io/wispforest/owo/braid/framework/widget/Widget.class,CLASS,,t:lio/wispforest/owo/braid/framework/widget/widget,t
MOD0010,io/wispforest/owo/mixin/tweaks/EulaMixin.class,CLASS,,https://account.mojang.com/documents/minecraft_eula,https
MOD0010,io/wispforest/owo/mixin/tweaks/EulaMixin.class,CLASS,,https://account.mojang.com/documents/minecraft_eula,https
MOD0010,io/wispforest/owo/registration/reflect/SimpleFieldProcessingSubject.class,CLASS,,t:ljava/lang/object,t
MOD0010,io/wispforest/owo/mixin/serialization/DataResultMixin$DataResultErrorMixin.class,CLASS,,e:ljava/lang/throwable,e
MOD0010,io/wispforest/owo/mixin/serialization/DataResultMixin$DataResultErrorMixin.class,CLASS,,t:ljava/lang/object,t
MOD0010,io/wispforest/owo/mixin/serialization/DataResultMixin$DataResultErrorMixin.class,CLASS,,r:ljava/lang/object,r
MOD0010,io/wispforest/owo/registration/ComplexRegistryAction.class,CLASS,,t:ljava/lang/object,t
MOD0010,io/wispforest/owo/client/screens/OwoAbstractContainerMenu.class,CLASS,,t:ljava/lang/object,t
MOD0010,io/wispforest/owo/client/screens/OwoAbstractContainerMenu.class,CLASS,,t:ljava/lang/object,t
MOD0010,io/wispforest/owo/client/screens/OwoAbstractContainerMenu.class,CLASS,,r:ljava/lang/record,r
MOD0010,io/wispforest/owo/client/screens/OwoAbstractContainerMenu.class,CLASS,,r:ljava/lang/record,r
MOD0010,io/wispforest/owo/client/screens/OwoAbstractContainerMenu.class,CLASS,,r:ljava/lang/record,r
MOD0010,io/wispforest/owo/client/screens/SyncedProperty.class,CLASS,,t:ljava/lang/object,t
MOD0010,io/wispforest/owo/registration/reflect/AutoRegistryContainer.class,CLASS,,t:ljava/lang/object,t
MOD0010,io/wispforest/owo/registration/reflect/AutoRegistryContainer.class,CLASS,,t:ljava/lang/object,t
MOD0010,io/wispforest/owo/registration/reflect/AutoRegistryContainer.class,CLASS,,t:ljava/lang/object,t
MOD0010,io/wispforest/owo/config/ui/ConfigScreenProviders.class,CLASS,,s:lnet/minecraft/client/gui/screens/screen,s
MOD0010,io/wispforest/owo/braid/framework/widget/WidgetSetupCallback.class,CLASS,,t:lio/wispforest/owo/braid/framework/widget/widget,t
MOD0010,io/wispforest/owo/mixin/serialization/TagValueInputMixin.class,CLASS,,t:ljava/lang/object,t
MOD0010,io/wispforest/owo/mixin/serialization/DataComponentTypeBuilderMixin.class,CLASS,,t:ljava/lang/object,t
MOD0010,io/wispforest/owo/braid/widgets/eventstream/BraidEventStream$Listener.class,CLASS,,t:ljava/lang/object,t
MOD0010,io/wispforest/owo/renderdoc/RenderDoc.class,CLASS,,t:ljava/lang/object,t
MOD0010,io/wispforest/owo/renderdoc/RenderDoc.class,CLASS,,t:ljava/lang/object,t
MOD0010,io/wispforest/owo/config/ConfigWrapper.class,CLASS,,t:ljava/lang/object,t
MOD0010,io/wispforest/owo/config/ConfigWrapper.class,CLASS,,c:ljava/lang/object,c
MOD0010,io/wispforest/owo/braid/widgets/sharedstate/SharedStateStorage$Entry.class,CLASS,,t:lio/wispforest/owo/braid/widgets/sharedstate/shareablestate,t
MOD0010,io/wispforest/owo/braid/widgets/basic/VisitorWidget$Proxy.class,CLASS,,t:lio/wispforest/owo/braid/widgets/basic/visitorwidget,t
MOD0010,io/wispforest/owo/mixin/registry/MappedRegistryMixin.class,CLASS,,t:ljava/lang/object,t
MOD0010,io/wispforest/owo/serialization/endec/NonNullListEndec.class,CLASS,,t:ljava/lang/object,t
MOD0010,io/wispforest/owo/serialization/endec/NonNullListEndec.class,CLASS,,t:ljava/lang/object,t
MOD0010,io/wispforest/owo/ext/DerivedComponentMap.class,CLASS,,t:ljava/lang/object,t
MOD0010,io/wispforest/owo/ui/layers/Layers.class,CLASS,,s:lnet/minecraft/client/gui/screens/screen,s
MOD0010,io/wispforest/owo/ui/layers/Layers.class,CLASS,,s:lnet/minecraft/client/gui/screens/screen,s
MOD0010,io/wispforest/owo/ui/layers/Layers.class,CLASS,,s:lnet/minecraft/client/gui/screens/screen,s
MOD0010,io/wispforest/owo/config/ui/OptionComponents.class,CLASS,,t:ljava/lang/object,t
MOD0010,io/wispforest/owo/ui/base/BaseUIModelContainerScreen.class,CLASS,,s:lnet/minecraft/world/inventory/abstractcontainermenu,s
MOD0010,io/wispforest/owo/braid/framework/proxy/MultiChildInstanceWidgetProxy.class,CLASS,,t:ljava/lang/object,t
MOD0010,io/wispforest/owo/braid/widgets/focus/FocusStateProvider.class,CLASS,,f:lio/wispforest/owo/braid/widgets/focus/focusable,f
MOD0010,io/wispforest/owo/braid/widgets/focus/FocusStateProvider.class,CLASS,,f:lio/wispforest/owo/braid/widgets/focus/focusable,f
MOD0010,io/wispforest/owo/braid/widgets/sharedstate/StateAspect.class,CLASS,,t:ljava/lang/object,t
MOD0010,io/wispforest/owo/network/OwoNetChannel$ClientHandle.class,CLASS,,r:ljava/lang/record,r
MOD0010,io/wispforest/owo/network/OwoNetChannel$ClientHandle.class,CLASS,,r:ljava/lang/record,r
MOD0010,io/wispforest/owo/util/EventStream.class,CLASS,,t:ljava/lang/object,t
MOD0010,io/wispforest/owo/network/OwoNetChannel$IndexedEndec.class,CLASS,,r:ljava/lang/record,r
MOD0010,io/wispforest/owo/network/OwoNetChannel$IndexedEndec.class,CLASS,,r:ljava/lang/record,r
MOD0010,io/wispforest/owo/serialization/format/nbt/NbtDeserializer.class,CLASS,,v:ljava/lang/object,v
MOD0010,io/wispforest/owo/serialization/format/nbt/NbtDeserializer.class,CLASS,,e:ljava/lang/object,e
MOD0010,io/wispforest/owo/serialization/format/nbt/NbtDeserializer.class,CLASS,,v:ljava/lang/object,v
MOD0010,io/wispforest/owo/serialization/format/nbt/NbtDeserializer.class,CLASS,,s:ljava/lang/object,s
MOD0010,io/wispforest/owo/serialization/format/nbt/NbtDeserializer.class,CLASS,,s:ljava/lang/object,s
MOD0010,io/wispforest/owo/braid/widgets/eventstream/StreamListenerState.class,CLASS,,s:ljava/lang/object,s
MOD0010,io/wispforest/owo/braid/widgets/eventstream/StreamListenerState.class,CLASS,,t:lio/wispforest/owo/braid/framework/widget/statefulwidget,t
MOD0010,io/wispforest/owo/util/Observable.class,CLASS,,t:ljava/lang/object,t
MOD0010,io/wispforest/owo/util/Observable.class,CLASS,,t:ljava/lang/object,t
MOD0010,io/wispforest/owo/util/Observable.class,CLASS,,t:ljava/lang/object,t
MOD0010,io/wispforest/owo/serialization/format/nbt/NbtSerializer.class,CLASS,,v:ljava/lang/object,v
MOD0010,io/wispforest/owo/serialization/format/nbt/NbtSerializer.class,CLASS,,e:ljava/lang/object,e
MOD0010,io/wispforest/owo/serialization/format/nbt/NbtSerializer.class,CLASS,,v:ljava/lang/object,v
MOD0010,io/wispforest/owo/braid/widgets/sharedstate/SharedStateStorage.class,CLASS,,t:lio/wispforest/owo/braid/widgets/sharedstate/shareablestate,t
MOD0010,io/wispforest/owo/braid/widgets/sharedstate/SharedStateStorage.class,CLASS,,t:lio/wispforest/owo/braid/widgets/sharedstate/shareablestate,t
MOD0010,io/wispforest/owo/braid/framework/proxy/WidgetState.class,CLASS,,t:lio/wispforest/owo/braid/framework/widget/statefulwidget,t
MOD0010,io/wispforest/owo/braid/util/kdl/KdlDeserializer.class,CLASS,,s:ljava/lang/object,s
MOD0010,io/wispforest/owo/braid/util/kdl/KdlDeserializer.class,CLASS,,v:ljava/lang/object,v
MOD0010,io/wispforest/owo/braid/util/kdl/KdlDeserializer.class,CLASS,,v:ljava/lang/object,v
MOD0010,io/wispforest/owo/braid/util/kdl/KdlDeserializer.class,CLASS,,e:ljava/lang/object,e
MOD0010,io/wispforest/owo/braid/util/kdl/KdlDeserializer.class,CLASS,,v:ljava/lang/object,v
MOD0010,io/wispforest/owo/mixin/ext/PatchedDataComponentMapMixin.class,CLASS,,prototype:lnet/minecraft/core/component/datacomponentmap,prototype
MOD0010,io/wispforest/owo/mixin/ui/display/GuiMixin.class,CLASS,,crosshair_sprite:lnet/minecraft/resources/identifier,crosshair_sprite
MOD0010,io/wispforest/owo/serialization/format/DynamicOpsWithContext.class,CLASS,,t:ljava/lang/object,t
MOD0010,io/wispforest/owo/serialization/format/DynamicOpsWithContext.class,CLASS,,t:ljava/lang/object,t
MOD0010,io/wispforest/owo/serialization/format/DynamicOpsWithContext.class,CLASS,,t:ljava/lang/object,t
MOD0010,io/wispforest/owo/particles/systems/ParticleSystemController.class,CLASS,,t:ljava/lang/object,t
MOD0010,io/wispforest/owo/particles/systems/ParticleSystemController.class,CLASS,,t:ljava/lang/object,t
MOD0010,io/wispforest/owo/particles/systems/ParticleSystemController.class,CLASS,,t:ljava/lang/object,t
MOD0010,io/wispforest/owo/particles/systems/ParticleSystemController.class,CLASS,,t:ljava/lang/object,t
MOD0010,io/wispforest/owo/particles/systems/ParticleSystemController.class,CLASS,,t:ljava/lang/object,t
MOD0010,io/wispforest/owo/braid/widgets/sharedstate/SharedState$State.class,CLASS,,t:lio/wispforest/owo/braid/widgets/sharedstate/shareablestate,t
MOD0010,io/wispforest/owo/mixin/ui/layers/ScreenMixin.class,CLASS,,s:lnet/minecraft/client/gui/screens/screen,s
MOD0010,io/wispforest/owo/braid/framework/instance/OptionalChildWidgetInstance.class,CLASS,,t:lio/wispforest/owo/braid/framework/widget/instancewidget,t
MOD0010,io/wispforest/owo/particles/systems/ParticleSystemController$ParticleSystemInstance.class,CLASS,,t:ljava/lang/object,t
MOD0010,io/wispforest/owo/braid/widgets/sharedstate/SharedStateProvider.class,CLASS,,t:ljava/lang/object,t
MOD0010,io/wispforest/owo/braid/widgets/sharedstate/SharedStateProvider.class,CLASS,,t:lio/wispforest/owo/braid/widgets/sharedstate/shareablestate,t
MOD0010,io/wispforest/owo/config/Option$BoundField.class,CLASS,,t:ljava/lang/object,t
MOD0010,io/wispforest/owo/mixin/text/TranslatableContentsMixin.class,CLASS,,t:ljava/lang/object,t
MOD0010,io/wispforest/owo/network/OwoHandshake.class,CLASS,,t:ljava/lang/object,t
MOD0010,io/wispforest/owo/network/OwoHandshake.class,CLASS,,t:ljava/lang/object,t
MOD0010,io/wispforest/owo/network/OwoHandshake.class,CLASS,,t:ljava/lang/object,t
MOD0010,io/wispforest/owo/config/OwoConfigCommand$ConfigScreenArgumentType.class,CLASS,,s:ljava/lang/object,s
MOD0010,io/wispforest/owo/ui/parsing/UIModel.class,CLASS,,t:ljava/lang/object,t
MOD0010,io/wispforest/owo/ui/parsing/UIModel.class,CLASS,,s:ljava/lang/object,s
MOD0010,io/wispforest/owo/blockentity/LinearProcessExecutor$ProcessStep.class,CLASS,,t:ljava/lang/object,t
MOD0010,io/wispforest/owo/config/Option.class,CLASS,,t:ljava/lang/object,t
MOD0010,io/wispforest/owo/braid/framework/proxy/WidgetProxy.class,CLASS,,t:ljava/lang/object,t
MOD0010,io/wispforest/owo/braid/framework/proxy/WidgetProxy.class,CLASS,,t:ljava/lang/object,t
MOD0010,io/wispforest/owo/braid/widgets/combobox/ComboBoxButtons.class,CLASS,,t:ljava/lang/object,t
MOD0010,io/wispforest/owo/braid/widgets/combobox/ComboBox$SelectCallback.class,CLASS,,t:ljava/lang/object,t
MOD0010,io/wispforest/owo/compat/rei/ReiUIAdapter.class,CLASS,,w:lme/shedaniel/rei/api/client/gui/widgets/widgetwithbounds,w
MOD0010,io/wispforest/owo/compat/rei/ReiUIAdapter.class,CLASS,,w:lme/shedaniel/rei/api/client/gui/widgets/widgetwithbounds,w
MOD0010,io/wispforest/owo/ui/component/EntityComponent.class,CLASS,,e:lnet/minecraft/world/entity/entity,e
MOD0010,io/wispforest/owo/braid/widgets/sharedstate/SharedStateProvider$Proxy.class,CLASS,,t:lio/wispforest/owo/braid/widgets/sharedstate/shareablestate,t
MOD0010,io/wispforest/owo/braid/widgets/eventstream/BraidEventStream.class,CLASS,,t:ljava/lang/object,t
MOD0010,io/wispforest/owo/serialization/CodecUtils$3.class,CLASS,,s:ljava/lang/object,s
MOD0010,io/wispforest/owo/serialization/CodecUtils$3.class,CLASS,,s:ljava/lang/object,s
MOD0010,io/wispforest/owo/mixin/registry/ReferenceAccessor.class,CLASS,,t:ljava/lang/object,t
MOD0010,io/wispforest/owo/util/NumberReflection.class,CLASS,,t:ljava/lang/number,t
MOD0010,io/wispforest/owo/util/NumberReflection.class,CLASS,,t:ljava/lang/number,t
MOD0010,io/wispforest/owo/mixin/serialization/ValueOutputMixin.class,CLASS,,t:ljava/lang/object,t
MOD0010,io/wispforest/owo/mixin/serialization/ValueOutputMixin.class,CLASS,,t:ljava/lang/object,t
MOD0010,io/wispforest/owo/mixin/serialization/ValueOutputMixin.class,CLASS,,t:ljava/lang/object,t
MOD0011,fabric.mod.json,JSON,sources,https://github.com/comp500/indium,https
MOD0011,fabric.mod.json,JSON,homepage,https://modrinth.com/mod/indium,https
MOD0011,fabric.mod.json,JSON,issues,https://github.com/comp500/indium/issues,https
MOD0011,link/infra/indium/Indium.class,CLASS,,t:ljava/lang/enum,t
MOD0012,fabric.mod.json,JSON,homepage,https://modrinth.com/mod/badoptimizations/,https
MOD0012,fabric.mod.json,JSON,sources,https://github.com/imthosea/badoptimizations/,https
MOD0012,fabric.mod.json,JSON,issues,https://github.com/imthosea/badoptimizations/issues/,https
MOD0012,fabric.mod.json,JSON,modmenu.modrinth,https://modrinth.com/mod/badoptimizations/,https
MOD0012,fabric.mod.json,JSON,modmenu.curseforge,https://curseforge.com/minecraft/mc-mods/badoptimizations,https
MOD0012,me/thosea/badoptimizations/utils/fabric/PlatformMethodsImpl.class,CLASS,,badoptimizations:incompatibilities,badoptimizations
MOD0012,me/thosea/badoptimizations/utils/fabric/PlatformMethodsImpl.class,CLASS,,badoptimizations:cache_hooks,badoptimizations
MOD0012,me/thosea/badoptimizations/hook/CacheHooks.class,CLASS,,badoptimizations:cache_hooks,badoptimizations
MOD0012,me/thosea/badoptimizations/interfaces/BlockEntityTypeMethods.class,CLASS,,t:lnet/minecraft/world/level/block/entity/blockentity,t
MOD0012,me/thosea/badoptimizations/mixin/MixinToastComponent.class,CLASS,,hidegui:z,hidegui
MOD0012,me/thosea/badoptimizations/mixin/renderer/blockentity/MixinBlockEntityRenderDispatcher.class,CLASS,,e:lnet/minecraft/world/level/block/entity/blockentity,e
MOD0012,me/thosea/badoptimizations/interfaces/EntityMethods.class,CLASS,,t:lnet/minecraft/world/entity/entity,t
MOD0012,me/thosea/badoptimizations/config/ModIncompatibilities.class,CLASS,,badoptimizations:incompatibilities,badoptimizations
MOD0012,me/thosea/badoptimizations/mixin/renderer/entity/MixinEntityRendererDispatcher.class,CLASS,,t:lnet/minecraft/world/entity/entity,t
MOD0013,fabric.mod.json,JSON,homepage,https://jerozgen.dev,https
MOD0013,fabric.mod.json,JSON,homepage,https://github.com/r03kt,https
MOD0013,fabric.mod.json,JSON,homepage,https://github.com/benonardo,https
MOD0013,fabric.mod.json,JSON,homepage,https://github.com/gazmanovich,https
MOD0013,fabric.mod.json,JSON,homepage,https://github.com/madis0,https
MOD0013,fabric.mod.json,JSON,homepage,https://github.com/texaliuz,https
MOD0013,fabric.mod.json,JSON,homepage,https://github.com/broxyzf,https
MOD0013,fabric.mod.json,JSON,homepage,https://github.com/calvineries,https
MOD0013,fabric.mod.json,JSON,homepage,https://github.com/glaav,https
MOD0013,fabric.mod.json,JSON,homepage,https://github.com/ookkoouu,https
MOD0013,fabric.mod.json,JSON,homepage,https://github.com/wavgado,https
MOD0013,fabric.mod.json,JSON,homepage,https://github.com/dominokorean,https
MOD0013,fabric.mod.json,JSON,homepage,https://github.com/nuruddinplays,https
MOD0013,fabric.mod.json,JSON,homepage,https://github.com/pro100katyt,https
MOD0013,fabric.mod.json,JSON,homepage,https://github.com/fitfc,https
MOD0013,fabric.mod.json,JSON,homepage,https://github.com/amirhan-taipovjan-greatest-i,https
MOD0013,fabric.mod.json,JSON,homepage,https://github.com/altegar,https
MOD0013,fabric.mod.json,JSON,homepage,https://github.com/imvietnam,https
MOD0013,fabric.mod.json,JSON,homepage,https://github.com/hungyn04,https
MOD0013,fabric.mod.json,JSON,homepage,https://github.com/iceealin,https
MOD0013,fabric.mod.json,JSON,homepage,https://github.com/godgun968,https
MOD0013,fabric.mod.json,JSON,homepage,https://github.com/buiawpkgew1,https
MOD0013,fabric.mod.json,JSON,homepage,https://github.com/cccc-owo,https
MOD0013,fabric.mod.json,JSON,homepage,https://github.com/andypsl8,https
MOD0013,fabric.mod.json,JSON,homepage,https://github.com/xmikux,https
MOD0013,fabric.mod.json,JSON,homepage,https://github.com/yichifauzi,https
MOD0013,fabric.mod.json,JSON,homepage,https://modrinth.com/mod/language-reload,https
MOD0013,fabric.mod.json,JSON,sources,https://github.com/jerozgen/languagereload,https
MOD0013,fabric.mod.json,JSON,issues,https://github.com/jerozgen/languagereload/issues,https
MOD0013,fabric.mod.json,JSON,modmenu.modrinth,https://modrinth.com/mod/language-reload,https
MOD0013,fabric.mod.json,JSON,modmenu.curseforge,https://www.curseforge.com/minecraft/mc-mods/language-reload,https
MOD0013,jerozgen/languagereload/mixin/KeyboardHandlerMixin.class,CLASS,,debugcrashkeytime:j,debugcrashkeytime
MOD0013,jerozgen/languagereload/mixin/TranslatableContentsMixin.class,CLASS,,decomposedparts:ljava/util/list,decomposedparts
MOD0014,fabric.mod.json,JSON,homepage,https://www.curseforge.com/minecraft/mc-mods/searchables,https
MOD0014,fabric.mod.json,JSON,sources,https://github.com/jaredlll08/searchables,https
MOD0014,fabric.mod.json,JSON,issues,https://github.com/jaredlll08/searchables/issues,https
MOD0014,com/blamejared/searchables/lang/StringSearcher.class,CLASS,,t:ljava/lang/object,t
MOD0014,com/blamejared/searchables/lang/StringSearcher.class,CLASS,,t:ljava/lang/object,t
MOD0014,com/blamejared/searchables/lang/StringSearcher.class,CLASS,,c:ljava/lang/object,c
MOD0014,com/blamejared/searchables/lang/expression/visitor/ContextAwareVisitor.class,CLASS,,r:ljava/lang/object,r
MOD0014,com/blamejared/searchables/lang/expression/visitor/ContextAwareVisitor.class,CLASS,,c:ljava/lang/object,c
MOD0014,com/blamejared/searchables/api/context/SearchPredicate.class,CLASS,,t:ljava/lang/object,t
MOD0014,com/blamejared/searchables/api/autcomplete/AutoCompletingEditBox$DelegatingConsumers.class,CLASS,,t:ljava/lang/object,t
MOD0014,com/blamejared/searchables/api/SearchableComponent.class,CLASS,,t:ljava/lang/object,t
MOD0014,com/blamejared/searchables/api/SearchableComponent.class,CLASS,,t:ljava/lang/object,t
MOD0014,com/blamejared/searchables/api/SearchableComponent.class,CLASS,,t:ljava/lang/object,t
MOD0014,com/blamejared/searchables/api/SearchableComponent.class,CLASS,,t:ljava/lang/object,t
MOD0014,com/blamejared/searchables/api/context/SearchContext.class,CLASS,,t:ljava/lang/object,t
MOD0014,com/blamejared/searchables/api/SearchableType.class,CLASS,,t:ljava/lang/object,t
MOD0014,com/blamejared/searchables/api/context/SearchLiteral.class,CLASS,,t:ljava/lang/object,t
MOD0014,com/blamejared/searchables/lang/expression/type/PairedExpression.class,CLASS,,r:ljava/lang/object,r
MOD0014,com/blamejared/searchables/lang/expression/type/PairedExpression.class,CLASS,,r:ljava/lang/object,r
MOD0014,com/blamejared/searchables/lang/expression/type/PairedExpression.class,CLASS,,c:ljava/lang/object,c
MOD0014,com/blamejared/searchables/api/autcomplete/AutoCompletingEditBox.class,CLASS,,t:ljava/lang/object,t
MOD0014,com/blamejared/searchables/api/context/SearchComponent.class,CLASS,,t:ljava/lang/object,t
MOD0014,com/blamejared/searchables/lang/expression/type/GroupingExpression.class,CLASS,,r:ljava/lang/object,r
MOD0014,com/blamejared/searchables/lang/expression/type/GroupingExpression.class,CLASS,,r:ljava/lang/object,r
MOD0014,com/blamejared/searchables/lang/expression/type/GroupingExpression.class,CLASS,,c:ljava/lang/object,c
MOD0014,com/blamejared/searchables/api/SearchableType$Builder.class,CLASS,,t:ljava/lang/object,t
MOD0014,com/blamejared/searchables/lang/expression/type/LiteralExpression.class,CLASS,,r:ljava/lang/object,r
MOD0014,com/blamejared/searchables/lang/expression/type/LiteralExpression.class,CLASS,,r:ljava/lang/object,r
MOD0014,com/blamejared/searchables/lang/expression/type/LiteralExpression.class,CLASS,,c:ljava/lang/object,c
MOD0014,com/blamejared/searchables/lang/expression/Expression.class,CLASS,,r:ljava/lang/object,r
MOD0014,com/blamejared/searchables/lang/expression/Expression.class,CLASS,,r:ljava/lang/object,r
MOD0014,com/blamejared/searchables/lang/expression/Expression.class,CLASS,,c:ljava/lang/object,c
MOD0014,com/blamejared/searchables/lang/expression/type/ComponentExpression.class,CLASS,,r:ljava/lang/object,r
MOD0014,com/blamejared/searchables/lang/expression/type/ComponentExpression.class,CLASS,,r:ljava/lang/object,r
MOD0014,com/blamejared/searchables/lang/expression/type/ComponentExpression.class,CLASS,,c:ljava/lang/object,c
MOD0014,com/blamejared/searchables/api/context/ContextVisitor.class,CLASS,,t:ljava/lang/object,t
MOD0014,com/blamejared/searchables/lang/expression/visitor/Visitor.class,CLASS,,r:ljava/lang/object,r
MOD0014,com/blamejared/searchables/api/autcomplete/AutoComplete.class,CLASS,,t:ljava/lang/object,t
MOD0015,fabric.mod.json,JSON,homepage,https://www.curseforge.com/minecraft/mc-mods/controlling,https
MOD0015,fabric.mod.json,JSON,sources,https://github.com/jaredlll08/controlling,https
MOD0015,fabric.mod.json,JSON,issues,https://github.com/jaredlll08/controlling/issues,https
MOD0015,com/blamejared/controlling/mixin/AccessAbstractSelectionList.class,CLASS,,e:ljava/lang/object,e
MOD0015,com/blamejared/controlling/api/event/IEventHandler.class,CLASS,,t:ljava/lang/object,t
MOD0015,com/blamejared/controlling/api/event/IEventHandler.class,CLASS,,u:ljava/lang/object,u
MOD0015,com/blamejared/controlling/platform/Services.class,CLASS,,t:ljava/lang/object,t
MOD0016,fabric.mod.json,JSON,homepage,https://www.curseforge.com/minecraft/mc-mods/clumps,https
MOD0016,fabric.mod.json,JSON,sources,https://github.com/jaredlll08/clumps,https
MOD0016,fabric.mod.json,JSON,issues,https://github.com/jaredlll08/clumps/issues,https
MOD0016,com/blamejared/clumps/platform/Services.class,CLASS,,t:ljava/lang/object,t
MOD0016,com/blamejared/clumps/api/events/IEventHandler.class,CLASS,,t:ljava/lang/object,t
MOD0016,com/blamejared/clumps/api/events/IEventHandler.class,CLASS,,u:ljava/lang/object,u
MOD0017,fabric.mod.json,JSON,homepage,https://minecraft.curseforge.com/projects/shulkerboxtooltip,https
MOD0017,fabric.mod.json,JSON,sources,https://github.com/misterpemodder/shulkerboxtooltip,https
MOD0017,fabric.mod.json,JSON,issues,https://github.com/misterpemodder/shulkerboxtooltip/issues,https
MOD0017,fabric.mod.json,JSON,maven,https://maven.misterpemodder.com/libs-release/com/misterpemodder/shulkerboxtooltip/,https
MOD0017,com/misterpemodder/shulkerboxtooltip/shadowed/blue/endless/jankson/api/Marshaller.class,CLASS,,e:ljava/lang/object,e
MOD0017,com/misterpemodder/shulkerboxtooltip/shadowed/blue/endless/jankson/api/Marshaller.class,CLASS,,e:ljava/lang/object,e
MOD0017,com/misterpemodder/shulkerboxtooltip/shadowed/blue/endless/jankson/Jankson.class,CLASS,,t:ljava/lang/object,t
MOD0017,com/misterpemodder/shulkerboxtooltip/shadowed/blue/endless/jankson/Jankson.class,CLASS,,t:ljava/lang/object,t
MOD0017,com/misterpemodder/shulkerboxtooltip/shadowed/blue/endless/jankson/Jankson.class,CLASS,,t:ljava/lang/object,t
MOD0017,com/misterpemodder/shulkerboxtooltip/shadowed/blue/endless/jankson/Jankson.class,CLASS,,t:ljava/lang/object,t
MOD0017,com/misterpemodder/shulkerboxtooltip/shadowed/blue/endless/jankson/Jankson.class,CLASS,,t:ljava/lang/object,t
MOD0017,com/misterpemodder/shulkerboxtooltip/impl/config/gui/entry/EnumValueConfigEntry.class,CLASS,,c:ljava/lang/object,c
MOD0017,com/misterpemodder/shulkerboxtooltip/impl/config/gui/entry/EnumValueConfigEntry.class,CLASS,,e:ljava/lang/enum,e
MOD0017,com/misterpemodder/shulkerboxtooltip/impl/tree/RootConfigNode.class,CLASS,,c:ljava/lang/object,c
MOD0017,com/misterpemodder/shulkerboxtooltip/impl/tree/RootConfigNode.class,CLASS,,c:ljava/lang/object,c
MOD0017,com/misterpemodder/shulkerboxtooltip/shadowed/blue/endless/jankson/Jankson$Builder.class,CLASS,,t:ljava/lang/object,t
MOD0017,com/misterpemodder/shulkerboxtooltip/shadowed/blue/endless/jankson/Jankson$Builder.class,CLASS,,t:ljava/lang/object,t
MOD0017,com/misterpemodder/shulkerboxtooltip/shadowed/blue/endless/jankson/Jankson$Builder.class,CLASS,,t:ljava/lang/object,t
MOD0017,com/misterpemodder/shulkerboxtooltip/shadowed/blue/endless/jankson/Jankson$Builder.class,CLASS,,a:ljava/lang/object,a
MOD0017,com/misterpemodder/shulkerboxtooltip/shadowed/blue/endless/jankson/Jankson$Builder.class,CLASS,,b:ljava/lang/object,b
MOD0017,com/misterpemodder/shulkerboxtooltip/shadowed/blue/endless/jankson/Jankson$Builder.class,CLASS,,t:ljava/lang/object,t
MOD0017,com/misterpemodder/shulkerboxtooltip/impl/network/fabric/ServerNetworkingImpl.class,CLASS,,t:ljava/lang/object,t
MOD0017,com/misterpemodder/shulkerboxtooltip/impl/network/fabric/ServerNetworkingImpl.class,CLASS,,t:ljava/lang/object,t
MOD0017,com/misterpemodder/shulkerboxtooltip/impl/tree/RootConfigNode$Builder.class,CLASS,,c:ljava/lang/object,c
MOD0017,com/misterpemodder/shulkerboxtooltip/impl/tree/RootConfigNode$Builder.class,CLASS,,t:ljava/lang/object,t
MOD0017,com/misterpemodder/shulkerboxtooltip/impl/tree/RootConfigNode$Builder.class,CLASS,,t:ljava/lang/object,t
MOD0017,com/misterpemodder/shulkerboxtooltip/impl/tree/RootConfigNode$Builder.class,CLASS,,t:ljava/lang/object,t
MOD0017,com/misterpemodder/shulkerboxtooltip/impl/tree/RootConfigNode$Builder.class,CLASS,,t:ljava/lang/object,t
MOD0017,com/misterpemodder/shulkerboxtooltip/impl/tree/RootConfigNode$Builder.class,CLASS,,t:ljava/lang/object,t
MOD0017,com/misterpemodder/shulkerboxtooltip/impl/tree/RootConfigNode$Builder.class,CLASS,,t:ljava/lang/object,t
MOD0017,com/misterpemodder/shulkerboxtooltip/impl/config/gui/entry/KeyValueConfigEntry.class,CLASS,,c:ljava/lang/object,c
MOD0017,com/misterpemodder/shulkerboxtooltip/shadowed/blue/endless/jankson/api/DeserializerFunction.class,CLASS,,a:ljava/lang/object,a
MOD0017,com/misterpemodder/shulkerboxtooltip/shadowed/blue/endless/jankson/api/DeserializerFunction.class,CLASS,,b:ljava/lang/object,b
MOD0017,com/misterpemodder/shulkerboxtooltip/shadowed/blue/endless/jankson/impl/ParserContext.class,CLASS,,t:ljava/lang/object,t
MOD0017,com/misterpemodder/shulkerboxtooltip/impl/tree/CategoryConfigNode$Builder.class,CLASS,,c:ljava/lang/object,c
MOD0017,com/misterpemodder/shulkerboxtooltip/impl/tree/CategoryConfigNode$Builder.class,CLASS,,t:ljava/lang/object,t
MOD0017,com/misterpemodder/shulkerboxtooltip/impl/tree/CategoryConfigNode$Builder.class,CLASS,,v:ljava/lang/object,v
MOD0017,com/misterpemodder/shulkerboxtooltip/impl/util/ShulkerBoxTooltipUtil.class,CLASS,,l:ljava/lang/object,l
MOD0017,com/misterpemodder/shulkerboxtooltip/impl/util/ShulkerBoxTooltipUtil.class,CLASS,,r:ljava/lang/object,r
MOD0017,com/misterpemodder/shulkerboxtooltip/impl/tree/ValueConfigNode.class,CLASS,,c:ljava/lang/object,c
MOD0017,com/misterpemodder/shulkerboxtooltip/impl/tree/ValueConfigNode.class,CLASS,,t:ljava/lang/object,t
MOD0017,com/misterpemodder/shulkerboxtooltip/impl/tree/ValueConfigNode.class,CLASS,,v:ljava/lang/object,v
MOD0017,com/misterpemodder/shulkerboxtooltip/impl/tree/ValueConfigNode.class,CLASS,,c:ljava/lang/object,c
MOD0017,com/misterpemodder/shulkerboxtooltip/impl/tree/ValueConfigNode.class,CLASS,,t:ljava/lang/object,t
MOD0017,com/misterpemodder/shulkerboxtooltip/impl/tree/ValueConfigNode.class,CLASS,,v:ljava/lang/object,v
MOD0017,com/misterpemodder/shulkerboxtooltip/impl/network/fabric/FabricS2CChannel.class,CLASS,,t:ljava/lang/object,t
MOD0017,com/misterpemodder/shulkerboxtooltip/impl/network/context/S2CMessageContext.class,CLASS,,t:ljava/lang/object,t
MOD0017,com/misterpemodder/shulkerboxtooltip/impl/tree/ValueConfigNode$ValueValidator.class,CLASS,,v:ljava/lang/object,v
MOD0017,com/misterpemodder/shulkerboxtooltip/impl/network/channel/C2SChannel.class,CLASS,,t:ljava/lang/object,t
MOD0017,com/misterpemodder/shulkerboxtooltip/impl/network/message/MessageType.class,CLASS,,t:ljava/lang/object,t
MOD0017,com/misterpemodder/shulkerboxtooltip/impl/tree/ValueConfigNode$Builder.class,CLASS,,c:ljava/lang/object,c
MOD0017,com/misterpemodder/shulkerboxtooltip/impl/tree/ValueConfigNode$Builder.class,CLASS,,t:ljava/lang/object,t
MOD0017,com/misterpemodder/shulkerboxtooltip/impl/tree/ValueConfigNode$Builder.class,CLASS,,v:ljava/lang/object,v
MOD0017,com/misterpemodder/shulkerboxtooltip/impl/config/gui/entry/ValueConfigEntry.class,CLASS,,c:ljava/lang/object,c
MOD0017,com/misterpemodder/shulkerboxtooltip/impl/config/gui/entry/ValueConfigEntry.class,CLASS,,t:ljava/lang/object,t
MOD0017,com/misterpemodder/shulkerboxtooltip/impl/config/gui/entry/ValueConfigEntry.class,CLASS,,v:ljava/lang/object,v
MOD0017,com/misterpemodder/shulkerboxtooltip/impl/config/gui/entry/IntegerValueConfigEntry.class,CLASS,,c:ljava/lang/object,c
MOD0017,com/misterpemodder/shulkerboxtooltip/impl/network/ClientNetworking.class,CLASS,,t:ljava/lang/object,t
MOD0017,com/misterpemodder/shulkerboxtooltip/impl/network/context/C2SMessageContext.class,CLASS,,t:ljava/lang/object,t
MOD0017,com/misterpemodder/shulkerboxtooltip/impl/config/gui/ConfigCategoryTab.class,CLASS,,c:ljava/lang/object,c
MOD0017,com/misterpemodder/shulkerboxtooltip/impl/config/gui/ConfigCategoryTab.class,CLASS,,t:ljava/lang/object,t
MOD0017,com/misterpemodder/shulkerboxtooltip/impl/config/gui/ConfigCategoryTab.class,CLASS,,v:ljava/lang/object,v
MOD0017,com/misterpemodder/shulkerboxtooltip/impl/network/ServerNetworking.class,CLASS,,t:ljava/lang/object,t
MOD0017,com/misterpemodder/shulkerboxtooltip/impl/config/gui/entry/ColorValueConfigEntry.class,CLASS,,c:ljava/lang/object,c
MOD0017,com/misterpemodder/shulkerboxtooltip/impl/network/fabric/ClientNetworkingImpl.class,CLASS,,t:ljava/lang/object,t
MOD0017,com/misterpemodder/shulkerboxtooltip/impl/network/fabric/ClientNetworkingImpl.class,CLASS,,t:ljava/lang/object,t
MOD0017,com/misterpemodder/shulkerboxtooltip/impl/tree/CategoryConfigNode.class,CLASS,,c:ljava/lang/object,c
MOD0017,com/misterpemodder/shulkerboxtooltip/impl/tree/CategoryConfigNode.class,CLASS,,c:ljava/lang/object,c
MOD0017,com/misterpemodder/shulkerboxtooltip/shadowed/blue/endless/jankson/impl/serializer/InternalDeserializerFunction.class,CLASS,,b:ljava/lang/object,b
MOD0017,com/misterpemodder/shulkerboxtooltip/shadowed/blue/endless/jankson/JsonObject.class,CLASS,,t:ljava/lang/object,t
MOD0017,com/misterpemodder/shulkerboxtooltip/shadowed/blue/endless/jankson/JsonObject.class,CLASS,,t:ljava/lang/object,t
MOD0017,com/misterpemodder/shulkerboxtooltip/shadowed/blue/endless/jankson/JsonObject.class,CLASS,,e:ljava/lang/object,e
MOD0017,com/misterpemodder/shulkerboxtooltip/shadowed/blue/endless/jankson/JsonObject.class,CLASS,,e:lcom/misterpemodder/shulkerboxtooltip/shadowed/blue/endless/jankson/jsonelement,e
MOD0017,com/misterpemodder/shulkerboxtooltip/impl/network/fabric/FabricChannel.class,CLASS,,t:ljava/lang/object,t
MOD0017,com/misterpemodder/shulkerboxtooltip/impl/config/gui/ConfigScreen.class,CLASS,,c:ljava/lang/object,c
MOD0017,com/misterpemodder/shulkerboxtooltip/shadowed/blue/endless/jankson/impl/POJODeserializer.class,CLASS,,b:ljava/lang/object,b
MOD0017,com/misterpemodder/shulkerboxtooltip/shadowed/blue/endless/jankson/impl/POJODeserializer.class,CLASS,,a:ljava/lang/object,a
MOD0017,com/misterpemodder/shulkerboxtooltip/shadowed/blue/endless/jankson/impl/POJODeserializer.class,CLASS,,b:ljava/lang/object,b
MOD0017,com/misterpemodder/shulkerboxtooltip/impl/network/fabric/FabricC2SChannel.class,CLASS,,t:ljava/lang/object,t
MOD0017,com/misterpemodder/shulkerboxtooltip/impl/tree/ValueConfigNode$ValueWriter.class,CLASS,,s:ljava/lang/object,s
MOD0017,com/misterpemodder/shulkerboxtooltip/impl/tree/ValueConfigNode$ValueWriter.class,CLASS,,v:ljava/lang/object,v
MOD0017,com/misterpemodder/shulkerboxtooltip/impl/config/gui/entry/BooleanValueConfigEntry.class,CLASS,,c:ljava/lang/object,c
MOD0017,com/misterpemodder/shulkerboxtooltip/impl/network/channel/Channel.class,CLASS,,t:ljava/lang/object,t
MOD0017,com/misterpemodder/shulkerboxtooltip/shadowed/blue/endless/jankson/JsonArray.class,CLASS,,t:ljava/lang/object,t
MOD0017,com/misterpemodder/shulkerboxtooltip/shadowed/blue/endless/jankson/JsonArray.class,CLASS,,e:ljava/lang/object,e
MOD0017,com/misterpemodder/shulkerboxtooltip/shadowed/blue/endless/jankson/JsonArray.class,CLASS,,t:ljava/lang/object,t
MOD0017,com/misterpemodder/shulkerboxtooltip/impl/tree/ConfigNode.class,CLASS,,c:ljava/lang/object,c
MOD0017,com/misterpemodder/shulkerboxtooltip/shadowed/blue/endless/jankson/impl/serializer/DeserializerFunctionPool.class,CLASS,,b:ljava/lang/object,b
MOD0017,com/misterpemodder/shulkerboxtooltip/impl/network/channel/S2CChannel.class,CLASS,,t:ljava/lang/object,t
MOD0017,com/misterpemodder/shulkerboxtooltip/shadowed/blue/endless/jankson/Jankson$ParserFrame.class,CLASS,,t:ljava/lang/object,t
MOD0017,com/misterpemodder/shulkerboxtooltip/shadowed/blue/endless/jankson/impl/MarshallerImpl.class,CLASS,,t:ljava/lang/object,t
MOD0017,com/misterpemodder/shulkerboxtooltip/shadowed/blue/endless/jankson/impl/MarshallerImpl.class,CLASS,,t:ljava/lang/object,t
MOD0017,com/misterpemodder/shulkerboxtooltip/shadowed/blue/endless/jankson/impl/MarshallerImpl.class,CLASS,,t:ljava/lang/object,t
MOD0017,com/misterpemodder/shulkerboxtooltip/shadowed/blue/endless/jankson/impl/MarshallerImpl.class,CLASS,,t:ljava/lang/object,t
MOD0017,com/misterpemodder/shulkerboxtooltip/shadowed/blue/endless/jankson/impl/MarshallerImpl.class,CLASS,,t:ljava/lang/object,t
MOD0017,com/misterpemodder/shulkerboxtooltip/shadowed/blue/endless/jankson/impl/MarshallerImpl.class,CLASS,,a:ljava/lang/object,a
MOD0017,com/misterpemodder/shulkerboxtooltip/shadowed/blue/endless/jankson/impl/MarshallerImpl.class,CLASS,,b:ljava/lang/object,b
MOD0017,com/misterpemodder/shulkerboxtooltip/shadowed/blue/endless/jankson/impl/MarshallerImpl.class,CLASS,,t:ljava/lang/object,t
MOD0017,com/misterpemodder/shulkerboxtooltip/shadowed/blue/endless/jankson/impl/MarshallerImpl.class,CLASS,,t:ljava/lang/object,t
MOD0017,com/misterpemodder/shulkerboxtooltip/shadowed/blue/endless/jankson/impl/MarshallerImpl.class,CLASS,,t:ljava/lang/object,t
MOD0017,com/misterpemodder/shulkerboxtooltip/impl/network/context/MessageContext.class,CLASS,,t:ljava/lang/object,t
MOD0017,com/misterpemodder/shulkerboxtooltip/impl/tree/ValueConfigNode$ValueReader.class,CLASS,,s:ljava/lang/object,s
MOD0017,com/misterpemodder/shulkerboxtooltip/impl/tree/ValueConfigNode$ValueReader.class,CLASS,,v:ljava/lang/object,v
MOD0017,com/misterpemodder/shulkerboxtooltip/shadowed/blue/endless/jankson/magic/TypeMagic.class,CLASS,,u:ljava/lang/object,u
MOD0017,com/misterpemodder/shulkerboxtooltip/shadowed/blue/endless/jankson/magic/TypeMagic.class,CLASS,,u:ljava/lang/object,u
MOD0017,com/misterpemodder/shulkerboxtooltip/shadowed/blue/endless/jankson/magic/TypeMagic.class,CLASS,,t:ljava/lang/object,t
MOD0017,com/misterpemodder/shulkerboxtooltip/impl/network/Payload.class,CLASS,,t:ljava/lang/object,t
MOD0018,fabric.mod.json,JSON,sources,https://github.com/relativitymc/c2me-fabric,https
MOD0018,fabric.mod.json,JSON,issues,https://github.com/relativitymc/c2me-fabric/issues,https
MOD0018,fabric.mod.json,JSON,discord,https://discord.gg/kdy8nm5hw4,https
MOD0018,fabric.mod.json,JSON,homepage,https://modrinth.com/mod/c2me-fabric,https
MOD0019,fabric.mod.json,JSON,issues,https://github.com/team-resourceful/resourcefullib/issues/new/choose,https
MOD0019,fabric.mod.json,JSON,sources,https://github.com/team-resourceful/resourcefullib,https
MOD0019,fabric.mod.json,JSON,homepage,https://resourcefulbees.com,https
MOD0019,com/teamresourceful/resourcefullib/common/codecs/predicates/properties/PropertyMatcher.class,CLASS,,s:lnet/minecraft/class_2688,s
MOD0019,com/teamresourceful/resourcefullib/common/fluid/data/InternalFluidData.class,CLASS,,t:ljava/lang/object,t
MOD0019,com/teamresourceful/resourcefullib/common/nbt/validators/string/StringValidator.class,CLASS,,string:exact,string
MOD0019,com/teamresourceful/resourcefullib/common/nbt/validators/string/StringValidator.class,CLASS,,string:contains,string
MOD0019,com/teamresourceful/resourcefullib/common/nbt/validators/string/StringValidator.class,CLASS,,string:starts_with,string
MOD0019,com/teamresourceful/resourcefullib/common/nbt/validators/string/StringValidator.class,CLASS,,string:ends_with,string
MOD0019,com/teamresourceful/resourcefullib/common/nbt/validators/string/StringValidator.class,CLASS,,string:regex,string
MOD0019,com/teamresourceful/resourcefullib/common/nbt/ObjectTagReader.class,CLASS,,i:ljava/lang/object,i
MOD0019,com/teamresourceful/resourcefullib/common/codecs/PrimitiveCodecHelper.class,CLASS,,t:ljava/lang/object,t
MOD0019,com/teamresourceful/resourcefullib/common/registry/fabric/FabricResourcefulRegistry.class,CLASS,,t:ljava/lang/object,t
MOD0019,com/teamresourceful/resourcefullib/common/registry/fabric/FabricResourcefulRegistry.class,CLASS,,i:tt,i
MOD0019,com/teamresourceful/resourcefullib/common/caches/CacheableBiFunction.class,CLASS,,t:ljava/lang/object,t
MOD0019,com/teamresourceful/resourcefullib/common/caches/CacheableBiFunction.class,CLASS,,u:ljava/lang/object,u
MOD0019,com/teamresourceful/resourcefullib/common/caches/CacheableBiFunction.class,CLASS,,r:ljava/lang/object,r
MOD0019,com/teamresourceful/resourcefullib/common/caches/CacheableBiFunction.class,CLASS,,t:ljava/lang/object,t
MOD0019,com/teamresourceful/resourcefullib/common/caches/CacheableBiFunction.class,CLASS,,u:ljava/lang/object,u
MOD0019,com/teamresourceful/resourcefullib/common/caches/CacheableBiFunction.class,CLASS,,r:ljava/lang/object,r
MOD0019,com/teamresourceful/resourcefullib/common/utils/files/CodecSavedData$Factory.class,CLASS,,t:ljava/lang/object,t
MOD0019,com/teamresourceful/resourcefullib/common/nbt/validators/string/RegexStringValidator.class,CLASS,,string:regex,string
MOD0019,com/teamresourceful/resourcefullib/common/recipe/ingredient/fabric/IngredientHelperImpl.class,CLASS,,t:lcom/teamresourceful/resourcefullib/common/recipe/ingredient/codecingredientserializer,t
MOD0019,com/teamresourceful/resourcefullib/common/registry/builtin/ResourcefulItemRegistry.class,CLASS,,i:lnet/minecraft/class_1792,i
MOD0019,com/teamresourceful/resourcefullib/common/registry/builtin/ResourcefulItemRegistry.class,CLASS,,i:lnet/minecraft/class_1792,i
MOD0019,com/teamresourceful/resourcefullib/common/registry/RegistryEntry.class,CLASS,,t:ljava/lang/object,t
MOD0019,com/teamresourceful/resourcefullib/common/nbt/validators/string/ContainsStringValidator.class,CLASS,,string:contains,string
MOD0019,com/teamresourceful/resourcefullib/common/nbt/validators/object/ExactObjectValidator.class,CLASS,,object:exact,object
MOD0019,com/teamresourceful/resourcefullib/common/item/ResourcefulComponentType.class,CLASS,,t:ljava/lang/object,t
MOD0019,com/teamresourceful/resourcefullib/common/fluid/data/FluidData.class,CLASS,,t:ljava/lang/object,t
MOD0019,com/teamresourceful/resourcefullib/common/utils/files/CodecSavedData.class,CLASS,,t:ljava/lang/object,t
MOD0019,com/teamresourceful/resourcefullib/common/utils/files/CodecSavedData.class,CLASS,,t:ljava/lang/object,t
MOD0019,com/teamresourceful/resourcefullib/common/codecs/tags/HolderSetCodec.class,CLASS,,e:ljava/lang/object,e
MOD0019,com/teamresourceful/resourcefullib/common/codecs/tags/HolderSetCodec.class,CLASS,,e:ljava/lang/object,e
MOD0019,com/teamresourceful/resourcefullib/common/codecs/tags/HolderSetCodec.class,CLASS,,e:ljava/lang/object,e
MOD0019,com/teamresourceful/resourcefullib/common/codecs/tags/HolderSetCodec.class,CLASS,,t:ljava/lang/object,t
MOD0019,com/teamresourceful/resourcefullib/common/codecs/tags/HolderSetCodec.class,CLASS,,t:ljava/lang/object,t
MOD0019,com/teamresourceful/resourcefullib/common/utils/CommonUtils.class,CLASS,,t:ljava/lang/object,t
MOD0019,com/teamresourceful/resourcefullib/common/nbt/validators/string/ExactStringValidator.class,CLASS,,string:exact,string
MOD0019,com/teamresourceful/resourcefullib/common/registry/HolderRegistryEntry.class,CLASS,,t:ljava/lang/object,t
MOD0019,com/teamresourceful/resourcefullib/common/nbt/validators/string/StartsWithStringValidator.class,CLASS,,string:starts_with,string
MOD0019,com/teamresourceful/resourcefullib/common/registry/fabric/FabricRegistryEntry.class,CLASS,,t:ljava/lang/object,t
MOD0019,com/teamresourceful/resourcefullib/common/registry/fabric/FabricRegistryEntry.class,CLASS,,t:ljava/lang/object,t
MOD0019,com/teamresourceful/resourcefullib/common/registry/fabric/FabricRegistryEntry.class,CLASS,,i:tt,i
MOD0019,com/teamresourceful/resourcefullib/common/registry/fabric/ResourcefulRegistriesImpl.class,CLASS,,t:ljava/lang/object,t
MOD0019,com/teamresourceful/resourcefullib/common/registry/fabric/ResourcefulRegistriesImpl.class,CLASS,,d:ljava/lang/object,d
MOD0019,com/teamresourceful/resourcefullib/common/nbt/validators/FullValidatorCodec.class,CLASS,,t:ljava/lang/object,t
MOD0019,com/teamresourceful/resourcefullib/common/nbt/validators/FullValidatorCodec.class,CLASS,,t:ljava/lang/object,t
MOD0019,com/teamresourceful/resourcefullib/common/nbt/validators/FullValidatorCodec.class,CLASS,,t:ljava/lang/object,t
MOD0019,com/teamresourceful/resourcefullib/common/nbt/NbtReader.class,CLASS,,i:ljava/lang/object,i
MOD0019,com/teamresourceful/resourcefullib/common/registry/EnumResourcefulRegistryChild.class,CLASS,,e:ljava/lang/enum,e
MOD0019,com/teamresourceful/resourcefullib/common/registry/EnumResourcefulRegistryChild.class,CLASS,,t:ljava/lang/object,t
MOD0019,com/teamresourceful/resourcefullib/common/registry/EnumResourcefulRegistryChild.class,CLASS,,i:tt,i
MOD0019,com/teamresourceful/resourcefullib/common/nbt/validators/numeric/ExactNumericValidator.class,CLASS,,number:exact,number
MOD0019,com/teamresourceful/resourcefullib/common/collections/SelectableList.class,CLASS,,e:ljava/lang/object,e
MOD0019,com/teamresourceful/resourcefullib/common/collections/SelectableList.class,CLASS,,e:ljava/lang/object,e
MOD0019,com/teamresourceful/resourcefullib/common/codecs/maps/DispatchMapCodec.class,CLASS,,k:ljava/lang/object,k
MOD0019,com/teamresourceful/resourcefullib/common/codecs/maps/DispatchMapCodec.class,CLASS,,v:ljava/lang/object,v
MOD0019,com/teamresourceful/resourcefullib/common/codecs/maps/DispatchMapCodec.class,CLASS,,a:ljava/lang/object,a
MOD0019,com/teamresourceful/resourcefullib/common/codecs/maps/DispatchMapCodec.class,CLASS,,b:ljava/lang/object,b
MOD0019,com/teamresourceful/resourcefullib/common/codecs/maps/DispatchMapCodec.class,CLASS,,t:ljava/lang/object,t
MOD0019,com/teamresourceful/resourcefullib/common/codecs/maps/DispatchMapCodec.class,CLASS,,t:ljava/lang/object,t
MOD0019,com/teamresourceful/resourcefullib/common/codecs/maps/DispatchMapCodec.class,CLASS,,t:ljava/lang/object,t
MOD0019,com/teamresourceful/resourcefullib/common/codecs/maps/DispatchMapCodec.class,CLASS,,t:ljava/lang/object,t
MOD0019,com/teamresourceful/resourcefullib/client/registry/ResourcefulClientRegistries.class,CLASS,,d:ljava/lang/object,d
MOD0019,com/teamresourceful/resourcefullib/client/screens/state/PageState.class,CLASS,,t:ljava/lang/object,t
MOD0019,com/teamresourceful/resourcefullib/common/registry/builtin/ResourcefulBlockRegistry.class,CLASS,,i:lnet/minecraft/class_2248,i
MOD0019,com/teamresourceful/resourcefullib/common/registry/builtin/ResourcefulBlockRegistry.class,CLASS,,i:lnet/minecraft/class_2248,i
MOD0019,com/teamresourceful/resourcefullib/common/nbt/validators/object/ObjectValidator.class,CLASS,,object:partial,object
MOD0019,com/teamresourceful/resourcefullib/common/nbt/validators/object/ObjectValidator.class,CLASS,,object:exact,object
MOD0019,com/teamresourceful/resourcefullib/common/nbt/validators/ValidatorCodec.class,CLASS,,t:ljava/lang/object,t
MOD0019,com/teamresourceful/resourcefullib/common/nbt/validators/ValidatorCodec.class,CLASS,,t:ljava/lang/object,t
MOD0019,com/teamresourceful/resourcefullib/common/bytecodecs/ExtraByteCodecs.class,CLASS,,t:ljava/lang/object,t
MOD0019,com/teamresourceful/resourcefullib/common/bytecodecs/ExtraByteCodecs.class,CLASS,,t:ljava/lang/object,t
MOD0019,com/teamresourceful/resourcefullib/common/bytecodecs/ExtraByteCodecs.class,CLASS,,a:ljava/lang/object,a
MOD0019,com/teamresourceful/resourcefullib/common/bytecodecs/ExtraByteCodecs.class,CLASS,,b:ljava/lang/object,b
MOD0019,com/teamresourceful/resourcefullib/common/bytecodecs/ExtraByteCodecs.class,CLASS,,a:ljava/lang/object,a
MOD0019,com/teamresourceful/resourcefullib/common/bytecodecs/ExtraByteCodecs.class,CLASS,,b:ljava/lang/object,b
MOD0019,com/teamresourceful/resourcefullib/common/registry/ResourcefulRegistryChild.class,CLASS,,t:ljava/lang/object,t
MOD0019,com/teamresourceful/resourcefullib/common/registry/ResourcefulRegistryChild.class,CLASS,,i:tt,i
MOD0019,com/teamresourceful/resourcefullib/common/codecs/yabn/YabnOps.class,CLASS,,u:ljava/lang/object,u
MOD0019,com/teamresourceful/resourcefullib/common/registry/ResourcefulRegistry.class,CLASS,,t:ljava/lang/object,t
MOD0019,com/teamresourceful/resourcefullib/common/registry/ResourcefulRegistry.class,CLASS,,i:tt,i
MOD0019,com/teamresourceful/resourcefullib/common/codecs/CodecExtras.class,CLASS,,o:ljava/lang/object,o
MOD0019,com/teamresourceful/resourcefullib/common/codecs/CodecExtras.class,CLASS,,a:ljava/lang/object,a
MOD0019,com/teamresourceful/resourcefullib/common/codecs/CodecExtras.class,CLASS,,t:ljava/lang/object,t
MOD0019,com/teamresourceful/resourcefullib/common/codecs/CodecExtras.class,CLASS,,t:ljava/lang/object,t
MOD0019,com/teamresourceful/resourcefullib/common/codecs/CodecExtras.class,CLASS,,t:ljava/lang/object,t
MOD0019,com/teamresourceful/resourcefullib/common/codecs/CodecExtras.class,CLASS,,t:ljava/lang/object,t
MOD0019,com/teamresourceful/resourcefullib/common/codecs/CodecExtras.class,CLASS,,s:ljava/lang/object,s
MOD0019,com/teamresourceful/resourcefullib/common/codecs/EnumCodec.class,CLASS,,t:ljava/lang/enum,t
MOD0019,com/teamresourceful/resourcefullib/common/codecs/EnumCodec.class,CLASS,,t:ljava/lang/enum,t
MOD0019,com/teamresourceful/resourcefullib/common/codecs/EnumCodec.class,CLASS,,t:ljava/lang/enum,t
MOD0019,com/teamresourceful/resourcefullib/common/codecs/EnumCodec.class,CLASS,,t1:ljava/lang/object,t1
MOD0019,com/teamresourceful/resourcefullib/common/codecs/EnumCodec.class,CLASS,,t1:ljava/lang/object,t1
MOD0019,com/teamresourceful/resourcefullib/common/codecs/EnumCodec.class,CLASS,,t:ljava/lang/enum,t
MOD0019,com/teamresourceful/resourcefullib/common/codecs/EnumCodec.class,CLASS,,t:ljava/lang/enum,t
MOD0019,com/teamresourceful/resourcefullib/common/codecs/EnumCodec.class,CLASS,,t:ljava/lang/enum,t
MOD0019,com/teamresourceful/resourcefullib/common/registry/fabric/FabricHolderRegistryEntry.class,CLASS,,t:ljava/lang/object,t
MOD0019,com/teamresourceful/resourcefullib/common/registry/fabric/FabricHolderRegistryEntry.class,CLASS,,t:ljava/lang/object,t
MOD0019,com/teamresourceful/resourcefullib/common/registry/fabric/FabricHolderRegistryEntry.class,CLASS,,i:tt,i
MOD0019,com/teamresourceful/resourcefullib/common/item/LazyHolder$StaticHolder.class,CLASS,,t:ljava/lang/object,t
MOD0019,com/teamresourceful/resourcefullib/common/recipe/ingredient/IngredientHelper.class,CLASS,,t:lcom/teamresourceful/resourcefullib/common/recipe/ingredient/codecingredientserializer,t
MOD0019,com/teamresourceful/resourcefullib/common/network/base/NetworkHandle.class,CLASS,,o:ljava/lang/object,o
MOD0019,com/teamresourceful/resourcefullib/common/network/base/NetworkHandle.class,CLASS,,o:ljava/lang/object,o
MOD0019,com/teamresourceful/resourcefullib/common/nbt/validators/list/ListValidator.class,CLASS,,list:exact,list
MOD0019,com/teamresourceful/resourcefullib/common/nbt/validators/list/ListValidator.class,CLASS,,list:matches,list
MOD0019,com/teamresourceful/resourcefullib/common/utils/GenericMemoryPack.class,CLASS,,t:ljava/lang/object,t
MOD0019,com/teamresourceful/resourcefullib/common/registry/ResourcefulRegistryType.class,CLASS,,d:ljava/lang/object,d
MOD0019,com/teamresourceful/resourcefullib/common/menu/MenuContentHelper$MenuFactory.class,CLASS,,t:lnet/minecraft/class_1703,t
MOD0019,com/teamresourceful/resourcefullib/common/collections/WeightedCollection.class,CLASS,,e:ljava/lang/object,e
MOD0019,com/teamresourceful/resourcefullib/common/collections/WeightedCollection.class,CLASS,,t:ljava/lang/object,t
MOD0019,com/teamresourceful/resourcefullib/common/collections/WeightedCollection.class,CLASS,,t:ljava/lang/object,t
MOD0019,com/teamresourceful/resourcefullib/common/collections/WeightedCollection.class,CLASS,,t:ljava/lang/object,t
MOD0019,com/teamresourceful/resourcefullib/common/codecs/PrimitiveCodecHelper$Writer.class,CLASS,,t:ljava/lang/object,t
MOD0019,com/teamresourceful/resourcefullib/common/codecs/PrimitiveCodecHelper$Writer.class,CLASS,,i:ljava/lang/object,i
MOD0019,com/teamresourceful/resourcefullib/common/nbt/validators/object/PartialObjectValidator.class,CLASS,,object:partial,object
MOD0019,com/teamresourceful/resourcefullib/common/nbt/validators/string/EndsWithStringValidator.class,CLASS,,string:ends_with,string
MOD0019,com/teamresourceful/resourcefullib/common/utils/WebUtils.class,CLASS,,t:ljava/lang/object,t
MOD0019,com/teamresourceful/resourcefullib/common/bytecodecs/IdMapByteCodec.class,CLASS,,t:ljava/lang/object,t
MOD0019,com/teamresourceful/resourcefullib/common/codecs/deferred/DeferredCodec.class,CLASS,,e:ljava/lang/object,e
MOD0019,com/teamresourceful/resourcefullib/common/codecs/deferred/DeferredCodec.class,CLASS,,t:ljava/lang/object,t
MOD0019,com/teamresourceful/resourcefullib/common/codecs/deferred/DeferredCodec.class,CLASS,,t:ljava/lang/object,t
MOD0019,com/teamresourceful/resourcefullib/common/codecs/PrimitiveCodecHelper$1.class,CLASS,,i:ljava/lang/object,i
MOD0019,com/teamresourceful/resourcefullib/common/codecs/PrimitiveCodecHelper$1.class,CLASS,,i:ljava/lang/object,i
MOD0019,com/teamresourceful/resourcefullib/common/nbt/validators/numeric/BetweenNumericValidator.class,CLASS,,number:between,number
MOD0019,com/teamresourceful/resourcefullib/common/codecs/PrimitiveCodecHelper$Reader.class,CLASS,,t:ljava/lang/object,t
MOD0019,com/teamresourceful/resourcefullib/common/codecs/PrimitiveCodecHelper$Reader.class,CLASS,,i:ljava/lang/object,i
MOD0019,com/teamresourceful/resourcefullib/common/nbt/ObjectTagReaders.class,CLASS,,i:ljava/lang/object,i
MOD0019,com/teamresourceful/resourcefullib/common/nbt/ObjectTagReaders.class,CLASS,,i:ljava/lang/object,i
MOD0019,com/teamresourceful/resourcefullib/common/nbt/ObjectTagReaders.class,CLASS,,i:ljava/lang/object,i
MOD0019,com/teamresourceful/resourcefullib/common/nbt/ObjectTagReaders.class,CLASS,,i:ljava/lang/object,i
MOD0019,com/teamresourceful/resourcefullib/common/nbt/ObjectTagReaders.class,CLASS,,i:ljava/lang/object,i
MOD0019,com/teamresourceful/resourcefullib/common/nbt/ObjectTagReaders.class,CLASS,,i:ljava/lang/object,i
MOD0019,com/teamresourceful/resourcefullib/common/nbt/ObjectTagReaders.class,CLASS,,i:ljava/lang/object,i
MOD0019,com/teamresourceful/resourcefullib/common/nbt/ObjectTagReaders.class,CLASS,,i:ljava/lang/object,i
MOD0019,com/teamresourceful/resourcefullib/common/nbt/ObjectTagReaders.class,CLASS,,i:ljava/lang/object,i
MOD0019,com/teamresourceful/resourcefullib/common/nbt/ObjectTagReaders.class,CLASS,,i:ljava/lang/object,i
MOD0019,com/teamresourceful/resourcefullib/common/nbt/ObjectTagReaders.class,CLASS,,i:ljava/lang/object,i
MOD0019,com/teamresourceful/resourcefullib/common/registry/RegistryEntries.class,CLASS,,t:ljava/lang/object,t
MOD0019,com/teamresourceful/resourcefullib/common/registry/RegistryEntries.class,CLASS,,i:tt,i
MOD0019,com/teamresourceful/resourcefullib/common/nbt/TagReader.class,CLASS,,i:ljava/lang/object,i
MOD0019,com/teamresourceful/resourcefullib/common/nbt/TagReader.class,CLASS,,i:ljava/lang/object,i
MOD0019,com/teamresourceful/resourcefullib/common/nbt/TagReader.class,CLASS,,i:ljava/lang/object,i
MOD0019,com/teamresourceful/resourcefullib/common/nbt/TagReader.class,CLASS,,i:ljava/lang/object,i
MOD0019,com/teamresourceful/resourcefullib/common/nbt/TagReader.class,CLASS,,i:ljava/lang/object,i
MOD0019,com/teamresourceful/resourcefullib/common/nbt/TagReader.class,CLASS,,i:ljava/lang/object,i
MOD0019,com/teamresourceful/resourcefullib/common/nbt/TagReader.class,CLASS,,i:ljava/lang/object,i
MOD0019,com/teamresourceful/resourcefullib/common/nbt/TagReader.class,CLASS,,i:ljava/lang/object,i
MOD0019,com/teamresourceful/resourcefullib/common/nbt/TagReader.class,CLASS,,i:ljava/lang/object,i
MOD0019,com/teamresourceful/resourcefullib/common/nbt/TagReader.class,CLASS,,i:ljava/lang/object,i
MOD0019,com/teamresourceful/resourcefullib/common/nbt/TagReader.class,CLASS,,i:ljava/lang/object,i
MOD0019,com/teamresourceful/resourcefullib/common/nbt/TagReader.class,CLASS,,i:ljava/lang/object,i
MOD0019,com/teamresourceful/resourcefullib/common/nbt/TagReader.class,CLASS,,i:ljava/lang/object,i
MOD0019,com/teamresourceful/resourcefullib/common/nbt/TagReader.class,CLASS,,i:ljava/lang/object,i
MOD0019,com/teamresourceful/resourcefullib/common/nbt/TagReader.class,CLASS,,i:ljava/lang/object,i
MOD0019,com/teamresourceful/resourcefullib/common/menu/MenuContentHelper.class,CLASS,,t:lnet/minecraft/class_1703,t
MOD0019,com/teamresourceful/resourcefullib/common/codecs/predicates/properties/BlockStatePredicate.class,CLASS,,s:lnet/minecraft/class_2688,s
MOD0019,com/teamresourceful/resourcefullib/common/item/LazyHolder.class,CLASS,,t:ljava/lang/object,t
MOD0019,com/teamresourceful/resourcefullib/common/item/LazyHolder.class,CLASS,,r:ljava/lang/object,r
MOD0019,com/teamresourceful/resourcefullib/common/item/LazyHolder.class,CLASS,,r:ljava/lang/object,r
MOD0019,com/teamresourceful/resourcefullib/common/item/LazyHolder.class,CLASS,,t:ljava/lang/object,t
MOD0019,com/teamresourceful/resourcefullib/common/nbt/validators/numeric/NumericValidator.class,CLASS,,number:exact,number
MOD0019,com/teamresourceful/resourcefullib/common/nbt/validators/numeric/NumericValidator.class,CLASS,,number:between,number
MOD0019,com/teamresourceful/resourcefullib/common/caches/CacheableFunction.class,CLASS,,t:ljava/lang/object,t
MOD0019,com/teamresourceful/resourcefullib/common/caches/CacheableFunction.class,CLASS,,r:ljava/lang/object,r
MOD0019,com/teamresourceful/resourcefullib/common/caches/CacheableFunction.class,CLASS,,t:ljava/lang/object,t
MOD0019,com/teamresourceful/resourcefullib/common/caches/CacheableFunction.class,CLASS,,r:ljava/lang/object,r
MOD0019,com/teamresourceful/resourcefullib/common/menu/fabric/MenuContentHelperImpl.class,CLASS,,t:lnet/minecraft/class_1703,t
MOD0019,com/teamresourceful/resourcefullib/client/registry/ResourcefulClientRegistryType.class,CLASS,,d:ljava/lang/object,d
MOD0019,com/teamresourceful/resourcefullib/common/collections/CycleableList.class,CLASS,,e:ljava/lang/object,e
MOD0019,com/teamresourceful/resourcefullib/common/bytecodecs/StreamCodecByteCodec.class,CLASS,,b:lio/netty/buffer/bytebuf,b
MOD0019,com/teamresourceful/resourcefullib/common/bytecodecs/StreamCodecByteCodec.class,CLASS,,t:ljava/lang/object,t
MOD0019,com/teamresourceful/resourcefullib/common/bytecodecs/StreamCodecByteCodec.class,CLASS,,b:lio/netty/buffer/bytebuf,b
MOD0019,com/teamresourceful/resourcefullib/common/bytecodecs/StreamCodecByteCodec.class,CLASS,,t:ljava/lang/object,t
MOD0019,com/teamresourceful/resourcefullib/common/bytecodecs/StreamCodecByteCodec.class,CLASS,,t:ljava/lang/object,t
MOD0019,com/teamresourceful/resourcefullib/common/bytecodecs/StreamCodecByteCodec.class,CLASS,,t:ljava/lang/object,t
MOD0019,com/teamresourceful/resourcefullib/common/bytecodecs/StreamCodecByteCodec.class,CLASS,,t:ljava/lang/object,t
MOD0019,com/teamresourceful/resourcefullib/common/bytecodecs/StreamCodecByteCodec.class,CLASS,,t:ljava/lang/object,t
MOD0019,com/teamresourceful/resourcefullib/common/bytecodecs/StreamCodecByteCodec.class,CLASS,,t:ljava/lang/object,t
MOD0019,com/teamresourceful/resourcefullib/common/bytecodecs/StreamCodecByteCodec.class,CLASS,,t:ljava/lang/object,t
MOD0019,com/teamresourceful/resourcefullib/common/nbt/TagUtils.class,CLASS,,k:ljava/lang/object,k
MOD0019,com/teamresourceful/resourcefullib/common/nbt/TagUtils.class,CLASS,,v:ljava/lang/object,v
MOD0019,com/teamresourceful/resourcefullib/common/nbt/TagUtils.class,CLASS,,t:ljava/lang/object,t
MOD0019,com/teamresourceful/resourcefullib/common/nbt/TagUtils.class,CLASS,,t:ljava/lang/object,t
MOD0019,com/teamresourceful/resourcefullib/client/screens/AbstractContainerCursorScreen.class,CLASS,,t:lnet/minecraft/class_1703,t
MOD0019,com/teamresourceful/resourcefullib/common/nbt/validators/list/MatchesListValidator.class,CLASS,,list:matches,list
MOD0019,com/teamresourceful/resourcefullib/fabric/FabricResourcePackHandler.class,CLASS,,resourcefullib:resourcepack,resourcefullib
MOD0019,com/teamresourceful/resourcefullib/common/codecs/deferred/Deferred.class,CLASS,,e:ljava/lang/object,e
MOD0019,com/teamresourceful/resourcefullib/common/codecs/deferred/Deferred.class,CLASS,,v:ljava/lang/object,v
MOD0019,com/teamresourceful/resourcefullib/common/codecs/deferred/Deferred.class,CLASS,,t:ljava/lang/object,t
MOD0019,com/teamresourceful/resourcefullib/common/nbt/validators/list/ExactListValidator.class,CLASS,,list:exact,list
MOD0019,com/teamresourceful/resourcefullib/common/registry/ResourcefulRegistries.class,CLASS,,t:ljava/lang/object,t
MOD0019,com/teamresourceful/resourcefullib/common/registry/ResourcefulRegistries.class,CLASS,,t:ljava/lang/object,t
MOD0019,com/teamresourceful/resourcefullib/common/registry/ResourcefulRegistries.class,CLASS,,d:ljava/lang/object,d
MOD0019,com/teamresourceful/resourcefullib/common/codecs/deferred/Deferred$DeferredDecoder.class,CLASS,,e:ljava/lang/object,e
MOD0019,com/teamresourceful/resourcefullib/common/codecs/deferred/Deferred$DeferredDecoder.class,CLASS,,t:ljava/lang/object,t
MOD0020,fabric.mod.json,JSON,homepage,https://modrinth.com/mod/betterf3,https
MOD0020,fabric.mod.json,JSON,sources,https://github.com/treyruffy/betterf3.git,https
MOD0020,fabric.mod.json,JSON,issues,https://github.com/treyruffy/betterf3/issues/,https
MOD0020,assets/betterf3/lang/fi_fi.json,JSON,config.betterf3.disable.tooltip,hud:in,hud
MOD0020,assets/betterf3/lang/fi_fi.json,JSON,config.betterf3.animations.tooltip,hud:in.,hud
MOD0020,assets/betterf3/lang/fi_fi.json,JSON,text.betterf3.line.pending_uploads,gpu:lle,gpu
MOD0020,assets/betterf3/lang/fi_fi.json,JSON,text.betterf3.line.available_buffers,buffers:it,buffers
MOD0020,assets/betterf3/lang/fi_fi.json,JSON,text.betterf3.line.fps.vsync,v-sync:in,v-sync
MOD0020,assets/betterf3/lang/fi_fi.json,JSON,text.betterf3.line.waiting_chunk,chunk:ia...,chunk
MOD0020,assets/betterf3/lang/fi_fi.json,JSON,text.betterf3.line.gpu_utilization,gpu:n,gpu
MOD0020,me/cominixo/betterf3/libs/nightconfig/core/AbstractConfig.class,CLASS,,t:ljava/lang/object,t
MOD0020,me/cominixo/betterf3/libs/nightconfig/core/AbstractConfig.class,CLASS,,t:ljava/lang/object,t
MOD0020,me/cominixo/betterf3/libs/nightconfig/core/AbstractConfig.class,CLASS,,t:ljava/lang/object,t
MOD0020,me/cominixo/betterf3/libs/nightconfig/core/AbstractConfig.class,CLASS,,t:ljava/lang/object,t
MOD0020,me/cominixo/betterf3/libs/nightconfig/core/file/AutosaveCommentedFileConfig.class,CLASS,,t:ljava/lang/object,t
MOD0020,me/cominixo/betterf3/libs/nightconfig/core/file/AutosaveCommentedFileConfig.class,CLASS,,t:ljava/lang/object,t
MOD0020,me/cominixo/betterf3/libs/nightconfig/core/conversion/ConversionTable.class,CLASS,,t:ljava/lang/object,t
MOD0020,me/cominixo/betterf3/libs/nightconfig/core/conversion/ObjectBinder$BoundConfig.class,CLASS,,t:ljava/lang/object,t
MOD0020,me/cominixo/betterf3/libs/nightconfig/core/conversion/ObjectBinder$BoundConfig.class,CLASS,,t:ljava/lang/object,t
MOD0020,me/cominixo/betterf3/libs/nightconfig/core/conversion/ObjectBinder$EnumValueConverter.class,CLASS,,t:ljava/lang/enum,t
MOD0020,me/cominixo/betterf3/libs/nightconfig/core/utils/ObservedMap.class,CLASS,,k:ljava/lang/object,k
MOD0020,me/cominixo/betterf3/libs/nightconfig/core/utils/ObservedMap.class,CLASS,,v:ljava/lang/object,v
MOD0020,me/cominixo/betterf3/libs/nightconfig/core/UnmodifiableConfig.class,CLASS,,t:ljava/lang/object,t
MOD0020,me/cominixo/betterf3/libs/nightconfig/core/UnmodifiableConfig.class,CLASS,,t:ljava/lang/object,t
MOD0020,me/cominixo/betterf3/libs/nightconfig/core/UnmodifiableConfig.class,CLASS,,t:ljava/lang/object,t
MOD0020,me/cominixo/betterf3/libs/nightconfig/core/UnmodifiableConfig.class,CLASS,,t:ljava/lang/object,t
MOD0020,me/cominixo/betterf3/libs/nightconfig/core/UnmodifiableConfig.class,CLASS,,t:ljava/lang/object,t
MOD0020,me/cominixo/betterf3/libs/nightconfig/core/UnmodifiableConfig.class,CLASS,,t:ljava/lang/object,t
MOD0020,me/cominixo/betterf3/libs/nightconfig/core/UnmodifiableConfig.class,CLASS,,t:ljava/lang/object,t
MOD0020,me/cominixo/betterf3/libs/nightconfig/core/UnmodifiableConfig.class,CLASS,,t:ljava/lang/object,t
MOD0020,me/cominixo/betterf3/libs/nightconfig/core/UnmodifiableConfig.class,CLASS,,t:ljava/lang/enum,t
MOD0020,me/cominixo/betterf3/libs/nightconfig/core/UnmodifiableConfig.class,CLASS,,t:ljava/lang/enum,t
MOD0020,me/cominixo/betterf3/libs/nightconfig/core/UnmodifiableConfig.class,CLASS,,t:ljava/lang/enum,t
MOD0020,me/cominixo/betterf3/libs/nightconfig/core/UnmodifiableConfig.class,CLASS,,t:ljava/lang/enum,t
MOD0020,me/cominixo/betterf3/libs/nightconfig/core/UnmodifiableConfig.class,CLASS,,t:ljava/lang/enum,t
MOD0020,me/cominixo/betterf3/libs/nightconfig/core/UnmodifiableConfig.class,CLASS,,t:ljava/lang/enum,t
MOD0020,me/cominixo/betterf3/libs/nightconfig/core/UnmodifiableConfig.class,CLASS,,t:ljava/lang/enum,t
MOD0020,me/cominixo/betterf3/libs/nightconfig/core/UnmodifiableConfig.class,CLASS,,t:ljava/lang/enum,t
MOD0020,me/cominixo/betterf3/libs/nightconfig/core/UnmodifiableConfig.class,CLASS,,t:ljava/lang/enum,t
MOD0020,me/cominixo/betterf3/libs/nightconfig/core/UnmodifiableConfig.class,CLASS,,t:ljava/lang/enum,t
MOD0020,me/cominixo/betterf3/libs/nightconfig/core/UnmodifiableConfig.class,CLASS,,t:ljava/lang/enum,t
MOD0020,me/cominixo/betterf3/libs/nightconfig/core/UnmodifiableConfig.class,CLASS,,t:ljava/lang/enum,t
MOD0020,me/cominixo/betterf3/libs/nightconfig/core/UnmodifiableConfig.class,CLASS,,t:ljava/lang/enum,t
MOD0020,me/cominixo/betterf3/libs/nightconfig/core/UnmodifiableConfig.class,CLASS,,t:ljava/lang/enum,t
MOD0020,me/cominixo/betterf3/libs/nightconfig/core/UnmodifiableConfig.class,CLASS,,t:ljava/lang/enum,t
MOD0020,me/cominixo/betterf3/libs/nightconfig/core/UnmodifiableConfig.class,CLASS,,t:ljava/lang/enum,t
MOD0020,me/cominixo/betterf3/libs/nightconfig/core/conversion/ConversionTable$1.class,CLASS,,t:ljava/lang/object,t
MOD0020,me/cominixo/betterf3/libs/nightconfig/core/utils/TransformingListIterator.class,CLASS,,internalv:ljava/lang/object,internalv
MOD0020,me/cominixo/betterf3/libs/nightconfig/core/utils/TransformingListIterator.class,CLASS,,externalv:ljava/lang/object,externalv
MOD0020,me/cominixo/betterf3/libs/nightconfig/core/utils/ObservedSet.class,CLASS,,k:ljava/lang/object,k
MOD0020,me/cominixo/betterf3/libs/nightconfig/core/utils/ObservedSet.class,CLASS,,t:ljava/lang/object,t
MOD0020,me/cominixo/betterf3/libs/nightconfig/core/utils/TransformingCollection.class,CLASS,,internalv:ljava/lang/object,internalv
MOD0020,me/cominixo/betterf3/libs/nightconfig/core/utils/TransformingCollection.class,CLASS,,externalv:ljava/lang/object,externalv
MOD0020,me/cominixo/betterf3/libs/nightconfig/core/utils/TransformingCollection.class,CLASS,,t:ljava/lang/object,t
MOD0020,me/cominixo/betterf3/modules/SystemModule.class,CLASS,,hh:mm,hh
MOD0020,me/cominixo/betterf3/libs/nightconfig/core/utils/TransformingMap.class,CLASS,,k:ljava/lang/object,k
MOD0020,me/cominixo/betterf3/libs/nightconfig/core/utils/TransformingMap.class,CLASS,,internalv:ljava/lang/object,internalv
MOD0020,me/cominixo/betterf3/libs/nightconfig/core/utils/TransformingMap.class,CLASS,,externalv:ljava/lang/object,externalv
MOD0020,me/cominixo/betterf3/libs/nightconfig/core/file/CheckedFileConfig.class,CLASS,,t:ljava/lang/object,t
MOD0020,me/cominixo/betterf3/libs/nightconfig/core/file/CheckedFileConfig.class,CLASS,,t:ljava/lang/object,t
MOD0020,me/cominixo/betterf3/libs/nightconfig/core/conversion/ConvertedConfig$1.class,CLASS,,t:ljava/lang/object,t
MOD0020,me/cominixo/betterf3/libs/nightconfig/core/utils/ObservedEntry.class,CLASS,,k:ljava/lang/object,k
MOD0020,me/cominixo/betterf3/libs/nightconfig/core/utils/ObservedEntry.class,CLASS,,v:ljava/lang/object,v
MOD0020,me/cominixo/betterf3/libs/nightconfig/core/file/CheckedCommentedFileConfig.class,CLASS,,t:ljava/lang/object,t
MOD0020,me/cominixo/betterf3/libs/nightconfig/core/file/CheckedCommentedFileConfig.class,CLASS,,t:ljava/lang/object,t
MOD0020,me/cominixo/betterf3/libs/nightconfig/core/AbstractConfig$EntryWrapper.class,CLASS,,t:ljava/lang/object,t
MOD0020,me/cominixo/betterf3/libs/nightconfig/core/AbstractConfig$EntryWrapper.class,CLASS,,t:ljava/lang/object,t
MOD0020,me/cominixo/betterf3/libs/nightconfig/core/Config$1.class,CLASS,,t:ljava/lang/object,t
MOD0020,me/cominixo/betterf3/libs/nightconfig/core/CheckedConfig.class,CLASS,,t:ljava/lang/object,t
MOD0020,me/cominixo/betterf3/libs/nightconfig/core/CheckedConfig.class,CLASS,,t:ljava/lang/object,t
MOD0020,me/cominixo/betterf3/libs/nightconfig/core/Config.class,CLASS,,t:ljava/lang/object,t
MOD0020,me/cominixo/betterf3/libs/nightconfig/core/Config.class,CLASS,,t:ljava/lang/object,t
MOD0020,me/cominixo/betterf3/libs/nightconfig/core/Config.class,CLASS,,t:ljava/lang/object,t
MOD0020,me/cominixo/betterf3/libs/nightconfig/core/Config.class,CLASS,,t:ljava/lang/object,t
MOD0020,me/cominixo/betterf3/libs/nightconfig/core/Config.class,CLASS,,t:ljava/lang/object,t
MOD0020,me/cominixo/betterf3/libs/nightconfig/core/Config.class,CLASS,,t:ljava/lang/object,t
MOD0020,me/cominixo/betterf3/libs/nightconfig/core/utils/TransformingMapEntry.class,CLASS,,k:ljava/lang/object,k
MOD0020,me/cominixo/betterf3/libs/nightconfig/core/utils/TransformingMapEntry.class,CLASS,,internalv:ljava/lang/object,internalv
MOD0020,me/cominixo/betterf3/libs/nightconfig/core/utils/TransformingMapEntry.class,CLASS,,externalv:ljava/lang/object,externalv
MOD0020,me/cominixo/betterf3/libs/nightconfig/core/conversion/ConversionTable$1$1.class,CLASS,,t:ljava/lang/object,t
MOD0020,me/cominixo/betterf3/libs/nightconfig/core/CheckedCommentedConfig.class,CLASS,,t:ljava/lang/object,t
MOD0020,me/cominixo/betterf3/libs/nightconfig/core/CheckedCommentedConfig.class,CLASS,,t:ljava/lang/object,t
MOD0020,me/cominixo/betterf3/libs/nightconfig/core/conversion/ObjectConverter.class,CLASS,,o:ljava/lang/object,o
MOD0020,me/cominixo/betterf3/libs/nightconfig/core/conversion/ObjectConverter.class,CLASS,,t:ljava/lang/object,t
MOD0020,me/cominixo/betterf3/libs/nightconfig/core/utils/TransformingSpliterator.class,CLASS,,internalv:ljava/lang/object,internalv
MOD0020,me/cominixo/betterf3/libs/nightconfig/core/utils/TransformingSpliterator.class,CLASS,,externalv:ljava/lang/object,externalv
MOD0020,me/cominixo/betterf3/libs/nightconfig/core/utils/TransformingSet.class,CLASS,,internalv:ljava/lang/object,internalv
MOD0020,me/cominixo/betterf3/libs/nightconfig/core/utils/TransformingSet.class,CLASS,,externalv:ljava/lang/object,externalv
MOD0020,me/cominixo/betterf3/libs/nightconfig/core/conversion/AbstractConvertedConfig.class,CLASS,,t:ljava/lang/object,t
MOD0020,me/cominixo/betterf3/libs/nightconfig/core/conversion/AbstractConvertedConfig.class,CLASS,,t:ljava/lang/object,t
MOD0020,me/cominixo/betterf3/libs/nightconfig/core/utils/FakeCommentedConfig$FakeCommentedEntry.class,CLASS,,t:ljava/lang/object,t
MOD0020,me/cominixo/betterf3/libs/nightconfig/core/utils/FakeCommentedConfig$FakeCommentedEntry.class,CLASS,,t:ljava/lang/object,t
MOD0020,me/cominixo/betterf3/libs/nightconfig/core/utils/TransformingIterator.class,CLASS,,internalv:ljava/lang/object,internalv
MOD0020,me/cominixo/betterf3/libs/nightconfig/core/utils/TransformingIterator.class,CLASS,,externalv:ljava/lang/object,externalv
MOD0020,me/cominixo/betterf3/libs/nightconfig/core/utils/ObservedIterator.class,CLASS,,e:ljava/lang/object,e
MOD0020,me/cominixo/betterf3/libs/nightconfig/core/utils/ConfigWrapper.class,CLASS,,t:ljava/lang/object,t
MOD0020,me/cominixo/betterf3/libs/nightconfig/core/utils/ConfigWrapper.class,CLASS,,t:ljava/lang/object,t
MOD0020,me/cominixo/betterf3/modules/MiscLeftModule.class,CLASS,,minecraft:overworld,minecraft
MOD0020,me/cominixo/betterf3/libs/nightconfig/core/EnumGetMethod.class,CLASS,,t:ljava/lang/enum,t
MOD0020,me/cominixo/betterf3/libs/nightconfig/core/EnumGetMethod.class,CLASS,,t:ljava/lang/enum,t
MOD0020,me/cominixo/betterf3/config/gui/modules/EditModulesScreen.class,CLASS,,hh:mm,hh
MOD0020,me/cominixo/betterf3/libs/nightconfig/core/UnmodifiableConfig$Entry.class,CLASS,,t:ljava/lang/object,t
MOD0020,me/cominixo/betterf3/libs/nightconfig/core/UnmodifiableConfig$Entry.class,CLASS,,t:ljava/lang/object,t
MOD0020,me/cominixo/betterf3/libs/nightconfig/core/UnmodifiableConfig$Entry.class,CLASS,,t:ljava/lang/object,t
MOD0020,me/cominixo/betterf3/libs/nightconfig/core/conversion/Converter.class,CLASS,,fieldtype:ljava/lang/object,fieldtype
MOD0020,me/cominixo/betterf3/libs/nightconfig/core/conversion/Converter.class,CLASS,,configvaluetype:ljava/lang/object,configvaluetype
MOD0020,me/cominixo/betterf3/libs/nightconfig/core/utils/TransformingList.class,CLASS,,internalv:ljava/lang/object,internalv
MOD0020,me/cominixo/betterf3/libs/nightconfig/core/utils/TransformingList.class,CLASS,,externalv:ljava/lang/object,externalv
MOD0020,me/cominixo/betterf3/libs/nightconfig/core/ConfigSpec$DumbSupplier.class,CLASS,,t:ljava/lang/object,t
MOD0020,me/cominixo/betterf3/libs/nightconfig/core/ConfigSpec.class,CLASS,,v:ljava/lang/object,v
MOD0020,me/cominixo/betterf3/libs/nightconfig/core/ConfigSpec.class,CLASS,,v:ljava/lang/object,v
MOD0020,me/cominixo/betterf3/libs/nightconfig/core/ConfigSpec.class,CLASS,,v:ljava/lang/object,v
MOD0020,me/cominixo/betterf3/libs/nightconfig/core/ConfigSpec.class,CLASS,,v:ljava/lang/object,v
MOD0020,me/cominixo/betterf3/libs/nightconfig/core/ConfigSpec.class,CLASS,,t:ljava/lang/enum,t
MOD0020,me/cominixo/betterf3/libs/nightconfig/core/ConfigSpec.class,CLASS,,t:ljava/lang/enum,t
MOD0020,me/cominixo/betterf3/libs/nightconfig/core/ConfigSpec.class,CLASS,,t:ljava/lang/enum,t
MOD0020,me/cominixo/betterf3/libs/nightconfig/core/ConfigSpec.class,CLASS,,t:ljava/lang/enum,t
MOD0020,me/cominixo/betterf3/libs/nightconfig/core/ConfigSpec.class,CLASS,,t:ljava/lang/enum,t
MOD0020,me/cominixo/betterf3/libs/nightconfig/core/ConfigSpec.class,CLASS,,t:ljava/lang/enum,t
MOD0020,me/cominixo/betterf3/libs/nightconfig/core/ConfigSpec.class,CLASS,,t:ljava/lang/enum,t
MOD0020,me/cominixo/betterf3/libs/nightconfig/core/ConfigSpec.class,CLASS,,t:ljava/lang/enum,t
MOD0020,me/cominixo/betterf3/libs/nightconfig/core/conversion/ObjectBinder$BoundConfig$1.class,CLASS,,t:ljava/lang/object,t
MOD0020,me/cominixo/betterf3/libs/nightconfig/core/conversion/ObjectBinder$BoundConfig$1.class,CLASS,,t:ljava/lang/object,t
MOD0020,me/cominixo/betterf3/libs/nightconfig/core/utils/UnmodifiableConfigWrapper.class,CLASS,,t:ljava/lang/object,t
MOD0020,me/cominixo/betterf3/libs/nightconfig/core/CommentedConfig$1.class,CLASS,,t:ljava/lang/object,t
MOD0020,me/cominixo/betterf3/libs/nightconfig/core/conversion/AbstractConvertedCommentedConfig$1.class,CLASS,,t:ljava/lang/object,t
MOD0020,me/cominixo/betterf3/libs/nightconfig/core/conversion/AbstractConvertedCommentedConfig$1.class,CLASS,,t:ljava/lang/object,t
MOD0020,me/cominixo/betterf3/libs/nightconfig/core/Config$Entry.class,CLASS,,t:ljava/lang/object,t
MOD0020,me/cominixo/betterf3/libs/nightconfig/core/file/AutosaveFileConfig.class,CLASS,,t:ljava/lang/object,t
MOD0020,me/cominixo/betterf3/libs/nightconfig/core/file/AutosaveFileConfig.class,CLASS,,t:ljava/lang/object,t
MOD0020,me/cominixo/betterf3/libs/nightconfig/core/utils/FakeUnmodifiableCommentedConfig$FakeCommentedEntry.class,CLASS,,t:ljava/lang/object,t
MOD0020,me/cominixo/betterf3/libs/nightconfig/json/JsonParser.class,CLASS,,t:ljava/lang/object,t
MOD0020,me/cominixo/betterf3/libs/nightconfig/json/JsonParser.class,CLASS,,t:ljava/lang/object,t
MOD0020,me/cominixo/betterf3/libs/nightconfig/json/JsonParser.class,CLASS,,t:ljava/lang/object,t
MOD0021,assets/visuality/particles/small_slime_blob.json,JSON,textures,visuality:small_slime_blob_0,visuality
MOD0021,assets/visuality/particles/small_slime_blob.json,JSON,textures,visuality:small_slime_blob_1,visuality
MOD0021,assets/visuality/particles/small_slime_blob.json,JSON,textures,visuality:small_slime_blob_2,visuality
MOD0021,assets/visuality/particles/small_slime_blob.json,JSON,textures,visuality:small_slime_blob_3,visuality
MOD0021,assets/visuality/particles/sparkle.json,JSON,textures,visuality:sparkle_0,visuality
MOD0021,assets/visuality/particles/sparkle.json,JSON,textures,visuality:sparkle_1,visuality
MOD0021,assets/visuality/particles/sparkle.json,JSON,textures,visuality:sparkle_2,visuality
MOD0021,assets/visuality/particles/sparkle.json,JSON,textures,visuality:sparkle_3,visuality
MOD0021,assets/visuality/particles/sparkle.json,JSON,textures,visuality:sparkle_4,visuality
MOD0021,assets/visuality/particles/sparkle.json,JSON,textures,visuality:sparkle_5,visuality
MOD0021,assets/visuality/particles/water_circle.json,JSON,textures,visuality:water_circle_0,visuality
MOD0021,assets/visuality/particles/water_circle.json,JSON,textures,visuality:water_circle_1,visuality
MOD0021,assets/visuality/particles/water_circle.json,JSON,textures,visuality:water_circle_2,visuality
MOD0021,assets/visuality/particles/water_circle.json,JSON,textures,visuality:water_circle_3,visuality
MOD0021,assets/visuality/particles/water_circle.json,JSON,textures,visuality:water_circle_4,visuality
MOD0021,assets/visuality/particles/big_slime_blob.json,JSON,textures,visuality:big_slime_blob_0,visuality
MOD0021,assets/visuality/particles/big_slime_blob.json,JSON,textures,visuality:big_slime_blob_1,visuality
MOD0021,assets/visuality/particles/big_slime_blob.json,JSON,textures,visuality:big_slime_blob_2,visuality
MOD0021,assets/visuality/particles/big_slime_blob.json,JSON,textures,visuality:big_slime_blob_3,visuality
MOD0021,assets/visuality/particles/soul.json,JSON,textures,visuality:soul_0,visuality
MOD0021,assets/visuality/particles/soul.json,JSON,textures,visuality:soul_1,visuality
MOD0021,assets/visuality/particles/soul.json,JSON,textures,visuality:soul_2,visuality
MOD0021,assets/visuality/particles/soul.json,JSON,textures,visuality:soul_3,visuality
MOD0021,assets/visuality/particles/soul.json,JSON,textures,visuality:soul_4,visuality
MOD0021,assets/visuality/particles/soul.json,JSON,textures,visuality:soul_5,visuality
MOD0021,assets/visuality/particles/soul.json,JSON,textures,visuality:soul_6,visuality
MOD0021,assets/visuality/particles/soul.json,JSON,textures,visuality:soul_7,visuality
MOD0021,assets/visuality/particles/soul.json,JSON,textures,visuality:soul_8,visuality
MOD0021,assets/visuality/particles/soul.json,JSON,textures,visuality:soul_9,visuality
MOD0021,assets/visuality/particles/soul.json,JSON,textures,visuality:soul_10,visuality
MOD0021,assets/visuality/particles/charge.json,JSON,textures,visuality:charge_0,visuality
MOD0021,assets/visuality/particles/charge.json,JSON,textures,visuality:empty,visuality
MOD0021,assets/visuality/particles/charge.json,JSON,textures,visuality:charge_1,visuality
MOD0021,assets/visuality/particles/charge.json,JSON,textures,visuality:empty,visuality
MOD0021,assets/visuality/particles/charge.json,JSON,textures,visuality:charge_2,visuality
MOD0021,assets/visuality/particles/charge.json,JSON,textures,visuality:empty,visuality
MOD0021,assets/visuality/particles/charge.json,JSON,textures,visuality:charge_3,visuality
MOD0021,assets/visuality/particles/medium_slime_blob.json,JSON,textures,visuality:medium_slime_blob_0,visuality
MOD0021,assets/visuality/particles/medium_slime_blob.json,JSON,textures,visuality:medium_slime_blob_1,visuality
MOD0021,assets/visuality/particles/medium_slime_blob.json,JSON,textures,visuality:medium_slime_blob_2,visuality
MOD0021,assets/visuality/particles/medium_slime_blob.json,JSON,textures,visuality:medium_slime_blob_3,visuality
MOD0021,fabric.mod.json,JSON,homepage,https://modrinth.com/mod/visuality,https
MOD0021,fabric.mod.json,JSON,sources,https://github.com/pinkgoosik/visuality,https
MOD0021,fabric.mod.json,JSON,issues,https://github.com/pinkgoosik/visuality/issues,https
MOD0021,fabric.mod.json,JSON,modmenu.discord,https://discord.gg/dcemweskez,https
MOD0021,visuality/config/VisualityConfig.class,CLASS,,minecraft:skeleton/visuality,minecraft
MOD0021,visuality/config/VisualityConfig.class,CLASS,,minecraft:skeleton_horse/visuality,minecraft
MOD0021,visuality/config/VisualityConfig.class,CLASS,,minecraft:stray/visuality,minecraft
MOD0021,visuality/config/VisualityConfig.class,CLASS,,minecraft:wither_skeleton/visuality,minecraft
MOD0021,visuality/config/VisualityConfig.class,CLASS,,minecraft:chicken/visuality,minecraft
MOD0021,visuality/config/VisualityConfig.class,CLASS,,minecraft:villager/visuality,minecraft
MOD0021,visuality/config/VisualityConfig.class,CLASS,,minecraft:golden_helmet,minecraft
MOD0021,visuality/config/VisualityConfig.class,CLASS,,minecraft:golden_chestplate,minecraft
MOD0021,visuality/config/VisualityConfig.class,CLASS,,minecraft:golden_leggings,minecraft
MOD0021,visuality/config/VisualityConfig.class,CLASS,,minecraft:golden_boots,minecraft
MOD0021,visuality/config/VisualityConfig.class,CLASS,,minecraft:diamond_helmet,minecraft
MOD0021,visuality/config/VisualityConfig.class,CLASS,,minecraft:diamond_chestplate,minecraft
MOD0021,visuality/config/VisualityConfig.class,CLASS,,minecraft:diamond_leggings,minecraft
MOD0021,visuality/config/VisualityConfig.class,CLASS,,minecraft:diamond_boots,minecraft
MOD0021,visuality/config/VisualityConfig.class,CLASS,,minecraft:gold_ores,minecraft
MOD0021,visuality/config/VisualityConfig.class,CLASS,,minecraft:diamond_ores,minecraft
MOD0021,visuality/config/VisualityConfig.class,CLASS,,minecraft:emerald_ores,minecraft
MOD0022,assets/minecraft/models/tag/item/beacon_payment_items.json,JSON,first,minecraft:item/iron_ingot,minecraft
MOD0022,assets/minecraft/models/tag/item/beacon_payment_items.json,JSON,second,minecraft:item/emerald,minecraft
MOD0022,assets/minecraft/models/tag/item/beacon_payment_items.json,JSON,third,minecraft:item/diamond,minecraft
MOD0022,assets/minecraft/models/tag/item/beacon_payment_items.json,JSON,fourth,minecraft:item/gold_ingot,minecraft
MOD0022,assets/minecraft/models/tag/item/piglin_loved.json,JSON,first,minecraft:item/glistering_melon_slice,minecraft
MOD0022,assets/minecraft/models/tag/item/piglin_loved.json,JSON,second,minecraft:item/clock_00,minecraft
MOD0022,assets/c/models/tag/item/nuggets.json,JSON,first,minecraft:item/iron_nugget,minecraft
MOD0022,assets/c/models/tag/item/nuggets.json,JSON,second,minecraft:item/gold_nugget,minecraft
MOD0022,assets/minecraft/models/tag/item/creeper_drop_music_discs.json,JSON,first,minecraft:item/music_disc_13,minecraft
MOD0022,assets/minecraft/models/tag/item/creeper_drop_music_discs.json,JSON,second,minecraft:item/music_disc_stal,minecraft
MOD0022,assets/minecraft/models/tag/item/coals.json,JSON,first,minecraft:item/coal,minecraft
MOD0022,assets/minecraft/models/tag/item/coals.json,JSON,second,minecraft:item/charcoal,minecraft
MOD0022,assets/emi/lang/pl_pl.json,JSON,emi.dev.synthetic_id,b:/,b
MOD0022,assets/emi/lang/pl_pl.json,JSON,emi.dev.suggest_id,b:/,b
MOD0022,assets/emi/lang/pl_pl.json,JSON,emi.dev.suggest_id,b:/,b
MOD0022,assets/c/models/tag/item/armors.json,JSON,first,minecraft:item/golden_boots,minecraft
MOD0022,assets/c/models/tag/item/armors.json,JSON,second,minecraft:item/diamond_helmet,minecraft
MOD0022,assets/c/models/tag/item/armors/helmets.json,JSON,parent,minecraft:item/diamond_helmet,minecraft
MOD0022,assets/minecraft/models/tag/item/axes.json,JSON,parent,minecraft:item/diamond_axe,minecraft
MOD0022,assets/minecraft/models/tag/item/flowers.json,JSON,first,minecraft:block/azure_bluet,minecraft
MOD0022,assets/minecraft/models/tag/item/flowers.json,JSON,second,minecraft:block/lilac_top,minecraft
MOD0022,assets/minecraft/models/tag/item/slabs.json,JSON,parent,minecraft:block/weathered_cut_copper_slab,minecraft
MOD0022,assets/c/models/tag/item/armors/leggings.json,JSON,parent,minecraft:item/diamond_leggings,minecraft
MOD0022,assets/emi/lang/es_es.json,JSON,emi.dev.synthetic_id,b:/,b
MOD0022,assets/emi/lang/es_es.json,JSON,emi.dev.suggest_id,b:/,b
MOD0022,assets/emi/lang/es_es.json,JSON,emi.dev.suggest_id,b:/,b
MOD0022,assets/minecraft/models/tag/item/shovels.json,JSON,parent,minecraft:item/diamond_shovel,minecraft
MOD0022,assets/emi/lang/ja_jp.json,JSON,emi.dev.synthetic_id,b:/,b
MOD0022,assets/emi/lang/ja_jp.json,JSON,emi.dev.suggest_id,b:/,b
MOD0022,assets/emi/lang/ja_jp.json,JSON,emi.dev.suggest_id,b:/,b
MOD0022,assets/minecraft/models/tag/item/creeper_igniters.json,JSON,first,minecraft:item/flint_and_steel,minecraft
MOD0022,assets/minecraft/models/tag/item/creeper_igniters.json,JSON,second,minecraft:item/fire_charge,minecraft
MOD0022,assets/emi/lang/pt_br.json,JSON,emi.dev.synthetic_id,b:/,b
MOD0022,assets/emi/lang/pt_br.json,JSON,emi.dev.suggest_id,b:/,b
MOD0022,assets/emi/lang/pt_br.json,JSON,emi.dev.suggest_id,b:/,b
MOD0022,assets/emi/lang/es_ar.json,JSON,emi.dev.synthetic_id,b:/,b
MOD0022,assets/emi/lang/es_ar.json,JSON,emi.dev.suggest_id,b:/,b
MOD0022,assets/emi/lang/es_ar.json,JSON,emi.dev.suggest_id,b:/,b
MOD0022,assets/minecraft/models/tag/item/tools.json,JSON,first,minecraft:item/golden_sword,minecraft
MOD0022,assets/minecraft/models/tag/item/tools.json,JSON,second,minecraft:item/diamond_pickaxe,minecraft
MOD0022,assets/emi/aliases/emi.json,JSON,stacks,item:minecraft,item
MOD0022,assets/minecraft/models/tag/item/stairs.json,JSON,parent,minecraft:block/weathered_cut_copper_stairs,minecraft
MOD0022,emi-xplat-refmap.json,JSON,STRIPPED_BLOCKS,field_7898:ljava/util/map,field_7898
MOD0022,emi-xplat-refmap.json,JSON,models,field_5408:ljava/util/map,field_5408
MOD0022,emi-xplat-refmap.json,JSON,itemRecipes,field_51405:ljava/util/list,field_51405
MOD0022,emi-xplat-refmap.json,JSON,potionRecipes,field_51404:ljava/util/list,field_51404
MOD0022,emi-xplat-refmap.json,JSON,potionTypes,field_51403:ljava/util/list,field_51403
MOD0022,emi-xplat-refmap.json,JSON,input,field_7870:lnet/minecraft/class_8566,field_7870
MOD0022,emi-xplat-refmap.json,JSON,backgroundHeight,field_2779:i,field_2779
MOD0022,emi-xplat-refmap.json,JSON,backgroundWidth,field_2792:i,field_2792
MOD0022,emi-xplat-refmap.json,JSON,focusedSlot,field_2787:lnet/minecraft/class_1735,field_2787
MOD0022,emi-xplat-refmap.json,JSON,x,field_2776:i,field_2776
MOD0022,emi-xplat-refmap.json,JSON,y,field_2800:i,field_2800
MOD0022,emi-xplat-refmap.json,JSON,TILLING_ACTIONS,field_8023:ljava/util/map,field_8023
MOD0022,emi-xplat-refmap.json,JSON,text,field_27997:lnet/minecraft/class_5481,field_27997
MOD0022,emi-xplat-refmap.json,JSON,PATH_STATES,field_8912:ljava/util/map,field_8912
MOD0022,emi-xplat-refmap.json,JSON,addition,field_42032:lnet/minecraft/class_1856,field_42032
MOD0022,emi-xplat-refmap.json,JSON,base,field_42031:lnet/minecraft/class_1856,field_42031
MOD0022,emi-xplat-refmap.json,JSON,template,field_42030:lnet/minecraft/class_1856,field_42030
MOD0022,emi-xplat-refmap.json,JSON,addition,field_42037:lnet/minecraft/class_1856,field_42037
MOD0022,emi-xplat-refmap.json,JSON,base,field_42036:lnet/minecraft/class_1856,field_42036
MOD0022,emi-xplat-refmap.json,JSON,template,field_42035:lnet/minecraft/class_1856,field_42035
MOD0022,emi-xplat-refmap.json,JSON,STRIPPED_BLOCKS,field_7898:ljava/util/map,field_7898
MOD0022,emi-xplat-refmap.json,JSON,models,field_5408:ljava/util/map,field_5408
MOD0022,emi-xplat-refmap.json,JSON,itemRecipes,field_51405:ljava/util/list,field_51405
MOD0022,emi-xplat-refmap.json,JSON,potionRecipes,field_51404:ljava/util/list,field_51404
MOD0022,emi-xplat-refmap.json,JSON,potionTypes,field_51403:ljava/util/list,field_51403
MOD0022,emi-xplat-refmap.json,JSON,input,field_7870:lnet/minecraft/class_8566,field_7870
MOD0022,emi-xplat-refmap.json,JSON,backgroundHeight,field_2779:i,field_2779
MOD0022,emi-xplat-refmap.json,JSON,backgroundWidth,field_2792:i,field_2792
MOD0022,emi-xplat-refmap.json,JSON,focusedSlot,field_2787:lnet/minecraft/class_1735,field_2787
MOD0022,emi-xplat-refmap.json,JSON,x,field_2776:i,field_2776
MOD0022,emi-xplat-refmap.json,JSON,y,field_2800:i,field_2800
MOD0022,emi-xplat-refmap.json,JSON,TILLING_ACTIONS,field_8023:ljava/util/map,field_8023
MOD0022,emi-xplat-refmap.json,JSON,text,field_27997:lnet/minecraft/class_5481,field_27997
MOD0022,emi-xplat-refmap.json,JSON,PATH_STATES,field_8912:ljava/util/map,field_8912
MOD0022,emi-xplat-refmap.json,JSON,addition,field_42032:lnet/minecraft/class_1856,field_42032
MOD0022,emi-xplat-refmap.json,JSON,base,field_42031:lnet/minecraft/class_1856,field_42031
MOD0022,emi-xplat-refmap.json,JSON,template,field_42030:lnet/minecraft/class_1856,field_42030
MOD0022,emi-xplat-refmap.json,JSON,addition,field_42037:lnet/minecraft/class_1856,field_42037
MOD0022,emi-xplat-refmap.json,JSON,base,field_42036:lnet/minecraft/class_1856,field_42036
MOD0022,emi-xplat-refmap.json,JSON,template,field_42035:lnet/minecraft/class_1856,field_42035
MOD0022,assets/minecraft/models/tag/item/music_discs.json,JSON,first,minecraft:item/music_disc_cat,minecraft
MOD0022,assets/minecraft/models/tag/item/music_discs.json,JSON,second,minecraft:item/music_disc_pigstep,minecraft
MOD0022,assets/emi/tag/exclusions/emi.json,JSON,exclusions,c:hidden_from_recipe_viewers,c
MOD0022,assets/emi/tag/exclusions/emi.json,JSON,item,minecraft:occludes_vibration_signals,minecraft
MOD0022,assets/emi/tag/exclusions/emi.json,JSON,item,minecraft:cluster_max_harvestables,minecraft
MOD0022,assets/emi/tag/exclusions/emi.json,JSON,item,minecraft:completes_find_tree_tutorial,minecraft
MOD0022,assets/emi/tag/exclusions/emi.json,JSON,item,minecraft:dampens_vibrations,minecraft
MOD0022,assets/emi/tag/exclusions/emi.json,JSON,item,c:axes,c
MOD0022,assets/emi/tag/exclusions/emi.json,JSON,item,c:hoes,c
MOD0022,assets/emi/tag/exclusions/emi.json,JSON,item,c:pickaxes,c
MOD0022,assets/emi/tag/exclusions/emi.json,JSON,item,c:shovels,c
MOD0022,assets/emi/tag/exclusions/emi.json,JSON,item,c:swords,c
MOD0022,assets/emi/tag/exclusions/emi.json,JSON,item,c:ore_bearing_ground/stone,c
MOD0022,assets/emi/tag/exclusions/emi.json,JSON,item,c:ore_bearing_ground/deepslate,c
MOD0022,assets/emi/tag/exclusions/emi.json,JSON,item,c:ore_bearing_ground/netherrack,c
MOD0022,assets/emi/tag/exclusions/emi.json,JSON,item,c:ore_rates/singular,c
MOD0022,assets/emi/tag/exclusions/emi.json,JSON,item,c:ore_rates/dense,c
MOD0022,assets/emi/tag/exclusions/emi.json,JSON,item,c:ore_rates/sparse,c
MOD0022,assets/emi/lang/fi_fi.json,JSON,key.emi.hide_stack_by_id,id:n,id
MOD0022,assets/emi/lang/fi_fi.json,JSON,config.emi.dev.show_recipe_ids,id:t,id
MOD0022,assets/emi/lang/fi_fi.json,JSON,emi.edit_mode.hide_all,id:n,id
MOD0022,assets/emi/recipe/defaults/emi.json,JSON,added,minecraft:stone,minecraft
MOD0022,assets/emi/recipe/defaults/emi.json,JSON,added,minecraft:polished_granite,minecraft
MOD0022,assets/emi/recipe/defaults/emi.json,JSON,added,minecraft:polished_diorite,minecraft
MOD0022,assets/emi/recipe/defaults/emi.json,JSON,added,minecraft:polished_andesite,minecraft
MOD0022,assets/emi/recipe/defaults/emi.json,JSON,added,minecraft:deepslate,minecraft
MOD0022,assets/emi/recipe/defaults/emi.json,JSON,added,minecraft:polished_deepslate,minecraft
MOD0022,assets/emi/recipe/defaults/emi.json,JSON,added,minecraft:dripstone_block,minecraft
MOD0022,assets/emi/recipe/defaults/emi.json,JSON,added,minecraft:coarse_dirt,minecraft
MOD0022,assets/emi/recipe/defaults/emi.json,JSON,added,minecraft:coal_block,minecraft
MOD0022,assets/emi/recipe/defaults/emi.json,JSON,added,minecraft:raw_iron_block,minecraft
MOD0022,assets/emi/recipe/defaults/emi.json,JSON,added,minecraft:raw_copper_block,minecraft
MOD0022,assets/emi/recipe/defaults/emi.json,JSON,added,minecraft:raw_gold_block,minecraft
MOD0022,assets/emi/recipe/defaults/emi.json,JSON,added,minecraft:amethyst_block,minecraft
MOD0022,assets/emi/recipe/defaults/emi.json,JSON,added,minecraft:iron_block,minecraft
MOD0022,assets/emi/recipe/defaults/emi.json,JSON,added,minecraft:copper_block,minecraft
MOD0022,assets/emi/recipe/defaults/emi.json,JSON,added,minecraft:gold_block,minecraft
MOD0022,assets/emi/recipe/defaults/emi.json,JSON,added,minecraft:diamond_block,minecraft
MOD0022,assets/emi/recipe/defaults/emi.json,JSON,added,minecraft:netherite_block,minecraft
MOD0022,assets/emi/recipe/defaults/emi.json,JSON,added,minecraft:waxed_copper_block_from_honeycomb,minecraft
MOD0022,assets/emi/recipe/defaults/emi.json,JSON,added,minecraft:waxed_exposed_copper_from_honeycomb,minecraft
MOD0022,assets/emi/recipe/defaults/emi.json,JSON,added,minecraft:waxed_weathered_copper_from_honeycomb,minecraft
MOD0022,assets/emi/recipe/defaults/emi.json,JSON,added,minecraft:waxed_oxidized_copper_from_honeycomb,minecraft
MOD0022,assets/emi/recipe/defaults/emi.json,JSON,added,minecraft:stripped_oak_wood,minecraft
MOD0022,assets/emi/recipe/defaults/emi.json,JSON,added,minecraft:stripped_spruce_wood,minecraft
MOD0022,assets/emi/recipe/defaults/emi.json,JSON,added,minecraft:stripped_birch_wood,minecraft
MOD0022,assets/emi/recipe/defaults/emi.json,JSON,added,minecraft:stripped_jungle_wood,minecraft
MOD0022,assets/emi/recipe/defaults/emi.json,JSON,added,minecraft:stripped_acacia_wood,minecraft
MOD0022,assets/emi/recipe/defaults/emi.json,JSON,added,minecraft:stripped_dark_oak_wood,minecraft
MOD0022,assets/emi/recipe/defaults/emi.json,JSON,added,minecraft:stripped_crimson_hyphae,minecraft
MOD0022,assets/emi/recipe/defaults/emi.json,JSON,added,minecraft:stripped_warped_hyphae,minecraft
MOD0022,assets/emi/recipe/defaults/emi.json,JSON,added,minecraft:oak_wood,minecraft
MOD0022,assets/emi/recipe/defaults/emi.json,JSON,added,minecraft:spruce_wood,minecraft
MOD0022,assets/emi/recipe/defaults/emi.json,JSON,added,minecraft:birch_wood,minecraft
MOD0022,assets/emi/recipe/defaults/emi.json,JSON,added,minecraft:jungle_wood,minecraft
MOD0022,assets/emi/recipe/defaults/emi.json,JSON,added,minecraft:acacia_wood,minecraft
MOD0022,assets/emi/recipe/defaults/emi.json,JSON,added,minecraft:dark_oak_wood,minecraft
MOD0022,assets/emi/recipe/defaults/emi.json,JSON,added,minecraft:crimson_hyphae,minecraft
MOD0022,assets/emi/recipe/defaults/emi.json,JSON,added,minecraft:warped_hyphae,minecraft
MOD0022,assets/emi/recipe/defaults/emi.json,JSON,added,minecraft:tinted_glass,minecraft
MOD0022,assets/emi/recipe/defaults/emi.json,JSON,added,minecraft:lapis_block,minecraft
MOD0022,assets/emi/recipe/defaults/emi.json,JSON,added,minecraft:sandstone,minecraft
MOD0022,assets/emi/recipe/defaults/emi.json,JSON,added,minecraft:moss_carpet,minecraft
MOD0022,assets/emi/recipe/defaults/emi.json,JSON,added,minecraft:oak_slab,minecraft
MOD0022,assets/emi/recipe/defaults/emi.json,JSON,added,minecraft:spruce_slab,minecraft
MOD0022,assets/emi/recipe/defaults/emi.json,JSON,added,minecraft:birch_slab,minecraft
MOD0022,assets/emi/recipe/defaults/emi.json,JSON,added,minecraft:jungle_slab,minecraft
MOD0022,assets/emi/recipe/defaults/emi.json,JSON,added,minecraft:acacia_slab,minecraft
MOD0022,assets/emi/recipe/defaults/emi.json,JSON,added,minecraft:dark_oak_slab,minecraft
MOD0022,assets/emi/recipe/defaults/emi.json,JSON,added,minecraft:crimson_slab,minecraft
MOD0022,assets/emi/recipe/defaults/emi.json,JSON,added,minecraft:warped_slab,minecraft
MOD0022,assets/emi/recipe/defaults/emi.json,JSON,added,minecraft:smooth_quartz,minecraft
MOD0022,assets/emi/recipe/defaults/emi.json,JSON,added,minecraft:smooth_red_sandstone,minecraft
MOD0022,assets/emi/recipe/defaults/emi.json,JSON,added,minecraft:smooth_sandstone,minecraft
MOD0022,assets/emi/recipe/defaults/emi.json,JSON,added,minecraft:smooth_stone,minecraft
MOD0022,assets/emi/recipe/defaults/emi.json,JSON,added,minecraft:bricks,minecraft
MOD0022,assets/emi/recipe/defaults/emi.json,JSON,added,minecraft:bookshelf,minecraft
MOD0022,assets/emi/recipe/defaults/emi.json,JSON,added,minecraft:torch,minecraft
MOD0022,assets/emi/recipe/defaults/emi.json,JSON,added,minecraft:end_rod,minecraft
MOD0022,assets/emi/recipe/defaults/emi.json,JSON,added,minecraft:purpur_block,minecraft
MOD0022,assets/emi/recipe/defaults/emi.json,JSON,added,minecraft:oak_stairs,minecraft
MOD0022,assets/emi/recipe/defaults/emi.json,JSON,added,minecraft:chest,minecraft
MOD0022,assets/emi/recipe/defaults/emi.json,JSON,added,minecraft:crafting_table,minecraft
MOD0022,assets/emi/recipe/defaults/emi.json,JSON,added,minecraft:furnace,minecraft
MOD0022,assets/emi/recipe/defaults/emi.json,JSON,added,minecraft:ladder,minecraft
MOD0022,assets/emi/recipe/defaults/emi.json,JSON,added,minecraft:snow,minecraft
MOD0022,assets/emi/recipe/defaults/emi.json,JSON,added,minecraft:snow_block,minecraft
MOD0022,assets/emi/recipe/defaults/emi.json,JSON,added,minecraft:clay,minecraft
MOD0022,assets/emi/recipe/defaults/emi.json,JSON,added,minecraft:jukebox,minecraft
MOD0022,assets/emi/recipe/defaults/emi.json,JSON,added,minecraft:oak_fence,minecraft
MOD0022,assets/emi/recipe/defaults/emi.json,JSON,added,minecraft:spruce_fence,minecraft
MOD0022,assets/emi/recipe/defaults/emi.json,JSON,added,minecraft:birch_fence,minecraft
MOD0022,assets/emi/recipe/defaults/emi.json,JSON,added,minecraft:jungle_fence,minecraft
MOD0022,assets/emi/recipe/defaults/emi.json,JSON,added,minecraft:acacia_fence,minecraft
MOD0022,assets/emi/recipe/defaults/emi.json,JSON,added,minecraft:dark_oak_fence,minecraft
MOD0022,assets/emi/recipe/defaults/emi.json,JSON,added,minecraft:crimson_fence,minecraft
MOD0022,assets/emi/recipe/defaults/emi.json,JSON,added,minecraft:warped_fence,minecraft
MOD0022,assets/emi/recipe/defaults/emi.json,JSON,added,minecraft:jack_o_lantern,minecraft
MOD0022,assets/emi/recipe/defaults/emi.json,JSON,added,minecraft:smooth_basalt,minecraft
MOD0022,assets/emi/recipe/defaults/emi.json,JSON,added,minecraft:soul_torch,minecraft
MOD0022,assets/emi/recipe/defaults/emi.json,JSON,added,minecraft:glowstone,minecraft
MOD0022,assets/emi/recipe/defaults/emi.json,JSON,added,minecraft:cracked_stone_bricks,minecraft
MOD0022,assets/emi/recipe/defaults/emi.json,JSON,added,minecraft:cracked_deepslate_bricks,minecraft
MOD0022,assets/emi/recipe/defaults/emi.json,JSON,added,minecraft:cracked_deepslate_tiles,minecraft
MOD0022,assets/emi/recipe/defaults/emi.json,JSON,added,minecraft:iron_bars,minecraft
MOD0022,assets/emi/recipe/defaults/emi.json,JSON,added,minecraft:chain,minecraft
MOD0022,assets/emi/recipe/defaults/emi.json,JSON,added,minecraft:glass_pane,minecraft
MOD0022,assets/emi/recipe/defaults/emi.json,JSON,added,minecraft:melon,minecraft
MOD0022,assets/emi/recipe/defaults/emi.json,JSON,added,minecraft:nether_bricks,minecraft
MOD0022,assets/emi/recipe/defaults/emi.json,JSON,added,minecraft:cracked_nether_bricks,minecraft
MOD0022,assets/emi/recipe/defaults/emi.json,JSON,added,minecraft:nether_brick_fence,minecraft
MOD0022,assets/emi/recipe/defaults/emi.json,JSON,added,minecraft:enchanting_table,minecraft
MOD0022,assets/emi/recipe/defaults/emi.json,JSON,added,minecraft:ender_chest,minecraft
MOD0022,assets/emi/recipe/defaults/emi.json,JSON,added,minecraft:emerald_block,minecraft
MOD0022,assets/emi/recipe/defaults/emi.json,JSON,added,minecraft:spruce_stairs,minecraft
MOD0022,assets/emi/recipe/defaults/emi.json,JSON,added,minecraft:birch_stairs,minecraft
MOD0022,assets/emi/recipe/defaults/emi.json,JSON,added,minecraft:jungle_stairs,minecraft
MOD0022,assets/emi/recipe/defaults/emi.json,JSON,added,minecraft:crimson_stairs,minecraft
MOD0022,assets/emi/recipe/defaults/emi.json,JSON,added,minecraft:warped_stairs,minecraft
MOD0022,assets/emi/recipe/defaults/emi.json,JSON,added,minecraft:beacon,minecraft
MOD0022,assets/emi/recipe/defaults/emi.json,JSON,added,minecraft:anvil,minecraft
MOD0022,assets/emi/recipe/defaults/emi.json,JSON,added,minecraft:white_terracotta,minecraft
MOD0022,assets/emi/recipe/defaults/emi.json,JSON,added,minecraft:orange_terracotta,minecraft
MOD0022,assets/emi/recipe/defaults/emi.json,JSON,added,minecraft:magenta_terracotta,minecraft
MOD0022,assets/emi/recipe/defaults/emi.json,JSON,added,minecraft:light_blue_terracotta,minecraft
MOD0022,assets/emi/recipe/defaults/emi.json,JSON,added,minecraft:yellow_terracotta,minecraft
MOD0022,assets/emi/recipe/defaults/emi.json,JSON,added,minecraft:lime_terracotta,minecraft
MOD0022,assets/emi/recipe/defaults/emi.json,JSON,added,minecraft:pink_terracotta,minecraft
MOD0022,assets/emi/recipe/defaults/emi.json,JSON,added,minecraft:gray_terracotta,minecraft
MOD0022,assets/emi/recipe/defaults/emi.json,JSON,added,minecraft:light_gray_terracotta,minecraft
MOD0022,assets/emi/recipe/defaults/emi.json,JSON,added,minecraft:cyan_terracotta,minecraft
MOD0022,assets/emi/recipe/defaults/emi.json,JSON,added,minecraft:purple_terracotta,minecraft
MOD0022,assets/emi/recipe/defaults/emi.json,JSON,added,minecraft:blue_terracotta,minecraft
MOD0022,assets/emi/recipe/defaults/emi.json,JSON,added,minecraft:brown_terracotta,minecraft
MOD0022,assets/emi/recipe/defaults/emi.json,JSON,added,minecraft:green_terracotta,minecraft
MOD0022,assets/emi/recipe/defaults/emi.json,JSON,added,minecraft:red_terracotta,minecraft
MOD0022,assets/emi/recipe/defaults/emi.json,JSON,added,minecraft:black_terracotta,minecraft
MOD0022,assets/emi/recipe/defaults/emi.json,JSON,added,minecraft:hay_block,minecraft
MOD0022,assets/emi/recipe/defaults/emi.json,JSON,added,minecraft:white_carpet,minecraft
MOD0022,assets/emi/recipe/defaults/emi.json,JSON,added,minecraft:orange_carpet,minecraft
MOD0022,assets/emi/recipe/defaults/emi.json,JSON,added,minecraft:magenta_carpet,minecraft
MOD0022,assets/emi/recipe/defaults/emi.json,JSON,added,minecraft:light_blue_carpet,minecraft
MOD0022,assets/emi/recipe/defaults/emi.json,JSON,added,minecraft:yellow_carpet,minecraft
MOD0022,assets/emi/recipe/defaults/emi.json,JSON,added,minecraft:lime_carpet,minecraft
MOD0022,assets/emi/recipe/defaults/emi.json,JSON,added,minecraft:pink_carpet,minecraft
MOD0022,assets/emi/recipe/defaults/emi.json,JSON,added,minecraft:gray_carpet,minecraft
MOD0022,assets/emi/recipe/defaults/emi.json,JSON,added,minecraft:light_gray_carpet,minecraft
MOD0022,assets/emi/recipe/defaults/emi.json,JSON,added,minecraft:cyan_carpet,minecraft
MOD0022,assets/emi/recipe/defaults/emi.json,JSON,added,minecraft:purple_carpet,minecraft
MOD0022,assets/emi/recipe/defaults/emi.json,JSON,added,minecraft:blue_carpet,minecraft
MOD0022,assets/emi/recipe/defaults/emi.json,JSON,added,minecraft:brown_carpet,minecraft
MOD0022,assets/emi/recipe/defaults/emi.json,JSON,added,minecraft:green_carpet,minecraft
MOD0022,assets/emi/recipe/defaults/emi.json,JSON,added,minecraft:red_carpet,minecraft
MOD0022,assets/emi/recipe/defaults/emi.json,JSON,added,minecraft:black_carpet,minecraft
MOD0022,assets/emi/recipe/defaults/emi.json,JSON,added,minecraft:terracotta,minecraft
MOD0022,assets/emi/recipe/defaults/emi.json,JSON,added,minecraft:packed_ice,minecraft
MOD0022,assets/emi/recipe/defaults/emi.json,JSON,added,minecraft:acacia_stairs,minecraft
MOD0022,assets/emi/recipe/defaults/emi.json,JSON,added,minecraft:dark_oak_stairs,minecraft
MOD0022,assets/emi/recipe/defaults/emi.json,JSON,added,minecraft:white_stained_glass,minecraft
MOD0022,assets/emi/recipe/defaults/emi.json,JSON,added,minecraft:orange_stained_glass,minecraft
MOD0022,assets/emi/recipe/defaults/emi.json,JSON,added,minecraft:magenta_stained_glass,minecraft
MOD0022,assets/emi/recipe/defaults/emi.json,JSON,added,minecraft:light_blue_stained_glass,minecraft
MOD0022,assets/emi/recipe/defaults/emi.json,JSON,added,minecraft:yellow_stained_glass,minecraft
MOD0022,assets/emi/recipe/defaults/emi.json,JSON,added,minecraft:lime_stained_glass,minecraft
MOD0022,assets/emi/recipe/defaults/emi.json,JSON,added,minecraft:pink_stained_glass,minecraft
MOD0022,assets/emi/recipe/defaults/emi.json,JSON,added,minecraft:gray_stained_glass,minecraft
MOD0022,assets/emi/recipe/defaults/emi.json,JSON,added,minecraft:light_gray_stained_glass,minecraft
MOD0022,assets/emi/recipe/defaults/emi.json,JSON,added,minecraft:cyan_stained_glass,minecraft
MOD0022,assets/emi/recipe/defaults/emi.json,JSON,added,minecraft:purple_stained_glass,minecraft
MOD0022,assets/emi/recipe/defaults/emi.json,JSON,added,minecraft:blue_stained_glass,minecraft
MOD0022,assets/emi/recipe/defaults/emi.json,JSON,added,minecraft:brown_stained_glass,minecraft
MOD0022,assets/emi/recipe/defaults/emi.json,JSON,added,minecraft:green_stained_glass,minecraft
MOD0022,assets/emi/recipe/defaults/emi.json,JSON,added,minecraft:red_stained_glass,minecraft
MOD0022,assets/emi/recipe/defaults/emi.json,JSON,added,minecraft:black_stained_glass,minecraft
MOD0022,assets/emi/recipe/defaults/emi.json,JSON,added,minecraft:white_stained_glass_pane,minecraft
MOD0022,assets/emi/recipe/defaults/emi.json,JSON,added,minecraft:orange_stained_glass_pane,minecraft
MOD0022,assets/emi/recipe/defaults/emi.json,JSON,added,minecraft:magenta_stained_glass_pane,minecraft
MOD0022,assets/emi/recipe/defaults/emi.json,JSON,added,minecraft:light_blue_stained_glass_pane,minecraft
MOD0022,assets/emi/recipe/defaults/emi.json,JSON,added,minecraft:yellow_stained_glass_pane,minecraft
MOD0022,assets/emi/recipe/defaults/emi.json,JSON,added,minecraft:lime_stained_glass_pane,minecraft
MOD0022,assets/emi/recipe/defaults/emi.json,JSON,added,minecraft:pink_stained_glass_pane,minecraft
MOD0022,assets/emi/recipe/defaults/emi.json,JSON,added,minecraft:gray_stained_glass_pane,minecraft
MOD0022,assets/emi/recipe/defaults/emi.json,JSON,added,minecraft:light_gray_stained_glass_pane,minecraft
MOD0022,assets/emi/recipe/defaults/emi.json,JSON,added,minecraft:cyan_stained_glass_pane,minecraft
MOD0022,assets/emi/recipe/defaults/emi.json,JSON,added,minecraft:purple_stained_glass_pane,minecraft
MOD0022,assets/emi/recipe/defaults/emi.json,JSON,added,minecraft:blue_stained_glass_pane,minecraft
MOD0022,assets/emi/recipe/defaults/emi.json,JSON,added,minecraft:brown_stained_glass_pane,minecraft
MOD0022,assets/emi/recipe/defaults/emi.json,JSON,added,minecraft:green_stained_glass_pane,minecraft
MOD0022,assets/emi/recipe/defaults/emi.json,JSON,added,minecraft:red_stained_glass_pane,minecraft
MOD0022,assets/emi/recipe/defaults/emi.json,JSON,added,minecraft:black_stained_glass_pane,minecraft
MOD0022,assets/emi/recipe/defaults/emi.json,JSON,added,minecraft:prismarine,minecraft
MOD0022,assets/emi/recipe/defaults/emi.json,JSON,added,minecraft:prismarine_bricks,minecraft
MOD0022,assets/emi/recipe/defaults/emi.json,JSON,added,minecraft:dark_prismarine,minecraft
MOD0022,assets/emi/recipe/defaults/emi.json,JSON,added,minecraft:sea_lantern,minecraft
MOD0022,assets/emi/recipe/defaults/emi.json,JSON,added,minecraft:red_sandstone,minecraft
MOD0022,assets/emi/recipe/defaults/emi.json,JSON,added,minecraft:magma_block,minecraft
MOD0022,assets/emi/recipe/defaults/emi.json,JSON,added,minecraft:nether_wart_block,minecraft
MOD0022,assets/emi/recipe/defaults/emi.json,JSON,added,minecraft:red_nether_bricks,minecraft
MOD0022,assets/emi/recipe/defaults/emi.json,JSON,added,minecraft:bone_block,minecraft
MOD0022,assets/emi/recipe/defaults/emi.json,JSON,added,minecraft:shulker_box,minecraft
MOD0022,assets/emi/recipe/defaults/emi.json,JSON,added,minecraft:white_glazed_terracotta,minecraft
MOD0022,assets/emi/recipe/defaults/emi.json,JSON,added,minecraft:orange_glazed_terracotta,minecraft
MOD0022,assets/emi/recipe/defaults/emi.json,JSON,added,minecraft:magenta_glazed_terracotta,minecraft
MOD0022,assets/emi/recipe/defaults/emi.json,JSON,added,minecraft:light_blue_glazed_terracotta,minecraft
MOD0022,assets/emi/recipe/defaults/emi.json,JSON,added,minecraft:yellow_glazed_terracotta,minecraft
MOD0022,assets/emi/recipe/defaults/emi.json,JSON,added,minecraft:lime_glazed_terracotta,minecraft
MOD0022,assets/emi/recipe/defaults/emi.json,JSON,added,minecraft:pink_glazed_terracotta,minecraft
MOD0022,assets/emi/recipe/defaults/emi.json,JSON,added,minecraft:gray_glazed_terracotta,minecraft
MOD0022,assets/emi/recipe/defaults/emi.json,JSON,added,minecraft:light_gray_glazed_terracotta,minecraft
MOD0022,assets/emi/recipe/defaults/emi.json,JSON,added,minecraft:cyan_glazed_terracotta,minecraft
MOD0022,assets/emi/recipe/defaults/emi.json,JSON,added,minecraft:purple_glazed_terracotta,minecraft
MOD0022,assets/emi/recipe/defaults/emi.json,JSON,added,minecraft:blue_glazed_terracotta,minecraft
MOD0022,assets/emi/recipe/defaults/emi.json,JSON,added,minecraft:brown_glazed_terracotta,minecraft
MOD0022,assets/emi/recipe/defaults/emi.json,JSON,added,minecraft:green_glazed_terracotta,minecraft
MOD0022,assets/emi/recipe/defaults/emi.json,JSON,added,minecraft:red_glazed_terracotta,minecraft
MOD0022,assets/emi/recipe/defaults/emi.json,JSON,added,minecraft:black_glazed_terracotta,minecraft
MOD0022,assets/emi/recipe/defaults/emi.json,JSON,added,minecraft:white_concrete_powder,minecraft
MOD0022,assets/emi/recipe/defaults/emi.json,JSON,added,minecraft:orange_concrete_powder,minecraft
MOD0022,assets/emi/recipe/defaults/emi.json,JSON,added,minecraft:magenta_concrete_powder,minecraft
MOD0022,assets/emi/recipe/defaults/emi.json,JSON,added,minecraft:light_blue_concrete_powder,minecraft
MOD0022,assets/emi/recipe/defaults/emi.json,JSON,added,minecraft:yellow_concrete_powder,minecraft
MOD0022,assets/emi/recipe/defaults/emi.json,JSON,added,minecraft:lime_concrete_powder,minecraft
MOD0022,assets/emi/recipe/defaults/emi.json,JSON,added,minecraft:pink_concrete_powder,minecraft
MOD0022,assets/emi/recipe/defaults/emi.json,JSON,added,minecraft:gray_concrete_powder,minecraft
MOD0022,assets/emi/recipe/defaults/emi.json,JSON,added,minecraft:light_gray_concrete_powder,minecraft
MOD0022,assets/emi/recipe/defaults/emi.json,JSON,added,minecraft:cyan_concrete_powder,minecraft
MOD0022,assets/emi/recipe/defaults/emi.json,JSON,added,minecraft:purple_concrete_powder,minecraft
MOD0022,assets/emi/recipe/defaults/emi.json,JSON,added,minecraft:blue_concrete_powder,minecraft
MOD0022,assets/emi/recipe/defaults/emi.json,JSON,added,minecraft:brown_concrete_powder,minecraft
MOD0022,assets/emi/recipe/defaults/emi.json,JSON,added,minecraft:green_concrete_powder,minecraft
MOD0022,assets/emi/recipe/defaults/emi.json,JSON,added,minecraft:red_concrete_powder,minecraft
MOD0022,assets/emi/recipe/defaults/emi.json,JSON,added,minecraft:black_concrete_powder,minecraft
MOD0022,assets/emi/recipe/defaults/emi.json,JSON,added,minecraft:blue_ice,minecraft
MOD0022,assets/emi/recipe/defaults/emi.json,JSON,added,minecraft:conduit,minecraft
MOD0022,assets/emi/recipe/defaults/emi.json,JSON,added,minecraft:scaffolding,minecraft
MOD0022,assets/emi/recipe/defaults/emi.json,JSON,added,minecraft:redstone_torch,minecraft
MOD0022,assets/emi/recipe/defaults/emi.json,JSON,added,minecraft:redstone_block,minecraft
MOD0022,assets/emi/recipe/defaults/emi.json,JSON,added,minecraft:repeater,minecraft
MOD0022,assets/emi/recipe/defaults/emi.json,JSON,added,minecraft:comparator,minecraft
MOD0022,assets/emi/recipe/defaults/emi.json,JSON,added,minecraft:piston,minecraft
MOD0022,assets/emi/recipe/defaults/emi.json,JSON,added,minecraft:sticky_piston,minecraft
MOD0022,assets/emi/recipe/defaults/emi.json,JSON,added,minecraft:slime_block,minecraft
MOD0022,assets/emi/recipe/defaults/emi.json,JSON,added,minecraft:honey_block,minecraft
MOD0022,assets/emi/recipe/defaults/emi.json,JSON,added,minecraft:observer,minecraft
MOD0022,assets/emi/recipe/defaults/emi.json,JSON,added,minecraft:hopper,minecraft
MOD0022,assets/emi/recipe/defaults/emi.json,JSON,added,minecraft:dispenser,minecraft
MOD0022,assets/emi/recipe/defaults/emi.json,JSON,added,minecraft:dropper,minecraft
MOD0022,assets/emi/recipe/defaults/emi.json,JSON,added,minecraft:lectern,minecraft
MOD0022,assets/emi/recipe/defaults/emi.json,JSON,added,minecraft:target,minecraft
MOD0022,assets/emi/recipe/defaults/emi.json,JSON,added,minecraft:lever,minecraft
MOD0022,assets/emi/recipe/defaults/emi.json,JSON,added,minecraft:lightning_rod,minecraft
MOD0022,assets/emi/recipe/defaults/emi.json,JSON,added,minecraft:daylight_detector,minecraft
MOD0022,assets/emi/recipe/defaults/emi.json,JSON,added,minecraft:tripwire_hook,minecraft
MOD0022,assets/emi/recipe/defaults/emi.json,JSON,added,minecraft:trapped_chest,minecraft
MOD0022,assets/emi/recipe/defaults/emi.json,JSON,added,minecraft:tnt,minecraft
MOD0022,assets/emi/recipe/defaults/emi.json,JSON,added,minecraft:redstone_lamp,minecraft
MOD0022,assets/emi/recipe/defaults/emi.json,JSON,added,minecraft:note_block,minecraft
MOD0022,assets/emi/recipe/defaults/emi.json,JSON,added,minecraft:stone_button,minecraft
MOD0022,assets/emi/recipe/defaults/emi.json,JSON,added,minecraft:polished_blackstone_button,minecraft
MOD0022,assets/emi/recipe/defaults/emi.json,JSON,added,minecraft:oak_button,minecraft
MOD0022,assets/emi/recipe/defaults/emi.json,JSON,added,minecraft:spruce_button,minecraft
MOD0022,assets/emi/recipe/defaults/emi.json,JSON,added,minecraft:birch_button,minecraft
MOD0022,assets/emi/recipe/defaults/emi.json,JSON,added,minecraft:jungle_button,minecraft
MOD0022,assets/emi/recipe/defaults/emi.json,JSON,added,minecraft:acacia_button,minecraft
MOD0022,assets/emi/recipe/defaults/emi.json,JSON,added,minecraft:dark_oak_button,minecraft
MOD0022,assets/emi/recipe/defaults/emi.json,JSON,added,minecraft:crimson_button,minecraft
MOD0022,assets/emi/recipe/defaults/emi.json,JSON,added,minecraft:warped_button,minecraft
MOD0022,assets/emi/recipe/defaults/emi.json,JSON,added,minecraft:stone_pressure_plate,minecraft
MOD0022,assets/emi/recipe/defaults/emi.json,JSON,added,minecraft:polished_blackstone_pressure_plate,minecraft
MOD0022,assets/emi/recipe/defaults/emi.json,JSON,added,minecraft:light_weighted_pressure_plate,minecraft
MOD0022,assets/emi/recipe/defaults/emi.json,JSON,added,minecraft:heavy_weighted_pressure_plate,minecraft
MOD0022,assets/emi/recipe/defaults/emi.json,JSON,added,minecraft:oak_pressure_plate,minecraft
MOD0022,assets/emi/recipe/defaults/emi.json,JSON,added,minecraft:spruce_pressure_plate,minecraft
MOD0022,assets/emi/recipe/defaults/emi.json,JSON,added,minecraft:birch_pressure_plate,minecraft
MOD0022,assets/emi/recipe/defaults/emi.json,JSON,added,minecraft:jungle_pressure_plate,minecraft
MOD0022,assets/emi/recipe/defaults/emi.json,JSON,added,minecraft:acacia_pressure_plate,minecraft
MOD0022,assets/emi/recipe/defaults/emi.json,JSON,added,minecraft:dark_oak_pressure_plate,minecraft
MOD0022,assets/emi/recipe/defaults/emi.json,JSON,added,minecraft:crimson_pressure_plate,minecraft
MOD0022,assets/emi/recipe/defaults/emi.json,JSON,added,minecraft:warped_pressure_plate,minecraft
MOD0022,assets/emi/recipe/defaults/emi.json,JSON,added,minecraft:iron_door,minecraft
MOD0022,assets/emi/recipe/defaults/emi.json,JSON,added,minecraft:oak_door,minecraft
MOD0022,assets/emi/recipe/defaults/emi.json,JSON,added,minecraft:spruce_door,minecraft
MOD0022,assets/emi/recipe/defaults/emi.json,JSON,added,minecraft:birch_door,minecraft
MOD0022,assets/emi/recipe/defaults/emi.json,JSON,added,minecraft:jungle_door,minecraft
MOD0022,assets/emi/recipe/defaults/emi.json,JSON,added,minecraft:acacia_door,minecraft
MOD0022,assets/emi/recipe/defaults/emi.json,JSON,added,minecraft:dark_oak_door,minecraft
MOD0022,assets/emi/recipe/defaults/emi.json,JSON,added,minecraft:crimson_door,minecraft
MOD0022,assets/emi/recipe/defaults/emi.json,JSON,added,minecraft:warped_door,minecraft
MOD0022,assets/emi/recipe/defaults/emi.json,JSON,added,minecraft:oak_trapdoor,minecraft
MOD0022,assets/emi/recipe/defaults/emi.json,JSON,added,minecraft:spruce_trapdoor,minecraft
MOD0022,assets/emi/recipe/defaults/emi.json,JSON,added,minecraft:birch_trapdoor,minecraft
MOD0022,assets/emi/recipe/defaults/emi.json,JSON,added,minecraft:jungle_trapdoor,minecraft
MOD0022,assets/emi/recipe/defaults/emi.json,JSON,added,minecraft:acacia_trapdoor,minecraft
MOD0022,assets/emi/recipe/defaults/emi.json,JSON,added,minecraft:dark_oak_trapdoor,minecraft
MOD0022,assets/emi/recipe/defaults/emi.json,JSON,added,minecraft:crimson_trapdoor,minecraft
MOD0022,assets/emi/recipe/defaults/emi.json,JSON,added,minecraft:warped_trapdoor,minecraft
MOD0022,assets/emi/recipe/defaults/emi.json,JSON,added,minecraft:oak_fence_gate,minecraft
MOD0022,assets/emi/recipe/defaults/emi.json,JSON,added,minecraft:spruce_fence_gate,minecraft
MOD0022,assets/emi/recipe/defaults/emi.json,JSON,added,minecraft:birch_fence_gate,minecraft
MOD0022,assets/emi/recipe/defaults/emi.json,JSON,added,minecraft:jungle_fence_gate,minecraft
MOD0022,assets/emi/recipe/defaults/emi.json,JSON,added,minecraft:acacia_fence_gate,minecraft
MOD0022,assets/emi/recipe/defaults/emi.json,JSON,added,minecraft:dark_oak_fence_gate,minecraft
MOD0022,assets/emi/recipe/defaults/emi.json,JSON,added,minecraft:crimson_fence_gate,minecraft
MOD0022,assets/emi/recipe/defaults/emi.json,JSON,added,minecraft:warped_fence_gate,minecraft
MOD0022,assets/emi/recipe/defaults/emi.json,JSON,added,minecraft:powered_rail,minecraft
MOD0022,assets/emi/recipe/defaults/emi.json,JSON,added,minecraft:detector_rail,minecraft
MOD0022,assets/emi/recipe/defaults/emi.json,JSON,added,minecraft:rail,minecraft
MOD0022,assets/emi/recipe/defaults/emi.json,JSON,added,minecraft:activator_rail,minecraft
MOD0022,assets/emi/recipe/defaults/emi.json,JSON,added,minecraft:minecart,minecraft
MOD0022,assets/emi/recipe/defaults/emi.json,JSON,added,minecraft:chest_minecart,minecraft
MOD0022,assets/emi/recipe/defaults/emi.json,JSON,added,minecraft:furnace_minecart,minecraft
MOD0022,assets/emi/recipe/defaults/emi.json,JSON,added,minecraft:tnt_minecart,minecraft
MOD0022,assets/emi/recipe/defaults/emi.json,JSON,added,minecraft:hopper_minecart,minecraft
MOD0022,assets/emi/recipe/defaults/emi.json,JSON,added,minecraft:carrot_on_a_stick,minecraft
MOD0022,assets/emi/recipe/defaults/emi.json,JSON,added,minecraft:warped_fungus_on_a_stick,minecraft
MOD0022,assets/emi/recipe/defaults/emi.json,JSON,added,minecraft:oak_boat,minecraft
MOD0022,assets/emi/recipe/defaults/emi.json,JSON,added,minecraft:spruce_boat,minecraft
MOD0022,assets/emi/recipe/defaults/emi.json,JSON,added,minecraft:birch_boat,minecraft
MOD0022,assets/emi/recipe/defaults/emi.json,JSON,added,minecraft:jungle_boat,minecraft
MOD0022,assets/emi/recipe/defaults/emi.json,JSON,added,minecraft:acacia_boat,minecraft
MOD0022,assets/emi/recipe/defaults/emi.json,JSON,added,minecraft:dark_oak_boat,minecraft
MOD0022,assets/emi/recipe/defaults/emi.json,JSON,added,minecraft:turtle_helmet,minecraft
MOD0022,assets/emi/recipe/defaults/emi.json,JSON,added,minecraft:flint_and_steel,minecraft
MOD0022,assets/emi/recipe/defaults/emi.json,JSON,added,minecraft:bow,minecraft
MOD0022,assets/emi/recipe/defaults/emi.json,JSON,added,minecraft:arrow,minecraft
MOD0022,assets/emi/recipe/defaults/emi.json,JSON,added,minecraft:charcoal,minecraft
MOD0022,assets/emi/recipe/defaults/emi.json,JSON,added,minecraft:netherite_ingot,minecraft
MOD0022,assets/emi/recipe/defaults/emi.json,JSON,added,minecraft:netherite_scrap,minecraft
MOD0022,assets/emi/recipe/defaults/emi.json,JSON,added,minecraft:wooden_sword,minecraft
MOD0022,assets/emi/recipe/defaults/emi.json,JSON,added,minecraft:wooden_shovel,minecraft
MOD0022,assets/emi/recipe/defaults/emi.json,JSON,added,minecraft:wooden_pickaxe,minecraft
MOD0022,assets/emi/recipe/defaults/emi.json,JSON,added,minecraft:wooden_axe,minecraft
MOD0022,assets/emi/recipe/defaults/emi.json,JSON,added,minecraft:wooden_hoe,minecraft
MOD0022,assets/emi/recipe/defaults/emi.json,JSON,added,minecraft:stone_sword,minecraft
MOD0022,assets/emi/recipe/defaults/emi.json,JSON,added,minecraft:stone_shovel,minecraft
MOD0022,assets/emi/recipe/defaults/emi.json,JSON,added,minecraft:stone_pickaxe,minecraft
MOD0022,assets/emi/recipe/defaults/emi.json,JSON,added,minecraft:stone_axe,minecraft
MOD0022,assets/emi/recipe/defaults/emi.json,JSON,added,minecraft:stone_hoe,minecraft
MOD0022,assets/emi/recipe/defaults/emi.json,JSON,added,minecraft:golden_sword,minecraft
MOD0022,assets/emi/recipe/defaults/emi.json,JSON,added,minecraft:golden_shovel,minecraft
MOD0022,assets/emi/recipe/defaults/emi.json,JSON,added,minecraft:golden_pickaxe,minecraft
MOD0022,assets/emi/recipe/defaults/emi.json,JSON,added,minecraft:golden_axe,minecraft
MOD0022,assets/emi/recipe/defaults/emi.json,JSON,added,minecraft:golden_hoe,minecraft
MOD0022,assets/emi/recipe/defaults/emi.json,JSON,added,minecraft:iron_sword,minecraft
MOD0022,assets/emi/recipe/defaults/emi.json,JSON,added,minecraft:iron_shovel,minecraft
MOD0022,assets/emi/recipe/defaults/emi.json,JSON,added,minecraft:iron_pickaxe,minecraft
MOD0022,assets/emi/recipe/defaults/emi.json,JSON,added,minecraft:iron_axe,minecraft
MOD0022,assets/emi/recipe/defaults/emi.json,JSON,added,minecraft:iron_hoe,minecraft
MOD0022,assets/emi/recipe/defaults/emi.json,JSON,added,minecraft:diamond_sword,minecraft
MOD0022,assets/emi/recipe/defaults/emi.json,JSON,added,minecraft:diamond_shovel,minecraft
MOD0022,assets/emi/recipe/defaults/emi.json,JSON,added,minecraft:diamond_pickaxe,minecraft
MOD0022,assets/emi/recipe/defaults/emi.json,JSON,added,minecraft:diamond_axe,minecraft
MOD0022,assets/emi/recipe/defaults/emi.json,JSON,added,minecraft:diamond_hoe,minecraft
MOD0022,assets/emi/recipe/defaults/emi.json,JSON,added,minecraft:netherite_sword_smithing,minecraft
MOD0022,assets/emi/recipe/defaults/emi.json,JSON,added,minecraft:netherite_shovel_smithing,minecraft
MOD0022,assets/emi/recipe/defaults/emi.json,JSON,added,minecraft:netherite_pickaxe_smithing,minecraft
MOD0022,assets/emi/recipe/defaults/emi.json,JSON,added,minecraft:netherite_axe_smithing,minecraft
MOD0022,assets/emi/recipe/defaults/emi.json,JSON,added,minecraft:netherite_hoe_smithing,minecraft
MOD0022,assets/emi/recipe/defaults/emi.json,JSON,added,minecraft:bowl,minecraft
MOD0022,assets/emi/recipe/defaults/emi.json,JSON,added,minecraft:mushroom_stew,minecraft
MOD0022,assets/emi/recipe/defaults/emi.json,JSON,added,minecraft:bread,minecraft
MOD0022,assets/emi/recipe/defaults/emi.json,JSON,added,minecraft:leather_helmet,minecraft
MOD0022,assets/emi/recipe/defaults/emi.json,JSON,added,minecraft:leather_chestplate,minecraft
MOD0022,assets/emi/recipe/defaults/emi.json,JSON,added,minecraft:leather_leggings,minecraft
MOD0022,assets/emi/recipe/defaults/emi.json,JSON,added,minecraft:leather_boots,minecraft
MOD0022,assets/emi/recipe/defaults/emi.json,JSON,added,minecraft:iron_helmet,minecraft
MOD0022,assets/emi/recipe/defaults/emi.json,JSON,added,minecraft:iron_chestplate,minecraft
MOD0022,assets/emi/recipe/defaults/emi.json,JSON,added,minecraft:iron_leggings,minecraft
MOD0022,assets/emi/recipe/defaults/emi.json,JSON,added,minecraft:iron_boots,minecraft
MOD0022,assets/emi/recipe/defaults/emi.json,JSON,added,minecraft:diamond_helmet,minecraft
MOD0022,assets/emi/recipe/defaults/emi.json,JSON,added,minecraft:diamond_chestplate,minecraft
MOD0022,assets/emi/recipe/defaults/emi.json,JSON,added,minecraft:diamond_leggings,minecraft
MOD0022,assets/emi/recipe/defaults/emi.json,JSON,added,minecraft:diamond_boots,minecraft
MOD0022,assets/emi/recipe/defaults/emi.json,JSON,added,minecraft:golden_helmet,minecraft
MOD0022,assets/emi/recipe/defaults/emi.json,JSON,added,minecraft:golden_chestplate,minecraft
MOD0022,assets/emi/recipe/defaults/emi.json,JSON,added,minecraft:golden_leggings,minecraft
MOD0022,assets/emi/recipe/defaults/emi.json,JSON,added,minecraft:golden_boots,minecraft
MOD0022,assets/emi/recipe/defaults/emi.json,JSON,added,minecraft:netherite_helmet_smithing,minecraft
MOD0022,assets/emi/recipe/defaults/emi.json,JSON,added,minecraft:netherite_chestplate_smithing,minecraft
MOD0022,assets/emi/recipe/defaults/emi.json,JSON,added,minecraft:netherite_leggings_smithing,minecraft
MOD0022,assets/emi/recipe/defaults/emi.json,JSON,added,minecraft:netherite_boots_smithing,minecraft
MOD0022,assets/emi/recipe/defaults/emi.json,JSON,added,minecraft:cooked_porkchop,minecraft
MOD0022,assets/emi/recipe/defaults/emi.json,JSON,added,minecraft:painting,minecraft
MOD0022,assets/emi/recipe/defaults/emi.json,JSON,added,minecraft:golden_apple,minecraft
MOD0022,assets/emi/recipe/defaults/emi.json,JSON,added,minecraft:oak_sign,minecraft
MOD0022,assets/emi/recipe/defaults/emi.json,JSON,added,minecraft:spruce_sign,minecraft
MOD0022,assets/emi/recipe/defaults/emi.json,JSON,added,minecraft:birch_sign,minecraft
MOD0022,assets/emi/recipe/defaults/emi.json,JSON,added,minecraft:jungle_sign,minecraft
MOD0022,assets/emi/recipe/defaults/emi.json,JSON,added,minecraft:acacia_sign,minecraft
MOD0022,assets/emi/recipe/defaults/emi.json,JSON,added,minecraft:dark_oak_sign,minecraft
MOD0022,assets/emi/recipe/defaults/emi.json,JSON,added,minecraft:crimson_sign,minecraft
MOD0022,assets/emi/recipe/defaults/emi.json,JSON,added,minecraft:warped_sign,minecraft
MOD0022,assets/emi/recipe/defaults/emi.json,JSON,added,minecraft:bucket,minecraft
MOD0022,assets/emi/recipe/defaults/emi.json,JSON,added,minecraft:brick,minecraft
MOD0022,assets/emi/recipe/defaults/emi.json,JSON,added,minecraft:dried_kelp_block,minecraft
MOD0022,assets/emi/recipe/defaults/emi.json,JSON,added,minecraft:paper,minecraft
MOD0022,assets/emi/recipe/defaults/emi.json,JSON,added,minecraft:book,minecraft
MOD0022,assets/emi/recipe/defaults/emi.json,JSON,added,minecraft:compass,minecraft
MOD0022,assets/emi/recipe/defaults/emi.json,JSON,added,minecraft:fishing_rod,minecraft
MOD0022,assets/emi/recipe/defaults/emi.json,JSON,added,minecraft:clock,minecraft
MOD0022,assets/emi/recipe/defaults/emi.json,JSON,added,minecraft:spyglass,minecraft
MOD0022,assets/emi/recipe/defaults/emi.json,JSON,added,minecraft:cooked_cod,minecraft
MOD0022,assets/emi/recipe/defaults/emi.json,JSON,added,minecraft:cooked_salmon,minecraft
MOD0022,assets/emi/recipe/defaults/emi.json,JSON,added,minecraft:sugar_from_sugar_cane,minecraft
MOD0022,assets/emi/recipe/defaults/emi.json,JSON,added,minecraft:cake,minecraft
MOD0022,assets/emi/recipe/defaults/emi.json,JSON,added,minecraft:white_bed,minecraft
MOD0022,assets/emi/recipe/defaults/emi.json,JSON,added,minecraft:cookie,minecraft
MOD0022,assets/emi/recipe/defaults/emi.json,JSON,added,minecraft:shears,minecraft
MOD0022,assets/emi/recipe/defaults/emi.json,JSON,added,minecraft:dried_kelp_from_smelting,minecraft
MOD0022,assets/emi/recipe/defaults/emi.json,JSON,added,minecraft:pumpkin_seeds,minecraft
MOD0022,assets/emi/recipe/defaults/emi.json,JSON,added,minecraft:melon_seeds,minecraft
MOD0022,assets/emi/recipe/defaults/emi.json,JSON,added,minecraft:cooked_beef,minecraft
MOD0022,assets/emi/recipe/defaults/emi.json,JSON,added,minecraft:cooked_chicken,minecraft
MOD0022,assets/emi/recipe/defaults/emi.json,JSON,added,minecraft:gold_nugget,minecraft
MOD0022,assets/emi/recipe/defaults/emi.json,JSON,added,minecraft:glass_bottle,minecraft
MOD0022,assets/emi/recipe/defaults/emi.json,JSON,added,minecraft:blaze_powder,minecraft
MOD0022,assets/emi/recipe/defaults/emi.json,JSON,added,minecraft:magma_cream,minecraft
MOD0022,assets/emi/recipe/defaults/emi.json,JSON,added,minecraft:brewing_stand,minecraft
MOD0022,assets/emi/recipe/defaults/emi.json,JSON,added,minecraft:cauldron,minecraft
MOD0022,assets/emi/recipe/defaults/emi.json,JSON,added,minecraft:ender_eye,minecraft
MOD0022,assets/emi/recipe/defaults/emi.json,JSON,added,minecraft:glistering_melon_slice,minecraft
MOD0022,assets/emi/recipe/defaults/emi.json,JSON,added,minecraft:fire_charge,minecraft
MOD0022,assets/emi/recipe/defaults/emi.json,JSON,added,minecraft:writable_book,minecraft
MOD0022,assets/emi/recipe/defaults/emi.json,JSON,added,minecraft:item_frame,minecraft
MOD0022,assets/emi/recipe/defaults/emi.json,JSON,added,minecraft:glow_item_frame,minecraft
MOD0022,assets/emi/recipe/defaults/emi.json,JSON,added,minecraft:flower_pot,minecraft
MOD0022,assets/emi/recipe/defaults/emi.json,JSON,added,minecraft:baked_potato,minecraft
MOD0022,assets/emi/recipe/defaults/emi.json,JSON,added,minecraft:map,minecraft
MOD0022,assets/emi/recipe/defaults/emi.json,JSON,added,minecraft:golden_carrot,minecraft
MOD0022,assets/emi/recipe/defaults/emi.json,JSON,added,minecraft:pumpkin_pie,minecraft
MOD0022,assets/emi/recipe/defaults/emi.json,JSON,added,minecraft:nether_brick,minecraft
MOD0022,assets/emi/recipe/defaults/emi.json,JSON,added,minecraft:armor_stand,minecraft
MOD0022,assets/emi/recipe/defaults/emi.json,JSON,added,minecraft:leather_horse_armor,minecraft
MOD0022,assets/emi/recipe/defaults/emi.json,JSON,added,minecraft:lead,minecraft
MOD0022,assets/emi/recipe/defaults/emi.json,JSON,added,minecraft:cooked_mutton,minecraft
MOD0022,assets/emi/recipe/defaults/emi.json,JSON,added,minecraft:white_banner,minecraft
MOD0022,assets/emi/recipe/defaults/emi.json,JSON,added,minecraft:orange_banner,minecraft
MOD0022,assets/emi/recipe/defaults/emi.json,JSON,added,minecraft:magenta_banner,minecraft
MOD0022,assets/emi/recipe/defaults/emi.json,JSON,added,minecraft:light_blue_banner,minecraft
MOD0022,assets/emi/recipe/defaults/emi.json,JSON,added,minecraft:yellow_banner,minecraft
MOD0022,assets/emi/recipe/defaults/emi.json,JSON,added,minecraft:lime_banner,minecraft
MOD0022,assets/emi/recipe/defaults/emi.json,JSON,added,minecraft:pink_banner,minecraft
MOD0022,assets/emi/recipe/defaults/emi.json,JSON,added,minecraft:gray_banner,minecraft
MOD0022,assets/emi/recipe/defaults/emi.json,JSON,added,minecraft:light_gray_banner,minecraft
MOD0022,assets/emi/recipe/defaults/emi.json,JSON,added,minecraft:cyan_banner,minecraft
MOD0022,assets/emi/recipe/defaults/emi.json,JSON,added,minecraft:purple_banner,minecraft
MOD0022,assets/emi/recipe/defaults/emi.json,JSON,added,minecraft:blue_banner,minecraft
MOD0022,assets/emi/recipe/defaults/emi.json,JSON,added,minecraft:brown_banner,minecraft
MOD0022,assets/emi/recipe/defaults/emi.json,JSON,added,minecraft:green_banner,minecraft
MOD0022,assets/emi/recipe/defaults/emi.json,JSON,added,minecraft:red_banner,minecraft
MOD0022,assets/emi/recipe/defaults/emi.json,JSON,added,minecraft:black_banner,minecraft
MOD0022,assets/emi/recipe/defaults/emi.json,JSON,added,minecraft:end_crystal,minecraft
MOD0022,assets/emi/recipe/defaults/emi.json,JSON,added,minecraft:popped_chorus_fruit,minecraft
MOD0022,assets/emi/recipe/defaults/emi.json,JSON,added,minecraft:beetroot_soup,minecraft
MOD0022,assets/emi/recipe/defaults/emi.json,JSON,added,minecraft:spectral_arrow,minecraft
MOD0022,assets/emi/recipe/defaults/emi.json,JSON,added,minecraft:shield,minecraft
MOD0022,assets/emi/recipe/defaults/emi.json,JSON,added,minecraft:iron_nugget,minecraft
MOD0022,assets/emi/recipe/defaults/emi.json,JSON,added,minecraft:crossbow,minecraft
MOD0022,assets/emi/recipe/defaults/emi.json,JSON,added,minecraft:loom,minecraft
MOD0022,assets/emi/recipe/defaults/emi.json,JSON,added,minecraft:flower_banner_pattern,minecraft
MOD0022,assets/emi/recipe/defaults/emi.json,JSON,added,minecraft:creeper_banner_pattern,minecraft
MOD0022,assets/emi/recipe/defaults/emi.json,JSON,added,minecraft:skull_banner_pattern,minecraft
MOD0022,assets/emi/recipe/defaults/emi.json,JSON,added,minecraft:mojang_banner_pattern,minecraft
MOD0022,assets/emi/recipe/defaults/emi.json,JSON,added,minecraft:composter,minecraft
MOD0022,assets/emi/recipe/defaults/emi.json,JSON,added,minecraft:barrel,minecraft
MOD0022,assets/emi/recipe/defaults/emi.json,JSON,added,minecraft:smoker,minecraft
MOD0022,assets/emi/recipe/defaults/emi.json,JSON,added,minecraft:blast_furnace,minecraft
MOD0022,assets/emi/recipe/defaults/emi.json,JSON,added,minecraft:cartography_table,minecraft
MOD0022,assets/emi/recipe/defaults/emi.json,JSON,added,minecraft:fletching_table,minecraft
MOD0022,assets/emi/recipe/defaults/emi.json,JSON,added,minecraft:grindstone,minecraft
MOD0022,assets/emi/recipe/defaults/emi.json,JSON,added,minecraft:smithing_table,minecraft
MOD0022,assets/emi/recipe/defaults/emi.json,JSON,added,minecraft:stonecutter,minecraft
MOD0022,assets/emi/recipe/defaults/emi.json,JSON,added,minecraft:lantern,minecraft
MOD0022,assets/emi/recipe/defaults/emi.json,JSON,added,minecraft:soul_lantern,minecraft
MOD0022,assets/emi/recipe/defaults/emi.json,JSON,added,minecraft:campfire,minecraft
MOD0022,assets/emi/recipe/defaults/emi.json,JSON,added,minecraft:soul_campfire,minecraft
MOD0022,assets/emi/recipe/defaults/emi.json,JSON,added,minecraft:beehive,minecraft
MOD0022,assets/emi/recipe/defaults/emi.json,JSON,added,minecraft:honeycomb_block,minecraft
MOD0022,assets/emi/recipe/defaults/emi.json,JSON,added,minecraft:lodestone,minecraft
MOD0022,assets/emi/recipe/defaults/emi.json,JSON,added,minecraft:cracked_polished_blackstone_bricks,minecraft
MOD0022,assets/emi/recipe/defaults/emi.json,JSON,added,minecraft:respawn_anchor,minecraft
MOD0022,assets/emi/recipe/defaults/emi.json,JSON,added,minecraft:candle,minecraft
MOD0022,assets/emi/recipe/defaults/emi.json,JSON,added,minecraft:white_candle,minecraft
MOD0022,assets/emi/recipe/defaults/emi.json,JSON,added,minecraft:orange_candle,minecraft
MOD0022,assets/emi/recipe/defaults/emi.json,JSON,added,minecraft:magenta_candle,minecraft
MOD0022,assets/emi/recipe/defaults/emi.json,JSON,added,minecraft:light_blue_candle,minecraft
MOD0022,assets/emi/recipe/defaults/emi.json,JSON,added,minecraft:yellow_candle,minecraft
MOD0022,assets/emi/recipe/defaults/emi.json,JSON,added,minecraft:lime_candle,minecraft
MOD0022,assets/emi/recipe/defaults/emi.json,JSON,added,minecraft:pink_candle,minecraft
MOD0022,assets/emi/recipe/defaults/emi.json,JSON,added,minecraft:gray_candle,minecraft
MOD0022,assets/emi/recipe/defaults/emi.json,JSON,added,minecraft:light_gray_candle,minecraft
MOD0022,assets/emi/recipe/defaults/emi.json,JSON,added,minecraft:cyan_candle,minecraft
MOD0022,assets/emi/recipe/defaults/emi.json,JSON,added,minecraft:purple_candle,minecraft
MOD0022,assets/emi/recipe/defaults/emi.json,JSON,added,minecraft:blue_candle,minecraft
MOD0022,assets/emi/recipe/defaults/emi.json,JSON,added,minecraft:brown_candle,minecraft
MOD0022,assets/emi/recipe/defaults/emi.json,JSON,added,minecraft:green_candle,minecraft
MOD0022,assets/emi/recipe/defaults/emi.json,JSON,added,minecraft:red_candle,minecraft
MOD0022,assets/emi/recipe/defaults/emi.json,JSON,added,minecraft:black_candle,minecraft
MOD0022,assets/emi/recipe/defaults/emi.json,JSON,added,emi:/brewing/minecraft/potion/minecraft/glowstone_dust/minecraft/water/minecraft/thick,emi
MOD0022,assets/emi/recipe/defaults/emi.json,JSON,added,emi:/brewing/minecraft/potion/minecraft/nether_wart/minecraft/water/minecraft/awkward,emi
MOD0022,assets/emi/recipe/defaults/emi.json,JSON,added,emi:/brewing/minecraft/potion/minecraft/golden_carrot/minecraft/awkward/minecraft/night_vision,emi
MOD0022,assets/emi/recipe/defaults/emi.json,JSON,added,emi:/brewing/minecraft/potion/minecraft/redstone/minecraft/night_vision/minecraft/long_night_vision,emi
MOD0022,assets/emi/recipe/defaults/emi.json,JSON,added,emi:/brewing/minecraft/potion/minecraft/fermented_spider_eye/minecraft/night_vision/minecraft/invisibility,emi
MOD0022,assets/emi/recipe/defaults/emi.json,JSON,added,emi:/brewing/minecraft/potion/minecraft/rabbit_foot/minecraft/awkward/minecraft/leaping,emi
MOD0022,assets/emi/recipe/defaults/emi.json,JSON,added,emi:/brewing/minecraft/potion/minecraft/redstone/minecraft/leaping/minecraft/long_leaping,emi
MOD0022,assets/emi/recipe/defaults/emi.json,JSON,added,emi:/brewing/minecraft/potion/minecraft/glowstone_dust/minecraft/leaping/minecraft/strong_leaping,emi
MOD0022,assets/emi/recipe/defaults/emi.json,JSON,added,emi:/brewing/minecraft/potion/minecraft/magma_cream/minecraft/awkward/minecraft/fire_resistance,emi
MOD0022,assets/emi/recipe/defaults/emi.json,JSON,added,emi:/brewing/minecraft/potion/minecraft/redstone/minecraft/fire_resistance/minecraft/long_fire_resistance,emi
MOD0022,assets/emi/recipe/defaults/emi.json,JSON,added,emi:/brewing/minecraft/potion/minecraft/sugar/minecraft/awkward/minecraft/swiftness,emi
MOD0022,assets/emi/recipe/defaults/emi.json,JSON,added,emi:/brewing/minecraft/potion/minecraft/redstone/minecraft/swiftness/minecraft/long_swiftness,emi
MOD0022,assets/emi/recipe/defaults/emi.json,JSON,added,emi:/brewing/minecraft/potion/minecraft/glowstone_dust/minecraft/swiftness/minecraft/strong_swiftness,emi
MOD0022,assets/emi/recipe/defaults/emi.json,JSON,added,emi:/brewing/minecraft/potion/minecraft/glowstone_dust/minecraft/slowness/minecraft/strong_slowness,emi
MOD0022,assets/emi/recipe/defaults/emi.json,JSON,added,emi:/brewing/minecraft/potion/minecraft/turtle_helmet/minecraft/awkward/minecraft/turtle_master,emi
MOD0022,assets/emi/recipe/defaults/emi.json,JSON,added,emi:/brewing/minecraft/potion/minecraft/redstone/minecraft/turtle_master/minecraft/long_turtle_master,emi
MOD0022,assets/emi/recipe/defaults/emi.json,JSON,added,emi:/brewing/minecraft/potion/minecraft/glowstone_dust/minecraft/turtle_master/minecraft/strong_turtle_master,emi
MOD0022,assets/emi/recipe/defaults/emi.json,JSON,added,emi:/brewing/minecraft/potion/minecraft/pufferfish/minecraft/awkward/minecraft/water_breathing,emi
MOD0022,assets/emi/recipe/defaults/emi.json,JSON,added,emi:/brewing/minecraft/potion/minecraft/redstone/minecraft/water_breathing/minecraft/long_water_breathing,emi
MOD0022,assets/emi/recipe/defaults/emi.json,JSON,added,emi:/brewing/minecraft/potion/minecraft/glistering_melon_slice/minecraft/awkward/minecraft/healing,emi
MOD0022,assets/emi/recipe/defaults/emi.json,JSON,added,emi:/brewing/minecraft/potion/minecraft/glowstone_dust/minecraft/healing/minecraft/strong_healing,emi
MOD0022,assets/emi/recipe/defaults/emi.json,JSON,added,emi:/brewing/minecraft/potion/minecraft/spider_eye/minecraft/awkward/minecraft/poison,emi
MOD0022,assets/emi/recipe/defaults/emi.json,JSON,added,emi:/brewing/minecraft/potion/minecraft/redstone/minecraft/poison/minecraft/long_poison,emi
MOD0022,assets/emi/recipe/defaults/emi.json,JSON,added,emi:/brewing/minecraft/potion/minecraft/glowstone_dust/minecraft/poison/minecraft/strong_poison,emi
MOD0022,assets/emi/recipe/defaults/emi.json,JSON,added,emi:/brewing/minecraft/potion/minecraft/ghast_tear/minecraft/awkward/minecraft/regeneration,emi
MOD0022,assets/emi/recipe/defaults/emi.json,JSON,added,emi:/brewing/minecraft/potion/minecraft/redstone/minecraft/regeneration/minecraft/long_regeneration,emi
MOD0022,assets/emi/recipe/defaults/emi.json,JSON,added,emi:/brewing/minecraft/potion/minecraft/glowstone_dust/minecraft/regeneration/minecraft/strong_regeneration,emi
MOD0022,assets/emi/recipe/defaults/emi.json,JSON,added,emi:/brewing/minecraft/potion/minecraft/blaze_powder/minecraft/awkward/minecraft/strength,emi
MOD0022,assets/emi/recipe/defaults/emi.json,JSON,added,emi:/brewing/minecraft/potion/minecraft/redstone/minecraft/strength/minecraft/long_strength,emi
MOD0022,assets/emi/recipe/defaults/emi.json,JSON,added,emi:/brewing/minecraft/potion/minecraft/glowstone_dust/minecraft/strength/minecraft/strong_strength,emi
MOD0022,assets/emi/recipe/defaults/emi.json,JSON,added,emi:/brewing/minecraft/potion/minecraft/fermented_spider_eye/minecraft/water/minecraft/weakness,emi
MOD0022,assets/emi/recipe/defaults/emi.json,JSON,added,emi:/brewing/minecraft/potion/minecraft/redstone/minecraft/weakness/minecraft/long_weakness,emi
MOD0022,assets/emi/recipe/defaults/emi.json,JSON,added,emi:/brewing/minecraft/potion/minecraft/phantom_membrane/minecraft/awkward/minecraft/slow_falling,emi
MOD0022,assets/emi/recipe/defaults/emi.json,JSON,added,emi:/brewing/minecraft/potion/minecraft/redstone/minecraft/slow_falling/minecraft/long_slow_falling,emi
MOD0022,assets/emi/recipe/defaults/emi.json,JSON,added,minecraft:acacia_chest_boat,minecraft
MOD0022,assets/emi/recipe/defaults/emi.json,JSON,added,minecraft:mangrove_door,minecraft
MOD0022,assets/emi/recipe/defaults/emi.json,JSON,added,minecraft:iron_trapdoor,minecraft
MOD0022,assets/emi/recipe/defaults/emi.json,JSON,added,minecraft:mangrove_wood,minecraft
MOD0022,assets/emi/recipe/defaults/emi.json,JSON,added,minecraft:mangrove_fence,minecraft
MOD0022,assets/emi/recipe/defaults/emi.json,JSON,added,minecraft:recovery_compass,minecraft
MOD0022,assets/emi/recipe/defaults/emi.json,JSON,added,minecraft:fermented_spider_eye,minecraft
MOD0022,assets/emi/recipe/defaults/emi.json,JSON,added,minecraft:spruce_chest_boat,minecraft
MOD0022,assets/emi/recipe/defaults/emi.json,JSON,added,minecraft:mangrove_trapdoor,minecraft
MOD0022,assets/emi/recipe/defaults/emi.json,JSON,added,minecraft:jungle_chest_boat,minecraft
MOD0022,assets/emi/recipe/defaults/emi.json,JSON,added,minecraft:mud_bricks,minecraft
MOD0022,assets/emi/recipe/defaults/emi.json,JSON,added,minecraft:muddy_mangrove_roots,minecraft
MOD0022,assets/emi/recipe/defaults/emi.json,JSON,added,minecraft:dark_oak_chest_boat,minecraft
MOD0022,assets/emi/recipe/defaults/emi.json,JSON,added,minecraft:oak_chest_boat,minecraft
MOD0022,assets/emi/recipe/defaults/emi.json,JSON,added,minecraft:mangrove_fence_gate,minecraft
MOD0022,assets/emi/recipe/defaults/emi.json,JSON,added,minecraft:mangrove_slab,minecraft
MOD0022,assets/emi/recipe/defaults/emi.json,JSON,added,minecraft:birch_chest_boat,minecraft
MOD0022,assets/emi/recipe/defaults/emi.json,JSON,added,minecraft:mangrove_boat,minecraft
MOD0022,assets/emi/recipe/defaults/emi.json,JSON,added,minecraft:mangrove_chest_boat,minecraft
MOD0022,assets/emi/recipe/defaults/emi.json,JSON,added,minecraft:packed_mud,minecraft
MOD0022,assets/emi/recipe/defaults/emi.json,JSON,added,minecraft:mangrove_button,minecraft
MOD0022,assets/emi/recipe/defaults/emi.json,JSON,added,minecraft:mangrove_pressure_plate,minecraft
MOD0022,assets/c/models/tag/item/dyes.json,JSON,first,minecraft:item/pink_dye,minecraft
MOD0022,assets/c/models/tag/item/dyes.json,JSON,second,minecraft:item/lime_dye,minecraft
MOD0022,assets/c/models/tag/item/dyes.json,JSON,third,minecraft:item/light_blue_dye,minecraft
MOD0022,assets/c/models/tag/item/armors/chestplates.json,JSON,parent,minecraft:item/diamond_chestplate,minecraft
MOD0022,assets/minecraft/models/tag/item/pickaxes.json,JSON,parent,minecraft:item/diamond_pickaxe,minecraft
MOD0022,assets/minecraft/models/tag/item/logs.json,JSON,parent,minecraft:block/oak_log,minecraft
MOD0022,assets/c/models/tag/item/stone.json,JSON,parent,minecraft:block/stone,minecraft
MOD0022,assets/fabric/models/tag/item/shears.json,JSON,parent,minecraft:item/shears,minecraft
MOD0022,assets/emi/lang/zh_tw.json,JSON,emi.dev.suggest_id,b:/,b
MOD0022,assets/emi/lang/zh_tw.json,JSON,emi.dev.suggest_id,b:/,b
MOD0022,assets/emi/lang/zh_tw.json,JSON,emi.dev.synthetic_id,b:/,b
MOD0022,assets/c/models/tag/item/seeds.json,JSON,parent,minecraft:item/wheat_seeds,minecraft
MOD0022,assets/c/models/tag/item/crops.json,JSON,first,minecraft:item/beetroot,minecraft
MOD0022,assets/c/models/tag/item/crops.json,JSON,second,minecraft:item/wheat,minecraft
MOD0022,assets/emi/lang/ru_ru.json,JSON,emi.dev.synthetic_id,b:/,b
MOD0022,assets/emi/lang/ru_ru.json,JSON,emi.dev.suggest_id,b:/,b
MOD0022,assets/emi/lang/ru_ru.json,JSON,emi.dev.suggest_id,b:/,b
MOD0022,assets/c/models/tag/item/gems.json,JSON,first,minecraft:item/emerald,minecraft
MOD0022,assets/c/models/tag/item/gems.json,JSON,second,minecraft:item/diamond,minecraft
MOD0022,assets/c/models/tag/item/armors/boots.json,JSON,parent,minecraft:item/diamond_boots,minecraft
MOD0022,assets/minecraft/models/tag/item/small_flowers.json,JSON,first,minecraft:block/lily_of_the_valley,minecraft
MOD0022,assets/minecraft/models/tag/item/small_flowers.json,JSON,second,minecraft:block/blue_orchid,minecraft
MOD0022,assets/minecraft/models/tag/item/swords.json,JSON,parent,minecraft:item/diamond_sword,minecraft
MOD0022,assets/minecraft/models/tag/item/hoes.json,JSON,parent,minecraft:item/diamond_hoe,minecraft
MOD0022,assets/emi/lang/de_de.json,JSON,emi.dev.synthetic_id,b:/,b
MOD0022,assets/emi/lang/de_de.json,JSON,emi.dev.suggest_id,b:/,b
MOD0022,assets/emi/lang/de_de.json,JSON,emi.dev.suggest_id,b:/,b
MOD0022,assets/emi/lang/zh_cn.json,JSON,emi.dev.synthetic_id,b:/,b
MOD0022,assets/emi/lang/zh_cn.json,JSON,emi.dev.suggest_id,b:/,b
MOD0022,assets/emi/lang/zh_cn.json,JSON,emi.dev.suggest_id,b:/,b
MOD0022,assets/c/models/tag/item/stained_glass_panes.json,JSON,first,minecraft:block/white_stained_glass,minecraft
MOD0022,assets/c/models/tag/item/stained_glass_panes.json,JSON,second,minecraft:block/black_stained_glass,minecraft
MOD0022,assets/c/models/tag/item/ingots.json,JSON,first,minecraft:item/iron_ingot,minecraft
MOD0022,assets/c/models/tag/item/ingots.json,JSON,second,minecraft:item/gold_ingot,minecraft
MOD0022,assets/emi/lang/en_us.json,JSON,emi.dev.synthetic_id,b:/,b
MOD0022,assets/emi/lang/en_us.json,JSON,emi.dev.suggest_id,b:/,b
MOD0022,assets/emi/lang/en_us.json,JSON,emi.dev.suggest_id,b:/,b
MOD0022,assets/minecraft/models/tag/item/tall_flowers.json,JSON,first,minecraft:block/peony_top,minecraft
MOD0022,assets/minecraft/models/tag/item/tall_flowers.json,JSON,second,minecraft:block/rose_bush_top,minecraft
MOD0022,assets/c/models/tag/item/mushrooms.json,JSON,first,minecraft:block/red_mushroom,minecraft
MOD0022,assets/c/models/tag/item/mushrooms.json,JSON,second,minecraft:block/brown_mushroom,minecraft
MOD0022,dev/emi/emi/registry/EmiIngredientSerializers.class,CLASS,,emi:item,emi
MOD0022,dev/emi/emi/registry/EmiIngredientSerializers.class,CLASS,,emi:fluid,emi
MOD0022,dev/emi/emi/registry/EmiIngredientSerializers.class,CLASS,,emi:item_tag,emi
MOD0022,dev/emi/emi/registry/EmiIngredientSerializers.class,CLASS,,minecraft:item,minecraft
MOD0022,dev/emi/emi/api/EmiDragDropHandler$SlotBased$TriConsumer.class,CLASS,,a:ljava/lang/object,a
MOD0022,dev/emi/emi/api/EmiDragDropHandler$SlotBased$TriConsumer.class,CLASS,,b:ljava/lang/object,b
MOD0022,dev/emi/emi/api/EmiDragDropHandler$SlotBased$TriConsumer.class,CLASS,,c:ljava/lang/object,c
MOD0022,dev/emi/emi/api/stack/EmiIngredient.class,CLASS,,t:ljava/lang/object,t
MOD0022,dev/emi/emi/api/stack/EmiIngredient.class,CLASS,,t:ljava/lang/object,t
MOD0022,dev/emi/emi/EmiRenderHelper$1.class,CLASS,,t:ldev/emi/emi/api/widget/widget,t
MOD0022,dev/emi/emi/config/EmiConfig$Writer.class,CLASS,,t:ljava/lang/object,t
MOD0022,dev/emi/emi/jemi/JemiRecipe.class,CLASS,,t:ljava/lang/object,t
MOD0022,dev/emi/emi/screen/EmiScreenBase.class,CLASS,,t:lnet/minecraft/class_437,t
MOD0022,dev/emi/emi/api/recipe/handler/StandardRecipeHandler.class,CLASS,,t:lnet/minecraft/class_1703,t
MOD0022,dev/emi/emi/runtime/EmiTagKey.class,CLASS,,t:ljava/lang/object,t
MOD0022,dev/emi/emi/runtime/EmiTagKey.class,CLASS,,t:ljava/lang/object,t
MOD0022,dev/emi/emi/runtime/EmiTagKey.class,CLASS,,t:ljava/lang/object,t
MOD0022,dev/emi/emi/runtime/EmiTagKey.class,CLASS,,t:ljava/lang/object,t
MOD0022,dev/emi/emi/api/EmiDragDropHandler$BoundsBased.class,CLASS,,t:lnet/minecraft/class_437,t
MOD0022,dev/emi/emi/handler/CookingRecipeHandler.class,CLASS,,t:lnet/minecraft/class_1720,t
MOD0022,dev/emi/emi/api/stack/Comparison.class,CLASS,,t:ljava/lang/object,t
MOD0022,dev/emi/emi/jemi/impl/JemiRecipeSlotBuilder.class,CLASS,,i:ljava/lang/object,i
MOD0022,dev/emi/emi/jemi/impl/JemiRecipeSlotBuilder.class,CLASS,,i:ljava/lang/object,i
MOD0022,dev/emi/emi/jemi/impl/JemiRecipeSlotBuilder.class,CLASS,,t:ljava/lang/object,t
MOD0022,dev/emi/emi/jemi/JemiStack.class,CLASS,,t:ljava/lang/object,t
MOD0022,dev/emi/emi/api/EmiExclusionArea.class,CLASS,,t:lnet/minecraft/class_437,t
MOD0022,dev/emi/emi/jemi/impl/JemiRecipeSlot$IngredientRenderer.class,CLASS,,t:ljava/lang/object,t
MOD0022,dev/emi/emi/util/InheritanceMap.class,CLASS,,v:ljava/lang/object,v
MOD0022,dev/emi/emi/screen/ConfigEnumScreen$SelectionWidget.class,CLASS,,t:ljava/lang/object,t
MOD0022,dev/emi/emi/api/stack/EmiStack.class,CLASS,,t:ljava/lang/object,t
MOD0022,dev/emi/emi/api/stack/EmiStack.class,CLASS,,t:ljava/lang/object,t
MOD0022,dev/emi/emi/api/stack/EmiStack.class,CLASS,,t:ljava/lang/object,t
MOD0022,dev/emi/emi/screen/ConfigScreen.class,CLASS,,t:ljava/lang/object,t
MOD0022,dev/emi/emi/com/unascribed/qdcss/QDCSS.class,CLASS,,e:ljava/lang/enum,e
MOD0022,dev/emi/emi/com/unascribed/qdcss/QDCSS.class,CLASS,,t:ljava/lang/object,t
MOD0022,dev/emi/emi/com/unascribed/qdcss/QDCSS.class,CLASS,,t:ljava/lang/object,t
MOD0022,dev/emi/emi/api/stack/ItemEmiStack.class,CLASS,,t:ljava/lang/object,t
MOD0022,dev/emi/emi/jemi/JemiRecipeHandler.class,CLASS,,t:lnet/minecraft/class_1703,t
MOD0022,dev/emi/emi/jemi/JemiRecipeHandler.class,CLASS,,r:ljava/lang/object,r
MOD0022,dev/emi/emi/jemi/JemiRecipeHandler.class,CLASS,,r:ljava/lang/object,r
MOD0022,dev/emi/emi/data/RecipeDefaultLoader.class,CLASS,,emi:recipe_defaults,emi
MOD0022,dev/emi/emi/runtime/EmiFavorites$CompoundList.class,CLASS,,t:ljava/lang/object,t
MOD0022,dev/emi/emi/data/EmiTagExclusionsLoader.class,CLASS,,emi:tag_exclusions,emi
MOD0022,dev/emi/emi/api/recipe/handler/EmiRecipeHandler.class,CLASS,,t:lnet/minecraft/class_1703,t
MOD0022,dev/emi/emi/handler/CoercedRecipeHandler.class,CLASS,,t:lnet/minecraft/class_1703,t
MOD0022,dev/emi/emi/registry/EmiRegistryImpl.class,CLASS,,t:lnet/minecraft/class_437,t
MOD0022,dev/emi/emi/registry/EmiRegistryImpl.class,CLASS,,t:lnet/minecraft/class_437,t
MOD0022,dev/emi/emi/registry/EmiRegistryImpl.class,CLASS,,t:lnet/minecraft/class_437,t
MOD0022,dev/emi/emi/registry/EmiRegistryImpl.class,CLASS,,t:lnet/minecraft/class_437,t
MOD0022,dev/emi/emi/registry/EmiRegistryImpl.class,CLASS,,t:lnet/minecraft/class_1703,t
MOD0022,dev/emi/emi/jemi/runtime/JemiRecipesGui.class,CLASS,,t:ljava/lang/object,t
MOD0022,dev/emi/emi/jemi/runtime/JemiRecipesGui.class,CLASS,,t:ljava/lang/object,t
MOD0022,dev/emi/emi/chess/ChessEmiStack.class,CLASS,,emi:/chess/,emi
MOD0022,dev/emi/emi/jemi/JemiPlugin.class,CLASS,,emi:jemi,emi
MOD0022,dev/emi/emi/api/EmiRegistry.class,CLASS,,t:lnet/minecraft/class_437,t
MOD0022,dev/emi/emi/api/EmiRegistry.class,CLASS,,t:lnet/minecraft/class_437,t
MOD0022,dev/emi/emi/api/EmiRegistry.class,CLASS,,t:lnet/minecraft/class_437,t
MOD0022,dev/emi/emi/api/EmiRegistry.class,CLASS,,t:lnet/minecraft/class_437,t
MOD0022,dev/emi/emi/api/EmiRegistry.class,CLASS,,t:lnet/minecraft/class_1703,t
MOD0022,dev/emi/emi/jemi/impl/JemiIngredientConsumer.class,CLASS,,i:ljava/lang/object,i
MOD0022,dev/emi/emi/jemi/impl/JemiIngredientConsumer.class,CLASS,,i:ljava/lang/object,i
MOD0022,dev/emi/emi/api/stack/EmiRegistryAdapter$StackConstructor.class,CLASS,,t:ljava/lang/object,t
MOD0022,dev/emi/emi/api/stack/EmiRegistryAdapter.class,CLASS,,t:ljava/lang/object,t
MOD0022,dev/emi/emi/api/stack/EmiRegistryAdapter.class,CLASS,,t:ljava/lang/object,t
MOD0022,dev/emi/emi/screen/ConfigEnumScreen.class,CLASS,,t:ljava/lang/object,t
MOD0022,dev/emi/emi/data/EmiDataLoader.class,CLASS,,t:ljava/lang/object,t
MOD0022,dev/emi/emi/api/stack/serializer/EmiStackSerializer.class,CLASS,,t:ldev/emi/emi/api/stack/emistack,t
MOD0022,dev/emi/emi/api/stack/serializer/EmiStackSerializer.class,CLASS,,t:ljava/lang/object,t
MOD0022,dev/emi/emi/screen/ConfigScreen$Mutator.class,CLASS,,t:ljava/lang/object,t
MOD0022,dev/emi/emi/jemi/runtime/JemiBookmarkOverlay.class,CLASS,,t:ljava/lang/object,t
MOD0022,dev/emi/emi/mixin/AbstractInventoryScreenMixin.class,CLASS,,t:lnet/minecraft/class_1703,t
MOD0022,dev/emi/emi/api/stack/EmiStack$Entry.class,CLASS,,t:ljava/lang/object,t
MOD0022,dev/emi/emi/jemi/runtime/JemiIngredientFilter.class,CLASS,,t:ljava/lang/object,t
MOD0022,dev/emi/emi/api/EmiDragDropHandler$SlotBased.class,CLASS,,t:lnet/minecraft/class_465,t
MOD0022,dev/emi/emi/api/EmiDragDropHandler$SlotBased.class,CLASS,,t:lnet/minecraft/class_465,t
MOD0022,dev/emi/emi/api/EmiDragDropHandler$SlotBased.class,CLASS,,t:lnet/minecraft/class_465,t
MOD0022,dev/emi/emi/jemi/runtime/JemiDragDropHandler.class,CLASS,,i:ljava/lang/object,i
MOD0022,dev/emi/emi/jemi/runtime/JemiDragDropHandler.class,CLASS,,i:ljava/lang/object,i
MOD0022,dev/emi/emi/jemi/runtime/JemiDragDropHandler.class,CLASS,,i:ljava/lang/object,i
MOD0022,dev/emi/emi/screen/WidgetGroup.class,CLASS,,t:ldev/emi/emi/api/widget/widget,t
MOD0022,dev/emi/emi/api/EmiScreenBoundsProvider.class,CLASS,,t:lnet/minecraft/class_437,t
MOD0022,dev/emi/emi/registry/EmiTags.class,CLASS,,t:ljava/lang/object,t
MOD0022,dev/emi/emi/registry/EmiTags.class,CLASS,,t:ljava/lang/object,t
MOD0022,dev/emi/emi/registry/EmiTags.class,CLASS,,t:ljava/lang/object,t
MOD0022,dev/emi/emi/registry/EmiTags.class,CLASS,,t:ljava/lang/object,t
MOD0022,dev/emi/emi/registry/EmiTags.class,CLASS,,t:ljava/lang/object,t
MOD0022,dev/emi/emi/registry/EmiTags.class,CLASS,,t:ljava/lang/object,t
MOD0022,dev/emi/emi/registry/EmiTags.class,CLASS,,t:ljava/lang/object,t
MOD0022,dev/emi/emi/registry/EmiTags.class,CLASS,,t:ljava/lang/object,t
MOD0022,dev/emi/emi/data/EmiData.class,CLASS,,emi:category_properties,emi
MOD0022,dev/emi/emi/data/EmiData.class,CLASS,,emi:recipe_filters,emi
MOD0022,dev/emi/emi/data/EmiData.class,CLASS,,emi:index_stacks,emi
MOD0022,dev/emi/emi/data/EmiData.class,CLASS,,emi:aliases,emi
MOD0022,dev/emi/emi/data/EmiData.class,CLASS,,emi:recipe_additions,emi
MOD0022,dev/emi/emi/data/EmiData.class,CLASS,,emi:/generated/,emi
MOD0022,dev/emi/emi/data/EmiData.class,CLASS,,emi:info,emi
MOD0022,dev/emi/emi/data/EmiData.class,CLASS,,emi:world_interaction,emi
MOD0022,dev/emi/emi/jemi/impl/JemiRecipeSlot.class,CLASS,,t:ljava/lang/object,t
MOD0022,dev/emi/emi/jemi/impl/JemiRecipeSlot.class,CLASS,,t:ljava/lang/object,t
MOD0022,dev/emi/emi/api/recipe/handler/EmiCraftContext.class,CLASS,,t:lnet/minecraft/class_1703,t
MOD0022,dev/emi/emi/registry/EmiRecipeFiller.class,CLASS,,t:lnet/minecraft/class_1703,t
MOD0022,dev/emi/emi/registry/EmiRecipeFiller.class,CLASS,,t:lnet/minecraft/class_1703,t
MOD0022,dev/emi/emi/registry/EmiRecipeFiller.class,CLASS,,t:lnet/minecraft/class_1703,t
MOD0022,dev/emi/emi/registry/EmiRecipeFiller.class,CLASS,,t:lnet/minecraft/class_1703,t
MOD0022,dev/emi/emi/registry/EmiRecipeFiller.class,CLASS,,t:lnet/minecraft/class_1703,t
MOD0022,dev/emi/emi/registry/EmiRecipeFiller.class,CLASS,,t:lnet/minecraft/class_1703,t
MOD0022,dev/emi/emi/api/widget/WidgetTooltipHolder.class,CLASS,,t:ljava/lang/object,t
MOD0022,dev/emi/emi/api/EmiDragDropHandler.class,CLASS,,t:lnet/minecraft/class_437,t
MOD0022,dev/emi/emi/stack/serializer/TagEmiIngredientSerializer.class,CLASS,,minecraft:item,minecraft
MOD0022,dev/emi/emi/stack/serializer/TagEmiIngredientSerializer.class,CLASS,,minecraft:fluid,minecraft
MOD0022,dev/emi/emi/jemi/impl/JemiIngredientAcceptor.class,CLASS,,i:ljava/lang/object,i
MOD0022,dev/emi/emi/jemi/impl/JemiIngredientAcceptor.class,CLASS,,i:ljava/lang/object,i
MOD0022,dev/emi/emi/config/EmiConfig$MultiWriter.class,CLASS,,t:ljava/lang/object,t
MOD0022,dev/emi/emi/data/EmiDataLoader$DataConsumer.class,CLASS,,t:ljava/lang/object,t
MOD0022,dev/emi/emi/api/widget/WidgetHolder.class,CLASS,,t:ldev/emi/emi/api/widget/widget,t
MOD0022,dev/emi/emi/platform/EmiClient.class,CLASS,,t:lnet/minecraft/class_1703,t
MOD0022,dev/emi/emi/registry/EmiStackList.class,CLASS,,t:ljava/lang/object,t
MOD0022,dev/emi/emi/jemi/runtime/JemiIngredientListOverlay.class,CLASS,,t:ljava/lang/object,t
MOD0022,dev/emi/emi/jemi/runtime/JemiIngredientListOverlay.class,CLASS,,t:ljava/lang/object,t
MOD0022,dev/emi/emi/api/EmiStackProvider.class,CLASS,,t:lnet/minecraft/class_437,t
MOD0022,dev/emi/emi/screen/ConfigEnumScreen$Entry.class,CLASS,,t:ljava/lang/object,t
MOD0022,dev/emi/emi/VanillaPlugin.class,CLASS,,minecraft:axes,minecraft
MOD0022,dev/emi/emi/VanillaPlugin.class,CLASS,,c:axes,c
MOD0022,dev/emi/emi/VanillaPlugin.class,CLASS,,c:tools/axes,c
MOD0022,dev/emi/emi/VanillaPlugin.class,CLASS,,fabric:axes,fabric
MOD0022,dev/emi/emi/VanillaPlugin.class,CLASS,,forge:tools/axes,forge
MOD0022,dev/emi/emi/VanillaPlugin.class,CLASS,,minecraft:hoes,minecraft
MOD0022,dev/emi/emi/VanillaPlugin.class,CLASS,,c:hoes,c
MOD0022,dev/emi/emi/VanillaPlugin.class,CLASS,,c:tools/hoes,c
MOD0022,dev/emi/emi/VanillaPlugin.class,CLASS,,fabric:hoes,fabric
MOD0022,dev/emi/emi/VanillaPlugin.class,CLASS,,forge:tools/hoes,forge
MOD0022,dev/emi/emi/VanillaPlugin.class,CLASS,,minecraft:shovels,minecraft
MOD0022,dev/emi/emi/VanillaPlugin.class,CLASS,,c:shovels,c
MOD0022,dev/emi/emi/VanillaPlugin.class,CLASS,,c:tools/shovels,c
MOD0022,dev/emi/emi/VanillaPlugin.class,CLASS,,fabric:shovels,fabric
MOD0022,dev/emi/emi/VanillaPlugin.class,CLASS,,forge:tools/shovels,forge
MOD0022,dev/emi/emi/VanillaPlugin.class,CLASS,,emi:tag,emi
MOD0022,dev/emi/emi/VanillaPlugin.class,CLASS,,emi:ingredient,emi
MOD0022,dev/emi/emi/VanillaPlugin.class,CLASS,,emi:resolution,emi
MOD0022,dev/emi/emi/VanillaPlugin.class,CLASS,,minecraft:crafting,minecraft
MOD0022,dev/emi/emi/VanillaPlugin.class,CLASS,,minecraft:smelting,minecraft
MOD0022,dev/emi/emi/VanillaPlugin.class,CLASS,,minecraft:blasting,minecraft
MOD0022,dev/emi/emi/VanillaPlugin.class,CLASS,,minecraft:smoking,minecraft
MOD0022,dev/emi/emi/VanillaPlugin.class,CLASS,,minecraft:campfire_cooking,minecraft
MOD0022,dev/emi/emi/VanillaPlugin.class,CLASS,,minecraft:stonecutting,minecraft
MOD0022,dev/emi/emi/VanillaPlugin.class,CLASS,,minecraft:smithing,minecraft
MOD0022,dev/emi/emi/VanillaPlugin.class,CLASS,,emi:anvil_repairing,emi
MOD0022,dev/emi/emi/VanillaPlugin.class,CLASS,,emi:grinding,emi
MOD0022,dev/emi/emi/VanillaPlugin.class,CLASS,,minecraft:brewing,minecraft
MOD0022,dev/emi/emi/VanillaPlugin.class,CLASS,,emi:world_interaction,emi
MOD0022,dev/emi/emi/VanillaPlugin.class,CLASS,,emi:fuel,emi
MOD0022,dev/emi/emi/VanillaPlugin.class,CLASS,,emi:composting,emi
MOD0022,dev/emi/emi/VanillaPlugin.class,CLASS,,emi:info,emi
MOD0022,dev/emi/emi/network/EmiNetwork.class,CLASS,,emi:fill_recipe,emi
MOD0022,dev/emi/emi/network/EmiNetwork.class,CLASS,,emi:create_item,emi
MOD0022,dev/emi/emi/network/EmiNetwork.class,CLASS,,emi:command,emi
MOD0022,dev/emi/emi/network/EmiNetwork.class,CLASS,,emi:chess,emi
MOD0022,dev/emi/emi/network/EmiNetwork.class,CLASS,,emi:ping,emi
MOD0023,fabric.mod.json,JSON,homepage,https://github.com/tonimatasdev/packetfixer,https
MOD0023,fabric.mod.json,JSON,sources,https://github.com/tonimatasdev/packetfixer,https
MOD0023,fabric.mod.json,JSON,issues,https://github.com/tonimatasdev/packetfixer/issues,https
MOD0023,dev/tonimatas/packetfixer/platform/Services.class,CLASS,,t:ljava/lang/object,t
MOD0023,dev/tonimatas/packetfixer/mixins/NbtAccounterMixin.class,CLASS,,quota:j,quota
MOD0023,dev/tonimatas/packetfixer/mixins/MinecraftServerMixin.class,CLASS,,playeridletimeout:i,playeridletimeout
MOD0024,fabric.mod.json,JSON,homepage,https://www.midnightdust.eu/,https
MOD0024,fabric.mod.json,JSON,sources,https://github.com/teammidnightdust/midnightlib,https
MOD0024,fabric.mod.json,JSON,issues,https://github.com/teammidnightdust/midnightlib/issues,https
MOD0024,fabric.mod.json,JSON,modmenu.discord,http://discord.midnightdust.eu/,http
MOD0024,fabric.mod.json,JSON,modmenu.website,https://midnightdust.eu/midnightlib,https
MOD0024,fabric.mod.json,JSON,midnightlib.wiki,https://midnightdust.eu/wiki/midnightlib,https
MOD0024,eu/midnightdust/lib/config/EntryInfo.class,CLASS,,t:ljava/lang/object,t
MOD0024,eu/midnightdust/lib/config/MidnightConfig.class,CLASS,,t:leu/midnightdust/lib/config/midnightconfig,t
MOD0025,assets/fallingleaves/lang/en_us.json,JSON,text.autoconfig.fallingleaves2.option.leafSpawners.@Tooltip[0],minecraft:pink_wool,minecraft
MOD0025,assets/fallingleaves/lang/en_us.json,JSON,text.autoconfig.fallingleaves2.option.leafSpawners.@Tooltip[0],minecraft:bamboo,minecraft
MOD0025,assets/fallingleaves/lang/tr_tr.json,JSON,text.autoconfig.fallingleaves2.option.leafSpawners.@Tooltip[0],minecraft:pink_wool,minecraft
MOD0025,assets/fallingleaves/lang/tr_tr.json,JSON,text.autoconfig.fallingleaves2.option.leafSpawners.@Tooltip[0],minecraft:bamboo,minecraft
MOD0025,assets/fallingleaves/lang/uk_ua.json,JSON,text.autoconfig.fallingleaves2.option.leafSpawners.@Tooltip[0],minecraft:pink_wool,minecraft
MOD0025,assets/fallingleaves/lang/uk_ua.json,JSON,text.autoconfig.fallingleaves2.option.leafSpawners.@Tooltip[0],minecraft:bamboo,minecraft
MOD0025,assets/fallingleaves/lang/es_mx.json,JSON,text.autoconfig.fallingleaves2.option.leafSpawners.@Tooltip[0],minecraft:pink_wool,minecraft
MOD0025,assets/fallingleaves/lang/es_mx.json,JSON,text.autoconfig.fallingleaves2.option.leafSpawners.@Tooltip[0],minecraft:bamboo,minecraft
MOD0025,assets/fallingleaves/particles/falling_leaf_conifer.json,JSON,textures,fallingleaves:falling_leaf_conifer_1,fallingleaves
MOD0025,assets/fallingleaves/particles/falling_leaf_conifer.json,JSON,textures,fallingleaves:falling_leaf_conifer_2,fallingleaves
MOD0025,assets/fallingleaves/particles/falling_leaf_conifer.json,JSON,textures,fallingleaves:falling_leaf_conifer_3,fallingleaves
MOD0025,assets/fallingleaves/lang/zh_cn.json,JSON,text.autoconfig.fallingleaves2.option.leafSpawners.@Tooltip[0],minecraft:pink_wool,minecraft
MOD0025,assets/fallingleaves/lang/zh_cn.json,JSON,text.autoconfig.fallingleaves2.option.leafSpawners.@Tooltip[0],minecraft:bamboo,minecraft
MOD0025,assets/fallingleaves/lang/ko_kr.json,JSON,text.autoconfig.fallingleaves2.option.leafSpawners.@Tooltip[0],minecraft:pink_wool,minecraft
MOD0025,assets/fallingleaves/lang/ko_kr.json,JSON,text.autoconfig.fallingleaves2.option.leafSpawners.@Tooltip[0],minecraft:bamboo,minecraft
MOD0025,assets/fallingleaves/lang/ru_ru.json,JSON,text.autoconfig.fallingleaves2.option.leafSpawners.@Tooltip[0],minecraft:pink_wool,minecraft
MOD0025,assets/fallingleaves/lang/ru_ru.json,JSON,text.autoconfig.fallingleaves2.option.leafSpawners.@Tooltip[0],minecraft:bamboo,minecraft
MOD0025,assets/fallingleaves/particles/falling_leaf.json,JSON,textures,fallingleaves:falling_leaf_1,fallingleaves
MOD0025,assets/fallingleaves/particles/falling_leaf.json,JSON,textures,fallingleaves:falling_leaf_2,fallingleaves
MOD0025,assets/fallingleaves/particles/falling_leaf.json,JSON,textures,fallingleaves:falling_leaf_3,fallingleaves
MOD0025,assets/fallingleaves/particles/falling_leaf.json,JSON,textures,fallingleaves:falling_leaf_4,fallingleaves
MOD0025,assets/fallingleaves/particles/falling_leaf.json,JSON,textures,fallingleaves:falling_leaf_5,fallingleaves
MOD0025,assets/fallingleaves/lang/de_de.json,JSON,text.autoconfig.fallingleaves2.option.leafSpawners.@Tooltip[0],minecraft:pink_wool,minecraft
MOD0025,assets/fallingleaves/lang/de_de.json,JSON,text.autoconfig.fallingleaves2.option.leafSpawners.@Tooltip[0],minecraft:bamboo,minecraft
MOD0025,assets/fallingleaves/lang/vi_vn.json,JSON,text.autoconfig.fallingleaves2.option.leafSpawners.@Tooltip[0],minecraft:pink_wool,minecraft
MOD0025,assets/fallingleaves/lang/vi_vn.json,JSON,text.autoconfig.fallingleaves2.option.leafSpawners.@Tooltip[0],minecraft:bamboo,minecraft
MOD0025,assets/fallingleaves/lang/es_ar.json,JSON,text.autoconfig.fallingleaves2.option.leafSpawners.@Tooltip[0],minecraft:pink_wool,minecraft
MOD0025,assets/fallingleaves/lang/es_ar.json,JSON,text.autoconfig.fallingleaves2.option.leafSpawners.@Tooltip[0],minecraft:bamboo,minecraft
MOD0025,fabric.mod.json,JSON,homepage,https://www.curseforge.com/minecraft/mc-mods/falling-leaves-fabric,https
MOD0025,fabric.mod.json,JSON,issues,https://github.com/randommcsomethin/fallingleaves/issues,https
MOD0025,fabric.mod.json,JSON,sources,https://github.com/randommcsomethin/fallingleaves,https
MOD0025,assets/fallingleaves/lang/zh_tw.json,JSON,text.autoconfig.fallingleaves2.option.leafSpawners.@Tooltip[0],minecraft:pink_wool,minecraft
MOD0025,assets/fallingleaves/lang/zh_tw.json,JSON,text.autoconfig.fallingleaves2.option.leafSpawners.@Tooltip[0],minecraft:bamboo,minecraft
MOD0025,assets/fallingleaves/lang/pt_br.json,JSON,text.autoconfig.fallingleaves2.option.leafSpawners.@Tooltip[0],minecraft:pink_wool,minecraft
MOD0025,assets/fallingleaves/lang/pt_br.json,JSON,text.autoconfig.fallingleaves2.option.leafSpawners.@Tooltip[0],minecraft:bamboo,minecraft
MOD0025,randommcsomethin/fallingleaves/config/gson/LeafSettingsTypeAdapter.class,CLASS,,t:ljava/lang/object,t
MOD0025,randommcsomethin/fallingleaves/config/gson/GsonConfigHelper.class,CLASS,,t:ljava/lang/object,t
MOD0025,randommcsomethin/fallingleaves/config/ConfigDefaults.class,CLASS,,bewitchment:cypress_leaves,bewitchment
MOD0025,randommcsomethin/fallingleaves/config/ConfigDefaults.class,CLASS,,bewitchment:dragons_blood_leaves,bewitchment
MOD0025,randommcsomethin/fallingleaves/config/ConfigDefaults.class,CLASS,,bewitchment:juniper_leaves,bewitchment
MOD0025,randommcsomethin/fallingleaves/config/ConfigDefaults.class,CLASS,,biomemakeover:swamp_cypress_leaves,biomemakeover
MOD0025,randommcsomethin/fallingleaves/config/ConfigDefaults.class,CLASS,,byg:araucaria_leaves,byg
MOD0025,randommcsomethin/fallingleaves/config/ConfigDefaults.class,CLASS,,byg:blue_spruce_leaves,byg
MOD0025,randommcsomethin/fallingleaves/config/ConfigDefaults.class,CLASS,,byg:cypress_leaves,byg
MOD0025,randommcsomethin/fallingleaves/config/ConfigDefaults.class,CLASS,,byg:fir_leaves,byg
MOD0025,randommcsomethin/fallingleaves/config/ConfigDefaults.class,CLASS,,byg:orange_spruce_leaves,byg
MOD0025,randommcsomethin/fallingleaves/config/ConfigDefaults.class,CLASS,,byg:pine_leaves,byg
MOD0025,randommcsomethin/fallingleaves/config/ConfigDefaults.class,CLASS,,byg:red_spruce_leaves,byg
MOD0025,randommcsomethin/fallingleaves/config/ConfigDefaults.class,CLASS,,byg:redwood_leaves,byg
MOD0025,randommcsomethin/fallingleaves/config/ConfigDefaults.class,CLASS,,byg:yellow_spruce_leaves,byg
MOD0025,randommcsomethin/fallingleaves/config/ConfigDefaults.class,CLASS,,minecraft:spruce_leaves,minecraft
MOD0025,randommcsomethin/fallingleaves/config/ConfigDefaults.class,CLASS,,terrestria:cypress_leaves,terrestria
MOD0025,randommcsomethin/fallingleaves/config/ConfigDefaults.class,CLASS,,terrestria:hemlock_leaves,terrestria
MOD0025,randommcsomethin/fallingleaves/config/ConfigDefaults.class,CLASS,,terrestria:redwood_leaves,terrestria
MOD0025,randommcsomethin/fallingleaves/config/ConfigDefaults.class,CLASS,,traverse:fir_leaves,traverse
MOD0025,randommcsomethin/fallingleaves/config/ConfigDefaults.class,CLASS,,woods_and_mires:pine_leaves,woods_and_mires
MOD0025,randommcsomethin/fallingleaves/config/ConfigDefaults.class,CLASS,,byg:palm_leaves,byg
MOD0025,randommcsomethin/fallingleaves/config/ConfigDefaults.class,CLASS,,minecraft:jungle_leaves,minecraft
MOD0025,randommcsomethin/fallingleaves/config/ConfigDefaults.class,CLASS,,promenade:palm_leaves,promenade
MOD0025,randommcsomethin/fallingleaves/config/ConfigDefaults.class,CLASS,,terrestria:japanese_maple_shrub_leaves,terrestria
MOD0025,randommcsomethin/fallingleaves/config/ConfigDefaults.class,CLASS,,terrestria:jungle_palm_leaves,terrestria
MOD0025,randommcsomethin/fallingleaves/config/ConfigDefaults.class,CLASS,,terrestria:yucca_palm_leaves,terrestria
MOD0025,randommcsomethin/fallingleaves/mixin/LeafTickMixin.class,CLASS,,leafparticlechance:f,leafparticlechance
MOD0025,randommcsomethin/fallingleaves/config/gui/StringSetGuiProvider.class,CLASS,,t:ljava/lang/object,t
MOD0026,assets/cwb/lang/zh_tw.json,JSON,cwb.fullscreenTypes.windows:windowed.tooltip,ominecraft:windowed,ominecraft
MOD0026,assets/cwb/lang/ms_my.json,JSON,cwb.fullscreenTypes.windows:windowed.tooltip,ominecraft:windowed,ominecraft
MOD0026,assets/cwb/lang/ru_ru.json,JSON,cwb.fullscreenTypes.windows:windowed.tooltip,ominecraft:windowed,ominecraft
MOD0026,assets/cwb/lang/zh_cn.json,JSON,cwb.fullscreenTypes.windows:windowed.tooltip,ominecraft:windowed,ominecraft
MOD0026,fabric.mod.json,JSON,homepage,https://github.com/kira-nt/cubes-without-borders,https
MOD0026,fabric.mod.json,JSON,sources,https://github.com/kira-nt/cubes-without-borders,https
MOD0026,fabric.mod.json,JSON,issues,https://github.com/kira-nt/cubes-without-borders/issues,https
MOD0026,fabric.mod.json,JSON,dependencies,modrinth:kyq5qksl,modrinth
MOD0026,fabric.mod.json,JSON,dependencies,curseforge:310205,curseforge
MOD0026,fabric.mod.json,JSON,dependencies,modrinth:kxyazyli,modrinth
MOD0026,fabric.mod.json,JSON,dependencies,curseforge:1487420,curseforge
MOD0026,fabric.mod.json,JSON,dependencies,modrinth:z1ozgoqh,modrinth
MOD0026,fabric.mod.json,JSON,dependencies,curseforge:521601,curseforge
MOD0026,fabric.mod.json,JSON,dependencies,modrinth:kio1klh4,modrinth
MOD0026,fabric.mod.json,JSON,dependencies,ignore:curseforge,ignore
MOD0026,fabric.mod.json,JSON,dependencies,modrinth:uiexcmp1,modrinth
MOD0026,fabric.mod.json,JSON,dependencies,curseforge:1483468,curseforge
MOD0026,fabric.mod.json,JSON,dependencies,modrinth:hwgfylw6,modrinth
MOD0026,fabric.mod.json,JSON,dependencies,curseforge:1406304,curseforge
MOD0026,fabric.mod.json,JSON,dependencies,modrinth:lftk8ing,modrinth
MOD0026,fabric.mod.json,JSON,dependencies,ignore:curseforge,ignore
MOD0026,fabric.mod.json,JSON,dependencies,modrinth:cnalmsa0,modrinth
MOD0026,fabric.mod.json,JSON,dependencies,curseforge:378979,curseforge
MOD0026,fabric.mod.json,JSON,dependencies,modrinth:2ydkrmkl,modrinth
MOD0026,fabric.mod.json,JSON,dependencies,curseforge:1487940,curseforge
MOD0026,fabric.mod.json,JSON,dependencies,modrinth:enxaurdu,modrinth
MOD0026,fabric.mod.json,JSON,dependencies,ignore:curseforge,ignore
MOD0026,fabric.mod.json,JSON,dependencies,modrinth:t0a01nz3,modrinth
MOD0026,fabric.mod.json,JSON,dependencies,ignore:curseforge,ignore
MOD0026,fabric.mod.json,JSON,dependencies,modrinth:qyvwsz5s,modrinth
MOD0026,fabric.mod.json,JSON,dependencies,curseforge:1120678,curseforge
MOD0026,fabric.mod.json,JSON,dependencies,modrinth:puo9xexy,modrinth
MOD0026,fabric.mod.json,JSON,dependencies,ignore:curseforge,ignore
MOD0026,fabric.mod.json,JSON,dependencies,modrinth:qrt35uen,modrinth
MOD0026,fabric.mod.json,JSON,dependencies,ignore:curseforge,ignore
MOD0026,fabric.mod.json,JSON,dependencies,modrinth:vbztiyb1,modrinth
MOD0026,fabric.mod.json,JSON,dependencies,curseforge:621992,curseforge
MOD0026,fabric.mod.json,JSON,dependencies,modrinth:xtosfwzb,modrinth
MOD0026,fabric.mod.json,JSON,dependencies,ignore:curseforge,ignore
MOD0026,fabric.mod.json,JSON,dependencies,modrinth:pxf3g9xm,modrinth
MOD0026,fabric.mod.json,JSON,dependencies,ignore:curseforge,ignore
MOD0026,fabric.mod.json,JSON,dependencies,modrinth:snyxng3w,modrinth
MOD0026,fabric.mod.json,JSON,dependencies,ignore:curseforge,ignore
MOD0026,fabric.mod.json,JSON,dependencies,modrinth:cvion7as,modrinth
MOD0026,fabric.mod.json,JSON,dependencies,ignore:curseforge,ignore
MOD0026,fabric.mod.json,JSON,dependencies,curseforge:227441,curseforge
MOD0026,fabric.mod.json,JSON,dependencies,ignore:modrinth,ignore
MOD0026,assets/cwb/lang/uk_ua.json,JSON,cwb.fullscreenTypes.windows:windowed.tooltip,ominecraft:windowed,ominecraft
MOD0026,assets/cwb/lang/en_us.json,JSON,cwb.fullscreenTypes.windows:windowed.tooltip,ominecraft:windowed,ominecraft
MOD0026,assets/cwb/lang/zlm_arab.json,JSON,cwb.fullscreenTypes.windows:windowed.tooltip,ominecraft:windowed,ominecraft
MOD0026,assets/cwb/lang/et_ee.json,JSON,cwb.fullscreenTypes.windows:windowed.tooltip,ominecraft:windowed,ominecraft
MOD0026,assets/cwb/lang/zh_hk.json,JSON,cwb.fullscreenTypes.windows:windowed.tooltip,ominecraft:windowed,ominecraft
MOD0026,dev/kirant/cwb/FullscreenTypes$MacOSBorderlessFullscreen.class,CLASS,,macos:borderless,macos
MOD0026,dev/kirant/cwb/FullscreenTypes$WindowedFullscreen.class,CLASS,,minecraft:windowed,minecraft
MOD0026,dev/kirant/cwb/FullscreenTypes$LinuxBorderlessFullscreen.class,CLASS,,linux:borderless,linux
MOD0026,dev/kirant/cwb/FullscreenTypes$HybridFullscreen.class,CLASS,,minecraft:hybrid,minecraft
MOD0026,dev/kirant/cwb/FullscreenTypes$WindowsWindowedFullscreen.class,CLASS,,windows:windowed,windows
MOD0026,dev/kirant/cwb/mixin/WindowMixin.class,CLASS,,windowedx:i,windowedx
MOD0026,dev/kirant/cwb/util/MinecraftWindow$MacOS.class,CLASS,,windowwillreturnfieldeditor:toobject,windowwillreturnfieldeditor
MOD0026,dev/kirant/cwb/compat/sodium/SodiumConfigBuilder.class,CLASS,,sodium:general.fullscreen,sodium
MOD0026,dev/kirant/cwb/compat/sodium/SodiumConfigBuilder.class,CLASS,,sodium:general.fullscreen_mode,sodium
MOD0026,dev/kirant/cwb/compat/sodium/SodiumConfigBuilder.class,CLASS,,sodium:general.fullscreen_resolution,sodium
MOD0026,dev/kirant/cwb/CWBConfig.class,CLASS,,t:ljava/lang/object,t
MOD0026,dev/kirant/cwb/CWBConfig.class,CLASS,,t:ljava/lang/object,t
MOD0026,dev/kirant/cwb/FullscreenTypes$DefaultFullscreen.class,CLASS,,minecraft:default,minecraft
MOD0027,player-animation-lib-minecraft_common-refmap.json,JSON,cloak,field_3485:lnet/minecraft/class_630,field_3485
MOD0027,player-animation-lib-minecraft_common-refmap.json,JSON,detached,field_18719:z,field_18719
MOD0027,player-animation-lib-minecraft_common-refmap.json,JSON,Lnet/minecraft/client/renderer/entity/LivingEntityRenderer;layers:Ljava/util/List;,field_4738:ljava/util/list,field_4738
MOD0027,player-animation-lib-minecraft_common-refmap.json,JSON,cloak,field_3485:lnet/minecraft/class_630,field_3485
MOD0027,player-animation-lib-minecraft_common-refmap.json,JSON,detached,field_18719:z,field_18719
MOD0027,player-animation-lib-minecraft_common-refmap.json,JSON,Lnet/minecraft/client/renderer/entity/LivingEntityRenderer;layers:Ljava/util/List;,field_4738:ljava/util/list,field_4738
MOD0027,fabric.mod.json,JSON,sources,https://github.com/kosmx/fabricplayeranimation,https
MOD0027,dev/kosmx/playerAnim/mixin/ElytraLayerMixin.class,CLASS,,t:lnet/minecraft/class_1309,t
MOD0027,dev/kosmx/playerAnim/mixin/ElytraLayerMixin.class,CLASS,,m:lnet/minecraft/class_583,m
MOD0027,dev/kosmx/playerAnim/mixin/firstPerson/LivingEntityRendererMixin.class,CLASS,,layers:ljava/util/list,layers
MOD0027,dev/kosmx/playerAnim/mixin/PlayerModelMixin.class,CLASS,,t:lnet/minecraft/class_1309,t
MOD0027,dev/kosmx/playerAnim/mixin/BipedEntityModelMixin.class,CLASS,,t:lnet/minecraft/class_1309,t
MOD0027,dev/kosmx/playerAnim/core/data/AnimationBinary.class,CLASS,,t:ljava/nio/bytebuffer,t
MOD0027,dev/kosmx/playerAnim/core/data/AnimationBinary.class,CLASS,,t:ljava/nio/bytebuffer,t
MOD0027,dev/kosmx/playerAnim/core/impl/event/Event.class,CLASS,,t:ljava/lang/object,t
MOD0027,dev/kosmx/playerAnim/mixin/LivingEntityRenderRedirect_bendOnly.class,CLASS,,t:lnet/minecraft/class_1297,t
MOD0027,dev/kosmx/playerAnim/mixin/LivingEntityRenderRedirect_bendOnly.class,CLASS,,m:lnet/minecraft/class_583,m
MOD0027,dev/kosmx/playerAnim/mixin/ArmorFeatureRendererMixin.class,CLASS,,t:lnet/minecraft/class_1309,t
MOD0027,dev/kosmx/playerAnim/mixin/ArmorFeatureRendererMixin.class,CLASS,,m:lnet/minecraft/class_572,m
MOD0027,dev/kosmx/playerAnim/mixin/ArmorFeatureRendererMixin.class,CLASS,,a:lnet/minecraft/class_572,a
MOD0027,dev/kosmx/playerAnim/core/util/Vector3.class,CLASS,,n:ljava/lang/number,n
MOD0027,dev/kosmx/playerAnim/core/util/SetableSupplier.class,CLASS,,t:ljava/lang/object,t
MOD0027,dev/kosmx/playerAnim/core/impl/event/Event$Invoker.class,CLASS,,t:ljava/lang/object,t
MOD0027,dev/kosmx/playerAnim/core/util/Pair.class,CLASS,,l:ljava/lang/object,l
MOD0027,dev/kosmx/playerAnim/core/util/Pair.class,CLASS,,r:ljava/lang/object,r
MOD0028,com/euphoriapatches/shadow/com/google/common/collect/Collections2$TransformedCollection.class,CLASS,,f:ljava/lang/object,f
MOD0028,com/euphoriapatches/shadow/com/google/common/collect/Collections2$TransformedCollection.class,CLASS,,t:ljava/lang/object,t
MOD0028,com/euphoriapatches/shadow/com/google/common/base/Function.class,CLASS,,f:ljava/lang/object,f
MOD0028,com/euphoriapatches/shadow/com/google/common/base/Function.class,CLASS,,t:ljava/lang/object,t
MOD0028,com/euphoriapatches/shadow/com/google/common/collect/RangeMap.class,CLASS,,v:ljava/lang/object,v
MOD0028,com/euphoriapatches/euphoria_patcher/integration/iris/ProfileElementTracker.class,CLASS,,t:ljava/lang/object,t
MOD0028,com/euphoriapatches/shadow/com/google/common/collect/Maps$EntrySet.class,CLASS,,k:ljava/lang/object,k
MOD0028,com/euphoriapatches/shadow/com/google/common/collect/Maps$EntrySet.class,CLASS,,v:ljava/lang/object,v
MOD0028,com/euphoriapatches/shadow/com/google/common/collect/UnmodifiableSortedMultiset.class,CLASS,,e:ljava/lang/object,e
MOD0028,com/euphoriapatches/shadow/com/google/common/collect/Multimaps$Entries.class,CLASS,,k:ljava/lang/object,k
MOD0028,com/euphoriapatches/shadow/com/google/common/collect/Multimaps$Entries.class,CLASS,,v:ljava/lang/object,v
MOD0028,com/euphoriapatches/shadow/com/google/common/collect/Maps$IteratorBasedAbstractMap.class,CLASS,,k:ljava/lang/object,k
MOD0028,com/euphoriapatches/shadow/com/google/common/collect/Maps$IteratorBasedAbstractMap.class,CLASS,,v:ljava/lang/object,v
MOD0028,com/euphoriapatches/shadow/com/google/common/collect/MultimapBuilder$MultimapBuilderWithKeys$2.class,CLASS,,k:tk0,k
MOD0028,com/euphoriapatches/shadow/com/google/common/collect/MultimapBuilder$MultimapBuilderWithKeys$2.class,CLASS,,v:ljava/lang/object,v
MOD0028,com/euphoriapatches/shadow/com/google/common/collect/AbstractSortedSetMultimap.class,CLASS,,k:ljava/lang/object,k
MOD0028,com/euphoriapatches/shadow/com/google/common/collect/AbstractSortedSetMultimap.class,CLASS,,v:ljava/lang/object,v
MOD0028,com/euphoriapatches/shadow/com/google/common/collect/AbstractSortedSetMultimap.class,CLASS,,e:ljava/lang/object,e
MOD0028,com/euphoriapatches/shadow/com/google/common/collect/Streams$LongFunctionWithIndex.class,CLASS,,r:ljava/lang/object,r
MOD0028,com/euphoriapatches/shadow/com/google/common/collect/ImmutableMap.class,CLASS,,k:ljava/lang/object,k
MOD0028,com/euphoriapatches/shadow/com/google/common/collect/ImmutableMap.class,CLASS,,v:ljava/lang/object,v
MOD0028,com/euphoriapatches/shadow/com/google/common/collect/ImmutableMap.class,CLASS,,t:ljava/lang/object,t
MOD0028,com/euphoriapatches/shadow/com/google/common/collect/ImmutableMap.class,CLASS,,k:ljava/lang/object,k
MOD0028,com/euphoriapatches/shadow/com/google/common/collect/ImmutableMap.class,CLASS,,v:ljava/lang/object,v
MOD0028,com/euphoriapatches/shadow/com/google/common/collect/ImmutableMap.class,CLASS,,t:ljava/lang/object,t
MOD0028,com/euphoriapatches/shadow/com/google/common/collect/ImmutableMap.class,CLASS,,k:ljava/lang/object,k
MOD0028,com/euphoriapatches/shadow/com/google/common/collect/ImmutableMap.class,CLASS,,v:ljava/lang/object,v
MOD0028,com/euphoriapatches/shadow/com/google/common/collect/ImmutableMap.class,CLASS,,k:ljava/lang/object,k
MOD0028,com/euphoriapatches/shadow/com/google/common/collect/ImmutableMap.class,CLASS,,v:ljava/lang/object,v
MOD0028,com/euphoriapatches/shadow/com/google/common/collect/ImmutableMap.class,CLASS,,k:ljava/lang/object,k
MOD0028,com/euphoriapatches/shadow/com/google/common/collect/ImmutableMap.class,CLASS,,v:ljava/lang/object,v
MOD0028,com/euphoriapatches/shadow/com/google/common/collect/ImmutableMap.class,CLASS,,k:ljava/lang/object,k
MOD0028,com/euphoriapatches/shadow/com/google/common/collect/ImmutableMap.class,CLASS,,v:ljava/lang/object,v
MOD0028,com/euphoriapatches/shadow/com/google/common/collect/ImmutableMap.class,CLASS,,k:ljava/lang/object,k
MOD0028,com/euphoriapatches/shadow/com/google/common/collect/ImmutableMap.class,CLASS,,v:ljava/lang/object,v
MOD0028,com/euphoriapatches/shadow/com/google/common/collect/ImmutableMap.class,CLASS,,k:ljava/lang/object,k
MOD0028,com/euphoriapatches/shadow/com/google/common/collect/ImmutableMap.class,CLASS,,v:ljava/lang/object,v
MOD0028,com/euphoriapatches/shadow/com/google/common/collect/ImmutableMap.class,CLASS,,k:ljava/lang/object,k
MOD0028,com/euphoriapatches/shadow/com/google/common/collect/ImmutableMap.class,CLASS,,v:ljava/lang/object,v
MOD0028,com/euphoriapatches/shadow/com/google/common/collect/ImmutableMap.class,CLASS,,k:ljava/lang/object,k
MOD0028,com/euphoriapatches/shadow/com/google/common/collect/ImmutableMap.class,CLASS,,v:ljava/lang/object,v
MOD0028,com/euphoriapatches/shadow/com/google/common/collect/ImmutableMap.class,CLASS,,k:ljava/lang/object,k
MOD0028,com/euphoriapatches/shadow/com/google/common/collect/ImmutableMap.class,CLASS,,v:ljava/lang/object,v
MOD0028,com/euphoriapatches/shadow/com/google/common/collect/ImmutableMap.class,CLASS,,k:ljava/lang/object,k
MOD0028,com/euphoriapatches/shadow/com/google/common/collect/ImmutableMap.class,CLASS,,v:ljava/lang/object,v
MOD0028,com/euphoriapatches/shadow/com/google/common/collect/ImmutableMap.class,CLASS,,k:ljava/lang/object,k
MOD0028,com/euphoriapatches/shadow/com/google/common/collect/ImmutableMap.class,CLASS,,v:ljava/lang/object,v
MOD0028,com/euphoriapatches/shadow/com/google/common/collect/ImmutableMap.class,CLASS,,k:ljava/lang/object,k
MOD0028,com/euphoriapatches/shadow/com/google/common/collect/ImmutableMap.class,CLASS,,v:ljava/lang/object,v
MOD0028,com/euphoriapatches/shadow/com/google/common/collect/ImmutableMap.class,CLASS,,k:ljava/lang/object,k
MOD0028,com/euphoriapatches/shadow/com/google/common/collect/ImmutableMap.class,CLASS,,v:ljava/lang/object,v
MOD0028,com/euphoriapatches/shadow/com/google/common/collect/ImmutableMap.class,CLASS,,k:ljava/lang/object,k
MOD0028,com/euphoriapatches/shadow/com/google/common/collect/ImmutableMap.class,CLASS,,v:ljava/lang/object,v
MOD0028,com/euphoriapatches/shadow/com/google/common/collect/ImmutableMap.class,CLASS,,k:ljava/lang/object,k
MOD0028,com/euphoriapatches/shadow/com/google/common/collect/ImmutableMap.class,CLASS,,v:ljava/lang/object,v
MOD0028,com/euphoriapatches/shadow/com/google/common/collect/ImmutableMap.class,CLASS,,k:ljava/lang/object,k
MOD0028,com/euphoriapatches/shadow/com/google/common/collect/ImmutableMap.class,CLASS,,v:ljava/lang/object,v
MOD0028,com/euphoriapatches/shadow/com/google/common/collect/ImmutableMap.class,CLASS,,k:ljava/lang/object,k
MOD0028,com/euphoriapatches/shadow/com/google/common/collect/ImmutableMap.class,CLASS,,v:ljava/lang/object,v
MOD0028,com/euphoriapatches/shadow/com/google/common/collect/ImmutableMap.class,CLASS,,k:ljava/lang/object,k
MOD0028,com/euphoriapatches/shadow/com/google/common/collect/ImmutableMap.class,CLASS,,v:ljava/lang/object,v
MOD0028,com/euphoriapatches/shadow/com/google/common/collect/ImmutableMap.class,CLASS,,k:ljava/lang/enum,k
MOD0028,com/euphoriapatches/shadow/com/google/common/collect/ImmutableMap.class,CLASS,,v:ljava/lang/object,v
MOD0028,com/euphoriapatches/shadow/com/google/gson/internal/bind/TreeTypeAdapter$GsonContextImpl.class,CLASS,,r:ljava/lang/object,r
MOD0028,com/euphoriapatches/shadow/com/google/common/collect/Lists$OnePlusArrayList.class,CLASS,,e:ljava/lang/object,e
MOD0028,com/euphoriapatches/shadow/com/google/common/collect/Synchronized$SynchronizedMultiset.class,CLASS,,e:ljava/lang/object,e
MOD0028,com/euphoriapatches/shadow/com/google/common/collect/RegularImmutableBiMap.class,CLASS,,k:ljava/lang/object,k
MOD0028,com/euphoriapatches/shadow/com/google/common/collect/RegularImmutableBiMap.class,CLASS,,v:ljava/lang/object,v
MOD0028,com/euphoriapatches/shadow/com/google/common/collect/RegularImmutableBiMap.class,CLASS,,k:ljava/lang/object,k
MOD0028,com/euphoriapatches/shadow/com/google/common/collect/RegularImmutableBiMap.class,CLASS,,v:ljava/lang/object,v
MOD0028,com/euphoriapatches/shadow/com/google/common/collect/RegularImmutableBiMap.class,CLASS,,k:ljava/lang/object,k
MOD0028,com/euphoriapatches/shadow/com/google/common/collect/RegularImmutableBiMap.class,CLASS,,v:ljava/lang/object,v
MOD0028,com/euphoriapatches/shadow/com/google/common/collect/MapMakerInternalMap$WeakValueEntry.class,CLASS,,k:ljava/lang/object,k
MOD0028,com/euphoriapatches/shadow/com/google/common/collect/MapMakerInternalMap$WeakValueEntry.class,CLASS,,v:ljava/lang/object,v
MOD0028,com/euphoriapatches/shadow/com/google/common/collect/BaseImmutableMultimap.class,CLASS,,k:ljava/lang/object,k
MOD0028,com/euphoriapatches/shadow/com/google/common/collect/BaseImmutableMultimap.class,CLASS,,v:ljava/lang/object,v
MOD0028,com/euphoriapatches/shadow/com/google/common/collect/SingletonImmutableSet.class,CLASS,,e:ljava/lang/object,e
MOD0028,com/euphoriapatches/shadow/com/google/common/collect/ForwardingList.class,CLASS,,e:ljava/lang/object,e
MOD0028,com/euphoriapatches/shadow/org/apache/commons/compress/utils/Iterators.class,CLASS,,t:ljava/lang/object,t
MOD0028,com/euphoriapatches/shadow/com/google/common/collect/Serialization.class,CLASS,,k:ljava/lang/object,k
MOD0028,com/euphoriapatches/shadow/com/google/common/collect/Serialization.class,CLASS,,v:ljava/lang/object,v
MOD0028,com/euphoriapatches/shadow/com/google/common/collect/Serialization.class,CLASS,,k:ljava/lang/object,k
MOD0028,com/euphoriapatches/shadow/com/google/common/collect/Serialization.class,CLASS,,v:ljava/lang/object,v
MOD0028,com/euphoriapatches/shadow/com/google/common/collect/Serialization.class,CLASS,,k:ljava/lang/object,k
MOD0028,com/euphoriapatches/shadow/com/google/common/collect/Serialization.class,CLASS,,v:ljava/lang/object,v
MOD0028,com/euphoriapatches/shadow/com/google/common/collect/Serialization.class,CLASS,,e:ljava/lang/object,e
MOD0028,com/euphoriapatches/shadow/com/google/common/collect/Serialization.class,CLASS,,e:ljava/lang/object,e
MOD0028,com/euphoriapatches/shadow/com/google/common/collect/Serialization.class,CLASS,,e:ljava/lang/object,e
MOD0028,com/euphoriapatches/shadow/com/google/common/collect/Serialization.class,CLASS,,k:ljava/lang/object,k
MOD0028,com/euphoriapatches/shadow/com/google/common/collect/Serialization.class,CLASS,,v:ljava/lang/object,v
MOD0028,com/euphoriapatches/shadow/com/google/common/collect/Serialization.class,CLASS,,k:ljava/lang/object,k
MOD0028,com/euphoriapatches/shadow/com/google/common/collect/Serialization.class,CLASS,,v:ljava/lang/object,v
MOD0028,com/euphoriapatches/shadow/com/google/common/collect/Serialization.class,CLASS,,k:ljava/lang/object,k
MOD0028,com/euphoriapatches/shadow/com/google/common/collect/Serialization.class,CLASS,,v:ljava/lang/object,v
MOD0028,com/euphoriapatches/shadow/com/google/common/collect/Serialization.class,CLASS,,t:ljava/lang/object,t
MOD0028,com/euphoriapatches/euphoria_patcher/GUIScreen.class,CLASS,,https://www.euphoriapatches.com/how-to-install/,https
MOD0028,com/euphoriapatches/shadow/com/google/common/collect/ImmutableMultiset$EntrySetSerializedForm.class,CLASS,,e:ljava/lang/object,e
MOD0028,com/euphoriapatches/shadow/com/google/common/collect/Multimaps$MapMultimap.class,CLASS,,k:ljava/lang/object,k
MOD0028,com/euphoriapatches/shadow/com/google/common/collect/Multimaps$MapMultimap.class,CLASS,,v:ljava/lang/object,v
MOD0028,com/euphoriapatches/shadow/com/google/common/collect/SortedSetMultimap.class,CLASS,,k:ljava/lang/object,k
MOD0028,com/euphoriapatches/shadow/com/google/common/collect/SortedSetMultimap.class,CLASS,,v:ljava/lang/object,v
MOD0028,com/euphoriapatches/shadow/com/google/common/collect/ImmutableMapEntry$NonTerminalImmutableMapEntry.class,CLASS,,k:ljava/lang/object,k
MOD0028,com/euphoriapatches/shadow/com/google/common/collect/ImmutableMapEntry$NonTerminalImmutableMapEntry.class,CLASS,,v:ljava/lang/object,v
MOD0028,com/euphoriapatches/shadow/com/google/common/collect/AllEqualOrdering.class,CLASS,,e:ljava/lang/object,e
MOD0028,com/euphoriapatches/shadow/com/google/common/collect/AllEqualOrdering.class,CLASS,,e:ljava/lang/object,e
MOD0028,com/euphoriapatches/shadow/com/google/common/collect/AllEqualOrdering.class,CLASS,,s:ljava/lang/object,s
MOD0028,com/euphoriapatches/shadow/com/google/common/collect/MultimapBuilder$MultimapBuilderWithKeys$5.class,CLASS,,k:tk0,k
MOD0028,com/euphoriapatches/shadow/com/google/common/collect/MultimapBuilder$MultimapBuilderWithKeys$5.class,CLASS,,v:tv0,v
MOD0028,com/euphoriapatches/shadow/com/google/common/collect/Multimaps$AsMap.class,CLASS,,k:ljava/lang/object,k
MOD0028,com/euphoriapatches/shadow/com/google/common/collect/Multimaps$AsMap.class,CLASS,,v:ljava/lang/object,v
MOD0028,com/euphoriapatches/shadow/com/google/common/base/FunctionalEquivalence.class,CLASS,,f:ljava/lang/object,f
MOD0028,com/euphoriapatches/shadow/com/google/common/base/FunctionalEquivalence.class,CLASS,,t:ljava/lang/object,t
MOD0028,com/euphoriapatches/shadow/com/google/gson/internal/bind/TypeAdapters$EnumTypeAdapter.class,CLASS,,t:ljava/lang/enum,t
MOD0028,com/euphoriapatches/shadow/com/google/common/collect/Sets$PowerSet.class,CLASS,,e:ljava/lang/object,e
MOD0028,com/euphoriapatches/shadow/com/google/common/collect/CollectCollectors$EnumSetAccumulator.class,CLASS,,e:ljava/lang/enum,e
MOD0028,com/euphoriapatches/shadow/com/google/common/collect/Synchronized$SynchronizedQueue.class,CLASS,,e:ljava/lang/object,e
MOD0028,com/euphoriapatches/shadow/com/google/common/collect/ImmutableMap$SerializedForm.class,CLASS,,k:ljava/lang/object,k
MOD0028,com/euphoriapatches/shadow/com/google/common/collect/ImmutableMap$SerializedForm.class,CLASS,,v:ljava/lang/object,v
MOD0028,com/euphoriapatches/shadow/com/google/common/collect/TopKSelector.class,CLASS,,t:ljava/lang/object,t
MOD0028,com/euphoriapatches/shadow/com/google/common/collect/TopKSelector.class,CLASS,,t:ljava/lang/object,t
MOD0028,com/euphoriapatches/shadow/com/google/common/collect/PeekingIterator.class,CLASS,,e:ljava/lang/object,e
MOD0028,com/euphoriapatches/shadow/com/google/common/collect/ForwardingConcurrentMap.class,CLASS,,k:ljava/lang/object,k
MOD0028,com/euphoriapatches/shadow/com/google/common/collect/ForwardingConcurrentMap.class,CLASS,,v:ljava/lang/object,v
MOD0028,com/euphoriapatches/shadow/com/google/common/base/Supplier.class,CLASS,,t:ljava/lang/object,t
MOD0028,com/euphoriapatches/shadow/com/google/common/collect/Maps$ViewCachingAbstractMap.class,CLASS,,k:ljava/lang/object,k
MOD0028,com/euphoriapatches/shadow/com/google/common/collect/Maps$ViewCachingAbstractMap.class,CLASS,,v:ljava/lang/object,v
MOD0028,com/euphoriapatches/shadow/com/google/common/base/Equivalence$Wrapper.class,CLASS,,t:ljava/lang/object,t
MOD0028,com/euphoriapatches/shadow/com/google/common/collect/Multimaps$Keys.class,CLASS,,k:ljava/lang/object,k
MOD0028,com/euphoriapatches/shadow/com/google/common/collect/Multimaps$Keys.class,CLASS,,v:ljava/lang/object,v
MOD0028,com/euphoriapatches/euphoria_patcher/services/ShaderPatchingService.class,CLASS,,https://github.com/euphoriapatches/euphoriapatcher/issues,https
MOD0028,com/euphoriapatches/shadow/com/google/common/collect/Maps$FilteredEntrySortedMap.class,CLASS,,k:ljava/lang/object,k
MOD0028,com/euphoriapatches/shadow/com/google/common/collect/Maps$FilteredEntrySortedMap.class,CLASS,,v:ljava/lang/object,v
MOD0028,com/euphoriapatches/shadow/com/google/common/collect/MapMakerInternalMap$WeakKeyWeakValueEntry.class,CLASS,,k:ljava/lang/object,k
MOD0028,com/euphoriapatches/shadow/com/google/common/collect/MapMakerInternalMap$WeakKeyWeakValueEntry.class,CLASS,,v:ljava/lang/object,v
MOD0028,com/euphoriapatches/shadow/com/google/common/collect/RegularImmutableMap$Values.class,CLASS,,k:ljava/lang/object,k
MOD0028,com/euphoriapatches/shadow/com/google/common/collect/RegularImmutableMap$Values.class,CLASS,,v:ljava/lang/object,v
MOD0028,com/euphoriapatches/shadow/com/google/gson/internal/bind/DefaultDateTypeAdapter$DateType.class,CLASS,,t:ljava/util/date,t
MOD0028,com/euphoriapatches/shadow/com/google/gson/internal/bind/ArrayTypeAdapter$1.class,CLASS,,t:ljava/lang/object,t
MOD0028,com/euphoriapatches/shadow/com/google/common/base/Predicates$IsEqualToPredicate.class,CLASS,,t:ljava/lang/object,t
MOD0028,com/euphoriapatches/euphoria_patcher/fabric/mixin/IrisHeaderEntryMixin.class,CLASS,,https://euphoriapatches.com/download,https
MOD0028,com/euphoriapatches/euphoria_patcher/fabric/mixin/IrisHeaderEntryMixin.class,CLASS,,https://euphoriapatches.com/support,https
MOD0028,com/euphoriapatches/shadow/com/google/common/collect/CollectSpliterators$FlatMapSpliteratorOfLong.class,CLASS,,inelementt:ljava/lang/object,inelementt
MOD0028,com/euphoriapatches/shadow/com/google/common/collect/ImmutableListMultimap$Builder.class,CLASS,,k:ljava/lang/object,k
MOD0028,com/euphoriapatches/shadow/com/google/common/collect/ImmutableListMultimap$Builder.class,CLASS,,v:ljava/lang/object,v
MOD0028,com/euphoriapatches/shadow/com/google/common/collect/ImmutableEntry.class,CLASS,,k:ljava/lang/object,k
MOD0028,com/euphoriapatches/shadow/com/google/common/collect/ImmutableEntry.class,CLASS,,v:ljava/lang/object,v
MOD0028,com/euphoriapatches/shadow/com/google/common/collect/MapMakerInternalMap$WeakKeyStrongValueEntry$Helper.class,CLASS,,k:ljava/lang/object,k
MOD0028,com/euphoriapatches/shadow/com/google/common/collect/MapMakerInternalMap$WeakKeyStrongValueEntry$Helper.class,CLASS,,v:ljava/lang/object,v
MOD0028,com/euphoriapatches/shadow/com/google/common/collect/MapMakerInternalMap$WeakKeyStrongValueEntry$Helper.class,CLASS,,k:ljava/lang/object,k
MOD0028,com/euphoriapatches/shadow/com/google/common/collect/MapMakerInternalMap$WeakKeyStrongValueEntry$Helper.class,CLASS,,v:ljava/lang/object,v
MOD0028,com/euphoriapatches/shadow/com/google/common/collect/ImmutableMapValues.class,CLASS,,k:ljava/lang/object,k
MOD0028,com/euphoriapatches/shadow/com/google/common/collect/ImmutableMapValues.class,CLASS,,v:ljava/lang/object,v
MOD0028,com/euphoriapatches/shadow/com/google/common/collect/MapDifference$ValueDifference.class,CLASS,,v:ljava/lang/object,v
MOD0028,com/euphoriapatches/euphoria_patcher/config/ConfigEntry.class,CLASS,,t:ljava/lang/object,t
MOD0028,com/euphoriapatches/shadow/com/google/common/collect/RegularImmutableMultiset.class,CLASS,,e:ljava/lang/object,e
MOD0028,com/euphoriapatches/shadow/com/google/common/collect/RegularImmutableMultiset.class,CLASS,,e:ljava/lang/object,e
MOD0028,com/euphoriapatches/shadow/com/google/gson/internal/bind/NumberTypeAdapter$1.class,CLASS,,t:ljava/lang/object,t
MOD0028,com/euphoriapatches/shadow/com/google/gson/internal/bind/ReflectiveTypeAdapterFactory.class,CLASS,,t:ljava/lang/object,t
MOD0028,com/euphoriapatches/shadow/com/google/common/collect/ForwardingMapEntry.class,CLASS,,k:ljava/lang/object,k
MOD0028,com/euphoriapatches/shadow/com/google/common/collect/ForwardingMapEntry.class,CLASS,,v:ljava/lang/object,v
MOD0028,com/euphoriapatches/shadow/com/google/common/collect/Synchronized$SynchronizedAsMap.class,CLASS,,k:ljava/lang/object,k
MOD0028,com/euphoriapatches/shadow/com/google/common/collect/Synchronized$SynchronizedAsMap.class,CLASS,,v:ljava/lang/object,v
MOD0028,com/euphoriapatches/shadow/com/google/common/collect/ImmutableMapKeySet$KeySetSerializedForm.class,CLASS,,k:ljava/lang/object,k
MOD0028,com/euphoriapatches/shadow/com/google/common/collect/Maps$UnmodifiableBiMap.class,CLASS,,k:ljava/lang/object,k
MOD0028,com/euphoriapatches/shadow/com/google/common/collect/Maps$UnmodifiableBiMap.class,CLASS,,v:ljava/lang/object,v
MOD0028,com/euphoriapatches/shadow/com/google/common/collect/UnmodifiableIterator.class,CLASS,,e:ljava/lang/object,e
MOD0028,com/euphoriapatches/shadow/com/google/common/collect/CollectCollectors.class,CLASS,,e:ljava/lang/object,e
MOD0028,com/euphoriapatches/shadow/com/google/common/collect/CollectCollectors.class,CLASS,,e:ljava/lang/object,e
MOD0028,com/euphoriapatches/shadow/com/google/common/collect/CollectCollectors.class,CLASS,,e:ljava/lang/object,e
MOD0028,com/euphoriapatches/shadow/com/google/common/collect/CollectCollectors.class,CLASS,,e:ljava/lang/enum,e
MOD0028,com/euphoriapatches/shadow/com/google/common/collect/CollectCollectors.class,CLASS,,e:ljava/lang/enum,e
MOD0028,com/euphoriapatches/shadow/com/google/common/collect/CollectCollectors.class,CLASS,,t:ljava/lang/object,t
MOD0028,com/euphoriapatches/shadow/com/google/common/collect/CollectCollectors.class,CLASS,,e:ljava/lang/object,e
MOD0028,com/euphoriapatches/shadow/com/google/common/collect/CollectCollectors.class,CLASS,,t:ljava/lang/object,t
MOD0028,com/euphoriapatches/shadow/com/google/common/collect/CollectCollectors.class,CLASS,,e:ljava/lang/object,e
MOD0028,com/euphoriapatches/shadow/com/google/common/collect/CollectCollectors.class,CLASS,,t:ljava/lang/object,t
MOD0028,com/euphoriapatches/shadow/com/google/common/collect/CollectCollectors.class,CLASS,,k:ljava/lang/object,k
MOD0028,com/euphoriapatches/shadow/com/google/common/collect/CollectCollectors.class,CLASS,,v:ljava/lang/object,v
MOD0028,com/euphoriapatches/shadow/com/google/common/collect/CollectCollectors.class,CLASS,,t:ljava/lang/object,t
MOD0028,com/euphoriapatches/shadow/com/google/common/collect/CollectCollectors.class,CLASS,,k:ljava/lang/object,k
MOD0028,com/euphoriapatches/shadow/com/google/common/collect/CollectCollectors.class,CLASS,,v:ljava/lang/object,v
MOD0028,com/euphoriapatches/shadow/com/google/common/collect/CollectCollectors.class,CLASS,,t:ljava/lang/object,t
MOD0028,com/euphoriapatches/shadow/com/google/common/collect/CollectCollectors.class,CLASS,,k:ljava/lang/object,k
MOD0028,com/euphoriapatches/shadow/com/google/common/collect/CollectCollectors.class,CLASS,,v:ljava/lang/object,v
MOD0028,com/euphoriapatches/shadow/com/google/common/collect/CollectCollectors.class,CLASS,,t:ljava/lang/object,t
MOD0028,com/euphoriapatches/shadow/com/google/common/collect/CollectCollectors.class,CLASS,,k:ljava/lang/object,k
MOD0028,com/euphoriapatches/shadow/com/google/common/collect/CollectCollectors.class,CLASS,,v:ljava/lang/object,v
MOD0028,com/euphoriapatches/shadow/com/google/common/collect/CollectCollectors.class,CLASS,,t:ljava/lang/object,t
MOD0028,com/euphoriapatches/shadow/com/google/common/collect/CollectCollectors.class,CLASS,,k:ljava/lang/object,k
MOD0028,com/euphoriapatches/shadow/com/google/common/collect/CollectCollectors.class,CLASS,,v:ljava/lang/object,v
MOD0028,com/euphoriapatches/shadow/com/google/common/collect/CollectCollectors.class,CLASS,,t:ljava/lang/object,t
MOD0028,com/euphoriapatches/shadow/com/google/common/collect/CollectCollectors.class,CLASS,,k:ljava/lang/enum,k
MOD0028,com/euphoriapatches/shadow/com/google/common/collect/CollectCollectors.class,CLASS,,v:ljava/lang/object,v
MOD0028,com/euphoriapatches/shadow/com/google/common/collect/CollectCollectors.class,CLASS,,t:ljava/lang/object,t
MOD0028,com/euphoriapatches/shadow/com/google/common/collect/CollectCollectors.class,CLASS,,k:ljava/lang/enum,k
MOD0028,com/euphoriapatches/shadow/com/google/common/collect/CollectCollectors.class,CLASS,,v:ljava/lang/object,v
MOD0028,com/euphoriapatches/shadow/com/google/common/collect/CollectCollectors.class,CLASS,,t:ljava/lang/object,t
MOD0028,com/euphoriapatches/shadow/com/google/common/collect/CollectCollectors.class,CLASS,,v:ljava/lang/object,v
MOD0028,com/euphoriapatches/shadow/com/google/common/collect/CollectCollectors.class,CLASS,,t:ljava/lang/object,t
MOD0028,com/euphoriapatches/shadow/com/google/common/collect/CollectCollectors.class,CLASS,,k:ljava/lang/object,k
MOD0028,com/euphoriapatches/shadow/com/google/common/collect/CollectCollectors.class,CLASS,,v:ljava/lang/object,v
MOD0028,com/euphoriapatches/shadow/com/google/common/collect/CollectCollectors.class,CLASS,,t:ljava/lang/object,t
MOD0028,com/euphoriapatches/shadow/com/google/common/collect/CollectCollectors.class,CLASS,,k:ljava/lang/object,k
MOD0028,com/euphoriapatches/shadow/com/google/common/collect/CollectCollectors.class,CLASS,,v:ljava/lang/object,v
MOD0028,com/euphoriapatches/shadow/com/google/common/collect/CollectCollectors.class,CLASS,,t:ljava/lang/object,t
MOD0028,com/euphoriapatches/shadow/com/google/common/collect/CollectCollectors.class,CLASS,,k:ljava/lang/object,k
MOD0028,com/euphoriapatches/shadow/com/google/common/collect/CollectCollectors.class,CLASS,,v:ljava/lang/object,v
MOD0028,com/euphoriapatches/shadow/com/google/common/collect/CollectCollectors.class,CLASS,,t:ljava/lang/object,t
MOD0028,com/euphoriapatches/shadow/com/google/common/collect/CollectCollectors.class,CLASS,,k:ljava/lang/object,k
MOD0028,com/euphoriapatches/shadow/com/google/common/collect/CollectCollectors.class,CLASS,,v:ljava/lang/object,v
MOD0028,com/euphoriapatches/shadow/com/google/common/collect/CollectCollectors.class,CLASS,,t:ljava/lang/object,t
MOD0028,com/euphoriapatches/shadow/com/google/common/collect/CollectCollectors.class,CLASS,,k:ljava/lang/object,k
MOD0028,com/euphoriapatches/shadow/com/google/common/collect/CollectCollectors.class,CLASS,,v:ljava/lang/object,v
MOD0028,com/euphoriapatches/shadow/com/google/common/collect/CollectCollectors.class,CLASS,,t:ljava/lang/object,t
MOD0028,com/euphoriapatches/shadow/com/google/common/collect/CollectCollectors.class,CLASS,,k:ljava/lang/object,k
MOD0028,com/euphoriapatches/shadow/com/google/common/collect/CollectCollectors.class,CLASS,,v:ljava/lang/object,v
MOD0028,com/euphoriapatches/shadow/com/google/common/collect/ImmutableBiMap$SerializedForm.class,CLASS,,k:ljava/lang/object,k
MOD0028,com/euphoriapatches/shadow/com/google/common/collect/ImmutableBiMap$SerializedForm.class,CLASS,,v:ljava/lang/object,v
MOD0028,com/euphoriapatches/shadow/com/google/common/collect/CollectSpliterators$FlatMapSpliterator$Factory.class,CLASS,,inelementt:ljava/lang/object,inelementt
MOD0028,com/euphoriapatches/shadow/com/google/common/collect/AbstractIndexedListIterator.class,CLASS,,e:ljava/lang/object,e
MOD0028,com/euphoriapatches/shadow/com/google/common/collect/Streams.class,CLASS,,t:ljava/lang/object,t
MOD0028,com/euphoriapatches/shadow/com/google/common/collect/Streams.class,CLASS,,t:ljava/lang/object,t
MOD0028,com/euphoriapatches/shadow/com/google/common/collect/Streams.class,CLASS,,t:ljava/lang/object,t
MOD0028,com/euphoriapatches/shadow/com/google/common/collect/Streams.class,CLASS,,t:ljava/lang/object,t
MOD0028,com/euphoriapatches/shadow/com/google/common/collect/Streams.class,CLASS,,t:ljava/lang/object,t
MOD0028,com/euphoriapatches/shadow/com/google/common/collect/Streams.class,CLASS,,t:ljava/lang/object,t
MOD0028,com/euphoriapatches/shadow/com/google/common/collect/Streams.class,CLASS,,a:ljava/lang/object,a
MOD0028,com/euphoriapatches/shadow/com/google/common/collect/Streams.class,CLASS,,b:ljava/lang/object,b
MOD0028,com/euphoriapatches/shadow/com/google/common/collect/Streams.class,CLASS,,r:ljava/lang/object,r
MOD0028,com/euphoriapatches/shadow/com/google/common/collect/Streams.class,CLASS,,a:ljava/lang/object,a
MOD0028,com/euphoriapatches/shadow/com/google/common/collect/Streams.class,CLASS,,b:ljava/lang/object,b
MOD0028,com/euphoriapatches/shadow/com/google/common/collect/Streams.class,CLASS,,t:ljava/lang/object,t
MOD0028,com/euphoriapatches/shadow/com/google/common/collect/Streams.class,CLASS,,r:ljava/lang/object,r
MOD0028,com/euphoriapatches/shadow/com/google/common/collect/Streams.class,CLASS,,r:ljava/lang/object,r
MOD0028,com/euphoriapatches/shadow/com/google/common/collect/Streams.class,CLASS,,r:ljava/lang/object,r
MOD0028,com/euphoriapatches/shadow/com/google/common/collect/Streams.class,CLASS,,r:ljava/lang/object,r
MOD0028,com/euphoriapatches/shadow/com/google/common/collect/Streams.class,CLASS,,t:ljava/lang/object,t
MOD0028,com/euphoriapatches/shadow/com/google/gson/internal/sql/SqlTimeTypeAdapter$1.class,CLASS,,t:ljava/lang/object,t
MOD0028,com/euphoriapatches/shadow/com/google/common/collect/JdkBackedImmutableMap.class,CLASS,,k:ljava/lang/object,k
MOD0028,com/euphoriapatches/shadow/com/google/common/collect/JdkBackedImmutableMap.class,CLASS,,v:ljava/lang/object,v
MOD0028,com/euphoriapatches/shadow/com/google/common/collect/JdkBackedImmutableMap.class,CLASS,,k:ljava/lang/object,k
MOD0028,com/euphoriapatches/shadow/com/google/common/collect/JdkBackedImmutableMap.class,CLASS,,v:ljava/lang/object,v
MOD0028,com/euphoriapatches/shadow/org/apache/commons/io/IOExceptionList.class,CLASS,,t:ljava/lang/throwable,t
MOD0028,com/euphoriapatches/shadow/org/apache/commons/io/IOExceptionList.class,CLASS,,t:ljava/lang/throwable,t
MOD0028,com/euphoriapatches/shadow/org/apache/commons/io/IOExceptionList.class,CLASS,,t:ljava/lang/throwable,t
MOD0028,com/euphoriapatches/shadow/org/apache/commons/io/IOExceptionList.class,CLASS,,t:ljava/lang/throwable,t
MOD0028,com/euphoriapatches/shadow/com/google/common/collect/FilteredEntryMultimap.class,CLASS,,k:ljava/lang/object,k
MOD0028,com/euphoriapatches/shadow/com/google/common/collect/FilteredEntryMultimap.class,CLASS,,v:ljava/lang/object,v
MOD0028,com/euphoriapatches/shadow/com/google/common/collect/FilteredEntryMultimap.class,CLASS,,e:ljava/lang/object,e
MOD0028,com/euphoriapatches/shadow/com/google/common/collect/ImmutableMultimap.class,CLASS,,k:ljava/lang/object,k
MOD0028,com/euphoriapatches/shadow/com/google/common/collect/ImmutableMultimap.class,CLASS,,v:ljava/lang/object,v
MOD0028,com/euphoriapatches/shadow/com/google/common/collect/ImmutableMultimap.class,CLASS,,k:ljava/lang/object,k
MOD0028,com/euphoriapatches/shadow/com/google/common/collect/ImmutableMultimap.class,CLASS,,v:ljava/lang/object,v
MOD0028,com/euphoriapatches/shadow/com/google/common/collect/ImmutableMultimap.class,CLASS,,k:ljava/lang/object,k
MOD0028,com/euphoriapatches/shadow/com/google/common/collect/ImmutableMultimap.class,CLASS,,v:ljava/lang/object,v
MOD0028,com/euphoriapatches/shadow/com/google/common/collect/ImmutableMultimap.class,CLASS,,k:ljava/lang/object,k
MOD0028,com/euphoriapatches/shadow/com/google/common/collect/ImmutableMultimap.class,CLASS,,v:ljava/lang/object,v
MOD0028,com/euphoriapatches/shadow/com/google/common/collect/ImmutableMultimap.class,CLASS,,k:ljava/lang/object,k
MOD0028,com/euphoriapatches/shadow/com/google/common/collect/ImmutableMultimap.class,CLASS,,v:ljava/lang/object,v
MOD0028,com/euphoriapatches/shadow/com/google/common/collect/ImmutableMultimap.class,CLASS,,k:ljava/lang/object,k
MOD0028,com/euphoriapatches/shadow/com/google/common/collect/ImmutableMultimap.class,CLASS,,v:ljava/lang/object,v
MOD0028,com/euphoriapatches/shadow/com/google/common/collect/ImmutableMultimap.class,CLASS,,k:ljava/lang/object,k
MOD0028,com/euphoriapatches/shadow/com/google/common/collect/ImmutableMultimap.class,CLASS,,v:ljava/lang/object,v
MOD0028,com/euphoriapatches/shadow/com/google/common/collect/ImmutableMultimap.class,CLASS,,k:ljava/lang/object,k
MOD0028,com/euphoriapatches/shadow/com/google/common/collect/ImmutableMultimap.class,CLASS,,v:ljava/lang/object,v
MOD0028,com/euphoriapatches/shadow/com/google/common/collect/ImmutableMultimap.class,CLASS,,k:ljava/lang/object,k
MOD0028,com/euphoriapatches/shadow/com/google/common/collect/ImmutableMultimap.class,CLASS,,v:ljava/lang/object,v
MOD0028,com/euphoriapatches/shadow/com/google/common/collect/ImmutableMultimap.class,CLASS,,k:ljava/lang/object,k
MOD0028,com/euphoriapatches/shadow/com/google/common/collect/ImmutableMultimap.class,CLASS,,v:ljava/lang/object,v
MOD0028,com/euphoriapatches/shadow/com/google/common/base/Converter.class,CLASS,,a:ljava/lang/object,a
MOD0028,com/euphoriapatches/shadow/com/google/common/base/Converter.class,CLASS,,b:ljava/lang/object,b
MOD0028,com/euphoriapatches/shadow/com/google/common/base/Converter.class,CLASS,,c:ljava/lang/object,c
MOD0028,com/euphoriapatches/shadow/com/google/common/base/Converter.class,CLASS,,a:ljava/lang/object,a
MOD0028,com/euphoriapatches/shadow/com/google/common/base/Converter.class,CLASS,,b:ljava/lang/object,b
MOD0028,com/euphoriapatches/shadow/com/google/common/base/Converter.class,CLASS,,t:ljava/lang/object,t
MOD0028,com/euphoriapatches/shadow/com/google/common/collect/Synchronized$SynchronizedBiMap.class,CLASS,,k:ljava/lang/object,k
MOD0028,com/euphoriapatches/shadow/com/google/common/collect/Synchronized$SynchronizedBiMap.class,CLASS,,v:ljava/lang/object,v
MOD0028,com/euphoriapatches/shadow/org/apache/commons/io/StreamIterator.class,CLASS,,e:ljava/lang/object,e
MOD0028,com/euphoriapatches/shadow/org/apache/commons/io/StreamIterator.class,CLASS,,t:ljava/lang/object,t
MOD0028,com/euphoriapatches/shadow/com/google/common/collect/Maps$MapDifferenceImpl.class,CLASS,,k:ljava/lang/object,k
MOD0028,com/euphoriapatches/shadow/com/google/common/collect/Maps$MapDifferenceImpl.class,CLASS,,v:ljava/lang/object,v
MOD0028,com/euphoriapatches/shadow/com/google/common/collect/ImmutableRangeMap$Builder.class,CLASS,,v:ljava/lang/object,v
MOD0028,com/euphoriapatches/shadow/com/google/common/collect/Iterables.class,CLASS,,t:ljava/lang/object,t
MOD0028,com/euphoriapatches/shadow/com/google/common/collect/Iterables.class,CLASS,,e:ljava/lang/object,e
MOD0028,com/euphoriapatches/shadow/com/google/common/collect/Iterables.class,CLASS,,t:ljava/lang/object,t
MOD0028,com/euphoriapatches/shadow/com/google/common/collect/Iterables.class,CLASS,,t:ljava/lang/object,t
MOD0028,com/euphoriapatches/shadow/com/google/common/collect/Iterables.class,CLASS,,t:ljava/lang/object,t
MOD0028,com/euphoriapatches/shadow/com/google/common/collect/Iterables.class,CLASS,,t:ljava/lang/object,t
MOD0028,com/euphoriapatches/shadow/com/google/common/collect/Iterables.class,CLASS,,t:ljava/lang/object,t
MOD0028,com/euphoriapatches/shadow/com/google/common/collect/Iterables.class,CLASS,,t:ljava/lang/object,t
MOD0028,com/euphoriapatches/shadow/com/google/common/collect/Iterables.class,CLASS,,e:ljava/lang/object,e
MOD0028,com/euphoriapatches/shadow/com/google/common/collect/Iterables.class,CLASS,,t:ljava/lang/object,t
MOD0028,com/euphoriapatches/shadow/com/google/common/collect/Iterables.class,CLASS,,t:ljava/lang/object,t
MOD0028,com/euphoriapatches/shadow/com/google/common/collect/Iterables.class,CLASS,,t:ljava/lang/object,t
MOD0028,com/euphoriapatches/shadow/com/google/common/collect/Iterables.class,CLASS,,t:ljava/lang/object,t
MOD0028,com/euphoriapatches/shadow/com/google/common/collect/Iterables.class,CLASS,,t:ljava/lang/object,t
MOD0028,com/euphoriapatches/shadow/com/google/common/collect/Iterables.class,CLASS,,t:ljava/lang/object,t
MOD0028,com/euphoriapatches/shadow/com/google/common/collect/Iterables.class,CLASS,,t:ljava/lang/object,t
MOD0028,com/euphoriapatches/shadow/com/google/common/collect/Iterables.class,CLASS,,t:ljava/lang/object,t
MOD0028,com/euphoriapatches/shadow/com/google/common/collect/Iterables.class,CLASS,,t:ljava/lang/object,t
MOD0028,com/euphoriapatches/shadow/com/google/common/collect/Iterables.class,CLASS,,t:ljava/lang/object,t
MOD0028,com/euphoriapatches/shadow/com/google/common/collect/Iterables.class,CLASS,,t:ljava/lang/object,t
MOD0028,com/euphoriapatches/shadow/com/google/common/collect/Iterables.class,CLASS,,t:ljava/lang/object,t
MOD0028,com/euphoriapatches/shadow/com/google/common/collect/Iterables.class,CLASS,,t:ljava/lang/object,t
MOD0028,com/euphoriapatches/shadow/com/google/common/collect/Iterables.class,CLASS,,t:ljava/lang/object,t
MOD0028,com/euphoriapatches/shadow/com/google/common/collect/Iterables.class,CLASS,,f:ljava/lang/object,f
MOD0028,com/euphoriapatches/shadow/com/google/common/collect/Iterables.class,CLASS,,t:ljava/lang/object,t
MOD0028,com/euphoriapatches/shadow/com/google/common/collect/Iterables.class,CLASS,,t:ljava/lang/object,t
MOD0028,com/euphoriapatches/shadow/com/google/common/collect/Iterables.class,CLASS,,t:ljava/lang/object,t
MOD0028,com/euphoriapatches/shadow/com/google/common/collect/Iterables.class,CLASS,,t:ljava/lang/object,t
MOD0028,com/euphoriapatches/shadow/com/google/common/collect/Iterables.class,CLASS,,t:ljava/lang/object,t
MOD0028,com/euphoriapatches/shadow/com/google/common/collect/Iterables.class,CLASS,,t:ljava/lang/object,t
MOD0028,com/euphoriapatches/shadow/com/google/common/collect/Maps$SortedKeySet.class,CLASS,,k:ljava/lang/object,k
MOD0028,com/euphoriapatches/shadow/com/google/common/collect/Maps$SortedKeySet.class,CLASS,,v:ljava/lang/object,v
MOD0028,com/euphoriapatches/shadow/com/google/common/collect/SingletonImmutableBiMap.class,CLASS,,k:ljava/lang/object,k
MOD0028,com/euphoriapatches/shadow/com/google/common/collect/SingletonImmutableBiMap.class,CLASS,,v:ljava/lang/object,v
MOD0028,com/euphoriapatches/shadow/com/google/common/collect/MapMakerInternalMap$StrongKeyDummyValueEntry.class,CLASS,,k:ljava/lang/object,k
MOD0028,com/euphoriapatches/shadow/com/google/gson/internal/bind/CollectionTypeAdapterFactory$Adapter.class,CLASS,,e:ljava/lang/object,e
MOD0028,com/euphoriapatches/shadow/com/google/common/collect/ImmutableMultimap$EntryCollection.class,CLASS,,k:ljava/lang/object,k
MOD0028,com/euphoriapatches/shadow/com/google/common/collect/ImmutableMultimap$EntryCollection.class,CLASS,,v:ljava/lang/object,v
MOD0028,com/euphoriapatches/shadow/com/google/common/collect/MapMakerInternalMap$WeakKeyWeakValueEntry$LinkedWeakKeyWeakValueEntry.class,CLASS,,k:ljava/lang/object,k
MOD0028,com/euphoriapatches/shadow/com/google/common/collect/MapMakerInternalMap$WeakKeyWeakValueEntry$LinkedWeakKeyWeakValueEntry.class,CLASS,,v:ljava/lang/object,v
MOD0028,com/euphoriapatches/shadow/com/google/common/collect/CollectSpliterators$FlatMapSpliteratorOfDouble.class,CLASS,,inelementt:ljava/lang/object,inelementt
MOD0028,com/euphoriapatches/shadow/com/google/common/collect/Maps$NavigableAsMapView.class,CLASS,,k:ljava/lang/object,k
MOD0028,com/euphoriapatches/shadow/com/google/common/collect/Maps$NavigableAsMapView.class,CLASS,,v:ljava/lang/object,v
MOD0028,com/euphoriapatches/shadow/com/google/common/collect/Multisets.class,CLASS,,t:ljava/lang/object,t
MOD0028,com/euphoriapatches/shadow/com/google/common/collect/Multisets.class,CLASS,,e:ljava/lang/object,e
MOD0028,com/euphoriapatches/shadow/com/google/common/collect/Multisets.class,CLASS,,e:ljava/lang/object,e
MOD0028,com/euphoriapatches/shadow/com/google/common/collect/Multisets.class,CLASS,,e:ljava/lang/object,e
MOD0028,com/euphoriapatches/shadow/com/google/common/collect/Multisets.class,CLASS,,e:ljava/lang/object,e
MOD0028,com/euphoriapatches/shadow/com/google/common/collect/Multisets.class,CLASS,,e:ljava/lang/object,e
MOD0028,com/euphoriapatches/shadow/com/google/common/collect/Multisets.class,CLASS,,e:ljava/lang/object,e
MOD0028,com/euphoriapatches/shadow/com/google/common/collect/Multisets.class,CLASS,,e:ljava/lang/object,e
MOD0028,com/euphoriapatches/shadow/com/google/common/collect/Multisets.class,CLASS,,e:ljava/lang/object,e
MOD0028,com/euphoriapatches/shadow/com/google/common/collect/Multisets.class,CLASS,,e:ljava/lang/object,e
MOD0028,com/euphoriapatches/shadow/com/google/common/collect/Multisets.class,CLASS,,e:ljava/lang/object,e
MOD0028,com/euphoriapatches/shadow/com/google/common/collect/Multisets.class,CLASS,,e:ljava/lang/object,e
MOD0028,com/euphoriapatches/shadow/com/google/common/collect/Multisets.class,CLASS,,e:ljava/lang/object,e
MOD0028,com/euphoriapatches/shadow/com/google/common/collect/Multisets.class,CLASS,,e:ljava/lang/object,e
MOD0028,com/euphoriapatches/shadow/com/google/common/collect/Multisets.class,CLASS,,e:ljava/lang/object,e
MOD0028,com/euphoriapatches/shadow/com/google/common/collect/Multisets.class,CLASS,,e:ljava/lang/object,e
MOD0028,com/euphoriapatches/shadow/com/google/common/collect/Multisets.class,CLASS,,e:ljava/lang/object,e
MOD0028,com/euphoriapatches/shadow/com/google/common/collect/Multisets.class,CLASS,,t:ljava/lang/object,t
MOD0028,com/euphoriapatches/shadow/com/google/common/collect/Multisets.class,CLASS,,e:ljava/lang/object,e
MOD0028,com/euphoriapatches/shadow/com/google/gson/internal/sql/SqlTimestampTypeAdapter$1.class,CLASS,,t:ljava/lang/object,t
MOD0028,com/euphoriapatches/shadow/com/google/common/collect/Multimaps$CustomSortedSetMultimap.class,CLASS,,k:ljava/lang/object,k
MOD0028,com/euphoriapatches/shadow/com/google/common/collect/Multimaps$CustomSortedSetMultimap.class,CLASS,,v:ljava/lang/object,v
MOD0028,com/euphoriapatches/shadow/com/google/common/collect/RegularImmutableMap$KeySet$SerializedForm.class,CLASS,,k:ljava/lang/object,k
MOD0028,com/euphoriapatches/shadow/com/google/common/collect/ImmutableMultimap$Values.class,CLASS,,k:ljava/lang/object,k
MOD0028,com/euphoriapatches/shadow/com/google/common/collect/ImmutableMultimap$Values.class,CLASS,,v:ljava/lang/object,v
MOD0028,com/euphoriapatches/shadow/com/google/common/collect/TransformedIterator.class,CLASS,,f:ljava/lang/object,f
MOD0028,com/euphoriapatches/shadow/com/google/common/collect/TransformedIterator.class,CLASS,,t:ljava/lang/object,t
MOD0028,com/euphoriapatches/shadow/com/google/common/collect/Maps$BiMapConverter.class,CLASS,,a:ljava/lang/object,a
MOD0028,com/euphoriapatches/shadow/com/google/common/collect/Maps$BiMapConverter.class,CLASS,,b:ljava/lang/object,b
MOD0028,com/euphoriapatches/shadow/com/google/common/collect/Maps$BiMapConverter.class,CLASS,,x:ljava/lang/object,x
MOD0028,com/euphoriapatches/shadow/com/google/common/collect/Maps$BiMapConverter.class,CLASS,,y:ljava/lang/object,y
MOD0028,com/euphoriapatches/shadow/com/google/common/collect/MapMakerInternalMap$StrongKeyStrongValueSegment.class,CLASS,,k:ljava/lang/object,k
MOD0028,com/euphoriapatches/shadow/com/google/common/collect/MapMakerInternalMap$StrongKeyStrongValueSegment.class,CLASS,,v:ljava/lang/object,v
MOD0028,com/euphoriapatches/shadow/com/google/common/collect/Maps$TransformedEntriesNavigableMap.class,CLASS,,k:ljava/lang/object,k
MOD0028,com/euphoriapatches/shadow/com/google/common/collect/Maps$TransformedEntriesNavigableMap.class,CLASS,,v1:ljava/lang/object,v1
MOD0028,com/euphoriapatches/shadow/com/google/common/collect/Maps$TransformedEntriesNavigableMap.class,CLASS,,v2:ljava/lang/object,v2
MOD0028,com/euphoriapatches/shadow/com/google/gson/internal/Excluder.class,CLASS,,t:ljava/lang/object,t
MOD0028,com/euphoriapatches/shadow/com/google/common/collect/Maps$AbstractFilteredMap.class,CLASS,,k:ljava/lang/object,k
MOD0028,com/euphoriapatches/shadow/com/google/common/collect/Maps$AbstractFilteredMap.class,CLASS,,v:ljava/lang/object,v
MOD0028,com/euphoriapatches/shadow/com/google/common/collect/MapMakerInternalMap$HashIterator.class,CLASS,,t:ljava/lang/object,t
MOD0028,com/euphoriapatches/shadow/com/google/common/collect/NullnessCasts.class,CLASS,,t:ljava/lang/object,t
MOD0028,com/euphoriapatches/shadow/com/google/common/collect/NullnessCasts.class,CLASS,,t:ljava/lang/object,t
MOD0028,com/euphoriapatches/shadow/com/google/common/collect/SortedIterables.class,CLASS,,e:ljava/lang/object,e
MOD0028,com/euphoriapatches/shadow/com/google/common/collect/Lists$AbstractListWrapper.class,CLASS,,e:ljava/lang/object,e
MOD0028,com/euphoriapatches/shadow/com/google/common/collect/Streams$IntFunctionWithIndex.class,CLASS,,r:ljava/lang/object,r
MOD0028,com/euphoriapatches/shadow/com/google/gson/internal/sql/SqlDateTypeAdapter$1.class,CLASS,,t:ljava/lang/object,t
MOD0028,com/euphoriapatches/shadow/com/google/common/collect/ImmutableSet$CachingAsList.class,CLASS,,e:ljava/lang/object,e
MOD0028,com/euphoriapatches/shadow/com/google/gson/internal/sql/SqlTimeTypeAdapter.class,CLASS,,hh:mm,hh
MOD0028,com/euphoriapatches/shadow/com/google/common/collect/AbstractMapBasedMultimap$Itr.class,CLASS,,t:ljava/lang/object,t
MOD0028,com/euphoriapatches/shadow/com/google/common/collect/AbstractListMultimap.class,CLASS,,k:ljava/lang/object,k
MOD0028,com/euphoriapatches/shadow/com/google/common/collect/AbstractListMultimap.class,CLASS,,v:ljava/lang/object,v
MOD0028,com/euphoriapatches/shadow/com/google/common/collect/AbstractListMultimap.class,CLASS,,e:ljava/lang/object,e
MOD0028,com/euphoriapatches/shadow/com/google/gson/internal/UnsafeAllocator.class,CLASS,,t:ljava/lang/object,t
MOD0028,com/euphoriapatches/shadow/com/google/common/collect/Lists$TransformingSequentialList.class,CLASS,,f:ljava/lang/object,f
MOD0028,com/euphoriapatches/shadow/com/google/common/collect/Lists$TransformingSequentialList.class,CLASS,,t:ljava/lang/object,t
MOD0028,com/euphoriapatches/shadow/com/google/common/collect/MultimapBuilder$TreeSetSupplier.class,CLASS,,v:ljava/lang/object,v
MOD0028,com/euphoriapatches/shadow/com/google/common/base/Equivalence.class,CLASS,,t:ljava/lang/object,t
MOD0028,com/euphoriapatches/shadow/com/google/common/base/Equivalence.class,CLASS,,f:ljava/lang/object,f
MOD0028,com/euphoriapatches/shadow/com/google/common/base/Equivalence.class,CLASS,,s:tt,s
MOD0028,com/euphoriapatches/shadow/com/google/common/base/Equivalence.class,CLASS,,s:tt,s
MOD0028,com/euphoriapatches/shadow/com/google/common/collect/SortedLists$KeyPresentBehavior$4.class,CLASS,,e:ljava/lang/object,e
MOD0028,com/euphoriapatches/shadow/com/google/common/collect/Synchronized$SynchronizedList.class,CLASS,,e:ljava/lang/object,e
MOD0028,com/euphoriapatches/shadow/com/google/common/collect/MapMakerInternalMap$WeakKeyDummyValueEntry$LinkedWeakKeyDummyValueEntry.class,CLASS,,k:ljava/lang/object,k
MOD0028,com/euphoriapatches/shadow/com/google/common/collect/FilteredMultimap.class,CLASS,,k:ljava/lang/object,k
MOD0028,com/euphoriapatches/shadow/com/google/common/collect/FilteredMultimap.class,CLASS,,v:ljava/lang/object,v
MOD0028,com/euphoriapatches/euphoria_patcher/monitoring/ShaderpacksWatcher.class,CLASS,,https://www.complementary.dev/,https
MOD0028,com/euphoriapatches/shadow/com/google/common/collect/Table$Cell.class,CLASS,,r:ljava/lang/object,r
MOD0028,com/euphoriapatches/shadow/com/google/common/collect/Table$Cell.class,CLASS,,c:ljava/lang/object,c
MOD0028,com/euphoriapatches/shadow/com/google/common/collect/Table$Cell.class,CLASS,,v:ljava/lang/object,v
MOD0028,com/euphoriapatches/shadow/com/google/common/collect/ImmutableRangeMap$SerializedForm.class,CLASS,,v:ljava/lang/object,v
MOD0028,com/euphoriapatches/shadow/com/google/common/collect/Synchronized$SynchronizedNavigableMap.class,CLASS,,k:ljava/lang/object,k
MOD0028,com/euphoriapatches/shadow/com/google/common/collect/Synchronized$SynchronizedNavigableMap.class,CLASS,,v:ljava/lang/object,v
MOD0028,com/euphoriapatches/shadow/com/google/common/collect/HashMultiset.class,CLASS,,e:ljava/lang/object,e
MOD0028,com/euphoriapatches/shadow/com/google/common/collect/HashMultiset.class,CLASS,,e:ljava/lang/object,e
MOD0028,com/euphoriapatches/shadow/com/google/common/collect/HashMultiset.class,CLASS,,e:ljava/lang/object,e
MOD0028,com/euphoriapatches/shadow/com/google/common/collect/HashMultiset.class,CLASS,,e:ljava/lang/object,e
MOD0028,com/euphoriapatches/shadow/com/google/common/collect/Serialization$FieldSetter.class,CLASS,,t:ljava/lang/object,t
MOD0028,com/euphoriapatches/shadow/com/google/gson/internal/LinkedTreeMap$Node.class,CLASS,,k:ljava/lang/object,k
MOD0028,com/euphoriapatches/shadow/com/google/gson/internal/LinkedTreeMap$Node.class,CLASS,,v:ljava/lang/object,v
MOD0028,com/euphoriapatches/shadow/org/apache/commons/io/file/PathUtils.class,CLASS,,r:ljava/lang/object,r
MOD0028,com/euphoriapatches/shadow/org/apache/commons/io/file/PathUtils.class,CLASS,,a:ljava/lang/object,a
MOD0028,com/euphoriapatches/shadow/com/google/common/collect/ObjectArrays.class,CLASS,,t:ljava/lang/object,t
MOD0028,com/euphoriapatches/shadow/com/google/common/collect/ObjectArrays.class,CLASS,,t:ljava/lang/object,t
MOD0028,com/euphoriapatches/shadow/com/google/common/collect/ObjectArrays.class,CLASS,,t:ljava/lang/object,t
MOD0028,com/euphoriapatches/shadow/com/google/common/collect/ObjectArrays.class,CLASS,,t:ljava/lang/object,t
MOD0028,com/euphoriapatches/shadow/com/google/common/collect/ObjectArrays.class,CLASS,,t:ljava/lang/object,t
MOD0028,com/euphoriapatches/shadow/com/google/common/collect/ObjectArrays.class,CLASS,,t:ljava/lang/object,t
MOD0028,com/euphoriapatches/shadow/com/google/common/collect/ObjectArrays.class,CLASS,,t:ljava/lang/object,t
MOD0028,com/euphoriapatches/shadow/com/google/common/collect/Synchronized$SynchronizedSortedSet.class,CLASS,,e:ljava/lang/object,e
MOD0028,com/euphoriapatches/shadow/com/google/common/collect/ImmutableMultiset$ElementSet.class,CLASS,,e:ljava/lang/object,e
MOD0028,com/euphoriapatches/shadow/com/google/gson/internal/bind/TypeAdapters$29.class,CLASS,,t:ljava/lang/object,t
MOD0028,com/euphoriapatches/shadow/com/google/common/collect/Lists$RandomAccessReverseList.class,CLASS,,t:ljava/lang/object,t
MOD0028,com/euphoriapatches/shadow/com/google/common/collect/Multimaps$UnmodifiableMultimap.class,CLASS,,k:ljava/lang/object,k
MOD0028,com/euphoriapatches/shadow/com/google/common/collect/Multimaps$UnmodifiableMultimap.class,CLASS,,v:ljava/lang/object,v
MOD0028,com/euphoriapatches/shadow/com/google/common/collect/IndexedImmutableSet.class,CLASS,,e:ljava/lang/object,e
MOD0028,com/euphoriapatches/shadow/com/google/common/collect/ImmutableMultiset$Builder.class,CLASS,,e:ljava/lang/object,e
MOD0028,com/euphoriapatches/shadow/com/google/gson/internal/bind/TreeTypeAdapter.class,CLASS,,t:ljava/lang/object,t
MOD0028,com/euphoriapatches/shadow/com/google/common/collect/MultimapBuilder$ListMultimapBuilder.class,CLASS,,k0:ljava/lang/object,k0
MOD0028,com/euphoriapatches/shadow/com/google/common/collect/MultimapBuilder$ListMultimapBuilder.class,CLASS,,v0:ljava/lang/object,v0
MOD0028,com/euphoriapatches/shadow/com/google/common/collect/MultimapBuilder$ListMultimapBuilder.class,CLASS,,k:tk0,k
MOD0028,com/euphoriapatches/shadow/com/google/common/collect/MultimapBuilder$ListMultimapBuilder.class,CLASS,,v:tv0,v
MOD0028,com/euphoriapatches/shadow/com/google/common/collect/MultimapBuilder$ListMultimapBuilder.class,CLASS,,k:tk0,k
MOD0028,com/euphoriapatches/shadow/com/google/common/collect/MultimapBuilder$ListMultimapBuilder.class,CLASS,,v:tv0,v
MOD0028,com/euphoriapatches/shadow/org/apache/commons/io/function/IOFunction.class,CLASS,,t:ljava/lang/object,t
MOD0028,com/euphoriapatches/shadow/org/apache/commons/io/function/IOFunction.class,CLASS,,r:ljava/lang/object,r
MOD0028,com/euphoriapatches/shadow/org/apache/commons/io/function/IOFunction.class,CLASS,,v:ljava/lang/object,v
MOD0028,com/euphoriapatches/shadow/org/apache/commons/io/function/IOFunction.class,CLASS,,v:ljava/lang/object,v
MOD0028,com/euphoriapatches/shadow/org/apache/commons/io/function/IOFunction.class,CLASS,,v:ljava/lang/object,v
MOD0028,com/euphoriapatches/shadow/org/apache/commons/io/function/IOFunction.class,CLASS,,v:ljava/lang/object,v
MOD0028,com/euphoriapatches/shadow/org/apache/commons/io/function/IOFunction.class,CLASS,,t:ljava/lang/object,t
MOD0028,com/euphoriapatches/shadow/com/google/common/collect/CollectSpliterators$FlatMapSpliteratorOfPrimitive.class,CLASS,,inelementt:ljava/lang/object,inelementt
MOD0028,com/euphoriapatches/shadow/com/google/common/collect/CollectSpliterators$FlatMapSpliteratorOfPrimitive.class,CLASS,,outelementt:ljava/lang/object,outelementt
MOD0028,com/euphoriapatches/shadow/com/google/common/collect/CollectSpliterators$FlatMapSpliteratorOfPrimitive.class,CLASS,,outconsumert:ljava/lang/object,outconsumert
MOD0028,com/euphoriapatches/shadow/com/google/gson/reflect/TypeToken.class,CLASS,,t:ljava/lang/object,t
MOD0028,com/euphoriapatches/shadow/com/google/gson/reflect/TypeToken.class,CLASS,,t:ljava/lang/object,t
MOD0028,com/euphoriapatches/shadow/com/google/common/collect/MapMakerInternalMap$StrongKeyStrongValueEntry$LinkedStrongKeyStrongValueEntry.class,CLASS,,k:ljava/lang/object,k
MOD0028,com/euphoriapatches/shadow/com/google/common/collect/MapMakerInternalMap$StrongKeyStrongValueEntry$LinkedStrongKeyStrongValueEntry.class,CLASS,,v:ljava/lang/object,v
MOD0028,com/euphoriapatches/shadow/com/google/common/collect/ImmutableBiMap.class,CLASS,,k:ljava/lang/object,k
MOD0028,com/euphoriapatches/shadow/com/google/common/collect/ImmutableBiMap.class,CLASS,,v:ljava/lang/object,v
MOD0028,com/euphoriapatches/shadow/com/google/common/collect/ImmutableBiMap.class,CLASS,,t:ljava/lang/object,t
MOD0028,com/euphoriapatches/shadow/com/google/common/collect/ImmutableBiMap.class,CLASS,,k:ljava/lang/object,k
MOD0028,com/euphoriapatches/shadow/com/google/common/collect/ImmutableBiMap.class,CLASS,,v:ljava/lang/object,v
MOD0028,com/euphoriapatches/shadow/com/google/common/collect/ImmutableBiMap.class,CLASS,,k:ljava/lang/object,k
MOD0028,com/euphoriapatches/shadow/com/google/common/collect/ImmutableBiMap.class,CLASS,,v:ljava/lang/object,v
MOD0028,com/euphoriapatches/shadow/com/google/common/collect/ImmutableBiMap.class,CLASS,,k:ljava/lang/object,k
MOD0028,com/euphoriapatches/shadow/com/google/common/collect/ImmutableBiMap.class,CLASS,,v:ljava/lang/object,v
MOD0028,com/euphoriapatches/shadow/com/google/common/collect/ImmutableBiMap.class,CLASS,,k:ljava/lang/object,k
MOD0028,com/euphoriapatches/shadow/com/google/common/collect/ImmutableBiMap.class,CLASS,,v:ljava/lang/object,v
MOD0028,com/euphoriapatches/shadow/com/google/common/collect/ImmutableBiMap.class,CLASS,,k:ljava/lang/object,k
MOD0028,com/euphoriapatches/shadow/com/google/common/collect/ImmutableBiMap.class,CLASS,,v:ljava/lang/object,v
MOD0028,com/euphoriapatches/shadow/com/google/common/collect/ImmutableBiMap.class,CLASS,,k:ljava/lang/object,k
MOD0028,com/euphoriapatches/shadow/com/google/common/collect/ImmutableBiMap.class,CLASS,,v:ljava/lang/object,v
MOD0028,com/euphoriapatches/shadow/com/google/common/collect/ImmutableBiMap.class,CLASS,,k:ljava/lang/object,k
MOD0028,com/euphoriapatches/shadow/com/google/common/collect/ImmutableBiMap.class,CLASS,,v:ljava/lang/object,v
MOD0028,com/euphoriapatches/shadow/com/google/common/collect/ImmutableBiMap.class,CLASS,,k:ljava/lang/object,k
MOD0028,com/euphoriapatches/shadow/com/google/common/collect/ImmutableBiMap.class,CLASS,,v:ljava/lang/object,v
MOD0028,com/euphoriapatches/shadow/com/google/common/collect/ImmutableBiMap.class,CLASS,,k:ljava/lang/object,k
MOD0028,com/euphoriapatches/shadow/com/google/common/collect/ImmutableBiMap.class,CLASS,,v:ljava/lang/object,v
MOD0028,com/euphoriapatches/shadow/com/google/common/collect/ImmutableBiMap.class,CLASS,,k:ljava/lang/object,k
MOD0028,com/euphoriapatches/shadow/com/google/common/collect/ImmutableBiMap.class,CLASS,,v:ljava/lang/object,v
MOD0028,com/euphoriapatches/shadow/com/google/common/collect/ImmutableBiMap.class,CLASS,,k:ljava/lang/object,k
MOD0028,com/euphoriapatches/shadow/com/google/common/collect/ImmutableBiMap.class,CLASS,,v:ljava/lang/object,v
MOD0028,com/euphoriapatches/shadow/com/google/common/collect/ImmutableBiMap.class,CLASS,,k:ljava/lang/object,k
MOD0028,com/euphoriapatches/shadow/com/google/common/collect/ImmutableBiMap.class,CLASS,,v:ljava/lang/object,v
MOD0028,com/euphoriapatches/shadow/com/google/common/collect/ImmutableBiMap.class,CLASS,,k:ljava/lang/object,k
MOD0028,com/euphoriapatches/shadow/com/google/common/collect/ImmutableBiMap.class,CLASS,,v:ljava/lang/object,v
MOD0028,com/euphoriapatches/shadow/com/google/common/collect/ImmutableBiMap.class,CLASS,,k:ljava/lang/object,k
MOD0028,com/euphoriapatches/shadow/com/google/common/collect/ImmutableBiMap.class,CLASS,,v:ljava/lang/object,v
MOD0028,com/euphoriapatches/shadow/com/google/common/collect/ImmutableBiMap.class,CLASS,,k:ljava/lang/object,k
MOD0028,com/euphoriapatches/shadow/com/google/common/collect/ImmutableBiMap.class,CLASS,,v:ljava/lang/object,v
MOD0028,com/euphoriapatches/shadow/com/google/common/collect/ImmutableBiMap.class,CLASS,,k:ljava/lang/object,k
MOD0028,com/euphoriapatches/shadow/com/google/common/collect/ImmutableBiMap.class,CLASS,,v:ljava/lang/object,v
MOD0028,com/euphoriapatches/shadow/com/google/common/collect/ImmutableBiMap.class,CLASS,,k:ljava/lang/object,k
MOD0028,com/euphoriapatches/shadow/com/google/common/collect/ImmutableBiMap.class,CLASS,,v:ljava/lang/object,v
MOD0028,com/euphoriapatches/euphoria_patcher/GUIScreen$1.class,CLASS,,https://www.euphoriapatches.com/how-to-install/,https
MOD0028,com/euphoriapatches/euphoria_patcher/GUIScreen$1.class,CLASS,,https://www.euphoriapatches.com/how-to-install/,https
MOD0028,com/euphoriapatches/euphoria_patcher/GUIScreen$1.class,CLASS,,https://www.euphoriapatches.com/how-to-install/,https
MOD0028,com/euphoriapatches/shadow/org/apache/commons/compress/compressors/CompressorStreamFactory.class,CLASS,,https://github.com/google/brotli/,https
MOD0028,com/euphoriapatches/shadow/org/apache/commons/compress/compressors/CompressorStreamFactory.class,CLASS,,https://tukaani.org/xz/java.html,https
MOD0028,com/euphoriapatches/shadow/org/apache/commons/compress/compressors/CompressorStreamFactory.class,CLASS,,https://github.com/luben/zstd-jni,https
MOD0028,com/euphoriapatches/shadow/com/google/common/collect/RegularImmutableAsList.class,CLASS,,e:ljava/lang/object,e
MOD0028,com/euphoriapatches/shadow/com/google/common/collect/Lists$RandomAccessPartition.class,CLASS,,t:ljava/lang/object,t
MOD0028,com/euphoriapatches/shadow/com/google/common/collect/MultimapBuilder$2.class,CLASS,,k:ljava/lang/object,k
MOD0028,com/euphoriapatches/shadow/com/google/common/collect/MultimapBuilder$2.class,CLASS,,v:ljava/lang/object,v
MOD0028,com/euphoriapatches/shadow/com/google/common/collect/Iterators$ConcatenatedIterator.class,CLASS,,t:ljava/lang/object,t
MOD0028,com/euphoriapatches/shadow/org/apache/commons/io/output/AbstractByteArrayOutputStream.class,CLASS,,t:ljava/io/inputstream,t
MOD0028,com/euphoriapatches/shadow/com/google/common/collect/FilteredKeyListMultimap.class,CLASS,,k:ljava/lang/object,k
MOD0028,com/euphoriapatches/shadow/com/google/common/collect/FilteredKeyListMultimap.class,CLASS,,v:ljava/lang/object,v
MOD0028,com/euphoriapatches/shadow/com/google/common/collect/ComparisonChain$1.class,CLASS,,t:ljava/lang/object,t
MOD0028,com/euphoriapatches/shadow/com/google/common/collect/ForwardingCollection.class,CLASS,,e:ljava/lang/object,e
MOD0028,com/euphoriapatches/shadow/com/google/common/collect/ForwardingCollection.class,CLASS,,t:ljava/lang/object,t
MOD0028,com/euphoriapatches/shadow/com/google/common/collect/Sets$FilteredNavigableSet.class,CLASS,,e:ljava/lang/object,e
MOD0028,com/euphoriapatches/shadow/com/google/common/collect/Multimaps$UnmodifiableListMultimap.class,CLASS,,k:ljava/lang/object,k
MOD0028,com/euphoriapatches/shadow/com/google/common/collect/Multimaps$UnmodifiableListMultimap.class,CLASS,,v:ljava/lang/object,v
MOD0028,com/euphoriapatches/shadow/org/apache/commons/compress/archivers/tar/TarArchiveEntry.class,CLASS,,unix:uid,unix
MOD0028,com/euphoriapatches/shadow/org/apache/commons/compress/archivers/tar/TarArchiveEntry.class,CLASS,,unix:gid,unix
MOD0028,com/euphoriapatches/shadow/com/google/gson/internal/bind/DateTypeAdapter$1.class,CLASS,,t:ljava/lang/object,t
MOD0028,com/euphoriapatches/shadow/com/google/common/collect/MapMakerInternalMap$StrongKeyStrongValueEntry$Helper.class,CLASS,,k:ljava/lang/object,k
MOD0028,com/euphoriapatches/shadow/com/google/common/collect/MapMakerInternalMap$StrongKeyStrongValueEntry$Helper.class,CLASS,,v:ljava/lang/object,v
MOD0028,com/euphoriapatches/shadow/com/google/common/collect/MapMakerInternalMap$StrongKeyStrongValueEntry$Helper.class,CLASS,,k:ljava/lang/object,k
MOD0028,com/euphoriapatches/shadow/com/google/common/collect/MapMakerInternalMap$StrongKeyStrongValueEntry$Helper.class,CLASS,,v:ljava/lang/object,v
MOD0028,com/euphoriapatches/shadow/com/google/common/base/Present.class,CLASS,,t:ljava/lang/object,t
MOD0028,com/euphoriapatches/shadow/com/google/common/base/Present.class,CLASS,,v:ljava/lang/object,v
MOD0028,com/euphoriapatches/shadow/com/google/common/collect/ContiguousSet.class,CLASS,,e:ljava/lang/object,e
MOD0028,com/euphoriapatches/shadow/com/google/common/collect/ConsumingQueueIterator.class,CLASS,,t:ljava/lang/object,t
MOD0028,com/euphoriapatches/shadow/com/google/common/collect/Multimaps$CustomSetMultimap.class,CLASS,,k:ljava/lang/object,k
MOD0028,com/euphoriapatches/shadow/com/google/common/collect/Multimaps$CustomSetMultimap.class,CLASS,,v:ljava/lang/object,v
MOD0028,com/euphoriapatches/shadow/com/google/common/collect/Multimaps$CustomSetMultimap.class,CLASS,,e:ljava/lang/object,e
MOD0028,com/euphoriapatches/shadow/com/google/common/collect/RegularImmutableMap$KeySet.class,CLASS,,k:ljava/lang/object,k
MOD0028,com/euphoriapatches/shadow/com/google/common/collect/Lists$TwoPlusArrayList.class,CLASS,,e:ljava/lang/object,e
MOD0028,com/euphoriapatches/shadow/com/google/common/collect/DescendingImmutableSortedSet.class,CLASS,,e:ljava/lang/object,e
MOD0028,com/euphoriapatches/shadow/com/google/common/collect/Synchronized$SynchronizedRandomAccessList.class,CLASS,,e:ljava/lang/object,e
MOD0028,com/euphoriapatches/shadow/com/google/common/base/Optional.class,CLASS,,t:ljava/lang/object,t
MOD0028,com/euphoriapatches/shadow/com/google/common/base/Optional.class,CLASS,,t:ljava/lang/object,t
MOD0028,com/euphoriapatches/shadow/com/google/common/base/Optional.class,CLASS,,t:ljava/lang/object,t
MOD0028,com/euphoriapatches/shadow/com/google/common/base/Optional.class,CLASS,,t:ljava/lang/object,t
MOD0028,com/euphoriapatches/shadow/com/google/common/base/Optional.class,CLASS,,t:ljava/lang/object,t
MOD0028,com/euphoriapatches/shadow/com/google/common/base/Optional.class,CLASS,,v:ljava/lang/object,v
MOD0028,com/euphoriapatches/shadow/com/google/common/base/Optional.class,CLASS,,t:ljava/lang/object,t
MOD0028,com/euphoriapatches/shadow/com/google/common/collect/MapMakerInternalMap$Values.class,CLASS,,t:ljava/lang/object,t
MOD0028,com/euphoriapatches/shadow/com/google/gson/internal/bind/ArrayTypeAdapter.class,CLASS,,e:ljava/lang/object,e
MOD0028,com/euphoriapatches/shadow/com/google/common/collect/ImmutableEnumMap.class,CLASS,,k:ljava/lang/enum,k
MOD0028,com/euphoriapatches/shadow/com/google/common/collect/ImmutableEnumMap.class,CLASS,,v:ljava/lang/object,v
MOD0028,com/euphoriapatches/shadow/com/google/common/collect/ImmutableEnumMap.class,CLASS,,k:ljava/lang/enum,k
MOD0028,com/euphoriapatches/shadow/com/google/common/collect/ImmutableEnumMap.class,CLASS,,v:ljava/lang/object,v
MOD0028,com/euphoriapatches/shadow/com/google/common/collect/LinkedHashMultiset.class,CLASS,,e:ljava/lang/object,e
MOD0028,com/euphoriapatches/shadow/com/google/common/collect/LinkedHashMultiset.class,CLASS,,e:ljava/lang/object,e
MOD0028,com/euphoriapatches/shadow/com/google/common/collect/LinkedHashMultiset.class,CLASS,,e:ljava/lang/object,e
MOD0028,com/euphoriapatches/shadow/com/google/common/collect/LinkedHashMultiset.class,CLASS,,e:ljava/lang/object,e
MOD0028,com/euphoriapatches/shadow/com/google/common/collect/AbstractSequentialIterator.class,CLASS,,t:ljava/lang/object,t
MOD0028,com/euphoriapatches/shadow/com/google/common/collect/MapMakerInternalMap$AbstractSerializationProxy.class,CLASS,,k:ljava/lang/object,k
MOD0028,com/euphoriapatches/shadow/com/google/common/collect/MapMakerInternalMap$AbstractSerializationProxy.class,CLASS,,v:ljava/lang/object,v
MOD0028,com/euphoriapatches/shadow/com/google/common/collect/MapMakerInternalMap$StrongKeyDummyValueSegment.class,CLASS,,k:ljava/lang/object,k
MOD0028,com/euphoriapatches/shadow/com/google/common/collect/Synchronized$SynchronizedEntry.class,CLASS,,k:ljava/lang/object,k
MOD0028,com/euphoriapatches/shadow/com/google/common/collect/Synchronized$SynchronizedEntry.class,CLASS,,v:ljava/lang/object,v
MOD0028,com/euphoriapatches/shadow/com/google/common/collect/AbstractMapEntry.class,CLASS,,k:ljava/lang/object,k
MOD0028,com/euphoriapatches/shadow/com/google/common/collect/AbstractMapEntry.class,CLASS,,v:ljava/lang/object,v
MOD0028,com/euphoriapatches/shadow/com/google/common/base/Enums.class,CLASS,,t:ljava/lang/enum,t
MOD0028,com/euphoriapatches/shadow/com/google/common/base/Enums.class,CLASS,,t:ljava/lang/enum,t
MOD0028,com/euphoriapatches/shadow/com/google/common/base/Enums.class,CLASS,,t:ljava/lang/enum,t
MOD0028,com/euphoriapatches/shadow/com/google/common/collect/ImmutableMultisetGwtSerializationDependencies.class,CLASS,,e:ljava/lang/object,e
MOD0028,com/euphoriapatches/shadow/com/google/common/collect/FilteredKeySetMultimap.class,CLASS,,k:ljava/lang/object,k
MOD0028,com/euphoriapatches/shadow/com/google/common/collect/FilteredKeySetMultimap.class,CLASS,,v:ljava/lang/object,v
MOD0028,com/euphoriapatches/shadow/com/google/common/base/AbstractIterator.class,CLASS,,t:ljava/lang/object,t
MOD0028,com/euphoriapatches/shadow/com/google/common/collect/ImmutableMultiset.class,CLASS,,e:ljava/lang/object,e
MOD0028,com/euphoriapatches/shadow/com/google/common/collect/ImmutableMultiset.class,CLASS,,e:ljava/lang/object,e
MOD0028,com/euphoriapatches/shadow/com/google/common/collect/ImmutableMultiset.class,CLASS,,t:ljava/lang/object,t
MOD0028,com/euphoriapatches/shadow/com/google/common/collect/ImmutableMultiset.class,CLASS,,e:ljava/lang/object,e
MOD0028,com/euphoriapatches/shadow/com/google/common/collect/ImmutableMultiset.class,CLASS,,e:ljava/lang/object,e
MOD0028,com/euphoriapatches/shadow/com/google/common/collect/ImmutableMultiset.class,CLASS,,e:ljava/lang/object,e
MOD0028,com/euphoriapatches/shadow/com/google/common/collect/ImmutableMultiset.class,CLASS,,e:ljava/lang/object,e
MOD0028,com/euphoriapatches/shadow/com/google/common/collect/ImmutableMultiset.class,CLASS,,e:ljava/lang/object,e
MOD0028,com/euphoriapatches/shadow/com/google/common/collect/ImmutableMultiset.class,CLASS,,e:ljava/lang/object,e
MOD0028,com/euphoriapatches/shadow/com/google/common/collect/ImmutableMultiset.class,CLASS,,e:ljava/lang/object,e
MOD0028,com/euphoriapatches/shadow/com/google/common/collect/ImmutableMultiset.class,CLASS,,e:ljava/lang/object,e
MOD0028,com/euphoriapatches/shadow/com/google/common/collect/ImmutableMultiset.class,CLASS,,e:ljava/lang/object,e
MOD0028,com/euphoriapatches/shadow/com/google/common/collect/ImmutableMultiset.class,CLASS,,e:ljava/lang/object,e
MOD0028,com/euphoriapatches/shadow/com/google/common/collect/ImmutableMultiset.class,CLASS,,e:ljava/lang/object,e
MOD0028,com/euphoriapatches/shadow/com/google/common/collect/ImmutableMultiset.class,CLASS,,e:ljava/lang/object,e
MOD0028,com/euphoriapatches/shadow/com/google/common/collect/ImmutableMultiset.class,CLASS,,e:ljava/lang/object,e
MOD0028,com/euphoriapatches/shadow/com/google/common/collect/MultimapBuilder$SortedSetMultimapBuilder.class,CLASS,,k0:ljava/lang/object,k0
MOD0028,com/euphoriapatches/shadow/com/google/common/collect/MultimapBuilder$SortedSetMultimapBuilder.class,CLASS,,v0:ljava/lang/object,v0
MOD0028,com/euphoriapatches/shadow/com/google/common/collect/MultimapBuilder$SortedSetMultimapBuilder.class,CLASS,,k:tk0,k
MOD0028,com/euphoriapatches/shadow/com/google/common/collect/MultimapBuilder$SortedSetMultimapBuilder.class,CLASS,,v:tv0,v
MOD0028,com/euphoriapatches/shadow/com/google/common/collect/MultimapBuilder$SortedSetMultimapBuilder.class,CLASS,,k:tk0,k
MOD0028,com/euphoriapatches/shadow/com/google/common/collect/MultimapBuilder$SortedSetMultimapBuilder.class,CLASS,,v:tv0,v
MOD0028,com/euphoriapatches/shadow/com/google/gson/internal/bind/TypeAdapters$33.class,CLASS,,t2:ljava/lang/object,t2
MOD0028,com/euphoriapatches/shadow/com/google/common/collect/Collections2$OrderedPermutationIterator.class,CLASS,,e:ljava/lang/object,e
MOD0028,com/euphoriapatches/shadow/com/google/common/collect/Synchronized$SynchronizedAsMapValues.class,CLASS,,v:ljava/lang/object,v
MOD0028,com/euphoriapatches/shadow/com/google/common/collect/FilteredKeyMultimap.class,CLASS,,k:ljava/lang/object,k
MOD0028,com/euphoriapatches/shadow/com/google/common/collect/FilteredKeyMultimap.class,CLASS,,v:ljava/lang/object,v
MOD0028,com/euphoriapatches/shadow/com/google/common/collect/ImmutableSet$Indexed.class,CLASS,,e:ljava/lang/object,e
MOD0028,com/euphoriapatches/shadow/org/apache/commons/compress/utils/ServiceLoaderIterator.class,CLASS,,e:ljava/lang/object,e
MOD0028,com/euphoriapatches/shadow/com/google/common/collect/ImmutableMapEntry$NonTerminalImmutableBiMapEntry.class,CLASS,,k:ljava/lang/object,k
MOD0028,com/euphoriapatches/shadow/com/google/common/collect/ImmutableMapEntry$NonTerminalImmutableBiMapEntry.class,CLASS,,v:ljava/lang/object,v
MOD0028,com/euphoriapatches/shadow/com/google/common/collect/Maps$FilteredMapValues.class,CLASS,,k:ljava/lang/object,k
MOD0028,com/euphoriapatches/shadow/com/google/common/collect/Maps$FilteredMapValues.class,CLASS,,v:ljava/lang/object,v
MOD0028,com/euphoriapatches/shadow/com/google/common/collect/Maps$FilteredMapValues.class,CLASS,,t:ljava/lang/object,t
MOD0028,com/euphoriapatches/shadow/com/google/common/collect/Sets$ImprovedAbstractSet.class,CLASS,,e:ljava/lang/object,e
MOD0028,com/euphoriapatches/shadow/com/google/common/collect/Synchronized$SynchronizedListMultimap.class,CLASS,,k:ljava/lang/object,k
MOD0028,com/euphoriapatches/shadow/com/google/common/collect/Synchronized$SynchronizedListMultimap.class,CLASS,,v:ljava/lang/object,v
MOD0028,com/euphoriapatches/shadow/com/google/common/collect/ImmutableList.class,CLASS,,e:ljava/lang/object,e
MOD0028,com/euphoriapatches/shadow/com/google/common/collect/ImmutableList.class,CLASS,,e:ljava/lang/object,e
MOD0028,com/euphoriapatches/shadow/com/google/common/collect/ImmutableList.class,CLASS,,e:ljava/lang/object,e
MOD0028,com/euphoriapatches/shadow/com/google/common/collect/ImmutableList.class,CLASS,,e:ljava/lang/object,e
MOD0028,com/euphoriapatches/shadow/com/google/common/collect/ImmutableList.class,CLASS,,e:ljava/lang/object,e
MOD0028,com/euphoriapatches/shadow/com/google/common/collect/ImmutableList.class,CLASS,,e:ljava/lang/object,e
MOD0028,com/euphoriapatches/shadow/com/google/common/collect/ImmutableList.class,CLASS,,e:ljava/lang/object,e
MOD0028,com/euphoriapatches/shadow/com/google/common/collect/ImmutableList.class,CLASS,,e:ljava/lang/object,e
MOD0028,com/euphoriapatches/shadow/com/google/common/collect/ImmutableList.class,CLASS,,e:ljava/lang/object,e
MOD0028,com/euphoriapatches/shadow/com/google/common/collect/ImmutableList.class,CLASS,,e:ljava/lang/object,e
MOD0028,com/euphoriapatches/shadow/com/google/common/collect/ImmutableList.class,CLASS,,e:ljava/lang/object,e
MOD0028,com/euphoriapatches/shadow/com/google/common/collect/ImmutableList.class,CLASS,,e:ljava/lang/object,e
MOD0028,com/euphoriapatches/shadow/com/google/common/collect/ImmutableList.class,CLASS,,e:ljava/lang/object,e
MOD0028,com/euphoriapatches/shadow/com/google/common/collect/ImmutableList.class,CLASS,,e:ljava/lang/object,e
MOD0028,com/euphoriapatches/shadow/com/google/common/collect/ImmutableList.class,CLASS,,e:ljava/lang/object,e
MOD0028,com/euphoriapatches/shadow/com/google/common/collect/ImmutableList.class,CLASS,,e:ljava/lang/object,e
MOD0028,com/euphoriapatches/shadow/com/google/common/collect/ImmutableList.class,CLASS,,e:ljava/lang/object,e
MOD0028,com/euphoriapatches/shadow/com/google/common/collect/ImmutableList.class,CLASS,,e:ljava/lang/object,e
MOD0028,com/euphoriapatches/shadow/com/google/common/collect/ImmutableList.class,CLASS,,e:ljava/lang/object,e
MOD0028,com/euphoriapatches/shadow/com/google/common/collect/ImmutableList.class,CLASS,,e:ljava/lang/object,e
MOD0028,com/euphoriapatches/shadow/com/google/common/collect/ImmutableList.class,CLASS,,e:ljava/lang/object,e
MOD0028,com/euphoriapatches/shadow/com/google/common/collect/ImmutableList.class,CLASS,,e:ljava/lang/object,e
MOD0028,com/euphoriapatches/shadow/com/google/common/collect/ImmutableList.class,CLASS,,e:ljava/lang/object,e
MOD0028,com/euphoriapatches/shadow/com/google/common/collect/ImmutableList.class,CLASS,,e:ljava/lang/object,e
MOD0028,com/euphoriapatches/shadow/com/google/common/collect/FilteredMultimapValues.class,CLASS,,k:ljava/lang/object,k
MOD0028,com/euphoriapatches/shadow/com/google/common/collect/FilteredMultimapValues.class,CLASS,,v:ljava/lang/object,v
MOD0028,com/euphoriapatches/shadow/com/google/common/collect/Synchronized$SynchronizedMultimap.class,CLASS,,k:ljava/lang/object,k
MOD0028,com/euphoriapatches/shadow/com/google/common/collect/Synchronized$SynchronizedMultimap.class,CLASS,,v:ljava/lang/object,v
MOD0028,com/euphoriapatches/shadow/com/google/common/base/PairwiseEquivalence.class,CLASS,,e:ljava/lang/object,e
MOD0028,com/euphoriapatches/shadow/com/google/common/base/PairwiseEquivalence.class,CLASS,,t:te,t
MOD0028,com/euphoriapatches/shadow/com/google/common/collect/ImmutableSortedSet$SerializedForm.class,CLASS,,e:ljava/lang/object,e
MOD0028,com/euphoriapatches/shadow/com/google/common/collect/ImmutableMultimap$Builder.class,CLASS,,k:ljava/lang/object,k
MOD0028,com/euphoriapatches/shadow/com/google/common/collect/ImmutableMultimap$Builder.class,CLASS,,v:ljava/lang/object,v
MOD0028,com/euphoriapatches/shadow/com/google/common/collect/ExplicitOrdering.class,CLASS,,t:ljava/lang/object,t
MOD0028,com/euphoriapatches/shadow/com/google/common/collect/ForwardingMap.class,CLASS,,k:ljava/lang/object,k
MOD0028,com/euphoriapatches/shadow/com/google/common/collect/ForwardingMap.class,CLASS,,v:ljava/lang/object,v
MOD0028,com/euphoriapatches/shadow/com/google/common/collect/Lists$ReverseList.class,CLASS,,t:ljava/lang/object,t
MOD0028,com/euphoriapatches/shadow/com/google/common/collect/MultimapBuilder$MultimapBuilderWithKeys$6.class,CLASS,,k:tk0,k
MOD0028,com/euphoriapatches/shadow/com/google/common/collect/MultimapBuilder$MultimapBuilderWithKeys$6.class,CLASS,,v:tv0,v
MOD0028,com/euphoriapatches/shadow/com/google/common/base/Predicates$NotPredicate.class,CLASS,,t:ljava/lang/object,t
MOD0028,com/euphoriapatches/shadow/com/google/common/base/Predicates.class,CLASS,,t:ljava/lang/object,t
MOD0028,com/euphoriapatches/shadow/com/google/common/base/Predicates.class,CLASS,,t:ljava/lang/object,t
MOD0028,com/euphoriapatches/shadow/com/google/common/base/Predicates.class,CLASS,,t:ljava/lang/object,t
MOD0028,com/euphoriapatches/shadow/com/google/common/base/Predicates.class,CLASS,,t:ljava/lang/object,t
MOD0028,com/euphoriapatches/shadow/com/google/common/base/Predicates.class,CLASS,,t:ljava/lang/object,t
MOD0028,com/euphoriapatches/shadow/com/google/common/base/Predicates.class,CLASS,,t:ljava/lang/object,t
MOD0028,com/euphoriapatches/shadow/com/google/common/base/Predicates.class,CLASS,,t:ljava/lang/object,t
MOD0028,com/euphoriapatches/shadow/com/google/common/base/Predicates.class,CLASS,,t:ljava/lang/object,t
MOD0028,com/euphoriapatches/shadow/com/google/common/base/Predicates.class,CLASS,,a:ljava/lang/object,a
MOD0028,com/euphoriapatches/shadow/com/google/common/base/Predicates.class,CLASS,,b:ljava/lang/object,b
MOD0028,com/euphoriapatches/shadow/com/google/common/base/Predicates.class,CLASS,,t:ljava/lang/object,t
MOD0028,com/euphoriapatches/shadow/com/google/common/base/Predicates.class,CLASS,,t:ljava/lang/object,t
MOD0028,com/euphoriapatches/shadow/com/google/common/base/Predicates.class,CLASS,,t:ljava/lang/object,t
MOD0028,com/euphoriapatches/shadow/com/google/gson/internal/bind/TypeAdapterRuntimeTypeWrapper.class,CLASS,,t:ljava/lang/object,t
MOD0028,com/euphoriapatches/shadow/com/google/common/collect/JdkBackedImmutableMultiset.class,CLASS,,e:ljava/lang/object,e
MOD0028,com/euphoriapatches/shadow/com/google/common/collect/JdkBackedImmutableMultiset.class,CLASS,,e:ljava/lang/object,e
MOD0028,com/euphoriapatches/shadow/com/google/common/collect/MapMakerInternalMap$WeakKeyDummyValueSegment.class,CLASS,,k:ljava/lang/object,k
MOD0028,com/euphoriapatches/shadow/org/apache/commons/compress/utils/Sets.class,CLASS,,e:ljava/lang/object,e
MOD0028,com/euphoriapatches/shadow/com/google/common/collect/MapMakerInternalMap$Segment.class,CLASS,,k:ljava/lang/object,k
MOD0028,com/euphoriapatches/shadow/com/google/common/collect/MapMakerInternalMap$Segment.class,CLASS,,v:ljava/lang/object,v
MOD0028,com/euphoriapatches/shadow/com/google/common/collect/MapMakerInternalMap$Segment.class,CLASS,,s:lcom/euphoriapatches/shadow/com/google/common/collect/mapmakerinternalmap,s
MOD0028,com/euphoriapatches/shadow/com/google/common/collect/MapMakerInternalMap$Segment.class,CLASS,,t:ljava/lang/object,t
MOD0028,com/euphoriapatches/shadow/com/google/common/collect/MapMakerInternalMap$Segment.class,CLASS,,k:ljava/lang/object,k
MOD0028,com/euphoriapatches/shadow/com/google/common/collect/MapMakerInternalMap$Segment.class,CLASS,,v:ljava/lang/object,v
MOD0028,com/euphoriapatches/shadow/com/google/common/collect/ImmutableList$ReverseImmutableList.class,CLASS,,e:ljava/lang/object,e
MOD0028,com/euphoriapatches/shadow/com/google/gson/internal/bind/TypeAdapters$32.class,CLASS,,t:ljava/lang/object,t
MOD0028,com/euphoriapatches/shadow/com/google/common/base/Predicates$InstanceOfPredicate.class,CLASS,,t:ljava/lang/object,t
MOD0028,com/euphoriapatches/shadow/com/google/common/collect/MapMakerInternalMap$SafeToArraySet.class,CLASS,,e:ljava/lang/object,e
MOD0028,com/euphoriapatches/shadow/com/google/common/collect/MapMakerInternalMap$SafeToArraySet.class,CLASS,,t:ljava/lang/object,t
MOD0028,com/euphoriapatches/shadow/com/google/common/collect/SortedMultiset.class,CLASS,,e:ljava/lang/object,e
MOD0028,com/euphoriapatches/shadow/com/google/common/collect/Table.class,CLASS,,r:ljava/lang/object,r
MOD0028,com/euphoriapatches/shadow/com/google/common/collect/Table.class,CLASS,,c:ljava/lang/object,c
MOD0028,com/euphoriapatches/shadow/com/google/common/collect/Table.class,CLASS,,v:ljava/lang/object,v
MOD0028,com/euphoriapatches/shadow/com/google/common/collect/Maps$KeySet.class,CLASS,,k:ljava/lang/object,k
MOD0028,com/euphoriapatches/shadow/com/google/common/collect/Maps$KeySet.class,CLASS,,v:ljava/lang/object,v
MOD0028,com/euphoriapatches/shadow/com/google/common/collect/MultimapBuilder$SetMultimapBuilder.class,CLASS,,k0:ljava/lang/object,k0
MOD0028,com/euphoriapatches/shadow/com/google/common/collect/MultimapBuilder$SetMultimapBuilder.class,CLASS,,v0:ljava/lang/object,v0
MOD0028,com/euphoriapatches/shadow/com/google/common/collect/MultimapBuilder$SetMultimapBuilder.class,CLASS,,k:tk0,k
MOD0028,com/euphoriapatches/shadow/com/google/common/collect/MultimapBuilder$SetMultimapBuilder.class,CLASS,,v:tv0,v
MOD0028,com/euphoriapatches/shadow/com/google/common/collect/MultimapBuilder$SetMultimapBuilder.class,CLASS,,k:tk0,k
MOD0028,com/euphoriapatches/shadow/com/google/common/collect/MultimapBuilder$SetMultimapBuilder.class,CLASS,,v:tv0,v
MOD0028,com/euphoriapatches/shadow/com/google/common/base/Predicates$OrPredicate.class,CLASS,,t:ljava/lang/object,t
MOD0028,com/euphoriapatches/shadow/com/google/common/base/Predicates$CompositionPredicate.class,CLASS,,a:ljava/lang/object,a
MOD0028,com/euphoriapatches/shadow/com/google/common/base/Predicates$CompositionPredicate.class,CLASS,,b:ljava/lang/object,b
MOD0028,com/euphoriapatches/shadow/com/google/common/collect/MultimapBuilder$HashSetSupplier.class,CLASS,,v:ljava/lang/object,v
MOD0028,com/euphoriapatches/shadow/com/google/common/collect/ImmutableSetMultimap$EntrySet.class,CLASS,,k:ljava/lang/object,k
MOD0028,com/euphoriapatches/shadow/com/google/common/collect/ImmutableSetMultimap$EntrySet.class,CLASS,,v:ljava/lang/object,v
MOD0028,com/euphoriapatches/euphoria_patcher/util/mod/ModsDirectory.class,CLASS,,union:/,union
MOD0028,com/euphoriapatches/euphoria_patcher/util/mod/ModsDirectory.class,CLASS,,jar:file,jar
MOD0028,com/euphoriapatches/euphoria_patcher/util/mod/ModsDirectory.class,CLASS,,file:/,file
MOD0028,com/euphoriapatches/euphoria_patcher/util/mod/ModsDirectory.class,CLASS,,jar:/,jar
MOD0028,com/euphoriapatches/euphoria_patcher/fabric/FabricModLoaderSpecifics.class,CLASS,,minecraft:overworld,minecraft
MOD0028,com/euphoriapatches/euphoria_patcher/fabric/FabricModLoaderSpecifics.class,CLASS,,minecraft:overworld,minecraft
MOD0028,com/euphoriapatches/euphoria_patcher/fabric/FabricModLoaderSpecifics.class,CLASS,,minecraft:overworld,minecraft
MOD0028,com/euphoriapatches/euphoria_patcher/fabric/FabricModLoaderSpecifics.class,CLASS,,minecraft:overworld,minecraft
MOD0028,com/euphoriapatches/shadow/com/google/gson/internal/Primitives.class,CLASS,,t:ljava/lang/object,t
MOD0028,com/euphoriapatches/shadow/com/google/gson/internal/bind/TypeAdapters$28.class,CLASS,,t:ljava/lang/object,t
MOD0028,com/euphoriapatches/shadow/com/google/common/collect/Collections2$OrderedPermutationCollection.class,CLASS,,e:ljava/lang/object,e
MOD0028,com/euphoriapatches/shadow/com/google/common/collect/Collections2$OrderedPermutationCollection.class,CLASS,,e:ljava/lang/object,e
MOD0028,com/euphoriapatches/shadow/com/google/common/collect/RegularImmutableBiMap$InverseSerializedForm.class,CLASS,,k:ljava/lang/object,k
MOD0028,com/euphoriapatches/shadow/com/google/common/collect/RegularImmutableBiMap$InverseSerializedForm.class,CLASS,,v:ljava/lang/object,v
MOD0028,com/euphoriapatches/shadow/com/google/common/collect/Maps$SortedAsMapView.class,CLASS,,k:ljava/lang/object,k
MOD0028,com/euphoriapatches/shadow/com/google/common/collect/Maps$SortedAsMapView.class,CLASS,,v:ljava/lang/object,v
MOD0028,com/euphoriapatches/shadow/com/google/common/collect/SortedLists$KeyPresentBehavior$5.class,CLASS,,e:ljava/lang/object,e
MOD0028,com/euphoriapatches/shadow/com/google/common/collect/ForwardingSortedMap.class,CLASS,,k:ljava/lang/object,k
MOD0028,com/euphoriapatches/shadow/com/google/common/collect/ForwardingSortedMap.class,CLASS,,v:ljava/lang/object,v
MOD0028,com/euphoriapatches/shadow/org/apache/commons/compress/archivers/zip/ZipArchiveInputStream.class,CLASS,,http://commons.apache.org/proper/commons-compress/zip.html,http
MOD0028,com/euphoriapatches/shadow/org/apache/commons/compress/archivers/zip/ZipArchiveInputStream.class,CLASS,,http://commons.apache.org/proper/commons-compress/zip.html,http
MOD0028,com/euphoriapatches/shadow/org/apache/commons/compress/archivers/zip/ZipArchiveInputStream.class,CLASS,,http://commons.apache.org/proper/commons-compress/zip.html,http
MOD0028,com/euphoriapatches/shadow/com/google/common/collect/Ordering.class,CLASS,,t:ljava/lang/object,t
MOD0028,com/euphoriapatches/shadow/com/google/common/collect/Ordering.class,CLASS,,t:ljava/lang/object,t
MOD0028,com/euphoriapatches/shadow/com/google/common/collect/Ordering.class,CLASS,,t:ljava/lang/object,t
MOD0028,com/euphoriapatches/shadow/com/google/common/collect/Ordering.class,CLASS,,t:ljava/lang/object,t
MOD0028,com/euphoriapatches/shadow/com/google/common/collect/Ordering.class,CLASS,,t:ljava/lang/object,t
MOD0028,com/euphoriapatches/shadow/com/google/common/collect/Ordering.class,CLASS,,s:tt,s
MOD0028,com/euphoriapatches/shadow/com/google/common/collect/Ordering.class,CLASS,,f:ljava/lang/object,f
MOD0028,com/euphoriapatches/shadow/com/google/common/collect/Ordering.class,CLASS,,t2:tt,t2
MOD0028,com/euphoriapatches/shadow/com/google/common/collect/Ordering.class,CLASS,,u:tt,u
MOD0028,com/euphoriapatches/shadow/com/google/common/collect/Ordering.class,CLASS,,t:ljava/lang/object,t
MOD0028,com/euphoriapatches/shadow/com/google/common/collect/Ordering.class,CLASS,,s:tt,s
MOD0028,com/euphoriapatches/shadow/com/google/common/collect/Ordering.class,CLASS,,e:tt,e
MOD0028,com/euphoriapatches/shadow/com/google/common/collect/Ordering.class,CLASS,,e:tt,e
MOD0028,com/euphoriapatches/shadow/com/google/common/collect/Ordering.class,CLASS,,e:tt,e
MOD0028,com/euphoriapatches/shadow/com/google/common/collect/Ordering.class,CLASS,,e:tt,e
MOD0028,com/euphoriapatches/shadow/com/google/common/collect/Ordering.class,CLASS,,e:tt,e
MOD0028,com/euphoriapatches/shadow/com/google/common/collect/Ordering.class,CLASS,,e:tt,e
MOD0028,com/euphoriapatches/shadow/com/google/common/collect/Ordering.class,CLASS,,e:tt,e
MOD0028,com/euphoriapatches/shadow/com/google/common/collect/Ordering.class,CLASS,,e:tt,e
MOD0028,com/euphoriapatches/shadow/com/google/common/collect/CollectCollectors$EnumMapAccumulator.class,CLASS,,k:ljava/lang/enum,k
MOD0028,com/euphoriapatches/shadow/com/google/common/collect/CollectCollectors$EnumMapAccumulator.class,CLASS,,v:ljava/lang/object,v
MOD0028,com/euphoriapatches/shadow/com/google/common/collect/SingletonImmutableList.class,CLASS,,e:ljava/lang/object,e
MOD0028,com/euphoriapatches/shadow/org/apache/commons/io/function/IOConsumer.class,CLASS,,t:ljava/lang/object,t
MOD0028,com/euphoriapatches/shadow/org/apache/commons/io/function/IOConsumer.class,CLASS,,t:ljava/lang/object,t
MOD0028,com/euphoriapatches/shadow/com/google/common/collect/Multisets$MultisetIteratorImpl.class,CLASS,,e:ljava/lang/object,e
MOD0028,com/euphoriapatches/shadow/com/google/common/collect/ImmutableMap$IteratorBasedImmutableMap.class,CLASS,,k:ljava/lang/object,k
MOD0028,com/euphoriapatches/shadow/com/google/common/collect/ImmutableMap$IteratorBasedImmutableMap.class,CLASS,,v:ljava/lang/object,v
MOD0028,com/euphoriapatches/shadow/com/google/common/collect/ImmutableSetMultimap.class,CLASS,,k:ljava/lang/object,k
MOD0028,com/euphoriapatches/shadow/com/google/common/collect/ImmutableSetMultimap.class,CLASS,,v:ljava/lang/object,v
MOD0028,com/euphoriapatches/shadow/com/google/common/collect/ImmutableSetMultimap.class,CLASS,,t:ljava/lang/object,t
MOD0028,com/euphoriapatches/shadow/com/google/common/collect/ImmutableSetMultimap.class,CLASS,,k:ljava/lang/object,k
MOD0028,com/euphoriapatches/shadow/com/google/common/collect/ImmutableSetMultimap.class,CLASS,,v:ljava/lang/object,v
MOD0028,com/euphoriapatches/shadow/com/google/common/collect/ImmutableSetMultimap.class,CLASS,,t:ljava/lang/object,t
MOD0028,com/euphoriapatches/shadow/com/google/common/collect/ImmutableSetMultimap.class,CLASS,,k:ljava/lang/object,k
MOD0028,com/euphoriapatches/shadow/com/google/common/collect/ImmutableSetMultimap.class,CLASS,,v:ljava/lang/object,v
MOD0028,com/euphoriapatches/shadow/com/google/common/collect/ImmutableSetMultimap.class,CLASS,,k:ljava/lang/object,k
MOD0028,com/euphoriapatches/shadow/com/google/common/collect/ImmutableSetMultimap.class,CLASS,,v:ljava/lang/object,v
MOD0028,com/euphoriapatches/shadow/com/google/common/collect/ImmutableSetMultimap.class,CLASS,,k:ljava/lang/object,k
MOD0028,com/euphoriapatches/shadow/com/google/common/collect/ImmutableSetMultimap.class,CLASS,,v:ljava/lang/object,v
MOD0028,com/euphoriapatches/shadow/com/google/common/collect/ImmutableSetMultimap.class,CLASS,,k:ljava/lang/object,k
MOD0028,com/euphoriapatches/shadow/com/google/common/collect/ImmutableSetMultimap.class,CLASS,,v:ljava/lang/object,v
MOD0028,com/euphoriapatches/shadow/com/google/common/collect/ImmutableSetMultimap.class,CLASS,,k:ljava/lang/object,k
MOD0028,com/euphoriapatches/shadow/com/google/common/collect/ImmutableSetMultimap.class,CLASS,,v:ljava/lang/object,v
MOD0028,com/euphoriapatches/shadow/com/google/common/collect/ImmutableSetMultimap.class,CLASS,,k:ljava/lang/object,k
MOD0028,com/euphoriapatches/shadow/com/google/common/collect/ImmutableSetMultimap.class,CLASS,,v:ljava/lang/object,v
MOD0028,com/euphoriapatches/shadow/com/google/common/collect/ImmutableSetMultimap.class,CLASS,,k:ljava/lang/object,k
MOD0028,com/euphoriapatches/shadow/com/google/common/collect/ImmutableSetMultimap.class,CLASS,,v:ljava/lang/object,v
MOD0028,com/euphoriapatches/shadow/com/google/common/collect/ImmutableSetMultimap.class,CLASS,,k:ljava/lang/object,k
MOD0028,com/euphoriapatches/shadow/com/google/common/collect/ImmutableSetMultimap.class,CLASS,,v:ljava/lang/object,v
MOD0028,com/euphoriapatches/shadow/com/google/common/collect/ImmutableSetMultimap.class,CLASS,,k:ljava/lang/object,k
MOD0028,com/euphoriapatches/shadow/com/google/common/collect/ImmutableSetMultimap.class,CLASS,,v:ljava/lang/object,v
MOD0028,com/euphoriapatches/shadow/com/google/common/collect/ImmutableSetMultimap.class,CLASS,,k:ljava/lang/object,k
MOD0028,com/euphoriapatches/shadow/com/google/common/collect/ImmutableSetMultimap.class,CLASS,,v:ljava/lang/object,v
MOD0028,com/euphoriapatches/shadow/com/google/common/collect/ImmutableSetMultimap.class,CLASS,,k:ljava/lang/object,k
MOD0028,com/euphoriapatches/shadow/com/google/common/collect/ImmutableSetMultimap.class,CLASS,,v:ljava/lang/object,v
MOD0028,com/euphoriapatches/shadow/com/google/common/collect/ImmutableSetMultimap.class,CLASS,,k:ljava/lang/object,k
MOD0028,com/euphoriapatches/shadow/com/google/common/collect/ImmutableSetMultimap.class,CLASS,,v:ljava/lang/object,v
MOD0028,com/euphoriapatches/shadow/com/google/common/collect/ImmutableSetMultimap.class,CLASS,,v:ljava/lang/object,v
MOD0028,com/euphoriapatches/shadow/com/google/common/collect/ImmutableSetMultimap.class,CLASS,,v:ljava/lang/object,v
MOD0028,com/euphoriapatches/shadow/com/google/common/collect/ImmutableSetMultimap.class,CLASS,,v:ljava/lang/object,v
MOD0028,com/euphoriapatches/shadow/com/google/common/collect/MapMakerInternalMap$StrongKeyDummyValueEntry$Helper.class,CLASS,,k:ljava/lang/object,k
MOD0028,com/euphoriapatches/shadow/com/google/common/collect/MapMakerInternalMap$StrongKeyDummyValueEntry$Helper.class,CLASS,,k:ljava/lang/object,k
MOD0028,com/euphoriapatches/shadow/com/google/common/collect/Streams$MapWithIndexSpliterator.class,CLASS,,r:ljava/lang/object,r
MOD0028,com/euphoriapatches/shadow/com/google/common/collect/Streams$MapWithIndexSpliterator.class,CLASS,,s:lcom/euphoriapatches/shadow/com/google/common/collect/streams,s
MOD0028,com/euphoriapatches/shadow/com/google/common/collect/TransformedListIterator.class,CLASS,,f:ljava/lang/object,f
MOD0028,com/euphoriapatches/shadow/com/google/common/collect/TransformedListIterator.class,CLASS,,t:ljava/lang/object,t
MOD0028,com/euphoriapatches/shadow/com/google/common/collect/ImmutableMapEntrySet.class,CLASS,,k:ljava/lang/object,k
MOD0028,com/euphoriapatches/shadow/com/google/common/collect/ImmutableMapEntrySet.class,CLASS,,v:ljava/lang/object,v
MOD0028,com/euphoriapatches/shadow/org/apache/commons/io/output/AbstractByteArrayOutputStream$InputStreamConstructor.class,CLASS,,t:ljava/io/inputstream,t
MOD0028,com/euphoriapatches/shadow/com/google/common/collect/Maps$EntryTransformer.class,CLASS,,k:ljava/lang/object,k
MOD0028,com/euphoriapatches/shadow/com/google/common/collect/Maps$EntryTransformer.class,CLASS,,v1:ljava/lang/object,v1
MOD0028,com/euphoriapatches/shadow/com/google/common/collect/Maps$EntryTransformer.class,CLASS,,v2:ljava/lang/object,v2
MOD0028,com/euphoriapatches/shadow/com/google/gson/internal/bind/MapTypeAdapterFactory$Adapter.class,CLASS,,k:ljava/lang/object,k
MOD0028,com/euphoriapatches/shadow/com/google/gson/internal/bind/MapTypeAdapterFactory$Adapter.class,CLASS,,v:ljava/lang/object,v
MOD0028,com/euphoriapatches/shadow/com/google/common/collect/MapMakerInternalMap$InternalEntryHelper.class,CLASS,,k:ljava/lang/object,k
MOD0028,com/euphoriapatches/shadow/com/google/common/collect/MapMakerInternalMap$InternalEntryHelper.class,CLASS,,v:ljava/lang/object,v
MOD0028,com/euphoriapatches/shadow/com/google/common/collect/MapMakerInternalMap$InternalEntryHelper.class,CLASS,,s:lcom/euphoriapatches/shadow/com/google/common/collect/mapmakerinternalmap,s
MOD0028,com/euphoriapatches/shadow/com/google/common/collect/NullsLastOrdering.class,CLASS,,t:ljava/lang/object,t
MOD0028,com/euphoriapatches/shadow/com/google/common/collect/NullsLastOrdering.class,CLASS,,s:tt,s
MOD0028,com/euphoriapatches/shadow/com/google/common/collect/FilteredKeyMultimap$AddRejectingList.class,CLASS,,k:ljava/lang/object,k
MOD0028,com/euphoriapatches/shadow/com/google/common/collect/FilteredKeyMultimap$AddRejectingList.class,CLASS,,v:ljava/lang/object,v
MOD0028,com/euphoriapatches/shadow/com/google/common/collect/Maps$Values.class,CLASS,,k:ljava/lang/object,k
MOD0028,com/euphoriapatches/shadow/com/google/common/collect/Maps$Values.class,CLASS,,v:ljava/lang/object,v
MOD0028,com/euphoriapatches/shadow/com/google/common/collect/MultimapBuilder$MultimapBuilderWithKeys.class,CLASS,,k0:ljava/lang/object,k0
MOD0028,com/euphoriapatches/shadow/com/google/common/collect/MultimapBuilder$MultimapBuilderWithKeys.class,CLASS,,k:tk0,k
MOD0028,com/euphoriapatches/shadow/com/google/common/collect/MultimapBuilder$MultimapBuilderWithKeys.class,CLASS,,v:ljava/lang/object,v
MOD0028,com/euphoriapatches/shadow/com/google/common/collect/MultimapBuilder$MultimapBuilderWithKeys.class,CLASS,,v0:ljava/lang/object,v0
MOD0028,com/euphoriapatches/shadow/com/google/common/collect/MultimapBuilder$MultimapBuilderWithKeys.class,CLASS,,v0:ljava/lang/enum,v0
MOD0028,com/euphoriapatches/shadow/com/google/common/collect/SortedLists$KeyPresentBehavior$1.class,CLASS,,e:ljava/lang/object,e
MOD0028,com/euphoriapatches/shadow/com/google/common/collect/MapMakerInternalMap$WeakKeyStrongValueSegment.class,CLASS,,k:ljava/lang/object,k
MOD0028,com/euphoriapatches/shadow/com/google/common/collect/MapMakerInternalMap$WeakKeyStrongValueSegment.class,CLASS,,v:ljava/lang/object,v
MOD0028,com/euphoriapatches/shadow/com/google/common/base/Predicates$InPredicate.class,CLASS,,t:ljava/lang/object,t
MOD0028,com/euphoriapatches/shadow/com/google/common/collect/MapDifference.class,CLASS,,k:ljava/lang/object,k
MOD0028,com/euphoriapatches/shadow/com/google/common/collect/MapDifference.class,CLASS,,v:ljava/lang/object,v
MOD0028,com/euphoriapatches/shadow/com/google/gson/internal/bind/TypeAdapters$31.class,CLASS,,t:ljava/lang/object,t
MOD0028,com/euphoriapatches/shadow/com/google/common/collect/Synchronized$SynchronizedSet.class,CLASS,,e:ljava/lang/object,e
MOD0028,com/euphoriapatches/shadow/org/apache/commons/compress/utils/Lists.class,CLASS,,e:ljava/lang/object,e
MOD0028,com/euphoriapatches/shadow/org/apache/commons/compress/utils/Lists.class,CLASS,,e:ljava/lang/object,e
MOD0028,com/euphoriapatches/euphoria_patcher/logging/EuphoriaLogger.class,CLASS,,hh:mm,hh
MOD0028,com/euphoriapatches/euphoria_patcher/logging/EuphoriaLogger.class,CLASS,,http://,http
MOD0028,com/euphoriapatches/euphoria_patcher/logging/EuphoriaLogger.class,CLASS,,https://,https
MOD0028,com/euphoriapatches/shadow/com/google/common/collect/ByFunctionOrdering.class,CLASS,,f:ljava/lang/object,f
MOD0028,com/euphoriapatches/shadow/com/google/common/collect/ByFunctionOrdering.class,CLASS,,t:ljava/lang/object,t
MOD0028,com/euphoriapatches/shadow/com/google/common/collect/Multimaps$TransformedEntriesMultimap.class,CLASS,,k:ljava/lang/object,k
MOD0028,com/euphoriapatches/shadow/com/google/common/collect/Multimaps$TransformedEntriesMultimap.class,CLASS,,v1:ljava/lang/object,v1
MOD0028,com/euphoriapatches/shadow/com/google/common/collect/Multimaps$TransformedEntriesMultimap.class,CLASS,,v2:ljava/lang/object,v2
MOD0028,com/euphoriapatches/shadow/org/apache/commons/compress/archivers/sevenz/Coders$BCJDecoder.class,CLASS,,https://commons.apache.org/proper/commons-compress/limitations.html,https
MOD0028,com/euphoriapatches/shadow/com/google/common/collect/CartesianList.class,CLASS,,e:ljava/lang/object,e
MOD0028,com/euphoriapatches/shadow/com/google/common/collect/CartesianList.class,CLASS,,e:ljava/lang/object,e
MOD0028,com/euphoriapatches/shadow/com/google/common/base/Predicate.class,CLASS,,t:ljava/lang/object,t
MOD0028,com/euphoriapatches/shadow/com/google/common/collect/Collections2$PermutationIterator.class,CLASS,,e:ljava/lang/object,e
MOD0028,com/euphoriapatches/euphoria_patcher/util/UpdateChecker.class,CLASS,,https://api.modrinth.com/v2/project/4h6sumdb/version,https
MOD0028,com/euphoriapatches/euphoria_patcher/util/UpdateChecker.class,CLASS,,https://api.modrinth.com/v2/project/4h6sumdb/version,https
MOD0028,com/euphoriapatches/euphoria_patcher/util/UpdateChecker.class,CLASS,,https://euphoriapatches.com/download,https
MOD0028,com/euphoriapatches/euphoria_patcher/util/UpdateChecker.class,CLASS,,https://api.modrinth.com/v2/project/4h6sumdb/version,https
MOD0028,com/euphoriapatches/euphoria_patcher/util/UpdateChecker.class,CLASS,,https://api.modrinth.com/v2/project/4h6sumdb/version,https
MOD0028,com/euphoriapatches/shadow/com/google/common/collect/MapMakerInternalMap$StrongKeyStrongValueEntry.class,CLASS,,k:ljava/lang/object,k
MOD0028,com/euphoriapatches/shadow/com/google/common/collect/MapMakerInternalMap$StrongKeyStrongValueEntry.class,CLASS,,v:ljava/lang/object,v
MOD0028,com/euphoriapatches/shadow/com/google/common/collect/CollectSpliterators.class,CLASS,,t:ljava/lang/object,t
MOD0028,com/euphoriapatches/shadow/com/google/common/collect/CollectSpliterators.class,CLASS,,t:ljava/lang/object,t
MOD0028,com/euphoriapatches/shadow/com/google/common/collect/CollectSpliterators.class,CLASS,,inelementt:ljava/lang/object,inelementt
MOD0028,com/euphoriapatches/shadow/com/google/common/collect/CollectSpliterators.class,CLASS,,outelementt:ljava/lang/object,outelementt
MOD0028,com/euphoriapatches/shadow/com/google/common/collect/CollectSpliterators.class,CLASS,,t:ljava/lang/object,t
MOD0028,com/euphoriapatches/shadow/com/google/common/collect/CollectSpliterators.class,CLASS,,inelementt:ljava/lang/object,inelementt
MOD0028,com/euphoriapatches/shadow/com/google/common/collect/CollectSpliterators.class,CLASS,,outelementt:ljava/lang/object,outelementt
MOD0028,com/euphoriapatches/shadow/com/google/common/collect/CollectSpliterators.class,CLASS,,inelementt:ljava/lang/object,inelementt
MOD0028,com/euphoriapatches/shadow/com/google/common/collect/CollectSpliterators.class,CLASS,,inelementt:ljava/lang/object,inelementt
MOD0028,com/euphoriapatches/shadow/com/google/common/collect/CollectSpliterators.class,CLASS,,inelementt:ljava/lang/object,inelementt
MOD0028,com/euphoriapatches/shadow/com/google/common/collect/CompoundOrdering.class,CLASS,,t:ljava/lang/object,t
MOD0028,com/euphoriapatches/shadow/com/google/common/collect/Synchronized$SynchronizedSortedSetMultimap.class,CLASS,,k:ljava/lang/object,k
MOD0028,com/euphoriapatches/shadow/com/google/common/collect/Synchronized$SynchronizedSortedSetMultimap.class,CLASS,,v:ljava/lang/object,v
MOD0028,com/euphoriapatches/shadow/com/google/common/collect/RegularImmutableSortedSet.class,CLASS,,e:ljava/lang/object,e
MOD0028,com/euphoriapatches/shadow/com/google/common/collect/AbstractMapBasedMultimap.class,CLASS,,k:ljava/lang/object,k
MOD0028,com/euphoriapatches/shadow/com/google/common/collect/AbstractMapBasedMultimap.class,CLASS,,v:ljava/lang/object,v
MOD0028,com/euphoriapatches/shadow/com/google/common/collect/AbstractMapBasedMultimap.class,CLASS,,e:ljava/lang/object,e
MOD0028,com/euphoriapatches/shadow/com/google/common/collect/AbstractMapBasedMultimap.class,CLASS,,e:ljava/lang/object,e
MOD0028,com/euphoriapatches/shadow/com/google/common/collect/ImmutableMapKeySet.class,CLASS,,k:ljava/lang/object,k
MOD0028,com/euphoriapatches/shadow/com/google/common/collect/ImmutableMapKeySet.class,CLASS,,v:ljava/lang/object,v
MOD0028,com/euphoriapatches/shadow/com/google/common/collect/Maps$ValueDifferenceImpl.class,CLASS,,v:ljava/lang/object,v
MOD0028,com/euphoriapatches/shadow/com/google/common/collect/Maps$ValueDifferenceImpl.class,CLASS,,v:ljava/lang/object,v
MOD0028,com/euphoriapatches/shadow/com/google/common/collect/Synchronized$SynchronizedCollection.class,CLASS,,e:ljava/lang/object,e
MOD0028,com/euphoriapatches/shadow/com/google/common/collect/Synchronized$SynchronizedCollection.class,CLASS,,t:ljava/lang/object,t
MOD0028,com/euphoriapatches/euphoria_patcher/EuphoriaPatcher.class,CLASS,,https://www.complementary.dev/,https
MOD0028,com/euphoriapatches/euphoria_patcher/EuphoriaPatcher.class,CLASS,,https://euphoriapatches.com/download,https
MOD0028,com/euphoriapatches/shadow/com/google/gson/internal/LinkedTreeMap.class,CLASS,,k:ljava/lang/object,k
MOD0028,com/euphoriapatches/shadow/com/google/gson/internal/LinkedTreeMap.class,CLASS,,v:ljava/lang/object,v
MOD0028,com/euphoriapatches/shadow/com/google/common/collect/Multimaps$TransformedEntriesListMultimap.class,CLASS,,k:ljava/lang/object,k
MOD0028,com/euphoriapatches/shadow/com/google/common/collect/Multimaps$TransformedEntriesListMultimap.class,CLASS,,v1:ljava/lang/object,v1
MOD0028,com/euphoriapatches/shadow/com/google/common/collect/Multimaps$TransformedEntriesListMultimap.class,CLASS,,v2:ljava/lang/object,v2
MOD0028,com/euphoriapatches/shadow/com/google/common/collect/Maps$FilteredEntryBiMap.class,CLASS,,k:ljava/lang/object,k
MOD0028,com/euphoriapatches/shadow/com/google/common/collect/Maps$FilteredEntryBiMap.class,CLASS,,v:ljava/lang/object,v
MOD0028,com/euphoriapatches/shadow/com/google/common/collect/Maps$FilteredEntryBiMap.class,CLASS,,k:ljava/lang/object,k
MOD0028,com/euphoriapatches/shadow/com/google/common/collect/Maps$FilteredEntryBiMap.class,CLASS,,v:ljava/lang/object,v
MOD0028,com/euphoriapatches/shadow/com/google/common/collect/SortedMultisetBridge.class,CLASS,,e:ljava/lang/object,e
MOD0028,com/euphoriapatches/shadow/com/google/common/collect/Synchronized$SynchronizedMap.class,CLASS,,k:ljava/lang/object,k
MOD0028,com/euphoriapatches/shadow/com/google/common/collect/Synchronized$SynchronizedMap.class,CLASS,,v:ljava/lang/object,v
MOD0028,com/euphoriapatches/shadow/com/google/common/collect/Multimaps$CustomMultimap.class,CLASS,,k:ljava/lang/object,k
MOD0028,com/euphoriapatches/shadow/com/google/common/collect/Multimaps$CustomMultimap.class,CLASS,,v:ljava/lang/object,v
MOD0028,com/euphoriapatches/shadow/com/google/common/collect/Multimaps$CustomMultimap.class,CLASS,,e:ljava/lang/object,e
MOD0028,com/euphoriapatches/shadow/com/google/common/collect/Multimaps.class,CLASS,,t:ljava/lang/object,t
MOD0028,com/euphoriapatches/shadow/com/google/common/collect/Multimaps.class,CLASS,,k:ljava/lang/object,k
MOD0028,com/euphoriapatches/shadow/com/google/common/collect/Multimaps.class,CLASS,,v:ljava/lang/object,v
MOD0028,com/euphoriapatches/shadow/com/google/common/collect/Multimaps.class,CLASS,,t:ljava/lang/object,t
MOD0028,com/euphoriapatches/shadow/com/google/common/collect/Multimaps.class,CLASS,,k:ljava/lang/object,k
MOD0028,com/euphoriapatches/shadow/com/google/common/collect/Multimaps.class,CLASS,,v:ljava/lang/object,v
MOD0028,com/euphoriapatches/shadow/com/google/common/collect/Multimaps.class,CLASS,,k:ljava/lang/object,k
MOD0028,com/euphoriapatches/shadow/com/google/common/collect/Multimaps.class,CLASS,,v:ljava/lang/object,v
MOD0028,com/euphoriapatches/shadow/com/google/common/collect/Multimaps.class,CLASS,,k:ljava/lang/object,k
MOD0028,com/euphoriapatches/shadow/com/google/common/collect/Multimaps.class,CLASS,,v:ljava/lang/object,v
MOD0028,com/euphoriapatches/shadow/com/google/common/collect/Multimaps.class,CLASS,,k:ljava/lang/object,k
MOD0028,com/euphoriapatches/shadow/com/google/common/collect/Multimaps.class,CLASS,,v:ljava/lang/object,v
MOD0028,com/euphoriapatches/shadow/com/google/common/collect/Multimaps.class,CLASS,,k:ljava/lang/object,k
MOD0028,com/euphoriapatches/shadow/com/google/common/collect/Multimaps.class,CLASS,,v:ljava/lang/object,v
MOD0028,com/euphoriapatches/shadow/com/google/common/collect/Multimaps.class,CLASS,,k:ljava/lang/object,k
MOD0028,com/euphoriapatches/shadow/com/google/common/collect/Multimaps.class,CLASS,,v:ljava/lang/object,v
MOD0028,com/euphoriapatches/shadow/com/google/common/collect/Multimaps.class,CLASS,,k:ljava/lang/object,k
MOD0028,com/euphoriapatches/shadow/com/google/common/collect/Multimaps.class,CLASS,,v:ljava/lang/object,v
MOD0028,com/euphoriapatches/shadow/com/google/common/collect/Multimaps.class,CLASS,,k:ljava/lang/object,k
MOD0028,com/euphoriapatches/shadow/com/google/common/collect/Multimaps.class,CLASS,,v:ljava/lang/object,v
MOD0028,com/euphoriapatches/shadow/com/google/common/collect/Multimaps.class,CLASS,,k:ljava/lang/object,k
MOD0028,com/euphoriapatches/shadow/com/google/common/collect/Multimaps.class,CLASS,,v:ljava/lang/object,v
MOD0028,com/euphoriapatches/shadow/com/google/common/collect/Multimaps.class,CLASS,,k:ljava/lang/object,k
MOD0028,com/euphoriapatches/shadow/com/google/common/collect/Multimaps.class,CLASS,,v:ljava/lang/object,v
MOD0028,com/euphoriapatches/shadow/com/google/common/collect/Multimaps.class,CLASS,,k:ljava/lang/object,k
MOD0028,com/euphoriapatches/shadow/com/google/common/collect/Multimaps.class,CLASS,,v:ljava/lang/object,v
MOD0028,com/euphoriapatches/shadow/com/google/common/collect/Multimaps.class,CLASS,,k:ljava/lang/object,k
MOD0028,com/euphoriapatches/shadow/com/google/common/collect/Multimaps.class,CLASS,,v:ljava/lang/object,v
MOD0028,com/euphoriapatches/shadow/com/google/common/collect/Multimaps.class,CLASS,,k:ljava/lang/object,k
MOD0028,com/euphoriapatches/shadow/com/google/common/collect/Multimaps.class,CLASS,,v:ljava/lang/object,v
MOD0028,com/euphoriapatches/shadow/com/google/common/collect/Multimaps.class,CLASS,,v:ljava/lang/object,v
MOD0028,com/euphoriapatches/shadow/com/google/common/collect/Multimaps.class,CLASS,,k:ljava/lang/object,k
MOD0028,com/euphoriapatches/shadow/com/google/common/collect/Multimaps.class,CLASS,,v:ljava/lang/object,v
MOD0028,com/euphoriapatches/shadow/com/google/common/collect/Multimaps.class,CLASS,,k:ljava/lang/object,k
MOD0028,com/euphoriapatches/shadow/com/google/common/collect/Multimaps.class,CLASS,,v:ljava/lang/object,v
MOD0028,com/euphoriapatches/shadow/com/google/common/collect/Multimaps.class,CLASS,,k:ljava/lang/object,k
MOD0028,com/euphoriapatches/shadow/com/google/common/collect/Multimaps.class,CLASS,,v:ljava/lang/object,v
MOD0028,com/euphoriapatches/shadow/com/google/common/collect/Multimaps.class,CLASS,,k:ljava/lang/object,k
MOD0028,com/euphoriapatches/shadow/com/google/common/collect/Multimaps.class,CLASS,,v:ljava/lang/object,v
MOD0028,com/euphoriapatches/shadow/com/google/common/collect/Multimaps.class,CLASS,,k:ljava/lang/object,k
MOD0028,com/euphoriapatches/shadow/com/google/common/collect/Multimaps.class,CLASS,,v:ljava/lang/object,v
MOD0028,com/euphoriapatches/shadow/com/google/common/collect/Multimaps.class,CLASS,,k:ljava/lang/object,k
MOD0028,com/euphoriapatches/shadow/com/google/common/collect/Multimaps.class,CLASS,,v:ljava/lang/object,v
MOD0028,com/euphoriapatches/shadow/com/google/common/collect/Multimaps.class,CLASS,,k:ljava/lang/object,k
MOD0028,com/euphoriapatches/shadow/com/google/common/collect/Multimaps.class,CLASS,,v1:ljava/lang/object,v1
MOD0028,com/euphoriapatches/shadow/com/google/common/collect/Multimaps.class,CLASS,,v2:ljava/lang/object,v2
MOD0028,com/euphoriapatches/shadow/com/google/common/collect/Multimaps.class,CLASS,,k:ljava/lang/object,k
MOD0028,com/euphoriapatches/shadow/com/google/common/collect/Multimaps.class,CLASS,,v1:ljava/lang/object,v1
MOD0028,com/euphoriapatches/shadow/com/google/common/collect/Multimaps.class,CLASS,,v2:ljava/lang/object,v2
MOD0028,com/euphoriapatches/shadow/com/google/common/collect/Multimaps.class,CLASS,,k:ljava/lang/object,k
MOD0028,com/euphoriapatches/shadow/com/google/common/collect/Multimaps.class,CLASS,,v1:ljava/lang/object,v1
MOD0028,com/euphoriapatches/shadow/com/google/common/collect/Multimaps.class,CLASS,,v2:ljava/lang/object,v2
MOD0028,com/euphoriapatches/shadow/com/google/common/collect/Multimaps.class,CLASS,,k:ljava/lang/object,k
MOD0028,com/euphoriapatches/shadow/com/google/common/collect/Multimaps.class,CLASS,,v1:ljava/lang/object,v1
MOD0028,com/euphoriapatches/shadow/com/google/common/collect/Multimaps.class,CLASS,,v2:ljava/lang/object,v2
MOD0028,com/euphoriapatches/shadow/com/google/common/collect/Multimaps.class,CLASS,,k:ljava/lang/object,k
MOD0028,com/euphoriapatches/shadow/com/google/common/collect/Multimaps.class,CLASS,,v:ljava/lang/object,v
MOD0028,com/euphoriapatches/shadow/com/google/common/collect/Multimaps.class,CLASS,,k:ljava/lang/object,k
MOD0028,com/euphoriapatches/shadow/com/google/common/collect/Multimaps.class,CLASS,,v:ljava/lang/object,v
MOD0028,com/euphoriapatches/shadow/com/google/common/collect/Multimaps.class,CLASS,,k:ljava/lang/object,k
MOD0028,com/euphoriapatches/shadow/com/google/common/collect/Multimaps.class,CLASS,,v:ljava/lang/object,v
MOD0028,com/euphoriapatches/shadow/com/google/common/collect/Multimaps.class,CLASS,,k:ljava/lang/object,k
MOD0028,com/euphoriapatches/shadow/com/google/common/collect/Multimaps.class,CLASS,,v:ljava/lang/object,v
MOD0028,com/euphoriapatches/shadow/com/google/common/collect/Multimaps.class,CLASS,,k:ljava/lang/object,k
MOD0028,com/euphoriapatches/shadow/com/google/common/collect/Multimaps.class,CLASS,,v:ljava/lang/object,v
MOD0028,com/euphoriapatches/shadow/com/google/common/collect/Multimaps.class,CLASS,,k:ljava/lang/object,k
MOD0028,com/euphoriapatches/shadow/com/google/common/collect/Multimaps.class,CLASS,,v:ljava/lang/object,v
MOD0028,com/euphoriapatches/shadow/com/google/common/collect/Multimaps.class,CLASS,,k:ljava/lang/object,k
MOD0028,com/euphoriapatches/shadow/com/google/common/collect/Multimaps.class,CLASS,,v:ljava/lang/object,v
MOD0028,com/euphoriapatches/shadow/com/google/common/collect/Multimaps.class,CLASS,,k:ljava/lang/object,k
MOD0028,com/euphoriapatches/shadow/com/google/common/collect/Multimaps.class,CLASS,,v:ljava/lang/object,v
MOD0028,com/euphoriapatches/shadow/com/google/common/collect/Multimaps.class,CLASS,,k:ljava/lang/object,k
MOD0028,com/euphoriapatches/shadow/com/google/common/collect/Multimaps.class,CLASS,,v:ljava/lang/object,v
MOD0028,com/euphoriapatches/shadow/com/google/common/collect/Multimaps.class,CLASS,,k:ljava/lang/object,k
MOD0028,com/euphoriapatches/shadow/com/google/common/collect/Multimaps.class,CLASS,,v:ljava/lang/object,v
MOD0028,com/euphoriapatches/shadow/com/google/common/collect/Multimaps.class,CLASS,,k:ljava/lang/object,k
MOD0028,com/euphoriapatches/shadow/com/google/common/collect/Multimaps.class,CLASS,,v:ljava/lang/object,v
MOD0028,com/euphoriapatches/shadow/com/google/common/collect/Synchronized$SynchronizedDeque.class,CLASS,,e:ljava/lang/object,e
MOD0028,com/euphoriapatches/shadow/com/google/common/collect/ImmutableSortedMapFauxverideShim.class,CLASS,,k:ljava/lang/object,k
MOD0028,com/euphoriapatches/shadow/com/google/common/collect/ImmutableSortedMapFauxverideShim.class,CLASS,,v:ljava/lang/object,v
MOD0028,com/euphoriapatches/shadow/com/google/common/collect/ImmutableSortedMapFauxverideShim.class,CLASS,,t:ljava/lang/object,t
MOD0028,com/euphoriapatches/shadow/com/google/common/collect/ImmutableSortedMapFauxverideShim.class,CLASS,,k:ljava/lang/object,k
MOD0028,com/euphoriapatches/shadow/com/google/common/collect/ImmutableSortedMapFauxverideShim.class,CLASS,,v:ljava/lang/object,v
MOD0028,com/euphoriapatches/shadow/com/google/common/collect/ImmutableSortedMapFauxverideShim.class,CLASS,,t:ljava/lang/object,t
MOD0028,com/euphoriapatches/shadow/com/google/common/collect/ImmutableSortedMapFauxverideShim.class,CLASS,,k:ljava/lang/object,k
MOD0028,com/euphoriapatches/shadow/com/google/common/collect/ImmutableSortedMapFauxverideShim.class,CLASS,,v:ljava/lang/object,v
MOD0028,com/euphoriapatches/shadow/com/google/common/collect/ImmutableSortedMapFauxverideShim.class,CLASS,,k:ljava/lang/object,k
MOD0028,com/euphoriapatches/shadow/com/google/common/collect/ImmutableSortedMapFauxverideShim.class,CLASS,,v:ljava/lang/object,v
MOD0028,com/euphoriapatches/shadow/com/google/common/collect/ImmutableSortedMapFauxverideShim.class,CLASS,,k:ljava/lang/object,k
MOD0028,com/euphoriapatches/shadow/com/google/common/collect/ImmutableSortedMapFauxverideShim.class,CLASS,,v:ljava/lang/object,v
MOD0028,com/euphoriapatches/shadow/com/google/common/collect/ImmutableSortedMapFauxverideShim.class,CLASS,,k:ljava/lang/object,k
MOD0028,com/euphoriapatches/shadow/com/google/common/collect/ImmutableSortedMapFauxverideShim.class,CLASS,,v:ljava/lang/object,v
MOD0028,com/euphoriapatches/shadow/com/google/common/collect/ImmutableSortedMapFauxverideShim.class,CLASS,,k:ljava/lang/object,k
MOD0028,com/euphoriapatches/shadow/com/google/common/collect/ImmutableSortedMapFauxverideShim.class,CLASS,,v:ljava/lang/object,v
MOD0028,com/euphoriapatches/shadow/com/google/common/collect/ImmutableSortedMapFauxverideShim.class,CLASS,,k:ljava/lang/object,k
MOD0028,com/euphoriapatches/shadow/com/google/common/collect/ImmutableSortedMapFauxverideShim.class,CLASS,,v:ljava/lang/object,v
MOD0028,com/euphoriapatches/shadow/com/google/common/collect/ImmutableSortedMapFauxverideShim.class,CLASS,,k:ljava/lang/object,k
MOD0028,com/euphoriapatches/shadow/com/google/common/collect/ImmutableSortedMapFauxverideShim.class,CLASS,,v:ljava/lang/object,v
MOD0028,com/euphoriapatches/shadow/com/google/common/collect/ImmutableSortedMapFauxverideShim.class,CLASS,,k:ljava/lang/object,k
MOD0028,com/euphoriapatches/shadow/com/google/common/collect/ImmutableSortedMapFauxverideShim.class,CLASS,,v:ljava/lang/object,v
MOD0028,com/euphoriapatches/shadow/com/google/common/collect/ImmutableSortedMapFauxverideShim.class,CLASS,,k:ljava/lang/object,k
MOD0028,com/euphoriapatches/shadow/com/google/common/collect/ImmutableSortedMapFauxverideShim.class,CLASS,,v:ljava/lang/object,v
MOD0028,com/euphoriapatches/shadow/com/google/common/collect/ImmutableSortedMapFauxverideShim.class,CLASS,,k:ljava/lang/object,k
MOD0028,com/euphoriapatches/shadow/com/google/common/collect/ImmutableSortedMapFauxverideShim.class,CLASS,,v:ljava/lang/object,v
MOD0028,com/euphoriapatches/shadow/com/google/common/collect/ImmutableSortedMapFauxverideShim.class,CLASS,,k:ljava/lang/object,k
MOD0028,com/euphoriapatches/shadow/com/google/common/collect/ImmutableSortedMapFauxverideShim.class,CLASS,,v:ljava/lang/object,v
MOD0028,com/euphoriapatches/shadow/com/google/common/collect/ImmutableSortedMapFauxverideShim.class,CLASS,,k:ljava/lang/object,k
MOD0028,com/euphoriapatches/shadow/com/google/common/collect/ImmutableSortedMapFauxverideShim.class,CLASS,,v:ljava/lang/object,v
MOD0028,com/euphoriapatches/shadow/com/google/common/collect/ImmutableSortedMapFauxverideShim.class,CLASS,,k:ljava/lang/object,k
MOD0028,com/euphoriapatches/shadow/com/google/common/collect/ImmutableSortedMapFauxverideShim.class,CLASS,,v:ljava/lang/object,v
MOD0028,com/euphoriapatches/shadow/com/google/common/collect/ImmutableSortedMapFauxverideShim.class,CLASS,,k:ljava/lang/object,k
MOD0028,com/euphoriapatches/shadow/com/google/common/collect/ImmutableSortedMapFauxverideShim.class,CLASS,,v:ljava/lang/object,v
MOD0028,com/euphoriapatches/shadow/com/google/common/collect/ImmutableCollection.class,CLASS,,e:ljava/lang/object,e
MOD0028,com/euphoriapatches/shadow/com/google/common/collect/ImmutableCollection.class,CLASS,,t:ljava/lang/object,t
MOD0028,com/euphoriapatches/shadow/com/google/common/collect/MapMakerInternalMap$WeakKeyDummyValueEntry$Helper.class,CLASS,,k:ljava/lang/object,k
MOD0028,com/euphoriapatches/shadow/com/google/common/collect/MapMakerInternalMap$WeakKeyDummyValueEntry$Helper.class,CLASS,,k:ljava/lang/object,k
MOD0028,com/euphoriapatches/shadow/com/google/common/collect/MapMakerInternalMap$StrongKeyWeakValueSegment.class,CLASS,,k:ljava/lang/object,k
MOD0028,com/euphoriapatches/shadow/com/google/common/collect/MapMakerInternalMap$StrongKeyWeakValueSegment.class,CLASS,,v:ljava/lang/object,v
MOD0028,com/euphoriapatches/shadow/com/google/common/collect/ImmutableSortedMap$Builder.class,CLASS,,k:ljava/lang/object,k
MOD0028,com/euphoriapatches/shadow/com/google/common/collect/ImmutableSortedMap$Builder.class,CLASS,,v:ljava/lang/object,v
MOD0028,com/euphoriapatches/shadow/com/google/common/collect/Iterables$UnmodifiableIterable.class,CLASS,,t:ljava/lang/object,t
MOD0028,com/euphoriapatches/shadow/com/google/common/collect/MapMakerInternalMap.class,CLASS,,k:ljava/lang/object,k
MOD0028,com/euphoriapatches/shadow/com/google/common/collect/MapMakerInternalMap.class,CLASS,,v:ljava/lang/object,v
MOD0028,com/euphoriapatches/shadow/com/google/common/collect/MapMakerInternalMap.class,CLASS,,s:lcom/euphoriapatches/shadow/com/google/common/collect/mapmakerinternalmap,s
MOD0028,com/euphoriapatches/shadow/com/google/common/collect/MapMakerInternalMap.class,CLASS,,k:ljava/lang/object,k
MOD0028,com/euphoriapatches/shadow/com/google/common/collect/MapMakerInternalMap.class,CLASS,,v:ljava/lang/object,v
MOD0028,com/euphoriapatches/shadow/com/google/common/collect/MapMakerInternalMap.class,CLASS,,k:ljava/lang/object,k
MOD0028,com/euphoriapatches/shadow/com/google/common/collect/MapMakerInternalMap.class,CLASS,,k:ljava/lang/object,k
MOD0028,com/euphoriapatches/shadow/com/google/common/collect/MapMakerInternalMap.class,CLASS,,v:ljava/lang/object,v
MOD0028,com/euphoriapatches/shadow/com/google/common/collect/MapMakerInternalMap.class,CLASS,,e:ljava/lang/object,e
MOD0028,com/euphoriapatches/shadow/com/google/common/collect/MultimapBuilder$MultimapBuilderWithKeys$3.class,CLASS,,k:tk0,k
MOD0028,com/euphoriapatches/shadow/com/google/common/collect/MultimapBuilder$MultimapBuilderWithKeys$3.class,CLASS,,v:ljava/lang/object,v
MOD0028,com/euphoriapatches/shadow/com/google/common/collect/MultimapBuilder$MultimapBuilderWithKeys$4.class,CLASS,,k:tk0,k
MOD0028,com/euphoriapatches/shadow/com/google/common/collect/MultimapBuilder$MultimapBuilderWithKeys$4.class,CLASS,,v:ljava/lang/object,v
MOD0028,com/euphoriapatches/shadow/com/google/common/collect/AbstractMultimap.class,CLASS,,k:ljava/lang/object,k
MOD0028,com/euphoriapatches/shadow/com/google/common/collect/AbstractMultimap.class,CLASS,,v:ljava/lang/object,v
MOD0028,com/euphoriapatches/shadow/com/google/gson/internal/bind/TreeTypeAdapter$SingleTypeFactory.class,CLASS,,t:ljava/lang/object,t
MOD0028,com/euphoriapatches/shadow/com/google/gson/internal/UnsafeAllocator$4.class,CLASS,,t:ljava/lang/object,t
MOD0028,com/euphoriapatches/shadow/com/google/common/collect/ImmutableEnumSet.class,CLASS,,e:ljava/lang/enum,e
MOD0028,com/euphoriapatches/shadow/com/google/common/collect/ImmutableEnumSet.class,CLASS,,e:ljava/lang/enum,e
MOD0028,com/euphoriapatches/shadow/com/google/common/collect/ReverseOrdering.class,CLASS,,t:ljava/lang/object,t
MOD0028,com/euphoriapatches/shadow/com/google/common/collect/ReverseOrdering.class,CLASS,,s:tt,s
MOD0028,com/euphoriapatches/shadow/com/google/common/collect/ReverseOrdering.class,CLASS,,e:tt,e
MOD0028,com/euphoriapatches/shadow/com/google/common/collect/ReverseOrdering.class,CLASS,,e:tt,e
MOD0028,com/euphoriapatches/shadow/com/google/common/collect/ReverseOrdering.class,CLASS,,e:tt,e
MOD0028,com/euphoriapatches/shadow/com/google/common/collect/ReverseOrdering.class,CLASS,,e:tt,e
MOD0028,com/euphoriapatches/euphoria_patcher/config/Config.class,CLASS,,t:ljava/lang/object,t
MOD0028,com/euphoriapatches/euphoria_patcher/config/Config.class,CLASS,,t:ljava/lang/object,t
MOD0028,com/euphoriapatches/euphoria_patcher/config/Config.class,CLASS,,t:ljava/lang/object,t
MOD0028,com/euphoriapatches/euphoria_patcher/config/Config.class,CLASS,,t:ljava/lang/object,t
MOD0028,com/euphoriapatches/shadow/com/google/gson/internal/UnsafeAllocator$3.class,CLASS,,t:ljava/lang/object,t
MOD0028,com/euphoriapatches/shadow/com/google/common/collect/Multisets$AbstractEntry.class,CLASS,,e:ljava/lang/object,e
MOD0028,com/euphoriapatches/shadow/com/google/common/collect/MapMakerInternalMap$StrongValueEntry.class,CLASS,,k:ljava/lang/object,k
MOD0028,com/euphoriapatches/shadow/com/google/common/collect/MapMakerInternalMap$StrongValueEntry.class,CLASS,,v:ljava/lang/object,v
MOD0028,com/euphoriapatches/shadow/com/google/gson/internal/bind/JsonAdapterAnnotationTypeAdapterFactory.class,CLASS,,t:ljava/lang/object,t
MOD0028,com/euphoriapatches/shadow/com/google/common/collect/Synchronized$SynchronizedNavigableSet.class,CLASS,,e:ljava/lang/object,e
MOD0028,com/euphoriapatches/shadow/com/google/common/collect/Synchronized$SynchronizedSetMultimap.class,CLASS,,k:ljava/lang/object,k
MOD0028,com/euphoriapatches/shadow/com/google/common/collect/Synchronized$SynchronizedSetMultimap.class,CLASS,,v:ljava/lang/object,v
MOD0028,com/euphoriapatches/shadow/com/google/common/collect/ImmutableSet$EmptySetBuilderImpl.class,CLASS,,e:ljava/lang/object,e
MOD0028,com/euphoriapatches/shadow/com/google/common/collect/ImmutableSet$EmptySetBuilderImpl.class,CLASS,,e:ljava/lang/object,e
MOD0028,com/euphoriapatches/shadow/com/google/gson/InstanceCreator.class,CLASS,,t:ljava/lang/object,t
MOD0028,com/euphoriapatches/shadow/com/google/common/collect/MapMakerInternalMap$WeakKeyWeakValueSegment.class,CLASS,,k:ljava/lang/object,k
MOD0028,com/euphoriapatches/shadow/com/google/common/collect/MapMakerInternalMap$WeakKeyWeakValueSegment.class,CLASS,,v:ljava/lang/object,v
MOD0028,com/euphoriapatches/shadow/com/google/common/collect/ImmutableSortedMap.class,CLASS,,k:ljava/lang/object,k
MOD0028,com/euphoriapatches/shadow/com/google/common/collect/ImmutableSortedMap.class,CLASS,,v:ljava/lang/object,v
MOD0028,com/euphoriapatches/shadow/com/google/common/collect/ImmutableSortedMap.class,CLASS,,t:ljava/lang/object,t
MOD0028,com/euphoriapatches/shadow/com/google/common/collect/ImmutableSortedMap.class,CLASS,,k:ljava/lang/object,k
MOD0028,com/euphoriapatches/shadow/com/google/common/collect/ImmutableSortedMap.class,CLASS,,v:ljava/lang/object,v
MOD0028,com/euphoriapatches/shadow/com/google/common/collect/ImmutableSortedMap.class,CLASS,,t:ljava/lang/object,t
MOD0028,com/euphoriapatches/shadow/com/google/common/collect/ImmutableSortedMap.class,CLASS,,k:ljava/lang/object,k
MOD0028,com/euphoriapatches/shadow/com/google/common/collect/ImmutableSortedMap.class,CLASS,,v:ljava/lang/object,v
MOD0028,com/euphoriapatches/shadow/com/google/common/collect/ImmutableSortedMap.class,CLASS,,k:ljava/lang/object,k
MOD0028,com/euphoriapatches/shadow/com/google/common/collect/ImmutableSortedMap.class,CLASS,,v:ljava/lang/object,v
MOD0028,com/euphoriapatches/shadow/com/google/common/collect/ImmutableSortedMap.class,CLASS,,k:ljava/lang/object,k
MOD0028,com/euphoriapatches/shadow/com/google/common/collect/ImmutableSortedMap.class,CLASS,,v:ljava/lang/object,v
MOD0028,com/euphoriapatches/shadow/com/google/common/collect/ImmutableSortedMap.class,CLASS,,v:ljava/lang/object,v
MOD0028,com/euphoriapatches/shadow/com/google/common/collect/ImmutableSortedMap.class,CLASS,,k:ljava/lang/object,k
MOD0028,com/euphoriapatches/shadow/com/google/common/collect/ImmutableSortedMap.class,CLASS,,v:ljava/lang/object,v
MOD0028,com/euphoriapatches/shadow/com/google/common/collect/ImmutableSortedMap.class,CLASS,,v:ljava/lang/object,v
MOD0028,com/euphoriapatches/shadow/com/google/common/collect/ImmutableSortedMap.class,CLASS,,v:ljava/lang/object,v
MOD0028,com/euphoriapatches/shadow/com/google/common/collect/ImmutableSortedMap.class,CLASS,,v:ljava/lang/object,v
MOD0028,com/euphoriapatches/shadow/com/google/common/collect/ImmutableSortedMap.class,CLASS,,v:ljava/lang/object,v
MOD0028,com/euphoriapatches/shadow/com/google/common/collect/ImmutableSortedMap.class,CLASS,,v:ljava/lang/object,v
MOD0028,com/euphoriapatches/shadow/com/google/common/collect/ImmutableSortedMap.class,CLASS,,v:ljava/lang/object,v
MOD0028,com/euphoriapatches/shadow/com/google/common/collect/ImmutableSortedMap.class,CLASS,,v:ljava/lang/object,v
MOD0028,com/euphoriapatches/shadow/com/google/common/collect/ImmutableSortedMap.class,CLASS,,v:ljava/lang/object,v
MOD0028,com/euphoriapatches/shadow/com/google/common/collect/ImmutableSortedMap.class,CLASS,,v:ljava/lang/object,v
MOD0028,com/euphoriapatches/shadow/com/google/common/collect/ImmutableSortedMap.class,CLASS,,k:ljava/lang/object,k
MOD0028,com/euphoriapatches/shadow/com/google/common/collect/ImmutableSortedMap.class,CLASS,,v:ljava/lang/object,v
MOD0028,com/euphoriapatches/shadow/com/google/common/collect/ImmutableSortedMap.class,CLASS,,k:ljava/lang/object,k
MOD0028,com/euphoriapatches/shadow/com/google/common/collect/ImmutableSortedMap.class,CLASS,,v:ljava/lang/object,v
MOD0028,com/euphoriapatches/shadow/com/google/common/collect/ImmutableSortedMap.class,CLASS,,k:ljava/lang/object,k
MOD0028,com/euphoriapatches/shadow/com/google/common/collect/ImmutableSortedMap.class,CLASS,,v:ljava/lang/object,v
MOD0028,com/euphoriapatches/shadow/com/google/common/collect/ImmutableSortedMap.class,CLASS,,k:ljava/lang/object,k
MOD0028,com/euphoriapatches/shadow/com/google/common/collect/ImmutableSortedMap.class,CLASS,,v:ljava/lang/object,v
MOD0028,com/euphoriapatches/shadow/com/google/common/collect/ImmutableSortedMap.class,CLASS,,k:ljava/lang/object,k
MOD0028,com/euphoriapatches/shadow/com/google/common/collect/ImmutableSortedMap.class,CLASS,,v:ljava/lang/object,v
MOD0028,com/euphoriapatches/shadow/com/google/common/collect/ImmutableSortedMap.class,CLASS,,v:ljava/lang/object,v
MOD0028,com/euphoriapatches/shadow/com/google/common/collect/ImmutableSortedMap.class,CLASS,,k:ljava/lang/object,k
MOD0028,com/euphoriapatches/shadow/com/google/common/collect/ImmutableSortedMap.class,CLASS,,v:ljava/lang/object,v
MOD0028,com/euphoriapatches/shadow/com/google/common/collect/ImmutableSortedMap.class,CLASS,,k:ljava/lang/object,k
MOD0028,com/euphoriapatches/shadow/com/google/common/collect/ImmutableSortedMap.class,CLASS,,v:ljava/lang/object,v
MOD0028,com/euphoriapatches/shadow/com/google/common/collect/ImmutableSortedMap.class,CLASS,,v:ljava/lang/object,v
MOD0028,com/euphoriapatches/shadow/com/google/common/collect/ImmutableSortedMap.class,CLASS,,k:ljava/lang/object,k
MOD0028,com/euphoriapatches/shadow/com/google/common/collect/ImmutableSortedMap.class,CLASS,,v:ljava/lang/object,v
MOD0028,com/euphoriapatches/shadow/com/google/common/base/Converter$FunctionBasedConverter.class,CLASS,,a:ljava/lang/object,a
MOD0028,com/euphoriapatches/shadow/com/google/common/base/Converter$FunctionBasedConverter.class,CLASS,,b:ljava/lang/object,b
MOD0028,com/euphoriapatches/shadow/com/google/common/collect/MapMakerInternalMap$InternalEntry.class,CLASS,,k:ljava/lang/object,k
MOD0028,com/euphoriapatches/shadow/com/google/common/collect/MapMakerInternalMap$InternalEntry.class,CLASS,,v:ljava/lang/object,v
MOD0028,com/euphoriapatches/shadow/com/google/common/collect/ImmutableSet$JdkBackedSetBuilderImpl.class,CLASS,,e:ljava/lang/object,e
MOD0028,com/euphoriapatches/shadow/com/google/common/collect/Multimaps$UnmodifiableSortedSetMultimap.class,CLASS,,k:ljava/lang/object,k
MOD0028,com/euphoriapatches/shadow/com/google/common/collect/Multimaps$UnmodifiableSortedSetMultimap.class,CLASS,,v:ljava/lang/object,v
MOD0028,com/euphoriapatches/shadow/com/google/common/collect/Streams$DoubleFunctionWithIndex.class,CLASS,,r:ljava/lang/object,r
MOD0028,com/euphoriapatches/shadow/com/google/gson/internal/bind/ReflectiveTypeAdapterFactory$Adapter.class,CLASS,,t:ljava/lang/object,t
MOD0028,com/euphoriapatches/shadow/com/google/common/collect/MapMakerInternalMap$StrongKeyDummyValueEntry$LinkedStrongKeyDummyValueEntry.class,CLASS,,k:ljava/lang/object,k
MOD0028,com/euphoriapatches/shadow/com/google/common/collect/Lists$TransformingRandomAccessList.class,CLASS,,f:ljava/lang/object,f
MOD0028,com/euphoriapatches/shadow/com/google/common/collect/Lists$TransformingRandomAccessList.class,CLASS,,t:ljava/lang/object,t
MOD0028,com/euphoriapatches/shadow/com/google/common/collect/RegularImmutableMultiset$NonTerminalEntry.class,CLASS,,e:ljava/lang/object,e
MOD0028,com/euphoriapatches/shadow/com/google/common/collect/Multisets$ImmutableEntry.class,CLASS,,e:ljava/lang/object,e
MOD0028,com/euphoriapatches/shadow/com/google/gson/internal/bind/CollectionTypeAdapterFactory.class,CLASS,,t:ljava/lang/object,t
MOD0028,com/euphoriapatches/shadow/com/google/common/collect/Maps$SortedMapDifferenceImpl.class,CLASS,,k:ljava/lang/object,k
MOD0028,com/euphoriapatches/shadow/com/google/common/collect/Maps$SortedMapDifferenceImpl.class,CLASS,,v:ljava/lang/object,v
MOD0028,com/euphoriapatches/shadow/com/google/common/collect/Multisets$ElementSet.class,CLASS,,e:ljava/lang/object,e
MOD0028,com/euphoriapatches/shadow/com/google/common/base/Equivalence$EquivalentToPredicate.class,CLASS,,t:ljava/lang/object,t
MOD0028,com/euphoriapatches/shadow/com/google/common/collect/ImmutableAsList.class,CLASS,,e:ljava/lang/object,e
MOD0028,com/euphoriapatches/shadow/com/google/common/collect/Maps$NavigableKeySet.class,CLASS,,k:ljava/lang/object,k
MOD0028,com/euphoriapatches/shadow/com/google/common/collect/Maps$NavigableKeySet.class,CLASS,,v:ljava/lang/object,v
MOD0028,com/euphoriapatches/shadow/com/google/common/base/Converter$IdentityConverter.class,CLASS,,t:ljava/lang/object,t
MOD0028,com/euphoriapatches/shadow/com/google/common/base/Converter$IdentityConverter.class,CLASS,,s:ljava/lang/object,s
MOD0028,com/euphoriapatches/shadow/com/google/common/collect/Lists.class,CLASS,,e:ljava/lang/object,e
MOD0028,com/euphoriapatches/shadow/com/google/common/collect/Lists.class,CLASS,,e:ljava/lang/object,e
MOD0028,com/euphoriapatches/shadow/com/google/common/collect/Lists.class,CLASS,,e:ljava/lang/object,e
MOD0028,com/euphoriapatches/shadow/com/google/common/collect/Lists.class,CLASS,,e:ljava/lang/object,e
MOD0028,com/euphoriapatches/shadow/com/google/common/collect/Lists.class,CLASS,,e:ljava/lang/object,e
MOD0028,com/euphoriapatches/shadow/com/google/common/collect/Lists.class,CLASS,,e:ljava/lang/object,e
MOD0028,com/euphoriapatches/shadow/com/google/common/collect/Lists.class,CLASS,,e:ljava/lang/object,e
MOD0028,com/euphoriapatches/shadow/com/google/common/collect/Lists.class,CLASS,,e:ljava/lang/object,e
MOD0028,com/euphoriapatches/shadow/com/google/common/collect/Lists.class,CLASS,,e:ljava/lang/object,e
MOD0028,com/euphoriapatches/shadow/com/google/common/collect/Lists.class,CLASS,,e:ljava/lang/object,e
MOD0028,com/euphoriapatches/shadow/com/google/common/collect/Lists.class,CLASS,,e:ljava/lang/object,e
MOD0028,com/euphoriapatches/shadow/com/google/common/collect/Lists.class,CLASS,,b:ljava/lang/object,b
MOD0028,com/euphoriapatches/shadow/com/google/common/collect/Lists.class,CLASS,,b:ljava/lang/object,b
MOD0028,com/euphoriapatches/shadow/com/google/common/collect/Lists.class,CLASS,,f:ljava/lang/object,f
MOD0028,com/euphoriapatches/shadow/com/google/common/collect/Lists.class,CLASS,,t:ljava/lang/object,t
MOD0028,com/euphoriapatches/shadow/com/google/common/collect/Lists.class,CLASS,,t:ljava/lang/object,t
MOD0028,com/euphoriapatches/shadow/com/google/common/collect/Lists.class,CLASS,,t:ljava/lang/object,t
MOD0028,com/euphoriapatches/shadow/com/google/common/collect/Lists.class,CLASS,,e:ljava/lang/object,e
MOD0028,com/euphoriapatches/shadow/com/google/common/collect/Lists.class,CLASS,,e:ljava/lang/object,e
MOD0028,com/euphoriapatches/shadow/com/google/common/collect/Lists.class,CLASS,,e:ljava/lang/object,e
MOD0028,com/euphoriapatches/shadow/com/google/common/collect/Lists.class,CLASS,,t:ljava/lang/object,t
MOD0028,com/euphoriapatches/shadow/com/google/common/collect/ImmutableMapEntry.class,CLASS,,k:ljava/lang/object,k
MOD0028,com/euphoriapatches/shadow/com/google/common/collect/ImmutableMapEntry.class,CLASS,,v:ljava/lang/object,v
MOD0028,com/euphoriapatches/shadow/com/google/common/collect/ImmutableMapEntry.class,CLASS,,k:ljava/lang/object,k
MOD0028,com/euphoriapatches/shadow/com/google/common/collect/ImmutableMapEntry.class,CLASS,,v:ljava/lang/object,v
MOD0028,com/euphoriapatches/shadow/com/google/common/collect/MultimapBuilder$LinkedListSupplier.class,CLASS,,v:ljava/lang/object,v
MOD0028,com/euphoriapatches/shadow/com/google/common/collect/ImmutableSortedSet.class,CLASS,,e:ljava/lang/object,e
MOD0028,com/euphoriapatches/shadow/com/google/common/collect/ImmutableSortedSet.class,CLASS,,e:ljava/lang/object,e
MOD0028,com/euphoriapatches/shadow/com/google/common/collect/ImmutableSortedSet.class,CLASS,,e:ljava/lang/object,e
MOD0028,com/euphoriapatches/shadow/com/google/common/collect/ImmutableSortedSet.class,CLASS,,e:ljava/lang/object,e
MOD0028,com/euphoriapatches/shadow/com/google/common/collect/ImmutableSortedSet.class,CLASS,,e:ljava/lang/object,e
MOD0028,com/euphoriapatches/shadow/com/google/common/collect/ImmutableSortedSet.class,CLASS,,e:ljava/lang/object,e
MOD0028,com/euphoriapatches/shadow/com/google/common/collect/ImmutableSortedSet.class,CLASS,,e:ljava/lang/object,e
MOD0028,com/euphoriapatches/shadow/com/google/common/collect/ImmutableSortedSet.class,CLASS,,e:ljava/lang/object,e
MOD0028,com/euphoriapatches/shadow/com/google/common/collect/ImmutableSortedSet.class,CLASS,,e:ljava/lang/object,e
MOD0028,com/euphoriapatches/shadow/com/google/common/collect/ImmutableSortedSet.class,CLASS,,e:ljava/lang/object,e
MOD0028,com/euphoriapatches/shadow/com/google/common/collect/ImmutableSortedSet.class,CLASS,,e:ljava/lang/object,e
MOD0028,com/euphoriapatches/shadow/com/google/common/collect/ImmutableSortedSet.class,CLASS,,e:ljava/lang/object,e
MOD0028,com/euphoriapatches/shadow/com/google/common/collect/ImmutableSortedSet.class,CLASS,,e:ljava/lang/object,e
MOD0028,com/euphoriapatches/shadow/com/google/common/collect/ImmutableMapEntrySet$EntrySetSerializedForm.class,CLASS,,k:ljava/lang/object,k
MOD0028,com/euphoriapatches/shadow/com/google/common/collect/ImmutableMapEntrySet$EntrySetSerializedForm.class,CLASS,,v:ljava/lang/object,v
MOD0028,com/euphoriapatches/shadow/com/google/common/collect/FilteredEntrySetMultimap.class,CLASS,,k:ljava/lang/object,k
MOD0028,com/euphoriapatches/shadow/com/google/common/collect/FilteredEntrySetMultimap.class,CLASS,,v:ljava/lang/object,v
MOD0028,com/euphoriapatches/shadow/com/google/common/collect/ImmutableBiMap$Builder.class,CLASS,,k:ljava/lang/object,k
MOD0028,com/euphoriapatches/shadow/com/google/common/collect/ImmutableBiMap$Builder.class,CLASS,,v:ljava/lang/object,v
MOD0028,com/euphoriapatches/shadow/com/google/common/collect/Collections2$FilteredCollection.class,CLASS,,e:ljava/lang/object,e
MOD0028,com/euphoriapatches/shadow/com/google/common/collect/Collections2$FilteredCollection.class,CLASS,,t:ljava/lang/object,t
MOD0028,com/euphoriapatches/shadow/com/google/common/collect/Platform.class,CLASS,,k:ljava/lang/object,k
MOD0028,com/euphoriapatches/shadow/com/google/common/collect/Platform.class,CLASS,,v:ljava/lang/object,v
MOD0028,com/euphoriapatches/shadow/com/google/common/collect/Platform.class,CLASS,,e:ljava/lang/object,e
MOD0028,com/euphoriapatches/shadow/com/google/common/collect/Platform.class,CLASS,,e:ljava/lang/object,e
MOD0028,com/euphoriapatches/shadow/com/google/common/collect/Platform.class,CLASS,,k:ljava/lang/object,k
MOD0028,com/euphoriapatches/shadow/com/google/common/collect/Platform.class,CLASS,,v:ljava/lang/object,v
MOD0028,com/euphoriapatches/shadow/com/google/common/collect/Platform.class,CLASS,,t:ljava/lang/object,t
MOD0028,com/euphoriapatches/shadow/com/google/common/collect/Platform.class,CLASS,,t:ljava/lang/object,t
MOD0028,com/euphoriapatches/shadow/com/google/common/collect/Platform.class,CLASS,,e:ljava/lang/enum,e
MOD0028,com/euphoriapatches/shadow/com/google/gson/TypeAdapter.class,CLASS,,t:ljava/lang/object,t
MOD0028,com/euphoriapatches/shadow/com/google/common/collect/ImmutableSortedAsList.class,CLASS,,e:ljava/lang/object,e
MOD0028,com/euphoriapatches/shadow/com/google/common/collect/NullsFirstOrdering.class,CLASS,,t:ljava/lang/object,t
MOD0028,com/euphoriapatches/shadow/com/google/common/collect/NullsFirstOrdering.class,CLASS,,s:tt,s
MOD0028,com/euphoriapatches/shadow/com/google/common/collect/Maps$FilteredEntryMap.class,CLASS,,k:ljava/lang/object,k
MOD0028,com/euphoriapatches/shadow/com/google/common/collect/Maps$FilteredEntryMap.class,CLASS,,v:ljava/lang/object,v
MOD0028,com/euphoriapatches/shadow/com/google/common/collect/Maps$FilteredEntryMap.class,CLASS,,k:ljava/lang/object,k
MOD0028,com/euphoriapatches/shadow/com/google/common/collect/Maps$FilteredEntryMap.class,CLASS,,v:ljava/lang/object,v
MOD0028,com/euphoriapatches/shadow/com/google/common/collect/Maps$FilteredKeyMap.class,CLASS,,k:ljava/lang/object,k
MOD0028,com/euphoriapatches/shadow/com/google/common/collect/Maps$FilteredKeyMap.class,CLASS,,v:ljava/lang/object,v
MOD0028,com/euphoriapatches/shadow/com/google/common/collect/MapMakerInternalMap$StrongKeyWeakValueEntry$LinkedStrongKeyWeakValueEntry.class,CLASS,,k:ljava/lang/object,k
MOD0028,com/euphoriapatches/shadow/com/google/common/collect/MapMakerInternalMap$StrongKeyWeakValueEntry$LinkedStrongKeyWeakValueEntry.class,CLASS,,v:ljava/lang/object,v
MOD0028,com/euphoriapatches/shadow/com/google/common/collect/ImmutableSet$SetBuilderImpl.class,CLASS,,e:ljava/lang/object,e
MOD0028,com/euphoriapatches/shadow/com/google/common/collect/MultimapBuilder$ArrayListSupplier.class,CLASS,,v:ljava/lang/object,v
MOD0028,com/euphoriapatches/shadow/com/google/common/collect/Multimap.class,CLASS,,k:ljava/lang/object,k
MOD0028,com/euphoriapatches/shadow/com/google/common/collect/Multimap.class,CLASS,,v:ljava/lang/object,v
MOD0028,com/euphoriapatches/shadow/com/google/common/collect/Sets$FilteredSet.class,CLASS,,e:ljava/lang/object,e
MOD0028,com/euphoriapatches/shadow/com/google/common/collect/FluentIterable$FromIterableFunction.class,CLASS,,e:ljava/lang/object,e
MOD0028,com/euphoriapatches/shadow/com/google/gson/Gson.class,CLASS,,t:ljava/lang/object,t
MOD0028,com/euphoriapatches/shadow/com/google/gson/Gson.class,CLASS,,t:ljava/lang/object,t
MOD0028,com/euphoriapatches/shadow/com/google/gson/Gson.class,CLASS,,t:ljava/lang/object,t
MOD0028,com/euphoriapatches/shadow/com/google/gson/Gson.class,CLASS,,t:ljava/lang/object,t
MOD0028,com/euphoriapatches/shadow/com/google/gson/Gson.class,CLASS,,t:ljava/lang/object,t
MOD0028,com/euphoriapatches/shadow/com/google/gson/Gson.class,CLASS,,t:ljava/lang/object,t
MOD0028,com/euphoriapatches/shadow/com/google/gson/Gson.class,CLASS,,t:ljava/lang/object,t
MOD0028,com/euphoriapatches/shadow/com/google/gson/Gson.class,CLASS,,t:ljava/lang/object,t
MOD0028,com/euphoriapatches/shadow/com/google/gson/Gson.class,CLASS,,t:ljava/lang/object,t
MOD0028,com/euphoriapatches/shadow/com/google/gson/Gson.class,CLASS,,t:ljava/lang/object,t
MOD0028,com/euphoriapatches/shadow/com/google/common/collect/Maps$DescendingMap.class,CLASS,,k:ljava/lang/object,k
MOD0028,com/euphoriapatches/shadow/com/google/common/collect/Maps$DescendingMap.class,CLASS,,v:ljava/lang/object,v
MOD0028,com/euphoriapatches/shadow/com/google/common/collect/Maps$DescendingMap.class,CLASS,,t:ljava/lang/object,t
MOD0028,com/euphoriapatches/shadow/com/google/common/collect/CollectSpliterators$FlatMapSpliteratorOfInt.class,CLASS,,inelementt:ljava/lang/object,inelementt
MOD0028,com/euphoriapatches/shadow/com/google/common/collect/Multisets$UnmodifiableMultiset.class,CLASS,,e:ljava/lang/object,e
MOD0028,com/euphoriapatches/shadow/com/google/common/collect/Maps.class,CLASS,,k:ljava/lang/object,k
MOD0028,com/euphoriapatches/shadow/com/google/common/collect/Maps.class,CLASS,,v:ljava/lang/object,v
MOD0028,com/euphoriapatches/shadow/com/google/common/collect/Maps.class,CLASS,,k:ljava/lang/object,k
MOD0028,com/euphoriapatches/shadow/com/google/common/collect/Maps.class,CLASS,,v:ljava/lang/object,v
MOD0028,com/euphoriapatches/shadow/com/google/common/collect/Maps.class,CLASS,,k:ljava/lang/object,k
MOD0028,com/euphoriapatches/shadow/com/google/common/collect/Maps.class,CLASS,,v:ljava/lang/object,v
MOD0028,com/euphoriapatches/shadow/com/google/common/collect/Maps.class,CLASS,,k:ljava/lang/enum,k
MOD0028,com/euphoriapatches/shadow/com/google/common/collect/Maps.class,CLASS,,v:ljava/lang/object,v
MOD0028,com/euphoriapatches/shadow/com/google/common/collect/Maps.class,CLASS,,t:ljava/lang/object,t
MOD0028,com/euphoriapatches/shadow/com/google/common/collect/Maps.class,CLASS,,k:ljava/lang/enum,k
MOD0028,com/euphoriapatches/shadow/com/google/common/collect/Maps.class,CLASS,,v:ljava/lang/object,v
MOD0028,com/euphoriapatches/shadow/com/google/common/collect/Maps.class,CLASS,,t:ljava/lang/object,t
MOD0028,com/euphoriapatches/shadow/com/google/common/collect/Maps.class,CLASS,,k:ljava/lang/enum,k
MOD0028,com/euphoriapatches/shadow/com/google/common/collect/Maps.class,CLASS,,v:ljava/lang/object,v
MOD0028,com/euphoriapatches/shadow/com/google/common/collect/Maps.class,CLASS,,k:ljava/lang/object,k
MOD0028,com/euphoriapatches/shadow/com/google/common/collect/Maps.class,CLASS,,v:ljava/lang/object,v
MOD0028,com/euphoriapatches/shadow/com/google/common/collect/Maps.class,CLASS,,k:ljava/lang/object,k
MOD0028,com/euphoriapatches/shadow/com/google/common/collect/Maps.class,CLASS,,v:ljava/lang/object,v
MOD0028,com/euphoriapatches/shadow/com/google/common/collect/Maps.class,CLASS,,k:ljava/lang/object,k
MOD0028,com/euphoriapatches/shadow/com/google/common/collect/Maps.class,CLASS,,v:ljava/lang/object,v
MOD0028,com/euphoriapatches/shadow/com/google/common/collect/Maps.class,CLASS,,k:ljava/lang/object,k
MOD0028,com/euphoriapatches/shadow/com/google/common/collect/Maps.class,CLASS,,v:ljava/lang/object,v
MOD0028,com/euphoriapatches/shadow/com/google/common/collect/Maps.class,CLASS,,k:ljava/lang/object,k
MOD0028,com/euphoriapatches/shadow/com/google/common/collect/Maps.class,CLASS,,v:ljava/lang/object,v
MOD0028,com/euphoriapatches/shadow/com/google/common/collect/Maps.class,CLASS,,k:ljava/lang/object,k
MOD0028,com/euphoriapatches/shadow/com/google/common/collect/Maps.class,CLASS,,v:ljava/lang/object,v
MOD0028,com/euphoriapatches/shadow/com/google/common/collect/Maps.class,CLASS,,k:ljava/lang/object,k
MOD0028,com/euphoriapatches/shadow/com/google/common/collect/Maps.class,CLASS,,v:ljava/lang/object,v
MOD0028,com/euphoriapatches/shadow/com/google/common/collect/Maps.class,CLASS,,v:ljava/lang/object,v
MOD0028,com/euphoriapatches/shadow/com/google/common/collect/Maps.class,CLASS,,k:ljava/lang/object,k
MOD0028,com/euphoriapatches/shadow/com/google/common/collect/Maps.class,CLASS,,v:ljava/lang/object,v
MOD0028,com/euphoriapatches/shadow/com/google/common/collect/Maps.class,CLASS,,c:ljava/lang/object,c
MOD0028,com/euphoriapatches/shadow/com/google/common/collect/Maps.class,CLASS,,k:tc,k
MOD0028,com/euphoriapatches/shadow/com/google/common/collect/Maps.class,CLASS,,v:ljava/lang/object,v
MOD0028,com/euphoriapatches/shadow/com/google/common/collect/Maps.class,CLASS,,k:ljava/lang/enum,k
MOD0028,com/euphoriapatches/shadow/com/google/common/collect/Maps.class,CLASS,,v:ljava/lang/object,v
MOD0028,com/euphoriapatches/shadow/com/google/common/collect/Maps.class,CLASS,,k:ljava/lang/enum,k
MOD0028,com/euphoriapatches/shadow/com/google/common/collect/Maps.class,CLASS,,v:ljava/lang/object,v
MOD0028,com/euphoriapatches/shadow/com/google/common/collect/Maps.class,CLASS,,k:ljava/lang/object,k
MOD0028,com/euphoriapatches/shadow/com/google/common/collect/Maps.class,CLASS,,v:ljava/lang/object,v
MOD0028,com/euphoriapatches/shadow/com/google/common/collect/Maps.class,CLASS,,k:ljava/lang/object,k
MOD0028,com/euphoriapatches/shadow/com/google/common/collect/Maps.class,CLASS,,v:ljava/lang/object,v
MOD0028,com/euphoriapatches/shadow/com/google/common/collect/Maps.class,CLASS,,k:ljava/lang/object,k
MOD0028,com/euphoriapatches/shadow/com/google/common/collect/Maps.class,CLASS,,v:ljava/lang/object,v
MOD0028,com/euphoriapatches/shadow/com/google/common/collect/Maps.class,CLASS,,k:ljava/lang/object,k
MOD0028,com/euphoriapatches/shadow/com/google/common/collect/Maps.class,CLASS,,v:ljava/lang/object,v
MOD0028,com/euphoriapatches/shadow/com/google/common/collect/Maps.class,CLASS,,k:ljava/lang/object,k
MOD0028,com/euphoriapatches/shadow/com/google/common/collect/Maps.class,CLASS,,v:ljava/lang/object,v
MOD0028,com/euphoriapatches/shadow/com/google/common/collect/Maps.class,CLASS,,k:ljava/lang/object,k
MOD0028,com/euphoriapatches/shadow/com/google/common/collect/Maps.class,CLASS,,v:ljava/lang/object,v
MOD0028,com/euphoriapatches/shadow/com/google/common/collect/Maps.class,CLASS,,e:ljava/lang/object,e
MOD0028,com/euphoriapatches/shadow/com/google/common/collect/Maps.class,CLASS,,k:ljava/lang/object,k
MOD0028,com/euphoriapatches/shadow/com/google/common/collect/Maps.class,CLASS,,v:ljava/lang/object,v
MOD0028,com/euphoriapatches/shadow/com/google/common/collect/Maps.class,CLASS,,k:ljava/lang/object,k
MOD0028,com/euphoriapatches/shadow/com/google/common/collect/Maps.class,CLASS,,v:ljava/lang/object,v
MOD0028,com/euphoriapatches/shadow/com/google/common/collect/Maps.class,CLASS,,k:ljava/lang/object,k
MOD0028,com/euphoriapatches/shadow/com/google/common/collect/Maps.class,CLASS,,v:ljava/lang/object,v
MOD0028,com/euphoriapatches/shadow/com/google/common/collect/Maps.class,CLASS,,k:ljava/lang/object,k
MOD0028,com/euphoriapatches/shadow/com/google/common/collect/Maps.class,CLASS,,v:ljava/lang/object,v
MOD0028,com/euphoriapatches/shadow/com/google/common/collect/Maps.class,CLASS,,e:ljava/lang/object,e
MOD0028,com/euphoriapatches/shadow/com/google/common/collect/Maps.class,CLASS,,e:ljava/lang/object,e
MOD0028,com/euphoriapatches/shadow/com/google/common/collect/Maps.class,CLASS,,e:ljava/lang/object,e
MOD0028,com/euphoriapatches/shadow/com/google/common/collect/Maps.class,CLASS,,k:ljava/lang/object,k
MOD0028,com/euphoriapatches/shadow/com/google/common/collect/Maps.class,CLASS,,v:ljava/lang/object,v
MOD0028,com/euphoriapatches/shadow/com/google/common/collect/Maps.class,CLASS,,k:ljava/lang/object,k
MOD0028,com/euphoriapatches/shadow/com/google/common/collect/Maps.class,CLASS,,v:ljava/lang/object,v
MOD0028,com/euphoriapatches/shadow/com/google/common/collect/Maps.class,CLASS,,k:ljava/lang/object,k
MOD0028,com/euphoriapatches/shadow/com/google/common/collect/Maps.class,CLASS,,v:ljava/lang/object,v
MOD0028,com/euphoriapatches/shadow/com/google/common/collect/Maps.class,CLASS,,k:ljava/lang/object,k
MOD0028,com/euphoriapatches/shadow/com/google/common/collect/Maps.class,CLASS,,v:ljava/lang/object,v
MOD0028,com/euphoriapatches/shadow/com/google/common/collect/Maps.class,CLASS,,k:ljava/lang/object,k
MOD0028,com/euphoriapatches/shadow/com/google/common/collect/Maps.class,CLASS,,v:ljava/lang/object,v
MOD0028,com/euphoriapatches/shadow/com/google/common/collect/Maps.class,CLASS,,k:ljava/lang/object,k
MOD0028,com/euphoriapatches/shadow/com/google/common/collect/Maps.class,CLASS,,v:ljava/lang/object,v
MOD0028,com/euphoriapatches/shadow/com/google/common/collect/Maps.class,CLASS,,k:ljava/lang/object,k
MOD0028,com/euphoriapatches/shadow/com/google/common/collect/Maps.class,CLASS,,v:ljava/lang/object,v
MOD0028,com/euphoriapatches/shadow/com/google/common/collect/Maps.class,CLASS,,k:ljava/lang/object,k
MOD0028,com/euphoriapatches/shadow/com/google/common/collect/Maps.class,CLASS,,v:ljava/lang/object,v
MOD0028,com/euphoriapatches/shadow/com/google/common/collect/Maps.class,CLASS,,k:ljava/lang/object,k
MOD0028,com/euphoriapatches/shadow/com/google/common/collect/Maps.class,CLASS,,v:ljava/lang/object,v
MOD0028,com/euphoriapatches/shadow/com/google/common/collect/Maps.class,CLASS,,a:ljava/lang/object,a
MOD0028,com/euphoriapatches/shadow/com/google/common/collect/Maps.class,CLASS,,b:ljava/lang/object,b
MOD0028,com/euphoriapatches/shadow/com/google/common/collect/Maps.class,CLASS,,k:ljava/lang/object,k
MOD0028,com/euphoriapatches/shadow/com/google/common/collect/Maps.class,CLASS,,v:ljava/lang/object,v
MOD0028,com/euphoriapatches/shadow/com/google/common/collect/Maps.class,CLASS,,k:ljava/lang/object,k
MOD0028,com/euphoriapatches/shadow/com/google/common/collect/Maps.class,CLASS,,v:ljava/lang/object,v
MOD0028,com/euphoriapatches/shadow/com/google/common/collect/Maps.class,CLASS,,k:ljava/lang/object,k
MOD0028,com/euphoriapatches/shadow/com/google/common/collect/Maps.class,CLASS,,v1:ljava/lang/object,v1
MOD0028,com/euphoriapatches/shadow/com/google/common/collect/Maps.class,CLASS,,v2:ljava/lang/object,v2
MOD0028,com/euphoriapatches/shadow/com/google/common/collect/Maps.class,CLASS,,k:ljava/lang/object,k
MOD0028,com/euphoriapatches/shadow/com/google/common/collect/Maps.class,CLASS,,v1:ljava/lang/object,v1
MOD0028,com/euphoriapatches/shadow/com/google/common/collect/Maps.class,CLASS,,v2:ljava/lang/object,v2
MOD0028,com/euphoriapatches/shadow/com/google/common/collect/Maps.class,CLASS,,k:ljava/lang/object,k
MOD0028,com/euphoriapatches/shadow/com/google/common/collect/Maps.class,CLASS,,v1:ljava/lang/object,v1
MOD0028,com/euphoriapatches/shadow/com/google/common/collect/Maps.class,CLASS,,v2:ljava/lang/object,v2
MOD0028,com/euphoriapatches/shadow/com/google/common/collect/Maps.class,CLASS,,k:ljava/lang/object,k
MOD0028,com/euphoriapatches/shadow/com/google/common/collect/Maps.class,CLASS,,v1:ljava/lang/object,v1
MOD0028,com/euphoriapatches/shadow/com/google/common/collect/Maps.class,CLASS,,v2:ljava/lang/object,v2
MOD0028,com/euphoriapatches/shadow/com/google/common/collect/Maps.class,CLASS,,k:ljava/lang/object,k
MOD0028,com/euphoriapatches/shadow/com/google/common/collect/Maps.class,CLASS,,v1:ljava/lang/object,v1
MOD0028,com/euphoriapatches/shadow/com/google/common/collect/Maps.class,CLASS,,v2:ljava/lang/object,v2
MOD0028,com/euphoriapatches/shadow/com/google/common/collect/Maps.class,CLASS,,k:ljava/lang/object,k
MOD0028,com/euphoriapatches/shadow/com/google/common/collect/Maps.class,CLASS,,v1:ljava/lang/object,v1
MOD0028,com/euphoriapatches/shadow/com/google/common/collect/Maps.class,CLASS,,v2:ljava/lang/object,v2
MOD0028,com/euphoriapatches/shadow/com/google/common/collect/Maps.class,CLASS,,k:ljava/lang/object,k
MOD0028,com/euphoriapatches/shadow/com/google/common/collect/Maps.class,CLASS,,v1:ljava/lang/object,v1
MOD0028,com/euphoriapatches/shadow/com/google/common/collect/Maps.class,CLASS,,v2:ljava/lang/object,v2
MOD0028,com/euphoriapatches/shadow/com/google/common/collect/Maps.class,CLASS,,k:ljava/lang/object,k
MOD0028,com/euphoriapatches/shadow/com/google/common/collect/Maps.class,CLASS,,v1:ljava/lang/object,v1
MOD0028,com/euphoriapatches/shadow/com/google/common/collect/Maps.class,CLASS,,v2:ljava/lang/object,v2
MOD0028,com/euphoriapatches/shadow/com/google/common/collect/Maps.class,CLASS,,k:ljava/lang/object,k
MOD0028,com/euphoriapatches/shadow/com/google/common/collect/Maps.class,CLASS,,v1:ljava/lang/object,v1
MOD0028,com/euphoriapatches/shadow/com/google/common/collect/Maps.class,CLASS,,v2:ljava/lang/object,v2
MOD0028,com/euphoriapatches/shadow/com/google/common/collect/Maps.class,CLASS,,v2:ljava/lang/object,v2
MOD0028,com/euphoriapatches/shadow/com/google/common/collect/Maps.class,CLASS,,k:ljava/lang/object,k
MOD0028,com/euphoriapatches/shadow/com/google/common/collect/Maps.class,CLASS,,v1:ljava/lang/object,v1
MOD0028,com/euphoriapatches/shadow/com/google/common/collect/Maps.class,CLASS,,k:ljava/lang/object,k
MOD0028,com/euphoriapatches/shadow/com/google/common/collect/Maps.class,CLASS,,v1:ljava/lang/object,v1
MOD0028,com/euphoriapatches/shadow/com/google/common/collect/Maps.class,CLASS,,v2:ljava/lang/object,v2
MOD0028,com/euphoriapatches/shadow/com/google/common/collect/Maps.class,CLASS,,k:ljava/lang/object,k
MOD0028,com/euphoriapatches/shadow/com/google/common/collect/Maps.class,CLASS,,v:ljava/lang/object,v
MOD0028,com/euphoriapatches/shadow/com/google/common/collect/Maps.class,CLASS,,k:ljava/lang/object,k
MOD0028,com/euphoriapatches/shadow/com/google/common/collect/Maps.class,CLASS,,v:ljava/lang/object,v
MOD0028,com/euphoriapatches/shadow/com/google/common/collect/Maps.class,CLASS,,k:ljava/lang/object,k
MOD0028,com/euphoriapatches/shadow/com/google/common/collect/Maps.class,CLASS,,v:ljava/lang/object,v
MOD0028,com/euphoriapatches/shadow/com/google/common/collect/Maps.class,CLASS,,k:ljava/lang/object,k
MOD0028,com/euphoriapatches/shadow/com/google/common/collect/Maps.class,CLASS,,v:ljava/lang/object,v
MOD0028,com/euphoriapatches/shadow/com/google/common/collect/Maps.class,CLASS,,k:ljava/lang/object,k
MOD0028,com/euphoriapatches/shadow/com/google/common/collect/Maps.class,CLASS,,v:ljava/lang/object,v
MOD0028,com/euphoriapatches/shadow/com/google/common/collect/Maps.class,CLASS,,k:ljava/lang/object,k
MOD0028,com/euphoriapatches/shadow/com/google/common/collect/Maps.class,CLASS,,v:ljava/lang/object,v
MOD0028,com/euphoriapatches/shadow/com/google/common/collect/Maps.class,CLASS,,k:ljava/lang/object,k
MOD0028,com/euphoriapatches/shadow/com/google/common/collect/Maps.class,CLASS,,v:ljava/lang/object,v
MOD0028,com/euphoriapatches/shadow/com/google/common/collect/Maps.class,CLASS,,k:ljava/lang/object,k
MOD0028,com/euphoriapatches/shadow/com/google/common/collect/Maps.class,CLASS,,v:ljava/lang/object,v
MOD0028,com/euphoriapatches/shadow/com/google/common/collect/Maps.class,CLASS,,k:ljava/lang/object,k
MOD0028,com/euphoriapatches/shadow/com/google/common/collect/Maps.class,CLASS,,v:ljava/lang/object,v
MOD0028,com/euphoriapatches/shadow/com/google/common/collect/Maps.class,CLASS,,k:ljava/lang/object,k
MOD0028,com/euphoriapatches/shadow/com/google/common/collect/Maps.class,CLASS,,v:ljava/lang/object,v
MOD0028,com/euphoriapatches/shadow/com/google/common/collect/Maps.class,CLASS,,k:ljava/lang/object,k
MOD0028,com/euphoriapatches/shadow/com/google/common/collect/Maps.class,CLASS,,v:ljava/lang/object,v
MOD0028,com/euphoriapatches/shadow/com/google/common/collect/Maps.class,CLASS,,k:ljava/lang/object,k
MOD0028,com/euphoriapatches/shadow/com/google/common/collect/Maps.class,CLASS,,v:ljava/lang/object,v
MOD0028,com/euphoriapatches/shadow/com/google/common/collect/Maps.class,CLASS,,k:ljava/lang/object,k
MOD0028,com/euphoriapatches/shadow/com/google/common/collect/Maps.class,CLASS,,v:ljava/lang/object,v
MOD0028,com/euphoriapatches/shadow/com/google/common/collect/Maps.class,CLASS,,k:ljava/lang/object,k
MOD0028,com/euphoriapatches/shadow/com/google/common/collect/Maps.class,CLASS,,v:ljava/lang/object,v
MOD0028,com/euphoriapatches/shadow/com/google/common/collect/Maps.class,CLASS,,k:ljava/lang/object,k
MOD0028,com/euphoriapatches/shadow/com/google/common/collect/Maps.class,CLASS,,v:ljava/lang/object,v
MOD0028,com/euphoriapatches/shadow/com/google/common/collect/Maps.class,CLASS,,k:ljava/lang/object,k
MOD0028,com/euphoriapatches/shadow/com/google/common/collect/Maps.class,CLASS,,v:ljava/lang/object,v
MOD0028,com/euphoriapatches/shadow/com/google/common/collect/Maps.class,CLASS,,k:ljava/lang/object,k
MOD0028,com/euphoriapatches/shadow/com/google/common/collect/Maps.class,CLASS,,v:ljava/lang/object,v
MOD0028,com/euphoriapatches/shadow/com/google/common/collect/Maps.class,CLASS,,k:ljava/lang/object,k
MOD0028,com/euphoriapatches/shadow/com/google/common/collect/Maps.class,CLASS,,v:ljava/lang/object,v
MOD0028,com/euphoriapatches/shadow/com/google/common/collect/Maps.class,CLASS,,k:ljava/lang/object,k
MOD0028,com/euphoriapatches/shadow/com/google/common/collect/Maps.class,CLASS,,v:ljava/lang/object,v
MOD0028,com/euphoriapatches/shadow/com/google/common/collect/Maps.class,CLASS,,k:ljava/lang/object,k
MOD0028,com/euphoriapatches/shadow/com/google/common/collect/Maps.class,CLASS,,v:ljava/lang/object,v
MOD0028,com/euphoriapatches/shadow/com/google/common/collect/Maps.class,CLASS,,v:ljava/lang/object,v
MOD0028,com/euphoriapatches/shadow/com/google/common/collect/Maps.class,CLASS,,k:ljava/lang/object,k
MOD0028,com/euphoriapatches/shadow/com/google/common/collect/Maps.class,CLASS,,v:ljava/lang/object,v
MOD0028,com/euphoriapatches/shadow/com/google/common/collect/Maps.class,CLASS,,k:ljava/lang/object,k
MOD0028,com/euphoriapatches/shadow/com/google/common/collect/Maps.class,CLASS,,v:ljava/lang/object,v
MOD0028,com/euphoriapatches/shadow/com/google/common/collect/Maps.class,CLASS,,k:ljava/lang/object,k
MOD0028,com/euphoriapatches/shadow/com/google/common/collect/Maps.class,CLASS,,v:ljava/lang/object,v
MOD0028,com/euphoriapatches/shadow/com/google/common/collect/Maps.class,CLASS,,e:ljava/lang/object,e
MOD0028,com/euphoriapatches/shadow/com/google/common/collect/Maps.class,CLASS,,v:ljava/lang/object,v
MOD0028,com/euphoriapatches/shadow/com/google/common/collect/ImmutableListMultimap.class,CLASS,,k:ljava/lang/object,k
MOD0028,com/euphoriapatches/shadow/com/google/common/collect/ImmutableListMultimap.class,CLASS,,v:ljava/lang/object,v
MOD0028,com/euphoriapatches/shadow/com/google/common/collect/ImmutableListMultimap.class,CLASS,,t:ljava/lang/object,t
MOD0028,com/euphoriapatches/shadow/com/google/common/collect/ImmutableListMultimap.class,CLASS,,k:ljava/lang/object,k
MOD0028,com/euphoriapatches/shadow/com/google/common/collect/ImmutableListMultimap.class,CLASS,,v:ljava/lang/object,v
MOD0028,com/euphoriapatches/shadow/com/google/common/collect/ImmutableListMultimap.class,CLASS,,t:ljava/lang/object,t
MOD0028,com/euphoriapatches/shadow/com/google/common/collect/ImmutableListMultimap.class,CLASS,,k:ljava/lang/object,k
MOD0028,com/euphoriapatches/shadow/com/google/common/collect/ImmutableListMultimap.class,CLASS,,v:ljava/lang/object,v
MOD0028,com/euphoriapatches/shadow/com/google/common/collect/ImmutableListMultimap.class,CLASS,,k:ljava/lang/object,k
MOD0028,com/euphoriapatches/shadow/com/google/common/collect/ImmutableListMultimap.class,CLASS,,v:ljava/lang/object,v
MOD0028,com/euphoriapatches/shadow/com/google/common/collect/ImmutableListMultimap.class,CLASS,,k:ljava/lang/object,k
MOD0028,com/euphoriapatches/shadow/com/google/common/collect/ImmutableListMultimap.class,CLASS,,v:ljava/lang/object,v
MOD0028,com/euphoriapatches/shadow/com/google/common/collect/ImmutableListMultimap.class,CLASS,,k:ljava/lang/object,k
MOD0028,com/euphoriapatches/shadow/com/google/common/collect/ImmutableListMultimap.class,CLASS,,v:ljava/lang/object,v
MOD0028,com/euphoriapatches/shadow/com/google/common/collect/ImmutableListMultimap.class,CLASS,,k:ljava/lang/object,k
MOD0028,com/euphoriapatches/shadow/com/google/common/collect/ImmutableListMultimap.class,CLASS,,v:ljava/lang/object,v
MOD0028,com/euphoriapatches/shadow/com/google/common/collect/ImmutableListMultimap.class,CLASS,,k:ljava/lang/object,k
MOD0028,com/euphoriapatches/shadow/com/google/common/collect/ImmutableListMultimap.class,CLASS,,v:ljava/lang/object,v
MOD0028,com/euphoriapatches/shadow/com/google/common/collect/ImmutableListMultimap.class,CLASS,,k:ljava/lang/object,k
MOD0028,com/euphoriapatches/shadow/com/google/common/collect/ImmutableListMultimap.class,CLASS,,v:ljava/lang/object,v
MOD0028,com/euphoriapatches/shadow/com/google/common/collect/ImmutableListMultimap.class,CLASS,,k:ljava/lang/object,k
MOD0028,com/euphoriapatches/shadow/com/google/common/collect/ImmutableListMultimap.class,CLASS,,v:ljava/lang/object,v
MOD0028,com/euphoriapatches/shadow/com/google/common/collect/ImmutableListMultimap.class,CLASS,,k:ljava/lang/object,k
MOD0028,com/euphoriapatches/shadow/com/google/common/collect/ImmutableListMultimap.class,CLASS,,v:ljava/lang/object,v
MOD0028,com/euphoriapatches/shadow/com/google/common/collect/ImmutableListMultimap.class,CLASS,,k:ljava/lang/object,k
MOD0028,com/euphoriapatches/shadow/com/google/common/collect/ImmutableListMultimap.class,CLASS,,v:ljava/lang/object,v
MOD0028,com/euphoriapatches/shadow/com/google/common/collect/ImmutableListMultimap.class,CLASS,,k:ljava/lang/object,k
MOD0028,com/euphoriapatches/shadow/com/google/common/collect/ImmutableListMultimap.class,CLASS,,v:ljava/lang/object,v
MOD0028,com/euphoriapatches/shadow/com/google/common/collect/Streams$FunctionWithIndex.class,CLASS,,t:ljava/lang/object,t
MOD0028,com/euphoriapatches/shadow/com/google/common/collect/Streams$FunctionWithIndex.class,CLASS,,r:ljava/lang/object,r
MOD0028,com/euphoriapatches/shadow/com/google/common/collect/Maps$FilteredEntryMap$KeySet.class,CLASS,,t:ljava/lang/object,t
MOD0028,com/euphoriapatches/shadow/com/google/common/base/Enums$StringConverter.class,CLASS,,t:ljava/lang/enum,t
MOD0028,com/euphoriapatches/shadow/com/google/common/collect/MapMakerInternalMap$AbstractWeakKeyEntry.class,CLASS,,k:ljava/lang/object,k
MOD0028,com/euphoriapatches/shadow/com/google/common/collect/MapMakerInternalMap$AbstractWeakKeyEntry.class,CLASS,,v:ljava/lang/object,v
MOD0028,com/euphoriapatches/shadow/com/google/gson/TypeAdapterFactory.class,CLASS,,t:ljava/lang/object,t
MOD0028,com/euphoriapatches/shadow/com/google/common/base/Converter$ConverterComposition.class,CLASS,,a:ljava/lang/object,a
MOD0028,com/euphoriapatches/shadow/com/google/common/base/Converter$ConverterComposition.class,CLASS,,b:ljava/lang/object,b
MOD0028,com/euphoriapatches/shadow/com/google/common/base/Converter$ConverterComposition.class,CLASS,,c:ljava/lang/object,c
MOD0028,com/euphoriapatches/shadow/com/google/gson/internal/ConstructorConstructor.class,CLASS,,t:ljava/lang/object,t
MOD0028,com/euphoriapatches/shadow/com/google/gson/internal/ConstructorConstructor.class,CLASS,,t:ljava/lang/object,t
MOD0028,com/euphoriapatches/shadow/com/google/gson/internal/ConstructorConstructor.class,CLASS,,t:ljava/lang/object,t
MOD0028,com/euphoriapatches/shadow/com/google/common/collect/MapMakerInternalMap$WeakKeyStrongValueEntry.class,CLASS,,k:ljava/lang/object,k
MOD0028,com/euphoriapatches/shadow/com/google/common/collect/MapMakerInternalMap$WeakKeyStrongValueEntry.class,CLASS,,v:ljava/lang/object,v
MOD0028,com/euphoriapatches/shadow/com/google/common/collect/SetMultimap.class,CLASS,,k:ljava/lang/object,k
MOD0028,com/euphoriapatches/shadow/com/google/common/collect/SetMultimap.class,CLASS,,v:ljava/lang/object,v
MOD0028,com/euphoriapatches/shadow/com/google/common/collect/FilteredSetMultimap.class,CLASS,,k:ljava/lang/object,k
MOD0028,com/euphoriapatches/shadow/com/google/common/collect/FilteredSetMultimap.class,CLASS,,v:ljava/lang/object,v
MOD0028,com/euphoriapatches/shadow/com/google/common/collect/MultimapBuilder$EnumSetSupplier.class,CLASS,,v:ljava/lang/enum,v
MOD0028,com/euphoriapatches/shadow/com/google/common/collect/Iterators.class,CLASS,,t:ljava/lang/object,t
MOD0028,com/euphoriapatches/shadow/com/google/common/collect/Iterators.class,CLASS,,t:ljava/lang/object,t
MOD0028,com/euphoriapatches/shadow/com/google/common/collect/Iterators.class,CLASS,,t:ljava/lang/object,t
MOD0028,com/euphoriapatches/shadow/com/google/common/collect/Iterators.class,CLASS,,t:ljava/lang/object,t
MOD0028,com/euphoriapatches/shadow/com/google/common/collect/Iterators.class,CLASS,,t:ljava/lang/object,t
MOD0028,com/euphoriapatches/shadow/com/google/common/collect/Iterators.class,CLASS,,t:ljava/lang/object,t
MOD0028,com/euphoriapatches/shadow/com/google/common/collect/Iterators.class,CLASS,,t:ljava/lang/object,t
MOD0028,com/euphoriapatches/shadow/com/google/common/collect/Iterators.class,CLASS,,t:ljava/lang/object,t
MOD0028,com/euphoriapatches/shadow/com/google/common/collect/Iterators.class,CLASS,,t:ljava/lang/object,t
MOD0028,com/euphoriapatches/shadow/com/google/common/collect/Iterators.class,CLASS,,t:ljava/lang/object,t
MOD0028,com/euphoriapatches/shadow/com/google/common/collect/Iterators.class,CLASS,,t:ljava/lang/object,t
MOD0028,com/euphoriapatches/shadow/com/google/common/collect/Iterators.class,CLASS,,t:ljava/lang/object,t
MOD0028,com/euphoriapatches/shadow/com/google/common/collect/Iterators.class,CLASS,,t:ljava/lang/object,t
MOD0028,com/euphoriapatches/shadow/com/google/common/collect/Iterators.class,CLASS,,t:ljava/lang/object,t
MOD0028,com/euphoriapatches/shadow/com/google/common/collect/Iterators.class,CLASS,,t:ljava/lang/object,t
MOD0028,com/euphoriapatches/shadow/com/google/common/collect/Iterators.class,CLASS,,t:ljava/lang/object,t
MOD0028,com/euphoriapatches/shadow/com/google/common/collect/Iterators.class,CLASS,,t:ljava/lang/object,t
MOD0028,com/euphoriapatches/shadow/com/google/common/collect/Iterators.class,CLASS,,t:ljava/lang/object,t
MOD0028,com/euphoriapatches/shadow/com/google/common/collect/Iterators.class,CLASS,,t:ljava/lang/object,t
MOD0028,com/euphoriapatches/shadow/com/google/common/collect/Iterators.class,CLASS,,t:ljava/lang/object,t
MOD0028,com/euphoriapatches/shadow/com/google/common/collect/Iterators.class,CLASS,,t:ljava/lang/object,t
MOD0028,com/euphoriapatches/shadow/com/google/common/collect/Iterators.class,CLASS,,t:ljava/lang/object,t
MOD0028,com/euphoriapatches/shadow/com/google/common/collect/Iterators.class,CLASS,,t:ljava/lang/object,t
MOD0028,com/euphoriapatches/shadow/com/google/common/collect/Iterators.class,CLASS,,t:ljava/lang/object,t
MOD0028,com/euphoriapatches/shadow/com/google/common/collect/Iterators.class,CLASS,,t:ljava/lang/object,t
MOD0028,com/euphoriapatches/shadow/com/google/common/collect/Iterators.class,CLASS,,f:ljava/lang/object,f
MOD0028,com/euphoriapatches/shadow/com/google/common/collect/Iterators.class,CLASS,,t:ljava/lang/object,t
MOD0028,com/euphoriapatches/shadow/com/google/common/collect/Iterators.class,CLASS,,t:ljava/lang/object,t
MOD0028,com/euphoriapatches/shadow/com/google/common/collect/Iterators.class,CLASS,,t:ljava/lang/object,t
MOD0028,com/euphoriapatches/shadow/com/google/common/collect/Iterators.class,CLASS,,t:ljava/lang/object,t
MOD0028,com/euphoriapatches/shadow/com/google/common/collect/Iterators.class,CLASS,,t:ljava/lang/object,t
MOD0028,com/euphoriapatches/shadow/com/google/common/collect/Iterators.class,CLASS,,t:ljava/lang/object,t
MOD0028,com/euphoriapatches/shadow/com/google/common/collect/Iterators.class,CLASS,,t:ljava/lang/object,t
MOD0028,com/euphoriapatches/shadow/com/google/common/collect/Iterators.class,CLASS,,t:ljava/lang/object,t
MOD0028,com/euphoriapatches/shadow/com/google/common/collect/Iterators.class,CLASS,,t:ljava/lang/object,t
MOD0028,com/euphoriapatches/shadow/com/google/common/collect/Iterators.class,CLASS,,t:ljava/lang/object,t
MOD0028,com/euphoriapatches/shadow/com/google/common/collect/Iterators.class,CLASS,,t:ljava/lang/object,t
MOD0028,com/euphoriapatches/shadow/com/google/common/collect/Iterators.class,CLASS,,t:ljava/lang/object,t
MOD0028,com/euphoriapatches/shadow/com/google/common/collect/Iterators.class,CLASS,,t:ljava/lang/object,t
MOD0028,com/euphoriapatches/shadow/com/google/common/collect/Iterators.class,CLASS,,t:ljava/lang/object,t
MOD0028,com/euphoriapatches/shadow/com/google/gson/JsonDeserializer.class,CLASS,,t:ljava/lang/object,t
MOD0028,com/euphoriapatches/shadow/com/google/common/collect/ImmutableRangeMap.class,CLASS,,v:ljava/lang/object,v
MOD0028,com/euphoriapatches/shadow/com/google/common/collect/ImmutableRangeMap.class,CLASS,,t:ljava/lang/object,t
MOD0028,com/euphoriapatches/shadow/com/google/common/collect/ImmutableRangeMap.class,CLASS,,v:ljava/lang/object,v
MOD0028,com/euphoriapatches/shadow/com/google/common/collect/ImmutableRangeMap.class,CLASS,,v:ljava/lang/object,v
MOD0028,com/euphoriapatches/shadow/com/google/common/collect/ImmutableRangeMap.class,CLASS,,v:ljava/lang/object,v
MOD0028,com/euphoriapatches/shadow/com/google/common/collect/ImmutableRangeMap.class,CLASS,,v:ljava/lang/object,v
MOD0028,com/euphoriapatches/shadow/com/google/common/collect/ImmutableRangeMap.class,CLASS,,v:ljava/lang/object,v
MOD0028,com/euphoriapatches/shadow/com/google/common/collect/UnmodifiableListIterator.class,CLASS,,e:ljava/lang/object,e
MOD0028,com/euphoriapatches/shadow/com/google/common/collect/MultimapBuilder.class,CLASS,,k0:ljava/lang/object,k0
MOD0028,com/euphoriapatches/shadow/com/google/common/collect/MultimapBuilder.class,CLASS,,v0:ljava/lang/object,v0
MOD0028,com/euphoriapatches/shadow/com/google/common/collect/MultimapBuilder.class,CLASS,,k0:ljava/lang/object,k0
MOD0028,com/euphoriapatches/shadow/com/google/common/collect/MultimapBuilder.class,CLASS,,k0:ljava/lang/enum,k0
MOD0028,com/euphoriapatches/shadow/com/google/common/collect/MultimapBuilder.class,CLASS,,k:tk0,k
MOD0028,com/euphoriapatches/shadow/com/google/common/collect/MultimapBuilder.class,CLASS,,v:tv0,v
MOD0028,com/euphoriapatches/shadow/com/google/common/collect/MultimapBuilder.class,CLASS,,k:tk0,k
MOD0028,com/euphoriapatches/shadow/com/google/common/collect/MultimapBuilder.class,CLASS,,v:tv0,v
MOD0028,com/euphoriapatches/shadow/com/google/common/collect/ImmutableSet.class,CLASS,,e:ljava/lang/object,e
MOD0028,com/euphoriapatches/shadow/com/google/common/collect/ImmutableSet.class,CLASS,,e:ljava/lang/object,e
MOD0028,com/euphoriapatches/shadow/com/google/common/collect/ImmutableSet.class,CLASS,,e:ljava/lang/object,e
MOD0028,com/euphoriapatches/shadow/com/google/common/collect/ImmutableSet.class,CLASS,,e:ljava/lang/object,e
MOD0028,com/euphoriapatches/shadow/com/google/common/collect/ImmutableSet.class,CLASS,,e:ljava/lang/object,e
MOD0028,com/euphoriapatches/shadow/com/google/common/collect/ImmutableSet.class,CLASS,,e:ljava/lang/object,e
MOD0028,com/euphoriapatches/shadow/com/google/common/collect/ImmutableSet.class,CLASS,,e:ljava/lang/object,e
MOD0028,com/euphoriapatches/shadow/com/google/common/collect/ImmutableSet.class,CLASS,,e:ljava/lang/object,e
MOD0028,com/euphoriapatches/shadow/com/google/common/collect/ImmutableSet.class,CLASS,,e:ljava/lang/object,e
MOD0028,com/euphoriapatches/shadow/com/google/common/collect/ImmutableSet.class,CLASS,,e:ljava/lang/object,e
MOD0028,com/euphoriapatches/shadow/com/google/common/collect/ImmutableSet.class,CLASS,,e:ljava/lang/object,e
MOD0028,com/euphoriapatches/shadow/com/google/common/collect/ImmutableSet.class,CLASS,,e:ljava/lang/object,e
MOD0028,com/euphoriapatches/shadow/com/google/common/collect/ImmutableSet.class,CLASS,,e:ljava/lang/object,e
MOD0028,com/euphoriapatches/shadow/com/google/common/collect/ImmutableSet.class,CLASS,,e:ljava/lang/object,e
MOD0028,com/euphoriapatches/shadow/com/google/common/collect/ImmutableSet.class,CLASS,,e:ljava/lang/object,e
MOD0028,com/euphoriapatches/shadow/com/google/common/collect/ImmutableSet.class,CLASS,,e:ljava/lang/object,e
MOD0028,com/euphoriapatches/shadow/com/google/common/collect/ImmutableSet.class,CLASS,,e:ljava/lang/object,e
MOD0028,com/euphoriapatches/shadow/com/google/common/collect/MapMakerInternalMap$StrongKeyWeakValueEntry$Helper.class,CLASS,,k:ljava/lang/object,k
MOD0028,com/euphoriapatches/shadow/com/google/common/collect/MapMakerInternalMap$StrongKeyWeakValueEntry$Helper.class,CLASS,,v:ljava/lang/object,v
MOD0028,com/euphoriapatches/shadow/com/google/common/collect/MapMakerInternalMap$StrongKeyWeakValueEntry$Helper.class,CLASS,,k:ljava/lang/object,k
MOD0028,com/euphoriapatches/shadow/com/google/common/collect/MapMakerInternalMap$StrongKeyWeakValueEntry$Helper.class,CLASS,,v:ljava/lang/object,v
MOD0028,com/euphoriapatches/shadow/com/google/common/collect/Maps$TransformedEntriesMap.class,CLASS,,k:ljava/lang/object,k
MOD0028,com/euphoriapatches/shadow/com/google/common/collect/Maps$TransformedEntriesMap.class,CLASS,,v1:ljava/lang/object,v1
MOD0028,com/euphoriapatches/shadow/com/google/common/collect/Maps$TransformedEntriesMap.class,CLASS,,v2:ljava/lang/object,v2
MOD0028,com/euphoriapatches/shadow/com/google/common/collect/Multimaps$CustomListMultimap.class,CLASS,,k:ljava/lang/object,k
MOD0028,com/euphoriapatches/shadow/com/google/common/collect/Multimaps$CustomListMultimap.class,CLASS,,v:ljava/lang/object,v
MOD0028,com/euphoriapatches/shadow/com/google/common/collect/Synchronized$SynchronizedAsMapEntries.class,CLASS,,k:ljava/lang/object,k
MOD0028,com/euphoriapatches/shadow/com/google/common/collect/Synchronized$SynchronizedAsMapEntries.class,CLASS,,v:ljava/lang/object,v
MOD0028,com/euphoriapatches/shadow/com/google/common/collect/Synchronized$SynchronizedAsMapEntries.class,CLASS,,t:ljava/lang/object,t
MOD0028,com/euphoriapatches/shadow/com/google/gson/internal/bind/MapTypeAdapterFactory.class,CLASS,,t:ljava/lang/object,t
MOD0028,com/euphoriapatches/shadow/com/google/common/collect/MultimapBuilder$3.class,CLASS,,k:tk0,k
MOD0028,com/euphoriapatches/shadow/com/google/common/collect/MultimapBuilder$3.class,CLASS,,v:ljava/lang/object,v
MOD0028,com/euphoriapatches/shadow/com/google/common/base/Predicates$AndPredicate.class,CLASS,,t:ljava/lang/object,t
MOD0028,com/euphoriapatches/shadow/com/google/common/collect/ImmutableEnumSet$EnumSerializedForm.class,CLASS,,e:ljava/lang/enum,e
MOD0028,com/euphoriapatches/shadow/com/google/common/collect/Maps$TransformedEntriesSortedMap.class,CLASS,,k:ljava/lang/object,k
MOD0028,com/euphoriapatches/shadow/com/google/common/collect/Maps$TransformedEntriesSortedMap.class,CLASS,,v1:ljava/lang/object,v1
MOD0028,com/euphoriapatches/shadow/com/google/common/collect/Maps$TransformedEntriesSortedMap.class,CLASS,,v2:ljava/lang/object,v2
MOD0028,com/euphoriapatches/shadow/com/google/common/collect/FilteredKeyMultimap$AddRejectingSet.class,CLASS,,k:ljava/lang/object,k
MOD0028,com/euphoriapatches/shadow/com/google/common/collect/FilteredKeyMultimap$AddRejectingSet.class,CLASS,,v:ljava/lang/object,v
MOD0028,com/euphoriapatches/shadow/com/google/common/collect/SortedLists$KeyPresentBehavior.class,CLASS,,e:ljava/lang/object,e
MOD0028,com/euphoriapatches/shadow/com/google/common/collect/Multimaps$UnmodifiableSetMultimap.class,CLASS,,k:ljava/lang/object,k
MOD0028,com/euphoriapatches/shadow/com/google/common/collect/Multimaps$UnmodifiableSetMultimap.class,CLASS,,v:ljava/lang/object,v
MOD0028,com/euphoriapatches/shadow/com/google/common/collect/CollectSpliterators$FlatMapSpliterator.class,CLASS,,inelementt:ljava/lang/object,inelementt
MOD0028,com/euphoriapatches/shadow/com/google/common/collect/CollectSpliterators$FlatMapSpliterator.class,CLASS,,outelementt:ljava/lang/object,outelementt
MOD0028,com/euphoriapatches/euphoria_patcher/util/Dimensions.class,CLASS,,minecraft:overworld,minecraft
MOD0028,com/euphoriapatches/euphoria_patcher/util/Dimensions.class,CLASS,,minecraft:the_nether,minecraft
MOD0028,com/euphoriapatches/euphoria_patcher/util/Dimensions.class,CLASS,,minecraft:the_end,minecraft
MOD0028,com/euphoriapatches/euphoria_patcher/fabric/mixin/IrisHeaderEntryMixinYarn.class,CLASS,,https://euphoriapatches.com/download,https
MOD0028,com/euphoriapatches/euphoria_patcher/fabric/mixin/IrisHeaderEntryMixinYarn.class,CLASS,,https://euphoriapatches.com/support,https
MOD0028,com/euphoriapatches/shadow/com/google/common/base/Predicates$ObjectPredicate.class,CLASS,,t:ljava/lang/object,t
MOD0028,com/euphoriapatches/shadow/com/google/common/collect/ComparatorOrdering.class,CLASS,,t:ljava/lang/object,t
MOD0028,com/euphoriapatches/shadow/com/google/common/collect/Maps$UnmodifiableEntrySet.class,CLASS,,k:ljava/lang/object,k
MOD0028,com/euphoriapatches/shadow/com/google/common/collect/Maps$UnmodifiableEntrySet.class,CLASS,,v:ljava/lang/object,v
MOD0028,com/euphoriapatches/shadow/com/google/common/collect/ComparisonChain$InactiveComparisonChain.class,CLASS,,t:ljava/lang/object,t
MOD0028,com/euphoriapatches/shadow/com/google/gson/internal/LinkedTreeMap$LinkedTreeMapIterator.class,CLASS,,t:ljava/lang/object,t
MOD0028,com/euphoriapatches/shadow/com/google/common/collect/ImmutableSortedMap$SerializedForm.class,CLASS,,k:ljava/lang/object,k
MOD0028,com/euphoriapatches/shadow/com/google/common/collect/ImmutableSortedMap$SerializedForm.class,CLASS,,v:ljava/lang/object,v
MOD0028,com/euphoriapatches/shadow/com/google/common/collect/MapMakerInternalMap$AbstractStrongKeyEntry.class,CLASS,,k:ljava/lang/object,k
MOD0028,com/euphoriapatches/shadow/com/google/common/collect/MapMakerInternalMap$AbstractStrongKeyEntry.class,CLASS,,v:ljava/lang/object,v
MOD0028,com/euphoriapatches/shadow/com/google/common/collect/Iterators$PeekingImpl.class,CLASS,,e:ljava/lang/object,e
MOD0028,com/euphoriapatches/shadow/com/google/common/collect/RegularImmutableSet.class,CLASS,,e:ljava/lang/object,e
MOD0028,com/euphoriapatches/shadow/com/google/common/collect/ForwardingNavigableSet.class,CLASS,,e:ljava/lang/object,e
MOD0028,com/euphoriapatches/shadow/com/google/common/collect/AbstractMultiset.class,CLASS,,e:ljava/lang/object,e
MOD0028,com/euphoriapatches/shadow/com/google/common/collect/Synchronized$SynchronizedTable.class,CLASS,,r:ljava/lang/object,r
MOD0028,com/euphoriapatches/shadow/com/google/common/collect/Synchronized$SynchronizedTable.class,CLASS,,c:ljava/lang/object,c
MOD0028,com/euphoriapatches/shadow/com/google/common/collect/Synchronized$SynchronizedTable.class,CLASS,,v:ljava/lang/object,v
MOD0028,com/euphoriapatches/shadow/com/google/gson/Gson$FutureTypeAdapter.class,CLASS,,t:ljava/lang/object,t
MOD0028,com/euphoriapatches/euphoria_patcher/util/UserInstallErrorMessages.class,CLASS,,https://euphoriapatches.com/download,https
MOD0028,com/euphoriapatches/euphoria_patcher/util/UserInstallErrorMessages.class,CLASS,,https://www.complementary.dev/,https
MOD0028,com/euphoriapatches/shadow/com/google/common/collect/RegularImmutableList.class,CLASS,,e:ljava/lang/object,e
MOD0028,com/euphoriapatches/shadow/com/google/common/collect/ImmutableSetMultimap$Builder.class,CLASS,,k:ljava/lang/object,k
MOD0028,com/euphoriapatches/shadow/com/google/common/collect/ImmutableSetMultimap$Builder.class,CLASS,,v:ljava/lang/object,v
MOD0028,com/euphoriapatches/shadow/com/google/gson/JsonDeserializationContext.class,CLASS,,t:ljava/lang/object,t
MOD0028,com/euphoriapatches/euphoria_patcher/util/UserPersistentData.class,CLASS,,dos:hidden,dos
MOD0028,com/euphoriapatches/shadow/com/google/common/base/Absent.class,CLASS,,t:ljava/lang/object,t
MOD0028,com/euphoriapatches/shadow/com/google/common/base/Absent.class,CLASS,,t:ljava/lang/object,t
MOD0028,com/euphoriapatches/shadow/com/google/common/base/Absent.class,CLASS,,v:ljava/lang/object,v
MOD0028,com/euphoriapatches/shadow/com/google/common/base/MoreObjects.class,CLASS,,t:ljava/lang/object,t
MOD0028,com/euphoriapatches/shadow/com/google/common/base/NullnessCasts.class,CLASS,,t:ljava/lang/object,t
MOD0028,com/euphoriapatches/shadow/com/google/common/collect/JdkBackedImmutableBiMap.class,CLASS,,k:ljava/lang/object,k
MOD0028,com/euphoriapatches/shadow/com/google/common/collect/JdkBackedImmutableBiMap.class,CLASS,,v:ljava/lang/object,v
MOD0028,com/euphoriapatches/shadow/com/google/common/collect/JdkBackedImmutableBiMap.class,CLASS,,k:ljava/lang/object,k
MOD0028,com/euphoriapatches/shadow/com/google/common/collect/JdkBackedImmutableBiMap.class,CLASS,,v:ljava/lang/object,v
MOD0028,com/euphoriapatches/shadow/com/google/common/collect/MapMakerInternalMap$WeakKeyWeakValueEntry$Helper.class,CLASS,,k:ljava/lang/object,k
MOD0028,com/euphoriapatches/shadow/com/google/common/collect/MapMakerInternalMap$WeakKeyWeakValueEntry$Helper.class,CLASS,,v:ljava/lang/object,v
MOD0028,com/euphoriapatches/shadow/com/google/common/collect/MapMakerInternalMap$WeakKeyWeakValueEntry$Helper.class,CLASS,,k:ljava/lang/object,k
MOD0028,com/euphoriapatches/shadow/com/google/common/collect/MapMakerInternalMap$WeakKeyWeakValueEntry$Helper.class,CLASS,,v:ljava/lang/object,v
MOD0028,com/euphoriapatches/shadow/com/google/common/collect/RegularImmutableMap.class,CLASS,,k:ljava/lang/object,k
MOD0028,com/euphoriapatches/shadow/com/google/common/collect/RegularImmutableMap.class,CLASS,,v:ljava/lang/object,v
MOD0028,com/euphoriapatches/shadow/com/google/common/collect/RegularImmutableMap.class,CLASS,,k:ljava/lang/object,k
MOD0028,com/euphoriapatches/shadow/com/google/common/collect/RegularImmutableMap.class,CLASS,,v:ljava/lang/object,v
MOD0028,com/euphoriapatches/shadow/com/google/common/collect/RegularImmutableMap.class,CLASS,,k:ljava/lang/object,k
MOD0028,com/euphoriapatches/shadow/com/google/common/collect/RegularImmutableMap.class,CLASS,,v:ljava/lang/object,v
MOD0028,com/euphoriapatches/shadow/com/google/common/collect/RegularImmutableMap.class,CLASS,,k:ljava/lang/object,k
MOD0028,com/euphoriapatches/shadow/com/google/common/collect/RegularImmutableMap.class,CLASS,,v:ljava/lang/object,v
MOD0028,com/euphoriapatches/shadow/com/google/common/collect/RegularImmutableMap.class,CLASS,,k:ljava/lang/object,k
MOD0028,com/euphoriapatches/shadow/com/google/common/collect/RegularImmutableMap.class,CLASS,,v:ljava/lang/object,v
MOD0028,com/euphoriapatches/shadow/com/google/common/collect/RegularImmutableMap.class,CLASS,,k:ljava/lang/object,k
MOD0028,com/euphoriapatches/shadow/com/google/common/collect/RegularImmutableMap.class,CLASS,,v:ljava/lang/object,v
MOD0028,com/euphoriapatches/shadow/com/google/common/collect/RegularImmutableMap.class,CLASS,,k:ljava/lang/object,k
MOD0028,com/euphoriapatches/shadow/com/google/common/collect/RegularImmutableMap.class,CLASS,,v:ljava/lang/object,v
MOD0028,com/euphoriapatches/shadow/com/google/common/collect/RegularImmutableMap.class,CLASS,,v:ljava/lang/object,v
MOD0028,com/euphoriapatches/shadow/com/google/common/collect/Multisets$ViewMultiset.class,CLASS,,e:ljava/lang/object,e
MOD0028,com/euphoriapatches/shadow/com/google/common/collect/SortedMapDifference.class,CLASS,,k:ljava/lang/object,k
MOD0028,com/euphoriapatches/shadow/com/google/common/collect/SortedMapDifference.class,CLASS,,v:ljava/lang/object,v
MOD0028,com/euphoriapatches/shadow/com/google/common/collect/SortedLists.class,CLASS,,e:ljava/lang/object,e
MOD0028,com/euphoriapatches/shadow/com/google/common/collect/SortedLists.class,CLASS,,e:ljava/lang/object,e
MOD0028,com/euphoriapatches/shadow/com/google/common/collect/SortedLists.class,CLASS,,k:ljava/lang/object,k
MOD0028,com/euphoriapatches/shadow/com/google/common/collect/SortedLists.class,CLASS,,e:ljava/lang/object,e
MOD0028,com/euphoriapatches/shadow/com/google/common/collect/MapMakerInternalMap$WeakValueReference.class,CLASS,,k:ljava/lang/object,k
MOD0028,com/euphoriapatches/shadow/com/google/common/collect/MapMakerInternalMap$WeakValueReference.class,CLASS,,v:ljava/lang/object,v
MOD0028,com/euphoriapatches/shadow/org/apache/commons/io/function/IOSupplier.class,CLASS,,t:ljava/lang/object,t
MOD0028,com/euphoriapatches/shadow/com/google/common/collect/MapMakerInternalMap$WeakKeyDummyValueEntry.class,CLASS,,k:ljava/lang/object,k
MOD0028,com/euphoriapatches/shadow/com/google/common/collect/Streams$TemporaryPair.class,CLASS,,a:ljava/lang/object,a
MOD0028,com/euphoriapatches/shadow/com/google/common/collect/Streams$TemporaryPair.class,CLASS,,b:ljava/lang/object,b
MOD0028,com/euphoriapatches/shadow/com/google/common/collect/Collections2$PermutationCollection.class,CLASS,,e:ljava/lang/object,e
MOD0028,com/euphoriapatches/shadow/com/google/common/collect/AbstractSetMultimap.class,CLASS,,k:ljava/lang/object,k
MOD0028,com/euphoriapatches/shadow/com/google/common/collect/AbstractSetMultimap.class,CLASS,,v:ljava/lang/object,v
MOD0028,com/euphoriapatches/shadow/com/google/common/collect/AbstractSetMultimap.class,CLASS,,e:ljava/lang/object,e
MOD0028,com/euphoriapatches/shadow/com/google/gson/internal/UnsafeAllocator$1.class,CLASS,,t:ljava/lang/object,t
MOD0028,com/euphoriapatches/shadow/com/google/common/collect/MapMakerInternalMap$WeakKeyStrongValueEntry$LinkedWeakKeyStrongValueEntry.class,CLASS,,k:ljava/lang/object,k
MOD0028,com/euphoriapatches/shadow/com/google/common/collect/MapMakerInternalMap$WeakKeyStrongValueEntry$LinkedWeakKeyStrongValueEntry.class,CLASS,,v:ljava/lang/object,v
MOD0028,com/euphoriapatches/shadow/com/google/gson/internal/UnsafeAllocator$2.class,CLASS,,t:ljava/lang/object,t
MOD0028,com/euphoriapatches/shadow/com/google/common/collect/SortedLists$KeyPresentBehavior$3.class,CLASS,,e:ljava/lang/object,e
MOD0028,com/euphoriapatches/shadow/com/google/common/collect/Synchronized$SynchronizedSortedMap.class,CLASS,,k:ljava/lang/object,k
MOD0028,com/euphoriapatches/shadow/com/google/common/collect/Synchronized$SynchronizedSortedMap.class,CLASS,,v:ljava/lang/object,v
MOD0028,com/euphoriapatches/shadow/com/google/common/collect/CollectSpliterators$FlatMapSpliteratorOfObject.class,CLASS,,inelementt:ljava/lang/object,inelementt
MOD0028,com/euphoriapatches/shadow/com/google/common/collect/CollectSpliterators$FlatMapSpliteratorOfObject.class,CLASS,,outelementt:ljava/lang/object,outelementt
MOD0028,com/euphoriapatches/shadow/com/google/common/collect/Maps$UnmodifiableNavigableMap.class,CLASS,,k:ljava/lang/object,k
MOD0028,com/euphoriapatches/shadow/com/google/common/collect/Maps$UnmodifiableNavigableMap.class,CLASS,,v:ljava/lang/object,v
MOD0028,com/euphoriapatches/shadow/com/google/common/collect/Multiset$Entry.class,CLASS,,e:ljava/lang/object,e
MOD0028,com/euphoriapatches/shadow/com/google/common/collect/MultimapBuilder$MultimapBuilderWithKeys$1.class,CLASS,,k:tk0,k
MOD0028,com/euphoriapatches/shadow/com/google/common/collect/MultimapBuilder$MultimapBuilderWithKeys$1.class,CLASS,,v:ljava/lang/object,v
MOD0028,com/euphoriapatches/shadow/com/google/common/collect/ImmutableSet$RegularSetBuilderImpl.class,CLASS,,e:ljava/lang/object,e
MOD0028,com/euphoriapatches/shadow/com/google/common/collect/Sets$DescendingSet.class,CLASS,,e:ljava/lang/object,e
MOD0028,com/euphoriapatches/shadow/com/google/common/collect/Sets$DescendingSet.class,CLASS,,t:ljava/lang/object,t
MOD0028,com/euphoriapatches/shadow/com/google/common/collect/Sets$DescendingSet.class,CLASS,,t:ljava/lang/object,t
MOD0028,com/euphoriapatches/shadow/com/google/common/collect/AbstractNavigableMap.class,CLASS,,k:ljava/lang/object,k
MOD0028,com/euphoriapatches/shadow/com/google/common/collect/AbstractNavigableMap.class,CLASS,,v:ljava/lang/object,v
MOD0028,com/euphoriapatches/shadow/com/google/common/collect/SortedIterable.class,CLASS,,t:ljava/lang/object,t
MOD0028,com/euphoriapatches/shadow/com/google/common/collect/MultimapBuilder$1.class,CLASS,,k:ljava/lang/object,k
MOD0028,com/euphoriapatches/shadow/com/google/common/collect/MultimapBuilder$1.class,CLASS,,v:ljava/lang/object,v
MOD0028,com/euphoriapatches/shadow/com/google/common/collect/RegularImmutableMap$Values$SerializedForm.class,CLASS,,v:ljava/lang/object,v
MOD0028,com/euphoriapatches/shadow/com/google/common/collect/ImmutableBiMapFauxverideShim.class,CLASS,,k:ljava/lang/object,k
MOD0028,com/euphoriapatches/shadow/com/google/common/collect/ImmutableBiMapFauxverideShim.class,CLASS,,v:ljava/lang/object,v
MOD0028,com/euphoriapatches/shadow/com/google/common/collect/ImmutableBiMapFauxverideShim.class,CLASS,,t:ljava/lang/object,t
MOD0028,com/euphoriapatches/shadow/com/google/common/collect/ImmutableBiMapFauxverideShim.class,CLASS,,k:ljava/lang/object,k
MOD0028,com/euphoriapatches/shadow/com/google/common/collect/ImmutableBiMapFauxverideShim.class,CLASS,,v:ljava/lang/object,v
MOD0028,com/euphoriapatches/shadow/com/google/common/collect/ImmutableBiMapFauxverideShim.class,CLASS,,t:ljava/lang/object,t
MOD0028,com/euphoriapatches/shadow/com/google/common/collect/ImmutableBiMapFauxverideShim.class,CLASS,,k:ljava/lang/object,k
MOD0028,com/euphoriapatches/shadow/com/google/common/collect/ImmutableBiMapFauxverideShim.class,CLASS,,v:ljava/lang/object,v
MOD0028,com/euphoriapatches/shadow/com/google/common/collect/ImmutableMap$Builder.class,CLASS,,k:ljava/lang/object,k
MOD0028,com/euphoriapatches/shadow/com/google/common/collect/ImmutableMap$Builder.class,CLASS,,v:ljava/lang/object,v
MOD0028,com/euphoriapatches/shadow/com/google/common/collect/ImmutableMap$Builder.class,CLASS,,k:ljava/lang/object,k
MOD0028,com/euphoriapatches/shadow/com/google/common/collect/ImmutableMap$Builder.class,CLASS,,v:ljava/lang/object,v
MOD0028,com/euphoriapatches/shadow/com/google/common/collect/Lists$Partition.class,CLASS,,t:ljava/lang/object,t
MOD0028,com/euphoriapatches/shadow/com/google/common/collect/MultimapBuilder$4.class,CLASS,,k:tk0,k
MOD0028,com/euphoriapatches/shadow/com/google/common/collect/MultimapBuilder$4.class,CLASS,,v:ljava/lang/object,v
MOD0028,com/euphoriapatches/shadow/com/google/gson/internal/bind/TypeAdapters.class,CLASS,,tt:ljava/lang/object,tt
MOD0028,com/euphoriapatches/shadow/com/google/gson/internal/bind/TypeAdapters.class,CLASS,,tt:ljava/lang/object,tt
MOD0028,com/euphoriapatches/shadow/com/google/gson/internal/bind/TypeAdapters.class,CLASS,,tt:ljava/lang/object,tt
MOD0028,com/euphoriapatches/shadow/com/google/gson/internal/bind/TypeAdapters.class,CLASS,,tt:ljava/lang/object,tt
MOD0028,com/euphoriapatches/shadow/com/google/gson/internal/bind/TypeAdapters.class,CLASS,,t1:ljava/lang/object,t1
MOD0028,com/euphoriapatches/shadow/com/google/common/collect/Iterators$ArrayItr.class,CLASS,,t:ljava/lang/object,t
MOD0028,com/euphoriapatches/shadow/com/google/common/collect/MapMaker.class,CLASS,,k:ljava/lang/object,k
MOD0028,com/euphoriapatches/shadow/com/google/common/collect/MapMaker.class,CLASS,,v:ljava/lang/object,v
MOD0028,com/euphoriapatches/shadow/com/google/gson/internal/bind/TypeAdapters$30.class,CLASS,,t:ljava/lang/object,t
MOD0028,com/euphoriapatches/shadow/com/google/common/collect/Multisets$FilteredMultiset.class,CLASS,,e:ljava/lang/object,e
MOD0028,com/euphoriapatches/shadow/com/google/common/collect/Collections2.class,CLASS,,e:ljava/lang/object,e
MOD0028,com/euphoriapatches/shadow/com/google/common/collect/Collections2.class,CLASS,,f:ljava/lang/object,f
MOD0028,com/euphoriapatches/shadow/com/google/common/collect/Collections2.class,CLASS,,t:ljava/lang/object,t
MOD0028,com/euphoriapatches/shadow/com/google/common/collect/Collections2.class,CLASS,,e:ljava/lang/object,e
MOD0028,com/euphoriapatches/shadow/com/google/common/collect/Collections2.class,CLASS,,e:ljava/lang/object,e
MOD0028,com/euphoriapatches/shadow/com/google/common/collect/Sets$SubSet.class,CLASS,,e:ljava/lang/object,e
MOD0028,com/euphoriapatches/shadow/com/google/common/collect/LexicographicalOrdering.class,CLASS,,t:ljava/lang/object,t
MOD0028,com/euphoriapatches/shadow/com/google/common/collect/ForwardingSortedSet.class,CLASS,,e:ljava/lang/object,e
MOD0028,com/euphoriapatches/shadow/com/google/common/collect/MapMakerInternalMap$WeakValueReferenceImpl.class,CLASS,,k:ljava/lang/object,k
MOD0028,com/euphoriapatches/shadow/com/google/common/collect/MapMakerInternalMap$WeakValueReferenceImpl.class,CLASS,,v:ljava/lang/object,v
MOD0028,com/euphoriapatches/shadow/com/google/common/collect/MapMakerInternalMap$SerializationProxy.class,CLASS,,k:ljava/lang/object,k
MOD0028,com/euphoriapatches/shadow/com/google/common/collect/MapMakerInternalMap$SerializationProxy.class,CLASS,,v:ljava/lang/object,v
MOD0028,com/euphoriapatches/shadow/com/google/common/collect/Iterators$MergingIterator.class,CLASS,,t:ljava/lang/object,t
MOD0028,com/euphoriapatches/shadow/com/google/common/collect/ComparisonChain.class,CLASS,,t:ljava/lang/object,t
MOD0028,com/euphoriapatches/shadow/com/google/common/collect/ImmutableCollection$Builder.class,CLASS,,e:ljava/lang/object,e
MOD0028,com/euphoriapatches/shadow/com/google/common/collect/Maps$AsMapView.class,CLASS,,k:ljava/lang/object,k
MOD0028,com/euphoriapatches/shadow/com/google/common/collect/Maps$AsMapView.class,CLASS,,v:ljava/lang/object,v
MOD0028,com/euphoriapatches/shadow/com/google/common/collect/ImmutableSortedSetFauxverideShim.class,CLASS,,e:ljava/lang/object,e
MOD0028,com/euphoriapatches/shadow/com/google/common/collect/ImmutableSortedSetFauxverideShim.class,CLASS,,e:ljava/lang/object,e
MOD0028,com/euphoriapatches/shadow/com/google/common/collect/ImmutableSortedSetFauxverideShim.class,CLASS,,e:ljava/lang/object,e
MOD0028,com/euphoriapatches/shadow/com/google/common/collect/ImmutableSortedSetFauxverideShim.class,CLASS,,e:ljava/lang/object,e
MOD0028,com/euphoriapatches/shadow/com/google/common/collect/ImmutableSortedSetFauxverideShim.class,CLASS,,e:ljava/lang/object,e
MOD0028,com/euphoriapatches/shadow/com/google/common/collect/ImmutableSortedSetFauxverideShim.class,CLASS,,e:ljava/lang/object,e
MOD0028,com/euphoriapatches/shadow/com/google/common/collect/ImmutableSortedSetFauxverideShim.class,CLASS,,e:ljava/lang/object,e
MOD0028,com/euphoriapatches/shadow/com/google/common/collect/ImmutableSortedSetFauxverideShim.class,CLASS,,e:ljava/lang/object,e
MOD0028,com/euphoriapatches/shadow/com/google/common/collect/ImmutableSortedSetFauxverideShim.class,CLASS,,e:ljava/lang/object,e
MOD0028,com/euphoriapatches/shadow/com/google/common/collect/ImmutableSortedSetFauxverideShim.class,CLASS,,e:ljava/lang/object,e
MOD0028,com/euphoriapatches/shadow/com/google/common/collect/ImmutableSortedSetFauxverideShim.class,CLASS,,e:ljava/lang/object,e
MOD0028,com/euphoriapatches/shadow/com/google/common/collect/MultimapBuilder$LinkedHashSetSupplier.class,CLASS,,v:ljava/lang/object,v
MOD0028,com/euphoriapatches/shadow/com/google/common/collect/Sets.class,CLASS,,e:ljava/lang/enum,e
MOD0028,com/euphoriapatches/shadow/com/google/common/collect/Sets.class,CLASS,,e:ljava/lang/enum,e
MOD0028,com/euphoriapatches/shadow/com/google/common/collect/Sets.class,CLASS,,e:ljava/lang/enum,e
MOD0028,com/euphoriapatches/shadow/com/google/common/collect/Sets.class,CLASS,,e:ljava/lang/enum,e
MOD0028,com/euphoriapatches/shadow/com/google/common/collect/Sets.class,CLASS,,e:ljava/lang/object,e
MOD0028,com/euphoriapatches/shadow/com/google/common/collect/Sets.class,CLASS,,e:ljava/lang/object,e
MOD0028,com/euphoriapatches/shadow/com/google/common/collect/Sets.class,CLASS,,e:ljava/lang/object,e
MOD0028,com/euphoriapatches/shadow/com/google/common/collect/Sets.class,CLASS,,e:ljava/lang/object,e
MOD0028,com/euphoriapatches/shadow/com/google/common/collect/Sets.class,CLASS,,e:ljava/lang/object,e
MOD0028,com/euphoriapatches/shadow/com/google/common/collect/Sets.class,CLASS,,e:ljava/lang/object,e
MOD0028,com/euphoriapatches/shadow/com/google/common/collect/Sets.class,CLASS,,e:ljava/lang/object,e
MOD0028,com/euphoriapatches/shadow/com/google/common/collect/Sets.class,CLASS,,e:ljava/lang/object,e
MOD0028,com/euphoriapatches/shadow/com/google/common/collect/Sets.class,CLASS,,e:ljava/lang/object,e
MOD0028,com/euphoriapatches/shadow/com/google/common/collect/Sets.class,CLASS,,e:ljava/lang/object,e
MOD0028,com/euphoriapatches/shadow/com/google/common/collect/Sets.class,CLASS,,e:ljava/lang/object,e
MOD0028,com/euphoriapatches/shadow/com/google/common/collect/Sets.class,CLASS,,e:ljava/lang/object,e
MOD0028,com/euphoriapatches/shadow/com/google/common/collect/Sets.class,CLASS,,e:ljava/lang/object,e
MOD0028,com/euphoriapatches/shadow/com/google/common/collect/Sets.class,CLASS,,e:ljava/lang/enum,e
MOD0028,com/euphoriapatches/shadow/com/google/common/collect/Sets.class,CLASS,,e:ljava/lang/enum,e
MOD0028,com/euphoriapatches/shadow/com/google/common/collect/Sets.class,CLASS,,e:ljava/lang/object,e
MOD0028,com/euphoriapatches/shadow/com/google/common/collect/Sets.class,CLASS,,e:ljava/lang/object,e
MOD0028,com/euphoriapatches/shadow/com/google/common/collect/Sets.class,CLASS,,e:ljava/lang/object,e
MOD0028,com/euphoriapatches/shadow/com/google/common/collect/Sets.class,CLASS,,e:ljava/lang/object,e
MOD0028,com/euphoriapatches/shadow/com/google/common/collect/Sets.class,CLASS,,e:ljava/lang/object,e
MOD0028,com/euphoriapatches/shadow/com/google/common/collect/Sets.class,CLASS,,e:ljava/lang/object,e
MOD0028,com/euphoriapatches/shadow/com/google/common/collect/Sets.class,CLASS,,b:ljava/lang/object,b
MOD0028,com/euphoriapatches/shadow/com/google/common/collect/Sets.class,CLASS,,b:ljava/lang/object,b
MOD0028,com/euphoriapatches/shadow/com/google/common/collect/Sets.class,CLASS,,e:ljava/lang/object,e
MOD0028,com/euphoriapatches/shadow/com/google/common/collect/Sets.class,CLASS,,e:ljava/lang/object,e
MOD0028,com/euphoriapatches/shadow/com/google/common/collect/Sets.class,CLASS,,e:ljava/lang/object,e
MOD0028,com/euphoriapatches/shadow/com/google/common/collect/JdkBackedImmutableSet.class,CLASS,,e:ljava/lang/object,e
MOD0028,com/euphoriapatches/shadow/com/google/common/collect/Maps$FilteredEntryNavigableMap.class,CLASS,,k:ljava/lang/object,k
MOD0028,com/euphoriapatches/shadow/com/google/common/collect/Maps$FilteredEntryNavigableMap.class,CLASS,,v:ljava/lang/object,v
MOD0028,com/euphoriapatches/shadow/com/google/gson/internal/$Gson$Preconditions.class,CLASS,,t:ljava/lang/object,t
MOD0028,com/euphoriapatches/shadow/com/google/common/collect/ImmutableList$Builder.class,CLASS,,e:ljava/lang/object,e
MOD0028,com/euphoriapatches/shadow/com/google/common/collect/ImmutableMapValues$SerializedForm.class,CLASS,,v:ljava/lang/object,v
MOD0028,com/euphoriapatches/shadow/com/google/common/collect/Multiset.class,CLASS,,e:ljava/lang/object,e
MOD0028,com/euphoriapatches/shadow/com/google/common/collect/ImmutableSortedSet$Builder.class,CLASS,,e:ljava/lang/object,e
MOD0028,com/euphoriapatches/shadow/com/google/common/collect/AbstractMapBasedMultiset.class,CLASS,,e:ljava/lang/object,e
MOD0028,com/euphoriapatches/shadow/com/google/common/collect/BiMap.class,CLASS,,k:ljava/lang/object,k
MOD0028,com/euphoriapatches/shadow/com/google/common/collect/BiMap.class,CLASS,,v:ljava/lang/object,v
MOD0028,com/euphoriapatches/shadow/com/google/common/collect/ForwardingMultimap.class,CLASS,,k:ljava/lang/object,k
MOD0028,com/euphoriapatches/shadow/com/google/common/collect/ForwardingMultimap.class,CLASS,,v:ljava/lang/object,v
MOD0028,com/euphoriapatches/shadow/com/google/gson/internal/bind/util/ISO8601Utils.class,CLASS,,yyyy-mm-ddthh:mm,yyyy-mm-ddthh
MOD0028,com/euphoriapatches/shadow/com/google/gson/internal/bind/util/ISO8601Utils.class,CLASS,,hh:mm,hh
MOD0028,com/euphoriapatches/shadow/com/google/gson/internal/bind/util/ISO8601Utils.class,CLASS,,00:00,00
MOD0028,com/euphoriapatches/shadow/com/google/common/collect/ForwardingSet.class,CLASS,,e:ljava/lang/object,e
MOD0028,com/euphoriapatches/shadow/com/google/common/collect/Sets$SetView.class,CLASS,,e:ljava/lang/object,e
MOD0028,com/euphoriapatches/shadow/com/google/common/collect/Sets$CartesianSet.class,CLASS,,e:ljava/lang/object,e
MOD0028,com/euphoriapatches/shadow/com/google/common/collect/Sets$CartesianSet.class,CLASS,,e:ljava/lang/object,e
MOD0028,com/euphoriapatches/shadow/com/google/common/collect/ForwardingMultiset.class,CLASS,,e:ljava/lang/object,e
MOD0028,com/euphoriapatches/shadow/com/google/common/collect/Sets$FilteredSortedSet.class,CLASS,,e:ljava/lang/object,e
MOD0028,com/euphoriapatches/shadow/com/google/common/collect/Maps$UnmodifiableEntries.class,CLASS,,k:ljava/lang/object,k
MOD0028,com/euphoriapatches/shadow/com/google/common/collect/Maps$UnmodifiableEntries.class,CLASS,,v:ljava/lang/object,v
MOD0028,com/euphoriapatches/shadow/com/google/common/collect/Maps$UnmodifiableEntries.class,CLASS,,t:ljava/lang/object,t
MOD0028,com/euphoriapatches/shadow/com/google/common/base/Platform.class,CLASS,,t:ljava/lang/enum,t
MOD0028,com/euphoriapatches/shadow/com/google/common/collect/Multisets$EntrySet.class,CLASS,,e:ljava/lang/object,e
MOD0028,com/euphoriapatches/shadow/com/google/gson/internal/bind/ObjectTypeAdapter$1.class,CLASS,,t:ljava/lang/object,t
MOD0028,com/euphoriapatches/shadow/com/google/gson/internal/ObjectConstructor.class,CLASS,,t:ljava/lang/object,t
MOD0028,com/euphoriapatches/shadow/com/google/common/collect/MapMakerInternalMap$StrongKeyWeakValueEntry.class,CLASS,,k:ljava/lang/object,k
MOD0028,com/euphoriapatches/shadow/com/google/common/collect/MapMakerInternalMap$StrongKeyWeakValueEntry.class,CLASS,,v:ljava/lang/object,v
MOD0028,com/euphoriapatches/shadow/com/google/common/collect/AbstractIterator.class,CLASS,,t:ljava/lang/object,t
MOD0028,com/euphoriapatches/shadow/com/google/common/base/Converter$ReverseConverter.class,CLASS,,a:ljava/lang/object,a
MOD0028,com/euphoriapatches/shadow/com/google/common/base/Converter$ReverseConverter.class,CLASS,,b:ljava/lang/object,b
MOD0028,com/euphoriapatches/shadow/com/google/common/collect/FluentIterable.class,CLASS,,e:ljava/lang/object,e
MOD0028,com/euphoriapatches/shadow/com/google/common/collect/FluentIterable.class,CLASS,,e:ljava/lang/object,e
MOD0028,com/euphoriapatches/shadow/com/google/common/collect/FluentIterable.class,CLASS,,e:ljava/lang/object,e
MOD0028,com/euphoriapatches/shadow/com/google/common/collect/FluentIterable.class,CLASS,,e:ljava/lang/object,e
MOD0028,com/euphoriapatches/shadow/com/google/common/collect/FluentIterable.class,CLASS,,t:ljava/lang/object,t
MOD0028,com/euphoriapatches/shadow/com/google/common/collect/FluentIterable.class,CLASS,,t:ljava/lang/object,t
MOD0028,com/euphoriapatches/shadow/com/google/common/collect/FluentIterable.class,CLASS,,t:ljava/lang/object,t
MOD0028,com/euphoriapatches/shadow/com/google/common/collect/FluentIterable.class,CLASS,,t:ljava/lang/object,t
MOD0028,com/euphoriapatches/shadow/com/google/common/collect/FluentIterable.class,CLASS,,t:ljava/lang/object,t
MOD0028,com/euphoriapatches/shadow/com/google/common/collect/FluentIterable.class,CLASS,,e:ljava/lang/object,e
MOD0028,com/euphoriapatches/shadow/com/google/common/collect/FluentIterable.class,CLASS,,e:ljava/lang/object,e
MOD0028,com/euphoriapatches/shadow/com/google/common/collect/FluentIterable.class,CLASS,,t:ljava/lang/object,t
MOD0028,com/euphoriapatches/shadow/com/google/common/collect/FluentIterable.class,CLASS,,t:ljava/lang/object,t
MOD0028,com/euphoriapatches/shadow/com/google/common/collect/FluentIterable.class,CLASS,,t:ljava/lang/object,t
MOD0028,com/euphoriapatches/shadow/com/google/common/collect/FluentIterable.class,CLASS,,v:ljava/lang/object,v
MOD0028,com/euphoriapatches/shadow/com/google/common/collect/FluentIterable.class,CLASS,,k:ljava/lang/object,k
MOD0028,com/euphoriapatches/shadow/com/google/common/collect/FluentIterable.class,CLASS,,k:ljava/lang/object,k
MOD0028,com/euphoriapatches/shadow/com/google/common/collect/Sets$UnmodifiableNavigableSet.class,CLASS,,e:ljava/lang/object,e
MOD0028,com/euphoriapatches/shadow/com/google/common/collect/SortedLists$KeyPresentBehavior$2.class,CLASS,,e:ljava/lang/object,e
MOD0028,com/euphoriapatches/shadow/com/google/common/collect/ImmutableMapEntrySet$RegularEntrySet.class,CLASS,,k:ljava/lang/object,k
MOD0028,com/euphoriapatches/shadow/com/google/common/collect/ImmutableMapEntrySet$RegularEntrySet.class,CLASS,,v:ljava/lang/object,v
MOD0028,com/euphoriapatches/shadow/com/google/gson/internal/bind/DefaultDateTypeAdapter.class,CLASS,,t:ljava/util/date,t
MOD0028,com/euphoriapatches/shadow/com/google/common/collect/ImmutableSet$Builder.class,CLASS,,e:ljava/lang/object,e
MOD0028,com/euphoriapatches/shadow/com/google/common/collect/Lists$RandomAccessListWrapper.class,CLASS,,e:ljava/lang/object,e
MOD0028,com/euphoriapatches/shadow/com/google/common/collect/Synchronized.class,CLASS,,e:ljava/lang/object,e
MOD0028,com/euphoriapatches/shadow/com/google/common/collect/Synchronized.class,CLASS,,e:ljava/lang/object,e
MOD0028,com/euphoriapatches/shadow/com/google/common/collect/Synchronized.class,CLASS,,e:ljava/lang/object,e
MOD0028,com/euphoriapatches/shadow/com/google/common/collect/Synchronized.class,CLASS,,e:ljava/lang/object,e
MOD0028,com/euphoriapatches/shadow/com/google/common/collect/Synchronized.class,CLASS,,e:ljava/lang/object,e
MOD0028,com/euphoriapatches/shadow/com/google/common/collect/Synchronized.class,CLASS,,k:ljava/lang/object,k
MOD0028,com/euphoriapatches/shadow/com/google/common/collect/Synchronized.class,CLASS,,v:ljava/lang/object,v
MOD0028,com/euphoriapatches/shadow/com/google/common/collect/Synchronized.class,CLASS,,k:ljava/lang/object,k
MOD0028,com/euphoriapatches/shadow/com/google/common/collect/Synchronized.class,CLASS,,v:ljava/lang/object,v
MOD0028,com/euphoriapatches/shadow/com/google/common/collect/Synchronized.class,CLASS,,k:ljava/lang/object,k
MOD0028,com/euphoriapatches/shadow/com/google/common/collect/Synchronized.class,CLASS,,v:ljava/lang/object,v
MOD0028,com/euphoriapatches/shadow/com/google/common/collect/Synchronized.class,CLASS,,k:ljava/lang/object,k
MOD0028,com/euphoriapatches/shadow/com/google/common/collect/Synchronized.class,CLASS,,v:ljava/lang/object,v
MOD0028,com/euphoriapatches/shadow/com/google/common/collect/Synchronized.class,CLASS,,k:ljava/lang/object,k
MOD0028,com/euphoriapatches/shadow/com/google/common/collect/Synchronized.class,CLASS,,v:ljava/lang/object,v
MOD0028,com/euphoriapatches/shadow/com/google/common/collect/Synchronized.class,CLASS,,k:ljava/lang/object,k
MOD0028,com/euphoriapatches/shadow/com/google/common/collect/Synchronized.class,CLASS,,v:ljava/lang/object,v
MOD0028,com/euphoriapatches/shadow/com/google/common/collect/Synchronized.class,CLASS,,k:ljava/lang/object,k
MOD0028,com/euphoriapatches/shadow/com/google/common/collect/Synchronized.class,CLASS,,v:ljava/lang/object,v
MOD0028,com/euphoriapatches/shadow/com/google/common/collect/Synchronized.class,CLASS,,e:ljava/lang/object,e
MOD0028,com/euphoriapatches/shadow/com/google/common/collect/Synchronized.class,CLASS,,e:ljava/lang/object,e
MOD0028,com/euphoriapatches/shadow/com/google/common/collect/Synchronized.class,CLASS,,k:ljava/lang/object,k
MOD0028,com/euphoriapatches/shadow/com/google/common/collect/Synchronized.class,CLASS,,v:ljava/lang/object,v
MOD0028,com/euphoriapatches/shadow/com/google/common/collect/Synchronized.class,CLASS,,k:ljava/lang/object,k
MOD0028,com/euphoriapatches/shadow/com/google/common/collect/Synchronized.class,CLASS,,v:ljava/lang/object,v
MOD0028,com/euphoriapatches/shadow/com/google/common/collect/Synchronized.class,CLASS,,k:ljava/lang/object,k
MOD0028,com/euphoriapatches/shadow/com/google/common/collect/Synchronized.class,CLASS,,v:ljava/lang/object,v
MOD0028,com/euphoriapatches/shadow/com/google/common/collect/Synchronized.class,CLASS,,e:ljava/lang/object,e
MOD0028,com/euphoriapatches/shadow/com/google/common/collect/Synchronized.class,CLASS,,e:ljava/lang/object,e
MOD0028,com/euphoriapatches/shadow/com/google/common/collect/Synchronized.class,CLASS,,r:ljava/lang/object,r
MOD0028,com/euphoriapatches/shadow/com/google/common/collect/Synchronized.class,CLASS,,c:ljava/lang/object,c
MOD0028,com/euphoriapatches/shadow/com/google/common/collect/Synchronized.class,CLASS,,v:ljava/lang/object,v
MOD0028,com/euphoriapatches/shadow/com/google/common/collect/ImmutableEnumMap$EnumSerializedForm.class,CLASS,,k:ljava/lang/enum,k
MOD0028,com/euphoriapatches/shadow/com/google/common/collect/ImmutableEnumMap$EnumSerializedForm.class,CLASS,,v:ljava/lang/object,v
MOD0028,com/euphoriapatches/shadow/com/google/gson/internal/PreJava9DateFormatProvider.class,CLASS,,h:mm,h
MOD0028,com/euphoriapatches/shadow/com/google/gson/internal/PreJava9DateFormatProvider.class,CLASS,,h:mm,h
MOD0028,com/euphoriapatches/shadow/com/google/gson/internal/PreJava9DateFormatProvider.class,CLASS,,h:mm,h
MOD0028,com/euphoriapatches/shadow/com/google/gson/JsonSerializer.class,CLASS,,t:ljava/lang/object,t
MOD0028,com/euphoriapatches/shadow/com/google/common/base/Preconditions.class,CLASS,,t:ljava/lang/object,t
MOD0028,com/euphoriapatches/shadow/com/google/common/base/Preconditions.class,CLASS,,t:ljava/lang/object,t
MOD0028,com/euphoriapatches/shadow/com/google/common/base/Preconditions.class,CLASS,,t:ljava/lang/object,t
MOD0028,com/euphoriapatches/shadow/com/google/common/base/Preconditions.class,CLASS,,t:ljava/lang/object,t
MOD0028,com/euphoriapatches/shadow/com/google/common/base/Preconditions.class,CLASS,,t:ljava/lang/object,t
MOD0028,com/euphoriapatches/shadow/com/google/common/base/Preconditions.class,CLASS,,t:ljava/lang/object,t
MOD0028,com/euphoriapatches/shadow/com/google/common/base/Preconditions.class,CLASS,,t:ljava/lang/object,t
MOD0028,com/euphoriapatches/shadow/com/google/common/base/Preconditions.class,CLASS,,t:ljava/lang/object,t
MOD0028,com/euphoriapatches/shadow/com/google/common/base/Preconditions.class,CLASS,,t:ljava/lang/object,t
MOD0028,com/euphoriapatches/shadow/com/google/common/base/Preconditions.class,CLASS,,t:ljava/lang/object,t
MOD0028,com/euphoriapatches/shadow/com/google/common/base/Preconditions.class,CLASS,,t:ljava/lang/object,t
MOD0028,com/euphoriapatches/shadow/com/google/common/base/Preconditions.class,CLASS,,t:ljava/lang/object,t
MOD0028,com/euphoriapatches/shadow/com/google/common/base/Preconditions.class,CLASS,,t:ljava/lang/object,t
MOD0028,com/euphoriapatches/shadow/com/google/common/base/Preconditions.class,CLASS,,t:ljava/lang/object,t
MOD0028,com/euphoriapatches/shadow/com/google/common/base/Preconditions.class,CLASS,,t:ljava/lang/object,t
MOD0028,com/euphoriapatches/shadow/com/google/common/base/Preconditions.class,CLASS,,t:ljava/lang/object,t
MOD0028,com/euphoriapatches/shadow/com/google/common/base/Preconditions.class,CLASS,,t:ljava/lang/object,t
MOD0028,com/euphoriapatches/shadow/com/google/common/base/Preconditions.class,CLASS,,t:ljava/lang/object,t
MOD0028,com/euphoriapatches/shadow/com/google/common/base/Preconditions.class,CLASS,,t:ljava/lang/object,t
MOD0028,com/euphoriapatches/shadow/com/google/common/base/Preconditions.class,CLASS,,t:ljava/lang/object,t
MOD0028,com/euphoriapatches/shadow/com/google/common/base/Preconditions.class,CLASS,,t:ljava/lang/object,t
MOD0028,com/euphoriapatches/shadow/com/google/common/base/Preconditions.class,CLASS,,t:ljava/lang/object,t
MOD0028,com/euphoriapatches/shadow/com/google/common/base/Preconditions.class,CLASS,,t:ljava/lang/object,t
MOD0028,com/euphoriapatches/shadow/com/google/common/base/Preconditions.class,CLASS,,t:ljava/lang/object,t
MOD0028,com/euphoriapatches/shadow/com/google/common/base/Preconditions.class,CLASS,,t:ljava/lang/object,t
MOD0028,com/euphoriapatches/shadow/com/google/common/collect/ListMultimap.class,CLASS,,k:ljava/lang/object,k
MOD0028,com/euphoriapatches/shadow/com/google/common/collect/ListMultimap.class,CLASS,,v:ljava/lang/object,v
MOD0029,error_notifier.json,JSON,url,https://www.curseforge.com/minecraft/mc-mods/fabric-api/,https
MOD0029,error_notifier.json,JSON,url,https://www.curseforge.com/minecraft/mc-mods/architectury-api/,https
MOD0029,error_notifier.json,JSON,url,https://www.curseforge.com/minecraft/mc-mods/cloth-config/,https
MOD0029,assets/roughlyenoughitems/lang/uk_ua.json,JSON,rule.roughlyenoughitems.filtering.hide.tag.subtitle,c:hidden_from_recipe_viewers,c
MOD0029,assets/roughlyenoughitems/lang/ru_ru.json,JSON,rule.roughlyenoughitems.filtering.hide.tag.subtitle,c:hidden_from_recipe_viewers,c
MOD0029,assets/roughlyenoughitems/lang/tr_tr.json,JSON,rule.roughlyenoughitems.filtering.hide.tag.subtitle,c:hidden_from_recipe_viewers,c
MOD0029,assets/roughlyenoughitems/lang/fr_fr.json,JSON,rule.roughlyenoughitems.filtering.hide.tag.subtitle,c:hidden_from_recipe_viewers,c
MOD0029,assets/roughlyenoughitems/lang/pt_br.json,JSON,rule.roughlyenoughitems.filtering.hide.tag.subtitle,c:hidden_from_recipe_viewers,c
MOD0029,assets/roughlyenoughitems/lang/es_es.json,JSON,rule.roughlyenoughitems.filtering.hide.tag.subtitle,c:hidden_from_recipe_viewers,c
MOD0029,assets/roughlyenoughitems/lang/en_nz.json,JSON,rule.roughlyenoughitems.filtering.hide.tag.subtitle,c:hidden_from_recipe_viewers,c
MOD0029,assets/roughlyenoughitems/lang/en_gb.json,JSON,rule.roughlyenoughitems.filtering.hide.tag.subtitle,c:hidden_from_recipe_viewers,c
MOD0029,assets/roughlyenoughitems/lang/ja_jp.json,JSON,rule.roughlyenoughitems.filtering.hide.tag.subtitle,c:hidden_from_recipe_viewers,c
MOD0029,assets/roughlyenoughitems/lang/pl_pl.json,JSON,rule.roughlyenoughitems.filtering.hide.tag.subtitle,c:hidden_from_recipe_viewers,c
MOD0029,assets/roughlyenoughitems/lang/vi_vn.json,JSON,rule.roughlyenoughitems.filtering.hide.tag.subtitle,c:hidden_from_recipe_viewers,c
MOD0029,assets/roughlyenoughitems/lang/cs_cz.json,JSON,rule.roughlyenoughitems.filtering.hide.tag.subtitle,c:hidden_from_recipe_viewers,c
MOD0029,assets/roughlyenoughitems/lang/zh_cn.json,JSON,rule.roughlyenoughitems.filtering.hide.tag.subtitle,c:hidden_from_recipe_viewers,c
MOD0029,assets/roughlyenoughitems/lang/it_it.json,JSON,rule.roughlyenoughitems.filtering.hide.tag.subtitle,c:hidden_from_recipe_viewers,c
MOD0029,fabric.mod.json,JSON,homepage,https://www.curseforge.com/minecraft/mc-mods/roughly-enough-items,https
MOD0029,fabric.mod.json,JSON,sources,https://github.com/shedaniel/roughlyenoughitems,https
MOD0029,fabric.mod.json,JSON,issues,https://github.com/shedaniel/roughlyenoughitems/issues,https
MOD0029,assets/roughlyenoughitems/lang/pt_pt.json,JSON,rule.roughlyenoughitems.filtering.hide.tag.subtitle,c:hidden_from_recipe_viewers,c
MOD0029,assets/roughlyenoughitems/lang/de_de.json,JSON,rule.roughlyenoughitems.filtering.hide.tag.subtitle,c:hidden_from_recipe_viewers,c
MOD0029,assets/roughlyenoughitems/lang/lzh.json,JSON,rule.roughlyenoughitems.filtering.hide.tag.subtitle,c:hidden_from_recipe_viewers,c
MOD0029,assets/roughlyenoughitems/lang/ko_kr.json,JSON,rule.roughlyenoughitems.filtering.hide.tag.subtitle,c:hidden_from_recipe_viewers,c
MOD0029,assets/roughlyenoughitems/lang/zh_tw.json,JSON,rule.roughlyenoughitems.filtering.hide.tag.subtitle,c:hidden_from_recipe_viewers,c
MOD0029,assets/roughlyenoughitems/lang/zh_hk.json,JSON,rule.roughlyenoughitems.filtering.hide.tag.subtitle,c:hidden_from_recipe_viewers,c
MOD0029,assets/roughlyenoughitems/lang/en_au.json,JSON,rule.roughlyenoughitems.filtering.hide.tag.subtitle,c:hidden_from_recipe_viewers,c
MOD0029,assets/roughlyenoughitems/lang/en_us.json,JSON,rule.roughlyenoughitems.filtering.hide.tag.subtitle,c:hidden_from_recipe_viewers,c
MOD0029,me/shedaniel/rei/api/common/util/CollectionUtils.class,CLASS,,a:ljava/lang/object,a
MOD0029,me/shedaniel/rei/api/common/util/CollectionUtils.class,CLASS,,b:ljava/lang/object,b
MOD0029,me/shedaniel/rei/api/common/util/CollectionUtils.class,CLASS,,t:ljava/lang/object,t
MOD0029,me/shedaniel/rei/api/common/util/CollectionUtils.class,CLASS,,t:ljava/lang/object,t
MOD0029,me/shedaniel/rei/api/common/util/CollectionUtils.class,CLASS,,r:ljava/lang/object,r
MOD0029,me/shedaniel/rei/api/common/util/CollectionUtils.class,CLASS,,t:ljava/lang/object,t
MOD0029,me/shedaniel/rei/api/common/util/CollectionUtils.class,CLASS,,t:ljava/lang/object,t
MOD0029,me/shedaniel/rei/api/common/util/CollectionUtils.class,CLASS,,t:ljava/lang/object,t
MOD0029,me/shedaniel/rei/api/common/util/CollectionUtils.class,CLASS,,t:ljava/lang/object,t
MOD0029,me/shedaniel/rei/api/common/util/CollectionUtils.class,CLASS,,t:ljava/lang/object,t
MOD0029,me/shedaniel/rei/api/common/util/CollectionUtils.class,CLASS,,r:ljava/lang/object,r
MOD0029,me/shedaniel/rei/api/common/util/CollectionUtils.class,CLASS,,t:ljava/lang/object,t
MOD0029,me/shedaniel/rei/api/common/util/CollectionUtils.class,CLASS,,r:ljava/lang/object,r
MOD0029,me/shedaniel/rei/api/common/util/CollectionUtils.class,CLASS,,t:ljava/lang/object,t
MOD0029,me/shedaniel/rei/api/common/util/CollectionUtils.class,CLASS,,r:ljava/lang/object,r
MOD0029,me/shedaniel/rei/api/common/util/CollectionUtils.class,CLASS,,t:ljava/lang/object,t
MOD0029,me/shedaniel/rei/api/common/util/CollectionUtils.class,CLASS,,r:ljava/lang/object,r
MOD0029,me/shedaniel/rei/api/common/util/CollectionUtils.class,CLASS,,t:ljava/lang/object,t
MOD0029,me/shedaniel/rei/api/common/util/CollectionUtils.class,CLASS,,r:ljava/lang/object,r
MOD0029,me/shedaniel/rei/api/common/util/CollectionUtils.class,CLASS,,t:ljava/lang/object,t
MOD0029,me/shedaniel/rei/api/common/util/CollectionUtils.class,CLASS,,r:ljava/lang/object,r
MOD0029,me/shedaniel/rei/api/common/util/CollectionUtils.class,CLASS,,t:ljava/lang/object,t
MOD0029,me/shedaniel/rei/api/common/util/CollectionUtils.class,CLASS,,r:ljava/lang/object,r
MOD0029,me/shedaniel/rei/api/common/util/CollectionUtils.class,CLASS,,t:ljava/lang/object,t
MOD0029,me/shedaniel/rei/api/common/util/CollectionUtils.class,CLASS,,t:ljava/lang/object,t
MOD0029,me/shedaniel/rei/api/common/util/CollectionUtils.class,CLASS,,r:ljava/lang/object,r
MOD0029,me/shedaniel/rei/api/common/util/CollectionUtils.class,CLASS,,t:ljava/lang/object,t
MOD0029,me/shedaniel/rei/api/common/util/CollectionUtils.class,CLASS,,r:ljava/lang/object,r
MOD0029,me/shedaniel/rei/api/common/util/CollectionUtils.class,CLASS,,t:ljava/lang/object,t
MOD0029,me/shedaniel/rei/api/common/util/CollectionUtils.class,CLASS,,r:ljava/lang/object,r
MOD0029,me/shedaniel/rei/api/common/util/CollectionUtils.class,CLASS,,t:ljava/lang/object,t
MOD0029,me/shedaniel/rei/api/common/util/CollectionUtils.class,CLASS,,r:ljava/lang/object,r
MOD0029,me/shedaniel/rei/api/common/util/CollectionUtils.class,CLASS,,t:ljava/lang/object,t
MOD0029,me/shedaniel/rei/api/common/util/CollectionUtils.class,CLASS,,r:ljava/lang/object,r
MOD0029,me/shedaniel/rei/api/common/util/CollectionUtils.class,CLASS,,t:ljava/lang/object,t
MOD0029,me/shedaniel/rei/api/common/util/CollectionUtils.class,CLASS,,t:ljava/lang/object,t
MOD0029,me/shedaniel/rei/api/common/util/CollectionUtils.class,CLASS,,t:ljava/lang/object,t
MOD0029,me/shedaniel/rei/api/common/util/CollectionUtils.class,CLASS,,t:ljava/lang/object,t
MOD0029,me/shedaniel/rei/api/common/util/CollectionUtils.class,CLASS,,t:ljava/lang/object,t
MOD0029,me/shedaniel/rei/api/common/util/CollectionUtils.class,CLASS,,t:ljava/lang/object,t
MOD0029,me/shedaniel/rei/api/common/util/CollectionUtils.class,CLASS,,t:ljava/lang/object,t
MOD0029,me/shedaniel/rei/api/common/util/CollectionUtils.class,CLASS,,r:ljava/lang/object,r
MOD0029,me/shedaniel/rei/api/common/util/CollectionUtils.class,CLASS,,t:ljava/lang/object,t
MOD0029,me/shedaniel/rei/api/common/util/CollectionUtils.class,CLASS,,r:ljava/lang/object,r
MOD0029,me/shedaniel/rei/api/common/util/CollectionUtils.class,CLASS,,t:ljava/lang/object,t
MOD0029,me/shedaniel/rei/api/common/util/CollectionUtils.class,CLASS,,t:ljava/lang/object,t
MOD0029,me/shedaniel/rei/api/common/util/CollectionUtils.class,CLASS,,t:ljava/lang/object,t
MOD0029,me/shedaniel/rei/api/common/util/CollectionUtils.class,CLASS,,t:ljava/lang/object,t
MOD0029,me/shedaniel/rei/api/common/util/CollectionUtils.class,CLASS,,t:ljava/lang/object,t
MOD0029,me/shedaniel/rei/api/common/util/CollectionUtils.class,CLASS,,t:ljava/lang/object,t
MOD0029,me/shedaniel/rei/api/common/util/CollectionUtils.class,CLASS,,t:ljava/lang/object,t
MOD0029,me/shedaniel/rei/api/common/util/CollectionUtils.class,CLASS,,t:ljava/lang/object,t
MOD0029,me/shedaniel/rei/api/common/util/CollectionUtils.class,CLASS,,t:ljava/lang/object,t
MOD0029,me/shedaniel/rei/api/common/util/CollectionUtils.class,CLASS,,t:ljava/lang/object,t
MOD0029,me/shedaniel/rei/api/common/util/CollectionUtils.class,CLASS,,t:ljava/lang/object,t
MOD0029,me/shedaniel/rei/impl/common/registry/displays/RemappingMap.class,CLASS,,k:ljava/lang/object,k
MOD0029,me/shedaniel/rei/impl/common/registry/displays/RemappingMap.class,CLASS,,v:ljava/lang/object,v
MOD0029,me/shedaniel/rei/impl/client/registry/screen/ScreenRegistryImpl$3.class,CLASS,,r:lnet/minecraft/client/gui/screens/screen,r
MOD0029,me/shedaniel/rei/impl/common/entry/comparison/EntryComparatorRegistryImpl.class,CLASS,,t:ljava/lang/object,t
MOD0029,me/shedaniel/rei/impl/common/entry/comparison/EntryComparatorRegistryImpl.class,CLASS,,s:ljava/lang/object,s
MOD0029,me/shedaniel/rei/plugin/client/runtime/PluginStageExecutionWatcher.class,CLASS,,p:ljava/lang/object,p
MOD0029,me/shedaniel/rei/impl/client/gui/widget/ListWidget$ListEntryPredicate.class,CLASS,,t:ljava/lang/object,t
MOD0029,me/shedaniel/rei/plugin/common/displays/tag/TagNode.class,CLASS,,t:ljava/lang/object,t
MOD0029,me/shedaniel/rei/plugin/common/displays/tag/TagNode.class,CLASS,,t:ljava/lang/object,t
MOD0029,me/shedaniel/rei/plugin/common/displays/tag/TagNode.class,CLASS,,t:ljava/lang/object,t
MOD0029,me/shedaniel/rei/api/client/entry/renderer/EntryRendererProvider.class,CLASS,,t:ljava/lang/object,t
MOD0029,me/shedaniel/rei/api/client/entry/renderer/EntryRendererProvider.class,CLASS,,t:ljava/lang/object,t
MOD0029,me/shedaniel/rei/impl/client/search/argument/Argument$ResultSinkImpl.class,CLASS,,t:ljava/lang/object,t
MOD0029,me/shedaniel/rei/api/common/util/EntryStacks.class,CLASS,,a:ljava/lang/object,a
MOD0029,me/shedaniel/rei/api/common/util/EntryStacks.class,CLASS,,b:ljava/lang/object,b
MOD0029,me/shedaniel/rei/api/common/util/EntryStacks.class,CLASS,,a:ljava/lang/object,a
MOD0029,me/shedaniel/rei/api/common/util/EntryStacks.class,CLASS,,b:ljava/lang/object,b
MOD0029,me/shedaniel/rei/api/common/util/EntryStacks.class,CLASS,,t:ljava/lang/object,t
MOD0029,me/shedaniel/rei/api/common/util/EntryStacks.class,CLASS,,t:ljava/lang/object,t
MOD0029,me/shedaniel/rei/impl/client/gui/credits/CreditsScreen.class,CLASS,,https://www.github.com/shedaniel/roughlyenoughitems,https
MOD0029,me/shedaniel/rei/impl/client/gui/credits/CreditsScreen.class,CLASS,,https://www.curseforge.com/minecraft/mc-mods/roughly-enough-items,https
MOD0029,me/shedaniel/rei/impl/client/gui/credits/CreditsScreen.class,CLASS,,https://patreon.com/shedaniel,https
MOD0029,me/shedaniel/rei/api/client/gui/drag/component/DraggableComponentProvider.class,CLASS,,t:lnet/minecraft/client/gui/screens/screen,t
MOD0029,me/shedaniel/rei/api/client/gui/drag/component/DraggableComponentProvider.class,CLASS,,a:ljava/lang/object,a
MOD0029,me/shedaniel/rei/api/client/gui/drag/component/DraggableComponentProvider.class,CLASS,,t:lnet/minecraft/client/gui/screens/screen,t
MOD0029,me/shedaniel/rei/api/client/gui/drag/component/DraggableComponentProvider.class,CLASS,,a:ljava/lang/object,a
MOD0029,me/shedaniel/rei/api/client/gui/drag/component/DraggableComponentProvider.class,CLASS,,r:lnet/minecraft/client/gui/screens/screen,r
MOD0029,me/shedaniel/rei/api/common/registry/display/DisplayConsumer$FillerBuilder.class,CLASS,,t:ljava/lang/object,t
MOD0029,me/shedaniel/rei/api/common/registry/display/DisplayConsumer$FillerBuilder.class,CLASS,,t1:ljava/lang/object,t1
MOD0029,me/shedaniel/rei/api/client/entry/filtering/FilteringRule.class,CLASS,,cache:ljava/lang/object,cache
MOD0029,me/shedaniel/rei/api/client/registry/screen/ExclusionZones.class,CLASS,,t:ljava/lang/object,t
MOD0029,me/shedaniel/rei/impl/client/util/AbstractIndexedCyclingList.class,CLASS,,t:ljava/lang/object,t
MOD0029,me/shedaniel/rei/impl/client/gui/widget/ListWidget$CellWidget.class,CLASS,,t:ljava/lang/object,t
MOD0029,me/shedaniel/rei/impl/client/search/method/unihan/UniHanManager.class,CLASS,,https://shedaniel.moe/qntrml0eranb.zip,https
MOD0029,me/shedaniel/rei/impl/client/search/method/unihan/UniHanManager.class,CLASS,,https://www.unicode.org/public/ucd/latest/ucd/unihan.zip,https
MOD0029,me/shedaniel/rei/api/client/entry/renderer/EntryRendererRegistry$TooltipTransformer.class,CLASS,,t:ljava/lang/object,t
MOD0029,me/shedaniel/rei/impl/common/entry/EntryIngredientImpl$EmptyEntryIngredient.class,CLASS,,t:ljava/lang/object,t
MOD0029,me/shedaniel/rei/impl/common/entry/EntryIngredientImpl$EmptyEntryIngredient.class,CLASS,,t:ljava/lang/object,t
MOD0029,me/shedaniel/rei/impl/common/entry/EntryIngredientImpl$EmptyEntryIngredient.class,CLASS,,t:ljava/lang/object,t
MOD0029,me/shedaniel/rei/impl/client/gui/widget/region/EntryStacksRegionWidget.class,CLASS,,t:ljava/lang/object,t
MOD0029,me/shedaniel/rei/plugin/client/runtime/InputMethodWatcher.class,CLASS,,rei:default,rei
MOD0029,me/shedaniel/rei/api/client/gui/drag/component/DraggableComponentVisitorWidget$2.class,CLASS,,r:lnet/minecraft/client/gui/screens/screen,r
MOD0029,me/shedaniel/rei/api/common/util/CollectionUtils$ListConcatenationView.class,CLASS,,e:ljava/lang/object,e
MOD0029,me/shedaniel/rei/impl/client/search/method/InputMethodRegistryImpl.class,CLASS,,rei:default,rei
MOD0029,me/shedaniel/rei/mixin/fabric/MixinTagLoader.class,CLASS,,t:ljava/lang/object,t
MOD0029,me/shedaniel/rei/mixin/fabric/MixinTagLoader.class,CLASS,,t:ljava/lang/object,t
MOD0029,me/shedaniel/rei/impl/client/gui/widget/VStackWidget$Builder.class,CLASS,,t:lme/shedaniel/rei/api/client/gui/widgets/widgetwithbounds,t
MOD0029,me/shedaniel/rei/impl/client/gui/widget/VStackWidget$CellWidget.class,CLASS,,t:ljava/lang/object,t
MOD0029,me/shedaniel/rei/api/client/gui/drag/DraggingContext.class,CLASS,,s:lnet/minecraft/client/gui/screens/screen,s
MOD0029,me/shedaniel/rei/api/client/gui/drag/DraggingContext.class,CLASS,,t:lnet/minecraft/client/gui/screens/screen,t
MOD0029,me/shedaniel/rei/api/common/entry/settings/EntrySettingsAdapter.class,CLASS,,t:ljava/lang/object,t
MOD0029,me/shedaniel/rei/api/common/entry/settings/EntrySettingsAdapter.class,CLASS,,s:ljava/lang/object,s
MOD0029,me/shedaniel/rei/api/common/entry/settings/EntrySettingsAdapter.class,CLASS,,t:ljava/lang/object,t
MOD0029,me/shedaniel/rei/api/common/entry/settings/EntrySettingsAdapter.class,CLASS,,s:ljava/lang/object,s
MOD0029,me/shedaniel/rei/api/common/registry/display/DisplayConsumer$BiPredicateWithId.class,CLASS,,t:ljava/lang/object,t
MOD0029,me/shedaniel/rei/api/common/registry/display/DisplayConsumer$BiPredicateWithId.class,CLASS,,u:ljava/lang/object,u
MOD0029,me/shedaniel/rei/impl/common/entry/type/collapsed/CollapsibleEntryRegistryImpl.class,CLASS,,t:ljava/lang/object,t
MOD0029,me/shedaniel/rei/impl/client/gui/config/options/AllREIConfigOptions.class,CLASS,,t:ljava/lang/object,t
MOD0029,me/shedaniel/rei/impl/client/gui/config/options/OptionValueEntry$Configure.class,CLASS,,t:ljava/lang/object,t
MOD0029,me/shedaniel/rei/api/common/util/EntryIngredients.class,CLASS,,t:ljava/lang/object,t
MOD0029,me/shedaniel/rei/api/common/util/EntryIngredients.class,CLASS,,t:ljava/lang/object,t
MOD0029,me/shedaniel/rei/api/common/util/EntryIngredients.class,CLASS,,t:ljava/lang/object,t
MOD0029,me/shedaniel/rei/api/common/util/EntryIngredients.class,CLASS,,t:ljava/lang/object,t
MOD0029,me/shedaniel/rei/api/common/util/EntryIngredients.class,CLASS,,s:ljava/lang/object,s
MOD0029,me/shedaniel/rei/api/common/util/EntryIngredients.class,CLASS,,t:ljava/lang/object,t
MOD0029,me/shedaniel/rei/api/common/util/EntryIngredients.class,CLASS,,s:ljava/lang/object,s
MOD0029,me/shedaniel/rei/api/common/util/EntryIngredients.class,CLASS,,t:ljava/lang/object,t
MOD0029,me/shedaniel/rei/api/common/util/EntryIngredients.class,CLASS,,t:ljava/lang/object,t
MOD0029,me/shedaniel/rei/impl/common/entry/EntryStackProviderImpl.class,CLASS,,t:ljava/lang/object,t
MOD0029,me/shedaniel/rei/impl/client/gui/widget/EntryRendererManager.class,CLASS,,t:lme/shedaniel/rei/impl/client/gui/widget/entrywidget,t
MOD0029,me/shedaniel/rei/impl/client/gui/widget/EntryRendererManager.class,CLASS,,t:lme/shedaniel/rei/impl/client/gui/widget/entrywidget,t
MOD0029,me/shedaniel/rei/plugin/common/displays/crafting/CraftingDisplay.class,CLASS,,t:lnet/minecraft/world/inventory/abstractcontainermenu,t
MOD0029,me/shedaniel/rei/api/common/util/CollectionUtils$IndexedFunction.class,CLASS,,t:ljava/lang/object,t
MOD0029,me/shedaniel/rei/api/common/util/CollectionUtils$IndexedFunction.class,CLASS,,r:ljava/lang/object,r
MOD0029,me/shedaniel/rei/api/client/gui/drag/DraggableStackVisitor$1.class,CLASS,,r:lnet/minecraft/client/gui/screens/screen,r
MOD0029,me/shedaniel/rei/impl/client/ClientHelperImpl$LegacyWrapperViewSearchBuilder.class,CLASS,,t:ljava/lang/object,t
MOD0029,me/shedaniel/rei/impl/client/ClientHelperImpl$LegacyWrapperViewSearchBuilder.class,CLASS,,t:ljava/lang/object,t
MOD0029,me/shedaniel/rei/impl/client/gui/widget/VStackWidget.class,CLASS,,t:lme/shedaniel/rei/api/client/gui/widgets/widgetwithbounds,t
MOD0029,me/shedaniel/rei/impl/client/gui/widget/VStackWidget.class,CLASS,,t:lme/shedaniel/rei/api/client/gui/widgets/widgetwithbounds,t
MOD0029,me/shedaniel/rei/impl/client/gui/widget/VStackWidget.class,CLASS,,t:lme/shedaniel/rei/api/client/gui/widgets/widgetwithbounds,t
MOD0029,me/shedaniel/rei/impl/client/util/OriginalRetainingCyclingList.class,CLASS,,t:ljava/lang/object,t
MOD0029,me/shedaniel/rei/impl/client/util/OriginalRetainingCyclingList.class,CLASS,,t:ljava/lang/object,t
MOD0029,me/shedaniel/rei/api/common/transfer/RecipeFinder.class,CLASS,,t:ljava/lang/object,t
MOD0029,me/shedaniel/rei/api/client/registry/entry/EntryRegistry.class,CLASS,,cache:ljava/lang/object,cache
MOD0029,me/shedaniel/rei/api/client/gui/drag/DraggableStackProviderWidget$1.class,CLASS,,r:lnet/minecraft/client/gui/screens/screen,r
MOD0029,me/shedaniel/rei/impl/client/gui/widget/UpdatedListWidget$Entry.class,CLASS,,e:lme/shedaniel/rei/impl/client/gui/widget/updatedlistwidget,e
MOD0029,me/shedaniel/rei/plugin/client/categories/tag/ReferenceTagNodeWidget.class,CLASS,,s:ljava/lang/object,s
MOD0029,me/shedaniel/rei/plugin/client/categories/tag/ReferenceTagNodeWidget.class,CLASS,,t:ljava/lang/object,t
MOD0029,me/shedaniel/rei/impl/client/ClientHelperImpl$ViewSearchBuilderImpl.class,CLASS,,t:ljava/lang/object,t
MOD0029,me/shedaniel/rei/api/client/favorites/FavoriteEntryType$Registry.class,CLASS,,a:lme/shedaniel/rei/api/client/favorites/favoriteentry,a
MOD0029,me/shedaniel/rei/api/client/favorites/FavoriteEntryType$Registry.class,CLASS,,a:lme/shedaniel/rei/api/client/favorites/favoriteentry,a
MOD0029,me/shedaniel/rei/impl/client/gui/config/components/ConfigOptionValueWidget.class,CLASS,,t:ljava/lang/object,t
MOD0029,me/shedaniel/rei/impl/client/gui/config/components/ConfigOptionValueWidget.class,CLASS,,roughlyenoughitems:textures/gui/config/selector.png,roughlyenoughitems
MOD0029,me/shedaniel/rei/impl/client/gui/config/components/ConfigOptionValueWidget.class,CLASS,,t:ljava/lang/object,t
MOD0029,me/shedaniel/rei/impl/client/gui/config/components/ConfigOptionValueWidget.class,CLASS,,t:ljava/lang/object,t
MOD0029,me/shedaniel/rei/impl/client/util/AbstractIndexedCyclingList$Mutable.class,CLASS,,t:ljava/lang/object,t
MOD0029,me/shedaniel/rei/api/client/registry/screen/ClickArea$ClickAreaContext.class,CLASS,,t:lnet/minecraft/client/gui/screens/screen,t
MOD0029,me/shedaniel/rei/impl/client/gui/config/options/AllREIConfigGroups.class,CLASS,,t:ljava/lang/object,t
MOD0029,me/shedaniel/rei/api/common/registry/display/DisplayConsumer$BiFunctionWithId.class,CLASS,,t:ljava/lang/object,t
MOD0029,me/shedaniel/rei/api/common/registry/display/DisplayConsumer$BiFunctionWithId.class,CLASS,,u:ljava/lang/object,u
MOD0029,me/shedaniel/rei/api/common/registry/display/DisplayConsumer$BiFunctionWithId.class,CLASS,,r:ljava/lang/object,r
MOD0029,me/shedaniel/rei/impl/Internals.class,CLASS,,t:ljava/lang/object,t
MOD0029,me/shedaniel/rei/impl/Internals.class,CLASS,,t:ljava/lang/object,t
MOD0029,me/shedaniel/rei/impl/Internals.class,CLASS,,t:ljava/lang/object,t
MOD0029,me/shedaniel/rei/api/common/registry/display/DisplayConsumer$FunctionWithId.class,CLASS,,t:ljava/lang/object,t
MOD0029,me/shedaniel/rei/api/common/registry/display/DisplayConsumer$FunctionWithId.class,CLASS,,r:ljava/lang/object,r
MOD0029,me/shedaniel/rei/impl/common/entry/type/EntryTypeRegistryImpl.class,CLASS,,t:ljava/lang/object,t
MOD0029,me/shedaniel/rei/impl/common/entry/type/EntryTypeRegistryImpl.class,CLASS,,a:ljava/lang/object,a
MOD0029,me/shedaniel/rei/impl/common/entry/type/EntryTypeRegistryImpl.class,CLASS,,b:ljava/lang/object,b
MOD0029,me/shedaniel/rei/impl/common/entry/type/EntryTypeRegistryImpl.class,CLASS,,a:ljava/lang/object,a
MOD0029,me/shedaniel/rei/impl/common/entry/type/EntryTypeRegistryImpl.class,CLASS,,b:ljava/lang/object,b
MOD0029,me/shedaniel/rei/impl/client/gui/config/options/CompositeOption.class,CLASS,,t:ljava/lang/object,t
MOD0029,me/shedaniel/rei/api/common/entry/EntrySerializer.class,CLASS,,t:ljava/lang/object,t
MOD0029,me/shedaniel/rei/impl/client/gui/widget/UpdatedListWidget.class,CLASS,,e:lme/shedaniel/rei/impl/client/gui/widget/updatedlistwidget,e
MOD0029,me/shedaniel/rei/impl/client/gui/credits/fabric/CreditsScreenImpl.class,CLASS,,rei:translators,rei
MOD0029,me/shedaniel/rei/impl/client/gui/config/components/ConfigOptionWidget.class,CLASS,,t:ljava/lang/object,t
MOD0029,me/shedaniel/rei/impl/ClientInternals.class,CLASS,,t:ljava/lang/object,t
MOD0029,me/shedaniel/rei/impl/ClientInternals.class,CLASS,,t:ljava/lang/object,t
MOD0029,me/shedaniel/rei/impl/ClientInternals.class,CLASS,,t:ljava/lang/object,t
MOD0029,me/shedaniel/rei/impl/ClientInternals.class,CLASS,,t:ljava/lang/object,t
MOD0029,me/shedaniel/rei/impl/client/registry/screen/ScreenRegistryImpl$2.class,CLASS,,r:lnet/minecraft/client/gui/screens/screen,r
MOD0029,me/shedaniel/rei/impl/client/registry/screen/ScreenRegistryImpl$2.class,CLASS,,r:lnet/minecraft/client/gui/screens/screen,r
MOD0029,me/shedaniel/rei/plugin/client/exclusionzones/DefaultPotionEffectExclusionZones.class,CLASS,,t:lnet/minecraft/client/gui/screens/inventory/abstractcontainerscreen,t
MOD0029,me/shedaniel/rei/plugin/common/displays/tag/DefaultTagDisplay.class,CLASS,,s:ljava/lang/object,s
MOD0029,me/shedaniel/rei/plugin/common/displays/tag/DefaultTagDisplay.class,CLASS,,t:ljava/lang/object,t
MOD0029,me/shedaniel/rei/api/client/gui/drag/DraggableStackProvider$1.class,CLASS,,r:lnet/minecraft/client/gui/screens/screen,r
MOD0029,me/shedaniel/rei/impl/client/search/argument/Argument.class,CLASS,,t:ljava/lang/object,t
MOD0029,me/shedaniel/rei/impl/client/search/argument/Argument.class,CLASS,,r:ljava/lang/object,r
MOD0029,me/shedaniel/rei/impl/client/search/argument/Argument.class,CLASS,,t:ljava/lang/object,t
MOD0029,me/shedaniel/rei/impl/client/search/argument/Argument.class,CLASS,,t:ljava/lang/object,t
MOD0029,me/shedaniel/rei/impl/client/search/argument/Argument.class,CLASS,,r:ljava/lang/object,r
MOD0029,me/shedaniel/rei/impl/client/search/argument/Argument.class,CLASS,,b:ljava/lang/object,b
MOD0029,me/shedaniel/rei/fabric/PluginDetectorImpl.class,CLASS,,p:ljava/lang/object,p
MOD0029,me/shedaniel/rei/impl/client/util/CyclingList.class,CLASS,,t:ljava/lang/object,t
MOD0029,me/shedaniel/rei/impl/client/util/CyclingList.class,CLASS,,t:ljava/lang/object,t
MOD0029,me/shedaniel/rei/impl/client/util/CyclingList.class,CLASS,,t:ljava/lang/object,t
MOD0029,me/shedaniel/rei/impl/client/util/CyclingList.class,CLASS,,t:ljava/lang/object,t
MOD0029,me/shedaniel/rei/impl/client/util/CyclingList.class,CLASS,,t:ljava/lang/object,t
MOD0029,me/shedaniel/rei/impl/client/util/CyclingList.class,CLASS,,t:ljava/lang/object,t
MOD0029,me/shedaniel/rei/impl/client/util/CyclingList.class,CLASS,,t:ljava/lang/object,t
MOD0029,me/shedaniel/rei/impl/common/entry/settings/EntrySettingsAdapterRegistryImpl.class,CLASS,,t:ljava/lang/object,t
MOD0029,me/shedaniel/rei/impl/common/entry/settings/EntrySettingsAdapterRegistryImpl.class,CLASS,,s:ljava/lang/object,s
MOD0029,me/shedaniel/rei/impl/common/entry/settings/EntrySettingsAdapterRegistryImpl.class,CLASS,,t:ljava/lang/object,t
MOD0029,me/shedaniel/rei/impl/common/entry/settings/EntrySettingsAdapterRegistryImpl.class,CLASS,,s:ljava/lang/object,s
MOD0029,me/shedaniel/rei/api/client/registry/transfer/simple/SimpleTransferHandler.class,CLASS,,c:lnet/minecraft/world/inventory/abstractcontainermenu,c
MOD0029,me/shedaniel/rei/api/common/registry/display/DisplayConsumer$PredicateWithId.class,CLASS,,t:ljava/lang/object,t
MOD0029,me/shedaniel/rei/impl/common/transfer/NewInputSlotCrafter.class,CLASS,,t:lnet/minecraft/world/inventory/abstractcontainermenu,t
MOD0029,me/shedaniel/rei/api/common/entry/settings/EntryIngredientSetting.class,CLASS,,t:ljava/lang/object,t
MOD0029,me/shedaniel/rei/plugin/client/categories/tag/TagNodeWidget.class,CLASS,,s:ljava/lang/object,s
MOD0029,me/shedaniel/rei/plugin/client/categories/tag/TagNodeWidget.class,CLASS,,t:ljava/lang/object,t
MOD0029,me/shedaniel/rei/plugin/client/categories/tag/TagNodeWidget.class,CLASS,,s:ljava/lang/object,s
MOD0029,me/shedaniel/rei/plugin/client/categories/tag/TagNodeWidget.class,CLASS,,t:ljava/lang/object,t
MOD0029,me/shedaniel/rei/api/client/registry/screen/OverlayDecider.class,CLASS,,r:lnet/minecraft/client/gui/screens/screen,r
MOD0029,me/shedaniel/rei/api/client/registry/screen/OverlayDecider.class,CLASS,,r:lnet/minecraft/client/gui/screens/screen,r
MOD0029,me/shedaniel/rei/impl/client/gui/widget/basewidgets/ButtonWidget.class,CLASS,,roughlyenoughitems:widget/button_dark,roughlyenoughitems
MOD0029,me/shedaniel/rei/impl/client/gui/widget/basewidgets/ButtonWidget.class,CLASS,,roughlyenoughitems:widget/button_disabled_dark,roughlyenoughitems
MOD0029,me/shedaniel/rei/impl/client/gui/widget/basewidgets/ButtonWidget.class,CLASS,,roughlyenoughitems:widget/button_highlighted_dark,roughlyenoughitems
MOD0029,me/shedaniel/rei/impl/client/gui/widget/InternalWidgets$WidgetsProvider.class,CLASS,,roughlyenoughitems:textures/gui/shapeless_icon_,roughlyenoughitems
MOD0029,me/shedaniel/rei/impl/client/gui/screen/AbstractDisplayViewingScreen$Limiter.class,CLASS,,t:ljava/lang/object,t
MOD0029,me/shedaniel/rei/api/client/gui/widgets/utils/PanelTextures$1.class,CLASS,,roughlyenoughitems:widget/panel_slot,roughlyenoughitems
MOD0029,me/shedaniel/rei/api/client/gui/widgets/utils/PanelTextures$1.class,CLASS,,roughlyenoughitems:widget/panel_slot_dark,roughlyenoughitems
MOD0029,me/shedaniel/rei/api/client/registry/screen/ClickArea.class,CLASS,,t:lnet/minecraft/client/gui/screens/screen,t
MOD0029,me/shedaniel/rei/api/client/entry/renderer/EntryRendererRegistry.class,CLASS,,t:ljava/lang/object,t
MOD0029,me/shedaniel/rei/api/client/entry/renderer/EntryRendererRegistry.class,CLASS,,t:ljava/lang/object,t
MOD0029,me/shedaniel/rei/api/client/entry/renderer/EntryRendererRegistry.class,CLASS,,t:ljava/lang/object,t
MOD0029,me/shedaniel/rei/impl/client/entry/type/types/RenderingEntryDefinition.class,CLASS,,t:ljava/lang/object,t
MOD0029,me/shedaniel/rei/impl/client/search/argument/type/ArgumentType.class,CLASS,,t:ljava/lang/object,t
MOD0029,me/shedaniel/rei/impl/client/search/argument/type/ArgumentType.class,CLASS,,r:ljava/lang/object,r
MOD0029,me/shedaniel/rei/api/client/registry/screen/ExclusionZonesProvider.class,CLASS,,t:ljava/lang/object,t
MOD0029,me/shedaniel/rei/impl/common/entry/EntryIngredientImpl$SettingsHandler.class,CLASS,,t:ljava/lang/object,t
MOD0029,me/shedaniel/rei/impl/client/gui/widget/DynamicErrorFreeEntryListWidget$Entry.class,CLASS,,e:lme/shedaniel/rei/impl/client/gui/widget/dynamicerrorfreeentrylistwidget,e
MOD0029,me/shedaniel/rei/impl/client/config/entries/FilteringRulesScreen.class,CLASS,,cache:ljava/lang/object,cache
MOD0029,me/shedaniel/rei/api/client/gui/drag/component/DraggableComponentProviderWidget$1.class,CLASS,,r:lnet/minecraft/client/gui/screens/screen,r
MOD0029,me/shedaniel/rei/impl/client/gui/config/REIConfigScreen.class,CLASS,,t:ljava/lang/object,t
MOD0029,me/shedaniel/rei/impl/client/gui/config/REIConfigScreen.class,CLASS,,t:ljava/lang/object,t
MOD0029,me/shedaniel/rei/plugin/client/categories/tag/TagTreeWidget.class,CLASS,,s:ljava/lang/object,s
MOD0029,me/shedaniel/rei/plugin/client/categories/tag/TagTreeWidget.class,CLASS,,t:ljava/lang/object,t
MOD0029,me/shedaniel/rei/impl/ClientInternals$QuadFunction.class,CLASS,,t:ljava/lang/object,t
MOD0029,me/shedaniel/rei/impl/ClientInternals$QuadFunction.class,CLASS,,u:ljava/lang/object,u
MOD0029,me/shedaniel/rei/impl/ClientInternals$QuadFunction.class,CLASS,,v:ljava/lang/object,v
MOD0029,me/shedaniel/rei/impl/ClientInternals$QuadFunction.class,CLASS,,w:ljava/lang/object,w
MOD0029,me/shedaniel/rei/impl/ClientInternals$QuadFunction.class,CLASS,,r:ljava/lang/object,r
MOD0029,me/shedaniel/rei/plugin/common/displays/tag/TagNode$ReferenceTagNode.class,CLASS,,t:ljava/lang/object,t
MOD0029,me/shedaniel/rei/impl/common/logging/FileLogger.class,CLASS,,hh:mm,hh
MOD0029,me/shedaniel/rei/api/client/gui/drag/component/DraggableComponentProviderWidget.class,CLASS,,a:ljava/lang/object,a
MOD0029,me/shedaniel/rei/api/client/gui/drag/component/DraggableComponentProviderWidget.class,CLASS,,a:ljava/lang/object,a
MOD0029,me/shedaniel/rei/api/client/gui/drag/component/DraggableComponentProviderWidget.class,CLASS,,a:ljava/lang/object,a
MOD0029,me/shedaniel/rei/api/client/gui/drag/component/DraggableComponentProviderWidget.class,CLASS,,a:ljava/lang/object,a
MOD0029,me/shedaniel/rei/impl/client/gui/config/options/OptionValueEntry$Configurator.class,CLASS,,t:ljava/lang/object,t
MOD0029,me/shedaniel/rei/impl/client/gui/widget/CraftableFilterButtonWidget.class,CLASS,,rei:default,rei
MOD0029,me/shedaniel/rei/api/client/util/ClientEntryStacks.class,CLASS,,t:ljava/lang/object,t
MOD0029,me/shedaniel/rei/api/client/util/ClientEntryStacks.class,CLASS,,t:ljava/lang/object,t
MOD0029,me/shedaniel/rei/api/client/util/ClientEntryStacks.class,CLASS,,t:ljava/lang/object,t
MOD0029,me/shedaniel/rei/api/client/util/ClientEntryStacks.class,CLASS,,t:ljava/lang/object,t
MOD0029,me/shedaniel/rei/api/client/favorites/FavoriteEntryType.class,CLASS,,t:lme/shedaniel/rei/api/client/favorites/favoriteentry,t
MOD0029,me/shedaniel/rei/impl/client/gui/widget/ListWidget$Builder.class,CLASS,,t:ljava/lang/object,t
MOD0029,me/shedaniel/rei/api/client/gui/drag/component/DraggableComponentProvider$1.class,CLASS,,r:lnet/minecraft/client/gui/screens/screen,r
MOD0029,me/shedaniel/rei/api/client/registry/entry/CollapsibleEntryRegistry.class,CLASS,,t:ljava/lang/object,t
MOD0029,me/shedaniel/rei/api/client/registry/entry/CollapsibleEntryRegistry.class,CLASS,,t:ljava/lang/object,t
MOD0029,me/shedaniel/rei/api/client/registry/entry/CollapsibleEntryRegistry.class,CLASS,,t:ljava/lang/object,t
MOD0029,me/shedaniel/rei/plugin/common/displays/tag/TagNode$ValuesTagNode.class,CLASS,,t:ljava/lang/object,t
MOD0029,me/shedaniel/rei/api/client/gui/widgets/BaseWidget.class,CLASS,,t:lme/shedaniel/rei/api/client/gui/widgets/basewidget,t
MOD0029,me/shedaniel/rei/impl/client/gui/config/components/ConfigSearchWidget.class,CLASS,,roughlyenoughitems:textures/gui/config/search_options.png,roughlyenoughitems
MOD0029,me/shedaniel/rei/api/common/entry/InputIngredient.class,CLASS,,t:ljava/lang/object,t
MOD0029,me/shedaniel/rei/api/common/entry/InputIngredient.class,CLASS,,t:ljava/lang/object,t
MOD0029,me/shedaniel/rei/api/common/entry/InputIngredient.class,CLASS,,t:ljava/lang/object,t
MOD0029,me/shedaniel/rei/api/common/entry/InputIngredient.class,CLASS,,t:ljava/lang/object,t
MOD0029,me/shedaniel/rei/api/common/entry/InputIngredient.class,CLASS,,t:ljava/lang/object,t
MOD0029,me/shedaniel/rei/api/client/gui/drag/component/DraggableComponentVisitor.class,CLASS,,t:lnet/minecraft/client/gui/screens/screen,t
MOD0029,me/shedaniel/rei/api/client/gui/drag/component/DraggableComponentVisitor.class,CLASS,,t:lnet/minecraft/client/gui/screens/screen,t
MOD0029,me/shedaniel/rei/api/client/gui/drag/component/DraggableComponentVisitor.class,CLASS,,r:lnet/minecraft/client/gui/screens/screen,r
MOD0029,me/shedaniel/rei/impl/client/gui/config/options/OptionValueEntry$Selection.class,CLASS,,t:ljava/lang/object,t
MOD0029,me/shedaniel/rei/impl/common/registry/displays/DisplayConsumerImpl.class,CLASS,,t:ljava/lang/object,t
MOD0029,me/shedaniel/rei/impl/client/search/argument/AlternativeArgument$Builder.class,CLASS,,t:ljava/lang/object,t
MOD0029,me/shedaniel/rei/impl/client/search/argument/AlternativeArgument$Builder.class,CLASS,,r:ljava/lang/object,r
MOD0029,me/shedaniel/rei/api/common/entry/type/EntryTypeRegistry.class,CLASS,,t:ljava/lang/object,t
MOD0029,me/shedaniel/rei/api/common/entry/type/EntryTypeRegistry.class,CLASS,,t:ljava/lang/object,t
MOD0029,me/shedaniel/rei/api/common/entry/type/EntryTypeRegistry.class,CLASS,,t:ljava/lang/object,t
MOD0029,me/shedaniel/rei/api/common/entry/type/EntryTypeRegistry.class,CLASS,,a:ljava/lang/object,a
MOD0029,me/shedaniel/rei/api/common/entry/type/EntryTypeRegistry.class,CLASS,,b:ljava/lang/object,b
MOD0029,me/shedaniel/rei/api/common/entry/type/EntryTypeRegistry.class,CLASS,,a:ljava/lang/object,a
MOD0029,me/shedaniel/rei/api/common/entry/type/EntryTypeRegistry.class,CLASS,,b:ljava/lang/object,b
MOD0029,me/shedaniel/rei/impl/client/search/argument/Argument$Builder.class,CLASS,,t:ljava/lang/object,t
MOD0029,me/shedaniel/rei/impl/client/search/argument/Argument$Builder.class,CLASS,,r:ljava/lang/object,r
MOD0029,me/shedaniel/rei/api/common/transfer/RecipeFinder$Ingredient.class,CLASS,,t:ljava/lang/object,t
MOD0029,me/shedaniel/rei/impl/client/view/ViewsImpl.class,CLASS,,a:ljava/lang/object,a
MOD0029,me/shedaniel/rei/impl/client/view/ViewsImpl.class,CLASS,,b:ljava/lang/object,b
MOD0029,me/shedaniel/rei/impl/client/view/ViewsImpl.class,CLASS,,t:ljava/lang/object,t
MOD0029,me/shedaniel/rei/impl/client/entry/renderer/EntryRendererRegistryImpl.class,CLASS,,t:ljava/lang/object,t
MOD0029,me/shedaniel/rei/impl/client/entry/renderer/EntryRendererRegistryImpl.class,CLASS,,t:ljava/lang/object,t
MOD0029,me/shedaniel/rei/impl/common/entry/AbstractEntryStack.class,CLASS,,a:ljava/lang/object,a
MOD0029,me/shedaniel/rei/impl/common/entry/AbstractEntryStack.class,CLASS,,t:ljava/lang/object,t
MOD0029,me/shedaniel/rei/impl/common/entry/AbstractEntryStack.class,CLASS,,t:ljava/lang/object,t
MOD0029,me/shedaniel/rei/impl/common/entry/AbstractEntryStack.class,CLASS,,t:ljava/lang/object,t
MOD0029,me/shedaniel/rei/impl/common/transfer/InputSlotCrafter.class,CLASS,,t:lnet/minecraft/world/inventory/abstractcontainermenu,t
MOD0029,me/shedaniel/rei/api/client/registry/screen/ScreenRegistry.class,CLASS,,r:lnet/minecraft/client/gui/screens/screen,r
MOD0029,me/shedaniel/rei/api/client/registry/screen/ScreenRegistry.class,CLASS,,t:lnet/minecraft/client/gui/screens/screen,t
MOD0029,me/shedaniel/rei/api/client/registry/screen/ScreenRegistry.class,CLASS,,t:lnet/minecraft/client/gui/screens/screen,t
MOD0029,me/shedaniel/rei/api/client/registry/screen/ScreenRegistry.class,CLASS,,t:lnet/minecraft/client/gui/screens/screen,t
MOD0029,me/shedaniel/rei/api/client/registry/screen/ScreenRegistry.class,CLASS,,t:lnet/minecraft/client/gui/screens/screen,t
MOD0029,me/shedaniel/rei/api/client/registry/screen/ScreenRegistry.class,CLASS,,t:lnet/minecraft/client/gui/screens/screen,t
MOD0029,me/shedaniel/rei/api/client/registry/screen/ScreenRegistry.class,CLASS,,t:lnet/minecraft/client/gui/screens/screen,t
MOD0029,me/shedaniel/rei/api/client/registry/screen/ScreenRegistry.class,CLASS,,t:lnet/minecraft/client/gui/screens/screen,t
MOD0029,me/shedaniel/rei/api/client/registry/screen/ScreenRegistry.class,CLASS,,t:lnet/minecraft/client/gui/screens/screen,t
MOD0029,me/shedaniel/rei/api/client/registry/screen/ScreenRegistry.class,CLASS,,a:ljava/lang/object,a
MOD0029,me/shedaniel/rei/api/client/registry/screen/ScreenRegistry.class,CLASS,,t:lnet/minecraft/client/gui/screens/screen,t
MOD0029,me/shedaniel/rei/api/client/registry/screen/ScreenRegistry.class,CLASS,,t:lnet/minecraft/client/gui/screens/screen,t
MOD0029,me/shedaniel/rei/api/client/registry/screen/ScreenRegistry.class,CLASS,,a:ljava/lang/object,a
MOD0029,me/shedaniel/rei/api/client/registry/screen/ScreenRegistry.class,CLASS,,t:lnet/minecraft/client/gui/screens/screen,t
MOD0029,me/shedaniel/rei/api/client/registry/screen/ScreenRegistry.class,CLASS,,t:lnet/minecraft/client/gui/screens/screen,t
MOD0029,me/shedaniel/rei/api/client/registry/screen/ScreenRegistry.class,CLASS,,a:ljava/lang/object,a
MOD0029,me/shedaniel/rei/api/client/registry/screen/ScreenRegistry.class,CLASS,,t:lnet/minecraft/client/gui/screens/screen,t
MOD0029,me/shedaniel/rei/api/client/registry/screen/ScreenRegistry.class,CLASS,,t:lnet/minecraft/client/gui/screens/screen,t
MOD0029,me/shedaniel/rei/api/client/registry/screen/ScreenRegistry.class,CLASS,,t:lnet/minecraft/client/gui/screens/screen,t
MOD0029,me/shedaniel/rei/api/client/registry/screen/ScreenRegistry.class,CLASS,,c:lnet/minecraft/world/inventory/abstractcontainermenu,c
MOD0029,me/shedaniel/rei/api/client/registry/screen/ScreenRegistry.class,CLASS,,t:lnet/minecraft/client/gui/screens/inventory/abstractcontainerscreen,t
