"path","classification","reason"
"0","EXCLUDE_LOCAL_DEBRIS","Accidental local placeholder or redirected command output; retained on disk only."
"Foo","EXCLUDE_LOCAL_DEBRIS","Accidental local placeholder or redirected command output; retained on disk only."
"cache/phase10a3_repositories/FMOD0003__skeletonaifix/FETCH_HEAD","EXCLUDE_CACHE","Downloaded/cloned repository cache; reconstruct from tracked snapshot mappings."
"cache/phase10a3_repositories/FMOD0003__skeletonaifix/HEAD","EXCLUDE_CACHE","Downloaded/cloned repository cache; reconstruct from tracked snapshot mappings."
"cache/phase10a3_repositories/FMOD0003__skeletonaifix/config","EXCLUDE_CACHE","Downloaded/cloned repository cache; reconstruct from tracked snapshot mappings."
"cache/phase10a3_repositories/FMOD0003__skeletonaifix/description","EXCLUDE_CACHE","Downloaded/cloned repository cache; reconstruct from tracked snapshot mappings."
"cache/phase10a3_repositories/FMOD0003__skeletonaifix/hooks/applypatch-msg.sample","EXCLUDE_CACHE","Downloaded/cloned repository cache; reconstruct from tracked snapshot mappings."
"cache/phase10a3_repositories/FMOD0003__skeletonaifix/hooks/commit-msg.sample","EXCLUDE_CACHE","Downloaded/cloned repository cache; reconstruct from tracked snapshot mappings."
"cache/phase10a3_repositories/FMOD0003__skeletonaifix/hooks/fsmonitor-watchman.sample","EXCLUDE_CACHE","Downloaded/cloned repository cache; reconstruct from tracked snapshot mappings."
"cache/phase10a3_repositories/FMOD0003__skeletonaifix/hooks/post-update.sample","EXCLUDE_CACHE","Downloaded/cloned repository cache; reconstruct from tracked snapshot mappings."
"cache/phase10a3_repositories/FMOD0003__skeletonaifix/hooks/pre-applypatch.sample","EXCLUDE_CACHE","Downloaded/cloned repository cache; reconstruct from tracked snapshot mappings."
"cache/phase10a3_repositories/FMOD0003__skeletonaifix/hooks/pre-commit.sample","EXCLUDE_CACHE","Downloaded/cloned repository cache; reconstruct from tracked snapshot mappings."
"cache/phase10a3_repositories/FMOD0003__skeletonaifix/hooks/pre-merge-commit.sample","EXCLUDE_CACHE","Downloaded/cloned repository cache; reconstruct from tracked snapshot mappings."
"cache/phase10a3_repositories/FMOD0003__skeletonaifix/hooks/pre-push.sample","EXCLUDE_CACHE","Downloaded/cloned repository cache; reconstruct from tracked snapshot mappings."
"cache/phase10a3_repositories/FMOD0003__skeletonaifix/hooks/pre-rebase.sample","EXCLUDE_CACHE","Downloaded/cloned repository cache; reconstruct from tracked snapshot mappings."
"cache/phase10a3_repositories/FMOD0003__skeletonaifix/hooks/pre-receive.sample","EXCLUDE_CACHE","Downloaded/cloned repository cache; reconstruct from tracked snapshot mappings."
"cache/phase10a3_repositories/FMOD0003__skeletonaifix/hooks/prepare-commit-msg.sample","EXCLUDE_CACHE","Downloaded/cloned repository cache; reconstruct from tracked snapshot mappings."
"cache/phase10a3_repositories/FMOD0003__skeletonaifix/hooks/push-to-checkout.sample","EXCLUDE_CACHE","Downloaded/cloned repository cache; reconstruct from tracked snapshot mappings."
"cache/phase10a3_repositories/FMOD0003__skeletonaifix/hooks/sendemail-validate.sample","EXCLUDE_CACHE","Downloaded/cloned repository cache; reconstruct from tracked snapshot mappings."
"cache/phase10a3_repositories/FMOD0003__skeletonaifix/hooks/update.sample","EXCLUDE_CACHE","Downloaded/cloned repository cache; reconstruct from tracked snapshot mappings."
"cache/phase10a3_repositories/FMOD0003__skeletonaifix/info/exclude","EXCLUDE_CACHE","Downloaded/cloned repository cache; reconstruct from tracked snapshot mappings."
"cache/phase10a3_repositories/FMOD0003__skeletonaifix/objects/pack/pack-6d7d9134b5ca1d6cc40ee745848d55e481f5dd9b.idx","EXCLUDE_CACHE","Downloaded/cloned repository cache; reconstruct from tracked snapshot mappings."
"cache/phase10a3_repositories/FMOD0003__skeletonaifix/objects/pack/pack-6d7d9134b5ca1d6cc40ee745848d55e481f5dd9b.pack","EXCLUDE_CACHE","Downloaded/cloned repository cache; reconstruct from tracked snapshot mappings."
"cache/phase10a3_repositories/FMOD0003__skeletonaifix/objects/pack/pack-6d7d9134b5ca1d6cc40ee745848d55e481f5dd9b.rev","EXCLUDE_CACHE","Downloaded/cloned repository cache; reconstruct from tracked snapshot mappings."
"cache/phase10a3_repositories/FMOD0003__skeletonaifix/packed-refs","EXCLUDE_CACHE","Downloaded/cloned repository cache; reconstruct from tracked snapshot mappings."
"cache/phase10a3_repositories/FMOD0004__ExcaMate/FETCH_HEAD","EXCLUDE_CACHE","Downloaded/cloned repository cache; reconstruct from tracked snapshot mappings."
"cache/phase10a3_repositories/FMOD0004__ExcaMate/HEAD","EXCLUDE_CACHE","Downloaded/cloned repository cache; reconstruct from tracked snapshot mappings."
"cache/phase10a3_repositories/FMOD0004__ExcaMate/config","EXCLUDE_CACHE","Downloaded/cloned repository cache; reconstruct from tracked snapshot mappings."
"cache/phase10a3_repositories/FMOD0004__ExcaMate/description","EXCLUDE_CACHE","Downloaded/cloned repository cache; reconstruct from tracked snapshot mappings."
"cache/phase10a3_repositories/FMOD0004__ExcaMate/hooks/applypatch-msg.sample","EXCLUDE_CACHE","Downloaded/cloned repository cache; reconstruct from tracked snapshot mappings."
"cache/phase10a3_repositories/FMOD0004__ExcaMate/hooks/commit-msg.sample","EXCLUDE_CACHE","Downloaded/cloned repository cache; reconstruct from tracked snapshot mappings."
"cache/phase10a3_repositories/FMOD0004__ExcaMate/hooks/fsmonitor-watchman.sample","EXCLUDE_CACHE","Downloaded/cloned repository cache; reconstruct from tracked snapshot mappings."
"cache/phase10a3_repositories/FMOD0004__ExcaMate/hooks/post-update.sample","EXCLUDE_CACHE","Downloaded/cloned repository cache; reconstruct from tracked snapshot mappings."
"cache/phase10a3_repositories/FMOD0004__ExcaMate/hooks/pre-applypatch.sample","EXCLUDE_CACHE","Downloaded/cloned repository cache; reconstruct from tracked snapshot mappings."
"cache/phase10a3_repositories/FMOD0004__ExcaMate/hooks/pre-commit.sample","EXCLUDE_CACHE","Downloaded/cloned repository cache; reconstruct from tracked snapshot mappings."
"cache/phase10a3_repositories/FMOD0004__ExcaMate/hooks/pre-merge-commit.sample","EXCLUDE_CACHE","Downloaded/cloned repository cache; reconstruct from tracked snapshot mappings."
"cache/phase10a3_repositories/FMOD0004__ExcaMate/hooks/pre-push.sample","EXCLUDE_CACHE","Downloaded/cloned repository cache; reconstruct from tracked snapshot mappings."
"cache/phase10a3_repositories/FMOD0004__ExcaMate/hooks/pre-rebase.sample","EXCLUDE_CACHE","Downloaded/cloned repository cache; reconstruct from tracked snapshot mappings."
"cache/phase10a3_repositories/FMOD0004__ExcaMate/hooks/pre-receive.sample","EXCLUDE_CACHE","Downloaded/cloned repository cache; reconstruct from tracked snapshot mappings."
"cache/phase10a3_repositories/FMOD0004__ExcaMate/hooks/prepare-commit-msg.sample","EXCLUDE_CACHE","Downloaded/cloned repository cache; reconstruct from tracked snapshot mappings."
"cache/phase10a3_repositories/FMOD0004__ExcaMate/hooks/push-to-checkout.sample","EXCLUDE_CACHE","Downloaded/cloned repository cache; reconstruct from tracked snapshot mappings."
"cache/phase10a3_repositories/FMOD0004__ExcaMate/hooks/sendemail-validate.sample","EXCLUDE_CACHE","Downloaded/cloned repository cache; reconstruct from tracked snapshot mappings."
"cache/phase10a3_repositories/FMOD0004__ExcaMate/hooks/update.sample","EXCLUDE_CACHE","Downloaded/cloned repository cache; reconstruct from tracked snapshot mappings."
"cache/phase10a3_repositories/FMOD0004__ExcaMate/info/exclude","EXCLUDE_CACHE","Downloaded/cloned repository cache; reconstruct from tracked snapshot mappings."
"cache/phase10a3_repositories/FMOD0004__ExcaMate/objects/pack/pack-48b07569a23be7f59f32a44c3a0d646c5b9d921c.idx","EXCLUDE_CACHE","Downloaded/cloned repository cache; reconstruct from tracked snapshot mappings."
"cache/phase10a3_repositories/FMOD0004__ExcaMate/objects/pack/pack-48b07569a23be7f59f32a44c3a0d646c5b9d921c.pack","EXCLUDE_CACHE","Downloaded/cloned repository cache; reconstruct from tracked snapshot mappings."
"cache/phase10a3_repositories/FMOD0004__ExcaMate/objects/pack/pack-48b07569a23be7f59f32a44c3a0d646c5b9d921c.rev","EXCLUDE_CACHE","Downloaded/cloned repository cache; reconstruct from tracked snapshot mappings."
"cache/phase10a3_repositories/FMOD0004__ExcaMate/packed-refs","EXCLUDE_CACHE","Downloaded/cloned repository cache; reconstruct from tracked snapshot mappings."
"cache/phase10a3_repositories/FMOD0005__CreateRealism/FETCH_HEAD","EXCLUDE_CACHE","Downloaded/cloned repository cache; reconstruct from tracked snapshot mappings."
"cache/phase10a3_repositories/FMOD0005__CreateRealism/HEAD","EXCLUDE_CACHE","Downloaded/cloned repository cache; reconstruct from tracked snapshot mappings."
"cache/phase10a3_repositories/FMOD0005__CreateRealism/config","EXCLUDE_CACHE","Downloaded/cloned repository cache; reconstruct from tracked snapshot mappings."
"cache/phase10a3_repositories/FMOD0005__CreateRealism/description","EXCLUDE_CACHE","Downloaded/cloned repository cache; reconstruct from tracked snapshot mappings."
"cache/phase10a3_repositories/FMOD0005__CreateRealism/hooks/applypatch-msg.sample","EXCLUDE_CACHE","Downloaded/cloned repository cache; reconstruct from tracked snapshot mappings."
"cache/phase10a3_repositories/FMOD0005__CreateRealism/hooks/commit-msg.sample","EXCLUDE_CACHE","Downloaded/cloned repository cache; reconstruct from tracked snapshot mappings."
"cache/phase10a3_repositories/FMOD0005__CreateRealism/hooks/fsmonitor-watchman.sample","EXCLUDE_CACHE","Downloaded/cloned repository cache; reconstruct from tracked snapshot mappings."
"cache/phase10a3_repositories/FMOD0005__CreateRealism/hooks/post-update.sample","EXCLUDE_CACHE","Downloaded/cloned repository cache; reconstruct from tracked snapshot mappings."
"cache/phase10a3_repositories/FMOD0005__CreateRealism/hooks/pre-applypatch.sample","EXCLUDE_CACHE","Downloaded/cloned repository cache; reconstruct from tracked snapshot mappings."
"cache/phase10a3_repositories/FMOD0005__CreateRealism/hooks/pre-commit.sample","EXCLUDE_CACHE","Downloaded/cloned repository cache; reconstruct from tracked snapshot mappings."
"cache/phase10a3_repositories/FMOD0005__CreateRealism/hooks/pre-merge-commit.sample","EXCLUDE_CACHE","Downloaded/cloned repository cache; reconstruct from tracked snapshot mappings."
"cache/phase10a3_repositories/FMOD0005__CreateRealism/hooks/pre-push.sample","EXCLUDE_CACHE","Downloaded/cloned repository cache; reconstruct from tracked snapshot mappings."
"cache/phase10a3_repositories/FMOD0005__CreateRealism/hooks/pre-rebase.sample","EXCLUDE_CACHE","Downloaded/cloned repository cache; reconstruct from tracked snapshot mappings."
"cache/phase10a3_repositories/FMOD0005__CreateRealism/hooks/pre-receive.sample","EXCLUDE_CACHE","Downloaded/cloned repository cache; reconstruct from tracked snapshot mappings."
"cache/phase10a3_repositories/FMOD0005__CreateRealism/hooks/prepare-commit-msg.sample","EXCLUDE_CACHE","Downloaded/cloned repository cache; reconstruct from tracked snapshot mappings."
"cache/phase10a3_repositories/FMOD0005__CreateRealism/hooks/push-to-checkout.sample","EXCLUDE_CACHE","Downloaded/cloned repository cache; reconstruct from tracked snapshot mappings."
"cache/phase10a3_repositories/FMOD0005__CreateRealism/hooks/sendemail-validate.sample","EXCLUDE_CACHE","Downloaded/cloned repository cache; reconstruct from tracked snapshot mappings."
"cache/phase10a3_repositories/FMOD0005__CreateRealism/hooks/update.sample","EXCLUDE_CACHE","Downloaded/cloned repository cache; reconstruct from tracked snapshot mappings."
"cache/phase10a3_repositories/FMOD0005__CreateRealism/info/exclude","EXCLUDE_CACHE","Downloaded/cloned repository cache; reconstruct from tracked snapshot mappings."
"cache/phase10a3_repositories/FMOD0005__CreateRealism/objects/pack/pack-ca8e42f1da8df40ef1e96cce73890063e869b3eb.idx","EXCLUDE_CACHE","Downloaded/cloned repository cache; reconstruct from tracked snapshot mappings."
"cache/phase10a3_repositories/FMOD0005__CreateRealism/objects/pack/pack-ca8e42f1da8df40ef1e96cce73890063e869b3eb.pack","EXCLUDE_CACHE","Downloaded/cloned repository cache; reconstruct from tracked snapshot mappings."
"cache/phase10a3_repositories/FMOD0005__CreateRealism/objects/pack/pack-ca8e42f1da8df40ef1e96cce73890063e869b3eb.rev","EXCLUDE_CACHE","Downloaded/cloned repository cache; reconstruct from tracked snapshot mappings."
"cache/phase10a3_repositories/FMOD0005__CreateRealism/packed-refs","EXCLUDE_CACHE","Downloaded/cloned repository cache; reconstruct from tracked snapshot mappings."
"cache/phase10a3_repositories/FMOD0006__reinforced-barrels/FETCH_HEAD","EXCLUDE_CACHE","Downloaded/cloned repository cache; reconstruct from tracked snapshot mappings."
"cache/phase10a3_repositories/FMOD0006__reinforced-barrels/HEAD","EXCLUDE_CACHE","Downloaded/cloned repository cache; reconstruct from tracked snapshot mappings."
"cache/phase10a3_repositories/FMOD0006__reinforced-barrels/config","EXCLUDE_CACHE","Downloaded/cloned repository cache; reconstruct from tracked snapshot mappings."
"cache/phase10a3_repositories/FMOD0006__reinforced-barrels/description","EXCLUDE_CACHE","Downloaded/cloned repository cache; reconstruct from tracked snapshot mappings."
"cache/phase10a3_repositories/FMOD0006__reinforced-barrels/hooks/applypatch-msg.sample","EXCLUDE_CACHE","Downloaded/cloned repository cache; reconstruct from tracked snapshot mappings."
"cache/phase10a3_repositories/FMOD0006__reinforced-barrels/hooks/commit-msg.sample","EXCLUDE_CACHE","Downloaded/cloned repository cache; reconstruct from tracked snapshot mappings."
"cache/phase10a3_repositories/FMOD0006__reinforced-barrels/hooks/fsmonitor-watchman.sample","EXCLUDE_CACHE","Downloaded/cloned repository cache; reconstruct from tracked snapshot mappings."
"cache/phase10a3_repositories/FMOD0006__reinforced-barrels/hooks/post-update.sample","EXCLUDE_CACHE","Downloaded/cloned repository cache; reconstruct from tracked snapshot mappings."
"cache/phase10a3_repositories/FMOD0006__reinforced-barrels/hooks/pre-applypatch.sample","EXCLUDE_CACHE","Downloaded/cloned repository cache; reconstruct from tracked snapshot mappings."
"cache/phase10a3_repositories/FMOD0006__reinforced-barrels/hooks/pre-commit.sample","EXCLUDE_CACHE","Downloaded/cloned repository cache; reconstruct from tracked snapshot mappings."
"cache/phase10a3_repositories/FMOD0006__reinforced-barrels/hooks/pre-merge-commit.sample","EXCLUDE_CACHE","Downloaded/cloned repository cache; reconstruct from tracked snapshot mappings."
"cache/phase10a3_repositories/FMOD0006__reinforced-barrels/hooks/pre-push.sample","EXCLUDE_CACHE","Downloaded/cloned repository cache; reconstruct from tracked snapshot mappings."
"cache/phase10a3_repositories/FMOD0006__reinforced-barrels/hooks/pre-rebase.sample","EXCLUDE_CACHE","Downloaded/cloned repository cache; reconstruct from tracked snapshot mappings."
"cache/phase10a3_repositories/FMOD0006__reinforced-barrels/hooks/pre-receive.sample","EXCLUDE_CACHE","Downloaded/cloned repository cache; reconstruct from tracked snapshot mappings."
"cache/phase10a3_repositories/FMOD0006__reinforced-barrels/hooks/prepare-commit-msg.sample","EXCLUDE_CACHE","Downloaded/cloned repository cache; reconstruct from tracked snapshot mappings."
"cache/phase10a3_repositories/FMOD0006__reinforced-barrels/hooks/push-to-checkout.sample","EXCLUDE_CACHE","Downloaded/cloned repository cache; reconstruct from tracked snapshot mappings."
"cache/phase10a3_repositories/FMOD0006__reinforced-barrels/hooks/sendemail-validate.sample","EXCLUDE_CACHE","Downloaded/cloned repository cache; reconstruct from tracked snapshot mappings."
"cache/phase10a3_repositories/FMOD0006__reinforced-barrels/hooks/update.sample","EXCLUDE_CACHE","Downloaded/cloned repository cache; reconstruct from tracked snapshot mappings."
"cache/phase10a3_repositories/FMOD0006__reinforced-barrels/info/exclude","EXCLUDE_CACHE","Downloaded/cloned repository cache; reconstruct from tracked snapshot mappings."
"cache/phase10a3_repositories/FMOD0006__reinforced-barrels/objects/pack/pack-8dbc0921d11494e94529b40d72590ae528091312.idx","EXCLUDE_CACHE","Downloaded/cloned repository cache; reconstruct from tracked snapshot mappings."
"cache/phase10a3_repositories/FMOD0006__reinforced-barrels/objects/pack/pack-8dbc0921d11494e94529b40d72590ae528091312.pack","EXCLUDE_CACHE","Downloaded/cloned repository cache; reconstruct from tracked snapshot mappings."
"cache/phase10a3_repositories/FMOD0006__reinforced-barrels/objects/pack/pack-8dbc0921d11494e94529b40d72590ae528091312.rev","EXCLUDE_CACHE","Downloaded/cloned repository cache; reconstruct from tracked snapshot mappings."
"cache/phase10a3_repositories/FMOD0006__reinforced-barrels/packed-refs","EXCLUDE_CACHE","Downloaded/cloned repository cache; reconstruct from tracked snapshot mappings."
"cache/phase10a3_repositories/FMOD0007__uncraftingtable/FETCH_HEAD","EXCLUDE_CACHE","Downloaded/cloned repository cache; reconstruct from tracked snapshot mappings."
"cache/phase10a3_repositories/FMOD0007__uncraftingtable/HEAD","EXCLUDE_CACHE","Downloaded/cloned repository cache; reconstruct from tracked snapshot mappings."
"cache/phase10a3_repositories/FMOD0007__uncraftingtable/config","EXCLUDE_CACHE","Downloaded/cloned repository cache; reconstruct from tracked snapshot mappings."
"cache/phase10a3_repositories/FMOD0007__uncraftingtable/description","EXCLUDE_CACHE","Downloaded/cloned repository cache; reconstruct from tracked snapshot mappings."
"cache/phase10a3_repositories/FMOD0007__uncraftingtable/hooks/applypatch-msg.sample","EXCLUDE_CACHE","Downloaded/cloned repository cache; reconstruct from tracked snapshot mappings."
"cache/phase10a3_repositories/FMOD0007__uncraftingtable/hooks/commit-msg.sample","EXCLUDE_CACHE","Downloaded/cloned repository cache; reconstruct from tracked snapshot mappings."
"cache/phase10a3_repositories/FMOD0007__uncraftingtable/hooks/fsmonitor-watchman.sample","EXCLUDE_CACHE","Downloaded/cloned repository cache; reconstruct from tracked snapshot mappings."
"cache/phase10a3_repositories/FMOD0007__uncraftingtable/hooks/post-update.sample","EXCLUDE_CACHE","Downloaded/cloned repository cache; reconstruct from tracked snapshot mappings."
"cache/phase10a3_repositories/FMOD0007__uncraftingtable/hooks/pre-applypatch.sample","EXCLUDE_CACHE","Downloaded/cloned repository cache; reconstruct from tracked snapshot mappings."
"cache/phase10a3_repositories/FMOD0007__uncraftingtable/hooks/pre-commit.sample","EXCLUDE_CACHE","Downloaded/cloned repository cache; reconstruct from tracked snapshot mappings."
"cache/phase10a3_repositories/FMOD0007__uncraftingtable/hooks/pre-merge-commit.sample","EXCLUDE_CACHE","Downloaded/cloned repository cache; reconstruct from tracked snapshot mappings."
"cache/phase10a3_repositories/FMOD0007__uncraftingtable/hooks/pre-push.sample","EXCLUDE_CACHE","Downloaded/cloned repository cache; reconstruct from tracked snapshot mappings."
"cache/phase10a3_repositories/FMOD0007__uncraftingtable/hooks/pre-rebase.sample","EXCLUDE_CACHE","Downloaded/cloned repository cache; reconstruct from tracked snapshot mappings."
"cache/phase10a3_repositories/FMOD0007__uncraftingtable/hooks/pre-receive.sample","EXCLUDE_CACHE","Downloaded/cloned repository cache; reconstruct from tracked snapshot mappings."
"cache/phase10a3_repositories/FMOD0007__uncraftingtable/hooks/prepare-commit-msg.sample","EXCLUDE_CACHE","Downloaded/cloned repository cache; reconstruct from tracked snapshot mappings."
"cache/phase10a3_repositories/FMOD0007__uncraftingtable/hooks/push-to-checkout.sample","EXCLUDE_CACHE","Downloaded/cloned repository cache; reconstruct from tracked snapshot mappings."
"cache/phase10a3_repositories/FMOD0007__uncraftingtable/hooks/sendemail-validate.sample","EXCLUDE_CACHE","Downloaded/cloned repository cache; reconstruct from tracked snapshot mappings."
"cache/phase10a3_repositories/FMOD0007__uncraftingtable/hooks/update.sample","EXCLUDE_CACHE","Downloaded/cloned repository cache; reconstruct from tracked snapshot mappings."
"cache/phase10a3_repositories/FMOD0007__uncraftingtable/info/exclude","EXCLUDE_CACHE","Downloaded/cloned repository cache; reconstruct from tracked snapshot mappings."
"cache/phase10a3_repositories/FMOD0007__uncraftingtable/objects/pack/pack-0f2643e72da3f4b3dc8a803ea985ba9afd73c4c0.idx","EXCLUDE_CACHE","Downloaded/cloned repository cache; reconstruct from tracked snapshot mappings."
"cache/phase10a3_repositories/FMOD0007__uncraftingtable/objects/pack/pack-0f2643e72da3f4b3dc8a803ea985ba9afd73c4c0.pack","EXCLUDE_CACHE","Downloaded/cloned repository cache; reconstruct from tracked snapshot mappings."
"cache/phase10a3_repositories/FMOD0007__uncraftingtable/objects/pack/pack-0f2643e72da3f4b3dc8a803ea985ba9afd73c4c0.rev","EXCLUDE_CACHE","Downloaded/cloned repository cache; reconstruct from tracked snapshot mappings."
"cache/phase10a3_repositories/FMOD0007__uncraftingtable/packed-refs","EXCLUDE_CACHE","Downloaded/cloned repository cache; reconstruct from tracked snapshot mappings."
"cache/phase10a3_repositories/FMOD0009__tool-remix/FETCH_HEAD","EXCLUDE_CACHE","Downloaded/cloned repository cache; reconstruct from tracked snapshot mappings."
"cache/phase10a3_repositories/FMOD0009__tool-remix/HEAD","EXCLUDE_CACHE","Downloaded/cloned repository cache; reconstruct from tracked snapshot mappings."
"cache/phase10a3_repositories/FMOD0009__tool-remix/config","EXCLUDE_CACHE","Downloaded/cloned repository cache; reconstruct from tracked snapshot mappings."
"cache/phase10a3_repositories/FMOD0009__tool-remix/description","EXCLUDE_CACHE","Downloaded/cloned repository cache; reconstruct from tracked snapshot mappings."
"cache/phase10a3_repositories/FMOD0009__tool-remix/hooks/applypatch-msg.sample","EXCLUDE_CACHE","Downloaded/cloned repository cache; reconstruct from tracked snapshot mappings."
"cache/phase10a3_repositories/FMOD0009__tool-remix/hooks/commit-msg.sample","EXCLUDE_CACHE","Downloaded/cloned repository cache; reconstruct from tracked snapshot mappings."
"cache/phase10a3_repositories/FMOD0009__tool-remix/hooks/fsmonitor-watchman.sample","EXCLUDE_CACHE","Downloaded/cloned repository cache; reconstruct from tracked snapshot mappings."
"cache/phase10a3_repositories/FMOD0009__tool-remix/hooks/post-update.sample","EXCLUDE_CACHE","Downloaded/cloned repository cache; reconstruct from tracked snapshot mappings."
"cache/phase10a3_repositories/FMOD0009__tool-remix/hooks/pre-applypatch.sample","EXCLUDE_CACHE","Downloaded/cloned repository cache; reconstruct from tracked snapshot mappings."
"cache/phase10a3_repositories/FMOD0009__tool-remix/hooks/pre-commit.sample","EXCLUDE_CACHE","Downloaded/cloned repository cache; reconstruct from tracked snapshot mappings."
"cache/phase10a3_repositories/FMOD0009__tool-remix/hooks/pre-merge-commit.sample","EXCLUDE_CACHE","Downloaded/cloned repository cache; reconstruct from tracked snapshot mappings."
"cache/phase10a3_repositories/FMOD0009__tool-remix/hooks/pre-push.sample","EXCLUDE_CACHE","Downloaded/cloned repository cache; reconstruct from tracked snapshot mappings."
"cache/phase10a3_repositories/FMOD0009__tool-remix/hooks/pre-rebase.sample","EXCLUDE_CACHE","Downloaded/cloned repository cache; reconstruct from tracked snapshot mappings."
"cache/phase10a3_repositories/FMOD0009__tool-remix/hooks/pre-receive.sample","EXCLUDE_CACHE","Downloaded/cloned repository cache; reconstruct from tracked snapshot mappings."
"cache/phase10a3_repositories/FMOD0009__tool-remix/hooks/prepare-commit-msg.sample","EXCLUDE_CACHE","Downloaded/cloned repository cache; reconstruct from tracked snapshot mappings."
"cache/phase10a3_repositories/FMOD0009__tool-remix/hooks/push-to-checkout.sample","EXCLUDE_CACHE","Downloaded/cloned repository cache; reconstruct from tracked snapshot mappings."
"cache/phase10a3_repositories/FMOD0009__tool-remix/hooks/sendemail-validate.sample","EXCLUDE_CACHE","Downloaded/cloned repository cache; reconstruct from tracked snapshot mappings."
"cache/phase10a3_repositories/FMOD0009__tool-remix/hooks/update.sample","EXCLUDE_CACHE","Downloaded/cloned repository cache; reconstruct from tracked snapshot mappings."
"cache/phase10a3_repositories/FMOD0009__tool-remix/info/exclude","EXCLUDE_CACHE","Downloaded/cloned repository cache; reconstruct from tracked snapshot mappings."
"cache/phase10a3_repositories/FMOD0009__tool-remix/objects/pack/pack-ed037cd14839a2a39d3574634936982d7b280f60.idx","EXCLUDE_CACHE","Downloaded/cloned repository cache; reconstruct from tracked snapshot mappings."
"cache/phase10a3_repositories/FMOD0009__tool-remix/objects/pack/pack-ed037cd14839a2a39d3574634936982d7b280f60.pack","EXCLUDE_CACHE","Downloaded/cloned repository cache; reconstruct from tracked snapshot mappings."
"cache/phase10a3_repositories/FMOD0009__tool-remix/objects/pack/pack-ed037cd14839a2a39d3574634936982d7b280f60.rev","EXCLUDE_CACHE","Downloaded/cloned repository cache; reconstruct from tracked snapshot mappings."
"cache/phase10a3_repositories/FMOD0009__tool-remix/packed-refs","EXCLUDE_CACHE","Downloaded/cloned repository cache; reconstruct from tracked snapshot mappings."
"cache/phase10a3_repositories/FMOD0014__lumiereplay/FETCH_HEAD","EXCLUDE_CACHE","Downloaded/cloned repository cache; reconstruct from tracked snapshot mappings."
"cache/phase10a3_repositories/FMOD0014__lumiereplay/HEAD","EXCLUDE_CACHE","Downloaded/cloned repository cache; reconstruct from tracked snapshot mappings."
"cache/phase10a3_repositories/FMOD0014__lumiereplay/config","EXCLUDE_CACHE","Downloaded/cloned repository cache; reconstruct from tracked snapshot mappings."
"cache/phase10a3_repositories/FMOD0014__lumiereplay/description","EXCLUDE_CACHE","Downloaded/cloned repository cache; reconstruct from tracked snapshot mappings."
"cache/phase10a3_repositories/FMOD0014__lumiereplay/hooks/applypatch-msg.sample","EXCLUDE_CACHE","Downloaded/cloned repository cache; reconstruct from tracked snapshot mappings."
"cache/phase10a3_repositories/FMOD0014__lumiereplay/hooks/commit-msg.sample","EXCLUDE_CACHE","Downloaded/cloned repository cache; reconstruct from tracked snapshot mappings."
"cache/phase10a3_repositories/FMOD0014__lumiereplay/hooks/fsmonitor-watchman.sample","EXCLUDE_CACHE","Downloaded/cloned repository cache; reconstruct from tracked snapshot mappings."
"cache/phase10a3_repositories/FMOD0014__lumiereplay/hooks/post-update.sample","EXCLUDE_CACHE","Downloaded/cloned repository cache; reconstruct from tracked snapshot mappings."
"cache/phase10a3_repositories/FMOD0014__lumiereplay/hooks/pre-applypatch.sample","EXCLUDE_CACHE","Downloaded/cloned repository cache; reconstruct from tracked snapshot mappings."
"cache/phase10a3_repositories/FMOD0014__lumiereplay/hooks/pre-commit.sample","EXCLUDE_CACHE","Downloaded/cloned repository cache; reconstruct from tracked snapshot mappings."
"cache/phase10a3_repositories/FMOD0014__lumiereplay/hooks/pre-merge-commit.sample","EXCLUDE_CACHE","Downloaded/cloned repository cache; reconstruct from tracked snapshot mappings."
"cache/phase10a3_repositories/FMOD0014__lumiereplay/hooks/pre-push.sample","EXCLUDE_CACHE","Downloaded/cloned repository cache; reconstruct from tracked snapshot mappings."
"cache/phase10a3_repositories/FMOD0014__lumiereplay/hooks/pre-rebase.sample","EXCLUDE_CACHE","Downloaded/cloned repository cache; reconstruct from tracked snapshot mappings."
"cache/phase10a3_repositories/FMOD0014__lumiereplay/hooks/pre-receive.sample","EXCLUDE_CACHE","Downloaded/cloned repository cache; reconstruct from tracked snapshot mappings."
"cache/phase10a3_repositories/FMOD0014__lumiereplay/hooks/prepare-commit-msg.sample","EXCLUDE_CACHE","Downloaded/cloned repository cache; reconstruct from tracked snapshot mappings."
"cache/phase10a3_repositories/FMOD0014__lumiereplay/hooks/push-to-checkout.sample","EXCLUDE_CACHE","Downloaded/cloned repository cache; reconstruct from tracked snapshot mappings."
"cache/phase10a3_repositories/FMOD0014__lumiereplay/hooks/sendemail-validate.sample","EXCLUDE_CACHE","Downloaded/cloned repository cache; reconstruct from tracked snapshot mappings."
"cache/phase10a3_repositories/FMOD0014__lumiereplay/hooks/update.sample","EXCLUDE_CACHE","Downloaded/cloned repository cache; reconstruct from tracked snapshot mappings."
"cache/phase10a3_repositories/FMOD0014__lumiereplay/info/exclude","EXCLUDE_CACHE","Downloaded/cloned repository cache; reconstruct from tracked snapshot mappings."
"cache/phase10a3_repositories/FMOD0014__lumiereplay/objects/pack/pack-8648e1bd529eb185818f47c9e06f19bc322e7d9a.idx","EXCLUDE_CACHE","Downloaded/cloned repository cache; reconstruct from tracked snapshot mappings."
"cache/phase10a3_repositories/FMOD0014__lumiereplay/objects/pack/pack-8648e1bd529eb185818f47c9e06f19bc322e7d9a.pack","EXCLUDE_CACHE","Downloaded/cloned repository cache; reconstruct from tracked snapshot mappings."
"cache/phase10a3_repositories/FMOD0014__lumiereplay/objects/pack/pack-8648e1bd529eb185818f47c9e06f19bc322e7d9a.rev","EXCLUDE_CACHE","Downloaded/cloned repository cache; reconstruct from tracked snapshot mappings."
"cache/phase10a3_repositories/FMOD0014__lumiereplay/packed-refs","EXCLUDE_CACHE","Downloaded/cloned repository cache; reconstruct from tracked snapshot mappings."
"cache/phase10a3_repositories/FMOD0016__VeganDelight/FETCH_HEAD","EXCLUDE_CACHE","Downloaded/cloned repository cache; reconstruct from tracked snapshot mappings."
"cache/phase10a3_repositories/FMOD0016__VeganDelight/HEAD","EXCLUDE_CACHE","Downloaded/cloned repository cache; reconstruct from tracked snapshot mappings."
"cache/phase10a3_repositories/FMOD0016__VeganDelight/config","EXCLUDE_CACHE","Downloaded/cloned repository cache; reconstruct from tracked snapshot mappings."
"cache/phase10a3_repositories/FMOD0016__VeganDelight/description","EXCLUDE_CACHE","Downloaded/cloned repository cache; reconstruct from tracked snapshot mappings."
"cache/phase10a3_repositories/FMOD0016__VeganDelight/hooks/applypatch-msg.sample","EXCLUDE_CACHE","Downloaded/cloned repository cache; reconstruct from tracked snapshot mappings."
"cache/phase10a3_repositories/FMOD0016__VeganDelight/hooks/commit-msg.sample","EXCLUDE_CACHE","Downloaded/cloned repository cache; reconstruct from tracked snapshot mappings."
"cache/phase10a3_repositories/FMOD0016__VeganDelight/hooks/fsmonitor-watchman.sample","EXCLUDE_CACHE","Downloaded/cloned repository cache; reconstruct from tracked snapshot mappings."
"cache/phase10a3_repositories/FMOD0016__VeganDelight/hooks/post-update.sample","EXCLUDE_CACHE","Downloaded/cloned repository cache; reconstruct from tracked snapshot mappings."
"cache/phase10a3_repositories/FMOD0016__VeganDelight/hooks/pre-applypatch.sample","EXCLUDE_CACHE","Downloaded/cloned repository cache; reconstruct from tracked snapshot mappings."
"cache/phase10a3_repositories/FMOD0016__VeganDelight/hooks/pre-commit.sample","EXCLUDE_CACHE","Downloaded/cloned repository cache; reconstruct from tracked snapshot mappings."
"cache/phase10a3_repositories/FMOD0016__VeganDelight/hooks/pre-merge-commit.sample","EXCLUDE_CACHE","Downloaded/cloned repository cache; reconstruct from tracked snapshot mappings."
"cache/phase10a3_repositories/FMOD0016__VeganDelight/hooks/pre-push.sample","EXCLUDE_CACHE","Downloaded/cloned repository cache; reconstruct from tracked snapshot mappings."
"cache/phase10a3_repositories/FMOD0016__VeganDelight/hooks/pre-rebase.sample","EXCLUDE_CACHE","Downloaded/cloned repository cache; reconstruct from tracked snapshot mappings."
"cache/phase10a3_repositories/FMOD0016__VeganDelight/hooks/pre-receive.sample","EXCLUDE_CACHE","Downloaded/cloned repository cache; reconstruct from tracked snapshot mappings."
"cache/phase10a3_repositories/FMOD0016__VeganDelight/hooks/prepare-commit-msg.sample","EXCLUDE_CACHE","Downloaded/cloned repository cache; reconstruct from tracked snapshot mappings."
"cache/phase10a3_repositories/FMOD0016__VeganDelight/hooks/push-to-checkout.sample","EXCLUDE_CACHE","Downloaded/cloned repository cache; reconstruct from tracked snapshot mappings."
"cache/phase10a3_repositories/FMOD0016__VeganDelight/hooks/sendemail-validate.sample","EXCLUDE_CACHE","Downloaded/cloned repository cache; reconstruct from tracked snapshot mappings."
"cache/phase10a3_repositories/FMOD0016__VeganDelight/hooks/update.sample","EXCLUDE_CACHE","Downloaded/cloned repository cache; reconstruct from tracked snapshot mappings."
"cache/phase10a3_repositories/FMOD0016__VeganDelight/info/exclude","EXCLUDE_CACHE","Downloaded/cloned repository cache; reconstruct from tracked snapshot mappings."
"cache/phase10a3_repositories/FMOD0016__VeganDelight/objects/pack/pack-d2aa3e188feffe4c933726d349bd11f788c5b9fd.idx","EXCLUDE_CACHE","Downloaded/cloned repository cache; reconstruct from tracked snapshot mappings."
"cache/phase10a3_repositories/FMOD0016__VeganDelight/objects/pack/pack-d2aa3e188feffe4c933726d349bd11f788c5b9fd.pack","EXCLUDE_CACHE","Downloaded/cloned repository cache; reconstruct from tracked snapshot mappings."
"cache/phase10a3_repositories/FMOD0016__VeganDelight/objects/pack/pack-d2aa3e188feffe4c933726d349bd11f788c5b9fd.rev","EXCLUDE_CACHE","Downloaded/cloned repository cache; reconstruct from tracked snapshot mappings."
"cache/phase10a3_repositories/FMOD0016__VeganDelight/packed-refs","EXCLUDE_CACHE","Downloaded/cloned repository cache; reconstruct from tracked snapshot mappings."
"cache/phase10a3_repositories/FMOD0022__storagedelight/FETCH_HEAD","EXCLUDE_CACHE","Downloaded/cloned repository cache; reconstruct from tracked snapshot mappings."
"cache/phase10a3_repositories/FMOD0022__storagedelight/HEAD","EXCLUDE_CACHE","Downloaded/cloned repository cache; reconstruct from tracked snapshot mappings."
"cache/phase10a3_repositories/FMOD0022__storagedelight/config","EXCLUDE_CACHE","Downloaded/cloned repository cache; reconstruct from tracked snapshot mappings."
"cache/phase10a3_repositories/FMOD0022__storagedelight/description","EXCLUDE_CACHE","Downloaded/cloned repository cache; reconstruct from tracked snapshot mappings."
"cache/phase10a3_repositories/FMOD0022__storagedelight/hooks/applypatch-msg.sample","EXCLUDE_CACHE","Downloaded/cloned repository cache; reconstruct from tracked snapshot mappings."
"cache/phase10a3_repositories/FMOD0022__storagedelight/hooks/commit-msg.sample","EXCLUDE_CACHE","Downloaded/cloned repository cache; reconstruct from tracked snapshot mappings."
"cache/phase10a3_repositories/FMOD0022__storagedelight/hooks/fsmonitor-watchman.sample","EXCLUDE_CACHE","Downloaded/cloned repository cache; reconstruct from tracked snapshot mappings."
"cache/phase10a3_repositories/FMOD0022__storagedelight/hooks/post-update.sample","EXCLUDE_CACHE","Downloaded/cloned repository cache; reconstruct from tracked snapshot mappings."
"cache/phase10a3_repositories/FMOD0022__storagedelight/hooks/pre-applypatch.sample","EXCLUDE_CACHE","Downloaded/cloned repository cache; reconstruct from tracked snapshot mappings."
"cache/phase10a3_repositories/FMOD0022__storagedelight/hooks/pre-commit.sample","EXCLUDE_CACHE","Downloaded/cloned repository cache; reconstruct from tracked snapshot mappings."
"cache/phase10a3_repositories/FMOD0022__storagedelight/hooks/pre-merge-commit.sample","EXCLUDE_CACHE","Downloaded/cloned repository cache; reconstruct from tracked snapshot mappings."
"cache/phase10a3_repositories/FMOD0022__storagedelight/hooks/pre-push.sample","EXCLUDE_CACHE","Downloaded/cloned repository cache; reconstruct from tracked snapshot mappings."
"cache/phase10a3_repositories/FMOD0022__storagedelight/hooks/pre-rebase.sample","EXCLUDE_CACHE","Downloaded/cloned repository cache; reconstruct from tracked snapshot mappings."
"cache/phase10a3_repositories/FMOD0022__storagedelight/hooks/pre-receive.sample","EXCLUDE_CACHE","Downloaded/cloned repository cache; reconstruct from tracked snapshot mappings."
"cache/phase10a3_repositories/FMOD0022__storagedelight/hooks/prepare-commit-msg.sample","EXCLUDE_CACHE","Downloaded/cloned repository cache; reconstruct from tracked snapshot mappings."
"cache/phase10a3_repositories/FMOD0022__storagedelight/hooks/push-to-checkout.sample","EXCLUDE_CACHE","Downloaded/cloned repository cache; reconstruct from tracked snapshot mappings."
"cache/phase10a3_repositories/FMOD0022__storagedelight/hooks/sendemail-validate.sample","EXCLUDE_CACHE","Downloaded/cloned repository cache; reconstruct from tracked snapshot mappings."
"cache/phase10a3_repositories/FMOD0022__storagedelight/hooks/update.sample","EXCLUDE_CACHE","Downloaded/cloned repository cache; reconstruct from tracked snapshot mappings."
"cache/phase10a3_repositories/FMOD0022__storagedelight/info/exclude","EXCLUDE_CACHE","Downloaded/cloned repository cache; reconstruct from tracked snapshot mappings."
"cache/phase10a3_repositories/FMOD0022__storagedelight/objects/pack/pack-f9bce0b1f93f427b030bb5761fa51596bb0a0c57.idx","EXCLUDE_CACHE","Downloaded/cloned repository cache; reconstruct from tracked snapshot mappings."
"cache/phase10a3_repositories/FMOD0022__storagedelight/objects/pack/pack-f9bce0b1f93f427b030bb5761fa51596bb0a0c57.pack","EXCLUDE_CACHE","Downloaded/cloned repository cache; reconstruct from tracked snapshot mappings."
"cache/phase10a3_repositories/FMOD0022__storagedelight/objects/pack/pack-f9bce0b1f93f427b030bb5761fa51596bb0a0c57.rev","EXCLUDE_CACHE","Downloaded/cloned repository cache; reconstruct from tracked snapshot mappings."
"cache/phase10a3_repositories/FMOD0022__storagedelight/packed-refs","EXCLUDE_CACHE","Downloaded/cloned repository cache; reconstruct from tracked snapshot mappings."
"cache/phase10a3_repositories/FMOD0023__BetterEnd/FETCH_HEAD","EXCLUDE_CACHE","Downloaded/cloned repository cache; reconstruct from tracked snapshot mappings."
"cache/phase10a3_repositories/FMOD0023__BetterEnd/HEAD","EXCLUDE_CACHE","Downloaded/cloned repository cache; reconstruct from tracked snapshot mappings."
"cache/phase10a3_repositories/FMOD0023__BetterEnd/config","EXCLUDE_CACHE","Downloaded/cloned repository cache; reconstruct from tracked snapshot mappings."
"cache/phase10a3_repositories/FMOD0023__BetterEnd/description","EXCLUDE_CACHE","Downloaded/cloned repository cache; reconstruct from tracked snapshot mappings."
"cache/phase10a3_repositories/FMOD0023__BetterEnd/hooks/applypatch-msg.sample","EXCLUDE_CACHE","Downloaded/cloned repository cache; reconstruct from tracked snapshot mappings."
"cache/phase10a3_repositories/FMOD0023__BetterEnd/hooks/commit-msg.sample","EXCLUDE_CACHE","Downloaded/cloned repository cache; reconstruct from tracked snapshot mappings."
"cache/phase10a3_repositories/FMOD0023__BetterEnd/hooks/fsmonitor-watchman.sample","EXCLUDE_CACHE","Downloaded/cloned repository cache; reconstruct from tracked snapshot mappings."
"cache/phase10a3_repositories/FMOD0023__BetterEnd/hooks/post-update.sample","EXCLUDE_CACHE","Downloaded/cloned repository cache; reconstruct from tracked snapshot mappings."
"cache/phase10a3_repositories/FMOD0023__BetterEnd/hooks/pre-applypatch.sample","EXCLUDE_CACHE","Downloaded/cloned repository cache; reconstruct from tracked snapshot mappings."
"cache/phase10a3_repositories/FMOD0023__BetterEnd/hooks/pre-commit.sample","EXCLUDE_CACHE","Downloaded/cloned repository cache; reconstruct from tracked snapshot mappings."
"cache/phase10a3_repositories/FMOD0023__BetterEnd/hooks/pre-merge-commit.sample","EXCLUDE_CACHE","Downloaded/cloned repository cache; reconstruct from tracked snapshot mappings."
"cache/phase10a3_repositories/FMOD0023__BetterEnd/hooks/pre-push.sample","EXCLUDE_CACHE","Downloaded/cloned repository cache; reconstruct from tracked snapshot mappings."
"cache/phase10a3_repositories/FMOD0023__BetterEnd/hooks/pre-rebase.sample","EXCLUDE_CACHE","Downloaded/cloned repository cache; reconstruct from tracked snapshot mappings."
"cache/phase10a3_repositories/FMOD0023__BetterEnd/hooks/pre-receive.sample","EXCLUDE_CACHE","Downloaded/cloned repository cache; reconstruct from tracked snapshot mappings."
"cache/phase10a3_repositories/FMOD0023__BetterEnd/hooks/prepare-commit-msg.sample","EXCLUDE_CACHE","Downloaded/cloned repository cache; reconstruct from tracked snapshot mappings."
"cache/phase10a3_repositories/FMOD0023__BetterEnd/hooks/push-to-checkout.sample","EXCLUDE_CACHE","Downloaded/cloned repository cache; reconstruct from tracked snapshot mappings."
"cache/phase10a3_repositories/FMOD0023__BetterEnd/hooks/sendemail-validate.sample","EXCLUDE_CACHE","Downloaded/cloned repository cache; reconstruct from tracked snapshot mappings."
"cache/phase10a3_repositories/FMOD0023__BetterEnd/hooks/update.sample","EXCLUDE_CACHE","Downloaded/cloned repository cache; reconstruct from tracked snapshot mappings."
"cache/phase10a3_repositories/FMOD0023__BetterEnd/info/exclude","EXCLUDE_CACHE","Downloaded/cloned repository cache; reconstruct from tracked snapshot mappings."
"cache/phase10a3_repositories/FMOD0023__BetterEnd/objects/pack/pack-8425ded218c6c47d6bb2598b1176674ab7194f43.idx","EXCLUDE_CACHE","Downloaded/cloned repository cache; reconstruct from tracked snapshot mappings."
"cache/phase10a3_repositories/FMOD0023__BetterEnd/objects/pack/pack-8425ded218c6c47d6bb2598b1176674ab7194f43.pack","EXCLUDE_CACHE","Downloaded/cloned repository cache; reconstruct from tracked snapshot mappings."
"cache/phase10a3_repositories/FMOD0023__BetterEnd/objects/pack/pack-8425ded218c6c47d6bb2598b1176674ab7194f43.rev","EXCLUDE_CACHE","Downloaded/cloned repository cache; reconstruct from tracked snapshot mappings."
"cache/phase10a3_repositories/FMOD0023__BetterEnd/packed-refs","EXCLUDE_CACHE","Downloaded/cloned repository cache; reconstruct from tracked snapshot mappings."
"cache/phase10a3_repositories/FMOD0027__moar-concrete-mod-1.21/FETCH_HEAD","EXCLUDE_CACHE","Downloaded/cloned repository cache; reconstruct from tracked snapshot mappings."
"cache/phase10a3_repositories/FMOD0027__moar-concrete-mod-1.21/HEAD","EXCLUDE_CACHE","Downloaded/cloned repository cache; reconstruct from tracked snapshot mappings."
"cache/phase10a3_repositories/FMOD0027__moar-concrete-mod-1.21/config","EXCLUDE_CACHE","Downloaded/cloned repository cache; reconstruct from tracked snapshot mappings."
"cache/phase10a3_repositories/FMOD0027__moar-concrete-mod-1.21/description","EXCLUDE_CACHE","Downloaded/cloned repository cache; reconstruct from tracked snapshot mappings."
"cache/phase10a3_repositories/FMOD0027__moar-concrete-mod-1.21/hooks/applypatch-msg.sample","EXCLUDE_CACHE","Downloaded/cloned repository cache; reconstruct from tracked snapshot mappings."
"cache/phase10a3_repositories/FMOD0027__moar-concrete-mod-1.21/hooks/commit-msg.sample","EXCLUDE_CACHE","Downloaded/cloned repository cache; reconstruct from tracked snapshot mappings."
"cache/phase10a3_repositories/FMOD0027__moar-concrete-mod-1.21/hooks/fsmonitor-watchman.sample","EXCLUDE_CACHE","Downloaded/cloned repository cache; reconstruct from tracked snapshot mappings."
"cache/phase10a3_repositories/FMOD0027__moar-concrete-mod-1.21/hooks/post-update.sample","EXCLUDE_CACHE","Downloaded/cloned repository cache; reconstruct from tracked snapshot mappings."
"cache/phase10a3_repositories/FMOD0027__moar-concrete-mod-1.21/hooks/pre-applypatch.sample","EXCLUDE_CACHE","Downloaded/cloned repository cache; reconstruct from tracked snapshot mappings."
"cache/phase10a3_repositories/FMOD0027__moar-concrete-mod-1.21/hooks/pre-commit.sample","EXCLUDE_CACHE","Downloaded/cloned repository cache; reconstruct from tracked snapshot mappings."
"cache/phase10a3_repositories/FMOD0027__moar-concrete-mod-1.21/hooks/pre-merge-commit.sample","EXCLUDE_CACHE","Downloaded/cloned repository cache; reconstruct from tracked snapshot mappings."
"cache/phase10a3_repositories/FMOD0027__moar-concrete-mod-1.21/hooks/pre-push.sample","EXCLUDE_CACHE","Downloaded/cloned repository cache; reconstruct from tracked snapshot mappings."
"cache/phase10a3_repositories/FMOD0027__moar-concrete-mod-1.21/hooks/pre-rebase.sample","EXCLUDE_CACHE","Downloaded/cloned repository cache; reconstruct from tracked snapshot mappings."
"cache/phase10a3_repositories/FMOD0027__moar-concrete-mod-1.21/hooks/pre-receive.sample","EXCLUDE_CACHE","Downloaded/cloned repository cache; reconstruct from tracked snapshot mappings."
"cache/phase10a3_repositories/FMOD0027__moar-concrete-mod-1.21/hooks/prepare-commit-msg.sample","EXCLUDE_CACHE","Downloaded/cloned repository cache; reconstruct from tracked snapshot mappings."
"cache/phase10a3_repositories/FMOD0027__moar-concrete-mod-1.21/hooks/push-to-checkout.sample","EXCLUDE_CACHE","Downloaded/cloned repository cache; reconstruct from tracked snapshot mappings."
"cache/phase10a3_repositories/FMOD0027__moar-concrete-mod-1.21/hooks/sendemail-validate.sample","EXCLUDE_CACHE","Downloaded/cloned repository cache; reconstruct from tracked snapshot mappings."
"cache/phase10a3_repositories/FMOD0027__moar-concrete-mod-1.21/hooks/update.sample","EXCLUDE_CACHE","Downloaded/cloned repository cache; reconstruct from tracked snapshot mappings."
"cache/phase10a3_repositories/FMOD0027__moar-concrete-mod-1.21/info/exclude","EXCLUDE_CACHE","Downloaded/cloned repository cache; reconstruct from tracked snapshot mappings."
"cache/phase10a3_repositories/FMOD0027__moar-concrete-mod-1.21/objects/pack/pack-4a2e2360a4fb0d507b034255816356ea6d1bcacf.idx","EXCLUDE_CACHE","Downloaded/cloned repository cache; reconstruct from tracked snapshot mappings."
"cache/phase10a3_repositories/FMOD0027__moar-concrete-mod-1.21/objects/pack/pack-4a2e2360a4fb0d507b034255816356ea6d1bcacf.pack","EXCLUDE_CACHE","Downloaded/cloned repository cache; reconstruct from tracked snapshot mappings."
"cache/phase10a3_repositories/FMOD0027__moar-concrete-mod-1.21/objects/pack/pack-4a2e2360a4fb0d507b034255816356ea6d1bcacf.rev","EXCLUDE_CACHE","Downloaded/cloned repository cache; reconstruct from tracked snapshot mappings."
"cache/phase10a3_repositories/FMOD0027__moar-concrete-mod-1.21/packed-refs","EXCLUDE_CACHE","Downloaded/cloned repository cache; reconstruct from tracked snapshot mappings."
"cache/phase10a3_repositories/FMOD0028__Agree-Super_Apple/FETCH_HEAD","EXCLUDE_CACHE","Downloaded/cloned repository cache; reconstruct from tracked snapshot mappings."
"cache/phase10a3_repositories/FMOD0028__Agree-Super_Apple/HEAD","EXCLUDE_CACHE","Downloaded/cloned repository cache; reconstruct from tracked snapshot mappings."
"cache/phase10a3_repositories/FMOD0028__Agree-Super_Apple/config","EXCLUDE_CACHE","Downloaded/cloned repository cache; reconstruct from tracked snapshot mappings."
"cache/phase10a3_repositories/FMOD0028__Agree-Super_Apple/description","EXCLUDE_CACHE","Downloaded/cloned repository cache; reconstruct from tracked snapshot mappings."
"cache/phase10a3_repositories/FMOD0028__Agree-Super_Apple/hooks/applypatch-msg.sample","EXCLUDE_CACHE","Downloaded/cloned repository cache; reconstruct from tracked snapshot mappings."
"cache/phase10a3_repositories/FMOD0028__Agree-Super_Apple/hooks/commit-msg.sample","EXCLUDE_CACHE","Downloaded/cloned repository cache; reconstruct from tracked snapshot mappings."
"cache/phase10a3_repositories/FMOD0028__Agree-Super_Apple/hooks/fsmonitor-watchman.sample","EXCLUDE_CACHE","Downloaded/cloned repository cache; reconstruct from tracked snapshot mappings."
"cache/phase10a3_repositories/FMOD0028__Agree-Super_Apple/hooks/post-update.sample","EXCLUDE_CACHE","Downloaded/cloned repository cache; reconstruct from tracked snapshot mappings."
"cache/phase10a3_repositories/FMOD0028__Agree-Super_Apple/hooks/pre-applypatch.sample","EXCLUDE_CACHE","Downloaded/cloned repository cache; reconstruct from tracked snapshot mappings."
"cache/phase10a3_repositories/FMOD0028__Agree-Super_Apple/hooks/pre-commit.sample","EXCLUDE_CACHE","Downloaded/cloned repository cache; reconstruct from tracked snapshot mappings."
"cache/phase10a3_repositories/FMOD0028__Agree-Super_Apple/hooks/pre-merge-commit.sample","EXCLUDE_CACHE","Downloaded/cloned repository cache; reconstruct from tracked snapshot mappings."
"cache/phase10a3_repositories/FMOD0028__Agree-Super_Apple/hooks/pre-push.sample","EXCLUDE_CACHE","Downloaded/cloned repository cache; reconstruct from tracked snapshot mappings."
"cache/phase10a3_repositories/FMOD0028__Agree-Super_Apple/hooks/pre-rebase.sample","EXCLUDE_CACHE","Downloaded/cloned repository cache; reconstruct from tracked snapshot mappings."
"cache/phase10a3_repositories/FMOD0028__Agree-Super_Apple/hooks/pre-receive.sample","EXCLUDE_CACHE","Downloaded/cloned repository cache; reconstruct from tracked snapshot mappings."
"cache/phase10a3_repositories/FMOD0028__Agree-Super_Apple/hooks/prepare-commit-msg.sample","EXCLUDE_CACHE","Downloaded/cloned repository cache; reconstruct from tracked snapshot mappings."
"cache/phase10a3_repositories/FMOD0028__Agree-Super_Apple/hooks/push-to-checkout.sample","EXCLUDE_CACHE","Downloaded/cloned repository cache; reconstruct from tracked snapshot mappings."
"cache/phase10a3_repositories/FMOD0028__Agree-Super_Apple/hooks/sendemail-validate.sample","EXCLUDE_CACHE","Downloaded/cloned repository cache; reconstruct from tracked snapshot mappings."
"cache/phase10a3_repositories/FMOD0028__Agree-Super_Apple/hooks/update.sample","EXCLUDE_CACHE","Downloaded/cloned repository cache; reconstruct from tracked snapshot mappings."
"cache/phase10a3_repositories/FMOD0028__Agree-Super_Apple/info/exclude","EXCLUDE_CACHE","Downloaded/cloned repository cache; reconstruct from tracked snapshot mappings."
"cache/phase10a3_repositories/FMOD0028__Agree-Super_Apple/objects/pack/pack-0e48c8bcb0677982e5a7b39f198d9cbe698124e1.idx","EXCLUDE_CACHE","Downloaded/cloned repository cache; reconstruct from tracked snapshot mappings."
"cache/phase10a3_repositories/FMOD0028__Agree-Super_Apple/objects/pack/pack-0e48c8bcb0677982e5a7b39f198d9cbe698124e1.pack","EXCLUDE_CACHE","Downloaded/cloned repository cache; reconstruct from tracked snapshot mappings."
"cache/phase10a3_repositories/FMOD0028__Agree-Super_Apple/objects/pack/pack-0e48c8bcb0677982e5a7b39f198d9cbe698124e1.rev","EXCLUDE_CACHE","Downloaded/cloned repository cache; reconstruct from tracked snapshot mappings."
"cache/phase10a3_repositories/FMOD0028__Agree-Super_Apple/packed-refs","EXCLUDE_CACHE","Downloaded/cloned repository cache; reconstruct from tracked snapshot mappings."
"cache/phase10a3_repositories/FMOD0036__ReliableRecipeViewer/FETCH_HEAD","EXCLUDE_CACHE","Downloaded/cloned repository cache; reconstruct from tracked snapshot mappings."
"cache/phase10a3_repositories/FMOD0036__ReliableRecipeViewer/HEAD","EXCLUDE_CACHE","Downloaded/cloned repository cache; reconstruct from tracked snapshot mappings."
"cache/phase10a3_repositories/FMOD0036__ReliableRecipeViewer/config","EXCLUDE_CACHE","Downloaded/cloned repository cache; reconstruct from tracked snapshot mappings."
"cache/phase10a3_repositories/FMOD0036__ReliableRecipeViewer/description","EXCLUDE_CACHE","Downloaded/cloned repository cache; reconstruct from tracked snapshot mappings."
"cache/phase10a3_repositories/FMOD0036__ReliableRecipeViewer/hooks/applypatch-msg.sample","EXCLUDE_CACHE","Downloaded/cloned repository cache; reconstruct from tracked snapshot mappings."
"cache/phase10a3_repositories/FMOD0036__ReliableRecipeViewer/hooks/commit-msg.sample","EXCLUDE_CACHE","Downloaded/cloned repository cache; reconstruct from tracked snapshot mappings."
"cache/phase10a3_repositories/FMOD0036__ReliableRecipeViewer/hooks/fsmonitor-watchman.sample","EXCLUDE_CACHE","Downloaded/cloned repository cache; reconstruct from tracked snapshot mappings."
"cache/phase10a3_repositories/FMOD0036__ReliableRecipeViewer/hooks/post-update.sample","EXCLUDE_CACHE","Downloaded/cloned repository cache; reconstruct from tracked snapshot mappings."
"cache/phase10a3_repositories/FMOD0036__ReliableRecipeViewer/hooks/pre-applypatch.sample","EXCLUDE_CACHE","Downloaded/cloned repository cache; reconstruct from tracked snapshot mappings."
"cache/phase10a3_repositories/FMOD0036__ReliableRecipeViewer/hooks/pre-commit.sample","EXCLUDE_CACHE","Downloaded/cloned repository cache; reconstruct from tracked snapshot mappings."
"cache/phase10a3_repositories/FMOD0036__ReliableRecipeViewer/hooks/pre-merge-commit.sample","EXCLUDE_CACHE","Downloaded/cloned repository cache; reconstruct from tracked snapshot mappings."
"cache/phase10a3_repositories/FMOD0036__ReliableRecipeViewer/hooks/pre-push.sample","EXCLUDE_CACHE","Downloaded/cloned repository cache; reconstruct from tracked snapshot mappings."
"cache/phase10a3_repositories/FMOD0036__ReliableRecipeViewer/hooks/pre-rebase.sample","EXCLUDE_CACHE","Downloaded/cloned repository cache; reconstruct from tracked snapshot mappings."
"cache/phase10a3_repositories/FMOD0036__ReliableRecipeViewer/hooks/pre-receive.sample","EXCLUDE_CACHE","Downloaded/cloned repository cache; reconstruct from tracked snapshot mappings."
"cache/phase10a3_repositories/FMOD0036__ReliableRecipeViewer/hooks/prepare-commit-msg.sample","EXCLUDE_CACHE","Downloaded/cloned repository cache; reconstruct from tracked snapshot mappings."
"cache/phase10a3_repositories/FMOD0036__ReliableRecipeViewer/hooks/push-to-checkout.sample","EXCLUDE_CACHE","Downloaded/cloned repository cache; reconstruct from tracked snapshot mappings."
"cache/phase10a3_repositories/FMOD0036__ReliableRecipeViewer/hooks/sendemail-validate.sample","EXCLUDE_CACHE","Downloaded/cloned repository cache; reconstruct from tracked snapshot mappings."
"cache/phase10a3_repositories/FMOD0036__ReliableRecipeViewer/hooks/update.sample","EXCLUDE_CACHE","Downloaded/cloned repository cache; reconstruct from tracked snapshot mappings."
"cache/phase10a3_repositories/FMOD0036__ReliableRecipeViewer/info/exclude","EXCLUDE_CACHE","Downloaded/cloned repository cache; reconstruct from tracked snapshot mappings."
"cache/phase10a3_repositories/FMOD0036__ReliableRecipeViewer/objects/pack/pack-c667f1b88f316a2fbad450718448c866f590ea95.idx","EXCLUDE_CACHE","Downloaded/cloned repository cache; reconstruct from tracked snapshot mappings."
"cache/phase10a3_repositories/FMOD0036__ReliableRecipeViewer/objects/pack/pack-c667f1b88f316a2fbad450718448c866f590ea95.pack","EXCLUDE_CACHE","Downloaded/cloned repository cache; reconstruct from tracked snapshot mappings."
"cache/phase10a3_repositories/FMOD0036__ReliableRecipeViewer/objects/pack/pack-c667f1b88f316a2fbad450718448c866f590ea95.rev","EXCLUDE_CACHE","Downloaded/cloned repository cache; reconstruct from tracked snapshot mappings."
"cache/phase10a3_repositories/FMOD0036__ReliableRecipeViewer/packed-refs","EXCLUDE_CACHE","Downloaded/cloned repository cache; reconstruct from tracked snapshot mappings."
"cache/phase10a3_repositories/FMOD0040__Mermod/FETCH_HEAD","EXCLUDE_CACHE","Downloaded/cloned repository cache; reconstruct from tracked snapshot mappings."
"cache/phase10a3_repositories/FMOD0040__Mermod/HEAD","EXCLUDE_CACHE","Downloaded/cloned repository cache; reconstruct from tracked snapshot mappings."
"cache/phase10a3_repositories/FMOD0040__Mermod/config","EXCLUDE_CACHE","Downloaded/cloned repository cache; reconstruct from tracked snapshot mappings."
"cache/phase10a3_repositories/FMOD0040__Mermod/description","EXCLUDE_CACHE","Downloaded/cloned repository cache; reconstruct from tracked snapshot mappings."
"cache/phase10a3_repositories/FMOD0040__Mermod/hooks/applypatch-msg.sample","EXCLUDE_CACHE","Downloaded/cloned repository cache; reconstruct from tracked snapshot mappings."
"cache/phase10a3_repositories/FMOD0040__Mermod/hooks/commit-msg.sample","EXCLUDE_CACHE","Downloaded/cloned repository cache; reconstruct from tracked snapshot mappings."
"cache/phase10a3_repositories/FMOD0040__Mermod/hooks/fsmonitor-watchman.sample","EXCLUDE_CACHE","Downloaded/cloned repository cache; reconstruct from tracked snapshot mappings."
"cache/phase10a3_repositories/FMOD0040__Mermod/hooks/post-update.sample","EXCLUDE_CACHE","Downloaded/cloned repository cache; reconstruct from tracked snapshot mappings."
"cache/phase10a3_repositories/FMOD0040__Mermod/hooks/pre-applypatch.sample","EXCLUDE_CACHE","Downloaded/cloned repository cache; reconstruct from tracked snapshot mappings."
"cache/phase10a3_repositories/FMOD0040__Mermod/hooks/pre-commit.sample","EXCLUDE_CACHE","Downloaded/cloned repository cache; reconstruct from tracked snapshot mappings."
"cache/phase10a3_repositories/FMOD0040__Mermod/hooks/pre-merge-commit.sample","EXCLUDE_CACHE","Downloaded/cloned repository cache; reconstruct from tracked snapshot mappings."
"cache/phase10a3_repositories/FMOD0040__Mermod/hooks/pre-push.sample","EXCLUDE_CACHE","Downloaded/cloned repository cache; reconstruct from tracked snapshot mappings."
"cache/phase10a3_repositories/FMOD0040__Mermod/hooks/pre-rebase.sample","EXCLUDE_CACHE","Downloaded/cloned repository cache; reconstruct from tracked snapshot mappings."
"cache/phase10a3_repositories/FMOD0040__Mermod/hooks/pre-receive.sample","EXCLUDE_CACHE","Downloaded/cloned repository cache; reconstruct from tracked snapshot mappings."
"cache/phase10a3_repositories/FMOD0040__Mermod/hooks/prepare-commit-msg.sample","EXCLUDE_CACHE","Downloaded/cloned repository cache; reconstruct from tracked snapshot mappings."
"cache/phase10a3_repositories/FMOD0040__Mermod/hooks/push-to-checkout.sample","EXCLUDE_CACHE","Downloaded/cloned repository cache; reconstruct from tracked snapshot mappings."
"cache/phase10a3_repositories/FMOD0040__Mermod/hooks/sendemail-validate.sample","EXCLUDE_CACHE","Downloaded/cloned repository cache; reconstruct from tracked snapshot mappings."
"cache/phase10a3_repositories/FMOD0040__Mermod/hooks/update.sample","EXCLUDE_CACHE","Downloaded/cloned repository cache; reconstruct from tracked snapshot mappings."
"cache/phase10a3_repositories/FMOD0040__Mermod/info/exclude","EXCLUDE_CACHE","Downloaded/cloned repository cache; reconstruct from tracked snapshot mappings."
"cache/phase10a3_repositories/FMOD0040__Mermod/objects/pack/pack-91a55993d797669abe7c3d04f8c674654ef981f9.idx","EXCLUDE_CACHE","Downloaded/cloned repository cache; reconstruct from tracked snapshot mappings."
"cache/phase10a3_repositories/FMOD0040__Mermod/objects/pack/pack-91a55993d797669abe7c3d04f8c674654ef981f9.pack","EXCLUDE_CACHE","Downloaded/cloned repository cache; reconstruct from tracked snapshot mappings."
"cache/phase10a3_repositories/FMOD0040__Mermod/objects/pack/pack-91a55993d797669abe7c3d04f8c674654ef981f9.rev","EXCLUDE_CACHE","Downloaded/cloned repository cache; reconstruct from tracked snapshot mappings."
"cache/phase10a3_repositories/FMOD0040__Mermod/packed-refs","EXCLUDE_CACHE","Downloaded/cloned repository cache; reconstruct from tracked snapshot mappings."
"cache/phase10a3_repositories/FMOD0046__SimpleTMs/FETCH_HEAD","EXCLUDE_CACHE","Downloaded/cloned repository cache; reconstruct from tracked snapshot mappings."
"cache/phase10a3_repositories/FMOD0046__SimpleTMs/HEAD","EXCLUDE_CACHE","Downloaded/cloned repository cache; reconstruct from tracked snapshot mappings."
"cache/phase10a3_repositories/FMOD0046__SimpleTMs/config","EXCLUDE_CACHE","Downloaded/cloned repository cache; reconstruct from tracked snapshot mappings."
"cache/phase10a3_repositories/FMOD0046__SimpleTMs/description","EXCLUDE_CACHE","Downloaded/cloned repository cache; reconstruct from tracked snapshot mappings."
"cache/phase10a3_repositories/FMOD0046__SimpleTMs/hooks/applypatch-msg.sample","EXCLUDE_CACHE","Downloaded/cloned repository cache; reconstruct from tracked snapshot mappings."
"cache/phase10a3_repositories/FMOD0046__SimpleTMs/hooks/commit-msg.sample","EXCLUDE_CACHE","Downloaded/cloned repository cache; reconstruct from tracked snapshot mappings."
"cache/phase10a3_repositories/FMOD0046__SimpleTMs/hooks/fsmonitor-watchman.sample","EXCLUDE_CACHE","Downloaded/cloned repository cache; reconstruct from tracked snapshot mappings."
"cache/phase10a3_repositories/FMOD0046__SimpleTMs/hooks/post-update.sample","EXCLUDE_CACHE","Downloaded/cloned repository cache; reconstruct from tracked snapshot mappings."
"cache/phase10a3_repositories/FMOD0046__SimpleTMs/hooks/pre-applypatch.sample","EXCLUDE_CACHE","Downloaded/cloned repository cache; reconstruct from tracked snapshot mappings."
"cache/phase10a3_repositories/FMOD0046__SimpleTMs/hooks/pre-commit.sample","EXCLUDE_CACHE","Downloaded/cloned repository cache; reconstruct from tracked snapshot mappings."
"cache/phase10a3_repositories/FMOD0046__SimpleTMs/hooks/pre-merge-commit.sample","EXCLUDE_CACHE","Downloaded/cloned repository cache; reconstruct from tracked snapshot mappings."
"cache/phase10a3_repositories/FMOD0046__SimpleTMs/hooks/pre-push.sample","EXCLUDE_CACHE","Downloaded/cloned repository cache; reconstruct from tracked snapshot mappings."
"cache/phase10a3_repositories/FMOD0046__SimpleTMs/hooks/pre-rebase.sample","EXCLUDE_CACHE","Downloaded/cloned repository cache; reconstruct from tracked snapshot mappings."
"cache/phase10a3_repositories/FMOD0046__SimpleTMs/hooks/pre-receive.sample","EXCLUDE_CACHE","Downloaded/cloned repository cache; reconstruct from tracked snapshot mappings."
"cache/phase10a3_repositories/FMOD0046__SimpleTMs/hooks/prepare-commit-msg.sample","EXCLUDE_CACHE","Downloaded/cloned repository cache; reconstruct from tracked snapshot mappings."
"cache/phase10a3_repositories/FMOD0046__SimpleTMs/hooks/push-to-checkout.sample","EXCLUDE_CACHE","Downloaded/cloned repository cache; reconstruct from tracked snapshot mappings."
"cache/phase10a3_repositories/FMOD0046__SimpleTMs/hooks/sendemail-validate.sample","EXCLUDE_CACHE","Downloaded/cloned repository cache; reconstruct from tracked snapshot mappings."
"cache/phase10a3_repositories/FMOD0046__SimpleTMs/hooks/update.sample","EXCLUDE_CACHE","Downloaded/cloned repository cache; reconstruct from tracked snapshot mappings."
"cache/phase10a3_repositories/FMOD0046__SimpleTMs/info/exclude","EXCLUDE_CACHE","Downloaded/cloned repository cache; reconstruct from tracked snapshot mappings."
"cache/phase10a3_repositories/FMOD0046__SimpleTMs/objects/pack/pack-ed7b153b8e6ed334fbf0d5a70abea2a743e80d8c.idx","EXCLUDE_CACHE","Downloaded/cloned repository cache; reconstruct from tracked snapshot mappings."
"cache/phase10a3_repositories/FMOD0046__SimpleTMs/objects/pack/pack-ed7b153b8e6ed334fbf0d5a70abea2a743e80d8c.pack","EXCLUDE_CACHE","Downloaded/cloned repository cache; reconstruct from tracked snapshot mappings."
"cache/phase10a3_repositories/FMOD0046__SimpleTMs/objects/pack/pack-ed7b153b8e6ed334fbf0d5a70abea2a743e80d8c.rev","EXCLUDE_CACHE","Downloaded/cloned repository cache; reconstruct from tracked snapshot mappings."
"cache/phase10a3_repositories/FMOD0046__SimpleTMs/packed-refs","EXCLUDE_CACHE","Downloaded/cloned repository cache; reconstruct from tracked snapshot mappings."
"cache/phase10a3_repositories/FMOD0050__smart-auto-mine/FETCH_HEAD","EXCLUDE_CACHE","Downloaded/cloned repository cache; reconstruct from tracked snapshot mappings."
"cache/phase10a3_repositories/FMOD0050__smart-auto-mine/HEAD","EXCLUDE_CACHE","Downloaded/cloned repository cache; reconstruct from tracked snapshot mappings."
"cache/phase10a3_repositories/FMOD0050__smart-auto-mine/config","EXCLUDE_CACHE","Downloaded/cloned repository cache; reconstruct from tracked snapshot mappings."
"cache/phase10a3_repositories/FMOD0050__smart-auto-mine/description","EXCLUDE_CACHE","Downloaded/cloned repository cache; reconstruct from tracked snapshot mappings."
"cache/phase10a3_repositories/FMOD0050__smart-auto-mine/hooks/applypatch-msg.sample","EXCLUDE_CACHE","Downloaded/cloned repository cache; reconstruct from tracked snapshot mappings."
"cache/phase10a3_repositories/FMOD0050__smart-auto-mine/hooks/commit-msg.sample","EXCLUDE_CACHE","Downloaded/cloned repository cache; reconstruct from tracked snapshot mappings."
"cache/phase10a3_repositories/FMOD0050__smart-auto-mine/hooks/fsmonitor-watchman.sample","EXCLUDE_CACHE","Downloaded/cloned repository cache; reconstruct from tracked snapshot mappings."
"cache/phase10a3_repositories/FMOD0050__smart-auto-mine/hooks/post-update.sample","EXCLUDE_CACHE","Downloaded/cloned repository cache; reconstruct from tracked snapshot mappings."
"cache/phase10a3_repositories/FMOD0050__smart-auto-mine/hooks/pre-applypatch.sample","EXCLUDE_CACHE","Downloaded/cloned repository cache; reconstruct from tracked snapshot mappings."
"cache/phase10a3_repositories/FMOD0050__smart-auto-mine/hooks/pre-commit.sample","EXCLUDE_CACHE","Downloaded/cloned repository cache; reconstruct from tracked snapshot mappings."
"cache/phase10a3_repositories/FMOD0050__smart-auto-mine/hooks/pre-merge-commit.sample","EXCLUDE_CACHE","Downloaded/cloned repository cache; reconstruct from tracked snapshot mappings."
"cache/phase10a3_repositories/FMOD0050__smart-auto-mine/hooks/pre-push.sample","EXCLUDE_CACHE","Downloaded/cloned repository cache; reconstruct from tracked snapshot mappings."
"cache/phase10a3_repositories/FMOD0050__smart-auto-mine/hooks/pre-rebase.sample","EXCLUDE_CACHE","Downloaded/cloned repository cache; reconstruct from tracked snapshot mappings."
"cache/phase10a3_repositories/FMOD0050__smart-auto-mine/hooks/pre-receive.sample","EXCLUDE_CACHE","Downloaded/cloned repository cache; reconstruct from tracked snapshot mappings."
"cache/phase10a3_repositories/FMOD0050__smart-auto-mine/hooks/prepare-commit-msg.sample","EXCLUDE_CACHE","Downloaded/cloned repository cache; reconstruct from tracked snapshot mappings."
"cache/phase10a3_repositories/FMOD0050__smart-auto-mine/hooks/push-to-checkout.sample","EXCLUDE_CACHE","Downloaded/cloned repository cache; reconstruct from tracked snapshot mappings."
"cache/phase10a3_repositories/FMOD0050__smart-auto-mine/hooks/sendemail-validate.sample","EXCLUDE_CACHE","Downloaded/cloned repository cache; reconstruct from tracked snapshot mappings."
"cache/phase10a3_repositories/FMOD0050__smart-auto-mine/hooks/update.sample","EXCLUDE_CACHE","Downloaded/cloned repository cache; reconstruct from tracked snapshot mappings."
"cache/phase10a3_repositories/FMOD0050__smart-auto-mine/info/exclude","EXCLUDE_CACHE","Downloaded/cloned repository cache; reconstruct from tracked snapshot mappings."
"cache/phase10a3_repositories/FMOD0050__smart-auto-mine/objects/pack/pack-b6e853bb5fd30ebae6a38dcc50041ad512ff6a27.idx","EXCLUDE_CACHE","Downloaded/cloned repository cache; reconstruct from tracked snapshot mappings."
"cache/phase10a3_repositories/FMOD0050__smart-auto-mine/objects/pack/pack-b6e853bb5fd30ebae6a38dcc50041ad512ff6a27.pack","EXCLUDE_CACHE","Downloaded/cloned repository cache; reconstruct from tracked snapshot mappings."
"cache/phase10a3_repositories/FMOD0050__smart-auto-mine/objects/pack/pack-b6e853bb5fd30ebae6a38dcc50041ad512ff6a27.rev","EXCLUDE_CACHE","Downloaded/cloned repository cache; reconstruct from tracked snapshot mappings."
"cache/phase10a3_repositories/FMOD0050__smart-auto-mine/packed-refs","EXCLUDE_CACHE","Downloaded/cloned repository cache; reconstruct from tracked snapshot mappings."
"cache/phase10a3_repositories/FMOD0051__Contagion/FETCH_HEAD","EXCLUDE_CACHE","Downloaded/cloned repository cache; reconstruct from tracked snapshot mappings."
"cache/phase10a3_repositories/FMOD0051__Contagion/HEAD","EXCLUDE_CACHE","Downloaded/cloned repository cache; reconstruct from tracked snapshot mappings."
"cache/phase10a3_repositories/FMOD0051__Contagion/config","EXCLUDE_CACHE","Downloaded/cloned repository cache; reconstruct from tracked snapshot mappings."
"cache/phase10a3_repositories/FMOD0051__Contagion/description","EXCLUDE_CACHE","Downloaded/cloned repository cache; reconstruct from tracked snapshot mappings."
"cache/phase10a3_repositories/FMOD0051__Contagion/hooks/applypatch-msg.sample","EXCLUDE_CACHE","Downloaded/cloned repository cache; reconstruct from tracked snapshot mappings."
"cache/phase10a3_repositories/FMOD0051__Contagion/hooks/commit-msg.sample","EXCLUDE_CACHE","Downloaded/cloned repository cache; reconstruct from tracked snapshot mappings."
"cache/phase10a3_repositories/FMOD0051__Contagion/hooks/fsmonitor-watchman.sample","EXCLUDE_CACHE","Downloaded/cloned repository cache; reconstruct from tracked snapshot mappings."
"cache/phase10a3_repositories/FMOD0051__Contagion/hooks/post-update.sample","EXCLUDE_CACHE","Downloaded/cloned repository cache; reconstruct from tracked snapshot mappings."
"cache/phase10a3_repositories/FMOD0051__Contagion/hooks/pre-applypatch.sample","EXCLUDE_CACHE","Downloaded/cloned repository cache; reconstruct from tracked snapshot mappings."
"cache/phase10a3_repositories/FMOD0051__Contagion/hooks/pre-commit.sample","EXCLUDE_CACHE","Downloaded/cloned repository cache; reconstruct from tracked snapshot mappings."
"cache/phase10a3_repositories/FMOD0051__Contagion/hooks/pre-merge-commit.sample","EXCLUDE_CACHE","Downloaded/cloned repository cache; reconstruct from tracked snapshot mappings."
"cache/phase10a3_repositories/FMOD0051__Contagion/hooks/pre-push.sample","EXCLUDE_CACHE","Downloaded/cloned repository cache; reconstruct from tracked snapshot mappings."
"cache/phase10a3_repositories/FMOD0051__Contagion/hooks/pre-rebase.sample","EXCLUDE_CACHE","Downloaded/cloned repository cache; reconstruct from tracked snapshot mappings."
"cache/phase10a3_repositories/FMOD0051__Contagion/hooks/pre-receive.sample","EXCLUDE_CACHE","Downloaded/cloned repository cache; reconstruct from tracked snapshot mappings."
"cache/phase10a3_repositories/FMOD0051__Contagion/hooks/prepare-commit-msg.sample","EXCLUDE_CACHE","Downloaded/cloned repository cache; reconstruct from tracked snapshot mappings."
"cache/phase10a3_repositories/FMOD0051__Contagion/hooks/push-to-checkout.sample","EXCLUDE_CACHE","Downloaded/cloned repository cache; reconstruct from tracked snapshot mappings."
"cache/phase10a3_repositories/FMOD0051__Contagion/hooks/sendemail-validate.sample","EXCLUDE_CACHE","Downloaded/cloned repository cache; reconstruct from tracked snapshot mappings."
"cache/phase10a3_repositories/FMOD0051__Contagion/hooks/update.sample","EXCLUDE_CACHE","Downloaded/cloned repository cache; reconstruct from tracked snapshot mappings."
"cache/phase10a3_repositories/FMOD0051__Contagion/info/exclude","EXCLUDE_CACHE","Downloaded/cloned repository cache; reconstruct from tracked snapshot mappings."
"cache/phase10a3_repositories/FMOD0051__Contagion/objects/pack/pack-652d79c8808cfbd741da2a7ea565a11626d043af.idx","EXCLUDE_CACHE","Downloaded/cloned repository cache; reconstruct from tracked snapshot mappings."
"cache/phase10a3_repositories/FMOD0051__Contagion/objects/pack/pack-652d79c8808cfbd741da2a7ea565a11626d043af.pack","EXCLUDE_CACHE","Downloaded/cloned repository cache; reconstruct from tracked snapshot mappings."
"cache/phase10a3_repositories/FMOD0051__Contagion/objects/pack/pack-652d79c8808cfbd741da2a7ea565a11626d043af.rev","EXCLUDE_CACHE","Downloaded/cloned repository cache; reconstruct from tracked snapshot mappings."
"cache/phase10a3_repositories/FMOD0051__Contagion/packed-refs","EXCLUDE_CACHE","Downloaded/cloned repository cache; reconstruct from tracked snapshot mappings."
"cache/phase10a3_repositories/FMOD0053__ScreenshotViewer/FETCH_HEAD","EXCLUDE_CACHE","Downloaded/cloned repository cache; reconstruct from tracked snapshot mappings."
"cache/phase10a3_repositories/FMOD0053__ScreenshotViewer/HEAD","EXCLUDE_CACHE","Downloaded/cloned repository cache; reconstruct from tracked snapshot mappings."
"cache/phase10a3_repositories/FMOD0053__ScreenshotViewer/config","EXCLUDE_CACHE","Downloaded/cloned repository cache; reconstruct from tracked snapshot mappings."
"cache/phase10a3_repositories/FMOD0053__ScreenshotViewer/description","EXCLUDE_CACHE","Downloaded/cloned repository cache; reconstruct from tracked snapshot mappings."
"cache/phase10a3_repositories/FMOD0053__ScreenshotViewer/hooks/applypatch-msg.sample","EXCLUDE_CACHE","Downloaded/cloned repository cache; reconstruct from tracked snapshot mappings."
"cache/phase10a3_repositories/FMOD0053__ScreenshotViewer/hooks/commit-msg.sample","EXCLUDE_CACHE","Downloaded/cloned repository cache; reconstruct from tracked snapshot mappings."
"cache/phase10a3_repositories/FMOD0053__ScreenshotViewer/hooks/fsmonitor-watchman.sample","EXCLUDE_CACHE","Downloaded/cloned repository cache; reconstruct from tracked snapshot mappings."
"cache/phase10a3_repositories/FMOD0053__ScreenshotViewer/hooks/post-update.sample","EXCLUDE_CACHE","Downloaded/cloned repository cache; reconstruct from tracked snapshot mappings."
"cache/phase10a3_repositories/FMOD0053__ScreenshotViewer/hooks/pre-applypatch.sample","EXCLUDE_CACHE","Downloaded/cloned repository cache; reconstruct from tracked snapshot mappings."
"cache/phase10a3_repositories/FMOD0053__ScreenshotViewer/hooks/pre-commit.sample","EXCLUDE_CACHE","Downloaded/cloned repository cache; reconstruct from tracked snapshot mappings."
"cache/phase10a3_repositories/FMOD0053__ScreenshotViewer/hooks/pre-merge-commit.sample","EXCLUDE_CACHE","Downloaded/cloned repository cache; reconstruct from tracked snapshot mappings."
"cache/phase10a3_repositories/FMOD0053__ScreenshotViewer/hooks/pre-push.sample","EXCLUDE_CACHE","Downloaded/cloned repository cache; reconstruct from tracked snapshot mappings."
"cache/phase10a3_repositories/FMOD0053__ScreenshotViewer/hooks/pre-rebase.sample","EXCLUDE_CACHE","Downloaded/cloned repository cache; reconstruct from tracked snapshot mappings."
"cache/phase10a3_repositories/FMOD0053__ScreenshotViewer/hooks/pre-receive.sample","EXCLUDE_CACHE","Downloaded/cloned repository cache; reconstruct from tracked snapshot mappings."
"cache/phase10a3_repositories/FMOD0053__ScreenshotViewer/hooks/prepare-commit-msg.sample","EXCLUDE_CACHE","Downloaded/cloned repository cache; reconstruct from tracked snapshot mappings."
"cache/phase10a3_repositories/FMOD0053__ScreenshotViewer/hooks/push-to-checkout.sample","EXCLUDE_CACHE","Downloaded/cloned repository cache; reconstruct from tracked snapshot mappings."
"cache/phase10a3_repositories/FMOD0053__ScreenshotViewer/hooks/sendemail-validate.sample","EXCLUDE_CACHE","Downloaded/cloned repository cache; reconstruct from tracked snapshot mappings."
"cache/phase10a3_repositories/FMOD0053__ScreenshotViewer/hooks/update.sample","EXCLUDE_CACHE","Downloaded/cloned repository cache; reconstruct from tracked snapshot mappings."
"cache/phase10a3_repositories/FMOD0053__ScreenshotViewer/info/exclude","EXCLUDE_CACHE","Downloaded/cloned repository cache; reconstruct from tracked snapshot mappings."
"cache/phase10a3_repositories/FMOD0053__ScreenshotViewer/objects/pack/pack-cb4f202dddffde0abc79a1912c64eb0a281945f2.idx","EXCLUDE_CACHE","Downloaded/cloned repository cache; reconstruct from tracked snapshot mappings."
"cache/phase10a3_repositories/FMOD0053__ScreenshotViewer/objects/pack/pack-cb4f202dddffde0abc79a1912c64eb0a281945f2.pack","EXCLUDE_CACHE","Downloaded/cloned repository cache; reconstruct from tracked snapshot mappings."
"cache/phase10a3_repositories/FMOD0053__ScreenshotViewer/objects/pack/pack-cb4f202dddffde0abc79a1912c64eb0a281945f2.rev","EXCLUDE_CACHE","Downloaded/cloned repository cache; reconstruct from tracked snapshot mappings."
"cache/phase10a3_repositories/FMOD0053__ScreenshotViewer/packed-refs","EXCLUDE_CACHE","Downloaded/cloned repository cache; reconstruct from tracked snapshot mappings."
"cache/phase10a3_repositories/FMOD0054__minecraft-java-edition-mods/FETCH_HEAD","EXCLUDE_CACHE","Downloaded/cloned repository cache; reconstruct from tracked snapshot mappings."
"cache/phase10a3_repositories/FMOD0054__minecraft-java-edition-mods/HEAD","EXCLUDE_CACHE","Downloaded/cloned repository cache; reconstruct from tracked snapshot mappings."
"cache/phase10a3_repositories/FMOD0054__minecraft-java-edition-mods/config","EXCLUDE_CACHE","Downloaded/cloned repository cache; reconstruct from tracked snapshot mappings."
"cache/phase10a3_repositories/FMOD0054__minecraft-java-edition-mods/description","EXCLUDE_CACHE","Downloaded/cloned repository cache; reconstruct from tracked snapshot mappings."
"cache/phase10a3_repositories/FMOD0054__minecraft-java-edition-mods/hooks/applypatch-msg.sample","EXCLUDE_CACHE","Downloaded/cloned repository cache; reconstruct from tracked snapshot mappings."
"cache/phase10a3_repositories/FMOD0054__minecraft-java-edition-mods/hooks/commit-msg.sample","EXCLUDE_CACHE","Downloaded/cloned repository cache; reconstruct from tracked snapshot mappings."
"cache/phase10a3_repositories/FMOD0054__minecraft-java-edition-mods/hooks/fsmonitor-watchman.sample","EXCLUDE_CACHE","Downloaded/cloned repository cache; reconstruct from tracked snapshot mappings."
"cache/phase10a3_repositories/FMOD0054__minecraft-java-edition-mods/hooks/post-update.sample","EXCLUDE_CACHE","Downloaded/cloned repository cache; reconstruct from tracked snapshot mappings."
"cache/phase10a3_repositories/FMOD0054__minecraft-java-edition-mods/hooks/pre-applypatch.sample","EXCLUDE_CACHE","Downloaded/cloned repository cache; reconstruct from tracked snapshot mappings."
"cache/phase10a3_repositories/FMOD0054__minecraft-java-edition-mods/hooks/pre-commit.sample","EXCLUDE_CACHE","Downloaded/cloned repository cache; reconstruct from tracked snapshot mappings."
"cache/phase10a3_repositories/FMOD0054__minecraft-java-edition-mods/hooks/pre-merge-commit.sample","EXCLUDE_CACHE","Downloaded/cloned repository cache; reconstruct from tracked snapshot mappings."
"cache/phase10a3_repositories/FMOD0054__minecraft-java-edition-mods/hooks/pre-push.sample","EXCLUDE_CACHE","Downloaded/cloned repository cache; reconstruct from tracked snapshot mappings."
"cache/phase10a3_repositories/FMOD0054__minecraft-java-edition-mods/hooks/pre-rebase.sample","EXCLUDE_CACHE","Downloaded/cloned repository cache; reconstruct from tracked snapshot mappings."
"cache/phase10a3_repositories/FMOD0054__minecraft-java-edition-mods/hooks/pre-receive.sample","EXCLUDE_CACHE","Downloaded/cloned repository cache; reconstruct from tracked snapshot mappings."
"cache/phase10a3_repositories/FMOD0054__minecraft-java-edition-mods/hooks/prepare-commit-msg.sample","EXCLUDE_CACHE","Downloaded/cloned repository cache; reconstruct from tracked snapshot mappings."
"cache/phase10a3_repositories/FMOD0054__minecraft-java-edition-mods/hooks/push-to-checkout.sample","EXCLUDE_CACHE","Downloaded/cloned repository cache; reconstruct from tracked snapshot mappings."
"cache/phase10a3_repositories/FMOD0054__minecraft-java-edition-mods/hooks/sendemail-validate.sample","EXCLUDE_CACHE","Downloaded/cloned repository cache; reconstruct from tracked snapshot mappings."
"cache/phase10a3_repositories/FMOD0054__minecraft-java-edition-mods/hooks/update.sample","EXCLUDE_CACHE","Downloaded/cloned repository cache; reconstruct from tracked snapshot mappings."
"cache/phase10a3_repositories/FMOD0054__minecraft-java-edition-mods/info/exclude","EXCLUDE_CACHE","Downloaded/cloned repository cache; reconstruct from tracked snapshot mappings."
"cache/phase10a3_repositories/FMOD0054__minecraft-java-edition-mods/objects/pack/pack-a92a572f8b5a8837c66d060a1473668565a391f9.idx","EXCLUDE_CACHE","Downloaded/cloned repository cache; reconstruct from tracked snapshot mappings."
"cache/phase10a3_repositories/FMOD0054__minecraft-java-edition-mods/objects/pack/pack-a92a572f8b5a8837c66d060a1473668565a391f9.pack","EXCLUDE_CACHE","Downloaded/cloned repository cache; reconstruct from tracked snapshot mappings."
"cache/phase10a3_repositories/FMOD0054__minecraft-java-edition-mods/objects/pack/pack-a92a572f8b5a8837c66d060a1473668565a391f9.rev","EXCLUDE_CACHE","Downloaded/cloned repository cache; reconstruct from tracked snapshot mappings."
"cache/phase10a3_repositories/FMOD0054__minecraft-java-edition-mods/packed-refs","EXCLUDE_CACHE","Downloaded/cloned repository cache; reconstruct from tracked snapshot mappings."
"cache/phase10a3_repositories/FMOD0055__cobblemon_smartphone_main/FETCH_HEAD","EXCLUDE_CACHE","Downloaded/cloned repository cache; reconstruct from tracked snapshot mappings."
"cache/phase10a3_repositories/FMOD0055__cobblemon_smartphone_main/HEAD","EXCLUDE_CACHE","Downloaded/cloned repository cache; reconstruct from tracked snapshot mappings."
"cache/phase10a3_repositories/FMOD0055__cobblemon_smartphone_main/config","EXCLUDE_CACHE","Downloaded/cloned repository cache; reconstruct from tracked snapshot mappings."
"cache/phase10a3_repositories/FMOD0055__cobblemon_smartphone_main/description","EXCLUDE_CACHE","Downloaded/cloned repository cache; reconstruct from tracked snapshot mappings."
"cache/phase10a3_repositories/FMOD0055__cobblemon_smartphone_main/hooks/applypatch-msg.sample","EXCLUDE_CACHE","Downloaded/cloned repository cache; reconstruct from tracked snapshot mappings."
"cache/phase10a3_repositories/FMOD0055__cobblemon_smartphone_main/hooks/commit-msg.sample","EXCLUDE_CACHE","Downloaded/cloned repository cache; reconstruct from tracked snapshot mappings."
"cache/phase10a3_repositories/FMOD0055__cobblemon_smartphone_main/hooks/fsmonitor-watchman.sample","EXCLUDE_CACHE","Downloaded/cloned repository cache; reconstruct from tracked snapshot mappings."
"cache/phase10a3_repositories/FMOD0055__cobblemon_smartphone_main/hooks/post-update.sample","EXCLUDE_CACHE","Downloaded/cloned repository cache; reconstruct from tracked snapshot mappings."
"cache/phase10a3_repositories/FMOD0055__cobblemon_smartphone_main/hooks/pre-applypatch.sample","EXCLUDE_CACHE","Downloaded/cloned repository cache; reconstruct from tracked snapshot mappings."
"cache/phase10a3_repositories/FMOD0055__cobblemon_smartphone_main/hooks/pre-commit.sample","EXCLUDE_CACHE","Downloaded/cloned repository cache; reconstruct from tracked snapshot mappings."
"cache/phase10a3_repositories/FMOD0055__cobblemon_smartphone_main/hooks/pre-merge-commit.sample","EXCLUDE_CACHE","Downloaded/cloned repository cache; reconstruct from tracked snapshot mappings."
"cache/phase10a3_repositories/FMOD0055__cobblemon_smartphone_main/hooks/pre-push.sample","EXCLUDE_CACHE","Downloaded/cloned repository cache; reconstruct from tracked snapshot mappings."
"cache/phase10a3_repositories/FMOD0055__cobblemon_smartphone_main/hooks/pre-rebase.sample","EXCLUDE_CACHE","Downloaded/cloned repository cache; reconstruct from tracked snapshot mappings."
"cache/phase10a3_repositories/FMOD0055__cobblemon_smartphone_main/hooks/pre-receive.sample","EXCLUDE_CACHE","Downloaded/cloned repository cache; reconstruct from tracked snapshot mappings."
"cache/phase10a3_repositories/FMOD0055__cobblemon_smartphone_main/hooks/prepare-commit-msg.sample","EXCLUDE_CACHE","Downloaded/cloned repository cache; reconstruct from tracked snapshot mappings."
"cache/phase10a3_repositories/FMOD0055__cobblemon_smartphone_main/hooks/push-to-checkout.sample","EXCLUDE_CACHE","Downloaded/cloned repository cache; reconstruct from tracked snapshot mappings."
"cache/phase10a3_repositories/FMOD0055__cobblemon_smartphone_main/hooks/sendemail-validate.sample","EXCLUDE_CACHE","Downloaded/cloned repository cache; reconstruct from tracked snapshot mappings."
"cache/phase10a3_repositories/FMOD0055__cobblemon_smartphone_main/hooks/update.sample","EXCLUDE_CACHE","Downloaded/cloned repository cache; reconstruct from tracked snapshot mappings."
"cache/phase10a3_repositories/FMOD0055__cobblemon_smartphone_main/info/exclude","EXCLUDE_CACHE","Downloaded/cloned repository cache; reconstruct from tracked snapshot mappings."
"cache/phase10a3_repositories/FMOD0055__cobblemon_smartphone_main/objects/pack/pack-c0c39c2e5ee675f41cc1ee7cf21088304068063a.idx","EXCLUDE_CACHE","Downloaded/cloned repository cache; reconstruct from tracked snapshot mappings."
"cache/phase10a3_repositories/FMOD0055__cobblemon_smartphone_main/objects/pack/pack-c0c39c2e5ee675f41cc1ee7cf21088304068063a.pack","EXCLUDE_CACHE","Downloaded/cloned repository cache; reconstruct from tracked snapshot mappings."
"cache/phase10a3_repositories/FMOD0055__cobblemon_smartphone_main/objects/pack/pack-c0c39c2e5ee675f41cc1ee7cf21088304068063a.rev","EXCLUDE_CACHE","Downloaded/cloned repository cache; reconstruct from tracked snapshot mappings."
"cache/phase10a3_repositories/FMOD0055__cobblemon_smartphone_main/packed-refs","EXCLUDE_CACHE","Downloaded/cloned repository cache; reconstruct from tracked snapshot mappings."
"cache/phase10a3_repositories/FMOD0060__TechReborn-New-Upgrades/FETCH_HEAD","EXCLUDE_CACHE","Downloaded/cloned repository cache; reconstruct from tracked snapshot mappings."
"cache/phase10a3_repositories/FMOD0060__TechReborn-New-Upgrades/HEAD","EXCLUDE_CACHE","Downloaded/cloned repository cache; reconstruct from tracked snapshot mappings."
"cache/phase10a3_repositories/FMOD0060__TechReborn-New-Upgrades/config","EXCLUDE_CACHE","Downloaded/cloned repository cache; reconstruct from tracked snapshot mappings."
"cache/phase10a3_repositories/FMOD0060__TechReborn-New-Upgrades/description","EXCLUDE_CACHE","Downloaded/cloned repository cache; reconstruct from tracked snapshot mappings."
"cache/phase10a3_repositories/FMOD0060__TechReborn-New-Upgrades/hooks/applypatch-msg.sample","EXCLUDE_CACHE","Downloaded/cloned repository cache; reconstruct from tracked snapshot mappings."
"cache/phase10a3_repositories/FMOD0060__TechReborn-New-Upgrades/hooks/commit-msg.sample","EXCLUDE_CACHE","Downloaded/cloned repository cache; reconstruct from tracked snapshot mappings."
"cache/phase10a3_repositories/FMOD0060__TechReborn-New-Upgrades/hooks/fsmonitor-watchman.sample","EXCLUDE_CACHE","Downloaded/cloned repository cache; reconstruct from tracked snapshot mappings."
"cache/phase10a3_repositories/FMOD0060__TechReborn-New-Upgrades/hooks/post-update.sample","EXCLUDE_CACHE","Downloaded/cloned repository cache; reconstruct from tracked snapshot mappings."
"cache/phase10a3_repositories/FMOD0060__TechReborn-New-Upgrades/hooks/pre-applypatch.sample","EXCLUDE_CACHE","Downloaded/cloned repository cache; reconstruct from tracked snapshot mappings."
"cache/phase10a3_repositories/FMOD0060__TechReborn-New-Upgrades/hooks/pre-commit.sample","EXCLUDE_CACHE","Downloaded/cloned repository cache; reconstruct from tracked snapshot mappings."
"cache/phase10a3_repositories/FMOD0060__TechReborn-New-Upgrades/hooks/pre-merge-commit.sample","EXCLUDE_CACHE","Downloaded/cloned repository cache; reconstruct from tracked snapshot mappings."
"cache/phase10a3_repositories/FMOD0060__TechReborn-New-Upgrades/hooks/pre-push.sample","EXCLUDE_CACHE","Downloaded/cloned repository cache; reconstruct from tracked snapshot mappings."
"cache/phase10a3_repositories/FMOD0060__TechReborn-New-Upgrades/hooks/pre-rebase.sample","EXCLUDE_CACHE","Downloaded/cloned repository cache; reconstruct from tracked snapshot mappings."
"cache/phase10a3_repositories/FMOD0060__TechReborn-New-Upgrades/hooks/pre-receive.sample","EXCLUDE_CACHE","Downloaded/cloned repository cache; reconstruct from tracked snapshot mappings."
"cache/phase10a3_repositories/FMOD0060__TechReborn-New-Upgrades/hooks/prepare-commit-msg.sample","EXCLUDE_CACHE","Downloaded/cloned repository cache; reconstruct from tracked snapshot mappings."
"cache/phase10a3_repositories/FMOD0060__TechReborn-New-Upgrades/hooks/push-to-checkout.sample","EXCLUDE_CACHE","Downloaded/cloned repository cache; reconstruct from tracked snapshot mappings."
"cache/phase10a3_repositories/FMOD0060__TechReborn-New-Upgrades/hooks/sendemail-validate.sample","EXCLUDE_CACHE","Downloaded/cloned repository cache; reconstruct from tracked snapshot mappings."
"cache/phase10a3_repositories/FMOD0060__TechReborn-New-Upgrades/hooks/update.sample","EXCLUDE_CACHE","Downloaded/cloned repository cache; reconstruct from tracked snapshot mappings."
"cache/phase10a3_repositories/FMOD0060__TechReborn-New-Upgrades/info/exclude","EXCLUDE_CACHE","Downloaded/cloned repository cache; reconstruct from tracked snapshot mappings."
"cache/phase10a3_repositories/FMOD0060__TechReborn-New-Upgrades/objects/pack/pack-c1cd3f6defc7ae31ef7f8e09ec8a519edbcd845d.idx","EXCLUDE_CACHE","Downloaded/cloned repository cache; reconstruct from tracked snapshot mappings."
"cache/phase10a3_repositories/FMOD0060__TechReborn-New-Upgrades/objects/pack/pack-c1cd3f6defc7ae31ef7f8e09ec8a519edbcd845d.pack","EXCLUDE_CACHE","Downloaded/cloned repository cache; reconstruct from tracked snapshot mappings."
"cache/phase10a3_repositories/FMOD0060__TechReborn-New-Upgrades/objects/pack/pack-c1cd3f6defc7ae31ef7f8e09ec8a519edbcd845d.rev","EXCLUDE_CACHE","Downloaded/cloned repository cache; reconstruct from tracked snapshot mappings."
"cache/phase10a3_repositories/FMOD0060__TechReborn-New-Upgrades/packed-refs","EXCLUDE_CACHE","Downloaded/cloned repository cache; reconstruct from tracked snapshot mappings."
"cache/phase10a3_repositories/FMOD0061__Narratless/FETCH_HEAD","EXCLUDE_CACHE","Downloaded/cloned repository cache; reconstruct from tracked snapshot mappings."
"cache/phase10a3_repositories/FMOD0061__Narratless/HEAD","EXCLUDE_CACHE","Downloaded/cloned repository cache; reconstruct from tracked snapshot mappings."
"cache/phase10a3_repositories/FMOD0061__Narratless/config","EXCLUDE_CACHE","Downloaded/cloned repository cache; reconstruct from tracked snapshot mappings."
"cache/phase10a3_repositories/FMOD0061__Narratless/description","EXCLUDE_CACHE","Downloaded/cloned repository cache; reconstruct from tracked snapshot mappings."
"cache/phase10a3_repositories/FMOD0061__Narratless/hooks/applypatch-msg.sample","EXCLUDE_CACHE","Downloaded/cloned repository cache; reconstruct from tracked snapshot mappings."
"cache/phase10a3_repositories/FMOD0061__Narratless/hooks/commit-msg.sample","EXCLUDE_CACHE","Downloaded/cloned repository cache; reconstruct from tracked snapshot mappings."
"cache/phase10a3_repositories/FMOD0061__Narratless/hooks/fsmonitor-watchman.sample","EXCLUDE_CACHE","Downloaded/cloned repository cache; reconstruct from tracked snapshot mappings."
"cache/phase10a3_repositories/FMOD0061__Narratless/hooks/post-update.sample","EXCLUDE_CACHE","Downloaded/cloned repository cache; reconstruct from tracked snapshot mappings."
"cache/phase10a3_repositories/FMOD0061__Narratless/hooks/pre-applypatch.sample","EXCLUDE_CACHE","Downloaded/cloned repository cache; reconstruct from tracked snapshot mappings."
"cache/phase10a3_repositories/FMOD0061__Narratless/hooks/pre-commit.sample","EXCLUDE_CACHE","Downloaded/cloned repository cache; reconstruct from tracked snapshot mappings."
"cache/phase10a3_repositories/FMOD0061__Narratless/hooks/pre-merge-commit.sample","EXCLUDE_CACHE","Downloaded/cloned repository cache; reconstruct from tracked snapshot mappings."
"cache/phase10a3_repositories/FMOD0061__Narratless/hooks/pre-push.sample","EXCLUDE_CACHE","Downloaded/cloned repository cache; reconstruct from tracked snapshot mappings."
"cache/phase10a3_repositories/FMOD0061__Narratless/hooks/pre-rebase.sample","EXCLUDE_CACHE","Downloaded/cloned repository cache; reconstruct from tracked snapshot mappings."
"cache/phase10a3_repositories/FMOD0061__Narratless/hooks/pre-receive.sample","EXCLUDE_CACHE","Downloaded/cloned repository cache; reconstruct from tracked snapshot mappings."
"cache/phase10a3_repositories/FMOD0061__Narratless/hooks/prepare-commit-msg.sample","EXCLUDE_CACHE","Downloaded/cloned repository cache; reconstruct from tracked snapshot mappings."
"cache/phase10a3_repositories/FMOD0061__Narratless/hooks/push-to-checkout.sample","EXCLUDE_CACHE","Downloaded/cloned repository cache; reconstruct from tracked snapshot mappings."
"cache/phase10a3_repositories/FMOD0061__Narratless/hooks/sendemail-validate.sample","EXCLUDE_CACHE","Downloaded/cloned repository cache; reconstruct from tracked snapshot mappings."
"cache/phase10a3_repositories/FMOD0061__Narratless/hooks/update.sample","EXCLUDE_CACHE","Downloaded/cloned repository cache; reconstruct from tracked snapshot mappings."
"cache/phase10a3_repositories/FMOD0061__Narratless/info/exclude","EXCLUDE_CACHE","Downloaded/cloned repository cache; reconstruct from tracked snapshot mappings."
"cache/phase10a3_repositories/FMOD0061__Narratless/objects/pack/pack-c93620fbff314e73ced3d255a776cd3777184404.idx","EXCLUDE_CACHE","Downloaded/cloned repository cache; reconstruct from tracked snapshot mappings."
"cache/phase10a3_repositories/FMOD0061__Narratless/objects/pack/pack-c93620fbff314e73ced3d255a776cd3777184404.pack","EXCLUDE_CACHE","Downloaded/cloned repository cache; reconstruct from tracked snapshot mappings."
"cache/phase10a3_repositories/FMOD0061__Narratless/objects/pack/pack-c93620fbff314e73ced3d255a776cd3777184404.rev","EXCLUDE_CACHE","Downloaded/cloned repository cache; reconstruct from tracked snapshot mappings."
"cache/phase10a3_repositories/FMOD0061__Narratless/packed-refs","EXCLUDE_CACHE","Downloaded/cloned repository cache; reconstruct from tracked snapshot mappings."
"cache/phase10a3_repositories/FMOD0066__Simple-Frames/FETCH_HEAD","EXCLUDE_CACHE","Downloaded/cloned repository cache; reconstruct from tracked snapshot mappings."
"cache/phase10a3_repositories/FMOD0066__Simple-Frames/HEAD","EXCLUDE_CACHE","Downloaded/cloned repository cache; reconstruct from tracked snapshot mappings."
"cache/phase10a3_repositories/FMOD0066__Simple-Frames/config","EXCLUDE_CACHE","Downloaded/cloned repository cache; reconstruct from tracked snapshot mappings."
"cache/phase10a3_repositories/FMOD0066__Simple-Frames/description","EXCLUDE_CACHE","Downloaded/cloned repository cache; reconstruct from tracked snapshot mappings."
"cache/phase10a3_repositories/FMOD0066__Simple-Frames/hooks/applypatch-msg.sample","EXCLUDE_CACHE","Downloaded/cloned repository cache; reconstruct from tracked snapshot mappings."
"cache/phase10a3_repositories/FMOD0066__Simple-Frames/hooks/commit-msg.sample","EXCLUDE_CACHE","Downloaded/cloned repository cache; reconstruct from tracked snapshot mappings."
"cache/phase10a3_repositories/FMOD0066__Simple-Frames/hooks/fsmonitor-watchman.sample","EXCLUDE_CACHE","Downloaded/cloned repository cache; reconstruct from tracked snapshot mappings."
"cache/phase10a3_repositories/FMOD0066__Simple-Frames/hooks/post-update.sample","EXCLUDE_CACHE","Downloaded/cloned repository cache; reconstruct from tracked snapshot mappings."
"cache/phase10a3_repositories/FMOD0066__Simple-Frames/hooks/pre-applypatch.sample","EXCLUDE_CACHE","Downloaded/cloned repository cache; reconstruct from tracked snapshot mappings."
"cache/phase10a3_repositories/FMOD0066__Simple-Frames/hooks/pre-commit.sample","EXCLUDE_CACHE","Downloaded/cloned repository cache; reconstruct from tracked snapshot mappings."
"cache/phase10a3_repositories/FMOD0066__Simple-Frames/hooks/pre-merge-commit.sample","EXCLUDE_CACHE","Downloaded/cloned repository cache; reconstruct from tracked snapshot mappings."
"cache/phase10a3_repositories/FMOD0066__Simple-Frames/hooks/pre-push.sample","EXCLUDE_CACHE","Downloaded/cloned repository cache; reconstruct from tracked snapshot mappings."
"cache/phase10a3_repositories/FMOD0066__Simple-Frames/hooks/pre-rebase.sample","EXCLUDE_CACHE","Downloaded/cloned repository cache; reconstruct from tracked snapshot mappings."
"cache/phase10a3_repositories/FMOD0066__Simple-Frames/hooks/pre-receive.sample","EXCLUDE_CACHE","Downloaded/cloned repository cache; reconstruct from tracked snapshot mappings."
"cache/phase10a3_repositories/FMOD0066__Simple-Frames/hooks/prepare-commit-msg.sample","EXCLUDE_CACHE","Downloaded/cloned repository cache; reconstruct from tracked snapshot mappings."
"cache/phase10a3_repositories/FMOD0066__Simple-Frames/hooks/push-to-checkout.sample","EXCLUDE_CACHE","Downloaded/cloned repository cache; reconstruct from tracked snapshot mappings."
"cache/phase10a3_repositories/FMOD0066__Simple-Frames/hooks/sendemail-validate.sample","EXCLUDE_CACHE","Downloaded/cloned repository cache; reconstruct from tracked snapshot mappings."
"cache/phase10a3_repositories/FMOD0066__Simple-Frames/hooks/update.sample","EXCLUDE_CACHE","Downloaded/cloned repository cache; reconstruct from tracked snapshot mappings."
"cache/phase10a3_repositories/FMOD0066__Simple-Frames/info/exclude","EXCLUDE_CACHE","Downloaded/cloned repository cache; reconstruct from tracked snapshot mappings."
"cache/phase10a3_repositories/FMOD0066__Simple-Frames/objects/pack/pack-9aff844d0f66160f65c818441d774ba0956dd32c.idx","EXCLUDE_CACHE","Downloaded/cloned repository cache; reconstruct from tracked snapshot mappings."
"cache/phase10a3_repositories/FMOD0066__Simple-Frames/objects/pack/pack-9aff844d0f66160f65c818441d774ba0956dd32c.pack","EXCLUDE_CACHE","Downloaded/cloned repository cache; reconstruct from tracked snapshot mappings."
"cache/phase10a3_repositories/FMOD0066__Simple-Frames/objects/pack/pack-9aff844d0f66160f65c818441d774ba0956dd32c.rev","EXCLUDE_CACHE","Downloaded/cloned repository cache; reconstruct from tracked snapshot mappings."
"cache/phase10a3_repositories/FMOD0066__Simple-Frames/packed-refs","EXCLUDE_CACHE","Downloaded/cloned repository cache; reconstruct from tracked snapshot mappings."
"cache/phase10a3_repositories/FMOD0067__Better-Shulker-Boxes/FETCH_HEAD","EXCLUDE_CACHE","Downloaded/cloned repository cache; reconstruct from tracked snapshot mappings."
"cache/phase10a3_repositories/FMOD0067__Better-Shulker-Boxes/HEAD","EXCLUDE_CACHE","Downloaded/cloned repository cache; reconstruct from tracked snapshot mappings."
"cache/phase10a3_repositories/FMOD0067__Better-Shulker-Boxes/config","EXCLUDE_CACHE","Downloaded/cloned repository cache; reconstruct from tracked snapshot mappings."
"cache/phase10a3_repositories/FMOD0067__Better-Shulker-Boxes/description","EXCLUDE_CACHE","Downloaded/cloned repository cache; reconstruct from tracked snapshot mappings."
"cache/phase10a3_repositories/FMOD0067__Better-Shulker-Boxes/hooks/applypatch-msg.sample","EXCLUDE_CACHE","Downloaded/cloned repository cache; reconstruct from tracked snapshot mappings."
"cache/phase10a3_repositories/FMOD0067__Better-Shulker-Boxes/hooks/commit-msg.sample","EXCLUDE_CACHE","Downloaded/cloned repository cache; reconstruct from tracked snapshot mappings."
"cache/phase10a3_repositories/FMOD0067__Better-Shulker-Boxes/hooks/fsmonitor-watchman.sample","EXCLUDE_CACHE","Downloaded/cloned repository cache; reconstruct from tracked snapshot mappings."
"cache/phase10a3_repositories/FMOD0067__Better-Shulker-Boxes/hooks/post-update.sample","EXCLUDE_CACHE","Downloaded/cloned repository cache; reconstruct from tracked snapshot mappings."
"cache/phase10a3_repositories/FMOD0067__Better-Shulker-Boxes/hooks/pre-applypatch.sample","EXCLUDE_CACHE","Downloaded/cloned repository cache; reconstruct from tracked snapshot mappings."
"cache/phase10a3_repositories/FMOD0067__Better-Shulker-Boxes/hooks/pre-commit.sample","EXCLUDE_CACHE","Downloaded/cloned repository cache; reconstruct from tracked snapshot mappings."
"cache/phase10a3_repositories/FMOD0067__Better-Shulker-Boxes/hooks/pre-merge-commit.sample","EXCLUDE_CACHE","Downloaded/cloned repository cache; reconstruct from tracked snapshot mappings."
"cache/phase10a3_repositories/FMOD0067__Better-Shulker-Boxes/hooks/pre-push.sample","EXCLUDE_CACHE","Downloaded/cloned repository cache; reconstruct from tracked snapshot mappings."
"cache/phase10a3_repositories/FMOD0067__Better-Shulker-Boxes/hooks/pre-rebase.sample","EXCLUDE_CACHE","Downloaded/cloned repository cache; reconstruct from tracked snapshot mappings."
"cache/phase10a3_repositories/FMOD0067__Better-Shulker-Boxes/hooks/pre-receive.sample","EXCLUDE_CACHE","Downloaded/cloned repository cache; reconstruct from tracked snapshot mappings."
"cache/phase10a3_repositories/FMOD0067__Better-Shulker-Boxes/hooks/prepare-commit-msg.sample","EXCLUDE_CACHE","Downloaded/cloned repository cache; reconstruct from tracked snapshot mappings."
"cache/phase10a3_repositories/FMOD0067__Better-Shulker-Boxes/hooks/push-to-checkout.sample","EXCLUDE_CACHE","Downloaded/cloned repository cache; reconstruct from tracked snapshot mappings."
"cache/phase10a3_repositories/FMOD0067__Better-Shulker-Boxes/hooks/sendemail-validate.sample","EXCLUDE_CACHE","Downloaded/cloned repository cache; reconstruct from tracked snapshot mappings."
"cache/phase10a3_repositories/FMOD0067__Better-Shulker-Boxes/hooks/update.sample","EXCLUDE_CACHE","Downloaded/cloned repository cache; reconstruct from tracked snapshot mappings."
"cache/phase10a3_repositories/FMOD0067__Better-Shulker-Boxes/info/exclude","EXCLUDE_CACHE","Downloaded/cloned repository cache; reconstruct from tracked snapshot mappings."
"cache/phase10a3_repositories/FMOD0067__Better-Shulker-Boxes/objects/pack/pack-1221811b2f44bd5181e6b8ac8ed38a8e9e79d4e6.idx","EXCLUDE_CACHE","Downloaded/cloned repository cache; reconstruct from tracked snapshot mappings."
"cache/phase10a3_repositories/FMOD0067__Better-Shulker-Boxes/objects/pack/pack-1221811b2f44bd5181e6b8ac8ed38a8e9e79d4e6.pack","EXCLUDE_CACHE","Downloaded/cloned repository cache; reconstruct from tracked snapshot mappings."
"cache/phase10a3_repositories/FMOD0067__Better-Shulker-Boxes/objects/pack/pack-1221811b2f44bd5181e6b8ac8ed38a8e9e79d4e6.rev","EXCLUDE_CACHE","Downloaded/cloned repository cache; reconstruct from tracked snapshot mappings."
"cache/phase10a3_repositories/FMOD0067__Better-Shulker-Boxes/packed-refs","EXCLUDE_CACHE","Downloaded/cloned repository cache; reconstruct from tracked snapshot mappings."
"cache/phase10a3_repositories/FMOD0068__CloudSettings-Mod/FETCH_HEAD","EXCLUDE_CACHE","Downloaded/cloned repository cache; reconstruct from tracked snapshot mappings."
"cache/phase10a3_repositories/FMOD0068__CloudSettings-Mod/HEAD","EXCLUDE_CACHE","Downloaded/cloned repository cache; reconstruct from tracked snapshot mappings."
"cache/phase10a3_repositories/FMOD0068__CloudSettings-Mod/config","EXCLUDE_CACHE","Downloaded/cloned repository cache; reconstruct from tracked snapshot mappings."
"cache/phase10a3_repositories/FMOD0068__CloudSettings-Mod/description","EXCLUDE_CACHE","Downloaded/cloned repository cache; reconstruct from tracked snapshot mappings."
"cache/phase10a3_repositories/FMOD0068__CloudSettings-Mod/hooks/applypatch-msg.sample","EXCLUDE_CACHE","Downloaded/cloned repository cache; reconstruct from tracked snapshot mappings."
"cache/phase10a3_repositories/FMOD0068__CloudSettings-Mod/hooks/commit-msg.sample","EXCLUDE_CACHE","Downloaded/cloned repository cache; reconstruct from tracked snapshot mappings."
"cache/phase10a3_repositories/FMOD0068__CloudSettings-Mod/hooks/fsmonitor-watchman.sample","EXCLUDE_CACHE","Downloaded/cloned repository cache; reconstruct from tracked snapshot mappings."
"cache/phase10a3_repositories/FMOD0068__CloudSettings-Mod/hooks/post-update.sample","EXCLUDE_CACHE","Downloaded/cloned repository cache; reconstruct from tracked snapshot mappings."
"cache/phase10a3_repositories/FMOD0068__CloudSettings-Mod/hooks/pre-applypatch.sample","EXCLUDE_CACHE","Downloaded/cloned repository cache; reconstruct from tracked snapshot mappings."
"cache/phase10a3_repositories/FMOD0068__CloudSettings-Mod/hooks/pre-commit.sample","EXCLUDE_CACHE","Downloaded/cloned repository cache; reconstruct from tracked snapshot mappings."
"cache/phase10a3_repositories/FMOD0068__CloudSettings-Mod/hooks/pre-merge-commit.sample","EXCLUDE_CACHE","Downloaded/cloned repository cache; reconstruct from tracked snapshot mappings."
"cache/phase10a3_repositories/FMOD0068__CloudSettings-Mod/hooks/pre-push.sample","EXCLUDE_CACHE","Downloaded/cloned repository cache; reconstruct from tracked snapshot mappings."
"cache/phase10a3_repositories/FMOD0068__CloudSettings-Mod/hooks/pre-rebase.sample","EXCLUDE_CACHE","Downloaded/cloned repository cache; reconstruct from tracked snapshot mappings."
"cache/phase10a3_repositories/FMOD0068__CloudSettings-Mod/hooks/pre-receive.sample","EXCLUDE_CACHE","Downloaded/cloned repository cache; reconstruct from tracked snapshot mappings."
"cache/phase10a3_repositories/FMOD0068__CloudSettings-Mod/hooks/prepare-commit-msg.sample","EXCLUDE_CACHE","Downloaded/cloned repository cache; reconstruct from tracked snapshot mappings."
"cache/phase10a3_repositories/FMOD0068__CloudSettings-Mod/hooks/push-to-checkout.sample","EXCLUDE_CACHE","Downloaded/cloned repository cache; reconstruct from tracked snapshot mappings."
"cache/phase10a3_repositories/FMOD0068__CloudSettings-Mod/hooks/sendemail-validate.sample","EXCLUDE_CACHE","Downloaded/cloned repository cache; reconstruct from tracked snapshot mappings."
"cache/phase10a3_repositories/FMOD0068__CloudSettings-Mod/hooks/update.sample","EXCLUDE_CACHE","Downloaded/cloned repository cache; reconstruct from tracked snapshot mappings."
"cache/phase10a3_repositories/FMOD0068__CloudSettings-Mod/info/exclude","EXCLUDE_CACHE","Downloaded/cloned repository cache; reconstruct from tracked snapshot mappings."
"cache/phase10a3_repositories/FMOD0068__CloudSettings-Mod/objects/pack/pack-14c69631bce3e20d62004b58b8109403e316d5d7.idx","EXCLUDE_CACHE","Downloaded/cloned repository cache; reconstruct from tracked snapshot mappings."
"cache/phase10a3_repositories/FMOD0068__CloudSettings-Mod/objects/pack/pack-14c69631bce3e20d62004b58b8109403e316d5d7.pack","EXCLUDE_CACHE","Downloaded/cloned repository cache; reconstruct from tracked snapshot mappings."
"cache/phase10a3_repositories/FMOD0068__CloudSettings-Mod/objects/pack/pack-14c69631bce3e20d62004b58b8109403e316d5d7.rev","EXCLUDE_CACHE","Downloaded/cloned repository cache; reconstruct from tracked snapshot mappings."
"cache/phase10a3_repositories/FMOD0068__CloudSettings-Mod/packed-refs","EXCLUDE_CACHE","Downloaded/cloned repository cache; reconstruct from tracked snapshot mappings."
"cache/phase10a3_repositories/FMOD0069__Mcedia/FETCH_HEAD","EXCLUDE_CACHE","Downloaded/cloned repository cache; reconstruct from tracked snapshot mappings."
"cache/phase10a3_repositories/FMOD0069__Mcedia/HEAD","EXCLUDE_CACHE","Downloaded/cloned repository cache; reconstruct from tracked snapshot mappings."
"cache/phase10a3_repositories/FMOD0069__Mcedia/config","EXCLUDE_CACHE","Downloaded/cloned repository cache; reconstruct from tracked snapshot mappings."
"cache/phase10a3_repositories/FMOD0069__Mcedia/description","EXCLUDE_CACHE","Downloaded/cloned repository cache; reconstruct from tracked snapshot mappings."
"cache/phase10a3_repositories/FMOD0069__Mcedia/hooks/applypatch-msg.sample","EXCLUDE_CACHE","Downloaded/cloned repository cache; reconstruct from tracked snapshot mappings."
"cache/phase10a3_repositories/FMOD0069__Mcedia/hooks/commit-msg.sample","EXCLUDE_CACHE","Downloaded/cloned repository cache; reconstruct from tracked snapshot mappings."
"cache/phase10a3_repositories/FMOD0069__Mcedia/hooks/fsmonitor-watchman.sample","EXCLUDE_CACHE","Downloaded/cloned repository cache; reconstruct from tracked snapshot mappings."
"cache/phase10a3_repositories/FMOD0069__Mcedia/hooks/post-update.sample","EXCLUDE_CACHE","Downloaded/cloned repository cache; reconstruct from tracked snapshot mappings."
"cache/phase10a3_repositories/FMOD0069__Mcedia/hooks/pre-applypatch.sample","EXCLUDE_CACHE","Downloaded/cloned repository cache; reconstruct from tracked snapshot mappings."
"cache/phase10a3_repositories/FMOD0069__Mcedia/hooks/pre-commit.sample","EXCLUDE_CACHE","Downloaded/cloned repository cache; reconstruct from tracked snapshot mappings."
"cache/phase10a3_repositories/FMOD0069__Mcedia/hooks/pre-merge-commit.sample","EXCLUDE_CACHE","Downloaded/cloned repository cache; reconstruct from tracked snapshot mappings."
"cache/phase10a3_repositories/FMOD0069__Mcedia/hooks/pre-push.sample","EXCLUDE_CACHE","Downloaded/cloned repository cache; reconstruct from tracked snapshot mappings."
"cache/phase10a3_repositories/FMOD0069__Mcedia/hooks/pre-rebase.sample","EXCLUDE_CACHE","Downloaded/cloned repository cache; reconstruct from tracked snapshot mappings."
"cache/phase10a3_repositories/FMOD0069__Mcedia/hooks/pre-receive.sample","EXCLUDE_CACHE","Downloaded/cloned repository cache; reconstruct from tracked snapshot mappings."
"cache/phase10a3_repositories/FMOD0069__Mcedia/hooks/prepare-commit-msg.sample","EXCLUDE_CACHE","Downloaded/cloned repository cache; reconstruct from tracked snapshot mappings."
"cache/phase10a3_repositories/FMOD0069__Mcedia/hooks/push-to-checkout.sample","EXCLUDE_CACHE","Downloaded/cloned repository cache; reconstruct from tracked snapshot mappings."
"cache/phase10a3_repositories/FMOD0069__Mcedia/hooks/sendemail-validate.sample","EXCLUDE_CACHE","Downloaded/cloned repository cache; reconstruct from tracked snapshot mappings."
"cache/phase10a3_repositories/FMOD0069__Mcedia/hooks/update.sample","EXCLUDE_CACHE","Downloaded/cloned repository cache; reconstruct from tracked snapshot mappings."
"cache/phase10a3_repositories/FMOD0069__Mcedia/info/exclude","EXCLUDE_CACHE","Downloaded/cloned repository cache; reconstruct from tracked snapshot mappings."
"cache/phase10a3_repositories/FMOD0069__Mcedia/objects/pack/pack-ea0fe05ab15a14153ed074b64e7616c56b6c81ae.idx","EXCLUDE_CACHE","Downloaded/cloned repository cache; reconstruct from tracked snapshot mappings."
"cache/phase10a3_repositories/FMOD0069__Mcedia/objects/pack/pack-ea0fe05ab15a14153ed074b64e7616c56b6c81ae.pack","EXCLUDE_CACHE","Downloaded/cloned repository cache; reconstruct from tracked snapshot mappings."
"cache/phase10a3_repositories/FMOD0069__Mcedia/objects/pack/pack-ea0fe05ab15a14153ed074b64e7616c56b6c81ae.rev","EXCLUDE_CACHE","Downloaded/cloned repository cache; reconstruct from tracked snapshot mappings."
"cache/phase10a3_repositories/FMOD0069__Mcedia/packed-refs","EXCLUDE_CACHE","Downloaded/cloned repository cache; reconstruct from tracked snapshot mappings."
"cache/phase10a3_repositories/FMOD0070__CreateGoggles/FETCH_HEAD","EXCLUDE_CACHE","Downloaded/cloned repository cache; reconstruct from tracked snapshot mappings."
"cache/phase10a3_repositories/FMOD0070__CreateGoggles/HEAD","EXCLUDE_CACHE","Downloaded/cloned repository cache; reconstruct from tracked snapshot mappings."
"cache/phase10a3_repositories/FMOD0070__CreateGoggles/config","EXCLUDE_CACHE","Downloaded/cloned repository cache; reconstruct from tracked snapshot mappings."
"cache/phase10a3_repositories/FMOD0070__CreateGoggles/description","EXCLUDE_CACHE","Downloaded/cloned repository cache; reconstruct from tracked snapshot mappings."
"cache/phase10a3_repositories/FMOD0070__CreateGoggles/hooks/applypatch-msg.sample","EXCLUDE_CACHE","Downloaded/cloned repository cache; reconstruct from tracked snapshot mappings."
"cache/phase10a3_repositories/FMOD0070__CreateGoggles/hooks/commit-msg.sample","EXCLUDE_CACHE","Downloaded/cloned repository cache; reconstruct from tracked snapshot mappings."
"cache/phase10a3_repositories/FMOD0070__CreateGoggles/hooks/fsmonitor-watchman.sample","EXCLUDE_CACHE","Downloaded/cloned repository cache; reconstruct from tracked snapshot mappings."
"cache/phase10a3_repositories/FMOD0070__CreateGoggles/hooks/post-update.sample","EXCLUDE_CACHE","Downloaded/cloned repository cache; reconstruct from tracked snapshot mappings."
"cache/phase10a3_repositories/FMOD0070__CreateGoggles/hooks/pre-applypatch.sample","EXCLUDE_CACHE","Downloaded/cloned repository cache; reconstruct from tracked snapshot mappings."
"cache/phase10a3_repositories/FMOD0070__CreateGoggles/hooks/pre-commit.sample","EXCLUDE_CACHE","Downloaded/cloned repository cache; reconstruct from tracked snapshot mappings."
"cache/phase10a3_repositories/FMOD0070__CreateGoggles/hooks/pre-merge-commit.sample","EXCLUDE_CACHE","Downloaded/cloned repository cache; reconstruct from tracked snapshot mappings."
"cache/phase10a3_repositories/FMOD0070__CreateGoggles/hooks/pre-push.sample","EXCLUDE_CACHE","Downloaded/cloned repository cache; reconstruct from tracked snapshot mappings."
"cache/phase10a3_repositories/FMOD0070__CreateGoggles/hooks/pre-rebase.sample","EXCLUDE_CACHE","Downloaded/cloned repository cache; reconstruct from tracked snapshot mappings."
"cache/phase10a3_repositories/FMOD0070__CreateGoggles/hooks/pre-receive.sample","EXCLUDE_CACHE","Downloaded/cloned repository cache; reconstruct from tracked snapshot mappings."
"cache/phase10a3_repositories/FMOD0070__CreateGoggles/hooks/prepare-commit-msg.sample","EXCLUDE_CACHE","Downloaded/cloned repository cache; reconstruct from tracked snapshot mappings."
"cache/phase10a3_repositories/FMOD0070__CreateGoggles/hooks/push-to-checkout.sample","EXCLUDE_CACHE","Downloaded/cloned repository cache; reconstruct from tracked snapshot mappings."
"cache/phase10a3_repositories/FMOD0070__CreateGoggles/hooks/sendemail-validate.sample","EXCLUDE_CACHE","Downloaded/cloned repository cache; reconstruct from tracked snapshot mappings."
"cache/phase10a3_repositories/FMOD0070__CreateGoggles/hooks/update.sample","EXCLUDE_CACHE","Downloaded/cloned repository cache; reconstruct from tracked snapshot mappings."
"cache/phase10a3_repositories/FMOD0070__CreateGoggles/info/exclude","EXCLUDE_CACHE","Downloaded/cloned repository cache; reconstruct from tracked snapshot mappings."
"cache/phase10a3_repositories/FMOD0070__CreateGoggles/objects/pack/pack-1a0d69d266ac551c4b5741c155b7eeb32288f4ba.idx","EXCLUDE_CACHE","Downloaded/cloned repository cache; reconstruct from tracked snapshot mappings."
"cache/phase10a3_repositories/FMOD0070__CreateGoggles/objects/pack/pack-1a0d69d266ac551c4b5741c155b7eeb32288f4ba.pack","EXCLUDE_CACHE","Downloaded/cloned repository cache; reconstruct from tracked snapshot mappings."
"cache/phase10a3_repositories/FMOD0070__CreateGoggles/objects/pack/pack-1a0d69d266ac551c4b5741c155b7eeb32288f4ba.rev","EXCLUDE_CACHE","Downloaded/cloned repository cache; reconstruct from tracked snapshot mappings."
"cache/phase10a3_repositories/FMOD0070__CreateGoggles/packed-refs","EXCLUDE_CACHE","Downloaded/cloned repository cache; reconstruct from tracked snapshot mappings."
"cache/phase10a3_repositories/FMOD0074__DurabilityViewer/FETCH_HEAD","EXCLUDE_CACHE","Downloaded/cloned repository cache; reconstruct from tracked snapshot mappings."
"cache/phase10a3_repositories/FMOD0074__DurabilityViewer/HEAD","EXCLUDE_CACHE","Downloaded/cloned repository cache; reconstruct from tracked snapshot mappings."
"cache/phase10a3_repositories/FMOD0074__DurabilityViewer/config","EXCLUDE_CACHE","Downloaded/cloned repository cache; reconstruct from tracked snapshot mappings."
"cache/phase10a3_repositories/FMOD0074__DurabilityViewer/description","EXCLUDE_CACHE","Downloaded/cloned repository cache; reconstruct from tracked snapshot mappings."
"cache/phase10a3_repositories/FMOD0074__DurabilityViewer/hooks/applypatch-msg.sample","EXCLUDE_CACHE","Downloaded/cloned repository cache; reconstruct from tracked snapshot mappings."
"cache/phase10a3_repositories/FMOD0074__DurabilityViewer/hooks/commit-msg.sample","EXCLUDE_CACHE","Downloaded/cloned repository cache; reconstruct from tracked snapshot mappings."
"cache/phase10a3_repositories/FMOD0074__DurabilityViewer/hooks/fsmonitor-watchman.sample","EXCLUDE_CACHE","Downloaded/cloned repository cache; reconstruct from tracked snapshot mappings."
"cache/phase10a3_repositories/FMOD0074__DurabilityViewer/hooks/post-update.sample","EXCLUDE_CACHE","Downloaded/cloned repository cache; reconstruct from tracked snapshot mappings."
"cache/phase10a3_repositories/FMOD0074__DurabilityViewer/hooks/pre-applypatch.sample","EXCLUDE_CACHE","Downloaded/cloned repository cache; reconstruct from tracked snapshot mappings."
"cache/phase10a3_repositories/FMOD0074__DurabilityViewer/hooks/pre-commit.sample","EXCLUDE_CACHE","Downloaded/cloned repository cache; reconstruct from tracked snapshot mappings."
"cache/phase10a3_repositories/FMOD0074__DurabilityViewer/hooks/pre-merge-commit.sample","EXCLUDE_CACHE","Downloaded/cloned repository cache; reconstruct from tracked snapshot mappings."
"cache/phase10a3_repositories/FMOD0074__DurabilityViewer/hooks/pre-push.sample","EXCLUDE_CACHE","Downloaded/cloned repository cache; reconstruct from tracked snapshot mappings."
"cache/phase10a3_repositories/FMOD0074__DurabilityViewer/hooks/pre-rebase.sample","EXCLUDE_CACHE","Downloaded/cloned repository cache; reconstruct from tracked snapshot mappings."
"cache/phase10a3_repositories/FMOD0074__DurabilityViewer/hooks/pre-receive.sample","EXCLUDE_CACHE","Downloaded/cloned repository cache; reconstruct from tracked snapshot mappings."
"cache/phase10a3_repositories/FMOD0074__DurabilityViewer/hooks/prepare-commit-msg.sample","EXCLUDE_CACHE","Downloaded/cloned repository cache; reconstruct from tracked snapshot mappings."
"cache/phase10a3_repositories/FMOD0074__DurabilityViewer/hooks/push-to-checkout.sample","EXCLUDE_CACHE","Downloaded/cloned repository cache; reconstruct from tracked snapshot mappings."
"cache/phase10a3_repositories/FMOD0074__DurabilityViewer/hooks/sendemail-validate.sample","EXCLUDE_CACHE","Downloaded/cloned repository cache; reconstruct from tracked snapshot mappings."
"cache/phase10a3_repositories/FMOD0074__DurabilityViewer/hooks/update.sample","EXCLUDE_CACHE","Downloaded/cloned repository cache; reconstruct from tracked snapshot mappings."
"cache/phase10a3_repositories/FMOD0074__DurabilityViewer/info/exclude","EXCLUDE_CACHE","Downloaded/cloned repository cache; reconstruct from tracked snapshot mappings."
"cache/phase10a3_repositories/FMOD0074__DurabilityViewer/objects/pack/pack-89c6a1b61cd03a878a1fc853eec25b6485cc7a9d.idx","EXCLUDE_CACHE","Downloaded/cloned repository cache; reconstruct from tracked snapshot mappings."
"cache/phase10a3_repositories/FMOD0074__DurabilityViewer/objects/pack/pack-89c6a1b61cd03a878a1fc853eec25b6485cc7a9d.pack","EXCLUDE_CACHE","Downloaded/cloned repository cache; reconstruct from tracked snapshot mappings."
"cache/phase10a3_repositories/FMOD0074__DurabilityViewer/objects/pack/pack-89c6a1b61cd03a878a1fc853eec25b6485cc7a9d.rev","EXCLUDE_CACHE","Downloaded/cloned repository cache; reconstruct from tracked snapshot mappings."
"cache/phase10a3_repositories/FMOD0074__DurabilityViewer/packed-refs","EXCLUDE_CACHE","Downloaded/cloned repository cache; reconstruct from tracked snapshot mappings."
"cache/phase10a3_repositories/FMOD0077__ChatNotify/FETCH_HEAD","EXCLUDE_CACHE","Downloaded/cloned repository cache; reconstruct from tracked snapshot mappings."
"cache/phase10a3_repositories/FMOD0077__ChatNotify/HEAD","EXCLUDE_CACHE","Downloaded/cloned repository cache; reconstruct from tracked snapshot mappings."
"cache/phase10a3_repositories/FMOD0077__ChatNotify/config","EXCLUDE_CACHE","Downloaded/cloned repository cache; reconstruct from tracked snapshot mappings."
"cache/phase10a3_repositories/FMOD0077__ChatNotify/description","EXCLUDE_CACHE","Downloaded/cloned repository cache; reconstruct from tracked snapshot mappings."
"cache/phase10a3_repositories/FMOD0077__ChatNotify/hooks/applypatch-msg.sample","EXCLUDE_CACHE","Downloaded/cloned repository cache; reconstruct from tracked snapshot mappings."
"cache/phase10a3_repositories/FMOD0077__ChatNotify/hooks/commit-msg.sample","EXCLUDE_CACHE","Downloaded/cloned repository cache; reconstruct from tracked snapshot mappings."
"cache/phase10a3_repositories/FMOD0077__ChatNotify/hooks/fsmonitor-watchman.sample","EXCLUDE_CACHE","Downloaded/cloned repository cache; reconstruct from tracked snapshot mappings."
"cache/phase10a3_repositories/FMOD0077__ChatNotify/hooks/post-update.sample","EXCLUDE_CACHE","Downloaded/cloned repository cache; reconstruct from tracked snapshot mappings."
"cache/phase10a3_repositories/FMOD0077__ChatNotify/hooks/pre-applypatch.sample","EXCLUDE_CACHE","Downloaded/cloned repository cache; reconstruct from tracked snapshot mappings."
"cache/phase10a3_repositories/FMOD0077__ChatNotify/hooks/pre-commit.sample","EXCLUDE_CACHE","Downloaded/cloned repository cache; reconstruct from tracked snapshot mappings."
"cache/phase10a3_repositories/FMOD0077__ChatNotify/hooks/pre-merge-commit.sample","EXCLUDE_CACHE","Downloaded/cloned repository cache; reconstruct from tracked snapshot mappings."
"cache/phase10a3_repositories/FMOD0077__ChatNotify/hooks/pre-push.sample","EXCLUDE_CACHE","Downloaded/cloned repository cache; reconstruct from tracked snapshot mappings."
"cache/phase10a3_repositories/FMOD0077__ChatNotify/hooks/pre-rebase.sample","EXCLUDE_CACHE","Downloaded/cloned repository cache; reconstruct from tracked snapshot mappings."
"cache/phase10a3_repositories/FMOD0077__ChatNotify/hooks/pre-receive.sample","EXCLUDE_CACHE","Downloaded/cloned repository cache; reconstruct from tracked snapshot mappings."
"cache/phase10a3_repositories/FMOD0077__ChatNotify/hooks/prepare-commit-msg.sample","EXCLUDE_CACHE","Downloaded/cloned repository cache; reconstruct from tracked snapshot mappings."
"cache/phase10a3_repositories/FMOD0077__ChatNotify/hooks/push-to-checkout.sample","EXCLUDE_CACHE","Downloaded/cloned repository cache; reconstruct from tracked snapshot mappings."
"cache/phase10a3_repositories/FMOD0077__ChatNotify/hooks/sendemail-validate.sample","EXCLUDE_CACHE","Downloaded/cloned repository cache; reconstruct from tracked snapshot mappings."
"cache/phase10a3_repositories/FMOD0077__ChatNotify/hooks/update.sample","EXCLUDE_CACHE","Downloaded/cloned repository cache; reconstruct from tracked snapshot mappings."
"cache/phase10a3_repositories/FMOD0077__ChatNotify/info/exclude","EXCLUDE_CACHE","Downloaded/cloned repository cache; reconstruct from tracked snapshot mappings."
"cache/phase10a3_repositories/FMOD0077__ChatNotify/objects/pack/pack-156344446c3613f68b63ce4dffb6c327d871dbe0.idx","EXCLUDE_CACHE","Downloaded/cloned repository cache; reconstruct from tracked snapshot mappings."
"cache/phase10a3_repositories/FMOD0077__ChatNotify/objects/pack/pack-156344446c3613f68b63ce4dffb6c327d871dbe0.pack","EXCLUDE_CACHE","Downloaded/cloned repository cache; reconstruct from tracked snapshot mappings."
"cache/phase10a3_repositories/FMOD0077__ChatNotify/objects/pack/pack-156344446c3613f68b63ce4dffb6c327d871dbe0.rev","EXCLUDE_CACHE","Downloaded/cloned repository cache; reconstruct from tracked snapshot mappings."
"cache/phase10a3_repositories/FMOD0077__ChatNotify/packed-refs","EXCLUDE_CACHE","Downloaded/cloned repository cache; reconstruct from tracked snapshot mappings."
"cache/phase10a3_repositories/FMOD0079__bodacious_berries/FETCH_HEAD","EXCLUDE_CACHE","Downloaded/cloned repository cache; reconstruct from tracked snapshot mappings."
"cache/phase10a3_repositories/FMOD0079__bodacious_berries/HEAD","EXCLUDE_CACHE","Downloaded/cloned repository cache; reconstruct from tracked snapshot mappings."
"cache/phase10a3_repositories/FMOD0079__bodacious_berries/config","EXCLUDE_CACHE","Downloaded/cloned repository cache; reconstruct from tracked snapshot mappings."
"cache/phase10a3_repositories/FMOD0079__bodacious_berries/description","EXCLUDE_CACHE","Downloaded/cloned repository cache; reconstruct from tracked snapshot mappings."
"cache/phase10a3_repositories/FMOD0079__bodacious_berries/hooks/applypatch-msg.sample","EXCLUDE_CACHE","Downloaded/cloned repository cache; reconstruct from tracked snapshot mappings."
"cache/phase10a3_repositories/FMOD0079__bodacious_berries/hooks/commit-msg.sample","EXCLUDE_CACHE","Downloaded/cloned repository cache; reconstruct from tracked snapshot mappings."
"cache/phase10a3_repositories/FMOD0079__bodacious_berries/hooks/fsmonitor-watchman.sample","EXCLUDE_CACHE","Downloaded/cloned repository cache; reconstruct from tracked snapshot mappings."
"cache/phase10a3_repositories/FMOD0079__bodacious_berries/hooks/post-update.sample","EXCLUDE_CACHE","Downloaded/cloned repository cache; reconstruct from tracked snapshot mappings."
"cache/phase10a3_repositories/FMOD0079__bodacious_berries/hooks/pre-applypatch.sample","EXCLUDE_CACHE","Downloaded/cloned repository cache; reconstruct from tracked snapshot mappings."
"cache/phase10a3_repositories/FMOD0079__bodacious_berries/hooks/pre-commit.sample","EXCLUDE_CACHE","Downloaded/cloned repository cache; reconstruct from tracked snapshot mappings."
"cache/phase10a3_repositories/FMOD0079__bodacious_berries/hooks/pre-merge-commit.sample","EXCLUDE_CACHE","Downloaded/cloned repository cache; reconstruct from tracked snapshot mappings."
"cache/phase10a3_repositories/FMOD0079__bodacious_berries/hooks/pre-push.sample","EXCLUDE_CACHE","Downloaded/cloned repository cache; reconstruct from tracked snapshot mappings."
"cache/phase10a3_repositories/FMOD0079__bodacious_berries/hooks/pre-rebase.sample","EXCLUDE_CACHE","Downloaded/cloned repository cache; reconstruct from tracked snapshot mappings."
"cache/phase10a3_repositories/FMOD0079__bodacious_berries/hooks/pre-receive.sample","EXCLUDE_CACHE","Downloaded/cloned repository cache; reconstruct from tracked snapshot mappings."
"cache/phase10a3_repositories/FMOD0079__bodacious_berries/hooks/prepare-commit-msg.sample","EXCLUDE_CACHE","Downloaded/cloned repository cache; reconstruct from tracked snapshot mappings."
"cache/phase10a3_repositories/FMOD0079__bodacious_berries/hooks/push-to-checkout.sample","EXCLUDE_CACHE","Downloaded/cloned repository cache; reconstruct from tracked snapshot mappings."
"cache/phase10a3_repositories/FMOD0079__bodacious_berries/hooks/sendemail-validate.sample","EXCLUDE_CACHE","Downloaded/cloned repository cache; reconstruct from tracked snapshot mappings."
"cache/phase10a3_repositories/FMOD0079__bodacious_berries/hooks/update.sample","EXCLUDE_CACHE","Downloaded/cloned repository cache; reconstruct from tracked snapshot mappings."
"cache/phase10a3_repositories/FMOD0079__bodacious_berries/info/exclude","EXCLUDE_CACHE","Downloaded/cloned repository cache; reconstruct from tracked snapshot mappings."
"cache/phase10a3_repositories/FMOD0079__bodacious_berries/objects/pack/pack-6fe1433255525aeb43cd346c17406cc8438d40f4.idx","EXCLUDE_CACHE","Downloaded/cloned repository cache; reconstruct from tracked snapshot mappings."
"cache/phase10a3_repositories/FMOD0079__bodacious_berries/objects/pack/pack-6fe1433255525aeb43cd346c17406cc8438d40f4.pack","EXCLUDE_CACHE","Downloaded/cloned repository cache; reconstruct from tracked snapshot mappings."
"cache/phase10a3_repositories/FMOD0079__bodacious_berries/objects/pack/pack-6fe1433255525aeb43cd346c17406cc8438d40f4.rev","EXCLUDE_CACHE","Downloaded/cloned repository cache; reconstruct from tracked snapshot mappings."
"cache/phase10a3_repositories/FMOD0079__bodacious_berries/packed-refs","EXCLUDE_CACHE","Downloaded/cloned repository cache; reconstruct from tracked snapshot mappings."
"cache/phase10a3_repositories/FMOD0083__accessories-compat-layer/FETCH_HEAD","EXCLUDE_CACHE","Downloaded/cloned repository cache; reconstruct from tracked snapshot mappings."
"cache/phase10a3_repositories/FMOD0083__accessories-compat-layer/HEAD","EXCLUDE_CACHE","Downloaded/cloned repository cache; reconstruct from tracked snapshot mappings."
"cache/phase10a3_repositories/FMOD0083__accessories-compat-layer/config","EXCLUDE_CACHE","Downloaded/cloned repository cache; reconstruct from tracked snapshot mappings."
"cache/phase10a3_repositories/FMOD0083__accessories-compat-layer/description","EXCLUDE_CACHE","Downloaded/cloned repository cache; reconstruct from tracked snapshot mappings."
"cache/phase10a3_repositories/FMOD0083__accessories-compat-layer/hooks/applypatch-msg.sample","EXCLUDE_CACHE","Downloaded/cloned repository cache; reconstruct from tracked snapshot mappings."
"cache/phase10a3_repositories/FMOD0083__accessories-compat-layer/hooks/commit-msg.sample","EXCLUDE_CACHE","Downloaded/cloned repository cache; reconstruct from tracked snapshot mappings."
"cache/phase10a3_repositories/FMOD0083__accessories-compat-layer/hooks/fsmonitor-watchman.sample","EXCLUDE_CACHE","Downloaded/cloned repository cache; reconstruct from tracked snapshot mappings."
"cache/phase10a3_repositories/FMOD0083__accessories-compat-layer/hooks/post-update.sample","EXCLUDE_CACHE","Downloaded/cloned repository cache; reconstruct from tracked snapshot mappings."
"cache/phase10a3_repositories/FMOD0083__accessories-compat-layer/hooks/pre-applypatch.sample","EXCLUDE_CACHE","Downloaded/cloned repository cache; reconstruct from tracked snapshot mappings."
"cache/phase10a3_repositories/FMOD0083__accessories-compat-layer/hooks/pre-commit.sample","EXCLUDE_CACHE","Downloaded/cloned repository cache; reconstruct from tracked snapshot mappings."
"cache/phase10a3_repositories/FMOD0083__accessories-compat-layer/hooks/pre-merge-commit.sample","EXCLUDE_CACHE","Downloaded/cloned repository cache; reconstruct from tracked snapshot mappings."
"cache/phase10a3_repositories/FMOD0083__accessories-compat-layer/hooks/pre-push.sample","EXCLUDE_CACHE","Downloaded/cloned repository cache; reconstruct from tracked snapshot mappings."
"cache/phase10a3_repositories/FMOD0083__accessories-compat-layer/hooks/pre-rebase.sample","EXCLUDE_CACHE","Downloaded/cloned repository cache; reconstruct from tracked snapshot mappings."
"cache/phase10a3_repositories/FMOD0083__accessories-compat-layer/hooks/pre-receive.sample","EXCLUDE_CACHE","Downloaded/cloned repository cache; reconstruct from tracked snapshot mappings."
"cache/phase10a3_repositories/FMOD0083__accessories-compat-layer/hooks/prepare-commit-msg.sample","EXCLUDE_CACHE","Downloaded/cloned repository cache; reconstruct from tracked snapshot mappings."
"cache/phase10a3_repositories/FMOD0083__accessories-compat-layer/hooks/push-to-checkout.sample","EXCLUDE_CACHE","Downloaded/cloned repository cache; reconstruct from tracked snapshot mappings."
"cache/phase10a3_repositories/FMOD0083__accessories-compat-layer/hooks/sendemail-validate.sample","EXCLUDE_CACHE","Downloaded/cloned repository cache; reconstruct from tracked snapshot mappings."
"cache/phase10a3_repositories/FMOD0083__accessories-compat-layer/hooks/update.sample","EXCLUDE_CACHE","Downloaded/cloned repository cache; reconstruct from tracked snapshot mappings."
"cache/phase10a3_repositories/FMOD0083__accessories-compat-layer/info/exclude","EXCLUDE_CACHE","Downloaded/cloned repository cache; reconstruct from tracked snapshot mappings."
"cache/phase10a3_repositories/FMOD0083__accessories-compat-layer/objects/pack/pack-810adf7ad53455e723892e972c6fe91d5b2283f6.idx","EXCLUDE_CACHE","Downloaded/cloned repository cache; reconstruct from tracked snapshot mappings."
"cache/phase10a3_repositories/FMOD0083__accessories-compat-layer/objects/pack/pack-810adf7ad53455e723892e972c6fe91d5b2283f6.pack","EXCLUDE_CACHE","Downloaded/cloned repository cache; reconstruct from tracked snapshot mappings."
"cache/phase10a3_repositories/FMOD0083__accessories-compat-layer/objects/pack/pack-810adf7ad53455e723892e972c6fe91d5b2283f6.rev","EXCLUDE_CACHE","Downloaded/cloned repository cache; reconstruct from tracked snapshot mappings."
"cache/phase10a3_repositories/FMOD0083__accessories-compat-layer/packed-refs","EXCLUDE_CACHE","Downloaded/cloned repository cache; reconstruct from tracked snapshot mappings."
"cache/phase10a3_repositories/FMOD0084__Minecraft-Ping-Wheel/FETCH_HEAD","EXCLUDE_CACHE","Downloaded/cloned repository cache; reconstruct from tracked snapshot mappings."
"cache/phase10a3_repositories/FMOD0084__Minecraft-Ping-Wheel/HEAD","EXCLUDE_CACHE","Downloaded/cloned repository cache; reconstruct from tracked snapshot mappings."
"cache/phase10a3_repositories/FMOD0084__Minecraft-Ping-Wheel/config","EXCLUDE_CACHE","Downloaded/cloned repository cache; reconstruct from tracked snapshot mappings."
"cache/phase10a3_repositories/FMOD0084__Minecraft-Ping-Wheel/description","EXCLUDE_CACHE","Downloaded/cloned repository cache; reconstruct from tracked snapshot mappings."
"cache/phase10a3_repositories/FMOD0084__Minecraft-Ping-Wheel/hooks/applypatch-msg.sample","EXCLUDE_CACHE","Downloaded/cloned repository cache; reconstruct from tracked snapshot mappings."
"cache/phase10a3_repositories/FMOD0084__Minecraft-Ping-Wheel/hooks/commit-msg.sample","EXCLUDE_CACHE","Downloaded/cloned repository cache; reconstruct from tracked snapshot mappings."
"cache/phase10a3_repositories/FMOD0084__Minecraft-Ping-Wheel/hooks/fsmonitor-watchman.sample","EXCLUDE_CACHE","Downloaded/cloned repository cache; reconstruct from tracked snapshot mappings."
"cache/phase10a3_repositories/FMOD0084__Minecraft-Ping-Wheel/hooks/post-update.sample","EXCLUDE_CACHE","Downloaded/cloned repository cache; reconstruct from tracked snapshot mappings."
"cache/phase10a3_repositories/FMOD0084__Minecraft-Ping-Wheel/hooks/pre-applypatch.sample","EXCLUDE_CACHE","Downloaded/cloned repository cache; reconstruct from tracked snapshot mappings."
"cache/phase10a3_repositories/FMOD0084__Minecraft-Ping-Wheel/hooks/pre-commit.sample","EXCLUDE_CACHE","Downloaded/cloned repository cache; reconstruct from tracked snapshot mappings."
"cache/phase10a3_repositories/FMOD0084__Minecraft-Ping-Wheel/hooks/pre-merge-commit.sample","EXCLUDE_CACHE","Downloaded/cloned repository cache; reconstruct from tracked snapshot mappings."
"cache/phase10a3_repositories/FMOD0084__Minecraft-Ping-Wheel/hooks/pre-push.sample","EXCLUDE_CACHE","Downloaded/cloned repository cache; reconstruct from tracked snapshot mappings."
"cache/phase10a3_repositories/FMOD0084__Minecraft-Ping-Wheel/hooks/pre-rebase.sample","EXCLUDE_CACHE","Downloaded/cloned repository cache; reconstruct from tracked snapshot mappings."
"cache/phase10a3_repositories/FMOD0084__Minecraft-Ping-Wheel/hooks/pre-receive.sample","EXCLUDE_CACHE","Downloaded/cloned repository cache; reconstruct from tracked snapshot mappings."
"cache/phase10a3_repositories/FMOD0084__Minecraft-Ping-Wheel/hooks/prepare-commit-msg.sample","EXCLUDE_CACHE","Downloaded/cloned repository cache; reconstruct from tracked snapshot mappings."
"cache/phase10a3_repositories/FMOD0084__Minecraft-Ping-Wheel/hooks/push-to-checkout.sample","EXCLUDE_CACHE","Downloaded/cloned repository cache; reconstruct from tracked snapshot mappings."
"cache/phase10a3_repositories/FMOD0084__Minecraft-Ping-Wheel/hooks/sendemail-validate.sample","EXCLUDE_CACHE","Downloaded/cloned repository cache; reconstruct from tracked snapshot mappings."
"cache/phase10a3_repositories/FMOD0084__Minecraft-Ping-Wheel/hooks/update.sample","EXCLUDE_CACHE","Downloaded/cloned repository cache; reconstruct from tracked snapshot mappings."
"cache/phase10a3_repositories/FMOD0084__Minecraft-Ping-Wheel/info/exclude","EXCLUDE_CACHE","Downloaded/cloned repository cache; reconstruct from tracked snapshot mappings."
"cache/phase10a3_repositories/FMOD0084__Minecraft-Ping-Wheel/objects/pack/pack-0b32ab6c964471077defe4fd39ac63ee0eb34ea9.idx","EXCLUDE_CACHE","Downloaded/cloned repository cache; reconstruct from tracked snapshot mappings."
"cache/phase10a3_repositories/FMOD0084__Minecraft-Ping-Wheel/objects/pack/pack-0b32ab6c964471077defe4fd39ac63ee0eb34ea9.pack","EXCLUDE_CACHE","Downloaded/cloned repository cache; reconstruct from tracked snapshot mappings."
"cache/phase10a3_repositories/FMOD0084__Minecraft-Ping-Wheel/objects/pack/pack-0b32ab6c964471077defe4fd39ac63ee0eb34ea9.rev","EXCLUDE_CACHE","Downloaded/cloned repository cache; reconstruct from tracked snapshot mappings."
"cache/phase10a3_repositories/FMOD0084__Minecraft-Ping-Wheel/packed-refs","EXCLUDE_CACHE","Downloaded/cloned repository cache; reconstruct from tracked snapshot mappings."
"cache/phase10a3_repositories/FMOD0085__no-tree-punching/FETCH_HEAD","EXCLUDE_CACHE","Downloaded/cloned repository cache; reconstruct from tracked snapshot mappings."
"cache/phase10a3_repositories/FMOD0085__no-tree-punching/HEAD","EXCLUDE_CACHE","Downloaded/cloned repository cache; reconstruct from tracked snapshot mappings."
"cache/phase10a3_repositories/FMOD0085__no-tree-punching/config","EXCLUDE_CACHE","Downloaded/cloned repository cache; reconstruct from tracked snapshot mappings."
"cache/phase10a3_repositories/FMOD0085__no-tree-punching/description","EXCLUDE_CACHE","Downloaded/cloned repository cache; reconstruct from tracked snapshot mappings."
"cache/phase10a3_repositories/FMOD0085__no-tree-punching/hooks/applypatch-msg.sample","EXCLUDE_CACHE","Downloaded/cloned repository cache; reconstruct from tracked snapshot mappings."
"cache/phase10a3_repositories/FMOD0085__no-tree-punching/hooks/commit-msg.sample","EXCLUDE_CACHE","Downloaded/cloned repository cache; reconstruct from tracked snapshot mappings."
"cache/phase10a3_repositories/FMOD0085__no-tree-punching/hooks/fsmonitor-watchman.sample","EXCLUDE_CACHE","Downloaded/cloned repository cache; reconstruct from tracked snapshot mappings."
"cache/phase10a3_repositories/FMOD0085__no-tree-punching/hooks/post-update.sample","EXCLUDE_CACHE","Downloaded/cloned repository cache; reconstruct from tracked snapshot mappings."
"cache/phase10a3_repositories/FMOD0085__no-tree-punching/hooks/pre-applypatch.sample","EXCLUDE_CACHE","Downloaded/cloned repository cache; reconstruct from tracked snapshot mappings."
"cache/phase10a3_repositories/FMOD0085__no-tree-punching/hooks/pre-commit.sample","EXCLUDE_CACHE","Downloaded/cloned repository cache; reconstruct from tracked snapshot mappings."
"cache/phase10a3_repositories/FMOD0085__no-tree-punching/hooks/pre-merge-commit.sample","EXCLUDE_CACHE","Downloaded/cloned repository cache; reconstruct from tracked snapshot mappings."
"cache/phase10a3_repositories/FMOD0085__no-tree-punching/hooks/pre-push.sample","EXCLUDE_CACHE","Downloaded/cloned repository cache; reconstruct from tracked snapshot mappings."
"cache/phase10a3_repositories/FMOD0085__no-tree-punching/hooks/pre-rebase.sample","EXCLUDE_CACHE","Downloaded/cloned repository cache; reconstruct from tracked snapshot mappings."
"cache/phase10a3_repositories/FMOD0085__no-tree-punching/hooks/pre-receive.sample","EXCLUDE_CACHE","Downloaded/cloned repository cache; reconstruct from tracked snapshot mappings."
"cache/phase10a3_repositories/FMOD0085__no-tree-punching/hooks/prepare-commit-msg.sample","EXCLUDE_CACHE","Downloaded/cloned repository cache; reconstruct from tracked snapshot mappings."
"cache/phase10a3_repositories/FMOD0085__no-tree-punching/hooks/push-to-checkout.sample","EXCLUDE_CACHE","Downloaded/cloned repository cache; reconstruct from tracked snapshot mappings."
"cache/phase10a3_repositories/FMOD0085__no-tree-punching/hooks/sendemail-validate.sample","EXCLUDE_CACHE","Downloaded/cloned repository cache; reconstruct from tracked snapshot mappings."
"cache/phase10a3_repositories/FMOD0085__no-tree-punching/hooks/update.sample","EXCLUDE_CACHE","Downloaded/cloned repository cache; reconstruct from tracked snapshot mappings."
"cache/phase10a3_repositories/FMOD0085__no-tree-punching/info/exclude","EXCLUDE_CACHE","Downloaded/cloned repository cache; reconstruct from tracked snapshot mappings."
"cache/phase10a3_repositories/FMOD0085__no-tree-punching/objects/pack/pack-2801d8a49feb141495dd02cf6927808c3068f6bb.idx","EXCLUDE_CACHE","Downloaded/cloned repository cache; reconstruct from tracked snapshot mappings."
"cache/phase10a3_repositories/FMOD0085__no-tree-punching/objects/pack/pack-2801d8a49feb141495dd02cf6927808c3068f6bb.pack","EXCLUDE_CACHE","Downloaded/cloned repository cache; reconstruct from tracked snapshot mappings."
"cache/phase10a3_repositories/FMOD0085__no-tree-punching/objects/pack/pack-2801d8a49feb141495dd02cf6927808c3068f6bb.rev","EXCLUDE_CACHE","Downloaded/cloned repository cache; reconstruct from tracked snapshot mappings."
"cache/phase10a3_repositories/FMOD0085__no-tree-punching/packed-refs","EXCLUDE_CACHE","Downloaded/cloned repository cache; reconstruct from tracked snapshot mappings."
"cache/phase10a3_repositories/FMOD0086__config-editor/FETCH_HEAD","EXCLUDE_CACHE","Downloaded/cloned repository cache; reconstruct from tracked snapshot mappings."
"cache/phase10a3_repositories/FMOD0086__config-editor/HEAD","EXCLUDE_CACHE","Downloaded/cloned repository cache; reconstruct from tracked snapshot mappings."
"cache/phase10a3_repositories/FMOD0086__config-editor/config","EXCLUDE_CACHE","Downloaded/cloned repository cache; reconstruct from tracked snapshot mappings."
"cache/phase10a3_repositories/FMOD0086__config-editor/description","EXCLUDE_CACHE","Downloaded/cloned repository cache; reconstruct from tracked snapshot mappings."
"cache/phase10a3_repositories/FMOD0086__config-editor/hooks/applypatch-msg.sample","EXCLUDE_CACHE","Downloaded/cloned repository cache; reconstruct from tracked snapshot mappings."
"cache/phase10a3_repositories/FMOD0086__config-editor/hooks/commit-msg.sample","EXCLUDE_CACHE","Downloaded/cloned repository cache; reconstruct from tracked snapshot mappings."
"cache/phase10a3_repositories/FMOD0086__config-editor/hooks/fsmonitor-watchman.sample","EXCLUDE_CACHE","Downloaded/cloned repository cache; reconstruct from tracked snapshot mappings."
"cache/phase10a3_repositories/FMOD0086__config-editor/hooks/post-update.sample","EXCLUDE_CACHE","Downloaded/cloned repository cache; reconstruct from tracked snapshot mappings."
"cache/phase10a3_repositories/FMOD0086__config-editor/hooks/pre-applypatch.sample","EXCLUDE_CACHE","Downloaded/cloned repository cache; reconstruct from tracked snapshot mappings."
"cache/phase10a3_repositories/FMOD0086__config-editor/hooks/pre-commit.sample","EXCLUDE_CACHE","Downloaded/cloned repository cache; reconstruct from tracked snapshot mappings."
"cache/phase10a3_repositories/FMOD0086__config-editor/hooks/pre-merge-commit.sample","EXCLUDE_CACHE","Downloaded/cloned repository cache; reconstruct from tracked snapshot mappings."
"cache/phase10a3_repositories/FMOD0086__config-editor/hooks/pre-push.sample","EXCLUDE_CACHE","Downloaded/cloned repository cache; reconstruct from tracked snapshot mappings."
"cache/phase10a3_repositories/FMOD0086__config-editor/hooks/pre-rebase.sample","EXCLUDE_CACHE","Downloaded/cloned repository cache; reconstruct from tracked snapshot mappings."
"cache/phase10a3_repositories/FMOD0086__config-editor/hooks/pre-receive.sample","EXCLUDE_CACHE","Downloaded/cloned repository cache; reconstruct from tracked snapshot mappings."
"cache/phase10a3_repositories/FMOD0086__config-editor/hooks/prepare-commit-msg.sample","EXCLUDE_CACHE","Downloaded/cloned repository cache; reconstruct from tracked snapshot mappings."
"cache/phase10a3_repositories/FMOD0086__config-editor/hooks/push-to-checkout.sample","EXCLUDE_CACHE","Downloaded/cloned repository cache; reconstruct from tracked snapshot mappings."
"cache/phase10a3_repositories/FMOD0086__config-editor/hooks/sendemail-validate.sample","EXCLUDE_CACHE","Downloaded/cloned repository cache; reconstruct from tracked snapshot mappings."
"cache/phase10a3_repositories/FMOD0086__config-editor/hooks/update.sample","EXCLUDE_CACHE","Downloaded/cloned repository cache; reconstruct from tracked snapshot mappings."
"cache/phase10a3_repositories/FMOD0086__config-editor/info/exclude","EXCLUDE_CACHE","Downloaded/cloned repository cache; reconstruct from tracked snapshot mappings."
"cache/phase10a3_repositories/FMOD0086__config-editor/objects/pack/pack-b4822903b9334cddeb6dc56acc076c4ee2e8e937.idx","EXCLUDE_CACHE","Downloaded/cloned repository cache; reconstruct from tracked snapshot mappings."
"cache/phase10a3_repositories/FMOD0086__config-editor/objects/pack/pack-b4822903b9334cddeb6dc56acc076c4ee2e8e937.pack","EXCLUDE_CACHE","Downloaded/cloned repository cache; reconstruct from tracked snapshot mappings."
"cache/phase10a3_repositories/FMOD0086__config-editor/objects/pack/pack-b4822903b9334cddeb6dc56acc076c4ee2e8e937.rev","EXCLUDE_CACHE","Downloaded/cloned repository cache; reconstruct from tracked snapshot mappings."
"cache/phase10a3_repositories/FMOD0086__config-editor/packed-refs","EXCLUDE_CACHE","Downloaded/cloned repository cache; reconstruct from tracked snapshot mappings."
"cache/phase10a3_repositories/FMOD0087__ductwork/FETCH_HEAD","EXCLUDE_CACHE","Downloaded/cloned repository cache; reconstruct from tracked snapshot mappings."
"cache/phase10a3_repositories/FMOD0087__ductwork/HEAD","EXCLUDE_CACHE","Downloaded/cloned repository cache; reconstruct from tracked snapshot mappings."
"cache/phase10a3_repositories/FMOD0087__ductwork/config","EXCLUDE_CACHE","Downloaded/cloned repository cache; reconstruct from tracked snapshot mappings."
"cache/phase10a3_repositories/FMOD0087__ductwork/description","EXCLUDE_CACHE","Downloaded/cloned repository cache; reconstruct from tracked snapshot mappings."
"cache/phase10a3_repositories/FMOD0087__ductwork/hooks/applypatch-msg.sample","EXCLUDE_CACHE","Downloaded/cloned repository cache; reconstruct from tracked snapshot mappings."
"cache/phase10a3_repositories/FMOD0087__ductwork/hooks/commit-msg.sample","EXCLUDE_CACHE","Downloaded/cloned repository cache; reconstruct from tracked snapshot mappings."
"cache/phase10a3_repositories/FMOD0087__ductwork/hooks/fsmonitor-watchman.sample","EXCLUDE_CACHE","Downloaded/cloned repository cache; reconstruct from tracked snapshot mappings."
"cache/phase10a3_repositories/FMOD0087__ductwork/hooks/post-update.sample","EXCLUDE_CACHE","Downloaded/cloned repository cache; reconstruct from tracked snapshot mappings."
"cache/phase10a3_repositories/FMOD0087__ductwork/hooks/pre-applypatch.sample","EXCLUDE_CACHE","Downloaded/cloned repository cache; reconstruct from tracked snapshot mappings."
"cache/phase10a3_repositories/FMOD0087__ductwork/hooks/pre-commit.sample","EXCLUDE_CACHE","Downloaded/cloned repository cache; reconstruct from tracked snapshot mappings."
"cache/phase10a3_repositories/FMOD0087__ductwork/hooks/pre-merge-commit.sample","EXCLUDE_CACHE","Downloaded/cloned repository cache; reconstruct from tracked snapshot mappings."
"cache/phase10a3_repositories/FMOD0087__ductwork/hooks/pre-push.sample","EXCLUDE_CACHE","Downloaded/cloned repository cache; reconstruct from tracked snapshot mappings."
"cache/phase10a3_repositories/FMOD0087__ductwork/hooks/pre-rebase.sample","EXCLUDE_CACHE","Downloaded/cloned repository cache; reconstruct from tracked snapshot mappings."
"cache/phase10a3_repositories/FMOD0087__ductwork/hooks/pre-receive.sample","EXCLUDE_CACHE","Downloaded/cloned repository cache; reconstruct from tracked snapshot mappings."
"cache/phase10a3_repositories/FMOD0087__ductwork/hooks/prepare-commit-msg.sample","EXCLUDE_CACHE","Downloaded/cloned repository cache; reconstruct from tracked snapshot mappings."
"cache/phase10a3_repositories/FMOD0087__ductwork/hooks/push-to-checkout.sample","EXCLUDE_CACHE","Downloaded/cloned repository cache; reconstruct from tracked snapshot mappings."
"cache/phase10a3_repositories/FMOD0087__ductwork/hooks/sendemail-validate.sample","EXCLUDE_CACHE","Downloaded/cloned repository cache; reconstruct from tracked snapshot mappings."
"cache/phase10a3_repositories/FMOD0087__ductwork/hooks/update.sample","EXCLUDE_CACHE","Downloaded/cloned repository cache; reconstruct from tracked snapshot mappings."
"cache/phase10a3_repositories/FMOD0087__ductwork/info/exclude","EXCLUDE_CACHE","Downloaded/cloned repository cache; reconstruct from tracked snapshot mappings."
"cache/phase10a3_repositories/FMOD0087__ductwork/objects/pack/pack-60a36a48530b2b7dc34cf93fea828a0cfc728f1e.idx","EXCLUDE_CACHE","Downloaded/cloned repository cache; reconstruct from tracked snapshot mappings."
"cache/phase10a3_repositories/FMOD0087__ductwork/objects/pack/pack-60a36a48530b2b7dc34cf93fea828a0cfc728f1e.pack","EXCLUDE_CACHE","Downloaded/cloned repository cache; reconstruct from tracked snapshot mappings."
"cache/phase10a3_repositories/FMOD0087__ductwork/objects/pack/pack-60a36a48530b2b7dc34cf93fea828a0cfc728f1e.rev","EXCLUDE_CACHE","Downloaded/cloned repository cache; reconstruct from tracked snapshot mappings."
"cache/phase10a3_repositories/FMOD0087__ductwork/packed-refs","EXCLUDE_CACHE","Downloaded/cloned repository cache; reconstruct from tracked snapshot mappings."
"cache/phase10a3_repositories/FMOD0089__strawstatues/FETCH_HEAD","EXCLUDE_CACHE","Downloaded/cloned repository cache; reconstruct from tracked snapshot mappings."
"cache/phase10a3_repositories/FMOD0089__strawstatues/HEAD","EXCLUDE_CACHE","Downloaded/cloned repository cache; reconstruct from tracked snapshot mappings."
"cache/phase10a3_repositories/FMOD0089__strawstatues/config","EXCLUDE_CACHE","Downloaded/cloned repository cache; reconstruct from tracked snapshot mappings."
"cache/phase10a3_repositories/FMOD0089__strawstatues/description","EXCLUDE_CACHE","Downloaded/cloned repository cache; reconstruct from tracked snapshot mappings."
"cache/phase10a3_repositories/FMOD0089__strawstatues/hooks/applypatch-msg.sample","EXCLUDE_CACHE","Downloaded/cloned repository cache; reconstruct from tracked snapshot mappings."
"cache/phase10a3_repositories/FMOD0089__strawstatues/hooks/commit-msg.sample","EXCLUDE_CACHE","Downloaded/cloned repository cache; reconstruct from tracked snapshot mappings."
"cache/phase10a3_repositories/FMOD0089__strawstatues/hooks/fsmonitor-watchman.sample","EXCLUDE_CACHE","Downloaded/cloned repository cache; reconstruct from tracked snapshot mappings."
"cache/phase10a3_repositories/FMOD0089__strawstatues/hooks/post-update.sample","EXCLUDE_CACHE","Downloaded/cloned repository cache; reconstruct from tracked snapshot mappings."
"cache/phase10a3_repositories/FMOD0089__strawstatues/hooks/pre-applypatch.sample","EXCLUDE_CACHE","Downloaded/cloned repository cache; reconstruct from tracked snapshot mappings."
"cache/phase10a3_repositories/FMOD0089__strawstatues/hooks/pre-commit.sample","EXCLUDE_CACHE","Downloaded/cloned repository cache; reconstruct from tracked snapshot mappings."
"cache/phase10a3_repositories/FMOD0089__strawstatues/hooks/pre-merge-commit.sample","EXCLUDE_CACHE","Downloaded/cloned repository cache; reconstruct from tracked snapshot mappings."
"cache/phase10a3_repositories/FMOD0089__strawstatues/hooks/pre-push.sample","EXCLUDE_CACHE","Downloaded/cloned repository cache; reconstruct from tracked snapshot mappings."
"cache/phase10a3_repositories/FMOD0089__strawstatues/hooks/pre-rebase.sample","EXCLUDE_CACHE","Downloaded/cloned repository cache; reconstruct from tracked snapshot mappings."
"cache/phase10a3_repositories/FMOD0089__strawstatues/hooks/pre-receive.sample","EXCLUDE_CACHE","Downloaded/cloned repository cache; reconstruct from tracked snapshot mappings."
"cache/phase10a3_repositories/FMOD0089__strawstatues/hooks/prepare-commit-msg.sample","EXCLUDE_CACHE","Downloaded/cloned repository cache; reconstruct from tracked snapshot mappings."
"cache/phase10a3_repositories/FMOD0089__strawstatues/hooks/push-to-checkout.sample","EXCLUDE_CACHE","Downloaded/cloned repository cache; reconstruct from tracked snapshot mappings."
"cache/phase10a3_repositories/FMOD0089__strawstatues/hooks/sendemail-validate.sample","EXCLUDE_CACHE","Downloaded/cloned repository cache; reconstruct from tracked snapshot mappings."
"cache/phase10a3_repositories/FMOD0089__strawstatues/hooks/update.sample","EXCLUDE_CACHE","Downloaded/cloned repository cache; reconstruct from tracked snapshot mappings."
"cache/phase10a3_repositories/FMOD0089__strawstatues/info/exclude","EXCLUDE_CACHE","Downloaded/cloned repository cache; reconstruct from tracked snapshot mappings."
"cache/phase10a3_repositories/FMOD0089__strawstatues/objects/pack/pack-fd19e27824b5caf53ee28cdfea9a0f949d8bb69e.idx","EXCLUDE_CACHE","Downloaded/cloned repository cache; reconstruct from tracked snapshot mappings."
"cache/phase10a3_repositories/FMOD0089__strawstatues/objects/pack/pack-fd19e27824b5caf53ee28cdfea9a0f949d8bb69e.pack","EXCLUDE_CACHE","Downloaded/cloned repository cache; reconstruct from tracked snapshot mappings."
"cache/phase10a3_repositories/FMOD0089__strawstatues/objects/pack/pack-fd19e27824b5caf53ee28cdfea9a0f949d8bb69e.rev","EXCLUDE_CACHE","Downloaded/cloned repository cache; reconstruct from tracked snapshot mappings."
"cache/phase10a3_repositories/FMOD0089__strawstatues/packed-refs","EXCLUDE_CACHE","Downloaded/cloned repository cache; reconstruct from tracked snapshot mappings."
"cache/phase10a3_repositories/FMOD0090__SneakyQoL/FETCH_HEAD","EXCLUDE_CACHE","Downloaded/cloned repository cache; reconstruct from tracked snapshot mappings."
"cache/phase10a3_repositories/FMOD0090__SneakyQoL/HEAD","EXCLUDE_CACHE","Downloaded/cloned repository cache; reconstruct from tracked snapshot mappings."
"cache/phase10a3_repositories/FMOD0090__SneakyQoL/config","EXCLUDE_CACHE","Downloaded/cloned repository cache; reconstruct from tracked snapshot mappings."
"cache/phase10a3_repositories/FMOD0090__SneakyQoL/description","EXCLUDE_CACHE","Downloaded/cloned repository cache; reconstruct from tracked snapshot mappings."
"cache/phase10a3_repositories/FMOD0090__SneakyQoL/hooks/applypatch-msg.sample","EXCLUDE_CACHE","Downloaded/cloned repository cache; reconstruct from tracked snapshot mappings."
"cache/phase10a3_repositories/FMOD0090__SneakyQoL/hooks/commit-msg.sample","EXCLUDE_CACHE","Downloaded/cloned repository cache; reconstruct from tracked snapshot mappings."
"cache/phase10a3_repositories/FMOD0090__SneakyQoL/hooks/fsmonitor-watchman.sample","EXCLUDE_CACHE","Downloaded/cloned repository cache; reconstruct from tracked snapshot mappings."
"cache/phase10a3_repositories/FMOD0090__SneakyQoL/hooks/post-update.sample","EXCLUDE_CACHE","Downloaded/cloned repository cache; reconstruct from tracked snapshot mappings."
"cache/phase10a3_repositories/FMOD0090__SneakyQoL/hooks/pre-applypatch.sample","EXCLUDE_CACHE","Downloaded/cloned repository cache; reconstruct from tracked snapshot mappings."
"cache/phase10a3_repositories/FMOD0090__SneakyQoL/hooks/pre-commit.sample","EXCLUDE_CACHE","Downloaded/cloned repository cache; reconstruct from tracked snapshot mappings."
"cache/phase10a3_repositories/FMOD0090__SneakyQoL/hooks/pre-merge-commit.sample","EXCLUDE_CACHE","Downloaded/cloned repository cache; reconstruct from tracked snapshot mappings."
"cache/phase10a3_repositories/FMOD0090__SneakyQoL/hooks/pre-push.sample","EXCLUDE_CACHE","Downloaded/cloned repository cache; reconstruct from tracked snapshot mappings."
"cache/phase10a3_repositories/FMOD0090__SneakyQoL/hooks/pre-rebase.sample","EXCLUDE_CACHE","Downloaded/cloned repository cache; reconstruct from tracked snapshot mappings."
"cache/phase10a3_repositories/FMOD0090__SneakyQoL/hooks/pre-receive.sample","EXCLUDE_CACHE","Downloaded/cloned repository cache; reconstruct from tracked snapshot mappings."
"cache/phase10a3_repositories/FMOD0090__SneakyQoL/hooks/prepare-commit-msg.sample","EXCLUDE_CACHE","Downloaded/cloned repository cache; reconstruct from tracked snapshot mappings."
"cache/phase10a3_repositories/FMOD0090__SneakyQoL/hooks/push-to-checkout.sample","EXCLUDE_CACHE","Downloaded/cloned repository cache; reconstruct from tracked snapshot mappings."
"cache/phase10a3_repositories/FMOD0090__SneakyQoL/hooks/sendemail-validate.sample","EXCLUDE_CACHE","Downloaded/cloned repository cache; reconstruct from tracked snapshot mappings."
"cache/phase10a3_repositories/FMOD0090__SneakyQoL/hooks/update.sample","EXCLUDE_CACHE","Downloaded/cloned repository cache; reconstruct from tracked snapshot mappings."
"cache/phase10a3_repositories/FMOD0090__SneakyQoL/info/exclude","EXCLUDE_CACHE","Downloaded/cloned repository cache; reconstruct from tracked snapshot mappings."
"cache/phase10a3_repositories/FMOD0090__SneakyQoL/objects/pack/pack-f417e67fbd1a225cc4bee6452d63ac8be361ce52.idx","EXCLUDE_CACHE","Downloaded/cloned repository cache; reconstruct from tracked snapshot mappings."
"cache/phase10a3_repositories/FMOD0090__SneakyQoL/objects/pack/pack-f417e67fbd1a225cc4bee6452d63ac8be361ce52.pack","EXCLUDE_CACHE","Downloaded/cloned repository cache; reconstruct from tracked snapshot mappings."
"cache/phase10a3_repositories/FMOD0090__SneakyQoL/objects/pack/pack-f417e67fbd1a225cc4bee6452d63ac8be361ce52.rev","EXCLUDE_CACHE","Downloaded/cloned repository cache; reconstruct from tracked snapshot mappings."
"cache/phase10a3_repositories/FMOD0090__SneakyQoL/packed-refs","EXCLUDE_CACHE","Downloaded/cloned repository cache; reconstruct from tracked snapshot mappings."
"cache/phase10a3_repositories/FMOD0094__JustEnoughProfessions/FETCH_HEAD","EXCLUDE_CACHE","Downloaded/cloned repository cache; reconstruct from tracked snapshot mappings."
"cache/phase10a3_repositories/FMOD0094__JustEnoughProfessions/HEAD","EXCLUDE_CACHE","Downloaded/cloned repository cache; reconstruct from tracked snapshot mappings."
"cache/phase10a3_repositories/FMOD0094__JustEnoughProfessions/config","EXCLUDE_CACHE","Downloaded/cloned repository cache; reconstruct from tracked snapshot mappings."
"cache/phase10a3_repositories/FMOD0094__JustEnoughProfessions/description","EXCLUDE_CACHE","Downloaded/cloned repository cache; reconstruct from tracked snapshot mappings."
"cache/phase10a3_repositories/FMOD0094__JustEnoughProfessions/hooks/applypatch-msg.sample","EXCLUDE_CACHE","Downloaded/cloned repository cache; reconstruct from tracked snapshot mappings."
"cache/phase10a3_repositories/FMOD0094__JustEnoughProfessions/hooks/commit-msg.sample","EXCLUDE_CACHE","Downloaded/cloned repository cache; reconstruct from tracked snapshot mappings."
"cache/phase10a3_repositories/FMOD0094__JustEnoughProfessions/hooks/fsmonitor-watchman.sample","EXCLUDE_CACHE","Downloaded/cloned repository cache; reconstruct from tracked snapshot mappings."
"cache/phase10a3_repositories/FMOD0094__JustEnoughProfessions/hooks/post-update.sample","EXCLUDE_CACHE","Downloaded/cloned repository cache; reconstruct from tracked snapshot mappings."
"cache/phase10a3_repositories/FMOD0094__JustEnoughProfessions/hooks/pre-applypatch.sample","EXCLUDE_CACHE","Downloaded/cloned repository cache; reconstruct from tracked snapshot mappings."
"cache/phase10a3_repositories/FMOD0094__JustEnoughProfessions/hooks/pre-commit.sample","EXCLUDE_CACHE","Downloaded/cloned repository cache; reconstruct from tracked snapshot mappings."
"cache/phase10a3_repositories/FMOD0094__JustEnoughProfessions/hooks/pre-merge-commit.sample","EXCLUDE_CACHE","Downloaded/cloned repository cache; reconstruct from tracked snapshot mappings."
"cache/phase10a3_repositories/FMOD0094__JustEnoughProfessions/hooks/pre-push.sample","EXCLUDE_CACHE","Downloaded/cloned repository cache; reconstruct from tracked snapshot mappings."
"cache/phase10a3_repositories/FMOD0094__JustEnoughProfessions/hooks/pre-rebase.sample","EXCLUDE_CACHE","Downloaded/cloned repository cache; reconstruct from tracked snapshot mappings."
"cache/phase10a3_repositories/FMOD0094__JustEnoughProfessions/hooks/pre-receive.sample","EXCLUDE_CACHE","Downloaded/cloned repository cache; reconstruct from tracked snapshot mappings."
"cache/phase10a3_repositories/FMOD0094__JustEnoughProfessions/hooks/prepare-commit-msg.sample","EXCLUDE_CACHE","Downloaded/cloned repository cache; reconstruct from tracked snapshot mappings."
"cache/phase10a3_repositories/FMOD0094__JustEnoughProfessions/hooks/push-to-checkout.sample","EXCLUDE_CACHE","Downloaded/cloned repository cache; reconstruct from tracked snapshot mappings."
"cache/phase10a3_repositories/FMOD0094__JustEnoughProfessions/hooks/sendemail-validate.sample","EXCLUDE_CACHE","Downloaded/cloned repository cache; reconstruct from tracked snapshot mappings."
"cache/phase10a3_repositories/FMOD0094__JustEnoughProfessions/hooks/update.sample","EXCLUDE_CACHE","Downloaded/cloned repository cache; reconstruct from tracked snapshot mappings."
"cache/phase10a3_repositories/FMOD0094__JustEnoughProfessions/info/exclude","EXCLUDE_CACHE","Downloaded/cloned repository cache; reconstruct from tracked snapshot mappings."
"cache/phase10a3_repositories/FMOD0094__JustEnoughProfessions/objects/pack/pack-7e327c348227c45da99895a5052dc05d356df0ae.idx","EXCLUDE_CACHE","Downloaded/cloned repository cache; reconstruct from tracked snapshot mappings."
"cache/phase10a3_repositories/FMOD0094__JustEnoughProfessions/objects/pack/pack-7e327c348227c45da99895a5052dc05d356df0ae.pack","EXCLUDE_CACHE","Downloaded/cloned repository cache; reconstruct from tracked snapshot mappings."
"cache/phase10a3_repositories/FMOD0094__JustEnoughProfessions/objects/pack/pack-7e327c348227c45da99895a5052dc05d356df0ae.rev","EXCLUDE_CACHE","Downloaded/cloned repository cache; reconstruct from tracked snapshot mappings."
"cache/phase10a3_repositories/FMOD0094__JustEnoughProfessions/packed-refs","EXCLUDE_CACHE","Downloaded/cloned repository cache; reconstruct from tracked snapshot mappings."
"cache/phase10a3_repositories/FMOD0096__GUI-Tween/FETCH_HEAD","EXCLUDE_CACHE","Downloaded/cloned repository cache; reconstruct from tracked snapshot mappings."
"cache/phase10a3_repositories/FMOD0096__GUI-Tween/HEAD","EXCLUDE_CACHE","Downloaded/cloned repository cache; reconstruct from tracked snapshot mappings."
"cache/phase10a3_repositories/FMOD0096__GUI-Tween/config","EXCLUDE_CACHE","Downloaded/cloned repository cache; reconstruct from tracked snapshot mappings."
"cache/phase10a3_repositories/FMOD0096__GUI-Tween/description","EXCLUDE_CACHE","Downloaded/cloned repository cache; reconstruct from tracked snapshot mappings."
"cache/phase10a3_repositories/FMOD0096__GUI-Tween/hooks/applypatch-msg.sample","EXCLUDE_CACHE","Downloaded/cloned repository cache; reconstruct from tracked snapshot mappings."
"cache/phase10a3_repositories/FMOD0096__GUI-Tween/hooks/commit-msg.sample","EXCLUDE_CACHE","Downloaded/cloned repository cache; reconstruct from tracked snapshot mappings."
"cache/phase10a3_repositories/FMOD0096__GUI-Tween/hooks/fsmonitor-watchman.sample","EXCLUDE_CACHE","Downloaded/cloned repository cache; reconstruct from tracked snapshot mappings."
"cache/phase10a3_repositories/FMOD0096__GUI-Tween/hooks/post-update.sample","EXCLUDE_CACHE","Downloaded/cloned repository cache; reconstruct from tracked snapshot mappings."
"cache/phase10a3_repositories/FMOD0096__GUI-Tween/hooks/pre-applypatch.sample","EXCLUDE_CACHE","Downloaded/cloned repository cache; reconstruct from tracked snapshot mappings."
"cache/phase10a3_repositories/FMOD0096__GUI-Tween/hooks/pre-commit.sample","EXCLUDE_CACHE","Downloaded/cloned repository cache; reconstruct from tracked snapshot mappings."
"cache/phase10a3_repositories/FMOD0096__GUI-Tween/hooks/pre-merge-commit.sample","EXCLUDE_CACHE","Downloaded/cloned repository cache; reconstruct from tracked snapshot mappings."
"cache/phase10a3_repositories/FMOD0096__GUI-Tween/hooks/pre-push.sample","EXCLUDE_CACHE","Downloaded/cloned repository cache; reconstruct from tracked snapshot mappings."
"cache/phase10a3_repositories/FMOD0096__GUI-Tween/hooks/pre-rebase.sample","EXCLUDE_CACHE","Downloaded/cloned repository cache; reconstruct from tracked snapshot mappings."
"cache/phase10a3_repositories/FMOD0096__GUI-Tween/hooks/pre-receive.sample","EXCLUDE_CACHE","Downloaded/cloned repository cache; reconstruct from tracked snapshot mappings."
"cache/phase10a3_repositories/FMOD0096__GUI-Tween/hooks/prepare-commit-msg.sample","EXCLUDE_CACHE","Downloaded/cloned repository cache; reconstruct from tracked snapshot mappings."
"cache/phase10a3_repositories/FMOD0096__GUI-Tween/hooks/push-to-checkout.sample","EXCLUDE_CACHE","Downloaded/cloned repository cache; reconstruct from tracked snapshot mappings."
"cache/phase10a3_repositories/FMOD0096__GUI-Tween/hooks/sendemail-validate.sample","EXCLUDE_CACHE","Downloaded/cloned repository cache; reconstruct from tracked snapshot mappings."
"cache/phase10a3_repositories/FMOD0096__GUI-Tween/hooks/update.sample","EXCLUDE_CACHE","Downloaded/cloned repository cache; reconstruct from tracked snapshot mappings."
"cache/phase10a3_repositories/FMOD0096__GUI-Tween/info/exclude","EXCLUDE_CACHE","Downloaded/cloned repository cache; reconstruct from tracked snapshot mappings."
"cache/phase10a3_repositories/FMOD0096__GUI-Tween/objects/pack/pack-49b417eb5952c4d4c32ad87e76a42a478756b650.idx","EXCLUDE_CACHE","Downloaded/cloned repository cache; reconstruct from tracked snapshot mappings."
"cache/phase10a3_repositories/FMOD0096__GUI-Tween/objects/pack/pack-49b417eb5952c4d4c32ad87e76a42a478756b650.pack","EXCLUDE_CACHE","Downloaded/cloned repository cache; reconstruct from tracked snapshot mappings."
"cache/phase10a3_repositories/FMOD0096__GUI-Tween/objects/pack/pack-49b417eb5952c4d4c32ad87e76a42a478756b650.rev","EXCLUDE_CACHE","Downloaded/cloned repository cache; reconstruct from tracked snapshot mappings."
"cache/phase10a3_repositories/FMOD0096__GUI-Tween/packed-refs","EXCLUDE_CACHE","Downloaded/cloned repository cache; reconstruct from tracked snapshot mappings."
"cache/phase10a3_repositories/FMOD0099__Couplings/FETCH_HEAD","EXCLUDE_CACHE","Downloaded/cloned repository cache; reconstruct from tracked snapshot mappings."
"cache/phase10a3_repositories/FMOD0099__Couplings/HEAD","EXCLUDE_CACHE","Downloaded/cloned repository cache; reconstruct from tracked snapshot mappings."
"cache/phase10a3_repositories/FMOD0099__Couplings/config","EXCLUDE_CACHE","Downloaded/cloned repository cache; reconstruct from tracked snapshot mappings."
"cache/phase10a3_repositories/FMOD0099__Couplings/description","EXCLUDE_CACHE","Downloaded/cloned repository cache; reconstruct from tracked snapshot mappings."
"cache/phase10a3_repositories/FMOD0099__Couplings/hooks/applypatch-msg.sample","EXCLUDE_CACHE","Downloaded/cloned repository cache; reconstruct from tracked snapshot mappings."
"cache/phase10a3_repositories/FMOD0099__Couplings/hooks/commit-msg.sample","EXCLUDE_CACHE","Downloaded/cloned repository cache; reconstruct from tracked snapshot mappings."
"cache/phase10a3_repositories/FMOD0099__Couplings/hooks/fsmonitor-watchman.sample","EXCLUDE_CACHE","Downloaded/cloned repository cache; reconstruct from tracked snapshot mappings."
"cache/phase10a3_repositories/FMOD0099__Couplings/hooks/post-update.sample","EXCLUDE_CACHE","Downloaded/cloned repository cache; reconstruct from tracked snapshot mappings."
"cache/phase10a3_repositories/FMOD0099__Couplings/hooks/pre-applypatch.sample","EXCLUDE_CACHE","Downloaded/cloned repository cache; reconstruct from tracked snapshot mappings."
"cache/phase10a3_repositories/FMOD0099__Couplings/hooks/pre-commit.sample","EXCLUDE_CACHE","Downloaded/cloned repository cache; reconstruct from tracked snapshot mappings."
"cache/phase10a3_repositories/FMOD0099__Couplings/hooks/pre-merge-commit.sample","EXCLUDE_CACHE","Downloaded/cloned repository cache; reconstruct from tracked snapshot mappings."
"cache/phase10a3_repositories/FMOD0099__Couplings/hooks/pre-push.sample","EXCLUDE_CACHE","Downloaded/cloned repository cache; reconstruct from tracked snapshot mappings."
"cache/phase10a3_repositories/FMOD0099__Couplings/hooks/pre-rebase.sample","EXCLUDE_CACHE","Downloaded/cloned repository cache; reconstruct from tracked snapshot mappings."
"cache/phase10a3_repositories/FMOD0099__Couplings/hooks/pre-receive.sample","EXCLUDE_CACHE","Downloaded/cloned repository cache; reconstruct from tracked snapshot mappings."
"cache/phase10a3_repositories/FMOD0099__Couplings/hooks/prepare-commit-msg.sample","EXCLUDE_CACHE","Downloaded/cloned repository cache; reconstruct from tracked snapshot mappings."
"cache/phase10a3_repositories/FMOD0099__Couplings/hooks/push-to-checkout.sample","EXCLUDE_CACHE","Downloaded/cloned repository cache; reconstruct from tracked snapshot mappings."
"cache/phase10a3_repositories/FMOD0099__Couplings/hooks/sendemail-validate.sample","EXCLUDE_CACHE","Downloaded/cloned repository cache; reconstruct from tracked snapshot mappings."
"cache/phase10a3_repositories/FMOD0099__Couplings/hooks/update.sample","EXCLUDE_CACHE","Downloaded/cloned repository cache; reconstruct from tracked snapshot mappings."
"cache/phase10a3_repositories/FMOD0099__Couplings/info/exclude","EXCLUDE_CACHE","Downloaded/cloned repository cache; reconstruct from tracked snapshot mappings."
"cache/phase10a3_repositories/FMOD0099__Couplings/objects/pack/pack-13d27db60d1d9ee3e05a2db0e59c2a3dd1feeef9.idx","EXCLUDE_CACHE","Downloaded/cloned repository cache; reconstruct from tracked snapshot mappings."
"cache/phase10a3_repositories/FMOD0099__Couplings/objects/pack/pack-13d27db60d1d9ee3e05a2db0e59c2a3dd1feeef9.pack","EXCLUDE_CACHE","Downloaded/cloned repository cache; reconstruct from tracked snapshot mappings."
"cache/phase10a3_repositories/FMOD0099__Couplings/objects/pack/pack-13d27db60d1d9ee3e05a2db0e59c2a3dd1feeef9.rev","EXCLUDE_CACHE","Downloaded/cloned repository cache; reconstruct from tracked snapshot mappings."
"cache/phase10a3_repositories/FMOD0099__Couplings/packed-refs","EXCLUDE_CACHE","Downloaded/cloned repository cache; reconstruct from tracked snapshot mappings."
"""earch state through Phase11A\""""","EXCLUDE_LOCAL_DEBRIS","Accidental local placeholder or redirected command output; retained on disk only."
"results/bytecode_baseline_raw.csv","TRACK_REPRODUCIBILITY","Research source, result metadata/table, server/tool source, or paper reproduction artifact."
"results/bytecode_baseline_summary.csv","TRACK_REPRODUCIBILITY","Research source, result metadata/table, server/tool source, or paper reproduction artifact."
"results/content_baseline_path_failed.csv","TRACK_REPRODUCIBILITY","Research source, result metadata/table, server/tool source, or paper reproduction artifact."
"results/cross_mod_exact_duplicates.csv","TRACK_REPRODUCIBILITY","Research source, result metadata/table, server/tool source, or paper reproduction artifact."
"results/dataset_corpus_v3.csv","TRACK_REPRODUCIBILITY","Research source, result metadata/table, server/tool source, or paper reproduction artifact."
"results/dataset_summary.csv","TRACK_REPRODUCIBILITY","Research source, result metadata/table, server/tool source, or paper reproduction artifact."
"results/dataset_summary_v2.csv","TRACK_REPRODUCIBILITY","Research source, result metadata/table, server/tool source, or paper reproduction artifact."
"results/dependency_graph_stats.csv","TRACK_REPRODUCIBILITY","Research source, result metadata/table, server/tool source, or paper reproduction artifact."
"results/dependency_graph_stats_v2.csv","TRACK_REPRODUCIBILITY","Research source, result metadata/table, server/tool source, or paper reproduction artifact."
"results/historical_graph_diagnostic.csv","TRACK_REPRODUCIBILITY","Research source, result metadata/table, server/tool source, or paper reproduction artifact."
"results/multiparent_evaluation_raw.csv","TRACK_REPRODUCIBILITY","Research source, result metadata/table, server/tool source, or paper reproduction artifact."
"results/multiparent_evaluation_strong_raw.csv","TRACK_REPRODUCIBILITY","Research source, result metadata/table, server/tool source, or paper reproduction artifact."
"results/multiparent_evaluation_strong_summary.csv","TRACK_REPRODUCIBILITY","Research source, result metadata/table, server/tool source, or paper reproduction artifact."
"results/multiparent_evaluation_summary.csv","TRACK_REPRODUCIBILITY","Research source, result metadata/table, server/tool source, or paper reproduction artifact."
"results/package_aggregation_by_size.csv","TRACK_REPRODUCIBILITY","Research source, result metadata/table, server/tool source, or paper reproduction artifact."
"results/package_aggregation_raw.csv","TRACK_REPRODUCIBILITY","Research source, result metadata/table, server/tool source, or paper reproduction artifact."
"results/package_aggregation_summary.csv","TRACK_REPRODUCIBILITY","Research source, result metadata/table, server/tool source, or paper reproduction artifact."
"results/path_baseline_raw.csv","TRACK_REPRODUCIBILITY","Research source, result metadata/table, server/tool source, or paper reproduction artifact."
"results/path_baseline_role_summary.csv","TRACK_REPRODUCIBILITY","Research source, result metadata/table, server/tool source, or paper reproduction artifact."
"results/path_baseline_summary.csv","TRACK_REPRODUCIBILITY","Research source, result metadata/table, server/tool source, or paper reproduction artifact."
"results/phase10a2_code_source_resolution.csv","TRACK_REPRODUCIBILITY","Research source, result metadata/table, server/tool source, or paper reproduction artifact."
"results/phase10a2_project_source_resolution.csv","TRACK_REPRODUCIBILITY","Research source, result metadata/table, server/tool source, or paper reproduction artifact."
"results/phase10a3_class_to_java_mapping.csv","TRACK_REPRODUCIBILITY","Research source, result metadata/table, server/tool source, or paper reproduction artifact."
"results/phase10a4_nicad_query_mapping.csv","TRACK_REPRODUCIBILITY","Research source, result metadata/table, server/tool source, or paper reproduction artifact."
"results/phase10a4b_gallery_class_to_java_mapping.csv","TRACK_REPRODUCIBILITY","Research source, result metadata/table, server/tool source, or paper reproduction artifact."
"results/phase10a4c_nicadcross_stderr.txt","EXCLUDE_TRANSIENT_RESULT","External-tool runtime log/timing; core summaries and clone results are tracked."
"results/phase10a4c_nicadcross_time.txt","EXCLUDE_TRANSIENT_RESULT","External-tool runtime log/timing; core summaries and clone results are tracked."
"results/phase10a4d_nicad_clone_pairs.csv","TRACK_REPRODUCIBILITY","Research source, result metadata/table, server/tool source, or paper reproduction artifact."
"results/phase10a5_gallery_private_mapping.csv","TRACK_REPRODUCIBILITY","Research source, result metadata/table, server/tool source, or paper reproduction artifact."
"results/phase10a5_parent_private_mapping.csv","TRACK_REPRODUCIBILITY","Research source, result metadata/table, server/tool source, or paper reproduction artifact."
"results/phase10a5_query_private_mapping.csv","TRACK_REPRODUCIBILITY","Research source, result metadata/table, server/tool source, or paper reproduction artifact."
"results/phase11a_multi_unknown_manifest_private.csv","TRACK_REPRODUCIBILITY","Research source, result metadata/table, server/tool source, or paper reproduction artifact."
"results/phase11b_compat_private_manifest.csv","TRACK_REPRODUCIBILITY","Research source, result metadata/table, server/tool source, or paper reproduction artifact."
"results/phase11b_component_parent_scores.csv","TRACK_REPRODUCIBILITY","Research source, result metadata/table, server/tool source, or paper reproduction artifact."
"results/phase11b_empty_graph.csv","TRACK_REPRODUCIBILITY","Research source, result metadata/table, server/tool source, or paper reproduction artifact."
"results/phase11b_query_identity_neutral_evidence.csv","TRACK_REPRODUCIBILITY","Research source, result metadata/table, server/tool source, or paper reproduction artifact."
"results/phase3d_current_failures.csv","TRACK_REPRODUCIBILITY","Research source, result metadata/table, server/tool source, or paper reproduction artifact."
"results/phase3d_historical_failures.csv","TRACK_REPRODUCIBILITY","Research source, result metadata/table, server/tool source, or paper reproduction artifact."
"results/phase5d_soft_graph_raw.csv","TRACK_REPRODUCIBILITY","Research source, result metadata/table, server/tool source, or paper reproduction artifact."
"results/phase5d_soft_graph_summary.csv","TRACK_REPRODUCIBILITY","Research source, result metadata/table, server/tool source, or paper reproduction artifact."
"results/phase5e_boundary_cut_raw.csv","TRACK_REPRODUCIBILITY","Research source, result metadata/table, server/tool source, or paper reproduction artifact."
"results/phase5e_boundary_cut_summary.csv","TRACK_REPRODUCIBILITY","Research source, result metadata/table, server/tool source, or paper reproduction artifact."
"results/phase5f_parentset_graph_raw.csv","TRACK_REPRODUCIBILITY","Research source, result metadata/table, server/tool source, or paper reproduction artifact."
"results/phase5f_parentset_graph_summary.csv","TRACK_REPRODUCIBILITY","Research source, result metadata/table, server/tool source, or paper reproduction artifact."
"results/phase5g_parent_fusion_raw.csv","TRACK_REPRODUCIBILITY","Research source, result metadata/table, server/tool source, or paper reproduction artifact."
"results/phase5g_parent_fusion_summary.csv","TRACK_REPRODUCIBILITY","Research source, result metadata/table, server/tool source, or paper reproduction artifact."
"results/phase5h_fused_hierarchical_raw.csv","TRACK_REPRODUCIBILITY","Research source, result metadata/table, server/tool source, or paper reproduction artifact."
"results/phase5h_fused_hierarchical_summary.csv","TRACK_REPRODUCIBILITY","Research source, result metadata/table, server/tool source, or paper reproduction artifact."
"results/phase6a_fresh_corpus.csv","TRACK_REPRODUCIBILITY","Research source, result metadata/table, server/tool source, or paper reproduction artifact."
"results/phase6b_current_cross_project_duplicates.csv","TRACK_REPRODUCIBILITY","Research source, result metadata/table, server/tool source, or paper reproduction artifact."
"results/phase6c_project_split.csv","TRACK_REPRODUCIBILITY","Research source, result metadata/table, server/tool source, or paper reproduction artifact."
"results/phase6d_current_cross_project_duplicates_filtered.csv","TRACK_REPRODUCIBILITY","Research source, result metadata/table, server/tool source, or paper reproduction artifact."
"results/phase6d_removed_nondiscriminative.csv","TRACK_REPRODUCIBILITY","Research source, result metadata/table, server/tool source, or paper reproduction artifact."
"results/phase6e_hard_candidate_catalog.csv","TRACK_REPRODUCIBILITY","Research source, result metadata/table, server/tool source, or paper reproduction artifact."
"results/phase6f_historical_code_edges.csv","TRACK_REPRODUCIBILITY","Research source, result metadata/table, server/tool source, or paper reproduction artifact."
"results/phase6f_historical_graph_release_stats.csv","TRACK_REPRODUCIBILITY","Research source, result metadata/table, server/tool source, or paper reproduction artifact."
"results/phase6g_h5_fragment_catalog.csv","TRACK_REPRODUCIBILITY","Research source, result metadata/table, server/tool source, or paper reproduction artifact."
"results/phase6g_h5_fragment_edges.csv","TRACK_REPRODUCIBILITY","Research source, result metadata/table, server/tool source, or paper reproduction artifact."
"results/phase6h_heterogeneous_availability.csv","TRACK_REPRODUCIBILITY","Research source, result metadata/table, server/tool source, or paper reproduction artifact."
"results/phase6k_query_manifest_private.csv","TRACK_REPRODUCIBILITY","Research source, result metadata/table, server/tool source, or paper reproduction artifact."
"results/phase6k_query_manifest_public.csv","TRACK_REPRODUCIBILITY","Research source, result metadata/table, server/tool source, or paper reproduction artifact."
"results/phase6l_graph_connected_stress_public.csv","TRACK_REPRODUCIBILITY","Research source, result metadata/table, server/tool source, or paper reproduction artifact."
"results/phase6l_graph_natural_public.csv","TRACK_REPRODUCIBILITY","Research source, result metadata/table, server/tool source, or paper reproduction artifact."
"results/phase6l_materialized_private_manifest.csv","TRACK_REPRODUCIBILITY","Research source, result metadata/table, server/tool source, or paper reproduction artifact."
"results/phase6l_materialized_public_manifest.csv","TRACK_REPRODUCIBILITY","Research source, result metadata/table, server/tool source, or paper reproduction artifact."
"results/phase7a_calibration_gallery_protocol.csv","TRACK_REPRODUCIBILITY","Research source, result metadata/table, server/tool source, or paper reproduction artifact."
"results/phase7a_calibration_query_protocol.csv","TRACK_REPRODUCIBILITY","Research source, result metadata/table, server/tool source, or paper reproduction artifact."
"results/phase7b_gallery_identity_neutral_evidence.csv","TRACK_REPRODUCIBILITY","Research source, result metadata/table, server/tool source, or paper reproduction artifact."
"results/phase7b_query_identity_neutral_evidence.csv","TRACK_REPRODUCIBILITY","Research source, result metadata/table, server/tool source, or paper reproduction artifact."
"results/phase7c2_calibration_full40_parent_scores.csv","TRACK_REPRODUCIBILITY","Research source, result metadata/table, server/tool source, or paper reproduction artifact."
"results/phase7c2_hidden_parent_absolute_scores.csv","TRACK_REPRODUCIBILITY","Research source, result metadata/table, server/tool source, or paper reproduction artifact."
"results/phase7c_calibration_component_openset_features.csv","TRACK_REPRODUCIBILITY","Research source, result metadata/table, server/tool source, or paper reproduction artifact."
"results/phase7c_calibration_component_parent_scores.csv","TRACK_REPRODUCIBILITY","Research source, result metadata/table, server/tool source, or paper reproduction artifact."
"results/phase7d_openset_threshold_grid.csv","TRACK_REPRODUCIBILITY","Research source, result metadata/table, server/tool source, or paper reproduction artifact."
"results/phase7d_stage1_parameter_grid.csv","TRACK_REPRODUCIBILITY","Research source, result metadata/table, server/tool source, or paper reproduction artifact."
"results/phase7f_graph_beta_grid.csv","TRACK_REPRODUCIBILITY","Research source, result metadata/table, server/tool source, or paper reproduction artifact."
"results/phase7h_test_component_parent_scores.csv","TRACK_REPRODUCIBILITY","Research source, result metadata/table, server/tool source, or paper reproduction artifact."
"results/phase8b_baseline_ablation_table.csv","TRACK_REPRODUCIBILITY","Research source, result metadata/table, server/tool source, or paper reproduction artifact."
"results/phase8b_baseline_by_k.csv","TRACK_REPRODUCIBILITY","Research source, result metadata/table, server/tool source, or paper reproduction artifact."
"results/phase8c_leave_one_source_out.csv","TRACK_REPRODUCIBILITY","Research source, result metadata/table, server/tool source, or paper reproduction artifact."
"results/phase8c_query_source_clusters.csv","TRACK_REPRODUCIBILITY","Research source, result metadata/table, server/tool source, or paper reproduction artifact."
"results/phase9_environment_freeze.txt","TRACK_REPRODUCIBILITY","Research source, result metadata/table, server/tool source, or paper reproduction artifact."
"results/phase9c_concurrency_request_results.csv","TRACK_REPRODUCIBILITY","Research source, result metadata/table, server/tool source, or paper reproduction artifact."
"results/phase9c_concurrency_summary.csv","TRACK_REPRODUCIBILITY","Research source, result metadata/table, server/tool source, or paper reproduction artifact."
"results/phase9d_evidence_concurrency_summary.csv","TRACK_REPRODUCIBILITY","Research source, result metadata/table, server/tool source, or paper reproduction artifact."
"results/phase9d_evidence_request_results.csv","TRACK_REPRODUCIBILITY","Research source, result metadata/table, server/tool source, or paper reproduction artifact."
"results/phase9e3_concurrency_summary.csv","TRACK_REPRODUCIBILITY","Research source, result metadata/table, server/tool source, or paper reproduction artifact."
"results/phase9e3_request_results.csv","TRACK_REPRODUCIBILITY","Research source, result metadata/table, server/tool source, or paper reproduction artifact."
"results/phase9e_package_manifest.csv","TRACK_REPRODUCIBILITY","Research source, result metadata/table, server/tool source, or paper reproduction artifact."
"results/phase9f_gallery_scalability_requests.csv","TRACK_REPRODUCIBILITY","Research source, result metadata/table, server/tool source, or paper reproduction artifact."
"results/phase9f_gallery_scalability_settings.csv","TRACK_REPRODUCIBILITY","Research source, result metadata/table, server/tool source, or paper reproduction artifact."
"results/phase9f_gallery_scalability_summary.csv","TRACK_REPRODUCIBILITY","Research source, result metadata/table, server/tool source, or paper reproduction artifact."
"results/real_version_component_results.csv","TRACK_REPRODUCIBILITY","Research source, result metadata/table, server/tool source, or paper reproduction artifact."
"results/real_version_summary.csv","TRACK_REPRODUCIBILITY","Research source, result metadata/table, server/tool source, or paper reproduction artifact."
"results/release_cross_mod_duplicates.csv","TRACK_REPRODUCIBILITY","Research source, result metadata/table, server/tool source, or paper reproduction artifact."
"results/resource_reference_diagnostic.csv","TRACK_REPRODUCIBILITY","Research source, result metadata/table, server/tool source, or paper reproduction artifact."
"results/resource_reference_unresolved.csv","TRACK_REPRODUCIBILITY","Research source, result metadata/table, server/tool source, or paper reproduction artifact."
"server/phase9a_server.py","TRACK_REPRODUCIBILITY","Research source, result metadata/table, server/tool source, or paper reproduction artifact."
"server/phase9d_evidence_server.py","TRACK_REPRODUCIBILITY","Research source, result metadata/table, server/tool source, or paper reproduction artifact."
"server/phase9e3_package_server.py","TRACK_REPRODUCIBILITY","Research source, result metadata/table, server/tool source, or paper reproduction artifact."
"server/phase9f_scalability_server.py","TRACK_REPRODUCIBILITY","Research source, result metadata/table, server/tool source, or paper reproduction artifact."
"tools/phase3d/JavapBatch.java","TRACK_REPRODUCIBILITY","Research source, result metadata/table, server/tool source, or paper reproduction artifact."
